ISO-10303-21;
HEADER;
/* Generated by software containing ST-Developer
 * from STEP Tools, Inc. (www.steptools.com) 
 */
/* OPTION: using custom renumber hook */

FILE_DESCRIPTION(
/* description */ ('STEP AP242 Edition 2',
'CAx-IF Rec.Pracs.---Representation and Presentation of Product Manufa
cturing Information (PMI)---4.0---2014-10-13',
'CAx-IF Rec.Pracs.---3D Tessellated Geometry---0.4---2014-09-14','2;1',
'CAx-IF Rec.Pracs.---User Defined Attributes---1.5---2016-08-15'),
/* implementation_level */ '2;1');

FILE_NAME(
/* name */ '69978ce435ce29a8c72ba9e1',
/* time_stamp */ '2026-02-19T22:21:24Z',
/* author */ (''),
/* organization */ (''),
/* preprocessor_version */ 'ST-DEVELOPER v20',
/* originating_system */ 'ONSHAPE BY PTC INC, 1.210',
/* authorisation */ '  ');

FILE_SCHEMA (('AP242_MANAGED_MODEL_BASED_3D_ENGINEERING_MIM_LF { 1 0 10303 442 3 1 4 }'));
ENDSEC;

DATA;
#10=(
BOUNDED_SURFACE()
B_SPLINE_SURFACE(3,3,((#2574,#2575,#2576,#2577),(#2578,#2579,#2580,#2581),
(#2582,#2583,#2584,#2585),(#2586,#2587,#2588,#2589)),
 .SURF_OF_REVOLUTION.,.F.,.F.,.F.)
B_SPLINE_SURFACE_WITH_KNOTS((4,4),(4,4),(-5.903887366658E-18,0.978983445566964),
(0.,1.),.PIECEWISE_BEZIER_KNOTS.)
GEOMETRIC_REPRESENTATION_ITEM()
RATIONAL_B_SPLINE_SURFACE(((1.,0.729235910195445,0.729235910195445,1.),
(1.,0.729235910195445,0.729235910195445,1.),(1.,0.729235910195445,0.729235910195445,
1.),(1.,0.729235910195445,0.729235910195445,1.)))
REPRESENTATION_ITEM('')
SURFACE()
);
#11=(
BOUNDED_SURFACE()
B_SPLINE_SURFACE(3,3,((#2683,#2684,#2685,#2686),(#2687,#2688,#2689,#2690),
(#2691,#2692,#2693,#2694),(#2695,#2696,#2697,#2698)),
 .SURF_OF_REVOLUTION.,.F.,.F.,.F.)
B_SPLINE_SURFACE_WITH_KNOTS((4,4),(4,4),(-4.72117603972599E-18,0.977785934896368),
(0.,1.),.PIECEWISE_BEZIER_KNOTS.)
GEOMETRIC_REPRESENTATION_ITEM()
RATIONAL_B_SPLINE_SURFACE(((1.,0.730030928587565,0.730030928587565,1.),
(1.,0.730030928587565,0.730030928587565,1.),(1.,0.730030928587565,0.730030928587565,
1.),(1.,0.730030928587565,0.730030928587565,1.)))
REPRESENTATION_ITEM('')
SURFACE()
);
#12=(
BOUNDED_SURFACE()
B_SPLINE_SURFACE(3,3,((#2844,#2845,#2846,#2847),(#2848,#2849,#2850,#2851),
(#2852,#2853,#2854,#2855),(#2856,#2857,#2858,#2859)),
 .SURF_OF_REVOLUTION.,.F.,.F.,.F.)
B_SPLINE_SURFACE_WITH_KNOTS((4,4),(4,4),(-1.69136453262897E-17,0.978523690367435),
(0.,1.),.PIECEWISE_BEZIER_KNOTS.)
GEOMETRIC_REPRESENTATION_ITEM()
RATIONAL_B_SPLINE_SURFACE(((1.,0.729544399845233,0.729544399845233,1.),
(1.,0.729544399845233,0.729544399845233,1.),(1.,0.729544399845233,0.729544399845233,
1.),(1.,0.729544399845233,0.729544399845233,1.)))
REPRESENTATION_ITEM('')
SURFACE()
);
#13=SHAPE_REPRESENTATION_RELATIONSHIP('','',#1545,#17);
#14=SHAPE_REPRESENTATION_RELATIONSHIP('','',#1546,#18);
#15=SHAPE_REPRESENTATION_RELATIONSHIP('','',#1547,#19);
#16=SHAPE_REPRESENTATION_RELATIONSHIP('','',#1548,#20);
#17=ADVANCED_BREP_SHAPE_REPRESENTATION('',(#1537),#2880);
#18=ADVANCED_BREP_SHAPE_REPRESENTATION('',(#1538),#2881);
#19=ADVANCED_BREP_SHAPE_REPRESENTATION('',(#1539),#2882);
#20=ADVANCED_BREP_SHAPE_REPRESENTATION('',(#1540),#2883);
#21=B_SPLINE_SURFACE_WITH_KNOTS('',3,3,((#2319,#2320,#2321,#2322,#2323,
#2324,#2325,#2326,#2327,#2328,#2329,#2330,#2331,#2332,#2333,#2334,#2335,
#2336,#2337),(#2338,#2339,#2340,#2341,#2342,#2343,#2344,#2345,#2346,#2347,
#2348,#2349,#2350,#2351,#2352,#2353,#2354,#2355,#2356),(#2357,#2358,#2359,
#2360,#2361,#2362,#2363,#2364,#2365,#2366,#2367,#2368,#2369,#2370,#2371,
#2372,#2373,#2374,#2375),(#2376,#2377,#2378,#2379,#2380,#2381,#2382,#2383,
#2384,#2385,#2386,#2387,#2388,#2389,#2390,#2391,#2392,#2393,#2394)),
 .UNSPECIFIED.,.F.,.T.,.F.,(4,4),(1,1,1,1,1,1,1,1,1,1,1,1,1,1,1,1,1,1,1,
1,1,1,1),(-1.69136453262897E-17,1.),(-1.17809724509617,-0.785398163397448,
-0.392699081698725,0.,0.392699081698724,0.785398163397448,1.17809724509617,
1.5707963267949,1.96349540849362,2.35619449019234,2.74889357189107,3.14159265358979,
3.53429173528852,3.92699081698724,4.31968989868597,4.71238898038469,5.10508806208341,
5.49778714378214,5.89048622548086,6.28318530717959,6.67588438887831,7.06858347057703,
7.46128255227576),.UNSPECIFIED.);
#22=CONICAL_SURFACE('',#1560,0.009,0.785398163397452);
#23=CONICAL_SURFACE('',#1565,0.011,0.785398163397448);
#24=CONICAL_SURFACE('',#1570,0.009,0.785398163397448);
#25=CONICAL_SURFACE('',#1592,0.009,0.785398163397448);
#26=CONICAL_SURFACE('',#1606,0.009,0.785398163397448);
#27=CONICAL_SURFACE('',#1608,0.011,0.785398163397448);
#28=CONICAL_SURFACE('',#1612,0.009,0.785398163397448);
#29=CONICAL_SURFACE('',#1636,0.009,0.785398163397448);
#30=CONICAL_SURFACE('',#1645,0.009,0.785398163397452);
#31=CONICAL_SURFACE('',#1649,0.011,0.785398163397448);
#32=CONICAL_SURFACE('',#1659,0.009,0.785398163397448);
#33=CONICAL_SURFACE('',#1671,0.011,0.785398163397448);
#34=CONICAL_SURFACE('',#1672,0.009,0.785398163397448);
#35=CONICAL_SURFACE('',#1697,0.009,0.785398163397448);
#36=CYLINDRICAL_SURFACE('',#1558,0.002075);
#37=CYLINDRICAL_SURFACE('',#1563,0.011);
#38=CYLINDRICAL_SURFACE('',#1567,0.019);
#39=CYLINDRICAL_SURFACE('',#1572,0.009);
#40=CYLINDRICAL_SURFACE('',#1576,0.002075);
#41=CYLINDRICAL_SURFACE('',#1580,0.002075);
#42=CYLINDRICAL_SURFACE('',#1590,0.019);
#43=CYLINDRICAL_SURFACE('',#1594,0.009);
#44=CYLINDRICAL_SURFACE('',#1595,0.002075);
#45=CYLINDRICAL_SURFACE('',#1602,0.002075);
#46=CYLINDRICAL_SURFACE('',#1603,0.011);
#47=CYLINDRICAL_SURFACE('',#1610,0.019);
#48=CYLINDRICAL_SURFACE('',#1614,0.009);
#49=CYLINDRICAL_SURFACE('',#1616,0.002075);
#50=CYLINDRICAL_SURFACE('',#1625,0.002075);
#51=CYLINDRICAL_SURFACE('',#1627,0.002075);
#52=CYLINDRICAL_SURFACE('',#1632,0.009);
#53=CYLINDRICAL_SURFACE('',#1638,0.019);
#54=CYLINDRICAL_SURFACE('',#1644,0.00105);
#55=CYLINDRICAL_SURFACE('',#1647,0.011);
#56=CYLINDRICAL_SURFACE('',#1655,0.009);
#57=CYLINDRICAL_SURFACE('',#1661,0.019);
#58=CYLINDRICAL_SURFACE('',#1664,0.002075);
#59=CYLINDRICAL_SURFACE('',#1668,0.011);
#60=CYLINDRICAL_SURFACE('',#1674,0.002075);
#61=CYLINDRICAL_SURFACE('',#1678,0.00105);
#62=CYLINDRICAL_SURFACE('',#1688,0.002075);
#63=CYLINDRICAL_SURFACE('',#1690,0.002075);
#64=CYLINDRICAL_SURFACE('',#1695,0.009);
#65=CYLINDRICAL_SURFACE('',#1699,0.019);
#66=CYLINDRICAL_SURFACE('',#1703,0.00105);
#67=CIRCLE('',#1555,0.002);
#68=CIRCLE('',#1557,0.002075);
#69=CIRCLE('',#1559,0.002075);
#70=CIRCLE('',#1561,0.009);
#71=CIRCLE('',#1562,0.011);
#72=CIRCLE('',#1564,0.011);
#73=CIRCLE('',#1566,0.009);
#74=CIRCLE('',#1568,0.019);
#75=CIRCLE('',#1569,0.019);
#76=CIRCLE('',#1571,0.009);
#77=CIRCLE('',#1573,0.009);
#78=CIRCLE('',#1575,0.002075);
#79=CIRCLE('',#1577,0.002075);
#80=CIRCLE('',#1579,0.002075);
#81=CIRCLE('',#1581,0.002075);
#82=CIRCLE('',#1583,0.002075);
#83=CIRCLE('',#1584,0.009);
#84=CIRCLE('',#1585,0.002075);
#85=CIRCLE('',#1586,0.002075);
#86=CIRCLE('',#1587,0.009);
#87=CIRCLE('',#1588,0.019);
#88=CIRCLE('',#1589,0.019);
#89=CIRCLE('',#1591,0.019);
#90=CIRCLE('',#1593,0.009);
#91=CIRCLE('',#1596,0.002075);
#92=CIRCLE('',#1601,0.002075);
#93=CIRCLE('',#1604,0.011);
#94=CIRCLE('',#1605,0.011);
#95=CIRCLE('',#1607,0.009);
#96=CIRCLE('',#1609,0.009);
#97=CIRCLE('',#1611,0.019);
#98=CIRCLE('',#1613,0.009);
#99=CIRCLE('',#1617,0.002075);
#100=CIRCLE('',#1622,0.00105);
#101=CIRCLE('',#1623,0.002075);
#102=CIRCLE('',#1624,0.002075);
#103=CIRCLE('',#1626,0.002075);
#104=CIRCLE('',#1628,0.002075);
#105=CIRCLE('',#1630,0.009);
#106=CIRCLE('',#1633,0.009);
#107=CIRCLE('',#1634,0.009);
#108=CIRCLE('',#1635,0.009);
#109=CIRCLE('',#1637,0.019);
#110=CIRCLE('',#1639,0.019);
#111=CIRCLE('',#1642,0.00105);
#112=CIRCLE('',#1646,0.011);
#113=CIRCLE('',#1648,0.011);
#114=CIRCLE('',#1653,0.009);
#115=CIRCLE('',#1654,0.002075);
#116=CIRCLE('',#1656,0.009);
#117=CIRCLE('',#1657,0.009);
#118=CIRCLE('',#1658,0.009);
#119=CIRCLE('',#1660,0.019);
#120=CIRCLE('',#1662,0.019);
#121=CIRCLE('',#1665,0.002075);
#122=CIRCLE('',#1667,0.002075);
#123=CIRCLE('',#1669,0.011);
#124=CIRCLE('',#1670,0.011);
#125=CIRCLE('',#1675,0.002075);
#126=CIRCLE('',#1677,0.00105);
#127=CIRCLE('',#1679,0.00105);
#128=CIRCLE('',#1685,0.00105);
#129=CIRCLE('',#1686,0.002075);
#130=CIRCLE('',#1687,0.002075);
#131=CIRCLE('',#1689,0.002075);
#132=CIRCLE('',#1691,0.002075);
#133=CIRCLE('',#1694,0.009);
#134=CIRCLE('',#1696,0.009);
#135=CIRCLE('',#1698,0.019);
#136=CIRCLE('',#1700,0.019);
#137=CIRCLE('',#1702,0.00105);
#138=B_SPLINE_CURVE_WITH_KNOTS('',3,(#2148,#2149,#2150,#2151),
 .UNSPECIFIED.,.F.,.F.,(4,4),(0.0364681630917853,0.05072443063814),
 .UNSPECIFIED.);
#139=B_SPLINE_CURVE_WITH_KNOTS('',3,(#2155,#2156,#2157,#2158,#2159,#2160,
#2161,#2162,#2163,#2164,#2165),.UNSPECIFIED.,.F.,.F.,(4,1,1,1,1,1,1,1,4),
(0.,0.0030940707917992,0.00618814158359839,0.00928221237539759,0.0123762831671968,
0.015470353958996,0.0185644247507952,0.0216584955425944,0.0247525663343936),
 .UNSPECIFIED.);
#140=B_SPLINE_CURVE_WITH_KNOTS('',3,(#2172,#2173,#2174,#2175,#2176,#2177,
#2178,#2179,#2180,#2181,#2182),.UNSPECIFIED.,.F.,.F.,(4,1,1,1,1,1,1,1,4),
(0.,0.0031074040201962,0.0062148080403924,0.00932221206058861,0.0124296160807848,
0.015537020100981,0.0186444241211772,0.0217518281413734,0.0248592321615696),
 .UNSPECIFIED.);
#141=B_SPLINE_CURVE_WITH_KNOTS('',3,(#2186,#2187,#2188,#2189),
 .UNSPECIFIED.,.F.,.F.,(4,4),(0.0363741272020634,0.0506221261896521),
 .UNSPECIFIED.);
#142=B_SPLINE_CURVE_WITH_KNOTS('',3,(#2193,#2194,#2195,#2196),
 .UNSPECIFIED.,.F.,.F.,(4,4),(2.86277786765035E-7,0.00287114026357862),
 .UNSPECIFIED.);
#143=B_SPLINE_CURVE_WITH_KNOTS('',3,(#2200,#2201,#2202,#2203),
 .UNSPECIFIED.,.F.,.F.,(4,4),(2.88084658581218E-7,0.00287114207045043),
 .UNSPECIFIED.);
#144=B_SPLINE_CURVE_WITH_KNOTS('',3,(#2230,#2231,#2232,#2233),
 .UNSPECIFIED.,.F.,.F.,(4,4),(2.86226136999494E-7,0.00287049562711551),
 .UNSPECIFIED.);
#145=B_SPLINE_CURVE_WITH_KNOTS('',3,(#2237,#2238,#2239,#2240),
 .UNSPECIFIED.,.F.,.F.,(4,4),(2.88004167778888E-7,0.00287049740514629),
 .UNSPECIFIED.);
#146=B_SPLINE_CURVE_WITH_KNOTS('',3,(#2244,#2245,#2246,#2247),
 .UNSPECIFIED.,.F.,.F.,(4,4),(9.93629985405767E-7,0.0142604819281563),
 .UNSPECIFIED.);
#147=B_SPLINE_CURVE_WITH_KNOTS('',3,(#2251,#2252,#2253,#2254,#2255,#2256,
#2257,#2258,#2259),.UNSPECIFIED.,.F.,.F.,(4,1,1,1,1,1,4),(0.0275358270556179,
0.030635195997633,0.0337345649396482,0.0368339338816634,0.0399333028236786,
0.0461320407077089,0.0523307785917393),.UNSPECIFIED.);
#148=B_SPLINE_CURVE_WITH_KNOTS('',3,(#2395,#2396,#2397,#2398,#2399,#2400,
#2401,#2402,#2403,#2404),.UNSPECIFIED.,.F.,.F.,(4,1,1,1,1,1,1,4),(0.,0.0030994118187104,
0.0061988236374208,0.0092982354561312,0.0123976472748416,0.015497059093552,
0.0185964709122624,0.0247952945496832),.UNSPECIFIED.);
#149=B_SPLINE_CURVE_WITH_KNOTS('',3,(#2408,#2409,#2410,#2411,#2412,#2413,
#2414,#2415,#2416,#2417,#2418),.UNSPECIFIED.,.F.,.F.,(4,1,1,1,1,1,1,1,4),
(0.00235309262704889,0.00544967158960654,0.0085462505521642,0.0116428295147218,
0.0147394084772795,0.0178359874398372,0.0209325664023948,0.0240291453649525,
0.0271257243275101),.UNSPECIFIED.);
#150=B_SPLINE_CURVE_WITH_KNOTS('',3,(#2419,#2420,#2421,#2422,#2423,#2424,
#2425,#2426,#2427,#2428),.UNSPECIFIED.,.F.,.F.,(4,1,1,1,1,1,1,4),(0.,0.00309296801681535,
0.0061859360336307,0.00927890405044605,0.0123718720672614,0.0154648400840768,
0.0185578081008921,0.0247437441345228),.UNSPECIFIED.);
#151=B_SPLINE_CURVE_WITH_KNOTS('',3,(#2441,#2442,#2443,#2444),
 .UNSPECIFIED.,.F.,.F.,(4,4),(0.011113304116591,0.0254301998047164),
 .UNSPECIFIED.);
#152=B_SPLINE_CURVE_WITH_KNOTS('',3,(#2445,#2446,#2447,#2448),
 .UNSPECIFIED.,.F.,.F.,(4,4),(0.0230337297419121,0.0374049144392913),
 .UNSPECIFIED.);
#153=B_SPLINE_CURVE_WITH_KNOTS('',3,(#2491,#2492,#2493,#2494),
 .UNSPECIFIED.,.F.,.F.,(4,4),(9.93681837633626E-7,0.0142622391865109),
 .UNSPECIFIED.);
#154=B_SPLINE_CURVE_WITH_KNOTS('',3,(#2557,#2558,#2559,#2560),
 .UNSPECIFIED.,.F.,.F.,(4,4),(0.0230337297419121,0.0374049144392913),
 .UNSPECIFIED.);
#155=B_SPLINE_CURVE_WITH_KNOTS('',3,(#2564,#2565,#2566,#2567),
 .UNSPECIFIED.,.F.,.F.,(4,4),(0.0363741272020634,0.0506221261896521),
 .UNSPECIFIED.);
#156=B_SPLINE_CURVE_WITH_KNOTS('',3,(#2590,#2591,#2592,#2593,#2594,#2595,
#2596,#2597,#2598,#2599),.UNSPECIFIED.,.F.,.F.,(4,1,1,1,1,1,1,4),(0.,0.00309296801681535,
0.0061859360336307,0.00927890405044605,0.0123718720672614,0.0154648400840768,
0.0185578081008921,0.0247437441345228),.UNSPECIFIED.);
#157=B_SPLINE_CURVE_WITH_KNOTS('',3,(#2601,#2602,#2603,#2604,#2605,#2606,
#2607,#2608,#2609,#2610,#2611),.UNSPECIFIED.,.F.,.F.,(4,1,1,1,1,1,1,1,4),
(0.,0.0031074040201962,0.00621480804039241,0.00932221206058861,0.0124296160807848,
0.015537020100981,0.0186444241211772,0.0217518281413734,0.0248592321615696),
 .UNSPECIFIED.);
#158=B_SPLINE_CURVE_WITH_KNOTS('',3,(#2614,#2615,#2616,#2617),
 .UNSPECIFIED.,.F.,.F.,(4,4),(2.88084658581218E-7,0.00287114207045043),
 .UNSPECIFIED.);
#159=B_SPLINE_CURVE_WITH_KNOTS('',3,(#2621,#2622,#2623,#2624),
 .UNSPECIFIED.,.F.,.F.,(4,4),(2.86277786765035E-7,0.00287114026357862),
 .UNSPECIFIED.);
#160=B_SPLINE_CURVE_WITH_KNOTS('',3,(#2666,#2667,#2668,#2669),
 .UNSPECIFIED.,.F.,.F.,(4,4),(0.011113304116591,0.0254301998047164),
 .UNSPECIFIED.);
#161=B_SPLINE_CURVE_WITH_KNOTS('',3,(#2671,#2672,#2673,#2674),
 .UNSPECIFIED.,.F.,.F.,(4,4),(9.93629985405767E-7,0.0142604819281563),
 .UNSPECIFIED.);
#162=B_SPLINE_CURVE_WITH_KNOTS('',3,(#2699,#2700,#2701,#2702,#2703,#2704,
#2705,#2706,#2707,#2708),.UNSPECIFIED.,.F.,.F.,(4,1,1,1,1,1,1,4),(0.,0.00309941181870892,
0.00619882363741784,0.00929823545612676,0.0123976472748357,0.0154970590935446,
0.0185964709122535,0.0247952945496714),.UNSPECIFIED.);
#163=B_SPLINE_CURVE_WITH_KNOTS('',3,(#2710,#2711,#2712,#2713,#2714,#2715,
#2716,#2717,#2718),.UNSPECIFIED.,.F.,.F.,(4,1,1,1,1,1,4),(0.0275358270555938,
0.030635195997612,0.0337345649396302,0.0368339338816484,0.0399333028236666,
0.0461320407077029,0.0523307785917393),.UNSPECIFIED.);
#164=B_SPLINE_CURVE_WITH_KNOTS('',3,(#2747,#2748,#2749,#2750),
 .UNSPECIFIED.,.F.,.F.,(4,4),(2.88004167778888E-7,0.00287049740514629),
 .UNSPECIFIED.);
#165=B_SPLINE_CURVE_WITH_KNOTS('',3,(#2753,#2754,#2755,#2756),
 .UNSPECIFIED.,.F.,.F.,(4,4),(2.86226136999494E-7,0.00287049562711551),
 .UNSPECIFIED.);
#166=B_SPLINE_CURVE_WITH_KNOTS('',3,(#2779,#2780,#2781,#2782,#2783,#2784,
#2785,#2786,#2787,#2788,#2789),.UNSPECIFIED.,.F.,.F.,(4,1,1,1,1,1,1,1,4),
(0.,0.0030940707917992,0.00618814158359839,0.00928221237539759,0.0123762831671968,
0.015470353958996,0.0185644247507952,0.0216584955425944,0.0247525663343936),
 .UNSPECIFIED.);
#167=B_SPLINE_CURVE_WITH_KNOTS('',3,(#2793,#2794,#2795,#2796),
 .UNSPECIFIED.,.F.,.F.,(4,4),(0.0364681630917853,0.05072443063814),
 .UNSPECIFIED.);
#168=B_SPLINE_CURVE_WITH_KNOTS('',3,(#2836,#2837,#2838,#2839),
 .UNSPECIFIED.,.F.,.F.,(4,4),(9.93681837633626E-7,0.0142622391865109),
 .UNSPECIFIED.);
#169=B_SPLINE_CURVE_WITH_KNOTS('',3,(#2860,#2861,#2862,#2863,#2864,#2865,
#2866,#2867,#2868,#2869,#2870),.UNSPECIFIED.,.F.,.F.,(4,1,1,1,1,1,1,1,4),
(0.00235309262704889,0.00544967158960654,0.00854625055216419,0.0116428295147218,
0.0147394084772795,0.0178359874398372,0.0209325664023948,0.0240291453649525,
0.0271257243275101),.UNSPECIFIED.);
#170=ORIENTED_EDGE('',*,*,#604,.F.);
#171=ORIENTED_EDGE('',*,*,#605,.F.);
#172=ORIENTED_EDGE('',*,*,#606,.F.);
#173=ORIENTED_EDGE('',*,*,#607,.T.);
#174=ORIENTED_EDGE('',*,*,#608,.F.);
#175=ORIENTED_EDGE('',*,*,#609,.F.);
#176=ORIENTED_EDGE('',*,*,#610,.F.);
#177=ORIENTED_EDGE('',*,*,#611,.T.);
#178=ORIENTED_EDGE('',*,*,#612,.T.);
#179=ORIENTED_EDGE('',*,*,#613,.T.);
#180=ORIENTED_EDGE('',*,*,#614,.T.);
#181=ORIENTED_EDGE('',*,*,#615,.T.);
#182=ORIENTED_EDGE('',*,*,#616,.F.);
#183=ORIENTED_EDGE('',*,*,#617,.F.);
#184=ORIENTED_EDGE('',*,*,#618,.F.);
#185=ORIENTED_EDGE('',*,*,#619,.T.);
#186=ORIENTED_EDGE('',*,*,#620,.F.);
#187=ORIENTED_EDGE('',*,*,#621,.T.);
#188=ORIENTED_EDGE('',*,*,#622,.F.);
#189=ORIENTED_EDGE('',*,*,#623,.T.);
#190=ORIENTED_EDGE('',*,*,#624,.T.);
#191=ORIENTED_EDGE('',*,*,#625,.T.);
#192=ORIENTED_EDGE('',*,*,#626,.F.);
#193=ORIENTED_EDGE('',*,*,#627,.T.);
#194=ORIENTED_EDGE('',*,*,#628,.F.);
#195=ORIENTED_EDGE('',*,*,#629,.T.);
#196=ORIENTED_EDGE('',*,*,#630,.T.);
#197=ORIENTED_EDGE('',*,*,#631,.F.);
#198=ORIENTED_EDGE('',*,*,#632,.T.);
#199=ORIENTED_EDGE('',*,*,#633,.T.);
#200=ORIENTED_EDGE('',*,*,#634,.T.);
#201=ORIENTED_EDGE('',*,*,#635,.F.);
#202=ORIENTED_EDGE('',*,*,#636,.T.);
#203=ORIENTED_EDGE('',*,*,#637,.F.);
#204=ORIENTED_EDGE('',*,*,#638,.T.);
#205=ORIENTED_EDGE('',*,*,#639,.F.);
#206=ORIENTED_EDGE('',*,*,#640,.F.);
#207=ORIENTED_EDGE('',*,*,#641,.F.);
#208=ORIENTED_EDGE('',*,*,#642,.T.);
#209=ORIENTED_EDGE('',*,*,#643,.T.);
#210=ORIENTED_EDGE('',*,*,#644,.T.);
#211=ORIENTED_EDGE('',*,*,#645,.F.);
#212=ORIENTED_EDGE('',*,*,#646,.F.);
#213=ORIENTED_EDGE('',*,*,#647,.T.);
#214=ORIENTED_EDGE('',*,*,#626,.T.);
#215=ORIENTED_EDGE('',*,*,#625,.F.);
#216=ORIENTED_EDGE('',*,*,#648,.T.);
#217=ORIENTED_EDGE('',*,*,#627,.F.);
#218=ORIENTED_EDGE('',*,*,#647,.F.);
#219=ORIENTED_EDGE('',*,*,#649,.F.);
#220=ORIENTED_EDGE('',*,*,#622,.T.);
#221=ORIENTED_EDGE('',*,*,#650,.T.);
#222=ORIENTED_EDGE('',*,*,#644,.F.);
#223=ORIENTED_EDGE('',*,*,#621,.F.);
#224=ORIENTED_EDGE('',*,*,#651,.T.);
#225=ORIENTED_EDGE('',*,*,#645,.T.);
#226=ORIENTED_EDGE('',*,*,#650,.F.);
#227=ORIENTED_EDGE('',*,*,#651,.F.);
#228=ORIENTED_EDGE('',*,*,#620,.T.);
#229=ORIENTED_EDGE('',*,*,#652,.T.);
#230=ORIENTED_EDGE('',*,*,#642,.F.);
#231=ORIENTED_EDGE('',*,*,#612,.F.);
#232=ORIENTED_EDGE('',*,*,#653,.F.);
#233=ORIENTED_EDGE('',*,*,#617,.T.);
#234=ORIENTED_EDGE('',*,*,#654,.T.);
#235=ORIENTED_EDGE('',*,*,#611,.F.);
#236=ORIENTED_EDGE('',*,*,#655,.F.);
#237=ORIENTED_EDGE('',*,*,#618,.T.);
#238=ORIENTED_EDGE('',*,*,#653,.T.);
#239=ORIENTED_EDGE('',*,*,#655,.T.);
#240=ORIENTED_EDGE('',*,*,#610,.T.);
#241=ORIENTED_EDGE('',*,*,#656,.T.);
#242=ORIENTED_EDGE('',*,*,#623,.F.);
#243=ORIENTED_EDGE('',*,*,#649,.T.);
#244=ORIENTED_EDGE('',*,*,#643,.F.);
#245=ORIENTED_EDGE('',*,*,#652,.F.);
#246=ORIENTED_EDGE('',*,*,#619,.F.);
#247=ORIENTED_EDGE('',*,*,#607,.F.);
#248=ORIENTED_EDGE('',*,*,#657,.T.);
#249=ORIENTED_EDGE('',*,*,#658,.T.);
#250=ORIENTED_EDGE('',*,*,#608,.T.);
#251=ORIENTED_EDGE('',*,*,#657,.F.);
#252=ORIENTED_EDGE('',*,*,#606,.T.);
#253=ORIENTED_EDGE('',*,*,#659,.T.);
#254=ORIENTED_EDGE('',*,*,#631,.T.);
#255=ORIENTED_EDGE('',*,*,#630,.F.);
#256=ORIENTED_EDGE('',*,*,#660,.T.);
#257=ORIENTED_EDGE('',*,*,#632,.F.);
#258=ORIENTED_EDGE('',*,*,#659,.F.);
#259=ORIENTED_EDGE('',*,*,#629,.F.);
#260=ORIENTED_EDGE('',*,*,#661,.F.);
#261=ORIENTED_EDGE('',*,*,#662,.F.);
#262=ORIENTED_EDGE('',*,*,#663,.F.);
#263=ORIENTED_EDGE('',*,*,#664,.F.);
#264=ORIENTED_EDGE('',*,*,#665,.T.);
#265=ORIENTED_EDGE('',*,*,#666,.F.);
#266=ORIENTED_EDGE('',*,*,#667,.T.);
#267=ORIENTED_EDGE('',*,*,#614,.F.);
#268=ORIENTED_EDGE('',*,*,#648,.F.);
#269=ORIENTED_EDGE('',*,*,#624,.F.);
#270=ORIENTED_EDGE('',*,*,#656,.F.);
#271=ORIENTED_EDGE('',*,*,#609,.T.);
#272=ORIENTED_EDGE('',*,*,#658,.F.);
#273=ORIENTED_EDGE('',*,*,#605,.T.);
#274=ORIENTED_EDGE('',*,*,#668,.T.);
#275=ORIENTED_EDGE('',*,*,#669,.F.);
#276=ORIENTED_EDGE('',*,*,#670,.T.);
#277=ORIENTED_EDGE('',*,*,#671,.F.);
#278=ORIENTED_EDGE('',*,*,#633,.F.);
#279=ORIENTED_EDGE('',*,*,#660,.F.);
#280=ORIENTED_EDGE('',*,*,#672,.T.);
#281=ORIENTED_EDGE('',*,*,#641,.T.);
#282=ORIENTED_EDGE('',*,*,#673,.F.);
#283=ORIENTED_EDGE('',*,*,#674,.F.);
#284=ORIENTED_EDGE('',*,*,#613,.F.);
#285=ORIENTED_EDGE('',*,*,#654,.F.);
#286=ORIENTED_EDGE('',*,*,#616,.T.);
#287=ORIENTED_EDGE('',*,*,#675,.F.);
#288=ORIENTED_EDGE('',*,*,#676,.F.);
#289=ORIENTED_EDGE('',*,*,#646,.T.);
#290=ORIENTED_EDGE('',*,*,#677,.F.);
#291=ORIENTED_EDGE('',*,*,#678,.T.);
#292=ORIENTED_EDGE('',*,*,#676,.T.);
#293=ORIENTED_EDGE('',*,*,#679,.F.);
#294=ORIENTED_EDGE('',*,*,#680,.F.);
#295=ORIENTED_EDGE('',*,*,#681,.T.);
#296=ORIENTED_EDGE('',*,*,#677,.T.);
#297=ORIENTED_EDGE('',*,*,#682,.F.);
#298=ORIENTED_EDGE('',*,*,#683,.F.);
#299=ORIENTED_EDGE('',*,*,#680,.T.);
#300=ORIENTED_EDGE('',*,*,#684,.T.);
#301=ORIENTED_EDGE('',*,*,#664,.T.);
#302=ORIENTED_EDGE('',*,*,#666,.T.);
#303=ORIENTED_EDGE('',*,*,#685,.T.);
#304=ORIENTED_EDGE('',*,*,#686,.F.);
#305=ORIENTED_EDGE('',*,*,#687,.T.);
#306=ORIENTED_EDGE('',*,*,#688,.F.);
#307=ORIENTED_EDGE('',*,*,#686,.T.);
#308=ORIENTED_EDGE('',*,*,#688,.T.);
#309=ORIENTED_EDGE('',*,*,#685,.F.);
#310=ORIENTED_EDGE('',*,*,#665,.F.);
#311=ORIENTED_EDGE('',*,*,#684,.F.);
#312=ORIENTED_EDGE('',*,*,#682,.T.);
#313=ORIENTED_EDGE('',*,*,#679,.T.);
#314=ORIENTED_EDGE('',*,*,#675,.T.);
#315=ORIENTED_EDGE('',*,*,#615,.F.);
#316=ORIENTED_EDGE('',*,*,#667,.F.);
#317=ORIENTED_EDGE('',*,*,#687,.F.);
#318=ORIENTED_EDGE('',*,*,#663,.T.);
#319=ORIENTED_EDGE('',*,*,#689,.T.);
#320=ORIENTED_EDGE('',*,*,#690,.F.);
#321=ORIENTED_EDGE('',*,*,#691,.T.);
#322=ORIENTED_EDGE('',*,*,#661,.T.);
#323=ORIENTED_EDGE('',*,*,#628,.T.);
#324=ORIENTED_EDGE('',*,*,#672,.F.);
#325=ORIENTED_EDGE('',*,*,#678,.F.);
#326=ORIENTED_EDGE('',*,*,#681,.F.);
#327=ORIENTED_EDGE('',*,*,#683,.T.);
#328=ORIENTED_EDGE('',*,*,#692,.T.);
#329=ORIENTED_EDGE('',*,*,#690,.T.);
#330=ORIENTED_EDGE('',*,*,#689,.F.);
#331=ORIENTED_EDGE('',*,*,#662,.T.);
#332=ORIENTED_EDGE('',*,*,#691,.F.);
#333=ORIENTED_EDGE('',*,*,#692,.F.);
#334=ORIENTED_EDGE('',*,*,#636,.F.);
#335=ORIENTED_EDGE('',*,*,#693,.F.);
#336=ORIENTED_EDGE('',*,*,#694,.F.);
#337=ORIENTED_EDGE('',*,*,#695,.T.);
#338=ORIENTED_EDGE('',*,*,#693,.T.);
#339=ORIENTED_EDGE('',*,*,#635,.T.);
#340=ORIENTED_EDGE('',*,*,#696,.F.);
#341=ORIENTED_EDGE('',*,*,#697,.T.);
#342=ORIENTED_EDGE('',*,*,#698,.T.);
#343=ORIENTED_EDGE('',*,*,#637,.T.);
#344=ORIENTED_EDGE('',*,*,#695,.F.);
#345=ORIENTED_EDGE('',*,*,#699,.T.);
#346=ORIENTED_EDGE('',*,*,#673,.T.);
#347=ORIENTED_EDGE('',*,*,#640,.T.);
#348=ORIENTED_EDGE('',*,*,#700,.F.);
#349=ORIENTED_EDGE('',*,*,#701,.F.);
#350=ORIENTED_EDGE('',*,*,#700,.T.);
#351=ORIENTED_EDGE('',*,*,#639,.T.);
#352=ORIENTED_EDGE('',*,*,#702,.F.);
#353=ORIENTED_EDGE('',*,*,#703,.F.);
#354=ORIENTED_EDGE('',*,*,#634,.F.);
#355=ORIENTED_EDGE('',*,*,#671,.T.);
#356=ORIENTED_EDGE('',*,*,#704,.T.);
#357=ORIENTED_EDGE('',*,*,#702,.T.);
#358=ORIENTED_EDGE('',*,*,#638,.F.);
#359=ORIENTED_EDGE('',*,*,#698,.F.);
#360=ORIENTED_EDGE('',*,*,#705,.T.);
#361=ORIENTED_EDGE('',*,*,#696,.T.);
#362=ORIENTED_EDGE('',*,*,#694,.T.);
#363=ORIENTED_EDGE('',*,*,#697,.F.);
#364=ORIENTED_EDGE('',*,*,#705,.F.);
#365=ORIENTED_EDGE('',*,*,#699,.F.);
#366=ORIENTED_EDGE('',*,*,#669,.T.);
#367=ORIENTED_EDGE('',*,*,#706,.T.);
#368=ORIENTED_EDGE('',*,*,#707,.F.);
#369=ORIENTED_EDGE('',*,*,#708,.T.);
#370=ORIENTED_EDGE('',*,*,#709,.F.);
#371=ORIENTED_EDGE('',*,*,#707,.T.);
#372=ORIENTED_EDGE('',*,*,#668,.F.);
#373=ORIENTED_EDGE('',*,*,#604,.T.);
#374=ORIENTED_EDGE('',*,*,#674,.T.);
#375=ORIENTED_EDGE('',*,*,#701,.T.);
#376=ORIENTED_EDGE('',*,*,#703,.T.);
#377=ORIENTED_EDGE('',*,*,#704,.F.);
#378=ORIENTED_EDGE('',*,*,#670,.F.);
#379=ORIENTED_EDGE('',*,*,#708,.F.);
#380=ORIENTED_EDGE('',*,*,#709,.T.);
#381=ORIENTED_EDGE('',*,*,#706,.F.);
#382=ORIENTED_EDGE('',*,*,#710,.F.);
#383=ORIENTED_EDGE('',*,*,#711,.T.);
#384=ORIENTED_EDGE('',*,*,#712,.T.);
#385=ORIENTED_EDGE('',*,*,#713,.T.);
#386=ORIENTED_EDGE('',*,*,#714,.F.);
#387=ORIENTED_EDGE('',*,*,#715,.F.);
#388=ORIENTED_EDGE('',*,*,#716,.T.);
#389=ORIENTED_EDGE('',*,*,#717,.T.);
#390=ORIENTED_EDGE('',*,*,#713,.F.);
#391=ORIENTED_EDGE('',*,*,#718,.F.);
#392=ORIENTED_EDGE('',*,*,#711,.F.);
#393=ORIENTED_EDGE('',*,*,#719,.T.);
#394=ORIENTED_EDGE('',*,*,#720,.T.);
#395=ORIENTED_EDGE('',*,*,#721,.F.);
#396=ORIENTED_EDGE('',*,*,#722,.F.);
#397=ORIENTED_EDGE('',*,*,#723,.T.);
#398=ORIENTED_EDGE('',*,*,#716,.F.);
#399=ORIENTED_EDGE('',*,*,#724,.F.);
#400=ORIENTED_EDGE('',*,*,#720,.F.);
#401=ORIENTED_EDGE('',*,*,#725,.T.);
#402=ORIENTED_EDGE('',*,*,#726,.F.);
#403=ORIENTED_EDGE('',*,*,#727,.T.);
#404=ORIENTED_EDGE('',*,*,#728,.T.);
#405=ORIENTED_EDGE('',*,*,#729,.F.);
#406=ORIENTED_EDGE('',*,*,#730,.T.);
#407=ORIENTED_EDGE('',*,*,#731,.T.);
#408=ORIENTED_EDGE('',*,*,#732,.T.);
#409=ORIENTED_EDGE('',*,*,#722,.T.);
#410=ORIENTED_EDGE('',*,*,#727,.F.);
#411=ORIENTED_EDGE('',*,*,#733,.T.);
#412=ORIENTED_EDGE('',*,*,#734,.T.);
#413=ORIENTED_EDGE('',*,*,#735,.F.);
#414=ORIENTED_EDGE('',*,*,#734,.F.);
#415=ORIENTED_EDGE('',*,*,#736,.T.);
#416=ORIENTED_EDGE('',*,*,#737,.T.);
#417=ORIENTED_EDGE('',*,*,#738,.F.);
#418=ORIENTED_EDGE('',*,*,#737,.F.);
#419=ORIENTED_EDGE('',*,*,#739,.T.);
#420=ORIENTED_EDGE('',*,*,#740,.F.);
#421=ORIENTED_EDGE('',*,*,#741,.F.);
#422=ORIENTED_EDGE('',*,*,#725,.F.);
#423=ORIENTED_EDGE('',*,*,#719,.F.);
#424=ORIENTED_EDGE('',*,*,#714,.T.);
#425=ORIENTED_EDGE('',*,*,#717,.F.);
#426=ORIENTED_EDGE('',*,*,#723,.F.);
#427=ORIENTED_EDGE('',*,*,#732,.F.);
#428=ORIENTED_EDGE('',*,*,#742,.T.);
#429=ORIENTED_EDGE('',*,*,#743,.F.);
#430=ORIENTED_EDGE('',*,*,#744,.T.);
#431=ORIENTED_EDGE('',*,*,#728,.F.);
#432=ORIENTED_EDGE('',*,*,#735,.T.);
#433=ORIENTED_EDGE('',*,*,#738,.T.);
#434=ORIENTED_EDGE('',*,*,#740,.T.);
#435=ORIENTED_EDGE('',*,*,#745,.T.);
#436=ORIENTED_EDGE('',*,*,#746,.F.);
#437=ORIENTED_EDGE('',*,*,#747,.T.);
#438=ORIENTED_EDGE('',*,*,#748,.F.);
#439=ORIENTED_EDGE('',*,*,#730,.F.);
#440=ORIENTED_EDGE('',*,*,#710,.T.);
#441=ORIENTED_EDGE('',*,*,#745,.F.);
#442=ORIENTED_EDGE('',*,*,#742,.F.);
#443=ORIENTED_EDGE('',*,*,#731,.F.);
#444=ORIENTED_EDGE('',*,*,#748,.T.);
#445=ORIENTED_EDGE('',*,*,#749,.T.);
#446=ORIENTED_EDGE('',*,*,#750,.T.);
#447=ORIENTED_EDGE('',*,*,#743,.T.);
#448=ORIENTED_EDGE('',*,*,#749,.F.);
#449=ORIENTED_EDGE('',*,*,#747,.F.);
#450=ORIENTED_EDGE('',*,*,#744,.F.);
#451=ORIENTED_EDGE('',*,*,#750,.F.);
#452=ORIENTED_EDGE('',*,*,#746,.T.);
#453=ORIENTED_EDGE('',*,*,#729,.T.);
#454=ORIENTED_EDGE('',*,*,#712,.F.);
#455=ORIENTED_EDGE('',*,*,#718,.T.);
#456=ORIENTED_EDGE('',*,*,#724,.T.);
#457=ORIENTED_EDGE('',*,*,#741,.T.);
#458=ORIENTED_EDGE('',*,*,#739,.F.);
#459=ORIENTED_EDGE('',*,*,#736,.F.);
#460=ORIENTED_EDGE('',*,*,#733,.F.);
#461=ORIENTED_EDGE('',*,*,#726,.T.);
#462=ORIENTED_EDGE('',*,*,#721,.T.);
#463=ORIENTED_EDGE('',*,*,#715,.T.);
#464=ORIENTED_EDGE('',*,*,#751,.F.);
#465=ORIENTED_EDGE('',*,*,#752,.T.);
#466=ORIENTED_EDGE('',*,*,#753,.F.);
#467=ORIENTED_EDGE('',*,*,#754,.T.);
#468=ORIENTED_EDGE('',*,*,#755,.T.);
#469=ORIENTED_EDGE('',*,*,#756,.T.);
#470=ORIENTED_EDGE('',*,*,#751,.T.);
#471=ORIENTED_EDGE('',*,*,#757,.T.);
#472=ORIENTED_EDGE('',*,*,#758,.T.);
#473=ORIENTED_EDGE('',*,*,#759,.F.);
#474=ORIENTED_EDGE('',*,*,#760,.F.);
#475=ORIENTED_EDGE('',*,*,#761,.T.);
#476=ORIENTED_EDGE('',*,*,#762,.F.);
#477=ORIENTED_EDGE('',*,*,#755,.F.);
#478=ORIENTED_EDGE('',*,*,#763,.F.);
#479=ORIENTED_EDGE('',*,*,#764,.T.);
#480=ORIENTED_EDGE('',*,*,#765,.F.);
#481=ORIENTED_EDGE('',*,*,#764,.F.);
#482=ORIENTED_EDGE('',*,*,#766,.F.);
#483=ORIENTED_EDGE('',*,*,#767,.T.);
#484=ORIENTED_EDGE('',*,*,#768,.F.);
#485=ORIENTED_EDGE('',*,*,#767,.F.);
#486=ORIENTED_EDGE('',*,*,#769,.F.);
#487=ORIENTED_EDGE('',*,*,#752,.F.);
#488=ORIENTED_EDGE('',*,*,#756,.F.);
#489=ORIENTED_EDGE('',*,*,#762,.T.);
#490=ORIENTED_EDGE('',*,*,#765,.T.);
#491=ORIENTED_EDGE('',*,*,#768,.T.);
#492=ORIENTED_EDGE('',*,*,#770,.F.);
#493=ORIENTED_EDGE('',*,*,#771,.F.);
#494=ORIENTED_EDGE('',*,*,#772,.F.);
#495=ORIENTED_EDGE('',*,*,#773,.T.);
#496=ORIENTED_EDGE('',*,*,#774,.F.);
#497=ORIENTED_EDGE('',*,*,#753,.T.);
#498=ORIENTED_EDGE('',*,*,#774,.T.);
#499=ORIENTED_EDGE('',*,*,#775,.F.);
#500=ORIENTED_EDGE('',*,*,#776,.T.);
#501=ORIENTED_EDGE('',*,*,#777,.F.);
#502=ORIENTED_EDGE('',*,*,#771,.T.);
#503=ORIENTED_EDGE('',*,*,#778,.T.);
#504=ORIENTED_EDGE('',*,*,#779,.F.);
#505=ORIENTED_EDGE('',*,*,#780,.T.);
#506=ORIENTED_EDGE('',*,*,#781,.T.);
#507=ORIENTED_EDGE('',*,*,#782,.T.);
#508=ORIENTED_EDGE('',*,*,#781,.F.);
#509=ORIENTED_EDGE('',*,*,#783,.F.);
#510=ORIENTED_EDGE('',*,*,#760,.T.);
#511=ORIENTED_EDGE('',*,*,#784,.F.);
#512=ORIENTED_EDGE('',*,*,#758,.F.);
#513=ORIENTED_EDGE('',*,*,#785,.F.);
#514=ORIENTED_EDGE('',*,*,#779,.T.);
#515=ORIENTED_EDGE('',*,*,#786,.F.);
#516=ORIENTED_EDGE('',*,*,#782,.F.);
#517=ORIENTED_EDGE('',*,*,#784,.T.);
#518=ORIENTED_EDGE('',*,*,#759,.T.);
#519=ORIENTED_EDGE('',*,*,#786,.T.);
#520=ORIENTED_EDGE('',*,*,#787,.F.);
#521=ORIENTED_EDGE('',*,*,#772,.T.);
#522=ORIENTED_EDGE('',*,*,#777,.T.);
#523=ORIENTED_EDGE('',*,*,#788,.T.);
#524=ORIENTED_EDGE('',*,*,#773,.F.);
#525=ORIENTED_EDGE('',*,*,#787,.T.);
#526=ORIENTED_EDGE('',*,*,#789,.F.);
#527=ORIENTED_EDGE('',*,*,#775,.T.);
#528=ORIENTED_EDGE('',*,*,#790,.F.);
#529=ORIENTED_EDGE('',*,*,#790,.T.);
#530=ORIENTED_EDGE('',*,*,#791,.F.);
#531=ORIENTED_EDGE('',*,*,#791,.T.);
#532=ORIENTED_EDGE('',*,*,#778,.F.);
#533=ORIENTED_EDGE('',*,*,#770,.T.);
#534=ORIENTED_EDGE('',*,*,#769,.T.);
#535=ORIENTED_EDGE('',*,*,#766,.T.);
#536=ORIENTED_EDGE('',*,*,#763,.T.);
#537=ORIENTED_EDGE('',*,*,#761,.F.);
#538=ORIENTED_EDGE('',*,*,#783,.T.);
#539=ORIENTED_EDGE('',*,*,#780,.F.);
#540=ORIENTED_EDGE('',*,*,#785,.T.);
#541=ORIENTED_EDGE('',*,*,#757,.F.);
#542=ORIENTED_EDGE('',*,*,#754,.F.);
#543=ORIENTED_EDGE('',*,*,#776,.F.);
#544=ORIENTED_EDGE('',*,*,#789,.T.);
#545=ORIENTED_EDGE('',*,*,#788,.F.);
#546=ORIENTED_EDGE('',*,*,#792,.T.);
#547=ORIENTED_EDGE('',*,*,#793,.T.);
#548=ORIENTED_EDGE('',*,*,#794,.F.);
#549=ORIENTED_EDGE('',*,*,#795,.F.);
#550=ORIENTED_EDGE('',*,*,#796,.F.);
#551=ORIENTED_EDGE('',*,*,#797,.T.);
#552=ORIENTED_EDGE('',*,*,#798,.T.);
#553=ORIENTED_EDGE('',*,*,#799,.T.);
#554=ORIENTED_EDGE('',*,*,#800,.F.);
#555=ORIENTED_EDGE('',*,*,#801,.T.);
#556=ORIENTED_EDGE('',*,*,#802,.F.);
#557=ORIENTED_EDGE('',*,*,#803,.T.);
#558=ORIENTED_EDGE('',*,*,#804,.T.);
#559=ORIENTED_EDGE('',*,*,#805,.T.);
#560=ORIENTED_EDGE('',*,*,#800,.T.);
#561=ORIENTED_EDGE('',*,*,#806,.F.);
#562=ORIENTED_EDGE('',*,*,#807,.T.);
#563=ORIENTED_EDGE('',*,*,#801,.F.);
#564=ORIENTED_EDGE('',*,*,#805,.F.);
#565=ORIENTED_EDGE('',*,*,#808,.F.);
#566=ORIENTED_EDGE('',*,*,#803,.F.);
#567=ORIENTED_EDGE('',*,*,#799,.F.);
#568=ORIENTED_EDGE('',*,*,#809,.T.);
#569=ORIENTED_EDGE('',*,*,#810,.F.);
#570=ORIENTED_EDGE('',*,*,#792,.F.);
#571=ORIENTED_EDGE('',*,*,#807,.F.);
#572=ORIENTED_EDGE('',*,*,#811,.F.);
#573=ORIENTED_EDGE('',*,*,#809,.F.);
#574=ORIENTED_EDGE('',*,*,#798,.F.);
#575=ORIENTED_EDGE('',*,*,#812,.F.);
#576=ORIENTED_EDGE('',*,*,#813,.F.);
#577=ORIENTED_EDGE('',*,*,#812,.T.);
#578=ORIENTED_EDGE('',*,*,#797,.F.);
#579=ORIENTED_EDGE('',*,*,#814,.T.);
#580=ORIENTED_EDGE('',*,*,#815,.T.);
#581=ORIENTED_EDGE('',*,*,#816,.T.);
#582=ORIENTED_EDGE('',*,*,#814,.F.);
#583=ORIENTED_EDGE('',*,*,#796,.T.);
#584=ORIENTED_EDGE('',*,*,#817,.T.);
#585=ORIENTED_EDGE('',*,*,#818,.T.);
#586=ORIENTED_EDGE('',*,*,#815,.F.);
#587=ORIENTED_EDGE('',*,*,#795,.T.);
#588=ORIENTED_EDGE('',*,*,#794,.T.);
#589=ORIENTED_EDGE('',*,*,#819,.T.);
#590=ORIENTED_EDGE('',*,*,#817,.F.);
#591=ORIENTED_EDGE('',*,*,#820,.T.);
#592=ORIENTED_EDGE('',*,*,#802,.T.);
#593=ORIENTED_EDGE('',*,*,#820,.F.);
#594=ORIENTED_EDGE('',*,*,#810,.T.);
#595=ORIENTED_EDGE('',*,*,#806,.T.);
#596=ORIENTED_EDGE('',*,*,#804,.F.);
#597=ORIENTED_EDGE('',*,*,#808,.T.);
#598=ORIENTED_EDGE('',*,*,#811,.T.);
#599=ORIENTED_EDGE('',*,*,#813,.T.);
#600=ORIENTED_EDGE('',*,*,#816,.F.);
#601=ORIENTED_EDGE('',*,*,#818,.F.);
#602=ORIENTED_EDGE('',*,*,#819,.F.);
#603=ORIENTED_EDGE('',*,*,#793,.F.);
#604=EDGE_CURVE('',#821,#822,#968,.T.);
#605=EDGE_CURVE('',#823,#821,#969,.T.);
#606=EDGE_CURVE('',#824,#823,#970,.T.);
#607=EDGE_CURVE('',#824,#825,#971,.T.);
#608=EDGE_CURVE('',#826,#825,#972,.F.);
#609=EDGE_CURVE('',#827,#826,#973,.T.);
#610=EDGE_CURVE('',#828,#827,#974,.T.);
#611=EDGE_CURVE('',#828,#829,#138,.T.);
#612=EDGE_CURVE('',#829,#830,#975,.F.);
#613=EDGE_CURVE('',#830,#822,#139,.T.);
#614=EDGE_CURVE('',#831,#832,#976,.T.);
#615=EDGE_CURVE('',#832,#833,#977,.T.);
#616=EDGE_CURVE('',#834,#833,#140,.T.);
#617=EDGE_CURVE('',#835,#834,#978,.F.);
#618=EDGE_CURVE('',#836,#835,#141,.T.);
#619=EDGE_CURVE('',#836,#837,#979,.T.);
#620=EDGE_CURVE('',#838,#837,#142,.T.);
#621=EDGE_CURVE('',#838,#839,#980,.T.);
#622=EDGE_CURVE('',#840,#839,#143,.T.);
#623=EDGE_CURVE('',#840,#841,#981,.T.);
#624=EDGE_CURVE('',#841,#842,#982,.T.);
#625=EDGE_CURVE('',#842,#843,#983,.F.);
#626=EDGE_CURVE('',#844,#843,#984,.T.);
#627=EDGE_CURVE('',#844,#831,#985,.T.);
#628=EDGE_CURVE('',#845,#846,#986,.T.);
#629=EDGE_CURVE('',#845,#847,#987,.T.);
#630=EDGE_CURVE('',#847,#848,#988,.F.);
#631=EDGE_CURVE('',#849,#848,#989,.T.);
#632=EDGE_CURVE('',#849,#850,#990,.T.);
#633=EDGE_CURVE('',#850,#851,#991,.T.);
#634=EDGE_CURVE('',#851,#852,#992,.F.);
#635=EDGE_CURVE('',#853,#852,#144,.T.);
#636=EDGE_CURVE('',#853,#854,#993,.F.);
#637=EDGE_CURVE('',#855,#854,#145,.T.);
#638=EDGE_CURVE('',#855,#856,#994,.F.);
#639=EDGE_CURVE('',#857,#856,#146,.T.);
#640=EDGE_CURVE('',#858,#857,#995,.T.);
#641=EDGE_CURVE('',#846,#858,#147,.T.);
#642=EDGE_CURVE('',#859,#860,#996,.T.);
#643=EDGE_CURVE('',#860,#861,#997,.T.);
#644=EDGE_CURVE('',#861,#862,#998,.T.);
#645=EDGE_CURVE('',#859,#862,#999,.T.);
#646=EDGE_CURVE('',#863,#863,#67,.T.);
#647=EDGE_CURVE('',#843,#844,#68,.T.);
#648=EDGE_CURVE('',#842,#831,#69,.T.);
#649=EDGE_CURVE('',#840,#861,#70,.T.);
#650=EDGE_CURVE('',#839,#862,#71,.T.);
#651=EDGE_CURVE('',#838,#859,#72,.T.);
#652=EDGE_CURVE('',#837,#860,#73,.T.);
#653=EDGE_CURVE('',#835,#829,#74,.T.);
#654=EDGE_CURVE('',#834,#830,#75,.T.);
#655=EDGE_CURVE('',#836,#828,#76,.T.);
#656=EDGE_CURVE('',#827,#841,#77,.T.);
#657=EDGE_CURVE('',#824,#825,#78,.T.);
#658=EDGE_CURVE('',#823,#826,#79,.T.);
#659=EDGE_CURVE('',#848,#849,#80,.T.);
#660=EDGE_CURVE('',#847,#850,#81,.T.);
#661=EDGE_CURVE('',#864,#845,#1000,.T.);
#662=EDGE_CURVE('',#865,#864,#82,.T.);
#663=EDGE_CURVE('',#866,#865,#1001,.T.);
#664=EDGE_CURVE('',#867,#866,#83,.T.);
#665=EDGE_CURVE('',#867,#868,#1002,.T.);
#666=EDGE_CURVE('',#869,#868,#84,.T.);
#667=EDGE_CURVE('',#869,#832,#1003,.T.);
#668=EDGE_CURVE('',#821,#870,#1004,.T.);
#669=EDGE_CURVE('',#871,#870,#85,.T.);
#670=EDGE_CURVE('',#871,#872,#1005,.T.);
#671=EDGE_CURVE('',#851,#872,#86,.T.);
#672=EDGE_CURVE('',#873,#846,#148,.T.);
#673=EDGE_CURVE('',#874,#858,#87,.T.);
#674=EDGE_CURVE('',#822,#874,#149,.T.);
#675=EDGE_CURVE('',#875,#833,#150,.T.);
#676=EDGE_CURVE('',#873,#875,#88,.T.);
#677=EDGE_CURVE('',#876,#877,#89,.T.);
#678=EDGE_CURVE('',#876,#873,#1006,.F.);
#679=EDGE_CURVE('',#877,#875,#1007,.F.);
#680=EDGE_CURVE('',#878,#879,#90,.T.);
#681=EDGE_CURVE('',#878,#876,#151,.T.);
#682=EDGE_CURVE('',#879,#877,#152,.T.);
#683=EDGE_CURVE('',#878,#866,#1008,.T.);
#684=EDGE_CURVE('',#879,#867,#1009,.T.);
#685=EDGE_CURVE('',#868,#880,#1010,.F.);
#686=EDGE_CURVE('',#881,#880,#91,.T.);
#687=EDGE_CURVE('',#881,#869,#1011,.T.);
#688=EDGE_CURVE('',#881,#880,#1012,.T.);
#689=EDGE_CURVE('',#865,#882,#1013,.F.);
#690=EDGE_CURVE('',#883,#882,#1014,.T.);
#691=EDGE_CURVE('',#883,#864,#1015,.T.);
#692=EDGE_CURVE('',#882,#883,#92,.T.);
#693=EDGE_CURVE('',#884,#853,#93,.T.);
#694=EDGE_CURVE('',#885,#884,#1016,.T.);
#695=EDGE_CURVE('',#885,#854,#94,.T.);
#696=EDGE_CURVE('',#886,#852,#95,.T.);
#697=EDGE_CURVE('',#886,#884,#1017,.T.);
#698=EDGE_CURVE('',#887,#855,#96,.T.);
#699=EDGE_CURVE('',#885,#887,#1018,.T.);
#700=EDGE_CURVE('',#888,#857,#97,.T.);
#701=EDGE_CURVE('',#874,#888,#1019,.T.);
#702=EDGE_CURVE('',#889,#856,#98,.T.);
#703=EDGE_CURVE('',#888,#889,#153,.T.);
#704=EDGE_CURVE('',#872,#889,#1020,.F.);
#705=EDGE_CURVE('',#887,#886,#1021,.T.);
#706=EDGE_CURVE('',#870,#890,#1022,.F.);
#707=EDGE_CURVE('',#891,#890,#99,.T.);
#708=EDGE_CURVE('',#891,#871,#1023,.T.);
#709=EDGE_CURVE('',#891,#890,#1024,.T.);
#710=EDGE_CURVE('',#892,#892,#100,.T.);
#711=EDGE_CURVE('',#893,#894,#101,.T.);
#712=EDGE_CURVE('',#894,#895,#1025,.T.);
#713=EDGE_CURVE('',#895,#896,#102,.T.);
#714=EDGE_CURVE('',#893,#896,#1026,.T.);
#715=EDGE_CURVE('',#897,#895,#1027,.F.);
#716=EDGE_CURVE('',#897,#898,#103,.T.);
#717=EDGE_CURVE('',#898,#896,#1028,.F.);
#718=EDGE_CURVE('',#894,#899,#1029,.T.);
#719=EDGE_CURVE('',#893,#900,#1030,.T.);
#720=EDGE_CURVE('',#900,#899,#104,.T.);
#721=EDGE_CURVE('',#901,#897,#1031,.T.);
#722=EDGE_CURVE('',#902,#901,#105,.T.);
#723=EDGE_CURVE('',#902,#898,#1032,.T.);
#724=EDGE_CURVE('',#899,#903,#1033,.T.);
#725=EDGE_CURVE('',#900,#903,#1034,.T.);
#726=EDGE_CURVE('',#904,#901,#1035,.T.);
#727=EDGE_CURVE('',#904,#905,#106,.T.);
#728=EDGE_CURVE('',#905,#906,#1036,.T.);
#729=EDGE_CURVE('',#907,#906,#107,.T.);
#730=EDGE_CURVE('',#907,#908,#1037,.T.);
#731=EDGE_CURVE('',#908,#909,#108,.T.);
#732=EDGE_CURVE('',#909,#902,#1038,.T.);
#733=EDGE_CURVE('',#904,#910,#154,.T.);
#734=EDGE_CURVE('',#910,#911,#109,.T.);
#735=EDGE_CURVE('',#905,#911,#155,.T.);
#736=EDGE_CURVE('',#910,#912,#1039,.F.);
#737=EDGE_CURVE('',#912,#913,#110,.T.);
#738=EDGE_CURVE('',#911,#913,#1040,.F.);
#739=EDGE_CURVE('',#912,#914,#156,.T.);
#740=EDGE_CURVE('',#913,#914,#157,.T.);
#741=EDGE_CURVE('',#903,#914,#1041,.T.);
#742=EDGE_CURVE('',#909,#915,#158,.T.);
#743=EDGE_CURVE('',#916,#915,#1042,.T.);
#744=EDGE_CURVE('',#916,#906,#159,.T.);
#745=EDGE_CURVE('',#917,#917,#111,.T.);
#746=EDGE_CURVE('',#918,#907,#1043,.T.);
#747=EDGE_CURVE('',#918,#919,#1044,.T.);
#748=EDGE_CURVE('',#908,#919,#1045,.T.);
#749=EDGE_CURVE('',#919,#915,#112,.T.);
#750=EDGE_CURVE('',#918,#916,#113,.T.);
#751=EDGE_CURVE('',#920,#921,#114,.T.);
#752=EDGE_CURVE('',#920,#922,#1046,.T.);
#753=EDGE_CURVE('',#923,#922,#115,.T.);
#754=EDGE_CURVE('',#923,#921,#1047,.T.);
#755=EDGE_CURVE('',#924,#925,#116,.T.);
#756=EDGE_CURVE('',#925,#920,#1048,.T.);
#757=EDGE_CURVE('',#921,#926,#1049,.F.);
#758=EDGE_CURVE('',#926,#927,#117,.T.);
#759=EDGE_CURVE('',#928,#927,#1050,.T.);
#760=EDGE_CURVE('',#929,#928,#118,.T.);
#761=EDGE_CURVE('',#929,#924,#1051,.F.);
#762=EDGE_CURVE('',#925,#930,#160,.T.);
#763=EDGE_CURVE('',#931,#924,#161,.T.);
#764=EDGE_CURVE('',#931,#930,#119,.T.);
#765=EDGE_CURVE('',#930,#932,#1052,.F.);
#766=EDGE_CURVE('',#933,#931,#1053,.T.);
#767=EDGE_CURVE('',#933,#932,#120,.T.);
#768=EDGE_CURVE('',#932,#934,#162,.T.);
#769=EDGE_CURVE('',#934,#933,#163,.T.);
#770=EDGE_CURVE('',#935,#934,#1054,.T.);
#771=EDGE_CURVE('',#936,#935,#1055,.T.);
#772=EDGE_CURVE('',#937,#936,#1056,.T.);
#773=EDGE_CURVE('',#937,#938,#1057,.T.);
#774=EDGE_CURVE('',#922,#938,#1058,.F.);
#775=EDGE_CURVE('',#939,#938,#121,.T.);
#776=EDGE_CURVE('',#939,#923,#1059,.T.);
#777=EDGE_CURVE('',#936,#940,#122,.T.);
#778=EDGE_CURVE('',#935,#940,#1060,.T.);
#779=EDGE_CURVE('',#941,#942,#123,.T.);
#780=EDGE_CURVE('',#941,#943,#1061,.F.);
#781=EDGE_CURVE('',#943,#944,#124,.T.);
#782=EDGE_CURVE('',#944,#942,#1062,.T.);
#783=EDGE_CURVE('',#929,#943,#164,.T.);
#784=EDGE_CURVE('',#944,#928,#1063,.T.);
#785=EDGE_CURVE('',#941,#926,#165,.T.);
#786=EDGE_CURVE('',#927,#942,#1064,.T.);
#787=EDGE_CURVE('',#937,#945,#125,.T.);
#788=EDGE_CURVE('',#940,#945,#1065,.F.);
#789=EDGE_CURVE('',#939,#945,#1066,.T.);
#790=EDGE_CURVE('',#946,#946,#126,.T.);
#791=EDGE_CURVE('',#947,#947,#127,.T.);
#792=EDGE_CURVE('',#948,#949,#1067,.T.);
#793=EDGE_CURVE('',#949,#950,#1068,.T.);
#794=EDGE_CURVE('',#951,#950,#166,.T.);
#795=EDGE_CURVE('',#952,#951,#1069,.F.);
#796=EDGE_CURVE('',#953,#952,#167,.T.);
#797=EDGE_CURVE('',#953,#954,#1070,.T.);
#798=EDGE_CURVE('',#954,#955,#1071,.T.);
#799=EDGE_CURVE('',#955,#956,#1072,.F.);
#800=EDGE_CURVE('',#957,#956,#1073,.T.);
#801=EDGE_CURVE('',#957,#948,#1074,.T.);
#802=EDGE_CURVE('',#958,#958,#128,.T.);
#803=EDGE_CURVE('',#956,#959,#129,.T.);
#804=EDGE_CURVE('',#959,#960,#1075,.T.);
#805=EDGE_CURVE('',#960,#957,#130,.T.);
#806=EDGE_CURVE('',#961,#960,#1076,.F.);
#807=EDGE_CURVE('',#961,#948,#131,.T.);
#808=EDGE_CURVE('',#959,#962,#1077,.T.);
#809=EDGE_CURVE('',#955,#962,#132,.T.);
#810=EDGE_CURVE('',#949,#961,#1078,.T.);
#811=EDGE_CURVE('',#962,#963,#1079,.T.);
#812=EDGE_CURVE('',#963,#954,#133,.T.);
#813=EDGE_CURVE('',#963,#964,#1080,.F.);
#814=EDGE_CURVE('',#953,#964,#134,.T.);
#815=EDGE_CURVE('',#952,#965,#135,.T.);
#816=EDGE_CURVE('',#965,#964,#168,.T.);
#817=EDGE_CURVE('',#951,#966,#136,.T.);
#818=EDGE_CURVE('',#966,#965,#1081,.T.);
#819=EDGE_CURVE('',#950,#966,#169,.T.);
#820=EDGE_CURVE('',#967,#967,#137,.T.);
#821=VERTEX_POINT('',#2134);
#822=VERTEX_POINT('',#2135);
#823=VERTEX_POINT('',#2137);
#824=VERTEX_POINT('',#2139);
#825=VERTEX_POINT('',#2141);
#826=VERTEX_POINT('',#2143);
#827=VERTEX_POINT('',#2145);
#828=VERTEX_POINT('',#2147);
#829=VERTEX_POINT('',#2152);
#830=VERTEX_POINT('',#2154);
#831=VERTEX_POINT('',#2168);
#832=VERTEX_POINT('',#2169);
#833=VERTEX_POINT('',#2171);
#834=VERTEX_POINT('',#2183);
#835=VERTEX_POINT('',#2185);
#836=VERTEX_POINT('',#2190);
#837=VERTEX_POINT('',#2192);
#838=VERTEX_POINT('',#2197);
#839=VERTEX_POINT('',#2199);
#840=VERTEX_POINT('',#2204);
#841=VERTEX_POINT('',#2206);
#842=VERTEX_POINT('',#2208);
#843=VERTEX_POINT('',#2210);
#844=VERTEX_POINT('',#2212);
#845=VERTEX_POINT('',#2216);
#846=VERTEX_POINT('',#2217);
#847=VERTEX_POINT('',#2219);
#848=VERTEX_POINT('',#2221);
#849=VERTEX_POINT('',#2223);
#850=VERTEX_POINT('',#2225);
#851=VERTEX_POINT('',#2227);
#852=VERTEX_POINT('',#2229);
#853=VERTEX_POINT('',#2234);
#854=VERTEX_POINT('',#2236);
#855=VERTEX_POINT('',#2241);
#856=VERTEX_POINT('',#2243);
#857=VERTEX_POINT('',#2248);
#858=VERTEX_POINT('',#2250);
#859=VERTEX_POINT('',#2262);
#860=VERTEX_POINT('',#2263);
#861=VERTEX_POINT('',#2265);
#862=VERTEX_POINT('',#2267);
#863=VERTEX_POINT('',#2271);
#864=VERTEX_POINT('',#2300);
#865=VERTEX_POINT('',#2302);
#866=VERTEX_POINT('',#2304);
#867=VERTEX_POINT('',#2306);
#868=VERTEX_POINT('',#2308);
#869=VERTEX_POINT('',#2310);
#870=VERTEX_POINT('',#2313);
#871=VERTEX_POINT('',#2315);
#872=VERTEX_POINT('',#2317);
#873=VERTEX_POINT('',#2405);
#874=VERTEX_POINT('',#2407);
#875=VERTEX_POINT('',#2429);
#876=VERTEX_POINT('',#2433);
#877=VERTEX_POINT('',#2434);
#878=VERTEX_POINT('',#2439);
#879=VERTEX_POINT('',#2440);
#880=VERTEX_POINT('',#2454);
#881=VERTEX_POINT('',#2456);
#882=VERTEX_POINT('',#2463);
#883=VERTEX_POINT('',#2465);
#884=VERTEX_POINT('',#2472);
#885=VERTEX_POINT('',#2474);
#886=VERTEX_POINT('',#2478);
#887=VERTEX_POINT('',#2482);
#888=VERTEX_POINT('',#2486);
#889=VERTEX_POINT('',#2490);
#890=VERTEX_POINT('',#2501);
#891=VERTEX_POINT('',#2503);
#892=VERTEX_POINT('',#2511);
#893=VERTEX_POINT('',#2513);
#894=VERTEX_POINT('',#2514);
#895=VERTEX_POINT('',#2516);
#896=VERTEX_POINT('',#2518);
#897=VERTEX_POINT('',#2522);
#898=VERTEX_POINT('',#2524);
#899=VERTEX_POINT('',#2528);
#900=VERTEX_POINT('',#2530);
#901=VERTEX_POINT('',#2534);
#902=VERTEX_POINT('',#2536);
#903=VERTEX_POINT('',#2540);
#904=VERTEX_POINT('',#2544);
#905=VERTEX_POINT('',#2546);
#906=VERTEX_POINT('',#2548);
#907=VERTEX_POINT('',#2550);
#908=VERTEX_POINT('',#2552);
#909=VERTEX_POINT('',#2554);
#910=VERTEX_POINT('',#2561);
#911=VERTEX_POINT('',#2563);
#912=VERTEX_POINT('',#2570);
#913=VERTEX_POINT('',#2572);
#914=VERTEX_POINT('',#2600);
#915=VERTEX_POINT('',#2618);
#916=VERTEX_POINT('',#2620);
#917=VERTEX_POINT('',#2627);
#918=VERTEX_POINT('',#2630);
#919=VERTEX_POINT('',#2632);
#920=VERTEX_POINT('',#2644);
#921=VERTEX_POINT('',#2645);
#922=VERTEX_POINT('',#2647);
#923=VERTEX_POINT('',#2649);
#924=VERTEX_POINT('',#2653);
#925=VERTEX_POINT('',#2654);
#926=VERTEX_POINT('',#2657);
#927=VERTEX_POINT('',#2659);
#928=VERTEX_POINT('',#2661);
#929=VERTEX_POINT('',#2663);
#930=VERTEX_POINT('',#2670);
#931=VERTEX_POINT('',#2675);
#932=VERTEX_POINT('',#2679);
#933=VERTEX_POINT('',#2681);
#934=VERTEX_POINT('',#2709);
#935=VERTEX_POINT('',#2721);
#936=VERTEX_POINT('',#2723);
#937=VERTEX_POINT('',#2725);
#938=VERTEX_POINT('',#2727);
#939=VERTEX_POINT('',#2731);
#940=VERTEX_POINT('',#2735);
#941=VERTEX_POINT('',#2739);
#942=VERTEX_POINT('',#2740);
#943=VERTEX_POINT('',#2742);
#944=VERTEX_POINT('',#2744);
#945=VERTEX_POINT('',#2761);
#946=VERTEX_POINT('',#2766);
#947=VERTEX_POINT('',#2769);
#948=VERTEX_POINT('',#2775);
#949=VERTEX_POINT('',#2776);
#950=VERTEX_POINT('',#2778);
#951=VERTEX_POINT('',#2790);
#952=VERTEX_POINT('',#2792);
#953=VERTEX_POINT('',#2797);
#954=VERTEX_POINT('',#2799);
#955=VERTEX_POINT('',#2801);
#956=VERTEX_POINT('',#2803);
#957=VERTEX_POINT('',#2805);
#958=VERTEX_POINT('',#2809);
#959=VERTEX_POINT('',#2811);
#960=VERTEX_POINT('',#2813);
#961=VERTEX_POINT('',#2817);
#962=VERTEX_POINT('',#2821);
#963=VERTEX_POINT('',#2827);
#964=VERTEX_POINT('',#2831);
#965=VERTEX_POINT('',#2835);
#966=VERTEX_POINT('',#2842);
#967=VERTEX_POINT('',#2873);
#968=LINE('',#2133,#1082);
#969=LINE('',#2136,#1083);
#970=LINE('',#2138,#1084);
#971=LINE('',#2140,#1085);
#972=LINE('',#2142,#1086);
#973=LINE('',#2144,#1087);
#974=LINE('',#2146,#1088);
#975=LINE('',#2153,#1089);
#976=LINE('',#2167,#1090);
#977=LINE('',#2170,#1091);
#978=LINE('',#2184,#1092);
#979=LINE('',#2191,#1093);
#980=LINE('',#2198,#1094);
#981=LINE('',#2205,#1095);
#982=LINE('',#2207,#1096);
#983=LINE('',#2209,#1097);
#984=LINE('',#2211,#1098);
#985=LINE('',#2213,#1099);
#986=LINE('',#2215,#1100);
#987=LINE('',#2218,#1101);
#988=LINE('',#2220,#1102);
#989=LINE('',#2222,#1103);
#990=LINE('',#2224,#1104);
#991=LINE('',#2226,#1105);
#992=LINE('',#2228,#1106);
#993=LINE('',#2235,#1107);
#994=LINE('',#2242,#1108);
#995=LINE('',#2249,#1109);
#996=LINE('',#2261,#1110);
#997=LINE('',#2264,#1111);
#998=LINE('',#2266,#1112);
#999=LINE('',#2268,#1113);
#1000=LINE('',#2299,#1114);
#1001=LINE('',#2303,#1115);
#1002=LINE('',#2307,#1116);
#1003=LINE('',#2311,#1117);
#1004=LINE('',#2312,#1118);
#1005=LINE('',#2316,#1119);
#1006=LINE('',#2435,#1120);
#1007=LINE('',#2436,#1121);
#1008=LINE('',#2450,#1122);
#1009=LINE('',#2451,#1123);
#1010=LINE('',#2453,#1124);
#1011=LINE('',#2457,#1125);
#1012=LINE('',#2459,#1126);
#1013=LINE('',#2462,#1127);
#1014=LINE('',#2464,#1128);
#1015=LINE('',#2466,#1129);
#1016=LINE('',#2473,#1130);
#1017=LINE('',#2479,#1131);
#1018=LINE('',#2483,#1132);
#1019=LINE('',#2487,#1133);
#1020=LINE('',#2496,#1134);
#1021=LINE('',#2497,#1135);
#1022=LINE('',#2500,#1136);
#1023=LINE('',#2504,#1137);
#1024=LINE('',#2506,#1138);
#1025=LINE('',#2515,#1139);
#1026=LINE('',#2519,#1140);
#1027=LINE('',#2521,#1141);
#1028=LINE('',#2525,#1142);
#1029=LINE('',#2527,#1143);
#1030=LINE('',#2529,#1144);
#1031=LINE('',#2533,#1145);
#1032=LINE('',#2537,#1146);
#1033=LINE('',#2539,#1147);
#1034=LINE('',#2541,#1148);
#1035=LINE('',#2543,#1149);
#1036=LINE('',#2547,#1150);
#1037=LINE('',#2551,#1151);
#1038=LINE('',#2555,#1152);
#1039=LINE('',#2569,#1153);
#1040=LINE('',#2573,#1154);
#1041=LINE('',#2613,#1155);
#1042=LINE('',#2619,#1156);
#1043=LINE('',#2629,#1157);
#1044=LINE('',#2631,#1158);
#1045=LINE('',#2633,#1159);
#1046=LINE('',#2646,#1160);
#1047=LINE('',#2650,#1161);
#1048=LINE('',#2655,#1162);
#1049=LINE('',#2656,#1163);
#1050=LINE('',#2660,#1164);
#1051=LINE('',#2664,#1165);
#1052=LINE('',#2678,#1166);
#1053=LINE('',#2680,#1167);
#1054=LINE('',#2720,#1168);
#1055=LINE('',#2722,#1169);
#1056=LINE('',#2724,#1170);
#1057=LINE('',#2726,#1171);
#1058=LINE('',#2728,#1172);
#1059=LINE('',#2732,#1173);
#1060=LINE('',#2736,#1174);
#1061=LINE('',#2741,#1175);
#1062=LINE('',#2745,#1176);
#1063=LINE('',#2751,#1177);
#1064=LINE('',#2757,#1178);
#1065=LINE('',#2762,#1179);
#1066=LINE('',#2764,#1180);
#1067=LINE('',#2774,#1181);
#1068=LINE('',#2777,#1182);
#1069=LINE('',#2791,#1183);
#1070=LINE('',#2798,#1184);
#1071=LINE('',#2800,#1185);
#1072=LINE('',#2802,#1186);
#1073=LINE('',#2804,#1187);
#1074=LINE('',#2806,#1188);
#1075=LINE('',#2812,#1189);
#1076=LINE('',#2816,#1190);
#1077=LINE('',#2820,#1191);
#1078=LINE('',#2824,#1192);
#1079=LINE('',#2826,#1193);
#1080=LINE('',#2830,#1194);
#1081=LINE('',#2843,#1195);
#1082=VECTOR('',#1709,1.);
#1083=VECTOR('',#1710,1.);
#1084=VECTOR('',#1711,1.);
#1085=VECTOR('',#1712,1.);
#1086=VECTOR('',#1713,1.);
#1087=VECTOR('',#1714,1.);
#1088=VECTOR('',#1715,1.);
#1089=VECTOR('',#1716,1.);
#1090=VECTOR('',#1719,1.);
#1091=VECTOR('',#1720,1.);
#1092=VECTOR('',#1721,1.);
#1093=VECTOR('',#1722,1.);
#1094=VECTOR('',#1723,1.);
#1095=VECTOR('',#1724,1.);
#1096=VECTOR('',#1725,1.);
#1097=VECTOR('',#1726,1.);
#1098=VECTOR('',#1727,1.);
#1099=VECTOR('',#1728,1.);
#1100=VECTOR('',#1731,1.);
#1101=VECTOR('',#1732,1.);
#1102=VECTOR('',#1733,1.);
#1103=VECTOR('',#1734,1.);
#1104=VECTOR('',#1735,1.);
#1105=VECTOR('',#1736,1.);
#1106=VECTOR('',#1737,1.);
#1107=VECTOR('',#1738,1.);
#1108=VECTOR('',#1739,1.);
#1109=VECTOR('',#1740,1.);
#1110=VECTOR('',#1743,1.);
#1111=VECTOR('',#1744,1.);
#1112=VECTOR('',#1745,1.);
#1113=VECTOR('',#1746,1.);
#1114=VECTOR('',#1805,1.);
#1115=VECTOR('',#1808,1.);
#1116=VECTOR('',#1811,1.);
#1117=VECTOR('',#1814,1.);
#1118=VECTOR('',#1815,1.);
#1119=VECTOR('',#1818,1.);
#1120=VECTOR('',#1829,1.);
#1121=VECTOR('',#1830,1.);
#1122=VECTOR('',#1837,1.);
#1123=VECTOR('',#1838,1.);
#1124=VECTOR('',#1841,1.);
#1125=VECTOR('',#1844,1.);
#1126=VECTOR('',#1847,1.);
#1127=VECTOR('',#1852,1.);
#1128=VECTOR('',#1853,1.);
#1129=VECTOR('',#1854,1.);
#1130=VECTOR('',#1865,1.);
#1131=VECTOR('',#1872,1.);
#1132=VECTOR('',#1877,1.);
#1133=VECTOR('',#1882,1.);
#1134=VECTOR('',#1889,1.);
#1135=VECTOR('',#1890,1.);
#1136=VECTOR('',#1895,1.);
#1137=VECTOR('',#1898,1.);
#1138=VECTOR('',#1901,1.);
#1139=VECTOR('',#1912,1.);
#1140=VECTOR('',#1915,1.);
#1141=VECTOR('',#1918,1.);
#1142=VECTOR('',#1921,1.);
#1143=VECTOR('',#1924,1.);
#1144=VECTOR('',#1925,1.);
#1145=VECTOR('',#1930,1.);
#1146=VECTOR('',#1933,1.);
#1147=VECTOR('',#1936,1.);
#1148=VECTOR('',#1937,1.);
#1149=VECTOR('',#1940,1.);
#1150=VECTOR('',#1943,1.);
#1151=VECTOR('',#1946,1.);
#1152=VECTOR('',#1949,1.);
#1153=VECTOR('',#1956,1.);
#1154=VECTOR('',#1959,1.);
#1155=VECTOR('',#1962,1.);
#1156=VECTOR('',#1963,1.);
#1157=VECTOR('',#1970,1.);
#1158=VECTOR('',#1971,1.);
#1159=VECTOR('',#1972,1.);
#1160=VECTOR('',#1993,1.);
#1161=VECTOR('',#1996,1.);
#1162=VECTOR('',#2001,1.);
#1163=VECTOR('',#2002,1.);
#1164=VECTOR('',#2005,1.);
#1165=VECTOR('',#2008,1.);
#1166=VECTOR('',#2015,1.);
#1167=VECTOR('',#2016,1.);
#1168=VECTOR('',#2021,1.);
#1169=VECTOR('',#2022,1.);
#1170=VECTOR('',#2023,1.);
#1171=VECTOR('',#2024,1.);
#1172=VECTOR('',#2025,1.);
#1173=VECTOR('',#2030,1.);
#1174=VECTOR('',#2035,1.);
#1175=VECTOR('',#2040,1.);
#1176=VECTOR('',#2043,1.);
#1177=VECTOR('',#2046,1.);
#1178=VECTOR('',#2049,1.);
#1179=VECTOR('',#2056,1.);
#1180=VECTOR('',#2059,1.);
#1181=VECTOR('',#2074,1.);
#1182=VECTOR('',#2075,1.);
#1183=VECTOR('',#2076,1.);
#1184=VECTOR('',#2077,1.);
#1185=VECTOR('',#2078,1.);
#1186=VECTOR('',#2079,1.);
#1187=VECTOR('',#2080,1.);
#1188=VECTOR('',#2081,1.);
#1189=VECTOR('',#2088,1.);
#1190=VECTOR('',#2093,1.);
#1191=VECTOR('',#2098,1.);
#1192=VECTOR('',#2103,1.);
#1193=VECTOR('',#2106,1.);
#1194=VECTOR('',#2111,1.);
#1195=VECTOR('',#2122,1.);
#1196=EDGE_LOOP('',(#170,#171,#172,#173,#174,#175,#176,#177,#178,#179));
#1197=EDGE_LOOP('',(#180,#181,#182,#183,#184,#185,#186,#187,#188,#189,#190,
#191,#192,#193));
#1198=EDGE_LOOP('',(#194,#195,#196,#197,#198,#199,#200,#201,#202,#203,#204,
#205,#206,#207));
#1199=EDGE_LOOP('',(#208,#209,#210,#211));
#1200=EDGE_LOOP('',(#212));
#1201=EDGE_LOOP('',(#213,#214));
#1202=EDGE_LOOP('',(#215,#216,#217,#218));
#1203=EDGE_LOOP('',(#219,#220,#221,#222));
#1204=EDGE_LOOP('',(#223,#224,#225,#226));
#1205=EDGE_LOOP('',(#227,#228,#229,#230));
#1206=EDGE_LOOP('',(#231,#232,#233,#234));
#1207=EDGE_LOOP('',(#235,#236,#237,#238));
#1208=EDGE_LOOP('',(#239,#240,#241,#242,#243,#244,#245,#246));
#1209=EDGE_LOOP('',(#247,#248));
#1210=EDGE_LOOP('',(#249,#250,#251,#252));
#1211=EDGE_LOOP('',(#253,#254));
#1212=EDGE_LOOP('',(#255,#256,#257,#258));
#1213=EDGE_LOOP('',(#259,#260,#261,#262,#263,#264,#265,#266,#267,#268,#269,
#270,#271,#272,#273,#274,#275,#276,#277,#278,#279));
#1214=EDGE_LOOP('',(#280,#281,#282,#283,#284,#285,#286,#287,#288));
#1215=EDGE_LOOP('',(#289));
#1216=EDGE_LOOP('',(#290,#291,#292,#293));
#1217=EDGE_LOOP('',(#294,#295,#296,#297));
#1218=EDGE_LOOP('',(#298,#299,#300,#301));
#1219=EDGE_LOOP('',(#302,#303,#304,#305));
#1220=EDGE_LOOP('',(#306,#307));
#1221=EDGE_LOOP('',(#308,#309,#310,#311,#312,#313,#314,#315,#316,#317));
#1222=EDGE_LOOP('',(#318,#319,#320,#321,#322,#323,#324,#325,#326,#327));
#1223=EDGE_LOOP('',(#328,#329));
#1224=EDGE_LOOP('',(#330,#331,#332,#333));
#1225=EDGE_LOOP('',(#334,#335,#336,#337));
#1226=EDGE_LOOP('',(#338,#339,#340,#341));
#1227=EDGE_LOOP('',(#342,#343,#344,#345));
#1228=EDGE_LOOP('',(#346,#347,#348,#349));
#1229=EDGE_LOOP('',(#350,#351,#352,#353));
#1230=EDGE_LOOP('',(#354,#355,#356,#357,#358,#359,#360,#361));
#1231=EDGE_LOOP('',(#362,#363,#364,#365));
#1232=EDGE_LOOP('',(#366,#367,#368,#369));
#1233=EDGE_LOOP('',(#370,#371));
#1234=EDGE_LOOP('',(#372,#373,#374,#375,#376,#377,#378,#379,#380,#381));
#1235=EDGE_LOOP('',(#382));
#1236=EDGE_LOOP('',(#383,#384,#385,#386));
#1237=EDGE_LOOP('',(#387,#388,#389,#390));
#1238=EDGE_LOOP('',(#391,#392,#393,#394));
#1239=EDGE_LOOP('',(#395,#396,#397,#398));
#1240=EDGE_LOOP('',(#399,#400,#401));
#1241=EDGE_LOOP('',(#402,#403,#404,#405,#406,#407,#408,#409));
#1242=EDGE_LOOP('',(#410,#411,#412,#413));
#1243=EDGE_LOOP('',(#414,#415,#416,#417));
#1244=EDGE_LOOP('',(#418,#419,#420));
#1245=EDGE_LOOP('',(#421,#422,#423,#424,#425,#426,#427,#428,#429,#430,#431,
#432,#433,#434));
#1246=EDGE_LOOP('',(#435));
#1247=EDGE_LOOP('',(#436,#437,#438,#439));
#1248=EDGE_LOOP('',(#440));
#1249=EDGE_LOOP('',(#441));
#1250=EDGE_LOOP('',(#442,#443,#444,#445));
#1251=EDGE_LOOP('',(#446,#447,#448,#449));
#1252=EDGE_LOOP('',(#450,#451,#452,#453));
#1253=EDGE_LOOP('',(#454,#455,#456,#457,#458,#459,#460,#461,#462,#463));
#1254=EDGE_LOOP('',(#464,#465,#466,#467));
#1255=EDGE_LOOP('',(#468,#469,#470,#471,#472,#473,#474,#475));
#1256=EDGE_LOOP('',(#476,#477,#478,#479));
#1257=EDGE_LOOP('',(#480,#481,#482,#483));
#1258=EDGE_LOOP('',(#484,#485,#486));
#1259=EDGE_LOOP('',(#487,#488,#489,#490,#491,#492,#493,#494,#495,#496));
#1260=EDGE_LOOP('',(#497,#498,#499,#500));
#1261=EDGE_LOOP('',(#501,#502,#503));
#1262=EDGE_LOOP('',(#504,#505,#506,#507));
#1263=EDGE_LOOP('',(#508,#509,#510,#511));
#1264=EDGE_LOOP('',(#512,#513,#514,#515));
#1265=EDGE_LOOP('',(#516,#517,#518,#519));
#1266=EDGE_LOOP('',(#520,#521,#522,#523));
#1267=EDGE_LOOP('',(#524,#525,#526,#527));
#1268=EDGE_LOOP('',(#528));
#1269=EDGE_LOOP('',(#529));
#1270=EDGE_LOOP('',(#530));
#1271=EDGE_LOOP('',(#531));
#1272=EDGE_LOOP('',(#532,#533,#534,#535,#536,#537,#538,#539,#540,#541,#542,
#543,#544,#545));
#1273=EDGE_LOOP('',(#546,#547,#548,#549,#550,#551,#552,#553,#554,#555));
#1274=EDGE_LOOP('',(#556));
#1275=EDGE_LOOP('',(#557,#558,#559,#560));
#1276=EDGE_LOOP('',(#561,#562,#563,#564));
#1277=EDGE_LOOP('',(#565,#566,#567,#568));
#1278=EDGE_LOOP('',(#569,#570,#571));
#1279=EDGE_LOOP('',(#572,#573,#574,#575));
#1280=EDGE_LOOP('',(#576,#577,#578,#579));
#1281=EDGE_LOOP('',(#580,#581,#582,#583));
#1282=EDGE_LOOP('',(#584,#585,#586,#587));
#1283=EDGE_LOOP('',(#588,#589,#590));
#1284=EDGE_LOOP('',(#591));
#1285=EDGE_LOOP('',(#592));
#1286=EDGE_LOOP('',(#593));
#1287=EDGE_LOOP('',(#594,#595,#596,#597,#598,#599,#600,#601,#602,#603));
#1288=FACE_BOUND('',#1196,.T.);
#1289=FACE_BOUND('',#1197,.T.);
#1290=FACE_BOUND('',#1198,.T.);
#1291=FACE_BOUND('',#1199,.T.);
#1292=FACE_BOUND('',#1200,.T.);
#1293=FACE_BOUND('',#1201,.T.);
#1294=FACE_BOUND('',#1202,.T.);
#1295=FACE_BOUND('',#1203,.T.);
#1296=FACE_BOUND('',#1204,.T.);
#1297=FACE_BOUND('',#1205,.T.);
#1298=FACE_BOUND('',#1206,.T.);
#1299=FACE_BOUND('',#1207,.T.);
#1300=FACE_BOUND('',#1208,.T.);
#1301=FACE_BOUND('',#1209,.T.);
#1302=FACE_BOUND('',#1210,.T.);
#1303=FACE_BOUND('',#1211,.T.);
#1304=FACE_BOUND('',#1212,.T.);
#1305=FACE_BOUND('',#1213,.T.);
#1306=FACE_BOUND('',#1214,.T.);
#1307=FACE_BOUND('',#1215,.T.);
#1308=FACE_BOUND('',#1216,.T.);
#1309=FACE_BOUND('',#1217,.T.);
#1310=FACE_BOUND('',#1218,.T.);
#1311=FACE_BOUND('',#1219,.T.);
#1312=FACE_BOUND('',#1220,.T.);
#1313=FACE_BOUND('',#1221,.T.);
#1314=FACE_BOUND('',#1222,.T.);
#1315=FACE_BOUND('',#1223,.T.);
#1316=FACE_BOUND('',#1224,.T.);
#1317=FACE_BOUND('',#1225,.T.);
#1318=FACE_BOUND('',#1226,.T.);
#1319=FACE_BOUND('',#1227,.T.);
#1320=FACE_BOUND('',#1228,.T.);
#1321=FACE_BOUND('',#1229,.T.);
#1322=FACE_BOUND('',#1230,.T.);
#1323=FACE_BOUND('',#1231,.T.);
#1324=FACE_BOUND('',#1232,.T.);
#1325=FACE_BOUND('',#1233,.T.);
#1326=FACE_BOUND('',#1234,.T.);
#1327=FACE_BOUND('',#1235,.T.);
#1328=FACE_BOUND('',#1236,.T.);
#1329=FACE_BOUND('',#1237,.T.);
#1330=FACE_BOUND('',#1238,.T.);
#1331=FACE_BOUND('',#1239,.T.);
#1332=FACE_BOUND('',#1240,.T.);
#1333=FACE_BOUND('',#1241,.T.);
#1334=FACE_BOUND('',#1242,.T.);
#1335=FACE_BOUND('',#1243,.T.);
#1336=FACE_BOUND('',#1244,.T.);
#1337=FACE_BOUND('',#1245,.T.);
#1338=FACE_BOUND('',#1246,.T.);
#1339=FACE_BOUND('',#1247,.T.);
#1340=FACE_BOUND('',#1248,.T.);
#1341=FACE_BOUND('',#1249,.T.);
#1342=FACE_BOUND('',#1250,.T.);
#1343=FACE_BOUND('',#1251,.T.);
#1344=FACE_BOUND('',#1252,.T.);
#1345=FACE_BOUND('',#1253,.T.);
#1346=FACE_BOUND('',#1254,.T.);
#1347=FACE_BOUND('',#1255,.T.);
#1348=FACE_BOUND('',#1256,.T.);
#1349=FACE_BOUND('',#1257,.T.);
#1350=FACE_BOUND('',#1258,.T.);
#1351=FACE_BOUND('',#1259,.T.);
#1352=FACE_BOUND('',#1260,.T.);
#1353=FACE_BOUND('',#1261,.T.);
#1354=FACE_BOUND('',#1262,.T.);
#1355=FACE_BOUND('',#1263,.T.);
#1356=FACE_BOUND('',#1264,.T.);
#1357=FACE_BOUND('',#1265,.T.);
#1358=FACE_BOUND('',#1266,.T.);
#1359=FACE_BOUND('',#1267,.T.);
#1360=FACE_BOUND('',#1268,.T.);
#1361=FACE_BOUND('',#1269,.T.);
#1362=FACE_BOUND('',#1270,.T.);
#1363=FACE_BOUND('',#1271,.T.);
#1364=FACE_BOUND('',#1272,.T.);
#1365=FACE_BOUND('',#1273,.T.);
#1366=FACE_BOUND('',#1274,.T.);
#1367=FACE_BOUND('',#1275,.T.);
#1368=FACE_BOUND('',#1276,.T.);
#1369=FACE_BOUND('',#1277,.T.);
#1370=FACE_BOUND('',#1278,.T.);
#1371=FACE_BOUND('',#1279,.T.);
#1372=FACE_BOUND('',#1280,.T.);
#1373=FACE_BOUND('',#1281,.T.);
#1374=FACE_BOUND('',#1282,.T.);
#1375=FACE_BOUND('',#1283,.T.);
#1376=FACE_BOUND('',#1284,.T.);
#1377=FACE_BOUND('',#1285,.T.);
#1378=FACE_BOUND('',#1286,.T.);
#1379=FACE_BOUND('',#1287,.T.);
#1380=PLANE('',#1550);
#1381=PLANE('',#1551);
#1382=PLANE('',#1552);
#1383=PLANE('',#1553);
#1384=PLANE('',#1554);
#1385=PLANE('',#1556);
#1386=PLANE('',#1574);
#1387=PLANE('',#1578);
#1388=PLANE('',#1582);
#1389=PLANE('',#1597);
#1390=PLANE('',#1598);
#1391=PLANE('',#1599);
#1392=PLANE('',#1600);
#1393=PLANE('',#1615);
#1394=PLANE('',#1618);
#1395=PLANE('',#1619);
#1396=PLANE('',#1621);
#1397=PLANE('',#1629);
#1398=PLANE('',#1631);
#1399=PLANE('',#1640);
#1400=PLANE('',#1641);
#1401=PLANE('',#1643);
#1402=PLANE('',#1650);
#1403=PLANE('',#1652);
#1404=PLANE('',#1663);
#1405=PLANE('',#1666);
#1406=PLANE('',#1673);
#1407=PLANE('',#1676);
#1408=PLANE('',#1680);
#1409=PLANE('',#1681);
#1410=PLANE('',#1683);
#1411=PLANE('',#1684);
#1412=PLANE('',#1692);
#1413=PLANE('',#1693);
#1414=PLANE('',#1701);
#1415=PLANE('',#1704);
#1416=ADVANCED_FACE('',(#1288),#1380,.F.);
#1417=ADVANCED_FACE('',(#1289),#1381,.T.);
#1418=ADVANCED_FACE('',(#1290),#1382,.T.);
#1419=ADVANCED_FACE('',(#1291),#1383,.F.);
#1420=ADVANCED_FACE('',(#1292),#1384,.F.);
#1421=ADVANCED_FACE('',(#1293),#1385,.T.);
#1422=ADVANCED_FACE('',(#1294),#36,.F.);
#1423=ADVANCED_FACE('',(#1295),#22,.T.);
#1424=ADVANCED_FACE('',(#1296),#37,.T.);
#1425=ADVANCED_FACE('',(#1297),#23,.T.);
#1426=ADVANCED_FACE('',(#1298),#38,.T.);
#1427=ADVANCED_FACE('',(#1299),#24,.T.);
#1428=ADVANCED_FACE('',(#1300),#39,.T.);
#1429=ADVANCED_FACE('',(#1301),#1386,.T.);
#1430=ADVANCED_FACE('',(#1302),#40,.F.);
#1431=ADVANCED_FACE('',(#1303),#1387,.T.);
#1432=ADVANCED_FACE('',(#1304),#41,.F.);
#1433=ADVANCED_FACE('',(#1305),#1388,.F.);
#1434=ADVANCED_FACE('',(#1306,#1307),#21,.T.);
#1435=ADVANCED_FACE('',(#1308),#42,.T.);
#1436=ADVANCED_FACE('',(#1309),#25,.T.);
#1437=ADVANCED_FACE('',(#1310),#43,.T.);
#1438=ADVANCED_FACE('',(#1311),#44,.F.);
#1439=ADVANCED_FACE('',(#1312),#1389,.T.);
#1440=ADVANCED_FACE('',(#1313),#1390,.F.);
#1441=ADVANCED_FACE('',(#1314),#1391,.T.);
#1442=ADVANCED_FACE('',(#1315),#1392,.T.);
#1443=ADVANCED_FACE('',(#1316),#45,.F.);
#1444=ADVANCED_FACE('',(#1317),#46,.T.);
#1445=ADVANCED_FACE('',(#1318),#26,.T.);
#1446=ADVANCED_FACE('',(#1319),#27,.T.);
#1447=ADVANCED_FACE('',(#1320),#47,.T.);
#1448=ADVANCED_FACE('',(#1321),#28,.T.);
#1449=ADVANCED_FACE('',(#1322),#48,.T.);
#1450=ADVANCED_FACE('',(#1323),#1393,.F.);
#1451=ADVANCED_FACE('',(#1324),#49,.F.);
#1452=ADVANCED_FACE('',(#1325),#1394,.T.);
#1453=ADVANCED_FACE('',(#1326),#1395,.F.);
#1454=ADVANCED_FACE('',(#1327,#1328),#1396,.T.);
#1455=ADVANCED_FACE('',(#1329),#50,.F.);
#1456=ADVANCED_FACE('',(#1330),#51,.F.);
#1457=ADVANCED_FACE('',(#1331),#1397,.F.);
#1458=ADVANCED_FACE('',(#1332),#1398,.F.);
#1459=ADVANCED_FACE('',(#1333),#52,.T.);
#1460=ADVANCED_FACE('',(#1334),#29,.T.);
#1461=ADVANCED_FACE('',(#1335),#53,.T.);
#1462=ADVANCED_FACE('',(#1336),#10,.T.);
#1463=ADVANCED_FACE('',(#1337),#1399,.F.);
#1464=ADVANCED_FACE('',(#1338),#1400,.T.);
#1465=ADVANCED_FACE('',(#1339),#1401,.T.);
#1466=ADVANCED_FACE('',(#1340,#1341),#54,.F.);
#1467=ADVANCED_FACE('',(#1342),#30,.T.);
#1468=ADVANCED_FACE('',(#1343),#55,.T.);
#1469=ADVANCED_FACE('',(#1344),#31,.T.);
#1470=ADVANCED_FACE('',(#1345),#1402,.T.);
#1471=ADVANCED_FACE('',(#1346),#1403,.F.);
#1472=ADVANCED_FACE('',(#1347),#56,.T.);
#1473=ADVANCED_FACE('',(#1348),#32,.T.);
#1474=ADVANCED_FACE('',(#1349),#57,.T.);
#1475=ADVANCED_FACE('',(#1350),#11,.T.);
#1476=ADVANCED_FACE('',(#1351),#1404,.F.);
#1477=ADVANCED_FACE('',(#1352),#58,.F.);
#1478=ADVANCED_FACE('',(#1353),#1405,.F.);
#1479=ADVANCED_FACE('',(#1354),#59,.T.);
#1480=ADVANCED_FACE('',(#1355),#33,.T.);
#1481=ADVANCED_FACE('',(#1356),#34,.T.);
#1482=ADVANCED_FACE('',(#1357),#1406,.T.);
#1483=ADVANCED_FACE('',(#1358),#60,.F.);
#1484=ADVANCED_FACE('',(#1359,#1360),#1407,.T.);
#1485=ADVANCED_FACE('',(#1361,#1362),#61,.F.);
#1486=ADVANCED_FACE('',(#1363),#1408,.T.);
#1487=ADVANCED_FACE('',(#1364),#1409,.F.);
#1488=ADVANCED_FACE('',(#1365),#1410,.T.);
#1489=ADVANCED_FACE('',(#1366,#1367),#1411,.T.);
#1490=ADVANCED_FACE('',(#1368),#62,.F.);
#1491=ADVANCED_FACE('',(#1369),#63,.F.);
#1492=ADVANCED_FACE('',(#1370),#1412,.F.);
#1493=ADVANCED_FACE('',(#1371),#1413,.F.);
#1494=ADVANCED_FACE('',(#1372),#64,.T.);
#1495=ADVANCED_FACE('',(#1373),#35,.T.);
#1496=ADVANCED_FACE('',(#1374),#65,.T.);
#1497=ADVANCED_FACE('',(#1375),#12,.T.);
#1498=ADVANCED_FACE('',(#1376),#1414,.T.);
#1499=ADVANCED_FACE('',(#1377,#1378),#66,.F.);
#1500=ADVANCED_FACE('',(#1379),#1415,.T.);
#1501=CLOSED_SHELL('',(#1416,#1417,#1418,#1419,#1420,#1421,#1422,#1423,
#1424,#1425,#1426,#1427,#1428,#1429,#1430,#1431,#1432,#1433,#1434,#1435,
#1436,#1437,#1438,#1439,#1440,#1441,#1442,#1443,#1444,#1445,#1446,#1447,
#1448,#1449,#1450,#1451,#1452,#1453));
#1502=CLOSED_SHELL('',(#1454,#1455,#1456,#1457,#1458,#1459,#1460,#1461,
#1462,#1463,#1464,#1465,#1466,#1467,#1468,#1469,#1470));
#1503=CLOSED_SHELL('',(#1471,#1472,#1473,#1474,#1475,#1476,#1477,#1478,
#1479,#1480,#1481,#1482,#1483,#1484,#1485,#1486,#1487));
#1504=CLOSED_SHELL('',(#1488,#1489,#1490,#1491,#1492,#1493,#1494,#1495,
#1496,#1497,#1498,#1499,#1500));
#1505=STYLED_ITEM('',(#1509),#1537);
#1506=STYLED_ITEM('',(#1510),#1538);
#1507=STYLED_ITEM('',(#1511),#1539);
#1508=STYLED_ITEM('',(#1512),#1540);
#1509=PRESENTATION_STYLE_ASSIGNMENT((#1513));
#1510=PRESENTATION_STYLE_ASSIGNMENT((#1514));
#1511=PRESENTATION_STYLE_ASSIGNMENT((#1515));
#1512=PRESENTATION_STYLE_ASSIGNMENT((#1516));
#1513=SURFACE_STYLE_USAGE(.BOTH.,#1517);
#1514=SURFACE_STYLE_USAGE(.BOTH.,#1518);
#1515=SURFACE_STYLE_USAGE(.BOTH.,#1519);
#1516=SURFACE_STYLE_USAGE(.BOTH.,#1520);
#1517=SURFACE_SIDE_STYLE('',(#1523,#1521));
#1518=SURFACE_SIDE_STYLE('',(#1524));
#1519=SURFACE_SIDE_STYLE('',(#1525));
#1520=SURFACE_SIDE_STYLE('',(#1526));
#1521=SURFACE_STYLE_RENDERING_WITH_PROPERTIES(.CONSTANT_SHADING.,#1535,
(#1522));
#1522=SURFACE_STYLE_TRANSPARENT(0.431372549019608);
#1523=SURFACE_STYLE_FILL_AREA(#1527);
#1524=SURFACE_STYLE_FILL_AREA(#1528);
#1525=SURFACE_STYLE_FILL_AREA(#1529);
#1526=SURFACE_STYLE_FILL_AREA(#1530);
#1527=FILL_AREA_STYLE('',(#1531));
#1528=FILL_AREA_STYLE('',(#1532));
#1529=FILL_AREA_STYLE('',(#1533));
#1530=FILL_AREA_STYLE('',(#1534));
#1531=FILL_AREA_STYLE_COLOUR('',#1535);
#1532=FILL_AREA_STYLE_COLOUR('',#1536);
#1533=FILL_AREA_STYLE_COLOUR('',#1536);
#1534=FILL_AREA_STYLE_COLOUR('',#1536);
#1535=COLOUR_RGB('',1.,0.756862745098039,0.0549019607843137);
#1536=COLOUR_RGB('',0.647058823529412,0.647058823529412,0.647058823529412);
#1537=MANIFOLD_SOLID_BREP('Head Insulator',#1501);
#1538=MANIFOLD_SOLID_BREP('Head',#1502);
#1539=MANIFOLD_SOLID_BREP('Head',#1503);
#1540=MANIFOLD_SOLID_BREP('Head',#1504);
#1541=SHAPE_DEFINITION_REPRESENTATION(#2900,#1545);
#1542=SHAPE_DEFINITION_REPRESENTATION(#2901,#1546);
#1543=SHAPE_DEFINITION_REPRESENTATION(#2902,#1547);
#1544=SHAPE_DEFINITION_REPRESENTATION(#2903,#1548);
#1545=SHAPE_REPRESENTATION('Head Insulator',(#1549),#2880);
#1546=SHAPE_REPRESENTATION('Head',(#1620),#2881);
#1547=SHAPE_REPRESENTATION('Head',(#1651),#2882);
#1548=SHAPE_REPRESENTATION('Head',(#1682),#2883);
#1549=AXIS2_PLACEMENT_3D('',#2131,#1705,#1706);
#1550=AXIS2_PLACEMENT_3D('',#2132,#1707,#1708);
#1551=AXIS2_PLACEMENT_3D('',#2166,#1717,#1718);
#1552=AXIS2_PLACEMENT_3D('',#2214,#1729,#1730);
#1553=AXIS2_PLACEMENT_3D('',#2260,#1741,#1742);
#1554=AXIS2_PLACEMENT_3D('',#2269,#1747,#1748);
#1555=AXIS2_PLACEMENT_3D('',#2270,#1749,#1750);
#1556=AXIS2_PLACEMENT_3D('',#2272,#1751,#1752);
#1557=AXIS2_PLACEMENT_3D('',#2273,#1753,#1754);
#1558=AXIS2_PLACEMENT_3D('',#2274,#1755,#1756);
#1559=AXIS2_PLACEMENT_3D('',#2275,#1757,#1758);
#1560=AXIS2_PLACEMENT_3D('',#2276,#1759,#1760);
#1561=AXIS2_PLACEMENT_3D('',#2277,#1761,#1762);
#1562=AXIS2_PLACEMENT_3D('',#2278,#1763,#1764);
#1563=AXIS2_PLACEMENT_3D('',#2279,#1765,#1766);
#1564=AXIS2_PLACEMENT_3D('',#2280,#1767,#1768);
#1565=AXIS2_PLACEMENT_3D('',#2281,#1769,#1770);
#1566=AXIS2_PLACEMENT_3D('',#2282,#1771,#1772);
#1567=AXIS2_PLACEMENT_3D('',#2283,#1773,#1774);
#1568=AXIS2_PLACEMENT_3D('',#2284,#1775,#1776);
#1569=AXIS2_PLACEMENT_3D('',#2285,#1777,#1778);
#1570=AXIS2_PLACEMENT_3D('',#2286,#1779,#1780);
#1571=AXIS2_PLACEMENT_3D('',#2287,#1781,#1782);
#1572=AXIS2_PLACEMENT_3D('',#2288,#1783,#1784);
#1573=AXIS2_PLACEMENT_3D('',#2289,#1785,#1786);
#1574=AXIS2_PLACEMENT_3D('',#2290,#1787,#1788);
#1575=AXIS2_PLACEMENT_3D('',#2291,#1789,#1790);
#1576=AXIS2_PLACEMENT_3D('',#2292,#1791,#1792);
#1577=AXIS2_PLACEMENT_3D('',#2293,#1793,#1794);
#1578=AXIS2_PLACEMENT_3D('',#2294,#1795,#1796);
#1579=AXIS2_PLACEMENT_3D('',#2295,#1797,#1798);
#1580=AXIS2_PLACEMENT_3D('',#2296,#1799,#1800);
#1581=AXIS2_PLACEMENT_3D('',#2297,#1801,#1802);
#1582=AXIS2_PLACEMENT_3D('',#2298,#1803,#1804);
#1583=AXIS2_PLACEMENT_3D('',#2301,#1806,#1807);
#1584=AXIS2_PLACEMENT_3D('',#2305,#1809,#1810);
#1585=AXIS2_PLACEMENT_3D('',#2309,#1812,#1813);
#1586=AXIS2_PLACEMENT_3D('',#2314,#1816,#1817);
#1587=AXIS2_PLACEMENT_3D('',#2318,#1819,#1820);
#1588=AXIS2_PLACEMENT_3D('',#2406,#1821,#1822);
#1589=AXIS2_PLACEMENT_3D('',#2430,#1823,#1824);
#1590=AXIS2_PLACEMENT_3D('',#2431,#1825,#1826);
#1591=AXIS2_PLACEMENT_3D('',#2432,#1827,#1828);
#1592=AXIS2_PLACEMENT_3D('',#2437,#1831,#1832);
#1593=AXIS2_PLACEMENT_3D('',#2438,#1833,#1834);
#1594=AXIS2_PLACEMENT_3D('',#2449,#1835,#1836);
#1595=AXIS2_PLACEMENT_3D('',#2452,#1839,#1840);
#1596=AXIS2_PLACEMENT_3D('',#2455,#1842,#1843);
#1597=AXIS2_PLACEMENT_3D('',#2458,#1845,#1846);
#1598=AXIS2_PLACEMENT_3D('',#2460,#1848,#1849);
#1599=AXIS2_PLACEMENT_3D('',#2461,#1850,#1851);
#1600=AXIS2_PLACEMENT_3D('',#2467,#1855,#1856);
#1601=AXIS2_PLACEMENT_3D('',#2468,#1857,#1858);
#1602=AXIS2_PLACEMENT_3D('',#2469,#1859,#1860);
#1603=AXIS2_PLACEMENT_3D('',#2470,#1861,#1862);
#1604=AXIS2_PLACEMENT_3D('',#2471,#1863,#1864);
#1605=AXIS2_PLACEMENT_3D('',#2475,#1866,#1867);
#1606=AXIS2_PLACEMENT_3D('',#2476,#1868,#1869);
#1607=AXIS2_PLACEMENT_3D('',#2477,#1870,#1871);
#1608=AXIS2_PLACEMENT_3D('',#2480,#1873,#1874);
#1609=AXIS2_PLACEMENT_3D('',#2481,#1875,#1876);
#1610=AXIS2_PLACEMENT_3D('',#2484,#1878,#1879);
#1611=AXIS2_PLACEMENT_3D('',#2485,#1880,#1881);
#1612=AXIS2_PLACEMENT_3D('',#2488,#1883,#1884);
#1613=AXIS2_PLACEMENT_3D('',#2489,#1885,#1886);
#1614=AXIS2_PLACEMENT_3D('',#2495,#1887,#1888);
#1615=AXIS2_PLACEMENT_3D('',#2498,#1891,#1892);
#1616=AXIS2_PLACEMENT_3D('',#2499,#1893,#1894);
#1617=AXIS2_PLACEMENT_3D('',#2502,#1896,#1897);
#1618=AXIS2_PLACEMENT_3D('',#2505,#1899,#1900);
#1619=AXIS2_PLACEMENT_3D('',#2507,#1902,#1903);
#1620=AXIS2_PLACEMENT_3D('',#2508,#1904,#1905);
#1621=AXIS2_PLACEMENT_3D('',#2509,#1906,#1907);
#1622=AXIS2_PLACEMENT_3D('',#2510,#1908,#1909);
#1623=AXIS2_PLACEMENT_3D('',#2512,#1910,#1911);
#1624=AXIS2_PLACEMENT_3D('',#2517,#1913,#1914);
#1625=AXIS2_PLACEMENT_3D('',#2520,#1916,#1917);
#1626=AXIS2_PLACEMENT_3D('',#2523,#1919,#1920);
#1627=AXIS2_PLACEMENT_3D('',#2526,#1922,#1923);
#1628=AXIS2_PLACEMENT_3D('',#2531,#1926,#1927);
#1629=AXIS2_PLACEMENT_3D('',#2532,#1928,#1929);
#1630=AXIS2_PLACEMENT_3D('',#2535,#1931,#1932);
#1631=AXIS2_PLACEMENT_3D('',#2538,#1934,#1935);
#1632=AXIS2_PLACEMENT_3D('',#2542,#1938,#1939);
#1633=AXIS2_PLACEMENT_3D('',#2545,#1941,#1942);
#1634=AXIS2_PLACEMENT_3D('',#2549,#1944,#1945);
#1635=AXIS2_PLACEMENT_3D('',#2553,#1947,#1948);
#1636=AXIS2_PLACEMENT_3D('',#2556,#1950,#1951);
#1637=AXIS2_PLACEMENT_3D('',#2562,#1952,#1953);
#1638=AXIS2_PLACEMENT_3D('',#2568,#1954,#1955);
#1639=AXIS2_PLACEMENT_3D('',#2571,#1957,#1958);
#1640=AXIS2_PLACEMENT_3D('',#2612,#1960,#1961);
#1641=AXIS2_PLACEMENT_3D('',#2625,#1964,#1965);
#1642=AXIS2_PLACEMENT_3D('',#2626,#1966,#1967);
#1643=AXIS2_PLACEMENT_3D('',#2628,#1968,#1969);
#1644=AXIS2_PLACEMENT_3D('',#2634,#1973,#1974);
#1645=AXIS2_PLACEMENT_3D('',#2635,#1975,#1976);
#1646=AXIS2_PLACEMENT_3D('',#2636,#1977,#1978);
#1647=AXIS2_PLACEMENT_3D('',#2637,#1979,#1980);
#1648=AXIS2_PLACEMENT_3D('',#2638,#1981,#1982);
#1649=AXIS2_PLACEMENT_3D('',#2639,#1983,#1984);
#1650=AXIS2_PLACEMENT_3D('',#2640,#1985,#1986);
#1651=AXIS2_PLACEMENT_3D('',#2641,#1987,#1988);
#1652=AXIS2_PLACEMENT_3D('',#2642,#1989,#1990);
#1653=AXIS2_PLACEMENT_3D('',#2643,#1991,#1992);
#1654=AXIS2_PLACEMENT_3D('',#2648,#1994,#1995);
#1655=AXIS2_PLACEMENT_3D('',#2651,#1997,#1998);
#1656=AXIS2_PLACEMENT_3D('',#2652,#1999,#2000);
#1657=AXIS2_PLACEMENT_3D('',#2658,#2003,#2004);
#1658=AXIS2_PLACEMENT_3D('',#2662,#2006,#2007);
#1659=AXIS2_PLACEMENT_3D('',#2665,#2009,#2010);
#1660=AXIS2_PLACEMENT_3D('',#2676,#2011,#2012);
#1661=AXIS2_PLACEMENT_3D('',#2677,#2013,#2014);
#1662=AXIS2_PLACEMENT_3D('',#2682,#2017,#2018);
#1663=AXIS2_PLACEMENT_3D('',#2719,#2019,#2020);
#1664=AXIS2_PLACEMENT_3D('',#2729,#2026,#2027);
#1665=AXIS2_PLACEMENT_3D('',#2730,#2028,#2029);
#1666=AXIS2_PLACEMENT_3D('',#2733,#2031,#2032);
#1667=AXIS2_PLACEMENT_3D('',#2734,#2033,#2034);
#1668=AXIS2_PLACEMENT_3D('',#2737,#2036,#2037);
#1669=AXIS2_PLACEMENT_3D('',#2738,#2038,#2039);
#1670=AXIS2_PLACEMENT_3D('',#2743,#2041,#2042);
#1671=AXIS2_PLACEMENT_3D('',#2746,#2044,#2045);
#1672=AXIS2_PLACEMENT_3D('',#2752,#2047,#2048);
#1673=AXIS2_PLACEMENT_3D('',#2758,#2050,#2051);
#1674=AXIS2_PLACEMENT_3D('',#2759,#2052,#2053);
#1675=AXIS2_PLACEMENT_3D('',#2760,#2054,#2055);
#1676=AXIS2_PLACEMENT_3D('',#2763,#2057,#2058);
#1677=AXIS2_PLACEMENT_3D('',#2765,#2060,#2061);
#1678=AXIS2_PLACEMENT_3D('',#2767,#2062,#2063);
#1679=AXIS2_PLACEMENT_3D('',#2768,#2064,#2065);
#1680=AXIS2_PLACEMENT_3D('',#2770,#2066,#2067);
#1681=AXIS2_PLACEMENT_3D('',#2771,#2068,#2069);
#1682=AXIS2_PLACEMENT_3D('',#2772,#2070,#2071);
#1683=AXIS2_PLACEMENT_3D('',#2773,#2072,#2073);
#1684=AXIS2_PLACEMENT_3D('',#2807,#2082,#2083);
#1685=AXIS2_PLACEMENT_3D('',#2808,#2084,#2085);
#1686=AXIS2_PLACEMENT_3D('',#2810,#2086,#2087);
#1687=AXIS2_PLACEMENT_3D('',#2814,#2089,#2090);
#1688=AXIS2_PLACEMENT_3D('',#2815,#2091,#2092);
#1689=AXIS2_PLACEMENT_3D('',#2818,#2094,#2095);
#1690=AXIS2_PLACEMENT_3D('',#2819,#2096,#2097);
#1691=AXIS2_PLACEMENT_3D('',#2822,#2099,#2100);
#1692=AXIS2_PLACEMENT_3D('',#2823,#2101,#2102);
#1693=AXIS2_PLACEMENT_3D('',#2825,#2104,#2105);
#1694=AXIS2_PLACEMENT_3D('',#2828,#2107,#2108);
#1695=AXIS2_PLACEMENT_3D('',#2829,#2109,#2110);
#1696=AXIS2_PLACEMENT_3D('',#2832,#2112,#2113);
#1697=AXIS2_PLACEMENT_3D('',#2833,#2114,#2115);
#1698=AXIS2_PLACEMENT_3D('',#2834,#2116,#2117);
#1699=AXIS2_PLACEMENT_3D('',#2840,#2118,#2119);
#1700=AXIS2_PLACEMENT_3D('',#2841,#2120,#2121);
#1701=AXIS2_PLACEMENT_3D('',#2871,#2123,#2124);
#1702=AXIS2_PLACEMENT_3D('',#2872,#2125,#2126);
#1703=AXIS2_PLACEMENT_3D('',#2874,#2127,#2128);
#1704=AXIS2_PLACEMENT_3D('',#2875,#2129,#2130);
#1705=DIRECTION('',(0.,0.,1.));
#1706=DIRECTION('',(1.,0.,0.));
#1707=DIRECTION('',(0.339546130396602,-0.940589403157772,0.));
#1708=DIRECTION('',(0.940589403157772,0.339546130396602,0.));
#1709=DIRECTION('',(-6.65043887197447E-17,-2.40076145535663E-17,1.));
#1710=DIRECTION('',(0.940589403157772,0.339546130396602,0.));
#1711=DIRECTION('',(0.,0.,-1.));
#1712=DIRECTION('',(-0.940589403157772,-0.339546130396602,0.));
#1713=DIRECTION('',(0.,0.,-1.));
#1714=DIRECTION('',(0.940589403157772,0.339546130396602,0.));
#1715=DIRECTION('',(0.,0.,-1.));
#1716=DIRECTION('',(0.,0.,-1.));
#1717=DIRECTION('',(0.339546130396603,-0.940589403157772,0.));
#1718=DIRECTION('',(0.940589403157772,0.339546130396603,0.));
#1719=DIRECTION('',(0.940589403157772,0.339546130396603,0.));
#1720=DIRECTION('',(0.,0.,1.));
#1721=DIRECTION('',(0.,0.,-1.));
#1722=DIRECTION('',(0.,0.,-1.));
#1723=DIRECTION('',(0.,0.,-1.));
#1724=DIRECTION('',(0.,0.,-1.));
#1725=DIRECTION('',(0.940589403157772,0.339546130396603,0.));
#1726=DIRECTION('',(0.,0.,-1.));
#1727=DIRECTION('',(-0.940589403157772,-0.339546130396603,0.));
#1728=DIRECTION('',(0.,0.,-1.));
#1729=DIRECTION('',(0.984347382863375,-0.176239126898724,6.12323399573677E-17));
#1730=DIRECTION('',(0.176239126898724,0.984347382863375,1.09631359009263E-17));
#1731=DIRECTION('',(-5.40433984475258E-17,4.55906828176711E-17,1.));
#1732=DIRECTION('',(0.176239126898724,0.984347382863375,0.));
#1733=DIRECTION('',(0.,0.,-1.));
#1734=DIRECTION('',(-0.176239126898724,-0.984347382863375,0.));
#1735=DIRECTION('',(0.,0.,-1.));
#1736=DIRECTION('',(0.176239126898724,0.984347382863375,0.));
#1737=DIRECTION('',(0.,0.,-1.));
#1738=DIRECTION('',(0.,0.,-1.));
#1739=DIRECTION('',(0.,0.,-1.));
#1740=DIRECTION('',(0.,0.,-1.));
#1741=DIRECTION('',(0.5,-0.866025403784439,0.));
#1742=DIRECTION('',(0.866025403784439,0.5,0.));
#1743=DIRECTION('',(0.612372435695795,0.353553390593274,0.707106781186547));
#1744=DIRECTION('',(0.,0.,-1.));
#1745=DIRECTION('',(-0.612372435695794,-0.353553390593274,0.707106781186548));
#1746=DIRECTION('',(0.,0.,-1.));
#1747=DIRECTION('',(0.,0.,-1.));
#1748=DIRECTION('',(-1.,0.,0.));
#1749=DIRECTION('',(0.,0.,-1.));
#1750=DIRECTION('',(-1.,0.,0.));
#1751=DIRECTION('',(0.,0.,-1.));
#1752=DIRECTION('',(1.,0.,0.));
#1753=DIRECTION('',(0.,0.,-1.));
#1754=DIRECTION('',(-1.,0.,0.));
#1755=DIRECTION('',(0.,0.,-1.));
#1756=DIRECTION('',(-1.,0.,0.));
#1757=DIRECTION('',(0.,0.,-1.));
#1758=DIRECTION('',(-1.,0.,0.));
#1759=DIRECTION('',(0.,0.,1.));
#1760=DIRECTION('',(1.,0.,0.));
#1761=DIRECTION('',(0.,0.,-1.));
#1762=DIRECTION('',(-1.,0.,0.));
#1763=DIRECTION('',(0.,0.,-1.));
#1764=DIRECTION('',(-1.,0.,0.));
#1765=DIRECTION('',(0.,0.,-1.));
#1766=DIRECTION('',(-1.,0.,0.));
#1767=DIRECTION('',(0.,0.,-1.));
#1768=DIRECTION('',(-1.,0.,0.));
#1769=DIRECTION('',(0.,0.,-1.));
#1770=DIRECTION('',(-1.,0.,0.));
#1771=DIRECTION('',(0.,0.,-1.));
#1772=DIRECTION('',(-1.,0.,0.));
#1773=DIRECTION('',(0.,0.,-1.));
#1774=DIRECTION('',(-1.,0.,0.));
#1775=DIRECTION('',(0.,0.,-1.));
#1776=DIRECTION('',(-1.,0.,0.));
#1777=DIRECTION('',(0.,0.,-1.));
#1778=DIRECTION('',(-1.,0.,0.));
#1779=DIRECTION('',(0.,0.,1.));
#1780=DIRECTION('',(1.,0.,0.));
#1781=DIRECTION('',(0.,0.,-1.));
#1782=DIRECTION('',(-1.,0.,0.));
#1783=DIRECTION('',(0.,0.,-1.));
#1784=DIRECTION('',(-1.,0.,0.));
#1785=DIRECTION('',(0.,0.,1.));
#1786=DIRECTION('',(1.,0.,0.));
#1787=DIRECTION('',(0.,0.,-1.));
#1788=DIRECTION('',(1.,0.,0.));
#1789=DIRECTION('',(0.,0.,-1.));
#1790=DIRECTION('',(-1.,0.,0.));
#1791=DIRECTION('',(0.,0.,-1.));
#1792=DIRECTION('',(-1.,0.,0.));
#1793=DIRECTION('',(0.,0.,-1.));
#1794=DIRECTION('',(-1.,0.,0.));
#1795=DIRECTION('',(0.,0.,-1.));
#1796=DIRECTION('',(1.,0.,0.));
#1797=DIRECTION('',(0.,0.,-1.));
#1798=DIRECTION('',(-1.,0.,0.));
#1799=DIRECTION('',(0.,0.,-1.));
#1800=DIRECTION('',(-1.,0.,0.));
#1801=DIRECTION('',(0.,0.,-1.));
#1802=DIRECTION('',(-1.,0.,0.));
#1803=DIRECTION('',(0.,0.,1.));
#1804=DIRECTION('',(1.,0.,0.));
#1805=DIRECTION('',(-0.764350276259047,0.644801252466773,0.));
#1806=DIRECTION('',(0.,0.,-1.));
#1807=DIRECTION('',(-1.,0.,0.));
#1808=DIRECTION('',(-0.764350276259047,0.644801252466773,0.));
#1809=DIRECTION('',(0.,0.,1.));
#1810=DIRECTION('',(1.,0.,0.));
#1811=DIRECTION('',(-0.764350276259047,0.644801252466773,0.));
#1812=DIRECTION('',(0.,0.,-1.));
#1813=DIRECTION('',(-1.,0.,0.));
#1814=DIRECTION('',(-0.764350276259047,0.644801252466773,0.));
#1815=DIRECTION('',(0.176239126898724,0.984347382863375,0.));
#1816=DIRECTION('',(0.,0.,-1.));
#1817=DIRECTION('',(-1.,0.,0.));
#1818=DIRECTION('',(0.176239126898724,0.984347382863375,0.));
#1819=DIRECTION('',(0.,0.,1.));
#1820=DIRECTION('',(1.,0.,0.));
#1821=DIRECTION('',(0.,0.,-1.));
#1822=DIRECTION('',(-1.,0.,0.));
#1823=DIRECTION('',(0.,0.,-1.));
#1824=DIRECTION('',(-1.,0.,0.));
#1825=DIRECTION('',(0.,0.,-1.));
#1826=DIRECTION('',(-1.,0.,0.));
#1827=DIRECTION('',(0.,0.,-1.));
#1828=DIRECTION('',(-1.,0.,0.));
#1829=DIRECTION('',(0.,0.,-1.));
#1830=DIRECTION('',(0.,0.,-1.));
#1831=DIRECTION('',(0.,0.,1.));
#1832=DIRECTION('',(1.,0.,0.));
#1833=DIRECTION('',(0.,0.,-1.));
#1834=DIRECTION('',(-1.,0.,0.));
#1835=DIRECTION('',(0.,0.,-1.));
#1836=DIRECTION('',(-1.,0.,0.));
#1837=DIRECTION('',(0.,0.,-1.));
#1838=DIRECTION('',(0.,0.,-1.));
#1839=DIRECTION('',(0.,0.,-1.));
#1840=DIRECTION('',(-1.,0.,0.));
#1841=DIRECTION('',(0.,0.,-1.));
#1842=DIRECTION('',(0.,0.,-1.));
#1843=DIRECTION('',(-1.,0.,0.));
#1844=DIRECTION('',(0.,0.,-1.));
#1845=DIRECTION('',(0.,0.,-1.));
#1846=DIRECTION('',(1.,0.,0.));
#1847=DIRECTION('',(0.764350276259047,-0.644801252466773,0.));
#1848=DIRECTION('',(0.644801252466773,0.764350276259047,0.));
#1849=DIRECTION('',(-0.764350276259047,0.644801252466773,0.));
#1850=DIRECTION('',(0.644801252466773,0.764350276259047,0.));
#1851=DIRECTION('',(-0.764350276259047,0.644801252466773,0.));
#1852=DIRECTION('',(0.,0.,-1.));
#1853=DIRECTION('',(0.764350276259047,-0.644801252466773,0.));
#1854=DIRECTION('',(0.,0.,-1.));
#1855=DIRECTION('',(0.,0.,-1.));
#1856=DIRECTION('',(1.,0.,0.));
#1857=DIRECTION('',(0.,0.,-1.));
#1858=DIRECTION('',(-1.,0.,0.));
#1859=DIRECTION('',(0.,0.,-1.));
#1860=DIRECTION('',(-1.,0.,0.));
#1861=DIRECTION('',(0.,0.,-1.));
#1862=DIRECTION('',(-1.,0.,0.));
#1863=DIRECTION('',(0.,0.,-1.));
#1864=DIRECTION('',(-1.,0.,0.));
#1865=DIRECTION('',(0.,0.,-1.));
#1866=DIRECTION('',(0.,0.,-1.));
#1867=DIRECTION('',(-1.,0.,0.));
#1868=DIRECTION('',(0.,0.,1.));
#1869=DIRECTION('',(1.,0.,0.));
#1870=DIRECTION('',(0.,0.,-1.));
#1871=DIRECTION('',(-1.,0.,0.));
#1872=DIRECTION('',(0.18301270189222,0.683012701892219,0.707106781186548));
#1873=DIRECTION('',(0.,0.,-1.));
#1874=DIRECTION('',(-1.,0.,0.));
#1875=DIRECTION('',(0.,0.,-1.));
#1876=DIRECTION('',(-1.,0.,0.));
#1877=DIRECTION('',(-0.18301270189222,-0.683012701892219,0.707106781186548));
#1878=DIRECTION('',(0.,0.,-1.));
#1879=DIRECTION('',(-1.,0.,0.));
#1880=DIRECTION('',(0.,0.,-1.));
#1881=DIRECTION('',(-1.,0.,0.));
#1882=DIRECTION('',(0.,0.,-1.));
#1883=DIRECTION('',(0.,0.,1.));
#1884=DIRECTION('',(1.,0.,0.));
#1885=DIRECTION('',(0.,0.,-1.));
#1886=DIRECTION('',(-1.,0.,0.));
#1887=DIRECTION('',(0.,0.,-1.));
#1888=DIRECTION('',(-1.,0.,0.));
#1889=DIRECTION('',(0.,0.,-1.));
#1890=DIRECTION('',(0.,0.,-1.));
#1891=DIRECTION('',(0.965925826289068,-0.258819045102521,0.));
#1892=DIRECTION('',(0.258819045102521,0.965925826289068,0.));
#1893=DIRECTION('',(0.,0.,-1.));
#1894=DIRECTION('',(-1.,0.,0.));
#1895=DIRECTION('',(0.,0.,-1.));
#1896=DIRECTION('',(0.,0.,-1.));
#1897=DIRECTION('',(-1.,0.,0.));
#1898=DIRECTION('',(0.,0.,-1.));
#1899=DIRECTION('',(0.,0.,-1.));
#1900=DIRECTION('',(1.,0.,0.));
#1901=DIRECTION('',(-0.176239126898724,-0.984347382863375,0.));
#1902=DIRECTION('',(0.984347382863375,-0.176239126898724,6.12323399573677E-17));
#1903=DIRECTION('',(0.176239126898724,0.984347382863375,1.09631359009263E-17));
#1904=DIRECTION('',(0.,0.,1.));
#1905=DIRECTION('',(1.,0.,0.));
#1906=DIRECTION('',(0.,0.,-1.));
#1907=DIRECTION('',(1.,0.,0.));
#1908=DIRECTION('',(0.,0.,-1.));
#1909=DIRECTION('',(-1.,0.,0.));
#1910=DIRECTION('',(0.,0.,-1.));
#1911=DIRECTION('',(-1.,0.,0.));
#1912=DIRECTION('',(0.764350276259047,-0.644801252466773,0.));
#1913=DIRECTION('',(0.,0.,-1.));
#1914=DIRECTION('',(-1.,0.,0.));
#1915=DIRECTION('',(-0.940589403157772,-0.339546130396603,0.));
#1916=DIRECTION('',(0.,0.,-1.));
#1917=DIRECTION('',(-1.,0.,0.));
#1918=DIRECTION('',(0.,0.,-1.));
#1919=DIRECTION('',(0.,0.,-1.));
#1920=DIRECTION('',(-1.,0.,0.));
#1921=DIRECTION('',(0.,0.,-1.));
#1922=DIRECTION('',(0.,0.,-1.));
#1923=DIRECTION('',(-1.,0.,0.));
#1924=DIRECTION('',(0.,0.,-1.));
#1925=DIRECTION('',(0.,0.,-1.));
#1926=DIRECTION('',(0.,0.,-1.));
#1927=DIRECTION('',(-1.,0.,0.));
#1928=DIRECTION('',(0.,0.,1.));
#1929=DIRECTION('',(1.,0.,0.));
#1930=DIRECTION('',(-0.764350276259047,0.644801252466773,0.));
#1931=DIRECTION('',(0.,0.,1.));
#1932=DIRECTION('',(1.,0.,0.));
#1933=DIRECTION('',(0.940589403157772,0.339546130396603,0.));
#1934=DIRECTION('',(0.,0.,1.));
#1935=DIRECTION('',(1.,0.,0.));
#1936=DIRECTION('',(-0.764350276259047,0.644801252466773,0.));
#1937=DIRECTION('',(0.940589403157772,0.339546130396603,0.));
#1938=DIRECTION('',(0.,0.,-1.));
#1939=DIRECTION('',(-1.,0.,0.));
#1940=DIRECTION('',(0.,0.,-1.));
#1941=DIRECTION('',(0.,0.,-1.));
#1942=DIRECTION('',(-1.,0.,0.));
#1943=DIRECTION('',(0.,0.,-1.));
#1944=DIRECTION('',(0.,0.,-1.));
#1945=DIRECTION('',(-1.,0.,0.));
#1946=DIRECTION('',(0.,0.,-1.));
#1947=DIRECTION('',(0.,0.,-1.));
#1948=DIRECTION('',(-1.,0.,0.));
#1949=DIRECTION('',(0.,0.,-1.));
#1950=DIRECTION('',(0.,0.,1.));
#1951=DIRECTION('',(1.,0.,0.));
#1952=DIRECTION('',(0.,0.,-1.));
#1953=DIRECTION('',(-1.,0.,0.));
#1954=DIRECTION('',(0.,0.,-1.));
#1955=DIRECTION('',(-1.,0.,0.));
#1956=DIRECTION('',(0.,0.,-1.));
#1957=DIRECTION('',(0.,0.,-1.));
#1958=DIRECTION('',(-1.,0.,0.));
#1959=DIRECTION('',(0.,0.,-1.));
#1960=DIRECTION('',(0.339546130396603,-0.940589403157772,0.));
#1961=DIRECTION('',(0.940589403157772,0.339546130396603,0.));
#1962=DIRECTION('',(0.,0.,1.));
#1963=DIRECTION('',(0.,0.,-1.));
#1964=DIRECTION('',(0.,0.,-1.));
#1965=DIRECTION('',(1.,0.,0.));
#1966=DIRECTION('',(0.,0.,-1.));
#1967=DIRECTION('',(-1.,0.,0.));
#1968=DIRECTION('',(0.965925826289068,-0.258819045102521,0.));
#1969=DIRECTION('',(0.258819045102521,0.965925826289068,0.));
#1970=DIRECTION('',(0.18301270189222,0.68301270189222,0.707106781186547));
#1971=DIRECTION('',(0.,0.,-1.));
#1972=DIRECTION('',(-0.183012701892219,-0.683012701892219,0.707106781186548));
#1973=DIRECTION('',(0.,0.,-1.));
#1974=DIRECTION('',(-1.,0.,0.));
#1975=DIRECTION('',(0.,0.,1.));
#1976=DIRECTION('',(1.,0.,0.));
#1977=DIRECTION('',(0.,0.,-1.));
#1978=DIRECTION('',(-1.,0.,0.));
#1979=DIRECTION('',(0.,0.,-1.));
#1980=DIRECTION('',(-1.,0.,0.));
#1981=DIRECTION('',(0.,0.,-1.));
#1982=DIRECTION('',(-1.,0.,0.));
#1983=DIRECTION('',(0.,0.,-1.));
#1984=DIRECTION('',(-1.,0.,0.));
#1985=DIRECTION('',(0.644801252466773,0.764350276259047,0.));
#1986=DIRECTION('',(-0.764350276259047,0.644801252466773,0.));
#1987=DIRECTION('',(0.,0.,1.));
#1988=DIRECTION('',(1.,0.,0.));
#1989=DIRECTION('',(0.,0.,1.));
#1990=DIRECTION('',(1.,0.,0.));
#1991=DIRECTION('',(0.,0.,1.));
#1992=DIRECTION('',(1.,0.,0.));
#1993=DIRECTION('',(-0.764350276259047,0.644801252466773,0.));
#1994=DIRECTION('',(0.,0.,-1.));
#1995=DIRECTION('',(-1.,0.,0.));
#1996=DIRECTION('',(0.176239126898724,0.984347382863375,0.));
#1997=DIRECTION('',(0.,0.,-1.));
#1998=DIRECTION('',(-1.,0.,0.));
#1999=DIRECTION('',(0.,0.,-1.));
#2000=DIRECTION('',(-1.,0.,0.));
#2001=DIRECTION('',(0.,0.,-1.));
#2002=DIRECTION('',(0.,0.,-1.));
#2003=DIRECTION('',(0.,0.,-1.));
#2004=DIRECTION('',(-1.,0.,0.));
#2005=DIRECTION('',(0.,0.,-1.));
#2006=DIRECTION('',(0.,0.,-1.));
#2007=DIRECTION('',(-1.,0.,0.));
#2008=DIRECTION('',(0.,0.,-1.));
#2009=DIRECTION('',(0.,0.,1.));
#2010=DIRECTION('',(1.,0.,0.));
#2011=DIRECTION('',(0.,0.,-1.));
#2012=DIRECTION('',(-1.,0.,0.));
#2013=DIRECTION('',(0.,0.,-1.));
#2014=DIRECTION('',(-1.,0.,0.));
#2015=DIRECTION('',(0.,0.,-1.));
#2016=DIRECTION('',(0.,0.,-1.));
#2017=DIRECTION('',(0.,0.,-1.));
#2018=DIRECTION('',(-1.,0.,0.));
#2019=DIRECTION('',(0.644801252466773,0.764350276259047,0.));
#2020=DIRECTION('',(-0.764350276259047,0.644801252466773,0.));
#2021=DIRECTION('',(-5.40433984475258E-17,4.55906828176711E-17,1.));
#2022=DIRECTION('',(-0.764350276259047,0.644801252466773,0.));
#2023=DIRECTION('',(0.,0.,-1.));
#2024=DIRECTION('',(0.764350276259047,-0.644801252466773,0.));
#2025=DIRECTION('',(0.,0.,-1.));
#2026=DIRECTION('',(0.,0.,-1.));
#2027=DIRECTION('',(-1.,0.,0.));
#2028=DIRECTION('',(0.,0.,-1.));
#2029=DIRECTION('',(-1.,0.,0.));
#2030=DIRECTION('',(0.,0.,-1.));
#2031=DIRECTION('',(0.,0.,1.));
#2032=DIRECTION('',(1.,0.,0.));
#2033=DIRECTION('',(0.,0.,-1.));
#2034=DIRECTION('',(-1.,0.,0.));
#2035=DIRECTION('',(0.176239126898724,0.984347382863375,0.));
#2036=DIRECTION('',(0.,0.,-1.));
#2037=DIRECTION('',(-1.,0.,0.));
#2038=DIRECTION('',(0.,0.,-1.));
#2039=DIRECTION('',(-1.,0.,0.));
#2040=DIRECTION('',(0.,0.,-1.));
#2041=DIRECTION('',(0.,0.,-1.));
#2042=DIRECTION('',(-1.,0.,0.));
#2043=DIRECTION('',(0.,0.,-1.));
#2044=DIRECTION('',(0.,0.,-1.));
#2045=DIRECTION('',(-1.,0.,0.));
#2046=DIRECTION('',(-0.612372435695795,-0.353553390593274,0.707106781186548));
#2047=DIRECTION('',(0.,0.,1.));
#2048=DIRECTION('',(1.,0.,0.));
#2049=DIRECTION('',(0.612372435695795,0.353553390593274,0.707106781186548));
#2050=DIRECTION('',(0.5,-0.866025403784439,0.));
#2051=DIRECTION('',(0.866025403784439,0.5,0.));
#2052=DIRECTION('',(0.,0.,-1.));
#2053=DIRECTION('',(-1.,0.,0.));
#2054=DIRECTION('',(0.,0.,-1.));
#2055=DIRECTION('',(-1.,0.,0.));
#2056=DIRECTION('',(0.,0.,-1.));
#2057=DIRECTION('',(0.,0.,-1.));
#2058=DIRECTION('',(1.,0.,0.));
#2059=DIRECTION('',(-0.176239126898724,-0.984347382863375,0.));
#2060=DIRECTION('',(0.,0.,-1.));
#2061=DIRECTION('',(-1.,0.,0.));
#2062=DIRECTION('',(0.,0.,-1.));
#2063=DIRECTION('',(-1.,0.,0.));
#2064=DIRECTION('',(0.,0.,-1.));
#2065=DIRECTION('',(-1.,0.,0.));
#2066=DIRECTION('',(0.,0.,-1.));
#2067=DIRECTION('',(1.,0.,0.));
#2068=DIRECTION('',(0.984347382863375,-0.176239126898724,6.12323399573677E-17));
#2069=DIRECTION('',(0.176239126898724,0.984347382863375,1.09631359009263E-17));
#2070=DIRECTION('',(0.,0.,1.));
#2071=DIRECTION('',(1.,0.,0.));
#2072=DIRECTION('',(0.339546130396602,-0.940589403157772,0.));
#2073=DIRECTION('',(0.940589403157772,0.339546130396602,0.));
#2074=DIRECTION('',(0.940589403157772,0.339546130396602,0.));
#2075=DIRECTION('',(-6.65043887197447E-17,-2.40076145535663E-17,1.));
#2076=DIRECTION('',(0.,0.,-1.));
#2077=DIRECTION('',(0.,0.,-1.));
#2078=DIRECTION('',(0.940589403157772,0.339546130396602,0.));
#2079=DIRECTION('',(0.,0.,-1.));
#2080=DIRECTION('',(-0.940589403157772,-0.339546130396602,0.));
#2081=DIRECTION('',(0.,0.,-1.));
#2082=DIRECTION('',(0.,0.,-1.));
#2083=DIRECTION('',(1.,0.,0.));
#2084=DIRECTION('',(0.,0.,-1.));
#2085=DIRECTION('',(-1.,0.,0.));
#2086=DIRECTION('',(0.,0.,-1.));
#2087=DIRECTION('',(-1.,0.,0.));
#2088=DIRECTION('',(-0.176239126898724,-0.984347382863375,0.));
#2089=DIRECTION('',(0.,0.,-1.));
#2090=DIRECTION('',(-1.,0.,0.));
#2091=DIRECTION('',(0.,0.,-1.));
#2092=DIRECTION('',(-1.,0.,0.));
#2093=DIRECTION('',(0.,0.,-1.));
#2094=DIRECTION('',(0.,0.,-1.));
#2095=DIRECTION('',(-1.,0.,0.));
#2096=DIRECTION('',(0.,0.,-1.));
#2097=DIRECTION('',(-1.,0.,0.));
#2098=DIRECTION('',(0.,0.,-1.));
#2099=DIRECTION('',(0.,0.,-1.));
#2100=DIRECTION('',(-1.,0.,0.));
#2101=DIRECTION('',(0.,0.,1.));
#2102=DIRECTION('',(1.,0.,0.));
#2103=DIRECTION('',(0.176239126898724,0.984347382863375,0.));
#2104=DIRECTION('',(0.,0.,1.));
#2105=DIRECTION('',(1.,0.,0.));
#2106=DIRECTION('',(0.176239126898724,0.984347382863375,0.));
#2107=DIRECTION('',(0.,0.,1.));
#2108=DIRECTION('',(1.,0.,0.));
#2109=DIRECTION('',(0.,0.,-1.));
#2110=DIRECTION('',(-1.,0.,0.));
#2111=DIRECTION('',(0.,0.,-1.));
#2112=DIRECTION('',(0.,0.,-1.));
#2113=DIRECTION('',(-1.,0.,0.));
#2114=DIRECTION('',(0.,0.,1.));
#2115=DIRECTION('',(1.,0.,0.));
#2116=DIRECTION('',(0.,0.,-1.));
#2117=DIRECTION('',(-1.,0.,0.));
#2118=DIRECTION('',(0.,0.,-1.));
#2119=DIRECTION('',(-1.,0.,0.));
#2120=DIRECTION('',(0.,0.,-1.));
#2121=DIRECTION('',(-1.,0.,0.));
#2122=DIRECTION('',(0.,0.,-1.));
#2123=DIRECTION('',(0.,0.,-1.));
#2124=DIRECTION('',(1.,0.,0.));
#2125=DIRECTION('',(0.,0.,-1.));
#2126=DIRECTION('',(-1.,0.,0.));
#2127=DIRECTION('',(0.,0.,-1.));
#2128=DIRECTION('',(-1.,0.,0.));
#2129=DIRECTION('',(0.984347382863375,-0.176239126898724,6.12323399573677E-17));
#2130=DIRECTION('',(0.176239126898724,0.984347382863375,1.09631359009263E-17));
#2131=CARTESIAN_POINT('',(0.,0.,0.));
#2132=CARTESIAN_POINT('',(-0.0120185595087305,-0.00187086528977648,0.04));
#2133=CARTESIAN_POINT('',(-0.00210700142229646,0.00170713716607867,0.04));
#2134=CARTESIAN_POINT('',(-0.00210700142229646,0.00170713716607867,0.04));
#2135=CARTESIAN_POINT('',(-0.00210700142229646,0.00170713716607867,0.106865046680046));
#2136=CARTESIAN_POINT('',(-0.000788133870085562,0.00218323903619908,0.04));
#2137=CARTESIAN_POINT('',(-0.00263854339082847,0.00151525427014925,0.04));
#2138=CARTESIAN_POINT('',(-0.00263854339082847,0.00151525427014925,0.055));
#2139=CARTESIAN_POINT('',(-0.00263854339082847,0.00151525427014925,0.055));
#2140=CARTESIAN_POINT('',(-0.00108658796941988,0.00207549921456197,0.055));
#2141=CARTESIAN_POINT('',(-0.00366209084334684,0.00114576086993324,0.055));
#2142=CARTESIAN_POINT('',(-0.00366209084334684,0.00114576086993324,0.055));
#2143=CARTESIAN_POINT('',(-0.00366209084334684,0.00114576086993324,0.04));
#2144=CARTESIAN_POINT('',(-0.000788133870085562,0.00218323903619908,0.04));
#2145=CARTESIAN_POINT('',(-0.00896706104684687,-0.000769295900237039,0.04));
#2146=CARTESIAN_POINT('',(-0.00896706104684687,-0.000769295900237039,0.065));
#2147=CARTESIAN_POINT('',(-0.00896706104684687,-0.000769295900237039,0.0615));
#2148=CARTESIAN_POINT('',(-0.00896706104684687,-0.000769295900237043,0.0615));
#2149=CARTESIAN_POINT('',(-0.0121819114576336,-0.00192983418944363,0.0648022841375511));
#2150=CARTESIAN_POINT('',(-0.015352758495569,-0.00307448757188226,0.0681521519178341));
#2151=CARTESIAN_POINT('',(-0.0185254732662836,-0.00421981519266091,0.0715));
#2152=CARTESIAN_POINT('',(-0.0185254732662836,-0.00421981519266091,0.0715));
#2153=CARTESIAN_POINT('',(-0.0185254732662836,-0.00421981519266091,0.086));
#2154=CARTESIAN_POINT('',(-0.0185254732662836,-0.00421981519266091,0.0915));
#2155=CARTESIAN_POINT('',(-0.0185254732662836,-0.00421981519266091,0.0915));
#2156=CARTESIAN_POINT('',(-0.018424347643986,-0.0041833095573435,0.0925442258366059));
#2157=CARTESIAN_POINT('',(-0.0179298219768431,-0.00400478928473947,0.0945411477043637));
#2158=CARTESIAN_POINT('',(-0.0165514136578591,-0.00350719361839857,0.097327233020084));
#2159=CARTESIAN_POINT('',(-0.0147695983784741,-0.00286397088894236,0.099765719786091));
#2160=CARTESIAN_POINT('',(-0.0126389828017956,-0.00209483371602167,0.10193155533911));
#2161=CARTESIAN_POINT('',(-0.010303742459885,-0.0012518284482824,0.103736476793275));
#2162=CARTESIAN_POINT('',(-0.00771820659358443,-0.000318468264277911,0.105230428014695));
#2163=CARTESIAN_POINT('',(-0.00499501807455433,0.000664583555009941,0.106318965601523));
#2164=CARTESIAN_POINT('',(-0.00307718596968061,0.00135690739767077,0.10675400355823));
#2165=CARTESIAN_POINT('',(-0.00210700142229647,0.00170713716607866,0.106865046680046));
#2166=CARTESIAN_POINT('',(-0.00974125237418156,-0.00604139982509922,0.04));
#2167=CARTESIAN_POINT('',(0.000806378634070282,-0.00223377953756511,0.04));
#2168=CARTESIAN_POINT('',(-0.00089858870158935,-0.0028492607021756,0.04));
#2169=CARTESIAN_POINT('',(-0.000401664133990637,-0.00266987444345242,0.04));
#2170=CARTESIAN_POINT('',(-0.000401664133990637,-0.00266987444345242,0.04));
#2171=CARTESIAN_POINT('',(-0.000401664133990639,-0.00266987444345242,0.106867513308742));
#2172=CARTESIAN_POINT('',(-0.0169246667531216,-0.00863456167363354,0.0915));
#2173=CARTESIAN_POINT('',(-0.0168230694796352,-0.00859788577556864,0.0925487238525125));
#2174=CARTESIAN_POINT('',(-0.0163249264507713,-0.00841805966093567,0.0945540502262793));
#2175=CARTESIAN_POINT('',(-0.0149368343148599,-0.00791696820508858,0.0973497194174771));
#2176=CARTESIAN_POINT('',(-0.0131424836074114,-0.00726922027464935,0.0997954961797781));
#2177=CARTESIAN_POINT('',(-0.0109982052012371,-0.00649515091679228,0.101964768969219));
#2178=CARTESIAN_POINT('',(-0.00864818854745358,-0.0056468115048439,0.103770308086836));
#2179=CARTESIAN_POINT('',(-0.00604500169160515,-0.00470707943829586,0.105261404306886));
#2180=CARTESIAN_POINT('',(-0.00330748761378081,-0.00371885619347628,0.10634066327138));
#2181=CARTESIAN_POINT('',(-0.00137580555367043,-0.00302153261480845,0.106765243110605));
#2182=CARTESIAN_POINT('',(-0.00040166413399064,-0.00266987444345242,0.106867513308742));
#2183=CARTESIAN_POINT('',(-0.0169246667531216,-0.00863456167363354,0.0915));
#2184=CARTESIAN_POINT('',(-0.0169246667531216,-0.00863456167363354,0.086));
#2185=CARTESIAN_POINT('',(-0.0169246667531216,-0.00863456167363354,0.0715));
#2186=CARTESIAN_POINT('',(-0.00735888997323858,-0.00518138382691041,0.0615));
#2187=CARTESIAN_POINT('',(-0.010577574955544,-0.00634330636934856,0.0648007017014236));
#2188=CARTESIAN_POINT('',(-0.0137501334081887,-0.00748857756040815,0.0681514216072468));
#2189=CARTESIAN_POINT('',(-0.0169246667531216,-0.00863456167363354,0.0715));
#2190=CARTESIAN_POINT('',(-0.00735888997323858,-0.00518138382691041,0.0615));
#2191=CARTESIAN_POINT('',(-0.00735888997323858,-0.00518138382691041,0.065));
#2192=CARTESIAN_POINT('',(-0.00735888997323858,-0.00518138382691041,0.0565));
#2193=CARTESIAN_POINT('',(-0.00929609375850824,-0.00588070070935633,0.0545));
#2194=CARTESIAN_POINT('',(-0.00865207684764893,-0.0056482151537482,0.0551685472324721));
#2195=CARTESIAN_POINT('',(-0.00800673644391663,-0.00541525182656183,0.0558356454701893));
#2196=CARTESIAN_POINT('',(-0.00735888997323858,-0.00518138382691041,0.0565));
#2197=CARTESIAN_POINT('',(-0.00929609375850824,-0.00588070070935633,0.0545));
#2198=CARTESIAN_POINT('',(-0.00929609375850824,-0.00588070070935633,0.0605));
#2199=CARTESIAN_POINT('',(-0.00929609375850824,-0.00588070070935633,0.0495));
#2200=CARTESIAN_POINT('',(-0.00735888997323858,-0.00518138382691041,0.0475));
#2201=CARTESIAN_POINT('',(-0.00800673644391663,-0.00541525182656183,0.0481643545298107));
#2202=CARTESIAN_POINT('',(-0.00865207684764893,-0.0056482151537482,0.0488314527675279));
#2203=CARTESIAN_POINT('',(-0.00929609375850825,-0.00588070070935633,0.0495));
#2204=CARTESIAN_POINT('',(-0.00735888997323858,-0.00518138382691041,0.0475));
#2205=CARTESIAN_POINT('',(-0.00735888997323858,-0.00518138382691041,0.065));
#2206=CARTESIAN_POINT('',(-0.00735888997323858,-0.00518138382691041,0.04));
#2207=CARTESIAN_POINT('',(0.000806378634070282,-0.00223377953756511,0.04));
#2208=CARTESIAN_POINT('',(-0.00217014900013025,-0.00330828498789051,0.04));
#2209=CARTESIAN_POINT('',(-0.00217014900013025,-0.00330828498789051,0.055));
#2210=CARTESIAN_POINT('',(-0.00217014900013025,-0.00330828498789051,0.055));
#2211=CARTESIAN_POINT('',(0.000507924534735963,-0.00234151935920222,0.055));
#2212=CARTESIAN_POINT('',(-0.000898588701589348,-0.0028492607021756,0.055));
#2213=CARTESIAN_POINT('',(-0.00089858870158935,-0.0028492607021756,0.055));
#2214=CARTESIAN_POINT('',(0.00415625238238849,0.00983622232962384,0.04));
#2215=CARTESIAN_POINT('',(0.00256361566894879,0.000940877644743628,0.04));
#2216=CARTESIAN_POINT('',(0.00256361566894879,0.000940877644743629,0.04));
#2217=CARTESIAN_POINT('',(0.00256361566894879,0.000940877644743631,0.106861073879877));
#2218=CARTESIAN_POINT('',(0.00232076523083308,-0.000415513511936371,0.04));
#2219=CARTESIAN_POINT('',(0.00264633281288536,0.00140287723351076,0.04));
#2220=CARTESIAN_POINT('',(0.00264633281288536,0.00140287723351076,0.055));
#2221=CARTESIAN_POINT('',(0.00264633281288536,0.00140287723351076,0.055));
#2222=CARTESIAN_POINT('',(0.00215864791485365,-0.00132098642541077,0.055));
#2223=CARTESIAN_POINT('',(0.00288040667118482,0.00271024860936998,0.055));
#2224=CARTESIAN_POINT('',(0.00288040667118482,0.00271024860936998,0.055));
#2225=CARTESIAN_POINT('',(0.00288040667118482,0.00271024860936998,0.04));
#2226=CARTESIAN_POINT('',(0.00232076523083308,-0.000415513511936371,0.04));
#2227=CARTESIAN_POINT('',(0.00385152554494182,0.00813423327527928,0.04));
#2228=CARTESIAN_POINT('',(0.00385152554494182,0.00813423327527928,0.065));
#2229=CARTESIAN_POINT('',(0.00385152554494182,0.00813423327527928,0.0475));
#2230=CARTESIAN_POINT('',(0.00421434288523525,0.0101606748814076,0.0495));
#2231=CARTESIAN_POINT('',(0.00409372070690595,0.0094869645218348,0.0488314822593728));
#2232=CARTESIAN_POINT('',(0.00397285429256857,0.00881189003228944,0.0481643909903234));
#2233=CARTESIAN_POINT('',(0.00385152554494181,0.00813423327527928,0.0475));
#2234=CARTESIAN_POINT('',(0.00421434288523526,0.0101606748814076,0.0495));
#2235=CARTESIAN_POINT('',(0.00421434288523526,0.0101606748814076,0.0605));
#2236=CARTESIAN_POINT('',(0.00421434288523526,0.0101606748814076,0.0545));
#2237=CARTESIAN_POINT('',(0.00385152554494181,0.00813423327527928,0.0565));
#2238=CARTESIAN_POINT('',(0.00397285429256857,0.00881189003228944,0.0558356090096767));
#2239=CARTESIAN_POINT('',(0.00409372070690594,0.0094869645218348,0.0551685177406272));
#2240=CARTESIAN_POINT('',(0.00421434288523525,0.0101606748814076,0.0545));
#2241=CARTESIAN_POINT('',(0.00385152554494182,0.00813423327527928,0.0565));
#2242=CARTESIAN_POINT('',(0.00385152554494182,0.00813423327527928,0.065));
#2243=CARTESIAN_POINT('',(0.00385152554494182,0.00813423327527928,0.0615));
#2244=CARTESIAN_POINT('',(0.00564342854469097,0.0181425388041742,0.0715));
#2245=CARTESIAN_POINT('',(0.00504868751141249,0.0148207351281633,0.06815145628338));
#2246=CARTESIAN_POINT('',(0.00445430395399498,0.0115009280600248,0.0648007885762437));
#2247=CARTESIAN_POINT('',(0.00385152554494181,0.00813423327527928,0.0615));
#2248=CARTESIAN_POINT('',(0.00564342854469097,0.0181425388041742,0.0715));
#2249=CARTESIAN_POINT('',(0.00564342854469097,0.0181425388041742,0.086));
#2250=CARTESIAN_POINT('',(0.00564342854469097,0.0181425388041742,0.0915));
#2251=CARTESIAN_POINT('',(0.00256361566894877,0.000940877644743538,0.106861073879874));
#2252=CARTESIAN_POINT('',(0.00274427323787189,0.00194990332645902,0.106752865850101));
#2253=CARTESIAN_POINT('',(0.00310640688606261,0.00397252631101429,0.106318394355159));
#2254=CARTESIAN_POINT('',(0.00361407164762271,0.00680798338690419,0.105237481119459));
#2255=CARTESIAN_POINT('',(0.00409896603864326,0.00951626124304952,0.103749676364764));
#2256=CARTESIAN_POINT('',(0.00468697451264816,0.0128004615944325,0.101324422093232));
#2257=CARTESIAN_POINT('',(0.00531187000734923,0.0162906868105707,0.0974773674051224));
#2258=CARTESIAN_POINT('',(0.00560556564904445,0.0179310633906657,0.0935861253955299));
#2259=CARTESIAN_POINT('',(0.00564342854469097,0.0181425388041742,0.0915));
#2260=CARTESIAN_POINT('',(0.,0.,0.0525));
#2261=CARTESIAN_POINT('',(-0.00866025403784439,-0.005,0.0555));
#2262=CARTESIAN_POINT('',(-0.00952627944162883,-0.0055,0.0545));
#2263=CARTESIAN_POINT('',(-0.00779422863405995,-0.0045,0.0565));
#2264=CARTESIAN_POINT('',(-0.00779422863405995,-0.0045,0.05425));
#2265=CARTESIAN_POINT('',(-0.00779422863405995,-0.0045,0.0475));
#2266=CARTESIAN_POINT('',(-0.00866025403784439,-0.005,0.0485));
#2267=CARTESIAN_POINT('',(-0.00952627944162882,-0.0055,0.0495));
#2268=CARTESIAN_POINT('',(-0.00952627944162883,-0.0055,0.05325));
#2269=CARTESIAN_POINT('',(-0.001,0.,0.107));
#2270=CARTESIAN_POINT('',(0.,0.,0.107));
#2271=CARTESIAN_POINT('',(-0.002,0.,0.107));
#2272=CARTESIAN_POINT('',(0.,-0.000934498656541109,0.055));
#2273=CARTESIAN_POINT('',(-0.000868240888334652,-0.00492403876506104,0.055));
#2274=CARTESIAN_POINT('',(-0.000868240888334652,-0.00492403876506104,0.055));
#2275=CARTESIAN_POINT('',(-0.000868240888334652,-0.00492403876506104,0.04));
#2276=CARTESIAN_POINT('',(0.,0.,0.0475));
#2277=CARTESIAN_POINT('',(0.,0.,0.0475));
#2278=CARTESIAN_POINT('',(0.,0.,0.0495));
#2279=CARTESIAN_POINT('',(0.,0.,0.0605));
#2280=CARTESIAN_POINT('',(0.,0.,0.0545));
#2281=CARTESIAN_POINT('',(0.,0.,0.0545));
#2282=CARTESIAN_POINT('',(0.,0.,0.0565));
#2283=CARTESIAN_POINT('',(0.,0.,0.086));
#2284=CARTESIAN_POINT('',(0.,0.,0.0715));
#2285=CARTESIAN_POINT('',(0.,0.,0.0915));
#2286=CARTESIAN_POINT('',(0.,0.,0.0615));
#2287=CARTESIAN_POINT('',(0.,0.,0.0615));
#2288=CARTESIAN_POINT('',(0.,5.51091059616309E-19,0.065));
#2289=CARTESIAN_POINT('',(0.,5.51091059616309E-19,0.04));
#2290=CARTESIAN_POINT('',(0.,-0.000934498656541109,0.055));
#2291=CARTESIAN_POINT('',(-0.00383022221559489,0.0032139380484327,0.055));
#2292=CARTESIAN_POINT('',(-0.00383022221559489,0.0032139380484327,0.055));
#2293=CARTESIAN_POINT('',(-0.00383022221559489,0.0032139380484327,0.04));
#2294=CARTESIAN_POINT('',(0.,-0.000934498656541109,0.055));
#2295=CARTESIAN_POINT('',(0.00469846310392954,0.00171010071662834,0.055));
#2296=CARTESIAN_POINT('',(0.00469846310392954,0.00171010071662834,0.055));
#2297=CARTESIAN_POINT('',(0.00469846310392954,0.00171010071662834,0.04));
#2298=CARTESIAN_POINT('',(0.,0.,0.04));
#2299=CARTESIAN_POINT('',(0.00152958636434808,0.00181317848822225,0.04));
#2300=CARTESIAN_POINT('',(0.00292109762983533,0.000639308032913199,0.04));
#2301=CARTESIAN_POINT('',(0.00469846310392954,0.00171010071662834,0.04));
#2302=CARTESIAN_POINT('',(0.00394239392438104,-0.0002222513205887,0.04));
#2303=CARTESIAN_POINT('',(0.00152958636434808,0.00181317848822225,0.04));
#2304=CARTESIAN_POINT('',(0.00816548289006695,-0.00378482353248126,0.04));
#2305=CARTESIAN_POINT('',(0.,5.51091059616309E-19,0.04));
#2306=CARTESIAN_POINT('',(0.00516792623374051,-0.00736834706312187,0.04));
#2307=CARTESIAN_POINT('',(-0.00148285769704104,-0.0017577861178931,0.04));
#2308=CARTESIAN_POINT('',(0.00078680347725551,-0.00367245850477876,0.04));
#2309=CARTESIAN_POINT('',(-0.000868240888334652,-0.00492403876506104,0.04));
#2310=CARTESIAN_POINT('',(8.66386002625669E-5,-0.00308180366544527,0.04));
#2311=CARTESIAN_POINT('',(-0.00148285769704104,-0.0017577861178931,0.04));
#2312=CARTESIAN_POINT('',(-0.00233771252277747,0.000418547782141763,0.04));
#2313=CARTESIAN_POINT('',(-0.00201825813153504,0.00220279455808272,0.04));
#2314=CARTESIAN_POINT('',(-0.00383022221559489,0.0032139380484327,0.04));
#2315=CARTESIAN_POINT('',(-0.00177999076967997,0.00353358788525673,0.04));
#2316=CARTESIAN_POINT('',(-0.00233771252277747,0.000418547782141763,0.04));
#2317=CARTESIAN_POINT('',(-0.000807779069350095,0.00896367630914459,0.04));
#2318=CARTESIAN_POINT('',(0.,5.51091059616309E-19,0.04));
#2319=CARTESIAN_POINT('',(-0.0180107055600589,-0.00746027851088485,0.0915));
#2320=CARTESIAN_POINT('',(-0.0194946472199706,-1.45283091113058E-17,0.0915));
#2321=CARTESIAN_POINT('',(-0.0180107055600589,0.0074602785108849,0.0915));
#2322=CARTESIAN_POINT('',(-0.0137847972460807,0.0137847972460807,0.0915));
#2323=CARTESIAN_POINT('',(-0.00746027851088489,0.0180107055600589,0.0915));
#2324=CARTESIAN_POINT('',(-3.75405002223106E-18,0.0194946472199706,0.0915));
#2325=CARTESIAN_POINT('',(0.00746027851088489,0.0180107055600589,0.0915));
#2326=CARTESIAN_POINT('',(0.0137847972460807,0.0137847972460807,0.0915));
#2327=CARTESIAN_POINT('',(0.0180107055600589,0.00746027851088489,0.0915));
#2328=CARTESIAN_POINT('',(0.0194946472199706,2.69598675710223E-18,0.0915));
#2329=CARTESIAN_POINT('',(0.0180107055600589,-0.00746027851088489,0.0915));
#2330=CARTESIAN_POINT('',(0.0137847972460807,-0.0137847972460807,0.0915));
#2331=CARTESIAN_POINT('',(0.0074602785108849,-0.0180107055600589,0.0915));
#2332=CARTESIAN_POINT('',(5.00088252058939E-18,-0.0194946472199706,0.0915));
#2333=CARTESIAN_POINT('',(-0.0074602785108849,-0.0180107055600589,0.0915));
#2334=CARTESIAN_POINT('',(-0.0137847972460807,-0.0137847972460807,0.0915));
#2335=CARTESIAN_POINT('',(-0.0180107055600589,-0.00746027851088485,0.0915));
#2336=CARTESIAN_POINT('',(-0.0194946472199706,-1.45283091113058E-17,0.0915));
#2337=CARTESIAN_POINT('',(-0.0180107055600589,0.0074602785108849,0.0915));
#2338=CARTESIAN_POINT('',(-0.0173575960707847,-0.00718975170271292,0.0982422893047332));
#2339=CARTESIAN_POINT('',(-0.0187877266028432,-1.51788304147971E-17,0.0982422893047332));
#2340=CARTESIAN_POINT('',(-0.0173575960707847,0.00718975170271296,0.0982422893047332));
#2341=CARTESIAN_POINT('',(-0.0132849288839493,0.0132849288839494,0.0982422893047332));
#2342=CARTESIAN_POINT('',(-0.00718975170271297,0.0173575960707847,0.0982422893047332));
#2343=CARTESIAN_POINT('',(-7.58941520739853E-18,0.0187877266028432,0.0982422893047331));
#2344=CARTESIAN_POINT('',(0.00718975170271297,0.0173575960707847,0.0982422893047332));
#2345=CARTESIAN_POINT('',(0.0132849288839493,0.0132849288839494,0.0982422893047332));
#2346=CARTESIAN_POINT('',(0.0173575960707847,0.00718975170271296,0.0982422893047332));
#2347=CARTESIAN_POINT('',(0.0187877266028432,2.79286615044444E-18,0.0982422893047332));
#2348=CARTESIAN_POINT('',(0.0173575960707847,-0.00718975170271296,0.0982422893047332));
#2349=CARTESIAN_POINT('',(0.0132849288839494,-0.0132849288839493,0.0982422893047331));
#2350=CARTESIAN_POINT('',(0.00718975170271295,-0.0173575960707847,0.0982422893047332));
#2351=CARTESIAN_POINT('',(4.32325616278595E-18,-0.0187877266028432,0.0982422893047332));
#2352=CARTESIAN_POINT('',(-0.00718975170271296,-0.0173575960707847,0.0982422893047333));
#2353=CARTESIAN_POINT('',(-0.0132849288839494,-0.0132849288839493,0.0982422893047331));
#2354=CARTESIAN_POINT('',(-0.0173575960707847,-0.00718975170271292,0.0982422893047332));
#2355=CARTESIAN_POINT('',(-0.0187877266028432,-1.51788304147971E-17,0.0982422893047332));
#2356=CARTESIAN_POINT('',(-0.0173575960707847,0.00718975170271296,0.0982422893047332));
#2357=CARTESIAN_POINT('',(-0.0101610330384965,-0.0042088376922663,0.105509159266949));
#2358=CARTESIAN_POINT('',(-0.0109982229077819,-8.470329472543E-18,0.105509159266949));
#2359=CARTESIAN_POINT('',(-0.0101610330384964,0.00420883769226633,0.105509159266949));
#2360=CARTESIAN_POINT('',(-0.00777691799909379,0.00777691799909379,0.105509159266949));
#2361=CARTESIAN_POINT('',(-0.00420883769226633,0.0101610330384964,0.105509159266949));
#2362=CARTESIAN_POINT('',(-9.89334482393023E-19,0.0109982229077819,0.105509159266949));
#2363=CARTESIAN_POINT('',(0.00420883769226632,0.0101610330384964,0.105509159266949));
#2364=CARTESIAN_POINT('',(0.00777691799909379,0.00777691799909379,0.105509159266949));
#2365=CARTESIAN_POINT('',(0.0101610330384964,0.00420883769226633,0.105509159266949));
#2366=CARTESIAN_POINT('',(0.0109982229077819,1.91066644662806E-18,0.105509159266949));
#2367=CARTESIAN_POINT('',(0.0101610330384964,-0.00420883769226633,0.105509159266949));
#2368=CARTESIAN_POINT('',(0.00777691799909379,-0.00777691799909379,0.105509159266949));
#2369=CARTESIAN_POINT('',(0.00420883769226632,-0.0101610330384964,0.105509159266949));
#2370=CARTESIAN_POINT('',(4.29191594373754E-18,-0.0109982229077819,0.105509159266949));
#2371=CARTESIAN_POINT('',(-0.00420883769226632,-0.0101610330384964,0.105509159266949));
#2372=CARTESIAN_POINT('',(-0.0077769179990938,-0.00777691799909379,0.105509159266949));
#2373=CARTESIAN_POINT('',(-0.0101610330384965,-0.0042088376922663,0.105509159266949));
#2374=CARTESIAN_POINT('',(-0.0109982229077819,-8.470329472543E-18,0.105509159266949));
#2375=CARTESIAN_POINT('',(-0.0101610330384964,0.00420883769226633,0.105509159266949));
#2376=CARTESIAN_POINT('',(-0.00189586374316409,-0.000785292474829985,0.107));
#2377=CARTESIAN_POINT('',(-0.00205206812841795,-1.50433051432364E-18,0.107));
#2378=CARTESIAN_POINT('',(-0.00189586374316409,0.000785292474829989,0.107));
#2379=CARTESIAN_POINT('',(-0.00145103128906112,0.00145103128906112,0.107));
#2380=CARTESIAN_POINT('',(-0.000785292474829989,0.00189586374316409,0.107));
#2381=CARTESIAN_POINT('',(-6.40356908124251E-19,0.00205206812841795,0.107));
#2382=CARTESIAN_POINT('',(0.000785292474829989,0.00189586374316409,0.107));
#2383=CARTESIAN_POINT('',(0.00145103128906112,0.00145103128906112,0.107));
#2384=CARTESIAN_POINT('',(0.00189586374316409,0.000785292474829989,0.107));
#2385=CARTESIAN_POINT('',(0.00205206812841795,2.88376668231912E-19,0.107));
#2386=CARTESIAN_POINT('',(0.00189586374316409,-0.000785292474829989,0.107));
#2387=CARTESIAN_POINT('',(0.00145103128906112,-0.00145103128906112,0.107));
#2388=CARTESIAN_POINT('',(0.000785292474829989,-0.00189586374316409,0.107));
#2389=CARTESIAN_POINT('',(4.7857361519868E-19,-0.00205206812841796,0.107));
#2390=CARTESIAN_POINT('',(-0.000785292474829989,-0.00189586374316409,0.107));
#2391=CARTESIAN_POINT('',(-0.00145103128906112,-0.00145103128906112,0.107));
#2392=CARTESIAN_POINT('',(-0.00189586374316409,-0.000785292474829985,0.107));
#2393=CARTESIAN_POINT('',(-0.00205206812841795,-1.50433051432364E-18,0.107));
#2394=CARTESIAN_POINT('',(-0.00189586374316409,0.000785292474829989,0.107));
#2395=CARTESIAN_POINT('',(0.0159386078178989,-0.0103421845287741,0.0915));
#2396=CARTESIAN_POINT('',(0.0158562607390976,-0.0102727170330496,0.0925460266422387));
#2397=CARTESIAN_POINT('',(0.0154531399910502,-0.00993264681745623,0.0945463031875804));
#2398=CARTESIAN_POINT('',(0.0143296755134642,-0.00898489900503321,0.0973360683643513));
#2399=CARTESIAN_POINT('',(0.012877397957167,-0.00775976647572611,0.0997773859624126));
#2400=CARTESIAN_POINT('',(0.0111413618744922,-0.00629525697634469,0.101943854934256));
#2401=CARTESIAN_POINT('',(0.00923844570775973,-0.00468996845122806,0.103750060486874));
#2402=CARTESIAN_POINT('',(0.00642976129947209,-0.00232057933670909,0.105732244859368));
#2403=CARTESIAN_POINT('',(0.00415305112584251,-0.000399960456782544,0.106645567569297));
#2404=CARTESIAN_POINT('',(0.00256361566894865,0.000940877644743731,0.106861073879874));
#2405=CARTESIAN_POINT('',(0.0159386078178989,-0.0103421845287741,0.0915));
#2406=CARTESIAN_POINT('',(0.,0.,0.0915));
#2407=CARTESIAN_POINT('',(0.000984569935100412,0.0189744729055354,0.0915));
#2408=CARTESIAN_POINT('',(-0.00210700142229646,0.00170713716607865,0.106865046680046));
#2409=CARTESIAN_POINT('',(-0.00192598736533564,0.0027181539383829,0.106761815137478));
#2410=CARTESIAN_POINT('',(-0.00156547555951681,0.00473171845605695,0.106339301551299));
#2411=CARTESIAN_POINT('',(-0.00105046753229822,0.00760818983143751,0.105250600066744));
#2412=CARTESIAN_POINT('',(-0.000570302284409792,0.010290054031619,0.103785874222269));
#2413=CARTESIAN_POINT('',(-0.000121441333818669,0.0127970745199685,0.101943431056243));
#2414=CARTESIAN_POINT('',(0.000271589836856387,0.0149922692593299,0.0998212794647637));
#2415=CARTESIAN_POINT('',(0.000612630974526234,0.0168970843660621,0.0973447742146392));
#2416=CARTESIAN_POINT('',(0.000869909292436931,0.0183340594768643,0.0945875202292909));
#2417=CARTESIAN_POINT('',(0.000965591728371401,0.0188684740365335,0.0925455191100741));
#2418=CARTESIAN_POINT('',(0.000984569935100411,0.0189744729055354,0.0915));
#2419=CARTESIAN_POINT('',(0.0129330260234522,-0.0139189381016193,0.0915));
#2420=CARTESIAN_POINT('',(0.0128508890707471,-0.0138496478669938,0.0925438543795152));
#2421=CARTESIAN_POINT('',(0.0124493073572065,-0.0135108759715664,0.0945400980935127));
#2422=CARTESIAN_POINT('',(0.0113299355240403,-0.0125665806891284,0.0973254347615438));
#2423=CARTESIAN_POINT('',(0.0098829169401366,-0.0113458845970038,0.0997635379163765));
#2424=CARTESIAN_POINT('',(0.00815270191737711,-0.00988628570842563,0.101928879327547));
#2425=CARTESIAN_POINT('',(0.00625564956740699,-0.00828594386352882,0.103735515157091));
#2426=CARTESIAN_POINT('',(0.00345853731678648,-0.00592631695096004,0.105720711066823));
#2427=CARTESIAN_POINT('',(0.00117922750541177,-0.00400350503241481,0.106642573852199));
#2428=CARTESIAN_POINT('',(-0.000401664133990627,-0.00266987444345242,0.106867513308742));
#2429=CARTESIAN_POINT('',(0.0129330260234522,-0.0139189381016193,0.0915));
#2430=CARTESIAN_POINT('',(0.,0.,0.0915));
#2431=CARTESIAN_POINT('',(0.,0.,0.086));
#2432=CARTESIAN_POINT('',(0.,0.,0.0715));
#2433=CARTESIAN_POINT('',(0.0159386078178989,-0.0103421845287741,0.0715));
#2434=CARTESIAN_POINT('',(0.0129330260234522,-0.0139189381016193,0.0715));
#2435=CARTESIAN_POINT('',(0.0159386078178989,-0.0103421845287741,0.086));
#2436=CARTESIAN_POINT('',(0.0129330260234522,-0.0139189381016193,0.086));
#2437=CARTESIAN_POINT('',(0.,0.,0.0615));
#2438=CARTESIAN_POINT('',(0.,0.,0.0615));
#2439=CARTESIAN_POINT('',(0.00816548289006695,-0.00378482353248127,0.0615));
#2440=CARTESIAN_POINT('',(0.00516792623374051,-0.00736834706312187,0.0615));
#2441=CARTESIAN_POINT('',(0.00816548289006694,-0.00378482353248127,0.0615));
#2442=CARTESIAN_POINT('',(0.0107809568407338,-0.00599122147798636,0.0648008260733058));
#2443=CARTESIAN_POINT('',(0.0133589807551132,-0.00816602680024908,0.0681514795335631));
#2444=CARTESIAN_POINT('',(0.0159386078178988,-0.0103421845287741,0.0715));
#2445=CARTESIAN_POINT('',(0.00516792623374051,-0.00736834706312187,0.0615));
#2446=CARTESIAN_POINT('',(0.00777918275150583,-0.00957118720783645,0.0648028968635578));
#2447=CARTESIAN_POINT('',(0.0103553625344219,-0.0117444368319929,0.068152434865413));
#2448=CARTESIAN_POINT('',(0.0129330260234522,-0.0139189381016193,0.0715));
#2449=CARTESIAN_POINT('',(0.,5.51091059616309E-19,0.065));
#2450=CARTESIAN_POINT('',(0.00816548289006695,-0.00378482353248127,0.065));
#2451=CARTESIAN_POINT('',(0.00516792623374051,-0.00736834706312187,0.065));
#2452=CARTESIAN_POINT('',(-0.000868240888334652,-0.00492403876506104,0.055));
#2453=CARTESIAN_POINT('',(0.00078680347725551,-0.00367245850477876,0.055));
#2454=CARTESIAN_POINT('',(0.00078680347725551,-0.00367245850477876,0.055));
#2455=CARTESIAN_POINT('',(-0.000868240888334652,-0.00492403876506104,0.055));
#2456=CARTESIAN_POINT('',(8.66386002625669E-5,-0.00308180366544527,0.055));
#2457=CARTESIAN_POINT('',(8.66386002625669E-5,-0.00308180366544527,0.055));
#2458=CARTESIAN_POINT('',(0.,-0.000934498656541109,0.055));
#2459=CARTESIAN_POINT('',(-0.00102228628172731,-0.00214632136759325,0.055));
#2460=CARTESIAN_POINT('',(0.00750020442247994,-0.00933584278322605,0.04));
#2461=CARTESIAN_POINT('',(0.0108513979106456,-0.00605064513689644,0.04));
#2462=CARTESIAN_POINT('',(0.00394239392438104,-0.0002222513205887,0.055));
#2463=CARTESIAN_POINT('',(0.00394239392438104,-0.000222251320588701,0.055));
#2464=CARTESIAN_POINT('',(0.00199015777966181,0.0014246432385221,0.055));
#2465=CARTESIAN_POINT('',(0.00292109762983533,0.0006393080329132,0.055));
#2466=CARTESIAN_POINT('',(0.00292109762983533,0.000639308032913199,0.055));
#2467=CARTESIAN_POINT('',(0.,-0.000934498656541109,0.055));
#2468=CARTESIAN_POINT('',(0.00469846310392954,0.00171010071662834,0.055));
#2469=CARTESIAN_POINT('',(0.00469846310392954,0.00171010071662834,0.055));
#2470=CARTESIAN_POINT('',(0.,0.,0.0605));
#2471=CARTESIAN_POINT('',(0.,0.,0.0495));
#2472=CARTESIAN_POINT('',(0.00284700949612773,0.0106251840891797,0.0495));
#2473=CARTESIAN_POINT('',(0.00284700949612773,0.0106251840891797,0.05325));
#2474=CARTESIAN_POINT('',(0.00284700949612773,0.0106251840891797,0.0545));
#2475=CARTESIAN_POINT('',(0.,0.,0.0545));
#2476=CARTESIAN_POINT('',(0.,0.,0.0475));
#2477=CARTESIAN_POINT('',(0.,0.,0.0475));
#2478=CARTESIAN_POINT('',(0.00232937140592269,0.00869333243660162,0.0475));
#2479=CARTESIAN_POINT('',(0.00258819045102521,0.00965925826289069,0.0485));
#2480=CARTESIAN_POINT('',(0.,0.,0.0545));
#2481=CARTESIAN_POINT('',(0.,0.,0.0565));
#2482=CARTESIAN_POINT('',(0.00232937140592269,0.00869333243660162,0.0565));
#2483=CARTESIAN_POINT('',(0.00258819045102521,0.00965925826289068,0.0555));
#2484=CARTESIAN_POINT('',(0.,0.,0.086));
#2485=CARTESIAN_POINT('',(0.,0.,0.0715));
#2486=CARTESIAN_POINT('',(0.000984569935100412,0.0189744729055354,0.0715));
#2487=CARTESIAN_POINT('',(0.000984569935100412,0.0189744729055354,0.086));
#2488=CARTESIAN_POINT('',(0.,0.,0.0615));
#2489=CARTESIAN_POINT('',(0.,0.,0.0615));
#2490=CARTESIAN_POINT('',(-0.000807779069350094,0.00896367630914459,0.0615));
#2491=CARTESIAN_POINT('',(0.000984569935100416,0.0189744729055354,0.0715));
#2492=CARTESIAN_POINT('',(0.000389718467316274,0.0156520524203145,0.0681512184027027));
#2493=CARTESIAN_POINT('',(-0.000204769082322311,0.0123316645250211,0.0648002730371112));
#2494=CARTESIAN_POINT('',(-0.000807779069350092,0.00896367630914459,0.0615));
#2495=CARTESIAN_POINT('',(0.,5.51091059616309E-19,0.065));
#2496=CARTESIAN_POINT('',(-0.000807779069350095,0.00896367630914459,0.065));
#2497=CARTESIAN_POINT('',(0.00232937140592269,0.00869333243660162,0.05425));
#2498=CARTESIAN_POINT('',(0.,0.,0.0525));
#2499=CARTESIAN_POINT('',(-0.00383022221559489,0.0032139380484327,0.055));
#2500=CARTESIAN_POINT('',(-0.00201825813153504,0.00220279455808272,0.055));
#2501=CARTESIAN_POINT('',(-0.00201825813153504,0.00220279455808272,0.055));
#2502=CARTESIAN_POINT('',(-0.00383022221559489,0.0032139380484327,0.055));
#2503=CARTESIAN_POINT('',(-0.00177999076967997,0.00353358788525672,0.055));
#2504=CARTESIAN_POINT('',(-0.00177999076967997,0.00353358788525672,0.055));
#2505=CARTESIAN_POINT('',(0.,-0.000934498656541109,0.055));
#2506=CARTESIAN_POINT('',(-0.00249982983875688,-0.00048692513133264,0.055));
#2507=CARTESIAN_POINT('',(-0.000534181092772464,0.010491801515732,0.04));
#2508=CARTESIAN_POINT('',(0.,0.,0.));
#2509=CARTESIAN_POINT('',(0.,-0.000934498656541109,0.055));
#2510=CARTESIAN_POINT('',(-0.000868240888334652,-0.00492403876506104,0.055));
#2511=CARTESIAN_POINT('',(-0.00191824088833465,-0.00492403876506104,0.055));
#2512=CARTESIAN_POINT('',(-0.000868240888334652,-0.00492403876506104,0.055));
#2513=CARTESIAN_POINT('',(-0.000898588701589348,-0.0028492607021756,0.055));
#2514=CARTESIAN_POINT('',(8.66386002625669E-5,-0.00308180366544527,0.055));
#2515=CARTESIAN_POINT('',(-0.00102228628172731,-0.00214632136759325,0.055));
#2516=CARTESIAN_POINT('',(0.00078680347725551,-0.00367245850477876,0.055));
#2517=CARTESIAN_POINT('',(-0.000868240888334652,-0.00492403876506104,0.055));
#2518=CARTESIAN_POINT('',(-0.00217014900013025,-0.00330828498789051,0.055));
#2519=CARTESIAN_POINT('',(0.000507924534735963,-0.00234151935920222,0.055));
#2520=CARTESIAN_POINT('',(-0.000868240888334652,-0.00492403876506104,0.055));
#2521=CARTESIAN_POINT('',(0.00078680347725551,-0.00367245850477876,0.055));
#2522=CARTESIAN_POINT('',(0.00078680347725551,-0.00367245850477876,0.04));
#2523=CARTESIAN_POINT('',(-0.000868240888334652,-0.00492403876506104,0.04));
#2524=CARTESIAN_POINT('',(-0.00217014900013025,-0.00330828498789051,0.04));
#2525=CARTESIAN_POINT('',(-0.00217014900013025,-0.00330828498789051,0.055));
#2526=CARTESIAN_POINT('',(-0.000868240888334652,-0.00492403876506104,0.055));
#2527=CARTESIAN_POINT('',(8.66386002625669E-5,-0.00308180366544527,0.055));
#2528=CARTESIAN_POINT('',(8.66386002625669E-5,-0.00308180366544527,0.04));
#2529=CARTESIAN_POINT('',(-0.00089858870158935,-0.0028492607021756,0.055));
#2530=CARTESIAN_POINT('',(-0.00089858870158935,-0.0028492607021756,0.04));
#2531=CARTESIAN_POINT('',(-0.000868240888334652,-0.00492403876506104,0.04));
#2532=CARTESIAN_POINT('',(0.,0.,0.04));
#2533=CARTESIAN_POINT('',(-0.00148285769704104,-0.0017577861178931,0.04));
#2534=CARTESIAN_POINT('',(0.00516792623374051,-0.00736834706312187,0.04));
#2535=CARTESIAN_POINT('',(0.,5.51091059616309E-19,0.04));
#2536=CARTESIAN_POINT('',(-0.00735888997323858,-0.00518138382691041,0.04));
#2537=CARTESIAN_POINT('',(0.000806378634070282,-0.00223377953756511,0.04));
#2538=CARTESIAN_POINT('',(0.,0.,0.04));
#2539=CARTESIAN_POINT('',(-0.00148285769704104,-0.0017577861178931,0.04));
#2540=CARTESIAN_POINT('',(-0.000401664133990638,-0.00266987444345242,0.04));
#2541=CARTESIAN_POINT('',(0.000806378634070282,-0.00223377953756511,0.04));
#2542=CARTESIAN_POINT('',(0.,5.51091059616309E-19,0.065));
#2543=CARTESIAN_POINT('',(0.00516792623374051,-0.00736834706312187,0.065));
#2544=CARTESIAN_POINT('',(0.00516792623374051,-0.00736834706312187,0.0615));
#2545=CARTESIAN_POINT('',(0.,0.,0.0615));
#2546=CARTESIAN_POINT('',(-0.00735888997323858,-0.00518138382691041,0.0615));
#2547=CARTESIAN_POINT('',(-0.00735888997323858,-0.00518138382691041,0.065));
#2548=CARTESIAN_POINT('',(-0.00735888997323858,-0.00518138382691041,0.0565));
#2549=CARTESIAN_POINT('',(0.,0.,0.0565));
#2550=CARTESIAN_POINT('',(-0.00232937140592269,-0.00869333243660161,0.0565));
#2551=CARTESIAN_POINT('',(-0.00232937140592269,-0.00869333243660162,0.05425));
#2552=CARTESIAN_POINT('',(-0.00232937140592269,-0.00869333243660162,0.0475));
#2553=CARTESIAN_POINT('',(0.,0.,0.0475));
#2554=CARTESIAN_POINT('',(-0.00735888997323858,-0.00518138382691041,0.0475));
#2555=CARTESIAN_POINT('',(-0.00735888997323858,-0.00518138382691041,0.065));
#2556=CARTESIAN_POINT('',(0.,0.,0.0615));
#2557=CARTESIAN_POINT('',(0.00516792623374051,-0.00736834706312187,0.0615));
#2558=CARTESIAN_POINT('',(0.00777918275150583,-0.00957118720783645,0.0648028968635578));
#2559=CARTESIAN_POINT('',(0.0103553625344219,-0.0117444368319929,0.068152434865413));
#2560=CARTESIAN_POINT('',(0.0129330260234522,-0.0139189381016193,0.0715));
#2561=CARTESIAN_POINT('',(0.0129330260234522,-0.0139189381016193,0.0715));
#2562=CARTESIAN_POINT('',(0.,0.,0.0715));
#2563=CARTESIAN_POINT('',(-0.0169246667531216,-0.00863456167363354,0.0715));
#2564=CARTESIAN_POINT('',(-0.00735888997323858,-0.00518138382691041,0.0615));
#2565=CARTESIAN_POINT('',(-0.010577574955544,-0.00634330636934856,0.0648007017014236));
#2566=CARTESIAN_POINT('',(-0.0137501334081887,-0.00748857756040815,0.0681514216072468));
#2567=CARTESIAN_POINT('',(-0.0169246667531216,-0.00863456167363354,0.0715));
#2568=CARTESIAN_POINT('',(0.,0.,0.086));
#2569=CARTESIAN_POINT('',(0.0129330260234522,-0.0139189381016193,0.086));
#2570=CARTESIAN_POINT('',(0.0129330260234522,-0.0139189381016193,0.0915));
#2571=CARTESIAN_POINT('',(0.,0.,0.0915));
#2572=CARTESIAN_POINT('',(-0.0169246667531216,-0.00863456167363354,0.0915));
#2573=CARTESIAN_POINT('',(-0.0169246667531216,-0.00863456167363354,0.086));
#2574=CARTESIAN_POINT('',(0.0130865394696542,-0.01377470452348,0.0915));
#2575=CARTESIAN_POINT('',(0.00295469771400932,-0.0234003735757292,0.0915));
#2576=CARTESIAN_POINT('',(-0.0108066883498592,-0.0209648088227361,0.0915));
#2577=CARTESIAN_POINT('',(-0.017019351205854,-0.00844640068501352,0.0915));
#2578=CARTESIAN_POINT('',(0.0126219648983585,-0.0132856999655096,0.0981005896145571));
#2579=CARTESIAN_POINT('',(0.00284980539874315,-0.0225696559863074,0.0981005896145571));
#2580=CARTESIAN_POINT('',(-0.0104230489149342,-0.0202205542324601,0.0981005896145571));
#2581=CARTESIAN_POINT('',(-0.0164151610906195,-0.0081465518986838,0.0981005896145571));
#2582=CARTESIAN_POINT('',(0.00760067589462674,-0.00800036288202834,0.105203941835659));
#2583=CARTESIAN_POINT('',(0.00171609154145414,-0.0135909615964353,0.105203941835659));
#2584=CARTESIAN_POINT('',(-0.00627653596521713,-0.0121763830250105,0.105203941835659));
#2585=CARTESIAN_POINT('',(-0.00988485708941499,-0.00490567840580068,0.105203941835659));
#2586=CARTESIAN_POINT('',(0.00175510653763022,-0.0018474000723526,0.106898407742399));
#2587=CARTESIAN_POINT('',(0.000396270479801324,-0.00313835057319679,0.106898407742399));
#2588=CARTESIAN_POINT('',(-0.00144934338194996,-0.0028117038205765,0.106898407742399));
#2589=CARTESIAN_POINT('',(-0.00228255717540035,-0.00113279244647426,0.106898407742399));
#2590=CARTESIAN_POINT('',(0.0129330260234522,-0.0139189381016193,0.0915));
#2591=CARTESIAN_POINT('',(0.0128508890707471,-0.0138496478669938,0.0925438543795152));
#2592=CARTESIAN_POINT('',(0.0124493073572065,-0.0135108759715664,0.0945400980935128));
#2593=CARTESIAN_POINT('',(0.0113299355240403,-0.0125665806891284,0.0973254347615438));
#2594=CARTESIAN_POINT('',(0.0098829169401366,-0.0113458845970038,0.0997635379163766));
#2595=CARTESIAN_POINT('',(0.00815270191737712,-0.00988628570842563,0.101928879327547));
#2596=CARTESIAN_POINT('',(0.00625564956740696,-0.00828594386352881,0.103735515157091));
#2597=CARTESIAN_POINT('',(0.0034585373167865,-0.00592631695096005,0.105720711066823));
#2598=CARTESIAN_POINT('',(0.00117922750541177,-0.00400350503241481,0.106642573852199));
#2599=CARTESIAN_POINT('',(-0.000401664133990632,-0.00266987444345242,0.106867513308742));
#2600=CARTESIAN_POINT('',(-0.000401664133990637,-0.00266987444345242,0.106867513308742));
#2601=CARTESIAN_POINT('',(-0.0169246667531216,-0.00863456167363354,0.0915));
#2602=CARTESIAN_POINT('',(-0.0168230694796352,-0.00859788577556864,0.0925487238525125));
#2603=CARTESIAN_POINT('',(-0.0163249264507713,-0.00841805966093568,0.0945540502262793));
#2604=CARTESIAN_POINT('',(-0.0149368343148598,-0.00791696820508857,0.0973497194174771));
#2605=CARTESIAN_POINT('',(-0.0131424836074114,-0.00726922027464936,0.0997954961797781));
#2606=CARTESIAN_POINT('',(-0.010998205201237,-0.00649515091679227,0.101964768969219));
#2607=CARTESIAN_POINT('',(-0.00864818854745359,-0.0056468115048439,0.103770308086836));
#2608=CARTESIAN_POINT('',(-0.00604500169160515,-0.00470707943829585,0.105261404306886));
#2609=CARTESIAN_POINT('',(-0.00330748761378082,-0.00371885619347629,0.106340663271379));
#2610=CARTESIAN_POINT('',(-0.00137580555367042,-0.00302153261480845,0.106765243110605));
#2611=CARTESIAN_POINT('',(-0.000401664133990629,-0.00266987444345241,0.106867513308742));
#2612=CARTESIAN_POINT('',(-0.00974125237418156,-0.00604139982509922,0.04));
#2613=CARTESIAN_POINT('',(-0.000401664133990637,-0.00266987444345242,0.04));
#2614=CARTESIAN_POINT('',(-0.00735888997323858,-0.00518138382691041,0.0475));
#2615=CARTESIAN_POINT('',(-0.00800673644391663,-0.00541525182656183,0.0481643545298107));
#2616=CARTESIAN_POINT('',(-0.00865207684764893,-0.0056482151537482,0.0488314527675279));
#2617=CARTESIAN_POINT('',(-0.00929609375850825,-0.00588070070935633,0.0495));
#2618=CARTESIAN_POINT('',(-0.00929609375850824,-0.00588070070935633,0.0495));
#2619=CARTESIAN_POINT('',(-0.00929609375850824,-0.00588070070935633,0.0605));
#2620=CARTESIAN_POINT('',(-0.00929609375850824,-0.00588070070935633,0.0545));
#2621=CARTESIAN_POINT('',(-0.00929609375850824,-0.00588070070935633,0.0545));
#2622=CARTESIAN_POINT('',(-0.00865207684764893,-0.0056482151537482,0.0551685472324721));
#2623=CARTESIAN_POINT('',(-0.00800673644391663,-0.00541525182656183,0.0558356454701893));
#2624=CARTESIAN_POINT('',(-0.00735888997323858,-0.00518138382691041,0.0565));
#2625=CARTESIAN_POINT('',(0.,-0.000934498656541109,0.093));
#2626=CARTESIAN_POINT('',(-0.000868240888334652,-0.00492403876506104,0.093));
#2627=CARTESIAN_POINT('',(-0.00191824088833465,-0.00492403876506104,0.093));
#2628=CARTESIAN_POINT('',(0.,0.,0.0525));
#2629=CARTESIAN_POINT('',(-0.00258819045102521,-0.00965925826289068,0.0555));
#2630=CARTESIAN_POINT('',(-0.00284700949612773,-0.0106251840891797,0.0545));
#2631=CARTESIAN_POINT('',(-0.00284700949612773,-0.0106251840891797,0.05325));
#2632=CARTESIAN_POINT('',(-0.00284700949612773,-0.0106251840891797,0.0495));
#2633=CARTESIAN_POINT('',(-0.00258819045102521,-0.00965925826289068,0.0485));
#2634=CARTESIAN_POINT('',(-0.000868240888334652,-0.00492403876506104,0.093));
#2635=CARTESIAN_POINT('',(0.,0.,0.0475));
#2636=CARTESIAN_POINT('',(0.,0.,0.0495));
#2637=CARTESIAN_POINT('',(0.,0.,0.0605));
#2638=CARTESIAN_POINT('',(0.,0.,0.0545));
#2639=CARTESIAN_POINT('',(0.,0.,0.0545));
#2640=CARTESIAN_POINT('',(0.00750020442247994,-0.00933584278322605,0.04));
#2641=CARTESIAN_POINT('',(0.,0.,0.));
#2642=CARTESIAN_POINT('',(0.,0.,0.04));
#2643=CARTESIAN_POINT('',(0.,5.51091059616309E-19,0.04));
#2644=CARTESIAN_POINT('',(0.00816548289006695,-0.00378482353248126,0.04));
#2645=CARTESIAN_POINT('',(0.00385152554494182,0.00813423327527928,0.04));
#2646=CARTESIAN_POINT('',(0.00152958636434808,0.00181317848822225,0.04));
#2647=CARTESIAN_POINT('',(0.00394239392438104,-0.0002222513205887,0.04));
#2648=CARTESIAN_POINT('',(0.00469846310392954,0.00171010071662834,0.04));
#2649=CARTESIAN_POINT('',(0.00288040667118483,0.00271024860936998,0.04));
#2650=CARTESIAN_POINT('',(0.00232076523083308,-0.000415513511936371,0.04));
#2651=CARTESIAN_POINT('',(0.,5.51091059616309E-19,0.065));
#2652=CARTESIAN_POINT('',(0.,0.,0.0615));
#2653=CARTESIAN_POINT('',(0.00385152554494182,0.00813423327527928,0.0615));
#2654=CARTESIAN_POINT('',(0.00816548289006695,-0.00378482353248127,0.0615));
#2655=CARTESIAN_POINT('',(0.00816548289006695,-0.00378482353248127,0.065));
#2656=CARTESIAN_POINT('',(0.00385152554494182,0.00813423327527928,0.065));
#2657=CARTESIAN_POINT('',(0.00385152554494182,0.00813423327527928,0.0475));
#2658=CARTESIAN_POINT('',(0.,0.,0.0475));
#2659=CARTESIAN_POINT('',(0.00779422863405995,0.0045,0.0475));
#2660=CARTESIAN_POINT('',(0.00779422863405995,0.0045,0.05425));
#2661=CARTESIAN_POINT('',(0.00779422863405995,0.0045,0.0565));
#2662=CARTESIAN_POINT('',(0.,0.,0.0565));
#2663=CARTESIAN_POINT('',(0.00385152554494182,0.00813423327527928,0.0565));
#2664=CARTESIAN_POINT('',(0.00385152554494182,0.00813423327527928,0.065));
#2665=CARTESIAN_POINT('',(0.,0.,0.0615));
#2666=CARTESIAN_POINT('',(0.00816548289006694,-0.00378482353248127,0.0615));
#2667=CARTESIAN_POINT('',(0.0107809568407338,-0.00599122147798636,0.0648008260733058));
#2668=CARTESIAN_POINT('',(0.0133589807551132,-0.00816602680024908,0.0681514795335631));
#2669=CARTESIAN_POINT('',(0.0159386078178988,-0.0103421845287741,0.0715));
#2670=CARTESIAN_POINT('',(0.0159386078178989,-0.0103421845287741,0.0715));
#2671=CARTESIAN_POINT('',(0.00564342854469097,0.0181425388041742,0.0715));
#2672=CARTESIAN_POINT('',(0.00504868751141249,0.0148207351281633,0.06815145628338));
#2673=CARTESIAN_POINT('',(0.00445430395399498,0.0115009280600248,0.0648007885762437));
#2674=CARTESIAN_POINT('',(0.00385152554494181,0.00813423327527928,0.0615));
#2675=CARTESIAN_POINT('',(0.00564342854469097,0.0181425388041742,0.0715));
#2676=CARTESIAN_POINT('',(0.,0.,0.0715));
#2677=CARTESIAN_POINT('',(0.,0.,0.086));
#2678=CARTESIAN_POINT('',(0.0159386078178989,-0.0103421845287741,0.086));
#2679=CARTESIAN_POINT('',(0.0159386078178989,-0.0103421845287741,0.0915));
#2680=CARTESIAN_POINT('',(0.00564342854469097,0.0181425388041742,0.086));
#2681=CARTESIAN_POINT('',(0.00564342854469097,0.0181425388041742,0.0915));
#2682=CARTESIAN_POINT('',(0.,0.,0.0915));
#2683=CARTESIAN_POINT('',(0.00544226990676677,0.0182038923931642,0.0915));
#2684=CARTESIAN_POINT('',(0.0188027183736111,0.0142096275919001,0.0915));
#2685=CARTESIAN_POINT('',(0.0235426489601273,0.00109517782941185,0.0915));
#2686=CARTESIAN_POINT('',(0.015823157689312,-0.0105179694209086,0.0915));
#2687=CARTESIAN_POINT('',(0.00524930464638399,0.0175584413413412,0.0980925156511704));
#2688=CARTESIAN_POINT('',(0.0181360348924488,0.0137058002303052,0.0980925156511704));
#2689=CARTESIAN_POINT('',(0.0227079028956143,0.00105634637146539,0.0980925156511704));
#2690=CARTESIAN_POINT('',(0.015262119777576,-0.010145036298742,0.0980925156511704));
#2691=CARTESIAN_POINT('',(0.00316598188398691,0.0105899182734663,0.105186564684099));
#2692=CARTESIAN_POINT('',(0.0109382788359217,0.00826629775899577,0.105186564684099));
#2693=CARTESIAN_POINT('',(0.0136956823872611,0.000637107902963594,0.105186564684099));
#2694=CARTESIAN_POINT('',(0.00920495150921164,-0.00611871539144373,0.105186564684099));
#2695=CARTESIAN_POINT('',(0.000738811563042443,0.00247125674081832,0.106892165367682));
#2696=CARTESIAN_POINT('',(0.00255254994497461,0.00192901810297382,0.106892165367682));
#2697=CARTESIAN_POINT('',(0.0031960159224673,0.000148675103921464,0.106892165367682));
#2698=CARTESIAN_POINT('',(0.00214806175823294,-0.00142785961758936,0.106892165367682));
#2699=CARTESIAN_POINT('',(0.0159386078178989,-0.0103421845287741,0.0915));
#2700=CARTESIAN_POINT('',(0.0158562607390976,-0.0102727170330496,0.0925460266422383));
#2701=CARTESIAN_POINT('',(0.0154531399910506,-0.00993264681745651,0.0945463031875789));
#2702=CARTESIAN_POINT('',(0.0143296755134654,-0.00898489900503423,0.0973360683643487));
#2703=CARTESIAN_POINT('',(0.0128773979571692,-0.00775976647572804,0.0997773859624092));
#2704=CARTESIAN_POINT('',(0.0111413618744956,-0.00629525697634758,0.101943854934252));
#2705=CARTESIAN_POINT('',(0.00923844570776449,-0.00468996845123208,0.10375006048687));
#2706=CARTESIAN_POINT('',(0.00642976129947875,-0.00232057933671471,0.105732244859364));
#2707=CARTESIAN_POINT('',(0.00415305112585076,-0.000399960456789497,0.106645567569294));
#2708=CARTESIAN_POINT('',(0.00256361566895774,0.000940877644736065,0.106861073879873));
#2709=CARTESIAN_POINT('',(0.00256361566894457,0.000940877644720058,0.106861073879877));
#2710=CARTESIAN_POINT('',(0.00256361566894457,0.000940877644720057,0.106861073879877));
#2711=CARTESIAN_POINT('',(0.00274427323786786,0.00194990332643658,0.106752865850105));
#2712=CARTESIAN_POINT('',(0.00310640688605905,0.0039725263109944,0.106318394355165));
#2713=CARTESIAN_POINT('',(0.00361407164761985,0.00680798338688816,0.105237481119467));
#2714=CARTESIAN_POINT('',(0.00409896603864099,0.00951626124303688,0.103749676364772));
#2715=CARTESIAN_POINT('',(0.00468697451264679,0.0128004615944247,0.10132442209324));
#2716=CARTESIAN_POINT('',(0.00531187000734868,0.0162906868105677,0.0974773674051279));
#2717=CARTESIAN_POINT('',(0.00560556564904442,0.0179310633906655,0.0935861253955319));
#2718=CARTESIAN_POINT('',(0.00564342854469097,0.0181425388041742,0.0915));
#2719=CARTESIAN_POINT('',(0.0108513979106456,-0.00605064513689644,0.04));
#2720=CARTESIAN_POINT('',(0.00256361566894879,0.000940877644743628,0.04));
#2721=CARTESIAN_POINT('',(0.00256361566894879,0.000940877644743628,0.04));
#2722=CARTESIAN_POINT('',(0.00152958636434808,0.00181317848822225,0.04));
#2723=CARTESIAN_POINT('',(0.00292109762983533,0.000639308032913199,0.04));
#2724=CARTESIAN_POINT('',(0.00292109762983533,0.000639308032913199,0.055));
#2725=CARTESIAN_POINT('',(0.00292109762983533,0.000639308032913199,0.055));
#2726=CARTESIAN_POINT('',(0.00199015777966181,0.0014246432385221,0.055));
#2727=CARTESIAN_POINT('',(0.00394239392438104,-0.000222251320588701,0.055));
#2728=CARTESIAN_POINT('',(0.00394239392438104,-0.0002222513205887,0.055));
#2729=CARTESIAN_POINT('',(0.00469846310392954,0.00171010071662834,0.055));
#2730=CARTESIAN_POINT('',(0.00469846310392954,0.00171010071662834,0.055));
#2731=CARTESIAN_POINT('',(0.00288040667118482,0.00271024860936998,0.055));
#2732=CARTESIAN_POINT('',(0.00288040667118482,0.00271024860936998,0.055));
#2733=CARTESIAN_POINT('',(0.,0.,0.04));
#2734=CARTESIAN_POINT('',(0.00469846310392954,0.00171010071662834,0.04));
#2735=CARTESIAN_POINT('',(0.00264633281288536,0.00140287723351076,0.04));
#2736=CARTESIAN_POINT('',(0.00232076523083308,-0.000415513511936371,0.04));
#2737=CARTESIAN_POINT('',(0.,0.,0.0605));
#2738=CARTESIAN_POINT('',(0.,0.,0.0495));
#2739=CARTESIAN_POINT('',(0.00421434288523526,0.0101606748814076,0.0495));
#2740=CARTESIAN_POINT('',(0.00952627944162883,0.0055,0.0495));
#2741=CARTESIAN_POINT('',(0.00421434288523526,0.0101606748814076,0.0605));
#2742=CARTESIAN_POINT('',(0.00421434288523526,0.0101606748814076,0.0545));
#2743=CARTESIAN_POINT('',(0.,0.,0.0545));
#2744=CARTESIAN_POINT('',(0.00952627944162883,0.0055,0.0545));
#2745=CARTESIAN_POINT('',(0.00952627944162883,0.0055,0.05325));
#2746=CARTESIAN_POINT('',(0.,0.,0.0545));
#2747=CARTESIAN_POINT('',(0.00385152554494181,0.00813423327527928,0.0565));
#2748=CARTESIAN_POINT('',(0.00397285429256857,0.00881189003228944,0.0558356090096767));
#2749=CARTESIAN_POINT('',(0.00409372070690594,0.0094869645218348,0.0551685177406272));
#2750=CARTESIAN_POINT('',(0.00421434288523525,0.0101606748814076,0.0545));
#2751=CARTESIAN_POINT('',(0.00866025403784439,0.005,0.0555));
#2752=CARTESIAN_POINT('',(0.,0.,0.0475));
#2753=CARTESIAN_POINT('',(0.00421434288523525,0.0101606748814076,0.0495));
#2754=CARTESIAN_POINT('',(0.00409372070690595,0.0094869645218348,0.0488314822593728));
#2755=CARTESIAN_POINT('',(0.00397285429256857,0.00881189003228944,0.0481643909903234));
#2756=CARTESIAN_POINT('',(0.00385152554494181,0.00813423327527928,0.0475));
#2757=CARTESIAN_POINT('',(0.00866025403784439,0.005,0.0485));
#2758=CARTESIAN_POINT('',(0.,0.,0.0525));
#2759=CARTESIAN_POINT('',(0.00469846310392954,0.00171010071662834,0.055));
#2760=CARTESIAN_POINT('',(0.00469846310392954,0.00171010071662834,0.055));
#2761=CARTESIAN_POINT('',(0.00264633281288536,0.00140287723351076,0.055));
#2762=CARTESIAN_POINT('',(0.00264633281288536,0.00140287723351076,0.055));
#2763=CARTESIAN_POINT('',(0.,-0.000934498656541109,0.055));
#2764=CARTESIAN_POINT('',(0.00215864791485365,-0.00132098642541077,0.055));
#2765=CARTESIAN_POINT('',(0.00469846310392954,0.00171010071662834,0.055));
#2766=CARTESIAN_POINT('',(0.00364846310392954,0.00171010071662834,0.055));
#2767=CARTESIAN_POINT('',(0.00469846310392954,0.00171010071662834,0.093));
#2768=CARTESIAN_POINT('',(0.00469846310392954,0.00171010071662834,0.093));
#2769=CARTESIAN_POINT('',(0.00364846310392954,0.00171010071662834,0.093));
#2770=CARTESIAN_POINT('',(0.,-0.000934498656541109,0.093));
#2771=CARTESIAN_POINT('',(0.00415625238238849,0.00983622232962384,0.04));
#2772=CARTESIAN_POINT('',(0.,0.,0.));
#2773=CARTESIAN_POINT('',(-0.0120185595087305,-0.00187086528977648,0.04));
#2774=CARTESIAN_POINT('',(-0.000788133870085562,0.00218323903619908,0.04));
#2775=CARTESIAN_POINT('',(-0.00263854339082847,0.00151525427014925,0.04));
#2776=CARTESIAN_POINT('',(-0.00210700142229646,0.00170713716607867,0.04));
#2777=CARTESIAN_POINT('',(-0.00210700142229646,0.00170713716607867,0.04));
#2778=CARTESIAN_POINT('',(-0.00210700142229646,0.00170713716607866,0.106865046680046));
#2779=CARTESIAN_POINT('',(-0.0185254732662836,-0.00421981519266091,0.0915));
#2780=CARTESIAN_POINT('',(-0.018424347643986,-0.0041833095573435,0.0925442258366059));
#2781=CARTESIAN_POINT('',(-0.017929821976843,-0.00400478928473947,0.0945411477043637));
#2782=CARTESIAN_POINT('',(-0.0165514136578591,-0.00350719361839857,0.097327233020084));
#2783=CARTESIAN_POINT('',(-0.0147695983784741,-0.00286397088894236,0.099765719786091));
#2784=CARTESIAN_POINT('',(-0.0126389828017956,-0.00209483371602167,0.10193155533911));
#2785=CARTESIAN_POINT('',(-0.010303742459885,-0.0012518284482824,0.103736476793275));
#2786=CARTESIAN_POINT('',(-0.00771820659358444,-0.000318468264277909,0.105230428014695));
#2787=CARTESIAN_POINT('',(-0.00499501807455433,0.000664583555009938,0.106318965601523));
#2788=CARTESIAN_POINT('',(-0.00307718596968061,0.00135690739767077,0.10675400355823));
#2789=CARTESIAN_POINT('',(-0.00210700142229647,0.00170713716607866,0.106865046680046));
#2790=CARTESIAN_POINT('',(-0.0185254732662836,-0.00421981519266091,0.0915));
#2791=CARTESIAN_POINT('',(-0.0185254732662836,-0.00421981519266091,0.086));
#2792=CARTESIAN_POINT('',(-0.0185254732662836,-0.00421981519266091,0.0715));
#2793=CARTESIAN_POINT('',(-0.00896706104684687,-0.000769295900237043,0.0615));
#2794=CARTESIAN_POINT('',(-0.0121819114576336,-0.00192983418944363,0.0648022841375511));
#2795=CARTESIAN_POINT('',(-0.015352758495569,-0.00307448757188226,0.0681521519178341));
#2796=CARTESIAN_POINT('',(-0.0185254732662836,-0.00421981519266091,0.0715));
#2797=CARTESIAN_POINT('',(-0.00896706104684687,-0.000769295900237039,0.0615));
#2798=CARTESIAN_POINT('',(-0.00896706104684687,-0.000769295900237039,0.065));
#2799=CARTESIAN_POINT('',(-0.00896706104684687,-0.000769295900237039,0.04));
#2800=CARTESIAN_POINT('',(-0.000788133870085562,0.00218323903619908,0.04));
#2801=CARTESIAN_POINT('',(-0.00366209084334684,0.00114576086993324,0.04));
#2802=CARTESIAN_POINT('',(-0.00366209084334684,0.00114576086993324,0.055));
#2803=CARTESIAN_POINT('',(-0.00366209084334684,0.00114576086993324,0.055));
#2804=CARTESIAN_POINT('',(-0.00108658796941988,0.00207549921456197,0.055));
#2805=CARTESIAN_POINT('',(-0.00263854339082847,0.00151525427014925,0.055));
#2806=CARTESIAN_POINT('',(-0.00263854339082847,0.00151525427014925,0.055));
#2807=CARTESIAN_POINT('',(0.,-0.000934498656541109,0.055));
#2808=CARTESIAN_POINT('',(-0.00383022221559489,0.0032139380484327,0.055));
#2809=CARTESIAN_POINT('',(-0.00488022221559489,0.0032139380484327,0.055));
#2810=CARTESIAN_POINT('',(-0.00383022221559489,0.0032139380484327,0.055));
#2811=CARTESIAN_POINT('',(-0.00177999076967997,0.00353358788525672,0.055));
#2812=CARTESIAN_POINT('',(-0.00249982983875688,-0.00048692513133264,0.055));
#2813=CARTESIAN_POINT('',(-0.00201825813153504,0.00220279455808272,0.055));
#2814=CARTESIAN_POINT('',(-0.00383022221559489,0.0032139380484327,0.055));
#2815=CARTESIAN_POINT('',(-0.00383022221559489,0.0032139380484327,0.055));
#2816=CARTESIAN_POINT('',(-0.00201825813153504,0.00220279455808272,0.055));
#2817=CARTESIAN_POINT('',(-0.00201825813153504,0.00220279455808272,0.04));
#2818=CARTESIAN_POINT('',(-0.00383022221559489,0.0032139380484327,0.04));
#2819=CARTESIAN_POINT('',(-0.00383022221559489,0.0032139380484327,0.055));
#2820=CARTESIAN_POINT('',(-0.00177999076967997,0.00353358788525672,0.055));
#2821=CARTESIAN_POINT('',(-0.00177999076967997,0.00353358788525673,0.04));
#2822=CARTESIAN_POINT('',(-0.00383022221559489,0.0032139380484327,0.04));
#2823=CARTESIAN_POINT('',(0.,0.,0.04));
#2824=CARTESIAN_POINT('',(-0.00233771252277747,0.000418547782141763,0.04));
#2825=CARTESIAN_POINT('',(0.,0.,0.04));
#2826=CARTESIAN_POINT('',(-0.00233771252277747,0.000418547782141763,0.04));
#2827=CARTESIAN_POINT('',(-0.000807779069350095,0.00896367630914459,0.04));
#2828=CARTESIAN_POINT('',(0.,5.51091059616309E-19,0.04));
#2829=CARTESIAN_POINT('',(0.,5.51091059616309E-19,0.065));
#2830=CARTESIAN_POINT('',(-0.000807779069350095,0.00896367630914459,0.065));
#2831=CARTESIAN_POINT('',(-0.000807779069350094,0.00896367630914459,0.0615));
#2832=CARTESIAN_POINT('',(0.,0.,0.0615));
#2833=CARTESIAN_POINT('',(0.,0.,0.0615));
#2834=CARTESIAN_POINT('',(0.,0.,0.0715));
#2835=CARTESIAN_POINT('',(0.000984569935100412,0.0189744729055354,0.0715));
#2836=CARTESIAN_POINT('',(0.000984569935100416,0.0189744729055354,0.0715));
#2837=CARTESIAN_POINT('',(0.000389718467316274,0.0156520524203145,0.0681512184027027));
#2838=CARTESIAN_POINT('',(-0.000204769082322311,0.0123316645250211,0.0648002730371112));
#2839=CARTESIAN_POINT('',(-0.000807779069350092,0.00896367630914459,0.0615));
#2840=CARTESIAN_POINT('',(0.,0.,0.086));
#2841=CARTESIAN_POINT('',(0.,0.,0.0915));
#2842=CARTESIAN_POINT('',(0.000984569935100412,0.0189744729055354,0.0915));
#2843=CARTESIAN_POINT('',(0.000984569935100412,0.0189744729055354,0.086));
#2844=CARTESIAN_POINT('',(-0.0184775832415646,-0.00442480706370935,0.0915));
#2845=CARTESIAN_POINT('',(-0.0217294463448407,0.00915467116343554,0.0915));
#2846=CARTESIAN_POINT('',(-0.0127410428671924,0.0198404301672196,0.0915));
#2847=CARTESIAN_POINT('',(0.00119473502043864,0.0189623998542098,0.0915));
#2848=CARTESIAN_POINT('',(-0.0178219336735529,-0.00426779936405898,0.0980974898119925));
#2849=CARTESIAN_POINT('',(-0.020958409249628,0.0088298312687845,0.0980974898119925));
#2850=CARTESIAN_POINT('',(-0.0122889459050149,0.0191364220023941,0.0980974898119925));
#2851=CARTESIAN_POINT('',(0.001152341624625,0.0182895472895459,0.0980974898119925));
#2852=CARTESIAN_POINT('',(-0.0107384574915858,-0.00257152691133476,0.105197270121533));
#2853=CARTESIAN_POINT('',(-0.01262831469025,0.00532034118600865,0.105197270121533));
#2854=CARTESIAN_POINT('',(-0.00740460185940604,0.0115304914706705,0.105197270121533));
#2855=CARTESIAN_POINT('',(0.000694333834839912,0.0110202141757822,0.105197270121533));
#2856=CARTESIAN_POINT('',(-0.00248975617804253,-0.000596219244664799,0.106896016873091));
#2857=CARTESIAN_POINT('',(-0.00292792745540515,0.00123354330429099,0.106896016873091));
#2858=CARTESIAN_POINT('',(-0.00171678783846253,0.00267339256103243,0.106896016873091));
#2859=CARTESIAN_POINT('',(0.000160984196871029,0.00255508264096631,0.106896016873091));
#2860=CARTESIAN_POINT('',(-0.00210700142229646,0.00170713716607865,0.106865046680046));
#2861=CARTESIAN_POINT('',(-0.00192598736533564,0.0027181539383829,0.106761815137478));
#2862=CARTESIAN_POINT('',(-0.0015654755595168,0.00473171845605695,0.106339301551299));
#2863=CARTESIAN_POINT('',(-0.00105046753229823,0.00760818983143749,0.105250600066744));
#2864=CARTESIAN_POINT('',(-0.000570302284409786,0.010290054031619,0.103785874222269));
#2865=CARTESIAN_POINT('',(-0.000121441333818667,0.0127970745199685,0.101943431056243));
#2866=CARTESIAN_POINT('',(0.000271589836856377,0.0149922692593299,0.0998212794647637));
#2867=CARTESIAN_POINT('',(0.000612630974526243,0.0168970843660622,0.0973447742146391));
#2868=CARTESIAN_POINT('',(0.000869909292436931,0.0183340594768642,0.0945875202292909));
#2869=CARTESIAN_POINT('',(0.000965591728371401,0.0188684740365335,0.0925455191100741));
#2870=CARTESIAN_POINT('',(0.000984569935100411,0.0189744729055354,0.0915));
#2871=CARTESIAN_POINT('',(0.,-0.000934498656541109,0.093));
#2872=CARTESIAN_POINT('',(-0.00383022221559489,0.0032139380484327,0.093));
#2873=CARTESIAN_POINT('',(-0.00488022221559489,0.0032139380484327,0.093));
#2874=CARTESIAN_POINT('',(-0.00383022221559489,0.0032139380484327,0.093));
#2875=CARTESIAN_POINT('',(-0.000534181092772464,0.010491801515732,0.04));
#2876=MECHANICAL_DESIGN_GEOMETRIC_PRESENTATION_REPRESENTATION('',(#1505),
#2880);
#2877=MECHANICAL_DESIGN_GEOMETRIC_PRESENTATION_REPRESENTATION('',(#1506),
#2881);
#2878=MECHANICAL_DESIGN_GEOMETRIC_PRESENTATION_REPRESENTATION('',(#1507),
#2882);
#2879=MECHANICAL_DESIGN_GEOMETRIC_PRESENTATION_REPRESENTATION('',(#1508),
#2883);
#2880=(
GEOMETRIC_REPRESENTATION_CONTEXT(3)
GLOBAL_UNCERTAINTY_ASSIGNED_CONTEXT((#2884))
GLOBAL_UNIT_ASSIGNED_CONTEXT((#2896,#2892,#2888))
REPRESENTATION_CONTEXT('Head Insulator','TOP_LEVEL_ASSEMBLY_PART')
);
#2881=(
GEOMETRIC_REPRESENTATION_CONTEXT(3)
GLOBAL_UNCERTAINTY_ASSIGNED_CONTEXT((#2885))
GLOBAL_UNIT_ASSIGNED_CONTEXT((#2897,#2893,#2889))
REPRESENTATION_CONTEXT('Head','TOP_LEVEL_ASSEMBLY_PART')
);
#2882=(
GEOMETRIC_REPRESENTATION_CONTEXT(3)
GLOBAL_UNCERTAINTY_ASSIGNED_CONTEXT((#2886))
GLOBAL_UNIT_ASSIGNED_CONTEXT((#2898,#2894,#2890))
REPRESENTATION_CONTEXT('Head','TOP_LEVEL_ASSEMBLY_PART')
);
#2883=(
GEOMETRIC_REPRESENTATION_CONTEXT(3)
GLOBAL_UNCERTAINTY_ASSIGNED_CONTEXT((#2887))
GLOBAL_UNIT_ASSIGNED_CONTEXT((#2899,#2895,#2891))
REPRESENTATION_CONTEXT('Head','TOP_LEVEL_ASSEMBLY_PART')
);
#2884=UNCERTAINTY_MEASURE_WITH_UNIT(LENGTH_MEASURE(2.E-5),#2896,
'DISTANCE_ACCURACY_VALUE','Maximum Tolerance applied to model');
#2885=UNCERTAINTY_MEASURE_WITH_UNIT(LENGTH_MEASURE(2.E-5),#2897,
'DISTANCE_ACCURACY_VALUE','Maximum Tolerance applied to model');
#2886=UNCERTAINTY_MEASURE_WITH_UNIT(LENGTH_MEASURE(2.E-5),#2898,
'DISTANCE_ACCURACY_VALUE','Maximum Tolerance applied to model');
#2887=UNCERTAINTY_MEASURE_WITH_UNIT(LENGTH_MEASURE(2.E-5),#2899,
'DISTANCE_ACCURACY_VALUE','Maximum Tolerance applied to model');
#2888=(
NAMED_UNIT(*)
SI_UNIT($,.STERADIAN.)
SOLID_ANGLE_UNIT()
);
#2889=(
NAMED_UNIT(*)
SI_UNIT($,.STERADIAN.)
SOLID_ANGLE_UNIT()
);
#2890=(
NAMED_UNIT(*)
SI_UNIT($,.STERADIAN.)
SOLID_ANGLE_UNIT()
);
#2891=(
NAMED_UNIT(*)
SI_UNIT($,.STERADIAN.)
SOLID_ANGLE_UNIT()
);
#2892=(
NAMED_UNIT(*)
PLANE_ANGLE_UNIT()
SI_UNIT($,.RADIAN.)
);
#2893=(
NAMED_UNIT(*)
PLANE_ANGLE_UNIT()
SI_UNIT($,.RADIAN.)
);
#2894=(
NAMED_UNIT(*)
PLANE_ANGLE_UNIT()
SI_UNIT($,.RADIAN.)
);
#2895=(
NAMED_UNIT(*)
PLANE_ANGLE_UNIT()
SI_UNIT($,.RADIAN.)
);
#2896=(
LENGTH_UNIT()
NAMED_UNIT(*)
SI_UNIT($,.METRE.)
);
#2897=(
LENGTH_UNIT()
NAMED_UNIT(*)
SI_UNIT($,.METRE.)
);
#2898=(
LENGTH_UNIT()
NAMED_UNIT(*)
SI_UNIT($,.METRE.)
);
#2899=(
LENGTH_UNIT()
NAMED_UNIT(*)
SI_UNIT($,.METRE.)
);
#2900=PRODUCT_DEFINITION_SHAPE('','',#2904);
#2901=PRODUCT_DEFINITION_SHAPE('','',#2905);
#2902=PRODUCT_DEFINITION_SHAPE('','',#2906);
#2903=PRODUCT_DEFINITION_SHAPE('','',#2907);
#2904=PRODUCT_DEFINITION('','',#2912,#2908);
#2905=PRODUCT_DEFINITION('','',#2913,#2909);
#2906=PRODUCT_DEFINITION('','',#2914,#2910);
#2907=PRODUCT_DEFINITION('','',#2915,#2911);
#2908=PRODUCT_DEFINITION_CONTEXT('',#2936,'design');
#2909=PRODUCT_DEFINITION_CONTEXT('',#2937,'design');
#2910=PRODUCT_DEFINITION_CONTEXT('',#2938,'design');
#2911=PRODUCT_DEFINITION_CONTEXT('',#2939,'design');
#2912=PRODUCT_DEFINITION_FORMATION_WITH_SPECIFIED_SOURCE('','',#2920,
 .NOT_KNOWN.);
#2913=PRODUCT_DEFINITION_FORMATION_WITH_SPECIFIED_SOURCE('','',#2921,
 .NOT_KNOWN.);
#2914=PRODUCT_DEFINITION_FORMATION_WITH_SPECIFIED_SOURCE('','',#2922,
 .NOT_KNOWN.);
#2915=PRODUCT_DEFINITION_FORMATION_WITH_SPECIFIED_SOURCE('','',#2923,
 .NOT_KNOWN.);
#2916=PRODUCT_RELATED_PRODUCT_CATEGORY('','',(#2920));
#2917=PRODUCT_RELATED_PRODUCT_CATEGORY('','',(#2921));
#2918=PRODUCT_RELATED_PRODUCT_CATEGORY('','',(#2922));
#2919=PRODUCT_RELATED_PRODUCT_CATEGORY('','',(#2923));
#2920=PRODUCT('Head Insulator','Head Insulator','Head Insulator',(#2928));
#2921=PRODUCT('Head','Head','Head',(#2929));
#2922=PRODUCT('Head','Head','Head',(#2930));
#2923=PRODUCT('Head','Head','Head',(#2931));
#2924=PRODUCT_CATEGORY('','');
#2925=PRODUCT_CATEGORY('','');
#2926=PRODUCT_CATEGORY('','');
#2927=PRODUCT_CATEGORY('','');
#2928=PRODUCT_CONTEXT('',#2936,'mechanical');
#2929=PRODUCT_CONTEXT('',#2937,'mechanical');
#2930=PRODUCT_CONTEXT('',#2938,'mechanical');
#2931=PRODUCT_CONTEXT('',#2939,'mechanical');
#2932=APPLICATION_PROTOCOL_DEFINITION('international standard',
'ap242_managed_model_based_3d_engineering',2020,#2936);
#2933=APPLICATION_PROTOCOL_DEFINITION('international standard',
'ap242_managed_model_based_3d_engineering',2020,#2937);
#2934=APPLICATION_PROTOCOL_DEFINITION('international standard',
'ap242_managed_model_based_3d_engineering',2020,#2938);
#2935=APPLICATION_PROTOCOL_DEFINITION('international standard',
'ap242_managed_model_based_3d_engineering',2020,#2939);
#2936=APPLICATION_CONTEXT('managed model based 3d engineering');
#2937=APPLICATION_CONTEXT('managed model based 3d engineering');
#2938=APPLICATION_CONTEXT('managed model based 3d engineering');
#2939=APPLICATION_CONTEXT('managed model based 3d engineering');
ENDSEC;
END-ISO-10303-21;
