ISO-10303-21;
HEADER;
/* Generated by software containing ST-Developer
 * from STEP Tools, Inc. (www.steptools.com) 
 */
/* OPTION: using custom renumber hook */

FILE_DESCRIPTION(
/* description */ ('STEP AP242 Edition 2',
'CAx-IF Rec.Pracs.---Representation and Presentation of Product Manufa
cturing Information (PMI)---4.0---2014-10-13',
'CAx-IF Rec.Pracs.---3D Tessellated Geometry---0.4---2014-09-14','2;1',
'CAx-IF Rec.Pracs.---User Defined Attributes---1.5---2016-08-15'),
/* implementation_level */ '2;1');

FILE_NAME(
/* name */ '698f397299e566b54ace5de4',
/* time_stamp */ '2026-02-13T14:47:15Z',
/* author */ (''),
/* organization */ (''),
/* preprocessor_version */ 'ST-DEVELOPER v20',
/* originating_system */ 'ONSHAPE BY PTC INC, 1.210',
/* authorisation */ '  ');

FILE_SCHEMA (('AP242_MANAGED_MODEL_BASED_3D_ENGINEERING_MIM_LF { 1 0 10303 442 3 1 4 }'));
ENDSEC;

DATA;
#10=ELLIPSE('',#2096,0.112611643047544,0.0198326706257588);
#11=ELLIPSE('',#2098,0.112611643052171,0.0198326706262145);
#12=ELLIPSE('',#2148,0.00116619037896906,0.001);
#13=ELLIPSE('',#2149,0.00116619037896906,0.001);
#14=ELLIPSE('',#2152,0.00116619037896906,0.001);
#15=ELLIPSE('',#2153,0.00116619037896906,0.001);
#16=SHAPE_REPRESENTATION_RELATIONSHIP('','',#2045,#19);
#17=SHAPE_REPRESENTATION_RELATIONSHIP('','',#2046,#20);
#18=SHAPE_REPRESENTATION_RELATIONSHIP('','',#2047,#21);
#19=ADVANCED_BREP_SHAPE_REPRESENTATION('',(#2039),#6646);
#20=ADVANCED_BREP_SHAPE_REPRESENTATION('',(#2040),#6647);
#21=ADVANCED_BREP_SHAPE_REPRESENTATION('',(#2041),#6648);
#22=TOROIDAL_SURFACE('',#2063,0.00159,0.0004);
#23=TOROIDAL_SURFACE('',#2088,0.00159,0.0004);
#24=TOROIDAL_SURFACE('',#2133,0.004,0.0004);
#25=TOROIDAL_SURFACE('',#2141,0.004,0.0004);
#26=TOROIDAL_SURFACE('',#2156,0.0014,0.001);
#27=TOROIDAL_SURFACE('',#2160,0.0034,0.001);
#28=TOROIDAL_SURFACE('',#2164,0.0014,0.001);
#29=(
BOUNDED_SURFACE()
B_SPLINE_SURFACE(3,2,((#3040,#3041,#3042),(#3043,#3044,#3045),(#3046,#3047,
#3048),(#3049,#3050,#3051),(#3052,#3053,#3054),(#3055,#3056,#3057),(#3058,
#3059,#3060),(#3061,#3062,#3063),(#3064,#3065,#3066),(#3067,#3068,#3069),
(#3070,#3071,#3072),(#3073,#3074,#3075),(#3076,#3077,#3078),(#3079,#3080,
#3081),(#3082,#3083,#3084),(#3085,#3086,#3087),(#3088,#3089,#3090),(#3091,
#3092,#3093),(#3094,#3095,#3096),(#3097,#3098,#3099),(#3100,#3101,#3102),
(#3103,#3104,#3105),(#3106,#3107,#3108),(#3109,#3110,#3111),(#3112,#3113,
#3114),(#3115,#3116,#3117),(#3118,#3119,#3120),(#3121,#3122,#3123),(#3124,
#3125,#3126),(#3127,#3128,#3129),(#3130,#3131,#3132),(#3133,#3134,#3135)),
 .UNSPECIFIED.,.F.,.F.,.F.)
B_SPLINE_SURFACE_WITH_KNOTS((4,1,1,1,1,1,1,1,1,1,1,1,1,1,1,1,1,1,1,1,1,
1,1,1,1,1,1,1,1,4),(3,3),(0.116799965939263,0.122918854420695,0.125978298661411,
0.129037742902128,0.132097187142844,0.13515663138356,0.138216075624276,
0.141275519864992,0.144334964105708,0.147394408346424,0.15045385258714,
0.153513296827856,0.156572741068572,0.159632185309288,0.16575107379072,
0.168810518031436,0.171869962272152,0.174929406512869,0.177988850753585,
0.181048294994301,0.184107739235017,0.187167183475733,0.190226627716449,
0.193286071957165,0.196345516197881,0.199404960438597,0.202464404679313,
0.205523848920029,0.208583293160745,0.214702181642177),(0.,1.),
 .UNSPECIFIED.)
GEOMETRIC_REPRESENTATION_ITEM()
RATIONAL_B_SPLINE_SURFACE(((1.,0.617258186086153,1.),(1.,0.628569135559596,
1.),(1.,0.638790271235201,1.),(1.,0.6480936098821,1.),(1.,0.654504639393214,
1.),(1.,0.667223116527858,1.),(1.,0.685864506644979,1.),(1.,0.706406412187421,
1.),(1.,0.7230352473071,1.),(1.,0.734108405755506,1.),(1.,0.729413004814716,
1.),(1.,0.68808309612274,1.),(1.,0.661607545634635,1.),(1.,0.654893950037365,
1.),(1.,0.653310417419734,1.),(1.,0.654312756498438,1.),(1.,0.653978943915049,
1.),(1.,0.653681582322251,1.),(1.,0.654740664637885,1.),(1.,0.661131282277567,
1.),(1.,0.686382633040566,1.),(1.,0.728273241990945,1.),(1.,0.734437700304009,
1.),(1.,0.723458337692359,1.),(1.,0.706802833863581,1.),(1.,0.686246295724144,
1.),(1.,0.667402155368448,1.),(1.,0.654737550693963,1.),(1.,0.648203611572355,
1.),(1.,0.639110510971737,1.),(1.,0.628767530281476,1.),(1.,0.617204881811203,
1.)))
REPRESENTATION_ITEM('')
SURFACE()
);
#30=(
BOUNDED_SURFACE()
B_SPLINE_SURFACE(3,2,((#3136,#3137,#3138),(#3139,#3140,#3141),(#3142,#3143,
#3144),(#3145,#3146,#3147),(#3148,#3149,#3150),(#3151,#3152,#3153),(#3154,
#3155,#3156),(#3157,#3158,#3159),(#3160,#3161,#3162),(#3163,#3164,#3165),
(#3166,#3167,#3168),(#3169,#3170,#3171),(#3172,#3173,#3174),(#3175,#3176,
#3177),(#3178,#3179,#3180),(#3181,#3182,#3183),(#3184,#3185,#3186),(#3187,
#3188,#3189),(#3190,#3191,#3192),(#3193,#3194,#3195),(#3196,#3197,#3198),
(#3199,#3200,#3201),(#3202,#3203,#3204),(#3205,#3206,#3207),(#3208,#3209,
#3210),(#3211,#3212,#3213),(#3214,#3215,#3216),(#3217,#3218,#3219),(#3220,
#3221,#3222),(#3223,#3224,#3225),(#3226,#3227,#3228),(#3229,#3230,#3231),
(#3232,#3233,#3234),(#3235,#3236,#3237)),.UNSPECIFIED.,.F.,.F.,.F.)
B_SPLINE_SURFACE_WITH_KNOTS((4,1,1,1,1,1,1,1,1,1,1,1,1,1,1,1,1,1,1,1,1,
1,1,1,1,1,1,1,1,1,1,4),(3,3),(0.0163711128802829,0.0220802204724114,0.0249347742684757,
0.02778932806454,0.0306438818606043,0.0334984356566685,0.0363529894527328,
0.0392075432487971,0.0420620970448614,0.0449166508409257,0.0463439277389578,
0.0477712046369899,0.0506257584330542,0.0534803122291185,0.0563348660251828,
0.059189419821247,0.0620439736173113,0.0648985274133756,0.0677530812094399,
0.0706076350055042,0.0734621888015684,0.0763167425976327,0.079171296393697,
0.0820258501897613,0.0848804039858256,0.0877349577818898,0.0905895115779541,
0.0934440653740184,0.0962986191700827,0.099153172966147,0.102007726762211,
0.10771683435434),(0.,1.),.UNSPECIFIED.)
GEOMETRIC_REPRESENTATION_ITEM()
RATIONAL_B_SPLINE_SURFACE(((1.,0.778433945339001,1.),(1.,0.771894946787425,
1.),(1.,0.764997608929775,1.),(1.,0.759116235147423,1.),(1.,0.7513300638323,
1.),(1.,0.73829010045899,1.),(1.,0.719908311102957,1.),(1.,0.70146836635887,
1.),(1.,0.686072302339612,1.),(1.,0.676984077476728,1.),(1.,0.687131054864374,
1.),(1.,0.709015322397308,1.),(1.,0.731262754946483,1.),(1.,0.748658090600193,
1.),(1.,0.755444298985198,1.),(1.,0.757211959726607,1.),(1.,0.757454724923087,
1.),(1.,0.757436161957841,1.),(1.,0.757454031280354,1.),(1.,0.757206484496887,
1.),(1.,0.755429685026458,1.),(1.,0.748574778909804,1.),(1.,0.727579128354025,
1.),(1.,0.68906294865077,1.),(1.,0.67693330915688,1.),(1.,0.686316697053623,
1.),(1.,0.70164903396438,1.),(1.,0.72017009183159,1.),(1.,0.738534110196869,
1.),(1.,0.751406998269861,1.),(1.,0.759126738691182,1.),(1.,0.764991173924989,
1.),(1.,0.771894962862236,1.),(1.,0.778437064380411,1.)))
REPRESENTATION_ITEM('')
SURFACE()
);
#31=(
BOUNDED_SURFACE()
B_SPLINE_SURFACE(3,2,((#3239,#3240,#3241),(#3242,#3243,#3244),(#3245,#3246,
#3247),(#3248,#3249,#3250),(#3251,#3252,#3253),(#3254,#3255,#3256),(#3257,
#3258,#3259)),.UNSPECIFIED.,.F.,.F.,.F.)
B_SPLINE_SURFACE_WITH_KNOTS((4,1,1,1,4),(3,3),(0.00630098196483167,0.00786969572974314,
0.00943840949465461,0.0110071232595661,0.0125758370244776),(0.,1.),
 .UNSPECIFIED.)
GEOMETRIC_REPRESENTATION_ITEM()
RATIONAL_B_SPLINE_SURFACE(((1.,0.707106781186547,1.),(1.,0.707106781186547,
1.),(1.,0.707106781186547,1.),(1.,0.707106781186548,1.),(1.,0.707106781186545,
1.),(1.,0.707106781186547,1.),(1.,0.707106781186547,1.)))
REPRESENTATION_ITEM('')
SURFACE()
);
#32=(
BOUNDED_SURFACE()
B_SPLINE_SURFACE(3,2,((#3783,#3784,#3785),(#3786,#3787,#3788),(#3789,#3790,
#3791),(#3792,#3793,#3794)),.UNSPECIFIED.,.F.,.F.,.F.)
B_SPLINE_SURFACE_WITH_KNOTS((4,4),(3,3),(0.0147648926199652,0.0159582515046591),
(0.,1.),.PIECEWISE_BEZIER_KNOTS.)
GEOMETRIC_REPRESENTATION_ITEM()
RATIONAL_B_SPLINE_SURFACE(((1.,0.71829135147365,1.),(1.,0.718830142935863,
1.),(1.,0.719360838351313,1.),(1.,0.719886176295148,1.)))
REPRESENTATION_ITEM('')
SURFACE()
);
#33=(
BOUNDED_SURFACE()
B_SPLINE_SURFACE(3,2,((#3805,#3806,#3807),(#3808,#3809,#3810),(#3811,#3812,
#3813),(#3814,#3815,#3816)),.UNSPECIFIED.,.F.,.F.,.F.)
B_SPLINE_SURFACE_WITH_KNOTS((4,4),(3,3),(0.0126458432739026,0.0138372319176014),
(0.,1.),.PIECEWISE_BEZIER_KNOTS.)
GEOMETRIC_REPRESENTATION_ITEM()
RATIONAL_B_SPLINE_SURFACE(((1.,0.720155967861579,1.),(1.,0.719617729881009,
1.),(1.,0.719073206485756,1.),(1.,0.718519480003893,1.)))
REPRESENTATION_ITEM('')
SURFACE()
);
#34=(
BOUNDED_SURFACE()
B_SPLINE_SURFACE(3,2,((#3827,#3828,#3829),(#3830,#3831,#3832),(#3833,#3834,
#3835),(#3836,#3837,#3838),(#3839,#3840,#3841)),.UNSPECIFIED.,.F.,.F.,.F.)
B_SPLINE_SURFACE_WITH_KNOTS((4,1,4),(3,3),(-1.73472347597681E-18,0.00233768856708374,
0.00467537713416748),(0.,1.),.UNSPECIFIED.)
GEOMETRIC_REPRESENTATION_ITEM()
RATIONAL_B_SPLINE_SURFACE(((1.,0.553030858861275,1.),(1.,0.557185384018773,
1.),(1.,0.569919078829598,1.),(1.,0.587837570298891,1.),(1.,0.594853465413642,
1.)))
REPRESENTATION_ITEM('')
SURFACE()
);
#35=(
BOUNDED_SURFACE()
B_SPLINE_SURFACE(3,2,((#3843,#3844,#3845),(#3846,#3847,#3848),(#3849,#3850,
#3851),(#3852,#3853,#3854),(#3855,#3856,#3857),(#3858,#3859,#3860),(#3861,
#3862,#3863)),.UNSPECIFIED.,.F.,.F.,.F.)
B_SPLINE_SURFACE_WITH_KNOTS((4,1,1,1,4),(3,3),(1.30104260698261E-18,0.00079054179892278,
0.00158108359784556,0.00237162539676834,0.00316216719569112),(0.,1.),
 .UNSPECIFIED.)
GEOMETRIC_REPRESENTATION_ITEM()
RATIONAL_B_SPLINE_SURFACE(((1.,0.553030858861296,1.),(1.,0.538476818768002,
1.),(1.,0.527132549162937,1.),(1.,0.563882511681866,1.),(1.,0.621701333999202,
1.),(1.,0.659783810253864,1.),(1.,0.677726611072761,1.)))
REPRESENTATION_ITEM('')
SURFACE()
);
#36=(
BOUNDED_SURFACE()
B_SPLINE_SURFACE(3,2,((#3865,#3866,#3867),(#3868,#3869,#3870),(#3871,#3872,
#3873),(#3874,#3875,#3876),(#3877,#3878,#3879),(#3880,#3881,#3882),(#3883,
#3884,#3885),(#3886,#3887,#3888),(#3889,#3890,#3891),(#3892,#3893,#3894),
(#3895,#3896,#3897),(#3898,#3899,#3900),(#3901,#3902,#3903),(#3904,#3905,
#3906),(#3907,#3908,#3909),(#3910,#3911,#3912),(#3913,#3914,#3915),(#3916,
#3917,#3918),(#3919,#3920,#3921),(#3922,#3923,#3924),(#3925,#3926,#3927)),
 .UNSPECIFIED.,.F.,.F.,.F.)
B_SPLINE_SURFACE_WITH_KNOTS((4,1,1,1,1,1,1,1,1,1,1,1,1,1,1,1,1,1,4),(3,
3),(-1.31013255799672E-13,0.00287574953970841,0.00431362430962813,0.00575149907954784,
0.00718937384946756,0.00862724861938727,0.00934618600434713,0.010065123389307,
0.0107840607742668,0.0115029981592267,0.0122219355441866,0.0129408729291464,
0.0136598103141063,0.0143787476990661,0.0158166224689858,0.0172544972389056,
0.0186923720088253,0.020130246778745,0.0230059963185844),(0.,1.),
 .UNSPECIFIED.)
GEOMETRIC_REPRESENTATION_ITEM()
RATIONAL_B_SPLINE_SURFACE(((1.,0.677726611072874,1.),(1.,0.678551929951828,
1.),(1.,0.680255265068481,1.),(1.,0.683415760431257,1.),(1.,0.686241528502886,
1.),(1.,0.68961811115652,1.),(1.,0.692993098665261,1.),(1.,0.696501132487988,
1.),(1.,0.699754622587963,1.),(1.,0.705689844933485,1.),(1.,0.707672905108053,
1.),(1.,0.706244298769066,1.),(1.,0.700178419306754,1.),(1.,0.696675303887822,
1.),(1.,0.693085847747564,1.),(1.,0.689634721287665,1.),(1.,0.686220704638603,
1.),(1.,0.683384876092242,1.),(1.,0.680232808601047,1.),(1.,0.678548868023066,
1.),(1.,0.677734025799668,1.)))
REPRESENTATION_ITEM('')
SURFACE()
);
#37=(
BOUNDED_SURFACE()
B_SPLINE_SURFACE(3,2,((#3929,#3930,#3931),(#3932,#3933,#3934),(#3935,#3936,
#3937),(#3938,#3939,#3940),(#3941,#3942,#3943),(#3944,#3945,#3946),(#3947,
#3948,#3949)),.UNSPECIFIED.,.F.,.F.,.F.)
B_SPLINE_SURFACE_WITH_KNOTS((4,1,1,1,4),(3,3),(-2.59124319224036E-17,0.000790590642994614,
0.00158118128598925,0.00237177192898389,0.00316236257197853),(0.,1.),
 .UNSPECIFIED.)
GEOMETRIC_REPRESENTATION_ITEM()
RATIONAL_B_SPLINE_SURFACE(((1.,0.677734025799659,1.),(1.,0.659761970726033,
1.),(1.,0.621691292464668,1.),(1.,0.564063388877806,1.),(1.,0.527101830382332,
1.),(1.,0.538412357048263,1.),(1.,0.553028290914782,1.)))
REPRESENTATION_ITEM('')
SURFACE()
);
#38=(
BOUNDED_SURFACE()
B_SPLINE_SURFACE(3,2,((#3951,#3952,#3953),(#3954,#3955,#3956),(#3957,#3958,
#3959),(#3960,#3961,#3962),(#3963,#3964,#3965)),.UNSPECIFIED.,.F.,.F.,.F.)
B_SPLINE_SURFACE_WITH_KNOTS((4,1,4),(3,3),(8.67361737988404E-19,0.0023379352149643,
0.0046758704299286),(0.,1.),.UNSPECIFIED.)
GEOMETRIC_REPRESENTATION_ITEM()
RATIONAL_B_SPLINE_SURFACE(((1.,0.553028290914944,1.),(1.,0.557182392999818,
1.),(1.,0.569916123854819,1.),(1.,0.587836890248045,1.),(1.,0.594853490750206,
1.)))
REPRESENTATION_ITEM('')
SURFACE()
);
#39=(
BOUNDED_SURFACE()
B_SPLINE_SURFACE(3,2,((#3966,#3967,#3968),(#3969,#3970,#3971),(#3972,#3973,
#3974),(#3975,#3976,#3977),(#3978,#3979,#3980)),.UNSPECIFIED.,.F.,.F.,.F.)
B_SPLINE_SURFACE_WITH_KNOTS((4,1,4),(3,3),(0.,0.00287775120492633,0.00575550240985265),
(0.,1.),.UNSPECIFIED.)
GEOMETRIC_REPRESENTATION_ITEM()
RATIONAL_B_SPLINE_SURFACE(((1.,0.831093071899042,1.),(1.,0.827490176938199,
1.),(1.,0.814111220002454,1.),(1.,0.79963572294372,1.),(1.,0.794301439053939,
1.)))
REPRESENTATION_ITEM('')
SURFACE()
);
#40=(
BOUNDED_SURFACE()
B_SPLINE_SURFACE(3,2,((#3982,#3983,#3984),(#3985,#3986,#3987),(#3988,#3989,
#3990),(#3991,#3992,#3993),(#3994,#3995,#3996),(#3997,#3998,#3999)),
 .UNSPECIFIED.,.F.,.F.,.F.)
B_SPLINE_SURFACE_WITH_KNOTS((4,1,1,4),(3,3),(-6.83047368665868E-18,0.00157729079544818,
0.00236593619317227,0.00315458159089636),(0.,1.),.UNSPECIFIED.)
GEOMETRIC_REPRESENTATION_ITEM()
RATIONAL_B_SPLINE_SURFACE(((1.,0.735993493881618,1.),(1.,0.76867162152815,
1.),(1.,0.818305674409335,1.),(1.,0.848830826271974,1.),(1.,0.841213823309376,
1.),(1.,0.83109307189904,1.)))
REPRESENTATION_ITEM('')
SURFACE()
);
#41=(
BOUNDED_SURFACE()
B_SPLINE_SURFACE(3,2,((#4001,#4002,#4003),(#4004,#4005,#4006),(#4007,#4008,
#4009),(#4010,#4011,#4012),(#4013,#4014,#4015),(#4016,#4017,#4018),(#4019,
#4020,#4021),(#4022,#4023,#4024),(#4025,#4026,#4027),(#4028,#4029,#4030),
(#4031,#4032,#4033),(#4034,#4035,#4036),(#4037,#4038,#4039),(#4040,#4041,
#4042),(#4043,#4044,#4045),(#4046,#4047,#4048),(#4049,#4050,#4051),(#4052,
#4053,#4054),(#4055,#4056,#4057),(#4058,#4059,#4060),(#4061,#4062,#4063)),
 .UNSPECIFIED.,.F.,.F.,.F.)
B_SPLINE_SURFACE_WITH_KNOTS((4,1,1,1,1,1,1,1,1,1,1,1,1,1,1,1,1,1,4),(3,
3),(-1.86163584547927E-13,0.00283834109204414,0.00425751163815929,0.00567668218427444,
0.00709585273038959,0.00851502327650475,0.00922460854956232,0.0099341938226199,
0.0106437790956775,0.0113533643687351,0.0120629496417926,0.0127725349148502,
0.0134821201879078,0.0141917054609654,0.0156108760070805,0.0170300465531957,
0.0184492170993108,0.019868387645426,0.0227067287376563),(0.,1.),
 .UNSPECIFIED.)
GEOMETRIC_REPRESENTATION_ITEM()
RATIONAL_B_SPLINE_SURFACE(((1.,0.73599698781891,1.),(1.,0.735170805642685,
1.),(1.,0.733496871782645,1.),(1.,0.730405817073637,1.),(1.,0.727631525668012,
1.),(1.,0.724303180397681,1.),(1.,0.720953173007139,1.),(1.,0.717444262816469,
1.),(1.,0.714164539845195,1.),(1.,0.708287862692891,1.),(1.,0.706579255052994,
1.),(1.,0.708039253036812,1.),(1.,0.71401382891651,1.),(1.,0.717490017067926,
1.),(1.,0.721038889654748,1.),(1.,0.72439962280761,1.),(1.,0.72772191258189,
1.),(1.,0.730480308401684,1.),(1.,0.733537223772408,1.),(1.,0.735181966723213,
1.),(1.,0.735993493881531,1.)))
REPRESENTATION_ITEM('')
SURFACE()
);
#42=(
BOUNDED_SURFACE()
B_SPLINE_SURFACE(3,2,((#4065,#4066,#4067),(#4068,#4069,#4070),(#4071,#4072,
#4073),(#4074,#4075,#4076),(#4077,#4078,#4079),(#4080,#4081,#4082)),
 .UNSPECIFIED.,.F.,.F.,.F.)
B_SPLINE_SURFACE_WITH_KNOTS((4,1,1,4),(3,3),(8.34835672813838E-18,0.000788578513910632,
0.00157715702782126,0.0031543140556425),(0.,1.),.UNSPECIFIED.)
GEOMETRIC_REPRESENTATION_ITEM()
RATIONAL_B_SPLINE_SURFACE(((1.,0.831091918457816,1.),(1.,0.841169233046053,
1.),(1.,0.848803789512362,1.),(1.,0.818461561460771,1.),(1.,0.768621861020278,
1.),(1.,0.735996987819055,1.)))
REPRESENTATION_ITEM('')
SURFACE()
);
#43=(
BOUNDED_SURFACE()
B_SPLINE_SURFACE(3,2,((#4084,#4085,#4086),(#4087,#4088,#4089),(#4090,#4091,
#4092),(#4093,#4094,#4095),(#4096,#4097,#4098)),.UNSPECIFIED.,.F.,.F.,.F.)
B_SPLINE_SURFACE_WITH_KNOTS((4,1,4),(3,3),(1.73472347597681E-18,0.00287759307773116,
0.00575518615546232),(0.,1.),.UNSPECIFIED.)
GEOMETRIC_REPRESENTATION_ITEM()
RATIONAL_B_SPLINE_SURFACE(((1.,0.831091918457821,1.),(1.,0.827488697355716,
1.),(1.,0.814109724417333,1.),(1.,0.799635444247911,1.),(1.,0.794301449442906,
1.)))
REPRESENTATION_ITEM('')
SURFACE()
);
#44=(
BOUNDED_SURFACE()
B_SPLINE_SURFACE(3,2,((#4792,#4793,#4794),(#4795,#4796,#4797),(#4798,#4799,
#4800),(#4801,#4802,#4803),(#4804,#4805,#4806),(#4807,#4808,#4809),(#4810,
#4811,#4812),(#4813,#4814,#4815)),.UNSPECIFIED.,.F.,.F.,.F.)
B_SPLINE_SURFACE_WITH_KNOTS((4,1,1,1,1,4),(3,3),(0.0119247211836945,0.0136309056509238,
0.015337090118153,0.0170432745853822,0.0178963668189968,0.0187494590526114),
(0.,1.),.UNSPECIFIED.)
GEOMETRIC_REPRESENTATION_ITEM()
RATIONAL_B_SPLINE_SURFACE(((1.,0.772124503590052,1.),(1.,0.772493895589886,
1.),(1.,0.777443784808365,1.),(1.,0.782918318641034,1.),(1.,0.789524197740024,
1.),(1.,0.795509176782921,1.),(1.,0.795342822843526,1.),(1.,0.795673783978845,
1.)))
REPRESENTATION_ITEM('')
SURFACE()
);
#45=(
BOUNDED_SURFACE()
B_SPLINE_SURFACE(3,2,((#4816,#4817,#4818),(#4819,#4820,#4821),(#4822,#4823,
#4824),(#4825,#4826,#4827),(#4828,#4829,#4830)),.UNSPECIFIED.,.F.,.F.,.F.)
B_SPLINE_SURFACE_WITH_KNOTS((4,1,4),(3,3),(0.00176618179274366,0.00473009632254778,
0.00769401085235189),(0.,1.),.UNSPECIFIED.)
GEOMETRIC_REPRESENTATION_ITEM()
RATIONAL_B_SPLINE_SURFACE(((1.,0.586621519604404,1.),(1.,0.596569390941149,
1.),(1.,0.612634065779484,1.),(1.,0.622584977420132,1.),(1.,0.626818186742708,
1.)))
REPRESENTATION_ITEM('')
SURFACE()
);
#46=(
BOUNDED_SURFACE()
B_SPLINE_SURFACE(3,2,((#5042,#5043,#5044),(#5045,#5046,#5047),(#5048,#5049,
#5050),(#5051,#5052,#5053),(#5054,#5055,#5056),(#5057,#5058,#5059),(#5060,
#5061,#5062),(#5063,#5064,#5065)),.UNSPECIFIED.,.F.,.F.,.F.)
B_SPLINE_SURFACE_WITH_KNOTS((4,1,1,1,1,4),(3,3),(0.00263097198930523,0.00433786384559439,
0.00604475570188355,0.00775164755817272,0.0086050934863173,0.00945853941446188),
(0.,1.),.UNSPECIFIED.)
GEOMETRIC_REPRESENTATION_ITEM()
RATIONAL_B_SPLINE_SURFACE(((1.,0.772124495911049,1.),(1.,0.772493995535452,
1.),(1.,0.77744522905448,1.),(1.,0.782917270283481,1.),(1.,0.789525587108994,
1.),(1.,0.795508857829793,1.),(1.,0.795342818417595,1.),(1.,0.795673784677194,
1.)))
REPRESENTATION_ITEM('')
SURFACE()
);
#47=(
BOUNDED_SURFACE()
B_SPLINE_SURFACE(3,2,((#5066,#5067,#5068),(#5069,#5070,#5071),(#5072,#5073,
#5074),(#5075,#5076,#5077),(#5078,#5079,#5080)),.UNSPECIFIED.,.F.,.F.,.F.)
B_SPLINE_SURFACE_WITH_KNOTS((4,1,4),(3,3),(0.00736410432824144,0.0103054741654756,
0.0132468440027097),(0.,1.),.UNSPECIFIED.)
GEOMETRIC_REPRESENTATION_ITEM()
RATIONAL_B_SPLINE_SURFACE(((1.,0.626818164687054,1.),(1.,0.622585572610618,
1.),(1.,0.612636381108897,1.),(1.,0.596575373812672,1.),(1.,0.586630209202585,
1.)))
REPRESENTATION_ITEM('')
SURFACE()
);
#48=(
BOUNDED_SURFACE()
B_SPLINE_SURFACE(3,2,((#6470,#6471,#6472),(#6473,#6474,#6475),(#6476,#6477,
#6478),(#6479,#6480,#6481),(#6482,#6483,#6484),(#6485,#6486,#6487)),
 .UNSPECIFIED.,.F.,.F.,.F.)
B_SPLINE_SURFACE_WITH_KNOTS((4,1,1,4),(3,3),(6.28318530717959,6.67588438887831,
7.06858347057703,7.85398163397448),(0.,1.),.UNSPECIFIED.)
GEOMETRIC_REPRESENTATION_ITEM()
RATIONAL_B_SPLINE_SURFACE(((1.,0.707106781186548,1.),(1.,0.707106781936492,
1.),(1.,0.746332197290242,1.),(1.,0.911046408464624,1.),(1.,0.999999999866105,
1.),(1.,1.,1.)))
REPRESENTATION_ITEM('')
SURFACE()
);
#49=(
BOUNDED_SURFACE()
B_SPLINE_SURFACE(3,2,((#6492,#6493,#6494),(#6495,#6496,#6497),(#6498,#6499,
#6500),(#6501,#6502,#6503),(#6504,#6505,#6506),(#6507,#6508,#6509)),
 .UNSPECIFIED.,.F.,.F.,.F.)
B_SPLINE_SURFACE_WITH_KNOTS((4,1,1,4),(3,3),(6.28318530717959,6.67588438887831,
7.06858347057703,7.85398163397448),(0.,1.),.UNSPECIFIED.)
GEOMETRIC_REPRESENTATION_ITEM()
RATIONAL_B_SPLINE_SURFACE(((1.,0.707106781186548,1.),(1.,0.707106781936492,
1.),(1.,0.746332197290238,1.),(1.,0.911046408464626,1.),(1.,0.999999999866105,
1.),(1.,1.,1.)))
REPRESENTATION_ITEM('')
SURFACE()
);
#50=(
BOUNDED_SURFACE()
B_SPLINE_SURFACE(3,2,((#6512,#6513,#6514),(#6515,#6516,#6517),(#6518,#6519,
#6520),(#6521,#6522,#6523),(#6524,#6525,#6526),(#6527,#6528,#6529),(#6530,
#6531,#6532),(#6533,#6534,#6535),(#6536,#6537,#6538),(#6539,#6540,#6541),
(#6542,#6543,#6544),(#6545,#6546,#6547),(#6548,#6549,#6550),(#6551,#6552,
#6553),(#6554,#6555,#6556),(#6557,#6558,#6559),(#6560,#6561,#6562)),
 .UNSPECIFIED.,.F.,.F.,.F.)
B_SPLINE_SURFACE_WITH_KNOTS((4,1,1,1,1,1,1,1,1,1,1,1,1,1,4),(3,3),(0.0644898859177956,
0.0703116538358217,0.0732225377948348,0.0761334217538479,0.079044305712861,
0.081955189671874,0.0848660736308871,0.0877769575899002,0.0906878415489133,
0.0935987255079264,0.0965096094669394,0.0994204934259525,0.102331377384966,
0.105242261343979,0.111064029262005),(0.,1.),.UNSPECIFIED.)
GEOMETRIC_REPRESENTATION_ITEM()
RATIONAL_B_SPLINE_SURFACE(((1.,0.707106781186545,1.),(1.,0.707106781186545,
1.),(1.,0.707106781186547,1.),(1.,0.707106781186548,1.),(1.,0.707106781186547,
1.),(1.,0.707106781186547,1.),(1.,0.707106781186547,1.),(1.,0.707106781186547,
1.),(1.,0.707106781186547,1.),(1.,0.707106781186547,1.),(1.,0.707106781186547,
1.),(1.,0.707106781186547,1.),(1.,0.707106781186547,1.),(1.,0.707106781186547,
1.),(1.,0.707106781186547,1.),(1.,0.707106781186547,1.),(1.,0.707106781186547,
1.)))
REPRESENTATION_ITEM('')
SURFACE()
);
#51=(
BOUNDED_SURFACE()
B_SPLINE_SURFACE(3,2,((#6574,#6575,#6576),(#6577,#6578,#6579),(#6580,#6581,
#6582),(#6583,#6584,#6585),(#6586,#6587,#6588),(#6589,#6590,#6591),(#6592,
#6593,#6594),(#6595,#6596,#6597),(#6598,#6599,#6600),(#6601,#6602,#6603),
(#6604,#6605,#6606),(#6607,#6608,#6609),(#6610,#6611,#6612),(#6613,#6614,
#6615),(#6616,#6617,#6618),(#6619,#6620,#6621),(#6622,#6623,#6624),(#6625,
#6626,#6627),(#6628,#6629,#6630),(#6631,#6632,#6633),(#6634,#6635,#6636),
(#6637,#6638,#6639),(#6640,#6641,#6642)),.UNSPECIFIED.,.F.,.F.,.F.)
B_SPLINE_SURFACE_WITH_KNOTS((4,1,1,1,1,1,1,1,1,1,1,1,1,1,1,1,1,1,1,1,4),
(3,3),(0.0644898859177956,0.0685512516641919,0.0726126174105881,0.0766739831569844,
0.0807353489033807,0.0847967146497769,0.0888580803961732,0.0929194461425694,
0.0969808118889657,0.101042177635362,0.105103543381758,0.109164909128154,
0.113226274874551,0.115256957747749,0.117287640620947,0.119318323494145,
0.121349006367343,0.123379689240541,0.12541037211374,0.127441054986938,
0.129471737860136),(0.,1.),.UNSPECIFIED.)
GEOMETRIC_REPRESENTATION_ITEM()
RATIONAL_B_SPLINE_SURFACE(((1.,0.707106781186545,1.),(1.,0.707106781186545,
1.),(1.,0.707106781186548,1.),(1.,0.707106781186547,1.),(1.,0.707106781186547,
1.),(1.,0.707106781186547,1.),(1.,0.707106781186547,1.),(1.,0.707106781186547,
1.),(1.,0.707106781186547,1.),(1.,0.707106781186547,1.),(1.,0.707106781186547,
1.),(1.,0.707106781186547,1.),(1.,0.707106781186547,1.),(1.,0.707106781186547,
1.),(1.,0.707106781186547,1.),(1.,0.707106781186547,1.),(1.,0.707106781186547,
1.),(1.,0.707106781186547,1.),(1.,0.707106781186547,1.),(1.,0.707106781186547,
1.),(1.,0.707106781186547,1.),(1.,0.707106781186547,1.),(1.,0.707106781186547,
1.)))
REPRESENTATION_ITEM('')
SURFACE()
);
#52=CYLINDRICAL_SURFACE('',#2054,0.0316488169812528);
#53=CYLINDRICAL_SURFACE('',#2055,0.003);
#54=CYLINDRICAL_SURFACE('',#2058,0.00119);
#55=CYLINDRICAL_SURFACE('',#2077,0.003);
#56=CYLINDRICAL_SURFACE('',#2078,0.00119);
#57=CYLINDRICAL_SURFACE('',#2116,0.0044);
#58=CYLINDRICAL_SURFACE('',#2121,0.003);
#59=CYLINDRICAL_SURFACE('',#2126,0.0044);
#60=CYLINDRICAL_SURFACE('',#2129,0.003);
#61=CYLINDRICAL_SURFACE('',#2131,0.0004);
#62=CYLINDRICAL_SURFACE('',#2135,0.0004);
#63=CYLINDRICAL_SURFACE('',#2136,0.0004);
#64=CYLINDRICAL_SURFACE('',#2138,0.0004);
#65=CYLINDRICAL_SURFACE('',#2143,0.0004);
#66=CYLINDRICAL_SURFACE('',#2145,0.0004);
#67=CYLINDRICAL_SURFACE('',#2147,0.001);
#68=CYLINDRICAL_SURFACE('',#2150,0.001);
#69=CYLINDRICAL_SURFACE('',#2151,0.001);
#70=CYLINDRICAL_SURFACE('',#2154,0.001);
#71=CYLINDRICAL_SURFACE('',#2158,0.001);
#72=CYLINDRICAL_SURFACE('',#2162,0.001);
#73=CIRCLE('',#2050,0.003);
#74=CIRCLE('',#2051,0.00119);
#75=CIRCLE('',#2056,0.003);
#76=CIRCLE('',#2059,0.00119);
#77=CIRCLE('',#2062,0.00159);
#78=CIRCLE('',#2066,0.003);
#79=CIRCLE('',#2067,0.00119);
#80=CIRCLE('',#2071,0.00159);
#81=CIRCLE('',#2072,0.003);
#82=CIRCLE('',#2079,0.00119);
#83=CIRCLE('',#2080,0.001);
#84=CIRCLE('',#2081,0.001);
#85=CIRCLE('',#2082,0.001);
#86=CIRCLE('',#2083,0.001);
#87=CIRCLE('',#2084,0.001);
#88=CIRCLE('',#2085,0.001);
#89=CIRCLE('',#2086,0.001);
#90=CIRCLE('',#2087,0.001);
#91=CIRCLE('',#2092,0.0044);
#92=CIRCLE('',#2093,0.0014);
#93=CIRCLE('',#2094,0.0034);
#94=CIRCLE('',#2095,0.0014);
#95=CIRCLE('',#2097,0.003);
#96=CIRCLE('',#2099,0.003);
#97=CIRCLE('',#2102,0.004);
#98=CIRCLE('',#2103,0.003);
#99=CIRCLE('',#2112,0.003);
#100=CIRCLE('',#2113,0.004);
#101=CIRCLE('',#2117,0.0044);
#102=CIRCLE('',#2118,0.0044);
#103=CIRCLE('',#2120,0.001);
#104=CIRCLE('',#2123,0.001);
#105=CIRCLE('',#2127,0.0044);
#106=CIRCLE('',#2132,0.0004);
#107=CIRCLE('',#2134,0.0004);
#108=CIRCLE('',#2137,0.0004);
#109=CIRCLE('',#2139,0.0004);
#110=CIRCLE('',#2140,0.0004);
#111=CIRCLE('',#2142,0.0004);
#112=CIRCLE('',#2144,0.0004);
#113=CIRCLE('',#2146,0.0004);
#114=CIRCLE('',#2155,0.001);
#115=CIRCLE('',#2157,0.001);
#116=CIRCLE('',#2159,0.001);
#117=CIRCLE('',#2161,0.001);
#118=CIRCLE('',#2163,0.001);
#119=CIRCLE('',#2165,0.001);
#120=PLANE('',#2049);
#121=PLANE('',#2052);
#122=PLANE('',#2053);
#123=PLANE('',#2057);
#124=PLANE('',#2060);
#125=PLANE('',#2061);
#126=PLANE('',#2065);
#127=PLANE('',#2068);
#128=PLANE('',#2069);
#129=PLANE('',#2070);
#130=PLANE('',#2073);
#131=PLANE('',#2074);
#132=PLANE('',#2075);
#133=PLANE('',#2076);
#134=PLANE('',#2090);
#135=PLANE('',#2091);
#136=PLANE('',#2100);
#137=PLANE('',#2101);
#138=PLANE('',#2104);
#139=PLANE('',#2105);
#140=PLANE('',#2106);
#141=PLANE('',#2107);
#142=PLANE('',#2108);
#143=PLANE('',#2109);
#144=PLANE('',#2110);
#145=PLANE('',#2111);
#146=PLANE('',#2114);
#147=PLANE('',#2115);
#148=PLANE('',#2119);
#149=PLANE('',#2122);
#150=PLANE('',#2124);
#151=PLANE('',#2125);
#152=PLANE('',#2128);
#153=PLANE('',#2130);
#154=B_SPLINE_CURVE_WITH_KNOTS('',3,(#2542,#2543,#2544,#2545,#2546,#2547,
#2548,#2549,#2550,#2551,#2552,#2553,#2554,#2555,#2556,#2557,#2558),
 .UNSPECIFIED.,.F.,.F.,(4,1,1,1,1,1,1,1,1,1,1,1,1,1,4),(3.67030938061629E-13,
0.00591639051560389,0.00887458577322231,0.0118327810308407,0.0147909762884592,
0.0177491715460776,0.020707366803696,0.0236655620613145,0.0266237573189329,
0.0295819525765513,0.0325401478341697,0.0354983430917882,0.0384565383494066,
0.041414733607025,0.0473311241222619),.UNSPECIFIED.);
#155=B_SPLINE_CURVE_WITH_KNOTS('',3,(#2562,#2563,#2564,#2565,#2566,#2567,
#2568,#2569,#2570,#2571,#2572,#2573,#2574,#2575,#2576,#2577,#2578,#2579,
#2580,#2581,#2582,#2583,#2584,#2585,#2586,#2587,#2588,#2589,#2590,#2591,
#2592,#2593,#2594,#2595,#2596,#2597,#2598,#2599,#2600,#2601,#2602,#2603,
#2604,#2605,#2606,#2607,#2608,#2609,#2610,#2611,#2612,#2613,#2614,#2615,
#2616,#2617,#2618,#2619,#2620,#2621,#2622,#2623,#2624,#2625,#2626,#2627,
#2628,#2629,#2630,#2631,#2632,#2633,#2634,#2635,#2636,#2637,#2638),
 .UNSPECIFIED.,.T.,.F.,(1,1,1,1,1,1,1,1,1,1,1,1,1,1,1,1,1,1,1,1,1,1,1,1,
1,1,1,1,1,1,1,1,1,1,1,1,1,1,1,1,1,1,1,1,1,1,1,1,1,1,1,1,1,1,1,1,1,1,1,1,
1,1,1,1,1,1,1,1,1,1,1,1,1,1,1,1,1,1,1,1,1),(-0.078125,-0.0625,-0.03125,
0.,0.03125,0.0625,0.078125,0.09375,0.109375,0.1171875,0.125,0.140625,0.15625,
0.171875,0.1875,0.203125,0.21875,0.25,0.28125,0.296875,0.3046875,0.3125,
0.328125,0.34375,0.359375,0.375,0.390625,0.3984375,0.40625,0.4140625,0.41796875,
0.421875,0.4296875,0.4375,0.453125,0.46875,0.4765625,0.484375,0.4921875,
0.49609375,0.5,0.50390625,0.5078125,0.515625,0.5234375,0.53125,0.546875,
0.5625,0.5703125,0.578125,0.58203125,0.5859375,0.59375,0.6015625,0.609375,
0.625,0.640625,0.65625,0.671875,0.6875,0.6953125,0.703125,0.71875,0.75,
0.78125,0.796875,0.8125,0.828125,0.84375,0.859375,0.875,0.8828125,0.890625,
0.90625,0.921875,0.9375,0.96875,1.,1.03125,1.0625,1.078125),
 .UNSPECIFIED.);
#156=B_SPLINE_CURVE_WITH_KNOTS('',3,(#2684,#2685,#2686,#2687,#2688,#2689,
#2690,#2691,#2692,#2693,#2694,#2695,#2696,#2697,#2698,#2699,#2700,#2701,
#2702,#2703,#2704,#2705,#2706,#2707,#2708,#2709,#2710,#2711,#2712,#2713),
 .UNSPECIFIED.,.F.,.F.,(4,1,1,1,1,1,1,1,1,1,1,1,1,1,1,1,1,1,1,1,1,1,1,1,
1,1,1,4),(0.,0.00520104111890795,0.0104020822378159,0.0130026027972699,
0.0156031233567239,0.0182036439161778,0.0208041644756318,0.0234046850350858,
0.0260052055945398,0.0286057261539937,0.0312062467134477,0.0338067672729017,
0.0364072878323557,0.0390078083918096,0.0416083289512636,0.0468093700701716,
0.0494098906296255,0.0520104111890795,0.0546109317485335,0.0572114523079875,
0.0598119728674414,0.0624124934268954,0.0650130139863494,0.0676135345458034,
0.0702140551052574,0.0728145756647113,0.0780156167836193,0.0832166579025272),
 .UNSPECIFIED.);
#157=B_SPLINE_CURVE_WITH_KNOTS('',3,(#2717,#2718,#2719,#2720,#2721,#2722,
#2723,#2724,#2725,#2726,#2727,#2728,#2729),.UNSPECIFIED.,.T.,.F.,(1,3,1,
1,1,1,1,1,1,1,1,3,1),(-0.119499263861346,0.,0.119499263861346,0.215309733542834,
0.31112020322432,0.420567884219789,0.5,0.579432115780211,0.68887979677568,
0.784690266457167,0.880500736138654,1.,1.11949926386135),.UNSPECIFIED.);
#158=B_SPLINE_CURVE_WITH_KNOTS('',3,(#2733,#2734,#2735,#2736,#2737,#2738,
#2739,#2740,#2741,#2742,#2743,#2744,#2745,#2746,#2747,#2748,#2749,#2750,
#2751,#2752,#2753,#2754,#2755,#2756,#2757,#2758,#2759,#2760,#2761,#2762,
#2763,#2764,#2765,#2766,#2767,#2768,#2769,#2770,#2771,#2772,#2773,#2774,
#2775,#2776,#2777,#2778,#2779,#2780,#2781,#2782,#2783,#2784,#2785,#2786,
#2787,#2788,#2789,#2790,#2791,#2792,#2793,#2794,#2795,#2796,#2797,#2798,
#2799,#2800,#2801,#2802,#2803,#2804,#2805,#2806,#2807,#2808,#2809),
 .UNSPECIFIED.,.T.,.F.,(1,1,1,1,1,1,1,1,1,1,1,1,1,1,1,1,1,1,1,1,1,1,1,1,
1,1,1,1,1,1,1,1,1,1,1,1,1,1,1,1,1,1,1,1,1,1,1,1,1,1,1,1,1,1,1,1,1,1,1,1,
1,1,1,1,1,1,1,1,1,1,1,1,1,1,1,1,1,1,1,1,1),(-0.078125,-0.0625,-0.03125,
0.,0.03125,0.0625,0.078125,0.09375,0.109375,0.1171875,0.125,0.140625,0.15625,
0.171875,0.1875,0.203125,0.21875,0.25,0.28125,0.296875,0.3046875,0.3125,
0.328125,0.34375,0.359375,0.375,0.390625,0.3984375,0.40625,0.4140625,0.41796875,
0.421875,0.4296875,0.4375,0.453125,0.46875,0.4765625,0.484375,0.4921875,
0.49609375,0.5,0.50390625,0.5078125,0.515625,0.5234375,0.53125,0.546875,
0.5625,0.5703125,0.578125,0.58203125,0.5859375,0.59375,0.6015625,0.609375,
0.625,0.640625,0.65625,0.671875,0.6875,0.6953125,0.703125,0.71875,0.75,
0.78125,0.796875,0.8125,0.828125,0.84375,0.859375,0.875,0.8828125,0.890625,
0.90625,0.921875,0.9375,0.96875,1.,1.03125,1.0625,1.078125),
 .UNSPECIFIED.);
#159=B_SPLINE_CURVE_WITH_KNOTS('',3,(#2851,#2852,#2853,#2854,#2855,#2856,
#2857,#2858,#2859,#2860,#2861,#2862,#2863,#2864,#2865,#2866),
 .UNSPECIFIED.,.F.,.F.,(4,1,1,1,1,1,1,1,1,1,1,1,1,4),(1.29814818157976E-17,
0.00594549539281368,0.00891824308922052,0.0118909907856274,0.017836486178441,
0.0208092338748479,0.0237819815712547,0.0267547292676615,0.0297274769640684,
0.0327002246604752,0.035672972356882,0.0386457200532889,0.0416184677496957,
0.0475639631425094),.UNSPECIFIED.);
#160=B_SPLINE_CURVE_WITH_KNOTS('',3,(#2870,#2871,#2872,#2873,#2874,#2875,
#2876),.UNSPECIFIED.,.F.,.F.,(4,1,1,1,4),(0.,0.00059389764378679,0.00118779528757358,
0.00178169293136037,0.00237559057514716),.UNSPECIFIED.);
#161=B_SPLINE_CURVE_WITH_KNOTS('',3,(#2878,#2879,#2880,#2881,#2882,#2883),
 .UNSPECIFIED.,.F.,.F.,(4,1,1,4),(0.,0.417838448608855,0.752229847724301,
1.),.UNSPECIFIED.);
#162=B_SPLINE_CURVE_WITH_KNOTS('',3,(#2885,#2886,#2887,#2888,#2889,#2890),
 .UNSPECIFIED.,.F.,.F.,(4,1,1,4),(0.,0.00102168755961012,0.00153253133941519,
0.00204337511922025),.UNSPECIFIED.);
#163=B_SPLINE_CURVE_WITH_KNOTS('',3,(#2892,#2893,#2894,#2895,#2896,#2897),
 .UNSPECIFIED.,.F.,.F.,(4,1,1,4),(0.,0.417838448608855,0.752229847724301,
1.),.UNSPECIFIED.);
#164=B_SPLINE_CURVE_WITH_KNOTS('',3,(#2900,#2901,#2902,#2903,#2904,#2905,
#2906),.UNSPECIFIED.,.F.,.F.,(4,1,1,1,4),(0.,0.000585957729759942,0.00117191545951988,
0.00175787318927983,0.00234383091903977),.UNSPECIFIED.);
#165=B_SPLINE_CURVE_WITH_KNOTS('',3,(#2907,#2908,#2909,#2910,#2911,#2912),
 .UNSPECIFIED.,.F.,.F.,(4,1,1,4),(7.152448122691E-18,0.000513380390138836,
0.00102676078027766,0.00205352156055532),.UNSPECIFIED.);
#166=B_SPLINE_CURVE_WITH_KNOTS('',3,(#2933,#2934,#2935,#2936,#2937,#2938,
#2939,#2940,#2941,#2942,#2943,#2944,#2945,#2946,#2947,#2948,#2949,#2950,
#2951,#2952,#2953,#2954,#2955,#2956,#2957,#2958,#2959,#2960,#2961,#2962,
#2963,#2964),.UNSPECIFIED.,.F.,.F.,(4,1,1,1,1,1,1,1,1,1,1,1,1,1,1,1,1,1,
1,1,1,1,1,1,1,1,1,1,1,4),(1.53206629090322E-17,0.00582569810390512,0.00873854715585767,
0.0116513962078102,0.0145642452597628,0.0174770943117153,0.0203899433636679,
0.0233027924156204,0.026215641467573,0.0291284905195255,0.0320413395714781,
0.0349541886234306,0.0378670376753832,0.0407798867273357,0.0436927357792883,
0.0466055848312408,0.0524312829351459,0.0553441319870985,0.058256981039051,
0.0611698300910036,0.0640826791429561,0.0669955281949087,0.0699083772468612,
0.0728212262988138,0.0757340753507663,0.0786469244027189,0.0815597734546714,
0.084472622506624,0.0873854715585765,0.0932111696624816),.UNSPECIFIED.);
#167=B_SPLINE_CURVE_WITH_KNOTS('',3,(#2965,#2966,#2967,#2968,#2969,#2970,
#2971,#2972,#2973,#2974,#2975,#2976,#2977,#2978,#2979,#2980,#2981,#2982,
#2983,#2984,#2985,#2986,#2987,#2988,#2989,#2990,#2991,#2992,#2993,#2994),
 .UNSPECIFIED.,.F.,.F.,(4,1,1,1,1,1,1,1,1,1,1,1,1,1,1,1,1,1,1,1,1,1,1,1,
1,1,1,4),(0.,0.00555518082300008,0.00833277123450012,0.0111103616460002,
0.0138879520575002,0.0166655424690002,0.0194431328805003,0.0222207232920003,
0.0249983137035004,0.0277759041150004,0.0305534945265004,0.0333310849380005,
0.0388862657610006,0.0444414465840006,0.0472190369955007,0.0499966274070007,
0.0555518082300008,0.0583293986415008,0.0611069890530009,0.0638845794645009,
0.066662169876001,0.069439760287501,0.072217350699001,0.0749949411105011,
0.0777725315220011,0.0805501219335012,0.0833277123450012,0.0888828931680013),
 .UNSPECIFIED.);
#168=B_SPLINE_CURVE_WITH_KNOTS('',3,(#2998,#2999,#3000,#3001),
 .UNSPECIFIED.,.F.,.F.,(4,4),(-5.999999999683E-8,0.00601027981520624),
 .UNSPECIFIED.);
#169=B_SPLINE_CURVE_WITH_KNOTS('',3,(#3004,#3005,#3006,#3007),
 .UNSPECIFIED.,.F.,.F.,(4,4),(0.,1.00000000000002),.UNSPECIFIED.);
#170=B_SPLINE_CURVE_WITH_KNOTS('',3,(#3015,#3016,#3017,#3018,#3019),
 .UNSPECIFIED.,.F.,.F.,(4,1,4),(0.,0.000782796912065867,0.00156559382413173),
 .UNSPECIFIED.);
#171=B_SPLINE_CURVE_WITH_KNOTS('',3,(#3028,#3029,#3030,#3031,#3032),
 .UNSPECIFIED.,.F.,.F.,(4,1,4),(0.,0.000782799097297552,0.0015655981945951),
 .UNSPECIFIED.);
#172=B_SPLINE_CURVE_WITH_KNOTS('',3,(#3036,#3037,#3038,#3039),
 .UNSPECIFIED.,.F.,.F.,(4,4),(0.,0.00600844129670077),.UNSPECIFIED.);
#173=B_SPLINE_CURVE_WITH_KNOTS('',3,(#3290,#3291,#3292,#3293),
 .UNSPECIFIED.,.F.,.F.,(4,4),(2.73734747335474E-17,0.00433552415451285),
 .UNSPECIFIED.);
#174=B_SPLINE_CURVE_WITH_KNOTS('',3,(#3295,#3296,#3297,#3298,#3299),
 .UNSPECIFIED.,.F.,.F.,(4,1,4),(0.,0.00166561932068189,0.00333123864136379),
 .UNSPECIFIED.);
#175=B_SPLINE_CURVE_WITH_KNOTS('',3,(#3301,#3302,#3303,#3304,#3305,#3306,
#3307,#3308,#3309,#3310,#3311,#3312,#3313,#3314,#3315,#3316,#3317,#3318,
#3319,#3320,#3321),.UNSPECIFIED.,.F.,.F.,(4,1,1,1,1,1,1,1,1,1,1,1,1,1,1,
1,1,1,4),(0.,0.00291336835751898,0.00437005253627847,0.00582673671503797,
0.00728342089379746,0.00874010507255695,0.00946844716193669,0.0101967892513164,
0.0109251313406962,0.0116534734300759,0.0123818155194557,0.0131101576088354,
0.0138384996982152,0.0145668417875949,0.0160235259663544,0.0174802101451139,
0.0189368943238734,0.0203935785026329,0.0233069468601519),.UNSPECIFIED.);
#176=B_SPLINE_CURVE_WITH_KNOTS('',3,(#3323,#3324,#3325,#3326,#3327),
 .UNSPECIFIED.,.F.,.F.,(4,1,4),(0.,0.00166552454800039,0.00333104909600078),
 .UNSPECIFIED.);
#177=B_SPLINE_CURVE_WITH_KNOTS('',3,(#3329,#3330,#3331,#3332),
 .UNSPECIFIED.,.F.,.F.,(4,4),(0.,0.00426581267511431),.UNSPECIFIED.);
#178=B_SPLINE_CURVE_WITH_KNOTS('',3,(#3336,#3337,#3338,#3339,#3340,#3341,
#3342,#3343,#3344,#3345,#3346,#3347,#3348,#3349,#3350,#3351,#3352,#3353,
#3354,#3355,#3356,#3357,#3358,#3359,#3360,#3361,#3362,#3363,#3364,#3365,
#3366,#3367,#3368,#3369,#3370,#3371,#3372,#3373,#3374,#3375,#3376,#3377,
#3378,#3379,#3380,#3381,#3382,#3383,#3384,#3385,#3386,#3387,#3388,#3389,
#3390,#3391,#3392,#3393,#3394,#3395,#3396,#3397,#3398,#3399,#3400,#3401,
#3402,#3403,#3404,#3405,#3406,#3407,#3408,#3409,#3410,#3411,#3412),
 .UNSPECIFIED.,.T.,.F.,(1,1,1,1,1,1,1,1,1,1,1,1,1,1,1,1,1,1,1,1,1,1,1,1,
1,1,1,1,1,1,1,1,1,1,1,1,1,1,1,1,1,1,1,1,1,1,1,1,1,1,1,1,1,1,1,1,1,1,1,1,
1,1,1,1,1,1,1,1,1,1,1,1,1,1,1,1,1,1,1,1,1),(-0.078125,-0.0625,-0.03125,
0.,0.03125,0.0625,0.078125,0.09375,0.109375,0.1171875,0.125,0.140625,0.15625,
0.171875,0.1875,0.203125,0.21875,0.25,0.28125,0.296875,0.3046875,0.3125,
0.328125,0.34375,0.359375,0.375,0.390625,0.3984375,0.40625,0.4140625,0.41796875,
0.421875,0.4296875,0.4375,0.453125,0.46875,0.4765625,0.484375,0.4921875,
0.49609375,0.5,0.50390625,0.5078125,0.515625,0.5234375,0.53125,0.546875,
0.5625,0.5703125,0.578125,0.58203125,0.5859375,0.59375,0.6015625,0.609375,
0.625,0.640625,0.65625,0.671875,0.6875,0.6953125,0.703125,0.71875,0.75,
0.78125,0.796875,0.8125,0.828125,0.84375,0.859375,0.875,0.8828125,0.890625,
0.90625,0.921875,0.9375,0.96875,1.,1.03125,1.0625,1.078125),
 .UNSPECIFIED.);
#179=B_SPLINE_CURVE_WITH_KNOTS('',3,(#3416,#3417,#3418,#3419,#3420,#3421,
#3422,#3423,#3424,#3425,#3426,#3427,#3428,#3429,#3430,#3431,#3432,#3433,
#3434,#3435,#3436,#3437,#3438,#3439,#3440,#3441,#3442,#3443,#3444,#3445,
#3446,#3447,#3448,#3449,#3450,#3451,#3452,#3453,#3454,#3455,#3456,#3457,
#3458,#3459,#3460,#3461,#3462,#3463,#3464,#3465,#3466,#3467,#3468,#3469,
#3470,#3471,#3472,#3473,#3474,#3475,#3476,#3477,#3478,#3479,#3480,#3481,
#3482,#3483,#3484,#3485,#3486,#3487,#3488,#3489,#3490,#3491,#3492),
 .UNSPECIFIED.,.T.,.F.,(1,1,1,1,1,1,1,1,1,1,1,1,1,1,1,1,1,1,1,1,1,1,1,1,
1,1,1,1,1,1,1,1,1,1,1,1,1,1,1,1,1,1,1,1,1,1,1,1,1,1,1,1,1,1,1,1,1,1,1,1,
1,1,1,1,1,1,1,1,1,1,1,1,1,1,1,1,1,1,1,1,1),(-0.078125,-0.0625,-0.03125,
0.,0.03125,0.0625,0.078125,0.09375,0.109375,0.1171875,0.125,0.140625,0.15625,
0.171875,0.1875,0.203125,0.21875,0.25,0.28125,0.296875,0.3046875,0.3125,
0.328125,0.34375,0.359375,0.375,0.390625,0.3984375,0.40625,0.4140625,0.41796875,
0.421875,0.4296875,0.4375,0.453125,0.46875,0.4765625,0.484375,0.4921875,
0.49609375,0.5,0.50390625,0.5078125,0.515625,0.5234375,0.53125,0.546875,
0.5625,0.5703125,0.578125,0.58203125,0.5859375,0.59375,0.6015625,0.609375,
0.625,0.640625,0.65625,0.671875,0.6875,0.6953125,0.703125,0.71875,0.75,
0.78125,0.796875,0.8125,0.828125,0.84375,0.859375,0.875,0.8828125,0.890625,
0.90625,0.921875,0.9375,0.96875,1.,1.03125,1.0625,1.078125),
 .UNSPECIFIED.);
#180=B_SPLINE_CURVE_WITH_KNOTS('',3,(#3514,#3515,#3516,#3517,#3518),
 .UNSPECIFIED.,.F.,.F.,(4,1,4),(0.,0.00263097974445361,0.00526195948890723),
 .UNSPECIFIED.);
#181=B_SPLINE_CURVE_WITH_KNOTS('',3,(#3520,#3521,#3522,#3523,#3524),
 .UNSPECIFIED.,.F.,.F.,(4,1,4),(0.,0.00150766112415731,0.00301532224831462),
 .UNSPECIFIED.);
#182=B_SPLINE_CURVE_WITH_KNOTS('',3,(#3526,#3527,#3528,#3529,#3530,#3531,
#3532,#3533,#3534,#3535,#3536,#3537,#3538,#3539,#3540,#3541,#3542,#3543,
#3544,#3545,#3546),.UNSPECIFIED.,.F.,.F.,(4,1,1,1,1,1,1,1,1,1,1,1,1,1,1,
1,1,1,4),(0.,0.00283279743285459,0.00424919614928188,0.00566559486570918,
0.00708199358213647,0.00849839229856377,0.00920659165677742,0.00991479101499106,
0.0106229903732047,0.0113311897314184,0.012039389089632,0.0127475884478457,
0.0134557878060593,0.0141639871642729,0.0155803858807002,0.0169967845971275,
0.0184131833135548,0.0198295820299821,0.0226623794628367),.UNSPECIFIED.);
#183=B_SPLINE_CURVE_WITH_KNOTS('',3,(#3548,#3549,#3550,#3551,#3552),
 .UNSPECIFIED.,.F.,.F.,(4,1,4),(0.,0.00151085623606067,0.00302171247212135),
 .UNSPECIFIED.);
#184=B_SPLINE_CURVE_WITH_KNOTS('',3,(#3554,#3555,#3556,#3557,#3558),
 .UNSPECIFIED.,.F.,.F.,(4,1,4),(0.,0.00259614749402434,0.00519229498804868),
 .UNSPECIFIED.);
#185=B_SPLINE_CURVE_WITH_KNOTS('',3,(#3562,#3563,#3564,#3565,#3566,#3567,
#3568,#3569,#3570,#3571,#3572,#3573,#3574),.UNSPECIFIED.,.T.,.F.,(1,3,1,
1,1,1,1,1,1,1,1,3,1),(-0.119499263861346,0.,0.119499263861346,0.215309733542834,
0.31112020322432,0.420567884219789,0.5,0.579432115780211,0.68887979677568,
0.784690266457167,0.880500736138654,1.,1.11949926386135),.UNSPECIFIED.);
#186=B_SPLINE_CURVE_WITH_KNOTS('',3,(#3600,#3601,#3602,#3603),
 .UNSPECIFIED.,.F.,.F.,(4,4),(0.00101814623254166,0.00156012404654996),
 .UNSPECIFIED.);
#187=B_SPLINE_CURVE_WITH_KNOTS('',3,(#3606,#3607,#3608,#3609,#3610,#3611,
#3612,#3613,#3614,#3615,#3616,#3617,#3618,#3619,#3620,#3621,#3622,#3623,
#3624,#3625,#3626,#3627,#3628,#3629,#3630,#3631,#3632,#3633,#3634),
 .UNSPECIFIED.,.F.,.F.,(4,1,1,1,1,1,1,1,1,1,1,1,1,1,1,1,1,1,1,1,1,1,1,1,
1,1,4),(0.,0.00249756594425776,0.00374634891638663,0.00499513188851551,
0.00624391486064439,0.00686830634670883,0.00749269783277327,0.00811708931883771,
0.00874148080490214,0.00905367654793436,0.00936587229096658,0.0096780680339988,
0.00983416590551491,0.00999026377703102,0.0101463616485471,0.0103024595200632,
0.0106146552630955,0.0109268510061277,0.0112390467491599,0.0118634382352243,
0.0124878297212888,0.0131122212073532,0.0137366126934177,0.0149853956655465,
0.0162341786376754,0.0174829616098043,0.019980527554062),.UNSPECIFIED.);
#188=B_SPLINE_CURVE_WITH_KNOTS('',3,(#3636,#3637,#3638,#3639),
 .UNSPECIFIED.,.F.,.F.,(4,4),(0.0011458007710311,0.0016879191104032),
 .UNSPECIFIED.);
#189=B_SPLINE_CURVE_WITH_KNOTS('',3,(#3641,#3642,#3643,#3644,#3645,#3646,
#3647,#3648,#3649,#3650,#3651,#3652,#3653,#3654,#3655,#3656,#3657,#3658,
#3659,#3660,#3661,#3662,#3663,#3664,#3665,#3666,#3667,#3668,#3669),
 .UNSPECIFIED.,.F.,.F.,(4,1,1,1,1,1,1,1,1,1,1,1,1,1,1,1,1,1,1,1,1,1,1,1,
1,1,4),(0.,0.00247445947205492,0.00371168920808238,0.00494891894410984,
0.0061861486801373,0.00680476354815103,0.00742337841616476,0.00804199328417849,
0.00866060815219222,0.00896991558619908,0.00927922302020594,0.00958853045421281,
0.00974318417121624,0.00989783788821967,0.0100524916052231,0.0102071453222265,
0.0105164527562334,0.0108257601902403,0.0111350676242471,0.0117536824922609,
0.0123722973602746,0.0129909122282883,0.0136095270963021,0.0148467568323295,
0.016083986568357,0.0173212163043844,0.0197956757764393),.UNSPECIFIED.);
#190=B_SPLINE_CURVE_WITH_KNOTS('',3,(#3671,#3672,#3673,#3674,#3675,#3676),
 .UNSPECIFIED.,.F.,.F.,(4,1,1,4),(0.,0.417838448608855,0.752229847724301,
1.),.UNSPECIFIED.);
#191=B_SPLINE_CURVE_WITH_KNOTS('',3,(#3679,#3680,#3681,#3682,#3683,#3684),
 .UNSPECIFIED.,.F.,.F.,(4,1,1,4),(9.45474902416646E-15,0.00105990815998368,
0.0015898622399708,0.00211981631995791),.UNSPECIFIED.);
#192=B_SPLINE_CURVE_WITH_KNOTS('',3,(#3685,#3686,#3687,#3688,#3689),
 .UNSPECIFIED.,.F.,.F.,(4,1,4),(0.,0.00081357698358412,0.00162715396716824),
 .UNSPECIFIED.);
#193=B_SPLINE_CURVE_WITH_KNOTS('',3,(#3691,#3692,#3693,#3694,#3695,#3696),
 .UNSPECIFIED.,.F.,.F.,(4,1,1,4),(0.,0.000532042489185476,0.00106408497837095,
0.0021281699567419),.UNSPECIFIED.);
#194=B_SPLINE_CURVE_WITH_KNOTS('',3,(#3698,#3699,#3700,#3701,#3702,#3703),
 .UNSPECIFIED.,.F.,.F.,(4,1,1,4),(0.,0.417838448608855,0.752229847724301,
1.),.UNSPECIFIED.);
#195=B_SPLINE_CURVE_WITH_KNOTS('',3,(#3705,#3706,#3707,#3708,#3709),
 .UNSPECIFIED.,.F.,.F.,(4,1,4),(0.,0.000810484827781918,0.00162096965556384),
 .UNSPECIFIED.);
#196=B_SPLINE_CURVE_WITH_KNOTS('',3,(#3719,#3720,#3721,#3722,#3723),
 .UNSPECIFIED.,.F.,.F.,(4,1,4),(5.95247504103326E-15,0.00234942298553969,
0.00469884597107343),.UNSPECIFIED.);
#197=B_SPLINE_CURVE_WITH_KNOTS('',3,(#3725,#3726,#3727,#3728),
 .UNSPECIFIED.,.F.,.F.,(4,4),(0.00155892881715081,0.00211161976927399),
 .UNSPECIFIED.);
#198=B_SPLINE_CURVE_WITH_KNOTS('',3,(#3730,#3731,#3732,#3733,#3734),
 .UNSPECIFIED.,.F.,.F.,(4,1,4),(5.91398247517069E-17,0.00235503259490221,
0.00471006518980437),.UNSPECIFIED.);
#199=B_SPLINE_CURVE_WITH_KNOTS('',3,(#3743,#3744,#3745,#3746),
 .UNSPECIFIED.,.F.,.F.,(4,4),(0.000694386475907927,0.00124709710038694),
 .UNSPECIFIED.);
#200=B_SPLINE_CURVE_WITH_KNOTS('',3,(#3749,#3750,#3751,#3752,#3753),
 .UNSPECIFIED.,.F.,.F.,(4,1,4),(2.95513390038556E-15,0.00231472458887722,
0.00462944917775149),.UNSPECIFIED.);
#201=B_SPLINE_CURVE_WITH_KNOTS('',3,(#3754,#3755,#3756,#3757,#3758),
 .UNSPECIFIED.,.F.,.F.,(4,1,4),(0.,0.00239264574670608,0.00478529149341216),
 .UNSPECIFIED.);
#202=B_SPLINE_CURVE_WITH_KNOTS('',3,(#3795,#3796,#3797,#3798,#3799),
 .UNSPECIFIED.,.F.,.F.,(4,1,4),(3.49644694633735E-18,0.0023264100725345,
0.004652820145069),.UNSPECIFIED.);
#203=B_SPLINE_CURVE_WITH_KNOTS('',3,(#3800,#3801,#3802,#3803,#3804),
 .UNSPECIFIED.,.F.,.F.,(4,1,4),(0.,0.00235069652040163,0.00470139304080326),
 .UNSPECIFIED.);
#204=B_SPLINE_CURVE_WITH_KNOTS('',3,(#3817,#3818,#3819,#3820,#3821),
 .UNSPECIFIED.,.F.,.F.,(4,1,4),(0.,0.00233018819241225,0.00466037638482449),
 .UNSPECIFIED.);
#205=B_SPLINE_CURVE_WITH_KNOTS('',3,(#3822,#3823,#3824,#3825,#3826),
 .UNSPECIFIED.,.F.,.F.,(4,1,4),(6.95243322195995E-18,0.00235023647520107,
0.00470047295040214),.UNSPECIFIED.);
#206=B_SPLINE_CURVE_WITH_KNOTS('',3,(#4190,#4191,#4192,#4193,#4194,#4195,
#4196,#4197,#4198,#4199,#4200,#4201,#4202,#4203,#4204,#4205,#4206,#4207,
#4208,#4209,#4210),.UNSPECIFIED.,.F.,.F.,(4,1,1,1,1,1,1,1,1,1,1,1,1,1,1,
1,1,1,4),(0.,0.00214940103887619,0.00429880207775239,0.00644820311662858,
0.00859760415550478,0.0128964062332572,0.0171952083110096,0.0214940103887619,
0.0257928124665143,0.0300916145442667,0.0343904166220191,0.0386892186997715,
0.0429880207775239,0.0472868228552763,0.0515856249330287,0.055884427010781,
0.0601832290885334,0.0644820311662858,0.0687808332440382),.UNSPECIFIED.);
#207=B_SPLINE_CURVE_WITH_KNOTS('',3,(#4214,#4215,#4216,#4217,#4218,#4219,
#4220,#4221,#4222,#4223,#4224,#4225,#4226,#4227,#4228,#4229,#4230,#4231,
#4232,#4233,#4234,#4235,#4236,#4237,#4238,#4239),.UNSPECIFIED.,.F.,.F.,
(4,2,2,2,2,2,2,2,2,2,2,2,4),(0.,0.00635597326460619,0.00953395989690929,
0.0127119465292124,0.0158899331615155,0.0190679197938186,0.0222459064261217,
0.0254238930584248,0.0286018796907279,0.031779866323031,0.0381358395876371,
0.0444918128522434,0.0508477861168496),.UNSPECIFIED.);
#208=B_SPLINE_CURVE_WITH_KNOTS('',3,(#4241,#4242,#4243,#4244),
 .UNSPECIFIED.,.F.,.F.,(4,4),(0.,1.),.UNSPECIFIED.);
#209=B_SPLINE_CURVE_WITH_KNOTS('',3,(#4246,#4247,#4248,#4249),
 .UNSPECIFIED.,.F.,.F.,(4,4),(0.,1.),.UNSPECIFIED.);
#210=B_SPLINE_CURVE_WITH_KNOTS('',3,(#4251,#4252,#4253,#4254,#4255),
 .UNSPECIFIED.,.F.,.F.,(4,1,4),(0.,0.5,1.),.UNSPECIFIED.);
#211=B_SPLINE_CURVE_WITH_KNOTS('',3,(#4257,#4258,#4259,#4260,#4261,#4262,
#4263,#4264,#4265,#4266,#4267,#4268,#4269,#4270,#4271,#4272,#4273),
 .UNSPECIFIED.,.F.,.F.,(4,1,1,1,1,1,1,1,1,1,1,1,1,1,4),(0.,0.125,0.1875,
0.25,0.3125,0.375,0.4375,0.5,0.5625,0.625,0.6875,0.75,0.8125,0.875,1.),
 .UNSPECIFIED.);
#212=B_SPLINE_CURVE_WITH_KNOTS('',3,(#4275,#4276,#4277,#4278,#4279),
 .UNSPECIFIED.,.F.,.F.,(4,1,4),(0.,0.5,1.),.UNSPECIFIED.);
#213=B_SPLINE_CURVE_WITH_KNOTS('',3,(#4281,#4282,#4283,#4284),
 .UNSPECIFIED.,.F.,.F.,(4,4),(0.,1.),.UNSPECIFIED.);
#214=B_SPLINE_CURVE_WITH_KNOTS('',3,(#4286,#4287,#4288,#4289),
 .UNSPECIFIED.,.F.,.F.,(4,4),(0.,1.),.UNSPECIFIED.);
#215=B_SPLINE_CURVE_WITH_KNOTS('',3,(#4291,#4292,#4293,#4294,#4295,#4296,
#4297,#4298,#4299,#4300,#4301,#4302,#4303,#4304,#4305,#4306,#4307,#4308,
#4309,#4310,#4311,#4312,#4313,#4314,#4315,#4316),.UNSPECIFIED.,.F.,.F.,
(4,2,2,2,2,2,2,2,2,2,2,2,4),(0.,0.00635597746723932,0.0127119549344786,
0.0190679324017179,0.0222459211353376,0.0254239098689573,0.028601898602577,
0.0317798873361966,0.0349578760698162,0.0381358648034359,0.0413138535370556,
0.0444918422706752,0.0508478197379146),.UNSPECIFIED.);
#216=B_SPLINE_CURVE_WITH_KNOTS('',3,(#4320,#4321,#4322,#4323,#4324,#4325,
#4326,#4327,#4328,#4329,#4330,#4331,#4332,#4333,#4334,#4335),
 .UNSPECIFIED.,.F.,.F.,(4,1,1,1,1,1,1,1,1,1,1,1,1,4),(0.,0.00600059942969534,
0.00900089914454302,0.0120011988593907,0.0150014985742384,0.018001798289086,
0.0210020980039337,0.0240023977187814,0.0300029971484767,0.0330032968633244,
0.0360035965781721,0.0390038962930197,0.0420041960078674,0.0480047954375628),
 .UNSPECIFIED.);
#217=B_SPLINE_CURVE_WITH_KNOTS('',3,(#4339,#4340,#4341,#4342),
 .UNSPECIFIED.,.F.,.F.,(4,4),(1.73472347597681E-18,0.000640306666690303),
 .UNSPECIFIED.);
#218=B_SPLINE_CURVE_WITH_KNOTS('',3,(#4344,#4345,#4346,#4347),
 .UNSPECIFIED.,.F.,.F.,(4,4),(0.000414702632486888,0.00105787462960427),
 .UNSPECIFIED.);
#219=B_SPLINE_CURVE_WITH_KNOTS('',3,(#4349,#4350,#4351,#4352),
 .UNSPECIFIED.,.F.,.F.,(4,4),(0.390804034175418,0.415792291894929),
 .UNSPECIFIED.);
#220=B_SPLINE_CURVE_WITH_KNOTS('',3,(#4354,#4355,#4356,#4357),
 .UNSPECIFIED.,.F.,.F.,(4,4),(0.415792291894929,0.437824138662798),
 .UNSPECIFIED.);
#221=B_SPLINE_CURVE_WITH_KNOTS('',3,(#4359,#4360,#4361,#4362),
 .UNSPECIFIED.,.F.,.F.,(4,4),(0.437824138662798,0.439943935872508),
 .UNSPECIFIED.);
#222=B_SPLINE_CURVE_WITH_KNOTS('',3,(#4364,#4365,#4366,#4367),
 .UNSPECIFIED.,.F.,.F.,(4,4),(0.00772622659885906,0.00846106888872107),
 .UNSPECIFIED.);
#223=B_SPLINE_CURVE_WITH_KNOTS('',3,(#4369,#4370,#4371,#4372),
 .UNSPECIFIED.,.F.,.F.,(4,4),(3.0477491970481E-16,0.000636534954654336),
 .UNSPECIFIED.);
#224=B_SPLINE_CURVE_WITH_KNOTS('',3,(#4374,#4375,#4376,#4377,#4378,#4379),
 .UNSPECIFIED.,.F.,.F.,(4,1,1,4),(0.,0.417838448608855,0.752229847724301,
1.),.UNSPECIFIED.);
#225=B_SPLINE_CURVE_WITH_KNOTS('',3,(#4382,#4383,#4384,#4385,#4386,#4387),
 .UNSPECIFIED.,.F.,.F.,(4,1,1,4),(1.87639033241565E-17,0.00102168756369239,
0.00153253134553857,0.00204337512738476),.UNSPECIFIED.);
#226=B_SPLINE_CURVE_WITH_KNOTS('',3,(#4395,#4396,#4397,#4398,#4399,#4400,
#4401),.UNSPECIFIED.,.F.,.F.,(4,1,1,1,4),(0.,0.000593897643786791,0.00118779528757358,
0.00178169293136037,0.00237559057514716),.UNSPECIFIED.);
#227=B_SPLINE_CURVE_WITH_KNOTS('',3,(#4403,#4404,#4405,#4406,#4407,#4408,
#4409,#4410,#4411,#4412,#4413,#4414,#4415,#4416,#4417,#4418,#4419,#4420,
#4421,#4422,#4423),.UNSPECIFIED.,.F.,.F.,(4,1,1,1,1,1,1,1,1,1,1,1,1,1,1,
1,1,1,4),(0.,0.00398598938044523,0.00797197876089045,0.0119579681413357,
0.0159439575217809,0.0199299469022261,0.0239159362826714,0.0279019256631166,
0.0318879150435618,0.035873904424007,0.0398598938044523,0.0438458831848975,
0.0478318725653427,0.0518178619457879,0.0538108566360106,0.0558038513262332,
0.0577968460164558,0.0597898407066784,0.0637758300871236),.UNSPECIFIED.);
#228=B_SPLINE_CURVE_WITH_KNOTS('',3,(#4432,#4433,#4434,#4435,#4436,#4437,
#4438,#4439,#4440,#4441,#4442,#4443,#4444,#4445,#4446,#4447),
 .UNSPECIFIED.,.F.,.F.,(4,1,1,1,1,1,1,1,1,1,1,1,1,4),(0.,0.00574051416861245,
0.00861077125291867,0.0114810283372249,0.0143512854215311,0.0172215425058373,
0.0229620566744498,0.025832313758756,0.0287025708430622,0.0315728279273685,
0.0344430850116747,0.0373133420959809,0.0401835991802871,0.0459241133488996),
 .UNSPECIFIED.);
#229=B_SPLINE_CURVE_WITH_KNOTS('',3,(#4461,#4462,#4463,#4464,#4465,#4466,
#4467,#4468,#4469,#4470,#4471,#4472,#4473,#4474,#4475,#4476,#4477,#4478,
#4479,#4480,#4481,#4482,#4483,#4484,#4485,#4486,#4487,#4488,#4489,#4490,
#4491,#4492,#4493,#4494,#4495,#4496,#4497,#4498,#4499,#4500,#4501,#4502,
#4503,#4504,#4505,#4506,#4507,#4508,#4509,#4510,#4511,#4512,#4513,#4514,
#4515,#4516,#4517,#4518,#4519,#4520,#4521,#4522,#4523,#4524,#4525,#4526,
#4527,#4528,#4529,#4530,#4531,#4532,#4533,#4534,#4535,#4536,#4537),
 .UNSPECIFIED.,.T.,.F.,(1,1,1,1,1,1,1,1,1,1,1,1,1,1,1,1,1,1,1,1,1,1,1,1,
1,1,1,1,1,1,1,1,1,1,1,1,1,1,1,1,1,1,1,1,1,1,1,1,1,1,1,1,1,1,1,1,1,1,1,1,
1,1,1,1,1,1,1,1,1,1,1,1,1,1,1,1,1,1,1,1,1),(-0.078125,-0.0625,-0.03125,
0.,0.03125,0.0625,0.078125,0.09375,0.109375,0.1171875,0.125,0.140625,0.15625,
0.171875,0.1875,0.203125,0.21875,0.25,0.28125,0.296875,0.3046875,0.3125,
0.328125,0.34375,0.359375,0.375,0.390625,0.3984375,0.40625,0.4140625,0.41796875,
0.421875,0.4296875,0.4375,0.453125,0.46875,0.4765625,0.484375,0.4921875,
0.49609375,0.5,0.50390625,0.5078125,0.515625,0.5234375,0.53125,0.546875,
0.5625,0.5703125,0.578125,0.58203125,0.5859375,0.59375,0.6015625,0.609375,
0.625,0.640625,0.65625,0.671875,0.6875,0.6953125,0.703125,0.71875,0.75,
0.78125,0.796875,0.8125,0.828125,0.84375,0.859375,0.875,0.8828125,0.890625,
0.90625,0.921875,0.9375,0.96875,1.,1.03125,1.0625,1.078125),
 .UNSPECIFIED.);
#230=B_SPLINE_CURVE_WITH_KNOTS('',3,(#4552,#4553,#4554,#4555,#4556,#4557,
#4558,#4559,#4560,#4561,#4562,#4563,#4564,#4565,#4566,#4567,#4568,#4569,
#4570,#4571,#4572,#4573,#4574,#4575,#4576,#4577,#4578,#4579,#4580,#4581,
#4582,#4583,#4584,#4585,#4586,#4587,#4588,#4589,#4590,#4591,#4592,#4593,
#4594,#4595,#4596,#4597,#4598,#4599,#4600,#4601,#4602,#4603,#4604,#4605,
#4606,#4607,#4608,#4609,#4610,#4611,#4612,#4613,#4614,#4615,#4616,#4617,
#4618,#4619,#4620,#4621,#4622,#4623,#4624,#4625,#4626,#4627,#4628),
 .UNSPECIFIED.,.T.,.F.,(1,1,1,1,1,1,1,1,1,1,1,1,1,1,1,1,1,1,1,1,1,1,1,1,
1,1,1,1,1,1,1,1,1,1,1,1,1,1,1,1,1,1,1,1,1,1,1,1,1,1,1,1,1,1,1,1,1,1,1,1,
1,1,1,1,1,1,1,1,1,1,1,1,1,1,1,1,1,1,1,1,1),(-0.078125,-0.0625,-0.03125,
0.,0.03125,0.0625,0.078125,0.09375,0.109375,0.1171875,0.125,0.140625,0.15625,
0.171875,0.1875,0.203125,0.21875,0.25,0.28125,0.296875,0.3046875,0.3125,
0.328125,0.34375,0.359375,0.375,0.390625,0.3984375,0.40625,0.4140625,0.41796875,
0.421875,0.4296875,0.4375,0.453125,0.46875,0.4765625,0.484375,0.4921875,
0.49609375,0.5,0.50390625,0.5078125,0.515625,0.5234375,0.53125,0.546875,
0.5625,0.5703125,0.578125,0.58203125,0.5859375,0.59375,0.6015625,0.609375,
0.625,0.640625,0.65625,0.671875,0.6875,0.6953125,0.703125,0.71875,0.75,
0.78125,0.796875,0.8125,0.828125,0.84375,0.859375,0.875,0.8828125,0.890625,
0.90625,0.921875,0.9375,0.96875,1.,1.03125,1.0625,1.078125),
 .UNSPECIFIED.);
#231=B_SPLINE_CURVE_WITH_KNOTS('',3,(#4636,#4637,#4638,#4639,#4640,#4641,
#4642,#4643,#4644,#4645,#4646,#4647,#4648,#4649,#4650,#4651,#4652,#4653,
#4654,#4655,#4656,#4657,#4658,#4659,#4660,#4661,#4662,#4663,#4664,#4665,
#4666,#4667,#4668,#4669,#4670,#4671,#4672,#4673,#4674,#4675,#4676,#4677,
#4678,#4679,#4680,#4681,#4682,#4683,#4684,#4685,#4686,#4687,#4688,#4689,
#4690,#4691,#4692,#4693,#4694,#4695,#4696,#4697,#4698,#4699,#4700,#4701,
#4702,#4703,#4704,#4705,#4706,#4707,#4708,#4709,#4710,#4711,#4712),
 .UNSPECIFIED.,.T.,.F.,(1,1,1,1,1,1,1,1,1,1,1,1,1,1,1,1,1,1,1,1,1,1,1,1,
1,1,1,1,1,1,1,1,1,1,1,1,1,1,1,1,1,1,1,1,1,1,1,1,1,1,1,1,1,1,1,1,1,1,1,1,
1,1,1,1,1,1,1,1,1,1,1,1,1,1,1,1,1,1,1,1,1),(-0.078125,-0.0625,-0.03125,
0.,0.03125,0.0625,0.078125,0.09375,0.109375,0.1171875,0.125,0.140625,0.15625,
0.171875,0.1875,0.203125,0.21875,0.25,0.28125,0.296875,0.3046875,0.3125,
0.328125,0.34375,0.359375,0.375,0.390625,0.3984375,0.40625,0.4140625,0.41796875,
0.421875,0.4296875,0.4375,0.453125,0.46875,0.4765625,0.484375,0.4921875,
0.49609375,0.5,0.50390625,0.5078125,0.515625,0.5234375,0.53125,0.546875,
0.5625,0.5703125,0.578125,0.58203125,0.5859375,0.59375,0.6015625,0.609375,
0.625,0.640625,0.65625,0.671875,0.6875,0.6953125,0.703125,0.71875,0.75,
0.78125,0.796875,0.8125,0.828125,0.84375,0.859375,0.875,0.8828125,0.890625,
0.90625,0.921875,0.9375,0.96875,1.,1.03125,1.0625,1.078125),
 .UNSPECIFIED.);
#232=B_SPLINE_CURVE_WITH_KNOTS('',3,(#4720,#4721,#4722,#4723,#4724),
 .UNSPECIFIED.,.F.,.F.,(4,1,4),(0.,0.00083380229061598,0.00166760458123196),
 .UNSPECIFIED.);
#233=B_SPLINE_CURVE_WITH_KNOTS('',3,(#4726,#4727,#4728,#4729,#4730,#4731),
 .UNSPECIFIED.,.F.,.F.,(4,1,1,4),(0.,0.417838448608855,0.752229847724301,
1.),.UNSPECIFIED.);
#234=B_SPLINE_CURVE_WITH_KNOTS('',3,(#4733,#4734,#4735,#4736,#4737,#4738),
 .UNSPECIFIED.,.F.,.F.,(4,1,1,4),(9.45138037612116E-15,0.00105990815998389,
0.00158986223997111,0.00211981631995834),.UNSPECIFIED.);
#235=B_SPLINE_CURVE_WITH_KNOTS('',3,(#4751,#4752,#4753,#4754,#4755),
 .UNSPECIFIED.,.F.,.F.,(4,1,4),(0.,0.00260535201694074,0.00521070403388148),
 .UNSPECIFIED.);
#236=B_SPLINE_CURVE_WITH_KNOTS('',3,(#4756,#4757,#4758,#4759),
 .UNSPECIFIED.,.F.,.F.,(4,4),(0.,0.0050275850457257),.UNSPECIFIED.);
#237=B_SPLINE_CURVE_WITH_KNOTS('',3,(#4768,#4769,#4770,#4771),
 .UNSPECIFIED.,.F.,.F.,(4,4),(-5.99999999891939E-8,0.00552646399833065),
 .UNSPECIFIED.);
#238=B_SPLINE_CURVE_WITH_KNOTS('',3,(#4831,#4832,#4833,#4834),
 .UNSPECIFIED.,.F.,.F.,(4,4),(0.,0.00476390867226382),.UNSPECIFIED.);
#239=B_SPLINE_CURVE_WITH_KNOTS('',3,(#4838,#4839,#4840,#4841,#4842,#4843,
#4844,#4845,#4846,#4847,#4848,#4849,#4850,#4851,#4852,#4853,#4854,#4855,
#4856,#4857,#4858,#4859,#4860,#4861,#4862,#4863,#4864,#4865,#4866,#4867,
#4868,#4869,#4870,#4871,#4872,#4873,#4874,#4875,#4876,#4877,#4878,#4879,
#4880,#4881,#4882,#4883,#4884,#4885,#4886,#4887,#4888,#4889,#4890,#4891,
#4892,#4893,#4894,#4895,#4896,#4897,#4898,#4899,#4900,#4901,#4902,#4903,
#4904,#4905,#4906,#4907,#4908,#4909,#4910,#4911,#4912,#4913,#4914),
 .UNSPECIFIED.,.T.,.F.,(1,1,1,1,1,1,1,1,1,1,1,1,1,1,1,1,1,1,1,1,1,1,1,1,
1,1,1,1,1,1,1,1,1,1,1,1,1,1,1,1,1,1,1,1,1,1,1,1,1,1,1,1,1,1,1,1,1,1,1,1,
1,1,1,1,1,1,1,1,1,1,1,1,1,1,1,1,1,1,1,1,1),(-0.078125,-0.0625,-0.03125,
0.,0.03125,0.0625,0.078125,0.09375,0.109375,0.1171875,0.125,0.140625,0.15625,
0.171875,0.1875,0.203125,0.21875,0.25,0.28125,0.296875,0.3046875,0.3125,
0.328125,0.34375,0.359375,0.375,0.390625,0.3984375,0.40625,0.4140625,0.41796875,
0.421875,0.4296875,0.4375,0.453125,0.46875,0.4765625,0.484375,0.4921875,
0.49609375,0.5,0.50390625,0.5078125,0.515625,0.5234375,0.53125,0.546875,
0.5625,0.5703125,0.578125,0.58203125,0.5859375,0.59375,0.6015625,0.609375,
0.625,0.640625,0.65625,0.671875,0.6875,0.6953125,0.703125,0.71875,0.75,
0.78125,0.796875,0.8125,0.828125,0.84375,0.859375,0.875,0.8828125,0.890625,
0.90625,0.921875,0.9375,0.96875,1.,1.03125,1.0625,1.078125),
 .UNSPECIFIED.);
#240=B_SPLINE_CURVE_WITH_KNOTS('',3,(#4947,#4948,#4949,#4950,#4951,#4952,
#4953,#4954,#4955,#4956,#4957,#4958,#4959,#4960,#4961,#4962),
 .UNSPECIFIED.,.F.,.F.,(4,1,1,1,1,1,1,1,1,1,1,1,1,4),(0.,0.00594549539303303,
0.00891824308954954,0.0118909907860661,0.0178364861790991,0.0208092338756156,
0.0237819815721321,0.0267547292686486,0.0297274769651651,0.0327002246616816,
0.0356729723581982,0.0386457200547147,0.0416184677512312,0.0475639631442642),
 .UNSPECIFIED.);
#241=B_SPLINE_CURVE_WITH_KNOTS('',3,(#4964,#4965,#4966,#4967,#4968,#4969),
 .UNSPECIFIED.,.F.,.F.,(4,1,1,4),(0.,0.417838448608855,0.752229847724301,
1.),.UNSPECIFIED.);
#242=B_SPLINE_CURVE_WITH_KNOTS('',3,(#4972,#4973,#4974,#4975,#4976),
 .UNSPECIFIED.,.F.,.F.,(4,1,4),(0.,0.000829862606661686,0.00165972521332337),
 .UNSPECIFIED.);
#243=B_SPLINE_CURVE_WITH_KNOTS('',3,(#4981,#4982,#4983,#4984,#4985,#4986),
 .UNSPECIFIED.,.F.,.F.,(4,1,1,4),(0.,0.000532042489185476,0.00106408497837095,
0.0021281699567419),.UNSPECIFIED.);
#244=B_SPLINE_CURVE_WITH_KNOTS('',3,(#4990,#4991,#4992,#4993,#4994,#4995),
 .UNSPECIFIED.,.F.,.F.,(4,1,1,4),(3.46944695195361E-18,0.000513380396350493,
0.00102676079270098,0.00205352158540196),.UNSPECIFIED.);
#245=B_SPLINE_CURVE_WITH_KNOTS('',3,(#4997,#4998,#4999,#5000,#5001,#5002),
 .UNSPECIFIED.,.F.,.F.,(4,1,1,4),(0.,0.417838448608855,0.752229847724301,
1.),.UNSPECIFIED.);
#246=B_SPLINE_CURVE_WITH_KNOTS('',3,(#5004,#5005,#5006,#5007,#5008,#5009,
#5010),.UNSPECIFIED.,.F.,.F.,(4,1,1,1,4),(1.76907777093865E-17,0.000585957729760373,
0.00117191545952073,0.00175787318928108,0.00234383091904144),
 .UNSPECIFIED.);
#247=B_SPLINE_CURVE_WITH_KNOTS('',3,(#5021,#5022,#5023,#5024,#5025),
 .UNSPECIFIED.,.F.,.F.,(4,1,4),(0.,0.00260506223661807,0.00521012447323614),
 .UNSPECIFIED.);
#248=B_SPLINE_CURVE_WITH_KNOTS('',3,(#5026,#5027,#5028,#5029),
 .UNSPECIFIED.,.F.,.F.,(4,4),(6.56833475848984E-15,0.00504487666765838),
 .UNSPECIFIED.);
#249=B_SPLINE_CURVE_WITH_KNOTS('',3,(#5038,#5039,#5040,#5041),
 .UNSPECIFIED.,.F.,.F.,(4,4),(-5.99999999901481E-8,0.00552703389472112),
 .UNSPECIFIED.);
#250=B_SPLINE_CURVE_WITH_KNOTS('',3,(#5081,#5082,#5083,#5084),
 .UNSPECIFIED.,.F.,.F.,(4,4),(0.,0.00476309643242204),.UNSPECIFIED.);
#251=B_SPLINE_CURVE_WITH_KNOTS('',3,(#5111,#5112,#5113,#5114),
 .UNSPECIFIED.,.F.,.F.,(4,4),(0.,0.00426581267511433),.UNSPECIFIED.);
#252=B_SPLINE_CURVE_WITH_KNOTS('',3,(#5116,#5117,#5118,#5119,#5120),
 .UNSPECIFIED.,.F.,.F.,(4,1,4),(0.,0.00166552454800036,0.00333104909600073),
 .UNSPECIFIED.);
#253=B_SPLINE_CURVE_WITH_KNOTS('',3,(#5122,#5123,#5124,#5125,#5126,#5127,
#5128,#5129,#5130,#5131,#5132,#5133,#5134,#5135,#5136,#5137,#5138,#5139,
#5140,#5141,#5142),.UNSPECIFIED.,.F.,.F.,(4,1,1,1,1,1,1,1,1,1,1,1,1,1,1,
1,1,1,4),(0.,0.00291336835751894,0.00437005253627842,0.00582673671503789,
0.00728342089379736,0.00874010507255683,0.00946844716193657,0.0101967892513163,
0.010925131340696,0.0116534734300758,0.0123818155194555,0.0131101576088352,
0.013838499698215,0.0145668417875947,0.0160235259663542,0.0174802101451137,
0.0189368943238731,0.0203935785026326,0.0233069468601515),.UNSPECIFIED.);
#254=B_SPLINE_CURVE_WITH_KNOTS('',3,(#5144,#5145,#5146,#5147,#5148),
 .UNSPECIFIED.,.F.,.F.,(4,1,4),(0.,0.0016656193206821,0.0033312386413642),
 .UNSPECIFIED.);
#255=B_SPLINE_CURVE_WITH_KNOTS('',3,(#5150,#5151,#5152,#5153),
 .UNSPECIFIED.,.F.,.F.,(4,4),(0.,0.00433552415451277),.UNSPECIFIED.);
#256=B_SPLINE_CURVE_WITH_KNOTS('',3,(#5167,#5168,#5169,#5170),
 .UNSPECIFIED.,.F.,.F.,(4,4),(0.,1.),.UNSPECIFIED.);
#257=B_SPLINE_CURVE_WITH_KNOTS('',3,(#5172,#5173,#5174,#5175),
 .UNSPECIFIED.,.F.,.F.,(4,4),(0.,1.),.UNSPECIFIED.);
#258=B_SPLINE_CURVE_WITH_KNOTS('',3,(#5177,#5178,#5179,#5180),
 .UNSPECIFIED.,.F.,.F.,(4,4),(0.,1.),.UNSPECIFIED.);
#259=B_SPLINE_CURVE_WITH_KNOTS('',3,(#5211,#5212,#5213,#5214,#5215,#5216,
#5217,#5218,#5219,#5220,#5221,#5222,#5223,#5224,#5225,#5226,#5227),
 .UNSPECIFIED.,.F.,.F.,(4,1,1,1,1,1,1,1,1,1,1,1,1,1,4),(0.,0.00591639051528276,
0.00887458577292414,0.0118327810305655,0.0147909762882069,0.0177491715458483,
0.0207073668034897,0.023665562061131,0.0266237573187724,0.0295819525764138,
0.0325401478340552,0.0354983430916966,0.038456538349338,0.0414147336069793,
0.0473311241222621),.UNSPECIFIED.);
#260=B_SPLINE_CURVE_WITH_KNOTS('',3,(#5242,#5243,#5244,#5245),
 .UNSPECIFIED.,.F.,.F.,(4,4),(0.,1.),.UNSPECIFIED.);
#261=B_SPLINE_CURVE_WITH_KNOTS('',3,(#5247,#5248,#5249,#5250),
 .UNSPECIFIED.,.F.,.F.,(4,4),(0.,1.),.UNSPECIFIED.);
#262=B_SPLINE_CURVE_WITH_KNOTS('',3,(#5252,#5253,#5254,#5255),
 .UNSPECIFIED.,.F.,.F.,(4,4),(0.,1.),.UNSPECIFIED.);
#263=B_SPLINE_CURVE_WITH_KNOTS('',3,(#5368,#5369,#5370,#5371),
 .UNSPECIFIED.,.F.,.F.,(4,4),(0.,0.000400041238782795),.UNSPECIFIED.);
#264=B_SPLINE_CURVE_WITH_KNOTS('',3,(#5373,#5374,#5375,#5376),
 .UNSPECIFIED.,.F.,.F.,(4,4),(0.,0.000378806401869669),.UNSPECIFIED.);
#265=B_SPLINE_CURVE_WITH_KNOTS('',3,(#5378,#5379,#5380,#5381),
 .UNSPECIFIED.,.F.,.F.,(4,4),(0.972848696743067,0.984229918259109),
 .UNSPECIFIED.);
#266=B_SPLINE_CURVE_WITH_KNOTS('',3,(#5383,#5384,#5385,#5386,#5387,#5388,
#5389,#5390,#5391,#5392,#5393,#5394,#5395,#5396,#5397,#5398,#5399,#5400,
#5401,#5402,#5403,#5404,#5405,#5406,#5407,#5408,#5409,#5410,#5411,#5412,
#5413,#5414,#5415,#5416,#5417,#5418,#5419,#5420,#5421,#5422,#5423,#5424,
#5425,#5426,#5427,#5428,#5429,#5430,#5431,#5432,#5433,#5434,#5435,#5436,
#5437,#5438,#5439,#5440,#5441,#5442,#5443,#5444,#5445,#5446,#5447,#5448,
#5449,#5450,#5451,#5452,#5453,#5454,#5455,#5456,#5457,#5458,#5459,#5460,
#5461,#5462,#5463,#5464,#5465,#5466,#5467,#5468,#5469,#5470),
 .UNSPECIFIED.,.F.,.F.,(4,1,1,1,1,1,1,1,1,1,1,1,1,1,1,1,1,1,1,1,1,1,1,1,
1,1,1,1,1,1,1,1,1,1,1,1,1,1,1,1,1,1,1,1,1,1,1,1,1,1,1,1,1,1,1,1,1,1,1,1,
1,1,1,1,1,1,1,1,1,1,1,1,1,1,1,1,1,1,1,1,1,1,1,1,1,4),(0.0317433065222968,
0.0393078119400914,0.046872317357886,0.0544368227756805,0.0582190754845778,
0.0601102018390264,0.0620013281934751,0.0629468913706994,0.0638924545479237,
0.0657835809023723,0.0695658336112696,0.0771303390290642,0.0846948444468587,
0.088477097155756,0.0903682235102047,0.0922593498646533,0.0932049130418776,
0.0941504762191019,0.0960416025735506,0.0998238552824478,0.107388360700242,
0.114952866118037,0.118735118826934,0.122517371535832,0.12440849789028,
0.126299624244729,0.130081876953626,0.137646382371421,0.15277539320701,
0.183033414878188,0.213291436549366,0.243549458220544,0.273807479891723,
0.334323523234079,0.394839566576435,0.425097588247614,0.455355609918792,
0.470484620754381,0.48561363158997,0.493178137007765,0.496960389716662,
0.500742642425559,0.504524895134457,0.508307147843354,0.515871653261148,
0.531000664096738,0.546129674932327,0.576387696603505,0.606645718274683,
0.636903739945861,0.65203275078145,0.66716176161704,0.674726267034834,0.682290772452629,
0.689855277870423,0.693637530579321,0.697419783288218,0.699310909642666,
0.700256472819891,0.701202035997115,0.704984288706012,0.712548794123807,
0.727677804959396,0.742806815794985,0.757935826630574,0.788193848301752,
0.818451869972931,0.83358088080852,0.841145386226314,0.848709891644109,
0.856274397061903,0.863838902479698,0.878967913315287,0.882750166024184,
0.886532418733082,0.890314671441979,0.894096924150876,0.901661429568671,
0.909225934986465,0.91679044040426,0.924354945822054,0.931919451239849,
0.939483956657644,0.954612967493233,0.969741978328822,1.),.UNSPECIFIED.);
#267=B_SPLINE_CURVE_WITH_KNOTS('',3,(#5511,#5512,#5513,#5514),
 .UNSPECIFIED.,.F.,.F.,(4,4),(0.,1.),.UNSPECIFIED.);
#268=B_SPLINE_CURVE_WITH_KNOTS('',3,(#5516,#5517,#5518,#5519,#5520,#5521,
#5522,#5523,#5524,#5525,#5526),.UNSPECIFIED.,.F.,.F.,(4,1,1,1,1,1,1,1,4),
(0.,0.25,0.375,0.4375,0.5,0.5625,0.625,0.75,1.),.UNSPECIFIED.);
#269=B_SPLINE_CURVE_WITH_KNOTS('',3,(#5528,#5529,#5530,#5531),
 .UNSPECIFIED.,.F.,.F.,(4,4),(0.,1.),.UNSPECIFIED.);
#270=B_SPLINE_CURVE_WITH_KNOTS('',3,(#5620,#5621,#5622,#5623),
 .UNSPECIFIED.,.F.,.F.,(4,4),(0.,1.),.UNSPECIFIED.);
#271=B_SPLINE_CURVE_WITH_KNOTS('',3,(#5625,#5626,#5627,#5628,#5629,#5630,
#5631,#5632,#5633,#5634,#5635,#5636,#5637,#5638,#5639,#5640,#5641,#5642,
#5643,#5644,#5645,#5646,#5647,#5648,#5649,#5650,#5651,#5652,#5653,#5654,
#5655,#5656,#5657,#5658,#5659,#5660,#5661,#5662,#5663,#5664,#5665,#5666,
#5667,#5668,#5669,#5670,#5671,#5672,#5673,#5674,#5675,#5676,#5677,#5678,
#5679),.UNSPECIFIED.,.F.,.F.,(4,1,1,1,1,1,1,1,1,1,1,1,1,1,1,1,1,1,1,1,1,
1,1,1,1,1,1,1,1,1,1,1,1,1,1,1,1,1,1,1,1,1,1,1,1,1,1,1,1,1,1,1,4),(0.,0.0625,
0.125,0.15625,0.1875,0.203125,0.21875,0.234375,0.2421875,0.24609375,0.25,
0.25390625,0.2578125,0.265625,0.28125,0.296875,0.3125,0.34375,0.375,0.40625,
0.421875,0.4296875,0.4375,0.4453125,0.453125,0.46875,0.5,0.53125,0.546875,
0.5546875,0.5625,0.5703125,0.578125,0.59375,0.625,0.65625,0.6875,0.703125,
0.71875,0.734375,0.7421875,0.74609375,0.75,0.75390625,0.7578125,0.765625,
0.78125,0.796875,0.8125,0.84375,0.875,0.9375,1.),.UNSPECIFIED.);
#272=B_SPLINE_CURVE_WITH_KNOTS('',3,(#5712,#5713,#5714,#5715),
 .UNSPECIFIED.,.F.,.F.,(4,4),(0.,1.),.UNSPECIFIED.);
#273=B_SPLINE_CURVE_WITH_KNOTS('',3,(#5717,#5718,#5719,#5720,#5721,#5722,
#5723,#5724,#5725,#5726,#5727),.UNSPECIFIED.,.F.,.F.,(4,1,1,1,1,1,1,1,4),
(0.,0.25,0.375,0.4375,0.5,0.5625,0.625,0.75,1.),.UNSPECIFIED.);
#274=B_SPLINE_CURVE_WITH_KNOTS('',3,(#5744,#5745,#5746,#5747),
 .UNSPECIFIED.,.F.,.F.,(4,4),(0.,1.),.UNSPECIFIED.);
#275=B_SPLINE_CURVE_WITH_KNOTS('',3,(#5764,#5765,#5766,#5767),
 .UNSPECIFIED.,.F.,.F.,(4,4),(0.,1.),.UNSPECIFIED.);
#276=B_SPLINE_CURVE_WITH_KNOTS('',3,(#5880,#5881,#5882,#5883),
 .UNSPECIFIED.,.F.,.F.,(4,4),(0.,0.000400041258083275),.UNSPECIFIED.);
#277=B_SPLINE_CURVE_WITH_KNOTS('',3,(#5885,#5886,#5887,#5888,#5889,#5890,
#5891,#5892,#5893,#5894,#5895,#5896,#5897,#5898,#5899,#5900,#5901,#5902,
#5903,#5904,#5905,#5906,#5907,#5908,#5909,#5910,#5911,#5912,#5913,#5914,
#5915,#5916,#5917,#5918,#5919,#5920,#5921,#5922,#5923,#5924,#5925,#5926,
#5927,#5928,#5929,#5930,#5931,#5932,#5933,#5934,#5935,#5936,#5937,#5938,
#5939,#5940,#5941,#5942,#5943,#5944,#5945,#5946,#5947,#5948,#5949,#5950,
#5951,#5952,#5953,#5954,#5955,#5956,#5957,#5958,#5959,#5960,#5961,#5962,
#5963,#5964,#5965,#5966,#5967,#5968,#5969,#5970,#5971,#5972,#5973,#5974,
#5975,#5976,#5977,#5978,#5979,#5980,#5981,#5982,#5983,#5984,#5985,#5986,
#5987),.UNSPECIFIED.,.F.,.F.,(4,1,1,1,1,1,1,1,1,1,1,1,1,1,1,1,1,1,1,1,1,
1,1,1,1,1,1,1,1,1,1,1,1,1,1,1,1,1,1,1,1,1,1,1,1,1,1,1,1,1,1,1,1,1,1,1,1,
1,1,1,1,1,1,1,1,1,1,1,1,1,1,1,1,1,1,1,1,1,1,1,1,1,1,1,1,1,1,1,1,1,1,1,1,
1,1,1,1,1,1,1,4),(0.,0.0299923434123141,0.0374904292653927,0.0449885151184712,
0.0599846868246283,0.0674827726777068,0.0712318156042461,0.0749808585307854,
0.0824789443838639,0.0899770302369424,0.097475116090021,0.10122415901656,
0.1049732019431,0.106847723406369,0.108722244869639,0.112471287796178,0.119969373649257,
0.127467459502335,0.134965545355414,0.138714588281953,0.140589109745223,
0.142463631208492,0.146212674135031,0.149961717061571,0.157459802914649,
0.164957888767728,0.179954060473885,0.194950232180042,0.209946403886199,
0.239938747298513,0.25493491900467,0.269931090710827,0.277429176563906,
0.281178219490445,0.284927262416984,0.292425348270063,0.299923434123141,
0.314919605829299,0.329915777535456,0.35990812094777,0.389900464360084,
0.419892807772398,0.449885151184712,0.464881322890869,0.472379408743948,
0.479877494597026,0.487375580450105,0.494873666303183,0.496748187766453,
0.498622709229723,0.499559969961358,0.500497230692992,0.502371752156262,
0.506120795082801,0.50986983800934,0.517367923862419,0.524866009715498,
0.539862181421655,0.554858353127812,0.569854524833969,0.599846868246283,
0.607344954099362,0.61484303995244,0.618592082878979,0.622341125805519,
0.624215647268788,0.625152908000423,0.626090168732058,0.627964690195328,
0.629839211658597,0.637337297511676,0.644835383364754,0.652333469217833,
0.659831555070911,0.674827726777068,0.689823898483225,0.704820070189383,
0.719816241895539,0.734812413601696,0.742310499454775,0.746059542381314,
0.749808585307854,0.753557628234393,0.757306671160932,0.764804757014011,
0.779800928720168,0.794797100426325,0.809793272132482,0.824789443838639,
0.839785615544796,0.854781787250953,0.862279873104032,0.86977795895711,
0.873527001883649,0.875401523346919,0.877276044810189,0.881025087736728,
0.884774130663267,0.899770302369424,0.929762645781739,0.959754989194053),
 .UNSPECIFIED.);
#278=B_SPLINE_CURVE_WITH_KNOTS('',3,(#5989,#5990,#5991,#5992),
 .UNSPECIFIED.,.F.,.F.,(4,4),(0.959754989194056,0.974424569013877),
 .UNSPECIFIED.);
#279=B_SPLINE_CURVE_WITH_KNOTS('',3,(#5994,#5995,#5996,#5997),
 .UNSPECIFIED.,.F.,.F.,(4,4),(0.,0.000378795270734653),.UNSPECIFIED.);
#280=B_SPLINE_CURVE_WITH_KNOTS('',3,(#6102,#6103,#6104,#6105),
 .UNSPECIFIED.,.F.,.F.,(4,4),(0.00140431047998261,0.00223942049962157),
 .UNSPECIFIED.);
#281=B_SPLINE_CURVE_WITH_KNOTS('',3,(#6108,#6109,#6110,#6111,#6112),
 .UNSPECIFIED.,.F.,.F.,(4,1,4),(0.,0.000779137454275256,0.00155827490855051),
 .UNSPECIFIED.);
#282=B_SPLINE_CURVE_WITH_KNOTS('',3,(#6113,#6114,#6115,#6116),
 .UNSPECIFIED.,.F.,.F.,(4,4),(0.,1.),.UNSPECIFIED.);
#283=B_SPLINE_CURVE_WITH_KNOTS('',3,(#6117,#6118,#6119,#6120,#6121),
 .UNSPECIFIED.,.F.,.F.,(4,1,4),(0.,0.000338275168247436,0.000676550336494872),
 .UNSPECIFIED.);
#284=B_SPLINE_CURVE_WITH_KNOTS('',3,(#6130,#6131,#6132,#6133),
 .UNSPECIFIED.,.F.,.F.,(4,4),(0.,1.),.UNSPECIFIED.);
#285=B_SPLINE_CURVE_WITH_KNOTS('',3,(#6142,#6143,#6144,#6145),
 .UNSPECIFIED.,.F.,.F.,(4,4),(0.,1.),.UNSPECIFIED.);
#286=B_SPLINE_CURVE_WITH_KNOTS('',3,(#6166,#6167,#6168,#6169),
 .UNSPECIFIED.,.F.,.F.,(4,4),(0.,1.),.UNSPECIFIED.);
#287=B_SPLINE_CURVE_WITH_KNOTS('',3,(#6222,#6223,#6224,#6225),
 .UNSPECIFIED.,.F.,.F.,(4,4),(0.,1.),.UNSPECIFIED.);
#288=B_SPLINE_CURVE_WITH_KNOTS('',3,(#6246,#6247,#6248,#6249),
 .UNSPECIFIED.,.F.,.F.,(4,4),(0.,1.),.UNSPECIFIED.);
#289=B_SPLINE_CURVE_WITH_KNOTS('',3,(#6258,#6259,#6260,#6261),
 .UNSPECIFIED.,.F.,.F.,(4,4),(0.,1.),.UNSPECIFIED.);
#290=B_SPLINE_CURVE_WITH_KNOTS('',3,(#6270,#6271,#6272,#6273),
 .UNSPECIFIED.,.F.,.F.,(4,4),(0.,1.),.UNSPECIFIED.);
#291=B_SPLINE_CURVE_WITH_KNOTS('',3,(#6352,#6353,#6354,#6355,#6356),
 .UNSPECIFIED.,.F.,.F.,(4,1,4),(0.,0.000780733683512706,0.00156146736702541),
 .UNSPECIFIED.);
#292=B_SPLINE_CURVE_WITH_KNOTS('',3,(#6358,#6359,#6360,#6361),
 .UNSPECIFIED.,.F.,.F.,(4,4),(0.00140431776351112,0.00223943239879667),
 .UNSPECIFIED.);
#293=B_SPLINE_CURVE_WITH_KNOTS('',3,(#6363,#6364,#6365,#6366,#6367),
 .UNSPECIFIED.,.F.,.F.,(4,1,4),(0.,0.000337987369798742,0.000675974739597485),
 .UNSPECIFIED.);
#294=B_SPLINE_CURVE_WITH_KNOTS('',3,(#6428,#6429,#6430,#6431,#6432),
 .UNSPECIFIED.,.F.,.F.,(4,1,4),(0.,0.000799548037232314,0.00159909607446463),
 .UNSPECIFIED.);
#295=B_SPLINE_CURVE_WITH_KNOTS('',3,(#6440,#6441,#6442,#6443,#6444),
 .UNSPECIFIED.,.F.,.F.,(4,1,4),(0.,0.000802611150090718,0.00160522230018144),
 .UNSPECIFIED.);
#296=ORIENTED_EDGE('',*,*,#898,.F.);
#297=ORIENTED_EDGE('',*,*,#899,.T.);
#298=ORIENTED_EDGE('',*,*,#900,.F.);
#299=ORIENTED_EDGE('',*,*,#901,.T.);
#300=ORIENTED_EDGE('',*,*,#902,.F.);
#301=ORIENTED_EDGE('',*,*,#903,.T.);
#302=ORIENTED_EDGE('',*,*,#904,.T.);
#303=ORIENTED_EDGE('',*,*,#905,.F.);
#304=ORIENTED_EDGE('',*,*,#906,.F.);
#305=ORIENTED_EDGE('',*,*,#907,.F.);
#306=ORIENTED_EDGE('',*,*,#908,.F.);
#307=ORIENTED_EDGE('',*,*,#909,.F.);
#308=ORIENTED_EDGE('',*,*,#910,.T.);
#309=ORIENTED_EDGE('',*,*,#901,.F.);
#310=ORIENTED_EDGE('',*,*,#911,.T.);
#311=ORIENTED_EDGE('',*,*,#905,.T.);
#312=ORIENTED_EDGE('',*,*,#912,.T.);
#313=ORIENTED_EDGE('',*,*,#913,.T.);
#314=ORIENTED_EDGE('',*,*,#914,.T.);
#315=ORIENTED_EDGE('',*,*,#915,.T.);
#316=ORIENTED_EDGE('',*,*,#907,.T.);
#317=ORIENTED_EDGE('',*,*,#900,.T.);
#318=ORIENTED_EDGE('',*,*,#916,.T.);
#319=ORIENTED_EDGE('',*,*,#917,.T.);
#320=ORIENTED_EDGE('',*,*,#918,.T.);
#321=ORIENTED_EDGE('',*,*,#902,.T.);
#322=ORIENTED_EDGE('',*,*,#911,.F.);
#323=ORIENTED_EDGE('',*,*,#919,.F.);
#324=ORIENTED_EDGE('',*,*,#920,.T.);
#325=ORIENTED_EDGE('',*,*,#913,.F.);
#326=ORIENTED_EDGE('',*,*,#906,.T.);
#327=ORIENTED_EDGE('',*,*,#904,.F.);
#328=ORIENTED_EDGE('',*,*,#921,.T.);
#329=ORIENTED_EDGE('',*,*,#917,.F.);
#330=ORIENTED_EDGE('',*,*,#922,.T.);
#331=ORIENTED_EDGE('',*,*,#919,.T.);
#332=ORIENTED_EDGE('',*,*,#923,.T.);
#333=ORIENTED_EDGE('',*,*,#924,.F.);
#334=ORIENTED_EDGE('',*,*,#925,.T.);
#335=ORIENTED_EDGE('',*,*,#926,.T.);
#336=ORIENTED_EDGE('',*,*,#927,.T.);
#337=ORIENTED_EDGE('',*,*,#909,.T.);
#338=ORIENTED_EDGE('',*,*,#928,.F.);
#339=ORIENTED_EDGE('',*,*,#929,.F.);
#340=ORIENTED_EDGE('',*,*,#930,.T.);
#341=ORIENTED_EDGE('',*,*,#926,.F.);
#342=ORIENTED_EDGE('',*,*,#931,.T.);
#343=ORIENTED_EDGE('',*,*,#932,.F.);
#344=ORIENTED_EDGE('',*,*,#928,.T.);
#345=ORIENTED_EDGE('',*,*,#908,.T.);
#346=ORIENTED_EDGE('',*,*,#915,.F.);
#347=ORIENTED_EDGE('',*,*,#933,.T.);
#348=ORIENTED_EDGE('',*,*,#912,.F.);
#349=ORIENTED_EDGE('',*,*,#934,.T.);
#350=ORIENTED_EDGE('',*,*,#935,.T.);
#351=ORIENTED_EDGE('',*,*,#924,.T.);
#352=ORIENTED_EDGE('',*,*,#898,.T.);
#353=ORIENTED_EDGE('',*,*,#910,.F.);
#354=ORIENTED_EDGE('',*,*,#930,.F.);
#355=ORIENTED_EDGE('',*,*,#936,.T.);
#356=ORIENTED_EDGE('',*,*,#932,.T.);
#357=ORIENTED_EDGE('',*,*,#937,.T.);
#358=ORIENTED_EDGE('',*,*,#934,.F.);
#359=ORIENTED_EDGE('',*,*,#929,.T.);
#360=ORIENTED_EDGE('',*,*,#920,.F.);
#361=ORIENTED_EDGE('',*,*,#922,.F.);
#362=ORIENTED_EDGE('',*,*,#916,.F.);
#363=ORIENTED_EDGE('',*,*,#899,.F.);
#364=ORIENTED_EDGE('',*,*,#927,.F.);
#365=ORIENTED_EDGE('',*,*,#914,.F.);
#366=ORIENTED_EDGE('',*,*,#921,.F.);
#367=ORIENTED_EDGE('',*,*,#903,.F.);
#368=ORIENTED_EDGE('',*,*,#918,.F.);
#369=ORIENTED_EDGE('',*,*,#923,.F.);
#370=ORIENTED_EDGE('',*,*,#936,.F.);
#371=ORIENTED_EDGE('',*,*,#933,.F.);
#372=ORIENTED_EDGE('',*,*,#931,.F.);
#373=ORIENTED_EDGE('',*,*,#925,.F.);
#374=ORIENTED_EDGE('',*,*,#935,.F.);
#375=ORIENTED_EDGE('',*,*,#937,.F.);
#376=ORIENTED_EDGE('',*,*,#938,.T.);
#377=ORIENTED_EDGE('',*,*,#939,.T.);
#378=ORIENTED_EDGE('',*,*,#940,.T.);
#379=ORIENTED_EDGE('',*,*,#941,.T.);
#380=ORIENTED_EDGE('',*,*,#942,.T.);
#381=ORIENTED_EDGE('',*,*,#943,.T.);
#382=ORIENTED_EDGE('',*,*,#944,.F.);
#383=ORIENTED_EDGE('',*,*,#945,.T.);
#384=ORIENTED_EDGE('',*,*,#946,.F.);
#385=ORIENTED_EDGE('',*,*,#947,.T.);
#386=ORIENTED_EDGE('',*,*,#948,.F.);
#387=ORIENTED_EDGE('',*,*,#949,.T.);
#388=ORIENTED_EDGE('',*,*,#950,.T.);
#389=ORIENTED_EDGE('',*,*,#951,.T.);
#390=ORIENTED_EDGE('',*,*,#952,.T.);
#391=ORIENTED_EDGE('',*,*,#953,.T.);
#392=ORIENTED_EDGE('',*,*,#954,.T.);
#393=ORIENTED_EDGE('',*,*,#955,.F.);
#394=ORIENTED_EDGE('',*,*,#956,.F.);
#395=ORIENTED_EDGE('',*,*,#957,.T.);
#396=ORIENTED_EDGE('',*,*,#955,.T.);
#397=ORIENTED_EDGE('',*,*,#958,.F.);
#398=ORIENTED_EDGE('',*,*,#947,.F.);
#399=ORIENTED_EDGE('',*,*,#959,.F.);
#400=ORIENTED_EDGE('',*,*,#960,.F.);
#401=ORIENTED_EDGE('',*,*,#961,.T.);
#402=ORIENTED_EDGE('',*,*,#962,.F.);
#403=ORIENTED_EDGE('',*,*,#963,.T.);
#404=ORIENTED_EDGE('',*,*,#964,.T.);
#405=ORIENTED_EDGE('',*,*,#965,.T.);
#406=ORIENTED_EDGE('',*,*,#966,.T.);
#407=ORIENTED_EDGE('',*,*,#967,.T.);
#408=ORIENTED_EDGE('',*,*,#968,.F.);
#409=ORIENTED_EDGE('',*,*,#969,.T.);
#410=ORIENTED_EDGE('',*,*,#938,.F.);
#411=ORIENTED_EDGE('',*,*,#958,.T.);
#412=ORIENTED_EDGE('',*,*,#954,.F.);
#413=ORIENTED_EDGE('',*,*,#970,.T.);
#414=ORIENTED_EDGE('',*,*,#944,.T.);
#415=ORIENTED_EDGE('',*,*,#971,.T.);
#416=ORIENTED_EDGE('',*,*,#972,.T.);
#417=ORIENTED_EDGE('',*,*,#973,.T.);
#418=ORIENTED_EDGE('',*,*,#948,.T.);
#419=ORIENTED_EDGE('',*,*,#957,.F.);
#420=ORIENTED_EDGE('',*,*,#974,.F.);
#421=ORIENTED_EDGE('',*,*,#972,.F.);
#422=ORIENTED_EDGE('',*,*,#975,.T.);
#423=ORIENTED_EDGE('',*,*,#976,.T.);
#424=ORIENTED_EDGE('',*,*,#977,.T.);
#425=ORIENTED_EDGE('',*,*,#978,.T.);
#426=ORIENTED_EDGE('',*,*,#979,.T.);
#427=ORIENTED_EDGE('',*,*,#968,.T.);
#428=ORIENTED_EDGE('',*,*,#980,.T.);
#429=ORIENTED_EDGE('',*,*,#981,.T.);
#430=ORIENTED_EDGE('',*,*,#945,.F.);
#431=ORIENTED_EDGE('',*,*,#982,.T.);
#432=ORIENTED_EDGE('',*,*,#983,.T.);
#433=ORIENTED_EDGE('',*,*,#984,.F.);
#434=ORIENTED_EDGE('',*,*,#985,.T.);
#435=ORIENTED_EDGE('',*,*,#986,.T.);
#436=ORIENTED_EDGE('',*,*,#959,.T.);
#437=ORIENTED_EDGE('',*,*,#946,.T.);
#438=ORIENTED_EDGE('',*,*,#986,.F.);
#439=ORIENTED_EDGE('',*,*,#987,.T.);
#440=ORIENTED_EDGE('',*,*,#956,.T.);
#441=ORIENTED_EDGE('',*,*,#988,.F.);
#442=ORIENTED_EDGE('',*,*,#982,.F.);
#443=ORIENTED_EDGE('',*,*,#974,.T.);
#444=ORIENTED_EDGE('',*,*,#962,.T.);
#445=ORIENTED_EDGE('',*,*,#989,.F.);
#446=ORIENTED_EDGE('',*,*,#983,.F.);
#447=ORIENTED_EDGE('',*,*,#988,.T.);
#448=ORIENTED_EDGE('',*,*,#961,.F.);
#449=ORIENTED_EDGE('',*,*,#990,.F.);
#450=ORIENTED_EDGE('',*,*,#984,.T.);
#451=ORIENTED_EDGE('',*,*,#989,.T.);
#452=ORIENTED_EDGE('',*,*,#960,.T.);
#453=ORIENTED_EDGE('',*,*,#987,.F.);
#454=ORIENTED_EDGE('',*,*,#985,.F.);
#455=ORIENTED_EDGE('',*,*,#990,.T.);
#456=ORIENTED_EDGE('',*,*,#991,.T.);
#457=ORIENTED_EDGE('',*,*,#963,.F.);
#458=ORIENTED_EDGE('',*,*,#966,.F.);
#459=ORIENTED_EDGE('',*,*,#992,.T.);
#460=ORIENTED_EDGE('',*,*,#978,.F.);
#461=ORIENTED_EDGE('',*,*,#993,.T.);
#462=ORIENTED_EDGE('',*,*,#976,.F.);
#463=ORIENTED_EDGE('',*,*,#994,.T.);
#464=ORIENTED_EDGE('',*,*,#964,.F.);
#465=ORIENTED_EDGE('',*,*,#995,.T.);
#466=ORIENTED_EDGE('',*,*,#971,.F.);
#467=ORIENTED_EDGE('',*,*,#943,.F.);
#468=ORIENTED_EDGE('',*,*,#996,.F.);
#469=ORIENTED_EDGE('',*,*,#975,.F.);
#470=ORIENTED_EDGE('',*,*,#996,.T.);
#471=ORIENTED_EDGE('',*,*,#942,.F.);
#472=ORIENTED_EDGE('',*,*,#997,.F.);
#473=ORIENTED_EDGE('',*,*,#994,.F.);
#474=ORIENTED_EDGE('',*,*,#997,.T.);
#475=ORIENTED_EDGE('',*,*,#941,.F.);
#476=ORIENTED_EDGE('',*,*,#998,.F.);
#477=ORIENTED_EDGE('',*,*,#965,.F.);
#478=ORIENTED_EDGE('',*,*,#998,.T.);
#479=ORIENTED_EDGE('',*,*,#940,.F.);
#480=ORIENTED_EDGE('',*,*,#999,.F.);
#481=ORIENTED_EDGE('',*,*,#992,.F.);
#482=ORIENTED_EDGE('',*,*,#969,.F.);
#483=ORIENTED_EDGE('',*,*,#979,.F.);
#484=ORIENTED_EDGE('',*,*,#999,.T.);
#485=ORIENTED_EDGE('',*,*,#939,.F.);
#486=ORIENTED_EDGE('',*,*,#970,.F.);
#487=ORIENTED_EDGE('',*,*,#953,.F.);
#488=ORIENTED_EDGE('',*,*,#1000,.F.);
#489=ORIENTED_EDGE('',*,*,#980,.F.);
#490=ORIENTED_EDGE('',*,*,#1000,.T.);
#491=ORIENTED_EDGE('',*,*,#952,.F.);
#492=ORIENTED_EDGE('',*,*,#1001,.F.);
#493=ORIENTED_EDGE('',*,*,#993,.F.);
#494=ORIENTED_EDGE('',*,*,#1001,.T.);
#495=ORIENTED_EDGE('',*,*,#951,.F.);
#496=ORIENTED_EDGE('',*,*,#1002,.F.);
#497=ORIENTED_EDGE('',*,*,#967,.F.);
#498=ORIENTED_EDGE('',*,*,#1002,.T.);
#499=ORIENTED_EDGE('',*,*,#950,.F.);
#500=ORIENTED_EDGE('',*,*,#1003,.F.);
#501=ORIENTED_EDGE('',*,*,#995,.F.);
#502=ORIENTED_EDGE('',*,*,#1003,.T.);
#503=ORIENTED_EDGE('',*,*,#949,.F.);
#504=ORIENTED_EDGE('',*,*,#973,.F.);
#505=ORIENTED_EDGE('',*,*,#977,.F.);
#506=ORIENTED_EDGE('',*,*,#981,.F.);
#507=ORIENTED_EDGE('',*,*,#991,.F.);
#508=ORIENTED_EDGE('',*,*,#1004,.F.);
#509=ORIENTED_EDGE('',*,*,#1005,.T.);
#510=ORIENTED_EDGE('',*,*,#1006,.T.);
#511=ORIENTED_EDGE('',*,*,#1007,.T.);
#512=ORIENTED_EDGE('',*,*,#1008,.T.);
#513=ORIENTED_EDGE('',*,*,#1009,.T.);
#514=ORIENTED_EDGE('',*,*,#1010,.T.);
#515=ORIENTED_EDGE('',*,*,#1011,.T.);
#516=ORIENTED_EDGE('',*,*,#1012,.T.);
#517=ORIENTED_EDGE('',*,*,#1013,.T.);
#518=ORIENTED_EDGE('',*,*,#1014,.T.);
#519=ORIENTED_EDGE('',*,*,#1015,.T.);
#520=ORIENTED_EDGE('',*,*,#1016,.T.);
#521=ORIENTED_EDGE('',*,*,#1017,.T.);
#522=ORIENTED_EDGE('',*,*,#1018,.T.);
#523=ORIENTED_EDGE('',*,*,#1019,.T.);
#524=ORIENTED_EDGE('',*,*,#1020,.T.);
#525=ORIENTED_EDGE('',*,*,#1021,.T.);
#526=ORIENTED_EDGE('',*,*,#1022,.T.);
#527=ORIENTED_EDGE('',*,*,#1023,.T.);
#528=ORIENTED_EDGE('',*,*,#1024,.T.);
#529=ORIENTED_EDGE('',*,*,#1025,.T.);
#530=ORIENTED_EDGE('',*,*,#1026,.T.);
#531=ORIENTED_EDGE('',*,*,#1027,.T.);
#532=ORIENTED_EDGE('',*,*,#1028,.T.);
#533=ORIENTED_EDGE('',*,*,#1029,.F.);
#534=ORIENTED_EDGE('',*,*,#1030,.T.);
#535=ORIENTED_EDGE('',*,*,#1031,.T.);
#536=ORIENTED_EDGE('',*,*,#1032,.T.);
#537=ORIENTED_EDGE('',*,*,#1033,.F.);
#538=ORIENTED_EDGE('',*,*,#1034,.F.);
#539=ORIENTED_EDGE('',*,*,#1035,.T.);
#540=ORIENTED_EDGE('',*,*,#1036,.T.);
#541=ORIENTED_EDGE('',*,*,#1037,.T.);
#542=ORIENTED_EDGE('',*,*,#1038,.T.);
#543=ORIENTED_EDGE('',*,*,#1039,.T.);
#544=ORIENTED_EDGE('',*,*,#1040,.T.);
#545=ORIENTED_EDGE('',*,*,#1041,.T.);
#546=ORIENTED_EDGE('',*,*,#1042,.T.);
#547=ORIENTED_EDGE('',*,*,#1043,.T.);
#548=ORIENTED_EDGE('',*,*,#1029,.T.);
#549=ORIENTED_EDGE('',*,*,#1044,.T.);
#550=ORIENTED_EDGE('',*,*,#1045,.F.);
#551=ORIENTED_EDGE('',*,*,#1046,.T.);
#552=ORIENTED_EDGE('',*,*,#1047,.T.);
#553=ORIENTED_EDGE('',*,*,#1048,.F.);
#554=ORIENTED_EDGE('',*,*,#1049,.T.);
#555=ORIENTED_EDGE('',*,*,#1050,.T.);
#556=ORIENTED_EDGE('',*,*,#1051,.F.);
#557=ORIENTED_EDGE('',*,*,#1052,.T.);
#558=ORIENTED_EDGE('',*,*,#1053,.T.);
#559=ORIENTED_EDGE('',*,*,#1054,.F.);
#560=ORIENTED_EDGE('',*,*,#1055,.F.);
#561=ORIENTED_EDGE('',*,*,#1056,.F.);
#562=ORIENTED_EDGE('',*,*,#1057,.T.);
#563=ORIENTED_EDGE('',*,*,#1058,.F.);
#564=ORIENTED_EDGE('',*,*,#1059,.T.);
#565=ORIENTED_EDGE('',*,*,#1060,.F.);
#566=ORIENTED_EDGE('',*,*,#1061,.T.);
#567=ORIENTED_EDGE('',*,*,#1062,.F.);
#568=ORIENTED_EDGE('',*,*,#1063,.T.);
#569=ORIENTED_EDGE('',*,*,#1045,.T.);
#570=ORIENTED_EDGE('',*,*,#1060,.T.);
#571=ORIENTED_EDGE('',*,*,#1064,.T.);
#572=ORIENTED_EDGE('',*,*,#1026,.F.);
#573=ORIENTED_EDGE('',*,*,#1065,.T.);
#574=ORIENTED_EDGE('',*,*,#1028,.F.);
#575=ORIENTED_EDGE('',*,*,#1066,.T.);
#576=ORIENTED_EDGE('',*,*,#1058,.T.);
#577=ORIENTED_EDGE('',*,*,#1044,.F.);
#578=ORIENTED_EDGE('',*,*,#1067,.T.);
#579=ORIENTED_EDGE('',*,*,#1068,.T.);
#580=ORIENTED_EDGE('',*,*,#1024,.F.);
#581=ORIENTED_EDGE('',*,*,#1023,.F.);
#582=ORIENTED_EDGE('',*,*,#1069,.F.);
#583=ORIENTED_EDGE('',*,*,#1070,.F.);
#584=ORIENTED_EDGE('',*,*,#1071,.T.);
#585=ORIENTED_EDGE('',*,*,#1072,.F.);
#586=ORIENTED_EDGE('',*,*,#1073,.F.);
#587=ORIENTED_EDGE('',*,*,#1021,.F.);
#588=ORIENTED_EDGE('',*,*,#1020,.F.);
#589=ORIENTED_EDGE('',*,*,#1074,.T.);
#590=ORIENTED_EDGE('',*,*,#1075,.F.);
#591=ORIENTED_EDGE('',*,*,#1072,.T.);
#592=ORIENTED_EDGE('',*,*,#1076,.T.);
#593=ORIENTED_EDGE('',*,*,#1047,.F.);
#594=ORIENTED_EDGE('',*,*,#1063,.F.);
#595=ORIENTED_EDGE('',*,*,#1077,.T.);
#596=ORIENTED_EDGE('',*,*,#1073,.T.);
#597=ORIENTED_EDGE('',*,*,#1075,.T.);
#598=ORIENTED_EDGE('',*,*,#1046,.F.);
#599=ORIENTED_EDGE('',*,*,#1059,.F.);
#600=ORIENTED_EDGE('',*,*,#1066,.F.);
#601=ORIENTED_EDGE('',*,*,#1027,.F.);
#602=ORIENTED_EDGE('',*,*,#1064,.F.);
#603=ORIENTED_EDGE('',*,*,#1061,.F.);
#604=ORIENTED_EDGE('',*,*,#1065,.F.);
#605=ORIENTED_EDGE('',*,*,#1031,.F.);
#606=ORIENTED_EDGE('',*,*,#1078,.F.);
#607=ORIENTED_EDGE('',*,*,#1079,.F.);
#608=ORIENTED_EDGE('',*,*,#1022,.F.);
#609=ORIENTED_EDGE('',*,*,#1077,.F.);
#610=ORIENTED_EDGE('',*,*,#1080,.T.);
#611=ORIENTED_EDGE('',*,*,#1030,.F.);
#612=ORIENTED_EDGE('',*,*,#1043,.F.);
#613=ORIENTED_EDGE('',*,*,#1081,.F.);
#614=ORIENTED_EDGE('',*,*,#1082,.F.);
#615=ORIENTED_EDGE('',*,*,#1083,.T.);
#616=ORIENTED_EDGE('',*,*,#1084,.T.);
#617=ORIENTED_EDGE('',*,*,#1085,.T.);
#618=ORIENTED_EDGE('',*,*,#1052,.F.);
#619=ORIENTED_EDGE('',*,*,#1086,.T.);
#620=ORIENTED_EDGE('',*,*,#1087,.T.);
#621=ORIENTED_EDGE('',*,*,#1088,.F.);
#622=ORIENTED_EDGE('',*,*,#1089,.T.);
#623=ORIENTED_EDGE('',*,*,#1090,.F.);
#624=ORIENTED_EDGE('',*,*,#1091,.T.);
#625=ORIENTED_EDGE('',*,*,#1092,.F.);
#626=ORIENTED_EDGE('',*,*,#1054,.T.);
#627=ORIENTED_EDGE('',*,*,#1090,.T.);
#628=ORIENTED_EDGE('',*,*,#1093,.T.);
#629=ORIENTED_EDGE('',*,*,#1083,.F.);
#630=ORIENTED_EDGE('',*,*,#1094,.T.);
#631=ORIENTED_EDGE('',*,*,#1085,.F.);
#632=ORIENTED_EDGE('',*,*,#1095,.T.);
#633=ORIENTED_EDGE('',*,*,#1088,.T.);
#634=ORIENTED_EDGE('',*,*,#1053,.F.);
#635=ORIENTED_EDGE('',*,*,#1089,.F.);
#636=ORIENTED_EDGE('',*,*,#1095,.F.);
#637=ORIENTED_EDGE('',*,*,#1084,.F.);
#638=ORIENTED_EDGE('',*,*,#1093,.F.);
#639=ORIENTED_EDGE('',*,*,#1091,.F.);
#640=ORIENTED_EDGE('',*,*,#1094,.F.);
#641=ORIENTED_EDGE('',*,*,#1087,.F.);
#642=ORIENTED_EDGE('',*,*,#1096,.F.);
#643=ORIENTED_EDGE('',*,*,#1080,.F.);
#644=ORIENTED_EDGE('',*,*,#1062,.T.);
#645=ORIENTED_EDGE('',*,*,#1097,.F.);
#646=ORIENTED_EDGE('',*,*,#1098,.F.);
#647=ORIENTED_EDGE('',*,*,#1099,.F.);
#648=ORIENTED_EDGE('',*,*,#1100,.F.);
#649=ORIENTED_EDGE('',*,*,#1101,.F.);
#650=ORIENTED_EDGE('',*,*,#1086,.F.);
#651=ORIENTED_EDGE('',*,*,#1051,.T.);
#652=ORIENTED_EDGE('',*,*,#1102,.T.);
#653=ORIENTED_EDGE('',*,*,#1103,.T.);
#654=ORIENTED_EDGE('',*,*,#1104,.T.);
#655=ORIENTED_EDGE('',*,*,#1105,.F.);
#656=ORIENTED_EDGE('',*,*,#1096,.T.);
#657=ORIENTED_EDGE('',*,*,#1055,.T.);
#658=ORIENTED_EDGE('',*,*,#1092,.T.);
#659=ORIENTED_EDGE('',*,*,#1106,.F.);
#660=ORIENTED_EDGE('',*,*,#1107,.T.);
#661=ORIENTED_EDGE('',*,*,#1108,.T.);
#662=ORIENTED_EDGE('',*,*,#1109,.T.);
#663=ORIENTED_EDGE('',*,*,#1110,.F.);
#664=ORIENTED_EDGE('',*,*,#1078,.T.);
#665=ORIENTED_EDGE('',*,*,#1111,.F.);
#666=ORIENTED_EDGE('',*,*,#1112,.T.);
#667=ORIENTED_EDGE('',*,*,#1113,.F.);
#668=ORIENTED_EDGE('',*,*,#1114,.T.);
#669=ORIENTED_EDGE('',*,*,#1108,.F.);
#670=ORIENTED_EDGE('',*,*,#1082,.T.);
#671=ORIENTED_EDGE('',*,*,#1115,.T.);
#672=ORIENTED_EDGE('',*,*,#1116,.T.);
#673=ORIENTED_EDGE('',*,*,#1117,.F.);
#674=ORIENTED_EDGE('',*,*,#1100,.T.);
#675=ORIENTED_EDGE('',*,*,#1118,.T.);
#676=ORIENTED_EDGE('',*,*,#1119,.T.);
#677=ORIENTED_EDGE('',*,*,#1115,.F.);
#678=ORIENTED_EDGE('',*,*,#1099,.T.);
#679=ORIENTED_EDGE('',*,*,#1120,.T.);
#680=ORIENTED_EDGE('',*,*,#1121,.T.);
#681=ORIENTED_EDGE('',*,*,#1118,.F.);
#682=ORIENTED_EDGE('',*,*,#1098,.T.);
#683=ORIENTED_EDGE('',*,*,#1110,.T.);
#684=ORIENTED_EDGE('',*,*,#1122,.T.);
#685=ORIENTED_EDGE('',*,*,#1120,.F.);
#686=ORIENTED_EDGE('',*,*,#1097,.T.);
#687=ORIENTED_EDGE('',*,*,#1117,.T.);
#688=ORIENTED_EDGE('',*,*,#1123,.T.);
#689=ORIENTED_EDGE('',*,*,#1103,.F.);
#690=ORIENTED_EDGE('',*,*,#1101,.T.);
#691=ORIENTED_EDGE('',*,*,#1124,.F.);
#692=ORIENTED_EDGE('',*,*,#1106,.T.);
#693=ORIENTED_EDGE('',*,*,#1105,.T.);
#694=ORIENTED_EDGE('',*,*,#1125,.T.);
#695=ORIENTED_EDGE('',*,*,#1126,.T.);
#696=ORIENTED_EDGE('',*,*,#1127,.T.);
#697=ORIENTED_EDGE('',*,*,#1128,.F.);
#698=ORIENTED_EDGE('',*,*,#1129,.T.);
#699=ORIENTED_EDGE('',*,*,#1126,.F.);
#700=ORIENTED_EDGE('',*,*,#1125,.F.);
#701=ORIENTED_EDGE('',*,*,#1130,.F.);
#702=ORIENTED_EDGE('',*,*,#1007,.F.);
#703=ORIENTED_EDGE('',*,*,#1131,.T.);
#704=ORIENTED_EDGE('',*,*,#1130,.T.);
#705=ORIENTED_EDGE('',*,*,#1104,.F.);
#706=ORIENTED_EDGE('',*,*,#1132,.F.);
#707=ORIENTED_EDGE('',*,*,#1008,.F.);
#708=ORIENTED_EDGE('',*,*,#1132,.T.);
#709=ORIENTED_EDGE('',*,*,#1123,.F.);
#710=ORIENTED_EDGE('',*,*,#1133,.F.);
#711=ORIENTED_EDGE('',*,*,#1009,.F.);
#712=ORIENTED_EDGE('',*,*,#1133,.T.);
#713=ORIENTED_EDGE('',*,*,#1116,.F.);
#714=ORIENTED_EDGE('',*,*,#1134,.F.);
#715=ORIENTED_EDGE('',*,*,#1010,.F.);
#716=ORIENTED_EDGE('',*,*,#1134,.T.);
#717=ORIENTED_EDGE('',*,*,#1119,.F.);
#718=ORIENTED_EDGE('',*,*,#1135,.F.);
#719=ORIENTED_EDGE('',*,*,#1011,.F.);
#720=ORIENTED_EDGE('',*,*,#1135,.T.);
#721=ORIENTED_EDGE('',*,*,#1121,.F.);
#722=ORIENTED_EDGE('',*,*,#1136,.F.);
#723=ORIENTED_EDGE('',*,*,#1012,.F.);
#724=ORIENTED_EDGE('',*,*,#1136,.T.);
#725=ORIENTED_EDGE('',*,*,#1122,.F.);
#726=ORIENTED_EDGE('',*,*,#1137,.F.);
#727=ORIENTED_EDGE('',*,*,#1013,.F.);
#728=ORIENTED_EDGE('',*,*,#1137,.T.);
#729=ORIENTED_EDGE('',*,*,#1109,.F.);
#730=ORIENTED_EDGE('',*,*,#1138,.F.);
#731=ORIENTED_EDGE('',*,*,#1014,.F.);
#732=ORIENTED_EDGE('',*,*,#1114,.F.);
#733=ORIENTED_EDGE('',*,*,#1113,.T.);
#734=ORIENTED_EDGE('',*,*,#1139,.T.);
#735=ORIENTED_EDGE('',*,*,#1140,.T.);
#736=ORIENTED_EDGE('',*,*,#1141,.T.);
#737=ORIENTED_EDGE('',*,*,#1015,.F.);
#738=ORIENTED_EDGE('',*,*,#1138,.T.);
#739=ORIENTED_EDGE('',*,*,#1142,.T.);
#740=ORIENTED_EDGE('',*,*,#1143,.T.);
#741=ORIENTED_EDGE('',*,*,#1128,.T.);
#742=ORIENTED_EDGE('',*,*,#1144,.T.);
#743=ORIENTED_EDGE('',*,*,#1145,.T.);
#744=ORIENTED_EDGE('',*,*,#1146,.F.);
#745=ORIENTED_EDGE('',*,*,#1140,.F.);
#746=ORIENTED_EDGE('',*,*,#1147,.T.);
#747=ORIENTED_EDGE('',*,*,#1148,.T.);
#748=ORIENTED_EDGE('',*,*,#1149,.T.);
#749=ORIENTED_EDGE('',*,*,#1150,.T.);
#750=ORIENTED_EDGE('',*,*,#1151,.T.);
#751=ORIENTED_EDGE('',*,*,#1152,.T.);
#752=ORIENTED_EDGE('',*,*,#1153,.T.);
#753=ORIENTED_EDGE('',*,*,#1154,.F.);
#754=ORIENTED_EDGE('',*,*,#1155,.F.);
#755=ORIENTED_EDGE('',*,*,#1156,.T.);
#756=ORIENTED_EDGE('',*,*,#1157,.T.);
#757=ORIENTED_EDGE('',*,*,#1158,.T.);
#758=ORIENTED_EDGE('',*,*,#1159,.T.);
#759=ORIENTED_EDGE('',*,*,#1160,.T.);
#760=ORIENTED_EDGE('',*,*,#1161,.T.);
#761=ORIENTED_EDGE('',*,*,#1162,.T.);
#762=ORIENTED_EDGE('',*,*,#1124,.T.);
#763=ORIENTED_EDGE('',*,*,#1163,.F.);
#764=ORIENTED_EDGE('',*,*,#1164,.T.);
#765=ORIENTED_EDGE('',*,*,#1165,.T.);
#766=ORIENTED_EDGE('',*,*,#1111,.T.);
#767=ORIENTED_EDGE('',*,*,#1146,.T.);
#768=ORIENTED_EDGE('',*,*,#1166,.T.);
#769=ORIENTED_EDGE('',*,*,#1149,.F.);
#770=ORIENTED_EDGE('',*,*,#1167,.T.);
#771=ORIENTED_EDGE('',*,*,#1154,.T.);
#772=ORIENTED_EDGE('',*,*,#1168,.T.);
#773=ORIENTED_EDGE('',*,*,#1163,.T.);
#774=ORIENTED_EDGE('',*,*,#1081,.T.);
#775=ORIENTED_EDGE('',*,*,#1042,.F.);
#776=ORIENTED_EDGE('',*,*,#1169,.F.);
#777=ORIENTED_EDGE('',*,*,#1057,.F.);
#778=ORIENTED_EDGE('',*,*,#1170,.F.);
#779=ORIENTED_EDGE('',*,*,#1155,.T.);
#780=ORIENTED_EDGE('',*,*,#1169,.T.);
#781=ORIENTED_EDGE('',*,*,#1162,.F.);
#782=ORIENTED_EDGE('',*,*,#1171,.T.);
#783=ORIENTED_EDGE('',*,*,#1156,.F.);
#784=ORIENTED_EDGE('',*,*,#1170,.T.);
#785=ORIENTED_EDGE('',*,*,#1056,.T.);
#786=ORIENTED_EDGE('',*,*,#1107,.F.);
#787=ORIENTED_EDGE('',*,*,#1033,.T.);
#788=ORIENTED_EDGE('',*,*,#1172,.T.);
#789=ORIENTED_EDGE('',*,*,#1004,.T.);
#790=ORIENTED_EDGE('',*,*,#1173,.T.);
#791=ORIENTED_EDGE('',*,*,#1174,.T.);
#792=ORIENTED_EDGE('',*,*,#1175,.F.);
#793=ORIENTED_EDGE('',*,*,#1176,.T.);
#794=ORIENTED_EDGE('',*,*,#1018,.F.);
#795=ORIENTED_EDGE('',*,*,#1177,.T.);
#796=ORIENTED_EDGE('',*,*,#1035,.F.);
#797=ORIENTED_EDGE('',*,*,#1174,.F.);
#798=ORIENTED_EDGE('',*,*,#1178,.T.);
#799=ORIENTED_EDGE('',*,*,#1175,.T.);
#800=ORIENTED_EDGE('',*,*,#1034,.T.);
#801=ORIENTED_EDGE('',*,*,#1050,.F.);
#802=ORIENTED_EDGE('',*,*,#1179,.F.);
#803=ORIENTED_EDGE('',*,*,#1069,.T.);
#804=ORIENTED_EDGE('',*,*,#1079,.T.);
#805=ORIENTED_EDGE('',*,*,#1102,.F.);
#806=ORIENTED_EDGE('',*,*,#1049,.F.);
#807=ORIENTED_EDGE('',*,*,#1180,.F.);
#808=ORIENTED_EDGE('',*,*,#1070,.T.);
#809=ORIENTED_EDGE('',*,*,#1179,.T.);
#810=ORIENTED_EDGE('',*,*,#1076,.F.);
#811=ORIENTED_EDGE('',*,*,#1071,.F.);
#812=ORIENTED_EDGE('',*,*,#1180,.T.);
#813=ORIENTED_EDGE('',*,*,#1048,.T.);
#814=ORIENTED_EDGE('',*,*,#1019,.F.);
#815=ORIENTED_EDGE('',*,*,#1176,.F.);
#816=ORIENTED_EDGE('',*,*,#1181,.F.);
#817=ORIENTED_EDGE('',*,*,#1074,.F.);
#818=ORIENTED_EDGE('',*,*,#1181,.T.);
#819=ORIENTED_EDGE('',*,*,#1178,.F.);
#820=ORIENTED_EDGE('',*,*,#1182,.F.);
#821=ORIENTED_EDGE('',*,*,#1067,.F.);
#822=ORIENTED_EDGE('',*,*,#1182,.T.);
#823=ORIENTED_EDGE('',*,*,#1173,.F.);
#824=ORIENTED_EDGE('',*,*,#1025,.F.);
#825=ORIENTED_EDGE('',*,*,#1068,.F.);
#826=ORIENTED_EDGE('',*,*,#1006,.F.);
#827=ORIENTED_EDGE('',*,*,#1183,.T.);
#828=ORIENTED_EDGE('',*,*,#1144,.F.);
#829=ORIENTED_EDGE('',*,*,#1131,.F.);
#830=ORIENTED_EDGE('',*,*,#1148,.F.);
#831=ORIENTED_EDGE('',*,*,#1184,.T.);
#832=ORIENTED_EDGE('',*,*,#1152,.F.);
#833=ORIENTED_EDGE('',*,*,#1185,.F.);
#834=ORIENTED_EDGE('',*,*,#1185,.T.);
#835=ORIENTED_EDGE('',*,*,#1159,.F.);
#836=ORIENTED_EDGE('',*,*,#1186,.F.);
#837=ORIENTED_EDGE('',*,*,#1167,.F.);
#838=ORIENTED_EDGE('',*,*,#1158,.F.);
#839=ORIENTED_EDGE('',*,*,#1187,.T.);
#840=ORIENTED_EDGE('',*,*,#1142,.F.);
#841=ORIENTED_EDGE('',*,*,#1186,.T.);
#842=ORIENTED_EDGE('',*,*,#1151,.F.);
#843=ORIENTED_EDGE('',*,*,#1188,.T.);
#844=ORIENTED_EDGE('',*,*,#1016,.F.);
#845=ORIENTED_EDGE('',*,*,#1141,.F.);
#846=ORIENTED_EDGE('',*,*,#1112,.F.);
#847=ORIENTED_EDGE('',*,*,#1165,.F.);
#848=ORIENTED_EDGE('',*,*,#1189,.F.);
#849=ORIENTED_EDGE('',*,*,#1147,.F.);
#850=ORIENTED_EDGE('',*,*,#1139,.F.);
#851=ORIENTED_EDGE('',*,*,#1184,.F.);
#852=ORIENTED_EDGE('',*,*,#1189,.T.);
#853=ORIENTED_EDGE('',*,*,#1190,.F.);
#854=ORIENTED_EDGE('',*,*,#1168,.F.);
#855=ORIENTED_EDGE('',*,*,#1153,.F.);
#856=ORIENTED_EDGE('',*,*,#1190,.T.);
#857=ORIENTED_EDGE('',*,*,#1164,.F.);
#858=ORIENTED_EDGE('',*,*,#1129,.F.);
#859=ORIENTED_EDGE('',*,*,#1143,.F.);
#860=ORIENTED_EDGE('',*,*,#1191,.F.);
#861=ORIENTED_EDGE('',*,*,#1160,.F.);
#862=ORIENTED_EDGE('',*,*,#1127,.F.);
#863=ORIENTED_EDGE('',*,*,#1191,.T.);
#864=ORIENTED_EDGE('',*,*,#1187,.F.);
#865=ORIENTED_EDGE('',*,*,#1192,.F.);
#866=ORIENTED_EDGE('',*,*,#1171,.F.);
#867=ORIENTED_EDGE('',*,*,#1161,.F.);
#868=ORIENTED_EDGE('',*,*,#1192,.T.);
#869=ORIENTED_EDGE('',*,*,#1157,.F.);
#870=ORIENTED_EDGE('',*,*,#1177,.F.);
#871=ORIENTED_EDGE('',*,*,#1017,.F.);
#872=ORIENTED_EDGE('',*,*,#1193,.F.);
#873=ORIENTED_EDGE('',*,*,#1036,.F.);
#874=ORIENTED_EDGE('',*,*,#1193,.T.);
#875=ORIENTED_EDGE('',*,*,#1188,.F.);
#876=ORIENTED_EDGE('',*,*,#1194,.F.);
#877=ORIENTED_EDGE('',*,*,#1037,.F.);
#878=ORIENTED_EDGE('',*,*,#1194,.T.);
#879=ORIENTED_EDGE('',*,*,#1150,.F.);
#880=ORIENTED_EDGE('',*,*,#1195,.F.);
#881=ORIENTED_EDGE('',*,*,#1038,.F.);
#882=ORIENTED_EDGE('',*,*,#1195,.T.);
#883=ORIENTED_EDGE('',*,*,#1166,.F.);
#884=ORIENTED_EDGE('',*,*,#1196,.F.);
#885=ORIENTED_EDGE('',*,*,#1039,.F.);
#886=ORIENTED_EDGE('',*,*,#1196,.T.);
#887=ORIENTED_EDGE('',*,*,#1145,.F.);
#888=ORIENTED_EDGE('',*,*,#1197,.F.);
#889=ORIENTED_EDGE('',*,*,#1040,.F.);
#890=ORIENTED_EDGE('',*,*,#1197,.T.);
#891=ORIENTED_EDGE('',*,*,#1183,.F.);
#892=ORIENTED_EDGE('',*,*,#1198,.F.);
#893=ORIENTED_EDGE('',*,*,#1041,.F.);
#894=ORIENTED_EDGE('',*,*,#1198,.T.);
#895=ORIENTED_EDGE('',*,*,#1005,.F.);
#896=ORIENTED_EDGE('',*,*,#1172,.F.);
#897=ORIENTED_EDGE('',*,*,#1032,.F.);
#898=EDGE_CURVE('',#1199,#1200,#1387,.T.);
#899=EDGE_CURVE('',#1199,#1201,#154,.T.);
#900=EDGE_CURVE('',#1202,#1201,#1388,.F.);
#901=EDGE_CURVE('',#1202,#1200,#155,.T.);
#902=EDGE_CURVE('',#1203,#1204,#1389,.T.);
#903=EDGE_CURVE('',#1203,#1205,#156,.T.);
#904=EDGE_CURVE('',#1205,#1206,#1390,.T.);
#905=EDGE_CURVE('',#1204,#1206,#157,.T.);
#906=EDGE_CURVE('',#1207,#1206,#1391,.T.);
#907=EDGE_CURVE('',#1208,#1207,#158,.T.);
#908=EDGE_CURVE('',#1209,#1208,#1392,.T.);
#909=EDGE_CURVE('',#1210,#1209,#73,.T.);
#910=EDGE_CURVE('',#1210,#1200,#1393,.T.);
#911=EDGE_CURVE('',#1202,#1204,#1394,.T.);
#912=EDGE_CURVE('',#1211,#1211,#74,.T.);
#913=EDGE_CURVE('',#1207,#1212,#1395,.F.);
#914=EDGE_CURVE('',#1212,#1213,#159,.T.);
#915=EDGE_CURVE('',#1213,#1208,#1396,.T.);
#916=EDGE_CURVE('',#1201,#1214,#160,.T.);
#917=EDGE_CURVE('',#1214,#1215,#161,.T.);
#918=EDGE_CURVE('',#1215,#1203,#162,.T.);
#919=EDGE_CURVE('',#1216,#1217,#163,.T.);
#920=EDGE_CURVE('',#1216,#1212,#164,.T.);
#921=EDGE_CURVE('',#1205,#1217,#165,.T.);
#922=EDGE_CURVE('',#1214,#1216,#166,.T.);
#923=EDGE_CURVE('',#1217,#1215,#167,.T.);
#924=EDGE_CURVE('',#1218,#1199,#1397,.T.);
#925=EDGE_CURVE('',#1218,#1219,#168,.T.);
#926=EDGE_CURVE('',#1219,#1213,#1398,.T.);
#927=EDGE_CURVE('',#1213,#1199,#169,.T.);
#928=EDGE_CURVE('',#1220,#1209,#1399,.T.);
#929=EDGE_CURVE('',#1221,#1220,#75,.T.);
#930=EDGE_CURVE('',#1221,#1210,#1400,.T.);
#931=EDGE_CURVE('',#1219,#1222,#170,.T.);
#932=EDGE_CURVE('',#1220,#1222,#1401,.T.);
#933=EDGE_CURVE('',#1223,#1223,#76,.T.);
#934=EDGE_CURVE('',#1221,#1224,#1402,.T.);
#935=EDGE_CURVE('',#1224,#1218,#171,.T.);
#936=EDGE_CURVE('',#1225,#1225,#77,.F.);
#937=EDGE_CURVE('',#1222,#1224,#172,.T.);
#938=EDGE_CURVE('',#1226,#1227,#1403,.F.);
#939=EDGE_CURVE('',#1227,#1228,#173,.T.);
#940=EDGE_CURVE('',#1228,#1229,#174,.T.);
#941=EDGE_CURVE('',#1229,#1230,#175,.T.);
#942=EDGE_CURVE('',#1230,#1231,#176,.T.);
#943=EDGE_CURVE('',#1231,#1232,#177,.T.);
#944=EDGE_CURVE('',#1233,#1232,#1404,.F.);
#945=EDGE_CURVE('',#1233,#1234,#178,.T.);
#946=EDGE_CURVE('',#1235,#1234,#1405,.F.);
#947=EDGE_CURVE('',#1235,#1226,#179,.T.);
#948=EDGE_CURVE('',#1236,#1237,#1406,.T.);
#949=EDGE_CURVE('',#1236,#1238,#180,.T.);
#950=EDGE_CURVE('',#1238,#1239,#181,.T.);
#951=EDGE_CURVE('',#1239,#1240,#182,.T.);
#952=EDGE_CURVE('',#1240,#1241,#183,.T.);
#953=EDGE_CURVE('',#1241,#1242,#184,.T.);
#954=EDGE_CURVE('',#1242,#1243,#1407,.T.);
#955=EDGE_CURVE('',#1237,#1243,#185,.T.);
#956=EDGE_CURVE('',#1244,#1245,#1408,.T.);
#957=EDGE_CURVE('',#1244,#1237,#1409,.T.);
#958=EDGE_CURVE('',#1226,#1243,#1410,.T.);
#959=EDGE_CURVE('',#1246,#1235,#1411,.T.);
#960=EDGE_CURVE('',#1247,#1246,#78,.T.);
#961=EDGE_CURVE('',#1247,#1248,#1412,.T.);
#962=EDGE_CURVE('',#1245,#1248,#1413,.T.);
#963=EDGE_CURVE('',#1249,#1249,#79,.T.);
#964=EDGE_CURVE('',#1250,#1251,#186,.T.);
#965=EDGE_CURVE('',#1251,#1252,#187,.T.);
#966=EDGE_CURVE('',#1252,#1253,#188,.T.);
#967=EDGE_CURVE('',#1253,#1250,#189,.T.);
#968=EDGE_CURVE('',#1254,#1255,#190,.T.);
#969=EDGE_CURVE('',#1254,#1227,#191,.T.);
#970=EDGE_CURVE('',#1242,#1255,#192,.T.);
#971=EDGE_CURVE('',#1232,#1256,#193,.T.);
#972=EDGE_CURVE('',#1256,#1257,#194,.T.);
#973=EDGE_CURVE('',#1257,#1236,#195,.T.);
#974=EDGE_CURVE('',#1233,#1244,#1414,.T.);
#975=EDGE_CURVE('',#1256,#1258,#196,.T.);
#976=EDGE_CURVE('',#1258,#1259,#197,.T.);
#977=EDGE_CURVE('',#1259,#1257,#198,.T.);
#978=EDGE_CURVE('',#1260,#1261,#199,.T.);
#979=EDGE_CURVE('',#1261,#1254,#200,.T.);
#980=EDGE_CURVE('',#1255,#1260,#201,.T.);
#981=EDGE_CURVE('',#1262,#1262,#80,.F.);
#982=EDGE_CURVE('',#1233,#1263,#1415,.T.);
#983=EDGE_CURVE('',#1263,#1264,#1416,.T.);
#984=EDGE_CURVE('',#1265,#1264,#1417,.T.);
#985=EDGE_CURVE('',#1265,#1266,#81,.T.);
#986=EDGE_CURVE('',#1266,#1234,#1418,.T.);
#987=EDGE_CURVE('',#1266,#1246,#1419,.T.);
#988=EDGE_CURVE('',#1263,#1245,#1420,.T.);
#989=EDGE_CURVE('',#1264,#1248,#1421,.T.);
#990=EDGE_CURVE('',#1265,#1247,#1422,.T.);
#991=EDGE_CURVE('',#1267,#1267,#82,.T.);
#992=EDGE_CURVE('',#1252,#1261,#202,.T.);
#993=EDGE_CURVE('',#1260,#1253,#203,.T.);
#994=EDGE_CURVE('',#1258,#1251,#204,.T.);
#995=EDGE_CURVE('',#1250,#1259,#205,.T.);
#996=EDGE_CURVE('',#1258,#1231,#83,.T.);
#997=EDGE_CURVE('',#1251,#1230,#84,.T.);
#998=EDGE_CURVE('',#1252,#1229,#85,.T.);
#999=EDGE_CURVE('',#1261,#1228,#86,.T.);
#1000=EDGE_CURVE('',#1260,#1241,#87,.T.);
#1001=EDGE_CURVE('',#1253,#1240,#88,.T.);
#1002=EDGE_CURVE('',#1250,#1239,#89,.T.);
#1003=EDGE_CURVE('',#1259,#1238,#90,.T.);
#1004=EDGE_CURVE('',#1268,#1269,#1423,.F.);
#1005=EDGE_CURVE('',#1268,#1270,#206,.T.);
#1006=EDGE_CURVE('',#1270,#1271,#1424,.F.);
#1007=EDGE_CURVE('',#1271,#1272,#207,.T.);
#1008=EDGE_CURVE('',#1272,#1273,#208,.F.);
#1009=EDGE_CURVE('',#1273,#1274,#209,.F.);
#1010=EDGE_CURVE('',#1274,#1275,#210,.F.);
#1011=EDGE_CURVE('',#1275,#1276,#211,.F.);
#1012=EDGE_CURVE('',#1276,#1277,#212,.F.);
#1013=EDGE_CURVE('',#1277,#1278,#213,.F.);
#1014=EDGE_CURVE('',#1278,#1279,#214,.F.);
#1015=EDGE_CURVE('',#1279,#1280,#215,.T.);
#1016=EDGE_CURVE('',#1280,#1281,#1425,.T.);
#1017=EDGE_CURVE('',#1281,#1282,#216,.T.);
#1018=EDGE_CURVE('',#1282,#1283,#1426,.F.);
#1019=EDGE_CURVE('',#1283,#1284,#217,.T.);
#1020=EDGE_CURVE('',#1284,#1285,#218,.T.);
#1021=EDGE_CURVE('',#1285,#1286,#219,.T.);
#1022=EDGE_CURVE('',#1286,#1287,#220,.T.);
#1023=EDGE_CURVE('',#1287,#1288,#221,.T.);
#1024=EDGE_CURVE('',#1288,#1289,#222,.T.);
#1025=EDGE_CURVE('',#1289,#1269,#223,.T.);
#1026=EDGE_CURVE('',#1290,#1291,#224,.T.);
#1027=EDGE_CURVE('',#1291,#1292,#225,.T.);
#1028=EDGE_CURVE('',#1292,#1293,#1427,.T.);
#1029=EDGE_CURVE('',#1294,#1293,#1428,.T.);
#1030=EDGE_CURVE('',#1294,#1295,#1429,.F.);
#1031=EDGE_CURVE('',#1295,#1290,#226,.T.);
#1032=EDGE_CURVE('',#1296,#1297,#227,.T.);
#1033=EDGE_CURVE('',#1298,#1297,#1430,.F.);
#1034=EDGE_CURVE('',#1299,#1298,#91,.F.);
#1035=EDGE_CURVE('',#1299,#1300,#1431,.F.);
#1036=EDGE_CURVE('',#1300,#1301,#228,.T.);
#1037=EDGE_CURVE('',#1301,#1302,#92,.F.);
#1038=EDGE_CURVE('',#1302,#1303,#1432,.F.);
#1039=EDGE_CURVE('',#1303,#1304,#93,.T.);
#1040=EDGE_CURVE('',#1304,#1305,#1433,.T.);
#1041=EDGE_CURVE('',#1305,#1296,#94,.F.);
#1042=EDGE_CURVE('',#1306,#1307,#1434,.T.);
#1043=EDGE_CURVE('',#1307,#1294,#229,.T.);
#1044=EDGE_CURVE('',#1293,#1308,#10,.T.);
#1045=EDGE_CURVE('',#1309,#1308,#1435,.T.);
#1046=EDGE_CURVE('',#1309,#1310,#1436,.T.);
#1047=EDGE_CURVE('',#1310,#1311,#1437,.T.);
#1048=EDGE_CURVE('',#1312,#1311,#1438,.T.);
#1049=EDGE_CURVE('',#1312,#1313,#95,.T.);
#1050=EDGE_CURVE('',#1313,#1314,#1439,.T.);
#1051=EDGE_CURVE('',#1315,#1314,#230,.F.);
#1052=EDGE_CURVE('',#1315,#1316,#1440,.T.);
#1053=EDGE_CURVE('',#1316,#1317,#11,.T.);
#1054=EDGE_CURVE('',#1318,#1317,#1441,.T.);
#1055=EDGE_CURVE('',#1319,#1318,#231,.F.);
#1056=EDGE_CURVE('',#1320,#1319,#1442,.T.);
#1057=EDGE_CURVE('',#1320,#1306,#96,.T.);
#1058=EDGE_CURVE('',#1321,#1308,#1443,.T.);
#1059=EDGE_CURVE('',#1321,#1322,#232,.T.);
#1060=EDGE_CURVE('',#1323,#1322,#233,.T.);
#1061=EDGE_CURVE('',#1323,#1324,#234,.T.);
#1062=EDGE_CURVE('',#1325,#1324,#1444,.F.);
#1063=EDGE_CURVE('',#1325,#1309,#1445,.T.);
#1064=EDGE_CURVE('',#1322,#1291,#235,.T.);
#1065=EDGE_CURVE('',#1290,#1323,#236,.T.);
#1066=EDGE_CURVE('',#1292,#1321,#237,.T.);
#1067=EDGE_CURVE('',#1326,#1327,#97,.T.);
#1068=EDGE_CURVE('',#1327,#1289,#1446,.T.);
#1069=EDGE_CURVE('',#1328,#1287,#1447,.T.);
#1070=EDGE_CURVE('',#1329,#1328,#98,.T.);
#1071=EDGE_CURVE('',#1329,#1330,#1448,.T.);
#1072=EDGE_CURVE('',#1331,#1330,#1449,.T.);
#1073=EDGE_CURVE('',#1286,#1331,#1450,.T.);
#1074=EDGE_CURVE('',#1284,#1326,#1451,.F.);
#1075=EDGE_CURVE('',#1331,#1310,#1452,.T.);
#1076=EDGE_CURVE('',#1330,#1311,#1453,.T.);
#1077=EDGE_CURVE('',#1325,#1286,#1454,.T.);
#1078=EDGE_CURVE('',#1324,#1295,#238,.T.);
#1079=EDGE_CURVE('',#1287,#1332,#1455,.T.);
#1080=EDGE_CURVE('',#1325,#1332,#239,.T.);
#1081=EDGE_CURVE('',#1333,#1307,#1456,.T.);
#1082=EDGE_CURVE('',#1295,#1333,#240,.T.);
#1083=EDGE_CURVE('',#1334,#1335,#241,.T.);
#1084=EDGE_CURVE('',#1335,#1336,#242,.T.);
#1085=EDGE_CURVE('',#1336,#1316,#1457,.T.);
#1086=EDGE_CURVE('',#1315,#1337,#1458,.F.);
#1087=EDGE_CURVE('',#1337,#1334,#243,.T.);
#1088=EDGE_CURVE('',#1338,#1317,#1459,.T.);
#1089=EDGE_CURVE('',#1338,#1339,#244,.T.);
#1090=EDGE_CURVE('',#1340,#1339,#245,.T.);
#1091=EDGE_CURVE('',#1340,#1341,#246,.T.);
#1092=EDGE_CURVE('',#1318,#1341,#1460,.F.);
#1093=EDGE_CURVE('',#1339,#1335,#247,.T.);
#1094=EDGE_CURVE('',#1334,#1340,#248,.T.);
#1095=EDGE_CURVE('',#1336,#1338,#249,.T.);
#1096=EDGE_CURVE('',#1341,#1337,#250,.T.);
#1097=EDGE_CURVE('',#1342,#1324,#251,.T.);
#1098=EDGE_CURVE('',#1343,#1342,#252,.T.);
#1099=EDGE_CURVE('',#1344,#1343,#253,.T.);
#1100=EDGE_CURVE('',#1345,#1344,#254,.T.);
#1101=EDGE_CURVE('',#1337,#1345,#255,.T.);
#1102=EDGE_CURVE('',#1314,#1332,#1461,.F.);
#1103=EDGE_CURVE('',#1337,#1346,#256,.T.);
#1104=EDGE_CURVE('',#1346,#1347,#257,.T.);
#1105=EDGE_CURVE('',#1341,#1347,#258,.F.);
#1106=EDGE_CURVE('',#1348,#1341,#259,.T.);
#1107=EDGE_CURVE('',#1348,#1319,#1462,.T.);
#1108=EDGE_CURVE('',#1295,#1349,#260,.T.);
#1109=EDGE_CURVE('',#1349,#1350,#261,.T.);
#1110=EDGE_CURVE('',#1324,#1350,#262,.F.);
#1111=EDGE_CURVE('',#1351,#1333,#263,.T.);
#1112=EDGE_CURVE('',#1351,#1352,#264,.T.);
#1113=EDGE_CURVE('',#1353,#1352,#265,.T.);
#1114=EDGE_CURVE('',#1353,#1349,#266,.T.);
#1115=EDGE_CURVE('',#1344,#1354,#267,.T.);
#1116=EDGE_CURVE('',#1354,#1355,#268,.T.);
#1117=EDGE_CURVE('',#1345,#1355,#269,.F.);
#1118=EDGE_CURVE('',#1343,#1356,#270,.T.);
#1119=EDGE_CURVE('',#1356,#1354,#271,.T.);
#1120=EDGE_CURVE('',#1342,#1357,#272,.T.);
#1121=EDGE_CURVE('',#1357,#1356,#273,.T.);
#1122=EDGE_CURVE('',#1350,#1357,#274,.T.);
#1123=EDGE_CURVE('',#1355,#1346,#275,.T.);
#1124=EDGE_CURVE('',#1348,#1358,#276,.T.);
#1125=EDGE_CURVE('',#1347,#1359,#277,.T.);
#1126=EDGE_CURVE('',#1359,#1360,#278,.T.);
#1127=EDGE_CURVE('',#1360,#1358,#279,.T.);
#1128=EDGE_CURVE('',#1361,#1362,#280,.T.);
#1129=EDGE_CURVE('',#1361,#1360,#281,.T.);
#1130=EDGE_CURVE('',#1272,#1347,#282,.F.);
#1131=EDGE_CURVE('',#1271,#1362,#283,.T.);
#1132=EDGE_CURVE('',#1273,#1346,#284,.F.);
#1133=EDGE_CURVE('',#1274,#1355,#285,.F.);
#1134=EDGE_CURVE('',#1275,#1354,#286,.F.);
#1135=EDGE_CURVE('',#1276,#1356,#287,.F.);
#1136=EDGE_CURVE('',#1277,#1357,#288,.F.);
#1137=EDGE_CURVE('',#1278,#1350,#289,.F.);
#1138=EDGE_CURVE('',#1279,#1349,#290,.F.);
#1139=EDGE_CURVE('',#1352,#1363,#291,.T.);
#1140=EDGE_CURVE('',#1363,#1364,#292,.T.);
#1141=EDGE_CURVE('',#1364,#1280,#293,.T.);
#1142=EDGE_CURVE('',#1365,#1366,#1463,.T.);
#1143=EDGE_CURVE('',#1366,#1361,#1464,.T.);
#1144=EDGE_CURVE('',#1362,#1367,#1465,.T.);
#1145=EDGE_CURVE('',#1367,#1368,#1466,.F.);
#1146=EDGE_CURVE('',#1365,#1368,#1467,.T.);
#1147=EDGE_CURVE('',#1363,#1369,#1468,.F.);
#1148=EDGE_CURVE('',#1369,#1370,#1469,.F.);
#1149=EDGE_CURVE('',#1370,#1371,#1470,.T.);
#1150=EDGE_CURVE('',#1371,#1372,#1471,.T.);
#1151=EDGE_CURVE('',#1372,#1364,#1472,.T.);
#1152=EDGE_CURVE('',#1373,#1374,#1473,.T.);
#1153=EDGE_CURVE('',#1374,#1375,#1474,.F.);
#1154=EDGE_CURVE('',#1376,#1375,#1475,.T.);
#1155=EDGE_CURVE('',#1377,#1376,#99,.T.);
#1156=EDGE_CURVE('',#1377,#1378,#1476,.T.);
#1157=EDGE_CURVE('',#1378,#1379,#1477,.T.);
#1158=EDGE_CURVE('',#1379,#1380,#1478,.F.);
#1159=EDGE_CURVE('',#1380,#1373,#100,.T.);
#1160=EDGE_CURVE('',#1358,#1381,#1479,.F.);
#1161=EDGE_CURVE('',#1381,#1382,#1480,.F.);
#1162=EDGE_CURVE('',#1382,#1348,#1481,.T.);
#1163=EDGE_CURVE('',#1383,#1333,#1482,.T.);
#1164=EDGE_CURVE('',#1383,#1384,#1483,.T.);
#1165=EDGE_CURVE('',#1384,#1351,#1484,.T.);
#1166=EDGE_CURVE('',#1368,#1371,#101,.F.);
#1167=EDGE_CURVE('',#1370,#1365,#102,.F.);
#1168=EDGE_CURVE('',#1375,#1383,#103,.T.);
#1169=EDGE_CURVE('',#1376,#1306,#1485,.T.);
#1170=EDGE_CURVE('',#1377,#1320,#1486,.T.);
#1171=EDGE_CURVE('',#1382,#1378,#104,.F.);
#1172=EDGE_CURVE('',#1297,#1268,#294,.T.);
#1173=EDGE_CURVE('',#1269,#1385,#1487,.F.);
#1174=EDGE_CURVE('',#1385,#1298,#1488,.F.);
#1175=EDGE_CURVE('',#1386,#1299,#1489,.T.);
#1176=EDGE_CURVE('',#1386,#1283,#1490,.T.);
#1177=EDGE_CURVE('',#1282,#1300,#295,.T.);
#1178=EDGE_CURVE('',#1385,#1386,#105,.F.);
#1179=EDGE_CURVE('',#1328,#1313,#1491,.T.);
#1180=EDGE_CURVE('',#1329,#1312,#1492,.T.);
#1181=EDGE_CURVE('',#1326,#1386,#106,.T.);
#1182=EDGE_CURVE('',#1327,#1385,#107,.T.);
#1183=EDGE_CURVE('',#1270,#1367,#108,.T.);
#1184=EDGE_CURVE('',#1369,#1374,#109,.T.);
#1185=EDGE_CURVE('',#1370,#1373,#110,.T.);
#1186=EDGE_CURVE('',#1365,#1380,#111,.T.);
#1187=EDGE_CURVE('',#1379,#1366,#112,.T.);
#1188=EDGE_CURVE('',#1372,#1281,#113,.T.);
#1189=EDGE_CURVE('',#1369,#1384,#12,.F.);
#1190=EDGE_CURVE('',#1374,#1384,#13,.F.);
#1191=EDGE_CURVE('',#1381,#1366,#14,.T.);
#1192=EDGE_CURVE('',#1381,#1379,#15,.T.);
#1193=EDGE_CURVE('',#1301,#1281,#114,.T.);
#1194=EDGE_CURVE('',#1302,#1372,#115,.T.);
#1195=EDGE_CURVE('',#1303,#1371,#116,.T.);
#1196=EDGE_CURVE('',#1304,#1368,#117,.T.);
#1197=EDGE_CURVE('',#1305,#1367,#118,.T.);
#1198=EDGE_CURVE('',#1296,#1270,#119,.T.);
#1199=VERTEX_POINT('',#2540);
#1200=VERTEX_POINT('',#2541);
#1201=VERTEX_POINT('',#2559);
#1202=VERTEX_POINT('',#2561);
#1203=VERTEX_POINT('',#2682);
#1204=VERTEX_POINT('',#2683);
#1205=VERTEX_POINT('',#2714);
#1206=VERTEX_POINT('',#2716);
#1207=VERTEX_POINT('',#2732);
#1208=VERTEX_POINT('',#2810);
#1209=VERTEX_POINT('',#2812);
#1210=VERTEX_POINT('',#2814);
#1211=VERTEX_POINT('',#2818);
#1212=VERTEX_POINT('',#2850);
#1213=VERTEX_POINT('',#2867);
#1214=VERTEX_POINT('',#2877);
#1215=VERTEX_POINT('',#2884);
#1216=VERTEX_POINT('',#2898);
#1217=VERTEX_POINT('',#2899);
#1218=VERTEX_POINT('',#2997);
#1219=VERTEX_POINT('',#3002);
#1220=VERTEX_POINT('',#3010);
#1221=VERTEX_POINT('',#3012);
#1222=VERTEX_POINT('',#3020);
#1223=VERTEX_POINT('',#3024);
#1224=VERTEX_POINT('',#3027);
#1225=VERTEX_POINT('',#3035);
#1226=VERTEX_POINT('',#3288);
#1227=VERTEX_POINT('',#3289);
#1228=VERTEX_POINT('',#3294);
#1229=VERTEX_POINT('',#3300);
#1230=VERTEX_POINT('',#3322);
#1231=VERTEX_POINT('',#3328);
#1232=VERTEX_POINT('',#3333);
#1233=VERTEX_POINT('',#3335);
#1234=VERTEX_POINT('',#3413);
#1235=VERTEX_POINT('',#3415);
#1236=VERTEX_POINT('',#3512);
#1237=VERTEX_POINT('',#3513);
#1238=VERTEX_POINT('',#3519);
#1239=VERTEX_POINT('',#3525);
#1240=VERTEX_POINT('',#3547);
#1241=VERTEX_POINT('',#3553);
#1242=VERTEX_POINT('',#3559);
#1243=VERTEX_POINT('',#3561);
#1244=VERTEX_POINT('',#3577);
#1245=VERTEX_POINT('',#3578);
#1246=VERTEX_POINT('',#3582);
#1247=VERTEX_POINT('',#3584);
#1248=VERTEX_POINT('',#3586);
#1249=VERTEX_POINT('',#3589);
#1250=VERTEX_POINT('',#3604);
#1251=VERTEX_POINT('',#3605);
#1252=VERTEX_POINT('',#3635);
#1253=VERTEX_POINT('',#3640);
#1254=VERTEX_POINT('',#3677);
#1255=VERTEX_POINT('',#3678);
#1256=VERTEX_POINT('',#3697);
#1257=VERTEX_POINT('',#3704);
#1258=VERTEX_POINT('',#3724);
#1259=VERTEX_POINT('',#3729);
#1260=VERTEX_POINT('',#3747);
#1261=VERTEX_POINT('',#3748);
#1262=VERTEX_POINT('',#3761);
#1263=VERTEX_POINT('',#3763);
#1264=VERTEX_POINT('',#3765);
#1265=VERTEX_POINT('',#3767);
#1266=VERTEX_POINT('',#3769);
#1267=VERTEX_POINT('',#3782);
#1268=VERTEX_POINT('',#4188);
#1269=VERTEX_POINT('',#4189);
#1270=VERTEX_POINT('',#4211);
#1271=VERTEX_POINT('',#4213);
#1272=VERTEX_POINT('',#4240);
#1273=VERTEX_POINT('',#4245);
#1274=VERTEX_POINT('',#4250);
#1275=VERTEX_POINT('',#4256);
#1276=VERTEX_POINT('',#4274);
#1277=VERTEX_POINT('',#4280);
#1278=VERTEX_POINT('',#4285);
#1279=VERTEX_POINT('',#4290);
#1280=VERTEX_POINT('',#4317);
#1281=VERTEX_POINT('',#4319);
#1282=VERTEX_POINT('',#4336);
#1283=VERTEX_POINT('',#4338);
#1284=VERTEX_POINT('',#4343);
#1285=VERTEX_POINT('',#4348);
#1286=VERTEX_POINT('',#4353);
#1287=VERTEX_POINT('',#4358);
#1288=VERTEX_POINT('',#4363);
#1289=VERTEX_POINT('',#4368);
#1290=VERTEX_POINT('',#4380);
#1291=VERTEX_POINT('',#4381);
#1292=VERTEX_POINT('',#4388);
#1293=VERTEX_POINT('',#4390);
#1294=VERTEX_POINT('',#4392);
#1295=VERTEX_POINT('',#4394);
#1296=VERTEX_POINT('',#4424);
#1297=VERTEX_POINT('',#4425);
#1298=VERTEX_POINT('',#4427);
#1299=VERTEX_POINT('',#4429);
#1300=VERTEX_POINT('',#4431);
#1301=VERTEX_POINT('',#4448);
#1302=VERTEX_POINT('',#4450);
#1303=VERTEX_POINT('',#4452);
#1304=VERTEX_POINT('',#4454);
#1305=VERTEX_POINT('',#4456);
#1306=VERTEX_POINT('',#4459);
#1307=VERTEX_POINT('',#4460);
#1308=VERTEX_POINT('',#4539);
#1309=VERTEX_POINT('',#4541);
#1310=VERTEX_POINT('',#4543);
#1311=VERTEX_POINT('',#4545);
#1312=VERTEX_POINT('',#4547);
#1313=VERTEX_POINT('',#4549);
#1314=VERTEX_POINT('',#4551);
#1315=VERTEX_POINT('',#4629);
#1316=VERTEX_POINT('',#4631);
#1317=VERTEX_POINT('',#4633);
#1318=VERTEX_POINT('',#4635);
#1319=VERTEX_POINT('',#4713);
#1320=VERTEX_POINT('',#4715);
#1321=VERTEX_POINT('',#4719);
#1322=VERTEX_POINT('',#4725);
#1323=VERTEX_POINT('',#4732);
#1324=VERTEX_POINT('',#4739);
#1325=VERTEX_POINT('',#4741);
#1326=VERTEX_POINT('',#4774);
#1327=VERTEX_POINT('',#4775);
#1328=VERTEX_POINT('',#4778);
#1329=VERTEX_POINT('',#4780);
#1330=VERTEX_POINT('',#4782);
#1331=VERTEX_POINT('',#4784);
#1332=VERTEX_POINT('',#4837);
#1333=VERTEX_POINT('',#4946);
#1334=VERTEX_POINT('',#4970);
#1335=VERTEX_POINT('',#4971);
#1336=VERTEX_POINT('',#4977);
#1337=VERTEX_POINT('',#4980);
#1338=VERTEX_POINT('',#4989);
#1339=VERTEX_POINT('',#4996);
#1340=VERTEX_POINT('',#5003);
#1341=VERTEX_POINT('',#5011);
#1342=VERTEX_POINT('',#5115);
#1343=VERTEX_POINT('',#5121);
#1344=VERTEX_POINT('',#5143);
#1345=VERTEX_POINT('',#5149);
#1346=VERTEX_POINT('',#5171);
#1347=VERTEX_POINT('',#5176);
#1348=VERTEX_POINT('',#5228);
#1349=VERTEX_POINT('',#5246);
#1350=VERTEX_POINT('',#5251);
#1351=VERTEX_POINT('',#5372);
#1352=VERTEX_POINT('',#5377);
#1353=VERTEX_POINT('',#5382);
#1354=VERTEX_POINT('',#5515);
#1355=VERTEX_POINT('',#5527);
#1356=VERTEX_POINT('',#5624);
#1357=VERTEX_POINT('',#5716);
#1358=VERTEX_POINT('',#5884);
#1359=VERTEX_POINT('',#5988);
#1360=VERTEX_POINT('',#5993);
#1361=VERTEX_POINT('',#6106);
#1362=VERTEX_POINT('',#6107);
#1363=VERTEX_POINT('',#6357);
#1364=VERTEX_POINT('',#6362);
#1365=VERTEX_POINT('',#6370);
#1366=VERTEX_POINT('',#6371);
#1367=VERTEX_POINT('',#6374);
#1368=VERTEX_POINT('',#6376);
#1369=VERTEX_POINT('',#6380);
#1370=VERTEX_POINT('',#6382);
#1371=VERTEX_POINT('',#6384);
#1372=VERTEX_POINT('',#6386);
#1373=VERTEX_POINT('',#6390);
#1374=VERTEX_POINT('',#6391);
#1375=VERTEX_POINT('',#6393);
#1376=VERTEX_POINT('',#6395);
#1377=VERTEX_POINT('',#6397);
#1378=VERTEX_POINT('',#6399);
#1379=VERTEX_POINT('',#6401);
#1380=VERTEX_POINT('',#6403);
#1381=VERTEX_POINT('',#6407);
#1382=VERTEX_POINT('',#6409);
#1383=VERTEX_POINT('',#6413);
#1384=VERTEX_POINT('',#6415);
#1385=VERTEX_POINT('',#6434);
#1386=VERTEX_POINT('',#6438);
#1387=LINE('',#2539,#1493);
#1388=LINE('',#2560,#1494);
#1389=LINE('',#2681,#1495);
#1390=LINE('',#2715,#1496);
#1391=LINE('',#2731,#1497);
#1392=LINE('',#2811,#1498);
#1393=LINE('',#2815,#1499);
#1394=LINE('',#2816,#1500);
#1395=LINE('',#2849,#1501);
#1396=LINE('',#2868,#1502);
#1397=LINE('',#2996,#1503);
#1398=LINE('',#3003,#1504);
#1399=LINE('',#3009,#1505);
#1400=LINE('',#3013,#1506);
#1401=LINE('',#3021,#1507);
#1402=LINE('',#3026,#1508);
#1403=LINE('',#3287,#1509);
#1404=LINE('',#3334,#1510);
#1405=LINE('',#3414,#1511);
#1406=LINE('',#3511,#1512);
#1407=LINE('',#3560,#1513);
#1408=LINE('',#3576,#1514);
#1409=LINE('',#3579,#1515);
#1410=LINE('',#3580,#1516);
#1411=LINE('',#3581,#1517);
#1412=LINE('',#3585,#1518);
#1413=LINE('',#3587,#1519);
#1414=LINE('',#3710,#1520);
#1415=LINE('',#3762,#1521);
#1416=LINE('',#3764,#1522);
#1417=LINE('',#3766,#1523);
#1418=LINE('',#3770,#1524);
#1419=LINE('',#3772,#1525);
#1420=LINE('',#3774,#1526);
#1421=LINE('',#3776,#1527);
#1422=LINE('',#3778,#1528);
#1423=LINE('',#4187,#1529);
#1424=LINE('',#4212,#1530);
#1425=LINE('',#4318,#1531);
#1426=LINE('',#4337,#1532);
#1427=LINE('',#4389,#1533);
#1428=LINE('',#4391,#1534);
#1429=LINE('',#4393,#1535);
#1430=LINE('',#4426,#1536);
#1431=LINE('',#4430,#1537);
#1432=LINE('',#4451,#1538);
#1433=LINE('',#4455,#1539);
#1434=LINE('',#4458,#1540);
#1435=LINE('',#4540,#1541);
#1436=LINE('',#4542,#1542);
#1437=LINE('',#4544,#1543);
#1438=LINE('',#4546,#1544);
#1439=LINE('',#4550,#1545);
#1440=LINE('',#4630,#1546);
#1441=LINE('',#4634,#1547);
#1442=LINE('',#4714,#1548);
#1443=LINE('',#4718,#1549);
#1444=LINE('',#4740,#1550);
#1445=LINE('',#4742,#1551);
#1446=LINE('',#4776,#1552);
#1447=LINE('',#4777,#1553);
#1448=LINE('',#4781,#1554);
#1449=LINE('',#4783,#1555);
#1450=LINE('',#4785,#1556);
#1451=LINE('',#4786,#1557);
#1452=LINE('',#4788,#1558);
#1453=LINE('',#4789,#1559);
#1454=LINE('',#4791,#1560);
#1455=LINE('',#4836,#1561);
#1456=LINE('',#4945,#1562);
#1457=LINE('',#4978,#1563);
#1458=LINE('',#4979,#1564);
#1459=LINE('',#4988,#1565);
#1460=LINE('',#5012,#1566);
#1461=LINE('',#5154,#1567);
#1462=LINE('',#5229,#1568);
#1463=LINE('',#6369,#1569);
#1464=LINE('',#6372,#1570);
#1465=LINE('',#6373,#1571);
#1466=LINE('',#6375,#1572);
#1467=LINE('',#6377,#1573);
#1468=LINE('',#6379,#1574);
#1469=LINE('',#6381,#1575);
#1470=LINE('',#6383,#1576);
#1471=LINE('',#6385,#1577);
#1472=LINE('',#6387,#1578);
#1473=LINE('',#6389,#1579);
#1474=LINE('',#6392,#1580);
#1475=LINE('',#6394,#1581);
#1476=LINE('',#6398,#1582);
#1477=LINE('',#6400,#1583);
#1478=LINE('',#6402,#1584);
#1479=LINE('',#6406,#1585);
#1480=LINE('',#6408,#1586);
#1481=LINE('',#6410,#1587);
#1482=LINE('',#6412,#1588);
#1483=LINE('',#6414,#1589);
#1484=LINE('',#6416,#1590);
#1485=LINE('',#6422,#1591);
#1486=LINE('',#6424,#1592);
#1487=LINE('',#6433,#1593);
#1488=LINE('',#6435,#1594);
#1489=LINE('',#6437,#1595);
#1490=LINE('',#6439,#1596);
#1491=LINE('',#6448,#1597);
#1492=LINE('',#6450,#1598);
#1493=VECTOR('',#2168,1.);
#1494=VECTOR('',#2169,1.);
#1495=VECTOR('',#2170,1.);
#1496=VECTOR('',#2171,1.);
#1497=VECTOR('',#2174,1.);
#1498=VECTOR('',#2175,1.);
#1499=VECTOR('',#2178,1.);
#1500=VECTOR('',#2179,1.);
#1501=VECTOR('',#2182,1.);
#1502=VECTOR('',#2183,1.);
#1503=VECTOR('',#2190,1.);
#1504=VECTOR('',#2191,1.);
#1505=VECTOR('',#2194,1.);
#1506=VECTOR('',#2197,1.);
#1507=VECTOR('',#2200,1.);
#1508=VECTOR('',#2207,1.);
#1509=VECTOR('',#2216,1.);
#1510=VECTOR('',#2217,1.);
#1511=VECTOR('',#2218,1.);
#1512=VECTOR('',#2219,1.);
#1513=VECTOR('',#2220,1.);
#1514=VECTOR('',#2223,1.);
#1515=VECTOR('',#2224,1.);
#1516=VECTOR('',#2225,1.);
#1517=VECTOR('',#2226,1.);
#1518=VECTOR('',#2229,1.);
#1519=VECTOR('',#2230,1.);
#1520=VECTOR('',#2237,1.);
#1521=VECTOR('',#2242,1.);
#1522=VECTOR('',#2243,1.);
#1523=VECTOR('',#2244,1.);
#1524=VECTOR('',#2247,1.);
#1525=VECTOR('',#2250,1.);
#1526=VECTOR('',#2253,1.);
#1527=VECTOR('',#2256,1.);
#1528=VECTOR('',#2259,1.);
#1529=VECTOR('',#2286,1.);
#1530=VECTOR('',#2287,1.);
#1531=VECTOR('',#2288,1.);
#1532=VECTOR('',#2289,1.);
#1533=VECTOR('',#2292,1.);
#1534=VECTOR('',#2293,1.);
#1535=VECTOR('',#2294,1.);
#1536=VECTOR('',#2297,1.);
#1537=VECTOR('',#2300,1.);
#1538=VECTOR('',#2303,1.);
#1539=VECTOR('',#2306,1.);
#1540=VECTOR('',#2309,1.);
#1541=VECTOR('',#2312,1.);
#1542=VECTOR('',#2313,1.);
#1543=VECTOR('',#2314,1.);
#1544=VECTOR('',#2315,1.);
#1545=VECTOR('',#2318,1.);
#1546=VECTOR('',#2319,1.);
#1547=VECTOR('',#2322,1.);
#1548=VECTOR('',#2323,1.);
#1549=VECTOR('',#2328,1.);
#1550=VECTOR('',#2329,1.);
#1551=VECTOR('',#2330,1.);
#1552=VECTOR('',#2335,1.);
#1553=VECTOR('',#2336,1.);
#1554=VECTOR('',#2339,1.);
#1555=VECTOR('',#2340,1.);
#1556=VECTOR('',#2341,1.);
#1557=VECTOR('',#2342,1.);
#1558=VECTOR('',#2345,1.);
#1559=VECTOR('',#2346,1.);
#1560=VECTOR('',#2349,1.);
#1561=VECTOR('',#2352,1.);
#1562=VECTOR('',#2353,1.);
#1563=VECTOR('',#2356,1.);
#1564=VECTOR('',#2357,1.);
#1565=VECTOR('',#2360,1.);
#1566=VECTOR('',#2361,1.);
#1567=VECTOR('',#2362,1.);
#1568=VECTOR('',#2363,1.);
#1569=VECTOR('',#2366,1.);
#1570=VECTOR('',#2367,1.);
#1571=VECTOR('',#2368,1.);
#1572=VECTOR('',#2369,1.);
#1573=VECTOR('',#2370,1.);
#1574=VECTOR('',#2373,1.);
#1575=VECTOR('',#2374,1.);
#1576=VECTOR('',#2375,1.);
#1577=VECTOR('',#2376,1.);
#1578=VECTOR('',#2377,1.);
#1579=VECTOR('',#2380,1.);
#1580=VECTOR('',#2381,1.);
#1581=VECTOR('',#2382,1.);
#1582=VECTOR('',#2385,1.);
#1583=VECTOR('',#2386,1.);
#1584=VECTOR('',#2387,1.);
#1585=VECTOR('',#2392,1.);
#1586=VECTOR('',#2393,1.);
#1587=VECTOR('',#2394,1.);
#1588=VECTOR('',#2397,1.);
#1589=VECTOR('',#2398,1.);
#1590=VECTOR('',#2399,1.);
#1591=VECTOR('',#2410,1.);
#1592=VECTOR('',#2413,1.);
#1593=VECTOR('',#2420,1.);
#1594=VECTOR('',#2421,1.);
#1595=VECTOR('',#2424,1.);
#1596=VECTOR('',#2425,1.);
#1597=VECTOR('',#2432,1.);
#1598=VECTOR('',#2435,1.);
#1599=EDGE_LOOP('',(#296,#297,#298,#299));
#1600=EDGE_LOOP('',(#300,#301,#302,#303));
#1601=EDGE_LOOP('',(#304,#305,#306,#307,#308,#309,#310,#311));
#1602=EDGE_LOOP('',(#312));
#1603=EDGE_LOOP('',(#313,#314,#315,#316));
#1604=EDGE_LOOP('',(#317,#318,#319,#320,#321,#322));
#1605=EDGE_LOOP('',(#323,#324,#325,#326,#327,#328));
#1606=EDGE_LOOP('',(#329,#330,#331,#332));
#1607=EDGE_LOOP('',(#333,#334,#335,#336));
#1608=EDGE_LOOP('',(#337,#338,#339,#340));
#1609=EDGE_LOOP('',(#341,#342,#343,#344,#345,#346));
#1610=EDGE_LOOP('',(#347));
#1611=EDGE_LOOP('',(#348));
#1612=EDGE_LOOP('',(#349,#350,#351,#352,#353,#354));
#1613=EDGE_LOOP('',(#355));
#1614=EDGE_LOOP('',(#356,#357,#358,#359));
#1615=EDGE_LOOP('',(#360,#361,#362,#363,#364,#365));
#1616=EDGE_LOOP('',(#366,#367,#368,#369));
#1617=EDGE_LOOP('',(#370));
#1618=EDGE_LOOP('',(#371));
#1619=EDGE_LOOP('',(#372,#373,#374,#375));
#1620=EDGE_LOOP('',(#376,#377,#378,#379,#380,#381,#382,#383,#384,#385));
#1621=EDGE_LOOP('',(#386,#387,#388,#389,#390,#391,#392,#393));
#1622=EDGE_LOOP('',(#394,#395,#396,#397,#398,#399,#400,#401,#402));
#1623=EDGE_LOOP('',(#403));
#1624=EDGE_LOOP('',(#404,#405,#406,#407));
#1625=EDGE_LOOP('',(#408,#409,#410,#411,#412,#413));
#1626=EDGE_LOOP('',(#414,#415,#416,#417,#418,#419,#420));
#1627=EDGE_LOOP('',(#421,#422,#423,#424));
#1628=EDGE_LOOP('',(#425,#426,#427,#428));
#1629=EDGE_LOOP('',(#429));
#1630=EDGE_LOOP('',(#430,#431,#432,#433,#434,#435));
#1631=EDGE_LOOP('',(#436,#437,#438,#439));
#1632=EDGE_LOOP('',(#440,#441,#442,#443));
#1633=EDGE_LOOP('',(#444,#445,#446,#447));
#1634=EDGE_LOOP('',(#448,#449,#450,#451));
#1635=EDGE_LOOP('',(#452,#453,#454,#455));
#1636=EDGE_LOOP('',(#456));
#1637=EDGE_LOOP('',(#457));
#1638=EDGE_LOOP('',(#458,#459,#460,#461));
#1639=EDGE_LOOP('',(#462,#463,#464,#465));
#1640=EDGE_LOOP('',(#466,#467,#468,#469));
#1641=EDGE_LOOP('',(#470,#471,#472,#473));
#1642=EDGE_LOOP('',(#474,#475,#476,#477));
#1643=EDGE_LOOP('',(#478,#479,#480,#481));
#1644=EDGE_LOOP('',(#482,#483,#484,#485));
#1645=EDGE_LOOP('',(#486,#487,#488,#489));
#1646=EDGE_LOOP('',(#490,#491,#492,#493));
#1647=EDGE_LOOP('',(#494,#495,#496,#497));
#1648=EDGE_LOOP('',(#498,#499,#500,#501));
#1649=EDGE_LOOP('',(#502,#503,#504,#505));
#1650=EDGE_LOOP('',(#506));
#1651=EDGE_LOOP('',(#507));
#1652=EDGE_LOOP('',(#508,#509,#510,#511,#512,#513,#514,#515,#516,#517,#518,
#519,#520,#521,#522,#523,#524,#525,#526,#527,#528,#529));
#1653=EDGE_LOOP('',(#530,#531,#532,#533,#534,#535));
#1654=EDGE_LOOP('',(#536,#537,#538,#539,#540,#541,#542,#543,#544,#545));
#1655=EDGE_LOOP('',(#546,#547,#548,#549,#550,#551,#552,#553,#554,#555,#556,
#557,#558,#559,#560,#561,#562));
#1656=EDGE_LOOP('',(#563,#564,#565,#566,#567,#568,#569));
#1657=EDGE_LOOP('',(#570,#571,#572,#573));
#1658=EDGE_LOOP('',(#574,#575,#576,#577));
#1659=EDGE_LOOP('',(#578,#579,#580,#581,#582,#583,#584,#585,#586,#587,#588,
#589));
#1660=EDGE_LOOP('',(#590,#591,#592,#593));
#1661=EDGE_LOOP('',(#594,#595,#596,#597,#598));
#1662=EDGE_LOOP('',(#599,#600,#601,#602));
#1663=EDGE_LOOP('',(#603,#604,#605,#606));
#1664=EDGE_LOOP('',(#607,#608,#609,#610));
#1665=EDGE_LOOP('',(#611,#612,#613,#614));
#1666=EDGE_LOOP('',(#615,#616,#617,#618,#619,#620));
#1667=EDGE_LOOP('',(#621,#622,#623,#624,#625,#626));
#1668=EDGE_LOOP('',(#627,#628,#629,#630));
#1669=EDGE_LOOP('',(#631,#632,#633,#634));
#1670=EDGE_LOOP('',(#635,#636,#637,#638));
#1671=EDGE_LOOP('',(#639,#640,#641,#642));
#1672=EDGE_LOOP('',(#643,#644,#645,#646,#647,#648,#649,#650,#651,#652));
#1673=EDGE_LOOP('',(#653,#654,#655,#656));
#1674=EDGE_LOOP('',(#657,#658,#659,#660));
#1675=EDGE_LOOP('',(#661,#662,#663,#664));
#1676=EDGE_LOOP('',(#665,#666,#667,#668,#669,#670));
#1677=EDGE_LOOP('',(#671,#672,#673,#674));
#1678=EDGE_LOOP('',(#675,#676,#677,#678));
#1679=EDGE_LOOP('',(#679,#680,#681,#682));
#1680=EDGE_LOOP('',(#683,#684,#685,#686));
#1681=EDGE_LOOP('',(#687,#688,#689,#690));
#1682=EDGE_LOOP('',(#691,#692,#693,#694,#695,#696));
#1683=EDGE_LOOP('',(#697,#698,#699,#700,#701,#702,#703));
#1684=EDGE_LOOP('',(#704,#705,#706,#707));
#1685=EDGE_LOOP('',(#708,#709,#710,#711));
#1686=EDGE_LOOP('',(#712,#713,#714,#715));
#1687=EDGE_LOOP('',(#716,#717,#718,#719));
#1688=EDGE_LOOP('',(#720,#721,#722,#723));
#1689=EDGE_LOOP('',(#724,#725,#726,#727));
#1690=EDGE_LOOP('',(#728,#729,#730,#731));
#1691=EDGE_LOOP('',(#732,#733,#734,#735,#736,#737,#738));
#1692=EDGE_LOOP('',(#739,#740,#741,#742,#743,#744));
#1693=EDGE_LOOP('',(#745,#746,#747,#748,#749,#750));
#1694=EDGE_LOOP('',(#751,#752,#753,#754,#755,#756,#757,#758));
#1695=EDGE_LOOP('',(#759,#760,#761,#762));
#1696=EDGE_LOOP('',(#763,#764,#765,#766));
#1697=EDGE_LOOP('',(#767,#768,#769,#770));
#1698=EDGE_LOOP('',(#771,#772,#773,#774,#775,#776));
#1699=EDGE_LOOP('',(#777,#778,#779,#780));
#1700=EDGE_LOOP('',(#781,#782,#783,#784,#785,#786));
#1701=EDGE_LOOP('',(#787,#788,#789,#790,#791));
#1702=EDGE_LOOP('',(#792,#793,#794,#795,#796));
#1703=EDGE_LOOP('',(#797,#798,#799,#800));
#1704=EDGE_LOOP('',(#801,#802,#803,#804,#805));
#1705=EDGE_LOOP('',(#806,#807,#808,#809));
#1706=EDGE_LOOP('',(#810,#811,#812,#813));
#1707=EDGE_LOOP('',(#814,#815,#816,#817));
#1708=EDGE_LOOP('',(#818,#819,#820,#821));
#1709=EDGE_LOOP('',(#822,#823,#824,#825));
#1710=EDGE_LOOP('',(#826,#827,#828,#829));
#1711=EDGE_LOOP('',(#830,#831,#832,#833));
#1712=EDGE_LOOP('',(#834,#835,#836,#837));
#1713=EDGE_LOOP('',(#838,#839,#840,#841));
#1714=EDGE_LOOP('',(#842,#843,#844,#845));
#1715=EDGE_LOOP('',(#846,#847,#848,#849,#850));
#1716=EDGE_LOOP('',(#851,#852,#853));
#1717=EDGE_LOOP('',(#854,#855,#856,#857));
#1718=EDGE_LOOP('',(#858,#859,#860,#861,#862));
#1719=EDGE_LOOP('',(#863,#864,#865));
#1720=EDGE_LOOP('',(#866,#867,#868,#869));
#1721=EDGE_LOOP('',(#870,#871,#872,#873));
#1722=EDGE_LOOP('',(#874,#875,#876,#877));
#1723=EDGE_LOOP('',(#878,#879,#880,#881));
#1724=EDGE_LOOP('',(#882,#883,#884,#885));
#1725=EDGE_LOOP('',(#886,#887,#888,#889));
#1726=EDGE_LOOP('',(#890,#891,#892,#893));
#1727=EDGE_LOOP('',(#894,#895,#896,#897));
#1728=FACE_BOUND('',#1599,.T.);
#1729=FACE_BOUND('',#1600,.T.);
#1730=FACE_BOUND('',#1601,.T.);
#1731=FACE_BOUND('',#1602,.T.);
#1732=FACE_BOUND('',#1603,.T.);
#1733=FACE_BOUND('',#1604,.T.);
#1734=FACE_BOUND('',#1605,.T.);
#1735=FACE_BOUND('',#1606,.T.);
#1736=FACE_BOUND('',#1607,.T.);
#1737=FACE_BOUND('',#1608,.T.);
#1738=FACE_BOUND('',#1609,.T.);
#1739=FACE_BOUND('',#1610,.T.);
#1740=FACE_BOUND('',#1611,.T.);
#1741=FACE_BOUND('',#1612,.T.);
#1742=FACE_BOUND('',#1613,.T.);
#1743=FACE_BOUND('',#1614,.T.);
#1744=FACE_BOUND('',#1615,.T.);
#1745=FACE_BOUND('',#1616,.T.);
#1746=FACE_BOUND('',#1617,.T.);
#1747=FACE_BOUND('',#1618,.T.);
#1748=FACE_BOUND('',#1619,.T.);
#1749=FACE_BOUND('',#1620,.T.);
#1750=FACE_BOUND('',#1621,.T.);
#1751=FACE_BOUND('',#1622,.T.);
#1752=FACE_BOUND('',#1623,.T.);
#1753=FACE_BOUND('',#1624,.T.);
#1754=FACE_BOUND('',#1625,.T.);
#1755=FACE_BOUND('',#1626,.T.);
#1756=FACE_BOUND('',#1627,.T.);
#1757=FACE_BOUND('',#1628,.T.);
#1758=FACE_BOUND('',#1629,.T.);
#1759=FACE_BOUND('',#1630,.T.);
#1760=FACE_BOUND('',#1631,.T.);
#1761=FACE_BOUND('',#1632,.T.);
#1762=FACE_BOUND('',#1633,.T.);
#1763=FACE_BOUND('',#1634,.T.);
#1764=FACE_BOUND('',#1635,.T.);
#1765=FACE_BOUND('',#1636,.T.);
#1766=FACE_BOUND('',#1637,.T.);
#1767=FACE_BOUND('',#1638,.T.);
#1768=FACE_BOUND('',#1639,.T.);
#1769=FACE_BOUND('',#1640,.T.);
#1770=FACE_BOUND('',#1641,.T.);
#1771=FACE_BOUND('',#1642,.T.);
#1772=FACE_BOUND('',#1643,.T.);
#1773=FACE_BOUND('',#1644,.T.);
#1774=FACE_BOUND('',#1645,.T.);
#1775=FACE_BOUND('',#1646,.T.);
#1776=FACE_BOUND('',#1647,.T.);
#1777=FACE_BOUND('',#1648,.T.);
#1778=FACE_BOUND('',#1649,.T.);
#1779=FACE_BOUND('',#1650,.T.);
#1780=FACE_BOUND('',#1651,.T.);
#1781=FACE_BOUND('',#1652,.T.);
#1782=FACE_BOUND('',#1653,.T.);
#1783=FACE_BOUND('',#1654,.T.);
#1784=FACE_BOUND('',#1655,.T.);
#1785=FACE_BOUND('',#1656,.T.);
#1786=FACE_BOUND('',#1657,.T.);
#1787=FACE_BOUND('',#1658,.T.);
#1788=FACE_BOUND('',#1659,.T.);
#1789=FACE_BOUND('',#1660,.T.);
#1790=FACE_BOUND('',#1661,.T.);
#1791=FACE_BOUND('',#1662,.T.);
#1792=FACE_BOUND('',#1663,.T.);
#1793=FACE_BOUND('',#1664,.T.);
#1794=FACE_BOUND('',#1665,.T.);
#1795=FACE_BOUND('',#1666,.T.);
#1796=FACE_BOUND('',#1667,.T.);
#1797=FACE_BOUND('',#1668,.T.);
#1798=FACE_BOUND('',#1669,.T.);
#1799=FACE_BOUND('',#1670,.T.);
#1800=FACE_BOUND('',#1671,.T.);
#1801=FACE_BOUND('',#1672,.T.);
#1802=FACE_BOUND('',#1673,.T.);
#1803=FACE_BOUND('',#1674,.T.);
#1804=FACE_BOUND('',#1675,.T.);
#1805=FACE_BOUND('',#1676,.T.);
#1806=FACE_BOUND('',#1677,.T.);
#1807=FACE_BOUND('',#1678,.T.);
#1808=FACE_BOUND('',#1679,.T.);
#1809=FACE_BOUND('',#1680,.T.);
#1810=FACE_BOUND('',#1681,.T.);
#1811=FACE_BOUND('',#1682,.T.);
#1812=FACE_BOUND('',#1683,.T.);
#1813=FACE_BOUND('',#1684,.T.);
#1814=FACE_BOUND('',#1685,.T.);
#1815=FACE_BOUND('',#1686,.T.);
#1816=FACE_BOUND('',#1687,.T.);
#1817=FACE_BOUND('',#1688,.T.);
#1818=FACE_BOUND('',#1689,.T.);
#1819=FACE_BOUND('',#1690,.T.);
#1820=FACE_BOUND('',#1691,.T.);
#1821=FACE_BOUND('',#1692,.T.);
#1822=FACE_BOUND('',#1693,.T.);
#1823=FACE_BOUND('',#1694,.T.);
#1824=FACE_BOUND('',#1695,.T.);
#1825=FACE_BOUND('',#1696,.T.);
#1826=FACE_BOUND('',#1697,.T.);
#1827=FACE_BOUND('',#1698,.T.);
#1828=FACE_BOUND('',#1699,.T.);
#1829=FACE_BOUND('',#1700,.T.);
#1830=FACE_BOUND('',#1701,.T.);
#1831=FACE_BOUND('',#1702,.T.);
#1832=FACE_BOUND('',#1703,.T.);
#1833=FACE_BOUND('',#1704,.T.);
#1834=FACE_BOUND('',#1705,.T.);
#1835=FACE_BOUND('',#1706,.T.);
#1836=FACE_BOUND('',#1707,.T.);
#1837=FACE_BOUND('',#1708,.T.);
#1838=FACE_BOUND('',#1709,.T.);
#1839=FACE_BOUND('',#1710,.T.);
#1840=FACE_BOUND('',#1711,.T.);
#1841=FACE_BOUND('',#1712,.T.);
#1842=FACE_BOUND('',#1713,.T.);
#1843=FACE_BOUND('',#1714,.T.);
#1844=FACE_BOUND('',#1715,.T.);
#1845=FACE_BOUND('',#1716,.T.);
#1846=FACE_BOUND('',#1717,.T.);
#1847=FACE_BOUND('',#1718,.T.);
#1848=FACE_BOUND('',#1719,.T.);
#1849=FACE_BOUND('',#1720,.T.);
#1850=FACE_BOUND('',#1721,.T.);
#1851=FACE_BOUND('',#1722,.T.);
#1852=FACE_BOUND('',#1723,.T.);
#1853=FACE_BOUND('',#1724,.T.);
#1854=FACE_BOUND('',#1725,.T.);
#1855=FACE_BOUND('',#1726,.T.);
#1856=FACE_BOUND('',#1727,.T.);
#1857=B_SPLINE_SURFACE_WITH_KNOTS('',3,1,((#2509,#2510),(#2511,#2512),(#2513,
#2514),(#2515,#2516),(#2517,#2518),(#2519,#2520),(#2521,#2522),(#2523,#2524),
(#2525,#2526),(#2527,#2528),(#2529,#2530),(#2531,#2532),(#2533,#2534),(#2535,
#2536),(#2537,#2538)),.SURF_OF_LINEAR_EXTRUSION.,.F.,.F.,.F.,(4,1,1,1,1,
1,1,1,1,1,1,1,4),(2,2),(0.62113218771154,0.666051885378417,0.688511734211855,
0.710971583045294,0.755891280712171,0.800810978379048,0.823270827212486,
0.845730676045925,0.868190524879363,0.890650373712802,0.91311022254624,
0.935570071379679,0.980489769046556),(0.,1.),.UNSPECIFIED.);
#1858=B_SPLINE_SURFACE_WITH_KNOTS('',3,1,((#2639,#2640),(#2641,#2642),(#2643,
#2644),(#2645,#2646),(#2647,#2648),(#2649,#2650),(#2651,#2652),(#2653,#2654),
(#2655,#2656),(#2657,#2658),(#2659,#2660),(#2661,#2662),(#2663,#2664),(#2665,
#2666),(#2667,#2668),(#2669,#2670),(#2671,#2672),(#2673,#2674),(#2675,#2676),
(#2677,#2678),(#2679,#2680)),.SURF_OF_LINEAR_EXTRUSION.,.F.,.F.,.F.,(4,
1,1,1,1,1,1,1,1,1,1,1,1,1,1,1,1,1,4),(2,2),(0.647461463384563,0.691528780461493,
0.735596097538422,0.779663414615352,0.823730731692282,0.867798048769211,
0.889831707307676,0.911865365846141,0.95593268292307,1.,1.04406731707693,
1.08813463415386,1.11016829269232,1.13220195123079,1.17626926830772,1.22033658538465,
1.26440390246158,1.30847121953851,1.35253853661544),(0.,1.),
 .UNSPECIFIED.);
#1859=B_SPLINE_SURFACE_WITH_KNOTS('',3,1,((#2819,#2820),(#2821,#2822),(#2823,
#2824),(#2825,#2826),(#2827,#2828),(#2829,#2830),(#2831,#2832),(#2833,#2834),
(#2835,#2836),(#2837,#2838),(#2839,#2840),(#2841,#2842),(#2843,#2844),(#2845,
#2846),(#2847,#2848)),.SURF_OF_LINEAR_EXTRUSION.,.F.,.F.,.F.,(4,1,1,1,1,
1,1,1,1,1,1,1,4),(2,2),(0.0195102310646383,0.0644299287176161,0.0868897775441049,
0.109349626370594,0.131809475197083,0.154269324023572,0.17672917285006,
0.199189021676549,0.244108719329527,0.289028416982505,0.311488265808994,
0.333948114635482,0.37886781228846),(0.,1.),.UNSPECIFIED.);
#1860=B_SPLINE_SURFACE_WITH_KNOTS('',3,1,((#2913,#2914),(#2915,#2916),(#2917,
#2918),(#2919,#2920),(#2921,#2922),(#2923,#2924),(#2925,#2926),(#2927,#2928),
(#2929,#2930),(#2931,#2932)),.SURF_OF_LINEAR_EXTRUSION.,.F.,.F.,.F.,(4,
1,1,1,1,1,1,4),(2,2),(0.169608286997076,0.373131166283675,0.474892605926974,
0.576654045570274,0.678415485213573,0.780176924856872,0.881938364500172,
0.983699804143471),(0.,1.),.UNSPECIFIED.);
#1861=B_SPLINE_SURFACE_WITH_KNOTS('',3,1,((#3261,#3262),(#3263,#3264),(#3265,
#3266),(#3267,#3268),(#3269,#3270),(#3271,#3272),(#3273,#3274),(#3275,#3276),
(#3277,#3278),(#3279,#3280),(#3281,#3282),(#3283,#3284),(#3285,#3286)),
 .SURF_OF_LINEAR_EXTRUSION.,.F.,.F.,.F.,(4,1,1,1,1,1,1,1,1,1,4),(2,2),(0.414946718549819,
0.436210038913841,0.457473359277863,0.478736679641885,0.489368339823896,
0.500000000005907,0.510631660187918,0.521263320369929,0.54252664073395,
0.563789961097972,0.585053281461994),(0.,1.),.UNSPECIFIED.);
#1862=B_SPLINE_SURFACE_WITH_KNOTS('',3,1,((#3493,#3494),(#3495,#3496),(#3497,
#3498),(#3499,#3500),(#3501,#3502),(#3503,#3504),(#3505,#3506),(#3507,#3508),
(#3509,#3510)),.SURF_OF_LINEAR_EXTRUSION.,.F.,.F.,.F.,(4,1,1,1,1,1,4),(2,
2),(0.396592698001475,0.422444523503547,0.44829634900562,0.500000000009765,
0.551703651013911,0.577555476515983,0.603407302018056),(0.,1.),
 .UNSPECIFIED.);
#1863=B_SPLINE_SURFACE_WITH_KNOTS('',3,1,((#3590,#3591),(#3592,#3593),(#3594,
#3595),(#3596,#3597),(#3598,#3599)),.SURF_OF_LINEAR_EXTRUSION.,.F.,.F.,
 .F.,(4,1,4),(2,2),(0.0984073189720565,0.500860944232543,0.903314569493029),
(0.,1.),.UNSPECIFIED.);
#1864=B_SPLINE_SURFACE_WITH_KNOTS('',3,1,((#3711,#3712),(#3713,#3714),(#3715,
#3716),(#3717,#3718)),.SURF_OF_LINEAR_EXTRUSION.,.F.,.F.,.F.,(4,4),(2,2),
(0.0482055852290134,0.112967672323828),(0.,1.),.PIECEWISE_BEZIER_KNOTS.);
#1865=B_SPLINE_SURFACE_WITH_KNOTS('',3,1,((#3735,#3736),(#3737,#3738),(#3739,
#3740),(#3741,#3742)),.SURF_OF_LINEAR_EXTRUSION.,.F.,.F.,.F.,(4,4),(2,2),
(0.0482026517268767,0.112967689819864),(0.,1.),.PIECEWISE_BEZIER_KNOTS.);
#1866=B_SPLINE_SURFACE_WITH_KNOTS('',3,1,((#4101,#4102),(#4103,#4104),(#4105,
#4106),(#4107,#4108),(#4109,#4110),(#4111,#4112),(#4113,#4114),(#4115,#4116),
(#4117,#4118),(#4119,#4120),(#4121,#4122),(#4123,#4124),(#4125,#4126),(#4127,
#4128),(#4129,#4130),(#4131,#4132),(#4133,#4134),(#4135,#4136),(#4137,#4138),
(#4139,#4140),(#4141,#4142),(#4143,#4144),(#4145,#4146),(#4147,#4148),(#4149,
#4150),(#4151,#4152),(#4153,#4154),(#4155,#4156),(#4157,#4158),(#4159,#4160),
(#4161,#4162),(#4163,#4164),(#4165,#4166),(#4167,#4168),(#4169,#4170),(#4171,
#4172),(#4173,#4174),(#4175,#4176),(#4177,#4178),(#4179,#4180),(#4181,#4182),
(#4183,#4184),(#4185,#4186)),.SURF_OF_LINEAR_EXTRUSION.,.F.,.F.,.F.,(4,
1,1,1,1,1,1,1,1,1,1,1,1,1,1,1,1,1,1,1,1,1,1,1,1,1,1,1,1,1,1,1,1,1,1,1,1,
1,1,1,4),(2,2),(0.0296372222677866,0.0590348958777654,0.0884325694877442,
0.103131406292734,0.117830243097723,0.132529079902712,0.147227916707702,
0.176625590317681,0.206023263927659,0.235420937537638,0.264818611147617,
0.294216284757596,0.323613958367575,0.353011631977553,0.382409305587532,
0.411806979197511,0.426505816002501,0.44120465280749,0.470602326417469,
0.485301163222458,0.500000000027448,0.514698836832437,0.529397673637426,
0.558795347247405,0.573494184052395,0.588193020857384,0.617590694467363,
0.646988368077342,0.67638604168732,0.705783715297299,0.735181388907278,
0.764579062517257,0.793976736127236,0.823374409737215,0.852772083347193,
0.867470920152183,0.882169756957172,0.896868593762162,0.911567430567151,
0.94096510417713,0.970362777787109),(0.,1.),.UNSPECIFIED.);
#1867=B_SPLINE_SURFACE_WITH_KNOTS('',3,1,((#4743,#4744),(#4745,#4746),(#4747,
#4748),(#4749,#4750)),.SURF_OF_LINEAR_EXTRUSION.,.F.,.F.,.F.,(4,4),(2,2),
(0.0972574698410728,0.192173881335615),(0.,1.),.PIECEWISE_BEZIER_KNOTS.);
#1868=B_SPLINE_SURFACE_WITH_KNOTS('',3,1,((#4760,#4761),(#4762,#4763),(#4764,
#4765),(#4766,#4767)),.SURF_OF_LINEAR_EXTRUSION.,.F.,.F.,.F.,(4,4),(2,2),
(0.352538536464347,0.396592698001476),(0.,1.),.PIECEWISE_BEZIER_KNOTS.);
#1869=B_SPLINE_SURFACE_WITH_KNOTS('',3,1,((#4915,#4916),(#4917,#4918),(#4919,
#4920),(#4921,#4922),(#4923,#4924),(#4925,#4926),(#4927,#4928),(#4929,#4930),
(#4931,#4932),(#4933,#4934),(#4935,#4936),(#4937,#4938),(#4939,#4940),(#4941,
#4942),(#4943,#4944)),.SURF_OF_LINEAR_EXTRUSION.,.F.,.F.,.F.,(4,1,1,1,1,
1,1,1,1,1,1,1,4),(2,2),(0.0195102310530044,0.0644299287074363,0.0868897775346523,
0.109349626361868,0.131809475189084,0.1542693240163,0.176729172843516,0.199189021670732,
0.244108719325164,0.289028416979596,0.311488265806812,0.333948114634028,
0.37886781228846),(0.,1.),.UNSPECIFIED.);
#1870=B_SPLINE_SURFACE_WITH_KNOTS('',3,1,((#5013,#5014),(#5015,#5016),(#5017,
#5018),(#5019,#5020)),.SURF_OF_LINEAR_EXTRUSION.,.F.,.F.,.F.,(4,4),(2,2),
(0.0972574696810188,0.192173881336568),(0.,1.),.PIECEWISE_BEZIER_KNOTS.);
#1871=B_SPLINE_SURFACE_WITH_KNOTS('',3,1,((#5030,#5031),(#5032,#5033),(#5034,
#5035),(#5036,#5037)),.SURF_OF_LINEAR_EXTRUSION.,.F.,.F.,.F.,(4,4),(2,2),
(0.603407302018046,0.64746146353565),(0.,1.),.PIECEWISE_BEZIER_KNOTS.);
#1872=B_SPLINE_SURFACE_WITH_KNOTS('',3,1,((#5085,#5086),(#5087,#5088),(#5089,
#5090),(#5091,#5092),(#5093,#5094),(#5095,#5096),(#5097,#5098),(#5099,#5100),
(#5101,#5102),(#5103,#5104),(#5105,#5106),(#5107,#5108),(#5109,#5110)),
 .SURF_OF_LINEAR_EXTRUSION.,.F.,.F.,.F.,(4,1,1,1,1,1,1,1,1,1,4),(2,2),(0.414946718549819,
0.436210038913849,0.457473359277878,0.478736679641908,0.489368339823923,
0.500000000005937,0.510631660187952,0.521263320369967,0.542526640733996,
0.563789961098025,0.585053281462055),(0.,1.),.UNSPECIFIED.);
#1873=B_SPLINE_SURFACE_WITH_KNOTS('',1,3,((#5155,#5156,#5157,#5158,#5159,
#5160),(#5161,#5162,#5163,#5164,#5165,#5166)),.RULED_SURF.,.F.,.F.,.F.,
(2,2),(4,2,4),(0.,0.108109068927587),(5.74266837851007E-16,0.0023815482162113,
0.00476309643242204),.UNSPECIFIED.);
#1874=B_SPLINE_SURFACE_WITH_KNOTS('',3,1,((#5181,#5182),(#5183,#5184),(#5185,
#5186),(#5187,#5188),(#5189,#5190),(#5191,#5192),(#5193,#5194),(#5195,#5196),
(#5197,#5198),(#5199,#5200),(#5201,#5202),(#5203,#5204),(#5205,#5206),(#5207,
#5208),(#5209,#5210)),.SURF_OF_LINEAR_EXTRUSION.,.F.,.F.,.F.,(4,1,1,1,1,
1,1,1,1,1,1,1,4),(2,2),(0.62113218771154,0.666051885378512,0.688511734211998,
0.710971583045485,0.755891280712457,0.80081097837943,0.823270827212916,
0.845730676046402,0.868190524879889,0.890650373713375,0.913110222546861,
0.935570071380347,0.98048976904732),(0.,1.),.UNSPECIFIED.);
#1875=B_SPLINE_SURFACE_WITH_KNOTS('',1,3,((#5230,#5231,#5232,#5233,#5234,
#5235),(#5236,#5237,#5238,#5239,#5240,#5241)),.RULED_SURF.,.F.,.F.,.F.,
(2,2),(4,2,4),(0.,0.108109068873786),(0.,0.00238195433613191,0.00476390867226382),
 .UNSPECIFIED.);
#1876=B_SPLINE_SURFACE_WITH_KNOTS('',1,3,((#5256,#5257,#5258,#5259,#5260,
#5261,#5262,#5263,#5264,#5265,#5266,#5267,#5268,#5269,#5270,#5271,#5272,
#5273,#5274,#5275,#5276,#5277,#5278,#5279,#5280,#5281,#5282,#5283,#5284,
#5285,#5286,#5287,#5288,#5289,#5290,#5291,#5292,#5293,#5294,#5295,#5296,
#5297,#5298,#5299,#5300,#5301,#5302,#5303,#5304,#5305,#5306,#5307,#5308,
#5309,#5310,#5311),(#5312,#5313,#5314,#5315,#5316,#5317,#5318,#5319,#5320,
#5321,#5322,#5323,#5324,#5325,#5326,#5327,#5328,#5329,#5330,#5331,#5332,
#5333,#5334,#5335,#5336,#5337,#5338,#5339,#5340,#5341,#5342,#5343,#5344,
#5345,#5346,#5347,#5348,#5349,#5350,#5351,#5352,#5353,#5354,#5355,#5356,
#5357,#5358,#5359,#5360,#5361,#5362,#5363,#5364,#5365,#5366,#5367)),
 .RULED_SURF.,.F.,.F.,.F.,(2,2),(4,2,2,2,2,2,2,2,2,2,2,2,2,2,2,2,2,2,2,
2,2,2,2,2,2,2,2,4),(0.,0.112981581253402),(0.,0.00297274769646167,0.00594549539292334,
0.00891824308938501,0.0104046169376158,0.0118909907858467,0.0148637384823084,
0.0163501123305392,0.01783648617877,0.0208092338752317,0.0222956077234626,
0.0237819815716933,0.0267547292681551,0.0274979161922705,0.0282411031163859,
0.0297274769646167,0.0312138508128476,0.0319570377369629,0.0327002246610784,
0.0341865985093092,0.0356729723575401,0.0364161592816555,0.0371593462057709,
0.0386457200540017,0.0416184677504634,0.0431048415986942,0.044591215446925,
0.0475639631433867),.UNSPECIFIED.);
#1877=B_SPLINE_SURFACE_WITH_KNOTS('',1,3,((#5471,#5472,#5473,#5474,#5475,
#5476,#5477,#5478,#5479,#5480,#5481,#5482,#5483,#5484,#5485,#5486,#5487,
#5488,#5489,#5490),(#5491,#5492,#5493,#5494,#5495,#5496,#5497,#5498,#5499,
#5500,#5501,#5502,#5503,#5504,#5505,#5506,#5507,#5508,#5509,#5510)),
 .RULED_SURF.,.F.,.F.,.F.,(2,2),(4,2,2,2,2,2,2,2,2,4),(0.,0.110524682210111),
(0.,0.000416404830170524,0.000832809660341049,0.00124921449051157,0.0016656193206821,
0.00187382173576736,0.00208202415085262,0.00249842898102315,0.00291483381119367,
0.0033312386413642),.UNSPECIFIED.);
#1878=B_SPLINE_SURFACE_WITH_KNOTS('',1,3,((#5532,#5533,#5534,#5535,#5536,
#5537,#5538,#5539,#5540,#5541,#5542,#5543,#5544,#5545,#5546,#5547,#5548,
#5549,#5550,#5551,#5552,#5553,#5554,#5555,#5556,#5557,#5558,#5559,#5560,
#5561,#5562,#5563,#5564,#5565,#5566,#5567,#5568,#5569,#5570,#5571,#5572,
#5573,#5574,#5575),(#5576,#5577,#5578,#5579,#5580,#5581,#5582,#5583,#5584,
#5585,#5586,#5587,#5588,#5589,#5590,#5591,#5592,#5593,#5594,#5595,#5596,
#5597,#5598,#5599,#5600,#5601,#5602,#5603,#5604,#5605,#5606,#5607,#5608,
#5609,#5610,#5611,#5612,#5613,#5614,#5615,#5616,#5617,#5618,#5619)),
 .RULED_SURF.,.F.,.F.,.F.,(2,2),(4,2,2,2,2,2,2,2,2,2,2,2,2,2,2,2,2,2,2,
2,2,4),(0.,0.109655418871729),(0.,0.00291336835751894,0.00582673671503789,
0.00728342089379736,0.00874010507255683,0.00946844716193657,0.0101967892513163,
0.0105609602960062,0.010925131340696,0.0112893023853859,0.0116534734300758,
0.0120176444747656,0.0123818155194555,0.0125639010418004,0.0127459865641454,
0.0131101576088352,0.013838499698215,0.0145668417875947,0.0160235259663542,
0.0174802101451136,0.0203935785026326,0.0233069468601515),.UNSPECIFIED.);
#1879=B_SPLINE_SURFACE_WITH_KNOTS('',1,3,((#5680,#5681,#5682,#5683,#5684,
#5685,#5686,#5687,#5688,#5689,#5690,#5691,#5692,#5693,#5694,#5695),(#5696,
#5697,#5698,#5699,#5700,#5701,#5702,#5703,#5704,#5705,#5706,#5707,#5708,
#5709,#5710,#5711)),.RULED_SURF.,.F.,.F.,.F.,(2,2),(4,2,2,2,2,2,2,4),(0.,
0.110487909722769),(0.,0.000832762274000183,0.00124914341100027,0.00166552454800036,
0.00208190568500046,0.00249828682200055,0.00291466795900064,0.00333104909600073),
 .UNSPECIFIED.);
#1880=B_SPLINE_SURFACE_WITH_KNOTS('',1,3,((#5728,#5729,#5730,#5731,#5732,
#5733,#5734,#5735),(#5736,#5737,#5738,#5739,#5740,#5741,#5742,#5743)),
 .RULED_SURF.,.F.,.F.,.F.,(2,2),(4,2,2,4),(0.,0.109248936288636),(0.,0.00213290633755716,
0.00319935950633574,0.00426581267511433),.UNSPECIFIED.);
#1881=B_SPLINE_SURFACE_WITH_KNOTS('',1,3,((#5748,#5749,#5750,#5751,#5752,
#5753,#5754,#5755),(#5756,#5757,#5758,#5759,#5760,#5761,#5762,#5763)),
 .RULED_SURF.,.F.,.F.,.F.,(2,2),(4,2,2,4),(0.,0.109249089825967),(9.33049044891957E-17,
0.00108388103862827,0.00216776207725644,0.00433552415451279),
 .UNSPECIFIED.);
#1882=B_SPLINE_SURFACE_WITH_KNOTS('',1,3,((#5768,#5769,#5770,#5771,#5772,
#5773,#5774,#5775,#5776,#5777,#5778,#5779,#5780,#5781,#5782,#5783,#5784,
#5785,#5786,#5787,#5788,#5789,#5790,#5791,#5792,#5793,#5794,#5795,#5796,
#5797,#5798,#5799,#5800,#5801,#5802,#5803,#5804,#5805,#5806,#5807,#5808,
#5809,#5810,#5811,#5812,#5813,#5814,#5815,#5816,#5817,#5818,#5819,#5820,
#5821,#5822,#5823),(#5824,#5825,#5826,#5827,#5828,#5829,#5830,#5831,#5832,
#5833,#5834,#5835,#5836,#5837,#5838,#5839,#5840,#5841,#5842,#5843,#5844,
#5845,#5846,#5847,#5848,#5849,#5850,#5851,#5852,#5853,#5854,#5855,#5856,
#5857,#5858,#5859,#5860,#5861,#5862,#5863,#5864,#5865,#5866,#5867,#5868,
#5869,#5870,#5871,#5872,#5873,#5874,#5875,#5876,#5877,#5878,#5879)),
 .RULED_SURF.,.F.,.F.,.F.,(2,2),(4,2,2,2,2,2,2,2,2,2,2,2,2,2,2,2,2,2,2,
2,2,2,2,2,2,2,2,4),(0.,0.11083376287043),(0.,0.00295819525764138,0.00591639051528276,
0.00739548814410345,0.0081350369585138,0.00887458577292415,0.0118327810305655,
0.0133118786593862,0.0147909762882069,0.0162700739170276,0.017009622731438,
0.0177491715458483,0.019228269174669,0.0199678179890793,0.0207073668034897,
0.0236655620611311,0.0244051108755414,0.0251446596899518,0.0266237573187724,
0.0295819525764138,0.0310610502052345,0.0325401478340552,0.0354983430916966,
0.0369774407205173,0.038456538349338,0.0414147336069794,0.0443729288646208,
0.0473311241222621),.UNSPECIFIED.);
#1883=B_SPLINE_SURFACE_WITH_KNOTS('',1,3,((#5998,#5999,#6000,#6001,#6002,
#6003,#6004,#6005,#6006,#6007,#6008,#6009,#6010,#6011,#6012,#6013,#6014,
#6015,#6016,#6017,#6018,#6019,#6020,#6021,#6022,#6023),(#6024,#6025,#6026,
#6027,#6028,#6029,#6030,#6031,#6032,#6033,#6034,#6035,#6036,#6037,#6038,
#6039,#6040,#6041,#6042,#6043,#6044,#6045,#6046,#6047,#6048,#6049),(#6050,
#6051,#6052,#6053,#6054,#6055,#6056,#6057,#6058,#6059,#6060,#6061,#6062,
#6063,#6064,#6065,#6066,#6067,#6068,#6069,#6070,#6071,#6072,#6073,#6074,
#6075),(#6076,#6077,#6078,#6079,#6080,#6081,#6082,#6083,#6084,#6085,#6086,
#6087,#6088,#6089,#6090,#6091,#6092,#6093,#6094,#6095,#6096,#6097,#6098,
#6099,#6100,#6101)),.RULED_SURF.,.F.,.F.,.F.,(2,1,1,2),(4,2,2,2,2,2,2,2,
2,2,2,2,4),(-0.282726051998441,0.,1.,1.01282726051998),(0.,0.00635597326460619,
0.00953395989690929,0.0127119465292124,0.0158899331615155,0.0190679197938186,
0.0222459064261217,0.0254238930584248,0.0286018796907279,0.031779866323031,
0.0381358395876371,0.0444918128522434,0.0508477861168496),.UNSPECIFIED.);
#1884=B_SPLINE_SURFACE_WITH_KNOTS('',1,3,((#6122,#6123,#6124,#6125),(#6126,
#6127,#6128,#6129)),.RULED_SURF.,.F.,.F.,.F.,(2,2),(4,4),(0.,1.),(0.,0.00472529669539212),
 .PIECEWISE_BEZIER_KNOTS.);
#1885=B_SPLINE_SURFACE_WITH_KNOTS('',1,3,((#6134,#6135,#6136,#6137),(#6138,
#6139,#6140,#6141)),.RULED_SURF.,.F.,.F.,.F.,(2,2),(4,4),(0.,1.),(0.,0.00419546465057254),
 .PIECEWISE_BEZIER_KNOTS.);
#1886=B_SPLINE_SURFACE_WITH_KNOTS('',1,3,((#6146,#6147,#6148,#6149,#6150,
#6151,#6152,#6153,#6154,#6155),(#6156,#6157,#6158,#6159,#6160,#6161,#6162,
#6163,#6164,#6165)),.RULED_SURF.,.F.,.F.,.F.,(2,2),(4,2,2,2,4),(0.,1.),
(0.,0.000323428851540899,0.000646857703081798,0.000970286554622697,0.0012937154061636),
 .UNSPECIFIED.);
#1887=B_SPLINE_SURFACE_WITH_KNOTS('',1,3,((#6170,#6171,#6172,#6173,#6174,
#6175,#6176,#6177,#6178,#6179,#6180,#6181,#6182,#6183,#6184,#6185,#6186,
#6187,#6188,#6189,#6190,#6191,#6192,#6193,#6194,#6195),(#6196,#6197,#6198,
#6199,#6200,#6201,#6202,#6203,#6204,#6205,#6206,#6207,#6208,#6209,#6210,
#6211,#6212,#6213,#6214,#6215,#6216,#6217,#6218,#6219,#6220,#6221)),
 .RULED_SURF.,.F.,.F.,.F.,(2,2),(4,2,2,2,2,2,2,2,2,2,2,2,4),(0.,1.),(0.,
0.00338805710885655,0.00677611421771311,0.00847014277214139,0.0101641713265697,
0.0118581998809979,0.0135522284354262,0.0152462569898545,0.0169402855442828,
0.018634314098711,0.0203283426531394,0.0237163997619959,0.0271044568708524),
 .UNSPECIFIED.);
#1888=B_SPLINE_SURFACE_WITH_KNOTS('',1,3,((#6226,#6227,#6228,#6229,#6230,
#6231,#6232,#6233,#6234,#6235),(#6236,#6237,#6238,#6239,#6240,#6241,#6242,
#6243,#6244,#6245)),.RULED_SURF.,.F.,.F.,.F.,(2,2),(4,2,2,2,4),(0.,1.),
(0.,0.000324889558614531,0.000649779117229062,0.000974668675843593,0.00129955823445812),
 .UNSPECIFIED.);
#1889=B_SPLINE_SURFACE_WITH_KNOTS('',1,3,((#6250,#6251,#6252,#6253),(#6254,
#6255,#6256,#6257)),.RULED_SURF.,.F.,.F.,.F.,(2,2),(4,4),(0.,1.),(0.,0.00419496898644635),
 .PIECEWISE_BEZIER_KNOTS.);
#1890=B_SPLINE_SURFACE_WITH_KNOTS('',1,3,((#6262,#6263,#6264,#6265),(#6266,
#6267,#6268,#6269)),.RULED_SURF.,.F.,.F.,.F.,(2,2),(4,4),(0.,1.),(0.,0.00472869204593709),
 .PIECEWISE_BEZIER_KNOTS.);
#1891=B_SPLINE_SURFACE_WITH_KNOTS('',1,3,((#6274,#6275,#6276,#6277,#6278,
#6279,#6280,#6281,#6282,#6283,#6284,#6285,#6286,#6287,#6288,#6289,#6290,
#6291,#6292,#6293,#6294,#6295,#6296,#6297,#6298,#6299),(#6300,#6301,#6302,
#6303,#6304,#6305,#6306,#6307,#6308,#6309,#6310,#6311,#6312,#6313,#6314,
#6315,#6316,#6317,#6318,#6319,#6320,#6321,#6322,#6323,#6324,#6325),(#6326,
#6327,#6328,#6329,#6330,#6331,#6332,#6333,#6334,#6335,#6336,#6337,#6338,
#6339,#6340,#6341,#6342,#6343,#6344,#6345,#6346,#6347,#6348,#6349,#6350,
#6351)),.RULED_SURF.,.F.,.F.,.F.,(2,1,2),(4,2,2,2,2,2,2,2,2,2,2,2,4),(-0.282728602147324,
0.,1.),(0.,0.00635597746723932,0.0127119549344786,0.0190679324017179,0.0222459211353376,
0.0254239098689573,0.028601898602577,0.0317798873361966,0.0349578760698162,
0.0381358648034359,0.0413138535370556,0.0444918422706752,0.0508478197379146),
 .UNSPECIFIED.);
#1892=ADVANCED_FACE('',(#1728),#1857,.F.);
#1893=ADVANCED_FACE('',(#1729),#1858,.T.);
#1894=ADVANCED_FACE('',(#1730,#1731),#120,.T.);
#1895=ADVANCED_FACE('',(#1732),#1859,.F.);
#1896=ADVANCED_FACE('',(#1733),#121,.F.);
#1897=ADVANCED_FACE('',(#1734),#122,.T.);
#1898=ADVANCED_FACE('',(#1735),#1860,.F.);
#1899=ADVANCED_FACE('',(#1736),#52,.F.);
#1900=ADVANCED_FACE('',(#1737),#53,.T.);
#1901=ADVANCED_FACE('',(#1738),#123,.F.);
#1902=ADVANCED_FACE('',(#1739,#1740),#54,.F.);
#1903=ADVANCED_FACE('',(#1741),#124,.T.);
#1904=ADVANCED_FACE('',(#1742,#1743),#125,.T.);
#1905=ADVANCED_FACE('',(#1744),#29,.T.);
#1906=ADVANCED_FACE('',(#1745),#30,.T.);
#1907=ADVANCED_FACE('',(#1746,#1747),#22,.T.);
#1908=ADVANCED_FACE('',(#1748),#31,.T.);
#1909=ADVANCED_FACE('',(#1749),#1861,.F.);
#1910=ADVANCED_FACE('',(#1750),#1862,.T.);
#1911=ADVANCED_FACE('',(#1751,#1752),#126,.T.);
#1912=ADVANCED_FACE('',(#1753),#1863,.T.);
#1913=ADVANCED_FACE('',(#1754),#127,.T.);
#1914=ADVANCED_FACE('',(#1755),#128,.F.);
#1915=ADVANCED_FACE('',(#1756),#1864,.F.);
#1916=ADVANCED_FACE('',(#1757),#1865,.F.);
#1917=ADVANCED_FACE('',(#1758,#1759),#129,.T.);
#1918=ADVANCED_FACE('',(#1760),#130,.F.);
#1919=ADVANCED_FACE('',(#1761),#131,.F.);
#1920=ADVANCED_FACE('',(#1762),#132,.F.);
#1921=ADVANCED_FACE('',(#1763),#133,.T.);
#1922=ADVANCED_FACE('',(#1764),#55,.T.);
#1923=ADVANCED_FACE('',(#1765,#1766),#56,.F.);
#1924=ADVANCED_FACE('',(#1767),#32,.T.);
#1925=ADVANCED_FACE('',(#1768),#33,.T.);
#1926=ADVANCED_FACE('',(#1769),#34,.T.);
#1927=ADVANCED_FACE('',(#1770),#35,.T.);
#1928=ADVANCED_FACE('',(#1771),#36,.T.);
#1929=ADVANCED_FACE('',(#1772),#37,.T.);
#1930=ADVANCED_FACE('',(#1773),#38,.T.);
#1931=ADVANCED_FACE('',(#1774),#39,.T.);
#1932=ADVANCED_FACE('',(#1775),#40,.T.);
#1933=ADVANCED_FACE('',(#1776),#41,.T.);
#1934=ADVANCED_FACE('',(#1777),#42,.T.);
#1935=ADVANCED_FACE('',(#1778),#43,.T.);
#1936=ADVANCED_FACE('',(#1779,#1780),#23,.T.);
#1937=ADVANCED_FACE('',(#1781),#1866,.F.);
#1938=ADVANCED_FACE('',(#1782),#134,.F.);
#1939=ADVANCED_FACE('',(#1783,#1784),#135,.T.);
#1940=ADVANCED_FACE('',(#1785),#136,.T.);
#1941=ADVANCED_FACE('',(#1786),#1867,.F.);
#1942=ADVANCED_FACE('',(#1787),#1868,.T.);
#1943=ADVANCED_FACE('',(#1788),#137,.T.);
#1944=ADVANCED_FACE('',(#1789),#138,.T.);
#1945=ADVANCED_FACE('',(#1790),#139,.T.);
#1946=ADVANCED_FACE('',(#1791),#44,.T.);
#1947=ADVANCED_FACE('',(#1792),#45,.T.);
#1948=ADVANCED_FACE('',(#1793),#140,.F.);
#1949=ADVANCED_FACE('',(#1794),#1869,.T.);
#1950=ADVANCED_FACE('',(#1795),#141,.F.);
#1951=ADVANCED_FACE('',(#1796),#142,.T.);
#1952=ADVANCED_FACE('',(#1797),#1870,.F.);
#1953=ADVANCED_FACE('',(#1798),#1871,.T.);
#1954=ADVANCED_FACE('',(#1799),#46,.T.);
#1955=ADVANCED_FACE('',(#1800),#47,.T.);
#1956=ADVANCED_FACE('',(#1801),#1872,.T.);
#1957=ADVANCED_FACE('',(#1802),#1873,.F.);
#1958=ADVANCED_FACE('',(#1803),#1874,.T.);
#1959=ADVANCED_FACE('',(#1804),#1875,.F.);
#1960=ADVANCED_FACE('',(#1805),#1876,.F.);
#1961=ADVANCED_FACE('',(#1806),#1877,.F.);
#1962=ADVANCED_FACE('',(#1807),#1878,.F.);
#1963=ADVANCED_FACE('',(#1808),#1879,.F.);
#1964=ADVANCED_FACE('',(#1809),#1880,.F.);
#1965=ADVANCED_FACE('',(#1810),#1881,.F.);
#1966=ADVANCED_FACE('',(#1811),#1882,.F.);
#1967=ADVANCED_FACE('',(#1812),#1883,.T.);
#1968=ADVANCED_FACE('',(#1813),#1884,.T.);
#1969=ADVANCED_FACE('',(#1814),#1885,.T.);
#1970=ADVANCED_FACE('',(#1815),#1886,.T.);
#1971=ADVANCED_FACE('',(#1816),#1887,.T.);
#1972=ADVANCED_FACE('',(#1817),#1888,.T.);
#1973=ADVANCED_FACE('',(#1818),#1889,.T.);
#1974=ADVANCED_FACE('',(#1819),#1890,.T.);
#1975=ADVANCED_FACE('',(#1820),#1891,.T.);
#1976=ADVANCED_FACE('',(#1821),#143,.T.);
#1977=ADVANCED_FACE('',(#1822),#144,.F.);
#1978=ADVANCED_FACE('',(#1823),#145,.T.);
#1979=ADVANCED_FACE('',(#1824),#146,.T.);
#1980=ADVANCED_FACE('',(#1825),#147,.T.);
#1981=ADVANCED_FACE('',(#1826),#57,.T.);
#1982=ADVANCED_FACE('',(#1827),#148,.T.);
#1983=ADVANCED_FACE('',(#1828),#58,.F.);
#1984=ADVANCED_FACE('',(#1829),#149,.F.);
#1985=ADVANCED_FACE('',(#1830),#150,.F.);
#1986=ADVANCED_FACE('',(#1831),#151,.T.);
#1987=ADVANCED_FACE('',(#1832),#59,.T.);
#1988=ADVANCED_FACE('',(#1833),#152,.T.);
#1989=ADVANCED_FACE('',(#1834),#60,.F.);
#1990=ADVANCED_FACE('',(#1835),#153,.F.);
#1991=ADVANCED_FACE('',(#1836),#61,.T.);
#1992=ADVANCED_FACE('',(#1837),#24,.T.);
#1993=ADVANCED_FACE('',(#1838),#62,.T.);
#1994=ADVANCED_FACE('',(#1839),#63,.F.);
#1995=ADVANCED_FACE('',(#1840),#64,.T.);
#1996=ADVANCED_FACE('',(#1841),#25,.T.);
#1997=ADVANCED_FACE('',(#1842),#65,.T.);
#1998=ADVANCED_FACE('',(#1843),#66,.F.);
#1999=ADVANCED_FACE('',(#1844),#67,.T.);
#2000=ADVANCED_FACE('',(#1845),#48,.T.);
#2001=ADVANCED_FACE('',(#1846),#68,.T.);
#2002=ADVANCED_FACE('',(#1847),#69,.T.);
#2003=ADVANCED_FACE('',(#1848),#49,.T.);
#2004=ADVANCED_FACE('',(#1849),#70,.T.);
#2005=ADVANCED_FACE('',(#1850),#50,.T.);
#2006=ADVANCED_FACE('',(#1851),#26,.T.);
#2007=ADVANCED_FACE('',(#1852),#71,.T.);
#2008=ADVANCED_FACE('',(#1853),#27,.T.);
#2009=ADVANCED_FACE('',(#1854),#72,.T.);
#2010=ADVANCED_FACE('',(#1855),#28,.T.);
#2011=ADVANCED_FACE('',(#1856),#51,.T.);
#2012=CLOSED_SHELL('',(#1892,#1893,#1894,#1895,#1896,#1897,#1898,#1899,
#1900,#1901,#1902,#1903,#1904,#1905,#1906,#1907,#1908));
#2013=CLOSED_SHELL('',(#1909,#1910,#1911,#1912,#1913,#1914,#1915,#1916,
#1917,#1918,#1919,#1920,#1921,#1922,#1923,#1924,#1925,#1926,#1927,#1928,
#1929,#1930,#1931,#1932,#1933,#1934,#1935,#1936));
#2014=CLOSED_SHELL('',(#1937,#1938,#1939,#1940,#1941,#1942,#1943,#1944,
#1945,#1946,#1947,#1948,#1949,#1950,#1951,#1952,#1953,#1954,#1955,#1956,
#1957,#1958,#1959,#1960,#1961,#1962,#1963,#1964,#1965,#1966,#1967,#1968,
#1969,#1970,#1971,#1972,#1973,#1974,#1975,#1976,#1977,#1978,#1979,#1980,
#1981,#1982,#1983,#1984,#1985,#1986,#1987,#1988,#1989,#1990,#1991,#1992,
#1993,#1994,#1995,#1996,#1997,#1998,#1999,#2000,#2001,#2002,#2003,#2004,
#2005,#2006,#2007,#2008,#2009,#2010,#2011));
#2015=STYLED_ITEM('',(#2018),#2039);
#2016=STYLED_ITEM('',(#2019),#2040);
#2017=STYLED_ITEM('',(#2020),#2041);
#2018=PRESENTATION_STYLE_ASSIGNMENT((#2021));
#2019=PRESENTATION_STYLE_ASSIGNMENT((#2022));
#2020=PRESENTATION_STYLE_ASSIGNMENT((#2023));
#2021=SURFACE_STYLE_USAGE(.BOTH.,#2024);
#2022=SURFACE_STYLE_USAGE(.BOTH.,#2025);
#2023=SURFACE_STYLE_USAGE(.BOTH.,#2026);
#2024=SURFACE_SIDE_STYLE('',(#2027));
#2025=SURFACE_SIDE_STYLE('',(#2028));
#2026=SURFACE_SIDE_STYLE('',(#2029));
#2027=SURFACE_STYLE_FILL_AREA(#2030);
#2028=SURFACE_STYLE_FILL_AREA(#2031);
#2029=SURFACE_STYLE_FILL_AREA(#2032);
#2030=FILL_AREA_STYLE('',(#2033));
#2031=FILL_AREA_STYLE('',(#2034));
#2032=FILL_AREA_STYLE('',(#2035));
#2033=FILL_AREA_STYLE_COLOUR('',#2036);
#2034=FILL_AREA_STYLE_COLOUR('',#2037);
#2035=FILL_AREA_STYLE_COLOUR('',#2038);
#2036=COLOUR_RGB('',0.262745098039216,0.282352941176471,0.301960784313725);
#2037=COLOUR_RGB('',0.541176470588235,0.682352941176471,0.83921568627451);
#2038=COLOUR_RGB('',0.909803921568627,0.572549019607843,0.164705882352941);
#2039=MANIFOLD_SOLID_BREP('Corona',#2012);
#2040=MANIFOLD_SOLID_BREP('Frenulum',#2013);
#2041=MANIFOLD_SOLID_BREP('Insulation',#2014);
#2042=SHAPE_DEFINITION_REPRESENTATION(#6661,#2045);
#2043=SHAPE_DEFINITION_REPRESENTATION(#6662,#2046);
#2044=SHAPE_DEFINITION_REPRESENTATION(#6663,#2047);
#2045=SHAPE_REPRESENTATION('Corona',(#2048),#6646);
#2046=SHAPE_REPRESENTATION('Frenulum',(#2064),#6647);
#2047=SHAPE_REPRESENTATION('Insulation',(#2089),#6648);
#2048=AXIS2_PLACEMENT_3D('',#2508,#2166,#2167);
#2049=AXIS2_PLACEMENT_3D('',#2730,#2172,#2173);
#2050=AXIS2_PLACEMENT_3D('',#2813,#2176,#2177);
#2051=AXIS2_PLACEMENT_3D('',#2817,#2180,#2181);
#2052=AXIS2_PLACEMENT_3D('',#2869,#2184,#2185);
#2053=AXIS2_PLACEMENT_3D('',#2891,#2186,#2187);
#2054=AXIS2_PLACEMENT_3D('',#2995,#2188,#2189);
#2055=AXIS2_PLACEMENT_3D('',#3008,#2192,#2193);
#2056=AXIS2_PLACEMENT_3D('',#3011,#2195,#2196);
#2057=AXIS2_PLACEMENT_3D('',#3014,#2198,#2199);
#2058=AXIS2_PLACEMENT_3D('',#3022,#2201,#2202);
#2059=AXIS2_PLACEMENT_3D('',#3023,#2203,#2204);
#2060=AXIS2_PLACEMENT_3D('',#3025,#2205,#2206);
#2061=AXIS2_PLACEMENT_3D('',#3033,#2208,#2209);
#2062=AXIS2_PLACEMENT_3D('',#3034,#2210,#2211);
#2063=AXIS2_PLACEMENT_3D('',#3238,#2212,#2213);
#2064=AXIS2_PLACEMENT_3D('',#3260,#2214,#2215);
#2065=AXIS2_PLACEMENT_3D('',#3575,#2221,#2222);
#2066=AXIS2_PLACEMENT_3D('',#3583,#2227,#2228);
#2067=AXIS2_PLACEMENT_3D('',#3588,#2231,#2232);
#2068=AXIS2_PLACEMENT_3D('',#3670,#2233,#2234);
#2069=AXIS2_PLACEMENT_3D('',#3690,#2235,#2236);
#2070=AXIS2_PLACEMENT_3D('',#3759,#2238,#2239);
#2071=AXIS2_PLACEMENT_3D('',#3760,#2240,#2241);
#2072=AXIS2_PLACEMENT_3D('',#3768,#2245,#2246);
#2073=AXIS2_PLACEMENT_3D('',#3771,#2248,#2249);
#2074=AXIS2_PLACEMENT_3D('',#3773,#2251,#2252);
#2075=AXIS2_PLACEMENT_3D('',#3775,#2254,#2255);
#2076=AXIS2_PLACEMENT_3D('',#3777,#2257,#2258);
#2077=AXIS2_PLACEMENT_3D('',#3779,#2260,#2261);
#2078=AXIS2_PLACEMENT_3D('',#3780,#2262,#2263);
#2079=AXIS2_PLACEMENT_3D('',#3781,#2264,#2265);
#2080=AXIS2_PLACEMENT_3D('',#3842,#2266,#2267);
#2081=AXIS2_PLACEMENT_3D('',#3864,#2268,#2269);
#2082=AXIS2_PLACEMENT_3D('',#3928,#2270,#2271);
#2083=AXIS2_PLACEMENT_3D('',#3950,#2272,#2273);
#2084=AXIS2_PLACEMENT_3D('',#3981,#2274,#2275);
#2085=AXIS2_PLACEMENT_3D('',#4000,#2276,#2277);
#2086=AXIS2_PLACEMENT_3D('',#4064,#2278,#2279);
#2087=AXIS2_PLACEMENT_3D('',#4083,#2280,#2281);
#2088=AXIS2_PLACEMENT_3D('',#4099,#2282,#2283);
#2089=AXIS2_PLACEMENT_3D('',#4100,#2284,#2285);
#2090=AXIS2_PLACEMENT_3D('',#4373,#2290,#2291);
#2091=AXIS2_PLACEMENT_3D('',#4402,#2295,#2296);
#2092=AXIS2_PLACEMENT_3D('',#4428,#2298,#2299);
#2093=AXIS2_PLACEMENT_3D('',#4449,#2301,#2302);
#2094=AXIS2_PLACEMENT_3D('',#4453,#2304,#2305);
#2095=AXIS2_PLACEMENT_3D('',#4457,#2307,#2308);
#2096=AXIS2_PLACEMENT_3D('',#4538,#2310,#2311);
#2097=AXIS2_PLACEMENT_3D('',#4548,#2316,#2317);
#2098=AXIS2_PLACEMENT_3D('',#4632,#2320,#2321);
#2099=AXIS2_PLACEMENT_3D('',#4716,#2324,#2325);
#2100=AXIS2_PLACEMENT_3D('',#4717,#2326,#2327);
#2101=AXIS2_PLACEMENT_3D('',#4772,#2331,#2332);
#2102=AXIS2_PLACEMENT_3D('',#4773,#2333,#2334);
#2103=AXIS2_PLACEMENT_3D('',#4779,#2337,#2338);
#2104=AXIS2_PLACEMENT_3D('',#4787,#2343,#2344);
#2105=AXIS2_PLACEMENT_3D('',#4790,#2347,#2348);
#2106=AXIS2_PLACEMENT_3D('',#4835,#2350,#2351);
#2107=AXIS2_PLACEMENT_3D('',#4963,#2354,#2355);
#2108=AXIS2_PLACEMENT_3D('',#4987,#2358,#2359);
#2109=AXIS2_PLACEMENT_3D('',#6368,#2364,#2365);
#2110=AXIS2_PLACEMENT_3D('',#6378,#2371,#2372);
#2111=AXIS2_PLACEMENT_3D('',#6388,#2378,#2379);
#2112=AXIS2_PLACEMENT_3D('',#6396,#2383,#2384);
#2113=AXIS2_PLACEMENT_3D('',#6404,#2388,#2389);
#2114=AXIS2_PLACEMENT_3D('',#6405,#2390,#2391);
#2115=AXIS2_PLACEMENT_3D('',#6411,#2395,#2396);
#2116=AXIS2_PLACEMENT_3D('',#6417,#2400,#2401);
#2117=AXIS2_PLACEMENT_3D('',#6418,#2402,#2403);
#2118=AXIS2_PLACEMENT_3D('',#6419,#2404,#2405);
#2119=AXIS2_PLACEMENT_3D('',#6420,#2406,#2407);
#2120=AXIS2_PLACEMENT_3D('',#6421,#2408,#2409);
#2121=AXIS2_PLACEMENT_3D('',#6423,#2411,#2412);
#2122=AXIS2_PLACEMENT_3D('',#6425,#2414,#2415);
#2123=AXIS2_PLACEMENT_3D('',#6426,#2416,#2417);
#2124=AXIS2_PLACEMENT_3D('',#6427,#2418,#2419);
#2125=AXIS2_PLACEMENT_3D('',#6436,#2422,#2423);
#2126=AXIS2_PLACEMENT_3D('',#6445,#2426,#2427);
#2127=AXIS2_PLACEMENT_3D('',#6446,#2428,#2429);
#2128=AXIS2_PLACEMENT_3D('',#6447,#2430,#2431);
#2129=AXIS2_PLACEMENT_3D('',#6449,#2433,#2434);
#2130=AXIS2_PLACEMENT_3D('',#6451,#2436,#2437);
#2131=AXIS2_PLACEMENT_3D('',#6452,#2438,#2439);
#2132=AXIS2_PLACEMENT_3D('',#6453,#2440,#2441);
#2133=AXIS2_PLACEMENT_3D('',#6454,#2442,#2443);
#2134=AXIS2_PLACEMENT_3D('',#6455,#2444,#2445);
#2135=AXIS2_PLACEMENT_3D('',#6456,#2446,#2447);
#2136=AXIS2_PLACEMENT_3D('',#6457,#2448,#2449);
#2137=AXIS2_PLACEMENT_3D('',#6458,#2450,#2451);
#2138=AXIS2_PLACEMENT_3D('',#6459,#2452,#2453);
#2139=AXIS2_PLACEMENT_3D('',#6460,#2454,#2455);
#2140=AXIS2_PLACEMENT_3D('',#6461,#2456,#2457);
#2141=AXIS2_PLACEMENT_3D('',#6462,#2458,#2459);
#2142=AXIS2_PLACEMENT_3D('',#6463,#2460,#2461);
#2143=AXIS2_PLACEMENT_3D('',#6464,#2462,#2463);
#2144=AXIS2_PLACEMENT_3D('',#6465,#2464,#2465);
#2145=AXIS2_PLACEMENT_3D('',#6466,#2466,#2467);
#2146=AXIS2_PLACEMENT_3D('',#6467,#2468,#2469);
#2147=AXIS2_PLACEMENT_3D('',#6468,#2470,#2471);
#2148=AXIS2_PLACEMENT_3D('',#6469,#2472,#2473);
#2149=AXIS2_PLACEMENT_3D('',#6488,#2474,#2475);
#2150=AXIS2_PLACEMENT_3D('',#6489,#2476,#2477);
#2151=AXIS2_PLACEMENT_3D('',#6490,#2478,#2479);
#2152=AXIS2_PLACEMENT_3D('',#6491,#2480,#2481);
#2153=AXIS2_PLACEMENT_3D('',#6510,#2482,#2483);
#2154=AXIS2_PLACEMENT_3D('',#6511,#2484,#2485);
#2155=AXIS2_PLACEMENT_3D('',#6563,#2486,#2487);
#2156=AXIS2_PLACEMENT_3D('',#6564,#2488,#2489);
#2157=AXIS2_PLACEMENT_3D('',#6565,#2490,#2491);
#2158=AXIS2_PLACEMENT_3D('',#6566,#2492,#2493);
#2159=AXIS2_PLACEMENT_3D('',#6567,#2494,#2495);
#2160=AXIS2_PLACEMENT_3D('',#6568,#2496,#2497);
#2161=AXIS2_PLACEMENT_3D('',#6569,#2498,#2499);
#2162=AXIS2_PLACEMENT_3D('',#6570,#2500,#2501);
#2163=AXIS2_PLACEMENT_3D('',#6571,#2502,#2503);
#2164=AXIS2_PLACEMENT_3D('',#6572,#2504,#2505);
#2165=AXIS2_PLACEMENT_3D('',#6573,#2506,#2507);
#2166=DIRECTION('',(0.,0.,1.));
#2167=DIRECTION('',(1.,0.,0.));
#2168=DIRECTION('',(0.,0.,-1.));
#2169=DIRECTION('',(0.,0.,-1.));
#2170=DIRECTION('',(0.,0.,-1.));
#2171=DIRECTION('',(0.,0.,-1.));
#2172=DIRECTION('',(0.,0.,-1.));
#2173=DIRECTION('',(-1.,0.,0.));
#2174=DIRECTION('',(0.,1.,0.));
#2175=DIRECTION('',(0.,-1.,0.));
#2176=DIRECTION('',(0.,0.,1.));
#2177=DIRECTION('',(1.,0.,0.));
#2178=DIRECTION('',(2.60208521396521E-16,-1.,0.));
#2179=DIRECTION('',(0.,1.,0.));
#2180=DIRECTION('',(0.,0.,1.));
#2181=DIRECTION('',(1.,0.,0.));
#2182=DIRECTION('',(0.,0.,-1.));
#2183=DIRECTION('',(0.,0.,-1.));
#2184=DIRECTION('',(1.,0.,-1.5770213417971E-16));
#2185=DIRECTION('',(-1.5770213417971E-16,0.,-1.));
#2186=DIRECTION('',(1.,0.,1.5770213417971E-16));
#2187=DIRECTION('',(1.5770213417971E-16,0.,-1.));
#2188=DIRECTION('',(0.,0.,-1.));
#2189=DIRECTION('',(0.000297648235843879,0.999999955702763,0.));
#2190=DIRECTION('',(0.,0.,-1.));
#2191=DIRECTION('',(0.,0.,-1.));
#2192=DIRECTION('',(0.,0.,-1.));
#2193=DIRECTION('',(-1.,0.,0.));
#2194=DIRECTION('',(0.,0.,-1.));
#2195=DIRECTION('',(0.,0.,1.));
#2196=DIRECTION('',(1.,0.,0.));
#2197=DIRECTION('',(0.,0.,-1.));
#2198=DIRECTION('',(1.,0.,0.));
#2199=DIRECTION('',(0.,0.,-1.));
#2200=DIRECTION('',(0.,-1.,0.));
#2201=DIRECTION('',(0.,0.,-1.));
#2202=DIRECTION('',(-1.,0.,0.));
#2203=DIRECTION('',(0.,0.,1.));
#2204=DIRECTION('',(1.,0.,0.));
#2205=DIRECTION('',(1.,2.60208521396521E-16,0.));
#2206=DIRECTION('',(-2.60208521396521E-16,1.,0.));
#2207=DIRECTION('',(2.60208521396521E-16,-1.,0.));
#2208=DIRECTION('',(0.,0.,1.));
#2209=DIRECTION('',(1.,0.,0.));
#2210=DIRECTION('',(0.,0.,1.));
#2211=DIRECTION('',(1.,0.,0.));
#2212=DIRECTION('',(0.,0.,1.));
#2213=DIRECTION('',(1.,0.,0.));
#2214=DIRECTION('',(0.,0.,1.));
#2215=DIRECTION('',(1.,0.,0.));
#2216=DIRECTION('',(0.,0.,-1.));
#2217=DIRECTION('',(0.,0.,-1.));
#2218=DIRECTION('',(0.,0.,-1.));
#2219=DIRECTION('',(0.,0.,-1.));
#2220=DIRECTION('',(0.,0.,-1.));
#2221=DIRECTION('',(0.,0.,-1.));
#2222=DIRECTION('',(-1.,0.,0.));
#2223=DIRECTION('',(-0.516653582194543,-0.85619453163726,0.));
#2224=DIRECTION('',(0.,1.,0.));
#2225=DIRECTION('',(0.,1.,0.));
#2226=DIRECTION('',(0.516653582194542,0.85619453163726,0.));
#2227=DIRECTION('',(0.,0.,1.));
#2228=DIRECTION('',(1.,0.,0.));
#2229=DIRECTION('',(0.516653582194542,0.85619453163726,0.));
#2230=DIRECTION('',(-0.85619453163726,0.516653582194542,0.));
#2231=DIRECTION('',(0.,0.,1.));
#2232=DIRECTION('',(1.,0.,0.));
#2233=DIRECTION('',(1.,0.,-1.5770213417971E-16));
#2234=DIRECTION('',(-1.5770213417971E-16,0.,-1.));
#2235=DIRECTION('',(1.,0.,1.5770213417971E-16));
#2236=DIRECTION('',(1.5770213417971E-16,0.,-1.));
#2237=DIRECTION('',(0.,0.,-1.));
#2238=DIRECTION('',(0.,0.,1.));
#2239=DIRECTION('',(1.,0.,0.));
#2240=DIRECTION('',(0.,0.,1.));
#2241=DIRECTION('',(1.,0.,0.));
#2242=DIRECTION('',(-0.516653582194543,-0.85619453163726,0.));
#2243=DIRECTION('',(-0.85619453163726,0.516653582194542,0.));
#2244=DIRECTION('',(0.516653582194542,0.85619453163726,0.));
#2245=DIRECTION('',(0.,0.,1.));
#2246=DIRECTION('',(1.,0.,0.));
#2247=DIRECTION('',(0.516653582194542,0.85619453163726,0.));
#2248=DIRECTION('',(-0.85619453163726,0.516653582194542,0.));
#2249=DIRECTION('',(-0.516653582194542,-0.85619453163726,0.));
#2250=DIRECTION('',(0.,0.,-1.));
#2251=DIRECTION('',(0.85619453163726,-0.516653582194542,0.));
#2252=DIRECTION('',(0.516653582194542,0.85619453163726,0.));
#2253=DIRECTION('',(0.,0.,-1.));
#2254=DIRECTION('',(-0.516653582194542,-0.85619453163726,0.));
#2255=DIRECTION('',(0.85619453163726,-0.516653582194542,0.));
#2256=DIRECTION('',(0.,0.,-1.));
#2257=DIRECTION('',(-0.85619453163726,0.516653582194542,0.));
#2258=DIRECTION('',(-0.516653582194542,-0.85619453163726,0.));
#2259=DIRECTION('',(0.,0.,-1.));
#2260=DIRECTION('',(0.,0.,-1.));
#2261=DIRECTION('',(-1.,0.,0.));
#2262=DIRECTION('',(0.,0.,-1.));
#2263=DIRECTION('',(-1.,0.,0.));
#2264=DIRECTION('',(0.,0.,1.));
#2265=DIRECTION('',(1.,0.,0.));
#2266=DIRECTION('',(0.966151588906181,-0.236463343354959,0.103131927662854));
#2267=DIRECTION('',(0.237730999701993,0.971331030998542,0.));
#2268=DIRECTION('',(0.0381768668937462,-0.00311920265361759,-0.999266129421479));
#2269=DIRECTION('',(-0.999270990599478,0.,-0.0381770526145866));
#2270=DIRECTION('',(0.0373913207865888,0.00305416932274728,0.999296032804885));
#2271=DIRECTION('',(0.999300693529332,0.,-0.0373914951799989));
#2272=DIRECTION('',(0.96616411350591,0.236420183117351,-0.10311354318467));
#2273=DIRECTION('',(-0.237687152621669,0.971341761420049,0.));
#2274=DIRECTION('',(-0.963244440875166,-0.246924432712689,0.105775572097747));
#2275=DIRECTION('',(0.248317486790579,-0.968678700991206,0.));
#2276=DIRECTION('',(-0.0395603743931512,-0.00331239546056579,-0.999211691692099));
#2277=DIRECTION('',(-0.999217173394407,0.,0.0395605914224328));
#2278=DIRECTION('',(-0.0404030693008716,0.00338348969713258,0.999177733933527));
#2279=DIRECTION('',(0.999183453277247,0.,0.0404033005700772));
#2280=DIRECTION('',(-0.963235590356125,0.246953701881788,-0.10578783766657));
#2281=DIRECTION('',(-0.248347246955231,-0.96867107158713,0.));
#2282=DIRECTION('',(0.,0.,1.));
#2283=DIRECTION('',(1.,0.,0.));
#2284=DIRECTION('',(0.,0.,1.));
#2285=DIRECTION('',(1.,0.,0.));
#2286=DIRECTION('',(0.,0.,-1.));
#2287=DIRECTION('',(0.,0.,-1.));
#2288=DIRECTION('',(0.,0.,-1.));
#2289=DIRECTION('',(0.,0.,-1.));
#2290=DIRECTION('',(1.,0.,1.5770213417971E-16));
#2291=DIRECTION('',(1.5770213417971E-16,0.,-1.));
#2292=DIRECTION('',(0.,0.,-1.));
#2293=DIRECTION('',(0.,1.,0.));
#2294=DIRECTION('',(0.,0.,-1.));
#2295=DIRECTION('',(0.,0.,-1.));
#2296=DIRECTION('',(-1.,0.,0.));
#2297=DIRECTION('',(-0.516653582194542,-0.85619453163726,0.));
#2298=DIRECTION('',(0.,0.,-1.));
#2299=DIRECTION('',(-1.,0.,0.));
#2300=DIRECTION('',(-0.516653582194542,-0.85619453163726,0.));
#2301=DIRECTION('',(0.,0.,-1.));
#2302=DIRECTION('',(-1.,0.,0.));
#2303=DIRECTION('',(0.,-1.,0.));
#2304=DIRECTION('',(0.,0.,-1.));
#2305=DIRECTION('',(-1.,0.,0.));
#2306=DIRECTION('',(2.60208521396521E-16,-1.,0.));
#2307=DIRECTION('',(0.,0.,-1.));
#2308=DIRECTION('',(-1.,0.,0.));
#2309=DIRECTION('',(0.,-1.,0.));
#2310=DIRECTION('',(0.,0.,1.));
#2311=DIRECTION('',(0.172345598953321,-0.985036544764417,0.));
#2312=DIRECTION('',(0.,1.,0.));
#2313=DIRECTION('',(-0.516653582194543,-0.85619453163726,0.));
#2314=DIRECTION('',(-0.85619453163726,0.516653582194542,0.));
#2315=DIRECTION('',(0.516653582194542,0.85619453163726,0.));
#2316=DIRECTION('',(0.,0.,1.));
#2317=DIRECTION('',(1.,0.,0.));
#2318=DIRECTION('',(0.516653582194542,0.85619453163726,0.));
#2319=DIRECTION('',(0.,1.,0.));
#2320=DIRECTION('',(0.,0.,1.));
#2321=DIRECTION('',(-0.172345598951273,-0.985036544764775,0.));
#2322=DIRECTION('',(0.,1.,0.));
#2323=DIRECTION('',(2.60208521396521E-16,-1.,0.));
#2324=DIRECTION('',(0.,0.,1.));
#2325=DIRECTION('',(1.,0.,0.));
#2326=DIRECTION('',(1.,0.,1.5770213417971E-16));
#2327=DIRECTION('',(1.5770213417971E-16,0.,-1.));
#2328=DIRECTION('',(0.,0.,-1.));
#2329=DIRECTION('',(0.,0.,-1.));
#2330=DIRECTION('',(0.,0.,-1.));
#2331=DIRECTION('',(0.,0.,1.));
#2332=DIRECTION('',(1.,0.,0.));
#2333=DIRECTION('',(0.,0.,1.));
#2334=DIRECTION('',(1.,0.,0.));
#2335=DIRECTION('',(0.516653582194542,0.85619453163726,0.));
#2336=DIRECTION('',(0.516653582194542,0.85619453163726,0.));
#2337=DIRECTION('',(0.,0.,1.));
#2338=DIRECTION('',(1.,0.,0.));
#2339=DIRECTION('',(0.516653582194542,0.85619453163726,0.));
#2340=DIRECTION('',(-0.85619453163726,0.516653582194542,0.));
#2341=DIRECTION('',(-0.516653582194542,-0.85619453163726,0.));
#2342=DIRECTION('',(0.516653582194542,0.85619453163726,0.));
#2343=DIRECTION('',(-0.516653582194542,-0.85619453163726,0.));
#2344=DIRECTION('',(0.85619453163726,-0.516653582194542,0.));
#2345=DIRECTION('',(0.,0.,-1.));
#2346=DIRECTION('',(0.,0.,-1.));
#2347=DIRECTION('',(0.85619453163726,-0.516653582194542,0.));
#2348=DIRECTION('',(0.516653582194542,0.85619453163726,0.));
#2349=DIRECTION('',(-0.516653582194542,-0.85619453163726,0.));
#2350=DIRECTION('',(0.,0.,1.));
#2351=DIRECTION('',(1.,0.,0.));
#2352=DIRECTION('',(0.516653582194542,0.85619453163726,0.));
#2353=DIRECTION('',(0.,0.,-1.));
#2354=DIRECTION('',(1.,0.,-1.5770213417971E-16));
#2355=DIRECTION('',(-1.5770213417971E-16,0.,-1.));
#2356=DIRECTION('',(0.,0.,-1.));
#2357=DIRECTION('',(0.,0.,-1.));
#2358=DIRECTION('',(1.,0.,-1.5770213417971E-16));
#2359=DIRECTION('',(-1.5770213417971E-16,0.,-1.));
#2360=DIRECTION('',(0.,0.,-1.));
#2361=DIRECTION('',(0.,0.,-1.));
#2362=DIRECTION('',(0.,0.,-1.));
#2363=DIRECTION('',(0.,0.,-1.));
#2364=DIRECTION('',(1.,2.60208521396521E-16,0.));
#2365=DIRECTION('',(-2.60208521396521E-16,1.,0.));
#2366=DIRECTION('',(2.60208521396521E-16,-1.,0.));
#2367=DIRECTION('',(0.,0.,-1.));
#2368=DIRECTION('',(0.,0.,-1.));
#2369=DIRECTION('',(2.60208521396521E-16,-1.,0.));
#2370=DIRECTION('',(0.,0.,-1.));
#2371=DIRECTION('',(1.,0.,0.));
#2372=DIRECTION('',(0.,0.,-1.));
#2373=DIRECTION('',(0.,0.,-1.));
#2374=DIRECTION('',(0.,-1.,0.));
#2375=DIRECTION('',(0.,0.,-1.));
#2376=DIRECTION('',(0.,-1.,0.));
#2377=DIRECTION('',(0.,0.,1.));
#2378=DIRECTION('',(0.,0.,1.));
#2379=DIRECTION('',(2.60208521396521E-16,-1.,0.));
#2380=DIRECTION('',(0.,-1.,0.));
#2381=DIRECTION('',(-1.,0.,0.));
#2382=DIRECTION('',(0.,-1.,0.));
#2383=DIRECTION('',(0.,0.,1.));
#2384=DIRECTION('',(1.,0.,0.));
#2385=DIRECTION('',(2.60208521396521E-16,-1.,0.));
#2386=DIRECTION('',(1.,2.60208521396521E-16,0.));
#2387=DIRECTION('',(2.60208521396521E-16,-1.,0.));
#2388=DIRECTION('',(0.,0.,1.));
#2389=DIRECTION('',(1.,0.,0.));
#2390=DIRECTION('',(2.60208521396521E-16,-1.,0.));
#2391=DIRECTION('',(0.,0.,-1.));
#2392=DIRECTION('',(0.,0.,-1.));
#2393=DIRECTION('',(1.,2.60208521396521E-16,0.));
#2394=DIRECTION('',(0.,0.,-1.));
#2395=DIRECTION('',(0.,-1.,0.));
#2396=DIRECTION('',(0.,0.,-1.));
#2397=DIRECTION('',(0.,0.,-1.));
#2398=DIRECTION('',(-1.,0.,0.));
#2399=DIRECTION('',(0.,0.,-1.));
#2400=DIRECTION('',(0.,0.,-1.));
#2401=DIRECTION('',(-1.,0.,0.));
#2402=DIRECTION('',(0.,0.,-1.));
#2403=DIRECTION('',(-1.,0.,0.));
#2404=DIRECTION('',(0.,0.,1.));
#2405=DIRECTION('',(1.,0.,0.));
#2406=DIRECTION('',(1.,0.,0.));
#2407=DIRECTION('',(0.,0.,-1.));
#2408=DIRECTION('',(1.,0.,0.));
#2409=DIRECTION('',(0.,0.,-1.));
#2410=DIRECTION('',(0.,0.,-1.));
#2411=DIRECTION('',(0.,0.,-1.));
#2412=DIRECTION('',(-1.,0.,0.));
#2413=DIRECTION('',(0.,0.,-1.));
#2414=DIRECTION('',(1.,2.60208521396521E-16,0.));
#2415=DIRECTION('',(-2.60208521396521E-16,1.,0.));
#2416=DIRECTION('',(1.,2.60208521396521E-16,0.));
#2417=DIRECTION('',(-2.60208521396521E-16,1.,0.));
#2418=DIRECTION('',(-0.85619453163726,0.516653582194542,0.));
#2419=DIRECTION('',(-0.516653582194542,-0.85619453163726,0.));
#2420=DIRECTION('',(0.516653582194542,0.85619453163726,0.));
#2421=DIRECTION('',(0.,0.,1.));
#2422=DIRECTION('',(-0.85619453163726,0.516653582194542,0.));
#2423=DIRECTION('',(-0.516653582194542,-0.85619453163726,0.));
#2424=DIRECTION('',(0.,0.,-1.));
#2425=DIRECTION('',(0.516653582194542,0.85619453163726,0.));
#2426=DIRECTION('',(0.,0.,-1.));
#2427=DIRECTION('',(-1.,0.,0.));
#2428=DIRECTION('',(0.,0.,1.));
#2429=DIRECTION('',(1.,0.,0.));
#2430=DIRECTION('',(-0.85619453163726,0.516653582194542,0.));
#2431=DIRECTION('',(-0.516653582194542,-0.85619453163726,0.));
#2432=DIRECTION('',(0.,0.,-1.));
#2433=DIRECTION('',(0.,0.,-1.));
#2434=DIRECTION('',(-1.,0.,0.));
#2435=DIRECTION('',(0.,0.,-1.));
#2436=DIRECTION('',(-0.85619453163726,0.516653582194542,0.));
#2437=DIRECTION('',(-0.516653582194542,-0.85619453163726,0.));
#2438=DIRECTION('',(0.516653582194542,0.85619453163726,0.));
#2439=DIRECTION('',(-0.85619453163726,0.516653582194542,0.));
#2440=DIRECTION('',(-0.516653582194543,-0.85619453163726,0.));
#2441=DIRECTION('',(0.85619453163726,-0.516653582194543,0.));
#2442=DIRECTION('',(0.,0.,1.));
#2443=DIRECTION('',(1.,0.,0.));
#2444=DIRECTION('',(0.516653582194544,0.856194531637259,0.));
#2445=DIRECTION('',(-0.856194531637259,0.516653582194544,0.));
#2446=DIRECTION('',(-0.516653582194542,-0.85619453163726,0.));
#2447=DIRECTION('',(0.85619453163726,-0.516653582194542,0.));
#2448=DIRECTION('',(0.,0.,-1.));
#2449=DIRECTION('',(-1.,0.,0.));
#2450=DIRECTION('',(0.,0.,-1.));
#2451=DIRECTION('',(-1.,0.,0.));
#2452=DIRECTION('',(0.,1.,0.));
#2453=DIRECTION('',(0.,0.,1.));
#2454=DIRECTION('',(0.,1.,0.));
#2455=DIRECTION('',(0.,0.,1.));
#2456=DIRECTION('',(0.,1.,0.));
#2457=DIRECTION('',(0.,0.,1.));
#2458=DIRECTION('',(0.,0.,1.));
#2459=DIRECTION('',(1.,0.,0.));
#2460=DIRECTION('',(0.,-1.,0.));
#2461=DIRECTION('',(0.,0.,-1.));
#2462=DIRECTION('',(2.60208521396521E-16,-1.,0.));
#2463=DIRECTION('',(1.,2.60208521396521E-16,0.));
#2464=DIRECTION('',(0.,1.,0.));
#2465=DIRECTION('',(0.,0.,1.));
#2466=DIRECTION('',(0.,0.,-1.));
#2467=DIRECTION('',(-1.,0.,0.));
#2468=DIRECTION('',(0.,0.,-1.));
#2469=DIRECTION('',(-1.,0.,0.));
#2470=DIRECTION('',(0.,0.,1.));
#2471=DIRECTION('',(1.,0.,0.));
#2472=DIRECTION('',(-0.514495755427526,0.,-0.857492925712544));
#2473=DIRECTION('',(-0.857492925712544,0.,0.514495755427527));
#2474=DIRECTION('',(-0.857492925712544,0.,-0.514495755427526));
#2475=DIRECTION('',(-0.514495755427526,0.,0.857492925712545));
#2476=DIRECTION('',(-1.,0.,0.));
#2477=DIRECTION('',(0.,0.,1.));
#2478=DIRECTION('',(0.,0.,-1.));
#2479=DIRECTION('',(-1.,0.,0.));
#2480=DIRECTION('',(-0.514495755427526,-1.33876179784583E-16,0.857492925712544));
#2481=DIRECTION('',(0.857492925712544,0.,0.514495755427526));
#2482=DIRECTION('',(-0.857492925712544,-2.23126966307638E-16,0.514495755427526));
#2483=DIRECTION('',(0.514495755427526,0.,0.857492925712544));
#2484=DIRECTION('',(1.,2.60208521396521E-16,0.));
#2485=DIRECTION('',(-2.60208521396521E-16,1.,0.));
#2486=DIRECTION('',(0.989351438774089,0.145546317698664,0.));
#2487=DIRECTION('',(-0.145546317698664,0.989351438774089,0.));
#2488=DIRECTION('',(0.,0.,-1.));
#2489=DIRECTION('',(-1.,0.,0.));
#2490=DIRECTION('',(0.,1.,0.));
#2491=DIRECTION('',(0.,0.,1.));
#2492=DIRECTION('',(0.,1.,0.));
#2493=DIRECTION('',(0.,0.,1.));
#2494=DIRECTION('',(0.,1.,0.));
#2495=DIRECTION('',(0.,0.,1.));
#2496=DIRECTION('',(0.,0.,-1.));
#2497=DIRECTION('',(-1.,0.,0.));
#2498=DIRECTION('',(0.,-1.,0.));
#2499=DIRECTION('',(0.,0.,-1.));
#2500=DIRECTION('',(2.60208521396521E-16,-1.,0.));
#2501=DIRECTION('',(1.,2.60208521396521E-16,0.));
#2502=DIRECTION('',(0.,-1.,0.));
#2503=DIRECTION('',(0.,0.,-1.));
#2504=DIRECTION('',(0.,0.,-1.));
#2505=DIRECTION('',(-1.,0.,0.));
#2506=DIRECTION('',(0.989351438774089,-0.145546317698665,0.));
#2507=DIRECTION('',(0.145546317698665,0.989351438774089,0.));
#2508=CARTESIAN_POINT('',(0.,0.,0.));
#2509=CARTESIAN_POINT('',(0.0117999999961787,-0.0141496656012049,0.0179890839200875));
#2510=CARTESIAN_POINT('',(0.0117999999961787,-0.0141496656012049,0.));
#2511=CARTESIAN_POINT('',(0.0130509020429122,-0.0126371211978808,0.0179890839200875));
#2512=CARTESIAN_POINT('',(0.0130509020429122,-0.0126371211978808,0.));
#2513=CARTESIAN_POINT('',(0.0147522288150555,-0.0100969966469663,0.0179890839200875));
#2514=CARTESIAN_POINT('',(0.0147522288150555,-0.0100969966469663,6.93889390390723E-18));
#2515=CARTESIAN_POINT('',(0.0166391025595213,-0.00678383074548624,0.0179890839200875));
#2516=CARTESIAN_POINT('',(0.0166391025595213,-0.00678383074548624,-3.46944695195361E-18));
#2517=CARTESIAN_POINT('',(0.0182694103798767,-0.0036663754242687,0.0179890839200875));
#2518=CARTESIAN_POINT('',(0.0182694103798767,-0.0036663754242687,0.));
#2519=CARTESIAN_POINT('',(0.019825541567545,0.000219550400384484,0.0179890839200875));
#2520=CARTESIAN_POINT('',(0.019825541567545,0.000219550400384484,-3.46944695195361E-18));
#2521=CARTESIAN_POINT('',(0.0202967765850554,0.00452550842217555,0.0179890839200875));
#2522=CARTESIAN_POINT('',(0.0202967765850554,0.00452550842217555,6.93889390390723E-18));
#2523=CARTESIAN_POINT('',(0.0197971305888361,0.0081701851075804,0.0179890839200875));
#2524=CARTESIAN_POINT('',(0.0197971305888361,0.0081701851075804,-3.46944695195361E-18));
#2525=CARTESIAN_POINT('',(0.0189089635901828,0.0108825237010378,0.0179890839200875));
#2526=CARTESIAN_POINT('',(0.0189089635901828,0.0108825237010378,-3.46944695195361E-18));
#2527=CARTESIAN_POINT('',(0.0174332242404462,0.0134594328254689,0.0179890839200875));
#2528=CARTESIAN_POINT('',(0.0174332242404462,0.0134594328254689,0.));
#2529=CARTESIAN_POINT('',(0.0152624386675003,0.0157325687677501,0.0179890839200875));
#2530=CARTESIAN_POINT('',(0.0152624386675003,0.0157325687677501,6.93889390390723E-18));
#2531=CARTESIAN_POINT('',(0.0126171227528362,0.0174720070625114,0.0179890839200875));
#2532=CARTESIAN_POINT('',(0.0126171227528362,0.0174720070625114,0.));
#2533=CARTESIAN_POINT('',(0.00864110698354173,0.0192093242819943,0.0179890839200875));
#2534=CARTESIAN_POINT('',(0.00864110698354173,0.0192093242819943,3.46944695195361E-18));
#2535=CARTESIAN_POINT('',(0.00528755576990349,0.0199091937046901,0.0179890839200875));
#2536=CARTESIAN_POINT('',(0.00528755576990349,0.0199091937046901,0.));
#2537=CARTESIAN_POINT('',(0.0029999999821153,0.0201279577801693,0.0179890839200875));
#2538=CARTESIAN_POINT('',(0.0029999999821153,0.0201279577801693,0.));
#2539=CARTESIAN_POINT('',(0.003,0.0201279579671845,0.013));
#2540=CARTESIAN_POINT('',(0.003,0.0201279579671845,0.010529634150014));
#2541=CARTESIAN_POINT('',(0.003,0.0201279579671845,0.));
#2542=CARTESIAN_POINT('',(0.00299999998174557,0.0201279577802046,0.010529634150014));
#2543=CARTESIAN_POINT('',(0.00498637458900405,0.0199379963345365,0.0105026397493091));
#2544=CARTESIAN_POINT('',(0.00788791892559991,0.019385350715233,0.0104225140879041));
#2545=CARTESIAN_POINT('',(0.0116147198007691,0.0179590128871388,0.0102174672348891));
#2546=CARTESIAN_POINT('',(0.0142141765799015,0.0164962049010935,0.0100324940497002));
#2547=CARTESIAN_POINT('',(0.0165186197231403,0.0145491753302531,0.00991877347481119));
#2548=CARTESIAN_POINT('',(0.0182902458162482,0.0121308239643782,0.0100894751877538));
#2549=CARTESIAN_POINT('',(0.0194808569957261,0.0093743827920197,0.0105593062735987));
#2550=CARTESIAN_POINT('',(0.0200843823511972,0.00654218067508146,0.0112099802642782));
#2551=CARTESIAN_POINT('',(0.0201887712200293,0.00363019989027452,0.0119892547147906));
#2552=CARTESIAN_POINT('',(0.0198010814299782,0.00079157327402096,0.0128132561103821));
#2553=CARTESIAN_POINT('',(0.018961527365828,-0.00196414464942059,0.0136580697125712));
#2554=CARTESIAN_POINT('',(0.0178171808125554,-0.00454750439942482,0.0144895856489907));
#2555=CARTESIAN_POINT('',(0.0164940629530369,-0.00704979442765481,0.0153351422340838));
#2556=CARTESIAN_POINT('',(0.0146072825294948,-0.0103229978838526,0.0164771890702335));
#2557=CARTESIAN_POINT('',(0.0130136733827815,-0.0126821367135704,0.0173348770504837));
#2558=CARTESIAN_POINT('',(0.0118,-0.0141496655965843,0.0178817931611208));
#2559=CARTESIAN_POINT('',(0.0118,-0.0141496655965843,0.0178817931611208));
#2560=CARTESIAN_POINT('',(0.0118,-0.0141496655965843,0.022));
#2561=CARTESIAN_POINT('',(0.0118,-0.0141496655965843,0.));
#2562=CARTESIAN_POINT('',(0.00482062632834529,0.0200266466094021,0.));
#2563=CARTESIAN_POINT('',(-5.20417042793042E-18,0.0203924266952989,0.));
#2564=CARTESIAN_POINT('',(-0.00482062632834528,0.0200266466094021,0.));
#2565=CARTESIAN_POINT('',(-0.00863956252362934,0.019112879717269,0.));
#2566=CARTESIAN_POINT('',(-0.0114627515583096,0.0179947515329546,0.));
#2567=CARTESIAN_POINT('',(-0.0134338026876387,0.0169500606781884,0.));
#2568=CARTESIAN_POINT('',(-0.0149252670883896,0.015893539936236,0.));
#2569=CARTESIAN_POINT('',(-0.0160059818180573,0.0149257005110262,0.));
#2570=CARTESIAN_POINT('',(-0.0169982923733384,0.0138738758942114,0.));
#2571=CARTESIAN_POINT('',(-0.0180303403835217,0.0124543110740966,0.));
#2572=CARTESIAN_POINT('',(-0.0189607406589464,0.0106362896484952,0.));
#2573=CARTESIAN_POINT('',(-0.0196058586195134,0.0087573836128342,0.));
#2574=CARTESIAN_POINT('',(-0.0199948078606621,0.00685907626622738,0.));
#2575=CARTESIAN_POINT('',(-0.0201538628431477,0.00497559169615813,0.));
#2576=CARTESIAN_POINT('',(-0.0200913201701227,0.00252639730634173,0.));
#2577=CARTESIAN_POINT('',(-0.0195368637926927,-0.000370273826359275,0.));
#2578=CARTESIAN_POINT('',(-0.0184875842187456,-0.00309630792181374,0.));
#2579=CARTESIAN_POINT('',(-0.0175699086632425,-0.00499104657439032,0.));
#2580=CARTESIAN_POINT('',(-0.0169995258468732,-0.00608537884281863,0.));
#2581=CARTESIAN_POINT('',(-0.0164025490820569,-0.00718919836509951,0.));
#2582=CARTESIAN_POINT('',(-0.0155941007359682,-0.00862033342478817,0.));
#2583=CARTESIAN_POINT('',(-0.0145281718157081,-0.0103730762330828,0.));
#2584=CARTESIAN_POINT('',(-0.0133742261973131,-0.0121077223880294,0.));
#2585=CARTESIAN_POINT('',(-0.0121350042973942,-0.0137745354656722,0.));
#2586=CARTESIAN_POINT('',(-0.0110291012864774,-0.015066601484032,0.));
#2587=CARTESIAN_POINT('',(-0.0100930990155803,-0.0160181765240327,0.));
#2588=CARTESIAN_POINT('',(-0.00936182450572108,-0.0166844100333704,0.));
#2589=CARTESIAN_POINT('',(-0.00872356751763971,-0.0171943323518081,0.));
#2590=CARTESIAN_POINT('',(-0.008192877447486,-0.0175703511470018,0.));
#2591=CARTESIAN_POINT('',(-0.00764509862796728,-0.0179244082545306,0.));
#2592=CARTESIAN_POINT('',(-0.0069504229393164,-0.018308689375556,0.));
#2593=CARTESIAN_POINT('',(-0.00583125937431039,-0.0188041906391488,0.));
#2594=CARTESIAN_POINT('',(-0.00444075717469387,-0.0192149067706504,0.));
#2595=CARTESIAN_POINT('',(-0.00311310488870667,-0.0194135358998208,0.));
#2596=CARTESIAN_POINT('',(-0.00210300761884128,-0.0194922807786472,0.));
#2597=CARTESIAN_POINT('',(-0.00137240791382341,-0.0195221271153975,0.));
#2598=CARTESIAN_POINT('',(-0.000787076709372411,-0.0195311224642594,0.));
#2599=CARTESIAN_POINT('',(-0.000332207333237871,-0.0195333498247411,0.));
#2600=CARTESIAN_POINT('',(1.57713359634485E-18,-0.0195335750876294,0.));
#2601=CARTESIAN_POINT('',(0.000332207333237858,-0.0195333498247411,0.));
#2602=CARTESIAN_POINT('',(0.000787076709372434,-0.0195311224642594,0.));
#2603=CARTESIAN_POINT('',(0.00137240791382339,-0.0195221271153975,0.));
#2604=CARTESIAN_POINT('',(0.0021030076188413,-0.0194922807786472,0.));
#2605=CARTESIAN_POINT('',(0.00311310488870667,-0.0194135358998208,0.));
#2606=CARTESIAN_POINT('',(0.00444075717469387,-0.0192149067706504,0.));
#2607=CARTESIAN_POINT('',(0.00583125937431041,-0.0188041906391488,0.));
#2608=CARTESIAN_POINT('',(0.00695042293931642,-0.018308689375556,0.));
#2609=CARTESIAN_POINT('',(0.00764509862796729,-0.0179244082545306,0.));
#2610=CARTESIAN_POINT('',(0.00819287744748602,-0.0175703511470018,0.));
#2611=CARTESIAN_POINT('',(0.00872356751763973,-0.0171943323518081,0.));
#2612=CARTESIAN_POINT('',(0.00936182450572109,-0.0166844100333704,0.));
#2613=CARTESIAN_POINT('',(0.0100930990155803,-0.0160181765240326,0.));
#2614=CARTESIAN_POINT('',(0.0110291012864774,-0.015066601484032,0.));
#2615=CARTESIAN_POINT('',(0.0121350042973942,-0.0137745354656722,0.));
#2616=CARTESIAN_POINT('',(0.0133742261973131,-0.0121077223880294,0.));
#2617=CARTESIAN_POINT('',(0.0145281718157081,-0.0103730762330828,0.));
#2618=CARTESIAN_POINT('',(0.0155941007359683,-0.00862033342478814,0.));
#2619=CARTESIAN_POINT('',(0.0164025490820569,-0.00718919836509948,0.));
#2620=CARTESIAN_POINT('',(0.0169995258468732,-0.00608537884281861,0.));
#2621=CARTESIAN_POINT('',(0.0175699086632425,-0.0049910465743903,0.));
#2622=CARTESIAN_POINT('',(0.0184875842187456,-0.00309630792181373,0.));
#2623=CARTESIAN_POINT('',(0.0195368637926927,-0.00037027382635926,0.));
#2624=CARTESIAN_POINT('',(0.0200913201701227,0.00252639730634174,0.));
#2625=CARTESIAN_POINT('',(0.0201538628431477,0.00497559169615814,0.));
#2626=CARTESIAN_POINT('',(0.0199948078606621,0.00685907626622739,0.));
#2627=CARTESIAN_POINT('',(0.0196058586195134,0.00875738361283421,0.));
#2628=CARTESIAN_POINT('',(0.0189607406589464,0.0106362896484952,0.));
#2629=CARTESIAN_POINT('',(0.0180303403835217,0.0124543110740966,0.));
#2630=CARTESIAN_POINT('',(0.0169982923733384,0.0138738758942114,0.));
#2631=CARTESIAN_POINT('',(0.0160059818180573,0.0149257005110262,0.));
#2632=CARTESIAN_POINT('',(0.0149252670883896,0.015893539936236,0.));
#2633=CARTESIAN_POINT('',(0.0134338026876387,0.0169500606781884,0.));
#2634=CARTESIAN_POINT('',(0.0114627515583096,0.0179947515329546,0.));
#2635=CARTESIAN_POINT('',(0.00863956252362933,0.019112879717269,0.));
#2636=CARTESIAN_POINT('',(0.00482062632834529,0.0200266466094021,0.));
#2637=CARTESIAN_POINT('',(-5.20417042793042E-18,0.0203924266952989,0.));
#2638=CARTESIAN_POINT('',(-0.00482062632834528,0.0200266466094021,0.));
#2639=CARTESIAN_POINT('',(0.0117999999999346,-0.00995260476170679,0.0168511873509831));
#2640=CARTESIAN_POINT('',(0.0117999999999346,-0.00995260476170679,0.));
#2641=CARTESIAN_POINT('',(0.0128282163510245,-0.00842168202372141,0.0168511873509831));
#2642=CARTESIAN_POINT('',(0.0128282163510245,-0.00842168202372141,0.));
#2643=CARTESIAN_POINT('',(0.0147115391046733,-0.00519157948747705,0.0168511873509831));
#2644=CARTESIAN_POINT('',(0.0147115391046733,-0.00519157948747705,0.));
#2645=CARTESIAN_POINT('',(0.016759418057665,-0.00099025659312592,0.0168511873509831));
#2646=CARTESIAN_POINT('',(0.016759418057665,-0.00099025659312592,6.93889390390723E-18));
#2647=CARTESIAN_POINT('',(0.0177814310420073,0.00311127141905531,0.0168511873509831));
#2648=CARTESIAN_POINT('',(0.0177814310420073,0.00311127141905531,0.));
#2649=CARTESIAN_POINT('',(0.0175336201945757,0.00768253063001533,0.0168511873509831));
#2650=CARTESIAN_POINT('',(0.0175336201945757,0.00768253063001533,6.93889390390723E-18));
#2651=CARTESIAN_POINT('',(0.0159848697619814,0.0113241405179293,0.0168511873509831));
#2652=CARTESIAN_POINT('',(0.0159848697619814,0.0113241405179293,3.46944695195361E-18));
#2653=CARTESIAN_POINT('',(0.0137424085918083,0.0137121929561158,0.0168511873509831));
#2654=CARTESIAN_POINT('',(0.0137424085918083,0.0137121929561158,-3.46944695195361E-18));
#2655=CARTESIAN_POINT('',(0.0108432425518304,0.0156698962411422,0.0168511873509831));
#2656=CARTESIAN_POINT('',(0.0108432425518304,0.0156698962411422,6.93889390390723E-18));
#2657=CARTESIAN_POINT('',(0.0062646966471537,0.0173227890389677,0.0168511873509831));
#2658=CARTESIAN_POINT('',(0.0062646966471537,0.0173227890389677,0.));
#2659=CARTESIAN_POINT('',(5.16766715830174E-17,0.0179943554805162,0.0168511873509831));
#2660=CARTESIAN_POINT('',(5.16766715830174E-17,0.0179943554805162,6.93889390390723E-18));
#2661=CARTESIAN_POINT('',(-0.00626469664715391,0.0173227890389676,0.0168511873509831));
#2662=CARTESIAN_POINT('',(-0.00626469664715391,0.0173227890389676,-3.46944695195361E-18));
#2663=CARTESIAN_POINT('',(-0.0108432425518302,0.0156698962411423,0.0168511873509831));
#2664=CARTESIAN_POINT('',(-0.0108432425518302,0.0156698962411423,0.));
#2665=CARTESIAN_POINT('',(-0.0137424085918084,0.0137121929561158,0.0168511873509831));
#2666=CARTESIAN_POINT('',(-0.0137424085918084,0.0137121929561158,0.));
#2667=CARTESIAN_POINT('',(-0.0159848697619814,0.0113241405179294,0.0168511873509831));
#2668=CARTESIAN_POINT('',(-0.0159848697619814,0.0113241405179294,0.));
#2669=CARTESIAN_POINT('',(-0.0175336201945757,0.00768253063001532,0.0168511873509831));
#2670=CARTESIAN_POINT('',(-0.0175336201945757,0.00768253063001532,1.04083408558608E-17));
#2671=CARTESIAN_POINT('',(-0.0177814310420073,0.0031112714190554,0.0168511873509831));
#2672=CARTESIAN_POINT('',(-0.0177814310420073,0.0031112714190554,-3.46944695195361E-18));
#2673=CARTESIAN_POINT('',(-0.016759418057665,-0.000990256593125994,0.0168511873509831));
#2674=CARTESIAN_POINT('',(-0.016759418057665,-0.000990256593125994,3.46944695195361E-18));
#2675=CARTESIAN_POINT('',(-0.0147115391046732,-0.00519157948747715,0.0168511873509831));
#2676=CARTESIAN_POINT('',(-0.0147115391046732,-0.00519157948747715,-6.93889390390723E-18));
#2677=CARTESIAN_POINT('',(-0.0128282163510246,-0.00842168202372135,0.0168511873509831));
#2678=CARTESIAN_POINT('',(-0.0128282163510246,-0.00842168202372135,0.));
#2679=CARTESIAN_POINT('',(-0.0117999999999347,-0.00995260476170672,0.0168511873509831));
#2680=CARTESIAN_POINT('',(-0.0117999999999347,-0.00995260476170672,0.));
#2681=CARTESIAN_POINT('',(0.0118,-0.00995260476160946,0.022));
#2682=CARTESIAN_POINT('',(0.0118,-0.00995260476160946,0.0167506832514742));
#2683=CARTESIAN_POINT('',(0.0118,-0.00995260474596029,0.));
#2684=CARTESIAN_POINT('',(0.0118,-0.00995260476160946,0.0167506832514742));
#2685=CARTESIAN_POINT('',(0.0127265393558443,-0.00857307003042496,0.0162312620296917));
#2686=CARTESIAN_POINT('',(0.0144075348634029,-0.00572407079882296,0.0152021701630174));
#2687=CARTESIAN_POINT('',(0.0163030591505563,-0.00201718998135945,0.0139236934343256));
#2688=CARTESIAN_POINT('',(0.0173071430210682,0.00113853941954031,0.0128465445030089));
#2689=CARTESIAN_POINT('',(0.017672607958829,0.00360888249538467,0.0120287608468781));
#2690=CARTESIAN_POINT('',(0.0176101268592704,0.00609470771827799,0.0112682004005814));
#2691=CARTESIAN_POINT('',(0.0170976094442724,0.00858942164106601,0.0105998744652784));
#2692=CARTESIAN_POINT('',(0.0160717641249347,0.0109556638893533,0.0101131910882313));
#2693=CARTESIAN_POINT('',(0.0144922903929185,0.0130417742794019,0.00991881902065598));
#2694=CARTESIAN_POINT('',(0.0124167165069666,0.0146740604127872,0.010020645641122));
#2695=CARTESIAN_POINT('',(0.0101236778701914,0.0158769317055407,0.0101822533918127));
#2696=CARTESIAN_POINT('',(0.00765351749783818,0.0167613668606284,0.0103185440913377));
#2697=CARTESIAN_POINT('',(0.00514162670465086,0.0173499757178991,0.0104109005632789));
#2698=CARTESIAN_POINT('',(0.00257534306477444,0.0176963938232371,0.0104646547294329));
#2699=CARTESIAN_POINT('',(-0.000920492271960767,0.0178459286334073,0.0104876353283345));
#2700=CARTESIAN_POINT('',(-0.0043490075355236,0.0175385801530751,0.0104404711117461));
#2701=CARTESIAN_POINT('',(-0.00769528348634712,0.0167491919350542,0.0103166628295729));
#2702=CARTESIAN_POINT('',(-0.0101657999958202,0.0158593773140765,0.0101795294467786));
#2703=CARTESIAN_POINT('',(-0.0124684757379169,0.0146410226749936,0.010017051624805));
#2704=CARTESIAN_POINT('',(-0.0145275667171746,0.0130063285343351,0.00991889830497556));
#2705=CARTESIAN_POINT('',(-0.0161080416564851,0.0108963244798943,0.0101220795119633));
#2706=CARTESIAN_POINT('',(-0.0171191221979782,0.00851432035384705,0.0106184514160024));
#2707=CARTESIAN_POINT('',(-0.0176156488492999,0.00604670506477243,0.0112821256841715));
#2708=CARTESIAN_POINT('',(-0.0176679912053132,0.00352973642195157,0.012054036953516));
#2709=CARTESIAN_POINT('',(-0.017294149710744,0.00108687532999799,0.0128641571729195));
#2710=CARTESIAN_POINT('',(-0.0162737991186027,-0.00208539283961137,0.0139470804444779));
#2711=CARTESIAN_POINT('',(-0.0143965398010075,-0.00573932076080978,0.01520768404863));
#2712=CARTESIAN_POINT('',(-0.0127224217310744,-0.00857920080764073,0.0162335703846175));
#2713=CARTESIAN_POINT('',(-0.0118,-0.00995260476160951,0.0167506832514742));
#2714=CARTESIAN_POINT('',(-0.0118,-0.00995260476160947,0.0167506832514742));
#2715=CARTESIAN_POINT('',(-0.0118,-0.00995260476160947,0.022));
#2716=CARTESIAN_POINT('',(-0.0118000000105107,-0.00995260474595993,0.));
#2717=CARTESIAN_POINT('',(-4.33680868994202E-19,0.0177705,0.));
#2718=CARTESIAN_POINT('',(-0.00566241027346376,0.0177705,0.));
#2719=CARTESIAN_POINT('',(-0.0158647496669874,0.0148027312985087,0.));
#2720=CARTESIAN_POINT('',(-0.0186307469413465,0.00331309294564137,0.));
#2721=CARTESIAN_POINT('',(-0.0148640418674818,-0.0054680281199632,0.));
#2722=CARTESIAN_POINT('',(-0.00747974544409284,-0.0169593977076667,0.));
#2723=CARTESIAN_POINT('',(-9.10643346479899E-18,-0.0170646632157842,0.));
#2724=CARTESIAN_POINT('',(0.00747974544409286,-0.0169593977076667,0.));
#2725=CARTESIAN_POINT('',(0.0148640418674818,-0.00546802811996318,0.));
#2726=CARTESIAN_POINT('',(0.0186307469413465,0.00331309294564136,0.));
#2727=CARTESIAN_POINT('',(0.0158647496669874,0.0148027312985087,0.));
#2728=CARTESIAN_POINT('',(0.00566241027346377,0.0177705,0.));
#2729=CARTESIAN_POINT('',(-4.33680868994202E-19,0.0177705,0.));
#2730=CARTESIAN_POINT('',(-1.09775469964157E-18,-0.0195335,0.));
#2731=CARTESIAN_POINT('',(-0.0118,-0.0195354999999998,0.));
#2732=CARTESIAN_POINT('',(-0.0118,-0.014149665574502,0.));
#2733=CARTESIAN_POINT('',(0.00482062632834529,0.0200266466094021,0.));
#2734=CARTESIAN_POINT('',(-5.20417042793042E-18,0.0203924266952989,0.));
#2735=CARTESIAN_POINT('',(-0.00482062632834528,0.0200266466094021,0.));
#2736=CARTESIAN_POINT('',(-0.00863956252362934,0.019112879717269,0.));
#2737=CARTESIAN_POINT('',(-0.0114627515583096,0.0179947515329546,0.));
#2738=CARTESIAN_POINT('',(-0.0134338026876387,0.0169500606781884,0.));
#2739=CARTESIAN_POINT('',(-0.0149252670883896,0.015893539936236,0.));
#2740=CARTESIAN_POINT('',(-0.0160059818180573,0.0149257005110262,0.));
#2741=CARTESIAN_POINT('',(-0.0169982923733384,0.0138738758942114,0.));
#2742=CARTESIAN_POINT('',(-0.0180303403835217,0.0124543110740966,0.));
#2743=CARTESIAN_POINT('',(-0.0189607406589464,0.0106362896484952,0.));
#2744=CARTESIAN_POINT('',(-0.0196058586195134,0.0087573836128342,0.));
#2745=CARTESIAN_POINT('',(-0.0199948078606621,0.00685907626622738,0.));
#2746=CARTESIAN_POINT('',(-0.0201538628431477,0.00497559169615813,0.));
#2747=CARTESIAN_POINT('',(-0.0200913201701227,0.00252639730634173,0.));
#2748=CARTESIAN_POINT('',(-0.0195368637926927,-0.000370273826359275,0.));
#2749=CARTESIAN_POINT('',(-0.0184875842187456,-0.00309630792181374,0.));
#2750=CARTESIAN_POINT('',(-0.0175699086632425,-0.00499104657439032,0.));
#2751=CARTESIAN_POINT('',(-0.0169995258468732,-0.00608537884281863,0.));
#2752=CARTESIAN_POINT('',(-0.0164025490820569,-0.00718919836509951,0.));
#2753=CARTESIAN_POINT('',(-0.0155941007359682,-0.00862033342478817,0.));
#2754=CARTESIAN_POINT('',(-0.0145281718157081,-0.0103730762330828,0.));
#2755=CARTESIAN_POINT('',(-0.0133742261973131,-0.0121077223880294,0.));
#2756=CARTESIAN_POINT('',(-0.0121350042973942,-0.0137745354656722,0.));
#2757=CARTESIAN_POINT('',(-0.0110291012864774,-0.015066601484032,0.));
#2758=CARTESIAN_POINT('',(-0.0100930990155803,-0.0160181765240327,0.));
#2759=CARTESIAN_POINT('',(-0.00936182450572108,-0.0166844100333704,0.));
#2760=CARTESIAN_POINT('',(-0.00872356751763971,-0.0171943323518081,0.));
#2761=CARTESIAN_POINT('',(-0.008192877447486,-0.0175703511470018,0.));
#2762=CARTESIAN_POINT('',(-0.00764509862796728,-0.0179244082545306,0.));
#2763=CARTESIAN_POINT('',(-0.0069504229393164,-0.018308689375556,0.));
#2764=CARTESIAN_POINT('',(-0.00583125937431039,-0.0188041906391488,0.));
#2765=CARTESIAN_POINT('',(-0.00444075717469387,-0.0192149067706504,0.));
#2766=CARTESIAN_POINT('',(-0.00311310488870667,-0.0194135358998208,0.));
#2767=CARTESIAN_POINT('',(-0.00210300761884128,-0.0194922807786472,0.));
#2768=CARTESIAN_POINT('',(-0.00137240791382341,-0.0195221271153975,0.));
#2769=CARTESIAN_POINT('',(-0.000787076709372411,-0.0195311224642594,0.));
#2770=CARTESIAN_POINT('',(-0.000332207333237871,-0.0195333498247411,0.));
#2771=CARTESIAN_POINT('',(1.57713359634485E-18,-0.0195335750876294,0.));
#2772=CARTESIAN_POINT('',(0.000332207333237858,-0.0195333498247411,0.));
#2773=CARTESIAN_POINT('',(0.000787076709372434,-0.0195311224642594,0.));
#2774=CARTESIAN_POINT('',(0.00137240791382339,-0.0195221271153975,0.));
#2775=CARTESIAN_POINT('',(0.0021030076188413,-0.0194922807786472,0.));
#2776=CARTESIAN_POINT('',(0.00311310488870667,-0.0194135358998208,0.));
#2777=CARTESIAN_POINT('',(0.00444075717469387,-0.0192149067706504,0.));
#2778=CARTESIAN_POINT('',(0.00583125937431041,-0.0188041906391488,0.));
#2779=CARTESIAN_POINT('',(0.00695042293931642,-0.018308689375556,0.));
#2780=CARTESIAN_POINT('',(0.00764509862796729,-0.0179244082545306,0.));
#2781=CARTESIAN_POINT('',(0.00819287744748602,-0.0175703511470018,0.));
#2782=CARTESIAN_POINT('',(0.00872356751763973,-0.0171943323518081,0.));
#2783=CARTESIAN_POINT('',(0.00936182450572109,-0.0166844100333704,0.));
#2784=CARTESIAN_POINT('',(0.0100930990155803,-0.0160181765240326,0.));
#2785=CARTESIAN_POINT('',(0.0110291012864774,-0.015066601484032,0.));
#2786=CARTESIAN_POINT('',(0.0121350042973942,-0.0137745354656722,0.));
#2787=CARTESIAN_POINT('',(0.0133742261973131,-0.0121077223880294,0.));
#2788=CARTESIAN_POINT('',(0.0145281718157081,-0.0103730762330828,0.));
#2789=CARTESIAN_POINT('',(0.0155941007359683,-0.00862033342478814,0.));
#2790=CARTESIAN_POINT('',(0.0164025490820569,-0.00718919836509948,0.));
#2791=CARTESIAN_POINT('',(0.0169995258468732,-0.00608537884281861,0.));
#2792=CARTESIAN_POINT('',(0.0175699086632425,-0.0049910465743903,0.));
#2793=CARTESIAN_POINT('',(0.0184875842187456,-0.00309630792181373,0.));
#2794=CARTESIAN_POINT('',(0.0195368637926927,-0.00037027382635926,0.));
#2795=CARTESIAN_POINT('',(0.0200913201701227,0.00252639730634174,0.));
#2796=CARTESIAN_POINT('',(0.0201538628431477,0.00497559169615814,0.));
#2797=CARTESIAN_POINT('',(0.0199948078606621,0.00685907626622739,0.));
#2798=CARTESIAN_POINT('',(0.0196058586195134,0.00875738361283421,0.));
#2799=CARTESIAN_POINT('',(0.0189607406589464,0.0106362896484952,0.));
#2800=CARTESIAN_POINT('',(0.0180303403835217,0.0124543110740966,0.));
#2801=CARTESIAN_POINT('',(0.0169982923733384,0.0138738758942114,0.));
#2802=CARTESIAN_POINT('',(0.0160059818180573,0.0149257005110262,0.));
#2803=CARTESIAN_POINT('',(0.0149252670883896,0.015893539936236,0.));
#2804=CARTESIAN_POINT('',(0.0134338026876387,0.0169500606781884,0.));
#2805=CARTESIAN_POINT('',(0.0114627515583096,0.0179947515329546,0.));
#2806=CARTESIAN_POINT('',(0.00863956252362933,0.019112879717269,0.));
#2807=CARTESIAN_POINT('',(0.00482062632834529,0.0200266466094021,0.));
#2808=CARTESIAN_POINT('',(-5.20417042793042E-18,0.0203924266952989,0.));
#2809=CARTESIAN_POINT('',(-0.00482062632834528,0.0200266466094021,0.));
#2810=CARTESIAN_POINT('',(-0.0029999999991032,0.0201279577785447,0.));
#2811=CARTESIAN_POINT('',(-0.003,0.0226279578775534,0.));
#2812=CARTESIAN_POINT('',(-0.003,0.0251279579671844,0.));
#2813=CARTESIAN_POINT('',(0.,0.0251279579671844,0.));
#2814=CARTESIAN_POINT('',(0.003,0.0251279579671844,0.));
#2815=CARTESIAN_POINT('',(0.003,0.0226279579671844,0.));
#2816=CARTESIAN_POINT('',(0.0118,-0.0195355000000004,0.));
#2817=CARTESIAN_POINT('',(0.,0.0251279579671844,0.));
#2818=CARTESIAN_POINT('',(0.00119,0.0251279579671844,0.));
#2819=CARTESIAN_POINT('',(-0.0029999999991032,0.0201279577785447,0.0179890839200892));
#2820=CARTESIAN_POINT('',(-0.0029999999991032,0.0201279577785447,0.));
#2821=CARTESIAN_POINT('',(-0.00528755578593034,0.0199091937018868,0.0179890839200892));
#2822=CARTESIAN_POINT('',(-0.00528755578593034,0.0199091937018868,0.));
#2823=CARTESIAN_POINT('',(-0.00864110699775879,0.0192093242776454,0.0179890839200892));
#2824=CARTESIAN_POINT('',(-0.00864110699775879,0.0192093242776454,3.46944695195361E-18));
#2825=CARTESIAN_POINT('',(-0.0126171227641645,0.0174720070563879,0.0179890839200892));
#2826=CARTESIAN_POINT('',(-0.0126171227641645,0.0174720070563879,0.));
#2827=CARTESIAN_POINT('',(-0.0152624386765729,0.0157325687602647,0.0179890839200892));
#2828=CARTESIAN_POINT('',(-0.0152624386765729,0.0157325687602647,-3.46944695195361E-18));
#2829=CARTESIAN_POINT('',(-0.0174332242465528,0.013459432817019,0.0179890839200892));
#2830=CARTESIAN_POINT('',(-0.0174332242465528,0.013459432817019,-3.46944695195361E-18));
#2831=CARTESIAN_POINT('',(-0.0189089635937378,0.0108825236927803,0.0179890839200892));
#2832=CARTESIAN_POINT('',(-0.0189089635937378,0.0108825236927803,0.));
#2833=CARTESIAN_POINT('',(-0.0197971305905022,0.00817018509994824,0.0179890839200892));
#2834=CARTESIAN_POINT('',(-0.0197971305905022,0.00817018509994824,-3.46944695195361E-18));
#2835=CARTESIAN_POINT('',(-0.0202967765849238,0.00452550841581356,0.0179890839200892));
#2836=CARTESIAN_POINT('',(-0.0202967765849238,0.00452550841581356,0.));
#2837=CARTESIAN_POINT('',(-0.0198255415662023,0.000219550395945933,0.0179890839200892));
#2838=CARTESIAN_POINT('',(-0.0198255415662023,0.000219550395945933,-3.46944695195361E-18));
#2839=CARTESIAN_POINT('',(-0.0182694103783835,-0.00366637542736336,0.0179890839200892));
#2840=CARTESIAN_POINT('',(-0.0182694103783835,-0.00366637542736336,6.93889390390723E-18));
#2841=CARTESIAN_POINT('',(-0.0166391025582891,-0.00678383074771675,0.0179890839200892));
#2842=CARTESIAN_POINT('',(-0.0166391025582891,-0.00678383074771675,-6.93889390390723E-18));
#2843=CARTESIAN_POINT('',(-0.0147522288141859,-0.0100969966483278,0.0179890839200892));
#2844=CARTESIAN_POINT('',(-0.0147522288141859,-0.0100969966483278,3.46944695195361E-18));
#2845=CARTESIAN_POINT('',(-0.0130509020425251,-0.0126371211983489,0.0179890839200892));
#2846=CARTESIAN_POINT('',(-0.0130509020425251,-0.0126371211983489,0.));
#2847=CARTESIAN_POINT('',(-0.0117999999961787,-0.0141496656012049,0.0179890839200892));
#2848=CARTESIAN_POINT('',(-0.0117999999961787,-0.0141496656012049,0.));
#2849=CARTESIAN_POINT('',(-0.0118,-0.0141496655965843,0.022));
#2850=CARTESIAN_POINT('',(-0.0118,-0.0141496655965843,0.0178817931611225));
#2851=CARTESIAN_POINT('',(-0.0118,-0.0141496655965843,0.0178817931611225));
#2852=CARTESIAN_POINT('',(-0.0130170138951788,-0.0126780974904108,0.0173333717198482));
#2853=CARTESIAN_POINT('',(-0.014613615260279,-0.0103142806636919,0.0164740258164349));
#2854=CARTESIAN_POINT('',(-0.016506550826243,-0.00702604678056322,0.015326914740663));
#2855=CARTESIAN_POINT('',(-0.0182777098073393,-0.00368185267504467,0.0141974096306696));
#2856=CARTESIAN_POINT('',(-0.0196870527115241,-0.000100255970499059,0.0130717816470654));
#2857=CARTESIAN_POINT('',(-0.0201895891611633,0.00366877324376271,0.0119784758403987));
#2858=CARTESIAN_POINT('',(-0.0200805490414392,0.00656671055074858,0.0112040116394468));
#2859=CARTESIAN_POINT('',(-0.0194779637002509,0.00937737368499291,0.0105592299202352));
#2860=CARTESIAN_POINT('',(-0.0182985962681822,0.0121163902940324,0.010091325044217));
#2861=CARTESIAN_POINT('',(-0.0165217222271572,0.0145452358377157,0.00991877526099988));
#2862=CARTESIAN_POINT('',(-0.0142359615611367,0.0164807202946918,0.0100311795603392));
#2863=CARTESIAN_POINT('',(-0.0116313060718175,0.0179506427053609,0.0102162030574392));
#2864=CARTESIAN_POINT('',(-0.00794166123014825,0.0193701833221767,0.0104203629548724));
#2865=CARTESIAN_POINT('',(-0.00498639419660296,0.0199379944584225,0.010502639482703));
#2866=CARTESIAN_POINT('',(-0.0029999999973258,0.0201279577787147,0.0105296341498023));
#2867=CARTESIAN_POINT('',(-0.003,0.0201279577879223,0.0105296341511551));
#2868=CARTESIAN_POINT('',(-0.003,0.0201279577879223,0.013));
#2869=CARTESIAN_POINT('',(0.0118,-0.0195355000000004,0.011));
#2870=CARTESIAN_POINT('',(0.0118,-0.0141496655965843,0.0178817931611208));
#2871=CARTESIAN_POINT('',(0.0118,-0.0141496655965843,0.0180825708761211));
#2872=CARTESIAN_POINT('',(0.0118,-0.0139374151023389,0.0184605566677065));
#2873=CARTESIAN_POINT('',(0.0118,-0.0133415808331623,0.0186409597603131));
#2874=CARTESIAN_POINT('',(0.0118,-0.0127473784470763,0.0186171274394255));
#2875=CARTESIAN_POINT('',(0.0118,-0.0123682961746244,0.0185136331134333));
#2876=CARTESIAN_POINT('',(0.0118,-0.0121828945033746,0.0184431956615973));
#2877=CARTESIAN_POINT('',(0.0118,-0.0121828945033746,0.0184431956615973));
#2878=CARTESIAN_POINT('',(0.0118,-0.0195335,0.0215));
#2879=CARTESIAN_POINT('',(0.0118,-0.0147835,0.01925));
#2880=CARTESIAN_POINT('',(0.0118,-0.000219285188919352,0.0140274477416709));
#2881=CARTESIAN_POINT('',(0.0118,0.0131257565633929,0.0102884860646113));
#2882=CARTESIAN_POINT('',(0.0118,0.0169205,0.01125));
#2883=CARTESIAN_POINT('',(0.0118,0.0202705,0.0117));
#2884=CARTESIAN_POINT('',(0.0118,-0.0113484311614851,0.018128415621589));
#2885=CARTESIAN_POINT('',(0.0118,-0.0113484311614851,0.018128415621589));
#2886=CARTESIAN_POINT('',(0.0118,-0.011025123136864,0.0180073029968863));
#2887=CARTESIAN_POINT('',(0.0118,-0.0105745408200865,0.0177571091502697));
#2888=CARTESIAN_POINT('',(0.0118,-0.0100934497732059,0.0172519086311692));
#2889=CARTESIAN_POINT('',(0.0118,-0.00995260476160756,0.016925752982301));
#2890=CARTESIAN_POINT('',(0.0118,-0.00995260476160967,0.0167506832514742));
#2891=CARTESIAN_POINT('',(-0.0118,-0.0195354999999998,0.011));
#2892=CARTESIAN_POINT('',(-0.0118,-0.0195335,0.0215));
#2893=CARTESIAN_POINT('',(-0.0118,-0.0147835,0.01925));
#2894=CARTESIAN_POINT('',(-0.0118,-0.000219285188919352,0.0140274477416709));
#2895=CARTESIAN_POINT('',(-0.0118,0.0131257565633929,0.0102884860646113));
#2896=CARTESIAN_POINT('',(-0.0118,0.0169205,0.01125));
#2897=CARTESIAN_POINT('',(-0.0118,0.0202705,0.0117));
#2898=CARTESIAN_POINT('',(-0.0118,-0.0121828945033747,0.0184431956615973));
#2899=CARTESIAN_POINT('',(-0.0118,-0.0113484311614852,0.018128415621589));
#2900=CARTESIAN_POINT('',(-0.0118,-0.0121828945033747,0.0184431956615973));
#2901=CARTESIAN_POINT('',(-0.0118,-0.0123683112328468,0.0185136388343247));
#2902=CARTESIAN_POINT('',(-0.0118,-0.0127455554304171,0.0186168631840155));
#2903=CARTESIAN_POINT('',(-0.0118,-0.0133408973205047,0.0186407878927849));
#2904=CARTESIAN_POINT('',(-0.0118,-0.0139348283464791,0.018462473467766));
#2905=CARTESIAN_POINT('',(-0.0118,-0.014149665596584,0.0180832586565116));
#2906=CARTESIAN_POINT('',(-0.0118,-0.0141496655965843,0.0178817931611225));
#2907=CARTESIAN_POINT('',(-0.0118,-0.00995260476160951,0.0167506832514742));
#2908=CARTESIAN_POINT('',(-0.0118,-0.00995260476160951,0.0169258532059712));
#2909=CARTESIAN_POINT('',(-0.0118,-0.0100935211658646,0.0172512787322989));
#2910=CARTESIAN_POINT('',(-0.0118,-0.0105699735553534,0.017753638955548));
#2911=CARTESIAN_POINT('',(-0.0118,-0.0110254622224583,0.0180074300198589));
#2912=CARTESIAN_POINT('',(-0.0118,-0.0113484311614852,0.018128415621589));
#2913=CARTESIAN_POINT('',(-0.0193687813700666,-0.0124149826548863,0.0185315504857519));
#2914=CARTESIAN_POINT('',(0.0194159144049096,-0.0124149826548863,0.0185315504857519));
#2915=CARTESIAN_POINT('',(-0.0193687813700666,-0.00916072746580158,0.0172901218811051));
#2916=CARTESIAN_POINT('',(0.0194159144049096,-0.00916072746580158,0.0172901218811051));
#2917=CARTESIAN_POINT('',(-0.0193687813700666,-0.00376488989346246,0.0153970690176937));
#2918=CARTESIAN_POINT('',(0.0194159144049096,-0.00376488989346246,0.0153970690176937));
#2919=CARTESIAN_POINT('',(-0.0193687813700666,0.00275622465631844,0.0132988559471203));
#2920=CARTESIAN_POINT('',(0.0194159144049097,0.00275622465631844,0.0132988559471203));
#2921=CARTESIAN_POINT('',(-0.0193687813700666,0.00708029232065261,0.0120459320480528));
#2922=CARTESIAN_POINT('',(0.0194159144049097,0.00708029232065261,0.0120459320480528));
#2923=CARTESIAN_POINT('',(-0.0193687813700666,0.0108181683149964,0.0112007268917222));
#2924=CARTESIAN_POINT('',(0.0194159144049096,0.0108181683149964,0.0112007268917222));
#2925=CARTESIAN_POINT('',(-0.0193687813700666,0.0138258345162163,0.0108770351499817));
#2926=CARTESIAN_POINT('',(0.0194159144049097,0.0138258345162163,0.0108770351499817));
#2927=CARTESIAN_POINT('',(-0.0193687813700666,0.0162984030780797,0.0110934950899502));
#2928=CARTESIAN_POINT('',(0.0194159144049097,0.0162984030780797,0.0110934950899502));
#2929=CARTESIAN_POINT('',(-0.0193687813700666,0.0183446784011908,0.0114301888616444));
#2930=CARTESIAN_POINT('',(0.0194159144049096,0.0183446784011908,0.0114301888616444));
#2931=CARTESIAN_POINT('',(-0.0193687813700666,0.019631162496355,0.0116118664626285));
#2932=CARTESIAN_POINT('',(0.0194159144049096,0.019631162496355,0.0116118664626285));
#2933=CARTESIAN_POINT('',(0.0118,-0.0121828945033746,0.0184431956615973));
#2934=CARTESIAN_POINT('',(0.0129281636186215,-0.010703010876398,0.0178809610762998));
#2935=CARTESIAN_POINT('',(0.0144292138156721,-0.00835076181218601,0.017020230702598));
#2936=CARTESIAN_POINT('',(0.0162294374505712,-0.00511762190032699,0.0158920409649649));
#2937=CARTESIAN_POINT('',(0.0174655561905598,-0.00263661297382749,0.0150518869102335));
#2938=CARTESIAN_POINT('',(0.0184638345801393,-4.24686488999858E-5,0.0142002658972118));
#2939=CARTESIAN_POINT('',(0.0190783840752596,0.0027126341043362,0.0133273907508166));
#2940=CARTESIAN_POINT('',(0.0191926892745218,0.00553021219998157,0.0124911960219553));
#2941=CARTESIAN_POINT('',(0.018797720936123,0.00834090254597249,0.0117507646390016));
#2942=CARTESIAN_POINT('',(0.0178146190251061,0.0110812155398876,0.0111802811913676));
#2943=CARTESIAN_POINT('',(0.0161461019134763,0.0135301754929373,0.010915230718495));
#2944=CARTESIAN_POINT('',(0.0138727081246481,0.0154217226922566,0.0110103000611209));
#2945=CARTESIAN_POINT('',(0.0113139544346042,0.0168534222906664,0.0111995058324386));
#2946=CARTESIAN_POINT('',(0.00857240723934518,0.0179093751876774,0.0113579101998871));
#2947=CARTESIAN_POINT('',(0.0057738707199683,0.0186171847681201,0.0114645405053966));
#2948=CARTESIAN_POINT('',(0.00290456499446059,0.0190353661823859,0.0115261784927955));
#2949=CARTESIAN_POINT('',(-0.00101498434101911,0.0192169438384873,0.0115524798372239));
#2950=CARTESIAN_POINT('',(-0.00485129018678803,0.0188546621162892,0.0115003018085188));
#2951=CARTESIAN_POINT('',(-0.00865236434156187,0.0178849944494953,0.0113542140650855));
#2952=CARTESIAN_POINT('',(-0.0113645100620694,0.0168286331514837,0.0111959438859288));
#2953=CARTESIAN_POINT('',(-0.0139251838552454,0.0153873558011909,0.0110063624533691));
#2954=CARTESIAN_POINT('',(-0.0161845834463039,0.0134861870592267,0.0109169803669676));
#2955=CARTESIAN_POINT('',(-0.0178315654601141,0.0110449384951719,0.0111868193060255));
#2956=CARTESIAN_POINT('',(-0.0188026912864558,0.0083106724140668,0.011758522556469));
#2957=CARTESIAN_POINT('',(-0.0191913204195576,0.00554401229392394,0.01248751523804));
#2958=CARTESIAN_POINT('',(-0.019077473850007,0.0027158869847638,0.0133264510640917));
#2959=CARTESIAN_POINT('',(-0.0184793517697008,1.14314583826579E-5,0.0141829570821432));
#2960=CARTESIAN_POINT('',(-0.0174765852180518,-0.00261546217953476,0.0150447120677339));
#2961=CARTESIAN_POINT('',(-0.0162371724460705,-0.00510281344436072,0.0158869517598915));
#2962=CARTESIAN_POINT('',(-0.0144319940278527,-0.00834678593844276,0.0170187358785532));
#2963=CARTESIAN_POINT('',(-0.0129296993801283,-0.0107009963207885,0.0178801957104195));
#2964=CARTESIAN_POINT('',(-0.0118,-0.0121828945033747,0.0184431956615973));
#2965=CARTESIAN_POINT('',(-0.0118,-0.0113484311614852,0.018128415621589));
#2966=CARTESIAN_POINT('',(-0.0128556174871703,-0.00990407829631031,0.0175873546109151));
#2967=CARTESIAN_POINT('',(-0.014261502716922,-0.0076458371482324,0.0167699527808594));
#2968=CARTESIAN_POINT('',(-0.015969534296526,-0.00453857889297945,0.0156940620680508));
#2969=CARTESIAN_POINT('',(-0.017132020209764,-0.00215100475686561,0.0148907361883678));
#2970=CARTESIAN_POINT('',(-0.0180646140980478,0.000378352235067298,0.0140650378905473));
#2971=CARTESIAN_POINT('',(-0.01860749493587,0.00300966757104686,0.0132367752734188));
#2972=CARTESIAN_POINT('',(-0.0186768633088978,0.005731471336703,0.0124357680423522));
#2973=CARTESIAN_POINT('',(-0.0182600633440651,0.00841103911421194,0.011736132484628));
#2974=CARTESIAN_POINT('',(-0.017278790012459,0.011025913484755,0.0111938549986651));
#2975=CARTESIAN_POINT('',(-0.0156441366915694,0.0133489199498503,0.0109297145707952));
#2976=CARTESIAN_POINT('',(-0.0134421641055557,0.0151255158276889,0.0109856842919966));
#2977=CARTESIAN_POINT('',(-0.0101319759675963,0.0169196118656174,0.0112007555933659));
#2978=CARTESIAN_POINT('',(-0.0056189023298076,0.0182741359581594,0.0114158499701686));
#2979=CARTESIAN_POINT('',(-0.0010110479196508,0.0187077166148458,0.0114775049183541));
#2980=CARTESIAN_POINT('',(0.00276542031374642,0.0185402943001469,0.011452656620483));
#2981=CARTESIAN_POINT('',(0.00644535101767828,0.0180227149881944,0.0113763268564829));
#2982=CARTESIAN_POINT('',(0.0100615962901099,0.016944968343076,0.0112049862666695));
#2983=CARTESIAN_POINT('',(0.0133586844967253,0.0151788207462608,0.0109907519940495));
#2984=CARTESIAN_POINT('',(0.0155828342899911,0.0134136344382715,0.0109271272997476));
#2985=CARTESIAN_POINT('',(0.0172334133985799,0.0111092054546265,0.0111804106113468));
#2986=CARTESIAN_POINT('',(0.0182323426589561,0.00851980993947811,0.011710217328799));
#2987=CARTESIAN_POINT('',(0.0186721421241185,0.00581405062094455,0.0124124923011487));
#2988=CARTESIAN_POINT('',(0.0186177099677254,0.00310714870252236,0.0132070750905943));
#2989=CARTESIAN_POINT('',(0.0180908265055828,0.000466422626867578,0.0140366718860848));
#2990=CARTESIAN_POINT('',(0.017166126402075,-0.00207402279120106,0.0148651848917386));
#2991=CARTESIAN_POINT('',(0.015995285877467,-0.00449080485228495,0.0156776739235572));
#2992=CARTESIAN_POINT('',(0.0142760887476489,-0.00762158436618567,0.016761230784372));
#2993=CARTESIAN_POINT('',(0.0128612315490831,-0.00989639683353571,0.017584477100971));
#2994=CARTESIAN_POINT('',(0.0118,-0.0113484311614851,0.018128415621589));
#2995=CARTESIAN_POINT('',(2.60792735595418E-9,-0.0113782583639971,0.013));
#2996=CARTESIAN_POINT('',(0.00300000000003204,0.0201280526222518,0.012));
#2997=CARTESIAN_POINT('',(0.003,0.0201279579671845,0.012));
#2998=CARTESIAN_POINT('',(0.003,0.0201279579671845,0.012));
#2999=CARTESIAN_POINT('',(0.00100565232622857,0.0203186819968292,0.012));
#3000=CARTESIAN_POINT('',(-0.00100554305554707,0.0203186924169041,0.012));
#3001=CARTESIAN_POINT('',(-0.003,0.0201279577879223,0.012));
#3002=CARTESIAN_POINT('',(-0.003,0.0201279577879223,0.012));
#3003=CARTESIAN_POINT('',(-0.003,0.0201280521255741,0.012));
#3004=CARTESIAN_POINT('',(-0.00299999999908409,0.0201279577785465,0.0105296341497784));
#3005=CARTESIAN_POINT('',(-0.00101615068430119,0.0203176777259564,0.0105565942324649));
#3006=CARTESIAN_POINT('',(0.00100566732171073,0.0203186802722634,0.0105567366989337));
#3007=CARTESIAN_POINT('',(0.00299999998211511,0.0201279577801693,0.010529634150009));
#3008=CARTESIAN_POINT('',(0.,0.0251279579671844,0.013));
#3009=CARTESIAN_POINT('',(-0.003,0.0251279579671844,0.013));
#3010=CARTESIAN_POINT('',(-0.003,0.0251279579671844,0.013));
#3011=CARTESIAN_POINT('',(0.,0.0251279579671844,0.013));
#3012=CARTESIAN_POINT('',(0.003,0.0251279579671844,0.013));
#3013=CARTESIAN_POINT('',(0.003,0.0251279579671844,0.013));
#3014=CARTESIAN_POINT('',(-0.003,0.0226279578775534,0.013));
#3015=CARTESIAN_POINT('',(-0.003,0.0201279577879223,0.012));
#3016=CARTESIAN_POINT('',(-0.003,0.0201279577879223,0.0122646963600879));
#3017=CARTESIAN_POINT('',(-0.003,0.0203475451573667,0.0127828911926975));
#3018=CARTESIAN_POINT('',(-0.003,0.0208677130182687,0.013));
#3019=CARTESIAN_POINT('',(-0.003,0.0211323767339395,0.013));
#3020=CARTESIAN_POINT('',(-0.003,0.0211323767339395,0.013));
#3021=CARTESIAN_POINT('',(-0.003,0.0226279578775534,0.013));
#3022=CARTESIAN_POINT('',(0.,0.0251279579671844,0.013));
#3023=CARTESIAN_POINT('',(0.,0.0251279579671844,0.0126));
#3024=CARTESIAN_POINT('',(0.00119,0.0251279579671844,0.0126));
#3025=CARTESIAN_POINT('',(0.003,0.0226279579671844,0.013));
#3026=CARTESIAN_POINT('',(0.003,0.0226279579671844,0.013));
#3027=CARTESIAN_POINT('',(0.003,0.0211323769816948,0.013));
#3028=CARTESIAN_POINT('',(0.003,0.0211323769816948,0.013));
#3029=CARTESIAN_POINT('',(0.003,0.020867692835264,0.013));
#3030=CARTESIAN_POINT('',(0.003,0.0203485704593114,0.0127838891176529));
#3031=CARTESIAN_POINT('',(0.003,0.0201279579671845,0.0122647168817941));
#3032=CARTESIAN_POINT('',(0.003,0.0201279579671845,0.012));
#3033=CARTESIAN_POINT('',(-0.00554163395548636,0.00174803752500122,0.013));
#3034=CARTESIAN_POINT('',(0.,0.0251279579671844,0.013));
#3035=CARTESIAN_POINT('',(0.00159,0.0251279579671844,0.013));
#3036=CARTESIAN_POINT('',(-0.003,0.0211323767339396,0.013));
#3037=CARTESIAN_POINT('',(-0.00100517203647527,0.0213171384753657,0.013));
#3038=CARTESIAN_POINT('',(0.00100516760898426,0.0213171401994399,0.013));
#3039=CARTESIAN_POINT('',(0.003,0.0211323769816948,0.013));
#3040=CARTESIAN_POINT('',(-0.0106537727500273,-0.0135928124352392,0.0189858064889852));
#3041=CARTESIAN_POINT('',(-0.0116455182286446,-0.0143387368703952,0.019276764791233));
#3042=CARTESIAN_POINT('',(-0.0114094980147183,-0.0146110982880603,0.0180541721330867));
#3043=CARTESIAN_POINT('',(-0.0119110987011327,-0.0121510080303708,0.0184234104310974));
#3044=CARTESIAN_POINT('',(-0.0129119976950745,-0.0128340467790242,0.0186815792014806));
#3045=CARTESIAN_POINT('',(-0.0127191802191214,-0.0130997578145133,0.0174882193659153));
#3046=CARTESIAN_POINT('',(-0.0135356503697797,-0.00981168335416299,0.0175473634790019));
#3047=CARTESIAN_POINT('',(-0.0145574364980914,-0.0104149239887248,0.0177669514256824));
#3048=CARTESIAN_POINT('',(-0.0143797450481487,-0.0106919305945663,0.0166079592494642));
#3049=CARTESIAN_POINT('',(-0.0155119607444113,-0.00643248306992912,0.0163471954086415));
#3050=CARTESIAN_POINT('',(-0.0165485006416531,-0.00695539235291542,0.0165297181656592));
#3051=CARTESIAN_POINT('',(-0.0163865378144526,-0.00724768845141388,0.0154031121917715));
#3052=CARTESIAN_POINT('',(-0.01688521247969,-0.00386230860705295,0.0154632918580834));
#3053=CARTESIAN_POINT('',(-0.0179240898953853,-0.00434253198316684,0.0156255845577114));
#3054=CARTESIAN_POINT('',(-0.0177802331055177,-0.00463045865454396,0.0145160620606468));
#3055=CARTESIAN_POINT('',(-0.0180762611841312,-0.00118492491334414,0.0145716063977797));
#3056=CARTESIAN_POINT('',(-0.0191218317875241,-0.00156535596859487,0.0146957428091207));
#3057=CARTESIAN_POINT('',(-0.0190146604682721,-0.00185011575257017,0.0136212441302703));
#3058=CARTESIAN_POINT('',(-0.0189017422685341,0.00162762177926263,0.013665710393669));
#3059=CARTESIAN_POINT('',(-0.0199431927246417,0.0014066202129383,0.0137345306630802));
#3060=CARTESIAN_POINT('',(-0.0198870148446499,0.00112644819287257,0.0127120229803863));
#3061=CARTESIAN_POINT('',(-0.0192163922951385,0.00453292821454386,0.012777737216186));
#3062=CARTESIAN_POINT('',(-0.0202236139966749,0.0044947344642253,0.0127872768401655));
#3063=CARTESIAN_POINT('',(-0.020222040289207,0.00423778475249393,0.0118181551708059));
#3064=CARTESIAN_POINT('',(-0.0189871005780807,0.00745373211259053,0.0119697110909554));
#3065=CARTESIAN_POINT('',(-0.0199383027536343,0.00758878044852961,0.0119324613066509));
#3066=CARTESIAN_POINT('',(-0.0199786748990395,0.00737665335830066,0.0110007856083166));
#3067=CARTESIAN_POINT('',(-0.0181748128373174,0.0102915399234588,0.0113230897364912));
#3068=CARTESIAN_POINT('',(-0.0190482030040119,0.0106186950291682,0.0112532193668176));
#3069=CARTESIAN_POINT('',(-0.0191102046828674,0.0104756924255283,0.0103411643098229));
#3070=CARTESIAN_POINT('',(-0.0166928433151858,0.0128899202618098,0.0109471055483694));
#3071=CARTESIAN_POINT('',(-0.0174415941229163,0.0134734535718528,0.010884225227344));
#3072=CARTESIAN_POINT('',(-0.0175112822586236,0.0133971031672636,0.00994715797442891));
#3073=CARTESIAN_POINT('',(-0.01453298185425,0.0149655478136238,0.0109623682871838));
#3074=CARTESIAN_POINT('',(-0.0151515112042418,0.0158343551342258,0.0110199104751105));
#3075=CARTESIAN_POINT('',(-0.0151605077259905,0.0158333204999717,0.00996251431539496));
#3076=CARTESIAN_POINT('',(-0.0119177970872295,0.0165664160777936,0.0111578158213228));
#3077=CARTESIAN_POINT('',(-0.0124238853081339,0.0175744698918897,0.0113004062095766));
#3078=CARTESIAN_POINT('',(-0.0123776759804739,0.0175987779742082,0.0101678637027237));
#3079=CARTESIAN_POINT('',(-0.0091090296242253,0.0177412476521947,0.0113323577658866));
#3080=CARTESIAN_POINT('',(-0.00948223242942461,0.0188245152788408,0.0114963218877428));
#3081=CARTESIAN_POINT('',(-0.00943200402530535,0.0188407801894947,0.0103435803647807));
#3082=CARTESIAN_POINT('',(-0.00512662100695288,0.0188226256842915,0.0114957294881489));
#3083=CARTESIAN_POINT('',(-0.00531914284002516,0.0199587459707698,0.0116654412083271));
#3084=CARTESIAN_POINT('',(-0.00529191762443422,0.0199613694789418,0.0105067158893294));
#3085=CARTESIAN_POINT('',(-0.00109831294825076,0.0192248938098734,0.0115536187364403));
#3086=CARTESIAN_POINT('',(-0.0011411070014787,0.0203721116356221,0.0117197445637254));
#3087=CARTESIAN_POINT('',(-0.00113421643500805,0.0203712225149622,0.0105639392567356));
#3088=CARTESIAN_POINT('',(0.0030174398951238,0.0190293123961726,0.0115253065668267));
#3089=CARTESIAN_POINT('',(0.00313300392971479,0.020170251549764,0.0116925810949014));
#3090=CARTESIAN_POINT('',(0.00311554090926052,0.0201713241728959,0.0105358794646784));
#3091=CARTESIAN_POINT('',(0.00602618441850624,0.0185714724463508,0.0114577750924446));
#3092=CARTESIAN_POINT('',(0.00626128047317977,0.0196947956661289,0.0116260684828387));
#3093=CARTESIAN_POINT('',(0.00622730932643247,0.0197010899031991,0.0104688187144173));
#3094=CARTESIAN_POINT('',(0.00895673363853257,0.0177917899042141,0.0113400448274806));
#3095=CARTESIAN_POINT('',(0.00932274556434305,0.0188779237181559,0.0115045527825991));
#3096=CARTESIAN_POINT('',(0.00927322332446648,0.0188935214448112,0.0103512785641348));
#3097=CARTESIAN_POINT('',(0.0118171664869409,0.0166190197692128,0.0111651773549302));
#3098=CARTESIAN_POINT('',(0.0123186784133024,0.0176307141684236,0.0113092376423762));
#3099=CARTESIAN_POINT('',(0.0122714183684454,0.0176551248435217,0.0101753636475756));
#3100=CARTESIAN_POINT('',(0.0144310550924249,0.0150382203143413,0.0109695000223632));
#3101=CARTESIAN_POINT('',(0.0150450561757781,0.0159153214290429,0.0110324520800911));
#3102=CARTESIAN_POINT('',(0.0150508472880891,0.0159163799799945,0.00997019965767034));
#3103=CARTESIAN_POINT('',(0.0166127506734611,0.0129941431754578,0.0109389774231166));
#3104=CARTESIAN_POINT('',(0.0173556356007046,0.0135907432758678,0.0108790621820176));
#3105=CARTESIAN_POINT('',(0.0174241235986829,0.01351826429185,0.00993835436792974));
#3106=CARTESIAN_POINT('',(0.0181380828354837,0.0103849237378081,0.0113043957900251));
#3107=CARTESIAN_POINT('',(0.0190079901950277,0.010719531816016,0.0112333881281915));
#3108=CARTESIAN_POINT('',(0.0190708923815197,0.0105782355961934,0.0103219477259693));
#3109=CARTESIAN_POINT('',(0.0189727041405039,0.00754160853046058,0.0119470309131239));
#3110=CARTESIAN_POINT('',(0.0199220995356743,0.00768147634959675,0.0119087509497195));
#3111=CARTESIAN_POINT('',(0.0199633398179833,0.00747176692383501,0.0109777737496912));
#3112=CARTESIAN_POINT('',(0.0192181408576851,0.00459206825676926,0.012760172088395));
#3113=CARTESIAN_POINT('',(0.0202244716784545,0.00455724812171626,0.0127686325862696));
#3114=CARTESIAN_POINT('',(0.0202239128833643,0.0043010863331589,0.0118004466834525));
#3115=CARTESIAN_POINT('',(0.0189136036864111,0.00168178360213008,0.0136485776140314));
#3116=CARTESIAN_POINT('',(0.0199546319939299,0.00146377622008709,0.0137163867859929));
#3117=CARTESIAN_POINT('',(0.0198995993906056,0.0011841600391066,0.0126948081479665));
#3118=CARTESIAN_POINT('',(0.0180876757079764,-0.00115453748429309,0.0145616601967222));
#3119=CARTESIAN_POINT('',(0.0191333672658126,-0.00153345752250651,0.0146852497122822));
#3120=CARTESIAN_POINT('',(0.0190266526503065,-0.00181823511391757,0.0136112666547575));
#3121=CARTESIAN_POINT('',(0.0169133091534273,-0.00380446942738048,0.0154437915322109));
#3122=CARTESIAN_POINT('',(0.0179524191176525,-0.00428264550418695,0.015605281402172));
#3123=CARTESIAN_POINT('',(0.0178091342630863,-0.00457078903488896,0.0144964923645129));
#3124=CARTESIAN_POINT('',(0.0155460304140956,-0.00637095165136878,0.0163257756502677));
#3125=CARTESIAN_POINT('',(0.0165826218443985,-0.00689315434518377,0.016507911579016));
#3126=CARTESIAN_POINT('',(0.016420914710247,-0.00718539931670449,0.0153816149913826));
#3127=CARTESIAN_POINT('',(0.0135902353300543,-0.00972553955099877,0.0175159220064623));
#3128=CARTESIAN_POINT('',(0.0146127207696235,-0.0103258756256542,0.0177341988551366));
#3129=CARTESIAN_POINT('',(0.014435429586862,-0.0106035610715325,0.0165763828629333));
#3130=CARTESIAN_POINT('',(0.0119319937455614,-0.0121281727470606,0.0184144252250078));
#3131=CARTESIAN_POINT('',(0.0129325039671939,-0.0128107909069112,0.0186722877480938));
#3132=CARTESIAN_POINT('',(0.0127410282298438,-0.0130757177973158,0.0174791743926083));
#3133=CARTESIAN_POINT('',(0.0106478501211845,-0.0135996014476024,0.0189884548189001));
#3134=CARTESIAN_POINT('',(0.0116394429551807,-0.0143459522273264,0.0192796190695556));
#3135=CARTESIAN_POINT('',(0.0114033285704349,-0.0146182149634242,0.0180568372183917));
#3136=CARTESIAN_POINT('',(0.0114915371988337,-0.0117638018922708,0.0182845496275452));
#3137=CARTESIAN_POINT('',(0.0108317167257546,-0.011330045988024,0.0181209393632143));
#3138=CARTESIAN_POINT('',(0.0106918883533088,-0.0115162567625447,0.0173488971794773));
#3139=CARTESIAN_POINT('',(0.0125877919910656,-0.0103114775582574,0.0177367411346679));
#3140=CARTESIAN_POINT('',(0.0118980765802469,-0.00988804661174839,0.0175810672483127));
#3141=CARTESIAN_POINT('',(0.0117544914029572,-0.0101011781671049,0.0167982338492218));
#3142=CARTESIAN_POINT('',(0.0140421720555786,-0.00802140610991798,0.0169030921405992));
#3143=CARTESIAN_POINT('',(0.0133119688840491,-0.0076252816662228,0.0167621589784583));
#3144=CARTESIAN_POINT('',(0.0131806200173977,-0.007848812177354,0.0159610718401526));
#3145=CARTESIAN_POINT('',(0.0158026072947876,-0.00485467439843623,0.0158019833531534));
#3146=CARTESIAN_POINT('',(0.0150399896983807,-0.00448323734502924,0.0156748101283198));
#3147=CARTESIAN_POINT('',(0.0149200367164197,-0.00470794059080588,0.0148559508426234));
#3148=CARTESIAN_POINT('',(0.0170167138459834,-0.00241658517276573,0.014978714687945));
#3149=CARTESIAN_POINT('',(0.0162127012153344,-0.00207828967182495,0.0148664495400229));
#3150=CARTESIAN_POINT('',(0.0161028642819061,-0.00232256298073138,0.0140297568392684));
#3151=CARTESIAN_POINT('',(0.0180014101019352,0.000158486095744595,0.0141356168400284));
#3152=CARTESIAN_POINT('',(0.0171276521207572,0.000423735258236352,0.0140505383996601));
#3153=CARTESIAN_POINT('',(0.0170418315880071,0.000146527903116906,0.0131838172742641));
#3154=CARTESIAN_POINT('',(0.0185870729924903,0.00282745715807677,0.0132925597670797));
#3155=CARTESIAN_POINT('',(0.0176284347481491,0.00296534537602447,0.0132510939406124));
#3156=CARTESIAN_POINT('',(0.0175897021336661,0.00266016085082759,0.0123367137553998));
#3157=CARTESIAN_POINT('',(0.018688421679942,0.00557361273498121,0.0124796809359997));
#3158=CARTESIAN_POINT('',(0.0176671345693896,0.00554872819029692,0.0124885836879877));
#3159=CARTESIAN_POINT('',(0.0176844214952942,0.0052491425907712,0.0115171634786907));
#3160=CARTESIAN_POINT('',(0.0182894165651476,0.00829857439169706,0.0117627814525254));
#3161=CARTESIAN_POINT('',(0.0172453859591057,0.00808036687309581,0.0118187650347702));
#3162=CARTESIAN_POINT('',(0.0173114447661693,0.00782582326014887,0.0107903428403422));
#3163=CARTESIAN_POINT('',(0.0173386337063765,0.0109033801692574,0.0112155953606865));
#3164=CARTESIAN_POINT('',(0.0163480448764831,0.0104357404437579,0.0113057150017264));
#3165=CARTESIAN_POINT('',(0.0164321499592615,0.0102854439983156,0.0102297355022139));
#3166=CARTESIAN_POINT('',(0.0160185287778081,0.0128367563798724,0.0109834797730302));
#3167=CARTESIAN_POINT('',(0.0151949025561368,0.0121653155695058,0.0110431762172947));
#3168=CARTESIAN_POINT('',(0.0152251127201521,0.0121353238411153,0.00998506407621253));
#3169=CARTESIAN_POINT('',(0.0146954359805393,0.0141097423781255,0.0109560509778564));
#3170=CARTESIAN_POINT('',(0.0140351393264492,0.0133622939952172,0.0109503272449894));
#3171=CARTESIAN_POINT('',(0.0140216163089735,0.0133768791086279,0.00995536841878743));
#3172=CARTESIAN_POINT('',(0.013186548339002,0.0152522395583834,0.0110029807087248));
#3173=CARTESIAN_POINT('',(0.01268651837984,0.0144610553074168,0.0109368902867666));
#3174=CARTESIAN_POINT('',(0.0126296666712009,0.0145020536375973,0.0100057163375315));
#3175=CARTESIAN_POINT('',(0.0111330473403359,0.0163935833268566,0.0111353591718026));
#3176=CARTESIAN_POINT('',(0.0107651986789241,0.015592120150633,0.0110272613500055));
#3177=CARTESIAN_POINT('',(0.0107033818916887,0.0156201412191508,0.0101442799871646));
#3178=CARTESIAN_POINT('',(0.00843610129752241,0.0174299833189823,0.0112855246200778));
#3179=CARTESIAN_POINT('',(0.0081763724727813,0.0166093834868864,0.0111628890814179));
#3180=CARTESIAN_POINT('',(0.00813515012355087,0.0166216231614107,0.0102965184962238));
#3181=CARTESIAN_POINT('',(0.00567602512204664,0.0181245472923566,0.0113904790339858));
#3182=CARTESIAN_POINT('',(0.00550915390710511,0.0172861804964909,0.0112639148678166));
#3183=CARTESIAN_POINT('',(0.00548360663959063,0.0172906821752197,0.0104016807119548));
#3184=CARTESIAN_POINT('',(0.00285518037797165,0.0185337060756596,0.0114518239056632));
#3185=CARTESIAN_POINT('',(0.00277303635580643,0.0176837643142708,0.0113247206535171));
#3186=CARTESIAN_POINT('',(0.0027609417557834,0.017684497354454,0.0104628207951333));
#3187=CARTESIAN_POINT('',(-3.34557247827596E-5,0.018668751367603,0.0114719185422685));
#3188=CARTESIAN_POINT('',(-3.24886586974009E-5,0.0178148569882396,0.011344837624337));
#3189=CARTESIAN_POINT('',(-3.23532573102179E-5,0.0178144751351545,0.0104828129523941));
#3190=CARTESIAN_POINT('',(-0.00288459058567217,0.0185295897159368,0.0114512143702423));
#3191=CARTESIAN_POINT('',(-0.00280160742663799,0.017679740283194,0.0113241105391387));
#3192=CARTESIAN_POINT('',(-0.00278935678616379,0.0176805310146931,0.010462211625846));
#3193=CARTESIAN_POINT('',(-0.00569001932016047,0.0181219397130306,0.011390062648578));
#3194=CARTESIAN_POINT('',(-0.00552258896833829,0.0172837499514423,0.0112635206039641));
#3195=CARTESIAN_POINT('',(-0.00549706009745312,0.0172881888965806,0.0104012734303366));
#3196=CARTESIAN_POINT('',(-0.00845282680127259,0.0174242878305642,0.011284753723673));
#3197=CARTESIAN_POINT('',(-0.00819289914487601,0.0166034289532316,0.011162112900873));
#3198=CARTESIAN_POINT('',(-0.00815124795457002,0.0166160699615907,0.0102957106677032));
#3199=CARTESIAN_POINT('',(-0.0111446241353028,0.0163896648664147,0.0111345411605708));
#3200=CARTESIAN_POINT('',(-0.010774721148924,0.0155896996977243,0.0110267642613946));
#3201=CARTESIAN_POINT('',(-0.0107139907909199,0.0156165550242999,0.0101435608391872));
#3202=CARTESIAN_POINT('',(-0.0136388221481327,0.0149963735052707,0.0109743111621969));
#3203=CARTESIAN_POINT('',(-0.0131275377882684,0.0141949333713167,0.0109160539325441));
#3204=CARTESIAN_POINT('',(-0.0130552873885742,0.0142506741484473,0.00997526723405977));
#3205=CARTESIAN_POINT('',(-0.0157805069198514,0.0131967445969279,0.0109380770747615));
#3206=CARTESIAN_POINT('',(-0.0149981436849003,0.0124745467511014,0.0109923987569083));
#3207=CARTESIAN_POINT('',(-0.0150091126485923,0.0124787223211401,0.00993685640927575));
#3208=CARTESIAN_POINT('',(-0.0173517020649619,0.0108777210626019,0.0112199758336735));
#3209=CARTESIAN_POINT('',(-0.0163578562848129,0.0104146921412002,0.0113103247321749));
#3210=CARTESIAN_POINT('',(-0.0164437015790089,0.0102613594205776,0.0102343966305905));
#3211=CARTESIAN_POINT('',(-0.0183012916825059,0.00825152592077359,0.0117740107660643));
#3212=CARTESIAN_POINT('',(-0.017257597297744,0.0080367231828122,0.0118291576382665));
#3213=CARTESIAN_POINT('',(-0.0173226135722646,0.00778132361646569,0.0108017456898564));
#3214=CARTESIAN_POINT('',(-0.0186890480465058,0.0055444571344551,0.0124881014043108));
#3215=CARTESIAN_POINT('',(-0.0176682160151867,0.00552128084613777,0.0124965367962381));
#3216=CARTESIAN_POINT('',(-0.0176849820605137,0.00522156456375439,0.0115256728880364));
#3217=CARTESIAN_POINT('',(-0.0185833254190743,0.00279139511824627,0.0133035379897594));
#3218=CARTESIAN_POINT('',(-0.0176257474082756,0.00293155097740993,0.0132613326415064));
#3219=CARTESIAN_POINT('',(-0.0175862274394238,0.00262631334283227,0.0123477651828415));
#3220=CARTESIAN_POINT('',(-0.0179883939591008,0.00011770588460992,0.0141488115566393));
#3221=CARTESIAN_POINT('',(-0.0171158794783714,0.000384360404541528,0.0140632286401578));
#3222=CARTESIAN_POINT('',(-0.0170295538278331,0.000107809395273728,0.0131970561600582));
#3223=CARTESIAN_POINT('',(-0.0170060168992569,-0.00243861476909527,0.0149861025077803));
#3224=CARTESIAN_POINT('',(-0.0162023498198737,-0.0021001735363576,0.0148737534427301));
#3225=CARTESIAN_POINT('',(-0.0160924935129383,-0.00234405203561164,0.0140371714203118));
#3226=CARTESIAN_POINT('',(-0.0157989440994403,-0.00486115489091002,0.0158042459565888));
#3227=CARTESIAN_POINT('',(-0.0150363454061927,-0.00448973590079563,0.0156770683191294));
#3228=CARTESIAN_POINT('',(-0.0149164058190586,-0.00471438243501268,0.0148582214508024));
#3229=CARTESIAN_POINT('',(-0.0140444185625313,-0.00801742450738814,0.0169017019949713));
#3230=CARTESIAN_POINT('',(-0.0133141710214619,-0.00762134741542167,0.0167607918406614));
#3231=CARTESIAN_POINT('',(-0.0131828470215781,-0.00784485431414001,0.0159596767852458));
#3232=CARTESIAN_POINT('',(-0.0125877090348727,-0.0103116688103799,0.0177368068724181));
#3233=CARTESIAN_POINT('',(-0.0118980004739526,-0.00988822757203149,0.0175811290275596));
#3234=CARTESIAN_POINT('',(-0.0117544065443143,-0.0101013699653493,0.0167982997453771));
#3235=CARTESIAN_POINT('',(-0.0114910143146478,-0.0117644945926951,0.0182848109117387));
#3236=CARTESIAN_POINT('',(-0.0108312123741354,-0.0113307279857918,0.0181211946987014));
#3237=CARTESIAN_POINT('',(-0.0106913815211651,-0.0115169316969472,0.0173491598253656));
#3238=CARTESIAN_POINT('',(0.,0.0251279579671844,0.0126));
#3239=CARTESIAN_POINT('',(0.0031322326568946,0.0211198745791977,0.013));
#3240=CARTESIAN_POINT('',(0.00303703373332866,0.0201244163103828,0.013));
#3241=CARTESIAN_POINT('',(0.00303703373332867,0.0201244163103828,0.012));
#3242=CARTESIAN_POINT('',(0.00261170296066634,0.0211696545331325,0.013));
#3243=CARTESIAN_POINT('',(0.00251650403710087,0.0201741962643214,0.013));
#3244=CARTESIAN_POINT('',(0.00251650403710034,0.020174196264317,0.012));
#3245=CARTESIAN_POINT('',(0.00156839888319279,0.0212457847595744,0.013));
#3246=CARTESIAN_POINT('',(0.00152701317895571,0.0202458137657383,0.013));
#3247=CARTESIAN_POINT('',(0.00152701317895594,0.0202458137657403,0.012));
#3248=CARTESIAN_POINT('',(3.99036841599548E-7,0.0212828567045662,0.013));
#3249=CARTESIAN_POINT('',(3.87449959279384E-7,0.0202828422399267,0.013));
#3250=CARTESIAN_POINT('',(3.87449959305769E-7,0.0202828422399263,0.012));
#3251=CARTESIAN_POINT('',(-0.0015685255724438,0.0212457881934905,0.013));
#3252=CARTESIAN_POINT('',(-0.00152713682604003,0.0202458170460408,0.013));
#3253=CARTESIAN_POINT('',(-0.00152713682604035,0.0202458170460408,0.012));
#3254=CARTESIAN_POINT('',(-0.00261162625213526,0.0211696612536206,0.013));
#3255=CARTESIAN_POINT('',(-0.0025164282182424,0.0201742028997234,0.013));
#3256=CARTESIAN_POINT('',(-0.00251642821824167,0.0201742028997239,0.012));
#3257=CARTESIAN_POINT('',(-0.00313223757462439,0.0211198739630427,0.013));
#3258=CARTESIAN_POINT('',(-0.00303703954073079,0.0201244156091459,0.013));
#3259=CARTESIAN_POINT('',(-0.00303703954073079,0.0201244156091459,0.012));
#3260=CARTESIAN_POINT('',(0.,0.,0.));
#3261=CARTESIAN_POINT('',(-0.0085000000018456,-0.0173509102615469,0.0199127075500767));
#3262=CARTESIAN_POINT('',(-0.0085000000018456,-0.0173509102615469,-6.93889390390723E-18));
#3263=CARTESIAN_POINT('',(-0.00778266621443852,-0.0178705166845931,0.0199127075500767));
#3264=CARTESIAN_POINT('',(-0.00778266621443852,-0.0178705166845931,-6.93889390390723E-18));
#3265=CARTESIAN_POINT('',(-0.00624281786368433,-0.0187214365704662,0.0199127075500767));
#3266=CARTESIAN_POINT('',(-0.00624281786368433,-0.0187214365704662,-1.04083408558608E-17));
#3267=CARTESIAN_POINT('',(-0.00397593951206204,-0.0193339484870184,0.0199127075500767));
#3268=CARTESIAN_POINT('',(-0.00397593951206204,-0.0193339484870184,-3.46944695195361E-18));
#3269=CARTESIAN_POINT('',(-0.00221958312335646,-0.0194982272180835,0.0199127075500767));
#3270=CARTESIAN_POINT('',(-0.00221958312335646,-0.0194982272180835,-6.93889390390723E-18));
#3271=CARTESIAN_POINT('',(-0.000913992239252542,-0.0195324660450291,0.0199127075500767));
#3272=CARTESIAN_POINT('',(-0.000913992239252542,-0.0195324660450291,-6.93889390390723E-18));
#3273=CARTESIAN_POINT('',(4.87774807228701E-13,-0.0195340169774879,0.0199127075500767));
#3274=CARTESIAN_POINT('',(4.87774807228701E-13,-0.0195340169774879,-1.38777878078145E-17));
#3275=CARTESIAN_POINT('',(0.000913992240315423,-0.0195324660450191,0.0199127075500767));
#3276=CARTESIAN_POINT('',(0.000913992240315423,-0.0195324660450191,0.));
#3277=CARTESIAN_POINT('',(0.00221958312448598,-0.0194982272180193,0.0199127075500767));
#3278=CARTESIAN_POINT('',(0.00221958312448598,-0.0194982272180193,-1.73472347597681E-17));
#3279=CARTESIAN_POINT('',(0.00397593951328775,-0.0193339484868139,0.0199127075500767));
#3280=CARTESIAN_POINT('',(0.00397593951328775,-0.0193339484868139,0.));
#3281=CARTESIAN_POINT('',(0.00624281786496924,-0.0187214365699669,0.0199127075500767));
#3282=CARTESIAN_POINT('',(0.00624281786496924,-0.0187214365699669,-6.93889390390723E-18));
#3283=CARTESIAN_POINT('',(0.00778266621569268,-0.0178705166838153,0.0199127075500767));
#3284=CARTESIAN_POINT('',(0.00778266621569268,-0.0178705166838153,-6.93889390390723E-18));
#3285=CARTESIAN_POINT('',(0.0085000000030412,-0.0173509102606809,0.0199127075500767));
#3286=CARTESIAN_POINT('',(0.0085000000030412,-0.0173509102606809,-6.93889390390723E-18));
#3287=CARTESIAN_POINT('',(0.0085,-0.0173509102628838,0.022));
#3288=CARTESIAN_POINT('',(0.0085,-0.0173509102565211,0.));
#3289=CARTESIAN_POINT('',(0.0085,-0.0173509102628838,0.0190917856977133));
#3290=CARTESIAN_POINT('',(0.0085,-0.0173509102628839,0.0190917856977133));
#3291=CARTESIAN_POINT('',(0.00735753159105972,-0.0181784663234007,0.0194069559837553));
#3292=CARTESIAN_POINT('',(0.00607680832755004,-0.018777553905598,0.0196377551164347));
#3293=CARTESIAN_POINT('',(0.00467906419938616,-0.0191195816399287,0.0197742786409288));
#3294=CARTESIAN_POINT('',(0.00467906419938614,-0.0191195816399287,0.0197742786409288));
#3295=CARTESIAN_POINT('',(0.00467906419938614,-0.0191195816399287,0.0197742786409288));
#3296=CARTESIAN_POINT('',(0.00414013847349691,-0.0192514566671836,0.019826917774269));
#3297=CARTESIAN_POINT('',(0.00301399887635394,-0.0194286505074186,0.0194524374883123));
#3298=CARTESIAN_POINT('',(0.00253861185097404,-0.0194567894178784,0.0183619356110101));
#3299=CARTESIAN_POINT('',(0.0025165476666003,-0.0194585916477443,0.0178057059933647));
#3300=CARTESIAN_POINT('',(0.00251654766660031,-0.0194585916477443,0.0178057059933647));
#3301=CARTESIAN_POINT('',(0.00251654766660031,-0.0194585916477443,0.0178057059933647));
#3302=CARTESIAN_POINT('',(0.00247802075745722,-0.0194617385733846,0.0168344574047463));
#3303=CARTESIAN_POINT('',(0.00239755211761575,-0.0194681645812016,0.0153794981361005));
#3304=CARTESIAN_POINT('',(0.00223752528700568,-0.0194793709430916,0.013443811195191));
#3305=CARTESIAN_POINT('',(0.00208629720156611,-0.0194889136975746,0.0119949232524162));
#3306=CARTESIAN_POINT('',(0.0018922685933712,-0.0194994850519849,0.010548475845092));
#3307=CARTESIAN_POINT('',(0.0016803698363964,-0.019509065855803,0.00935329822307825));
#3308=CARTESIAN_POINT('',(0.00143605850152807,-0.0195174547090834,0.00841427815816402));
#3309=CARTESIAN_POINT('',(0.0011810828247832,-0.0195244945166602,0.00772324257884898));
#3310=CARTESIAN_POINT('',(0.000700769392584011,-0.0195324508262301,0.00713606856425742));
#3311=CARTESIAN_POINT('',(-4.47741098865118E-5,-0.019534182623568,0.00691809795553378));
#3312=CARTESIAN_POINT('',(-0.000766670313968001,-0.0195317964160726,0.00719645380944086));
#3313=CARTESIAN_POINT('',(-0.00120703046282314,-0.0195237984028715,0.00780865120884791));
#3314=CARTESIAN_POINT('',(-0.00145008277883076,-0.0195170242129192,0.00850655718668608));
#3315=CARTESIAN_POINT('',(-0.00168620924102376,-0.0195087966607621,0.00944449138017445));
#3316=CARTESIAN_POINT('',(-0.00189406528480256,-0.0194993911453267,0.0106286268782691));
#3317=CARTESIAN_POINT('',(-0.00208552565951747,-0.019488953277766,0.0120561426617251));
#3318=CARTESIAN_POINT('',(-0.00223624769422023,-0.0194794562528133,0.0134887339766143));
#3319=CARTESIAN_POINT('',(-0.00239661052634819,-0.0194682369972124,0.015403743389073));
#3320=CARTESIAN_POINT('',(-0.0024779607205404,-0.0194617443600271,0.0168447431221191));
#3321=CARTESIAN_POINT('',(-0.00251694498587634,-0.0194585591896928,0.0178072639757749));
#3322=CARTESIAN_POINT('',(-0.00251694498587634,-0.0194585591896928,0.0178072639757749));
#3323=CARTESIAN_POINT('',(-0.00251694498587633,-0.0194585591896928,0.0178072639757749));
#3324=CARTESIAN_POINT('',(-0.00253942100098607,-0.019456722809368,0.0183621964101743));
#3325=CARTESIAN_POINT('',(-0.0030176644983958,-0.0194283042822001,0.01945620443045));
#3326=CARTESIAN_POINT('',(-0.00414236110805329,-0.019250938479552,0.0198267104785504));
#3327=CARTESIAN_POINT('',(-0.00467958123871009,-0.0191194551081315,0.0197742281348147));
#3328=CARTESIAN_POINT('',(-0.00467958123871009,-0.0191194551081315,0.0197742281348147));
#3329=CARTESIAN_POINT('',(-0.00467958123871009,-0.0191194551081315,0.0197742281348147));
#3330=CARTESIAN_POINT('',(-0.00607713741586498,-0.0187774065003023,0.0196376974662081));
#3331=CARTESIAN_POINT('',(-0.00735767226270478,-0.0181783644267782,0.0194069171769732));
#3332=CARTESIAN_POINT('',(-0.0085,-0.0173509102628838,0.0190917856977133));
#3333=CARTESIAN_POINT('',(-0.0085,-0.0173509102628838,0.0190917856977133));
#3334=CARTESIAN_POINT('',(-0.0085,-0.0173509102628838,0.022));
#3335=CARTESIAN_POINT('',(-0.0085,-0.0173509102589957,0.013));
#3336=CARTESIAN_POINT('',(0.00482062632834529,0.0200266466094021,0.013));
#3337=CARTESIAN_POINT('',(-5.20417042793042E-18,0.0203924266952989,0.013));
#3338=CARTESIAN_POINT('',(-0.00482062632834528,0.0200266466094021,0.013));
#3339=CARTESIAN_POINT('',(-0.00863956252362934,0.019112879717269,0.013));
#3340=CARTESIAN_POINT('',(-0.0114627515583096,0.0179947515329546,0.013));
#3341=CARTESIAN_POINT('',(-0.0134338026876387,0.0169500606781884,0.013));
#3342=CARTESIAN_POINT('',(-0.0149252670883896,0.015893539936236,0.013));
#3343=CARTESIAN_POINT('',(-0.0160059818180573,0.0149257005110262,0.013));
#3344=CARTESIAN_POINT('',(-0.0169982923733384,0.0138738758942114,0.013));
#3345=CARTESIAN_POINT('',(-0.0180303403835217,0.0124543110740966,0.013));
#3346=CARTESIAN_POINT('',(-0.0189607406589464,0.0106362896484952,0.013));
#3347=CARTESIAN_POINT('',(-0.0196058586195134,0.0087573836128342,0.013));
#3348=CARTESIAN_POINT('',(-0.0199948078606621,0.00685907626622738,0.013));
#3349=CARTESIAN_POINT('',(-0.0201538628431477,0.00497559169615813,0.013));
#3350=CARTESIAN_POINT('',(-0.0200913201701227,0.00252639730634173,0.013));
#3351=CARTESIAN_POINT('',(-0.0195368637926927,-0.000370273826359275,0.013));
#3352=CARTESIAN_POINT('',(-0.0184875842187456,-0.00309630792181374,0.013));
#3353=CARTESIAN_POINT('',(-0.0175699086632425,-0.00499104657439032,0.013));
#3354=CARTESIAN_POINT('',(-0.0169995258468732,-0.00608537884281863,0.013));
#3355=CARTESIAN_POINT('',(-0.0164025490820569,-0.00718919836509951,0.013));
#3356=CARTESIAN_POINT('',(-0.0155941007359682,-0.00862033342478817,0.013));
#3357=CARTESIAN_POINT('',(-0.0145281718157081,-0.0103730762330828,0.013));
#3358=CARTESIAN_POINT('',(-0.0133742261973131,-0.0121077223880294,0.013));
#3359=CARTESIAN_POINT('',(-0.0121350042973942,-0.0137745354656722,0.013));
#3360=CARTESIAN_POINT('',(-0.0110291012864774,-0.015066601484032,0.013));
#3361=CARTESIAN_POINT('',(-0.0100930990155803,-0.0160181765240327,0.013));
#3362=CARTESIAN_POINT('',(-0.00936182450572108,-0.0166844100333704,0.013));
#3363=CARTESIAN_POINT('',(-0.00872356751763971,-0.0171943323518081,0.013));
#3364=CARTESIAN_POINT('',(-0.008192877447486,-0.0175703511470018,0.013));
#3365=CARTESIAN_POINT('',(-0.00764509862796728,-0.0179244082545306,0.013));
#3366=CARTESIAN_POINT('',(-0.0069504229393164,-0.018308689375556,0.013));
#3367=CARTESIAN_POINT('',(-0.00583125937431039,-0.0188041906391488,0.013));
#3368=CARTESIAN_POINT('',(-0.00444075717469387,-0.0192149067706504,0.013));
#3369=CARTESIAN_POINT('',(-0.00311310488870667,-0.0194135358998208,0.013));
#3370=CARTESIAN_POINT('',(-0.00210300761884128,-0.0194922807786472,0.013));
#3371=CARTESIAN_POINT('',(-0.00137240791382341,-0.0195221271153975,0.013));
#3372=CARTESIAN_POINT('',(-0.000787076709372411,-0.0195311224642594,0.013));
#3373=CARTESIAN_POINT('',(-0.000332207333237871,-0.0195333498247411,0.013));
#3374=CARTESIAN_POINT('',(1.57713359634485E-18,-0.0195335750876294,0.013));
#3375=CARTESIAN_POINT('',(0.000332207333237858,-0.0195333498247411,0.013));
#3376=CARTESIAN_POINT('',(0.000787076709372434,-0.0195311224642594,0.013));
#3377=CARTESIAN_POINT('',(0.00137240791382339,-0.0195221271153975,0.013));
#3378=CARTESIAN_POINT('',(0.0021030076188413,-0.0194922807786472,0.013));
#3379=CARTESIAN_POINT('',(0.00311310488870667,-0.0194135358998208,0.013));
#3380=CARTESIAN_POINT('',(0.00444075717469387,-0.0192149067706504,0.013));
#3381=CARTESIAN_POINT('',(0.00583125937431041,-0.0188041906391488,0.013));
#3382=CARTESIAN_POINT('',(0.00695042293931642,-0.018308689375556,0.013));
#3383=CARTESIAN_POINT('',(0.00764509862796729,-0.0179244082545306,0.013));
#3384=CARTESIAN_POINT('',(0.00819287744748602,-0.0175703511470018,0.013));
#3385=CARTESIAN_POINT('',(0.00872356751763973,-0.0171943323518081,0.013));
#3386=CARTESIAN_POINT('',(0.00936182450572109,-0.0166844100333704,0.013));
#3387=CARTESIAN_POINT('',(0.0100930990155803,-0.0160181765240326,0.013));
#3388=CARTESIAN_POINT('',(0.0110291012864774,-0.015066601484032,0.013));
#3389=CARTESIAN_POINT('',(0.0121350042973942,-0.0137745354656722,0.013));
#3390=CARTESIAN_POINT('',(0.0133742261973131,-0.0121077223880294,0.013));
#3391=CARTESIAN_POINT('',(0.0145281718157081,-0.0103730762330828,0.013));
#3392=CARTESIAN_POINT('',(0.0155941007359683,-0.00862033342478814,0.013));
#3393=CARTESIAN_POINT('',(0.0164025490820569,-0.00718919836509948,0.013));
#3394=CARTESIAN_POINT('',(0.0169995258468732,-0.00608537884281861,0.013));
#3395=CARTESIAN_POINT('',(0.0175699086632425,-0.0049910465743903,0.013));
#3396=CARTESIAN_POINT('',(0.0184875842187456,-0.00309630792181373,0.013));
#3397=CARTESIAN_POINT('',(0.0195368637926927,-0.00037027382635926,0.013));
#3398=CARTESIAN_POINT('',(0.0200913201701227,0.00252639730634174,0.013));
#3399=CARTESIAN_POINT('',(0.0201538628431477,0.00497559169615814,0.013));
#3400=CARTESIAN_POINT('',(0.0199948078606621,0.00685907626622739,0.013));
#3401=CARTESIAN_POINT('',(0.0196058586195134,0.00875738361283421,0.013));
#3402=CARTESIAN_POINT('',(0.0189607406589464,0.0106362896484952,0.013));
#3403=CARTESIAN_POINT('',(0.0180303403835217,0.0124543110740966,0.013));
#3404=CARTESIAN_POINT('',(0.0169982923733384,0.0138738758942114,0.013));
#3405=CARTESIAN_POINT('',(0.0160059818180573,0.0149257005110262,0.013));
#3406=CARTESIAN_POINT('',(0.0149252670883896,0.015893539936236,0.013));
#3407=CARTESIAN_POINT('',(0.0134338026876387,0.0169500606781884,0.013));
#3408=CARTESIAN_POINT('',(0.0114627515583096,0.0179947515329546,0.013));
#3409=CARTESIAN_POINT('',(0.00863956252362933,0.019112879717269,0.013));
#3410=CARTESIAN_POINT('',(0.00482062632834529,0.0200266466094021,0.013));
#3411=CARTESIAN_POINT('',(-5.20417042793042E-18,0.0203924266952989,0.013));
#3412=CARTESIAN_POINT('',(-0.00482062632834528,0.0200266466094021,0.013));
#3413=CARTESIAN_POINT('',(-0.00584977172051593,-0.018765570032399,0.013));
#3414=CARTESIAN_POINT('',(-0.00584977172086562,-0.0187655700329816,0.022));
#3415=CARTESIAN_POINT('',(-0.00584977172060132,-0.0187655700325405,0.));
#3416=CARTESIAN_POINT('',(0.00482062632834529,0.0200266466094021,0.));
#3417=CARTESIAN_POINT('',(-5.20417042793042E-18,0.0203924266952989,0.));
#3418=CARTESIAN_POINT('',(-0.00482062632834528,0.0200266466094021,0.));
#3419=CARTESIAN_POINT('',(-0.00863956252362934,0.019112879717269,0.));
#3420=CARTESIAN_POINT('',(-0.0114627515583096,0.0179947515329546,0.));
#3421=CARTESIAN_POINT('',(-0.0134338026876387,0.0169500606781884,0.));
#3422=CARTESIAN_POINT('',(-0.0149252670883896,0.015893539936236,0.));
#3423=CARTESIAN_POINT('',(-0.0160059818180573,0.0149257005110262,0.));
#3424=CARTESIAN_POINT('',(-0.0169982923733384,0.0138738758942114,0.));
#3425=CARTESIAN_POINT('',(-0.0180303403835217,0.0124543110740966,0.));
#3426=CARTESIAN_POINT('',(-0.0189607406589464,0.0106362896484952,0.));
#3427=CARTESIAN_POINT('',(-0.0196058586195134,0.0087573836128342,0.));
#3428=CARTESIAN_POINT('',(-0.0199948078606621,0.00685907626622738,0.));
#3429=CARTESIAN_POINT('',(-0.0201538628431477,0.00497559169615813,0.));
#3430=CARTESIAN_POINT('',(-0.0200913201701227,0.00252639730634173,0.));
#3431=CARTESIAN_POINT('',(-0.0195368637926927,-0.000370273826359275,0.));
#3432=CARTESIAN_POINT('',(-0.0184875842187456,-0.00309630792181374,0.));
#3433=CARTESIAN_POINT('',(-0.0175699086632425,-0.00499104657439032,0.));
#3434=CARTESIAN_POINT('',(-0.0169995258468732,-0.00608537884281863,0.));
#3435=CARTESIAN_POINT('',(-0.0164025490820569,-0.00718919836509951,0.));
#3436=CARTESIAN_POINT('',(-0.0155941007359682,-0.00862033342478817,0.));
#3437=CARTESIAN_POINT('',(-0.0145281718157081,-0.0103730762330828,0.));
#3438=CARTESIAN_POINT('',(-0.0133742261973131,-0.0121077223880294,0.));
#3439=CARTESIAN_POINT('',(-0.0121350042973942,-0.0137745354656722,0.));
#3440=CARTESIAN_POINT('',(-0.0110291012864774,-0.015066601484032,0.));
#3441=CARTESIAN_POINT('',(-0.0100930990155803,-0.0160181765240327,0.));
#3442=CARTESIAN_POINT('',(-0.00936182450572108,-0.0166844100333704,0.));
#3443=CARTESIAN_POINT('',(-0.00872356751763971,-0.0171943323518081,0.));
#3444=CARTESIAN_POINT('',(-0.008192877447486,-0.0175703511470018,0.));
#3445=CARTESIAN_POINT('',(-0.00764509862796728,-0.0179244082545306,0.));
#3446=CARTESIAN_POINT('',(-0.0069504229393164,-0.018308689375556,0.));
#3447=CARTESIAN_POINT('',(-0.00583125937431039,-0.0188041906391488,0.));
#3448=CARTESIAN_POINT('',(-0.00444075717469387,-0.0192149067706504,0.));
#3449=CARTESIAN_POINT('',(-0.00311310488870667,-0.0194135358998208,0.));
#3450=CARTESIAN_POINT('',(-0.00210300761884128,-0.0194922807786472,0.));
#3451=CARTESIAN_POINT('',(-0.00137240791382341,-0.0195221271153975,0.));
#3452=CARTESIAN_POINT('',(-0.000787076709372411,-0.0195311224642594,0.));
#3453=CARTESIAN_POINT('',(-0.000332207333237871,-0.0195333498247411,0.));
#3454=CARTESIAN_POINT('',(1.57713359634485E-18,-0.0195335750876294,0.));
#3455=CARTESIAN_POINT('',(0.000332207333237858,-0.0195333498247411,0.));
#3456=CARTESIAN_POINT('',(0.000787076709372434,-0.0195311224642594,0.));
#3457=CARTESIAN_POINT('',(0.00137240791382339,-0.0195221271153975,0.));
#3458=CARTESIAN_POINT('',(0.0021030076188413,-0.0194922807786472,0.));
#3459=CARTESIAN_POINT('',(0.00311310488870667,-0.0194135358998208,0.));
#3460=CARTESIAN_POINT('',(0.00444075717469387,-0.0192149067706504,0.));
#3461=CARTESIAN_POINT('',(0.00583125937431041,-0.0188041906391488,0.));
#3462=CARTESIAN_POINT('',(0.00695042293931642,-0.018308689375556,0.));
#3463=CARTESIAN_POINT('',(0.00764509862796729,-0.0179244082545306,0.));
#3464=CARTESIAN_POINT('',(0.00819287744748602,-0.0175703511470018,0.));
#3465=CARTESIAN_POINT('',(0.00872356751763973,-0.0171943323518081,0.));
#3466=CARTESIAN_POINT('',(0.00936182450572109,-0.0166844100333704,0.));
#3467=CARTESIAN_POINT('',(0.0100930990155803,-0.0160181765240326,0.));
#3468=CARTESIAN_POINT('',(0.0110291012864774,-0.015066601484032,0.));
#3469=CARTESIAN_POINT('',(0.0121350042973942,-0.0137745354656722,0.));
#3470=CARTESIAN_POINT('',(0.0133742261973131,-0.0121077223880294,0.));
#3471=CARTESIAN_POINT('',(0.0145281718157081,-0.0103730762330828,0.));
#3472=CARTESIAN_POINT('',(0.0155941007359683,-0.00862033342478814,0.));
#3473=CARTESIAN_POINT('',(0.0164025490820569,-0.00718919836509948,0.));
#3474=CARTESIAN_POINT('',(0.0169995258468732,-0.00608537884281861,0.));
#3475=CARTESIAN_POINT('',(0.0175699086632425,-0.0049910465743903,0.));
#3476=CARTESIAN_POINT('',(0.0184875842187456,-0.00309630792181373,0.));
#3477=CARTESIAN_POINT('',(0.0195368637926927,-0.00037027382635926,0.));
#3478=CARTESIAN_POINT('',(0.0200913201701227,0.00252639730634174,0.));
#3479=CARTESIAN_POINT('',(0.0201538628431477,0.00497559169615814,0.));
#3480=CARTESIAN_POINT('',(0.0199948078606621,0.00685907626622739,0.));
#3481=CARTESIAN_POINT('',(0.0196058586195134,0.00875738361283421,0.));
#3482=CARTESIAN_POINT('',(0.0189607406589464,0.0106362896484952,0.));
#3483=CARTESIAN_POINT('',(0.0180303403835217,0.0124543110740966,0.));
#3484=CARTESIAN_POINT('',(0.0169982923733384,0.0138738758942114,0.));
#3485=CARTESIAN_POINT('',(0.0160059818180573,0.0149257005110262,0.));
#3486=CARTESIAN_POINT('',(0.0149252670883896,0.015893539936236,0.));
#3487=CARTESIAN_POINT('',(0.0134338026876387,0.0169500606781884,0.));
#3488=CARTESIAN_POINT('',(0.0114627515583096,0.0179947515329546,0.));
#3489=CARTESIAN_POINT('',(0.00863956252362933,0.019112879717269,0.));
#3490=CARTESIAN_POINT('',(0.00482062632834529,0.0200266466094021,0.));
#3491=CARTESIAN_POINT('',(-5.20417042793042E-18,0.0203924266952989,0.));
#3492=CARTESIAN_POINT('',(-0.00482062632834528,0.0200266466094021,0.));
#3493=CARTESIAN_POINT('',(-0.00850000000000137,-0.0140672114396723,0.0196901728530169));
#3494=CARTESIAN_POINT('',(-0.00850000000000137,-0.0140672114396723,0.));
#3495=CARTESIAN_POINT('',(-0.00782062175490364,-0.0147381174768176,0.0196901728530169));
#3496=CARTESIAN_POINT('',(-0.00782062175490364,-0.0147381174768176,0.));
#3497=CARTESIAN_POINT('',(-0.00643228145468197,-0.015871186867563,0.0196901728530169));
#3498=CARTESIAN_POINT('',(-0.00643228145468197,-0.015871186867563,-6.93889390390723E-18));
#3499=CARTESIAN_POINT('',(-0.00360346459672286,-0.0170122135877405,0.0196901728530169));
#3500=CARTESIAN_POINT('',(-0.00360346459672286,-0.0170122135877405,0.));
#3501=CARTESIAN_POINT('',(8.20333007440873E-13,-0.017047690941573,0.0196901728530169));
#3502=CARTESIAN_POINT('',(8.20333007440873E-13,-0.017047690941573,0.));
#3503=CARTESIAN_POINT('',(0.00360346459834517,-0.0170122135875406,0.0196901728530169));
#3504=CARTESIAN_POINT('',(0.00360346459834517,-0.0170122135875406,-1.04083408558608E-17));
#3505=CARTESIAN_POINT('',(0.00643228145627307,-0.0158711868666102,0.0196901728530169));
#3506=CARTESIAN_POINT('',(0.00643228145627307,-0.0158711868666102,3.46944695195361E-18));
#3507=CARTESIAN_POINT('',(0.00782062175646599,-0.0147381174754519,0.0196901728530169));
#3508=CARTESIAN_POINT('',(0.00782062175646599,-0.0147381174754519,0.));
#3509=CARTESIAN_POINT('',(0.00850000000154116,-0.0140672114381517,0.0196901728530169));
#3510=CARTESIAN_POINT('',(0.00850000000154116,-0.0140672114381517,0.));
#3511=CARTESIAN_POINT('',(-0.0085,-0.0140672114396736,0.022));
#3512=CARTESIAN_POINT('',(-0.0085,-0.0140672114396736,0.0183777371095313));
#3513=CARTESIAN_POINT('',(-0.0085,-0.0140672114396723,0.));
#3514=CARTESIAN_POINT('',(-0.0085,-0.0140672114396736,0.0183777371095313));
#3515=CARTESIAN_POINT('',(-0.00789997088764347,-0.0146597578699538,0.0186272075317756));
#3516=CARTESIAN_POINT('',(-0.00660103200110639,-0.0157736537508061,0.0191207400261561));
#3517=CARTESIAN_POINT('',(-0.00503329247548405,-0.0164487115102446,0.0194490309695812));
#3518=CARTESIAN_POINT('',(-0.00418505869433527,-0.0166661811245458,0.0195524013535362));
#3519=CARTESIAN_POINT('',(-0.00418505869433524,-0.0166661811245458,0.0195524013535361));
#3520=CARTESIAN_POINT('',(-0.00418505869433524,-0.0166661811245458,0.0195524013535361));
#3521=CARTESIAN_POINT('',(-0.00369341753113505,-0.0167922277597999,0.0196123154206478));
#3522=CARTESIAN_POINT('',(-0.00270145526183282,-0.0169442748856459,0.0191277877129434));
#3523=CARTESIAN_POINT('',(-0.00236312725561139,-0.0169627290070163,0.0181070696907314));
#3524=CARTESIAN_POINT('',(-0.00234385337258881,-0.0169643430671795,0.0175985238988189));
#3525=CARTESIAN_POINT('',(-0.0023438533725888,-0.0169643430671795,0.0175985238988189));
#3526=CARTESIAN_POINT('',(-0.0023438533725888,-0.0169643430671795,0.0175985238988189));
#3527=CARTESIAN_POINT('',(-0.0023080584612308,-0.0169673406541423,0.0166540670126967));
#3528=CARTESIAN_POINT('',(-0.00223473671297083,-0.0169733255458812,0.0152389871984313));
#3529=CARTESIAN_POINT('',(-0.00209073505563631,-0.0169835935329578,0.0133559427606947));
#3530=CARTESIAN_POINT('',(-0.00195510399943501,-0.0169922856939616,0.0119459767293803));
#3531=CARTESIAN_POINT('',(-0.00178142326065834,-0.0170018758989328,0.0105388179584787));
#3532=CARTESIAN_POINT('',(-0.00159138938974933,-0.0170105739028724,0.00937073110623655));
#3533=CARTESIAN_POINT('',(-0.00137172671220542,-0.0170182310575696,0.00845077353803735));
#3534=CARTESIAN_POINT('',(-0.00114962686473567,-0.0170244375755368,0.00778226654140625));
#3535=CARTESIAN_POINT('',(-0.000724802249760858,-0.0170320698839831,0.00717519811778245));
#3536=CARTESIAN_POINT('',(-1.37743522202479E-5,-0.0170341658473686,0.00691836223101241));
#3537=CARTESIAN_POINT('',(0.000707204533830623,-0.0170322648131456,0.00715126339416739));
#3538=CARTESIAN_POINT('',(0.00114754151156992,-0.0170245387547569,0.00774666324449213));
#3539=CARTESIAN_POINT('',(0.00137697575602407,-0.0170180723944559,0.00842406830455481));
#3540=CARTESIAN_POINT('',(0.00159807101799336,-0.0170103058217375,0.00934684085310303));
#3541=CARTESIAN_POINT('',(0.00178730545647063,-0.0170015764157859,0.0105138704869907));
#3542=CARTESIAN_POINT('',(0.00196005593786037,-0.0169919880910628,0.0119251669173673));
#3543=CARTESIAN_POINT('',(0.00209443709020717,-0.0169833399053604,0.0133406747437379));
#3544=CARTESIAN_POINT('',(0.00223653233547238,-0.0169731812432471,0.015230049538395));
#3545=CARTESIAN_POINT('',(0.00230850693562962,-0.0169673026303906,0.016649607535479));
#3546=CARTESIAN_POINT('',(0.00234365745879585,-0.0169643594723655,0.0175968458705064));
#3547=CARTESIAN_POINT('',(0.00234365745879586,-0.0169643594723655,0.0175968458705064));
#3548=CARTESIAN_POINT('',(0.00234365745879586,-0.0169643594723655,0.0175968458705064));
#3549=CARTESIAN_POINT('',(0.00236255652544149,-0.0169627770509773,0.0181061390135502));
#3550=CARTESIAN_POINT('',(0.00269756126501301,-0.0169446319618007,0.0191227017665685));
#3551=CARTESIAN_POINT('',(0.00369132951054937,-0.0167927469241782,0.0196125620896754));
#3552=CARTESIAN_POINT('',(0.0041847872229727,-0.0166662507197494,0.0195524344343716));
#3553=CARTESIAN_POINT('',(0.0041847872229727,-0.0166662507197494,0.0195524344343716));
#3554=CARTESIAN_POINT('',(0.0041847872229727,-0.0166662507197494,0.0195524344343716));
#3555=CARTESIAN_POINT('',(0.00503307382610528,-0.016448795337557,0.0194490709988992));
#3556=CARTESIAN_POINT('',(0.006600925216519,-0.0157737415153337,0.0191207808117441));
#3557=CARTESIAN_POINT('',(0.00789993874275331,-0.0146597896139804,0.0186272208964594));
#3558=CARTESIAN_POINT('',(0.0085,-0.0140672114396736,0.0183777371095313));
#3559=CARTESIAN_POINT('',(0.0085,-0.0140672114396736,0.0183777371095313));
#3560=CARTESIAN_POINT('',(0.0085,-0.0140672114396736,0.022));
#3561=CARTESIAN_POINT('',(0.00850000000154041,-0.0140672114381524,0.));
#3562=CARTESIAN_POINT('',(-4.33680868994202E-19,0.0177705,0.));
#3563=CARTESIAN_POINT('',(-0.00566241027346376,0.0177705,0.));
#3564=CARTESIAN_POINT('',(-0.0158647496669874,0.0148027312985087,0.));
#3565=CARTESIAN_POINT('',(-0.0186307469413465,0.00331309294564137,0.));
#3566=CARTESIAN_POINT('',(-0.0148640418674818,-0.0054680281199632,0.));
#3567=CARTESIAN_POINT('',(-0.00747974544409284,-0.0169593977076667,0.));
#3568=CARTESIAN_POINT('',(-9.10643346479899E-18,-0.0170646632157842,0.));
#3569=CARTESIAN_POINT('',(0.00747974544409286,-0.0169593977076667,0.));
#3570=CARTESIAN_POINT('',(0.0148640418674818,-0.00546802811996318,0.));
#3571=CARTESIAN_POINT('',(0.0186307469413465,0.00331309294564136,0.));
#3572=CARTESIAN_POINT('',(0.0158647496669874,0.0148027312985087,0.));
#3573=CARTESIAN_POINT('',(0.00566241027346377,0.0177705,0.));
#3574=CARTESIAN_POINT('',(-4.33680868994202E-19,0.0177705,0.));
#3575=CARTESIAN_POINT('',(-1.09775469964157E-18,-0.0195335,0.));
#3576=CARTESIAN_POINT('',(-0.00906094554092845,-0.0182805051001835,0.));
#3577=CARTESIAN_POINT('',(-0.0085,-0.0173509102589957,0.));
#3578=CARTESIAN_POINT('',(-0.00962189108185689,-0.0192100999413713,0.));
#3579=CARTESIAN_POINT('',(-0.0085,-0.0195354999999998,0.));
#3580=CARTESIAN_POINT('',(0.0085,-0.0195355000000004,0.));
#3581=CARTESIAN_POINT('',(-0.00675068873711394,-0.0202585631125858,0.));
#3582=CARTESIAN_POINT('',(-0.00851468431606094,-0.0231818436637657,0.));
#3583=CARTESIAN_POINT('',(-0.0110832679109727,-0.021631882917182,0.));
#3584=CARTESIAN_POINT('',(-0.0136518515058845,-0.0200819221705984,0.));
#3585=CARTESIAN_POINT('',(-0.0129211630913266,-0.0188710306826931,0.));
#3586=CARTESIAN_POINT('',(-0.0121904746767687,-0.0176601391947876,0.));
#3587=CARTESIAN_POINT('',(-0.0109061828793128,-0.0184351195680795,0.));
#3588=CARTESIAN_POINT('',(-0.0110832679109727,-0.021631882917182,0.));
#3589=CARTESIAN_POINT('',(-0.00989326791097272,-0.021631882917182,0.));
#3590=CARTESIAN_POINT('',(-0.0014432814166856,-0.0185369507864997,0.0180347729749239));
#3591=CARTESIAN_POINT('',(-0.0014432814166856,-0.017957418966641,0.0180347729749239));
#3592=CARTESIAN_POINT('',(-0.00125052948773525,-0.0185369507864997,0.0127046886228744));
#3593=CARTESIAN_POINT('',(-0.00125052948773525,-0.017957418966641,0.0127046886228744));
#3594=CARTESIAN_POINT('',(7.44391705046746E-6,-0.0185369507864997,0.00332872497204762));
#3595=CARTESIAN_POINT('',(7.44391705046746E-6,-0.017957418966641,0.00332872497204762));
#3596=CARTESIAN_POINT('',(0.00125170025688706,-0.0185369507864997,0.0126372814001167));
#3597=CARTESIAN_POINT('',(0.00125170025688706,-0.017957418966641,0.0126372814001167));
#3598=CARTESIAN_POINT('',(0.00144281656303835,-0.0185369507864997,0.0180347816070693));
#3599=CARTESIAN_POINT('',(0.00144281656303835,-0.017957418966641,0.0180347816070693));
#3600=CARTESIAN_POINT('',(-0.00142812119333329,-0.0179608549260473,0.017638927199389));
#3601=CARTESIAN_POINT('',(-0.00143088617914572,-0.0181280523589809,0.0177073059712554));
#3602=CARTESIAN_POINT('',(-0.00143359331507297,-0.0182950667147563,0.0177761296717315));
#3603=CARTESIAN_POINT('',(-0.00143624134882438,-0.0184618803426755,0.0178454410283895));
#3604=CARTESIAN_POINT('',(-0.00142812119333329,-0.0179608549260473,0.017638927199389));
#3605=CARTESIAN_POINT('',(-0.00143624134882438,-0.0184618803426755,0.0178454410283895));
#3606=CARTESIAN_POINT('',(-0.00143624134882438,-0.0184618803426755,0.0178454410283895));
#3607=CARTESIAN_POINT('',(-0.00140436883425589,-0.0184645124987468,0.017011189117496));
#3608=CARTESIAN_POINT('',(-0.00134002064630142,-0.0184697064920742,0.0157616969492942));
#3609=CARTESIAN_POINT('',(-0.00121754940692238,-0.0184786071583277,0.0140998836678794));
#3610=CARTESIAN_POINT('',(-0.001104716880781,-0.0184861597378501,0.0128559112546894));
#3611=CARTESIAN_POINT('',(-0.000989544501770874,-0.0184931112497144,0.0118216722830714));
#3612=CARTESIAN_POINT('',(-0.000879973478701674,-0.0184990617212751,0.010996263482221));
#3613=CARTESIAN_POINT('',(-0.000786837777868784,-0.018503732249088,0.0103784507256715));
#3614=CARTESIAN_POINT('',(-0.000679118627170285,-0.0185086652590436,0.00976230141295103));
#3615=CARTESIAN_POINT('',(-0.000571826715764611,-0.0185130485010923,0.00925081661094291));
#3616=CARTESIAN_POINT('',(-0.000467247481210831,-0.0185169814917219,0.00884380160830953));
#3617=CARTESIAN_POINT('',(-0.000373776522572301,-0.0185201299237164,0.00854013473019074));
#3618=CARTESIAN_POINT('',(-0.000275340185871182,-0.018523849194141,0.00829017237797303));
#3619=CARTESIAN_POINT('',(-0.000169053314120685,-0.0185269131389893,0.0081108355336494));
#3620=CARTESIAN_POINT('',(-5.06139749988681E-5,-0.018534903952907,0.00797931262911117));
#3621=CARTESIAN_POINT('',(0.000122262499669783,-0.0185308714076399,0.00802583112639153));
#3622=CARTESIAN_POINT('',(0.000245899983734371,-0.0185241010517166,0.0082079132872511));
#3623=CARTESIAN_POINT('',(0.000354500249178736,-0.0185211965332052,0.00844675486993646));
#3624=CARTESIAN_POINT('',(0.000453302071441922,-0.0185174528718609,0.00875092151107701));
#3625=CARTESIAN_POINT('',(0.00056260001212828,-0.0185134885810039,0.00915723425069119));
#3626=CARTESIAN_POINT('',(0.000673173405562123,-0.0185089242820424,0.00967176557396545));
#3627=CARTESIAN_POINT('',(0.000783455764771193,-0.0185039076265367,0.0102932234236399));
#3628=CARTESIAN_POINT('',(0.000878316972008147,-0.0184991508702535,0.0109179730800271));
#3629=CARTESIAN_POINT('',(0.000989531315066561,-0.018493114103071,0.0117540999156051));
#3630=CARTESIAN_POINT('',(0.00110556701789314,-0.0184861027499118,0.0128007927248688));
#3631=CARTESIAN_POINT('',(0.00121857974701625,-0.0184785306362867,0.0140589967111769));
#3632=CARTESIAN_POINT('',(0.00134063519767743,-0.0184696530725657,0.0157388094863714));
#3633=CARTESIAN_POINT('',(0.00140432255910622,-0.0184645120533629,0.0170008668023148));
#3634=CARTESIAN_POINT('',(0.00143583686190671,-0.0184619109597603,0.0178430974885448));
#3635=CARTESIAN_POINT('',(0.00143583686190671,-0.0184619109597603,0.0178430974885448));
#3636=CARTESIAN_POINT('',(0.00143583686190671,-0.0184619109597603,0.0178430974885448));
#3637=CARTESIAN_POINT('',(0.0014332411219875,-0.0182950937220361,0.0177737254377884));
#3638=CARTESIAN_POINT('',(0.00143058794875209,-0.0181280749751661,0.0177048427137215));
#3639=CARTESIAN_POINT('',(0.00142787844908802,-0.0179608724290503,0.0176364064619288));
#3640=CARTESIAN_POINT('',(0.00142787844908802,-0.0179608724290502,0.0176364064619288));
#3641=CARTESIAN_POINT('',(0.00142787844908802,-0.0179608724290502,0.0176364064619288));
#3642=CARTESIAN_POINT('',(0.00139522959985098,-0.0179636348652151,0.0168117653328039));
#3643=CARTESIAN_POINT('',(0.00133046092961063,-0.0179689829792133,0.0155759852655699));
#3644=CARTESIAN_POINT('',(0.00120797240818796,-0.0179780765376496,0.0139308842926275));
#3645=CARTESIAN_POINT('',(0.00109515516814819,-0.0179857813681694,0.0126987502002799));
#3646=CARTESIAN_POINT('',(0.000979611370380493,-0.0179928852968338,0.0116730894308623));
#3647=CARTESIAN_POINT('',(0.000869365428726906,-0.01799896880704,0.010855807149715));
#3648=CARTESIAN_POINT('',(0.000775405178508168,-0.0180037567740516,0.0102448646380003));
#3649=CARTESIAN_POINT('',(0.00066621023820723,-0.0180088045630781,0.00963679579900008));
#3650=CARTESIAN_POINT('',(0.000556750648820425,-0.0180133938322443,0.00913308969037791));
#3651=CARTESIAN_POINT('',(0.000448423316492227,-0.0180173937694403,0.00873464404567429));
#3652=CARTESIAN_POINT('',(0.000350492040526075,-0.0180211523315546,0.00843679361991664));
#3653=CARTESIAN_POINT('',(0.000243533990834173,-0.0180241101937622,0.0082036176538124));
#3654=CARTESIAN_POINT('',(0.000121462805100563,-0.0180308286955553,0.00802636895738868));
#3655=CARTESIAN_POINT('',(-4.69655556158401E-5,-0.0180349945171965,0.00797903559296726));
#3656=CARTESIAN_POINT('',(-0.000164555790250062,-0.018027061249481,0.00810468113795359));
#3657=CARTESIAN_POINT('',(-0.000270151798844006,-0.0180238804663481,0.0082796252928507));
#3658=CARTESIAN_POINT('',(-0.000366019121671506,-0.0180202170684809,0.0085188208228998));
#3659=CARTESIAN_POINT('',(-0.000457573203190503,-0.0180170813822937,0.0088099319975875));
#3660=CARTESIAN_POINT('',(-0.000561276144937369,-0.0180131360401907,0.00920547857232121));
#3661=CARTESIAN_POINT('',(-0.000668320734706533,-0.0180087091688069,0.0097065730101911));
#3662=CARTESIAN_POINT('',(-0.000775769863445061,-0.0180037260110632,0.0103110008813828));
#3663=CARTESIAN_POINT('',(-0.000868843201601964,-0.0179989942079539,0.0109184018296564));
#3664=CARTESIAN_POINT('',(-0.000978273185464729,-0.0179929626371105,0.0117294155982611));
#3665=CARTESIAN_POINT('',(-0.00109335323773123,-0.0179859015015583,0.0127450835595293));
#3666=CARTESIAN_POINT('',(-0.00120635296275415,-0.017978197056689,0.0139660228413084));
#3667=CARTESIAN_POINT('',(-0.00132953366888808,-0.0179690628503643,0.0155963086751729));
#3668=CARTESIAN_POINT('',(-0.00139506060419816,-0.0179636534129511,0.0168213307863901));
#3669=CARTESIAN_POINT('',(-0.00142812119333329,-0.0179608549260473,0.017638927199389));
#3670=CARTESIAN_POINT('',(0.0085,-0.0195355000000004,0.011));
#3671=CARTESIAN_POINT('',(0.0085,-0.0195335,0.0215));
#3672=CARTESIAN_POINT('',(0.0085,-0.0147835,0.01925));
#3673=CARTESIAN_POINT('',(0.0085,-0.000219285188919352,0.0140274477416709));
#3674=CARTESIAN_POINT('',(0.0085,0.0131257565633929,0.0102884860646113));
#3675=CARTESIAN_POINT('',(0.0085,0.0169205,0.01125));
#3676=CARTESIAN_POINT('',(0.0085,0.0202705,0.0117));
#3677=CARTESIAN_POINT('',(0.0085,-0.0157090413959576,0.0198306185699921));
#3678=CARTESIAN_POINT('',(0.0085,-0.0150591506118726,0.0195667612624384));
#3679=CARTESIAN_POINT('',(0.0085,-0.0157090413959665,0.0198306185699957));
#3680=CARTESIAN_POINT('',(0.0085,-0.0160395757420342,0.01996592581048));
#3681=CARTESIAN_POINT('',(0.0085,-0.0166034373121936,0.0200308308076109));
#3682=CARTESIAN_POINT('',(0.0085,-0.0172292366332971,0.0196259263472602));
#3683=CARTESIAN_POINT('',(0.0085,-0.0173509102628905,0.0192715606550189));
#3684=CARTESIAN_POINT('',(0.0085,-0.0173509102628908,0.0190917856977155));
#3685=CARTESIAN_POINT('',(0.0085,-0.0140672114396736,0.0183777371095313));
#3686=CARTESIAN_POINT('',(0.0085,-0.0140672114396736,0.0186541518685688));
#3687=CARTESIAN_POINT('',(0.0085,-0.0143458943377616,0.0191589586778912));
#3688=CARTESIAN_POINT('',(0.0085,-0.0148050471170334,0.0194644176521844));
#3689=CARTESIAN_POINT('',(0.0085,-0.0150591506118726,0.0195667612624384));
#3690=CARTESIAN_POINT('',(-0.0085,-0.0195354999999998,0.011));
#3691=CARTESIAN_POINT('',(-0.0085,-0.0173509102628838,0.0190917856977133));
#3692=CARTESIAN_POINT('',(-0.0085,-0.0173509102628838,0.0192715681502204));
#3693=CARTESIAN_POINT('',(-0.0085,-0.0172295906596588,0.0196260085057414));
#3694=CARTESIAN_POINT('',(-0.0085,-0.016600680406331,0.0200316682013793));
#3695=CARTESIAN_POINT('',(-0.0085,-0.0160396093904466,0.0199659395847637));
#3696=CARTESIAN_POINT('',(-0.0085,-0.0157090413959665,0.0198306185699958));
#3697=CARTESIAN_POINT('',(-0.0085,-0.0157090413959576,0.0198306185699921));
#3698=CARTESIAN_POINT('',(-0.0085,-0.0195335,0.0215));
#3699=CARTESIAN_POINT('',(-0.0085,-0.0147835,0.01925));
#3700=CARTESIAN_POINT('',(-0.0085,-0.000219285188919352,0.0140274477416709));
#3701=CARTESIAN_POINT('',(-0.0085,0.0131257565633929,0.0102884860646113));
#3702=CARTESIAN_POINT('',(-0.0085,0.0169205,0.01125));
#3703=CARTESIAN_POINT('',(-0.0085,0.0202705,0.0117));
#3704=CARTESIAN_POINT('',(-0.0085,-0.0150591506118726,0.0195667612624384));
#3705=CARTESIAN_POINT('',(-0.0085,-0.0150591506118726,0.0195667612624384));
#3706=CARTESIAN_POINT('',(-0.0085,-0.0148049532784765,0.0194643798574398));
#3707=CARTESIAN_POINT('',(-0.0085,-0.0143478013919196,0.0191612703756773));
#3708=CARTESIAN_POINT('',(-0.0085,-0.0140672114396736,0.0186536402436734));
#3709=CARTESIAN_POINT('',(-0.0085,-0.0140672114396736,0.0183777371095313));
#3710=CARTESIAN_POINT('',(-0.0085,-0.0173509102589957,0.013));
#3711=CARTESIAN_POINT('',(-0.0085,-0.0177634017863688,0.0206974084228161));
#3712=CARTESIAN_POINT('',(-0.00440900637693819,-0.0177634017863688,0.0206974084228161));
#3713=CARTESIAN_POINT('',(-0.0085,-0.01691750990924,0.0203282708850837));
#3714=CARTESIAN_POINT('',(-0.00440900637693819,-0.01691750990924,0.0203282708850837));
#3715=CARTESIAN_POINT('',(-0.0085,-0.016004509883327,0.0199473605544901));
#3716=CARTESIAN_POINT('',(-0.00440900637693819,-0.016004509883327,0.0199473605544901));
#3717=CARTESIAN_POINT('',(-0.0085,-0.0150420367452452,0.019559869829937));
#3718=CARTESIAN_POINT('',(-0.00440900637693819,-0.0150420367452452,0.019559869829937));
#3719=CARTESIAN_POINT('',(-0.0085,-0.0157090413959665,0.0198306185699958));
#3720=CARTESIAN_POINT('',(-0.0079110914916262,-0.0161880917825219,0.0200267222023129));
#3721=CARTESIAN_POINT('',(-0.00663704877554069,-0.0170457684180831,0.0203857078481202));
#3722=CARTESIAN_POINT('',(-0.00520018404107897,-0.0175650436991379,0.0206108940073185));
#3723=CARTESIAN_POINT('',(-0.00444185023900811,-0.0177483492054344,0.020690841494939));
#3724=CARTESIAN_POINT('',(-0.00444185023900809,-0.0177483492054344,0.020690841494939));
#3725=CARTESIAN_POINT('',(-0.00444185023900811,-0.0177483492054343,0.020690841494939));
#3726=CARTESIAN_POINT('',(-0.00443909884278804,-0.0175795047495493,0.0206172010990808));
#3727=CARTESIAN_POINT('',(-0.00443628360114656,-0.0174104091281564,0.020544145124458));
#3728=CARTESIAN_POINT('',(-0.00443340594129048,-0.0172410884459396,0.0204716130315699));
#3729=CARTESIAN_POINT('',(-0.00443340594129049,-0.0172410884459396,0.0204716130315699));
#3730=CARTESIAN_POINT('',(-0.00443340594129048,-0.0172410884459397,0.0204716130315699));
#3731=CARTESIAN_POINT('',(-0.00520393737372731,-0.0170457327137091,0.0203879282747462));
#3732=CARTESIAN_POINT('',(-0.00665298082958776,-0.0164858068508256,0.0201493687513506));
#3733=CARTESIAN_POINT('',(-0.0079165156885838,-0.0155648230098733,0.019770427641958));
#3734=CARTESIAN_POINT('',(-0.0085,-0.0150591506118726,0.0195667612624384));
#3735=CARTESIAN_POINT('',(0.00440870333802186,-0.0177635167340252,0.0206974585847661));
#3736=CARTESIAN_POINT('',(0.0085,-0.0177635167340252,0.0206974585847661));
#3737=CARTESIAN_POINT('',(0.00440870333802186,-0.016917592392203,0.020328305293228));
#3738=CARTESIAN_POINT('',(0.0085,-0.016917592392203,0.020328305293228));
#3739=CARTESIAN_POINT('',(0.00440870333802186,-0.0160045529867761,0.0199473779006889));
#3740=CARTESIAN_POINT('',(0.0085,-0.0160045529867761,0.0199473779006889));
#3741=CARTESIAN_POINT('',(0.00440870333802186,-0.0150420359651839,0.0195598695158851));
#3742=CARTESIAN_POINT('',(0.0085,-0.0150420359651839,0.0195598695158851));
#3743=CARTESIAN_POINT('',(0.00443310470976329,-0.0172411648134183,0.0204716457452356));
#3744=CARTESIAN_POINT('',(0.00443592320089718,-0.0174104982449203,0.0205441834864207));
#3745=CARTESIAN_POINT('',(0.00443868105610144,-0.0175796065368187,0.0206172451790774));
#3746=CARTESIAN_POINT('',(0.00444137704676605,-0.0177484635749268,0.0206908913765451));
#3747=CARTESIAN_POINT('',(0.00443310470976328,-0.0172411648134184,0.0204716457452356));
#3748=CARTESIAN_POINT('',(0.00444137704676603,-0.0177484635749268,0.0206908913765451));
#3749=CARTESIAN_POINT('',(0.00444137704676284,-0.0177484635749269,0.0206908913765452));
#3750=CARTESIAN_POINT('',(0.00519979846071242,-0.0175651727869656,0.0206109499674366));
#3751=CARTESIAN_POINT('',(0.00663683741194331,-0.0170458989524568,0.0203857630443717));
#3752=CARTESIAN_POINT('',(0.00791103026787764,-0.0161881415852744,0.0200267425894871));
#3753=CARTESIAN_POINT('',(0.0085,-0.0157090413959665,0.0198306185699957));
#3754=CARTESIAN_POINT('',(0.0085,-0.0150591506118726,0.0195667612624384));
#3755=CARTESIAN_POINT('',(0.00791647759430347,-0.0155648560239873,0.0197704409389142));
#3756=CARTESIAN_POINT('',(0.00665284895389834,-0.016485895542255,0.0201494056106576));
#3757=CARTESIAN_POINT('',(0.00520369254710754,-0.0170458197650683,0.0203879653495021));
#3758=CARTESIAN_POINT('',(0.00443310470976329,-0.0172411648134184,0.0204716457452356));
#3759=CARTESIAN_POINT('',(-0.00554163395548636,0.00174803752500122,0.013));
#3760=CARTESIAN_POINT('',(-0.0110832679109727,-0.021631882917182,0.013));
#3761=CARTESIAN_POINT('',(-0.00949326791097272,-0.021631882917182,0.013));
#3762=CARTESIAN_POINT('',(-0.00906094554092845,-0.0182805051001835,0.013));
#3763=CARTESIAN_POINT('',(-0.00962189108185689,-0.0192100999413713,0.013));
#3764=CARTESIAN_POINT('',(-0.0109061828793128,-0.0184351195680795,0.013));
#3765=CARTESIAN_POINT('',(-0.0121904746767687,-0.0176601391947876,0.013));
#3766=CARTESIAN_POINT('',(-0.0129211630913266,-0.0188710306826931,0.013));
#3767=CARTESIAN_POINT('',(-0.0136518515058845,-0.0200819221705984,0.013));
#3768=CARTESIAN_POINT('',(-0.0110832679109727,-0.021631882917182,0.013));
#3769=CARTESIAN_POINT('',(-0.00851468431606094,-0.0231818436637657,0.013));
#3770=CARTESIAN_POINT('',(-0.00675068873711394,-0.0202585631125858,0.013));
#3771=CARTESIAN_POINT('',(-0.00675068873711394,-0.0202585631125858,0.013));
#3772=CARTESIAN_POINT('',(-0.00851468431606094,-0.0231818436637657,0.013));
#3773=CARTESIAN_POINT('',(-0.00906094554092845,-0.0182805051001835,0.013));
#3774=CARTESIAN_POINT('',(-0.00962189108185689,-0.0192100999413713,0.013));
#3775=CARTESIAN_POINT('',(-0.0109061828793128,-0.0184351195680795,0.013));
#3776=CARTESIAN_POINT('',(-0.0121904746767687,-0.0176601391947876,0.013));
#3777=CARTESIAN_POINT('',(-0.0129211630913266,-0.0188710306826931,0.013));
#3778=CARTESIAN_POINT('',(-0.0136518515058845,-0.0200819221705984,0.013));
#3779=CARTESIAN_POINT('',(-0.0110832679109727,-0.021631882917182,0.013));
#3780=CARTESIAN_POINT('',(-0.0110832679109727,-0.021631882917182,0.013));
#3781=CARTESIAN_POINT('',(-0.0110832679109727,-0.021631882917182,0.0126));
#3782=CARTESIAN_POINT('',(-0.00989326791097272,-0.021631882917182,0.0126));
#3783=CARTESIAN_POINT('',(0.0044429478390306,-0.0178472606905103,0.0207340612551336));
#3784=CARTESIAN_POINT('',(0.00153740853496334,-0.0178844355465331,0.0207503353291609));
#3785=CARTESIAN_POINT('',(0.00144476561414355,-0.0190503422811378,0.0180902819014435));
#3786=CARTESIAN_POINT('',(0.00443739261178977,-0.0174963773702381,0.0205804547118958));
#3787=CARTESIAN_POINT('',(0.00153637652057935,-0.0175351468410436,0.0205972097592535));
#3788=CARTESIAN_POINT('',(0.0014393791409869,-0.0186859803817262,0.0179356202580404));
#3789=CARTESIAN_POINT('',(0.00443154605926743,-0.0171429522987077,0.0204287945891323));
#3790=CARTESIAN_POINT('',(0.00153498093287637,-0.0171830074480275,0.0204458945490744));
#3791=CARTESIAN_POINT('',(0.00143371056239853,-0.0183205850591749,0.0177836079433601));
#3792=CARTESIAN_POINT('',(0.00442542105593162,-0.0167876601419191,0.0202788153106238));
#3793=CARTESIAN_POINT('',(0.00153325650953731,-0.016828714861145,0.0202961457161822));
#3794=CARTESIAN_POINT('',(0.00142777286631426,-0.0179543586081714,0.01763374060949));
#3795=CARTESIAN_POINT('',(0.00143583686190672,-0.0184619109597603,0.0178430974885448));
#3796=CARTESIAN_POINT('',(0.00146501594566217,-0.0183603758197604,0.018622918634851));
#3797=CARTESIAN_POINT('',(0.0021075697221931,-0.0181316466616552,0.0201431095319698));
#3798=CARTESIAN_POINT('',(0.0036656515453815,-0.0178767274312387,0.0207468330500199));
#3799=CARTESIAN_POINT('',(0.00444137704676251,-0.0177484635749267,0.0206908913765451));
#3800=CARTESIAN_POINT('',(0.00443310470976328,-0.0172411648134184,0.0204716457452356));
#3801=CARTESIAN_POINT('',(0.00366002021095817,-0.0173752365390906,0.0205290783505445));
#3802=CARTESIAN_POINT('',(0.00210397636584088,-0.0176344387131357,0.0199311412969279));
#3803=CARTESIAN_POINT('',(0.00145869712477761,-0.0178605946563877,0.0184148212657292));
#3804=CARTESIAN_POINT('',(0.00142787844908801,-0.0179608724290502,0.0176364064619288));
#3805=CARTESIAN_POINT('',(-0.00442556037108548,-0.0167876462947669,0.0202788094653345));
#3806=CARTESIAN_POINT('',(-0.00153566007669622,-0.0168295442390922,0.0202964958134189));
#3807=CARTESIAN_POINT('',(-0.00142801349834443,-0.0179543443348667,0.0176362648244119));
#3808=CARTESIAN_POINT('',(-0.00443181297117058,-0.0171427623139014,0.0204287143264423));
#3809=CARTESIAN_POINT('',(-0.00153740514499288,-0.0171836360445318,0.0204461636655326));
#3810=CARTESIAN_POINT('',(-0.00143406998988666,-0.0183203891986071,0.017785936711173));
#3811=CARTESIAN_POINT('',(-0.00443777988886853,-0.0174960133253864,0.0205802984705296));
#3812=CARTESIAN_POINT('',(-0.00153880611710591,-0.01753556809516,0.0205973927691096));
#3813=CARTESIAN_POINT('',(-0.0014398503127864,-0.0186856040074699,0.0179377429512158));
#3814=CARTESIAN_POINT('',(-0.00444344655407385,-0.0178467257779506,0.0207338270883085));
#3815=CARTESIAN_POINT('',(-0.00153982510984687,-0.0178846402151401,0.0207504245917419));
#3816=CARTESIAN_POINT('',(-0.00144533985604927,-0.0190497868220931,0.0180921852507187));
#3817=CARTESIAN_POINT('',(-0.00444185023900809,-0.0177483492054344,0.020690841494939));
#3818=CARTESIAN_POINT('',(-0.00366838032513372,-0.0178763323079727,0.020746660481027));
#3819=CARTESIAN_POINT('',(-0.0021125241133408,-0.0181307614315298,0.0201487131950851));
#3820=CARTESIAN_POINT('',(-0.00146596688263831,-0.0183605233869945,0.0186234964723218));
#3821=CARTESIAN_POINT('',(-0.00143624134882437,-0.0184618803426717,0.017845441028389));
#3822=CARTESIAN_POINT('',(-0.00142812119333329,-0.0179608549260474,0.017638927199389));
#3823=CARTESIAN_POINT('',(-0.00145952617621091,-0.0178607492246694,0.0184155800668286));
#3824=CARTESIAN_POINT('',(-0.00210887130278513,-0.0176335754048022,0.0199367609893002));
#3825=CARTESIAN_POINT('',(-0.00366255784047788,-0.0173748611991797,0.0205289174177611));
#3826=CARTESIAN_POINT('',(-0.00443340594129048,-0.0172410884459397,0.0204716130315699));
#3827=CARTESIAN_POINT('',(-0.00444185023900776,-0.0177483492054345,0.0206908414949391));
#3828=CARTESIAN_POINT('',(-0.00483049882339648,-0.0190825183819948,0.0212727305820797));
#3829=CARTESIAN_POINT('',(-0.00467958123870971,-0.0191194551081316,0.0197742281348147));
#3830=CARTESIAN_POINT('',(-0.00520731565819819,-0.0175633198356509,0.020610142155628));
#3831=CARTESIAN_POINT('',(-0.00569955716435812,-0.0188582245365586,0.0211709230773475));
#3832=CARTESIAN_POINT('',(-0.00551597829488604,-0.018914748883408,0.0196925184683791));
#3833=CARTESIAN_POINT('',(-0.00665505064327991,-0.0170386144265647,0.0203825837764216));
#3834=CARTESIAN_POINT('',(-0.00734323770631604,-0.0182228645533582,0.0208848987121304));
#3835=CARTESIAN_POINT('',(-0.0071187201377627,-0.0183277751981721,0.0194622221059335));
#3836=CARTESIAN_POINT('',(-0.00793653003132034,-0.0161693395676326,0.0200189602588317));
#3837=CARTESIAN_POINT('',(-0.008787195109431,-0.0171720875171489,0.0204340804032674));
#3838=CARTESIAN_POINT('',(-0.00852882540876168,-0.0173597725073703,0.0190950947081546));
#3839=CARTESIAN_POINT('',(-0.00852093321493405,-0.015691977773666,0.0198236349787205));
#3840=CARTESIAN_POINT('',(-0.00941934822784109,-0.0166262028580456,0.0202058980307697));
#3841=CARTESIAN_POINT('',(-0.00915674267908905,-0.0168425246144133,0.0188981158210156));
#3842=CARTESIAN_POINT('',(-0.00444185023900809,-0.018148124077133,0.0197742281348147));
#3843=CARTESIAN_POINT('',(-0.00467958123871013,-0.0191194551081315,0.0197742281348147));
#3844=CARTESIAN_POINT('',(-0.00483049882339694,-0.0190825183819946,0.0212727305820796));
#3845=CARTESIAN_POINT('',(-0.00444185023900811,-0.0177483492054344,0.020690841494939));
#3846=CARTESIAN_POINT('',(-0.00439752661367636,-0.0191884873184079,0.019801782735522));
#3847=CARTESIAN_POINT('',(-0.00432872137922841,-0.0192093728198343,0.0213827441934161));
#3848=CARTESIAN_POINT('',(-0.00405416738358099,-0.0178124975989802,0.0207188193937076));
#3849=CARTESIAN_POINT('',(-0.00382408370114473,-0.0193052378273873,0.0197361755759076));
#3850=CARTESIAN_POINT('',(-0.00324956671084221,-0.0194179583035429,0.021302985909665));
#3851=CARTESIAN_POINT('',(-0.00326342275466933,-0.0179432099430498,0.0206071195364128));
#3852=CARTESIAN_POINT('',(-0.00310260793999236,-0.0194041890405409,0.019283029154148));
#3853=CARTESIAN_POINT('',(-0.00202868771863346,-0.0195346441398069,0.0203332287311336));
#3854=CARTESIAN_POINT('',(-0.00225824566073246,-0.0181315164581246,0.0199493860512057));
#3855=CARTESIAN_POINT('',(-0.00264346856835925,-0.0194485700432779,0.018596906341315));
#3856=CARTESIAN_POINT('',(-0.00145752064235297,-0.0195543075557479,0.0190878902239428));
#3857=CARTESIAN_POINT('',(-0.00161309194340343,-0.0183067113548929,0.0189692131666182));
#3858=CARTESIAN_POINT('',(-0.00252773603819518,-0.0194576775175765,0.0180736948833727));
#3859=CARTESIAN_POINT('',(-0.0013979766524478,-0.0195506695807866,0.0182506375069876));
#3860=CARTESIAN_POINT('',(-0.00145072116872323,-0.0184125076227515,0.0182244452464493));
#3861=CARTESIAN_POINT('',(-0.0025169449858763,-0.0194585591896928,0.0178072639757749));
#3862=CARTESIAN_POINT('',(-0.0014363705493466,-0.019546846441217,0.0178488228068397));
#3863=CARTESIAN_POINT('',(-0.00143624134882439,-0.0184618803426755,0.0178454410283895));
#3864=CARTESIAN_POINT('',(-0.00243551233942387,-0.0184618803426755,0.0178072639757749));
#3865=CARTESIAN_POINT('',(-0.00251694498587096,-0.0194585591896932,0.0178072639756435));
#3866=CARTESIAN_POINT('',(-0.00143637054934163,-0.019546846441217,0.0178488228067099));
#3867=CARTESIAN_POINT('',(-0.00143624134881943,-0.0184618803426759,0.0178454410282595));
#3868=CARTESIAN_POINT('',(-0.0024780333983105,-0.0194617384219627,0.0168465375311551));
#3869=CARTESIAN_POINT('',(-0.00140016670792786,-0.0195473984849793,0.0169002929854186));
#3870=CARTESIAN_POINT('',(-0.00139992795319523,-0.0184648792440485,0.016894950607157));
#3871=CARTESIAN_POINT('',(-0.00239686579895072,-0.0194682167469526,0.015407946206494));
#3872=CARTESIAN_POINT('',(-0.00132467009030947,-0.0195484701303383,0.0154805230982529));
#3873=CARTESIAN_POINT('',(-0.00132409157772598,-0.0184709940966351,0.0154717028188538));
#3874=CARTESIAN_POINT('',(-0.00223687325926638,-0.0194794140147909,0.0134955571933392));
#3875=CARTESIAN_POINT('',(-0.00117533908471564,-0.0195497779510735,0.0135921539358353));
#3876=CARTESIAN_POINT('',(-0.0011746284875863,-0.0184815962051016,0.0135840827752408));
#3877=CARTESIAN_POINT('',(-0.00208651344002727,-0.0194888944148803,0.0120646105520115));
#3878=CARTESIAN_POINT('',(-0.00103490422493017,-0.0195505031251898,0.0121847045261192));
#3879=CARTESIAN_POINT('',(-0.00103389501812096,-0.0184905959683085,0.0121756398529802));
#3880=CARTESIAN_POINT('',(-0.00189550340471757,-0.0194993179371626,0.0106383044345059));
#3881=CARTESIAN_POINT('',(-0.000858297468899785,-0.0195505934199245,0.0107919795241945));
#3882=CARTESIAN_POINT('',(-0.000856886374719811,-0.0185005224726447,0.0107820936068202));
#3883=CARTESIAN_POINT('',(-0.0016882920285838,-0.0195087112565304,0.00945476512658822));
#3884=CARTESIAN_POINT('',(-0.000665001884592264,-0.0195497986342484,0.00964994184889013));
#3885=CARTESIAN_POINT('',(-0.000663106848486306,-0.0185095033578325,0.00964011911108735));
#3886=CARTESIAN_POINT('',(-0.00145286944298647,-0.0195169351643458,0.00851650931109264));
#3887=CARTESIAN_POINT('',(-0.000462265911540809,-0.0195475966621164,0.00879407343951726));
#3888=CARTESIAN_POINT('',(-0.000459770292901344,-0.018517406338215,0.00878497610762975));
#3889=CARTESIAN_POINT('',(-0.00121160695689353,-0.0195236895628642,0.00781810417063942));
#3890=CARTESIAN_POINT('',(-0.000259613723538001,-0.0195447718526324,0.00822268793693919));
#3891=CARTESIAN_POINT('',(-0.000255164353280599,-0.0185239215442672,0.00821195704686571));
#3892=CARTESIAN_POINT('',(-0.000770773285959688,-0.0195317763862193,0.00719794931187857));
#3893=CARTESIAN_POINT('',(-8.63366067725122E-5,-0.0195357676653948,0.00801279675642085));
#3894=CARTESIAN_POINT('',(-7.82670087687592E-5,-0.0185317861946305,0.00800755876666864));
#3895=CARTESIAN_POINT('',(-4.20238045949557E-5,-0.0195341994387618,0.00691668201065521));
#3896=CARTESIAN_POINT('',(1.86979041867281E-6,-0.0195326099797343,0.00799472026846307));
#3897=CARTESIAN_POINT('',(2.03260261253647E-6,-0.0185341973366459,0.00799697575050454));
#3898=CARTESIAN_POINT('',(0.000708350817250877,-0.019532406245451,0.00713964788941671));
#3899=CARTESIAN_POINT('',(8.6977942116208E-5,-0.01953482402039,0.00800799149178224));
#3900=CARTESIAN_POINT('',(7.93892733661884E-5,-0.0185324049392988,0.00800411307812211));
#3901=CARTESIAN_POINT('',(0.00118845255115084,-0.0195243259898253,0.00773704981985081));
#3902=CARTESIAN_POINT('',(0.00024684629271341,-0.0195441700140139,0.00817465733789175));
#3903=CARTESIAN_POINT('',(0.000241617139365404,-0.0185245364000149,0.00816357957863841));
#3904=CARTESIAN_POINT('',(0.00144045596443538,-0.0195173155695867,0.00842942740707515));
#3905=CARTESIAN_POINT('',(0.000453204532244582,-0.0195474612480374,0.00871545873685032));
#3906=CARTESIAN_POINT('',(0.00045064371990439,-0.018517772594804,0.00870618431578072));
#3907=CARTESIAN_POINT('',(0.00168357050026185,-0.0195089352392147,0.00936883090293252));
#3908=CARTESIAN_POINT('',(0.000660754587942784,-0.0195497438167912,0.00956753443488819));
#3909=CARTESIAN_POINT('',(0.000658760866448717,-0.0185097175897181,0.00955758029565655));
#3910=CARTESIAN_POINT('',(0.00189440612992468,-0.0194993759157614,0.0105628787423205));
#3911=CARTESIAN_POINT('',(0.000857402461983913,-0.0195505999654035,0.0107168896093424));
#3912=CARTESIAN_POINT('',(0.000855990272414391,-0.0185005776152954,0.010706912924078));
#3913=CARTESIAN_POINT('',(0.00208768891267996,-0.0194888305297251,0.0120069538702695));
#3914=CARTESIAN_POINT('',(0.00103592542460683,-0.0195505031377331,0.0121265357763275));
#3915=CARTESIAN_POINT('',(0.00103491674077659,-0.0184905351464408,0.0121174583146498));
#3916=CARTESIAN_POINT('',(0.00223837447354322,-0.019479313474312,0.0134531997959805));
#3917=CARTESIAN_POINT('',(0.00117667046665512,-0.019549773573491,0.0135487833712316));
#3918=CARTESIAN_POINT('',(0.00117597257292648,-0.0184815008896769,0.0135407520068225));
#3919=CARTESIAN_POINT('',(0.00239787684191534,-0.0194681386901432,0.0153850150900073));
#3920=CARTESIAN_POINT('',(0.00132553598192393,-0.0195484631444615,0.0154564197661409));
#3921=CARTESIAN_POINT('',(0.00132497100499885,-0.0184709203675627,0.0154476675647632));
#3922=CARTESIAN_POINT('',(0.00247811154574562,-0.0194617311576287,0.0168367461414322));
#3923=CARTESIAN_POINT('',(0.00140018640139592,-0.0195474010790025,0.0168894367625245));
#3924=CARTESIAN_POINT('',(0.00139995652991487,-0.0184648724120718,0.0168841831560139));
#3925=CARTESIAN_POINT('',(0.00251654766659801,-0.0194585916477445,0.0178057059933056));
#3926=CARTESIAN_POINT('',(0.00143596076308242,-0.019546855322358,0.0178464087904948));
#3927=CARTESIAN_POINT('',(0.0014358368619045,-0.0184619109597604,0.0178430974884863));
#3928=CARTESIAN_POINT('',(0.00243513755543604,-0.0184619109597603,0.0178057059933647));
#3929=CARTESIAN_POINT('',(0.00251654766660034,-0.0194585916477443,0.0178057059933648));
#3930=CARTESIAN_POINT('',(0.0014359607630847,-0.0195468553223579,0.0178464087905532));
#3931=CARTESIAN_POINT('',(0.00143583686190672,-0.0184619109597603,0.0178430974885447));
#3932=CARTESIAN_POINT('',(0.00252713649527208,-0.0194577267391234,0.0180726461288017));
#3933=CARTESIAN_POINT('',(0.00139717624744976,-0.0195506965920214,0.0182489587387298));
#3934=CARTESIAN_POINT('',(0.00145004540467192,-0.0184124691609104,0.0182228257281072));
#3935=CARTESIAN_POINT('',(0.00264277758412947,-0.019448627598143,0.0185957263574473));
#3936=CARTESIAN_POINT('',(0.00145658537039227,-0.0195543430807662,0.0190858865503753));
#3937=CARTESIAN_POINT('',(0.00161231767040159,-0.0183067260853819,0.0189674139817836));
#3938=CARTESIAN_POINT('',(0.0030996377602831,-0.0194044916516211,0.019280204905496));
#3939=CARTESIAN_POINT('',(0.00202442478792376,-0.0195348163480801,0.0203276767310756));
#3940=CARTESIAN_POINT('',(0.00225431511873818,-0.0181321678571788,0.0199452478838135));
#3941=CARTESIAN_POINT('',(0.00381958609306288,-0.0193060350766983,0.0197352225199345));
#3942=CARTESIAN_POINT('',(0.0032414805408108,-0.0194192026682297,0.0213011909184863));
#3943=CARTESIAN_POINT('',(0.00325745381397318,-0.0179440961751732,0.0206055944789496));
#3944=CARTESIAN_POINT('',(0.00439604051251407,-0.0191888374847091,0.0198019227530395));
#3945=CARTESIAN_POINT('',(0.0043264247670772,-0.0192099314149991,0.0213832342417465));
#3946=CARTESIAN_POINT('',(0.00405236979603765,-0.0178127847406762,0.0207189447483626));
#3947=CARTESIAN_POINT('',(0.00467906419938606,-0.0191195816399288,0.0197742786409288));
#3948=CARTESIAN_POINT('',(0.00482995755751327,-0.0190826580625974,0.0212727939836289));
#3949=CARTESIAN_POINT('',(0.00444137704676114,-0.0177484635749269,0.0206908913765453));
#3950=CARTESIAN_POINT('',(0.00444137704676334,-0.0181482398785049,0.019774278640927));
#3951=CARTESIAN_POINT('',(0.00467906419938565,-0.0191195816399289,0.0197742786409289));
#3952=CARTESIAN_POINT('',(0.00482995755751525,-0.0190826580625969,0.021272793983628));
#3953=CARTESIAN_POINT('',(0.00444137704676244,-0.017748463574927,0.0206908913765452));
#3954=CARTESIAN_POINT('',(0.00551555531360931,-0.0189148924161856,0.0196925750497921));
#3955=CARTESIAN_POINT('',(0.0056991154184617,-0.0188583829326398,0.0211709943497659));
#3956=CARTESIAN_POINT('',(0.00520693194355901,-0.0175634488101123,0.020610198063097));
#3957=CARTESIAN_POINT('',(0.00711849250936772,-0.0183279195307133,0.0194622769326331));
#3958=CARTESIAN_POINT('',(0.00734299991249331,-0.0182230247154534,0.0208849682865783));
#3959=CARTESIAN_POINT('',(0.0066548456622311,-0.0170387428759962,0.020382638048756));
#3960=CARTESIAN_POINT('',(0.00852876442469448,-0.0173598229577058,0.0190951139200889));
#3961=CARTESIAN_POINT('',(0.00878713294273264,-0.0171721414141226,0.0204341029202455));
#3962=CARTESIAN_POINT('',(0.00793647324893295,-0.0161693861487275,0.0200189793099375));
#3963=CARTESIAN_POINT('',(0.00915674494669254,-0.0168425227464708,0.0188981151096638));
#3964=CARTESIAN_POINT('',(0.00941935048381626,-0.0166262009099377,0.0202058972164514));
#3965=CARTESIAN_POINT('',(0.00852093532539477,-0.0156919760497645,0.0198236342733404));
#3966=CARTESIAN_POINT('',(0.0044331047097621,-0.0172411648134187,0.0204716457452358));
#3967=CARTESIAN_POINT('',(0.00425335094935785,-0.01664867464194,0.0202178394039112));
#3968=CARTESIAN_POINT('',(0.0041847872229716,-0.0166662507197497,0.0195524344343717));
#3969=CARTESIAN_POINT('',(0.00537410525784418,-0.0170026199164332,0.020369459733619));
#3970=CARTESIAN_POINT('',(0.0051292946878034,-0.0164170864404394,0.0201206847661674));
#3971=CARTESIAN_POINT('',(0.00503282347723889,-0.0164488595134071,0.0194491015038717));
#3972=CARTESIAN_POINT('',(0.00712273825609765,-0.0162611412684136,0.0200537831610411));
#3973=CARTESIAN_POINT('',(0.00672933659704756,-0.0156979727120458,0.0198207063820555));
#3974=CARTESIAN_POINT('',(0.00656816319276173,-0.0157934374090147,0.0191300451313046));
#3975=CARTESIAN_POINT('',(0.00856808243616613,-0.0150346279262962,0.0195550015607492));
#3976=CARTESIAN_POINT('',(0.00805156836296717,-0.0145269988758203,0.0193509457320782));
#3977=CARTESIAN_POINT('',(0.00790164765221304,-0.0146603933460014,0.0186272392100099));
#3978=CARTESIAN_POINT('',(0.00922623170006966,-0.0143867414610036,0.0192980423850148));
#3979=CARTESIAN_POINT('',(0.00866830627275163,-0.0139004130385895,0.0191051589752599));
#3980=CARTESIAN_POINT('',(0.00852222490797475,-0.0140452218981472,0.0183684835000925));
#3981=CARTESIAN_POINT('',(0.00443310470976328,-0.0176349294207406,0.0195524344343716));
#3982=CARTESIAN_POINT('',(0.00142787844908802,-0.0179608724290503,0.0176364064619288));
#3983=CARTESIAN_POINT('',(0.00142775791431827,-0.0170410478642223,0.0176333620076478));
#3984=CARTESIAN_POINT('',(0.00234365745879582,-0.0169643594723655,0.0175968458705064));
#3985=CARTESIAN_POINT('',(0.00145791384943236,-0.0178631432761083,0.0183950373811022));
#3986=CARTESIAN_POINT('',(0.00153965674773542,-0.0170328504074189,0.0183399756352957));
#3987=CARTESIAN_POINT('',(0.00236341833561321,-0.0169627048914958,0.0181293627916299));
#3988=CARTESIAN_POINT('',(0.00191521091007964,-0.0176965823879741,0.0195126141078831));
#3989=CARTESIAN_POINT('',(0.00203864371085938,-0.0170158309877829,0.0193480864650967));
#3990=CARTESIAN_POINT('',(0.00265203312300668,-0.0169439398835425,0.0189133950961914));
#3991=CARTESIAN_POINT('',(0.00325452220892238,-0.0174435887761102,0.0203905963442811));
#3992=CARTESIAN_POINT('',(0.00325287183947772,-0.0168732115477627,0.020123381818257));
#3993=CARTESIAN_POINT('',(0.00347451607317234,-0.0168276122668329,0.0195169949024818));
#3994=CARTESIAN_POINT('',(0.00404621986734058,-0.0173082600880531,0.0205003874982553));
#3995=CARTESIAN_POINT('',(0.00392891841344266,-0.0167337382491115,0.0202300997231341));
#3996=CARTESIAN_POINT('',(0.00395265410386266,-0.0167257572544541,0.0195807197796956));
#3997=CARTESIAN_POINT('',(0.00443310470976329,-0.0172411648134184,0.0204716457452357));
#3998=CARTESIAN_POINT('',(0.00425335094935894,-0.0166486746419397,0.0202178394039111));
#3999=CARTESIAN_POINT('',(0.00418478722297268,-0.0166662507197494,0.0195524344343716));
#4000=CARTESIAN_POINT('',(0.00242709562248242,-0.0179608724290502,0.0175968458705064));
#4001=CARTESIAN_POINT('',(-0.00142812119332583,-0.0179608549260479,0.0176389271992048));
#4002=CARTESIAN_POINT('',(-0.0014279954501021,-0.0170410401077354,0.0176358175386874));
#4003=CARTESIAN_POINT('',(-0.00234385337258171,-0.0169643430671801,0.0175985238986327));
#4004=CARTESIAN_POINT('',(-0.00139026472113756,-0.0179640593711782,0.0167027274315025));
#4005=CARTESIAN_POINT('',(-0.00139003680876491,-0.017041995051077,0.0166978709352087));
#4006=CARTESIAN_POINT('',(-0.00230798845209763,-0.0169673465169439,0.0166522198034446));
#4007=CARTESIAN_POINT('',(-0.00131269709342371,-0.0179704538724398,0.0153003293069236));
#4008=CARTESIAN_POINT('',(-0.00131216016040484,-0.0170438284731364,0.0152923918415271));
#4009=CARTESIAN_POINT('',(-0.00223449336065224,-0.0169733453480122,0.0152345772268263));
#4010=CARTESIAN_POINT('',(-0.00116147308970457,-0.0179813805122738,0.0134391996514792));
#4011=CARTESIAN_POINT('',(-0.00116081171553897,-0.0170462886270606,0.0134318593379853));
#4012=CARTESIAN_POINT('',(-0.00209011735322649,-0.0169836359890301,0.0133485652593429));
#4013=CARTESIAN_POINT('',(-0.00101952591543894,-0.0179906009355228,0.012050068118149));
#4014=CARTESIAN_POINT('',(-0.00101857661507217,-0.0170478886526325,0.0120417364669434));
#4015=CARTESIAN_POINT('',(-0.00195410581849553,-0.0169923462152132,0.0119366188345868));
#4016=CARTESIAN_POINT('',(-0.00084095916756069,-0.0180007309914797,0.0106747662239215));
#4017=CARTESIAN_POINT('',(-0.000839619935938209,-0.0170488412092332,0.0106655469315653));
#4018=CARTESIAN_POINT('',(-0.00177991193342548,-0.0170019534696432,0.0105278308570135));
#4019=CARTESIAN_POINT('',(-0.000645198619942127,-0.0180098751792226,0.00954917266475342));
#4020=CARTESIAN_POINT('',(-0.000643335667949129,-0.0170487071390136,0.00953985089578285));
#4021=CARTESIAN_POINT('',(-0.0015891309713513,-0.017010668149816,0.00935868450096442));
#4022=CARTESIAN_POINT('',(-0.000440007434971341,-0.0180178642916514,0.00871761849960875));
#4023=CARTESIAN_POINT('',(-0.000437533860932764,-0.0170469337152598,0.00870884650212975));
#4024=CARTESIAN_POINT('',(-0.00136865699653539,-0.0170183270194714,0.00843957422247491));
#4025=CARTESIAN_POINT('',(-0.000240001094702071,-0.0180243274076396,0.00818677368630109));
#4026=CARTESIAN_POINT('',(-0.000235326680237132,-0.0170442473877114,0.00817630591107682));
#4027=CARTESIAN_POINT('',(-0.00114506730311608,-0.0170245482543325,0.00777236275567252));
#4028=CARTESIAN_POINT('',(-7.32038930065271E-5,-0.0180320810129466,0.00800679510149265));
#4029=CARTESIAN_POINT('',(-6.54211310499208E-5,-0.0170354449153785,0.00800218337904605));
#4030=CARTESIAN_POINT('',(-0.000720066422945419,-0.0170320859016546,0.00717397336666539));
#4031=CARTESIAN_POINT('',(3.91744670880898E-6,-0.018034145123581,0.00799670809049896));
#4032=CARTESIAN_POINT('',(4.00737422000581E-6,-0.0170326400353984,0.00799885639293591));
#4033=CARTESIAN_POINT('',(-2.02286392291827E-5,-0.0170341438529431,0.00692022222958013));
#4034=CARTESIAN_POINT('',(8.08643009749671E-5,-0.0180323345793533,0.00800551814672383));
#4035=CARTESIAN_POINT('',(7.32072491363017E-5,-0.017034993018378,0.0080015178449871));
#4036=CARTESIAN_POINT('',(0.000697789096202038,-0.0170323347909008,0.00714562719913087));
#4037=CARTESIAN_POINT('',(0.000239601515161359,-0.0180245102391953,0.00816216360636737));
#4038=CARTESIAN_POINT('',(0.000234488572735038,-0.017044012026233,0.00815140929847978));
#4039=CARTESIAN_POINT('',(0.00113968706284283,-0.0170247240755373,0.0077305766496941));
#4040=CARTESIAN_POINT('',(0.000444445383021991,-0.0180177561892878,0.00868682908899877));
#4041=CARTESIAN_POINT('',(0.000441940884342389,-0.0170469543280582,0.00867790178285417));
#4042=CARTESIAN_POINT('',(0.00137228426325277,-0.0170182228980377,0.0084067313853186));
#4043=CARTESIAN_POINT('',(0.000651154452800405,-0.0180096389261047,0.00952064295497903));
#4044=CARTESIAN_POINT('',(0.000649256285387555,-0.0170487095887228,0.00951125257565879));
#4045=CARTESIAN_POINT('',(0.00159480551043875,-0.0170104423221739,0.00932951348260405));
#4046=CARTESIAN_POINT('',(0.000846326328899749,-0.0180004531270023,0.0106439359324033));
#4047=CARTESIAN_POINT('',(0.000845001426870338,-0.0170488299514025,0.0106347118033932));
#4048=CARTESIAN_POINT('',(0.00178512410862269,-0.0170016893177209,0.0104978843838486));
#4049=CARTESIAN_POINT('',(0.00102418707569315,-0.017990313590968,0.0120240848203824));
#4050=CARTESIAN_POINT('',(0.00102324982678583,-0.0170478499022673,0.0120157877055825));
#4051=CARTESIAN_POINT('',(0.00195864111543584,-0.016992074287257,0.0119117409345077));
#4052=CARTESIAN_POINT('',(0.00116503312813914,-0.0179811289166679,0.0134196452243958));
#4053=CARTESIAN_POINT('',(0.00116438847417509,-0.017046240968897,0.0134123761384882));
#4054=CARTESIAN_POINT('',(0.00209358447984642,-0.016983398750981,0.0133303167336704));
#4055=CARTESIAN_POINT('',(0.00131444289417607,-0.0179703072429354,0.0152885079563831));
#4056=CARTESIAN_POINT('',(0.00131392346639969,-0.0170437915133106,0.0152806837340781));
#4057=CARTESIAN_POINT('',(0.00223620787564952,-0.0169732077129845,0.0152240107497587));
#4058=CARTESIAN_POINT('',(0.00139066861353086,-0.0179640207727072,0.0166965644279701));
#4059=CARTESIAN_POINT('',(0.00139044986488868,-0.0170419865278396,0.0166918018200121));
#4060=CARTESIAN_POINT('',(0.0023084146935878,-0.0169673103538291,0.0166471217906932));
#4061=CARTESIAN_POINT('',(0.00142787844908471,-0.0179608724290505,0.0176364064618453));
#4062=CARTESIAN_POINT('',(0.00142775791431497,-0.0170410478642223,0.0176333620075642));
#4063=CARTESIAN_POINT('',(0.00234365745879274,-0.0169643594723657,0.0175968458704219));
#4064=CARTESIAN_POINT('',(-0.00242730464661054,-0.0179608549260473,0.0175985238988189));
#4065=CARTESIAN_POINT('',(-0.00443340594129047,-0.0172410884459397,0.02047161303157));
#4066=CARTESIAN_POINT('',(-0.00425363013888756,-0.0166486008230649,0.0202178084358481));
#4067=CARTESIAN_POINT('',(-0.00418505869433527,-0.0166661811245458,0.0195524013535361));
#4068=CARTESIAN_POINT('',(-0.00404782877096687,-0.0173080013920557,0.0205002766062707));
#4069=CARTESIAN_POINT('',(-0.00393027597797671,-0.0167333925477604,0.0202300567932398));
#4070=CARTESIAN_POINT('',(-0.00395371734286613,-0.0167254922668204,0.0195805938669566));
#4071=CARTESIAN_POINT('',(-0.00326039773348731,-0.0174427033362475,0.0203921436160698));
#4072=CARTESIAN_POINT('',(-0.00325793836976442,-0.0168723514895075,0.0201248162332975));
#4073=CARTESIAN_POINT('',(-0.00347818867704603,-0.0168269349930268,0.0195179612185663));
#4074=CARTESIAN_POINT('',(-0.00191805624818531,-0.0176960727362774,0.019517518273247));
#4075=CARTESIAN_POINT('',(-0.00204143853454017,-0.0170157810619466,0.0193524279706603));
#4076=CARTESIAN_POINT('',(-0.00265391615231978,-0.0169438295306092,0.0189167614231969));
#4077=CARTESIAN_POINT('',(-0.00145873877054444,-0.0178632591389674,0.0183961073331193));
#4078=CARTESIAN_POINT('',(-0.00154028261103274,-0.0170328314786106,0.0183410600323907));
#4079=CARTESIAN_POINT('',(-0.0023639971291883,-0.0169626561608604,0.0181300215117707));
#4080=CARTESIAN_POINT('',(-0.00142812119333329,-0.0179608549260473,0.017638927199389));
#4081=CARTESIAN_POINT('',(-0.00142799545010954,-0.0170410401077352,0.0176358175388718));
#4082=CARTESIAN_POINT('',(-0.00234385337258879,-0.0169643430671795,0.0175985238988189));
#4083=CARTESIAN_POINT('',(-0.00443340594129047,-0.0176348521961329,0.0195524013535361));
#4084=CARTESIAN_POINT('',(-0.0041850586943342,-0.016666181124546,0.0195524013535362));
#4085=CARTESIAN_POINT('',(-0.00425363013888644,-0.0166486008230652,0.0202178084358482));
#4086=CARTESIAN_POINT('',(-0.00443340594128926,-0.01724108844594,0.0204716130315701));
#4087=CARTESIAN_POINT('',(-0.00503303791269704,-0.0164487767748833,0.019449061992133));
#4088=CARTESIAN_POINT('',(-0.00512951582178123,-0.0164169980273346,0.0201206478925045));
#4089=CARTESIAN_POINT('',(-0.00537434729557319,-0.0170025280469362,0.0203694206425871));
#4090=CARTESIAN_POINT('',(-0.00656826710624783,-0.0157933531317747,0.0191300058998782));
#4091=CARTESIAN_POINT('',(-0.00672943913700483,-0.0156978841848988,0.0198206704812024));
#4092=CARTESIAN_POINT('',(-0.00712285467759542,-0.0162610468270481,0.0200537442668645));
#4093=CARTESIAN_POINT('',(-0.00790168018500268,-0.0146603609698365,0.0186272256048821));
#4094=CARTESIAN_POINT('',(-0.0080516004598353,-0.0145269661417045,0.0193509328978906));
#4095=CARTESIAN_POINT('',(-0.00856811692370496,-0.0150345938422957,0.0195549880497608));
#4096=CARTESIAN_POINT('',(-0.00852222369934827,-0.0140452230962453,0.018368484004041));
#4097=CARTESIAN_POINT('',(-0.00866830506353604,-0.0139004142671134,0.019105159457165));
#4098=CARTESIAN_POINT('',(-0.00922623041826851,-0.0143867427228169,0.0192980428854644));
#4099=CARTESIAN_POINT('',(-0.0110832679109727,-0.021631882917182,0.0126));
#4100=CARTESIAN_POINT('',(0.,0.,0.));
#4101=CARTESIAN_POINT('',(-0.00474178108988626,0.0213267092689429,0.0186570133991652));
#4102=CARTESIAN_POINT('',(-0.00474178108988626,0.0213267092689429,0.001));
#4103=CARTESIAN_POINT('',(-0.00628876437121868,0.0210991281566553,0.0186570133991652));
#4104=CARTESIAN_POINT('',(-0.00628876437121868,0.0210991281566553,0.001));
#4105=CARTESIAN_POINT('',(-0.00932242569138775,0.0204173892518371,0.0186570133991652));
#4106=CARTESIAN_POINT('',(-0.00932242569138775,0.0204173892518371,0.001));
#4107=CARTESIAN_POINT('',(-0.0128257723580717,0.0189539592642454,0.0186570133991652));
#4108=CARTESIAN_POINT('',(-0.0128257723580717,0.0189539592642454,0.001));
#4109=CARTESIAN_POINT('',(-0.0153540258223463,0.0173487177069224,0.0186570133991652));
#4110=CARTESIAN_POINT('',(-0.0153540258223463,0.0173487177069224,0.001));
#4111=CARTESIAN_POINT('',(-0.0170857142761251,0.0158904978089278,0.0186570133991652));
#4112=CARTESIAN_POINT('',(-0.0170857142761251,0.0158904978089278,0.001));
#4113=CARTESIAN_POINT('',(-0.0185583343811418,0.0141813019073449,0.0186570133991652));
#4114=CARTESIAN_POINT('',(-0.0185583343811418,0.0141813019073449,0.001));
#4115=CARTESIAN_POINT('',(-0.0200756416445865,0.0117398507363359,0.0186570133991652));
#4116=CARTESIAN_POINT('',(-0.0200756416445865,0.0117398507363359,0.001));
#4117=CARTESIAN_POINT('',(-0.0212333572946293,0.00849273014469641,0.0186570133991652));
#4118=CARTESIAN_POINT('',(-0.0212333572946293,0.00849273014469641,0.000999999999999997));
#4119=CARTESIAN_POINT('',(-0.0216558663703049,0.00461836093247113,0.0186570133991652));
#4120=CARTESIAN_POINT('',(-0.0216558663703049,0.00461836093247113,0.001));
#4121=CARTESIAN_POINT('',(-0.0213012353683416,0.000950919436410589,0.0186570133991652));
#4122=CARTESIAN_POINT('',(-0.0213012353683416,0.000950919436410589,0.001));
#4123=CARTESIAN_POINT('',(-0.0203047746385272,-0.00243881160896201,0.0186570133991652));
#4124=CARTESIAN_POINT('',(-0.0203047746385272,-0.00243881160896201,0.001));
#4125=CARTESIAN_POINT('',(-0.0188619012136379,-0.00561600176275015,0.0186570133991652));
#4126=CARTESIAN_POINT('',(-0.0188619012136379,-0.00561600176275015,0.001));
#4127=CARTESIAN_POINT('',(-0.0171424542294957,-0.00878167612641559,0.0186570133991652));
#4128=CARTESIAN_POINT('',(-0.0171424542294957,-0.00878167612641559,0.001));
#4129=CARTESIAN_POINT('',(-0.0150593456505501,-0.0122048820002603,0.0186570133991652));
#4130=CARTESIAN_POINT('',(-0.0150593456505501,-0.0122048820002603,0.000999999999999997));
#4131=CARTESIAN_POINT('',(-0.0126280212318339,-0.0154845004581011,0.0186570133991652));
#4132=CARTESIAN_POINT('',(-0.0126280212318339,-0.0154845004581011,0.001));
#4133=CARTESIAN_POINT('',(-0.0102861971412386,-0.0178697572271813,0.0186570133991652));
#4134=CARTESIAN_POINT('',(-0.0102861971412386,-0.0178697572271813,0.001));
#4135=CARTESIAN_POINT('',(-0.00796930595376699,-0.0194089076601095,0.0186570133991652));
#4136=CARTESIAN_POINT('',(-0.00796930595376699,-0.0194089076601095,0.000999999999999997));
#4137=CARTESIAN_POINT('',(-0.0055648230955334,-0.0204499319642588,0.0186570133991652));
#4138=CARTESIAN_POINT('',(-0.0055648230955334,-0.0204499319642588,0.00100000000000001));
#4139=CARTESIAN_POINT('',(-0.00328267326000991,-0.0208405178004719,0.0186570133991652));
#4140=CARTESIAN_POINT('',(-0.00328267326000991,-0.0208405178004719,0.001));
#4141=CARTESIAN_POINT('',(-0.00129543921973077,-0.0209317403513425,0.0186570133991652));
#4142=CARTESIAN_POINT('',(-0.00129543921973077,-0.0209317403513425,0.001));
#4143=CARTESIAN_POINT('',(2.1905380891412E-12,-0.0209343798243489,0.0186570133991652));
#4144=CARTESIAN_POINT('',(2.1905380891412E-12,-0.0209343798243489,0.001));
#4145=CARTESIAN_POINT('',(0.00129543922505432,-0.020931740351262,0.0186570133991652));
#4146=CARTESIAN_POINT('',(0.00129543922505432,-0.020931740351262,0.001));
#4147=CARTESIAN_POINT('',(0.00328267326599304,-0.0208405177998605,0.0186570133991652));
#4148=CARTESIAN_POINT('',(0.00328267326599304,-0.0208405177998605,0.001));
#4149=CARTESIAN_POINT('',(0.00556482310216319,-0.0204499319624772,0.0186570133991652));
#4150=CARTESIAN_POINT('',(0.00556482310216319,-0.0204499319624772,0.000999999999999997));
#4151=CARTESIAN_POINT('',(0.00796930596054433,-0.0194089076564451,0.0186570133991652));
#4152=CARTESIAN_POINT('',(0.00796930596054433,-0.0194089076564451,0.001));
#4153=CARTESIAN_POINT('',(0.0102861971469609,-0.0178697572221197,0.0186570133991652));
#4154=CARTESIAN_POINT('',(0.0102861971469609,-0.0178697572221197,0.001));
#4155=CARTESIAN_POINT('',(0.0126280212366765,-0.0154845004523187,0.0186570133991652));
#4156=CARTESIAN_POINT('',(0.0126280212366765,-0.0154845004523187,0.001));
#4157=CARTESIAN_POINT('',(0.0150593456547736,-0.0122048819938877,0.0186570133991652));
#4158=CARTESIAN_POINT('',(0.0150593456547736,-0.0122048819938877,0.001));
#4159=CARTESIAN_POINT('',(0.0171424542330251,-0.00878167612018551,0.0186570133991652));
#4160=CARTESIAN_POINT('',(0.0171424542330251,-0.00878167612018551,0.001));
#4161=CARTESIAN_POINT('',(0.0188619012166117,-0.00561600175695696,0.0186570133991652));
#4162=CARTESIAN_POINT('',(0.0188619012166117,-0.00561600175695696,0.001));
#4163=CARTESIAN_POINT('',(0.0203047746408704,-0.0024388116028577,0.0186570133991652));
#4164=CARTESIAN_POINT('',(0.0203047746408704,-0.0024388116028577,0.000999999999999994));
#4165=CARTESIAN_POINT('',(0.021301235369659,0.000950919442991622,0.0186570133991652));
#4166=CARTESIAN_POINT('',(0.021301235369659,0.000950919442991622,0.00100000000000001));
#4167=CARTESIAN_POINT('',(0.0216558663702745,0.00461836093955761,0.0186570133991652));
#4168=CARTESIAN_POINT('',(0.0216558663702745,0.00461836093955761,0.001));
#4169=CARTESIAN_POINT('',(0.0212333572930194,0.00849273015202223,0.0186570133991652));
#4170=CARTESIAN_POINT('',(0.0212333572930194,0.00849273015202223,0.001));
#4171=CARTESIAN_POINT('',(0.0200756416412754,0.0117398507434885,0.0186570133991652));
#4172=CARTESIAN_POINT('',(0.0200756416412754,0.0117398507434885,0.001));
#4173=CARTESIAN_POINT('',(0.0185583343763068,0.0141813019139811,0.0186570133991652));
#4174=CARTESIAN_POINT('',(0.0185583343763068,0.0141813019139811,0.001));
#4175=CARTESIAN_POINT('',(0.0170857142700107,0.0158904978149464,0.0186570133991652));
#4176=CARTESIAN_POINT('',(0.0170857142700107,0.0158904978149464,0.001));
#4177=CARTESIAN_POINT('',(0.0153540258155694,0.0173487177118429,0.0186570133991652));
#4178=CARTESIAN_POINT('',(0.0153540258155694,0.0173487177118429,0.001));
#4179=CARTESIAN_POINT('',(0.0128257723505119,0.0189539592680478,0.0186570133991652));
#4180=CARTESIAN_POINT('',(0.0128257723505119,0.0189539592680478,0.001));
#4181=CARTESIAN_POINT('',(0.00932242568316809,0.0204173892544017,0.0186570133991652));
#4182=CARTESIAN_POINT('',(0.00932242568316809,0.0204173892544017,0.000999999999999994));
#4183=CARTESIAN_POINT('',(0.00628876436266826,0.0210991281583537,0.0186570133991652));
#4184=CARTESIAN_POINT('',(0.00628876436266826,0.0210991281583537,0.001));
#4185=CARTESIAN_POINT('',(0.00474178108122009,0.0213267092702178,0.0186570133991652));
#4186=CARTESIAN_POINT('',(0.00474178108122009,0.0213267092702178,0.001));
#4187=CARTESIAN_POINT('',(-0.00521741998510589,-0.0204273874118966,0.0093315066995826));
#4188=CARTESIAN_POINT('',(-0.00521741998510589,-0.0204273874118966,0.001));
#4189=CARTESIAN_POINT('',(-0.00521741998510589,-0.0204273874118966,0.0126));
#4190=CARTESIAN_POINT('',(-0.00521741998510589,-0.0204273874118966,0.001));
#4191=CARTESIAN_POINT('',(-0.00452403927111518,-0.0206090095695637,0.001));
#4192=CARTESIAN_POINT('',(-0.00311221609903257,-0.0208550002455548,0.001));
#4193=CARTESIAN_POINT('',(-0.00100513587010993,-0.0209419979635363,0.001));
#4194=CARTESIAN_POINT('',(0.00110576164243638,-0.0209414207608846,0.001));
#4195=CARTESIAN_POINT('',(0.0039185135487632,-0.0208145688952597,0.001));
#4196=CARTESIAN_POINT('',(0.00744686916162446,-0.0199102680343453,0.001));
#4197=CARTESIAN_POINT('',(0.0109105795329474,-0.0173846822361357,0.001));
#4198=CARTESIAN_POINT('',(0.0136940970861233,-0.0141491642534163,0.001));
#4199=CARTESIAN_POINT('',(0.016054820683927,-0.0106467610742986,0.001));
#4200=CARTESIAN_POINT('',(0.0181678623622523,-0.00695023119419458,0.001));
#4201=CARTESIAN_POINT('',(0.0200460542885965,-0.00318090168176833,0.001));
#4202=CARTESIAN_POINT('',(0.0213437475607801,0.000912717613078028,0.001));
#4203=CARTESIAN_POINT('',(0.0216804738957122,0.00518201337823064,0.001));
#4204=CARTESIAN_POINT('',(0.0210158085723137,0.00944182696251091,0.001));
#4205=CARTESIAN_POINT('',(0.0192862399209483,0.0133883022946359,0.001));
#4206=CARTESIAN_POINT('',(0.0164679274877377,0.0166607547215515,0.001));
#4207=CARTESIAN_POINT('',(0.0128380310125526,0.0189972444047296,0.001));
#4208=CARTESIAN_POINT('',(0.0089055327604995,0.0205206186174162,0.001));
#4209=CARTESIAN_POINT('',(0.00615069747956794,0.0211194395522105,0.001));
#4210=CARTESIAN_POINT('',(0.00474178147292053,0.0213267092125936,0.001));
#4211=CARTESIAN_POINT('',(0.00474178147292053,0.0213267092125936,0.001));
#4212=CARTESIAN_POINT('',(0.00474178147292053,0.0213267092125936,0.));
#4213=CARTESIAN_POINT('',(0.00474186095694805,0.0213271822264903,0.00925553511645631));
#4214=CARTESIAN_POINT('',(0.000619337758255384,0.0216647160630637,0.00931697974065087));
#4215=CARTESIAN_POINT('',(0.00281494247321166,0.0216218959079471,0.0092884796165707));
#4216=CARTESIAN_POINT('',(0.00498091908449965,0.0213727724767797,0.00926451227279402));
#4217=CARTESIAN_POINT('',(0.00819550486150696,0.0206324812337693,0.00916139882959953));
#4218=CARTESIAN_POINT('',(0.00926845779180316,0.0203201504152573,0.0091179768023645));
#4219=CARTESIAN_POINT('',(0.0113618395591093,0.0195520571121052,0.00901453950903251));
#4220=CARTESIAN_POINT('',(0.0123810493380389,0.0190977963293163,0.00895370273540567));
#4221=CARTESIAN_POINT('',(0.0143452197772227,0.0180147622811514,0.00883259689282076));
#4222=CARTESIAN_POINT('',(0.0153068823300011,0.0173719455380836,0.00877159836019406));
#4223=CARTESIAN_POINT('',(0.0170671191920233,0.0158866421884507,0.0087085289940241));
#4224=CARTESIAN_POINT('',(0.017862580731178,0.0150419827541732,0.00870992842220097));
#4225=CARTESIAN_POINT('',(0.0192394019543948,0.0131476423517712,0.0088327684180014));
#4226=CARTESIAN_POINT('',(0.0197940651329161,0.0121446559168593,0.00894796790500752));
#4227=CARTESIAN_POINT('',(0.0206759481950645,0.0100450713315679,0.0092657760395302));
#4228=CARTESIAN_POINT('',(0.0209987803455198,0.00894522411405597,0.00947022188536573));
#4229=CARTESIAN_POINT('',(0.0214155619642172,0.00677820800530787,0.00992486908951969));
#4230=CARTESIAN_POINT('',(0.0215190870174429,0.00568767514124614,0.0101784322795435));
#4231=CARTESIAN_POINT('',(0.0215345784271778,0.00349796980165308,0.0107199076607906));
#4232=CARTESIAN_POINT('',(0.021439324242852,0.00239149941721198,0.0110082103981936));
#4233=CARTESIAN_POINT('',(0.0208828195803623,-0.000814580787859771,0.0118753980256487));
#4234=CARTESIAN_POINT('',(0.0201357865114943,-0.002856055175393,0.0124734510431714));
#4235=CARTESIAN_POINT('',(0.0183348329579714,-0.00664667535703492,0.0136649178453572));
#4236=CARTESIAN_POINT('',(0.0173455009817214,-0.00842561990841064,0.0142726551382352));
#4237=CARTESIAN_POINT('',(0.015201813078393,-0.0119571786335584,0.0154883769609684));
#4238=CARTESIAN_POINT('',(0.0140270294757239,-0.0136869392397686,0.0161014534023854));
#4239=CARTESIAN_POINT('',(0.0126490793046788,-0.0153162008323183,0.0166844542653624));
#4240=CARTESIAN_POINT('',(0.0126490793046788,-0.0153162008323183,0.0166844542653624));
#4241=CARTESIAN_POINT('',(0.00907971264841838,-0.0186556915310037,0.0178758343695436));
#4242=CARTESIAN_POINT('',(0.0104765788789464,-0.0176841129022571,0.0175346000669183));
#4243=CARTESIAN_POINT('',(0.0116202787539811,-0.0165225915673898,0.0171157936870007));
#4244=CARTESIAN_POINT('',(0.0126490800084139,-0.015316200003033,0.0166844539688109));
#4245=CARTESIAN_POINT('',(0.00907971264841835,-0.0186556915310037,0.0178758343695436));
#4246=CARTESIAN_POINT('',(0.00488715774052075,-0.0205093271829896,0.0185344817956176));
#4247=CARTESIAN_POINT('',(0.00638480019069738,-0.0201645370438695,0.0184050798625685));
#4248=CARTESIAN_POINT('',(0.00783789154556579,-0.0195223746060492,0.0181779719053583));
#4249=CARTESIAN_POINT('',(0.00907971299155158,-0.0186556912938173,0.0178758342862577));
#4250=CARTESIAN_POINT('',(0.00488715774052075,-0.0205093271829896,0.0185344817956176));
#4251=CARTESIAN_POINT('',(0.00396759667257609,-0.0206920002653404,0.0177558937526162));
#4252=CARTESIAN_POINT('',(0.00397728377288936,-0.0206903872665949,0.0179752100426833));
#4253=CARTESIAN_POINT('',(0.00415893922519189,-0.0206628065219476,0.0184152736638813));
#4254=CARTESIAN_POINT('',(0.00465238718032669,-0.0205644147503664,0.018554947050758));
#4255=CARTESIAN_POINT('',(0.00488715866708587,-0.020509326965736,0.0185344817148286));
#4256=CARTESIAN_POINT('',(0.0039675966725761,-0.0206920002653404,0.0177558937526162));
#4257=CARTESIAN_POINT('',(-0.00396798456631638,-0.0206919364535229,0.0177564049784832));
#4258=CARTESIAN_POINT('',(-0.00391807651502806,-0.020700132808865,0.0166272725124815));
#4259=CARTESIAN_POINT('',(-0.00380807145512437,-0.0207177847783402,0.0149367799008246));
#4260=CARTESIAN_POINT('',(-0.00358820062183091,-0.0207500875431947,0.0126852579809767));
#4261=CARTESIAN_POINT('',(-0.0033686140577184,-0.0207789944068808,0.0110034475343937));
#4262=CARTESIAN_POINT('',(-0.00307113014916452,-0.0208134788147388,0.00932922389424528));
#4263=CARTESIAN_POINT('',(-0.00267636967334406,-0.0208530757118361,0.00767963396908014));
#4264=CARTESIAN_POINT('',(-0.00171245762906151,-0.0209215247419345,0.00616333497963635));
#4265=CARTESIAN_POINT('',(2.81583538754506E-5,-0.0209399846179983,0.00554234981392591));
#4266=CARTESIAN_POINT('',(0.00176705857247883,-0.0209195267495276,0.0061953808844678));
#4267=CARTESIAN_POINT('',(0.00270358052710875,-0.0208504451474435,0.00772246960058822));
#4268=CARTESIAN_POINT('',(0.00309234859598656,-0.0208112435404953,0.00936851014312045));
#4269=CARTESIAN_POINT('',(0.00338237510813811,-0.0207772255846468,0.0110311467433547));
#4270=CARTESIAN_POINT('',(0.00359769693603951,-0.0207487553770169,0.0127076304527896));
#4271=CARTESIAN_POINT('',(0.00381185311374571,-0.0207171706093361,0.0149481655673673));
#4272=CARTESIAN_POINT('',(0.0039189341380913,-0.0206999906469586,0.016631701815386));
#4273=CARTESIAN_POINT('',(0.00396759667276392,-0.0206920002653095,0.0177558937531806));
#4274=CARTESIAN_POINT('',(-0.00396798456631638,-0.0206919364535229,0.0177564049784832));
#4275=CARTESIAN_POINT('',(-0.00488771620164593,-0.02050919622678,0.0185344330981764));
#4276=CARTESIAN_POINT('',(-0.00465392025795565,-0.0205640470138058,0.0185549613871702));
#4277=CARTESIAN_POINT('',(-0.00416400849610654,-0.0206619178959451,0.0184195510917462));
#4278=CARTESIAN_POINT('',(-0.00397718416458097,-0.0206904023662512,0.0179747976312434));
#4279=CARTESIAN_POINT('',(-0.00396798456622928,-0.0206919364535373,0.0177564049728125));
#4280=CARTESIAN_POINT('',(-0.00488771620164593,-0.02050919622678,0.0185344330981764));
#4281=CARTESIAN_POINT('',(-0.00907971299321179,-0.0186556912926697,0.0178758342858547));
#4282=CARTESIAN_POINT('',(-0.00783841427388963,-0.0195220206625549,0.0181778492494412));
#4283=CARTESIAN_POINT('',(-0.00638560503480181,-0.0201642668770978,0.0184049814997157));
#4284=CARTESIAN_POINT('',(-0.00488771527956283,-0.0205091964430246,0.0185344331785867));
#4285=CARTESIAN_POINT('',(-0.00907971299321177,-0.0186556912926697,0.0178758342858547));
#4286=CARTESIAN_POINT('',(-0.0126490800083885,-0.0153162000030629,0.016684453968831));
#4287=CARTESIAN_POINT('',(-0.011619838268248,-0.0165231043291648,0.0171159778689666));
#4288=CARTESIAN_POINT('',(-0.0104759928322522,-0.0176845730793967,0.0175347636257029));
#4289=CARTESIAN_POINT('',(-0.00907971264841836,-0.0186556915310037,0.0178758343695436));
#4290=CARTESIAN_POINT('',(-0.0126490800083885,-0.0153162000030629,0.016684453968831));
#4291=CARTESIAN_POINT('',(-0.0126490793052026,-0.015316200831701,0.016684454265134));
#4292=CARTESIAN_POINT('',(-0.0140270306176604,-0.0136869378212614,0.016101453434756));
#4293=CARTESIAN_POINT('',(-0.0152018142722103,-0.0119571769667948,0.0154883769254929));
#4294=CARTESIAN_POINT('',(-0.0173455036419457,-0.00842561524630506,0.0142726526869231));
#4295=CARTESIAN_POINT('',(-0.0183348356666854,-0.00664667228717879,0.0136649153488198));
#4296=CARTESIAN_POINT('',(-0.0201357950639655,-0.00285603435465677,0.0124734480035624));
#4297=CARTESIAN_POINT('',(-0.0208828199449375,-0.000814579364903165,0.0118754021834666));
#4298=CARTESIAN_POINT('',(-0.0214393251569814,0.00239150500897543,0.0110082014832082));
#4299=CARTESIAN_POINT('',(-0.0215345788769232,0.00349798436793451,0.0107199160790316));
#4300=CARTESIAN_POINT('',(-0.0215190865066745,0.00568766993535268,0.0101784230198209));
#4301=CARTESIAN_POINT('',(-0.0214155621436287,0.00677820565200432,0.0099248708097742));
#4302=CARTESIAN_POINT('',(-0.0209987817989362,0.00894521800020465,0.00947021368574791));
#4303=CARTESIAN_POINT('',(-0.0206759488893294,0.0100450695787685,0.00926577578640088));
#4304=CARTESIAN_POINT('',(-0.0197940663176623,0.0121446531911284,0.00894796888522354));
#4305=CARTESIAN_POINT('',(-0.0192393991293547,0.0131476469390365,0.00883279834100249));
#4306=CARTESIAN_POINT('',(-0.0178625768281659,0.015041987415386,0.00870989824146546));
#4307=CARTESIAN_POINT('',(-0.0170671251317916,0.0158866386494973,0.00870861085090972));
#4308=CARTESIAN_POINT('',(-0.0153068695518623,0.0173719548503188,0.00877151661997712));
#4309=CARTESIAN_POINT('',(-0.0143452349936412,0.0180147527049619,0.00883299133693589));
#4310=CARTESIAN_POINT('',(-0.0123810569584621,0.0190977933026403,0.008953888178716));
#4311=CARTESIAN_POINT('',(-0.0113618294358565,0.0195520615193726,0.00901436652345342));
#4312=CARTESIAN_POINT('',(-0.00926844421271366,0.0203201547011562,0.00911797994096198));
#4313=CARTESIAN_POINT('',(-0.00819549907583789,0.0206324824591186,0.00916142916659841));
#4314=CARTESIAN_POINT('',(-0.00498092431626931,0.021372771487084,0.00926448264111727));
#4315=CARTESIAN_POINT('',(-0.00281494461241193,0.0216218963692531,0.00928848521187722));
#4316=CARTESIAN_POINT('',(-0.000619330211147438,0.0216647162040573,0.00931697983905895));
#4317=CARTESIAN_POINT('',(-0.00474186088439609,0.0213271822866756,0.00925553073899296));
#4318=CARTESIAN_POINT('',(-0.00474178147292054,0.0213267092125936,0.00925501571435795));
#4319=CARTESIAN_POINT('',(-0.00474178147292054,0.0213267092125936,0.001));
#4320=CARTESIAN_POINT('',(-0.00474178147292054,0.0213267092125936,0.001));
#4321=CARTESIAN_POINT('',(-0.00675176641061434,0.0210310145839249,0.001));
#4322=CARTESIAN_POINT('',(-0.00967092626648151,0.0203140368980383,0.001));
#4323=CARTESIAN_POINT('',(-0.0133463272592979,0.0186540270424418,0.001));
#4324=CARTESIAN_POINT('',(-0.0159147041666028,0.016981504915967,0.001));
#4325=CARTESIAN_POINT('',(-0.0181130525925884,0.0148406622534668,0.001));
#4326=CARTESIAN_POINT('',(-0.0197839881158626,0.012298115122835,0.001));
#4327=CARTESIAN_POINT('',(-0.0209222895767301,0.00944021179992895,0.001));
#4328=CARTESIAN_POINT('',(-0.0217026864663798,0.00544893582260506,0.001));
#4329=CARTESIAN_POINT('',(-0.0214477784981445,0.00133702066297007,0.001));
#4330=CARTESIAN_POINT('',(-0.0202394318611081,-0.00255055544924151,0.001));
#4331=CARTESIAN_POINT('',(-0.019012159488727,-0.00529574346627565,0.001));
#4332=CARTESIAN_POINT('',(-0.0175922673409469,-0.00796062726791492,0.001));
#4333=CARTESIAN_POINT('',(-0.0155570954985825,-0.0114526945618477,0.001));
#4334=CARTESIAN_POINT('',(-0.0138306637815164,-0.0139472897602914,0.001));
#4335=CARTESIAN_POINT('',(-0.0125096039216688,-0.0154792517985464,0.001));
#4336=CARTESIAN_POINT('',(-0.0125096039216688,-0.0154792517985463,0.001));
#4337=CARTESIAN_POINT('',(-0.0125096039216688,-0.0154792517985463,0.0093315066995826));
#4338=CARTESIAN_POINT('',(-0.0125096039216688,-0.0154792517985463,0.0126));
#4339=CARTESIAN_POINT('',(-0.0125096039216688,-0.0154792517985463,0.0126));
#4340=CARTESIAN_POINT('',(-0.0125096039216688,-0.0154792517985463,0.0128165792281402));
#4341=CARTESIAN_POINT('',(-0.0123768166554188,-0.0156334485219702,0.013));
#4342=CARTESIAN_POINT('',(-0.0122329192857864,-0.0157949452019999,0.013));
#4343=CARTESIAN_POINT('',(-0.0122329192857864,-0.0157949452019999,0.013));
#4344=CARTESIAN_POINT('',(-0.0122329192857864,-0.0157949452019999,0.013));
#4345=CARTESIAN_POINT('',(-0.0120887288761325,-0.0159567707621943,0.013));
#4346=CARTESIAN_POINT('',(-0.011942722602927,-0.0161164203810683,0.013));
#4347=CARTESIAN_POINT('',(-0.0117947537745956,-0.0162737182787523,0.013));
#4348=CARTESIAN_POINT('',(-0.0117947537745956,-0.0162737182787524,0.013));
#4349=CARTESIAN_POINT('',(-0.0117947537745956,-0.0162737182787523,0.013));
#4350=CARTESIAN_POINT('',(-0.0110116417266193,-0.0171062036081749,0.013));
#4351=CARTESIAN_POINT('',(-0.0101719763299329,-0.0178802754232063,0.013));
#4352=CARTESIAN_POINT('',(-0.00922560818571065,-0.0185533828288708,0.013));
#4353=CARTESIAN_POINT('',(-0.00922560818571063,-0.0185533828288709,0.013));
#4354=CARTESIAN_POINT('',(-0.00922560818571064,-0.0185533828288709,0.013));
#4355=CARTESIAN_POINT('',(-0.0083912067571063,-0.0191468535456522,0.013));
#4356=CARTESIAN_POINT('',(-0.00747630332439313,-0.0196371526885416,0.013));
#4357=CARTESIAN_POINT('',(-0.00658527551420279,-0.0199844415313214,0.013));
#4358=CARTESIAN_POINT('',(-0.00658527551420278,-0.0199844415313215,0.013));
#4359=CARTESIAN_POINT('',(-0.00658527551420282,-0.0199844415313214,0.013));
#4360=CARTESIAN_POINT('',(-0.00649954514916734,-0.0200178559757683,0.013));
#4361=CARTESIAN_POINT('',(-0.00641392897888677,-0.0200500925804394,0.013));
#4362=CARTESIAN_POINT('',(-0.00632846231315586,-0.020081189779281,0.013));
#4363=CARTESIAN_POINT('',(-0.00632846231315589,-0.020081189779281,0.013));
#4364=CARTESIAN_POINT('',(-0.00632846231315586,-0.020081189779281,0.013));
#4365=CARTESIAN_POINT('',(-0.00609409509174673,-0.0201664647110192,0.013));
#4366=CARTESIAN_POINT('',(-0.00585699167115658,-0.0202445770935429,0.013));
#4367=CARTESIAN_POINT('',(-0.00561723573823692,-0.0203157459939421,0.013));
#4368=CARTESIAN_POINT('',(-0.00561723573823692,-0.0203157459939421,0.013));
#4369=CARTESIAN_POINT('',(-0.00561723573823826,-0.0203157459939456,0.013));
#4370=CARTESIAN_POINT('',(-0.00541091918675609,-0.0203769887833288,0.013));
#4371=CARTESIAN_POINT('',(-0.00521741998510576,-0.0204273874118966,0.0128154428973548));
#4372=CARTESIAN_POINT('',(-0.00521741998510576,-0.0204273874118966,0.0126));
#4373=CARTESIAN_POINT('',(-0.0118,-0.0195354999999998,0.011));
#4374=CARTESIAN_POINT('',(-0.0118,-0.0195335,0.0215));
#4375=CARTESIAN_POINT('',(-0.0118,-0.0147835,0.01925));
#4376=CARTESIAN_POINT('',(-0.0118,-0.000219285188919352,0.0140274477416709));
#4377=CARTESIAN_POINT('',(-0.0118,0.0131257565633929,0.0102884860646113));
#4378=CARTESIAN_POINT('',(-0.0118,0.0169205,0.01125));
#4379=CARTESIAN_POINT('',(-0.0118,0.0202705,0.0117));
#4380=CARTESIAN_POINT('',(-0.0118,-0.0121828945033747,0.0184431956615973));
#4381=CARTESIAN_POINT('',(-0.0118,-0.0113484311614851,0.018128415621589));
#4382=CARTESIAN_POINT('',(-0.0118,-0.0113484311614851,0.018128415621589));
#4383=CARTESIAN_POINT('',(-0.0118,-0.0110251231355721,0.0180073029964024));
#4384=CARTESIAN_POINT('',(-0.0118,-0.010574540816835,0.0177571091478606));
#4385=CARTESIAN_POINT('',(-0.0118,-0.0100934497696023,0.0172519086272481));
#4386=CARTESIAN_POINT('',(-0.0118,-0.00995260475861859,0.0169257529725526));
#4387=CARTESIAN_POINT('',(-0.0118,-0.00995260476160946,0.0167506832410403));
#4388=CARTESIAN_POINT('',(-0.0118000000105107,-0.00995260474595991,0.0167506832455819));
#4389=CARTESIAN_POINT('',(-0.0118000000105107,-0.00995260474595991,0.0208941565549866));
#4390=CARTESIAN_POINT('',(-0.0118000000105107,-0.00995260474595991,0.));
#4391=CARTESIAN_POINT('',(-0.0118,-0.0195354999999998,0.));
#4392=CARTESIAN_POINT('',(-0.0118,-0.014149665574502,0.));
#4393=CARTESIAN_POINT('',(-0.0118,-0.0141496655965843,0.022));
#4394=CARTESIAN_POINT('',(-0.0118,-0.0141496655965843,0.0178817931611208));
#4395=CARTESIAN_POINT('',(-0.0118,-0.0141496655965843,0.0178817931611208));
#4396=CARTESIAN_POINT('',(-0.0118,-0.0141496655965843,0.0180825708761211));
#4397=CARTESIAN_POINT('',(-0.0118,-0.0139374151023389,0.0184605566677065));
#4398=CARTESIAN_POINT('',(-0.0118,-0.0133415808331623,0.0186409597603131));
#4399=CARTESIAN_POINT('',(-0.0118,-0.0127473784470764,0.0186171274394255));
#4400=CARTESIAN_POINT('',(-0.0118,-0.0123682961746244,0.0185136331134333));
#4401=CARTESIAN_POINT('',(-0.0118,-0.0121828945033747,0.0184431956615973));
#4402=CARTESIAN_POINT('',(-0.01015,-0.0195354999999998,0.));
#4403=CARTESIAN_POINT('',(0.00459623515522186,0.0203373577738196,0.));
#4404=CARTESIAN_POINT('',(0.0059312342487671,0.0201409622417755,0.));
#4405=CARTESIAN_POINT('',(0.00854338095407417,0.0195770716154562,1.9048585826624E-18));
#4406=CARTESIAN_POINT('',(0.0122736233805575,0.0181510721934374,1.13925060257724E-18));
#4407=CARTESIAN_POINT('',(0.0157317866744675,0.0159630331336845,1.34439464892427E-18));
#4408=CARTESIAN_POINT('',(0.0184202101052511,0.0128741851791104,1.28942644362131E-18));
#4409=CARTESIAN_POINT('',(0.0200561689011983,0.00913029975971271,1.30415521848611E-18));
#4410=CARTESIAN_POINT('',(0.0206749484769885,0.00509068006457783,1.30020832432986E-18));
#4411=CARTESIAN_POINT('',(0.020341575997196,0.00104492733067324,1.30126712609006E-18));
#4412=CARTESIAN_POINT('',(0.0191004875461717,-0.00282954961615162,1.30097881320552E-18));
#4413=CARTESIAN_POINT('',(0.0173232963140284,-0.0064025589508569,1.30107326298348E-18));
#4414=CARTESIAN_POINT('',(0.0153291834625402,-0.00990768784148553,1.3009837767562E-18));
#4415=CARTESIAN_POINT('',(0.0131126533790241,-0.013244044504036,1.30124727188735E-18));
#4416=CARTESIAN_POINT('',(0.0105261697496829,-0.0163406150091854,1.30028277759002E-18));
#4417=CARTESIAN_POINT('',(0.00786279425905349,-0.0184252201596857,1.30327817930516E-18));
#4418=CARTESIAN_POINT('',(0.00533341172433967,-0.0194173278829343,1.29717054268053E-18));
#4419=CARTESIAN_POINT('',(0.00337458106592641,-0.0198169732653843,1.31582220102453E-18));
#4420=CARTESIAN_POINT('',(0.00134413555061834,-0.0199400126517621,1.245796295117E-18));
#4421=CARTESIAN_POINT('',(-0.00133726865746436,-0.0199433777430347,1.59439891549849E-18));
#4422=CARTESIAN_POINT('',(-0.00334811544846646,-0.0198451549975339,0.));
#4423=CARTESIAN_POINT('',(-0.00467682076595548,-0.0195315103461112,0.));
#4424=CARTESIAN_POINT('',(0.00459623515522186,0.0203373577738196,0.));
#4425=CARTESIAN_POINT('',(-0.00467682076595548,-0.0195315103461112,0.));
#4426=CARTESIAN_POINT('',(-0.00555201639282178,-0.0209818781276581,-6.93889390390723E-18));
#4427=CARTESIAN_POINT('',(-0.00731601197176877,-0.023905158678838,0.));
#4428=CARTESIAN_POINT('',(-0.0110832679109727,-0.021631882917182,0.));
#4429=CARTESIAN_POINT('',(-0.0148505238501767,-0.019358607155526,0.));
#4430=CARTESIAN_POINT('',(-0.0141198354356187,-0.0181477156676207,0.));
#4431=CARTESIAN_POINT('',(-0.0119648718938164,-0.0145765258724553,0.));
#4432=CARTESIAN_POINT('',(-0.0119648718938164,-0.0145765258724553,0.));
#4433=CARTESIAN_POINT('',(-0.0132016527806471,-0.0131056272076184,0.));
#4434=CARTESIAN_POINT('',(-0.0148220730859224,-0.0107352094832086,1.5943989658032E-18));
#4435=CARTESIAN_POINT('',(-0.0167483360562404,-0.00741713719048026,1.24579621127582E-18));
#4436=CARTESIAN_POINT('',(-0.0180952974083034,-0.00488764354108771,1.31582251962101E-18));
#4437=CARTESIAN_POINT('',(-0.0192659504687083,-0.00228401675373765,1.29716935213577E-18));
#4438=CARTESIAN_POINT('',(-0.0204324876529693,0.00139681293971899,1.30328450093016E-18));
#4439=CARTESIAN_POINT('',(-0.0206996981974248,0.00530104682771842,1.3008423687371E-18));
#4440=CARTESIAN_POINT('',(-0.019976996305294,0.0090951066373515,1.30083255042534E-18));
#4441=CARTESIAN_POINT('',(-0.0189054384810031,0.0118125061063754,1.30208552603509E-18));
#4442=CARTESIAN_POINT('',(-0.0173178112960537,0.0142282574179696,1.29708098732991E-18));
#4443=CARTESIAN_POINT('',(-0.01522085085362,0.0162499038044186,1.31584616654089E-18));
#4444=CARTESIAN_POINT('',(-0.0127708247936814,0.0178234540038094,1.24578998840216E-18));
#4445=CARTESIAN_POINT('',(-0.00927750462231561,0.0193808215013702,1.59440269952739E-18));
#4446=CARTESIAN_POINT('',(-0.00650408935336876,0.0200566878901326,0.));
#4447=CARTESIAN_POINT('',(-0.00459623515522187,0.0203373577738196,0.));
#4448=CARTESIAN_POINT('',(-0.00459623515522187,0.0203373577738196,0.));
#4449=CARTESIAN_POINT('',(-0.0048,0.0217224497881033,0.));
#4450=CARTESIAN_POINT('',(-0.0034,0.0217224497881033,0.));
#4451=CARTESIAN_POINT('',(-0.0034,0.0251279579671844,0.));
#4452=CARTESIAN_POINT('',(-0.0034,0.0251279579671844,0.));
#4453=CARTESIAN_POINT('',(0.,0.0251279579671844,0.));
#4454=CARTESIAN_POINT('',(0.0034,0.0251279579671844,0.));
#4455=CARTESIAN_POINT('',(0.0034,-0.0195354999999998,0.));
#4456=CARTESIAN_POINT('',(0.0034,0.0217224497881033,0.));
#4457=CARTESIAN_POINT('',(0.0048,0.0217224497881033,0.));
#4458=CARTESIAN_POINT('',(-0.003,0.0226279578775534,0.));
#4459=CARTESIAN_POINT('',(-0.003,0.0251279579671844,0.));
#4460=CARTESIAN_POINT('',(-0.003,0.0201279577832335,0.));
#4461=CARTESIAN_POINT('',(0.00482062632834529,0.0200266466094021,0.));
#4462=CARTESIAN_POINT('',(-5.20417042793042E-18,0.0203924266952989,0.));
#4463=CARTESIAN_POINT('',(-0.00482062632834528,0.0200266466094021,0.));
#4464=CARTESIAN_POINT('',(-0.00863956252362934,0.019112879717269,0.));
#4465=CARTESIAN_POINT('',(-0.0114627515583096,0.0179947515329546,0.));
#4466=CARTESIAN_POINT('',(-0.0134338026876387,0.0169500606781884,0.));
#4467=CARTESIAN_POINT('',(-0.0149252670883896,0.015893539936236,0.));
#4468=CARTESIAN_POINT('',(-0.0160059818180573,0.0149257005110262,0.));
#4469=CARTESIAN_POINT('',(-0.0169982923733384,0.0138738758942114,0.));
#4470=CARTESIAN_POINT('',(-0.0180303403835217,0.0124543110740966,0.));
#4471=CARTESIAN_POINT('',(-0.0189607406589464,0.0106362896484952,0.));
#4472=CARTESIAN_POINT('',(-0.0196058586195134,0.0087573836128342,0.));
#4473=CARTESIAN_POINT('',(-0.0199948078606621,0.00685907626622738,0.));
#4474=CARTESIAN_POINT('',(-0.0201538628431477,0.00497559169615813,0.));
#4475=CARTESIAN_POINT('',(-0.0200913201701227,0.00252639730634173,0.));
#4476=CARTESIAN_POINT('',(-0.0195368637926927,-0.000370273826359275,0.));
#4477=CARTESIAN_POINT('',(-0.0184875842187456,-0.00309630792181374,0.));
#4478=CARTESIAN_POINT('',(-0.0175699086632425,-0.00499104657439032,0.));
#4479=CARTESIAN_POINT('',(-0.0169995258468732,-0.00608537884281863,0.));
#4480=CARTESIAN_POINT('',(-0.0164025490820569,-0.00718919836509951,0.));
#4481=CARTESIAN_POINT('',(-0.0155941007359682,-0.00862033342478817,0.));
#4482=CARTESIAN_POINT('',(-0.0145281718157081,-0.0103730762330828,0.));
#4483=CARTESIAN_POINT('',(-0.0133742261973131,-0.0121077223880294,0.));
#4484=CARTESIAN_POINT('',(-0.0121350042973942,-0.0137745354656722,0.));
#4485=CARTESIAN_POINT('',(-0.0110291012864774,-0.015066601484032,0.));
#4486=CARTESIAN_POINT('',(-0.0100930990155803,-0.0160181765240327,0.));
#4487=CARTESIAN_POINT('',(-0.00936182450572108,-0.0166844100333704,0.));
#4488=CARTESIAN_POINT('',(-0.00872356751763971,-0.0171943323518081,0.));
#4489=CARTESIAN_POINT('',(-0.008192877447486,-0.0175703511470018,0.));
#4490=CARTESIAN_POINT('',(-0.00764509862796728,-0.0179244082545306,0.));
#4491=CARTESIAN_POINT('',(-0.0069504229393164,-0.018308689375556,0.));
#4492=CARTESIAN_POINT('',(-0.00583125937431039,-0.0188041906391488,0.));
#4493=CARTESIAN_POINT('',(-0.00444075717469387,-0.0192149067706504,0.));
#4494=CARTESIAN_POINT('',(-0.00311310488870667,-0.0194135358998208,0.));
#4495=CARTESIAN_POINT('',(-0.00210300761884128,-0.0194922807786472,0.));
#4496=CARTESIAN_POINT('',(-0.00137240791382341,-0.0195221271153975,0.));
#4497=CARTESIAN_POINT('',(-0.000787076709372411,-0.0195311224642594,0.));
#4498=CARTESIAN_POINT('',(-0.000332207333237871,-0.0195333498247411,0.));
#4499=CARTESIAN_POINT('',(1.57713359634485E-18,-0.0195335750876294,0.));
#4500=CARTESIAN_POINT('',(0.000332207333237858,-0.0195333498247411,0.));
#4501=CARTESIAN_POINT('',(0.000787076709372434,-0.0195311224642594,0.));
#4502=CARTESIAN_POINT('',(0.00137240791382339,-0.0195221271153975,0.));
#4503=CARTESIAN_POINT('',(0.0021030076188413,-0.0194922807786472,0.));
#4504=CARTESIAN_POINT('',(0.00311310488870667,-0.0194135358998208,0.));
#4505=CARTESIAN_POINT('',(0.00444075717469387,-0.0192149067706504,0.));
#4506=CARTESIAN_POINT('',(0.00583125937431041,-0.0188041906391488,0.));
#4507=CARTESIAN_POINT('',(0.00695042293931642,-0.018308689375556,0.));
#4508=CARTESIAN_POINT('',(0.00764509862796729,-0.0179244082545306,0.));
#4509=CARTESIAN_POINT('',(0.00819287744748602,-0.0175703511470018,0.));
#4510=CARTESIAN_POINT('',(0.00872356751763973,-0.0171943323518081,0.));
#4511=CARTESIAN_POINT('',(0.00936182450572109,-0.0166844100333704,0.));
#4512=CARTESIAN_POINT('',(0.0100930990155803,-0.0160181765240326,0.));
#4513=CARTESIAN_POINT('',(0.0110291012864774,-0.015066601484032,0.));
#4514=CARTESIAN_POINT('',(0.0121350042973942,-0.0137745354656722,0.));
#4515=CARTESIAN_POINT('',(0.0133742261973131,-0.0121077223880294,0.));
#4516=CARTESIAN_POINT('',(0.0145281718157081,-0.0103730762330828,0.));
#4517=CARTESIAN_POINT('',(0.0155941007359683,-0.00862033342478814,0.));
#4518=CARTESIAN_POINT('',(0.0164025490820569,-0.00718919836509948,0.));
#4519=CARTESIAN_POINT('',(0.0169995258468732,-0.00608537884281861,0.));
#4520=CARTESIAN_POINT('',(0.0175699086632425,-0.0049910465743903,0.));
#4521=CARTESIAN_POINT('',(0.0184875842187456,-0.00309630792181373,0.));
#4522=CARTESIAN_POINT('',(0.0195368637926927,-0.00037027382635926,0.));
#4523=CARTESIAN_POINT('',(0.0200913201701227,0.00252639730634174,0.));
#4524=CARTESIAN_POINT('',(0.0201538628431477,0.00497559169615814,0.));
#4525=CARTESIAN_POINT('',(0.0199948078606621,0.00685907626622739,0.));
#4526=CARTESIAN_POINT('',(0.0196058586195134,0.00875738361283421,0.));
#4527=CARTESIAN_POINT('',(0.0189607406589464,0.0106362896484952,0.));
#4528=CARTESIAN_POINT('',(0.0180303403835217,0.0124543110740966,0.));
#4529=CARTESIAN_POINT('',(0.0169982923733384,0.0138738758942114,0.));
#4530=CARTESIAN_POINT('',(0.0160059818180573,0.0149257005110262,0.));
#4531=CARTESIAN_POINT('',(0.0149252670883896,0.015893539936236,0.));
#4532=CARTESIAN_POINT('',(0.0134338026876387,0.0169500606781884,0.));
#4533=CARTESIAN_POINT('',(0.0114627515583096,0.0179947515329546,0.));
#4534=CARTESIAN_POINT('',(0.00863956252362933,0.019112879717269,0.));
#4535=CARTESIAN_POINT('',(0.00482062632834529,0.0200266466094021,0.));
#4536=CARTESIAN_POINT('',(-5.20417042793042E-18,0.0203924266952989,0.));
#4537=CARTESIAN_POINT('',(-0.00482062632834528,0.0200266466094021,0.));
#4538=CARTESIAN_POINT('',(-0.0226462599923306,0.0944317237059358,0.));
#4539=CARTESIAN_POINT('',(-0.00850000000000129,-0.0140672114396723,0.));
#4540=CARTESIAN_POINT('',(-0.0085,-0.0195354999999998,0.));
#4541=CARTESIAN_POINT('',(-0.0085,-0.0173509102589957,0.));
#4542=CARTESIAN_POINT('',(-0.00906094554092845,-0.0182805051001835,0.));
#4543=CARTESIAN_POINT('',(-0.00962189108185689,-0.0192100999413713,0.));
#4544=CARTESIAN_POINT('',(-0.0109061828793128,-0.0184351195680795,0.));
#4545=CARTESIAN_POINT('',(-0.0121904746767687,-0.0176601391947876,0.));
#4546=CARTESIAN_POINT('',(-0.0129211630913266,-0.0188710306826931,0.));
#4547=CARTESIAN_POINT('',(-0.0136518515058845,-0.0200819221705984,0.));
#4548=CARTESIAN_POINT('',(-0.0110832679109727,-0.021631882917182,0.));
#4549=CARTESIAN_POINT('',(-0.00851468431606094,-0.0231818436637657,0.));
#4550=CARTESIAN_POINT('',(-0.00675068873711394,-0.0202585631125858,0.));
#4551=CARTESIAN_POINT('',(-0.00584977172060132,-0.0187655700325405,0.));
#4552=CARTESIAN_POINT('',(0.00482062632834529,0.0200266466094021,0.));
#4553=CARTESIAN_POINT('',(-5.20417042793042E-18,0.0203924266952989,0.));
#4554=CARTESIAN_POINT('',(-0.00482062632834528,0.0200266466094021,0.));
#4555=CARTESIAN_POINT('',(-0.00863956252362934,0.019112879717269,0.));
#4556=CARTESIAN_POINT('',(-0.0114627515583096,0.0179947515329546,0.));
#4557=CARTESIAN_POINT('',(-0.0134338026876387,0.0169500606781884,0.));
#4558=CARTESIAN_POINT('',(-0.0149252670883896,0.015893539936236,0.));
#4559=CARTESIAN_POINT('',(-0.0160059818180573,0.0149257005110262,0.));
#4560=CARTESIAN_POINT('',(-0.0169982923733384,0.0138738758942114,0.));
#4561=CARTESIAN_POINT('',(-0.0180303403835217,0.0124543110740966,0.));
#4562=CARTESIAN_POINT('',(-0.0189607406589464,0.0106362896484952,0.));
#4563=CARTESIAN_POINT('',(-0.0196058586195134,0.0087573836128342,0.));
#4564=CARTESIAN_POINT('',(-0.0199948078606621,0.00685907626622738,0.));
#4565=CARTESIAN_POINT('',(-0.0201538628431477,0.00497559169615813,0.));
#4566=CARTESIAN_POINT('',(-0.0200913201701227,0.00252639730634173,0.));
#4567=CARTESIAN_POINT('',(-0.0195368637926927,-0.000370273826359275,0.));
#4568=CARTESIAN_POINT('',(-0.0184875842187456,-0.00309630792181374,0.));
#4569=CARTESIAN_POINT('',(-0.0175699086632425,-0.00499104657439032,0.));
#4570=CARTESIAN_POINT('',(-0.0169995258468732,-0.00608537884281863,0.));
#4571=CARTESIAN_POINT('',(-0.0164025490820569,-0.00718919836509951,0.));
#4572=CARTESIAN_POINT('',(-0.0155941007359682,-0.00862033342478817,0.));
#4573=CARTESIAN_POINT('',(-0.0145281718157081,-0.0103730762330828,0.));
#4574=CARTESIAN_POINT('',(-0.0133742261973131,-0.0121077223880294,0.));
#4575=CARTESIAN_POINT('',(-0.0121350042973942,-0.0137745354656722,0.));
#4576=CARTESIAN_POINT('',(-0.0110291012864774,-0.015066601484032,0.));
#4577=CARTESIAN_POINT('',(-0.0100930990155803,-0.0160181765240327,0.));
#4578=CARTESIAN_POINT('',(-0.00936182450572108,-0.0166844100333704,0.));
#4579=CARTESIAN_POINT('',(-0.00872356751763971,-0.0171943323518081,0.));
#4580=CARTESIAN_POINT('',(-0.008192877447486,-0.0175703511470018,0.));
#4581=CARTESIAN_POINT('',(-0.00764509862796728,-0.0179244082545306,0.));
#4582=CARTESIAN_POINT('',(-0.0069504229393164,-0.018308689375556,0.));
#4583=CARTESIAN_POINT('',(-0.00583125937431039,-0.0188041906391488,0.));
#4584=CARTESIAN_POINT('',(-0.00444075717469387,-0.0192149067706504,0.));
#4585=CARTESIAN_POINT('',(-0.00311310488870667,-0.0194135358998208,0.));
#4586=CARTESIAN_POINT('',(-0.00210300761884128,-0.0194922807786472,0.));
#4587=CARTESIAN_POINT('',(-0.00137240791382341,-0.0195221271153975,0.));
#4588=CARTESIAN_POINT('',(-0.000787076709372411,-0.0195311224642594,0.));
#4589=CARTESIAN_POINT('',(-0.000332207333237871,-0.0195333498247411,0.));
#4590=CARTESIAN_POINT('',(1.57713359634485E-18,-0.0195335750876294,0.));
#4591=CARTESIAN_POINT('',(0.000332207333237858,-0.0195333498247411,0.));
#4592=CARTESIAN_POINT('',(0.000787076709372434,-0.0195311224642594,0.));
#4593=CARTESIAN_POINT('',(0.00137240791382339,-0.0195221271153975,0.));
#4594=CARTESIAN_POINT('',(0.0021030076188413,-0.0194922807786472,0.));
#4595=CARTESIAN_POINT('',(0.00311310488870667,-0.0194135358998208,0.));
#4596=CARTESIAN_POINT('',(0.00444075717469387,-0.0192149067706504,0.));
#4597=CARTESIAN_POINT('',(0.00583125937431041,-0.0188041906391488,0.));
#4598=CARTESIAN_POINT('',(0.00695042293931642,-0.018308689375556,0.));
#4599=CARTESIAN_POINT('',(0.00764509862796729,-0.0179244082545306,0.));
#4600=CARTESIAN_POINT('',(0.00819287744748602,-0.0175703511470018,0.));
#4601=CARTESIAN_POINT('',(0.00872356751763973,-0.0171943323518081,0.));
#4602=CARTESIAN_POINT('',(0.00936182450572109,-0.0166844100333704,0.));
#4603=CARTESIAN_POINT('',(0.0100930990155803,-0.0160181765240326,0.));
#4604=CARTESIAN_POINT('',(0.0110291012864774,-0.015066601484032,0.));
#4605=CARTESIAN_POINT('',(0.0121350042973942,-0.0137745354656722,0.));
#4606=CARTESIAN_POINT('',(0.0133742261973131,-0.0121077223880294,0.));
#4607=CARTESIAN_POINT('',(0.0145281718157081,-0.0103730762330828,0.));
#4608=CARTESIAN_POINT('',(0.0155941007359683,-0.00862033342478814,0.));
#4609=CARTESIAN_POINT('',(0.0164025490820569,-0.00718919836509948,0.));
#4610=CARTESIAN_POINT('',(0.0169995258468732,-0.00608537884281861,0.));
#4611=CARTESIAN_POINT('',(0.0175699086632425,-0.0049910465743903,0.));
#4612=CARTESIAN_POINT('',(0.0184875842187456,-0.00309630792181373,0.));
#4613=CARTESIAN_POINT('',(0.0195368637926927,-0.00037027382635926,0.));
#4614=CARTESIAN_POINT('',(0.0200913201701227,0.00252639730634174,0.));
#4615=CARTESIAN_POINT('',(0.0201538628431477,0.00497559169615814,0.));
#4616=CARTESIAN_POINT('',(0.0199948078606621,0.00685907626622739,0.));
#4617=CARTESIAN_POINT('',(0.0196058586195134,0.00875738361283421,0.));
#4618=CARTESIAN_POINT('',(0.0189607406589464,0.0106362896484952,0.));
#4619=CARTESIAN_POINT('',(0.0180303403835217,0.0124543110740966,0.));
#4620=CARTESIAN_POINT('',(0.0169982923733384,0.0138738758942114,0.));
#4621=CARTESIAN_POINT('',(0.0160059818180573,0.0149257005110262,0.));
#4622=CARTESIAN_POINT('',(0.0149252670883896,0.015893539936236,0.));
#4623=CARTESIAN_POINT('',(0.0134338026876387,0.0169500606781884,0.));
#4624=CARTESIAN_POINT('',(0.0114627515583096,0.0179947515329546,0.));
#4625=CARTESIAN_POINT('',(0.00863956252362933,0.019112879717269,0.));
#4626=CARTESIAN_POINT('',(0.00482062632834529,0.0200266466094021,0.));
#4627=CARTESIAN_POINT('',(-5.20417042793042E-18,0.0203924266952989,0.));
#4628=CARTESIAN_POINT('',(-0.00482062632834528,0.0200266466094021,0.));
#4629=CARTESIAN_POINT('',(0.00850000000304121,-0.0173509102606809,0.));
#4630=CARTESIAN_POINT('',(0.0085,-0.0195355000000004,0.));
#4631=CARTESIAN_POINT('',(0.0085000000015404,-0.0140672114381524,0.));
#4632=CARTESIAN_POINT('',(0.0226462599928951,0.0944317237105305,0.));
#4633=CARTESIAN_POINT('',(0.0118000000105105,-0.00995260474596028,0.));
#4634=CARTESIAN_POINT('',(0.0118,-0.0195355000000004,0.));
#4635=CARTESIAN_POINT('',(0.0118000000000007,-0.0141496655965835,0.));
#4636=CARTESIAN_POINT('',(0.00482062632834529,0.0200266466094021,0.));
#4637=CARTESIAN_POINT('',(-5.20417042793042E-18,0.0203924266952989,0.));
#4638=CARTESIAN_POINT('',(-0.00482062632834528,0.0200266466094021,0.));
#4639=CARTESIAN_POINT('',(-0.00863956252362934,0.019112879717269,0.));
#4640=CARTESIAN_POINT('',(-0.0114627515583096,0.0179947515329546,0.));
#4641=CARTESIAN_POINT('',(-0.0134338026876387,0.0169500606781884,0.));
#4642=CARTESIAN_POINT('',(-0.0149252670883896,0.015893539936236,0.));
#4643=CARTESIAN_POINT('',(-0.0160059818180573,0.0149257005110262,0.));
#4644=CARTESIAN_POINT('',(-0.0169982923733384,0.0138738758942114,0.));
#4645=CARTESIAN_POINT('',(-0.0180303403835217,0.0124543110740966,0.));
#4646=CARTESIAN_POINT('',(-0.0189607406589464,0.0106362896484952,0.));
#4647=CARTESIAN_POINT('',(-0.0196058586195134,0.0087573836128342,0.));
#4648=CARTESIAN_POINT('',(-0.0199948078606621,0.00685907626622738,0.));
#4649=CARTESIAN_POINT('',(-0.0201538628431477,0.00497559169615813,0.));
#4650=CARTESIAN_POINT('',(-0.0200913201701227,0.00252639730634173,0.));
#4651=CARTESIAN_POINT('',(-0.0195368637926927,-0.000370273826359275,0.));
#4652=CARTESIAN_POINT('',(-0.0184875842187456,-0.00309630792181374,0.));
#4653=CARTESIAN_POINT('',(-0.0175699086632425,-0.00499104657439032,0.));
#4654=CARTESIAN_POINT('',(-0.0169995258468732,-0.00608537884281863,0.));
#4655=CARTESIAN_POINT('',(-0.0164025490820569,-0.00718919836509951,0.));
#4656=CARTESIAN_POINT('',(-0.0155941007359682,-0.00862033342478817,0.));
#4657=CARTESIAN_POINT('',(-0.0145281718157081,-0.0103730762330828,0.));
#4658=CARTESIAN_POINT('',(-0.0133742261973131,-0.0121077223880294,0.));
#4659=CARTESIAN_POINT('',(-0.0121350042973942,-0.0137745354656722,0.));
#4660=CARTESIAN_POINT('',(-0.0110291012864774,-0.015066601484032,0.));
#4661=CARTESIAN_POINT('',(-0.0100930990155803,-0.0160181765240327,0.));
#4662=CARTESIAN_POINT('',(-0.00936182450572108,-0.0166844100333704,0.));
#4663=CARTESIAN_POINT('',(-0.00872356751763971,-0.0171943323518081,0.));
#4664=CARTESIAN_POINT('',(-0.008192877447486,-0.0175703511470018,0.));
#4665=CARTESIAN_POINT('',(-0.00764509862796728,-0.0179244082545306,0.));
#4666=CARTESIAN_POINT('',(-0.0069504229393164,-0.018308689375556,0.));
#4667=CARTESIAN_POINT('',(-0.00583125937431039,-0.0188041906391488,0.));
#4668=CARTESIAN_POINT('',(-0.00444075717469387,-0.0192149067706504,0.));
#4669=CARTESIAN_POINT('',(-0.00311310488870667,-0.0194135358998208,0.));
#4670=CARTESIAN_POINT('',(-0.00210300761884128,-0.0194922807786472,0.));
#4671=CARTESIAN_POINT('',(-0.00137240791382341,-0.0195221271153975,0.));
#4672=CARTESIAN_POINT('',(-0.000787076709372411,-0.0195311224642594,0.));
#4673=CARTESIAN_POINT('',(-0.000332207333237871,-0.0195333498247411,0.));
#4674=CARTESIAN_POINT('',(1.57713359634485E-18,-0.0195335750876294,0.));
#4675=CARTESIAN_POINT('',(0.000332207333237858,-0.0195333498247411,0.));
#4676=CARTESIAN_POINT('',(0.000787076709372434,-0.0195311224642594,0.));
#4677=CARTESIAN_POINT('',(0.00137240791382339,-0.0195221271153975,0.));
#4678=CARTESIAN_POINT('',(0.0021030076188413,-0.0194922807786472,0.));
#4679=CARTESIAN_POINT('',(0.00311310488870667,-0.0194135358998208,0.));
#4680=CARTESIAN_POINT('',(0.00444075717469387,-0.0192149067706504,0.));
#4681=CARTESIAN_POINT('',(0.00583125937431041,-0.0188041906391488,0.));
#4682=CARTESIAN_POINT('',(0.00695042293931642,-0.018308689375556,0.));
#4683=CARTESIAN_POINT('',(0.00764509862796729,-0.0179244082545306,0.));
#4684=CARTESIAN_POINT('',(0.00819287744748602,-0.0175703511470018,0.));
#4685=CARTESIAN_POINT('',(0.00872356751763973,-0.0171943323518081,0.));
#4686=CARTESIAN_POINT('',(0.00936182450572109,-0.0166844100333704,0.));
#4687=CARTESIAN_POINT('',(0.0100930990155803,-0.0160181765240326,0.));
#4688=CARTESIAN_POINT('',(0.0110291012864774,-0.015066601484032,0.));
#4689=CARTESIAN_POINT('',(0.0121350042973942,-0.0137745354656722,0.));
#4690=CARTESIAN_POINT('',(0.0133742261973131,-0.0121077223880294,0.));
#4691=CARTESIAN_POINT('',(0.0145281718157081,-0.0103730762330828,0.));
#4692=CARTESIAN_POINT('',(0.0155941007359683,-0.00862033342478814,0.));
#4693=CARTESIAN_POINT('',(0.0164025490820569,-0.00718919836509948,0.));
#4694=CARTESIAN_POINT('',(0.0169995258468732,-0.00608537884281861,0.));
#4695=CARTESIAN_POINT('',(0.0175699086632425,-0.0049910465743903,0.));
#4696=CARTESIAN_POINT('',(0.0184875842187456,-0.00309630792181373,0.));
#4697=CARTESIAN_POINT('',(0.0195368637926927,-0.00037027382635926,0.));
#4698=CARTESIAN_POINT('',(0.0200913201701227,0.00252639730634174,0.));
#4699=CARTESIAN_POINT('',(0.0201538628431477,0.00497559169615814,0.));
#4700=CARTESIAN_POINT('',(0.0199948078606621,0.00685907626622739,0.));
#4701=CARTESIAN_POINT('',(0.0196058586195134,0.00875738361283421,0.));
#4702=CARTESIAN_POINT('',(0.0189607406589464,0.0106362896484952,0.));
#4703=CARTESIAN_POINT('',(0.0180303403835217,0.0124543110740966,0.));
#4704=CARTESIAN_POINT('',(0.0169982923733384,0.0138738758942114,0.));
#4705=CARTESIAN_POINT('',(0.0160059818180573,0.0149257005110262,0.));
#4706=CARTESIAN_POINT('',(0.0149252670883896,0.015893539936236,0.));
#4707=CARTESIAN_POINT('',(0.0134338026876387,0.0169500606781884,0.));
#4708=CARTESIAN_POINT('',(0.0114627515583096,0.0179947515329546,0.));
#4709=CARTESIAN_POINT('',(0.00863956252362933,0.019112879717269,0.));
#4710=CARTESIAN_POINT('',(0.00482062632834529,0.0200266466094021,0.));
#4711=CARTESIAN_POINT('',(-5.20417042793042E-18,0.0203924266952989,0.));
#4712=CARTESIAN_POINT('',(-0.00482062632834528,0.0200266466094021,0.));
#4713=CARTESIAN_POINT('',(0.00299999999105766,0.0201279578736769,0.));
#4714=CARTESIAN_POINT('',(0.003,0.0226279579671844,0.));
#4715=CARTESIAN_POINT('',(0.003,0.0251279579671844,0.));
#4716=CARTESIAN_POINT('',(0.,0.0251279579671844,0.));
#4717=CARTESIAN_POINT('',(-0.0085,-0.0195354999999998,0.011));
#4718=CARTESIAN_POINT('',(-0.00850000000000129,-0.0140672114396723,0.0208941565549866));
#4719=CARTESIAN_POINT('',(-0.00850000000000129,-0.0140672114396723,0.0183777371095308));
#4720=CARTESIAN_POINT('',(-0.00850000000000129,-0.0140672114396723,0.0183777371095308));
#4721=CARTESIAN_POINT('',(-0.00850000000000129,-0.0140672114396723,0.0186610103655621));
#4722=CARTESIAN_POINT('',(-0.00849999999999936,-0.0143625684193579,0.0191751854296442));
#4723=CARTESIAN_POINT('',(-0.0085,-0.0148385435032273,0.0194778169072908));
#4724=CARTESIAN_POINT('',(-0.0085,-0.0150987303180871,0.0195827100771125));
#4725=CARTESIAN_POINT('',(-0.0085,-0.0150987303180871,0.0195827100771125));
#4726=CARTESIAN_POINT('',(-0.0085,-0.0195335,0.0215));
#4727=CARTESIAN_POINT('',(-0.0085,-0.0147835,0.01925));
#4728=CARTESIAN_POINT('',(-0.0085,-0.000219285188919352,0.0140274477416709));
#4729=CARTESIAN_POINT('',(-0.0085,0.0131257565633929,0.0102884860646113));
#4730=CARTESIAN_POINT('',(-0.0085,0.0169205,0.01125));
#4731=CARTESIAN_POINT('',(-0.0085,0.0202705,0.0117));
#4732=CARTESIAN_POINT('',(-0.0085,-0.0157090413959576,0.0198306185699921));
#4733=CARTESIAN_POINT('',(-0.0085,-0.0157090413959665,0.0198306185699957));
#4734=CARTESIAN_POINT('',(-0.0085,-0.0160395757420342,0.01996592581048));
#4735=CARTESIAN_POINT('',(-0.0085,-0.016603437312203,0.020030830807617));
#4736=CARTESIAN_POINT('',(-0.0085,-0.0172292366332817,0.0196259263472494));
#4737=CARTESIAN_POINT('',(-0.0085,-0.0173509102628838,0.0192715606550154));
#4738=CARTESIAN_POINT('',(-0.0085,-0.0173509102628838,0.0190917856977133));
#4739=CARTESIAN_POINT('',(-0.0085,-0.0173509102628838,0.0190917856977133));
#4740=CARTESIAN_POINT('',(-0.0085,-0.0173509102628838,0.022));
#4741=CARTESIAN_POINT('',(-0.0085,-0.0173509102589957,0.013));
#4742=CARTESIAN_POINT('',(-0.0085,-0.0173509102589957,0.013002));
#4743=CARTESIAN_POINT('',(-0.0118,-0.0157334908223929,0.0198406303706871));
#4744=CARTESIAN_POINT('',(-0.0085,-0.0157334908223929,0.0198406303706871));
#4745=CARTESIAN_POINT('',(-0.0118,-0.0143595736261882,0.0192778443409594));
#4746=CARTESIAN_POINT('',(-0.0085,-0.0143595736261882,0.0192778443409594));
#4747=CARTESIAN_POINT('',(-0.0118,-0.0128701973408738,0.0186982177682996));
#4748=CARTESIAN_POINT('',(-0.0085,-0.0128701973408738,0.0186982177682996));
#4749=CARTESIAN_POINT('',(-0.0118,-0.011320880474664,0.018118097329347));
#4750=CARTESIAN_POINT('',(-0.0085,-0.011320880474664,0.018118097329347));
#4751=CARTESIAN_POINT('',(-0.0085,-0.0150987303180871,0.0195827100771125));
#4752=CARTESIAN_POINT('',(-0.00909696864644026,-0.014513726036701,0.0193468681744816));
#4753=CARTESIAN_POINT('',(-0.0102887727868227,-0.0133364445898826,0.0188816961364579));
#4754=CARTESIAN_POINT('',(-0.0113094603285812,-0.0120196140364539,0.0183798437132308));
#4755=CARTESIAN_POINT('',(-0.0118,-0.0113484311614851,0.018128415621589));
#4756=CARTESIAN_POINT('',(-0.0118,-0.0121828945033747,0.0184431956615973));
#4757=CARTESIAN_POINT('',(-0.0108249607437255,-0.0134619152120705,0.0189291187873732));
#4758=CARTESIAN_POINT('',(-0.00976391757403723,-0.01468090172093,0.0194097402439865));
#4759=CARTESIAN_POINT('',(-0.00850000000000032,-0.0157090413959667,0.0198306185699959));
#4760=CARTESIAN_POINT('',(-0.0118000000105107,-0.00995260474595991,0.0184880035321879));
#4761=CARTESIAN_POINT('',(-0.0118000000105107,-0.00995260474595991,0.));
#4762=CARTESIAN_POINT('',(-0.0107720906163259,-0.0114830704538999,0.0184880035321879));
#4763=CARTESIAN_POINT('',(-0.0107720906163259,-0.0114830704538999,0.));
#4764=CARTESIAN_POINT('',(-0.00965773019402365,-0.0129239187567526,0.0184880035321879));
#4765=CARTESIAN_POINT('',(-0.00965773019402365,-0.0129239187567526,0.));
#4766=CARTESIAN_POINT('',(-0.00850000000000129,-0.0140672114396723,0.0184880035321879));
#4767=CARTESIAN_POINT('',(-0.00850000000000129,-0.0140672114396723,0.));
#4768=CARTESIAN_POINT('',(-0.0118000000105107,-0.00995260474595991,0.0167506832455819));
#4769=CARTESIAN_POINT('',(-0.0108196656225613,-0.0114122334206053,0.0173002613750732));
#4770=CARTESIAN_POINT('',(-0.00975691351491611,-0.0128259680824337,0.0178551561640363));
#4771=CARTESIAN_POINT('',(-0.00850000000000129,-0.0140672114396723,0.0183777371095308));
#4772=CARTESIAN_POINT('',(-0.00554163395548636,0.00174803752500122,0.013));
#4773=CARTESIAN_POINT('',(-0.0110832679109727,-0.021631882917182,0.013));
#4774=CARTESIAN_POINT('',(-0.0145080460375218,-0.0195652685884039,0.013));
#4775=CARTESIAN_POINT('',(-0.00765848978442368,-0.0236984972459602,0.013));
#4776=CARTESIAN_POINT('',(-0.0055598977977608,-0.0202207259790188,0.013));
#4777=CARTESIAN_POINT('',(-0.00675068873711394,-0.0202585631125858,0.013));
#4778=CARTESIAN_POINT('',(-0.00851468431606094,-0.0231818436637657,0.013));
#4779=CARTESIAN_POINT('',(-0.0110832679109727,-0.021631882917182,0.013));
#4780=CARTESIAN_POINT('',(-0.0136518515058845,-0.0200819221705984,0.013));
#4781=CARTESIAN_POINT('',(-0.0129211630913266,-0.0188710306826931,0.013));
#4782=CARTESIAN_POINT('',(-0.0121904746767687,-0.0176601391947876,0.013));
#4783=CARTESIAN_POINT('',(-0.0109061828793128,-0.0184351195680795,0.013));
#4784=CARTESIAN_POINT('',(-0.00962189108185689,-0.0192100999413713,0.013));
#4785=CARTESIAN_POINT('',(-0.00906094554092845,-0.0182805051001835,0.013));
#4786=CARTESIAN_POINT('',(-0.00268656513693363,2.52029611124661E-5,0.013));
#4787=CARTESIAN_POINT('',(-0.0109061828793128,-0.0184351195680795,0.013002));
#4788=CARTESIAN_POINT('',(-0.00962189108185689,-0.0192100999413713,0.013002));
#4789=CARTESIAN_POINT('',(-0.0121904746767687,-0.0176601391947876,0.013002));
#4790=CARTESIAN_POINT('',(-0.00906094554092845,-0.0182805051001835,0.013002));
#4791=CARTESIAN_POINT('',(-0.00906094554092845,-0.0182805051001835,0.013));
#4792=CARTESIAN_POINT('',(-0.0126517233771734,-0.0101330283521227,0.0176774744778639));
#4793=CARTESIAN_POINT('',(-0.0119555005254656,-0.00972107830301482,0.0175260571103156));
#4794=CARTESIAN_POINT('',(-0.0118215803207134,-0.00992047358253365,0.0167388702057878));
#4795=CARTESIAN_POINT('',(-0.0123483939616371,-0.0105826126741406,0.0178427247908045));
#4796=CARTESIAN_POINT('',(-0.0116529819975993,-0.0101715014974485,0.0176905968416574));
#4797=CARTESIAN_POINT('',(-0.0115182509051784,-0.0103721041166178,0.0169048726294023));
#4798=CARTESIAN_POINT('',(-0.0117265301598251,-0.0114710471301359,0.0181726267316337));
#4799=CARTESIAN_POINT('',(-0.0110638891004619,-0.0110355979988217,0.0180093390251283));
#4800=CARTESIAN_POINT('',(-0.0109218471499595,-0.0112276102832713,0.017236350546352));
#4801=CARTESIAN_POINT('',(-0.0107275543495253,-0.0127587074387572,0.0186611978086161));
#4802=CARTESIAN_POINT('',(-0.0100968482685893,-0.0123068712122396,0.0184879113713805));
#4803=CARTESIAN_POINT('',(-0.0099511556969016,-0.0124860126944379,0.017727543836064));
#4804=CARTESIAN_POINT('',(-0.00983266217931553,-0.0137839585955111,0.0190594115919994));
#4805=CARTESIAN_POINT('',(-0.00924440196064184,-0.0133099629648382,0.0188739470301344));
#4806=CARTESIAN_POINT('',(-0.00909553319741922,-0.0134714657817211,0.0181282041818291));
#4807=CARTESIAN_POINT('',(-0.0090575812256334,-0.0145538295125623,0.019363949842175));
#4808=CARTESIAN_POINT('',(-0.00850841550635218,-0.0140632935014288,0.0191687168695148));
#4809=CARTESIAN_POINT('',(-0.0083618194767547,-0.0142051965935532,0.0184348358463622));
#4810=CARTESIAN_POINT('',(-0.00866703743677574,-0.0149350460914129,0.0195166747803237));
#4811=CARTESIAN_POINT('',(-0.00811172070451115,-0.0144506486858932,0.0193221618479403));
#4812=CARTESIAN_POINT('',(-0.00796438114906782,-0.0145961508387378,0.0185886950865869));
#4813=CARTESIAN_POINT('',(-0.00847228789375754,-0.0151258866037621,0.0195936615902426));
#4814=CARTESIAN_POINT('',(-0.00791735196575887,-0.0146425935431247,0.0193986967447997));
#4815=CARTESIAN_POINT('',(-0.00776963160604433,-0.0147884717514084,0.0186662791035073));
#4816=CARTESIAN_POINT('',(-0.00785519473639923,-0.016199729191958,0.0200328133695543));
#4817=CARTESIAN_POINT('',(-0.00870002909995043,-0.0172082574597286,0.0204512008364713));
#4818=CARTESIAN_POINT('',(-0.00843665166145162,-0.0173964911483995,0.0191091416557562));
#4819=CARTESIAN_POINT('',(-0.00863657926465514,-0.0156463800051184,0.0198032567254812));
#4820=CARTESIAN_POINT('',(-0.00954034101887185,-0.0165739877279719,0.0201816564086247));
#4821=CARTESIAN_POINT('',(-0.00928812103693754,-0.0167879529901899,0.0188774693133298));
#4822=CARTESIAN_POINT('',(-0.0100576893004536,-0.0143444541497773,0.0192749558918379));
#4823=CARTESIAN_POINT('',(-0.0110198483815215,-0.0151491337198438,0.0195923204141925));
#4824=CARTESIAN_POINT('',(-0.0107942318167569,-0.015392254300774,0.0183449704766815));
#4825=CARTESIAN_POINT('',(-0.0112537129829201,-0.0129010686119577,0.0187159145693749));
#4826=CARTESIAN_POINT('',(-0.0122561636725135,-0.0136099154579952,0.0189884256365753));
#4827=CARTESIAN_POINT('',(-0.0120337413247198,-0.0138865165672965,0.017782581136503));
#4828=CARTESIAN_POINT('',(-0.0118201646968929,-0.0121564146516543,0.0184331378125645));
#4829=CARTESIAN_POINT('',(-0.0128350099890874,-0.0128274742199054,0.0186879676509224));
#4830=CARTESIAN_POINT('',(-0.0126176322368176,-0.0131147839017536,0.0174982743218319));
#4831=CARTESIAN_POINT('',(-0.0085,-0.0173509102628838,0.0190917856977133));
#4832=CARTESIAN_POINT('',(-0.00975820575805637,-0.0164395189348535,0.0187446871997914));
#4833=CARTESIAN_POINT('',(-0.0108259739887886,-0.0153274217577877,0.018320717277995));
#4834=CARTESIAN_POINT('',(-0.0118,-0.0141496655965843,0.0178817931611208));
#4835=CARTESIAN_POINT('',(2.03886330618053E-18,-0.00325318351846035,0.013));
#4836=CARTESIAN_POINT('',(-0.00675068873711394,-0.0202585631125858,0.013));
#4837=CARTESIAN_POINT('',(-0.00584977172051593,-0.018765570032399,0.013));
#4838=CARTESIAN_POINT('',(0.00482062632834529,0.0200266466094021,0.013));
#4839=CARTESIAN_POINT('',(-5.20417042793042E-18,0.0203924266952989,0.013));
#4840=CARTESIAN_POINT('',(-0.00482062632834528,0.0200266466094021,0.013));
#4841=CARTESIAN_POINT('',(-0.00863956252362934,0.019112879717269,0.013));
#4842=CARTESIAN_POINT('',(-0.0114627515583096,0.0179947515329546,0.013));
#4843=CARTESIAN_POINT('',(-0.0134338026876387,0.0169500606781884,0.013));
#4844=CARTESIAN_POINT('',(-0.0149252670883896,0.015893539936236,0.013));
#4845=CARTESIAN_POINT('',(-0.0160059818180573,0.0149257005110262,0.013));
#4846=CARTESIAN_POINT('',(-0.0169982923733384,0.0138738758942114,0.013));
#4847=CARTESIAN_POINT('',(-0.0180303403835217,0.0124543110740966,0.013));
#4848=CARTESIAN_POINT('',(-0.0189607406589464,0.0106362896484952,0.013));
#4849=CARTESIAN_POINT('',(-0.0196058586195134,0.0087573836128342,0.013));
#4850=CARTESIAN_POINT('',(-0.0199948078606621,0.00685907626622738,0.013));
#4851=CARTESIAN_POINT('',(-0.0201538628431477,0.00497559169615813,0.013));
#4852=CARTESIAN_POINT('',(-0.0200913201701227,0.00252639730634173,0.013));
#4853=CARTESIAN_POINT('',(-0.0195368637926927,-0.000370273826359275,0.013));
#4854=CARTESIAN_POINT('',(-0.0184875842187456,-0.00309630792181374,0.013));
#4855=CARTESIAN_POINT('',(-0.0175699086632425,-0.00499104657439032,0.013));
#4856=CARTESIAN_POINT('',(-0.0169995258468732,-0.00608537884281863,0.013));
#4857=CARTESIAN_POINT('',(-0.0164025490820569,-0.00718919836509951,0.013));
#4858=CARTESIAN_POINT('',(-0.0155941007359682,-0.00862033342478817,0.013));
#4859=CARTESIAN_POINT('',(-0.0145281718157081,-0.0103730762330828,0.013));
#4860=CARTESIAN_POINT('',(-0.0133742261973131,-0.0121077223880294,0.013));
#4861=CARTESIAN_POINT('',(-0.0121350042973942,-0.0137745354656722,0.013));
#4862=CARTESIAN_POINT('',(-0.0110291012864774,-0.015066601484032,0.013));
#4863=CARTESIAN_POINT('',(-0.0100930990155803,-0.0160181765240327,0.013));
#4864=CARTESIAN_POINT('',(-0.00936182450572108,-0.0166844100333704,0.013));
#4865=CARTESIAN_POINT('',(-0.00872356751763971,-0.0171943323518081,0.013));
#4866=CARTESIAN_POINT('',(-0.008192877447486,-0.0175703511470018,0.013));
#4867=CARTESIAN_POINT('',(-0.00764509862796728,-0.0179244082545306,0.013));
#4868=CARTESIAN_POINT('',(-0.0069504229393164,-0.018308689375556,0.013));
#4869=CARTESIAN_POINT('',(-0.00583125937431039,-0.0188041906391488,0.013));
#4870=CARTESIAN_POINT('',(-0.00444075717469387,-0.0192149067706504,0.013));
#4871=CARTESIAN_POINT('',(-0.00311310488870667,-0.0194135358998208,0.013));
#4872=CARTESIAN_POINT('',(-0.00210300761884128,-0.0194922807786472,0.013));
#4873=CARTESIAN_POINT('',(-0.00137240791382341,-0.0195221271153975,0.013));
#4874=CARTESIAN_POINT('',(-0.000787076709372411,-0.0195311224642594,0.013));
#4875=CARTESIAN_POINT('',(-0.000332207333237871,-0.0195333498247411,0.013));
#4876=CARTESIAN_POINT('',(1.57713359634485E-18,-0.0195335750876294,0.013));
#4877=CARTESIAN_POINT('',(0.000332207333237858,-0.0195333498247411,0.013));
#4878=CARTESIAN_POINT('',(0.000787076709372434,-0.0195311224642594,0.013));
#4879=CARTESIAN_POINT('',(0.00137240791382339,-0.0195221271153975,0.013));
#4880=CARTESIAN_POINT('',(0.0021030076188413,-0.0194922807786472,0.013));
#4881=CARTESIAN_POINT('',(0.00311310488870667,-0.0194135358998208,0.013));
#4882=CARTESIAN_POINT('',(0.00444075717469387,-0.0192149067706504,0.013));
#4883=CARTESIAN_POINT('',(0.00583125937431041,-0.0188041906391488,0.013));
#4884=CARTESIAN_POINT('',(0.00695042293931642,-0.018308689375556,0.013));
#4885=CARTESIAN_POINT('',(0.00764509862796729,-0.0179244082545306,0.013));
#4886=CARTESIAN_POINT('',(0.00819287744748602,-0.0175703511470018,0.013));
#4887=CARTESIAN_POINT('',(0.00872356751763973,-0.0171943323518081,0.013));
#4888=CARTESIAN_POINT('',(0.00936182450572109,-0.0166844100333704,0.013));
#4889=CARTESIAN_POINT('',(0.0100930990155803,-0.0160181765240326,0.013));
#4890=CARTESIAN_POINT('',(0.0110291012864774,-0.015066601484032,0.013));
#4891=CARTESIAN_POINT('',(0.0121350042973942,-0.0137745354656722,0.013));
#4892=CARTESIAN_POINT('',(0.0133742261973131,-0.0121077223880294,0.013));
#4893=CARTESIAN_POINT('',(0.0145281718157081,-0.0103730762330828,0.013));
#4894=CARTESIAN_POINT('',(0.0155941007359683,-0.00862033342478814,0.013));
#4895=CARTESIAN_POINT('',(0.0164025490820569,-0.00718919836509948,0.013));
#4896=CARTESIAN_POINT('',(0.0169995258468732,-0.00608537884281861,0.013));
#4897=CARTESIAN_POINT('',(0.0175699086632425,-0.0049910465743903,0.013));
#4898=CARTESIAN_POINT('',(0.0184875842187456,-0.00309630792181373,0.013));
#4899=CARTESIAN_POINT('',(0.0195368637926927,-0.00037027382635926,0.013));
#4900=CARTESIAN_POINT('',(0.0200913201701227,0.00252639730634174,0.013));
#4901=CARTESIAN_POINT('',(0.0201538628431477,0.00497559169615814,0.013));
#4902=CARTESIAN_POINT('',(0.0199948078606621,0.00685907626622739,0.013));
#4903=CARTESIAN_POINT('',(0.0196058586195134,0.00875738361283421,0.013));
#4904=CARTESIAN_POINT('',(0.0189607406589464,0.0106362896484952,0.013));
#4905=CARTESIAN_POINT('',(0.0180303403835217,0.0124543110740966,0.013));
#4906=CARTESIAN_POINT('',(0.0169982923733384,0.0138738758942114,0.013));
#4907=CARTESIAN_POINT('',(0.0160059818180573,0.0149257005110262,0.013));
#4908=CARTESIAN_POINT('',(0.0149252670883896,0.015893539936236,0.013));
#4909=CARTESIAN_POINT('',(0.0134338026876387,0.0169500606781884,0.013));
#4910=CARTESIAN_POINT('',(0.0114627515583096,0.0179947515329546,0.013));
#4911=CARTESIAN_POINT('',(0.00863956252362933,0.019112879717269,0.013));
#4912=CARTESIAN_POINT('',(0.00482062632834529,0.0200266466094021,0.013));
#4913=CARTESIAN_POINT('',(-5.20417042793042E-18,0.0203924266952989,0.013));
#4914=CARTESIAN_POINT('',(-0.00482062632834528,0.0200266466094021,0.013));
#4915=CARTESIAN_POINT('',(-0.0029999999973258,0.0201279577787147,0.0179890839200892));
#4916=CARTESIAN_POINT('',(-0.0029999999973258,0.0201279577787147,0.));
#4917=CARTESIAN_POINT('',(-0.00528755578425349,0.0199091937021801,0.0179890839200892));
#4918=CARTESIAN_POINT('',(-0.00528755578425349,0.0199091937021801,0.));
#4919=CARTESIAN_POINT('',(-0.00864110699627131,0.0192093242781004,0.0179890839200892));
#4920=CARTESIAN_POINT('',(-0.00864110699627131,0.0192093242781004,-3.46944695195361E-18));
#4921=CARTESIAN_POINT('',(-0.0126171227629792,0.0174720070570286,0.0179890839200892));
#4922=CARTESIAN_POINT('',(-0.0126171227629792,0.0174720070570286,0.));
#4923=CARTESIAN_POINT('',(-0.0152624386756237,0.0157325687610479,0.0179890839200892));
#4924=CARTESIAN_POINT('',(-0.0152624386756237,0.0157325687610479,3.46944695195361E-18));
#4925=CARTESIAN_POINT('',(-0.0174332242459139,0.0134594328179031,0.0179890839200892));
#4926=CARTESIAN_POINT('',(-0.0174332242459139,0.0134594328179031,-3.46944695195361E-18));
#4927=CARTESIAN_POINT('',(-0.0189089635933658,0.0108825236936443,0.0179890839200892));
#4928=CARTESIAN_POINT('',(-0.0189089635933658,0.0108825236936443,3.46944695195361E-18));
#4929=CARTESIAN_POINT('',(-0.0197971305903279,0.00817018510074675,0.0179890839200892));
#4930=CARTESIAN_POINT('',(-0.0197971305903279,0.00817018510074675,0.));
#4931=CARTESIAN_POINT('',(-0.0202967765849376,0.00452550841647922,0.0179890839200892));
#4932=CARTESIAN_POINT('',(-0.0202967765849376,0.00452550841647922,0.));
#4933=CARTESIAN_POINT('',(-0.0198255415663428,0.00021955039641031,0.0179890839200892));
#4934=CARTESIAN_POINT('',(-0.0198255415663428,0.00021955039641031,3.46944695195361E-18));
#4935=CARTESIAN_POINT('',(-0.0182694103785398,-0.00366637542703952,0.0179890839200892));
#4936=CARTESIAN_POINT('',(-0.0182694103785398,-0.00366637542703952,-3.46944695195361E-18));
#4937=CARTESIAN_POINT('',(-0.016639102558418,-0.00678383074748343,0.0179890839200892));
#4938=CARTESIAN_POINT('',(-0.016639102558418,-0.00678383074748343,0.));
#4939=CARTESIAN_POINT('',(-0.0147522288142768,-0.0100969966481854,0.0179890839200892));
#4940=CARTESIAN_POINT('',(-0.0147522288142768,-0.0100969966481854,0.));
#4941=CARTESIAN_POINT('',(-0.0130509020425657,-0.0126371211982999,0.0179890839200892));
#4942=CARTESIAN_POINT('',(-0.0130509020425657,-0.0126371211982999,0.));
#4943=CARTESIAN_POINT('',(-0.0117999999961787,-0.0141496656012049,0.0179890839200892));
#4944=CARTESIAN_POINT('',(-0.0117999999961787,-0.0141496656012049,0.));
#4945=CARTESIAN_POINT('',(-0.003,0.0201279577879223,0.013));
#4946=CARTESIAN_POINT('',(-0.003,0.0201279577879223,0.0105296341498023));
#4947=CARTESIAN_POINT('',(-0.0118,-0.0141496655965843,0.0178817931611225));
#4948=CARTESIAN_POINT('',(-0.0130170138952237,-0.0126780974903565,0.0173333717198279));
#4949=CARTESIAN_POINT('',(-0.0146136152603752,-0.0103142806635444,0.0164740258163818));
#4950=CARTESIAN_POINT('',(-0.0165065508263959,-0.00702604678028877,0.0153269147405678));
#4951=CARTESIAN_POINT('',(-0.0182777098075404,-0.00368185267463481,0.0141974096305357));
#4952=CARTESIAN_POINT('',(-0.0196870527116994,-0.000100255969931098,0.0130717816468906));
#4953=CARTESIAN_POINT('',(-0.0201895891612043,0.00366877324451165,0.011978475840188));
#4954=CARTESIAN_POINT('',(-0.0200805490413425,0.00656671055158662,0.0112040116392348));
#4955=CARTESIAN_POINT('',(-0.0194779636999653,0.00937737368592898,0.0105592299200425));
#4956=CARTESIAN_POINT('',(-0.0182985962676476,0.0121163902949925,0.0100913250440888));
#4957=CARTESIAN_POINT('',(-0.0165217222263331,0.0145452358386159,0.00991877526099583));
#4958=CARTESIAN_POINT('',(-0.014235961560012,0.0164807202954558,0.0100311795604192));
#4959=CARTESIAN_POINT('',(-0.0116313060706103,0.0179506427059501,0.0102162030575213));
#4960=CARTESIAN_POINT('',(-0.00794166122821703,0.0193701833226639,0.0104203629549443));
#4961=CARTESIAN_POINT('',(-0.00498639419667625,0.0199379944584154,0.010502639482702));
#4962=CARTESIAN_POINT('',(-0.0029999999973258,0.0201279577787147,0.0105296341498023));
#4963=CARTESIAN_POINT('',(0.0085,-0.0195355000000004,0.011));
#4964=CARTESIAN_POINT('',(0.0085,-0.0195335,0.0215));
#4965=CARTESIAN_POINT('',(0.0085,-0.0147835,0.01925));
#4966=CARTESIAN_POINT('',(0.0085,-0.000219285188919352,0.0140274477416709));
#4967=CARTESIAN_POINT('',(0.0085,0.0131257565633929,0.0102884860646113));
#4968=CARTESIAN_POINT('',(0.0085,0.0169205,0.01125));
#4969=CARTESIAN_POINT('',(0.0085,0.0202705,0.0117));
#4970=CARTESIAN_POINT('',(0.0085,-0.0157090413959576,0.0198306185699921));
#4971=CARTESIAN_POINT('',(0.0085,-0.0150987303182688,0.0195827100771857));
#4972=CARTESIAN_POINT('',(0.0085,-0.0150987303182688,0.0195827100771857));
#4973=CARTESIAN_POINT('',(0.0085,-0.0148384840070273,0.019477792921659));
#4974=CARTESIAN_POINT('',(0.0085,-0.0143649392348475,0.019177884482359));
#4975=CARTESIAN_POINT('',(0.0085,-0.014067211439319,0.0186605719862271));
#4976=CARTESIAN_POINT('',(0.0085,-0.0140672114396736,0.0183777371085329));
#4977=CARTESIAN_POINT('',(0.0085000000015404,-0.0140672114381524,0.0183777371088908));
#4978=CARTESIAN_POINT('',(0.0085000000015404,-0.0140672114381524,0.0208941565549866));
#4979=CARTESIAN_POINT('',(0.0085,-0.0173509102628838,0.022));
#4980=CARTESIAN_POINT('',(0.0085,-0.0173509102628838,0.0190917856977133));
#4981=CARTESIAN_POINT('',(0.0085,-0.0173509102628838,0.0190917856977133));
#4982=CARTESIAN_POINT('',(0.0085,-0.0173509102628838,0.0192715681502204));
#4983=CARTESIAN_POINT('',(0.0085,-0.0172295906596588,0.0196260085057414));
#4984=CARTESIAN_POINT('',(0.0085,-0.016600680406331,0.0200316682013793));
#4985=CARTESIAN_POINT('',(0.0085,-0.0160396093904466,0.0199659395847637));
#4986=CARTESIAN_POINT('',(0.0085,-0.0157090413959665,0.0198306185699958));
#4987=CARTESIAN_POINT('',(0.0118,-0.0195355000000004,0.011));
#4988=CARTESIAN_POINT('',(0.0118000000105105,-0.00995260474596028,0.0208941565549866));
#4989=CARTESIAN_POINT('',(0.0118000000105105,-0.00995260474596028,0.0167506832455821));
#4990=CARTESIAN_POINT('',(0.0118000000105105,-0.00995260474596027,0.0167506832455821));
#4991=CARTESIAN_POINT('',(0.0118000000105105,-0.00995260474596028,0.0169258532038847));
#4992=CARTESIAN_POINT('',(0.0117999999952225,-0.0100935211690922,0.0172512787267235));
#4993=CARTESIAN_POINT('',(0.0118000000028665,-0.0105699735491967,0.0177536389551698));
#4994=CARTESIAN_POINT('',(0.0118,-0.0110254622214411,0.0180074300194778));
#4995=CARTESIAN_POINT('',(0.0118,-0.0113484311614852,0.018128415621589));
#4996=CARTESIAN_POINT('',(0.0118,-0.0113484311614852,0.018128415621589));
#4997=CARTESIAN_POINT('',(0.0118,-0.0195335,0.0215));
#4998=CARTESIAN_POINT('',(0.0118,-0.0147835,0.01925));
#4999=CARTESIAN_POINT('',(0.0118,-0.000219285188919352,0.0140274477416709));
#5000=CARTESIAN_POINT('',(0.0118,0.0131257565633929,0.0102884860646113));
#5001=CARTESIAN_POINT('',(0.0118,0.0169205,0.01125));
#5002=CARTESIAN_POINT('',(0.0118,0.0202705,0.0117));
#5003=CARTESIAN_POINT('',(0.0118,-0.0121828945033747,0.0184431956615973));
#5004=CARTESIAN_POINT('',(0.0118,-0.0121828945033747,0.0184431956615973));
#5005=CARTESIAN_POINT('',(0.0118,-0.012368311232847,0.0185136388343247));
#5006=CARTESIAN_POINT('',(0.0118,-0.0127455554304175,0.0186168631840156));
#5007=CARTESIAN_POINT('',(0.0118,-0.0133408973205056,0.0186407878927849));
#5008=CARTESIAN_POINT('',(0.0118,-0.0139348283464805,0.0184624734677653));
#5009=CARTESIAN_POINT('',(0.0118,-0.0141496655965845,0.0180832586565101));
#5010=CARTESIAN_POINT('',(0.0118,-0.0141496655965843,0.0178817931611208));
#5011=CARTESIAN_POINT('',(0.0118,-0.0141496655965843,0.0178817931611208));
#5012=CARTESIAN_POINT('',(0.0118,-0.0141496655965843,0.022));
#5013=CARTESIAN_POINT('',(0.0085,-0.0157334908293433,0.0198406303735341));
#5014=CARTESIAN_POINT('',(0.0118,-0.0157334908293433,0.0198406303735341));
#5015=CARTESIAN_POINT('',(0.0085,-0.0143595736311974,0.0192778443429085));
#5016=CARTESIAN_POINT('',(0.0118,-0.0143595736311974,0.0192778443429085));
#5017=CARTESIAN_POINT('',(0.0085,-0.0128701973434564,0.0186982177692662));
#5018=CARTESIAN_POINT('',(0.0118,-0.0128701973434564,0.0186982177692662));
#5019=CARTESIAN_POINT('',(0.0085,-0.0113208804746173,0.0181180973293295));
#5020=CARTESIAN_POINT('',(0.0118,-0.0113208804746173,0.0181180973293295));
#5021=CARTESIAN_POINT('',(0.0118,-0.0113484311614852,0.018128415621589));
#5022=CARTESIAN_POINT('',(0.0113094369330751,-0.0120196460474376,0.0183798557047914));
#5023=CARTESIAN_POINT('',(0.0102888096775499,-0.0133363986458633,0.0188816786363299));
#5024=CARTESIAN_POINT('',(0.00909698285863912,-0.0145137121093586,0.0193468625598189));
#5025=CARTESIAN_POINT('',(0.0085,-0.0150987303182688,0.0195827100771857));
#5026=CARTESIAN_POINT('',(0.0085,-0.0157090413959665,0.0198306185699958));
#5027=CARTESIAN_POINT('',(0.00976391757403729,-0.014680901720945,0.0194097402439165));
#5028=CARTESIAN_POINT('',(0.0108249607436944,-0.0134619152121452,0.018929118787123));
#5029=CARTESIAN_POINT('',(0.0118,-0.0121828945033747,0.0184431956615973));
#5030=CARTESIAN_POINT('',(0.0085000000015404,-0.0140672114381524,0.0184880035315442));
#5031=CARTESIAN_POINT('',(0.0085000000015404,-0.0140672114381524,0.));
#5032=CARTESIAN_POINT('',(0.0096577301950112,-0.0129239187554757,0.0184880035315442));
#5033=CARTESIAN_POINT('',(0.0096577301950112,-0.0129239187554757,0.));
#5034=CARTESIAN_POINT('',(0.0107720906167812,-0.0114830704532219,0.0184880035315442));
#5035=CARTESIAN_POINT('',(0.0107720906167812,-0.0114830704532219,0.));
#5036=CARTESIAN_POINT('',(0.0118000000105105,-0.00995260474596027,0.0184880035315442));
#5037=CARTESIAN_POINT('',(0.0118000000105105,-0.00995260474596027,0.));
#5038=CARTESIAN_POINT('',(0.0085000000015404,-0.0140672114381524,0.0183777371088908));
#5039=CARTESIAN_POINT('',(0.00975704312978914,-0.0128258400837246,0.0178551022748026));
#5040=CARTESIAN_POINT('',(0.0108195645304852,-0.011412383937974,0.0173003180477418));
#5041=CARTESIAN_POINT('',(0.0118000000105105,-0.00995260474596027,0.0167506832455821));
#5042=CARTESIAN_POINT('',(0.0118215866263963,-0.00992046419393242,0.0167388667548908));
#5043=CARTESIAN_POINT('',(0.0119555068173002,-0.00972106893503245,0.0175260536881889));
#5044=CARTESIAN_POINT('',(0.0126517296828562,-0.0101330190060586,0.017677471042602));
#5045=CARTESIAN_POINT('',(0.0115181686287054,-0.0103722266189718,0.0169049176334357));
#5046=CARTESIAN_POINT('',(0.0116528999858204,-0.010171623605706,0.0176906414253712));
#5047=CARTESIAN_POINT('',(0.0123483116851728,-0.0105827346228671,0.0178427695914425));
#5048=CARTESIAN_POINT('',(0.0109216411375503,-0.0112278793962919,0.017236456287627));
#5049=CARTESIAN_POINT('',(0.0110636830989677,-0.0110358719085948,0.0180094419406975));
#5050=CARTESIAN_POINT('',(0.0117263164334062,-0.0114713249666542,0.0181727319131956));
#5051=CARTESIAN_POINT('',(0.00995130206556279,-0.0124858387399485,0.0177274740945092));
#5052=CARTESIAN_POINT('',(0.0100969947265776,-0.0123066940955551,0.0184878437865604));
#5053=CARTESIAN_POINT('',(0.0107277068513347,-0.0127585272836527,0.0186611284752549));
#5054=CARTESIAN_POINT('',(0.00909534655828366,-0.0134716641063796,0.018128285760625));
#5055=CARTESIAN_POINT('',(0.00924421508994689,-0.0133101654981051,0.0188740257451807));
#5056=CARTESIAN_POINT('',(0.0098324666536563,-0.0137841650396352,0.0190594926370183));
#5057=CARTESIAN_POINT('',(0.00836188306535186,-0.0142051309953422,0.0184348092129215));
#5058=CARTESIAN_POINT('',(0.00850847851731131,-0.0140632277141763,0.0191686911751065));
#5059=CARTESIAN_POINT('',(0.00905764659164683,-0.0145537624738084,0.0193639233884771));
#5060=CARTESIAN_POINT('',(0.00796438373501385,-0.0145961482851794,0.0185886940556568));
#5061=CARTESIAN_POINT('',(0.00811172328680575,-0.0144506461359029,0.0193221608304659));
#5062=CARTESIAN_POINT('',(0.00866704002281836,-0.0149350435575111,0.0195166737573654));
#5063=CARTESIAN_POINT('',(0.00776963118880011,-0.0147884721636397,0.0186662792697677));
#5064=CARTESIAN_POINT('',(0.0079173515495085,-0.014642593954336,0.0193986969087637));
#5065=CARTESIAN_POINT('',(0.00847228747660718,-0.0151258870127282,0.0195936617552232));
#5066=CARTESIAN_POINT('',(0.0118201617455951,-0.0121564185314118,0.0184331392858734));
#5067=CARTESIAN_POINT('',(0.0128350069935795,-0.0128274782690088,0.018687969205781));
#5068=CARTESIAN_POINT('',(0.0126176291946589,-0.0131147879225953,0.0174982758031126));
#5069=CARTESIAN_POINT('',(0.0112537928787997,-0.012900963346725,0.0187158746148223));
#5070=CARTESIAN_POINT('',(0.0122562458993168,-0.0136098040757948,0.0189883828879341));
#5071=CARTESIAN_POINT('',(0.0120338236680306,-0.0138864074920745,0.0177825409663554));
#5072=CARTESIAN_POINT('',(0.0100579557774606,-0.0143441405715745,0.0192748336420646));
#5073=CARTESIAN_POINT('',(0.0110201288752077,-0.0151487937382616,0.0195921860884928));
#5074=CARTESIAN_POINT('',(0.0107945091525632,-0.0153919262090113,0.0183448474763764));
#5075=CARTESIAN_POINT('',(0.00863710164008549,-0.0156459216119765,0.0198030696908341));
#5076=CARTESIAN_POINT('',(0.00954089485808128,-0.0165734746486401,0.0201814427905098));
#5077=CARTESIAN_POINT('',(0.00928867514236094,-0.0167874601562735,0.0188772807327776));
#5078=CARTESIAN_POINT('',(0.00785587730912102,-0.0161992457792134,0.0200326128273762));
#5079=CARTESIAN_POINT('',(0.00870077558534636,-0.0172076939683185,0.0204509613725399));
#5080=CARTESIAN_POINT('',(0.0084373954496681,-0.0173959595268011,0.019108939265368));
#5081=CARTESIAN_POINT('',(0.0117999999999996,-0.0141496655965848,0.0178817931611209));
#5082=CARTESIAN_POINT('',(0.010825973988528,-0.0153274217575812,0.0183207172779007));
#5083=CARTESIAN_POINT('',(0.00975820575805547,-0.0164395189348539,0.0187446871997915));
#5084=CARTESIAN_POINT('',(0.0085,-0.0173509102628838,0.0190917856977133));
#5085=CARTESIAN_POINT('',(-0.0085000000018456,-0.0173509102615469,0.0199029844338283));
#5086=CARTESIAN_POINT('',(-0.0085000000018456,-0.0173509102615469,0.));
#5087=CARTESIAN_POINT('',(-0.00778266621443826,-0.0178705166845933,0.0199029844338283));
#5088=CARTESIAN_POINT('',(-0.00778266621443826,-0.0178705166845933,0.));
#5089=CARTESIAN_POINT('',(-0.00624281786368351,-0.0187214365704666,0.0199029844338283));
#5090=CARTESIAN_POINT('',(-0.00624281786368351,-0.0187214365704666,3.46944695195361E-18));
#5091=CARTESIAN_POINT('',(-0.00397593951206046,-0.0193339484870187,0.0199029844338283));
#5092=CARTESIAN_POINT('',(-0.00397593951206046,-0.0193339484870187,-3.46944695195361E-18));
#5093=CARTESIAN_POINT('',(-0.0022195831233544,-0.0194982272180837,0.0199029844338283));
#5094=CARTESIAN_POINT('',(-0.0022195831233544,-0.0194982272180837,6.93889390390723E-18));
#5095=CARTESIAN_POINT('',(-0.00091399223925011,-0.0195324660450292,0.0199029844338283));
#5096=CARTESIAN_POINT('',(-0.00091399223925011,-0.0195324660450292,-6.93889390390723E-18));
#5097=CARTESIAN_POINT('',(4.90309581629142E-13,-0.0195340169774879,0.0199029844338283));
#5098=CARTESIAN_POINT('',(4.90309581629142E-13,-0.0195340169774879,3.46944695195361E-18));
#5099=CARTESIAN_POINT('',(0.000913992240318461,-0.0195324660450191,0.0199029844338283));
#5100=CARTESIAN_POINT('',(0.000913992240318461,-0.0195324660450191,0.));
#5101=CARTESIAN_POINT('',(0.00221958312448983,-0.0194982272180191,0.0199029844338283));
#5102=CARTESIAN_POINT('',(0.00221958312448983,-0.0194982272180191,3.46944695195361E-18));
#5103=CARTESIAN_POINT('',(0.0039759395132924,-0.0193339484868131,0.0199029844338283));
#5104=CARTESIAN_POINT('',(0.0039759395132924,-0.0193339484868131,-3.46944695195361E-18));
#5105=CARTESIAN_POINT('',(0.00624281786497512,-0.0187214365699647,0.0199029844338283));
#5106=CARTESIAN_POINT('',(0.00624281786497512,-0.0187214365699647,0.));
#5107=CARTESIAN_POINT('',(0.00778266621569893,-0.0178705166838115,0.0199029844338283));
#5108=CARTESIAN_POINT('',(0.00778266621569893,-0.0178705166838115,0.));
#5109=CARTESIAN_POINT('',(0.0085000000030474,-0.0173509102606764,0.0199029844338283));
#5110=CARTESIAN_POINT('',(0.0085000000030474,-0.0173509102606764,0.));
#5111=CARTESIAN_POINT('',(-0.00467958123871009,-0.0191194551081315,0.0197742281348147));
#5112=CARTESIAN_POINT('',(-0.00607713741586498,-0.0187774065003023,0.0196376974662081));
#5113=CARTESIAN_POINT('',(-0.00735767226270477,-0.0181783644267782,0.0194069171769732));
#5114=CARTESIAN_POINT('',(-0.0085,-0.0173509102628838,0.0190917856977133));
#5115=CARTESIAN_POINT('',(-0.00467958123871009,-0.0191194551081315,0.0197742281348147));
#5116=CARTESIAN_POINT('',(-0.00251694498587633,-0.0194585591896928,0.0178072639757749));
#5117=CARTESIAN_POINT('',(-0.00253942100098607,-0.019456722809368,0.0183621964101743));
#5118=CARTESIAN_POINT('',(-0.00301766449839577,-0.0194283042822001,0.01945620443045));
#5119=CARTESIAN_POINT('',(-0.00414236110805328,-0.019250938479552,0.0198267104785504));
#5120=CARTESIAN_POINT('',(-0.00467958123871009,-0.0191194551081315,0.0197742281348147));
#5121=CARTESIAN_POINT('',(-0.00251694498587634,-0.0194585591896928,0.0178072639757749));
#5122=CARTESIAN_POINT('',(0.00251654766660031,-0.0194585916477443,0.0178057059933647));
#5123=CARTESIAN_POINT('',(0.00247802075745722,-0.0194617385733846,0.0168344574047463));
#5124=CARTESIAN_POINT('',(0.00239755211761574,-0.0194681645812016,0.0153794981361005));
#5125=CARTESIAN_POINT('',(0.00223752528700568,-0.0194793709430916,0.0134438111951911));
#5126=CARTESIAN_POINT('',(0.0020862972015661,-0.0194889136975746,0.0119949232524162));
#5127=CARTESIAN_POINT('',(0.00189226859337121,-0.0194994850519849,0.0105484758450921));
#5128=CARTESIAN_POINT('',(0.00168036983639646,-0.019509065855803,0.00935329822307835));
#5129=CARTESIAN_POINT('',(0.00143605850152805,-0.0195174547090834,0.00841427815816416));
#5130=CARTESIAN_POINT('',(0.00118108282478329,-0.0195244945166602,0.00772324257884911));
#5131=CARTESIAN_POINT('',(0.000700769392584135,-0.0195324508262301,0.00713606856425753));
#5132=CARTESIAN_POINT('',(-4.47741098863517E-5,-0.019534182623568,0.00691809795553375));
#5133=CARTESIAN_POINT('',(-0.000766670313967833,-0.0195317964160726,0.0071964538094408));
#5134=CARTESIAN_POINT('',(-0.00120703046282305,-0.0195237984028715,0.00780865120884773));
#5135=CARTESIAN_POINT('',(-0.00145008277883068,-0.0195170242129192,0.00850655718668591));
#5136=CARTESIAN_POINT('',(-0.00168620924102375,-0.0195087966607621,0.00944449138017425));
#5137=CARTESIAN_POINT('',(-0.00189406528480252,-0.0194993911453267,0.0106286268782689));
#5138=CARTESIAN_POINT('',(-0.00208552565951744,-0.019488953277766,0.0120561426617249));
#5139=CARTESIAN_POINT('',(-0.00223624769422028,-0.0194794562528133,0.0134887339766141));
#5140=CARTESIAN_POINT('',(-0.00239661052634812,-0.0194682369972124,0.0154037433890726));
#5141=CARTESIAN_POINT('',(-0.0024779607205404,-0.0194617443600271,0.0168447431221191));
#5142=CARTESIAN_POINT('',(-0.00251694498587634,-0.0194585591896928,0.0178072639757749));
#5143=CARTESIAN_POINT('',(0.00251654766660031,-0.0194585916477443,0.0178057059933647));
#5144=CARTESIAN_POINT('',(0.00467906419938614,-0.0191195816399288,0.0197742786409288));
#5145=CARTESIAN_POINT('',(0.00414013847349684,-0.0192514566671836,0.019826917774269));
#5146=CARTESIAN_POINT('',(0.00301399887635361,-0.0194286505074187,0.0194524374883119));
#5147=CARTESIAN_POINT('',(0.00253861185097405,-0.0194567894178784,0.0183619356110102));
#5148=CARTESIAN_POINT('',(0.00251654766660031,-0.0194585916477443,0.0178057059933648));
#5149=CARTESIAN_POINT('',(0.00467906419938614,-0.0191195816399287,0.0197742786409288));
#5150=CARTESIAN_POINT('',(0.0085,-0.0173509102628839,0.0190917856977133));
#5151=CARTESIAN_POINT('',(0.00735753159105973,-0.0181784663234007,0.0194069559837553));
#5152=CARTESIAN_POINT('',(0.00607680832755003,-0.018777553905598,0.0196377551164347));
#5153=CARTESIAN_POINT('',(0.00467906419938616,-0.0191195816399287,0.0197742786409288));
#5154=CARTESIAN_POINT('',(-0.00584977172086562,-0.0187655700329816,0.022));
#5155=CARTESIAN_POINT('',(0.0117999999999996,-0.0141496655965848,0.0178817931611209));
#5156=CARTESIAN_POINT('',(0.0113129980622977,-0.0147385302940265,0.0181012502319366));
#5157=CARTESIAN_POINT('',(0.0108021738809412,-0.0153073644688419,0.0183154090103422));
#5158=CARTESIAN_POINT('',(0.00970937635771655,-0.0163864079525779,0.0187241741053851));
#5159=CARTESIAN_POINT('',(0.00912828616436658,-0.0168958061926164,0.0189184617540574));
#5160=CARTESIAN_POINT('',(0.0085,-0.0173509102628838,0.0190917856977133));
#5161=CARTESIAN_POINT('',(0.011916633779985,-0.0142461238782599,0.0178817931611209));
#5162=CARTESIAN_POINT('',(0.0114269385326415,-0.014838245225921,0.0181012585003508));
#5163=CARTESIAN_POINT('',(0.0109128923380588,-0.0154107418303507,0.0183154090103422));
#5164=CARTESIAN_POINT('',(0.00981134314721782,-0.0164984268324947,0.0187241741053851));
#5165=CARTESIAN_POINT('',(0.00922473959312205,-0.0170128274513144,0.0189184684377082));
#5166=CARTESIAN_POINT('',(0.00858878753126294,-0.0174734843752797,0.0190917856977132));
#5167=CARTESIAN_POINT('',(0.0085,-0.0173509102628838,0.0190917856977133));
#5168=CARTESIAN_POINT('',(0.00852926574394374,-0.017391312586684,0.0190917856977133));
#5169=CARTESIAN_POINT('',(0.00855853148788749,-0.0174317149104843,0.0190917856977132));
#5170=CARTESIAN_POINT('',(0.00858779723183123,-0.0174721172342845,0.0190917856977132));
#5171=CARTESIAN_POINT('',(0.00858779723183119,-0.0174721172342845,0.0190917856977133));
#5172=CARTESIAN_POINT('',(0.00858779723183124,-0.0174721172342845,0.0190917856977133));
#5173=CARTESIAN_POINT('',(0.00985968393488799,-0.0165511392823818,0.0187451510286098));
#5174=CARTESIAN_POINT('',(0.0109363780313201,-0.0154295855763207,0.0183207237409515));
#5175=CARTESIAN_POINT('',(0.0119159381510785,-0.0142455485803573,0.0178817931611209));
#5176=CARTESIAN_POINT('',(0.0119159381408839,-0.0142455485719045,0.0178817931611208));
#5177=CARTESIAN_POINT('',(0.0119159381408733,-0.0142455485719174,0.0178817931611209));
#5178=CARTESIAN_POINT('',(0.0118772920939154,-0.0142135875801398,0.0178817931611209));
#5179=CARTESIAN_POINT('',(0.0118386460469575,-0.0141816265883623,0.0178817931611209));
#5180=CARTESIAN_POINT('',(0.0117999999999996,-0.0141496655965848,0.0178817931611209));
#5181=CARTESIAN_POINT('',(0.0117999999961787,-0.0141496656012049,0.0179890839200875));
#5182=CARTESIAN_POINT('',(0.0117999999961787,-0.0141496656012049,0.));
#5183=CARTESIAN_POINT('',(0.0130509020429149,-0.0126371211978776,0.0179890839200875));
#5184=CARTESIAN_POINT('',(0.0130509020429149,-0.0126371211978776,0.));
#5185=CARTESIAN_POINT('',(0.0147522288150614,-0.0100969966469571,0.0179890839200875));
#5186=CARTESIAN_POINT('',(0.0147522288150614,-0.0100969966469571,-1.04083408558608E-17));
#5187=CARTESIAN_POINT('',(0.0166391025595298,-0.00678383074547087,0.0179890839200875));
#5188=CARTESIAN_POINT('',(0.0166391025595298,-0.00678383074547087,3.46944695195361E-18));
#5189=CARTESIAN_POINT('',(0.0182694103798869,-0.00366637542424746,0.0179890839200875));
#5190=CARTESIAN_POINT('',(0.0182694103798869,-0.00366637542424746,-1.04083408558608E-17));
#5191=CARTESIAN_POINT('',(0.0198255415675542,0.000219550400414912,0.0179890839200875));
#5192=CARTESIAN_POINT('',(0.0198255415675542,0.000219550400414912,1.38777878078145E-17));
#5193=CARTESIAN_POINT('',(0.0202967765850564,0.00452550842221922,0.0179890839200875));
#5194=CARTESIAN_POINT('',(0.0202967765850564,0.00452550842221922,-1.38777878078145E-17));
#5195=CARTESIAN_POINT('',(0.0197971305888247,0.0081701851076329,0.0179890839200875));
#5196=CARTESIAN_POINT('',(0.0197971305888247,0.0081701851076329,3.46944695195361E-18));
#5197=CARTESIAN_POINT('',(0.0189089635901584,0.0108825237010944,0.0179890839200875));
#5198=CARTESIAN_POINT('',(0.0189089635901584,0.0108825237010944,-3.46944695195361E-18));
#5199=CARTESIAN_POINT('',(0.0174332242404042,0.013459432825527,0.0179890839200875));
#5200=CARTESIAN_POINT('',(0.0174332242404042,0.013459432825527,0.));
#5201=CARTESIAN_POINT('',(0.0152624386674381,0.0157325687678015,0.0179890839200875));
#5202=CARTESIAN_POINT('',(0.0152624386674381,0.0157325687678015,-3.46944695195361E-18));
#5203=CARTESIAN_POINT('',(0.0126171227527582,0.0174720070625535,0.0179890839200875));
#5204=CARTESIAN_POINT('',(0.0126171227527582,0.0174720070625535,0.));
#5205=CARTESIAN_POINT('',(0.00864110698344421,0.0192093242820241,0.0179890839200875));
#5206=CARTESIAN_POINT('',(0.00864110698344421,0.0192093242820241,-3.46944695195361E-18));
#5207=CARTESIAN_POINT('',(0.0052875557697934,0.0199091937047093,0.0179890839200875));
#5208=CARTESIAN_POINT('',(0.0052875557697934,0.0199091937047093,0.));
#5209=CARTESIAN_POINT('',(0.0029999999819986,0.0201279577801804,0.0179890839200875));
#5210=CARTESIAN_POINT('',(0.0029999999819986,0.0201279577801804,0.));
#5211=CARTESIAN_POINT('',(0.00299999998174557,0.0201279577802046,0.010529634150014));
#5212=CARTESIAN_POINT('',(0.00498637458901946,0.019937996334535,0.0105026397493089));
#5213=CARTESIAN_POINT('',(0.00788791892520136,0.0193853507153317,0.0104225140879187));
#5214=CARTESIAN_POINT('',(0.0116147198005089,0.0179590128872653,0.0102174672349067));
#5215=CARTESIAN_POINT('',(0.0142141765796681,0.0164962049012522,0.0100324940497169));
#5216=CARTESIAN_POINT('',(0.016518619722968,0.0145491753304403,0.00991877347481062));
#5217=CARTESIAN_POINT('',(0.0182902458161333,0.0121308239645839,0.0100894751877265));
#5218=CARTESIAN_POINT('',(0.0194808569956664,0.00937438279221584,0.0105593062735583));
#5219=CARTESIAN_POINT('',(0.0200843823511768,0.00654218067526055,0.0112099802642329));
#5220=CARTESIAN_POINT('',(0.0201887712200383,0.00363019989043013,0.0119892547147468));
#5221=CARTESIAN_POINT('',(0.0198010814300088,0.000791573274152344,0.0128132561103427));
#5222=CARTESIAN_POINT('',(0.0189615273658681,-0.00196414464931849,0.013658069712539));
#5223=CARTESIAN_POINT('',(0.0178171808125947,-0.00454750439934653,0.0144895856489648));
#5224=CARTESIAN_POINT('',(0.0164940629530688,-0.00704979442759753,0.015335142234064));
#5225=CARTESIAN_POINT('',(0.0146072825295148,-0.0103229978838219,0.0164771890702224));
#5226=CARTESIAN_POINT('',(0.013013673382791,-0.012682136713559,0.0173348770504794));
#5227=CARTESIAN_POINT('',(0.0118,-0.0141496655965843,0.0178817931611208));
#5228=CARTESIAN_POINT('',(0.00299999999087279,0.0201279578736946,0.010529634150014));
#5229=CARTESIAN_POINT('',(0.003,0.0201279579671845,0.013));
#5230=CARTESIAN_POINT('',(-0.0085,-0.0173509102628838,0.0190917856977133));
#5231=CARTESIAN_POINT('',(-0.00912828616436976,-0.0168958061926143,0.0189184617540566));
#5232=CARTESIAN_POINT('',(-0.00970937635770722,-0.0163864079525867,0.0187241741053885));
#5233=CARTESIAN_POINT('',(-0.0108021738809401,-0.0153073644688435,0.0183154090103428));
#5234=CARTESIAN_POINT('',(-0.0113129980624346,-0.0147385302941218,0.0181012502319808));
#5235=CARTESIAN_POINT('',(-0.0118,-0.0141496655965843,0.0178817931611208));
#5236=CARTESIAN_POINT('',(-0.00858878753121874,-0.0174734843752187,0.0190917856977133));
#5237=CARTESIAN_POINT('',(-0.00922473959307726,-0.017012827451254,0.0189184684377073));
#5238=CARTESIAN_POINT('',(-0.00981134314715767,-0.0164984268324478,0.0187241741053885));
#5239=CARTESIAN_POINT('',(-0.0109128923380026,-0.0154107418303008,0.0183154090103428));
#5240=CARTESIAN_POINT('',(-0.0114269385327086,-0.0148382452259839,0.0181012585004111));
#5241=CARTESIAN_POINT('',(-0.0119166337799483,-0.0142461238781861,0.0178817931611208));
#5242=CARTESIAN_POINT('',(-0.0118,-0.0141496655965843,0.0178817931611208));
#5243=CARTESIAN_POINT('',(-0.0118386460503474,-0.0141816265911508,0.0178817931611208));
#5244=CARTESIAN_POINT('',(-0.0118772921006947,-0.0142135875857174,0.0178817931611208));
#5245=CARTESIAN_POINT('',(-0.0119159381510421,-0.0142455485802839,0.0178817931611208));
#5246=CARTESIAN_POINT('',(-0.0119159381510317,-0.0142455485802965,0.0178817931611217));
#5247=CARTESIAN_POINT('',(-0.0119159381510421,-0.0142455485802839,0.0178817931611208));
#5248=CARTESIAN_POINT('',(-0.0109363780315109,-0.0154295855765363,0.018320723741072));
#5249=CARTESIAN_POINT('',(-0.00985968393487981,-0.0165511392823572,0.0187451510286081));
#5250=CARTESIAN_POINT('',(-0.00858779723183125,-0.0174721172342846,0.0190917856977133));
#5251=CARTESIAN_POINT('',(-0.00858779723673975,-0.0174721172410609,0.0190917856977133));
#5252=CARTESIAN_POINT('',(-0.00858779723673974,-0.0174721172410609,0.0190917856977133));
#5253=CARTESIAN_POINT('',(-0.00855853149115982,-0.0174317149150019,0.0190917856977133));
#5254=CARTESIAN_POINT('',(-0.00852926574557991,-0.0173913125889428,0.0190917856977133));
#5255=CARTESIAN_POINT('',(-0.0085,-0.0173509102628838,0.0190917856977133));
#5256=CARTESIAN_POINT('',(-0.0118,-0.0141496655965843,0.0178817931611225));
#5257=CARTESIAN_POINT('',(-0.0124084911334946,-0.0134139006653149,0.0176075895667709));
#5258=CARTESIAN_POINT('',(-0.0129762144063796,-0.0126515046449351,0.0173267765063253));
#5259=CARTESIAN_POINT('',(-0.0140584607526324,-0.0110908494383242,0.0167599934296699));
#5260=CARTESIAN_POINT('',(-0.0145731352662726,-0.0102914976264869,0.0164735730436339));
#5261=CARTESIAN_POINT('',(-0.0155612519950153,-0.00867020040679142,0.0159007036283052));
#5262=CARTESIAN_POINT('',(-0.0160341204605216,-0.00784875829569333,0.0156144234949642));
#5263=CARTESIAN_POINT('',(-0.0167199328995549,-0.00660419848109345,0.0151864614820248));
#5264=CARTESIAN_POINT('',(-0.0169448142783851,-0.00618727280512292,0.0150443600253312));
#5265=CARTESIAN_POINT('',(-0.0173840225651096,-0.00534763393988706,0.0147614611878242));
#5266=CARTESIAN_POINT('',(-0.0175982522976602,-0.00492488168614448,0.0146206333937117));
#5267=CARTESIAN_POINT('',(-0.0182178015719217,-0.00364458958166039,0.0141990602184911));
#5268=CARTESIAN_POINT('',(-0.0186004557449325,-0.00277524525741929,0.0139192539591532));
#5269=CARTESIAN_POINT('',(-0.0190967192243439,-0.00143233188429904,0.0134980526604264));
#5270=CARTESIAN_POINT('',(-0.0192490507853949,-0.000977892549522818,0.0133572985255755));
#5271=CARTESIAN_POINT('',(-0.0195190556463313,-6.50878688725597E-5,0.0130780862360671));
#5272=CARTESIAN_POINT('',(-0.019637204951086,0.000394518228122715,0.0129391849937443));
#5273=CARTESIAN_POINT('',(-0.0199369489561923,0.00178382567130534,0.0125250761426668));
#5274=CARTESIAN_POINT('',(-0.0200636063161115,0.00272406324786555,0.0122524823875751));
#5275=CARTESIAN_POINT('',(-0.0201310949694769,0.0041589195913395,0.0118528513551677));
#5276=CARTESIAN_POINT('',(-0.020133170010954,0.00464285803107988,0.0117208027881227));
#5277=CARTESIAN_POINT('',(-0.0200963922614723,0.00560148484943725,0.0114663208317412));
#5278=CARTESIAN_POINT('',(-0.0200577172526483,0.0060781167591268,0.0113434151380996));
#5279=CARTESIAN_POINT('',(-0.019879440008131,0.00750026104888056,0.0109900458826984));
#5280=CARTESIAN_POINT('',(-0.019678571796521,0.00843813524803439,0.0107746461170559));
#5281=CARTESIAN_POINT('',(-0.0193076487403985,0.00959725693539216,0.0105422252132463));
#5282=CARTESIAN_POINT('',(-0.0192273880226521,0.00982841099762743,0.0104976086500786));
#5283=CARTESIAN_POINT('',(-0.0190539141820183,0.0102893255820338,0.0104125078159355));
#5284=CARTESIAN_POINT('',(-0.0189605940707921,0.0105191945156824,0.0103720233737228));
#5285=CARTESIAN_POINT('',(-0.0186641662462062,0.0111973550069847,0.0102588940626822));
#5286=CARTESIAN_POINT('',(-0.0184435571413445,0.0116373143158593,0.0101939725108645));
#5287=CARTESIAN_POINT('',(-0.0179544665248264,0.0124920759180329,0.0100871292750516));
#5288=CARTESIAN_POINT('',(-0.0176859975369959,0.0129068859958708,0.0100452115400763));
#5289=CARTESIAN_POINT('',(-0.0172447636484634,0.01350891338595,0.0100013439339398));
#5290=CARTESIAN_POINT('',(-0.0170909018880453,0.0137066361635181,0.00998991565582213));
#5291=CARTESIAN_POINT('',(-0.01677128617698,0.0140931596080145,0.00997347254481349));
#5292=CARTESIAN_POINT('',(-0.0166064973280179,0.014280792696515,0.00996846990653254));
#5293=CARTESIAN_POINT('',(-0.0160977287116992,0.0148274415780948,0.00996186301119669));
#5294=CARTESIAN_POINT('',(-0.0157391037602645,0.015169936406983,0.00996866217047877));
#5295=CARTESIAN_POINT('',(-0.014986342802936,0.0158150200625326,0.00999691181400305));
#5296=CARTESIAN_POINT('',(-0.0145925173516651,0.0161179557269694,0.0100183144964423));
#5297=CARTESIAN_POINT('',(-0.0139779599592316,0.0165457120675444,0.0100557668917776));
#5298=CARTESIAN_POINT('',(-0.0137689724634401,0.0166839113512523,0.0100691651709767));
#5299=CARTESIAN_POINT('',(-0.0133474589707659,0.0169493800193313,0.0100967408922136));
#5300=CARTESIAN_POINT('',(-0.0131344417935237,0.0170770151997956,0.0101109476711973));
#5301=CARTESIAN_POINT('',(-0.0124890560370187,0.0174457391865076,0.0101539043441177));
#5302=CARTESIAN_POINT('',(-0.0120503621252634,0.0176726740929826,0.010182929690453));
#5303=CARTESIAN_POINT('',(-0.0107119048920334,0.0183039464569974,0.0102667980045198));
#5304=CARTESIAN_POINT('',(-0.00978995462650023,0.018659215691339,0.0103180958145948));
#5305=CARTESIAN_POINT('',(-0.00836979244611568,0.0191105320189117,0.0103831293309834));
#5306=CARTESIAN_POINT('',(-0.00788923926906368,0.0192473896960123,0.0104029520429409));
#5307=CARTESIAN_POINT('',(-0.00692454064054768,0.0194929990209699,0.0104384830276266));
#5308=CARTESIAN_POINT('',(-0.00643959116767064,0.0196020600236217,0.0104542424619685));
#5309=CARTESIAN_POINT('',(-0.00497749740258527,0.0198909560598047,0.0104958630655187));
#5310=CARTESIAN_POINT('',(-0.00399317810151203,0.0200329779351462,0.0105161370743967));
#5311=CARTESIAN_POINT('',(-0.0029999999973258,0.0201279577787147,0.0105296341498023));
#5312=CARTESIAN_POINT('',(-0.0119218905039238,-0.0142504712856606,0.0178817931611225));
#5313=CARTESIAN_POINT('',(-0.0125338495878609,-0.0135105130372194,0.0176075997458361));
#5314=CARTESIAN_POINT('',(-0.0131041112413854,-0.0127446434728633,0.0173267765063253));
#5315=CARTESIAN_POINT('',(-0.0141905232929237,-0.0111779811037745,0.0167599934296699));
#5316=CARTESIAN_POINT('',(-0.014706822377112,-0.0103760781280808,0.0164735730436339));
#5317=CARTESIAN_POINT('',(-0.0156976974400166,-0.00875025504683707,0.0159007036283052));
#5318=CARTESIAN_POINT('',(-0.0161716977198572,-0.00792683200764924,0.0156144234949642));
#5319=CARTESIAN_POINT('',(-0.0168589443706705,-0.00667966949551099,0.0151864614820248));
#5320=CARTESIAN_POINT('',(-0.0170843387183612,-0.00626179713114927,0.0150443600253312));
#5321=CARTESIAN_POINT('',(-0.0175248121774762,-0.00541973962322754,0.0147614611878242));
#5322=CARTESIAN_POINT('',(-0.0177397893592658,-0.00499552221254837,0.0146206333937117));
#5323=CARTESIAN_POINT('',(-0.0183618664488957,-0.00371000640400677,0.0141990602184911));
#5324=CARTESIAN_POINT('',(-0.0187466047345007,-0.00283607717786366,0.0139192539591532));
#5325=CARTESIAN_POINT('',(-0.0192461961915946,-0.00148415813352101,0.0134980526604264));
#5326=CARTESIAN_POINT('',(-0.0193996596259394,-0.00102637203149821,0.0133572985255755));
#5327=CARTESIAN_POINT('',(-0.0196718023077058,-0.0001063400259282,0.0130780862360671));
#5328=CARTESIAN_POINT('',(-0.0197909512126057,0.000357125736053258,0.0129391849937443));
#5329=CARTESIAN_POINT('',(-0.0200933061443325,0.00175853477168028,0.0125250761426668));
#5330=CARTESIAN_POINT('',(-0.0202211832595858,0.0027076470435022,0.0122524823875751));
#5331=CARTESIAN_POINT('',(-0.0202893058060204,0.0041559804004579,0.0118528513551677));
#5332=CARTESIAN_POINT('',(-0.0202914001378327,0.00464443369683862,0.0117208027881227));
#5333=CARTESIAN_POINT('',(-0.0202542780060019,0.00561203697950395,0.0114663208317412));
#5334=CARTESIAN_POINT('',(-0.0202152387243798,0.00609319933958725,0.0113434151380996));
#5335=CARTESIAN_POINT('',(-0.020035234605223,0.00752911916706731,0.0109900458826984));
#5336=CARTESIAN_POINT('',(-0.019832388168882,0.00847644479477023,0.0107746461170559));
#5337=CARTESIAN_POINT('',(-0.0194575056290015,0.00964793973156296,0.0105422252132463));
#5338=CARTESIAN_POINT('',(-0.0193763766994459,0.00988159712865955,0.0104976086500786));
#5339=CARTESIAN_POINT('',(-0.0192009983234698,0.0103475720040732,0.0104125078159355));
#5340=CARTESIAN_POINT('',(-0.0191066404022436,0.0105799997112519,0.0103720233737228));
#5341=CARTESIAN_POINT('',(-0.0188068739115676,0.011265798323028,0.0102588940626822));
#5342=CARTESIAN_POINT('',(-0.0185837270971571,0.0117108339178848,0.0101939725108645));
#5343=CARTESIAN_POINT('',(-0.0180888731816106,0.0125756677777237,0.0100871292750516));
#5344=CARTESIAN_POINT('',(-0.0178171771315126,0.012995475583429,0.0100452115400763));
#5345=CARTESIAN_POINT('',(-0.0173705408889858,0.0136048740416876,0.0100013439339398));
#5346=CARTESIAN_POINT('',(-0.0172147811704936,0.0138050367476563,0.00998991565582213));
#5347=CARTESIAN_POINT('',(-0.0168912022402292,0.0141963530639767,0.00997347254481349));
#5348=CARTESIAN_POINT('',(-0.0167243609784037,0.0143863225196018,0.00996846990653254));
#5349=CARTESIAN_POINT('',(-0.0162093588189289,0.0149396690615428,0.00996186301119669));
#5350=CARTESIAN_POINT('',(-0.0158462907825185,0.0152863903502114,0.00996866217047877));
#5351=CARTESIAN_POINT('',(-0.0150850068491943,0.0159387778283862,0.00999691181400305));
#5352=CARTESIAN_POINT('',(-0.0146869887625686,0.0162449175647109,0.0100183144964423));
#5353=CARTESIAN_POINT('',(-0.0140662666176045,0.0166769648177629,0.0100557668917776));
#5354=CARTESIAN_POINT('',(-0.0138552478268401,0.0168165052015414,0.0100691651709767));
#5355=CARTESIAN_POINT('',(-0.0134297706638043,0.017084470184234,0.0100967408922136));
#5356=CARTESIAN_POINT('',(-0.013214813779582,0.0172132658763242,0.0101109476711973));
#5357=CARTESIAN_POINT('',(-0.012563708558396,0.0175852575270615,0.0101539043441177));
#5358=CARTESIAN_POINT('',(-0.0121213483125266,0.0178140782194899,0.010182929690453));
#5359=CARTESIAN_POINT('',(-0.0107723529643812,0.0184503207988763,0.0102667980045198));
#5360=CARTESIAN_POINT('',(-0.0098439447040763,0.0188080273589518,0.0103180958145948));
#5361=CARTESIAN_POINT('',(-0.00841465588287242,0.0192622440609145,0.0103831293309834));
#5362=CARTESIAN_POINT('',(-0.0079311366867502,0.0193999428654911,0.0104029520429409));
#5363=CARTESIAN_POINT('',(-0.00696069465049022,0.0196470144445219,0.0104384830276266));
#5364=CARTESIAN_POINT('',(-0.00647296213616179,0.0197566986065914,0.0104542424619685));
#5365=CARTESIAN_POINT('',(-0.00500273828841075,0.0200472010709749,0.0104958630655187));
#5366=CARTESIAN_POINT('',(-0.00401331267920192,0.0201899482810858,0.0105161369437715));
#5367=CARTESIAN_POINT('',(-0.00301505785190396,0.0202854136230407,0.0105296341498023));
#5368=CARTESIAN_POINT('',(-0.0034,0.0201279577879223,0.0105238905273756));
#5369=CARTESIAN_POINT('',(-0.00326666838904198,0.0201279577879223,0.0105259242317519));
#5370=CARTESIAN_POINT('',(-0.00313333502856792,0.0201279577878809,0.010527838577063));
#5371=CARTESIAN_POINT('',(-0.0029999999982024,0.0201279577878809,0.0105296341498023));
#5372=CARTESIAN_POINT('',(-0.0034,0.0201279577879223,0.0105238905273756));
#5373=CARTESIAN_POINT('',(-0.0034,0.0201279577879223,0.0105238905273756));
#5374=CARTESIAN_POINT('',(-0.00352669166296217,0.0201279577879223,0.0105219581019922));
#5375=CARTESIAN_POINT('',(-0.00365217894912351,0.0201520188894083,0.0105199728539359));
#5376=CARTESIAN_POINT('',(-0.00376988593594247,0.0201988806143828,0.0105180864451675));
#5377=CARTESIAN_POINT('',(-0.00376986248313739,0.0201988712776513,0.0105163911104037));
#5378=CARTESIAN_POINT('',(-0.00431379113411388,0.0201284243937042,0.0105063985052267));
#5379=CARTESIAN_POINT('',(-0.00413266331871892,0.0201535616615218,0.0105099040611849));
#5380=CARTESIAN_POINT('',(-0.00395134660026659,0.0201770366902929,0.0105132242493088));
#5381=CARTESIAN_POINT('',(-0.00376986248313738,0.0201988712776513,0.0105163911104037));
#5382=CARTESIAN_POINT('',(-0.00431374936852321,0.0201279392137872,0.0105077196044676));
#5383=CARTESIAN_POINT('',(-0.00431382119932974,0.0201284054694274,0.0105080807546873));
#5384=CARTESIAN_POINT('',(-0.00443479645338905,0.0201116164464226,0.0105056945636968));
#5385=CARTESIAN_POINT('',(-0.00468500667738291,0.0200753971544497,0.0105005441210416));
#5386=CARTESIAN_POINT('',(-0.00508611141068482,0.0200118851949431,0.0104914999282187));
#5387=CARTESIAN_POINT('',(-0.00543869375489093,0.0199509749571949,0.0104828125383373));
#5388=CARTESIAN_POINT('',(-0.00570079181103564,0.0199024790878518,0.0104758859108108));
#5389=CARTESIAN_POINT('',(-0.00584653285375716,0.0198746729835242,0.0104719117595631));
#5390=CARTESIAN_POINT('',(-0.00595552540437794,0.0198533598932511,0.0104688639450899));
#5391=CARTESIAN_POINT('',(-0.00600533021340852,0.0198434680595159,0.0104674489132298));
#5392=CARTESIAN_POINT('',(-0.00601049917657577,0.0198424406668715,0.0104673017585496));
#5393=CARTESIAN_POINT('',(-0.00604929789325119,0.0198347145856022,0.0104661956622243));
#5394=CARTESIAN_POINT('',(-0.00614177758893821,0.0198161371840628,0.01046353387313));
#5395=CARTESIAN_POINT('',(-0.00636911420980493,0.0197694882386058,0.0104568448801775));
#5396=CARTESIAN_POINT('',(-0.00670978817923974,0.0196951685815167,0.0104461735577346));
#5397=CARTESIAN_POINT('',(-0.00700763034021544,0.019625776667905,0.0104362000122165));
#5398=CARTESIAN_POINT('',(-0.00719700713684356,0.01958001870822,0.0104296206185422));
#5399=CARTESIAN_POINT('',(-0.00731745407887544,0.019550254290902,0.0104253399452448));
#5400=CARTESIAN_POINT('',(-0.00742957483497636,0.0195219661906574,0.0104212709152595));
#5401=CARTESIAN_POINT('',(-0.00750246907857798,0.0195033268891043,0.0104185895112516));
#5402=CARTESIAN_POINT('',(-0.00752667628786723,0.0194970798316148,0.0104176908318929));
#5403=CARTESIAN_POINT('',(-0.00767246470270118,0.0194593022103206,0.0104122562591632));
#5404=CARTESIAN_POINT('',(-0.0078989723524986,0.0193988088816942,0.0104035541047848));
#5405=CARTESIAN_POINT('',(-0.00821545552724048,0.019310162403177,0.0103908078831499));
#5406=CARTESIAN_POINT('',(-0.00851426451748293,0.0192218706605415,0.0103781299134526));
#5407=CARTESIAN_POINT('',(-0.00871188807376714,0.0191615503785322,0.0103694774482551));
#5408=CARTESIAN_POINT('',(-0.00889912714304979,0.0191025343133003,0.0103610245939433));
#5409=CARTESIAN_POINT('',(-0.00902661519466164,0.0190615872089211,0.010355162058126));
#5410=CARTESIAN_POINT('',(-0.00922233722721146,0.0189976356634711,0.0103460062041022));
#5411=CARTESIAN_POINT('',(-0.00963089217960088,0.0188591237369881,0.0103262084724793));
#5412=CARTESIAN_POINT('',(-0.0104263582170705,0.0185686511196261,0.0102849967593169));
#5413=CARTESIAN_POINT('',(-0.0115467797160878,0.0180969782261724,0.0102200338535682));
#5414=CARTESIAN_POINT('',(-0.0128429760004671,0.0174406830195617,0.0101356099574532));
#5415=CARTESIAN_POINT('',(-0.0141071701372961,0.0166660533478613,0.0100513276109314));
#5416=CARTESIAN_POINT('',(-0.0156511425962398,0.0155185333996283,0.00996291417625764));
#5417=CARTESIAN_POINT('',(-0.0173467464643941,0.0137964325846484,0.00994688088239874));
#5418=CARTESIAN_POINT('',(-0.0185926915825147,0.0117788534686491,0.0101681004647132));
#5419=CARTESIAN_POINT('',(-0.0193308282088403,0.0100448955594709,0.0104605873982983));
#5420=CARTESIAN_POINT('',(-0.0196785803304197,0.00894463517004662,0.0106803688828157));
#5421=CARTESIAN_POINT('',(-0.0198947031641278,0.00806195867467103,0.0108730733388672));
#5422=CARTESIAN_POINT('',(-0.0200049264255925,0.00750795003858761,0.0110002826644658));
#5423=CARTESIAN_POINT('',(-0.0200696101992758,0.00711986244945294,0.0110922941238457));
#5424=CARTESIAN_POINT('',(-0.0201030297563042,0.0068968565654934,0.0111460022308189));
#5425=CARTESIAN_POINT('',(-0.020126496917043,0.00673220500799962,0.0111859236074145));
#5426=CARTESIAN_POINT('',(-0.0201644689215858,0.00643239333232163,0.0112596381649127));
#5427=CARTESIAN_POINT('',(-0.0202018419249205,0.00608521230865747,0.0113463796684946));
#5428=CARTESIAN_POINT('',(-0.0202541738160412,0.00546667679748916,0.0115037895876314));
#5429=CARTESIAN_POINT('',(-0.0202849706653075,0.00462653450928126,0.0117252649140559));
#5430=CARTESIAN_POINT('',(-0.0202591073543616,0.00335187713578879,0.0120726962469049));
#5431=CARTESIAN_POINT('',(-0.020110236205089,0.00194181082789199,0.0124725635571551));
#5432=CARTESIAN_POINT('',(-0.0198282300611511,0.000512526986409243,0.0128925751167769));
#5433=CARTESIAN_POINT('',(-0.0195610993579658,-0.000466893019598026,0.01318773054501));
#5434=CARTESIAN_POINT('',(-0.0193527559619686,-0.00112987605786094,0.0133902635068328));
#5435=CARTESIAN_POINT('',(-0.0192292105992327,-0.00149390207178658,0.0135024619496239));
#5436=CARTESIAN_POINT('',(-0.0191366172075709,-0.00175505498290901,0.0135834018069342));
#5437=CARTESIAN_POINT('',(-0.0190707760093695,-0.00193583918034399,0.0136396347749021));
#5438=CARTESIAN_POINT('',(-0.0190190794957641,-0.00207448609151548,0.0136829054108122));
#5439=CARTESIAN_POINT('',(-0.0189801879746231,-0.00217725794902344,0.0137150507348073));
#5440=CARTESIAN_POINT('',(-0.0189560947955202,-0.00224031888286295,0.0137348037039212));
#5441=CARTESIAN_POINT('',(-0.0189411600772482,-0.00227913407466179,0.0137469752260411));
#5442=CARTESIAN_POINT('',(-0.0189305362919491,-0.0023067144861708,0.0137556253016419));
#5443=CARTESIAN_POINT('',(-0.0188879361488927,-0.00241662746979469,0.0137901303967523));
#5444=CARTESIAN_POINT('',(-0.0188104826881522,-0.00261304384454396,0.0138519590613692));
#5445=CARTESIAN_POINT('',(-0.0186264939680992,-0.0030648383307377,0.0139949311326151));
#5446=CARTESIAN_POINT('',(-0.0183642480218607,-0.003668716472565,0.0141882409101844));
#5447=CARTESIAN_POINT('',(-0.0180401339062764,-0.00436832437746597,0.0144152645295024));
#5448=CARTESIAN_POINT('',(-0.0176062887224922,-0.00525640731811355,0.0147072336749963));
#5449=CARTESIAN_POINT('',(-0.0170656834998117,-0.00629432975006031,0.0150550903255));
#5450=CARTESIAN_POINT('',(-0.0165484029963068,-0.00723808768632543,0.0153784241182005));
#5451=CARTESIAN_POINT('',(-0.0161960725404848,-0.00786199115598414,0.0155940251051324));
#5452=CARTESIAN_POINT('',(-0.016005624859955,-0.00819413150136863,0.0157092754067127));
#5453=CARTESIAN_POINT('',(-0.015845536228285,-0.00846985433910267,0.0158052681019595));
#5454=CARTESIAN_POINT('',(-0.0157614620244989,-0.00861346062051952,0.0158553738455126));
#5455=CARTESIAN_POINT('',(-0.0155817201826853,-0.00891976738591485,0.0159623103633297));
#5456=CARTESIAN_POINT('',(-0.0153558230393388,-0.0092994236429455,0.016095323725611));
#5457=CARTESIAN_POINT('',(-0.0151154597433411,-0.00969434313016661,0.0162344377543156));
#5458=CARTESIAN_POINT('',(-0.014971832791621,-0.00992783451743391,0.0163168924117436));
#5459=CARTESIAN_POINT('',(-0.0148664581486068,-0.0100973888678826,0.0163769083566911));
#5460=CARTESIAN_POINT('',(-0.014735516686868,-0.0103065344177723,0.0164510604810099));
#5461=CARTESIAN_POINT('',(-0.0145720657402162,-0.0105643894189377,0.0165427322966819));
#5462=CARTESIAN_POINT('',(-0.0143807905879699,-0.0108611113326816,0.0166485970987756));
#5463=CARTESIAN_POINT('',(-0.0141975624812015,-0.0111409212341115,0.0167487507243749));
#5464=CARTESIAN_POINT('',(-0.0140061754582085,-0.0114279854708683,0.0168518677993143));
#5465=CARTESIAN_POINT('',(-0.0138693285884843,-0.0116302750062442,0.0169247423850831));
#5466=CARTESIAN_POINT('',(-0.0136327187936811,-0.0119752855268359,0.0170493536988048));
#5467=CARTESIAN_POINT('',(-0.0132831590587804,-0.0124736732056527,0.0172301606664355));
#5468=CARTESIAN_POINT('',(-0.0125494074476273,-0.0134671708040058,0.0175936824320952));
#5469=CARTESIAN_POINT('',(-0.0121355029534246,-0.0139794097634275,0.017783244999726));
#5470=CARTESIAN_POINT('',(-0.0119159381409386,-0.0142455485719706,0.0178817931611225));
#5471=CARTESIAN_POINT('',(0.00467906419938614,-0.0191195816399287,0.0197742786409288));
#5472=CARTESIAN_POINT('',(0.00454482511131626,-0.0191524299204013,0.0197873903350211));
#5473=CARTESIAN_POINT('',(0.00440819377212595,-0.0191833126287866,0.0197871975131647));
#5474=CARTESIAN_POINT('',(0.00413795053143767,-0.0192396118784927,0.0197582247275352));
#5475=CARTESIAN_POINT('',(0.00400581185593399,-0.0192647737810945,0.0197298625476793));
#5476=CARTESIAN_POINT('',(0.00374781928872114,-0.0193099973938456,0.0196447760547797));
#5477=CARTESIAN_POINT('',(0.00362100440734871,-0.019330160446802,0.0195871302869712));
#5478=CARTESIAN_POINT('',(0.00338668614071652,-0.0193644890191033,0.01944830856306));
#5479=CARTESIAN_POINT('',(0.00327760443094881,-0.0193789576349281,0.0193668774031003));
#5480=CARTESIAN_POINT('',(0.00312622831346762,-0.0193976013449982,0.0192267094341637));
#5481=CARTESIAN_POINT('',(0.00307759262698543,-0.0194033258744941,0.0191766464935048));
#5482=CARTESIAN_POINT('',(0.002986849985082,-0.0194136198269902,0.0190729404925734));
#5483=CARTESIAN_POINT('',(0.00294447415693596,-0.0194182247989652,0.0190191029174481));
#5484=CARTESIAN_POINT('',(0.00282593900173189,-0.0194306929628144,0.0188519116965611));
#5485=CARTESIAN_POINT('',(0.00275828309173259,-0.0194372290483965,0.0187329387026061));
#5486=CARTESIAN_POINT('',(0.00264570923053612,-0.0194476528125345,0.0184800277240136));
#5487=CARTESIAN_POINT('',(0.00260196152330151,-0.0194514318856192,0.0183481256137366));
#5488=CARTESIAN_POINT('',(0.00254038031206137,-0.019456656173798,0.0180810312290543));
#5489=CARTESIAN_POINT('',(0.00252206338234462,-0.0194581411172612,0.0179447550698015));
#5490=CARTESIAN_POINT('',(0.0025165476666003,-0.0194585916477443,0.0178057059933647));
#5491=CARTESIAN_POINT('',(0.0047158426151986,-0.0192698817752265,0.0197742786409288));
#5492=CARTESIAN_POINT('',(0.00457984269278976,-0.019303160931542,0.0197873902803209));
#5493=CARTESIAN_POINT('',(0.00444144882198085,-0.0193344413459537,0.0197871975131647));
#5494=CARTESIAN_POINT('',(0.00416781149156452,-0.0193914476797839,0.0197582247275352));
#5495=CARTESIAN_POINT('',(0.00403405803620973,-0.0194169163090605,0.0197298625476793));
#5496=CARTESIAN_POINT('',(0.00377300537532907,-0.0194626763267652,0.0196447760547797));
#5497=CARTESIAN_POINT('',(0.00364473563062232,-0.0194830700332397,0.0195871302869712));
#5498=CARTESIAN_POINT('',(0.00340781452706514,-0.0195177799316614,0.01944830856306));
#5499=CARTESIAN_POINT('',(0.00329756536850133,-0.0195324029193494,0.0193668774031003));
#5500=CARTESIAN_POINT('',(0.0031446194837761,-0.0195512399643118,0.0192267094341637));
#5501=CARTESIAN_POINT('',(0.0030954886617075,-0.0195570227314259,0.0191766464935048));
#5502=CARTESIAN_POINT('',(0.00300383675760548,-0.0195674198317,0.0190729404925734));
#5503=CARTESIAN_POINT('',(0.00296104391990382,-0.0195720700913869,0.0190191029174481));
#5504=CARTESIAN_POINT('',(0.00284135901737227,-0.0195846591918312,0.0188519116965611));
#5505=CARTESIAN_POINT('',(0.00277306897751474,-0.0195912564228846,0.0187329387026061));
#5506=CARTESIAN_POINT('',(0.00265945654444335,-0.0196017763534697,0.0184800277240136));
#5507=CARTESIAN_POINT('',(0.00261531594975086,-0.0196055893300252,0.0183481256137366));
#5508=CARTESIAN_POINT('',(0.00255318595974507,-0.0196108601742617,0.0180810312290543));
#5509=CARTESIAN_POINT('',(0.00253470874629249,-0.019612358106175,0.0179447551133229));
#5510=CARTESIAN_POINT('',(0.00252914462393148,-0.0196128125905704,0.0178057059933647));
#5511=CARTESIAN_POINT('',(0.0025165476666003,-0.0194585916477443,0.0178057059933647));
#5512=CARTESIAN_POINT('',(0.00251937497744933,-0.0194932056051736,0.0178057059933647));
#5513=CARTESIAN_POINT('',(0.00252220228829836,-0.0195278195626028,0.0178057059933647));
#5514=CARTESIAN_POINT('',(0.00252502959914739,-0.0195624335200321,0.0178057059933647));
#5515=CARTESIAN_POINT('',(0.00252502959922267,-0.0195624335200259,0.0178057059933647));
#5516=CARTESIAN_POINT('',(0.00252502959914739,-0.0195624335200321,0.0178057059933647));
#5517=CARTESIAN_POINT('',(0.00253516343942554,-0.0195619256101976,0.0180590251215316));
#5518=CARTESIAN_POINT('',(0.00261693688732478,-0.019558611938636,0.0184443569530996));
#5519=CARTESIAN_POINT('',(0.00283854297322649,-0.0195457177021894,0.0188619743840956));
#5520=CARTESIAN_POINT('',(0.00301007070084648,-0.0195333980142515,0.0190872203844717));
#5521=CARTESIAN_POINT('',(0.00313653237218344,-0.019523644223114,0.0192281877806569));
#5522=CARTESIAN_POINT('',(0.00337071923060924,-0.0195017375380676,0.0194274640631995));
#5523=CARTESIAN_POINT('',(0.003657754287227,-0.0194679700594011,0.019601885392679));
#5524=CARTESIAN_POINT('',(0.00417674621781029,-0.0193910371584541,0.0197953417067719));
#5525=CARTESIAN_POINT('',(0.00453221460953101,-0.0193132562352402,0.0197919513479873));
#5526=CARTESIAN_POINT('',(0.00471520132574501,-0.0192672610562664,0.0197742786409288));
#5527=CARTESIAN_POINT('',(0.00471520132376213,-0.0192672610481625,0.0197742786409288));
#5528=CARTESIAN_POINT('',(0.00471520132376198,-0.0192672610481625,0.0197742786409288));
#5529=CARTESIAN_POINT('',(0.0047031556156367,-0.0192180345787512,0.0197742786409288));
#5530=CARTESIAN_POINT('',(0.00469110990751142,-0.01916880810934,0.0197742786409288));
#5531=CARTESIAN_POINT('',(0.00467906419938614,-0.0191195816399287,0.0197742786409288));
#5532=CARTESIAN_POINT('',(0.00251654766660031,-0.0194585916477443,0.0178057059933647));
#5533=CARTESIAN_POINT('',(0.00247802097276592,-0.0194617385557979,0.0168344628325958));
#5534=CARTESIAN_POINT('',(0.0024243128075027,-0.0194660229536684,0.0158644703329999));
#5535=CARTESIAN_POINT('',(0.00228198879395355,-0.0194763491149243,0.0139273922605161));
#5536=CARTESIAN_POINT('',(0.00219405121675739,-0.0194823831308268,0.012960245116189));
#5537=CARTESIAN_POINT('',(0.00202172006328158,-0.0194924361309303,0.0115128724543925));
#5538=CARTESIAN_POINT('',(0.00195740508935968,-0.0194959581651233,0.0110305158838327));
#5539=CARTESIAN_POINT('',(0.00180704879732451,-0.0195033204755703,0.0100705138933207));
#5540=CARTESIAN_POINT('',(0.00172215844322694,-0.0195071493297551,0.00959261839254469));
#5541=CARTESIAN_POINT('',(0.00155850974124451,-0.0195132604650854,0.00888364586808948));
#5542=CARTESIAN_POINT('',(0.00149796077470105,-0.0195153595290409,0.00864862204821925));
#5543=CARTESIAN_POINT('',(0.001350242169824,-0.0195197992783314,0.0081843440912326));
#5544=CARTESIAN_POINT('',(0.00126336993801851,-0.0195221803555459,0.00795276357104929));
#5545=CARTESIAN_POINT('',(0.00108360482930209,-0.0195258807227157,0.00763444747392989));
#5546=CARTESIAN_POINT('',(0.00101400223917043,-0.0195271501085555,0.00753205264947292));
#5547=CARTESIAN_POINT('',(0.000851938195686745,-0.0195295052448479,0.00734737124085549));
#5548=CARTESIAN_POINT('',(0.000759523835943179,-0.0195305802414427,0.00726512271588004));
#5549=CARTESIAN_POINT('',(0.000553604925801334,-0.0195322465736069,0.00713008221459086));
#5550=CARTESIAN_POINT('',(0.000441764956136895,-0.0195328195590692,0.00707814399056538));
#5551=CARTESIAN_POINT('',(0.000204494118211379,-0.0195334564572607,0.0070105181155447));
#5552=CARTESIAN_POINT('',(8.27422367966557E-5,-0.0195335196768379,0.00699566146734789));
#5553=CARTESIAN_POINT('',(-0.00016440802377308,-0.0195334729020203,0.00700597659792989));
#5554=CARTESIAN_POINT('',(-0.000283856506658704,-0.019533322231936,0.00703065117994632));
#5555=CARTESIAN_POINT('',(-0.000514939091282962,-0.0195324693499196,0.00711695590844981));
#5556=CARTESIAN_POINT('',(-0.00062227432258956,-0.0195317779429112,0.00717739638133643));
#5557=CARTESIAN_POINT('',(-0.000768484295850507,-0.0195304027012268,0.00728944290986792));
#5558=CARTESIAN_POINT('',(-0.000815027934392315,-0.0195298863894788,0.0073306640072723));
#5559=CARTESIAN_POINT('',(-0.000901242342079193,-0.0195287988785238,0.00741760877129648));
#5560=CARTESIAN_POINT('',(-0.000941296518849867,-0.0195282247974575,0.00746359683956291));
#5561=CARTESIAN_POINT('',(-0.00105354077500453,-0.0195264551649829,0.00760808606290893));
#5562=CARTESIAN_POINT('',(-0.00111811409211404,-0.0195252094135779,0.00771387904432584));
#5563=CARTESIAN_POINT('',(-0.00128620928781735,-0.0195215882930832,0.00804104982710731));
#5564=CARTESIAN_POINT('',(-0.00136836282663592,-0.0195192894748197,0.00827425523607881));
#5565=CARTESIAN_POINT('',(-0.00150981690790461,-0.0195149601262968,0.00874070735971918));
#5566=CARTESIAN_POINT('',(-0.00156840078547183,-0.0195129075508736,0.00897540678967768));
#5567=CARTESIAN_POINT('',(-0.00172727089869033,-0.0195069213296092,0.00968155346729827));
#5568=CARTESIAN_POINT('',(-0.00181052475028734,-0.0195031575294062,0.0101550673881072));
#5569=CARTESIAN_POINT('',(-0.00195828352671117,-0.0194959076782345,0.0111043707636783));
#5570=CARTESIAN_POINT('',(-0.00202177350489817,-0.0194924318062113,0.0115802833702704));
#5571=CARTESIAN_POINT('',(-0.00219266079874986,-0.0194824666421795,0.013010399010351));
#5572=CARTESIAN_POINT('',(-0.00228071872778898,-0.019476437522042,0.013966950349141));
#5573=CARTESIAN_POINT('',(-0.00242367159108701,-0.0194660731678533,0.015884085650265));
#5574=CARTESIAN_POINT('',(-0.0024779611248485,-0.0194617443269935,0.0168447531044807));
#5575=CARTESIAN_POINT('',(-0.00251694498587634,-0.0194585591896928,0.0178072639757749));
#5576=CARTESIAN_POINT('',(0.00252904555059831,-0.0196115996613773,0.0178057059933647));
#5577=CARTESIAN_POINT('',(0.00249018341099157,-0.0196147739690569,0.0168344627672828));
#5578=CARTESIAN_POINT('',(0.00243601170586667,-0.0196190952725696,0.0158644703329999));
#5579=CARTESIAN_POINT('',(0.00229250809039916,-0.0196295070185369,0.0139273922605161));
#5580=CARTESIAN_POINT('',(0.00220385752798543,-0.0196355896519665,0.012960245116189));
#5581=CARTESIAN_POINT('',(0.00203022736486536,-0.019645718430267,0.0115128724543925));
#5582=CARTESIAN_POINT('',(0.00196543951985274,-0.0196492662697502,0.0110305158838327));
#5583=CARTESIAN_POINT('',(0.0018140305870922,-0.0196566801235527,0.0100705138933207));
#5584=CARTESIAN_POINT('',(0.00172856453578738,-0.0196605346962727,0.00959261839254469));
#5585=CARTESIAN_POINT('',(0.00156389991887503,-0.0196666837689257,0.00888364586808948));
#5586=CARTESIAN_POINT('',(0.00150298686039228,-0.0196687953770683,0.00864862204821925));
#5587=CARTESIAN_POINT('',(0.00135443999954528,-0.0196732600199656,0.0081843440912326));
#5588=CARTESIAN_POINT('',(0.00126709862781437,-0.0196756537096928,0.00795276357104929));
#5589=CARTESIAN_POINT('',(0.00108647959474218,-0.0196793716544318,0.00763444747392989));
#5590=CARTESIAN_POINT('',(0.00101656210242166,-0.0196806467039906,0.00753205264947292));
#5591=CARTESIAN_POINT('',(0.000853839737451258,-0.0196830114070986,0.00734737124085549));
#5592=CARTESIAN_POINT('',(0.000761083041902575,-0.0196840902368317,0.00726512271588004));
#5593=CARTESIAN_POINT('',(0.000554530221304727,-0.0196857616987111,0.00713008221459086));
#5594=CARTESIAN_POINT('',(0.000442400857783672,-0.0196863359916282,0.00707814399056538));
#5595=CARTESIAN_POINT('',(0.000204682377862847,-0.0196869740914102,0.0070105181155447));
#5596=CARTESIAN_POINT('',(8.28115671754184E-5,-0.019687037279129,0.00699566146734789));
#5597=CARTESIAN_POINT('',(-0.000164535462583292,-0.0196869904670714,0.00700597659792989));
#5598=CARTESIAN_POINT('',(-0.000284172750444158,-0.0196868396967715,0.00703065117994632));
#5599=CARTESIAN_POINT('',(-0.000515756048401277,-0.0196859849667172,0.00711695590844981));
#5600=CARTESIAN_POINT('',(-0.000623395794143916,-0.0196852917716675,0.00717739638133643));
#5601=CARTESIAN_POINT('',(-0.000770089429208006,-0.0196839119806911,0.00728944290986792));
#5602=CARTESIAN_POINT('',(-0.000816800268328842,-0.0196833938325192,0.0073306640072723));
#5603=CARTESIAN_POINT('',(-0.000903342650230272,-0.0196823021844884,0.00741760877129648));
#5604=CARTESIAN_POINT('',(-0.000943558811668547,-0.0196817257950534,0.00746359683956291));
#5605=CARTESIAN_POINT('',(-0.00105627631897186,-0.0196799487013453,0.00760808606290893));
#5606=CARTESIAN_POINT('',(-0.00112114889528142,-0.0196786972406731,0.00771387904432584));
#5607=CARTESIAN_POINT('',(-0.00129005864556493,-0.0196750585729769,0.00804104982710731));
#5608=CARTESIAN_POINT('',(-0.00137265915587795,-0.0196727474530232,0.00827425523607881));
#5609=CARTESIAN_POINT('',(-0.00151491330962978,-0.0196683936174541,0.00874070735971918));
#5610=CARTESIAN_POINT('',(-0.00157385111986381,-0.0196663287108134,0.00897540678967768));
#5611=CARTESIAN_POINT('',(-0.00173371153847816,-0.0196603051748704,0.00968155346729827));
#5612=CARTESIAN_POINT('',(-0.00181753042892079,-0.0196565160584995,0.0101550673881072));
#5613=CARTESIAN_POINT('',(-0.00196632456666612,-0.0196492154068564,0.0111043707636783));
#5614=CARTESIAN_POINT('',(-0.00203028127384849,-0.0196457140691857,0.0115802833702704));
#5615=CARTESIAN_POINT('',(-0.00220245650085224,-0.0196356738003007,0.013010399010351));
#5616=CARTESIAN_POINT('',(-0.00229122767905158,-0.0196295961452403,0.013966950349141));
#5617=CARTESIAN_POINT('',(-0.0024353649960566,-0.0196191459159075,0.015884085650265));
#5618=CARTESIAN_POINT('',(-0.00249012300334254,-0.0196147797936589,0.0168447530385826));
#5619=CARTESIAN_POINT('',(-0.00252944632921554,-0.0196115669207232,0.0178072639757749));
#5620=CARTESIAN_POINT('',(-0.00251694498587634,-0.0194585591896928,0.0178072639757749));
#5621=CARTESIAN_POINT('',(-0.00251977304743224,-0.0194931726924295,0.0178072639757749));
#5622=CARTESIAN_POINT('',(-0.00252260110898815,-0.0195277861951662,0.0178072639757749));
#5623=CARTESIAN_POINT('',(-0.00252542917054406,-0.0195623996979029,0.0178072639757749));
#5624=CARTESIAN_POINT('',(-0.00252542917061943,-0.0195623996978967,0.0178072639757749));
#5625=CARTESIAN_POINT('',(-0.00252542917054406,-0.0195623996979028,0.0178072639757749));
#5626=CARTESIAN_POINT('',(-0.00249770769024924,-0.0195650110863548,0.0171261519973444));
#5627=CARTESIAN_POINT('',(-0.00242930569155454,-0.0195713078774739,0.0158287002958195));
#5628=CARTESIAN_POINT('',(-0.00231979982120606,-0.0195807139267568,0.0143679093238743));
#5629=CARTESIAN_POINT('',(-0.00222143355727006,-0.0195886660721549,0.0132953491201378));
#5630=CARTESIAN_POINT('',(-0.00215560906810604,-0.0195937405876038,0.0126652122262373));
#5631=CARTESIAN_POINT('',(-0.00210070456627613,-0.0195978271382645,0.0121846978551013));
#5632=CARTESIAN_POINT('',(-0.00205871560722946,-0.0196008850324894,0.011837326170944));
#5633=CARTESIAN_POINT('',(-0.00202242293099201,-0.0196034623101413,0.0115545128155801));
#5634=CARTESIAN_POINT('',(-0.00199748333471465,-0.0196051996728155,0.0113682951549714));
#5635=CARTESIAN_POINT('',(-0.00198165730261653,-0.0196062889551962,0.0112532189673339));
#5636=CARTESIAN_POINT('',(-0.00197379201485057,-0.0196068290531743,0.0111962921847708));
#5637=CARTESIAN_POINT('',(-0.00195030745358678,-0.0196084233958823,0.01103066992734));
#5638=CARTESIAN_POINT('',(-0.00192425699947641,-0.0196101674487914,0.0108529203800564));
#5639=CARTESIAN_POINT('',(-0.00187577223906059,-0.0196133612002884,0.0105344330046039));
#5640=CARTESIAN_POINT('',(-0.00180749765485335,-0.0196177273362695,0.0101196215045907));
#5641=CARTESIAN_POINT('',(-0.00172363683592931,-0.0196228327540244,0.00966658390896261));
#5642=CARTESIAN_POINT('',(-0.00161159792979101,-0.019629325562984,0.00913058909349589));
#5643=CARTESIAN_POINT('',(-0.001469972107825,-0.0196371463089932,0.00857305903839146));
#5644=CARTESIAN_POINT('',(-0.0013238449097214,-0.0196444075009014,0.00814068098229767));
#5645=CARTESIAN_POINT('',(-0.00118736431697987,-0.0196529104783442,0.00781570277698905));
#5646=CARTESIAN_POINT('',(-0.00100373008089711,-0.019663050022959,0.00753445902811241));
#5647=CARTESIAN_POINT('',(-0.000879377327254869,-0.0196691389602978,0.0073886879453791));
#5648=CARTESIAN_POINT('',(-0.000739215694000908,-0.0196751667398059,0.00726316308665112));
#5649=CARTESIAN_POINT('',(-0.000685368943946458,-0.0196770867155448,0.00722515721767662));
#5650=CARTESIAN_POINT('',(-0.000572273555800263,-0.0196805189846264,0.00714986144755943));
#5651=CARTESIAN_POINT('',(-0.000366592970864079,-0.0196846873091831,0.00704758528750854));
#5652=CARTESIAN_POINT('',(2.00855909506724E-5,-0.0196870911808461,0.0069666621836017));
#5653=CARTESIAN_POINT('',(0.000390985896553276,-0.0196845330089213,0.00705174264630459));
#5654=CARTESIAN_POINT('',(0.000599572391374522,-0.0196800260900644,0.00715752461494738));
#5655=CARTESIAN_POINT('',(0.000714411247243648,-0.0196763742077857,0.00723609937198237));
#5656=CARTESIAN_POINT('',(0.000773131111858423,-0.019674148384994,0.00727973471825295));
#5657=CARTESIAN_POINT('',(0.000904643537781753,-0.0196682395090374,0.00740123171845641));
#5658=CARTESIAN_POINT('',(0.00102735037692314,-0.0196621219571731,0.00754783594937704));
#5659=CARTESIAN_POINT('',(0.00120670798522031,-0.0196520132147341,0.00782666594617508));
#5660=CARTESIAN_POINT('',(0.00135086089471878,-0.019643103911945,0.00817533433256246));
#5661=CARTESIAN_POINT('',(0.00149250008852953,-0.0196359965669303,0.00860631277245827));
#5662=CARTESIAN_POINT('',(0.00163184681598429,-0.0196282007408224,0.00916461103463637));
#5663=CARTESIAN_POINT('',(0.00174172512987215,-0.0196217681172185,0.00969895432825861));
#5664=CARTESIAN_POINT('',(0.00182367887836576,-0.0196167165107284,0.0101504095256392));
#5665=CARTESIAN_POINT('',(0.00189065926183346,-0.019612400755384,0.0105634683572118));
#5666=CARTESIAN_POINT('',(0.00193811958475002,-0.019609249526568,0.0108804197367908));
#5667=CARTESIAN_POINT('',(0.00196361082526492,-0.0196075294632333,0.0110573266541799));
#5668=CARTESIAN_POINT('',(0.00198654937148491,-0.019605960161184,0.0112219066523816));
#5669=CARTESIAN_POINT('',(0.00199431481755282,-0.0196054229078831,0.0112790928470082));
#5670=CARTESIAN_POINT('',(0.00200985025225217,-0.0196043455440646,0.0113940549581601));
#5671=CARTESIAN_POINT('',(0.00203435065314459,-0.0196026262421257,0.0115802644416622));
#5672=CARTESIAN_POINT('',(0.00206996685339289,-0.0196000793186664,0.0118628636233032));
#5673=CARTESIAN_POINT('',(0.00211115667465108,-0.0195970621362237,0.012209712366957));
#5674=CARTESIAN_POINT('',(0.0021649390642337,-0.0195930362992856,0.0126892643801229));
#5675=CARTESIAN_POINT('',(0.0022292793798589,-0.0195880491058401,0.0133176857668573));
#5676=CARTESIAN_POINT('',(0.00232518803490783,-0.0195802578960843,0.0143863561655621));
#5677=CARTESIAN_POINT('',(0.00243171636772564,-0.0195710842194236,0.0158401042912205));
#5678=CARTESIAN_POINT('',(0.00249807048022642,-0.0195649714349248,0.017129386333819));
#5679=CARTESIAN_POINT('',(0.00252502959944365,-0.0195624335218036,0.0178057059933647));
#5680=CARTESIAN_POINT('',(-0.00251694498587633,-0.0194585591896928,0.0178072639757749));
#5681=CARTESIAN_POINT('',(-0.00252824833184611,-0.0194576356611206,0.0180863433973381));
#5682=CARTESIAN_POINT('',(-0.00258993083370839,-0.0194528245116155,0.0183542508331474));
#5683=CARTESIAN_POINT('',(-0.00275955205231027,-0.019437108050102,0.0187345290304119));
#5684=CARTESIAN_POINT('',(-0.00282754722216333,-0.0194305341680984,0.0188538239915806));
#5685=CARTESIAN_POINT('',(-0.00298652335033384,-0.0194137911986908,0.0190773744051475));
#5686=CARTESIAN_POINT('',(-0.00307861738175716,-0.019403482831184,0.0191824026049227));
#5687=CARTESIAN_POINT('',(-0.00327993817115831,-0.0193786520954761,0.0193682552698898));
#5688=CARTESIAN_POINT('',(-0.00338965245238491,-0.0193640939838375,0.0194501111076672));
#5689=CARTESIAN_POINT('',(-0.0036271942008063,-0.0193292125218806,0.0195900419259821));
#5690=CARTESIAN_POINT('',(-0.00375114254503769,-0.0193094467954519,0.0196458591011466));
#5691=CARTESIAN_POINT('',(-0.00400874479729588,-0.0192642269432101,0.0197304028927259));
#5692=CARTESIAN_POINT('',(-0.00414350839507794,-0.0192385026701959,0.0197589765524607));
#5693=CARTESIAN_POINT('',(-0.00441117304790459,-0.0191826417347536,0.0197871480731611));
#5694=CARTESIAN_POINT('',(-0.00454528234267263,-0.0191523244490616,0.0197873481212466));
#5695=CARTESIAN_POINT('',(-0.00467958123871009,-0.0191194551081315,0.0197742281348147));
#5696=CARTESIAN_POINT('',(-0.00252954123814576,-0.0196127285371351,0.0178072639757749));
#5697=CARTESIAN_POINT('',(-0.00254094378679006,-0.0196117969033076,0.0180863440525869));
#5698=CARTESIAN_POINT('',(-0.00260315888272104,-0.0196069444958135,0.0183542508331474));
#5699=CARTESIAN_POINT('',(-0.00277434485761102,-0.019591083049892,0.0187345290304119));
#5700=CARTESIAN_POINT('',(-0.00284297728434159,-0.0195844476754465,0.0188538239915806));
#5701=CARTESIAN_POINT('',(-0.0030034957544552,-0.0195675422704313,0.0190773744051475));
#5702=CARTESIAN_POINT('',(-0.00309650826346183,-0.0195571313794279,0.0191824026049227));
#5703=CARTESIAN_POINT('',(-0.00329991728580703,-0.0195320430828368,0.0193682552698898));
#5704=CARTESIAN_POINT('',(-0.00341080560607728,-0.0195173296763207,0.0194501111076672));
#5705=CARTESIAN_POINT('',(-0.00365098744980789,-0.0194820605335258,0.0195900419259821));
#5706=CARTESIAN_POINT('',(-0.00377635890330384,-0.0194620685344819,0.0196458591011466));
#5707=CARTESIAN_POINT('',(-0.00403701712820892,-0.0194163122326154,0.0197304028927259));
#5708=CARTESIAN_POINT('',(-0.00417342828557977,-0.0193902742190152,0.0197589765524607));
#5709=CARTESIAN_POINT('',(-0.00444445538339123,-0.0193337115498167,0.0197871480731611));
#5710=CARTESIAN_POINT('',(-0.0045802942331572,-0.0193030039365017,0.0197873480625268));
#5711=CARTESIAN_POINT('',(-0.00471635420043682,-0.0192697035775009,0.0197742281348147));
#5712=CARTESIAN_POINT('',(-0.00467958123871009,-0.0191194551081315,0.0197742281348147));
#5713=CARTESIAN_POINT('',(-0.00469162915202235,-0.019168680964556,0.0197742281348147));
#5714=CARTESIAN_POINT('',(-0.0047036770653346,-0.0192179068209804,0.0197742281348147));
#5715=CARTESIAN_POINT('',(-0.00471572497864686,-0.0192671326774049,0.0197742281348147));
#5716=CARTESIAN_POINT('',(-0.00471572497863452,-0.0192671326774079,0.0197742281348147));
#5717=CARTESIAN_POINT('',(-0.00471572497864685,-0.0192671326774049,0.0197742281348147));
#5718=CARTESIAN_POINT('',(-0.00453179890728472,-0.0193133315588565,0.0197919939595615));
#5719=CARTESIAN_POINT('',(-0.00417747252233288,-0.0193906364233291,0.0197936329124566));
#5720=CARTESIAN_POINT('',(-0.00366589128508346,-0.0194667816175804,0.01960581762076));
#5721=CARTESIAN_POINT('',(-0.00337513570620041,-0.0195012358363884,0.019430050808039));
#5722=CARTESIAN_POINT('',(-0.00314420434994166,-0.0195229692965811,0.0192351707224032));
#5723=CARTESIAN_POINT('',(-0.00301154549754259,-0.019533278663977,0.019088703166018));
#5724=CARTESIAN_POINT('',(-0.00283607327640607,-0.0195458945985992,0.0188579510039705));
#5725=CARTESIAN_POINT('',(-0.00261307709997125,-0.0195587220213539,0.0184330922017744));
#5726=CARTESIAN_POINT('',(-0.00253550084590453,-0.0195617606438331,0.0180541062935872));
#5727=CARTESIAN_POINT('',(-0.00252542917084243,-0.0195623996996974,0.0178072639757749));
#5728=CARTESIAN_POINT('',(-0.00467958123871009,-0.0191194551081315,0.0197742281348147));
#5729=CARTESIAN_POINT('',(-0.00537839822223432,-0.0189484212847696,0.0197059590007693));
#5730=CARTESIAN_POINT('',(-0.00604675801190798,-0.0187166250695534,0.0196148219079043));
#5731=CARTESIAN_POINT('',(-0.00700211330246506,-0.0182739077964514,0.0194437984874835));
#5732=CARTESIAN_POINT('',(-0.00731277352636986,-0.0181106716330878,0.0193811171871334));
#5733=CARTESIAN_POINT('',(-0.00791862876053653,-0.0177530195957938,0.0192447239587182));
#5734=CARTESIAN_POINT('',(-0.0082143562077693,-0.0175578186111233,0.0191705856321351));
#5735=CARTESIAN_POINT('',(-0.0085,-0.0173509102628838,0.0190917856977133));
#5736=CARTESIAN_POINT('',(-0.00471594184106165,-0.0192680187428266,0.0197742281348147));
#5737=CARTESIAN_POINT('',(-0.00542376359926023,-0.0190947810219102,0.0197059642022853));
#5738=CARTESIAN_POINT('',(-0.00610185014208327,-0.0188596679745295,0.0196148219079043));
#5739=CARTESIAN_POINT('',(-0.00707102906841686,-0.0184105447471235,0.0194437984874835));
#5740=CARTESIAN_POINT('',(-0.00738618620500549,-0.0182449445730998,0.0193811171871334));
#5741=CARTESIAN_POINT('',(-0.0080007209827451,-0.0178821687764213,0.0192447239587182));
#5742=CARTESIAN_POINT('',(-0.00830055310416875,-0.0176842397582882,0.0191705837544235));
#5743=CARTESIAN_POINT('',(-0.00858972367852569,-0.0174747767574213,0.0190917856977133));
#5744=CARTESIAN_POINT('',(-0.00858779723673975,-0.0174721172410609,0.0190917856977132));
#5745=CARTESIAN_POINT('',(-0.00743188159960749,-0.0183103900902472,0.0194069780858182));
#5746=CARTESIAN_POINT('',(-0.00613107313662924,-0.0189199156131465,0.0196377002077093));
#5747=CARTESIAN_POINT('',(-0.00471572497665259,-0.0192671326693635,0.0197742281348147));
#5748=CARTESIAN_POINT('',(0.0085,-0.0173509102628839,0.0190917856977133));
#5749=CARTESIAN_POINT('',(0.00821432250280419,-0.0175578430255822,0.0191705949302508));
#5750=CARTESIAN_POINT('',(0.00791855415330076,-0.0177530687981168,0.0192447426067028));
#5751=CARTESIAN_POINT('',(0.00731261586244842,-0.0181107595444669,0.0193811508285094));
#5752=CARTESIAN_POINT('',(0.00700191296362742,-0.0182740104755169,0.019443837954666));
#5753=CARTESIAN_POINT('',(0.00604642656338951,-0.0187167589717012,0.0196148740313447));
#5754=CARTESIAN_POINT('',(0.00537797514641314,-0.0189485582581138,0.0197060130808216));
#5755=CARTESIAN_POINT('',(0.00467906419938616,-0.0191195816399287,0.0197742786409288));
#5756=CARTESIAN_POINT('',(0.0085897238046224,-0.0174747769315021,0.0190917856977133));
#5757=CARTESIAN_POINT('',(0.00830051912737877,-0.0176842646350655,0.01917059304657));
#5758=CARTESIAN_POINT('',(0.00800064542965662,-0.0178822188606366,0.0192447426067028));
#5759=CARTESIAN_POINT('',(0.00738602637793398,-0.0182450339371065,0.0193811508285094));
#5760=CARTESIAN_POINT('',(0.00707082592163683,-0.0184106491067105,0.019443837954666));
#5761=CARTESIAN_POINT('',(0.00610151398698071,-0.0188598040096955,0.0196148740313447));
#5762=CARTESIAN_POINT('',(0.00542333461265097,-0.0190949200939047,0.0197060182860269));
#5763=CARTESIAN_POINT('',(0.00471541814650855,-0.0192681471246118,0.0197742786409288));
#5764=CARTESIAN_POINT('',(0.00471520132376229,-0.0192672610481624,0.0197742786409288));
#5765=CARTESIAN_POINT('',(0.00613073890879767,-0.0189200652887983,0.0196377578690352));
#5766=CARTESIAN_POINT('',(0.00743174528502763,-0.0183104889221172,0.0194070152549274));
#5767=CARTESIAN_POINT('',(0.00858779723671611,-0.0174721172410284,0.0190917856977133));
#5768=CARTESIAN_POINT('',(0.00299999998174557,0.0201279577802046,0.010529634150014));
#5769=CARTESIAN_POINT('',(0.00399315573316668,0.0200329800747788,0.0105161373784492));
#5770=CARTESIAN_POINT('',(0.00497431880052323,0.0198912404549563,0.0104959029448547));
#5771=CARTESIAN_POINT('',(0.00691115937929834,0.019509222877071,0.0104408687048026));
#5772=CARTESIAN_POINT('',(0.00786682355072719,0.0192687819392963,0.0104059441880303));
#5773=CARTESIAN_POINT('',(0.00927827632739527,0.0188225737925168,0.0103416298882553));
#5774=CARTESIAN_POINT('',(0.00974508225238531,0.0186595609230367,0.0103182146296511));
#5775=CARTESIAN_POINT('',(0.0104391303636172,0.0183910491245311,0.0102803448528939));
#5776=CARTESIAN_POINT('',(0.0106694494732236,0.0182975324243423,0.0102672659177023));
#5777=CARTESIAN_POINT('',(0.0111278902332719,0.0181019166213176,0.0102403010187518));
#5778=CARTESIAN_POINT('',(0.0113563680382018,0.0179996393212854,0.010226390131288));
#5779=CARTESIAN_POINT('',(0.0124850902853029,0.0174689616387157,0.0101557856115226));
#5780=CARTESIAN_POINT('',(0.0133490839867323,0.0169817541225015,0.0100942455866541));
#5781=CARTESIAN_POINT('',(0.0145729694671711,0.0161323748944278,0.0100194314338191));
#5782=CARTESIAN_POINT('',(0.0149694753636369,0.0158287087241304,0.00999769153411575));
#5783=CARTESIAN_POINT('',(0.0157317165991374,0.0151770088810514,0.00996879728032522));
#5784=CARTESIAN_POINT('',(0.0160918164349851,0.0148332016291487,0.00996194643707341));
#5785=CARTESIAN_POINT('',(0.0167678173275727,0.0141080417667171,0.00997040794182188));
#5786=CARTESIAN_POINT('',(0.0170838969465213,0.0137268479344268,0.00998583783470923));
#5787=CARTESIAN_POINT('',(0.0175250666508035,0.0131271867518564,0.0100289848961831));
#5788=CARTESIAN_POINT('',(0.0176666522388543,0.0129226695906634,0.0100466158477211));
#5789=CARTESIAN_POINT('',(0.0179388934669838,0.0125043832247511,0.0100883091902258));
#5790=CARTESIAN_POINT('',(0.0180695451780646,0.0122905274927491,0.0101124008288148));
#5791=CARTESIAN_POINT('',(0.0184411396354547,0.0116423720049976,0.0101931885920078));
#5792=CARTESIAN_POINT('',(0.0186633523698701,0.0111991886310084,0.010258591883504));
#5793=CARTESIAN_POINT('',(0.0189608076188042,0.0105187201232305,0.0103721006616133));
#5794=CARTESIAN_POINT('',(0.0190541643913149,0.0102887250211191,0.0104126117473806));
#5795=CARTESIAN_POINT('',(0.0192280703599504,0.00982653346597251,0.010497962297936));
#5796=CARTESIAN_POINT('',(0.0193085767075348,0.00959456431919885,0.0105427468464229));
#5797=CARTESIAN_POINT('',(0.0196807399615071,0.00843052256379466,0.010776246402802));
#5798=CARTESIAN_POINT('',(0.0198826012883511,0.00748604449912114,0.010993285911937));
#5799=CARTESIAN_POINT('',(0.0200308408488313,0.00628959416348819,0.0112909456147734));
#5800=CARTESIAN_POINT('',(0.0200552136665722,0.00604950113093018,0.0113518154464633));
#5801=CARTESIAN_POINT('',(0.0200935307894203,0.00556768838984676,0.0114760274872843));
#5802=CARTESIAN_POINT('',(0.0201074878658926,0.00532545432626959,0.0115395076367944));
#5803=CARTESIAN_POINT('',(0.0201336491476457,0.00460059954442982,0.0117322234717156));
#5804=CARTESIAN_POINT('',(0.0201303194946068,0.00412022631351178,0.0118634890655509));
#5805=CARTESIAN_POINT('',(0.0200596353414557,0.00268682412854346,0.0122631494856795));
#5806=CARTESIAN_POINT('',(0.0199306395689643,0.00174159841689534,0.0125373777964852));
#5807=CARTESIAN_POINT('',(0.0196233362920033,0.000337287875982742,0.0129563983189215));
#5808=CARTESIAN_POINT('',(0.0195017830977845,-0.000128688907816964,0.0130973892485511));
#5809=CARTESIAN_POINT('',(0.0192282339127172,-0.00104227531860384,0.013377166545422));
#5810=CARTESIAN_POINT('',(0.0190759023194834,-0.0014918600106975,0.0135165880445216));
#5811=CARTESIAN_POINT('',(0.0185803812140712,-0.00282253483983865,0.0139343842156885));
#5812=CARTESIAN_POINT('',(0.0181989788756185,-0.00368565622170441,0.0142124051523686));
#5813=CARTESIAN_POINT('',(0.0175815889545198,-0.00495816105772311,0.0146316860594312));
#5814=CARTESIAN_POINT('',(0.0173681362292655,-0.00537858281742989,0.0147718183517698));
#5815=CARTESIAN_POINT('',(0.0169305464041077,-0.00621392863324601,0.0150534165973));
#5816=CARTESIAN_POINT('',(0.0167065085903994,-0.0066288880953546,0.0151949175928692));
#5817=CARTESIAN_POINT('',(0.0160231879493379,-0.00786791337404156,0.0156210807874631));
#5818=CARTESIAN_POINT('',(0.0155518612046441,-0.00868610151043798,0.0159062796751628));
#5819=CARTESIAN_POINT('',(0.0145664221041497,-0.0103020116929975,0.016477331236789));
#5820=CARTESIAN_POINT('',(0.0140527820282789,-0.0110993485112835,0.0167630591647904));
#5821=CARTESIAN_POINT('',(0.0129731229201976,-0.0126556501403058,0.0173283030687512));
#5822=CARTESIAN_POINT('',(0.0124068212625591,-0.0134159198110489,0.0176083420584772));
#5823=CARTESIAN_POINT('',(0.0118,-0.0141496655965843,0.0178817931611208));
#5824=CARTESIAN_POINT('',(0.00301477158129721,0.0202824203352497,0.010529634150014));
#5825=CARTESIAN_POINT('',(0.00401290717431131,0.0201869663964362,0.0105161372536803));
#5826=CARTESIAN_POINT('',(0.00499906470780509,0.0200445163129673,0.0104959029448547));
#5827=CARTESIAN_POINT('',(0.00694646611945452,0.019660415742894,0.0104408687048026));
#5828=CARTESIAN_POINT('',(0.00790767523829279,0.0194186037490468,0.0104059441880303));
#5829=CARTESIAN_POINT('',(0.00932800859412646,0.0189695881496644,0.0103416298882553));
#5830=CARTESIAN_POINT('',(0.00979786639662409,0.0188055147108755,0.0103182146296511));
#5831=CARTESIAN_POINT('',(0.0104967186520212,0.0185351442956988,0.0102803448528939));
#5832=CARTESIAN_POINT('',(0.0107286741474356,0.018440964033876,0.0102672659177023));
#5833=CARTESIAN_POINT('',(0.0111904604275901,0.0182439207037657,0.0102403010187518));
#5834=CARTESIAN_POINT('',(0.0114206482113015,0.0181408789677672,0.010226390131288));
#5835=CARTESIAN_POINT('',(0.0125580710248398,0.0176061106451434,0.0101557856115226));
#5836=CARTESIAN_POINT('',(0.0134295381989905,0.0171147923500627,0.0100942455866541));
#5837=CARTESIAN_POINT('',(0.0146654454449834,0.0162570699901277,0.0100194314338191));
#5838=CARTESIAN_POINT('',(0.0150660829730061,0.015950260255044,0.00999769153411575));
#5839=CARTESIAN_POINT('',(0.0158367775674508,0.0152913329720931,0.00996879728032522));
#5840=CARTESIAN_POINT('',(0.0162012541425428,0.0149433640161771,0.00996194643707341));
#5841=CARTESIAN_POINT('',(0.0168853785311772,0.0142094899148437,0.00997040794182188));
#5842=CARTESIAN_POINT('',(0.0172053492168997,0.0138236043114901,0.00998583783470923));
#5843=CARTESIAN_POINT('',(0.0176518203454486,0.0132167371528198,0.0100289848961831));
#5844=CARTESIAN_POINT('',(0.0177950937500156,0.0130097806597587,0.0100466158477211));
#5845=CARTESIAN_POINT('',(0.0180705490270451,0.012586556052701,0.0100883091902258));
#5846=CARTESIAN_POINT('',(0.0182027265220669,0.0123702012251175,0.0101124008288148));
#5847=CARTESIAN_POINT('',(0.0185786178761115,0.0117145508539212,0.0101931885920078));
#5848=CARTESIAN_POINT('',(0.0188033380991637,0.0112663511267098,0.010258591883504));
#5849=CARTESIAN_POINT('',(0.019104079930286,0.0105783641243505,0.0103721006616133));
#5850=CARTESIAN_POINT('',(0.0191984551532979,0.010345857569967,0.0104126117473806));
#5851=CARTESIAN_POINT('',(0.0193742340143556,0.00987868841072761,0.010497962297936));
#5852=CARTESIAN_POINT('',(0.0194555946010416,0.00964425505261047,0.0105427468464229));
#5853=CARTESIAN_POINT('',(0.0198316544599005,0.00846802560606818,0.010776246402802));
#5854=CARTESIAN_POINT('',(0.0200354648919406,0.00751421347279207,0.010993285911937));
#5855=CARTESIAN_POINT('',(0.0201851122163768,0.00630640099029276,0.0112909456147734));
#5856=CARTESIAN_POINT('',(0.0202097138761209,0.00606404922354573,0.0113518154464633));
#5857=CARTESIAN_POINT('',(0.0202483883842887,0.00557774259597748,0.0114760274872843));
#5858=CARTESIAN_POINT('',(0.0202624741287973,0.00533326868195311,0.0115395076367944));
#5859=CARTESIAN_POINT('',(0.0202888755369931,0.00460176067869195,0.0117322234717156));
#5860=CARTESIAN_POINT('',(0.0202855155899538,0.00411698740884404,0.0118634890655509));
#5861=CARTESIAN_POINT('',(0.0202141800071806,0.00267037489876223,0.0122631494856795));
#5862=CARTESIAN_POINT('',(0.0200839655668869,0.00171640520913417,0.0125373777964852));
#5863=CARTESIAN_POINT('',(0.0197740439229193,0.000300129288536087,0.0129563983189215));
#5864=CARTESIAN_POINT('',(0.0196514854953965,-0.000169672011228102,0.0130973892485511));
#5865=CARTESIAN_POINT('',(0.0193758252258279,-0.00109030892049127,0.013377166545422));
#5866=CARTESIAN_POINT('',(0.019222392472064,-0.0015431148158743,0.0135165880445216));
#5867=CARTESIAN_POINT('',(0.0187236379672288,-0.00288247263183006,0.0139343842156885));
#5868=CARTESIAN_POINT('',(0.0183402162325203,-0.00375002155875582,0.0142124051523686));
#5869=CARTESIAN_POINT('',(0.0177203758182784,-0.00502757711599426,0.0146316860594312));
#5870=CARTESIAN_POINT('',(0.0175061990179471,-0.00544941565113842,0.0147718183517698));
#5871=CARTESIAN_POINT('',(0.0170673839827924,-0.00628710035599071,0.0150534165973));
#5872=CARTESIAN_POINT('',(0.016842851176649,-0.00670297265444039,0.0151949175928692));
#5873=CARTESIAN_POINT('',(0.0161581246569287,-0.00794454713052066,0.0156210807874631));
#5874=CARTESIAN_POINT('',(0.015685689142309,-0.00876467441267854,0.0159062796751628));
#5875=CARTESIAN_POINT('',(0.0146975472763277,-0.0103850165548274,0.016477331236789));
#5876=CARTESIAN_POINT('',(0.014182314450706,-0.0111848531581361,0.0167630591647904));
#5877=CARTESIAN_POINT('',(0.0130985748254613,-0.0127470367506977,0.0173283030687512));
#5878=CARTESIAN_POINT('',(0.0125297872400393,-0.013510706878586,0.017608352031141));
#5879=CARTESIAN_POINT('',(0.0119195733239047,-0.0142485549351136,0.0178817931611208));
#5880=CARTESIAN_POINT('',(0.00299999998174557,0.0201279578736945,0.010529634150014));
#5881=CARTESIAN_POINT('',(0.00313333501700394,0.0201279578736945,0.0105278385772177));
#5882=CARTESIAN_POINT('',(0.00326666838542999,0.0201279579671845,0.0105259241693416));
#5883=CARTESIAN_POINT('',(0.0034,0.0201279579671845,0.0105238903814102));
#5884=CARTESIAN_POINT('',(0.0034,0.0201279579671845,0.0105238903814102));
#5885=CARTESIAN_POINT('',(0.0119159381408945,-0.0142455485718917,0.0178817931611208));
#5886=CARTESIAN_POINT('',(0.0121403320756039,-0.0139735562778418,0.0177810775224207));
#5887=CARTESIAN_POINT('',(0.0124834238089095,-0.0135474777943328,0.0176234851716703));
#5888=CARTESIAN_POINT('',(0.0130118152453314,-0.0128420190233658,0.0173648834189803));
#5889=CARTESIAN_POINT('',(0.0133719425455672,-0.0123471907565281,0.0171842679988432));
#5890=CARTESIAN_POINT('',(0.0136361855558697,-0.0119700749983363,0.0170474815162511));
#5891=CARTESIAN_POINT('',(0.0138246126333385,-0.011695514666832,0.0169483018845318));
#5892=CARTESIAN_POINT('',(0.0138969638161032,-0.0115892468480023,0.0169099724114349));
#5893=CARTESIAN_POINT('',(0.0140261830141247,-0.0113981069872802,0.0168411266831098));
#5894=CARTESIAN_POINT('',(0.0141757415545562,-0.0111738059346935,0.0167605518829728));
#5895=CARTESIAN_POINT('',(0.0143650226092695,-0.01088546115674,0.0166572926866077));
#5896=CARTESIAN_POINT('',(0.0145261333874937,-0.0106357167077015,0.0165681745519362));
#5897=CARTESIAN_POINT('',(0.0146536289512177,-0.0104357434690401,0.0164969937129712));
#5898=CARTESIAN_POINT('',(0.0147421356232602,-0.0102955951727427,0.0164472099910791));
#5899=CARTESIAN_POINT('',(0.0147948552967976,-0.010211772629847,0.0164174610594255));
#5900=CARTESIAN_POINT('',(0.0149155547212023,-0.0100187503142522,0.0163490440617158));
#5901=CARTESIAN_POINT('',(0.0150980526097435,-0.00972354367361853,0.0162446732191339));
#5902=CARTESIAN_POINT('',(0.015317796065072,-0.0093618765228866,0.0161173236657461));
#5903=CARTESIAN_POINT('',(0.0155062872757243,-0.00904625526364601,0.0160066514653262));
#5904=CARTESIAN_POINT('',(0.0156070088457153,-0.00887574649045923,0.0159470245205195));
#5905=CARTESIAN_POINT('',(0.0156451189760171,-0.00881101274262536,0.0159244063429807));
#5906=CARTESIAN_POINT('',(0.0156620930299922,-0.00878216601561862,0.0159143284279078));
#5907=CARTESIAN_POINT('',(0.015659545462829,-0.00878648562719364,0.01591583845601));
#5908=CARTESIAN_POINT('',(0.0157451052707915,-0.00864122575260347,0.0158650769268728));
#5909=CARTESIAN_POINT('',(0.0158487071091541,-0.00846394031474822,0.0158032492516023));
#5910=CARTESIAN_POINT('',(0.0159892658994673,-0.00822152605035712,0.015718879826058));
#5911=CARTESIAN_POINT('',(0.0162072363823813,-0.00784091319141993,0.0155868463690016));
#5912=CARTESIAN_POINT('',(0.0164808111406202,-0.00735496713840993,0.0154190556072342));
#5913=CARTESIAN_POINT('',(0.016806843178069,-0.00676320624472919,0.0152159841128517));
#5914=CARTESIAN_POINT('',(0.0172398707712545,-0.00595915588442164,0.0149426801440494));
#5915=CARTESIAN_POINT('',(0.0176671744895454,-0.00513241815130841,0.0146663463788372));
#5916=CARTESIAN_POINT('',(0.0180817709092204,-0.00427770361152959,0.0143858771883776));
#5917=CARTESIAN_POINT('',(0.0183326033201702,-0.00373392407156338,0.0142095977479813));
#5918=CARTESIAN_POINT('',(0.0185051863254361,-0.00334166888258395,0.0140836905341325));
#5919=CARTESIAN_POINT('',(0.0185991380656196,-0.00312299647730402,0.0140138231687258));
#5920=CARTESIAN_POINT('',(0.0187035423192419,-0.00287478634527586,0.0139348293034053));
#5921=CARTESIAN_POINT('',(0.0187489350965043,-0.00276374133862182,0.0138996681717008));
#5922=CARTESIAN_POINT('',(0.0188586583347642,-0.00249326882159903,0.0138141340724448));
#5923=CARTESIAN_POINT('',(0.0189902723406361,-0.00215599914068667,0.0137081593396328));
#5924=CARTESIAN_POINT('',(0.0192167249025598,-0.00154344431407837,0.0135172428524354));
#5925=CARTESIAN_POINT('',(0.0195076840015174,-0.000672755943249132,0.0132495040368171));
#5926=CARTESIAN_POINT('',(0.019844588673818,0.000573223967013478,0.012874341795623));
#5927=CARTESIAN_POINT('',(0.0201192667038979,0.00200272079670746,0.0124550488262767));
#5928=CARTESIAN_POINT('',(0.0202566437426137,0.0033474324237563,0.0120743154209985));
#5929=CARTESIAN_POINT('',(0.0202812692671646,0.00437291390060626,0.0117942595523968));
#5930=CARTESIAN_POINT('',(0.0202713720123142,0.00498348660553476,0.0116313159940192));
#5931=CARTESIAN_POINT('',(0.0202509674669186,0.00545397359400243,0.0115079094695523));
#5932=CARTESIAN_POINT('',(0.0202164588174493,0.00593502140271839,0.0113842718430826));
#5933=CARTESIAN_POINT('',(0.020179778895407,0.00629930666045597,0.0112927110248861));
#5934=CARTESIAN_POINT('',(0.0201497836411014,0.00654889565153857,0.0112309908369505));
#5935=CARTESIAN_POINT('',(0.0201372630356345,0.0066473510908601,0.0112067889672345));
#5936=CARTESIAN_POINT('',(0.0201248291864433,0.00674032645969443,0.01118406467965));
#5937=CARTESIAN_POINT('',(0.0201190252645017,0.00678247542406961,0.0111737990031888));
#5938=CARTESIAN_POINT('',(0.0201178496008827,0.00679097736779395,0.0111717295599693));
#5939=CARTESIAN_POINT('',(0.0201106108210862,0.00684278633559685,0.0111591345284219));
#5940=CARTESIAN_POINT('',(0.02010004409459,0.00691628168602951,0.0111413334881399));
#5941=CARTESIAN_POINT('',(0.0200825724589938,0.00703376538583162,0.0111130065638039));
#5942=CARTESIAN_POINT('',(0.020046940748417,0.00725825336975486,0.0110593821820176));
#5943=CARTESIAN_POINT('',(0.0199845162512526,0.00761521289267975,0.0109754219874972));
#5944=CARTESIAN_POINT('',(0.0198712948958161,0.00816202574604532,0.0108509425330691));
#5945=CARTESIAN_POINT('',(0.0196508619067196,0.00904612468576196,0.0106590018980279));
#5946=CARTESIAN_POINT('',(0.0193371081719366,0.0100257690384556,0.0104642678438884));
#5947=CARTESIAN_POINT('',(0.0189226627065148,0.0109893347765136,0.0103033606436553));
#5948=CARTESIAN_POINT('',(0.0187233026488009,0.0114076267768521,0.0102393433178618));
#5949=CARTESIAN_POINT('',(0.0185463292287701,0.0117509916354619,0.0101908793524203));
#5950=CARTESIAN_POINT('',(0.0184265258635643,0.0119714450504225,0.0101616833427898));
#5951=CARTESIAN_POINT('',(0.0183407694261335,0.0121234145179451,0.0101425524875108));
#5952=CARTESIAN_POINT('',(0.0182865254819426,0.0122173820891857,0.0101311080213331));
#5953=CARTESIAN_POINT('',(0.0182860350647881,0.0122181356155889,0.0101310336803706));
#5954=CARTESIAN_POINT('',(0.0182663741357575,0.0122519762625162,0.010126951596708));
#5955=CARTESIAN_POINT('',(0.0182325443345685,0.012309634335903,0.0101201001732671));
#5956=CARTESIAN_POINT('',(0.018168387151011,0.0124176317066354,0.010107515117157));
#5957=CARTESIAN_POINT('',(0.0180707148733997,0.0125770285332655,0.0100898824511004));
#5958=CARTESIAN_POINT('',(0.0179554340738332,0.0127590667116856,0.0100709328281567));
#5959=CARTESIAN_POINT('',(0.0177787665201128,0.0130275974734562,0.0100451048199582));
#5960=CARTESIAN_POINT('',(0.0175115306017273,0.0134106092489571,0.0100131296428486));
#5961=CARTESIAN_POINT('',(0.0171062782480839,0.0139368885503646,0.00998172157679744));
#5962=CARTESIAN_POINT('',(0.016604318310317,0.0145192144537712,0.00996358823524199));
#5963=CARTESIAN_POINT('',(0.0159904539765087,0.0151456382955062,0.00996467804613392));
#5964=CARTESIAN_POINT('',(0.0153754557320156,0.0156915720961333,0.00998436232881328));
#5965=CARTESIAN_POINT('',(0.014881388093313,0.0160820707808446,0.0100084953645616));
#5966=CARTESIAN_POINT('',(0.0145963656778196,0.0162957632942434,0.010024037933798));
#5967=CARTESIAN_POINT('',(0.014338479509832,0.0164807037192172,0.0100390804305572));
#5968=CARTESIAN_POINT('',(0.0142111564160031,0.0165688481391863,0.0100468194624725));
#5969=CARTESIAN_POINT('',(0.0140031414745385,0.0167107524148032,0.0100595931282244));
#5970=CARTESIAN_POINT('',(0.0136528645332064,0.0169404139019047,0.0100817446284368));
#5971=CARTESIAN_POINT('',(0.0131338944375488,0.0172577902688215,0.010115707152277));
#5972=CARTESIAN_POINT('',(0.0125003661356122,0.0176098619211176,0.010157693591147));
#5973=CARTESIAN_POINT('',(0.0118523997257089,0.0179380515477158,0.0101997590250171));
#5974=CARTESIAN_POINT('',(0.0111906430790549,0.0182435792482029,0.010240468889895));
#5975=CARTESIAN_POINT('',(0.0105219581504421,0.0185246816452633,0.0102791748902953));
#5976=CARTESIAN_POINT('',(0.00996103765880326,0.0187392586296169,0.0103093146059653));
#5977=CARTESIAN_POINT('',(0.0095100963406478,0.0188999282816124,0.0103320969812597));
#5978=CARTESIAN_POINT('',(0.00922700170066205,0.0189960352812325,0.0103457965381992));
#5979=CARTESIAN_POINT('',(0.00902906133436228,0.0190607568615677,0.0103550468184439));
#5980=CARTESIAN_POINT('',(0.0089147325119843,0.0190975529226174,0.0103603105117452));
#5981=CARTESIAN_POINT('',(0.00873010290479422,0.0191559375421555,0.0103686688188867));
#5982=CARTESIAN_POINT('',(0.00852659046599447,0.0192183119944264,0.0103776069427955));
#5983=CARTESIAN_POINT('',(0.00802689197851341,0.019366180905026,0.0103988156907753));
#5984=CARTESIAN_POINT('',(0.00700468869033778,0.0196397651604004,0.010438150743099));
#5985=CARTESIAN_POINT('',(0.00561089254209409,0.019932965764254,0.0104802546869192));
#5986=CARTESIAN_POINT('',(0.00470904242045486,0.0200737090502607,0.0105002874173081));
#5987=CARTESIAN_POINT('',(0.00431244187536792,0.0201286755963102,0.0105081074561382));
#5988=CARTESIAN_POINT('',(0.00431233538766975,0.0201279965253589,0.0105074799791624));
#5989=CARTESIAN_POINT('',(0.00431244187536779,0.0201286755963102,0.0105081074561382));
#5990=CARTESIAN_POINT('',(0.00411846025570054,0.0201555603289771,0.0105119323217792));
#5991=CARTESIAN_POINT('',(0.00393754294721712,0.020178715586443,0.0105152227822505));
#5992=CARTESIAN_POINT('',(0.00376987565941203,0.0201988767023993,0.010518086209328));
#5993=CARTESIAN_POINT('',(0.00376987565941184,0.0201988767023993,0.010518086209328));
#5994=CARTESIAN_POINT('',(0.00376987565941168,0.0201988767023993,0.010518086209328));
#5995=CARTESIAN_POINT('',(0.00365217162210761,0.0201520176599631,0.0105199726499042));
#5996=CARTESIAN_POINT('',(0.00352668793759457,0.0201279579671844,0.0105219579335105));
#5997=CARTESIAN_POINT('',(0.0034,0.0201279579671844,0.0105238903814102));
#5998=CARTESIAN_POINT('',(0.000621158879468775,0.0220174136098031,0.00896495481434545));
#5999=CARTESIAN_POINT('',(0.00284185772995976,0.0219742691692701,0.00893643374621199));
#6000=CARTESIAN_POINT('',(0.00502614483207296,0.0217234475323939,0.00891252446974966));
#6001=CARTESIAN_POINT('',(0.00827498503560303,0.0209765168477684,0.00880958551337974));
#6002=CARTESIAN_POINT('',(0.00936001577313311,0.0206614362330193,0.00876625683603889));
#6003=CARTESIAN_POINT('',(0.0114808738627069,0.0198849194719819,0.00866298683732201));
#6004=CARTESIAN_POINT('',(0.0125151196728819,0.0194253904200248,0.00860225294769856));
#6005=CARTESIAN_POINT('',(0.0145165399496705,0.0183244360981418,0.00848109990836099));
#6006=CARTESIAN_POINT('',(0.0155005434042143,0.0176689161470153,0.00841991326596702));
#6007=CARTESIAN_POINT('',(0.0173126501044749,0.016142056101362,0.00835640553838727));
#6008=CARTESIAN_POINT('',(0.0181367613323187,0.015267489775959,0.00835773146270013));
#6009=CARTESIAN_POINT('',(0.0195594527013364,0.0133046656214999,0.00848200168458715));
#6010=CARTESIAN_POINT('',(0.0201300463827848,0.0122666532630804,0.00859846435068388));
#6011=CARTESIAN_POINT('',(0.02103256838548,0.0100990079201738,0.00891914935111613));
#6012=CARTESIAN_POINT('',(0.02135998390777,0.00896654730116452,0.00912516795954661));
#6013=CARTESIAN_POINT('',(0.0217783762222708,0.00674112036165172,0.0095825429936453));
#6014=CARTESIAN_POINT('',(0.0218790965644465,0.00562415278081759,0.00983727215032842));
#6015=CARTESIAN_POINT('',(0.0218844492436265,0.00338561006480773,0.0103804920973559));
#6016=CARTESIAN_POINT('',(0.0217813130071272,0.00225596093737296,0.0106693437410223));
#6017=CARTESIAN_POINT('',(0.0211970938623337,-0.00101151033754107,0.0115375723571244));
#6018=CARTESIAN_POINT('',(0.020427685510874,-0.00308071481688538,0.0121354783507184));
#6019=CARTESIAN_POINT('',(0.0185980045909154,-0.00690344293216397,0.0133274286643154));
#6020=CARTESIAN_POINT('',(0.0176041414390576,-0.00868700398667657,0.0139356659032429));
#6021=CARTESIAN_POINT('',(0.0154411196572699,-0.0122366538977562,0.0151511380230118));
#6022=CARTESIAN_POINT('',(0.0142546739167716,-0.0139765400132801,0.0157640786800573));
#6023=CARTESIAN_POINT('',(0.012856357411473,-0.0156189021189719,0.0163459353664605));
#6024=CARTESIAN_POINT('',(0.000619337758255384,0.0216647160630637,0.00931697974065087));
#6025=CARTESIAN_POINT('',(0.00281494247321166,0.0216218959079471,0.0092884796165707));
#6026=CARTESIAN_POINT('',(0.00498091908449965,0.0213727724767797,0.00926451227279402));
#6027=CARTESIAN_POINT('',(0.00819550486150696,0.0206324812337693,0.00916139882959953));
#6028=CARTESIAN_POINT('',(0.00926845779180316,0.0203201504152573,0.0091179768023645));
#6029=CARTESIAN_POINT('',(0.0113618395591093,0.0195520571121052,0.00901453950903251));
#6030=CARTESIAN_POINT('',(0.0123810493380389,0.0190977963293163,0.00895370273540567));
#6031=CARTESIAN_POINT('',(0.0143452197772227,0.0180147622811514,0.00883259689282076));
#6032=CARTESIAN_POINT('',(0.0153068823300011,0.0173719455380836,0.00877159836019406));
#6033=CARTESIAN_POINT('',(0.0170671191920233,0.0158866421884507,0.0087085289940241));
#6034=CARTESIAN_POINT('',(0.017862580731178,0.0150419827541732,0.00870992842220097));
#6035=CARTESIAN_POINT('',(0.0192394019543948,0.0131476423517712,0.0088327684180014));
#6036=CARTESIAN_POINT('',(0.0197940651329161,0.0121446559168593,0.00894796790500752));
#6037=CARTESIAN_POINT('',(0.0206759481950645,0.0100450713315679,0.0092657760395302));
#6038=CARTESIAN_POINT('',(0.0209987803455198,0.00894522411405597,0.00947022188536573));
#6039=CARTESIAN_POINT('',(0.0214155619642172,0.00677820800530787,0.00992486908951969));
#6040=CARTESIAN_POINT('',(0.0215190870174429,0.00568767514124614,0.0101784322795435));
#6041=CARTESIAN_POINT('',(0.0215345784271778,0.00349796980165308,0.0107199076607906));
#6042=CARTESIAN_POINT('',(0.021439324242852,0.00239149941721198,0.0110082103981936));
#6043=CARTESIAN_POINT('',(0.0208828195803623,-0.000814580787859771,0.0118753980256487));
#6044=CARTESIAN_POINT('',(0.0201357865114943,-0.002856055175393,0.0124734510431714));
#6045=CARTESIAN_POINT('',(0.0183348329579714,-0.00664667535703492,0.0136649178453572));
#6046=CARTESIAN_POINT('',(0.0173455009817214,-0.00842561990841064,0.0142726551382352));
#6047=CARTESIAN_POINT('',(0.015201813078393,-0.0119571786335584,0.0154883769609684));
#6048=CARTESIAN_POINT('',(0.0140270294757239,-0.0136869392397686,0.0161014534023854));
#6049=CARTESIAN_POINT('',(0.0126490793046788,-0.0153162008323183,0.0166844542653624));
#6050=CARTESIAN_POINT('',(0.00061289646570198,0.0204172273925067,0.0105620893576003));
#6051=CARTESIAN_POINT('',(0.00271974340486315,0.0203755542325613,0.0105336633124851));
#6052=CARTESIAN_POINT('',(0.00482095594260443,0.0201324373426966,0.0105094905850378));
#6053=CARTESIAN_POINT('',(0.00791438406087942,0.0194156297566331,0.0104057599832074));
#6054=CARTESIAN_POINT('',(0.00894461787438922,0.0191130249475133,0.0103620077780722));
#6055=CARTESIAN_POINT('',(0.0109408160886645,0.0183747253539462,0.0102579787648972));
#6056=CARTESIAN_POINT('',(0.0119068435338855,0.0179390984010821,0.0101967780912949));
#6057=CARTESIAN_POINT('',(0.0137392615670159,0.0169194482313798,0.0100758391832826));
#6058=CARTESIAN_POINT('',(0.0146219045119178,0.0163215626432904,0.0100155059935415));
#6059=CARTESIAN_POINT('',(0.0161986781314416,0.0149832450267604,0.00995398710850577));
#6060=CARTESIAN_POINT('',(0.0168928059290235,0.0142443660499753,0.00995564651931776));
#6061=CARTESIAN_POINT('',(0.0181073847784771,0.0125922521830236,0.0100734278157996));
#6062=CARTESIAN_POINT('',(0.0186057018834251,0.0117131521860967,0.0101841594475031));
#6063=CARTESIAN_POINT('',(0.019414585162211,0.00985429800797536,0.0104917921281218));
#6064=CARTESIAN_POINT('',(0.019721205959654,0.00886980415555613,0.0106906751240401));
#6065=CARTESIAN_POINT('',(0.0201322905589501,0.0069093867325387,0.0111356740134192));
#6066=CARTESIAN_POINT('',(0.020245735854864,0.00591235327040879,0.0113851131878065));
#6067=CARTESIAN_POINT('',(0.0202970878812032,0.00389538537779524,0.0119204180525128));
#6068=CARTESIAN_POINT('',(0.0202297124583774,0.0028708980395921,0.0122067793124343));
#6069=CARTESIAN_POINT('',(0.0197712337192436,-0.000118042395697785,0.0130702849705777));
#6070=CARTESIAN_POINT('',(0.0191033418629863,-0.00206143564916126,0.0136688580106725));
#6071=CARTESIAN_POINT('',(0.0174039967966631,-0.00573849030187609,0.0148586146364957));
#6072=CARTESIAN_POINT('',(0.0164306915557487,-0.0075011063150635,0.0154645836238145));
#6073=CARTESIAN_POINT('',(0.0143553874406231,-0.0109686766464852,0.0166811886441252));
#6074=CARTESIAN_POINT('',(0.0132218527350643,-0.0126626233995252,0.0172947453538819));
#6075=CARTESIAN_POINT('',(0.0119159381408945,-0.0142455485718917,0.0178817931611208));
#6076=CARTESIAN_POINT('',(0.000612813841564312,0.0204012255303337,0.0105780607030329));
#6077=CARTESIAN_POINT('',(0.00271852226161219,0.0203595670831942,0.0105496356081478));
#6078=CARTESIAN_POINT('',(0.00481890405370975,0.0201165272407996,0.0105254602461907));
#6079=CARTESIAN_POINT('',(0.00791077805113219,0.0194000208857218,0.0104217217279057));
#6080=CARTESIAN_POINT('',(0.00894046389540178,0.0190975408346582,0.0103779652874925));
#6081=CARTESIAN_POINT('',(0.010935415510924,0.0183596234127659,0.0102739286841729));
#6082=CARTESIAN_POINT('',(0.0119007607724956,0.0179242354808927,0.0102127233427308));
#6083=CARTESIAN_POINT('',(0.0137314887831893,0.0169053983527123,0.0100917865760318));
#6084=CARTESIAN_POINT('',(0.0146131181229949,0.0163080891082532,0.0100314619208172));
#6085=CARTESIAN_POINT('',(0.0161875384117112,0.0149716569160144,0.00996996292420696));
#6086=CARTESIAN_POINT('',(0.0168803663749906,0.0142341348127155,0.00997162566988393));
#6087=CARTESIAN_POINT('',(0.0180928640992485,0.0125851280486389,0.0100893420771117));
#6088=CARTESIAN_POINT('',(0.0185904584384316,0.0117076171753268,0.0102000163984713));
#6089=CARTESIAN_POINT('',(0.0193984053299784,0.00985185090885337,0.0105075185558918));
#6090=CARTESIAN_POINT('',(0.0197048181801729,0.00886883672410004,0.010706330195685));
#6091=CARTESIAN_POINT('',(0.0201158297023169,0.00691106939624757,0.0111512053236169));
#6092=CARTESIAN_POINT('',(0.0202294022477683,0.0059152352753047,0.0114005915981813));
#6093=CARTESIAN_POINT('',(0.020281214267579,0.00390048313092511,0.0119358173120644));
#6094=CARTESIAN_POINT('',(0.0202141964528899,0.00287704741061429,0.0122221536681484));
#6095=CARTESIAN_POINT('',(0.0197569751178128,-0.000109107716279352,0.0130856120967123));
#6096=CARTESIAN_POINT('',(0.0190900984265074,-0.00205124285748402,0.013684191807272));
#6097=CARTESIAN_POINT('',(0.0173920567187205,-0.00572684077557321,0.0148739264962175));
#6098=CARTESIAN_POINT('',(0.0164189570569156,-0.00748924733834737,0.0154798728010201));
#6099=CARTESIAN_POINT('',(0.0143445301184566,-0.0109559968739725,0.0166964891503363));
#6100=CARTESIAN_POINT('',(0.0132115245232473,-0.0126494842333876,0.0173100520206202));
#6101=CARTESIAN_POINT('',(0.0119065339481887,-0.0142318150364209,0.0178971517390674));
#6102=CARTESIAN_POINT('',(0.0044,0.0211279579671844,0.00950730878480313));
#6103=CARTESIAN_POINT('',(0.0044,0.0213261441065643,0.00931182959427013));
#6104=CARTESIAN_POINT('',(0.0044,0.0215243076412428,0.00911632748376053));
#6105=CARTESIAN_POINT('',(0.0044,0.0217224497881033,0.00892080369885149));
#6106=CARTESIAN_POINT('',(0.0044,0.0211279579671844,0.00950730878480314));
#6107=CARTESIAN_POINT('',(0.0044,0.0217224497881033,0.00892080369885149));
#6108=CARTESIAN_POINT('',(0.0044,0.0211279579671844,0.00950730878480314));
#6109=CARTESIAN_POINT('',(0.0044,0.0209403872319392,0.00969231756295565));
#6110=CARTESIAN_POINT('',(0.00429897105264828,0.0205795401761926,0.0100639188089491));
#6111=CARTESIAN_POINT('',(0.00399036539258105,0.0202864827496547,0.0103996693189374));
#6112=CARTESIAN_POINT('',(0.00376924738109471,0.0201986268251502,0.0105167116913173));
#6113=CARTESIAN_POINT('',(0.0119159381408945,-0.0142455485718917,0.0178817931611208));
#6114=CARTESIAN_POINT('',(0.0121603185288226,-0.0146024326587006,0.017482680195868));
#6115=CARTESIAN_POINT('',(0.0124046989167507,-0.0149593167455094,0.0170835672306152));
#6116=CARTESIAN_POINT('',(0.0126490793046788,-0.0153162008323183,0.0166844542653624));
#6117=CARTESIAN_POINT('',(0.00474182042167798,0.0213267034846887,0.00925701162226874));
#6118=CARTESIAN_POINT('',(0.00462833592816568,0.021343387102253,0.00925927382562136));
#6119=CARTESIAN_POINT('',(0.00444337260669762,0.0214757569567266,0.00915783597448926));
#6120=CARTESIAN_POINT('',(0.00439999999999894,0.0216414918606498,0.00900069180264421));
#6121=CARTESIAN_POINT('',(0.00439999999999894,0.0217224497881033,0.00892080369885159));
#6122=CARTESIAN_POINT('',(0.0126490800084139,-0.015316200003033,0.0166844539688109));
#6123=CARTESIAN_POINT('',(0.0116202787539811,-0.0165225915673898,0.0171157936870007));
#6124=CARTESIAN_POINT('',(0.0104765788789464,-0.0176841129022571,0.0175346000669183));
#6125=CARTESIAN_POINT('',(0.00907971264841838,-0.0186556915310037,0.0178758343695436));
#6126=CARTESIAN_POINT('',(0.0119159381510785,-0.0142455485803573,0.0178817931611209));
#6127=CARTESIAN_POINT('',(0.0109415380891877,-0.0154178493182054,0.0183161835849592));
#6128=CARTESIAN_POINT('',(0.00986960175754414,-0.0165381663477706,0.0187402576379816));
#6129=CARTESIAN_POINT('',(0.00858779723183124,-0.0174721172342845,0.0190917856977133));
#6130=CARTESIAN_POINT('',(0.00858779723183124,-0.0174721172342845,0.0190917856977133));
#6131=CARTESIAN_POINT('',(0.00875176903736029,-0.0178666419998576,0.0186864685883234));
#6132=CARTESIAN_POINT('',(0.00891574084288933,-0.0182611667654307,0.0182811514789335));
#6133=CARTESIAN_POINT('',(0.00907971264841838,-0.0186556915310037,0.0178758343695436));
#6134=CARTESIAN_POINT('',(0.00907971299155158,-0.0186556912938173,0.0178758342862577));
#6135=CARTESIAN_POINT('',(0.00783789154556579,-0.0195223746060492,0.0181779719053583));
#6136=CARTESIAN_POINT('',(0.00638480019069738,-0.0201645370438695,0.0184050798625685));
#6137=CARTESIAN_POINT('',(0.00488715774052075,-0.0205093271829896,0.0185344817956176));
#6138=CARTESIAN_POINT('',(0.00858779723671604,-0.0174721172410284,0.0190917856977133));
#6139=CARTESIAN_POINT('',(0.007451009697229,-0.0183046113751604,0.0194034095625218));
#6140=CARTESIAN_POINT('',(0.00612405173797425,-0.0189276094120772,0.019639832095604));
#6141=CARTESIAN_POINT('',(0.00471520132376229,-0.0192672610481624,0.0197742786409288));
#6142=CARTESIAN_POINT('',(0.00471520132376229,-0.0192672610481624,0.0197742786409288));
#6143=CARTESIAN_POINT('',(0.00477252012934844,-0.0196812830931048,0.0193610130258251));
#6144=CARTESIAN_POINT('',(0.0048298389349346,-0.0200953051380472,0.0189477474107213));
#6145=CARTESIAN_POINT('',(0.00488715774052075,-0.0205093271829896,0.0185344817956176));
#6146=CARTESIAN_POINT('',(0.00488715866708587,-0.020509326965736,0.0185344817148286));
#6147=CARTESIAN_POINT('',(0.00476977292370628,-0.0205368708580512,0.0185447143827933));
#6148=CARTESIAN_POINT('',(0.0046507295000397,-0.0205630182257606,0.0185368090678152));
#6149=CARTESIAN_POINT('',(0.00442520638104651,-0.0206096182718438,0.0184719336541958));
#6150=CARTESIAN_POINT('',(0.00432228743226001,-0.0206294019459657,0.0184163658316655));
#6151=CARTESIAN_POINT('',(0.00415148726953991,-0.0206608055844625,0.0182639863789365));
#6152=CARTESIAN_POINT('',(0.00408704334646921,-0.0206719173429747,0.0181733369020714));
#6153=CARTESIAN_POINT('',(0.00399626674408152,-0.0206873298797826,0.0179706243870508));
#6154=CARTESIAN_POINT('',(0.00397244022273272,-0.0206911937659677,0.0178655518976498));
#6155=CARTESIAN_POINT('',(0.00396759667257609,-0.0206920002653404,0.0177558937526162));
#6156=CARTESIAN_POINT('',(0.004715201325745,-0.0192672610562664,0.0197742786409288));
#6157=CARTESIAN_POINT('',(0.00447616855678089,-0.0193273439011463,0.0197974324492284));
#6158=CARTESIAN_POINT('',(0.00420593712752219,-0.019383826245137,0.0197817003567742));
#6159=CARTESIAN_POINT('',(0.00364242272086749,-0.0194735757023144,0.0196069471739794));
#6160=CARTESIAN_POINT('',(0.00336929879255718,-0.0195032463126997,0.0194458368823795));
#6161=CARTESIAN_POINT('',(0.00293967434750597,-0.0195399911688919,0.0190299749743868));
#6162=CARTESIAN_POINT('',(0.0027889734171675,-0.0195485426592541,0.0187944918353667));
#6163=CARTESIAN_POINT('',(0.00258543160350509,-0.019559843852859,0.0183025595598155));
#6164=CARTESIAN_POINT('',(0.00253546103255604,-0.0195618982007714,0.0180565526156357));
#6165=CARTESIAN_POINT('',(0.00252502959914739,-0.0195624335200321,0.0178057059933647));
#6166=CARTESIAN_POINT('',(0.00252502959914739,-0.0195624335200321,0.0178057059933647));
#6167=CARTESIAN_POINT('',(0.00300588529029029,-0.0199389557684682,0.0177891019131152));
#6168=CARTESIAN_POINT('',(0.00348674098143319,-0.0203154780169043,0.0177724978328657));
#6169=CARTESIAN_POINT('',(0.00396759667257609,-0.0206920002653404,0.0177558937526162));
#6170=CARTESIAN_POINT('',(0.00396759667276392,-0.0206920002653095,0.0177558937531806));
#6171=CARTESIAN_POINT('',(0.0039189341380913,-0.0206999906469586,0.016631701815386));
#6172=CARTESIAN_POINT('',(0.00384846178354281,-0.0207114331795859,0.0155090044646325));
#6173=CARTESIAN_POINT('',(0.00365626944199905,-0.0207401467814563,0.0132677557599434));
#6174=CARTESIAN_POINT('',(0.00353917920976308,-0.020757345997018,0.0121470550457695));
#6175=CARTESIAN_POINT('',(0.00328529688626309,-0.0207885523155158,0.0104766543694474));
#6176=CARTESIAN_POINT('',(0.00319399684339411,-0.0207995689541228,0.00992140627481213));
#6177=CARTESIAN_POINT('',(0.00295778649633692,-0.0208246460105677,0.00882114603066276));
#6178=CARTESIAN_POINT('',(0.00282110090813231,-0.0208385827545601,0.00827319797777672));
#6179=CARTESIAN_POINT('',(0.00240347551750117,-0.0208722675387056,0.00721139183220366));
#6180=CARTESIAN_POINT('',(0.00208992659126089,-0.0208944125404979,0.00670860575408386));
#6181=CARTESIAN_POINT('',(0.0011767311323723,-0.0209284330473529,0.00597350856337792));
#6182=CARTESIAN_POINT('',(0.000598159125707978,-0.0209334291981298,0.00575991481957373));
#6183=CARTESIAN_POINT('',(-0.000542414339401594,-0.0209335674563553,0.00574945688702886));
#6184=CARTESIAN_POINT('',(-0.00112226135047405,-0.0209294365375861,0.00595497480080251));
#6185=CARTESIAN_POINT('',(-0.00204375259476417,-0.0208969498949381,0.00667013309971464));
#6186=CARTESIAN_POINT('',(-0.00236846983206396,-0.0208747387008016,0.00717371082656891));
#6187=CARTESIAN_POINT('',(-0.00279455232513681,-0.0208410301005377,0.0082299874234985));
#6188=CARTESIAN_POINT('',(-0.00293389324491566,-0.0208270325743546,0.00877923349010688));
#6189=CARTESIAN_POINT('',(-0.00317594153099117,-0.0208016292182027,0.00988742553671144));
#6190=CARTESIAN_POINT('',(-0.00326930425176585,-0.020790458257187,0.0104459783461295));
#6191=CARTESIAN_POINT('',(-0.0035282849974028,-0.0207588554783543,0.0121221793141395));
#6192=CARTESIAN_POINT('',(-0.0036484012004924,-0.0207412861987651,0.0132486055959061));
#6193=CARTESIAN_POINT('',(-0.00384560672309486,-0.0207118958746015,0.0154996046173239));
#6194=CARTESIAN_POINT('',(-0.00391807651502806,-0.020700132808865,0.0166272725124815));
#6195=CARTESIAN_POINT('',(-0.00396798456631638,-0.0206919364535229,0.0177564049784832));
#6196=CARTESIAN_POINT('',(0.00252502959944364,-0.0195624335218035,0.0178057059933647));
#6197=CARTESIAN_POINT('',(0.00248082319374862,-0.0195665952107719,0.016696447808411));
#6198=CARTESIAN_POINT('',(0.00241676301920598,-0.0195725491531201,0.0155892578222407));
#6199=CARTESIAN_POINT('',(0.00224243149869344,-0.0195871856096133,0.0133842348456519));
#6200=CARTESIAN_POINT('',(0.00213384220460698,-0.0195958603890928,0.0122793521752788));
#6201=CARTESIAN_POINT('',(0.00190910967988585,-0.0196112680594166,0.0106663354400392));
#6202=CARTESIAN_POINT('',(0.00182550409382374,-0.0196165882670574,0.0101279860385391));
#6203=CARTESIAN_POINT('',(0.00162122035882453,-0.0196287136958463,0.00910001476380171));
#6204=CARTESIAN_POINT('',(0.00150013090613471,-0.0196353485112585,0.00859357804052946));
#6205=CARTESIAN_POINT('',(0.00119114278410716,-0.0196520539187423,0.00776128275000575));
#6206=CARTESIAN_POINT('',(0.00100959160340687,-0.0196639102024195,0.00748210596365169));
#6207=CARTESIAN_POINT('',(0.000560934807412842,-0.0196831588831801,0.00710331735749852));
#6208=CARTESIAN_POINT('',(0.000287960443829882,-0.0196860749334887,0.00700245460148078));
#6209=CARTESIAN_POINT('',(-0.000254100564413389,-0.0196861226107683,0.00699727119236651));
#6210=CARTESIAN_POINT('',(-0.000527580035487327,-0.0196837309298185,0.0070939850720824));
#6211=CARTESIAN_POINT('',(-0.00097962298024768,-0.0196652332818702,0.00746151409780435));
#6212=CARTESIAN_POINT('',(-0.00116466067547064,-0.0196532846092562,0.00773824911656733));
#6213=CARTESIAN_POINT('',(-0.00147714597291007,-0.019636511186221,0.00855724758460247));
#6214=CARTESIAN_POINT('',(-0.00160021849328128,-0.0196298592749739,0.0090630157380654));
#6215=CARTESIAN_POINT('',(-0.00180919895854696,-0.0196175834189995,0.0100975553665839));
#6216=CARTESIAN_POINT('',(-0.00189485757828657,-0.0196122002578639,0.0106387917802137));
#6217=CARTESIAN_POINT('',(-0.00212385125122963,-0.0195966137661601,0.012256945256451));
#6218=CARTESIAN_POINT('',(-0.00223540022853914,-0.0195877633230595,0.0133675371555654));
#6219=CARTESIAN_POINT('',(-0.00241424067604632,-0.0195727878431959,0.0155816087677895));
#6220=CARTESIAN_POINT('',(-0.00248011077617709,-0.0195666688440163,0.0166935773450045));
#6221=CARTESIAN_POINT('',(-0.00252542917054406,-0.0195623996979028,0.0178072639757749));
#6222=CARTESIAN_POINT('',(-0.00252542917054406,-0.0195623996979028,0.0178072639757749));
#6223=CARTESIAN_POINT('',(-0.00300628096913483,-0.0199389119497762,0.0177903109766777));
#6224=CARTESIAN_POINT('',(-0.00348713276772561,-0.0203154242016496,0.0177733579775804));
#6225=CARTESIAN_POINT('',(-0.00396798456631638,-0.0206919364535229,0.0177564049784832));
#6226=CARTESIAN_POINT('',(-0.00396798456622928,-0.0206919364535373,0.0177564049728125));
#6227=CARTESIAN_POINT('',(-0.00397258436540512,-0.0206911694098942,0.017865601302028));
#6228=CARTESIAN_POINT('',(-0.0039975343255485,-0.0206871146528524,0.0179735802939937));
#6229=CARTESIAN_POINT('',(-0.0040885347064808,-0.0206716640844857,0.0181745410100189));
#6230=CARTESIAN_POINT('',(-0.0041547378625087,-0.0206602258433241,0.0182671551221766));
#6231=CARTESIAN_POINT('',(-0.00432482284486616,-0.0206289167426496,0.0184172754787764));
#6232=CARTESIAN_POINT('',(-0.00442782645799312,-0.0206091109538867,0.0184732194683638));
#6233=CARTESIAN_POINT('',(-0.00465238518907828,-0.0205626412702755,0.0185363108127237));
#6234=CARTESIAN_POINT('',(-0.00477081822980079,-0.0205366216202929,0.0185446972426733));
#6235=CARTESIAN_POINT('',(-0.00488771620164593,-0.02050919622678,0.0185344330981764));
#6236=CARTESIAN_POINT('',(-0.00252542917084243,-0.0195623996996974,0.0178072639757749));
#6237=CARTESIAN_POINT('',(-0.00253369654410684,-0.0195619020245145,0.0180460595167852));
#6238=CARTESIAN_POINT('',(-0.00259065056538127,-0.0195596224385352,0.0183176451527866));
#6239=CARTESIAN_POINT('',(-0.00279102843573274,-0.0195483956188409,0.0187948957604906));
#6240=CARTESIAN_POINT('',(-0.00294709842684547,-0.0195394366920287,0.0190391390840733));
#6241=CARTESIAN_POINT('',(-0.00337406777432427,-0.0195026938702012,0.0194473398704833));
#6242=CARTESIAN_POINT('',(-0.00365067545551557,-0.0194724410498147,0.0196104514453258));
#6243=CARTESIAN_POINT('',(-0.0042087707159256,-0.0193831976063787,0.0197812084574055));
#6244=CARTESIAN_POINT('',(-0.00447834257420618,-0.0193267588396766,0.0197971969152947));
#6245=CARTESIAN_POINT('',(-0.00471572497864685,-0.0192671326774049,0.0197742281348147));
#6246=CARTESIAN_POINT('',(-0.00471572497864685,-0.0192671326774049,0.0197742281348147));
#6247=CARTESIAN_POINT('',(-0.00477305538631321,-0.0196811538605299,0.0193609631226019));
#6248=CARTESIAN_POINT('',(-0.00483038579397957,-0.020095175043655,0.0189476981103892));
#6249=CARTESIAN_POINT('',(-0.00488771620164593,-0.02050919622678,0.0185344330981764));
#6250=CARTESIAN_POINT('',(-0.00488771527956283,-0.0205091964430246,0.0185344331785867));
#6251=CARTESIAN_POINT('',(-0.00638560503480181,-0.0201642668770978,0.0184049814997157));
#6252=CARTESIAN_POINT('',(-0.00783841427388963,-0.0195220206625549,0.0181778492494412));
#6253=CARTESIAN_POINT('',(-0.00907971299321179,-0.0186556912926697,0.0178758342858547));
#6254=CARTESIAN_POINT('',(-0.00471572497665259,-0.0192671326693635,0.0197742281348147));
#6255=CARTESIAN_POINT('',(-0.00612479705273032,-0.0189273450790457,0.0196397295978698));
#6256=CARTESIAN_POINT('',(-0.00745148489077126,-0.0183042714489507,0.0194032828339551));
#6257=CARTESIAN_POINT('',(-0.00858779723673976,-0.0174721172410609,0.0190917856977133));
#6258=CARTESIAN_POINT('',(-0.00858779723673976,-0.0174721172410609,0.0190917856977133));
#6259=CARTESIAN_POINT('',(-0.00875176915556377,-0.0178666419249305,0.0186864685604271));
#6260=CARTESIAN_POINT('',(-0.00891574107438778,-0.0182611666088001,0.0182811514231409));
#6261=CARTESIAN_POINT('',(-0.00907971299321179,-0.0186556912926697,0.0178758342858547));
#6262=CARTESIAN_POINT('',(-0.00907971264841836,-0.0186556915310037,0.0178758343695436));
#6263=CARTESIAN_POINT('',(-0.0104759928322522,-0.0176845730793967,0.0175347636257029));
#6264=CARTESIAN_POINT('',(-0.011619838268248,-0.0165231043291648,0.0171159778689666));
#6265=CARTESIAN_POINT('',(-0.0126490800083885,-0.0153162000030629,0.016684453968831));
#6266=CARTESIAN_POINT('',(-0.00858779723183125,-0.0174721172342845,0.0190917856977133));
#6267=CARTESIAN_POINT('',(-0.0098690609186869,-0.0165386086652916,0.0187404251072483));
#6268=CARTESIAN_POINT('',(-0.010941121048882,-0.0154183467094261,0.018316369112359));
#6269=CARTESIAN_POINT('',(-0.0119159381510421,-0.0142455485802839,0.0178817931611208));
#6270=CARTESIAN_POINT('',(-0.0119159381510421,-0.0142455485802839,0.0178817931611208));
#6271=CARTESIAN_POINT('',(-0.0121603187701576,-0.0146024323878769,0.0174826800970242));
#6272=CARTESIAN_POINT('',(-0.012404699389273,-0.0149593161954699,0.0170835670329276));
#6273=CARTESIAN_POINT('',(-0.0126490800083885,-0.0153162000030629,0.016684453968831));
#6274=CARTESIAN_POINT('',(-0.0128563592817517,-0.0156189048484805,0.0163459323127745));
#6275=CARTESIAN_POINT('',(-0.0142546771710765,-0.0139765411059516,0.0157640756400901));
#6276=CARTESIAN_POINT('',(-0.0154411228693646,-0.0122366553659634,0.0151511351293111));
#6277=CARTESIAN_POINT('',(-0.0176041464826616,-0.0086870011406985,0.0139356602748867));
#6278=CARTESIAN_POINT('',(-0.0185980093402574,-0.00690344076002221,0.0133274227614461));
#6279=CARTESIAN_POINT('',(-0.0204276982213865,-0.00308069607839256,0.0121354721875288));
#6280=CARTESIAN_POINT('',(-0.0211970954054658,-0.00101151386178243,0.0115375744684649));
#6281=CARTESIAN_POINT('',(-0.0217813174321711,0.0022559650236562,0.010669331848086));
#6282=CARTESIAN_POINT('',(-0.0218844521518143,0.00338562095668853,0.0103804981970431));
#6283=CARTESIAN_POINT('',(-0.0218790994649385,0.00562414130813173,0.00983726133034556));
#6284=CARTESIAN_POINT('',(-0.0217783801347906,0.00674111336838766,0.00958254261954007));
#6285=CARTESIAN_POINT('',(-0.0213599883082218,0.00896654356997402,0.00912515608130126));
#6286=CARTESIAN_POINT('',(-0.0210325734089991,0.0100990047001044,0.00891914627947786));
#6287=CARTESIAN_POINT('',(-0.0201300500681406,0.0122666522519894,0.00859846207554887));
#6288=CARTESIAN_POINT('',(-0.0195594517239144,0.0133046756481495,0.00848202803132708));
#6289=CARTESIAN_POINT('',(-0.0181367557735907,0.0152674994242813,0.00835769803679623));
#6290=CARTESIAN_POINT('',(-0.0173126040318028,0.0161420906956395,0.00835648731179694));
#6291=CARTESIAN_POINT('',(-0.015500586209469,0.0176688926122443,0.00841982526954663));
#6292=CARTESIAN_POINT('',(-0.0145164206657357,0.0183245132737386,0.00848150017790177));
#6293=CARTESIAN_POINT('',(-0.0125153515824245,0.0194252616199465,0.00860242061840904));
#6294=CARTESIAN_POINT('',(-0.0114808485297946,0.0198849384331201,0.00866281192294444));
#6295=CARTESIAN_POINT('',(-0.00935996418215174,0.0206614545329249,0.00876625845666595));
#6296=CARTESIAN_POINT('',(-0.00827497049542816,0.0209765255418707,0.0088096132385027));
#6297=CARTESIAN_POINT('',(-0.00502618457292465,0.0217234374854482,0.00891249003240776));
#6298=CARTESIAN_POINT('',(-0.00284186236391175,0.021974272292226,0.0089364360898479));
#6299=CARTESIAN_POINT('',(-0.000621151268200928,0.0220174169317192,0.0089649517375418));
#6300=CARTESIAN_POINT('',(-0.0126490793052026,-0.015316200831701,0.016684454265134));
#6301=CARTESIAN_POINT('',(-0.0140270306176604,-0.0136869378212614,0.016101453434756));
#6302=CARTESIAN_POINT('',(-0.0152018142722103,-0.0119571769667948,0.0154883769254929));
#6303=CARTESIAN_POINT('',(-0.0173455036419457,-0.00842561524630506,0.0142726526869231));
#6304=CARTESIAN_POINT('',(-0.0183348356666854,-0.00664667228717879,0.0136649153488198));
#6305=CARTESIAN_POINT('',(-0.0201357950639655,-0.00285603435465677,0.0124734480035624));
#6306=CARTESIAN_POINT('',(-0.0208828199449375,-0.000814579364903165,0.0118754021834666));
#6307=CARTESIAN_POINT('',(-0.0214393251569814,0.00239150500897543,0.0110082014832082));
#6308=CARTESIAN_POINT('',(-0.0215345788769232,0.00349798436793451,0.0107199160790316));
#6309=CARTESIAN_POINT('',(-0.0215190865066745,0.00568766993535268,0.0101784230198209));
#6310=CARTESIAN_POINT('',(-0.0214155621436287,0.00677820565200432,0.0099248708097742));
#6311=CARTESIAN_POINT('',(-0.0209987817989362,0.00894521800020465,0.00947021368574791));
#6312=CARTESIAN_POINT('',(-0.0206759488893294,0.0100450695787685,0.00926577578640088));
#6313=CARTESIAN_POINT('',(-0.0197940663176623,0.0121446531911284,0.00894796888522354));
#6314=CARTESIAN_POINT('',(-0.0192393991293547,0.0131476469390365,0.00883279834100249));
#6315=CARTESIAN_POINT('',(-0.0178625768281659,0.015041987415386,0.00870989824146546));
#6316=CARTESIAN_POINT('',(-0.0170671251317916,0.0158866386494973,0.00870861085090972));
#6317=CARTESIAN_POINT('',(-0.0153068695518623,0.0173719548503188,0.00877151661997712));
#6318=CARTESIAN_POINT('',(-0.0143452349936412,0.0180147527049619,0.00883299133693589));
#6319=CARTESIAN_POINT('',(-0.0123810569584621,0.0190977933026403,0.008953888178716));
#6320=CARTESIAN_POINT('',(-0.0113618294358565,0.0195520615193726,0.00901436652345342));
#6321=CARTESIAN_POINT('',(-0.00926844421271366,0.0203201547011562,0.00911797994096198));
#6322=CARTESIAN_POINT('',(-0.00819549907583789,0.0206324824591186,0.00916142916659841));
#6323=CARTESIAN_POINT('',(-0.00498092431626931,0.021372771487084,0.00926448264111727));
#6324=CARTESIAN_POINT('',(-0.00281494461241193,0.0216218963692531,0.00928848521187722));
#6325=CARTESIAN_POINT('',(-0.000619330211147438,0.0216647162040573,0.00931697983905895));
#6326=CARTESIAN_POINT('',(-0.0119159381409386,-0.0142455485719706,0.0178817931611225));
#6327=CARTESIAN_POINT('',(-0.0132218536681506,-0.0126626223381772,0.0172947454897641));
#6328=CARTESIAN_POINT('',(-0.0143553891304427,-0.0109686728075201,0.0166811879591856));
#6329=CARTESIAN_POINT('',(-0.016430694037429,-0.00750110356829228,0.0154645816586543));
#6330=CARTESIAN_POINT('',(-0.0174040006836902,-0.00573849224846583,0.0148586134211423));
#6331=CARTESIAN_POINT('',(-0.019103345021048,-0.00206141463090233,0.0136688552367416));
#6332=CARTESIAN_POINT('',(-0.0197712399415657,-0.000118029757316445,0.0130702855890926));
#6333=CARTESIAN_POINT('',(-0.0202297118649679,0.00287090463211155,0.0122067701195205));
#6334=CARTESIAN_POINT('',(-0.0202970907974233,0.0038954093556881,0.011920423843052));
#6335=CARTESIAN_POINT('',(-0.0202457347639443,0.0059123682033682,0.0113850985626711));
#6336=CARTESIAN_POINT('',(-0.0201322891093255,0.00690939960739103,0.011135672220152));
#6337=CARTESIAN_POINT('',(-0.0197212085129571,0.00886979029459791,0.0106906689273681));
#6338=CARTESIAN_POINT('',(-0.0194145819212863,0.0098543031655854,0.0104917907855568));
#6339=CARTESIAN_POINT('',(-0.0186057049423841,0.0117131472878187,0.0101841607915965));
#6340=CARTESIAN_POINT('',(-0.0181073856290263,0.0125922425408954,0.0100734591974256));
#6341=CARTESIAN_POINT('',(-0.0168928166293658,0.0142443602663019,0.00995561658051664));
#6342=CARTESIAN_POINT('',(-0.0161988758703209,0.0149831147605031,0.00995405802688839));
#6343=CARTESIAN_POINT('',(-0.0146217013158385,0.0163216976083199,0.0100154351615021));
#6344=CARTESIAN_POINT('',(-0.0137397579715279,0.0169191416970056,0.0100762018093272));
#6345=CARTESIAN_POINT('',(-0.0119060621297029,0.0179395506812042,0.010197015183333));
#6346=CARTESIAN_POINT('',(-0.0109408635589199,0.0183746889040116,0.0102578013858583));
#6347=CARTESIAN_POINT('',(-0.00894474166283724,0.0191129905544211,0.0103620050647899));
#6348=CARTESIAN_POINT('',(-0.00791441177520159,0.0194156155410247,0.0104057883344494));
#6349=CARTESIAN_POINT('',(-0.00482084055993342,0.020132479575686,0.0105094667213841));
#6350=CARTESIAN_POINT('',(-0.00271973757889862,0.0203755565214394,0.0105336691775443));
#6351=CARTESIAN_POINT('',(-0.000612889203624111,0.0204172275347713,0.0105620894559972));
#6352=CARTESIAN_POINT('',(-0.00376986248313739,0.0201988712776513,0.0105163911104037));
#6353=CARTESIAN_POINT('',(-0.00399061665020817,0.02028675188241,0.0103993683621571));
#6354=CARTESIAN_POINT('',(-0.00429802509944862,0.0205779495172637,0.010065631864735));
#6355=CARTESIAN_POINT('',(-0.0044,0.0209406860127321,0.00969201872760815));
#6356=CARTESIAN_POINT('',(-0.0044,0.0211279577879223,0.00950730287164318));
#6357=CARTESIAN_POINT('',(-0.0044,0.0211279577879223,0.00950730287164318));
#6358=CARTESIAN_POINT('',(-0.0044,0.0211279577879223,0.00950730287164317));
#6359=CARTESIAN_POINT('',(-0.0044,0.0213261439885721,0.00931182155228088));
#6360=CARTESIAN_POINT('',(-0.0044,0.0215243075822611,0.00911631731089326));
#6361=CARTESIAN_POINT('',(-0.0044,0.0217224497881033,0.00892079139530729));
#6362=CARTESIAN_POINT('',(-0.0044,0.0217224497881033,0.00892079139530729));
#6363=CARTESIAN_POINT('',(-0.0044,0.0217224497881033,0.00892079139530729));
#6364=CARTESIAN_POINT('',(-0.0044,0.0216415229771761,0.00900064964022145));
#6365=CARTESIAN_POINT('',(-0.00444282326389279,0.0214764327516708,0.00915724503466126));
#6366=CARTESIAN_POINT('',(-0.00462841878097953,0.0213433749740989,0.00925926323628778));
#6367=CARTESIAN_POINT('',(-0.00474182024326453,0.0213267035109177,0.00925700275789835));
#6368=CARTESIAN_POINT('',(0.0044,0.0226279579671844,0.013));
#6369=CARTESIAN_POINT('',(0.0044,0.0226279579671844,0.0126));
#6370=CARTESIAN_POINT('',(0.0044,0.0251279579671844,0.0126));
#6371=CARTESIAN_POINT('',(0.0044,0.0211279579671844,0.0126));
#6372=CARTESIAN_POINT('',(0.0044,0.0211279579671844,0.013));
#6373=CARTESIAN_POINT('',(0.0044,0.0217224497881033,0.013));
#6374=CARTESIAN_POINT('',(0.0044,0.0217224497881033,0.001));
#6375=CARTESIAN_POINT('',(0.0044,0.0226279579671844,0.001));
#6376=CARTESIAN_POINT('',(0.0044,0.0251279579671844,0.001));
#6377=CARTESIAN_POINT('',(0.0044,0.0251279579671844,0.013));
#6378=CARTESIAN_POINT('',(-0.0044,0.0226279578775534,0.013));
#6379=CARTESIAN_POINT('',(-0.0044,0.0211279577879223,0.0126));
#6380=CARTESIAN_POINT('',(-0.0044,0.0211279577879223,0.0126));
#6381=CARTESIAN_POINT('',(-0.0044,0.0251279579671844,0.0126));
#6382=CARTESIAN_POINT('',(-0.0044,0.0251279579671844,0.0126));
#6383=CARTESIAN_POINT('',(-0.0044,0.0251279579671844,0.013));
#6384=CARTESIAN_POINT('',(-0.0044,0.0251279579671844,0.001));
#6385=CARTESIAN_POINT('',(-0.0044,0.0217224497881033,0.001));
#6386=CARTESIAN_POINT('',(-0.0044,0.0217224497881033,0.001));
#6387=CARTESIAN_POINT('',(-0.0044,0.0217224497881033,0.00926182719342746));
#6388=CARTESIAN_POINT('',(0.003,0.0226279579671844,0.013));
#6389=CARTESIAN_POINT('',(-0.004,0.0201279577879223,0.013));
#6390=CARTESIAN_POINT('',(-0.004,0.0251279579671844,0.013));
#6391=CARTESIAN_POINT('',(-0.004,0.0211279577879223,0.013));
#6392=CARTESIAN_POINT('',(0.003,0.0211279577879223,0.013));
#6393=CARTESIAN_POINT('',(-0.003,0.0211279577879223,0.013));
#6394=CARTESIAN_POINT('',(-0.003,0.0226279578775534,0.013));
#6395=CARTESIAN_POINT('',(-0.003,0.0251279579671844,0.013));
#6396=CARTESIAN_POINT('',(0.,0.0251279579671844,0.013));
#6397=CARTESIAN_POINT('',(0.003,0.0251279579671844,0.013));
#6398=CARTESIAN_POINT('',(0.003,0.0226279579671844,0.013));
#6399=CARTESIAN_POINT('',(0.003,0.0211279579671844,0.013));
#6400=CARTESIAN_POINT('',(0.003,0.0211279579671844,0.013));
#6401=CARTESIAN_POINT('',(0.004,0.0211279579671844,0.013));
#6402=CARTESIAN_POINT('',(0.004,0.0226279579671844,0.013));
#6403=CARTESIAN_POINT('',(0.004,0.0251279579671844,0.013));
#6404=CARTESIAN_POINT('',(0.,0.0251279579671844,0.013));
#6405=CARTESIAN_POINT('',(0.003,0.0201279579671845,0.013));
#6406=CARTESIAN_POINT('',(0.0034,0.0201279579671845,0.013));
#6407=CARTESIAN_POINT('',(0.0034,0.0201279579671845,0.012));
#6408=CARTESIAN_POINT('',(0.003,0.0201279579671845,0.012));
#6409=CARTESIAN_POINT('',(0.003,0.0201279579671845,0.012));
#6410=CARTESIAN_POINT('',(0.003,0.0201279579671845,0.013));
#6411=CARTESIAN_POINT('',(-0.003,0.0201279577879223,0.013));
#6412=CARTESIAN_POINT('',(-0.003,0.0201279577879223,0.013));
#6413=CARTESIAN_POINT('',(-0.003,0.0201279577879223,0.012));
#6414=CARTESIAN_POINT('',(-0.003,0.0201279577879223,0.012));
#6415=CARTESIAN_POINT('',(-0.0034,0.0201279577879223,0.012));
#6416=CARTESIAN_POINT('',(-0.0034,0.0201279577879223,0.0104932584237671));
#6417=CARTESIAN_POINT('',(0.,0.0251279579671844,0.013));
#6418=CARTESIAN_POINT('',(0.,0.0251279579671844,0.001));
#6419=CARTESIAN_POINT('',(0.,0.0251279579671844,0.0126));
#6420=CARTESIAN_POINT('',(-0.003,0.0226279578775534,0.013));
#6421=CARTESIAN_POINT('',(-0.003,0.0211279577879223,0.012));
#6422=CARTESIAN_POINT('',(-0.003,0.0251279579671844,0.013));
#6423=CARTESIAN_POINT('',(0.,0.0251279579671844,0.013));
#6424=CARTESIAN_POINT('',(0.003,0.0251279579671844,0.013));
#6425=CARTESIAN_POINT('',(0.003,0.0226279579671844,0.013));
#6426=CARTESIAN_POINT('',(0.003,0.0211279579671844,0.012));
#6427=CARTESIAN_POINT('',(-0.00555201639282178,-0.0209818781276581,0.013));
#6428=CARTESIAN_POINT('',(-0.00467682076595548,-0.0195315103461112,0.));
#6429=CARTESIAN_POINT('',(-0.00481645796826983,-0.0197629160948662,7.57888173954556E-19));
#6430=CARTESIAN_POINT('',(-0.00509257918654489,-0.0202205021550497,0.000203779207781322));
#6431=CARTESIAN_POINT('',(-0.00521741998510589,-0.0204273874118966,0.000729345406683197));
#6432=CARTESIAN_POINT('',(-0.00521741998510589,-0.0204273874118966,0.001));
#6433=CARTESIAN_POINT('',(-0.00731601197176878,-0.023905158678838,0.0126));
#6434=CARTESIAN_POINT('',(-0.00731601197176877,-0.023905158678838,0.0126));
#6435=CARTESIAN_POINT('',(-0.00731601197176877,-0.023905158678838,0.013));
#6436=CARTESIAN_POINT('',(-0.0141198354356187,-0.0181477156676207,0.013));
#6437=CARTESIAN_POINT('',(-0.0148505238501767,-0.019358607155526,0.013));
#6438=CARTESIAN_POINT('',(-0.0148505238501767,-0.019358607155526,0.0126));
#6439=CARTESIAN_POINT('',(-0.0141198354356187,-0.0181477156676207,0.0126));
#6440=CARTESIAN_POINT('',(-0.0125096039216688,-0.0154792517985463,0.001));
#6441=CARTESIAN_POINT('',(-0.0125096039216688,-0.0154792517985463,0.000728527972545219));
#6442=CARTESIAN_POINT('',(-0.0123830498028481,-0.0152695272399162,0.00020291861394325));
#6443=CARTESIAN_POINT('',(-0.0121049326951931,-0.0148086336064732,3.36353629959507E-16));
#6444=CARTESIAN_POINT('',(-0.0119648718938164,-0.0145765258724553,8.30727451992216E-19));
#6445=CARTESIAN_POINT('',(-0.0110832679109727,-0.021631882917182,0.013));
#6446=CARTESIAN_POINT('',(-0.0110832679109727,-0.021631882917182,0.0126));
#6447=CARTESIAN_POINT('',(-0.00675068873711394,-0.0202585631125858,0.013));
#6448=CARTESIAN_POINT('',(-0.00851468431606094,-0.0231818436637657,0.013));
#6449=CARTESIAN_POINT('',(-0.0110832679109727,-0.021631882917182,0.013));
#6450=CARTESIAN_POINT('',(-0.0136518515058845,-0.0200819221705984,0.013));
#6451=CARTESIAN_POINT('',(-0.0129211630913266,-0.0188710306826931,0.013));
#6452=CARTESIAN_POINT('',(-0.0137773576229638,-0.0183543771004985,0.0126));
#6453=CARTESIAN_POINT('',(-0.0145080460375218,-0.0195652685884039,0.0126));
#6454=CARTESIAN_POINT('',(-0.0110832679109727,-0.021631882917182,0.0126));
#6455=CARTESIAN_POINT('',(-0.00765848978442368,-0.0236984972459602,0.0126));
#6456=CARTESIAN_POINT('',(0.00416299111616445,-0.00410802569644387,0.0126));
#6457=CARTESIAN_POINT('',(0.0048,0.0217224497881033,0.00463091484696271));
#6458=CARTESIAN_POINT('',(0.0048,0.0217224497881033,0.001));
#6459=CARTESIAN_POINT('',(-0.004,0.0226279579671844,0.0126));
#6460=CARTESIAN_POINT('',(-0.004,0.0211279577879223,0.0126));
#6461=CARTESIAN_POINT('',(-0.004,0.0251279579671844,0.0126));
#6462=CARTESIAN_POINT('',(0.,0.0251279579671844,0.0126));
#6463=CARTESIAN_POINT('',(0.004,0.0251279579671844,0.0126));
#6464=CARTESIAN_POINT('',(0.004,0.0226279579671844,0.0126));
#6465=CARTESIAN_POINT('',(0.004,0.0211279579671844,0.0126));
#6466=CARTESIAN_POINT('',(-0.0048,0.0217224497881033,0.00463091359671373));
#6467=CARTESIAN_POINT('',(-0.0048,0.0217224497881033,0.001));
#6468=CARTESIAN_POINT('',(-0.0034,0.0211279577879223,0.013));
#6469=CARTESIAN_POINT('',(-0.0034,0.0211279577879223,0.012));
#6470=CARTESIAN_POINT('',(-0.0044,0.0211279577879223,0.0126));
#6471=CARTESIAN_POINT('',(-0.0044,0.0211279577879223,0.013));
#6472=CARTESIAN_POINT('',(-0.004,0.0211279577879223,0.013));
#6473=CARTESIAN_POINT('',(-0.0044,0.0209970579728194,0.0125999999999091));
#6474=CARTESIAN_POINT('',(-0.00439999999881832,0.0209446979742547,0.0129999999988183));
#6475=CARTESIAN_POINT('',(-0.00399999999990913,0.0209970579728194,0.013));
#6476=CARTESIAN_POINT('',(-0.00434786453539887,0.0207354860555179,0.0125687187212806));
#6477=CARTESIAN_POINT('',(-0.00430817262399904,0.0206103551981421,0.0129081726239991));
#6478=CARTESIAN_POINT('',(-0.00396871872128063,0.0207354860555179,0.0129478645353989));
#6479=CARTESIAN_POINT('',(-0.00405171358309598,0.0202906486212291,0.0123910281498327));
#6480=CARTESIAN_POINT('',(-0.00395621095867804,0.0202306573243273,0.012556210958678));
#6481=CARTESIAN_POINT('',(-0.00379102814983279,0.0202906486212291,0.0126517135830958));
#6482=CARTESIAN_POINT('',(-0.00366179950900247,0.0201279577879223,0.0121570797054018));
#6483=CARTESIAN_POINT('',(-0.00360943960722964,0.0201280812015118,0.0122094396072299));
#6484=CARTESIAN_POINT('',(-0.00355707970540152,0.0201279577879223,0.0122617995090032));
#6485=CARTESIAN_POINT('',(-0.0034,0.0201279577879223,0.012));
#6486=CARTESIAN_POINT('',(-0.0034,0.0201279577879223,0.012));
#6487=CARTESIAN_POINT('',(-0.0034,0.0201279577879223,0.012));
#6488=CARTESIAN_POINT('',(-0.0034,0.0211279577879223,0.012));
#6489=CARTESIAN_POINT('',(-0.003,0.0211279577879223,0.012));
#6490=CARTESIAN_POINT('',(0.0034,0.0211279579671844,0.013));
#6491=CARTESIAN_POINT('',(0.0034,0.0211279579671844,0.012));
#6492=CARTESIAN_POINT('',(0.004,0.0211279579671845,0.013));
#6493=CARTESIAN_POINT('',(0.0044,0.0211279579671844,0.013));
#6494=CARTESIAN_POINT('',(0.0044,0.0211279579671845,0.0126));
#6495=CARTESIAN_POINT('',(0.00399999999990913,0.0209970581520816,0.013));
#6496=CARTESIAN_POINT('',(0.00439999999881832,0.0209446981535174,0.0129999999988183));
#6497=CARTESIAN_POINT('',(0.0044,0.0209970581520816,0.0125999999999091));
#6498=CARTESIAN_POINT('',(0.00396871872128063,0.0207354862347801,0.0129478645353989));
#6499=CARTESIAN_POINT('',(0.00430817262399904,0.020610355377404,0.0129081726239991));
#6500=CARTESIAN_POINT('',(0.00434786453539887,0.0207354862347801,0.0125687187212806));
#6501=CARTESIAN_POINT('',(0.00379102814983279,0.0202906488004913,0.0126517135830958));
#6502=CARTESIAN_POINT('',(0.00395621095867804,0.0202306575035896,0.012556210958678));
#6503=CARTESIAN_POINT('',(0.00405171358309598,0.0202906488004913,0.0123910281498327));
#6504=CARTESIAN_POINT('',(0.00355707970540152,0.0201279579671844,0.0122617995090032));
#6505=CARTESIAN_POINT('',(0.00360943960722964,0.020128081380774,0.0122094396072299));
#6506=CARTESIAN_POINT('',(0.00366179950900247,0.0201279579671844,0.0121570797054018));
#6507=CARTESIAN_POINT('',(0.0034,0.0201279579671844,0.012));
#6508=CARTESIAN_POINT('',(0.0034,0.0201279579671844,0.012));
#6509=CARTESIAN_POINT('',(0.0034,0.0201279579671844,0.012));
#6510=CARTESIAN_POINT('',(0.0034,0.0211279579671844,0.012));
#6511=CARTESIAN_POINT('',(0.003,0.0211279579671844,0.012));
#6512=CARTESIAN_POINT('',(-0.00459623515522187,0.0203373577738196,0.));
#6513=CARTESIAN_POINT('',(-0.00474178147292051,0.0213267092125937,4.23704587765192E-32));
#6514=CARTESIAN_POINT('',(-0.00474178147292051,0.0213267092125936,0.00100000000000001));
#6515=CARTESIAN_POINT('',(-0.00652992283334527,0.0200528874531382,0.));
#6516=CARTESIAN_POINT('',(-0.00673901084721594,0.0210328910915747,3.81433223702746E-15));
#6517=CARTESIAN_POINT('',(-0.00673901084716673,0.0210328910913189,0.000999999999987928));
#6518=CARTESIAN_POINT('',(-0.00933897773767964,0.0193653055342305,1.59440292630273E-18));
#6519=CARTESIAN_POINT('',(-0.00964844925419965,0.0203228182151254,-8.59348830375656E-16));
#6520=CARTESIAN_POINT('',(-0.00964844925421075,0.0203228182151831,0.00100000000000272));
#6521=CARTESIAN_POINT('',(-0.0128764360277168,0.017768861231738,1.24578961044326E-18));
#6522=CARTESIAN_POINT('',(-0.0133542969593738,0.0186515665211662,1.64707099437889E-16));
#6523=CARTESIAN_POINT('',(-0.0133542969593717,0.0186515665211554,0.00099999999999949));
#6524=CARTESIAN_POINT('',(-0.0153451670097229,0.0161560230928405,1.31584760278471E-18));
#6525=CARTESIAN_POINT('',(-0.0159701673335036,0.0169456098054612,-4.24831237594609E-17));
#6526=CARTESIAN_POINT('',(-0.0159701673335042,0.0169456098054642,0.00100000000000014));
#6527=CARTESIAN_POINT('',(-0.0174462675479995,0.0140751610734254,1.29707562031354E-18));
#6528=CARTESIAN_POINT('',(-0.0182337348001292,0.0147055427514393,1.30316512418498E-17));
#6529=CARTESIAN_POINT('',(-0.018233734800129,0.0147055427514385,0.000999999999999966));
#6530=CARTESIAN_POINT('',(-0.0190133653293589,0.0116041056580921,1.30210555785678E-18));
#6531=CARTESIAN_POINT('',(-0.0199161341495919,0.0120506113351839,-1.83722556604275E-18));
#6532=CARTESIAN_POINT('',(-0.0199161341495919,0.0120506113351841,0.00100000000000001));
#6533=CARTESIAN_POINT('',(-0.0200532389084941,0.00883032140871185,1.30075779015497E-18));
#6534=CARTESIAN_POINT('',(-0.0210252759809732,0.00908915060102088,2.12350666421682E-18));
#6535=CARTESIAN_POINT('',(-0.0210252759809733,0.00908915060102077,0.001));
#6536=CARTESIAN_POINT('',(-0.0205487415536994,0.00593447436503942,1.30111892341896E-18));
#6537=CARTESIAN_POINT('',(-0.02155008469495,0.00601781043466042,1.1494545510711E-18));
#6538=CARTESIAN_POINT('',(-0.0215500846949498,0.00601781043466062,0.001));
#6539=CARTESIAN_POINT('',(-0.0205478140283134,0.00299325791391141,1.30102215806482E-18));
#6540=CARTESIAN_POINT('',(-0.0215490136888385,0.00290727695766703,1.08493077339442E-18));
#6541=CARTESIAN_POINT('',(-0.0215490136888393,0.00290727695766633,0.001));
#6542=CARTESIAN_POINT('',(-0.0200452381629568,9.0305541538693E-5,1.3010480862174E-18));
#6543=CARTESIAN_POINT('',(-0.021017145405342,-0.000161873556454075,2.31707799724685E-18));
#6544=CARTESIAN_POINT('',(-0.021017145405339,-0.000161873556451494,0.001));
#6545=CARTESIAN_POINT('',(-0.0191093956428693,-0.00267929244620122,1.30104113896121E-18));
#6546=CARTESIAN_POINT('',(-0.0200364117778885,-0.00305970515097705,-2.54698712048615E-18));
#6547=CARTESIAN_POINT('',(-0.0200364117778994,-0.00305970515098668,0.001));
#6548=CARTESIAN_POINT('',(-0.0178851727383401,-0.00530279130980415,1.3010429998334E-18));
#6549=CARTESIAN_POINT('',(-0.0187747299874544,-0.00576063035705553,1.56771261265935E-17));
#6550=CARTESIAN_POINT('',(-0.0187747299874138,-0.0057606303570196,0.001));
#6551=CARTESIAN_POINT('',(-0.0165024894454372,-0.00785860959115094,1.30104250360082E-18));
#6552=CARTESIAN_POINT('',(-0.0173745594161047,-0.00834853921799352,-5.2355261743992E-17));
#6553=CARTESIAN_POINT('',(-0.0173745594162563,-0.00834853921812758,0.001));
#6554=CARTESIAN_POINT('',(-0.0145218732560226,-0.0112070742609988,1.30104266901168E-18));
#6555=CARTESIAN_POINT('',(-0.0153616965669812,-0.0117512752571602,2.8618532256969E-16));
#6556=CARTESIAN_POINT('',(-0.015361696566176,-0.0117512752564484,0.001));
#6557=CARTESIAN_POINT('',(-0.0128530805367356,-0.0135801773309744,1.30104260698261E-18));
#6558=CARTESIAN_POINT('',(-0.0136553072205665,-0.0141823871205235,-1.26215144415364E-15));
#6559=CARTESIAN_POINT('',(-0.0136553072241376,-0.0141823871236803,0.001));
#6560=CARTESIAN_POINT('',(-0.0115698528835835,-0.0150354307611097,1.30104260698261E-18));
#6561=CARTESIAN_POINT('',(-0.0123199002420214,-0.0156968148855792,2.31111593326468E-33));
#6562=CARTESIAN_POINT('',(-0.0123199002420214,-0.0156968148855792,0.001));
#6563=CARTESIAN_POINT('',(-0.00459623515522187,0.0203373577738196,0.001));
#6564=CARTESIAN_POINT('',(-0.0048,0.0217224497881033,0.001));
#6565=CARTESIAN_POINT('',(-0.0034,0.0217224497881033,0.001));
#6566=CARTESIAN_POINT('',(-0.0034,0.0226279578775534,0.001));
#6567=CARTESIAN_POINT('',(-0.0034,0.0251279579671844,0.001));
#6568=CARTESIAN_POINT('',(0.,0.0251279579671844,0.001));
#6569=CARTESIAN_POINT('',(0.0034,0.0251279579671844,0.001));
#6570=CARTESIAN_POINT('',(0.0034,-0.0195354999999998,0.001));
#6571=CARTESIAN_POINT('',(0.0034,0.0217224497881033,0.001));
#6572=CARTESIAN_POINT('',(0.0048,0.0217224497881033,0.001));
#6573=CARTESIAN_POINT('',(0.00459623515522186,0.0203373577738196,0.001));
#6574=CARTESIAN_POINT('',(0.0047417814729206,0.0213267092125936,0.00100000000000001));
#6575=CARTESIAN_POINT('',(0.0047417814729206,0.0213267092125936,0.));
#6576=CARTESIAN_POINT('',(0.00459623515522186,0.0203373577738196,0.));
#6577=CARTESIAN_POINT('',(0.00613508314369212,0.0211217366217865,0.00099999999999158));
#6578=CARTESIAN_POINT('',(0.00613508314372618,0.0211217366219641,2.6609439797269E-15));
#6579=CARTESIAN_POINT('',(0.00594520904265102,0.0201389063699592,0.));
#6580=CARTESIAN_POINT('',(0.00886655586419591,0.0205307225899724,0.00100000000000391));
#6581=CARTESIAN_POINT('',(0.0088665558641801,0.0205307225898899,-1.23304360153466E-15));
#6582=CARTESIAN_POINT('',(0.00858382183624645,0.0195674520620073,1.90485858224632E-18));
#6583=CARTESIAN_POINT('',(0.0127961642870256,0.0190189128932924,0.000999999999998955));
#6584=CARTESIAN_POINT('',(0.0127961642870298,0.0190189128933144,3.32042891422885E-16));
#6585=CARTESIAN_POINT('',(0.0123511495151329,0.0181162418074278,1.1392506040335E-18));
#6586=CARTESIAN_POINT('',(0.0164880406972227,0.0166588497864901,0.00100000000000028));
#6587=CARTESIAN_POINT('',(0.0164880406972216,0.0166588497864842,-8.73217085149863E-17));
#6588=CARTESIAN_POINT('',(0.0158329543719489,0.0158836803047777,1.34439464351531E-18));
#6589=CARTESIAN_POINT('',(0.019384159535329,0.0132558308888956,0.000999999999999927));
#6590=CARTESIAN_POINT('',(0.0193841595353293,0.0132558308888972,2.50501982789554E-17));
#6591=CARTESIAN_POINT('',(0.0185132323124691,0.0127308642848988,1.28942646380088E-18));
#6592=CARTESIAN_POINT('',(0.0210927351101868,0.00918592419723717,0.00100000000000002));
#6593=CARTESIAN_POINT('',(0.0210927351101867,0.00918592419723674,-5.07282895893979E-18));
#6594=CARTESIAN_POINT('',(0.0201165232340111,0.0089246083226228,1.30415514317678E-18));
#6595=CARTESIAN_POINT('',(0.021695081639833,0.00485519294382358,0.000999999999999997));
#6596=CARTESIAN_POINT('',(0.0216950816398331,0.0048551929438237,3.04737319869936E-18));
#6597=CARTESIAN_POINT('',(0.0206856484589285,0.00483439524771139,1.30020860538762E-18));
#6598=CARTESIAN_POINT('',(0.0212662873253852,0.00052968637192722,0.001));
#6599=CARTESIAN_POINT('',(0.0212662873253852,0.000529686371927189,6.89591806037975E-19));
#6600=CARTESIAN_POINT('',(0.0202815408555696,0.000748871638601067,1.30126607716837E-18));
#6601=CARTESIAN_POINT('',(0.0198856230909272,-0.0035437538117922,0.001));
#6602=CARTESIAN_POINT('',(0.0198856230909272,-0.00354375381179219,2.00051521904437E-18));
#6603=CARTESIAN_POINT('',(0.0189683765642988,-0.00313717303453376,1.30098272783452E-18));
#6604=CARTESIAN_POINT('',(0.0180196767926668,-0.00721588547924021,0.001));
#6605=CARTESIAN_POINT('',(0.0180196767926668,-0.00721588547924022,4.15645566662781E-19));
#6606=CARTESIAN_POINT('',(0.0171429016228024,-0.00673470434637799,1.3010586533892E-18));
#6607=CARTESIAN_POINT('',(0.0159617100317038,-0.0107931723513295,0.001));
#6608=CARTESIAN_POINT('',(0.0159617100317038,-0.0107931723513295,1.54107294223493E-18));
#6609=CARTESIAN_POINT('',(0.0151092979187412,-0.0102686395888518,1.30103830050433E-18));
#6610=CARTESIAN_POINT('',(0.013642280460301,-0.0142163041838795,0.001));
#6611=CARTESIAN_POINT('',(0.013642280460301,-0.0142163041838795,1.22631830629315E-18));
#6612=CARTESIAN_POINT('',(0.0128420105728579,-0.0136135495628454,1.30104378648913E-18));
#6613=CARTESIAN_POINT('',(0.0113221030145962,-0.0168941150307409,0.001));
#6614=CARTESIAN_POINT('',(0.0113221030145962,-0.0168941150307408,1.33764427978895E-18));
#6615=CARTESIAN_POINT('',(0.010603989679901,-0.016190777159716,1.3010424606105E-18));
#6616=CARTESIAN_POINT('',(0.00908658769123321,-0.0187279391033263,0.001));
#6617=CARTESIAN_POINT('',(0.00908658769123315,-0.0187279391033265,1.25010445606907E-18));
#6618=CARTESIAN_POINT('',(0.00851068811767284,-0.0179043049341138,1.30104263455108E-18));
#6619=CARTESIAN_POINT('',(0.0071280470247785,-0.0198355085840646,0.001));
#6620=CARTESIAN_POINT('',(0.00712804702477873,-0.0198355085840638,1.49007849376037E-18));
#6621=CARTESIAN_POINT('',(0.00672096477473991,-0.0189151323055498,1.30104259959565E-18));
#6622=CARTESIAN_POINT('',(0.0050241383884322,-0.0205393319868897,0.001));
#6623=CARTESIAN_POINT('',(0.00502413838843137,-0.0205393319868925,5.95837210785079E-19));
#6624=CARTESIAN_POINT('',(0.0047900578945003,-0.0195622592265942,1.30104260896194E-18));
#6625=CARTESIAN_POINT('',(0.00286493395983872,-0.0208793758726483,0.001));
#6626=CARTESIAN_POINT('',(0.00286493395984185,-0.0208793758726378,3.93282830499495E-18));
#6627=CARTESIAN_POINT('',(0.0027808069038594,-0.0198803374311011,1.30104260645223E-18));
#6628=CARTESIAN_POINT('',(0.000727485025953744,-0.0209409699602266,0.001));
#6629=CARTESIAN_POINT('',(0.000727485025942069,-0.0209409699602658,-8.52089478886923E-18));
#6630=CARTESIAN_POINT('',(0.000732444914683769,-0.0199409173179738,1.30104260712477E-18));
#6631=CARTESIAN_POINT('',(-0.00130865220533718,-0.0209408846862404,0.001));
#6632=CARTESIAN_POINT('',(-0.00130865220529361,-0.0209408846860943,3.79570064923776E-17));
#6633=CARTESIAN_POINT('',(-0.00130224405198749,-0.0199404128715346,1.30104260694433E-18));
#6634=CARTESIAN_POINT('',(-0.00345474942697819,-0.0208203019752316,0.001));
#6635=CARTESIAN_POINT('',(-0.0034547494271408,-0.020820301975777,-1.35500875538746E-16));
#6636=CARTESIAN_POINT('',(-0.0033330808865126,-0.0198241741395354,1.30104260699354E-18));
#6637=CARTESIAN_POINT('',(-0.00491721663995201,-0.0205240032891707,0.001));
#6638=CARTESIAN_POINT('',(-0.00491721663960163,-0.0205240032879954,2.96068209023418E-16));
#6639=CARTESIAN_POINT('',(-0.00468797510519813,-0.0195488876806871,1.30104260698261E-18));
#6640=CARTESIAN_POINT('',(-0.00562459149715914,-0.0203135600915896,0.001));
#6641=CARTESIAN_POINT('',(-0.00562459149715915,-0.0203135600915896,1.30104260698261E-18));
#6642=CARTESIAN_POINT('',(-0.00533944374833173,-0.0193550765177405,1.30104260698261E-18));
#6643=MECHANICAL_DESIGN_GEOMETRIC_PRESENTATION_REPRESENTATION('',(#2015),
#6646);
#6644=MECHANICAL_DESIGN_GEOMETRIC_PRESENTATION_REPRESENTATION('',(#2016),
#6647);
#6645=MECHANICAL_DESIGN_GEOMETRIC_PRESENTATION_REPRESENTATION('',(#2017),
#6648);
#6646=(
GEOMETRIC_REPRESENTATION_CONTEXT(3)
GLOBAL_UNCERTAINTY_ASSIGNED_CONTEXT((#6649))
GLOBAL_UNIT_ASSIGNED_CONTEXT((#6658,#6655,#6652))
REPRESENTATION_CONTEXT('Corona','TOP_LEVEL_ASSEMBLY_PART')
);
#6647=(
GEOMETRIC_REPRESENTATION_CONTEXT(3)
GLOBAL_UNCERTAINTY_ASSIGNED_CONTEXT((#6650))
GLOBAL_UNIT_ASSIGNED_CONTEXT((#6659,#6656,#6653))
REPRESENTATION_CONTEXT('Frenulum','TOP_LEVEL_ASSEMBLY_PART')
);
#6648=(
GEOMETRIC_REPRESENTATION_CONTEXT(3)
GLOBAL_UNCERTAINTY_ASSIGNED_CONTEXT((#6651))
GLOBAL_UNIT_ASSIGNED_CONTEXT((#6660,#6657,#6654))
REPRESENTATION_CONTEXT('Insulation','TOP_LEVEL_ASSEMBLY_PART')
);
#6649=UNCERTAINTY_MEASURE_WITH_UNIT(LENGTH_MEASURE(2.E-5),#6658,
'DISTANCE_ACCURACY_VALUE','Maximum Tolerance applied to model');
#6650=UNCERTAINTY_MEASURE_WITH_UNIT(LENGTH_MEASURE(2.E-5),#6659,
'DISTANCE_ACCURACY_VALUE','Maximum Tolerance applied to model');
#6651=UNCERTAINTY_MEASURE_WITH_UNIT(LENGTH_MEASURE(6.25356695827339E-5),
#6660,'DISTANCE_ACCURACY_VALUE','Maximum Tolerance applied to model');
#6652=(
NAMED_UNIT(*)
SI_UNIT($,.STERADIAN.)
SOLID_ANGLE_UNIT()
);
#6653=(
NAMED_UNIT(*)
SI_UNIT($,.STERADIAN.)
SOLID_ANGLE_UNIT()
);
#6654=(
NAMED_UNIT(*)
SI_UNIT($,.STERADIAN.)
SOLID_ANGLE_UNIT()
);
#6655=(
NAMED_UNIT(*)
PLANE_ANGLE_UNIT()
SI_UNIT($,.RADIAN.)
);
#6656=(
NAMED_UNIT(*)
PLANE_ANGLE_UNIT()
SI_UNIT($,.RADIAN.)
);
#6657=(
NAMED_UNIT(*)
PLANE_ANGLE_UNIT()
SI_UNIT($,.RADIAN.)
);
#6658=(
LENGTH_UNIT()
NAMED_UNIT(*)
SI_UNIT($,.METRE.)
);
#6659=(
LENGTH_UNIT()
NAMED_UNIT(*)
SI_UNIT($,.METRE.)
);
#6660=(
LENGTH_UNIT()
NAMED_UNIT(*)
SI_UNIT($,.METRE.)
);
#6661=PRODUCT_DEFINITION_SHAPE('','',#6664);
#6662=PRODUCT_DEFINITION_SHAPE('','',#6665);
#6663=PRODUCT_DEFINITION_SHAPE('','',#6666);
#6664=PRODUCT_DEFINITION('','',#6670,#6667);
#6665=PRODUCT_DEFINITION('','',#6671,#6668);
#6666=PRODUCT_DEFINITION('','',#6672,#6669);
#6667=PRODUCT_DEFINITION_CONTEXT('',#6688,'design');
#6668=PRODUCT_DEFINITION_CONTEXT('',#6689,'design');
#6669=PRODUCT_DEFINITION_CONTEXT('',#6690,'design');
#6670=PRODUCT_DEFINITION_FORMATION_WITH_SPECIFIED_SOURCE('','',#6676,
 .NOT_KNOWN.);
#6671=PRODUCT_DEFINITION_FORMATION_WITH_SPECIFIED_SOURCE('','',#6677,
 .NOT_KNOWN.);
#6672=PRODUCT_DEFINITION_FORMATION_WITH_SPECIFIED_SOURCE('','',#6678,
 .NOT_KNOWN.);
#6673=PRODUCT_RELATED_PRODUCT_CATEGORY('','',(#6676));
#6674=PRODUCT_RELATED_PRODUCT_CATEGORY('','',(#6677));
#6675=PRODUCT_RELATED_PRODUCT_CATEGORY('','',(#6678));
#6676=PRODUCT('Corona','Corona','Corona',(#6682));
#6677=PRODUCT('Frenulum','Frenulum','Frenulum',(#6683));
#6678=PRODUCT('Insulation','Insulation','Insulation',(#6684));
#6679=PRODUCT_CATEGORY('','');
#6680=PRODUCT_CATEGORY('','');
#6681=PRODUCT_CATEGORY('','');
#6682=PRODUCT_CONTEXT('',#6688,'mechanical');
#6683=PRODUCT_CONTEXT('',#6689,'mechanical');
#6684=PRODUCT_CONTEXT('',#6690,'mechanical');
#6685=APPLICATION_PROTOCOL_DEFINITION('international standard',
'ap242_managed_model_based_3d_engineering',2020,#6688);
#6686=APPLICATION_PROTOCOL_DEFINITION('international standard',
'ap242_managed_model_based_3d_engineering',2020,#6689);
#6687=APPLICATION_PROTOCOL_DEFINITION('international standard',
'ap242_managed_model_based_3d_engineering',2020,#6690);
#6688=APPLICATION_CONTEXT('managed model based 3d engineering');
#6689=APPLICATION_CONTEXT('managed model based 3d engineering');
#6690=APPLICATION_CONTEXT('managed model based 3d engineering');
ENDSEC;
END-ISO-10303-21;
