ISO-10303-21;
HEADER;
/* Generated by software containing ST-Developer
 * from STEP Tools, Inc. (www.steptools.com) 
 */
/* OPTION: using custom renumber hook */

FILE_DESCRIPTION(
/* description */ ('STEP AP242 Edition 2',
'CAx-IF Rec.Pracs.---Representation and Presentation of Product Manufa
cturing Information (PMI)---4.0---2014-10-13',
'CAx-IF Rec.Pracs.---3D Tessellated Geometry---0.4---2014-09-14','2;1',
'CAx-IF Rec.Pracs.---User Defined Attributes---1.5---2016-08-15'),
/* implementation_level */ '2;1');

FILE_NAME(
/* name */ '698e23557673a742cfe0262d',
/* time_stamp */ '2026-02-12T19:00:37Z',
/* author */ (''),
/* organization */ (''),
/* preprocessor_version */ 'ST-DEVELOPER v20',
/* originating_system */ 'ONSHAPE BY PTC INC, 1.210',
/* authorisation */ '  ');

FILE_SCHEMA (('AP242_MANAGED_MODEL_BASED_3D_ENGINEERING_MIM_LF { 1 0 10303 442 3 1 4 }'));
ENDSEC;

DATA;
#10=SHAPE_REPRESENTATION_RELATIONSHIP('','',#6517,#12);
#11=SHAPE_REPRESENTATION_RELATIONSHIP('','',#6518,#13);
#12=ADVANCED_BREP_SHAPE_REPRESENTATION('',(#6513),#12255);
#13=ADVANCED_BREP_SHAPE_REPRESENTATION('',(#6514),#12256);
#14=B_SPLINE_SURFACE_WITH_KNOTS('',3,1,((#9343,#9344),(#9345,#9346),(#9347,
#9348),(#9349,#9350)),.SURF_OF_LINEAR_EXTRUSION.,.F.,.F.,.F.,(4,4),(2,2),
(0.,1.),(0.,1.),.PIECEWISE_BEZIER_KNOTS.);
#15=B_SPLINE_SURFACE_WITH_KNOTS('',3,1,((#9353,#9354),(#9355,#9356),(#9357,
#9358),(#9359,#9360)),.SURF_OF_LINEAR_EXTRUSION.,.F.,.F.,.F.,(4,4),(2,2),
(0.,1.),(0.,1.),.PIECEWISE_BEZIER_KNOTS.);
#16=B_SPLINE_SURFACE_WITH_KNOTS('',3,1,((#9362,#9363),(#9364,#9365),(#9366,
#9367),(#9368,#9369)),.SURF_OF_LINEAR_EXTRUSION.,.F.,.F.,.F.,(4,4),(2,2),
(0.,1.),(0.,1.),.PIECEWISE_BEZIER_KNOTS.);
#17=B_SPLINE_SURFACE_WITH_KNOTS('',3,1,((#9371,#9372),(#9373,#9374),(#9375,
#9376),(#9377,#9378)),.SURF_OF_LINEAR_EXTRUSION.,.F.,.F.,.F.,(4,4),(2,2),
(0.,1.),(0.,1.),.PIECEWISE_BEZIER_KNOTS.);
#18=B_SPLINE_SURFACE_WITH_KNOTS('',3,1,((#9380,#9381),(#9382,#9383),(#9384,
#9385),(#9386,#9387)),.SURF_OF_LINEAR_EXTRUSION.,.F.,.F.,.F.,(4,4),(2,2),
(0.,1.),(0.,1.),.PIECEWISE_BEZIER_KNOTS.);
#19=B_SPLINE_SURFACE_WITH_KNOTS('',3,1,((#9459,#9460),(#9461,#9462),(#9463,
#9464),(#9465,#9466)),.SURF_OF_LINEAR_EXTRUSION.,.F.,.F.,.F.,(4,4),(2,2),
(0.,1.),(0.,1.),.PIECEWISE_BEZIER_KNOTS.);
#20=B_SPLINE_SURFACE_WITH_KNOTS('',3,1,((#9473,#9474),(#9475,#9476),(#9477,
#9478),(#9479,#9480)),.SURF_OF_LINEAR_EXTRUSION.,.F.,.F.,.F.,(4,4),(2,2),
(0.,1.00000000000005),(0.,1.),.PIECEWISE_BEZIER_KNOTS.);
#21=B_SPLINE_SURFACE_WITH_KNOTS('',3,1,((#9487,#9488),(#9489,#9490),(#9491,
#9492),(#9493,#9494)),.SURF_OF_LINEAR_EXTRUSION.,.F.,.F.,.F.,(4,4),(2,2),
(0.,1.),(0.,1.),.PIECEWISE_BEZIER_KNOTS.);
#22=B_SPLINE_SURFACE_WITH_KNOTS('',3,1,((#9501,#9502),(#9503,#9504),(#9505,
#9506),(#9507,#9508)),.SURF_OF_LINEAR_EXTRUSION.,.F.,.F.,.F.,(4,4),(2,2),
(0.,1.),(0.,1.),.PIECEWISE_BEZIER_KNOTS.);
#23=B_SPLINE_SURFACE_WITH_KNOTS('',3,1,((#9524,#9525),(#9526,#9527),(#9528,
#9529),(#9530,#9531)),.SURF_OF_LINEAR_EXTRUSION.,.F.,.F.,.F.,(4,4),(2,2),
(0.,1.),(0.,1.),.PIECEWISE_BEZIER_KNOTS.);
#24=B_SPLINE_SURFACE_WITH_KNOTS('',3,1,((#9533,#9534),(#9535,#9536),(#9537,
#9538),(#9539,#9540)),.SURF_OF_LINEAR_EXTRUSION.,.F.,.F.,.F.,(4,4),(2,2),
(0.,1.),(0.,1.),.PIECEWISE_BEZIER_KNOTS.);
#25=B_SPLINE_SURFACE_WITH_KNOTS('',3,1,((#9542,#9543),(#9544,#9545),(#9546,
#9547),(#9548,#9549)),.SURF_OF_LINEAR_EXTRUSION.,.F.,.F.,.F.,(4,4),(2,2),
(0.,1.00000000000538),(0.,1.),.PIECEWISE_BEZIER_KNOTS.);
#26=B_SPLINE_SURFACE_WITH_KNOTS('',3,1,((#9551,#9552),(#9553,#9554),(#9555,
#9556),(#9557,#9558)),.SURF_OF_LINEAR_EXTRUSION.,.F.,.F.,.F.,(4,4),(2,2),
(0.,1.),(0.,1.),.PIECEWISE_BEZIER_KNOTS.);
#27=B_SPLINE_SURFACE_WITH_KNOTS('',3,1,((#9601,#9602),(#9603,#9604),(#9605,
#9606),(#9607,#9608)),.SURF_OF_LINEAR_EXTRUSION.,.F.,.F.,.F.,(4,4),(2,2),
(0.,1.),(0.,1.),.PIECEWISE_BEZIER_KNOTS.);
#28=B_SPLINE_SURFACE_WITH_KNOTS('',3,1,((#9611,#9612),(#9613,#9614),(#9615,
#9616),(#9617,#9618)),.SURF_OF_LINEAR_EXTRUSION.,.F.,.F.,.F.,(4,4),(2,2),
(0.,1.),(0.,1.),.PIECEWISE_BEZIER_KNOTS.);
#29=B_SPLINE_SURFACE_WITH_KNOTS('',3,1,((#9620,#9621),(#9622,#9623),(#9624,
#9625),(#9626,#9627)),.SURF_OF_LINEAR_EXTRUSION.,.F.,.F.,.F.,(4,4),(2,2),
(0.,1.),(0.,1.),.PIECEWISE_BEZIER_KNOTS.);
#30=B_SPLINE_SURFACE_WITH_KNOTS('',3,1,((#9629,#9630),(#9631,#9632),(#9633,
#9634),(#9635,#9636)),.SURF_OF_LINEAR_EXTRUSION.,.F.,.F.,.F.,(4,4),(2,2),
(0.,1.),(0.,1.),.PIECEWISE_BEZIER_KNOTS.);
#31=B_SPLINE_SURFACE_WITH_KNOTS('',3,1,((#9638,#9639),(#9640,#9641),(#9642,
#9643),(#9644,#9645)),.SURF_OF_LINEAR_EXTRUSION.,.F.,.F.,.F.,(4,4),(2,2),
(0.,1.),(0.,1.),.PIECEWISE_BEZIER_KNOTS.);
#32=B_SPLINE_SURFACE_WITH_KNOTS('',3,1,((#9647,#9648),(#9649,#9650),(#9651,
#9652),(#9653,#9654)),.SURF_OF_LINEAR_EXTRUSION.,.F.,.F.,.F.,(4,4),(2,2),
(0.,1.),(0.,1.),.PIECEWISE_BEZIER_KNOTS.);
#33=B_SPLINE_SURFACE_WITH_KNOTS('',3,1,((#9656,#9657),(#9658,#9659),(#9660,
#9661),(#9662,#9663)),.SURF_OF_LINEAR_EXTRUSION.,.F.,.F.,.F.,(4,4),(2,2),
(0.,1.),(0.,1.),.PIECEWISE_BEZIER_KNOTS.);
#34=B_SPLINE_SURFACE_WITH_KNOTS('',3,1,((#9665,#9666),(#9667,#9668),(#9669,
#9670),(#9671,#9672)),.SURF_OF_LINEAR_EXTRUSION.,.F.,.F.,.F.,(4,4),(2,2),
(0.,1.),(0.,1.),.PIECEWISE_BEZIER_KNOTS.);
#35=B_SPLINE_SURFACE_WITH_KNOTS('',3,1,((#9768,#9769),(#9770,#9771),(#9772,
#9773),(#9774,#9775)),.SURF_OF_LINEAR_EXTRUSION.,.F.,.F.,.F.,(4,4),(2,2),
(0.,1.),(0.,1.),.PIECEWISE_BEZIER_KNOTS.);
#36=B_SPLINE_SURFACE_WITH_KNOTS('',3,1,((#9777,#9778),(#9779,#9780),(#9781,
#9782),(#9783,#9784)),.SURF_OF_LINEAR_EXTRUSION.,.F.,.F.,.F.,(4,4),(2,2),
(0.,1.),(0.,1.),.PIECEWISE_BEZIER_KNOTS.);
#37=B_SPLINE_SURFACE_WITH_KNOTS('',3,1,((#9786,#9787),(#9788,#9789),(#9790,
#9791),(#9792,#9793)),.SURF_OF_LINEAR_EXTRUSION.,.F.,.F.,.F.,(4,4),(2,2),
(0.,1.),(0.,1.),.PIECEWISE_BEZIER_KNOTS.);
#38=B_SPLINE_SURFACE_WITH_KNOTS('',3,1,((#9797,#9798),(#9799,#9800),(#9801,
#9802),(#9803,#9804)),.SURF_OF_LINEAR_EXTRUSION.,.F.,.F.,.F.,(4,4),(2,2),
(0.,1.),(0.,1.),.PIECEWISE_BEZIER_KNOTS.);
#39=B_SPLINE_SURFACE_WITH_KNOTS('',3,1,((#9806,#9807),(#9808,#9809),(#9810,
#9811),(#9812,#9813)),.SURF_OF_LINEAR_EXTRUSION.,.F.,.F.,.F.,(4,4),(2,2),
(0.,1.),(0.,1.),.PIECEWISE_BEZIER_KNOTS.);
#40=B_SPLINE_SURFACE_WITH_KNOTS('',3,1,((#9815,#9816),(#9817,#9818),(#9819,
#9820),(#9821,#9822)),.SURF_OF_LINEAR_EXTRUSION.,.F.,.F.,.F.,(4,4),(2,2),
(0.,1.),(0.,1.),.PIECEWISE_BEZIER_KNOTS.);
#41=B_SPLINE_SURFACE_WITH_KNOTS('',3,1,((#9958,#9959),(#9960,#9961),(#9962,
#9963),(#9964,#9965)),.SURF_OF_LINEAR_EXTRUSION.,.F.,.F.,.F.,(4,4),(2,2),
(0.,1.),(0.,1.),.PIECEWISE_BEZIER_KNOTS.);
#42=B_SPLINE_SURFACE_WITH_KNOTS('',3,1,((#9974,#9975),(#9976,#9977),(#9978,
#9979),(#9980,#9981)),.SURF_OF_LINEAR_EXTRUSION.,.F.,.F.,.F.,(4,4),(2,2),
(0.,1.),(0.,1.),.PIECEWISE_BEZIER_KNOTS.);
#43=B_SPLINE_SURFACE_WITH_KNOTS('',3,1,((#9985,#9986),(#9987,#9988),(#9989,
#9990),(#9991,#9992)),.SURF_OF_LINEAR_EXTRUSION.,.F.,.F.,.F.,(4,4),(2,2),
(0.,1.),(0.,1.),.PIECEWISE_BEZIER_KNOTS.);
#44=B_SPLINE_SURFACE_WITH_KNOTS('',3,1,((#10000,#10001),(#10002,#10003),
(#10004,#10005),(#10006,#10007)),.SURF_OF_LINEAR_EXTRUSION.,.F.,.F.,.F.,
(4,4),(2,2),(0.,1.),(0.,1.),.PIECEWISE_BEZIER_KNOTS.);
#45=B_SPLINE_SURFACE_WITH_KNOTS('',3,1,((#10009,#10010),(#10011,#10012),
(#10013,#10014),(#10015,#10016)),.SURF_OF_LINEAR_EXTRUSION.,.F.,.F.,.F.,
(4,4),(2,2),(0.,1.),(0.,1.),.PIECEWISE_BEZIER_KNOTS.);
#46=B_SPLINE_SURFACE_WITH_KNOTS('',3,1,((#10018,#10019),(#10020,#10021),
(#10022,#10023),(#10024,#10025)),.SURF_OF_LINEAR_EXTRUSION.,.F.,.F.,.F.,
(4,4),(2,2),(0.,1.0000000000007),(0.,1.),.PIECEWISE_BEZIER_KNOTS.);
#47=B_SPLINE_SURFACE_WITH_KNOTS('',3,1,((#10029,#10030),(#10031,#10032),
(#10033,#10034),(#10035,#10036)),.SURF_OF_LINEAR_EXTRUSION.,.F.,.F.,.F.,
(4,4),(2,2),(0.,1.),(0.,1.),.PIECEWISE_BEZIER_KNOTS.);
#48=B_SPLINE_SURFACE_WITH_KNOTS('',3,1,((#10038,#10039),(#10040,#10041),
(#10042,#10043),(#10044,#10045)),.SURF_OF_LINEAR_EXTRUSION.,.F.,.F.,.F.,
(4,4),(2,2),(0.,1.),(0.,1.),.PIECEWISE_BEZIER_KNOTS.);
#49=B_SPLINE_SURFACE_WITH_KNOTS('',3,1,((#10051,#10052),(#10053,#10054),
(#10055,#10056),(#10057,#10058)),.SURF_OF_LINEAR_EXTRUSION.,.F.,.F.,.F.,
(4,4),(2,2),(0.,1.),(0.,1.),.PIECEWISE_BEZIER_KNOTS.);
#50=B_SPLINE_SURFACE_WITH_KNOTS('',3,1,((#10060,#10061),(#10062,#10063),
(#10064,#10065),(#10066,#10067)),.SURF_OF_LINEAR_EXTRUSION.,.F.,.F.,.F.,
(4,4),(2,2),(0.,1.),(0.,1.),.PIECEWISE_BEZIER_KNOTS.);
#51=B_SPLINE_SURFACE_WITH_KNOTS('',3,1,((#10071,#10072),(#10073,#10074),
(#10075,#10076),(#10077,#10078)),.SURF_OF_LINEAR_EXTRUSION.,.F.,.F.,.F.,
(4,4),(2,2),(0.,1.),(0.,1.),.PIECEWISE_BEZIER_KNOTS.);
#52=B_SPLINE_SURFACE_WITH_KNOTS('',3,1,((#10082,#10083),(#10084,#10085),
(#10086,#10087),(#10088,#10089)),.SURF_OF_LINEAR_EXTRUSION.,.F.,.F.,.F.,
(4,4),(2,2),(0.,1.),(0.,1.),.PIECEWISE_BEZIER_KNOTS.);
#53=B_SPLINE_SURFACE_WITH_KNOTS('',3,1,((#10091,#10092),(#10093,#10094),
(#10095,#10096),(#10097,#10098)),.SURF_OF_LINEAR_EXTRUSION.,.F.,.F.,.F.,
(4,4),(2,2),(0.,1.),(0.,1.),.PIECEWISE_BEZIER_KNOTS.);
#54=B_SPLINE_SURFACE_WITH_KNOTS('',3,1,((#10100,#10101),(#10102,#10103),
(#10104,#10105),(#10106,#10107)),.SURF_OF_LINEAR_EXTRUSION.,.F.,.F.,.F.,
(4,4),(2,2),(0.,1.),(0.,1.),.PIECEWISE_BEZIER_KNOTS.);
#55=B_SPLINE_SURFACE_WITH_KNOTS('',3,1,((#10109,#10110),(#10111,#10112),
(#10113,#10114),(#10115,#10116)),.SURF_OF_LINEAR_EXTRUSION.,.F.,.F.,.F.,
(4,4),(2,2),(0.,1.00000000000008),(0.,1.),.PIECEWISE_BEZIER_KNOTS.);
#56=B_SPLINE_SURFACE_WITH_KNOTS('',3,1,((#10118,#10119),(#10120,#10121),
(#10122,#10123),(#10124,#10125)),.SURF_OF_LINEAR_EXTRUSION.,.F.,.F.,.F.,
(4,4),(2,2),(0.,1.),(0.,1.),.PIECEWISE_BEZIER_KNOTS.);
#57=B_SPLINE_SURFACE_WITH_KNOTS('',3,1,((#10223,#10224),(#10225,#10226),
(#10227,#10228),(#10229,#10230)),.SURF_OF_LINEAR_EXTRUSION.,.F.,.F.,.F.,
(4,4),(2,2),(0.,1.),(0.,1.),.PIECEWISE_BEZIER_KNOTS.);
#58=B_SPLINE_SURFACE_WITH_KNOTS('',3,1,((#10232,#10233),(#10234,#10235),
(#10236,#10237),(#10238,#10239)),.SURF_OF_LINEAR_EXTRUSION.,.F.,.F.,.F.,
(4,4),(2,2),(0.,1.),(0.,1.),.PIECEWISE_BEZIER_KNOTS.);
#59=B_SPLINE_SURFACE_WITH_KNOTS('',3,1,((#10247,#10248),(#10249,#10250),
(#10251,#10252),(#10253,#10254)),.SURF_OF_LINEAR_EXTRUSION.,.F.,.F.,.F.,
(4,4),(2,2),(0.,1.),(0.,1.),.PIECEWISE_BEZIER_KNOTS.);
#60=B_SPLINE_SURFACE_WITH_KNOTS('',3,1,((#10256,#10257),(#10258,#10259),
(#10260,#10261),(#10262,#10263)),.SURF_OF_LINEAR_EXTRUSION.,.F.,.F.,.F.,
(4,4),(2,2),(0.,1.),(0.,1.),.PIECEWISE_BEZIER_KNOTS.);
#61=B_SPLINE_SURFACE_WITH_KNOTS('',3,1,((#10265,#10266),(#10267,#10268),
(#10269,#10270),(#10271,#10272)),.SURF_OF_LINEAR_EXTRUSION.,.F.,.F.,.F.,
(4,4),(2,2),(0.,1.),(0.,1.),.PIECEWISE_BEZIER_KNOTS.);
#62=B_SPLINE_SURFACE_WITH_KNOTS('',3,1,((#10274,#10275),(#10276,#10277),
(#10278,#10279),(#10280,#10281)),.SURF_OF_LINEAR_EXTRUSION.,.F.,.F.,.F.,
(4,4),(2,2),(0.,1.00000000000105),(0.,1.),.PIECEWISE_BEZIER_KNOTS.);
#63=B_SPLINE_SURFACE_WITH_KNOTS('',3,1,((#10283,#10284),(#10285,#10286),
(#10287,#10288),(#10289,#10290)),.SURF_OF_LINEAR_EXTRUSION.,.F.,.F.,.F.,
(4,4),(2,2),(0.,1.),(0.,1.),.PIECEWISE_BEZIER_KNOTS.);
#64=B_SPLINE_SURFACE_WITH_KNOTS('',3,1,((#10415,#10416),(#10417,#10418),
(#10419,#10420),(#10421,#10422)),.SURF_OF_LINEAR_EXTRUSION.,.F.,.F.,.F.,
(4,4),(2,2),(0.,1.),(0.,1.),.PIECEWISE_BEZIER_KNOTS.);
#65=B_SPLINE_SURFACE_WITH_KNOTS('',3,1,((#10425,#10426),(#10427,#10428),
(#10429,#10430),(#10431,#10432)),.SURF_OF_LINEAR_EXTRUSION.,.F.,.F.,.F.,
(4,4),(2,2),(0.,1.),(0.,1.),.PIECEWISE_BEZIER_KNOTS.);
#66=B_SPLINE_SURFACE_WITH_KNOTS('',3,1,((#10434,#10435),(#10436,#10437),
(#10438,#10439),(#10440,#10441)),.SURF_OF_LINEAR_EXTRUSION.,.F.,.F.,.F.,
(4,4),(2,2),(0.,1.),(0.,1.),.PIECEWISE_BEZIER_KNOTS.);
#67=B_SPLINE_SURFACE_WITH_KNOTS('',3,1,((#10449,#10450),(#10451,#10452),
(#10453,#10454),(#10455,#10456)),.SURF_OF_LINEAR_EXTRUSION.,.F.,.F.,.F.,
(4,4),(2,2),(0.,1.00000000000113),(0.,1.),.PIECEWISE_BEZIER_KNOTS.);
#68=B_SPLINE_SURFACE_WITH_KNOTS('',3,1,((#10458,#10459),(#10460,#10461),
(#10462,#10463),(#10464,#10465)),.SURF_OF_LINEAR_EXTRUSION.,.F.,.F.,.F.,
(4,4),(2,2),(0.,1.),(0.,1.),.PIECEWISE_BEZIER_KNOTS.);
#69=B_SPLINE_SURFACE_WITH_KNOTS('',3,1,((#10473,#10474),(#10475,#10476),
(#10477,#10478),(#10479,#10480)),.SURF_OF_LINEAR_EXTRUSION.,.F.,.F.,.F.,
(4,4),(2,2),(0.,1.),(0.,1.),.PIECEWISE_BEZIER_KNOTS.);
#70=B_SPLINE_SURFACE_WITH_KNOTS('',3,1,((#10498,#10499),(#10500,#10501),
(#10502,#10503),(#10504,#10505)),.SURF_OF_LINEAR_EXTRUSION.,.F.,.F.,.F.,
(4,4),(2,2),(0.,1.00000000000009),(0.,1.),.PIECEWISE_BEZIER_KNOTS.);
#71=B_SPLINE_SURFACE_WITH_KNOTS('',3,1,((#10507,#10508),(#10509,#10510),
(#10511,#10512),(#10513,#10514)),.SURF_OF_LINEAR_EXTRUSION.,.F.,.F.,.F.,
(4,4),(2,2),(0.,1.),(0.,1.),.PIECEWISE_BEZIER_KNOTS.);
#72=B_SPLINE_SURFACE_WITH_KNOTS('',3,1,((#10516,#10517),(#10518,#10519),
(#10520,#10521),(#10522,#10523)),.SURF_OF_LINEAR_EXTRUSION.,.F.,.F.,.F.,
(4,4),(2,2),(0.,1.),(0.,1.),.PIECEWISE_BEZIER_KNOTS.);
#73=B_SPLINE_SURFACE_WITH_KNOTS('',3,1,((#10525,#10526),(#10527,#10528),
(#10529,#10530),(#10531,#10532)),.SURF_OF_LINEAR_EXTRUSION.,.F.,.F.,.F.,
(4,4),(2,2),(0.,1.),(0.,1.),.PIECEWISE_BEZIER_KNOTS.);
#74=B_SPLINE_SURFACE_WITH_KNOTS('',3,1,((#10540,#10541),(#10542,#10543),
(#10544,#10545),(#10546,#10547)),.SURF_OF_LINEAR_EXTRUSION.,.F.,.F.,.F.,
(4,4),(2,2),(0.,1.),(0.,1.),.PIECEWISE_BEZIER_KNOTS.);
#75=B_SPLINE_SURFACE_WITH_KNOTS('',3,1,((#10628,#10629),(#10630,#10631),
(#10632,#10633),(#10634,#10635)),.SURF_OF_LINEAR_EXTRUSION.,.F.,.F.,.F.,
(4,4),(2,2),(0.,1.),(0.,1.),.PIECEWISE_BEZIER_KNOTS.);
#76=B_SPLINE_SURFACE_WITH_KNOTS('',3,1,((#10642,#10643),(#10644,#10645),
(#10646,#10647),(#10648,#10649)),.SURF_OF_LINEAR_EXTRUSION.,.F.,.F.,.F.,
(4,4),(2,2),(0.,1.),(0.,1.),.PIECEWISE_BEZIER_KNOTS.);
#77=B_SPLINE_SURFACE_WITH_KNOTS('',3,1,((#10656,#10657),(#10658,#10659),
(#10660,#10661),(#10662,#10663)),.SURF_OF_LINEAR_EXTRUSION.,.F.,.F.,.F.,
(4,4),(2,2),(0.,1.),(0.,1.),.PIECEWISE_BEZIER_KNOTS.);
#78=B_SPLINE_SURFACE_WITH_KNOTS('',3,1,((#10670,#10671),(#10672,#10673),
(#10674,#10675),(#10676,#10677)),.SURF_OF_LINEAR_EXTRUSION.,.F.,.F.,.F.,
(4,4),(2,2),(0.,1.),(0.,1.),.PIECEWISE_BEZIER_KNOTS.);
#79=B_SPLINE_SURFACE_WITH_KNOTS('',3,1,((#10687,#10688),(#10689,#10690),
(#10691,#10692),(#10693,#10694)),.SURF_OF_LINEAR_EXTRUSION.,.F.,.F.,.F.,
(4,4),(2,2),(0.,1.),(0.,1.),.PIECEWISE_BEZIER_KNOTS.);
#80=B_SPLINE_SURFACE_WITH_KNOTS('',3,1,((#10698,#10699),(#10700,#10701),
(#10702,#10703),(#10704,#10705)),.SURF_OF_LINEAR_EXTRUSION.,.F.,.F.,.F.,
(4,4),(2,2),(0.,1.00000000000449),(0.,1.),.PIECEWISE_BEZIER_KNOTS.);
#81=B_SPLINE_SURFACE_WITH_KNOTS('',3,1,((#10707,#10708),(#10709,#10710),
(#10711,#10712),(#10713,#10714)),.SURF_OF_LINEAR_EXTRUSION.,.F.,.F.,.F.,
(4,4),(2,2),(0.,1.),(0.,1.),.PIECEWISE_BEZIER_KNOTS.);
#82=B_SPLINE_SURFACE_WITH_KNOTS('',3,1,((#10838,#10839),(#10840,#10841),
(#10842,#10843),(#10844,#10845)),.SURF_OF_LINEAR_EXTRUSION.,.F.,.F.,.F.,
(4,4),(2,2),(0.,1.),(0.,1.),.PIECEWISE_BEZIER_KNOTS.);
#83=B_SPLINE_SURFACE_WITH_KNOTS('',3,1,((#10847,#10848),(#10849,#10850),
(#10851,#10852),(#10853,#10854)),.SURF_OF_LINEAR_EXTRUSION.,.F.,.F.,.F.,
(4,4),(2,2),(0.,1.),(0.,1.),.PIECEWISE_BEZIER_KNOTS.);
#84=B_SPLINE_SURFACE_WITH_KNOTS('',3,1,((#10856,#10857),(#10858,#10859),
(#10860,#10861),(#10862,#10863)),.SURF_OF_LINEAR_EXTRUSION.,.F.,.F.,.F.,
(4,4),(2,2),(0.,1.),(0.,1.),.PIECEWISE_BEZIER_KNOTS.);
#85=B_SPLINE_SURFACE_WITH_KNOTS('',3,1,((#10865,#10866),(#10867,#10868),
(#10869,#10870),(#10871,#10872)),.SURF_OF_LINEAR_EXTRUSION.,.F.,.F.,.F.,
(4,4),(2,2),(0.,1.00000000000051),(0.,1.),.PIECEWISE_BEZIER_KNOTS.);
#86=B_SPLINE_SURFACE_WITH_KNOTS('',3,1,((#10874,#10875),(#10876,#10877),
(#10878,#10879),(#10880,#10881)),.SURF_OF_LINEAR_EXTRUSION.,.F.,.F.,.F.,
(4,4),(2,2),(0.,1.),(0.,1.),.PIECEWISE_BEZIER_KNOTS.);
#87=B_SPLINE_SURFACE_WITH_KNOTS('',3,1,((#10883,#10884),(#10885,#10886),
(#10887,#10888),(#10889,#10890)),.SURF_OF_LINEAR_EXTRUSION.,.F.,.F.,.F.,
(4,4),(2,2),(0.,1.),(0.,1.),.PIECEWISE_BEZIER_KNOTS.);
#88=B_SPLINE_SURFACE_WITH_KNOTS('',3,1,((#10896,#10897),(#10898,#10899),
(#10900,#10901),(#10902,#10903)),.SURF_OF_LINEAR_EXTRUSION.,.F.,.F.,.F.,
(4,4),(2,2),(0.,1.),(0.,1.),.PIECEWISE_BEZIER_KNOTS.);
#89=B_SPLINE_SURFACE_WITH_KNOTS('',3,1,((#10905,#10906),(#10907,#10908),
(#10909,#10910),(#10911,#10912)),.SURF_OF_LINEAR_EXTRUSION.,.F.,.F.,.F.,
(4,4),(2,2),(0.,1.),(0.,1.),.PIECEWISE_BEZIER_KNOTS.);
#90=B_SPLINE_SURFACE_WITH_KNOTS('',3,1,((#10916,#10917),(#10918,#10919),
(#10920,#10921),(#10922,#10923)),.SURF_OF_LINEAR_EXTRUSION.,.F.,.F.,.F.,
(4,4),(2,2),(0.,1.),(0.,1.),.PIECEWISE_BEZIER_KNOTS.);
#91=B_SPLINE_SURFACE_WITH_KNOTS('',3,1,((#10925,#10926),(#10927,#10928),
(#10929,#10930),(#10931,#10932)),.SURF_OF_LINEAR_EXTRUSION.,.F.,.F.,.F.,
(4,4),(2,2),(0.,1.),(0.,1.),.PIECEWISE_BEZIER_KNOTS.);
#92=B_SPLINE_SURFACE_WITH_KNOTS('',3,1,((#10934,#10935),(#10936,#10937),
(#10938,#10939),(#10940,#10941)),.SURF_OF_LINEAR_EXTRUSION.,.F.,.F.,.F.,
(4,4),(2,2),(0.,1.00000000000273),(0.,1.),.PIECEWISE_BEZIER_KNOTS.);
#93=B_SPLINE_SURFACE_WITH_KNOTS('',3,1,((#10942,#10943),(#10944,#10945),
(#10946,#10947),(#10948,#10949)),.SURF_OF_LINEAR_EXTRUSION.,.F.,.F.,.F.,
(4,4),(2,2),(0.,1.),(0.,1.),.PIECEWISE_BEZIER_KNOTS.);
#94=B_SPLINE_SURFACE_WITH_KNOTS('',3,1,((#10958,#10959),(#10960,#10961),
(#10962,#10963),(#10964,#10965)),.SURF_OF_LINEAR_EXTRUSION.,.F.,.F.,.F.,
(4,4),(2,2),(0.,1.),(0.,1.),.PIECEWISE_BEZIER_KNOTS.);
#95=B_SPLINE_SURFACE_WITH_KNOTS('',3,1,((#10973,#10974),(#10975,#10976),
(#10977,#10978),(#10979,#10980)),.SURF_OF_LINEAR_EXTRUSION.,.F.,.F.,.F.,
(4,4),(2,2),(0.,1.00000000000003),(0.,1.),.PIECEWISE_BEZIER_KNOTS.);
#96=B_SPLINE_SURFACE_WITH_KNOTS('',3,1,((#10987,#10988),(#10989,#10990),
(#10991,#10992),(#10993,#10994)),.SURF_OF_LINEAR_EXTRUSION.,.F.,.F.,.F.,
(4,4),(2,2),(0.,1.),(0.,1.),.PIECEWISE_BEZIER_KNOTS.);
#97=B_SPLINE_SURFACE_WITH_KNOTS('',3,1,((#11009,#11010),(#11011,#11012),
(#11013,#11014),(#11015,#11016)),.SURF_OF_LINEAR_EXTRUSION.,.F.,.F.,.F.,
(4,4),(2,2),(0.,1.),(0.,1.),.PIECEWISE_BEZIER_KNOTS.);
#98=B_SPLINE_SURFACE_WITH_KNOTS('',3,1,((#11178,#11179),(#11180,#11181),
(#11182,#11183),(#11184,#11185)),.SURF_OF_LINEAR_EXTRUSION.,.F.,.F.,.F.,
(4,4),(2,2),(0.,1.),(0.,1.),.PIECEWISE_BEZIER_KNOTS.);
#99=B_SPLINE_SURFACE_WITH_KNOTS('',3,1,((#11188,#11189),(#11190,#11191),
(#11192,#11193),(#11194,#11195)),.SURF_OF_LINEAR_EXTRUSION.,.F.,.F.,.F.,
(4,4),(2,2),(0.,1.),(0.,1.),.PIECEWISE_BEZIER_KNOTS.);
#100=B_SPLINE_SURFACE_WITH_KNOTS('',3,1,((#11197,#11198),(#11199,#11200),
(#11201,#11202),(#11203,#11204)),.SURF_OF_LINEAR_EXTRUSION.,.F.,.F.,.F.,
(4,4),(2,2),(0.,1.),(0.,1.),.PIECEWISE_BEZIER_KNOTS.);
#101=B_SPLINE_SURFACE_WITH_KNOTS('',3,1,((#11206,#11207),(#11208,#11209),
(#11210,#11211),(#11212,#11213)),.SURF_OF_LINEAR_EXTRUSION.,.F.,.F.,.F.,
(4,4),(2,2),(0.,1.0000000000006),(0.,1.),.PIECEWISE_BEZIER_KNOTS.);
#102=B_SPLINE_SURFACE_WITH_KNOTS('',3,1,((#11217,#11218),(#11219,#11220),
(#11221,#11222),(#11223,#11224)),.SURF_OF_LINEAR_EXTRUSION.,.F.,.F.,.F.,
(4,4),(2,2),(0.,1.),(0.,1.),.PIECEWISE_BEZIER_KNOTS.);
#103=B_SPLINE_SURFACE_WITH_KNOTS('',3,1,((#11226,#11227),(#11228,#11229),
(#11230,#11231),(#11232,#11233)),.SURF_OF_LINEAR_EXTRUSION.,.F.,.F.,.F.,
(4,4),(2,2),(0.,1.),(0.,1.),.PIECEWISE_BEZIER_KNOTS.);
#104=B_SPLINE_SURFACE_WITH_KNOTS('',3,1,((#11237,#11238),(#11239,#11240),
(#11241,#11242),(#11243,#11244)),.SURF_OF_LINEAR_EXTRUSION.,.F.,.F.,.F.,
(4,4),(2,2),(0.,1.),(0.,1.),.PIECEWISE_BEZIER_KNOTS.);
#105=B_SPLINE_SURFACE_WITH_KNOTS('',3,1,((#11246,#11247),(#11248,#11249),
(#11250,#11251),(#11252,#11253)),.SURF_OF_LINEAR_EXTRUSION.,.F.,.F.,.F.,
(4,4),(2,2),(0.,1.),(0.,1.),.PIECEWISE_BEZIER_KNOTS.);
#106=B_SPLINE_SURFACE_WITH_KNOTS('',3,1,((#11255,#11256),(#11257,#11258),
(#11259,#11260),(#11261,#11262)),.SURF_OF_LINEAR_EXTRUSION.,.F.,.F.,.F.,
(4,4),(2,2),(0.,1.),(0.,1.),.PIECEWISE_BEZIER_KNOTS.);
#107=B_SPLINE_SURFACE_WITH_KNOTS('',3,1,((#11264,#11265),(#11266,#11267),
(#11268,#11269),(#11270,#11271)),.SURF_OF_LINEAR_EXTRUSION.,.F.,.F.,.F.,
(4,4),(2,2),(0.,1.00000000000001),(0.,1.),.PIECEWISE_BEZIER_KNOTS.);
#108=B_SPLINE_SURFACE_WITH_KNOTS('',3,1,((#11275,#11276),(#11277,#11278),
(#11279,#11280),(#11281,#11282)),.SURF_OF_LINEAR_EXTRUSION.,.F.,.F.,.F.,
(4,4),(2,2),(0.,1.),(0.,1.),.PIECEWISE_BEZIER_KNOTS.);
#109=B_SPLINE_SURFACE_WITH_KNOTS('',3,1,((#11284,#11285),(#11286,#11287),
(#11288,#11289),(#11290,#11291)),.SURF_OF_LINEAR_EXTRUSION.,.F.,.F.,.F.,
(4,4),(2,2),(0.,1.),(0.,1.),.PIECEWISE_BEZIER_KNOTS.);
#110=B_SPLINE_SURFACE_WITH_KNOTS('',3,1,((#11294,#11295),(#11296,#11297),
(#11298,#11299),(#11300,#11301)),.SURF_OF_LINEAR_EXTRUSION.,.F.,.F.,.F.,
(4,4),(2,2),(0.,1.),(0.,1.),.PIECEWISE_BEZIER_KNOTS.);
#111=B_SPLINE_SURFACE_WITH_KNOTS('',3,1,((#11310,#11311),(#11312,#11313),
(#11314,#11315),(#11316,#11317)),.SURF_OF_LINEAR_EXTRUSION.,.F.,.F.,.F.,
(4,4),(2,2),(0.,1.),(0.,1.),.PIECEWISE_BEZIER_KNOTS.);
#112=B_SPLINE_SURFACE_WITH_KNOTS('',3,1,((#11325,#11326),(#11327,#11328),
(#11329,#11330),(#11331,#11332)),.SURF_OF_LINEAR_EXTRUSION.,.F.,.F.,.F.,
(4,4),(2,2),(0.,1.),(0.,1.),.PIECEWISE_BEZIER_KNOTS.);
#113=B_SPLINE_SURFACE_WITH_KNOTS('',3,1,((#11339,#11340),(#11341,#11342),
(#11343,#11344),(#11345,#11346)),.SURF_OF_LINEAR_EXTRUSION.,.F.,.F.,.F.,
(4,4),(2,2),(0.,1.),(0.,1.),.PIECEWISE_BEZIER_KNOTS.);
#114=B_SPLINE_SURFACE_WITH_KNOTS('',3,1,((#11353,#11354),(#11355,#11356),
(#11357,#11358),(#11359,#11360)),.SURF_OF_LINEAR_EXTRUSION.,.F.,.F.,.F.,
(4,4),(2,2),(0.,1.),(0.,1.),.PIECEWISE_BEZIER_KNOTS.);
#115=B_SPLINE_SURFACE_WITH_KNOTS('',3,1,((#11367,#11368),(#11369,#11370),
(#11371,#11372),(#11373,#11374)),.SURF_OF_LINEAR_EXTRUSION.,.F.,.F.,.F.,
(4,4),(2,2),(0.,1.00000000000002),(0.,1.),.PIECEWISE_BEZIER_KNOTS.);
#116=B_SPLINE_SURFACE_WITH_KNOTS('',3,1,((#11381,#11382),(#11383,#11384),
(#11385,#11386),(#11387,#11388)),.SURF_OF_LINEAR_EXTRUSION.,.F.,.F.,.F.,
(4,4),(2,2),(0.,1.),(0.,1.),.PIECEWISE_BEZIER_KNOTS.);
#117=B_SPLINE_SURFACE_WITH_KNOTS('',3,1,((#11402,#11403),(#11404,#11405),
(#11406,#11407),(#11408,#11409)),.SURF_OF_LINEAR_EXTRUSION.,.F.,.F.,.F.,
(4,4),(2,2),(0.,1.),(0.,1.),.PIECEWISE_BEZIER_KNOTS.);
#118=B_SPLINE_SURFACE_WITH_KNOTS('',3,1,((#11416,#11417),(#11418,#11419),
(#11420,#11421),(#11422,#11423)),.SURF_OF_LINEAR_EXTRUSION.,.F.,.F.,.F.,
(4,4),(2,2),(0.,1.),(0.,1.),.PIECEWISE_BEZIER_KNOTS.);
#119=B_SPLINE_SURFACE_WITH_KNOTS('',3,1,((#11437,#11438),(#11439,#11440),
(#11441,#11442),(#11443,#11444)),.SURF_OF_LINEAR_EXTRUSION.,.F.,.F.,.F.,
(4,4),(2,2),(0.,1.),(0.,1.),.PIECEWISE_BEZIER_KNOTS.);
#120=B_SPLINE_SURFACE_WITH_KNOTS('',3,1,((#11451,#11452),(#11453,#11454),
(#11455,#11456),(#11457,#11458)),.SURF_OF_LINEAR_EXTRUSION.,.F.,.F.,.F.,
(4,4),(2,2),(0.,1.),(0.,1.),.PIECEWISE_BEZIER_KNOTS.);
#121=B_SPLINE_SURFACE_WITH_KNOTS('',3,1,((#11465,#11466),(#11467,#11468),
(#11469,#11470),(#11471,#11472)),.SURF_OF_LINEAR_EXTRUSION.,.F.,.F.,.F.,
(4,4),(2,2),(0.,1.),(0.,1.),.PIECEWISE_BEZIER_KNOTS.);
#122=B_SPLINE_SURFACE_WITH_KNOTS('',3,1,((#11479,#11480),(#11481,#11482),
(#11483,#11484),(#11485,#11486)),.SURF_OF_LINEAR_EXTRUSION.,.F.,.F.,.F.,
(4,4),(2,2),(0.,1.),(0.,1.),.PIECEWISE_BEZIER_KNOTS.);
#123=B_SPLINE_SURFACE_WITH_KNOTS('',3,1,((#11569,#11570),(#11571,#11572),
(#11573,#11574),(#11575,#11576)),.SURF_OF_LINEAR_EXTRUSION.,.F.,.F.,.F.,
(4,4),(2,2),(0.,1.),(0.,1.),.PIECEWISE_BEZIER_KNOTS.);
#124=B_SPLINE_SURFACE_WITH_KNOTS('',3,1,((#11809,#11810),(#11811,#11812),
(#11813,#11814),(#11815,#11816)),.SURF_OF_LINEAR_EXTRUSION.,.F.,.F.,.F.,
(4,4),(2,2),(0.,1.),(0.,1.),.PIECEWISE_BEZIER_KNOTS.);
#125=B_SPLINE_SURFACE_WITH_KNOTS('',3,1,((#11819,#11820),(#11821,#11822),
(#11823,#11824),(#11825,#11826)),.SURF_OF_LINEAR_EXTRUSION.,.F.,.F.,.F.,
(4,4),(2,2),(0.,1.00000000000058),(0.,1.),.PIECEWISE_BEZIER_KNOTS.);
#126=B_SPLINE_SURFACE_WITH_KNOTS('',3,1,((#11828,#11829),(#11830,#11831),
(#11832,#11833),(#11834,#11835)),.SURF_OF_LINEAR_EXTRUSION.,.F.,.F.,.F.,
(4,4),(2,2),(0.,1.),(0.,1.),.PIECEWISE_BEZIER_KNOTS.);
#127=B_SPLINE_SURFACE_WITH_KNOTS('',3,1,((#11837,#11838),(#11839,#11840),
(#11841,#11842),(#11843,#11844)),.SURF_OF_LINEAR_EXTRUSION.,.F.,.F.,.F.,
(4,4),(2,2),(0.,1.),(0.,1.),.PIECEWISE_BEZIER_KNOTS.);
#128=B_SPLINE_SURFACE_WITH_KNOTS('',3,1,((#11846,#11847),(#11848,#11849),
(#11850,#11851),(#11852,#11853)),.SURF_OF_LINEAR_EXTRUSION.,.F.,.F.,.F.,
(4,4),(2,2),(0.,1.),(0.,1.),.PIECEWISE_BEZIER_KNOTS.);
#129=B_SPLINE_SURFACE_WITH_KNOTS('',3,1,((#11855,#11856),(#11857,#11858),
(#11859,#11860),(#11861,#11862)),.SURF_OF_LINEAR_EXTRUSION.,.F.,.F.,.F.,
(4,4),(2,2),(0.,1.00000000000056),(0.,1.),.PIECEWISE_BEZIER_KNOTS.);
#130=B_SPLINE_SURFACE_WITH_KNOTS('',3,1,((#11864,#11865),(#11866,#11867),
(#11868,#11869),(#11870,#11871)),.SURF_OF_LINEAR_EXTRUSION.,.F.,.F.,.F.,
(4,4),(2,2),(0.,1.),(0.,1.),.PIECEWISE_BEZIER_KNOTS.);
#131=B_SPLINE_SURFACE_WITH_KNOTS('',3,1,((#11873,#11874),(#11875,#11876),
(#11877,#11878),(#11879,#11880)),.SURF_OF_LINEAR_EXTRUSION.,.F.,.F.,.F.,
(4,4),(2,2),(0.,1.),(0.,1.),.PIECEWISE_BEZIER_KNOTS.);
#132=B_SPLINE_SURFACE_WITH_KNOTS('',3,1,((#11881,#11882),(#11883,#11884),
(#11885,#11886),(#11887,#11888)),.SURF_OF_LINEAR_EXTRUSION.,.F.,.F.,.F.,
(4,4),(2,2),(0.,1.),(0.,1.),.PIECEWISE_BEZIER_KNOTS.);
#133=B_SPLINE_SURFACE_WITH_KNOTS('',3,1,((#11897,#11898),(#11899,#11900),
(#11901,#11902),(#11903,#11904)),.SURF_OF_LINEAR_EXTRUSION.,.F.,.F.,.F.,
(4,4),(2,2),(0.,1.),(0.,1.),.PIECEWISE_BEZIER_KNOTS.);
#134=B_SPLINE_SURFACE_WITH_KNOTS('',3,1,((#11911,#11912),(#11913,#11914),
(#11915,#11916),(#11917,#11918)),.SURF_OF_LINEAR_EXTRUSION.,.F.,.F.,.F.,
(4,4),(2,2),(0.,1.),(0.,1.),.PIECEWISE_BEZIER_KNOTS.);
#135=B_SPLINE_SURFACE_WITH_KNOTS('',3,1,((#11925,#11926),(#11927,#11928),
(#11929,#11930),(#11931,#11932)),.SURF_OF_LINEAR_EXTRUSION.,.F.,.F.,.F.,
(4,4),(2,2),(0.,1.),(0.,1.),.PIECEWISE_BEZIER_KNOTS.);
#136=B_SPLINE_SURFACE_WITH_KNOTS('',3,1,((#11939,#11940),(#11941,#11942),
(#11943,#11944),(#11945,#11946)),.SURF_OF_LINEAR_EXTRUSION.,.F.,.F.,.F.,
(4,4),(2,2),(0.,1.),(0.,1.),.PIECEWISE_BEZIER_KNOTS.);
#137=B_SPLINE_SURFACE_WITH_KNOTS('',3,1,((#11954,#11955),(#11956,#11957),
(#11958,#11959),(#11960,#11961)),.SURF_OF_LINEAR_EXTRUSION.,.F.,.F.,.F.,
(4,4),(2,2),(0.,1.),(0.,1.),.PIECEWISE_BEZIER_KNOTS.);
#138=B_SPLINE_SURFACE_WITH_KNOTS('',3,1,((#11968,#11969),(#11970,#11971),
(#11972,#11973),(#11974,#11975)),.SURF_OF_LINEAR_EXTRUSION.,.F.,.F.,.F.,
(4,4),(2,2),(0.,1.),(0.,1.),.PIECEWISE_BEZIER_KNOTS.);
#139=B_SPLINE_SURFACE_WITH_KNOTS('',3,1,((#11982,#11983),(#11984,#11985),
(#11986,#11987),(#11988,#11989)),.SURF_OF_LINEAR_EXTRUSION.,.F.,.F.,.F.,
(4,4),(2,2),(0.,1.),(0.,1.),.PIECEWISE_BEZIER_KNOTS.);
#140=B_SPLINE_SURFACE_WITH_KNOTS('',3,1,((#12035,#12036),(#12037,#12038),
(#12039,#12040),(#12041,#12042)),.SURF_OF_LINEAR_EXTRUSION.,.F.,.F.,.F.,
(4,4),(2,2),(0.,1.),(0.,1.),.PIECEWISE_BEZIER_KNOTS.);
#141=B_SPLINE_SURFACE_WITH_KNOTS('',3,1,((#12045,#12046),(#12047,#12048),
(#12049,#12050),(#12051,#12052)),.SURF_OF_LINEAR_EXTRUSION.,.F.,.F.,.F.,
(4,4),(2,2),(0.,1.),(0.,1.),.PIECEWISE_BEZIER_KNOTS.);
#142=B_SPLINE_SURFACE_WITH_KNOTS('',3,1,((#12054,#12055),(#12056,#12057),
(#12058,#12059),(#12060,#12061)),.SURF_OF_LINEAR_EXTRUSION.,.F.,.F.,.F.,
(4,4),(2,2),(0.,1.),(0.,1.),.PIECEWISE_BEZIER_KNOTS.);
#143=B_SPLINE_SURFACE_WITH_KNOTS('',3,1,((#12063,#12064),(#12065,#12066),
(#12067,#12068),(#12069,#12070)),.SURF_OF_LINEAR_EXTRUSION.,.F.,.F.,.F.,
(4,4),(2,2),(0.,1.),(0.,1.),.PIECEWISE_BEZIER_KNOTS.);
#144=B_SPLINE_SURFACE_WITH_KNOTS('',3,1,((#12072,#12073),(#12074,#12075),
(#12076,#12077),(#12078,#12079)),.SURF_OF_LINEAR_EXTRUSION.,.F.,.F.,.F.,
(4,4),(2,2),(0.,1.),(0.,1.),.PIECEWISE_BEZIER_KNOTS.);
#145=B_SPLINE_SURFACE_WITH_KNOTS('',3,1,((#12081,#12082),(#12083,#12084),
(#12085,#12086),(#12087,#12088)),.SURF_OF_LINEAR_EXTRUSION.,.F.,.F.,.F.,
(4,4),(2,2),(0.,1.),(0.,1.),.PIECEWISE_BEZIER_KNOTS.);
#146=B_SPLINE_SURFACE_WITH_KNOTS('',3,1,((#12090,#12091),(#12092,#12093),
(#12094,#12095),(#12096,#12097)),.SURF_OF_LINEAR_EXTRUSION.,.F.,.F.,.F.,
(4,4),(2,2),(0.,1.),(0.,1.),.PIECEWISE_BEZIER_KNOTS.);
#147=B_SPLINE_SURFACE_WITH_KNOTS('',3,1,((#12099,#12100),(#12101,#12102),
(#12103,#12104),(#12105,#12106)),.SURF_OF_LINEAR_EXTRUSION.,.F.,.F.,.F.,
(4,4),(2,2),(0.,1.),(0.,1.),.PIECEWISE_BEZIER_KNOTS.);
#148=TOROIDAL_SURFACE('',#6635,0.003,0.001);
#149=TOROIDAL_SURFACE('',#6642,0.028,0.001);
#150=TOROIDAL_SURFACE('',#6645,0.002,0.001);
#151=TOROIDAL_SURFACE('',#6647,0.002,0.001);
#152=TOROIDAL_SURFACE('',#6653,0.028,0.001);
#153=TOROIDAL_SURFACE('',#6656,0.002,0.001);
#154=TOROIDAL_SURFACE('',#6658,0.002,0.001);
#155=TOROIDAL_SURFACE('',#6664,0.003,0.001);
#156=TOROIDAL_SURFACE('',#6665,0.025,0.001);
#157=TOROIDAL_SURFACE('',#6666,0.025,0.001);
#158=PLANE('',#6607);
#159=PLANE('',#6613);
#160=PLANE('',#6619);
#161=PLANE('',#6623);
#162=PLANE('',#6627);
#163=PLANE('',#6628);
#164=PLANE('',#6629);
#165=PLANE('',#6630);
#166=PLANE('',#6674);
#167=PLANE('',#6676);
#168=PLANE('',#6677);
#169=PLANE('',#6679);
#170=PLANE('',#6680);
#171=PLANE('',#6681);
#172=PLANE('',#6682);
#173=PLANE('',#6683);
#174=PLANE('',#6689);
#175=PLANE('',#6690);
#176=PLANE('',#6691);
#177=PLANE('',#6692);
#178=PLANE('',#6700);
#179=PLANE('',#6701);
#180=PLANE('',#6702);
#181=PLANE('',#6703);
#182=PLANE('',#6704);
#183=PLANE('',#6705);
#184=PLANE('',#6706);
#185=PLANE('',#6707);
#186=PLANE('',#6708);
#187=PLANE('',#6709);
#188=PLANE('',#6710);
#189=PLANE('',#6711);
#190=PLANE('',#6718);
#191=PLANE('',#6725);
#192=PLANE('',#6733);
#193=PLANE('',#6734);
#194=PLANE('',#6735);
#195=PLANE('',#6736);
#196=PLANE('',#6737);
#197=PLANE('',#6738);
#198=PLANE('',#6743);
#199=PLANE('',#6745);
#200=PLANE('',#6749);
#201=PLANE('',#6750);
#202=PLANE('',#6751);
#203=PLANE('',#6752);
#204=PLANE('',#6761);
#205=PLANE('',#6762);
#206=PLANE('',#6763);
#207=PLANE('',#6766);
#208=PLANE('',#6769);
#209=PLANE('',#6770);
#210=PLANE('',#6771);
#211=PLANE('',#6772);
#212=PLANE('',#6773);
#213=PLANE('',#6774);
#214=PLANE('',#6775);
#215=PLANE('',#6776);
#216=PLANE('',#6777);
#217=PLANE('',#6786);
#218=PLANE('',#6788);
#219=PLANE('',#6789);
#220=PLANE('',#6791);
#221=PLANE('',#6794);
#222=PLANE('',#6795);
#223=PLANE('',#6796);
#224=PLANE('',#6797);
#225=PLANE('',#6798);
#226=PLANE('',#6799);
#227=PLANE('',#6808);
#228=PLANE('',#6809);
#229=PLANE('',#6810);
#230=PLANE('',#6811);
#231=PLANE('',#6812);
#232=PLANE('',#6813);
#233=PLANE('',#6814);
#234=PLANE('',#6815);
#235=PLANE('',#6817);
#236=PLANE('',#6839);
#237=PLANE('',#6842);
#238=PLANE('',#6843);
#239=PLANE('',#6844);
#240=PLANE('',#6845);
#241=PLANE('',#6846);
#242=PLANE('',#6847);
#243=PLANE('',#6848);
#244=PLANE('',#6849);
#245=PLANE('',#6850);
#246=PLANE('',#6851);
#247=PLANE('',#6852);
#248=PLANE('',#6853);
#249=PLANE('',#6854);
#250=PLANE('',#6855);
#251=PLANE('',#6856);
#252=PLANE('',#6865);
#253=PLANE('',#6866);
#254=PLANE('',#6867);
#255=PLANE('',#6869);
#256=PLANE('',#6870);
#257=PLANE('',#6871);
#258=PLANE('',#6872);
#259=PLANE('',#6873);
#260=PLANE('',#6874);
#261=PLANE('',#6883);
#262=PLANE('',#6884);
#263=PLANE('',#6885);
#264=PLANE('',#6887);
#265=PLANE('',#6888);
#266=PLANE('',#6889);
#267=PLANE('',#6890);
#268=PLANE('',#6891);
#269=PLANE('',#6892);
#270=PLANE('',#6906);
#271=PLANE('',#6907);
#272=PLANE('',#6908);
#273=PLANE('',#6909);
#274=PLANE('',#6910);
#275=PLANE('',#6911);
#276=PLANE('',#6912);
#277=PLANE('',#6913);
#278=PLANE('',#6914);
#279=PLANE('',#6915);
#280=PLANE('',#6916);
#281=PLANE('',#6917);
#282=PLANE('',#6930);
#283=PLANE('',#6931);
#284=PLANE('',#6932);
#285=PLANE('',#6933);
#286=PLANE('',#6934);
#287=PLANE('',#6935);
#288=PLANE('',#6936);
#289=PLANE('',#6937);
#290=PLANE('',#6938);
#291=PLANE('',#6939);
#292=PLANE('',#6940);
#293=PLANE('',#6942);
#294=PLANE('',#6946);
#295=PLANE('',#6947);
#296=PLANE('',#6949);
#297=PLANE('',#6959);
#298=PLANE('',#6963);
#299=PLANE('',#6968);
#300=PLANE('',#6969);
#301=B_SPLINE_CURVE_WITH_KNOTS('',3,(#8356,#8357,#8358,#8359),
 .UNSPECIFIED.,.F.,.F.,(4,4),(2.50736931217688E-14,0.000424847694651432),
 .UNSPECIFIED.);
#302=B_SPLINE_CURVE_WITH_KNOTS('',3,(#8379,#8380,#8381,#8382),
 .UNSPECIFIED.,.F.,.F.,(4,4),(2.50741268026378E-14,0.000424847694656119),
 .UNSPECIFIED.);
#303=B_SPLINE_CURVE_WITH_KNOTS('',3,(#8385,#8386,#8387,#8388),
 .UNSPECIFIED.,.F.,.F.,(4,4),(0.,0.000983497597434276),.UNSPECIFIED.);
#304=B_SPLINE_CURVE_WITH_KNOTS('',3,(#8401,#8402,#8403,#8404),
 .UNSPECIFIED.,.F.,.F.,(4,4),(0.,0.00135135846869298),.UNSPECIFIED.);
#305=B_SPLINE_CURVE_WITH_KNOTS('',3,(#8428,#8429,#8430,#8431),
 .UNSPECIFIED.,.F.,.F.,(4,4),(-2.46677678283902E-15,0.000326683116033917),
 .UNSPECIFIED.);
#306=B_SPLINE_CURVE_WITH_KNOTS('',3,(#8432,#8433,#8434,#8435),
 .UNSPECIFIED.,.F.,.F.,(4,4),(1.37938645193683E-15,0.000594867897166357),
 .UNSPECIFIED.);
#307=B_SPLINE_CURVE_WITH_KNOTS('',3,(#8438,#8439,#8440,#8441),
 .UNSPECIFIED.,.F.,.F.,(4,4),(6.50521303491303E-19,0.000859517369895737),
 .UNSPECIFIED.);
#308=B_SPLINE_CURVE_WITH_KNOTS('',3,(#8443,#8444,#8445,#8446),
 .UNSPECIFIED.,.F.,.F.,(4,4),(0.,0.00103767407512403),.UNSPECIFIED.);
#309=B_SPLINE_CURVE_WITH_KNOTS('',3,(#8448,#8449,#8450,#8451),
 .UNSPECIFIED.,.F.,.F.,(4,4),(0.,0.00103771680681644),.UNSPECIFIED.);
#310=B_SPLINE_CURVE_WITH_KNOTS('',3,(#8453,#8454,#8455,#8456),
 .UNSPECIFIED.,.F.,.F.,(4,4),(1.92500088091725E-17,0.000861699205698057),
 .UNSPECIFIED.);
#311=B_SPLINE_CURVE_WITH_KNOTS('',3,(#8458,#8459,#8460,#8461),
 .UNSPECIFIED.,.F.,.F.,(4,4),(1.73173278529083E-14,0.00061082103510158),
 .UNSPECIFIED.);
#312=B_SPLINE_CURVE_WITH_KNOTS('',3,(#8463,#8464,#8465,#8466),
 .UNSPECIFIED.,.F.,.F.,(4,4),(3.03770154128989E-18,0.000739714976753249),
 .UNSPECIFIED.);
#313=B_SPLINE_CURVE_WITH_KNOTS('',3,(#8468,#8469,#8470,#8471),
 .UNSPECIFIED.,.F.,.F.,(4,4),(1.09181988344177E-17,0.000870249729074302),
 .UNSPECIFIED.);
#314=B_SPLINE_CURVE_WITH_KNOTS('',3,(#8473,#8474,#8475,#8476),
 .UNSPECIFIED.,.F.,.F.,(4,4),(0.,0.00064924854009514),.UNSPECIFIED.);
#315=B_SPLINE_CURVE_WITH_KNOTS('',3,(#8478,#8479,#8480,#8481),
 .UNSPECIFIED.,.F.,.F.,(4,4),(2.16840434497101E-19,0.000968366828981476),
 .UNSPECIFIED.);
#316=B_SPLINE_CURVE_WITH_KNOTS('',3,(#8483,#8484,#8485,#8486),
 .UNSPECIFIED.,.F.,.F.,(4,4),(0.,0.00113975646001467),.UNSPECIFIED.);
#317=B_SPLINE_CURVE_WITH_KNOTS('',3,(#8488,#8489,#8490,#8491),
 .UNSPECIFIED.,.F.,.F.,(4,4),(0.,0.00115141225274636),.UNSPECIFIED.);
#318=B_SPLINE_CURVE_WITH_KNOTS('',3,(#8493,#8494,#8495,#8496),
 .UNSPECIFIED.,.F.,.F.,(4,4),(1.78231757373992E-17,0.000962360187281883),
 .UNSPECIFIED.);
#319=B_SPLINE_CURVE_WITH_KNOTS('',3,(#8498,#8499,#8500,#8501),
 .UNSPECIFIED.,.F.,.F.,(4,4),(4.90326055532297E-14,0.000676937854530378),
 .UNSPECIFIED.);
#320=B_SPLINE_CURVE_WITH_KNOTS('',3,(#8503,#8504,#8505,#8506),
 .UNSPECIFIED.,.F.,.F.,(4,4),(9.26152378280714E-18,0.000797993000751359),
 .UNSPECIFIED.);
#321=B_SPLINE_CURVE_WITH_KNOTS('',3,(#8508,#8509,#8510,#8511),
 .UNSPECIFIED.,.F.,.F.,(4,4),(7.06866609910471E-18,0.000720711707136122),
 .UNSPECIFIED.);
#322=B_SPLINE_CURVE_WITH_KNOTS('',3,(#8512,#8513,#8514,#8515),
 .UNSPECIFIED.,.F.,.F.,(4,4),(0.,0.000960747464314792),.UNSPECIFIED.);
#323=B_SPLINE_CURVE_WITH_KNOTS('',3,(#8526,#8527,#8528,#8529),
 .UNSPECIFIED.,.F.,.F.,(4,4),(0.,0.00060706178854619),.UNSPECIFIED.);
#324=B_SPLINE_CURVE_WITH_KNOTS('',3,(#8531,#8532,#8533,#8534),
 .UNSPECIFIED.,.F.,.F.,(4,4),(0.,0.000627533287790188),.UNSPECIFIED.);
#325=B_SPLINE_CURVE_WITH_KNOTS('',3,(#8536,#8537,#8538,#8539),
 .UNSPECIFIED.,.F.,.F.,(4,4),(0.,0.000802459520957866),.UNSPECIFIED.);
#326=B_SPLINE_CURVE_WITH_KNOTS('',3,(#8541,#8542,#8543,#8544),
 .UNSPECIFIED.,.F.,.F.,(4,4),(0.,0.000823169105229622),.UNSPECIFIED.);
#327=B_SPLINE_CURVE_WITH_KNOTS('',3,(#8546,#8547,#8548,#8549),
 .UNSPECIFIED.,.F.,.F.,(4,4),(0.,0.000868146710254116),.UNSPECIFIED.);
#328=B_SPLINE_CURVE_WITH_KNOTS('',3,(#8551,#8552,#8553,#8554),
 .UNSPECIFIED.,.F.,.F.,(4,4),(0.,0.00112705283021861),.UNSPECIFIED.);
#329=B_SPLINE_CURVE_WITH_KNOTS('',3,(#8560,#8561,#8562,#8563,#8564),
 .UNSPECIFIED.,.F.,.F.,(4,1,4),(0.,0.000398877298169353,0.000797754596338707),
 .UNSPECIFIED.);
#330=B_SPLINE_CURVE_WITH_KNOTS('',3,(#8566,#8567,#8568,#8569),
 .UNSPECIFIED.,.F.,.F.,(4,4),(0.,0.000946108220997845),.UNSPECIFIED.);
#331=B_SPLINE_CURVE_WITH_KNOTS('',3,(#8573,#8574,#8575,#8576),
 .UNSPECIFIED.,.F.,.F.,(4,4),(2.95189846095279E-17,0.00128490171331234),
 .UNSPECIFIED.);
#332=B_SPLINE_CURVE_WITH_KNOTS('',3,(#8578,#8579,#8580,#8581),
 .UNSPECIFIED.,.F.,.F.,(4,4),(0.,0.00106054257179927),.UNSPECIFIED.);
#333=B_SPLINE_CURVE_WITH_KNOTS('',3,(#8590,#8591,#8592,#8593,#8594),
 .UNSPECIFIED.,.F.,.F.,(4,1,4),(0.,0.000367735947329396,0.000735471894658792),
 .UNSPECIFIED.);
#334=B_SPLINE_CURVE_WITH_KNOTS('',3,(#8597,#8598,#8599,#8600),
 .UNSPECIFIED.,.F.,.F.,(4,4),(0.,0.00035190615097378),.UNSPECIFIED.);
#335=B_SPLINE_CURVE_WITH_KNOTS('',3,(#8602,#8603,#8604,#8605),
 .UNSPECIFIED.,.F.,.F.,(4,4),(0.,0.000385689749094792),.UNSPECIFIED.);
#336=B_SPLINE_CURVE_WITH_KNOTS('',3,(#8607,#8608,#8609,#8610,#8611),
 .UNSPECIFIED.,.F.,.F.,(4,1,4),(0.,0.000368813330057704,0.000737626660115408),
 .UNSPECIFIED.);
#337=B_SPLINE_CURVE_WITH_KNOTS('',3,(#8613,#8614,#8615,#8616,#8617),
 .UNSPECIFIED.,.F.,.F.,(4,1,4),(0.,0.000368873516639959,0.000737747033279918),
 .UNSPECIFIED.);
#338=B_SPLINE_CURVE_WITH_KNOTS('',3,(#8623,#8624,#8625,#8626),
 .UNSPECIFIED.,.F.,.F.,(4,4),(0.,0.00124143273583307),.UNSPECIFIED.);
#339=B_SPLINE_CURVE_WITH_KNOTS('',3,(#8628,#8629,#8630,#8631),
 .UNSPECIFIED.,.F.,.F.,(4,4),(0.,0.00110151020620586),.UNSPECIFIED.);
#340=B_SPLINE_CURVE_WITH_KNOTS('',3,(#8633,#8634,#8635,#8636),
 .UNSPECIFIED.,.F.,.F.,(4,4),(0.,0.00116983816812461),.UNSPECIFIED.);
#341=B_SPLINE_CURVE_WITH_KNOTS('',3,(#8638,#8639,#8640,#8641),
 .UNSPECIFIED.,.F.,.F.,(4,4),(0.,0.00128959933541878),.UNSPECIFIED.);
#342=B_SPLINE_CURVE_WITH_KNOTS('',3,(#8648,#8649,#8650,#8651),
 .UNSPECIFIED.,.F.,.F.,(4,4),(0.,0.000394871923361046),.UNSPECIFIED.);
#343=B_SPLINE_CURVE_WITH_KNOTS('',3,(#8654,#8655,#8656,#8657),
 .UNSPECIFIED.,.F.,.F.,(4,4),(0.,0.000401920708559656),.UNSPECIFIED.);
#344=B_SPLINE_CURVE_WITH_KNOTS('',3,(#8659,#8660,#8661,#8662),
 .UNSPECIFIED.,.F.,.F.,(4,4),(0.,0.000408358372466681),.UNSPECIFIED.);
#345=B_SPLINE_CURVE_WITH_KNOTS('',3,(#8664,#8665,#8666,#8667),
 .UNSPECIFIED.,.F.,.F.,(4,4),(0.,0.00039624807797989),.UNSPECIFIED.);
#346=B_SPLINE_CURVE_WITH_KNOTS('',3,(#8669,#8670,#8671,#8672),
 .UNSPECIFIED.,.F.,.F.,(4,4),(0.,0.000400965204828185),.UNSPECIFIED.);
#347=B_SPLINE_CURVE_WITH_KNOTS('',3,(#8674,#8675,#8676,#8677),
 .UNSPECIFIED.,.F.,.F.,(4,4),(0.,0.000407393721743514),.UNSPECIFIED.);
#348=B_SPLINE_CURVE_WITH_KNOTS('',3,(#8679,#8680,#8681,#8682),
 .UNSPECIFIED.,.F.,.F.,(4,4),(0.,0.000402955739260031),.UNSPECIFIED.);
#349=B_SPLINE_CURVE_WITH_KNOTS('',3,(#8684,#8685,#8686,#8687),
 .UNSPECIFIED.,.F.,.F.,(4,4),(0.,0.000396909070597515),.UNSPECIFIED.);
#350=B_SPLINE_CURVE_WITH_KNOTS('',3,(#8701,#8702,#8703,#8704),
 .UNSPECIFIED.,.F.,.F.,(4,4),(0.,0.00030758827350869),.UNSPECIFIED.);
#351=B_SPLINE_CURVE_WITH_KNOTS('',3,(#8706,#8707,#8708,#8709),
 .UNSPECIFIED.,.F.,.F.,(4,4),(0.,0.000299667102648584),.UNSPECIFIED.);
#352=B_SPLINE_CURVE_WITH_KNOTS('',3,(#8711,#8712,#8713,#8714),
 .UNSPECIFIED.,.F.,.F.,(4,4),(0.,0.000566016568100304),.UNSPECIFIED.);
#353=B_SPLINE_CURVE_WITH_KNOTS('',3,(#8718,#8719,#8720,#8721),
 .UNSPECIFIED.,.F.,.F.,(4,4),(0.,0.000828422477358389),.UNSPECIFIED.);
#354=B_SPLINE_CURVE_WITH_KNOTS('',3,(#8723,#8724,#8725,#8726),
 .UNSPECIFIED.,.F.,.F.,(4,4),(0.,0.000842192232892278),.UNSPECIFIED.);
#355=B_SPLINE_CURVE_WITH_KNOTS('',3,(#8728,#8729,#8730,#8731),
 .UNSPECIFIED.,.F.,.F.,(4,4),(0.,0.000853830618984998),.UNSPECIFIED.);
#356=B_SPLINE_CURVE_WITH_KNOTS('',3,(#8750,#8751,#8752,#8753),
 .UNSPECIFIED.,.F.,.F.,(4,4),(0.,0.000244553588872025),.UNSPECIFIED.);
#357=B_SPLINE_CURVE_WITH_KNOTS('',3,(#8756,#8757,#8758,#8759),
 .UNSPECIFIED.,.F.,.F.,(4,4),(1.18337078725757E-17,0.000640485080065374),
 .UNSPECIFIED.);
#358=B_SPLINE_CURVE_WITH_KNOTS('',3,(#8761,#8762,#8763,#8764),
 .UNSPECIFIED.,.F.,.F.,(4,4),(0.,0.00100104701105152),.UNSPECIFIED.);
#359=B_SPLINE_CURVE_WITH_KNOTS('',3,(#8766,#8767,#8768,#8769),
 .UNSPECIFIED.,.F.,.F.,(4,4),(0.,0.000746693936987157),.UNSPECIFIED.);
#360=B_SPLINE_CURVE_WITH_KNOTS('',3,(#8771,#8772,#8773,#8774),
 .UNSPECIFIED.,.F.,.F.,(4,4),(0.,0.00103273986480245),.UNSPECIFIED.);
#361=B_SPLINE_CURVE_WITH_KNOTS('',3,(#8776,#8777,#8778,#8779),
 .UNSPECIFIED.,.F.,.F.,(4,4),(0.,0.00121399181180369),.UNSPECIFIED.);
#362=B_SPLINE_CURVE_WITH_KNOTS('',3,(#8781,#8782,#8783,#8784),
 .UNSPECIFIED.,.F.,.F.,(4,4),(0.,0.00123692303490458),.UNSPECIFIED.);
#363=B_SPLINE_CURVE_WITH_KNOTS('',3,(#8788,#8789,#8790,#8791),
 .UNSPECIFIED.,.F.,.F.,(4,4),(1.60930082760547E-17,0.000773924909833182),
 .UNSPECIFIED.);
#364=B_SPLINE_CURVE_WITH_KNOTS('',3,(#8793,#8794,#8795,#8796),
 .UNSPECIFIED.,.F.,.F.,(4,4),(4.69985181180662E-12,0.000548322897265808),
 .UNSPECIFIED.);
#365=B_SPLINE_CURVE_WITH_KNOTS('',3,(#8798,#8799,#8800,#8801),
 .UNSPECIFIED.,.F.,.F.,(4,4),(1.96560800575361E-17,0.000473900173746713),
 .UNSPECIFIED.);
#366=B_SPLINE_CURVE_WITH_KNOTS('',3,(#8803,#8804,#8805,#8806),
 .UNSPECIFIED.,.F.,.F.,(4,4),(1.30104260698261E-18,0.000386784920591682),
 .UNSPECIFIED.);
#367=B_SPLINE_CURVE_WITH_KNOTS('',3,(#8808,#8809,#8810,#8811),
 .UNSPECIFIED.,.F.,.F.,(4,4),(7.01018396439475E-16,0.000234376021101787),
 .UNSPECIFIED.);
#368=B_SPLINE_CURVE_WITH_KNOTS('',3,(#8813,#8814,#8815,#8816),
 .UNSPECIFIED.,.F.,.F.,(4,4),(0.,0.000276416607679667),.UNSPECIFIED.);
#369=B_SPLINE_CURVE_WITH_KNOTS('',3,(#8818,#8819,#8820,#8821),
 .UNSPECIFIED.,.F.,.F.,(4,4),(5.50386131917314E-18,0.000618620541736072),
 .UNSPECIFIED.);
#370=B_SPLINE_CURVE_WITH_KNOTS('',3,(#8823,#8824,#8825,#8826),
 .UNSPECIFIED.,.F.,.F.,(4,4),(8.52064961388869E-18,0.000680079886293782),
 .UNSPECIFIED.);
#371=B_SPLINE_CURVE_WITH_KNOTS('',3,(#8828,#8829,#8830,#8831),
 .UNSPECIFIED.,.F.,.F.,(4,4),(1.05078986727301E-14,0.000498425306611242),
 .UNSPECIFIED.);
#372=B_SPLINE_CURVE_WITH_KNOTS('',3,(#8833,#8834,#8835,#8836),
 .UNSPECIFIED.,.F.,.F.,(4,4),(2.92734586571086E-18,0.000537748369699544),
 .UNSPECIFIED.);
#373=B_SPLINE_CURVE_WITH_KNOTS('',3,(#8838,#8839,#8840,#8841),
 .UNSPECIFIED.,.F.,.F.,(4,4),(0.,0.000996884122269241),.UNSPECIFIED.);
#374=B_SPLINE_CURVE_WITH_KNOTS('',3,(#8843,#8844,#8845,#8846),
 .UNSPECIFIED.,.F.,.F.,(4,4),(6.13700570313782E-18,0.00112047705271191),
 .UNSPECIFIED.);
#375=B_SPLINE_CURVE_WITH_KNOTS('',3,(#8848,#8849,#8850,#8851),
 .UNSPECIFIED.,.F.,.F.,(4,4),(0.,0.000633610351378928),.UNSPECIFIED.);
#376=B_SPLINE_CURVE_WITH_KNOTS('',3,(#8853,#8854,#8855,#8856),
 .UNSPECIFIED.,.F.,.F.,(4,4),(-1.72764213091786E-10,0.000663650699796321),
 .UNSPECIFIED.);
#377=B_SPLINE_CURVE_WITH_KNOTS('',3,(#8860,#8861,#8862,#8863),
 .UNSPECIFIED.,.F.,.F.,(4,4),(4.33680868994202E-19,0.000593158093356867),
 .UNSPECIFIED.);
#378=B_SPLINE_CURVE_WITH_KNOTS('',3,(#8865,#8866,#8867,#8868),
 .UNSPECIFIED.,.F.,.F.,(4,4),(3.1443607996584E-13,0.000438400561566562),
 .UNSPECIFIED.);
#379=B_SPLINE_CURVE_WITH_KNOTS('',3,(#8870,#8871,#8872,#8873),
 .UNSPECIFIED.,.F.,.F.,(4,4),(5.43197190703895E-17,0.000417561951003811),
 .UNSPECIFIED.);
#380=B_SPLINE_CURVE_WITH_KNOTS('',3,(#8875,#8876,#8877,#8878),
 .UNSPECIFIED.,.F.,.F.,(4,4),(4.56869698938173E-15,0.000346893842893967),
 .UNSPECIFIED.);
#381=B_SPLINE_CURVE_WITH_KNOTS('',3,(#8880,#8881,#8882,#8883),
 .UNSPECIFIED.,.F.,.F.,(4,4),(0.00239609118755739,0.0026115220984034),
 .UNSPECIFIED.);
#382=B_SPLINE_CURVE_WITH_KNOTS('',3,(#8891,#8892,#8893,#8894),
 .UNSPECIFIED.,.F.,.F.,(4,4),(0.,0.000438678349445561),.UNSPECIFIED.);
#383=B_SPLINE_CURVE_WITH_KNOTS('',3,(#8896,#8897,#8898,#8899),
 .UNSPECIFIED.,.F.,.F.,(4,4),(1.25472689620343E-17,0.00106272856716554),
 .UNSPECIFIED.);
#384=B_SPLINE_CURVE_WITH_KNOTS('',3,(#8901,#8902,#8903,#8904),
 .UNSPECIFIED.,.F.,.F.,(4,4),(0.,0.00103884801638775),.UNSPECIFIED.);
#385=B_SPLINE_CURVE_WITH_KNOTS('',3,(#8906,#8907,#8908,#8909),
 .UNSPECIFIED.,.F.,.F.,(4,4),(0.,0.00121569121517745),.UNSPECIFIED.);
#386=B_SPLINE_CURVE_WITH_KNOTS('',3,(#8911,#8912,#8913,#8914),
 .UNSPECIFIED.,.F.,.F.,(4,4),(0.,0.00133173729313943),.UNSPECIFIED.);
#387=B_SPLINE_CURVE_WITH_KNOTS('',3,(#8916,#8917,#8918,#8919),
 .UNSPECIFIED.,.F.,.F.,(4,4),(0.,0.00117471382493761),.UNSPECIFIED.);
#388=B_SPLINE_CURVE_WITH_KNOTS('',3,(#8923,#8924,#8925,#8926),
 .UNSPECIFIED.,.F.,.F.,(4,4),(2.96332052011862E-7,0.000567725307517534),
 .UNSPECIFIED.);
#389=B_SPLINE_CURVE_WITH_KNOTS('',3,(#8928,#8929,#8930,#8931),
 .UNSPECIFIED.,.F.,.F.,(4,4),(-2.14638169932814E-9,0.000580352774923784),
 .UNSPECIFIED.);
#390=B_SPLINE_CURVE_WITH_KNOTS('',3,(#8933,#8934,#8935,#8936,#8937),
 .UNSPECIFIED.,.F.,.F.,(4,1,4),(1.97705685688456E-17,0.000602359929777972,
0.00120471985955592),.UNSPECIFIED.);
#391=B_SPLINE_CURVE_WITH_KNOTS('',3,(#8939,#8940,#8941,#8942,#8943,#8944),
 .UNSPECIFIED.,.F.,.F.,(4,1,1,4),(6.72205346941013E-18,0.000301642675409682,
0.000603285350819357,0.00120657070163871),.UNSPECIFIED.);
#392=B_SPLINE_CURVE_WITH_KNOTS('',3,(#8946,#8947,#8948,#8949),
 .UNSPECIFIED.,.F.,.F.,(4,4),(-9.72213195366001E-13,0.000339193696427579),
 .UNSPECIFIED.);
#393=B_SPLINE_CURVE_WITH_KNOTS('',3,(#8951,#8952,#8953,#8954),
 .UNSPECIFIED.,.F.,.F.,(4,4),(-4.46211153041966E-10,0.000307968272756667),
 .UNSPECIFIED.);
#394=B_SPLINE_CURVE_WITH_KNOTS('',3,(#8971,#8972,#8973,#8974),
 .UNSPECIFIED.,.F.,.F.,(4,4),(0.,0.000427098385800686),.UNSPECIFIED.);
#395=B_SPLINE_CURVE_WITH_KNOTS('',3,(#8977,#8978,#8979,#8980),
 .UNSPECIFIED.,.F.,.F.,(4,4),(0.,0.000554050406438718),.UNSPECIFIED.);
#396=B_SPLINE_CURVE_WITH_KNOTS('',3,(#8982,#8983,#8984,#8985),
 .UNSPECIFIED.,.F.,.F.,(4,4),(0.,0.000757409939893681),.UNSPECIFIED.);
#397=B_SPLINE_CURVE_WITH_KNOTS('',3,(#8993,#8994,#8995,#8996),
 .UNSPECIFIED.,.F.,.F.,(4,4),(0.,0.000545592121686108),.UNSPECIFIED.);
#398=B_SPLINE_CURVE_WITH_KNOTS('',3,(#8998,#8999,#9000,#9001),
 .UNSPECIFIED.,.F.,.F.,(4,4),(0.,0.000426865809694268),.UNSPECIFIED.);
#399=B_SPLINE_CURVE_WITH_KNOTS('',3,(#9003,#9004,#9005,#9006),
 .UNSPECIFIED.,.F.,.F.,(4,4),(0.,0.000573223784932101),.UNSPECIFIED.);
#400=B_SPLINE_CURVE_WITH_KNOTS('',3,(#9008,#9009,#9010,#9011),
 .UNSPECIFIED.,.F.,.F.,(4,4),(0.,0.000836102994978972),.UNSPECIFIED.);
#401=B_SPLINE_CURVE_WITH_KNOTS('',3,(#9025,#9026,#9027,#9028),
 .UNSPECIFIED.,.F.,.F.,(4,4),(2.18807719339076E-13,0.000516784969023511),
 .UNSPECIFIED.);
#402=B_SPLINE_CURVE_WITH_KNOTS('',3,(#9030,#9031,#9032,#9033),
 .UNSPECIFIED.,.F.,.F.,(4,4),(1.74763173888321E-10,0.000579412310398293),
 .UNSPECIFIED.);
#403=B_SPLINE_CURVE_WITH_KNOTS('',3,(#9035,#9036,#9037,#9038,#9039),
 .UNSPECIFIED.,.F.,.F.,(4,1,4),(3.49644694633735E-18,0.00057110372500206,
0.00114220745000412),.UNSPECIFIED.);
#404=B_SPLINE_CURVE_WITH_KNOTS('',3,(#9043,#9044,#9045,#9046),
 .UNSPECIFIED.,.F.,.F.,(4,4),(-5.84600835622229E-12,0.000523369017734059),
 .UNSPECIFIED.);
#405=B_SPLINE_CURVE_WITH_KNOTS('',3,(#9048,#9049,#9050,#9051),
 .UNSPECIFIED.,.F.,.F.,(4,4),(-1.7955479764695E-9,0.000585738429763532),
 .UNSPECIFIED.);
#406=B_SPLINE_CURVE_WITH_KNOTS('',3,(#9053,#9054,#9055,#9056),
 .UNSPECIFIED.,.F.,.F.,(4,4),(1.73472347597681E-18,0.000903939576221443),
 .UNSPECIFIED.);
#407=B_SPLINE_CURVE_WITH_KNOTS('',3,(#9058,#9059,#9060,#9061),
 .UNSPECIFIED.,.F.,.F.,(4,4),(0.,0.000965155461928087),.UNSPECIFIED.);
#408=B_SPLINE_CURVE_WITH_KNOTS('',3,(#9069,#9070,#9071,#9072),
 .UNSPECIFIED.,.F.,.F.,(4,4),(0.,0.000545642377649883),.UNSPECIFIED.);
#409=B_SPLINE_CURVE_WITH_KNOTS('',3,(#9073,#9074,#9075,#9076),
 .UNSPECIFIED.,.F.,.F.,(4,4),(0.,0.00222292410167071),.UNSPECIFIED.);
#410=B_SPLINE_CURVE_WITH_KNOTS('',3,(#9093,#9094,#9095,#9096),
 .UNSPECIFIED.,.F.,.F.,(4,4),(1.04173719559164E-17,0.00133838346924022),
 .UNSPECIFIED.);
#411=B_SPLINE_CURVE_WITH_KNOTS('',3,(#9098,#9099,#9100,#9101),
 .UNSPECIFIED.,.F.,.F.,(4,4),(3.6799042000401E-18,0.00108025734951929),
 .UNSPECIFIED.);
#412=B_SPLINE_CURVE_WITH_KNOTS('',3,(#9103,#9104,#9105,#9106),
 .UNSPECIFIED.,.F.,.F.,(4,4),(2.6213612692236E-14,0.000701833091218207),
 .UNSPECIFIED.);
#413=B_SPLINE_CURVE_WITH_KNOTS('',3,(#9108,#9109,#9110,#9111),
 .UNSPECIFIED.,.F.,.F.,(4,4),(2.14678190303362E-18,0.000747928814333899),
 .UNSPECIFIED.);
#414=B_SPLINE_CURVE_WITH_KNOTS('',3,(#9112,#9113,#9114,#9115,#9116),
 .UNSPECIFIED.,.F.,.F.,(4,1,4),(0.,0.00064460558582086,0.00128921117164172),
 .UNSPECIFIED.);
#415=B_SPLINE_CURVE_WITH_KNOTS('',3,(#9119,#9120,#9121,#9122,#9123),
 .UNSPECIFIED.,.F.,.F.,(4,1,4),(0.,0.000643369603376901,0.0012867392067538),
 .UNSPECIFIED.);
#416=B_SPLINE_CURVE_WITH_KNOTS('',3,(#9125,#9126,#9127,#9128),
 .UNSPECIFIED.,.F.,.F.,(4,4),(0.,0.00168320529018515),.UNSPECIFIED.);
#417=B_SPLINE_CURVE_WITH_KNOTS('',3,(#9130,#9131,#9132,#9133),
 .UNSPECIFIED.,.F.,.F.,(4,4),(0.,0.00170449882042371),.UNSPECIFIED.);
#418=B_SPLINE_CURVE_WITH_KNOTS('',3,(#9135,#9136,#9137,#9138,#9139),
 .UNSPECIFIED.,.F.,.F.,(4,1,4),(0.,0.000647160194698195,0.00129432038939639),
 .UNSPECIFIED.);
#419=B_SPLINE_CURVE_WITH_KNOTS('',3,(#9141,#9142,#9143,#9144,#9145),
 .UNSPECIFIED.,.F.,.F.,(4,1,4),(0.,0.000640670541248595,0.00128134108249719),
 .UNSPECIFIED.);
#420=B_SPLINE_CURVE_WITH_KNOTS('',3,(#9147,#9148,#9149,#9150),
 .UNSPECIFIED.,.F.,.F.,(4,4),(0.,0.00167897181170027),.UNSPECIFIED.);
#421=B_SPLINE_CURVE_WITH_KNOTS('',3,(#9152,#9153,#9154,#9155,#9156),
 .UNSPECIFIED.,.F.,.F.,(4,1,4),(0.,0.000857623169722656,0.00171524633944531),
 .UNSPECIFIED.);
#422=B_SPLINE_CURVE_WITH_KNOTS('',3,(#9157,#9158,#9159,#9160),
 .UNSPECIFIED.,.F.,.F.,(4,4),(0.,0.000394871923361063),.UNSPECIFIED.);
#423=B_SPLINE_CURVE_WITH_KNOTS('',3,(#9163,#9164,#9165,#9166),
 .UNSPECIFIED.,.F.,.F.,(4,4),(0.,0.000401920708559634),.UNSPECIFIED.);
#424=B_SPLINE_CURVE_WITH_KNOTS('',3,(#9168,#9169,#9170,#9171),
 .UNSPECIFIED.,.F.,.F.,(4,4),(0.,0.000408358372466673),.UNSPECIFIED.);
#425=B_SPLINE_CURVE_WITH_KNOTS('',3,(#9173,#9174,#9175,#9176),
 .UNSPECIFIED.,.F.,.F.,(4,4),(0.,0.00039624807797989),.UNSPECIFIED.);
#426=B_SPLINE_CURVE_WITH_KNOTS('',3,(#9178,#9179,#9180,#9181),
 .UNSPECIFIED.,.F.,.F.,(4,4),(0.,0.000400965204828187),.UNSPECIFIED.);
#427=B_SPLINE_CURVE_WITH_KNOTS('',3,(#9183,#9184,#9185,#9186),
 .UNSPECIFIED.,.F.,.F.,(4,4),(0.,0.000407393721743474),.UNSPECIFIED.);
#428=B_SPLINE_CURVE_WITH_KNOTS('',3,(#9188,#9189,#9190,#9191),
 .UNSPECIFIED.,.F.,.F.,(4,4),(0.,0.000402955739260057),.UNSPECIFIED.);
#429=B_SPLINE_CURVE_WITH_KNOTS('',3,(#9193,#9194,#9195,#9196),
 .UNSPECIFIED.,.F.,.F.,(4,4),(0.,0.00039690907059753),.UNSPECIFIED.);
#430=B_SPLINE_CURVE_WITH_KNOTS('',3,(#9315,#9316,#9317,#9318,#9319),
 .UNSPECIFIED.,.F.,.F.,(4,1,4),(0.,0.000367736166761229,0.000735472333522458),
 .UNSPECIFIED.);
#431=B_SPLINE_CURVE_WITH_KNOTS('',3,(#9322,#9323,#9324,#9325,#9326),
 .UNSPECIFIED.,.F.,.F.,(4,1,4),(0.,0.000368873717140234,0.000737747434280468),
 .UNSPECIFIED.);
#432=B_SPLINE_CURVE_WITH_KNOTS('',3,(#9328,#9329,#9330,#9331,#9332),
 .UNSPECIFIED.,.F.,.F.,(4,1,4),(0.,0.000368813482682117,0.000737626965364233),
 .UNSPECIFIED.);
#433=B_SPLINE_CURVE_WITH_KNOTS('',3,(#9334,#9335,#9336,#9337),
 .UNSPECIFIED.,.F.,.F.,(4,4),(0.,0.000385690099468162),.UNSPECIFIED.);
#434=B_SPLINE_CURVE_WITH_KNOTS('',3,(#9339,#9340,#9341,#9342),
 .UNSPECIFIED.,.F.,.F.,(4,4),(0.,0.0003519063744743),.UNSPECIFIED.);
#435=B_SPLINE_CURVE_WITH_KNOTS('',3,(#9389,#9390,#9391,#9392),
 .UNSPECIFIED.,.F.,.F.,(4,4),(0.,0.000513693686248603),.UNSPECIFIED.);
#436=B_SPLINE_CURVE_WITH_KNOTS('',3,(#9395,#9396,#9397,#9398),
 .UNSPECIFIED.,.F.,.F.,(4,4),(0.,0.000537232033395637),.UNSPECIFIED.);
#437=B_SPLINE_CURVE_WITH_KNOTS('',3,(#9400,#9401,#9402,#9403),
 .UNSPECIFIED.,.F.,.F.,(4,4),(0.,0.00065266262565853),.UNSPECIFIED.);
#438=B_SPLINE_CURVE_WITH_KNOTS('',3,(#9411,#9412,#9413,#9414),
 .UNSPECIFIED.,.F.,.F.,(4,4),(0.,0.00056907621570154),.UNSPECIFIED.);
#439=B_SPLINE_CURVE_WITH_KNOTS('',3,(#9424,#9425,#9426,#9427),
 .UNSPECIFIED.,.F.,.F.,(4,4),(0.,0.00128960774531976),.UNSPECIFIED.);
#440=B_SPLINE_CURVE_WITH_KNOTS('',3,(#9429,#9430,#9431,#9432),
 .UNSPECIFIED.,.F.,.F.,(4,4),(0.,0.00116984597348585),.UNSPECIFIED.);
#441=B_SPLINE_CURVE_WITH_KNOTS('',3,(#9434,#9435,#9436,#9437),
 .UNSPECIFIED.,.F.,.F.,(4,4),(0.,0.0011015181475739),.UNSPECIFIED.);
#442=B_SPLINE_CURVE_WITH_KNOTS('',3,(#9439,#9440,#9441,#9442),
 .UNSPECIFIED.,.F.,.F.,(4,4),(0.,0.00124144136312863),.UNSPECIFIED.);
#443=B_SPLINE_CURVE_WITH_KNOTS('',3,(#9467,#9468,#9469,#9470),
 .UNSPECIFIED.,.F.,.F.,(4,4),(0.,0.000652662090688009),.UNSPECIFIED.);
#444=B_SPLINE_CURVE_WITH_KNOTS('',3,(#9481,#9482,#9483,#9484),
 .UNSPECIFIED.,.F.,.F.,(4,4),(0.,0.000537231381186958),.UNSPECIFIED.);
#445=B_SPLINE_CURVE_WITH_KNOTS('',3,(#9495,#9496,#9497,#9498),
 .UNSPECIFIED.,.F.,.F.,(4,4),(0.,0.000513693180595976),.UNSPECIFIED.);
#446=B_SPLINE_CURVE_WITH_KNOTS('',3,(#9509,#9510,#9511,#9512),
 .UNSPECIFIED.,.F.,.F.,(4,4),(0.,0.000569075630788639),.UNSPECIFIED.);
#447=B_SPLINE_CURVE_WITH_KNOTS('',3,(#9561,#9562,#9563,#9564),
 .UNSPECIFIED.,.F.,.F.,(4,4),(0.,0.000394872137550317),.UNSPECIFIED.);
#448=B_SPLINE_CURVE_WITH_KNOTS('',3,(#9567,#9568,#9569,#9570),
 .UNSPECIFIED.,.F.,.F.,(4,4),(0.,0.000396909291784032),.UNSPECIFIED.);
#449=B_SPLINE_CURVE_WITH_KNOTS('',3,(#9572,#9573,#9574,#9575),
 .UNSPECIFIED.,.F.,.F.,(4,4),(0.,0.000402955991285141),.UNSPECIFIED.);
#450=B_SPLINE_CURVE_WITH_KNOTS('',3,(#9577,#9578,#9579,#9580),
 .UNSPECIFIED.,.F.,.F.,(4,4),(0.,0.000407394121139894),.UNSPECIFIED.);
#451=B_SPLINE_CURVE_WITH_KNOTS('',3,(#9582,#9583,#9584,#9585),
 .UNSPECIFIED.,.F.,.F.,(4,4),(0.,0.00040096546671824),.UNSPECIFIED.);
#452=B_SPLINE_CURVE_WITH_KNOTS('',3,(#9587,#9588,#9589,#9590),
 .UNSPECIFIED.,.F.,.F.,(4,4),(0.,0.000396248354973868),.UNSPECIFIED.);
#453=B_SPLINE_CURVE_WITH_KNOTS('',3,(#9592,#9593,#9594,#9595),
 .UNSPECIFIED.,.F.,.F.,(4,4),(0.,0.000408358739841067),.UNSPECIFIED.);
#454=B_SPLINE_CURVE_WITH_KNOTS('',3,(#9597,#9598,#9599,#9600),
 .UNSPECIFIED.,.F.,.F.,(4,4),(0.,0.000401920974642819),.UNSPECIFIED.);
#455=B_SPLINE_CURVE_WITH_KNOTS('',3,(#9712,#9713,#9714,#9715),
 .UNSPECIFIED.,.F.,.F.,(4,4),(0.,0.000853831591183003),.UNSPECIFIED.);
#456=B_SPLINE_CURVE_WITH_KNOTS('',3,(#9717,#9718,#9719,#9720),
 .UNSPECIFIED.,.F.,.F.,(4,4),(0.,0.000842193434544664),.UNSPECIFIED.);
#457=B_SPLINE_CURVE_WITH_KNOTS('',3,(#9722,#9723,#9724,#9725),
 .UNSPECIFIED.,.F.,.F.,(4,4),(0.,0.000828429291670323),.UNSPECIFIED.);
#458=B_SPLINE_CURVE_WITH_KNOTS('',3,(#9729,#9730,#9731,#9732),
 .UNSPECIFIED.,.F.,.F.,(4,4),(0.,0.000566022769902666),.UNSPECIFIED.);
#459=B_SPLINE_CURVE_WITH_KNOTS('',3,(#9734,#9735,#9736,#9737),
 .UNSPECIFIED.,.F.,.F.,(4,4),(0.,0.000299667656216736),.UNSPECIFIED.);
#460=B_SPLINE_CURVE_WITH_KNOTS('',3,(#9739,#9740,#9741,#9742),
 .UNSPECIFIED.,.F.,.F.,(4,4),(0.,0.000307588291760274),.UNSPECIFIED.);
#461=B_SPLINE_CURVE_WITH_KNOTS('',3,(#9824,#9825,#9826,#9827),
 .UNSPECIFIED.,.F.,.F.,(4,4),(0.,0.000244553940611243),.UNSPECIFIED.);
#462=B_SPLINE_CURVE_WITH_KNOTS('',3,(#9830,#9831,#9832,#9833),
 .UNSPECIFIED.,.F.,.F.,(4,4),(0.00239609249447078,0.00261152288343574),
 .UNSPECIFIED.);
#463=B_SPLINE_CURVE_WITH_KNOTS('',3,(#9835,#9836,#9837,#9838),
 .UNSPECIFIED.,.F.,.F.,(4,4),(4.72721394164152E-15,0.000346894127632101),
 .UNSPECIFIED.);
#464=B_SPLINE_CURVE_WITH_KNOTS('',3,(#9840,#9841,#9842,#9843),
 .UNSPECIFIED.,.F.,.F.,(4,4),(3.69577788277578E-17,0.000417562252688263),
 .UNSPECIFIED.);
#465=B_SPLINE_CURVE_WITH_KNOTS('',3,(#9845,#9846,#9847,#9848),
 .UNSPECIFIED.,.F.,.F.,(4,4),(0.,1.),.UNSPECIFIED.);
#466=B_SPLINE_CURVE_WITH_KNOTS('',3,(#9850,#9851,#9852,#9853),
 .UNSPECIFIED.,.F.,.F.,(4,4),(2.68540923202118E-17,0.000593164325801621),
 .UNSPECIFIED.);
#467=B_SPLINE_CURVE_WITH_KNOTS('',3,(#9857,#9858,#9859,#9860),
 .UNSPECIFIED.,.F.,.F.,(4,4),(-1.72763595421808E-10,0.00066366287583434),
 .UNSPECIFIED.);
#468=B_SPLINE_CURVE_WITH_KNOTS('',3,(#9862,#9863,#9864,#9865),
 .UNSPECIFIED.,.F.,.F.,(4,4),(0.,0.000633612064447354),.UNSPECIFIED.);
#469=B_SPLINE_CURVE_WITH_KNOTS('',3,(#9867,#9868,#9869,#9870),
 .UNSPECIFIED.,.F.,.F.,(4,4),(2.33100945670346E-17,0.00112048336876847),
 .UNSPECIFIED.);
#470=B_SPLINE_CURVE_WITH_KNOTS('',3,(#9872,#9873,#9874,#9875),
 .UNSPECIFIED.,.F.,.F.,(4,4),(0.,0.000996889905849029),.UNSPECIFIED.);
#471=B_SPLINE_CURVE_WITH_KNOTS('',3,(#9877,#9878,#9879,#9880),
 .UNSPECIFIED.,.F.,.F.,(4,4),(1.42605561402118E-17,0.000537749670557908),
 .UNSPECIFIED.);
#472=B_SPLINE_CURVE_WITH_KNOTS('',3,(#9882,#9883,#9884,#9885),
 .UNSPECIFIED.,.F.,.F.,(4,4),(1.08813363889033E-14,0.000498430345918832),
 .UNSPECIFIED.);
#473=B_SPLINE_CURVE_WITH_KNOTS('',3,(#9887,#9888,#9889,#9890),
 .UNSPECIFIED.,.F.,.F.,(4,4),(1.0772954899037E-17,0.000680084727605379),
 .UNSPECIFIED.);
#474=B_SPLINE_CURVE_WITH_KNOTS('',3,(#9892,#9893,#9894,#9895),
 .UNSPECIFIED.,.F.,.F.,(4,4),(5.3214339149621E-18,0.000618620873301801),
 .UNSPECIFIED.);
#475=B_SPLINE_CURVE_WITH_KNOTS('',3,(#9897,#9898,#9899,#9900),
 .UNSPECIFIED.,.F.,.F.,(4,4),(0.,0.000276416841087207),.UNSPECIFIED.);
#476=B_SPLINE_CURVE_WITH_KNOTS('',3,(#9902,#9903,#9904,#9905),
 .UNSPECIFIED.,.F.,.F.,(4,4),(7.25643125409224E-16,0.000234376118859094),
 .UNSPECIFIED.);
#477=B_SPLINE_CURVE_WITH_KNOTS('',3,(#9907,#9908,#9909,#9910),
 .UNSPECIFIED.,.F.,.F.,(4,4),(7.47392076162673E-18,0.000386785151107436),
 .UNSPECIFIED.);
#478=B_SPLINE_CURVE_WITH_KNOTS('',3,(#9912,#9913,#9914,#9915),
 .UNSPECIFIED.,.F.,.F.,(4,4),(4.44945792839408E-17,0.00047390036010007),
 .UNSPECIFIED.);
#479=B_SPLINE_CURVE_WITH_KNOTS('',3,(#9917,#9918,#9919,#9920),
 .UNSPECIFIED.,.F.,.F.,(4,4),(4.70505053539E-12,0.000548325072579498),
 .UNSPECIFIED.);
#480=B_SPLINE_CURVE_WITH_KNOTS('',3,(#9922,#9923,#9924,#9925),
 .UNSPECIFIED.,.F.,.F.,(4,4),(5.0676217285374E-17,0.000773941868032305),
 .UNSPECIFIED.);
#481=B_SPLINE_CURVE_WITH_KNOTS('',3,(#9929,#9930,#9931,#9932),
 .UNSPECIFIED.,.F.,.F.,(4,4),(0.,0.00123694260808634),.UNSPECIFIED.);
#482=B_SPLINE_CURVE_WITH_KNOTS('',3,(#9934,#9935,#9936,#9937),
 .UNSPECIFIED.,.F.,.F.,(4,4),(0.,0.00121399635140001),.UNSPECIFIED.);
#483=B_SPLINE_CURVE_WITH_KNOTS('',3,(#9939,#9940,#9941,#9942),
 .UNSPECIFIED.,.F.,.F.,(4,4),(0.,0.00103274551329309),.UNSPECIFIED.);
#484=B_SPLINE_CURVE_WITH_KNOTS('',3,(#9944,#9945,#9946,#9947),
 .UNSPECIFIED.,.F.,.F.,(4,4),(0.,0.000746696580730525),.UNSPECIFIED.);
#485=B_SPLINE_CURVE_WITH_KNOTS('',3,(#9949,#9950,#9951,#9952),
 .UNSPECIFIED.,.F.,.F.,(4,4),(0.,0.00100105401717823),.UNSPECIFIED.);
#486=B_SPLINE_CURVE_WITH_KNOTS('',3,(#9954,#9955,#9956,#9957),
 .UNSPECIFIED.,.F.,.F.,(4,4),(1.9903306163226E-17,0.000640485414266831),
 .UNSPECIFIED.);
#487=B_SPLINE_CURVE_WITH_KNOTS('',3,(#10138,#10139,#10140,#10141),
 .UNSPECIFIED.,.F.,.F.,(4,4),(-4.46207364297475E-10,0.000307972957624132),
 .UNSPECIFIED.);
#488=B_SPLINE_CURVE_WITH_KNOTS('',3,(#10143,#10144,#10145,#10146),
 .UNSPECIFIED.,.F.,.F.,(4,4),(-9.72818397018682E-13,0.00033919584404159),
 .UNSPECIFIED.);
#489=B_SPLINE_CURVE_WITH_KNOTS('',3,(#10148,#10149,#10150,#10151,#10152,
#10153),.UNSPECIFIED.,.F.,.F.,(4,1,1,4),(6.17995238316738E-18,0.000301642930338353,
0.0006032858606767,0.00120657172135339),.UNSPECIFIED.);
#490=B_SPLINE_CURVE_WITH_KNOTS('',3,(#10155,#10156,#10157,#10158,#10159),
 .UNSPECIFIED.,.F.,.F.,(4,1,4),(7.80625564189563E-18,0.000602359837060691,
0.00120471967412137),.UNSPECIFIED.);
#491=B_SPLINE_CURVE_WITH_KNOTS('',3,(#10161,#10162,#10163,#10164),
 .UNSPECIFIED.,.F.,.F.,(4,4),(-2.1463531150968E-9,0.000580357703603492),
 .UNSPECIFIED.);
#492=B_SPLINE_CURVE_WITH_KNOTS('',3,(#10166,#10167,#10168,#10169),
 .UNSPECIFIED.,.F.,.F.,(4,4),(2.96321437585971E-7,0.000567740294350618),
 .UNSPECIFIED.);
#493=B_SPLINE_CURVE_WITH_KNOTS('',3,(#10173,#10174,#10175,#10176),
 .UNSPECIFIED.,.F.,.F.,(4,4),(0.,0.00117473425476577),.UNSPECIFIED.);
#494=B_SPLINE_CURVE_WITH_KNOTS('',3,(#10178,#10179,#10180,#10181),
 .UNSPECIFIED.,.F.,.F.,(4,4),(0.,0.00133174215304993),.UNSPECIFIED.);
#495=B_SPLINE_CURVE_WITH_KNOTS('',3,(#10183,#10184,#10185,#10186),
 .UNSPECIFIED.,.F.,.F.,(4,4),(0.,0.00121569703047191),.UNSPECIFIED.);
#496=B_SPLINE_CURVE_WITH_KNOTS('',3,(#10188,#10189,#10190,#10191),
 .UNSPECIFIED.,.F.,.F.,(4,4),(0.,0.00103885318668787),.UNSPECIFIED.);
#497=B_SPLINE_CURVE_WITH_KNOTS('',3,(#10193,#10194,#10195,#10196),
 .UNSPECIFIED.,.F.,.F.,(4,4),(1.0842021724855E-19,0.00106273448967247),
 .UNSPECIFIED.);
#498=B_SPLINE_CURVE_WITH_KNOTS('',3,(#10198,#10199,#10200,#10201),
 .UNSPECIFIED.,.F.,.F.,(4,4),(1.63087136029539E-12,0.000438678678003347),
 .UNSPECIFIED.);
#499=B_SPLINE_CURVE_WITH_KNOTS('',3,(#10313,#10314,#10315,#10316),
 .UNSPECIFIED.,.F.,.F.,(4,4),(0.,0.000427110277291538),.UNSPECIFIED.);
#500=B_SPLINE_CURVE_WITH_KNOTS('',3,(#10319,#10320,#10321,#10322),
 .UNSPECIFIED.,.F.,.F.,(4,4),(0.,0.000545644356209305),.UNSPECIFIED.);
#501=B_SPLINE_CURVE_WITH_KNOTS('',3,(#10330,#10331,#10332,#10333),
 .UNSPECIFIED.,.F.,.F.,(4,4),(0.,0.000965169106787333),.UNSPECIFIED.);
#502=B_SPLINE_CURVE_WITH_KNOTS('',3,(#10335,#10336,#10337,#10338),
 .UNSPECIFIED.,.F.,.F.,(4,4),(6.26965159251272E-18,0.000903992773381624),
 .UNSPECIFIED.);
#503=B_SPLINE_CURVE_WITH_KNOTS('',3,(#10340,#10341,#10342,#10343),
 .UNSPECIFIED.,.F.,.F.,(4,4),(-1.7955289923063E-9,0.000585752684127027),
 .UNSPECIFIED.);
#504=B_SPLINE_CURVE_WITH_KNOTS('',3,(#10345,#10346,#10347,#10348),
 .UNSPECIFIED.,.F.,.F.,(4,4),(-5.843418088812E-12,0.000523371552372983),
 .UNSPECIFIED.);
#505=B_SPLINE_CURVE_WITH_KNOTS('',3,(#10352,#10353,#10354,#10355,#10356),
 .UNSPECIFIED.,.F.,.F.,(4,1,4),(1.10758561949772E-17,0.000571104152895867,
0.00114220830579172),.UNSPECIFIED.);
#506=B_SPLINE_CURVE_WITH_KNOTS('',3,(#10358,#10359,#10360,#10361),
 .UNSPECIFIED.,.F.,.F.,(4,4),(3.11056859661667E-10,0.000579422154077567),
 .UNSPECIFIED.);
#507=B_SPLINE_CURVE_WITH_KNOTS('',3,(#10363,#10364,#10365,#10366),
 .UNSPECIFIED.,.F.,.F.,(4,4),(2.26584159421228E-13,0.000516795908372406),
 .UNSPECIFIED.);
#508=B_SPLINE_CURVE_WITH_KNOTS('',3,(#10380,#10381,#10382,#10383),
 .UNSPECIFIED.,.F.,.F.,(4,4),(0.,0.000836104692337201),.UNSPECIFIED.);
#509=B_SPLINE_CURVE_WITH_KNOTS('',3,(#10385,#10386,#10387,#10388),
 .UNSPECIFIED.,.F.,.F.,(4,4),(0.,0.000573235873101879),.UNSPECIFIED.);
#510=B_SPLINE_CURVE_WITH_KNOTS('',3,(#10390,#10391,#10392,#10393),
 .UNSPECIFIED.,.F.,.F.,(4,4),(0.,0.000426869449533878),.UNSPECIFIED.);
#511=B_SPLINE_CURVE_WITH_KNOTS('',3,(#10395,#10396,#10397,#10398),
 .UNSPECIFIED.,.F.,.F.,(4,4),(0.,0.000545592315808315),.UNSPECIFIED.);
#512=B_SPLINE_CURVE_WITH_KNOTS('',3,(#10406,#10407,#10408,#10409),
 .UNSPECIFIED.,.F.,.F.,(4,4),(0.,0.000757410237247947),.UNSPECIFIED.);
#513=B_SPLINE_CURVE_WITH_KNOTS('',3,(#10411,#10412,#10413,#10414),
 .UNSPECIFIED.,.F.,.F.,(4,4),(0.,0.000554058289046752),.UNSPECIFIED.);
#514=B_SPLINE_CURVE_WITH_KNOTS('',3,(#10549,#10550,#10551,#10552),
 .UNSPECIFIED.,.F.,.F.,(4,4),(0.,0.000494591459311773),.UNSPECIFIED.);
#515=B_SPLINE_CURVE_WITH_KNOTS('',3,(#10555,#10556,#10557,#10558),
 .UNSPECIFIED.,.F.,.F.,(4,4),(0.,0.000509938071030093),.UNSPECIFIED.);
#516=B_SPLINE_CURVE_WITH_KNOTS('',3,(#10560,#10561,#10562,#10563),
 .UNSPECIFIED.,.F.,.F.,(4,4),(2.6043429889791E-18,0.000653837714078687),
 .UNSPECIFIED.);
#517=B_SPLINE_CURVE_WITH_KNOTS('',3,(#10571,#10572,#10573,#10574),
 .UNSPECIFIED.,.F.,.F.,(4,4),(0.,0.000656338093536232),.UNSPECIFIED.);
#518=B_SPLINE_CURVE_WITH_KNOTS('',3,(#10575,#10576,#10577,#10578),
 .UNSPECIFIED.,.F.,.F.,(4,4),(0.,0.00222294320025226),.UNSPECIFIED.);
#519=B_SPLINE_CURVE_WITH_KNOTS('',3,(#10581,#10582,#10583,#10584),
 .UNSPECIFIED.,.F.,.F.,(4,4),(3.49234714393493E-18,0.000747935223372885),
 .UNSPECIFIED.);
#520=B_SPLINE_CURVE_WITH_KNOTS('',3,(#10586,#10587,#10588,#10589),
 .UNSPECIFIED.,.F.,.F.,(4,4),(2.71455234071914E-14,0.000701835552650323),
 .UNSPECIFIED.);
#521=B_SPLINE_CURVE_WITH_KNOTS('',3,(#10591,#10592,#10593,#10594),
 .UNSPECIFIED.,.F.,.F.,(4,4),(6.1331736667335E-19,0.00108026322980661),
 .UNSPECIFIED.);
#522=B_SPLINE_CURVE_WITH_KNOTS('',3,(#10596,#10597,#10598,#10599),
 .UNSPECIFIED.,.F.,.F.,(4,4),(3.46944695195361E-18,0.00133838839248575),
 .UNSPECIFIED.);
#523=B_SPLINE_CURVE_WITH_KNOTS('',3,(#10636,#10637,#10638,#10639),
 .UNSPECIFIED.,.F.,.F.,(4,4),(9.55209956997912E-18,0.000653837159502332),
 .UNSPECIFIED.);
#524=B_SPLINE_CURVE_WITH_KNOTS('',3,(#10650,#10651,#10652,#10653),
 .UNSPECIFIED.,.F.,.F.,(4,4),(0.,0.000509937879479993),.UNSPECIFIED.);
#525=B_SPLINE_CURVE_WITH_KNOTS('',3,(#10664,#10665,#10666,#10667),
 .UNSPECIFIED.,.F.,.F.,(4,4),(0.,0.000494591286879421),.UNSPECIFIED.);
#526=B_SPLINE_CURVE_WITH_KNOTS('',3,(#10678,#10679,#10680,#10681),
 .UNSPECIFIED.,.F.,.F.,(4,4),(0.,0.000656337454906196),.UNSPECIFIED.);
#527=B_SPLINE_CURVE_WITH_KNOTS('',3,(#10729,#10730,#10731,#10732),
 .UNSPECIFIED.,.F.,.F.,(4,4),(0.,0.00106054935766962),.UNSPECIFIED.);
#528=B_SPLINE_CURVE_WITH_KNOTS('',3,(#10735,#10736,#10737,#10738),
 .UNSPECIFIED.,.F.,.F.,(4,4),(3.47393332588825E-17,0.00128491394880779),
 .UNSPECIFIED.);
#529=B_SPLINE_CURVE_WITH_KNOTS('',3,(#10742,#10743,#10744,#10745),
 .UNSPECIFIED.,.F.,.F.,(4,4),(0.,0.000946113175425178),.UNSPECIFIED.);
#530=B_SPLINE_CURVE_WITH_KNOTS('',3,(#10747,#10748,#10749,#10750,#10751),
 .UNSPECIFIED.,.F.,.F.,(4,1,4),(0.,0.000398877612812211,0.000797755225624423),
 .UNSPECIFIED.);
#531=B_SPLINE_CURVE_WITH_KNOTS('',3,(#10757,#10758,#10759,#10760),
 .UNSPECIFIED.,.F.,.F.,(4,4),(0.,0.00112706310079305),.UNSPECIFIED.);
#532=B_SPLINE_CURVE_WITH_KNOTS('',3,(#10762,#10763,#10764,#10765),
 .UNSPECIFIED.,.F.,.F.,(4,4),(0.,0.000868153108924126),.UNSPECIFIED.);
#533=B_SPLINE_CURVE_WITH_KNOTS('',3,(#10767,#10768,#10769,#10770),
 .UNSPECIFIED.,.F.,.F.,(4,4),(0.,0.000823173936522511),.UNSPECIFIED.);
#534=B_SPLINE_CURVE_WITH_KNOTS('',3,(#10772,#10773,#10774,#10775),
 .UNSPECIFIED.,.F.,.F.,(4,4),(0.,0.000802470661979319),.UNSPECIFIED.);
#535=B_SPLINE_CURVE_WITH_KNOTS('',3,(#10777,#10778,#10779,#10780),
 .UNSPECIFIED.,.F.,.F.,(4,4),(0.,0.000627534209509977),.UNSPECIFIED.);
#536=B_SPLINE_CURVE_WITH_KNOTS('',3,(#10782,#10783,#10784,#10785),
 .UNSPECIFIED.,.F.,.F.,(4,4),(0.,0.000607062690832599),.UNSPECIFIED.);
#537=B_SPLINE_CURVE_WITH_KNOTS('',3,(#10795,#10796,#10797,#10798),
 .UNSPECIFIED.,.F.,.F.,(4,4),(0.,0.000960753059758193),.UNSPECIFIED.);
#538=B_SPLINE_CURVE_WITH_KNOTS('',3,(#10799,#10800,#10801,#10802,#10803),
 .UNSPECIFIED.,.F.,.F.,(4,1,4),(0.,0.000324104039247483,0.000648208078494967),
 .UNSPECIFIED.);
#539=B_SPLINE_CURVE_WITH_KNOTS('',3,(#10806,#10807,#10808,#10809),
 .UNSPECIFIED.,.F.,.F.,(4,4),(0.,0.000447875685511028),.UNSPECIFIED.);
#540=B_SPLINE_CURVE_WITH_KNOTS('',3,(#10811,#10812,#10813,#10814),
 .UNSPECIFIED.,.F.,.F.,(4,4),(3.44442003593917E-17,0.000597293533415266),
 .UNSPECIFIED.);
#541=B_SPLINE_CURVE_WITH_KNOTS('',3,(#10820,#10821,#10822,#10823),
 .UNSPECIFIED.,.F.,.F.,(4,4),(0.,0.000517249984125426),.UNSPECIFIED.);
#542=B_SPLINE_CURVE_WITH_KNOTS('',3,(#10825,#10826,#10827,#10828),
 .UNSPECIFIED.,.F.,.F.,(4,4),(0.,0.000536100615318091),.UNSPECIFIED.);
#543=B_SPLINE_CURVE_WITH_KNOTS('',3,(#10950,#10951,#10952,#10953),
 .UNSPECIFIED.,.F.,.F.,(4,4),(0.,0.000536100422553526),.UNSPECIFIED.);
#544=B_SPLINE_CURVE_WITH_KNOTS('',3,(#10966,#10967,#10968,#10969,#10970),
 .UNSPECIFIED.,.F.,.F.,(4,1,4),(0.,0.000324103536322582,0.000648207072645163),
 .UNSPECIFIED.);
#545=B_SPLINE_CURVE_WITH_KNOTS('',3,(#10981,#10982,#10983,#10984),
 .UNSPECIFIED.,.F.,.F.,(4,4),(0.,0.000447875118018891),.UNSPECIFIED.);
#546=B_SPLINE_CURVE_WITH_KNOTS('',3,(#10995,#10996,#10997,#10998),
 .UNSPECIFIED.,.F.,.F.,(4,4),(0.,0.000597293091810719),.UNSPECIFIED.);
#547=B_SPLINE_CURVE_WITH_KNOTS('',3,(#11017,#11018,#11019,#11020),
 .UNSPECIFIED.,.F.,.F.,(4,4),(0.,0.000517249681555628),.UNSPECIFIED.);
#548=B_SPLINE_CURVE_WITH_KNOTS('',3,(#11022,#11023,#11024,#11025),
 .UNSPECIFIED.,.F.,.F.,(4,4),(1.34454610987002E-17,0.000720720045687703),
 .UNSPECIFIED.);
#549=B_SPLINE_CURVE_WITH_KNOTS('',3,(#11028,#11029,#11030,#11031),
 .UNSPECIFIED.,.F.,.F.,(4,4),(3.49644694633735E-18,0.000798004701898215),
 .UNSPECIFIED.);
#550=B_SPLINE_CURVE_WITH_KNOTS('',3,(#11033,#11034,#11035,#11036),
 .UNSPECIFIED.,.F.,.F.,(4,4),(5.07785776429626E-14,0.000676941267753517),
 .UNSPECIFIED.);
#551=B_SPLINE_CURVE_WITH_KNOTS('',3,(#11038,#11039,#11040,#11041),
 .UNSPECIFIED.,.F.,.F.,(4,4),(5.38620465432702E-18,0.000962368885598943),
 .UNSPECIFIED.);
#552=B_SPLINE_CURVE_WITH_KNOTS('',3,(#11043,#11044,#11045,#11046),
 .UNSPECIFIED.,.F.,.F.,(4,4),(0.,0.00115142262233099),.UNSPECIFIED.);
#553=B_SPLINE_CURVE_WITH_KNOTS('',3,(#11048,#11049,#11050,#11051),
 .UNSPECIFIED.,.F.,.F.,(4,4),(0.,0.00113976241291349),.UNSPECIFIED.);
#554=B_SPLINE_CURVE_WITH_KNOTS('',3,(#11053,#11054,#11055,#11056),
 .UNSPECIFIED.,.F.,.F.,(4,4),(1.51788304147971E-18,0.000968372864585777),
 .UNSPECIFIED.);
#555=B_SPLINE_CURVE_WITH_KNOTS('',3,(#11058,#11059,#11060,#11061),
 .UNSPECIFIED.,.F.,.F.,(4,4),(0.,0.000649251816599839),.UNSPECIFIED.);
#556=B_SPLINE_CURVE_WITH_KNOTS('',3,(#11063,#11064,#11065,#11066),
 .UNSPECIFIED.,.F.,.F.,(4,4),(1.30912712350301E-17,0.000870257913860444),
 .UNSPECIFIED.);
#557=B_SPLINE_CURVE_WITH_KNOTS('',3,(#11068,#11069,#11070,#11071),
 .UNSPECIFIED.,.F.,.F.,(4,4),(5.22220920100651E-18,0.000739721186571409),
 .UNSPECIFIED.);
#558=B_SPLINE_CURVE_WITH_KNOTS('',3,(#11073,#11074,#11075,#11076),
 .UNSPECIFIED.,.F.,.F.,(4,4),(1.79328845375334E-14,0.000610823121283875),
 .UNSPECIFIED.);
#559=B_SPLINE_CURVE_WITH_KNOTS('',3,(#11078,#11079,#11080,#11081),
 .UNSPECIFIED.,.F.,.F.,(4,4),(1.57325169794646E-17,0.000861704218986507),
 .UNSPECIFIED.);
#560=B_SPLINE_CURVE_WITH_KNOTS('',3,(#11083,#11084,#11085,#11086),
 .UNSPECIFIED.,.F.,.F.,(4,4),(0.,0.00103772138268988),.UNSPECIFIED.);
#561=B_SPLINE_CURVE_WITH_KNOTS('',3,(#11088,#11089,#11090,#11091),
 .UNSPECIFIED.,.F.,.F.,(4,4),(0.,0.00103768177780293),.UNSPECIFIED.);
#562=B_SPLINE_CURVE_WITH_KNOTS('',3,(#11093,#11094,#11095,#11096),
 .UNSPECIFIED.,.F.,.F.,(4,4),(1.30104260698261E-18,0.000859523786118842),
 .UNSPECIFIED.);
#563=B_SPLINE_CURVE_WITH_KNOTS('',3,(#11098,#11099,#11100,#11101),
 .UNSPECIFIED.,.F.,.F.,(4,4),(1.42830231400861E-15,0.000594870195810566),
 .UNSPECIFIED.);
#564=B_SPLINE_CURVE_WITH_KNOTS('',3,(#11102,#11103,#11104,#11105),
 .UNSPECIFIED.,.F.,.F.,(4,4),(0.,0.000425652051719847),.UNSPECIFIED.);
#565=B_SPLINE_CURVE_WITH_KNOTS('',3,(#11108,#11109,#11110,#11111),
 .UNSPECIFIED.,.F.,.F.,(4,4),(0.,0.000528739442539032),.UNSPECIFIED.);
#566=B_SPLINE_CURVE_WITH_KNOTS('',3,(#11113,#11114,#11115,#11116),
 .UNSPECIFIED.,.F.,.F.,(4,4),(0.,0.000503223685463788),.UNSPECIFIED.);
#567=B_SPLINE_CURVE_WITH_KNOTS('',3,(#11118,#11119,#11120,#11121),
 .UNSPECIFIED.,.F.,.F.,(4,4),(0.,0.000442020630586368),.UNSPECIFIED.);
#568=B_SPLINE_CURVE_WITH_KNOTS('',3,(#11123,#11124,#11125,#11126,#11127),
 .UNSPECIFIED.,.F.,.F.,(4,1,4),(0.,0.000494083445997981,0.000988166891995963),
 .UNSPECIFIED.);
#569=B_SPLINE_CURVE_WITH_KNOTS('',3,(#11129,#11130,#11131,#11132),
 .UNSPECIFIED.,.F.,.F.,(4,4),(0.,0.000642924547052073),.UNSPECIFIED.);
#570=B_SPLINE_CURVE_WITH_KNOTS('',3,(#11134,#11135,#11136,#11137),
 .UNSPECIFIED.,.F.,.F.,(4,4),(0.,0.000408160379576303),.UNSPECIFIED.);
#571=B_SPLINE_CURVE_WITH_KNOTS('',3,(#11138,#11139,#11140,#11141),
 .UNSPECIFIED.,.F.,.F.,(4,4),(6.88297617851575E-18,0.000484439290489101),
 .UNSPECIFIED.);
#572=B_SPLINE_CURVE_WITH_KNOTS('',3,(#11144,#11145,#11146,#11147),
 .UNSPECIFIED.,.F.,.F.,(4,4),(4.75568200259656E-18,0.000493439658610548),
 .UNSPECIFIED.);
#573=B_SPLINE_CURVE_WITH_KNOTS('',3,(#11149,#11150,#11151,#11152),
 .UNSPECIFIED.,.F.,.F.,(4,4),(4.77048955893622E-18,0.000335377817931925),
 .UNSPECIFIED.);
#574=B_SPLINE_CURVE_WITH_KNOTS('',3,(#11154,#11155,#11156,#11157),
 .UNSPECIFIED.,.F.,.F.,(4,4),(1.68536777865455E-17,0.000356269629019777),
 .UNSPECIFIED.);
#575=B_SPLINE_CURVE_WITH_KNOTS('',3,(#11159,#11160,#11161,#11162),
 .UNSPECIFIED.,.F.,.F.,(4,4),(0.,0.000396270131123604),.UNSPECIFIED.);
#576=B_SPLINE_CURVE_WITH_KNOTS('',3,(#11164,#11165,#11166,#11167),
 .UNSPECIFIED.,.F.,.F.,(4,4),(0.,0.000395568877512789),.UNSPECIFIED.);
#577=B_SPLINE_CURVE_WITH_KNOTS('',3,(#11169,#11170,#11171,#11172),
 .UNSPECIFIED.,.F.,.F.,(4,4),(2.16840434497101E-19,0.000361035919957161),
 .UNSPECIFIED.);
#578=B_SPLINE_CURVE_WITH_KNOTS('',3,(#11174,#11175,#11176,#11177),
 .UNSPECIFIED.,.F.,.F.,(4,4),(3.07169936342445E-16,0.000345854583946687),
 .UNSPECIFIED.);
#579=B_SPLINE_CURVE_WITH_KNOTS('',3,(#11302,#11303,#11304,#11305),
 .UNSPECIFIED.,.F.,.F.,(4,4),(0.,0.000642924172470815),.UNSPECIFIED.);
#580=B_SPLINE_CURVE_WITH_KNOTS('',3,(#11318,#11319,#11320,#11321,#11322),
 .UNSPECIFIED.,.F.,.F.,(4,1,4),(0.,0.000494082089174549,0.000988164178349097),
 .UNSPECIFIED.);
#581=B_SPLINE_CURVE_WITH_KNOTS('',3,(#11333,#11334,#11335,#11336),
 .UNSPECIFIED.,.F.,.F.,(4,4),(0.,0.00044201979358049),.UNSPECIFIED.);
#582=B_SPLINE_CURVE_WITH_KNOTS('',3,(#11347,#11348,#11349,#11350),
 .UNSPECIFIED.,.F.,.F.,(4,4),(0.,0.000503222491710881),.UNSPECIFIED.);
#583=B_SPLINE_CURVE_WITH_KNOTS('',3,(#11361,#11362,#11363,#11364),
 .UNSPECIFIED.,.F.,.F.,(4,4),(0.,0.000528739076634896),.UNSPECIFIED.);
#584=B_SPLINE_CURVE_WITH_KNOTS('',3,(#11375,#11376,#11377,#11378),
 .UNSPECIFIED.,.F.,.F.,(4,4),(0.,0.000425651626060743),.UNSPECIFIED.);
#585=B_SPLINE_CURVE_WITH_KNOTS('',3,(#11389,#11390,#11391,#11392),
 .UNSPECIFIED.,.F.,.F.,(4,4),(0.,0.000408160016694387),.UNSPECIFIED.);
#586=B_SPLINE_CURVE_WITH_KNOTS('',3,(#11394,#11395,#11396,#11397),
 .UNSPECIFIED.,.F.,.F.,(4,4),(2.97085719046598E-16,0.000345854436015028),
 .UNSPECIFIED.);
#587=B_SPLINE_CURVE_WITH_KNOTS('',3,(#11410,#11411,#11412,#11413),
 .UNSPECIFIED.,.F.,.F.,(4,4),(6.75367452190153E-18,0.000484439146966675),
 .UNSPECIFIED.);
#588=B_SPLINE_CURVE_WITH_KNOTS('',3,(#11424,#11425,#11426,#11427),
 .UNSPECIFIED.,.F.,.F.,(4,4),(4.68219709568442E-18,0.00049343901307512),
 .UNSPECIFIED.);
#589=B_SPLINE_CURVE_WITH_KNOTS('',3,(#11431,#11432,#11433,#11434),
 .UNSPECIFIED.,.F.,.F.,(4,4),(4.77048955893622E-18,0.000335377502493005),
 .UNSPECIFIED.);
#590=B_SPLINE_CURVE_WITH_KNOTS('',3,(#11445,#11446,#11447,#11448),
 .UNSPECIFIED.,.F.,.F.,(4,4),(5.22220920100651E-18,0.000356269195684443),
 .UNSPECIFIED.);
#591=B_SPLINE_CURVE_WITH_KNOTS('',3,(#11459,#11460,#11461,#11462),
 .UNSPECIFIED.,.F.,.F.,(4,4),(0.,0.000396269529260086),.UNSPECIFIED.);
#592=B_SPLINE_CURVE_WITH_KNOTS('',3,(#11473,#11474,#11475,#11476),
 .UNSPECIFIED.,.F.,.F.,(4,4),(0.,0.000395568745330098),.UNSPECIFIED.);
#593=B_SPLINE_CURVE_WITH_KNOTS('',3,(#11487,#11488,#11489,#11490),
 .UNSPECIFIED.,.F.,.F.,(4,4),(8.67361737988404E-19,0.000361035725473811),
 .UNSPECIFIED.);
#594=B_SPLINE_CURVE_WITH_KNOTS('',3,(#11493,#11494,#11495,#11496),
 .UNSPECIFIED.,.F.,.F.,(4,4),(8.91787552599897E-10,0.000983497672804966),
 .UNSPECIFIED.);
#595=B_SPLINE_CURVE_WITH_KNOTS('',3,(#11499,#11500,#11501,#11502),
 .UNSPECIFIED.,.F.,.F.,(4,4),(-3.90312782094782E-18,0.000326683119188665),
 .UNSPECIFIED.);
#596=B_SPLINE_CURVE_WITH_KNOTS('',3,(#11526,#11527,#11528,#11529),
 .UNSPECIFIED.,.F.,.F.,(4,4),(0.,0.001351358575502),.UNSPECIFIED.);
#597=B_SPLINE_CURVE_WITH_KNOTS('',3,(#11591,#11592,#11593,#11594),
 .UNSPECIFIED.,.F.,.F.,(4,4),(2.59618715414689E-14,0.000424847692633072),
 .UNSPECIFIED.);
#598=B_SPLINE_CURVE_WITH_KNOTS('',3,(#11635,#11636,#11637,#11638),
 .UNSPECIFIED.,.F.,.F.,(4,4),(2.59633894245104E-14,0.000424847692628389),
 .UNSPECIFIED.);
#599=B_SPLINE_CURVE_WITH_KNOTS('',3,(#11723,#11724,#11725,#11726,#11727),
 .UNSPECIFIED.,.F.,.F.,(4,1,4),(0.,0.000857625459704841,0.00171525091940968),
 .UNSPECIFIED.);
#600=B_SPLINE_CURVE_WITH_KNOTS('',3,(#11730,#11731,#11732,#11733),
 .UNSPECIFIED.,.F.,.F.,(4,4),(0.,0.00167897650240715),.UNSPECIFIED.);
#601=B_SPLINE_CURVE_WITH_KNOTS('',3,(#11735,#11736,#11737,#11738,#11739),
 .UNSPECIFIED.,.F.,.F.,(4,1,4),(0.,0.000640675374132428,0.00128135074826486),
 .UNSPECIFIED.);
#602=B_SPLINE_CURVE_WITH_KNOTS('',3,(#11741,#11742,#11743,#11744,#11745),
 .UNSPECIFIED.,.F.,.F.,(4,1,4),(0.,0.000647163106934622,0.00129432621386924),
 .UNSPECIFIED.);
#603=B_SPLINE_CURVE_WITH_KNOTS('',3,(#11747,#11748,#11749,#11750),
 .UNSPECIFIED.,.F.,.F.,(4,4),(0.,0.00170450231759721),.UNSPECIFIED.);
#604=B_SPLINE_CURVE_WITH_KNOTS('',3,(#11752,#11753,#11754,#11755),
 .UNSPECIFIED.,.F.,.F.,(4,4),(0.,0.00168320887001956),.UNSPECIFIED.);
#605=B_SPLINE_CURVE_WITH_KNOTS('',3,(#11757,#11758,#11759,#11760,#11761),
 .UNSPECIFIED.,.F.,.F.,(4,1,4),(0.,0.000643372699135025,0.00128674539827005),
 .UNSPECIFIED.);
#606=B_SPLINE_CURVE_WITH_KNOTS('',3,(#11763,#11764,#11765,#11766,#11767),
 .UNSPECIFIED.,.F.,.F.,(4,1,4),(0.,0.000644610413367052,0.0012892208267341),
 .UNSPECIFIED.);
#607=B_SPLINE_CURVE_WITH_KNOTS('',3,(#11768,#11769,#11770,#11771),
 .UNSPECIFIED.,.F.,.F.,(4,4),(0.,0.00113322471533496),.UNSPECIFIED.);
#608=B_SPLINE_CURVE_WITH_KNOTS('',3,(#11774,#11775,#11776,#11777),
 .UNSPECIFIED.,.F.,.F.,(4,4),(0.,0.00112074741504741),.UNSPECIFIED.);
#609=B_SPLINE_CURVE_WITH_KNOTS('',3,(#11779,#11780,#11781,#11782),
 .UNSPECIFIED.,.F.,.F.,(4,4),(0.,0.000602999644844762),.UNSPECIFIED.);
#610=B_SPLINE_CURVE_WITH_KNOTS('',3,(#11784,#11785,#11786,#11787,#11788),
 .UNSPECIFIED.,.F.,.F.,(4,1,4),(0.,0.000299979823204529,0.000599959646409058),
 .UNSPECIFIED.);
#611=B_SPLINE_CURVE_WITH_KNOTS('',3,(#11790,#11791,#11792,#11793),
 .UNSPECIFIED.,.F.,.F.,(4,4),(0.,0.00112824471828583),.UNSPECIFIED.);
#612=B_SPLINE_CURVE_WITH_KNOTS('',3,(#11795,#11796,#11797,#11798),
 .UNSPECIFIED.,.F.,.F.,(4,4),(0.,0.00112797346719468),.UNSPECIFIED.);
#613=B_SPLINE_CURVE_WITH_KNOTS('',3,(#11800,#11801,#11802,#11803),
 .UNSPECIFIED.,.F.,.F.,(4,4),(0.,0.000601841358211759),.UNSPECIFIED.);
#614=B_SPLINE_CURVE_WITH_KNOTS('',3,(#11805,#11806,#11807,#11808),
 .UNSPECIFIED.,.F.,.F.,(4,4),(0.,0.000598437520283185),.UNSPECIFIED.);
#615=B_SPLINE_CURVE_WITH_KNOTS('',3,(#11889,#11890,#11891,#11892),
 .UNSPECIFIED.,.F.,.F.,(4,4),(0.,0.000598437305563983),.UNSPECIFIED.);
#616=B_SPLINE_CURVE_WITH_KNOTS('',3,(#11905,#11906,#11907,#11908),
 .UNSPECIFIED.,.F.,.F.,(4,4),(0.,0.00113322460858384),.UNSPECIFIED.);
#617=B_SPLINE_CURVE_WITH_KNOTS('',3,(#11919,#11920,#11921,#11922),
 .UNSPECIFIED.,.F.,.F.,(4,4),(0.,0.00112074732444422),.UNSPECIFIED.);
#618=B_SPLINE_CURVE_WITH_KNOTS('',3,(#11933,#11934,#11935,#11936),
 .UNSPECIFIED.,.F.,.F.,(4,4),(0.,0.000602999444165429),.UNSPECIFIED.);
#619=B_SPLINE_CURVE_WITH_KNOTS('',3,(#11947,#11948,#11949,#11950,#11951),
 .UNSPECIFIED.,.F.,.F.,(4,1,4),(0.,0.000299979440647814,0.000599958881295629),
 .UNSPECIFIED.);
#620=B_SPLINE_CURVE_WITH_KNOTS('',3,(#11962,#11963,#11964,#11965),
 .UNSPECIFIED.,.F.,.F.,(4,4),(0.,0.00112824451796788),.UNSPECIFIED.);
#621=B_SPLINE_CURVE_WITH_KNOTS('',3,(#11976,#11977,#11978,#11979),
 .UNSPECIFIED.,.F.,.F.,(4,4),(0.,0.00112797330156445),.UNSPECIFIED.);
#622=B_SPLINE_CURVE_WITH_KNOTS('',3,(#11990,#11991,#11992,#11993),
 .UNSPECIFIED.,.F.,.F.,(4,4),(0.,0.000601840637160463),.UNSPECIFIED.);
#623=B_SPLINE_CURVE_WITH_KNOTS('',3,(#11995,#11996,#11997,#11998),
 .UNSPECIFIED.,.F.,.F.,(4,4),(0.,0.000394872137550331),.UNSPECIFIED.);
#624=B_SPLINE_CURVE_WITH_KNOTS('',3,(#12001,#12002,#12003,#12004),
 .UNSPECIFIED.,.F.,.F.,(4,4),(0.,0.000396909291784022),.UNSPECIFIED.);
#625=B_SPLINE_CURVE_WITH_KNOTS('',3,(#12006,#12007,#12008,#12009),
 .UNSPECIFIED.,.F.,.F.,(4,4),(0.,0.000402955991285122),.UNSPECIFIED.);
#626=B_SPLINE_CURVE_WITH_KNOTS('',3,(#12011,#12012,#12013,#12014),
 .UNSPECIFIED.,.F.,.F.,(4,4),(0.,0.000407394121139915),.UNSPECIFIED.);
#627=B_SPLINE_CURVE_WITH_KNOTS('',3,(#12016,#12017,#12018,#12019),
 .UNSPECIFIED.,.F.,.F.,(4,4),(0.,0.000400965466718237),.UNSPECIFIED.);
#628=B_SPLINE_CURVE_WITH_KNOTS('',3,(#12021,#12022,#12023,#12024),
 .UNSPECIFIED.,.F.,.F.,(4,4),(0.,0.000396248354973868),.UNSPECIFIED.);
#629=B_SPLINE_CURVE_WITH_KNOTS('',3,(#12026,#12027,#12028,#12029),
 .UNSPECIFIED.,.F.,.F.,(4,4),(0.,0.000408358739841092),.UNSPECIFIED.);
#630=B_SPLINE_CURVE_WITH_KNOTS('',3,(#12031,#12032,#12033,#12034),
 .UNSPECIFIED.,.F.,.F.,(4,4),(0.,0.000401920974642777),.UNSPECIFIED.);
#631=B_SPLINE_CURVE_WITH_KNOTS('',3,(#12133,#12134,#12135,#12136),
 .UNSPECIFIED.,.F.,.F.,(4,4),(-1.21882251632923E-10,0.000397134751367719),
 .UNSPECIFIED.);
#632=B_SPLINE_CURVE_WITH_KNOTS('',3,(#12138,#12139,#12140,#12141),
 .UNSPECIFIED.,.F.,.F.,(4,4),(-3.01785506306995E-14,0.000520723559778282),
 .UNSPECIFIED.);
#633=B_SPLINE_CURVE_WITH_KNOTS('',3,(#12149,#12150,#12151,#12152),
 .UNSPECIFIED.,.F.,.F.,(4,4),(1.42681005899092E-16,0.000529383500359995),
 .UNSPECIFIED.);
#634=B_SPLINE_CURVE_WITH_KNOTS('',3,(#12176,#12177,#12178,#12179),
 .UNSPECIFIED.,.F.,.F.,(4,4),(1.37910516340156E-16,0.000529383495242201),
 .UNSPECIFIED.);
#635=B_SPLINE_CURVE_WITH_KNOTS('',3,(#12189,#12190,#12191,#12192),
 .UNSPECIFIED.,.F.,.F.,(4,4),(-1.21882357071584E-10,0.000397134751130763),
 .UNSPECIFIED.);
#636=B_SPLINE_CURVE_WITH_KNOTS('',3,(#12196,#12197,#12198,#12199),
 .UNSPECIFIED.,.F.,.F.,(4,4),(-1.21673070924144E-13,0.00052072355973263),
 .UNSPECIFIED.);
#637=ELLIPSE('',#6525,0.0516081749386965,0.029);
#638=ELLIPSE('',#6527,0.0572435236036392,0.029);
#639=ELLIPSE('',#6529,0.0542309076262428,0.029);
#640=ELLIPSE('',#6530,0.0520775070814837,0.029);
#641=ELLIPSE('',#6532,0.0553477456956858,0.029);
#642=ELLIPSE('',#6533,0.0553855593440674,0.029);
#643=ELLIPSE('',#6535,0.0535927126450735,0.029);
#644=ELLIPSE('',#6536,0.0537259185666814,0.029);
#645=ELLIPSE('',#6538,0.0564669874547856,0.029);
#646=ELLIPSE('',#6539,0.046349795144306,0.029);
#647=ELLIPSE('',#6540,0.0370693005249719,0.029);
#648=ELLIPSE('',#6543,1.25893405704985,0.029);
#649=ELLIPSE('',#6544,0.918791113970483,0.029);
#650=ELLIPSE('',#6545,0.0372072345146311,0.029);
#651=ELLIPSE('',#6546,0.0463497951443061,0.029);
#652=ELLIPSE('',#6547,0.0370693005249719,0.029);
#653=ELLIPSE('',#6550,1.25893405704985,0.029);
#654=ELLIPSE('',#6551,0.918791113970483,0.029);
#655=ELLIPSE('',#6552,0.0372072345146311,0.029);
#656=ELLIPSE('',#6554,0.0927342907806416,0.029);
#657=ELLIPSE('',#6556,0.0988374661119862,0.029);
#658=ELLIPSE('',#6560,0.0981171953486483,0.029);
#659=ELLIPSE('',#6562,0.0929782699383713,0.029);
#660=ELLIPSE('',#6566,0.0799075159355795,0.029);
#661=ELLIPSE('',#6568,0.029014203372677,0.029);
#662=ELLIPSE('',#6569,0.0660013056361691,0.029);
#663=ELLIPSE('',#6579,0.0339337289847696,0.029);
#664=ELLIPSE('',#6580,0.0830530034087065,0.029);
#665=ELLIPSE('',#6583,0.0758463816612969,0.029);
#666=ELLIPSE('',#6585,0.311033467012861,0.029);
#667=ELLIPSE('',#6586,0.0295847947283384,0.029);
#668=ELLIPSE('',#6587,0.0329259311764358,0.029);
#669=ELLIPSE('',#6588,0.393581475735565,0.029);
#670=ELLIPSE('',#6595,0.105343766512625,0.029);
#671=ELLIPSE('',#6600,0.0548839910767799,0.029);
#672=ELLIPSE('',#6697,0.0816209118792401,0.02849995);
#673=ELLIPSE('',#6698,0.0333486061854994,0.02849995);
#674=ELLIPSE('',#6713,0.0745385546561337,0.02849995);
#675=ELLIPSE('',#6729,0.386794909634132,0.02849995);
#676=ELLIPSE('',#6730,0.0323581859390297,0.02849995);
#677=ELLIPSE('',#6731,0.0290746610523417,0.02849995);
#678=ELLIPSE('',#6732,0.305670284765283,0.02849995);
#679=ELLIPSE('',#6757,0.103527313049016,0.02849995);
#680=ELLIPSE('',#6784,0.0539376207409887,0.02849995);
#681=ELLIPSE('',#6802,0.0648632382953634,0.02849995);
#682=ELLIPSE('',#6803,0.0285139084624525,0.02849995);
#683=ELLIPSE('',#6805,0.0785296623720076,0.02849995);
#684=ELLIPSE('',#6807,0.0285176312668322,0.02849995);
#685=ELLIPSE('',#6816,0.0290179914960599,0.029);
#686=ELLIPSE('',#6829,0.0913750360113823,0.02849995);
#687=ELLIPSE('',#6831,0.0964253503991968,0.02849995);
#688=ELLIPSE('',#6835,0.0971332014592517,0.02849995);
#689=ELLIPSE('',#6837,0.0911352638115085,0.02849995);
#690=ELLIPSE('',#6858,0.0455505808318264,0.02849995);
#691=ELLIPSE('',#6859,0.0365656663208711,0.02849995);
#692=ELLIPSE('',#6860,0.902948303744933,0.02849995);
#693=ELLIPSE('',#6861,1.23722612686958,0.02849995);
#694=ELLIPSE('',#6864,0.0364301107412645,0.02849995);
#695=ELLIPSE('',#6876,0.0455505808318264,0.02849995);
#696=ELLIPSE('',#6877,0.0365656663208711,0.02849995);
#697=ELLIPSE('',#6878,0.902948303744933,0.02849995);
#698=ELLIPSE('',#6879,1.23722612686958,0.02849995);
#699=ELLIPSE('',#6882,0.0364301107412645,0.02849995);
#700=ELLIPSE('',#6894,0.0562564676043978,0.02849995);
#701=ELLIPSE('',#6895,0.0554933213486903,0.02849995);
#702=ELLIPSE('',#6897,0.0527995169949825,0.02849995);
#703=ELLIPSE('',#6898,0.0526686079568608,0.02849995);
#704=ELLIPSE('',#6900,0.0544305404147571,0.02849995);
#705=ELLIPSE('',#6901,0.0543933787910262,0.02849995);
#706=ELLIPSE('',#6903,0.0511795292395493,0.02849995);
#707=ELLIPSE('',#6904,0.0532957984759496,0.02849995);
#708=ELLIPSE('',#6922,0.0507182898394519,0.02849995);
#709=ELLIPSE('',#6929,0.0516339731185338,0.02849995);
#710=ELLIPSE('',#6950,0.052539924471358,0.029);
#711=CIRCLE('',#6521,0.029);
#712=CIRCLE('',#6522,0.029);
#713=CIRCLE('',#6523,0.029);
#714=CIRCLE('',#6524,0.029);
#715=CIRCLE('',#6526,0.029);
#716=CIRCLE('',#6528,0.029);
#717=CIRCLE('',#6531,0.029);
#718=CIRCLE('',#6534,0.029);
#719=CIRCLE('',#6537,0.029);
#720=CIRCLE('',#6541,0.029);
#721=CIRCLE('',#6542,0.029);
#722=CIRCLE('',#6548,0.029);
#723=CIRCLE('',#6549,0.029);
#724=CIRCLE('',#6553,0.029);
#725=CIRCLE('',#6555,0.029);
#726=CIRCLE('',#6557,0.029);
#727=CIRCLE('',#6558,0.029);
#728=CIRCLE('',#6559,0.029);
#729=CIRCLE('',#6561,0.029);
#730=CIRCLE('',#6563,0.029);
#731=CIRCLE('',#6564,0.029);
#732=CIRCLE('',#6565,0.029);
#733=CIRCLE('',#6567,0.029);
#734=CIRCLE('',#6570,0.029);
#735=CIRCLE('',#6571,0.029);
#736=CIRCLE('',#6572,0.029);
#737=CIRCLE('',#6573,0.029);
#738=CIRCLE('',#6574,0.029);
#739=CIRCLE('',#6575,0.029);
#740=CIRCLE('',#6576,0.029);
#741=CIRCLE('',#6577,0.029);
#742=CIRCLE('',#6578,0.029);
#743=CIRCLE('',#6581,0.029);
#744=CIRCLE('',#6582,0.029);
#745=CIRCLE('',#6584,0.029);
#746=CIRCLE('',#6589,0.029);
#747=CIRCLE('',#6590,0.029);
#748=CIRCLE('',#6591,0.029);
#749=CIRCLE('',#6592,0.029);
#750=CIRCLE('',#6593,0.029);
#751=CIRCLE('',#6594,0.029);
#752=CIRCLE('',#6596,0.029);
#753=CIRCLE('',#6597,0.029);
#754=CIRCLE('',#6598,0.029);
#755=CIRCLE('',#6599,0.029);
#756=CIRCLE('',#6601,0.029);
#757=CIRCLE('',#6602,0.029);
#758=CIRCLE('',#6603,0.029);
#759=CIRCLE('',#6605,0.028);
#760=CIRCLE('',#6606,0.028);
#761=CIRCLE('',#6608,0.025);
#762=CIRCLE('',#6609,0.003);
#763=CIRCLE('',#6610,0.002);
#764=CIRCLE('',#6611,0.028);
#765=CIRCLE('',#6612,0.002);
#766=CIRCLE('',#6614,0.025);
#767=CIRCLE('',#6615,0.003);
#768=CIRCLE('',#6616,0.002);
#769=CIRCLE('',#6617,0.028);
#770=CIRCLE('',#6618,0.002);
#771=CIRCLE('',#6620,0.003);
#772=CIRCLE('',#6621,0.024);
#773=CIRCLE('',#6622,0.002);
#774=CIRCLE('',#6624,0.003);
#775=CIRCLE('',#6625,0.024);
#776=CIRCLE('',#6626,0.002);
#777=CIRCLE('',#6632,0.004);
#778=CIRCLE('',#6633,0.004);
#779=CIRCLE('',#6636,0.001);
#780=CIRCLE('',#6637,0.001);
#781=CIRCLE('',#6639,0.001);
#782=CIRCLE('',#6641,0.001);
#783=CIRCLE('',#6643,0.001);
#784=CIRCLE('',#6644,0.001);
#785=CIRCLE('',#6646,0.001);
#786=CIRCLE('',#6648,0.001);
#787=CIRCLE('',#6650,0.001);
#788=CIRCLE('',#6652,0.001);
#789=CIRCLE('',#6654,0.001);
#790=CIRCLE('',#6655,0.001);
#791=CIRCLE('',#6657,0.001);
#792=CIRCLE('',#6659,0.001);
#793=CIRCLE('',#6661,0.001);
#794=CIRCLE('',#6663,0.001);
#795=CIRCLE('',#6669,0.02849995);
#796=CIRCLE('',#6670,0.02849995);
#797=CIRCLE('',#6671,0.02849995);
#798=CIRCLE('',#6672,0.02849995);
#799=CIRCLE('',#6673,0.02849995);
#800=CIRCLE('',#6675,0.029);
#801=CIRCLE('',#6678,0.029);
#802=CIRCLE('',#6687,0.02849995);
#803=CIRCLE('',#6688,0.02849995);
#804=CIRCLE('',#6694,0.02849995);
#805=CIRCLE('',#6695,0.02849995);
#806=CIRCLE('',#6696,0.02849995);
#807=CIRCLE('',#6699,0.02849995);
#808=CIRCLE('',#6727,0.02849995);
#809=CIRCLE('',#6728,0.02849995);
#810=CIRCLE('',#6747,0.02849995);
#811=CIRCLE('',#6748,0.02849995);
#812=CIRCLE('',#6754,0.02849995);
#813=CIRCLE('',#6755,0.02849995);
#814=CIRCLE('',#6756,0.02849995);
#815=CIRCLE('',#6758,0.02849995);
#816=CIRCLE('',#6759,0.02849995);
#817=CIRCLE('',#6760,0.02849995);
#818=CIRCLE('',#6779,0.02849995);
#819=CIRCLE('',#6780,0.02849995);
#820=CIRCLE('',#6781,0.02849995);
#821=CIRCLE('',#6782,0.02849995);
#822=CIRCLE('',#6783,0.02849995);
#823=CIRCLE('',#6785,0.02849995);
#824=CIRCLE('',#6787,0.029);
#825=CIRCLE('',#6790,0.029);
#826=CIRCLE('',#6804,0.02849995);
#827=CIRCLE('',#6806,0.02849995);
#828=CIRCLE('',#6827,0.02849995);
#829=CIRCLE('',#6828,0.02849995);
#830=CIRCLE('',#6830,0.02849995);
#831=CIRCLE('',#6832,0.02849995);
#832=CIRCLE('',#6833,0.02849995);
#833=CIRCLE('',#6834,0.02849995);
#834=CIRCLE('',#6836,0.02849995);
#835=CIRCLE('',#6838,0.02849995);
#836=CIRCLE('',#6862,0.02849995);
#837=CIRCLE('',#6863,0.02849995);
#838=CIRCLE('',#6880,0.02849995);
#839=CIRCLE('',#6881,0.02849995);
#840=CIRCLE('',#6896,0.02849995);
#841=CIRCLE('',#6899,0.02849995);
#842=CIRCLE('',#6902,0.02849995);
#843=CIRCLE('',#6905,0.02849995);
#844=CIRCLE('',#6921,0.02849995);
#845=CIRCLE('',#6923,0.02849995);
#846=CIRCLE('',#6924,0.02849995);
#847=CIRCLE('',#6925,0.02849995);
#848=CIRCLE('',#6926,0.02849995);
#849=CIRCLE('',#6927,0.02849995);
#850=CIRCLE('',#6928,0.02849995);
#851=CIRCLE('',#6943,0.029);
#852=CIRCLE('',#6948,0.029);
#853=CIRCLE('',#6957,0.028);
#854=CIRCLE('',#6958,0.028);
#855=CIRCLE('',#6960,0.024);
#856=CIRCLE('',#6961,0.003);
#857=CIRCLE('',#6962,0.002);
#858=CIRCLE('',#6964,0.003);
#859=CIRCLE('',#6965,0.024);
#860=CIRCLE('',#6966,0.002);
#861=ORIENTED_EDGE('',*,*,#2807,.T.);
#862=ORIENTED_EDGE('',*,*,#2808,.T.);
#863=ORIENTED_EDGE('',*,*,#2809,.T.);
#864=ORIENTED_EDGE('',*,*,#2810,.T.);
#865=ORIENTED_EDGE('',*,*,#2811,.T.);
#866=ORIENTED_EDGE('',*,*,#2812,.T.);
#867=ORIENTED_EDGE('',*,*,#2813,.T.);
#868=ORIENTED_EDGE('',*,*,#2814,.T.);
#869=ORIENTED_EDGE('',*,*,#2815,.T.);
#870=ORIENTED_EDGE('',*,*,#2816,.T.);
#871=ORIENTED_EDGE('',*,*,#2817,.T.);
#872=ORIENTED_EDGE('',*,*,#2818,.T.);
#873=ORIENTED_EDGE('',*,*,#2819,.T.);
#874=ORIENTED_EDGE('',*,*,#2820,.T.);
#875=ORIENTED_EDGE('',*,*,#2821,.T.);
#876=ORIENTED_EDGE('',*,*,#2822,.T.);
#877=ORIENTED_EDGE('',*,*,#2823,.T.);
#878=ORIENTED_EDGE('',*,*,#2824,.T.);
#879=ORIENTED_EDGE('',*,*,#2825,.T.);
#880=ORIENTED_EDGE('',*,*,#2826,.T.);
#881=ORIENTED_EDGE('',*,*,#2827,.T.);
#882=ORIENTED_EDGE('',*,*,#2828,.T.);
#883=ORIENTED_EDGE('',*,*,#2829,.T.);
#884=ORIENTED_EDGE('',*,*,#2830,.T.);
#885=ORIENTED_EDGE('',*,*,#2831,.T.);
#886=ORIENTED_EDGE('',*,*,#2832,.T.);
#887=ORIENTED_EDGE('',*,*,#2833,.T.);
#888=ORIENTED_EDGE('',*,*,#2834,.T.);
#889=ORIENTED_EDGE('',*,*,#2835,.T.);
#890=ORIENTED_EDGE('',*,*,#2836,.T.);
#891=ORIENTED_EDGE('',*,*,#2837,.T.);
#892=ORIENTED_EDGE('',*,*,#2838,.T.);
#893=ORIENTED_EDGE('',*,*,#2839,.T.);
#894=ORIENTED_EDGE('',*,*,#2840,.T.);
#895=ORIENTED_EDGE('',*,*,#2841,.T.);
#896=ORIENTED_EDGE('',*,*,#2842,.T.);
#897=ORIENTED_EDGE('',*,*,#2843,.T.);
#898=ORIENTED_EDGE('',*,*,#2844,.T.);
#899=ORIENTED_EDGE('',*,*,#2845,.T.);
#900=ORIENTED_EDGE('',*,*,#2846,.T.);
#901=ORIENTED_EDGE('',*,*,#2847,.T.);
#902=ORIENTED_EDGE('',*,*,#2848,.T.);
#903=ORIENTED_EDGE('',*,*,#2849,.T.);
#904=ORIENTED_EDGE('',*,*,#2850,.T.);
#905=ORIENTED_EDGE('',*,*,#2851,.T.);
#906=ORIENTED_EDGE('',*,*,#2852,.T.);
#907=ORIENTED_EDGE('',*,*,#2853,.T.);
#908=ORIENTED_EDGE('',*,*,#2854,.T.);
#909=ORIENTED_EDGE('',*,*,#2855,.T.);
#910=ORIENTED_EDGE('',*,*,#2856,.T.);
#911=ORIENTED_EDGE('',*,*,#2857,.T.);
#912=ORIENTED_EDGE('',*,*,#2858,.T.);
#913=ORIENTED_EDGE('',*,*,#2859,.T.);
#914=ORIENTED_EDGE('',*,*,#2860,.T.);
#915=ORIENTED_EDGE('',*,*,#2861,.T.);
#916=ORIENTED_EDGE('',*,*,#2862,.T.);
#917=ORIENTED_EDGE('',*,*,#2863,.T.);
#918=ORIENTED_EDGE('',*,*,#2864,.T.);
#919=ORIENTED_EDGE('',*,*,#2865,.T.);
#920=ORIENTED_EDGE('',*,*,#2866,.T.);
#921=ORIENTED_EDGE('',*,*,#2867,.T.);
#922=ORIENTED_EDGE('',*,*,#2868,.T.);
#923=ORIENTED_EDGE('',*,*,#2869,.T.);
#924=ORIENTED_EDGE('',*,*,#2870,.T.);
#925=ORIENTED_EDGE('',*,*,#2871,.T.);
#926=ORIENTED_EDGE('',*,*,#2872,.T.);
#927=ORIENTED_EDGE('',*,*,#2873,.T.);
#928=ORIENTED_EDGE('',*,*,#2874,.T.);
#929=ORIENTED_EDGE('',*,*,#2875,.T.);
#930=ORIENTED_EDGE('',*,*,#2876,.T.);
#931=ORIENTED_EDGE('',*,*,#2877,.T.);
#932=ORIENTED_EDGE('',*,*,#2878,.T.);
#933=ORIENTED_EDGE('',*,*,#2879,.T.);
#934=ORIENTED_EDGE('',*,*,#2880,.T.);
#935=ORIENTED_EDGE('',*,*,#2881,.T.);
#936=ORIENTED_EDGE('',*,*,#2882,.T.);
#937=ORIENTED_EDGE('',*,*,#2883,.T.);
#938=ORIENTED_EDGE('',*,*,#2884,.T.);
#939=ORIENTED_EDGE('',*,*,#2885,.T.);
#940=ORIENTED_EDGE('',*,*,#2886,.T.);
#941=ORIENTED_EDGE('',*,*,#2887,.T.);
#942=ORIENTED_EDGE('',*,*,#2888,.T.);
#943=ORIENTED_EDGE('',*,*,#2889,.T.);
#944=ORIENTED_EDGE('',*,*,#2890,.T.);
#945=ORIENTED_EDGE('',*,*,#2891,.T.);
#946=ORIENTED_EDGE('',*,*,#2892,.T.);
#947=ORIENTED_EDGE('',*,*,#2893,.T.);
#948=ORIENTED_EDGE('',*,*,#2894,.T.);
#949=ORIENTED_EDGE('',*,*,#2895,.T.);
#950=ORIENTED_EDGE('',*,*,#2896,.T.);
#951=ORIENTED_EDGE('',*,*,#2897,.T.);
#952=ORIENTED_EDGE('',*,*,#2898,.T.);
#953=ORIENTED_EDGE('',*,*,#2899,.T.);
#954=ORIENTED_EDGE('',*,*,#2900,.T.);
#955=ORIENTED_EDGE('',*,*,#2901,.T.);
#956=ORIENTED_EDGE('',*,*,#2902,.T.);
#957=ORIENTED_EDGE('',*,*,#2903,.T.);
#958=ORIENTED_EDGE('',*,*,#2904,.T.);
#959=ORIENTED_EDGE('',*,*,#2905,.T.);
#960=ORIENTED_EDGE('',*,*,#2906,.T.);
#961=ORIENTED_EDGE('',*,*,#2907,.T.);
#962=ORIENTED_EDGE('',*,*,#2908,.T.);
#963=ORIENTED_EDGE('',*,*,#2909,.T.);
#964=ORIENTED_EDGE('',*,*,#2910,.T.);
#965=ORIENTED_EDGE('',*,*,#2911,.T.);
#966=ORIENTED_EDGE('',*,*,#2912,.T.);
#967=ORIENTED_EDGE('',*,*,#2913,.T.);
#968=ORIENTED_EDGE('',*,*,#2914,.T.);
#969=ORIENTED_EDGE('',*,*,#2915,.T.);
#970=ORIENTED_EDGE('',*,*,#2916,.T.);
#971=ORIENTED_EDGE('',*,*,#2917,.T.);
#972=ORIENTED_EDGE('',*,*,#2918,.T.);
#973=ORIENTED_EDGE('',*,*,#2919,.T.);
#974=ORIENTED_EDGE('',*,*,#2920,.T.);
#975=ORIENTED_EDGE('',*,*,#2921,.T.);
#976=ORIENTED_EDGE('',*,*,#2922,.T.);
#977=ORIENTED_EDGE('',*,*,#2923,.T.);
#978=ORIENTED_EDGE('',*,*,#2924,.T.);
#979=ORIENTED_EDGE('',*,*,#2925,.T.);
#980=ORIENTED_EDGE('',*,*,#2926,.T.);
#981=ORIENTED_EDGE('',*,*,#2927,.T.);
#982=ORIENTED_EDGE('',*,*,#2928,.T.);
#983=ORIENTED_EDGE('',*,*,#2929,.T.);
#984=ORIENTED_EDGE('',*,*,#2930,.T.);
#985=ORIENTED_EDGE('',*,*,#2931,.T.);
#986=ORIENTED_EDGE('',*,*,#2932,.T.);
#987=ORIENTED_EDGE('',*,*,#2933,.T.);
#988=ORIENTED_EDGE('',*,*,#2934,.T.);
#989=ORIENTED_EDGE('',*,*,#2935,.T.);
#990=ORIENTED_EDGE('',*,*,#2936,.T.);
#991=ORIENTED_EDGE('',*,*,#2937,.T.);
#992=ORIENTED_EDGE('',*,*,#2938,.T.);
#993=ORIENTED_EDGE('',*,*,#2939,.T.);
#994=ORIENTED_EDGE('',*,*,#2940,.T.);
#995=ORIENTED_EDGE('',*,*,#2941,.T.);
#996=ORIENTED_EDGE('',*,*,#2942,.T.);
#997=ORIENTED_EDGE('',*,*,#2943,.T.);
#998=ORIENTED_EDGE('',*,*,#2944,.T.);
#999=ORIENTED_EDGE('',*,*,#2945,.T.);
#1000=ORIENTED_EDGE('',*,*,#2946,.T.);
#1001=ORIENTED_EDGE('',*,*,#2947,.T.);
#1002=ORIENTED_EDGE('',*,*,#2948,.T.);
#1003=ORIENTED_EDGE('',*,*,#2949,.T.);
#1004=ORIENTED_EDGE('',*,*,#2950,.T.);
#1005=ORIENTED_EDGE('',*,*,#2951,.T.);
#1006=ORIENTED_EDGE('',*,*,#2952,.T.);
#1007=ORIENTED_EDGE('',*,*,#2953,.T.);
#1008=ORIENTED_EDGE('',*,*,#2954,.T.);
#1009=ORIENTED_EDGE('',*,*,#2955,.T.);
#1010=ORIENTED_EDGE('',*,*,#2956,.T.);
#1011=ORIENTED_EDGE('',*,*,#2957,.T.);
#1012=ORIENTED_EDGE('',*,*,#2958,.T.);
#1013=ORIENTED_EDGE('',*,*,#2959,.T.);
#1014=ORIENTED_EDGE('',*,*,#2960,.T.);
#1015=ORIENTED_EDGE('',*,*,#2961,.T.);
#1016=ORIENTED_EDGE('',*,*,#2962,.T.);
#1017=ORIENTED_EDGE('',*,*,#2963,.T.);
#1018=ORIENTED_EDGE('',*,*,#2964,.T.);
#1019=ORIENTED_EDGE('',*,*,#2965,.T.);
#1020=ORIENTED_EDGE('',*,*,#2966,.T.);
#1021=ORIENTED_EDGE('',*,*,#2967,.T.);
#1022=ORIENTED_EDGE('',*,*,#2968,.T.);
#1023=ORIENTED_EDGE('',*,*,#2969,.T.);
#1024=ORIENTED_EDGE('',*,*,#2970,.T.);
#1025=ORIENTED_EDGE('',*,*,#2971,.T.);
#1026=ORIENTED_EDGE('',*,*,#2972,.T.);
#1027=ORIENTED_EDGE('',*,*,#2973,.T.);
#1028=ORIENTED_EDGE('',*,*,#2974,.T.);
#1029=ORIENTED_EDGE('',*,*,#2975,.T.);
#1030=ORIENTED_EDGE('',*,*,#2976,.T.);
#1031=ORIENTED_EDGE('',*,*,#2977,.T.);
#1032=ORIENTED_EDGE('',*,*,#2978,.T.);
#1033=ORIENTED_EDGE('',*,*,#2979,.T.);
#1034=ORIENTED_EDGE('',*,*,#2980,.T.);
#1035=ORIENTED_EDGE('',*,*,#2981,.T.);
#1036=ORIENTED_EDGE('',*,*,#2982,.T.);
#1037=ORIENTED_EDGE('',*,*,#2983,.T.);
#1038=ORIENTED_EDGE('',*,*,#2984,.T.);
#1039=ORIENTED_EDGE('',*,*,#2985,.T.);
#1040=ORIENTED_EDGE('',*,*,#2986,.T.);
#1041=ORIENTED_EDGE('',*,*,#2987,.T.);
#1042=ORIENTED_EDGE('',*,*,#2988,.T.);
#1043=ORIENTED_EDGE('',*,*,#2989,.T.);
#1044=ORIENTED_EDGE('',*,*,#2990,.T.);
#1045=ORIENTED_EDGE('',*,*,#2991,.T.);
#1046=ORIENTED_EDGE('',*,*,#2992,.T.);
#1047=ORIENTED_EDGE('',*,*,#2993,.T.);
#1048=ORIENTED_EDGE('',*,*,#2994,.T.);
#1049=ORIENTED_EDGE('',*,*,#2995,.T.);
#1050=ORIENTED_EDGE('',*,*,#2996,.T.);
#1051=ORIENTED_EDGE('',*,*,#2997,.T.);
#1052=ORIENTED_EDGE('',*,*,#2998,.T.);
#1053=ORIENTED_EDGE('',*,*,#2999,.T.);
#1054=ORIENTED_EDGE('',*,*,#3000,.T.);
#1055=ORIENTED_EDGE('',*,*,#3001,.T.);
#1056=ORIENTED_EDGE('',*,*,#3002,.T.);
#1057=ORIENTED_EDGE('',*,*,#3003,.T.);
#1058=ORIENTED_EDGE('',*,*,#3004,.T.);
#1059=ORIENTED_EDGE('',*,*,#3005,.T.);
#1060=ORIENTED_EDGE('',*,*,#3006,.T.);
#1061=ORIENTED_EDGE('',*,*,#3007,.T.);
#1062=ORIENTED_EDGE('',*,*,#3008,.T.);
#1063=ORIENTED_EDGE('',*,*,#3009,.T.);
#1064=ORIENTED_EDGE('',*,*,#3010,.T.);
#1065=ORIENTED_EDGE('',*,*,#3011,.T.);
#1066=ORIENTED_EDGE('',*,*,#3012,.T.);
#1067=ORIENTED_EDGE('',*,*,#3013,.T.);
#1068=ORIENTED_EDGE('',*,*,#3014,.T.);
#1069=ORIENTED_EDGE('',*,*,#3015,.T.);
#1070=ORIENTED_EDGE('',*,*,#3016,.T.);
#1071=ORIENTED_EDGE('',*,*,#3017,.T.);
#1072=ORIENTED_EDGE('',*,*,#3018,.T.);
#1073=ORIENTED_EDGE('',*,*,#3019,.T.);
#1074=ORIENTED_EDGE('',*,*,#3020,.T.);
#1075=ORIENTED_EDGE('',*,*,#3021,.T.);
#1076=ORIENTED_EDGE('',*,*,#3022,.T.);
#1077=ORIENTED_EDGE('',*,*,#3023,.T.);
#1078=ORIENTED_EDGE('',*,*,#3024,.T.);
#1079=ORIENTED_EDGE('',*,*,#3025,.T.);
#1080=ORIENTED_EDGE('',*,*,#3026,.T.);
#1081=ORIENTED_EDGE('',*,*,#3027,.T.);
#1082=ORIENTED_EDGE('',*,*,#3028,.T.);
#1083=ORIENTED_EDGE('',*,*,#3029,.T.);
#1084=ORIENTED_EDGE('',*,*,#3030,.T.);
#1085=ORIENTED_EDGE('',*,*,#3031,.T.);
#1086=ORIENTED_EDGE('',*,*,#3032,.T.);
#1087=ORIENTED_EDGE('',*,*,#3033,.T.);
#1088=ORIENTED_EDGE('',*,*,#3034,.T.);
#1089=ORIENTED_EDGE('',*,*,#3035,.T.);
#1090=ORIENTED_EDGE('',*,*,#3036,.T.);
#1091=ORIENTED_EDGE('',*,*,#3037,.T.);
#1092=ORIENTED_EDGE('',*,*,#3038,.T.);
#1093=ORIENTED_EDGE('',*,*,#3039,.T.);
#1094=ORIENTED_EDGE('',*,*,#3040,.T.);
#1095=ORIENTED_EDGE('',*,*,#3041,.T.);
#1096=ORIENTED_EDGE('',*,*,#3042,.T.);
#1097=ORIENTED_EDGE('',*,*,#3043,.T.);
#1098=ORIENTED_EDGE('',*,*,#3044,.T.);
#1099=ORIENTED_EDGE('',*,*,#3045,.T.);
#1100=ORIENTED_EDGE('',*,*,#3046,.T.);
#1101=ORIENTED_EDGE('',*,*,#3047,.T.);
#1102=ORIENTED_EDGE('',*,*,#3048,.T.);
#1103=ORIENTED_EDGE('',*,*,#3049,.T.);
#1104=ORIENTED_EDGE('',*,*,#3050,.T.);
#1105=ORIENTED_EDGE('',*,*,#3051,.T.);
#1106=ORIENTED_EDGE('',*,*,#3052,.T.);
#1107=ORIENTED_EDGE('',*,*,#3053,.T.);
#1108=ORIENTED_EDGE('',*,*,#3054,.T.);
#1109=ORIENTED_EDGE('',*,*,#3055,.T.);
#1110=ORIENTED_EDGE('',*,*,#3056,.T.);
#1111=ORIENTED_EDGE('',*,*,#3057,.T.);
#1112=ORIENTED_EDGE('',*,*,#3058,.T.);
#1113=ORIENTED_EDGE('',*,*,#3059,.T.);
#1114=ORIENTED_EDGE('',*,*,#3060,.T.);
#1115=ORIENTED_EDGE('',*,*,#3061,.F.);
#1116=ORIENTED_EDGE('',*,*,#3062,.F.);
#1117=ORIENTED_EDGE('',*,*,#3063,.T.);
#1118=ORIENTED_EDGE('',*,*,#3064,.T.);
#1119=ORIENTED_EDGE('',*,*,#3065,.T.);
#1120=ORIENTED_EDGE('',*,*,#3066,.T.);
#1121=ORIENTED_EDGE('',*,*,#3067,.F.);
#1122=ORIENTED_EDGE('',*,*,#3068,.T.);
#1123=ORIENTED_EDGE('',*,*,#3069,.F.);
#1124=ORIENTED_EDGE('',*,*,#3070,.T.);
#1125=ORIENTED_EDGE('',*,*,#3071,.T.);
#1126=ORIENTED_EDGE('',*,*,#3072,.T.);
#1127=ORIENTED_EDGE('',*,*,#3073,.T.);
#1128=ORIENTED_EDGE('',*,*,#3074,.F.);
#1129=ORIENTED_EDGE('',*,*,#3075,.T.);
#1130=ORIENTED_EDGE('',*,*,#3076,.F.);
#1131=ORIENTED_EDGE('',*,*,#3061,.T.);
#1132=ORIENTED_EDGE('',*,*,#3077,.T.);
#1133=ORIENTED_EDGE('',*,*,#3078,.F.);
#1134=ORIENTED_EDGE('',*,*,#3079,.F.);
#1135=ORIENTED_EDGE('',*,*,#3080,.F.);
#1136=ORIENTED_EDGE('',*,*,#3081,.T.);
#1137=ORIENTED_EDGE('',*,*,#3059,.F.);
#1138=ORIENTED_EDGE('',*,*,#3082,.F.);
#1139=ORIENTED_EDGE('',*,*,#3083,.F.);
#1140=ORIENTED_EDGE('',*,*,#3084,.T.);
#1141=ORIENTED_EDGE('',*,*,#3085,.T.);
#1142=ORIENTED_EDGE('',*,*,#3086,.T.);
#1143=ORIENTED_EDGE('',*,*,#3084,.F.);
#1144=ORIENTED_EDGE('',*,*,#3087,.F.);
#1145=ORIENTED_EDGE('',*,*,#3077,.F.);
#1146=ORIENTED_EDGE('',*,*,#3060,.F.);
#1147=ORIENTED_EDGE('',*,*,#3082,.T.);
#1148=ORIENTED_EDGE('',*,*,#3062,.T.);
#1149=ORIENTED_EDGE('',*,*,#3079,.T.);
#1150=ORIENTED_EDGE('',*,*,#3088,.T.);
#1151=ORIENTED_EDGE('',*,*,#3089,.F.);
#1152=ORIENTED_EDGE('',*,*,#3090,.T.);
#1153=ORIENTED_EDGE('',*,*,#3091,.T.);
#1154=ORIENTED_EDGE('',*,*,#3092,.T.);
#1155=ORIENTED_EDGE('',*,*,#3093,.T.);
#1156=ORIENTED_EDGE('',*,*,#3094,.T.);
#1157=ORIENTED_EDGE('',*,*,#3095,.T.);
#1158=ORIENTED_EDGE('',*,*,#3096,.T.);
#1159=ORIENTED_EDGE('',*,*,#3095,.F.);
#1160=ORIENTED_EDGE('',*,*,#3097,.T.);
#1161=ORIENTED_EDGE('',*,*,#3089,.T.);
#1162=ORIENTED_EDGE('',*,*,#3098,.T.);
#1163=ORIENTED_EDGE('',*,*,#3078,.T.);
#1164=ORIENTED_EDGE('',*,*,#3087,.T.);
#1165=ORIENTED_EDGE('',*,*,#3083,.T.);
#1166=ORIENTED_EDGE('',*,*,#3088,.F.);
#1167=ORIENTED_EDGE('',*,*,#3086,.F.);
#1168=ORIENTED_EDGE('',*,*,#3072,.F.);
#1169=ORIENTED_EDGE('',*,*,#3099,.F.);
#1170=ORIENTED_EDGE('',*,*,#3098,.F.);
#1171=ORIENTED_EDGE('',*,*,#3100,.F.);
#1172=ORIENTED_EDGE('',*,*,#3099,.T.);
#1173=ORIENTED_EDGE('',*,*,#3071,.F.);
#1174=ORIENTED_EDGE('',*,*,#3101,.F.);
#1175=ORIENTED_EDGE('',*,*,#3096,.F.);
#1176=ORIENTED_EDGE('',*,*,#3100,.T.);
#1177=ORIENTED_EDGE('',*,*,#3092,.F.);
#1178=ORIENTED_EDGE('',*,*,#3102,.F.);
#1179=ORIENTED_EDGE('',*,*,#3073,.F.);
#1180=ORIENTED_EDGE('',*,*,#3103,.F.);
#1181=ORIENTED_EDGE('',*,*,#3075,.F.);
#1182=ORIENTED_EDGE('',*,*,#3104,.F.);
#1183=ORIENTED_EDGE('',*,*,#2904,.F.);
#1184=ORIENTED_EDGE('',*,*,#3076,.T.);
#1185=ORIENTED_EDGE('',*,*,#3103,.T.);
#1186=ORIENTED_EDGE('',*,*,#3105,.F.);
#1187=ORIENTED_EDGE('',*,*,#3101,.T.);
#1188=ORIENTED_EDGE('',*,*,#3074,.T.);
#1189=ORIENTED_EDGE('',*,*,#3102,.T.);
#1190=ORIENTED_EDGE('',*,*,#3106,.F.);
#1191=ORIENTED_EDGE('',*,*,#3104,.T.);
#1192=ORIENTED_EDGE('',*,*,#3105,.T.);
#1193=ORIENTED_EDGE('',*,*,#2903,.F.);
#1194=ORIENTED_EDGE('',*,*,#3107,.F.);
#1195=ORIENTED_EDGE('',*,*,#3093,.F.);
#1196=ORIENTED_EDGE('',*,*,#3106,.T.);
#1197=ORIENTED_EDGE('',*,*,#3091,.F.);
#1198=ORIENTED_EDGE('',*,*,#3108,.F.);
#1199=ORIENTED_EDGE('',*,*,#2905,.F.);
#1200=ORIENTED_EDGE('',*,*,#3109,.F.);
#1201=ORIENTED_EDGE('',*,*,#3068,.F.);
#1202=ORIENTED_EDGE('',*,*,#3110,.F.);
#1203=ORIENTED_EDGE('',*,*,#2906,.F.);
#1204=ORIENTED_EDGE('',*,*,#3110,.T.);
#1205=ORIENTED_EDGE('',*,*,#3067,.T.);
#1206=ORIENTED_EDGE('',*,*,#3111,.F.);
#1207=ORIENTED_EDGE('',*,*,#3107,.T.);
#1208=ORIENTED_EDGE('',*,*,#3109,.T.);
#1209=ORIENTED_EDGE('',*,*,#3108,.T.);
#1210=ORIENTED_EDGE('',*,*,#3112,.F.);
#1211=ORIENTED_EDGE('',*,*,#3069,.T.);
#1212=ORIENTED_EDGE('',*,*,#3111,.T.);
#1213=ORIENTED_EDGE('',*,*,#3066,.F.);
#1214=ORIENTED_EDGE('',*,*,#3113,.F.);
#1215=ORIENTED_EDGE('',*,*,#3094,.F.);
#1216=ORIENTED_EDGE('',*,*,#3112,.T.);
#1217=ORIENTED_EDGE('',*,*,#3090,.F.);
#1218=ORIENTED_EDGE('',*,*,#3114,.F.);
#1219=ORIENTED_EDGE('',*,*,#3064,.F.);
#1220=ORIENTED_EDGE('',*,*,#3113,.T.);
#1221=ORIENTED_EDGE('',*,*,#3065,.F.);
#1222=ORIENTED_EDGE('',*,*,#3114,.T.);
#1223=ORIENTED_EDGE('',*,*,#3097,.F.);
#1224=ORIENTED_EDGE('',*,*,#3081,.F.);
#1225=ORIENTED_EDGE('',*,*,#3070,.F.);
#1226=ORIENTED_EDGE('',*,*,#3085,.F.);
#1227=ORIENTED_EDGE('',*,*,#3080,.T.);
#1228=ORIENTED_EDGE('',*,*,#3063,.F.);
#1229=ORIENTED_EDGE('',*,*,#3115,.F.);
#1230=ORIENTED_EDGE('',*,*,#3116,.F.);
#1231=ORIENTED_EDGE('',*,*,#3117,.F.);
#1232=ORIENTED_EDGE('',*,*,#3118,.F.);
#1233=ORIENTED_EDGE('',*,*,#3119,.F.);
#1234=ORIENTED_EDGE('',*,*,#2908,.F.);
#1235=ORIENTED_EDGE('',*,*,#3120,.F.);
#1236=ORIENTED_EDGE('',*,*,#3119,.T.);
#1237=ORIENTED_EDGE('',*,*,#3121,.T.);
#1238=ORIENTED_EDGE('',*,*,#2907,.F.);
#1239=ORIENTED_EDGE('',*,*,#3122,.F.);
#1240=ORIENTED_EDGE('',*,*,#3115,.T.);
#1241=ORIENTED_EDGE('',*,*,#3120,.T.);
#1242=ORIENTED_EDGE('',*,*,#2911,.F.);
#1243=ORIENTED_EDGE('',*,*,#3123,.F.);
#1244=ORIENTED_EDGE('',*,*,#3116,.T.);
#1245=ORIENTED_EDGE('',*,*,#3122,.T.);
#1246=ORIENTED_EDGE('',*,*,#2910,.F.);
#1247=ORIENTED_EDGE('',*,*,#3124,.F.);
#1248=ORIENTED_EDGE('',*,*,#3117,.T.);
#1249=ORIENTED_EDGE('',*,*,#3123,.T.);
#1250=ORIENTED_EDGE('',*,*,#2909,.F.);
#1251=ORIENTED_EDGE('',*,*,#3121,.F.);
#1252=ORIENTED_EDGE('',*,*,#3118,.T.);
#1253=ORIENTED_EDGE('',*,*,#3124,.T.);
#1254=ORIENTED_EDGE('',*,*,#3125,.F.);
#1255=ORIENTED_EDGE('',*,*,#3126,.F.);
#1256=ORIENTED_EDGE('',*,*,#3127,.F.);
#1257=ORIENTED_EDGE('',*,*,#3128,.F.);
#1258=ORIENTED_EDGE('',*,*,#3129,.F.);
#1259=ORIENTED_EDGE('',*,*,#3130,.F.);
#1260=ORIENTED_EDGE('',*,*,#3131,.F.);
#1261=ORIENTED_EDGE('',*,*,#3132,.F.);
#1262=ORIENTED_EDGE('',*,*,#3133,.F.);
#1263=ORIENTED_EDGE('',*,*,#3134,.F.);
#1264=ORIENTED_EDGE('',*,*,#3135,.F.);
#1265=ORIENTED_EDGE('',*,*,#3136,.F.);
#1266=ORIENTED_EDGE('',*,*,#3137,.F.);
#1267=ORIENTED_EDGE('',*,*,#3138,.F.);
#1268=ORIENTED_EDGE('',*,*,#3139,.F.);
#1269=ORIENTED_EDGE('',*,*,#3140,.F.);
#1270=ORIENTED_EDGE('',*,*,#3141,.F.);
#1271=ORIENTED_EDGE('',*,*,#3142,.F.);
#1272=ORIENTED_EDGE('',*,*,#3130,.T.);
#1273=ORIENTED_EDGE('',*,*,#3143,.T.);
#1274=ORIENTED_EDGE('',*,*,#3144,.F.);
#1275=ORIENTED_EDGE('',*,*,#3143,.F.);
#1276=ORIENTED_EDGE('',*,*,#3129,.T.);
#1277=ORIENTED_EDGE('',*,*,#3145,.T.);
#1278=ORIENTED_EDGE('',*,*,#3146,.F.);
#1279=ORIENTED_EDGE('',*,*,#3145,.F.);
#1280=ORIENTED_EDGE('',*,*,#3128,.T.);
#1281=ORIENTED_EDGE('',*,*,#3147,.T.);
#1282=ORIENTED_EDGE('',*,*,#3148,.F.);
#1283=ORIENTED_EDGE('',*,*,#3147,.F.);
#1284=ORIENTED_EDGE('',*,*,#3127,.T.);
#1285=ORIENTED_EDGE('',*,*,#3149,.T.);
#1286=ORIENTED_EDGE('',*,*,#3150,.F.);
#1287=ORIENTED_EDGE('',*,*,#3149,.F.);
#1288=ORIENTED_EDGE('',*,*,#3126,.T.);
#1289=ORIENTED_EDGE('',*,*,#3151,.T.);
#1290=ORIENTED_EDGE('',*,*,#3152,.F.);
#1291=ORIENTED_EDGE('',*,*,#3151,.F.);
#1292=ORIENTED_EDGE('',*,*,#3125,.T.);
#1293=ORIENTED_EDGE('',*,*,#3153,.T.);
#1294=ORIENTED_EDGE('',*,*,#3154,.F.);
#1295=ORIENTED_EDGE('',*,*,#3153,.F.);
#1296=ORIENTED_EDGE('',*,*,#3131,.T.);
#1297=ORIENTED_EDGE('',*,*,#3142,.T.);
#1298=ORIENTED_EDGE('',*,*,#2913,.F.);
#1299=ORIENTED_EDGE('',*,*,#3155,.F.);
#1300=ORIENTED_EDGE('',*,*,#3140,.T.);
#1301=ORIENTED_EDGE('',*,*,#3156,.T.);
#1302=ORIENTED_EDGE('',*,*,#2912,.F.);
#1303=ORIENTED_EDGE('',*,*,#3157,.F.);
#1304=ORIENTED_EDGE('',*,*,#3132,.T.);
#1305=ORIENTED_EDGE('',*,*,#3155,.T.);
#1306=ORIENTED_EDGE('',*,*,#2920,.F.);
#1307=ORIENTED_EDGE('',*,*,#3158,.F.);
#1308=ORIENTED_EDGE('',*,*,#3133,.T.);
#1309=ORIENTED_EDGE('',*,*,#3157,.T.);
#1310=ORIENTED_EDGE('',*,*,#2919,.F.);
#1311=ORIENTED_EDGE('',*,*,#3159,.F.);
#1312=ORIENTED_EDGE('',*,*,#3134,.T.);
#1313=ORIENTED_EDGE('',*,*,#3158,.T.);
#1314=ORIENTED_EDGE('',*,*,#2918,.F.);
#1315=ORIENTED_EDGE('',*,*,#3160,.F.);
#1316=ORIENTED_EDGE('',*,*,#3135,.T.);
#1317=ORIENTED_EDGE('',*,*,#3159,.T.);
#1318=ORIENTED_EDGE('',*,*,#2917,.F.);
#1319=ORIENTED_EDGE('',*,*,#3161,.F.);
#1320=ORIENTED_EDGE('',*,*,#3136,.T.);
#1321=ORIENTED_EDGE('',*,*,#3160,.T.);
#1322=ORIENTED_EDGE('',*,*,#2916,.F.);
#1323=ORIENTED_EDGE('',*,*,#3162,.F.);
#1324=ORIENTED_EDGE('',*,*,#3137,.T.);
#1325=ORIENTED_EDGE('',*,*,#3161,.T.);
#1326=ORIENTED_EDGE('',*,*,#2915,.F.);
#1327=ORIENTED_EDGE('',*,*,#3163,.F.);
#1328=ORIENTED_EDGE('',*,*,#3138,.T.);
#1329=ORIENTED_EDGE('',*,*,#3162,.T.);
#1330=ORIENTED_EDGE('',*,*,#2914,.F.);
#1331=ORIENTED_EDGE('',*,*,#3156,.F.);
#1332=ORIENTED_EDGE('',*,*,#3139,.T.);
#1333=ORIENTED_EDGE('',*,*,#3163,.T.);
#1334=ORIENTED_EDGE('',*,*,#3154,.T.);
#1335=ORIENTED_EDGE('',*,*,#3141,.T.);
#1336=ORIENTED_EDGE('',*,*,#3144,.T.);
#1337=ORIENTED_EDGE('',*,*,#3146,.T.);
#1338=ORIENTED_EDGE('',*,*,#3148,.T.);
#1339=ORIENTED_EDGE('',*,*,#3150,.T.);
#1340=ORIENTED_EDGE('',*,*,#3152,.T.);
#1341=ORIENTED_EDGE('',*,*,#3164,.F.);
#1342=ORIENTED_EDGE('',*,*,#3165,.F.);
#1343=ORIENTED_EDGE('',*,*,#3166,.F.);
#1344=ORIENTED_EDGE('',*,*,#3167,.F.);
#1345=ORIENTED_EDGE('',*,*,#3168,.F.);
#1346=ORIENTED_EDGE('',*,*,#3169,.F.);
#1347=ORIENTED_EDGE('',*,*,#3170,.F.);
#1348=ORIENTED_EDGE('',*,*,#3171,.F.);
#1349=ORIENTED_EDGE('',*,*,#2922,.F.);
#1350=ORIENTED_EDGE('',*,*,#3172,.F.);
#1351=ORIENTED_EDGE('',*,*,#3171,.T.);
#1352=ORIENTED_EDGE('',*,*,#3173,.T.);
#1353=ORIENTED_EDGE('',*,*,#2921,.F.);
#1354=ORIENTED_EDGE('',*,*,#3174,.F.);
#1355=ORIENTED_EDGE('',*,*,#3164,.T.);
#1356=ORIENTED_EDGE('',*,*,#3172,.T.);
#1357=ORIENTED_EDGE('',*,*,#2928,.F.);
#1358=ORIENTED_EDGE('',*,*,#3175,.F.);
#1359=ORIENTED_EDGE('',*,*,#3165,.T.);
#1360=ORIENTED_EDGE('',*,*,#3174,.T.);
#1361=ORIENTED_EDGE('',*,*,#2927,.F.);
#1362=ORIENTED_EDGE('',*,*,#3176,.F.);
#1363=ORIENTED_EDGE('',*,*,#3166,.T.);
#1364=ORIENTED_EDGE('',*,*,#3175,.T.);
#1365=ORIENTED_EDGE('',*,*,#2926,.F.);
#1366=ORIENTED_EDGE('',*,*,#3177,.F.);
#1367=ORIENTED_EDGE('',*,*,#3167,.T.);
#1368=ORIENTED_EDGE('',*,*,#3176,.T.);
#1369=ORIENTED_EDGE('',*,*,#2925,.F.);
#1370=ORIENTED_EDGE('',*,*,#3178,.F.);
#1371=ORIENTED_EDGE('',*,*,#3168,.T.);
#1372=ORIENTED_EDGE('',*,*,#3177,.T.);
#1373=ORIENTED_EDGE('',*,*,#2924,.F.);
#1374=ORIENTED_EDGE('',*,*,#3179,.F.);
#1375=ORIENTED_EDGE('',*,*,#3169,.T.);
#1376=ORIENTED_EDGE('',*,*,#3178,.T.);
#1377=ORIENTED_EDGE('',*,*,#2923,.F.);
#1378=ORIENTED_EDGE('',*,*,#3173,.F.);
#1379=ORIENTED_EDGE('',*,*,#3170,.T.);
#1380=ORIENTED_EDGE('',*,*,#3179,.T.);
#1381=ORIENTED_EDGE('',*,*,#3180,.F.);
#1382=ORIENTED_EDGE('',*,*,#3181,.F.);
#1383=ORIENTED_EDGE('',*,*,#3182,.F.);
#1384=ORIENTED_EDGE('',*,*,#3183,.F.);
#1385=ORIENTED_EDGE('',*,*,#2930,.F.);
#1386=ORIENTED_EDGE('',*,*,#3184,.F.);
#1387=ORIENTED_EDGE('',*,*,#3183,.T.);
#1388=ORIENTED_EDGE('',*,*,#3185,.T.);
#1389=ORIENTED_EDGE('',*,*,#2929,.F.);
#1390=ORIENTED_EDGE('',*,*,#3186,.F.);
#1391=ORIENTED_EDGE('',*,*,#3180,.T.);
#1392=ORIENTED_EDGE('',*,*,#3184,.T.);
#1393=ORIENTED_EDGE('',*,*,#2932,.F.);
#1394=ORIENTED_EDGE('',*,*,#3187,.F.);
#1395=ORIENTED_EDGE('',*,*,#3181,.T.);
#1396=ORIENTED_EDGE('',*,*,#3186,.T.);
#1397=ORIENTED_EDGE('',*,*,#2931,.F.);
#1398=ORIENTED_EDGE('',*,*,#3185,.F.);
#1399=ORIENTED_EDGE('',*,*,#3182,.T.);
#1400=ORIENTED_EDGE('',*,*,#3187,.T.);
#1401=ORIENTED_EDGE('',*,*,#3188,.F.);
#1402=ORIENTED_EDGE('',*,*,#3189,.F.);
#1403=ORIENTED_EDGE('',*,*,#3190,.F.);
#1404=ORIENTED_EDGE('',*,*,#3191,.F.);
#1405=ORIENTED_EDGE('',*,*,#3192,.F.);
#1406=ORIENTED_EDGE('',*,*,#3193,.F.);
#1407=ORIENTED_EDGE('',*,*,#3194,.F.);
#1408=ORIENTED_EDGE('',*,*,#3195,.F.);
#1409=ORIENTED_EDGE('',*,*,#3196,.F.);
#1410=ORIENTED_EDGE('',*,*,#3197,.F.);
#1411=ORIENTED_EDGE('',*,*,#3198,.F.);
#1412=ORIENTED_EDGE('',*,*,#3199,.F.);
#1413=ORIENTED_EDGE('',*,*,#3200,.F.);
#1414=ORIENTED_EDGE('',*,*,#3201,.F.);
#1415=ORIENTED_EDGE('',*,*,#3202,.F.);
#1416=ORIENTED_EDGE('',*,*,#3203,.F.);
#1417=ORIENTED_EDGE('',*,*,#3204,.F.);
#1418=ORIENTED_EDGE('',*,*,#3205,.F.);
#1419=ORIENTED_EDGE('',*,*,#2934,.F.);
#1420=ORIENTED_EDGE('',*,*,#3206,.F.);
#1421=ORIENTED_EDGE('',*,*,#3205,.T.);
#1422=ORIENTED_EDGE('',*,*,#3207,.T.);
#1423=ORIENTED_EDGE('',*,*,#2933,.F.);
#1424=ORIENTED_EDGE('',*,*,#3208,.F.);
#1425=ORIENTED_EDGE('',*,*,#3188,.T.);
#1426=ORIENTED_EDGE('',*,*,#3206,.T.);
#1427=ORIENTED_EDGE('',*,*,#2950,.F.);
#1428=ORIENTED_EDGE('',*,*,#3209,.F.);
#1429=ORIENTED_EDGE('',*,*,#3189,.T.);
#1430=ORIENTED_EDGE('',*,*,#3208,.T.);
#1431=ORIENTED_EDGE('',*,*,#2949,.F.);
#1432=ORIENTED_EDGE('',*,*,#3210,.F.);
#1433=ORIENTED_EDGE('',*,*,#3190,.T.);
#1434=ORIENTED_EDGE('',*,*,#3209,.T.);
#1435=ORIENTED_EDGE('',*,*,#2948,.F.);
#1436=ORIENTED_EDGE('',*,*,#3211,.F.);
#1437=ORIENTED_EDGE('',*,*,#3191,.T.);
#1438=ORIENTED_EDGE('',*,*,#3210,.T.);
#1439=ORIENTED_EDGE('',*,*,#2947,.F.);
#1440=ORIENTED_EDGE('',*,*,#3212,.F.);
#1441=ORIENTED_EDGE('',*,*,#3192,.T.);
#1442=ORIENTED_EDGE('',*,*,#3211,.T.);
#1443=ORIENTED_EDGE('',*,*,#2946,.F.);
#1444=ORIENTED_EDGE('',*,*,#3213,.F.);
#1445=ORIENTED_EDGE('',*,*,#3193,.T.);
#1446=ORIENTED_EDGE('',*,*,#3212,.T.);
#1447=ORIENTED_EDGE('',*,*,#2945,.F.);
#1448=ORIENTED_EDGE('',*,*,#3214,.F.);
#1449=ORIENTED_EDGE('',*,*,#3194,.T.);
#1450=ORIENTED_EDGE('',*,*,#3213,.T.);
#1451=ORIENTED_EDGE('',*,*,#2944,.F.);
#1452=ORIENTED_EDGE('',*,*,#3215,.F.);
#1453=ORIENTED_EDGE('',*,*,#3195,.T.);
#1454=ORIENTED_EDGE('',*,*,#3214,.T.);
#1455=ORIENTED_EDGE('',*,*,#2943,.F.);
#1456=ORIENTED_EDGE('',*,*,#3216,.F.);
#1457=ORIENTED_EDGE('',*,*,#3196,.T.);
#1458=ORIENTED_EDGE('',*,*,#3215,.T.);
#1459=ORIENTED_EDGE('',*,*,#2942,.F.);
#1460=ORIENTED_EDGE('',*,*,#3217,.F.);
#1461=ORIENTED_EDGE('',*,*,#3197,.T.);
#1462=ORIENTED_EDGE('',*,*,#3216,.T.);
#1463=ORIENTED_EDGE('',*,*,#2941,.F.);
#1464=ORIENTED_EDGE('',*,*,#3218,.F.);
#1465=ORIENTED_EDGE('',*,*,#3198,.T.);
#1466=ORIENTED_EDGE('',*,*,#3217,.T.);
#1467=ORIENTED_EDGE('',*,*,#2940,.F.);
#1468=ORIENTED_EDGE('',*,*,#3219,.F.);
#1469=ORIENTED_EDGE('',*,*,#3199,.T.);
#1470=ORIENTED_EDGE('',*,*,#3218,.T.);
#1471=ORIENTED_EDGE('',*,*,#2939,.F.);
#1472=ORIENTED_EDGE('',*,*,#3220,.F.);
#1473=ORIENTED_EDGE('',*,*,#3200,.T.);
#1474=ORIENTED_EDGE('',*,*,#3219,.T.);
#1475=ORIENTED_EDGE('',*,*,#2938,.F.);
#1476=ORIENTED_EDGE('',*,*,#3221,.F.);
#1477=ORIENTED_EDGE('',*,*,#3201,.T.);
#1478=ORIENTED_EDGE('',*,*,#3220,.T.);
#1479=ORIENTED_EDGE('',*,*,#2937,.F.);
#1480=ORIENTED_EDGE('',*,*,#3222,.F.);
#1481=ORIENTED_EDGE('',*,*,#3202,.T.);
#1482=ORIENTED_EDGE('',*,*,#3221,.T.);
#1483=ORIENTED_EDGE('',*,*,#2936,.F.);
#1484=ORIENTED_EDGE('',*,*,#3223,.F.);
#1485=ORIENTED_EDGE('',*,*,#3203,.T.);
#1486=ORIENTED_EDGE('',*,*,#3222,.T.);
#1487=ORIENTED_EDGE('',*,*,#2935,.F.);
#1488=ORIENTED_EDGE('',*,*,#3207,.F.);
#1489=ORIENTED_EDGE('',*,*,#3204,.T.);
#1490=ORIENTED_EDGE('',*,*,#3223,.T.);
#1491=ORIENTED_EDGE('',*,*,#3224,.F.);
#1492=ORIENTED_EDGE('',*,*,#3225,.F.);
#1493=ORIENTED_EDGE('',*,*,#3226,.F.);
#1494=ORIENTED_EDGE('',*,*,#3227,.F.);
#1495=ORIENTED_EDGE('',*,*,#3228,.F.);
#1496=ORIENTED_EDGE('',*,*,#3229,.F.);
#1497=ORIENTED_EDGE('',*,*,#3230,.F.);
#1498=ORIENTED_EDGE('',*,*,#3231,.F.);
#1499=ORIENTED_EDGE('',*,*,#3232,.F.);
#1500=ORIENTED_EDGE('',*,*,#3233,.F.);
#1501=ORIENTED_EDGE('',*,*,#3234,.F.);
#1502=ORIENTED_EDGE('',*,*,#3235,.F.);
#1503=ORIENTED_EDGE('',*,*,#3236,.F.);
#1504=ORIENTED_EDGE('',*,*,#3237,.F.);
#1505=ORIENTED_EDGE('',*,*,#3238,.F.);
#1506=ORIENTED_EDGE('',*,*,#3239,.F.);
#1507=ORIENTED_EDGE('',*,*,#3240,.F.);
#1508=ORIENTED_EDGE('',*,*,#3241,.F.);
#1509=ORIENTED_EDGE('',*,*,#3242,.F.);
#1510=ORIENTED_EDGE('',*,*,#3243,.F.);
#1511=ORIENTED_EDGE('',*,*,#3244,.F.);
#1512=ORIENTED_EDGE('',*,*,#3245,.F.);
#1513=ORIENTED_EDGE('',*,*,#3246,.F.);
#1514=ORIENTED_EDGE('',*,*,#3247,.F.);
#1515=ORIENTED_EDGE('',*,*,#3248,.F.);
#1516=ORIENTED_EDGE('',*,*,#3249,.F.);
#1517=ORIENTED_EDGE('',*,*,#3250,.F.);
#1518=ORIENTED_EDGE('',*,*,#3251,.F.);
#1519=ORIENTED_EDGE('',*,*,#2952,.F.);
#1520=ORIENTED_EDGE('',*,*,#3252,.F.);
#1521=ORIENTED_EDGE('',*,*,#3251,.T.);
#1522=ORIENTED_EDGE('',*,*,#3253,.T.);
#1523=ORIENTED_EDGE('',*,*,#2951,.F.);
#1524=ORIENTED_EDGE('',*,*,#3254,.F.);
#1525=ORIENTED_EDGE('',*,*,#3224,.T.);
#1526=ORIENTED_EDGE('',*,*,#3252,.T.);
#1527=ORIENTED_EDGE('',*,*,#2978,.F.);
#1528=ORIENTED_EDGE('',*,*,#3255,.F.);
#1529=ORIENTED_EDGE('',*,*,#3225,.T.);
#1530=ORIENTED_EDGE('',*,*,#3254,.T.);
#1531=ORIENTED_EDGE('',*,*,#2977,.F.);
#1532=ORIENTED_EDGE('',*,*,#3256,.F.);
#1533=ORIENTED_EDGE('',*,*,#3226,.T.);
#1534=ORIENTED_EDGE('',*,*,#3255,.T.);
#1535=ORIENTED_EDGE('',*,*,#2976,.F.);
#1536=ORIENTED_EDGE('',*,*,#3257,.F.);
#1537=ORIENTED_EDGE('',*,*,#3227,.T.);
#1538=ORIENTED_EDGE('',*,*,#3256,.T.);
#1539=ORIENTED_EDGE('',*,*,#2975,.F.);
#1540=ORIENTED_EDGE('',*,*,#3258,.F.);
#1541=ORIENTED_EDGE('',*,*,#3228,.T.);
#1542=ORIENTED_EDGE('',*,*,#3257,.T.);
#1543=ORIENTED_EDGE('',*,*,#2974,.F.);
#1544=ORIENTED_EDGE('',*,*,#3259,.F.);
#1545=ORIENTED_EDGE('',*,*,#3229,.T.);
#1546=ORIENTED_EDGE('',*,*,#3258,.T.);
#1547=ORIENTED_EDGE('',*,*,#2973,.F.);
#1548=ORIENTED_EDGE('',*,*,#3260,.F.);
#1549=ORIENTED_EDGE('',*,*,#3230,.T.);
#1550=ORIENTED_EDGE('',*,*,#3259,.T.);
#1551=ORIENTED_EDGE('',*,*,#2972,.F.);
#1552=ORIENTED_EDGE('',*,*,#3261,.F.);
#1553=ORIENTED_EDGE('',*,*,#3231,.T.);
#1554=ORIENTED_EDGE('',*,*,#3260,.T.);
#1555=ORIENTED_EDGE('',*,*,#2971,.F.);
#1556=ORIENTED_EDGE('',*,*,#3262,.F.);
#1557=ORIENTED_EDGE('',*,*,#3232,.T.);
#1558=ORIENTED_EDGE('',*,*,#3261,.T.);
#1559=ORIENTED_EDGE('',*,*,#2970,.F.);
#1560=ORIENTED_EDGE('',*,*,#3263,.F.);
#1561=ORIENTED_EDGE('',*,*,#3233,.T.);
#1562=ORIENTED_EDGE('',*,*,#3262,.T.);
#1563=ORIENTED_EDGE('',*,*,#2969,.F.);
#1564=ORIENTED_EDGE('',*,*,#3264,.F.);
#1565=ORIENTED_EDGE('',*,*,#3234,.T.);
#1566=ORIENTED_EDGE('',*,*,#3263,.T.);
#1567=ORIENTED_EDGE('',*,*,#2968,.F.);
#1568=ORIENTED_EDGE('',*,*,#3265,.F.);
#1569=ORIENTED_EDGE('',*,*,#3235,.T.);
#1570=ORIENTED_EDGE('',*,*,#3264,.T.);
#1571=ORIENTED_EDGE('',*,*,#2967,.F.);
#1572=ORIENTED_EDGE('',*,*,#3266,.F.);
#1573=ORIENTED_EDGE('',*,*,#3236,.T.);
#1574=ORIENTED_EDGE('',*,*,#3265,.T.);
#1575=ORIENTED_EDGE('',*,*,#2966,.F.);
#1576=ORIENTED_EDGE('',*,*,#3267,.F.);
#1577=ORIENTED_EDGE('',*,*,#3237,.T.);
#1578=ORIENTED_EDGE('',*,*,#3266,.T.);
#1579=ORIENTED_EDGE('',*,*,#2965,.F.);
#1580=ORIENTED_EDGE('',*,*,#3268,.F.);
#1581=ORIENTED_EDGE('',*,*,#3238,.T.);
#1582=ORIENTED_EDGE('',*,*,#3267,.T.);
#1583=ORIENTED_EDGE('',*,*,#2964,.F.);
#1584=ORIENTED_EDGE('',*,*,#3269,.F.);
#1585=ORIENTED_EDGE('',*,*,#3239,.T.);
#1586=ORIENTED_EDGE('',*,*,#3268,.T.);
#1587=ORIENTED_EDGE('',*,*,#2963,.F.);
#1588=ORIENTED_EDGE('',*,*,#3270,.F.);
#1589=ORIENTED_EDGE('',*,*,#3240,.T.);
#1590=ORIENTED_EDGE('',*,*,#3269,.T.);
#1591=ORIENTED_EDGE('',*,*,#2962,.F.);
#1592=ORIENTED_EDGE('',*,*,#3271,.F.);
#1593=ORIENTED_EDGE('',*,*,#3241,.T.);
#1594=ORIENTED_EDGE('',*,*,#3270,.T.);
#1595=ORIENTED_EDGE('',*,*,#2961,.F.);
#1596=ORIENTED_EDGE('',*,*,#3272,.F.);
#1597=ORIENTED_EDGE('',*,*,#3242,.T.);
#1598=ORIENTED_EDGE('',*,*,#3271,.T.);
#1599=ORIENTED_EDGE('',*,*,#2960,.F.);
#1600=ORIENTED_EDGE('',*,*,#3273,.F.);
#1601=ORIENTED_EDGE('',*,*,#3243,.T.);
#1602=ORIENTED_EDGE('',*,*,#3272,.T.);
#1603=ORIENTED_EDGE('',*,*,#2959,.F.);
#1604=ORIENTED_EDGE('',*,*,#3274,.F.);
#1605=ORIENTED_EDGE('',*,*,#3244,.T.);
#1606=ORIENTED_EDGE('',*,*,#3273,.T.);
#1607=ORIENTED_EDGE('',*,*,#2958,.F.);
#1608=ORIENTED_EDGE('',*,*,#3275,.F.);
#1609=ORIENTED_EDGE('',*,*,#3245,.T.);
#1610=ORIENTED_EDGE('',*,*,#3274,.T.);
#1611=ORIENTED_EDGE('',*,*,#2957,.F.);
#1612=ORIENTED_EDGE('',*,*,#3276,.F.);
#1613=ORIENTED_EDGE('',*,*,#3246,.T.);
#1614=ORIENTED_EDGE('',*,*,#3275,.T.);
#1615=ORIENTED_EDGE('',*,*,#2956,.F.);
#1616=ORIENTED_EDGE('',*,*,#3277,.F.);
#1617=ORIENTED_EDGE('',*,*,#3247,.T.);
#1618=ORIENTED_EDGE('',*,*,#3276,.T.);
#1619=ORIENTED_EDGE('',*,*,#2955,.F.);
#1620=ORIENTED_EDGE('',*,*,#3278,.F.);
#1621=ORIENTED_EDGE('',*,*,#3248,.T.);
#1622=ORIENTED_EDGE('',*,*,#3277,.T.);
#1623=ORIENTED_EDGE('',*,*,#2954,.F.);
#1624=ORIENTED_EDGE('',*,*,#3279,.F.);
#1625=ORIENTED_EDGE('',*,*,#3249,.T.);
#1626=ORIENTED_EDGE('',*,*,#3278,.T.);
#1627=ORIENTED_EDGE('',*,*,#2953,.F.);
#1628=ORIENTED_EDGE('',*,*,#3253,.F.);
#1629=ORIENTED_EDGE('',*,*,#3250,.T.);
#1630=ORIENTED_EDGE('',*,*,#3279,.T.);
#1631=ORIENTED_EDGE('',*,*,#3280,.F.);
#1632=ORIENTED_EDGE('',*,*,#3281,.F.);
#1633=ORIENTED_EDGE('',*,*,#3282,.F.);
#1634=ORIENTED_EDGE('',*,*,#3283,.F.);
#1635=ORIENTED_EDGE('',*,*,#3284,.F.);
#1636=ORIENTED_EDGE('',*,*,#3285,.F.);
#1637=ORIENTED_EDGE('',*,*,#3286,.F.);
#1638=ORIENTED_EDGE('',*,*,#3287,.F.);
#1639=ORIENTED_EDGE('',*,*,#3288,.F.);
#1640=ORIENTED_EDGE('',*,*,#3289,.F.);
#1641=ORIENTED_EDGE('',*,*,#3290,.F.);
#1642=ORIENTED_EDGE('',*,*,#3291,.F.);
#1643=ORIENTED_EDGE('',*,*,#3292,.F.);
#1644=ORIENTED_EDGE('',*,*,#3293,.F.);
#1645=ORIENTED_EDGE('',*,*,#3294,.F.);
#1646=ORIENTED_EDGE('',*,*,#3295,.F.);
#1647=ORIENTED_EDGE('',*,*,#3296,.F.);
#1648=ORIENTED_EDGE('',*,*,#3297,.F.);
#1649=ORIENTED_EDGE('',*,*,#3298,.F.);
#1650=ORIENTED_EDGE('',*,*,#3299,.F.);
#1651=ORIENTED_EDGE('',*,*,#2980,.F.);
#1652=ORIENTED_EDGE('',*,*,#3300,.F.);
#1653=ORIENTED_EDGE('',*,*,#3299,.T.);
#1654=ORIENTED_EDGE('',*,*,#3301,.T.);
#1655=ORIENTED_EDGE('',*,*,#2979,.F.);
#1656=ORIENTED_EDGE('',*,*,#3302,.F.);
#1657=ORIENTED_EDGE('',*,*,#3280,.T.);
#1658=ORIENTED_EDGE('',*,*,#3300,.T.);
#1659=ORIENTED_EDGE('',*,*,#2998,.F.);
#1660=ORIENTED_EDGE('',*,*,#3303,.F.);
#1661=ORIENTED_EDGE('',*,*,#3281,.T.);
#1662=ORIENTED_EDGE('',*,*,#3302,.T.);
#1663=ORIENTED_EDGE('',*,*,#2997,.F.);
#1664=ORIENTED_EDGE('',*,*,#3304,.F.);
#1665=ORIENTED_EDGE('',*,*,#3282,.T.);
#1666=ORIENTED_EDGE('',*,*,#3303,.T.);
#1667=ORIENTED_EDGE('',*,*,#2996,.F.);
#1668=ORIENTED_EDGE('',*,*,#3305,.F.);
#1669=ORIENTED_EDGE('',*,*,#3283,.T.);
#1670=ORIENTED_EDGE('',*,*,#3304,.T.);
#1671=ORIENTED_EDGE('',*,*,#2995,.F.);
#1672=ORIENTED_EDGE('',*,*,#3306,.F.);
#1673=ORIENTED_EDGE('',*,*,#3284,.T.);
#1674=ORIENTED_EDGE('',*,*,#3305,.T.);
#1675=ORIENTED_EDGE('',*,*,#2994,.F.);
#1676=ORIENTED_EDGE('',*,*,#3307,.F.);
#1677=ORIENTED_EDGE('',*,*,#3285,.T.);
#1678=ORIENTED_EDGE('',*,*,#3306,.T.);
#1679=ORIENTED_EDGE('',*,*,#2993,.F.);
#1680=ORIENTED_EDGE('',*,*,#3308,.F.);
#1681=ORIENTED_EDGE('',*,*,#3286,.T.);
#1682=ORIENTED_EDGE('',*,*,#3307,.T.);
#1683=ORIENTED_EDGE('',*,*,#2992,.F.);
#1684=ORIENTED_EDGE('',*,*,#3309,.F.);
#1685=ORIENTED_EDGE('',*,*,#3287,.T.);
#1686=ORIENTED_EDGE('',*,*,#3308,.T.);
#1687=ORIENTED_EDGE('',*,*,#2991,.F.);
#1688=ORIENTED_EDGE('',*,*,#3310,.F.);
#1689=ORIENTED_EDGE('',*,*,#3288,.T.);
#1690=ORIENTED_EDGE('',*,*,#3309,.T.);
#1691=ORIENTED_EDGE('',*,*,#2990,.F.);
#1692=ORIENTED_EDGE('',*,*,#3311,.F.);
#1693=ORIENTED_EDGE('',*,*,#3289,.T.);
#1694=ORIENTED_EDGE('',*,*,#3310,.T.);
#1695=ORIENTED_EDGE('',*,*,#2989,.F.);
#1696=ORIENTED_EDGE('',*,*,#3312,.F.);
#1697=ORIENTED_EDGE('',*,*,#3290,.T.);
#1698=ORIENTED_EDGE('',*,*,#3311,.T.);
#1699=ORIENTED_EDGE('',*,*,#2988,.F.);
#1700=ORIENTED_EDGE('',*,*,#3313,.F.);
#1701=ORIENTED_EDGE('',*,*,#3291,.T.);
#1702=ORIENTED_EDGE('',*,*,#3312,.T.);
#1703=ORIENTED_EDGE('',*,*,#2987,.F.);
#1704=ORIENTED_EDGE('',*,*,#3314,.F.);
#1705=ORIENTED_EDGE('',*,*,#3292,.T.);
#1706=ORIENTED_EDGE('',*,*,#3313,.T.);
#1707=ORIENTED_EDGE('',*,*,#2986,.F.);
#1708=ORIENTED_EDGE('',*,*,#3315,.F.);
#1709=ORIENTED_EDGE('',*,*,#3293,.T.);
#1710=ORIENTED_EDGE('',*,*,#3314,.T.);
#1711=ORIENTED_EDGE('',*,*,#2985,.F.);
#1712=ORIENTED_EDGE('',*,*,#3316,.F.);
#1713=ORIENTED_EDGE('',*,*,#3294,.T.);
#1714=ORIENTED_EDGE('',*,*,#3315,.T.);
#1715=ORIENTED_EDGE('',*,*,#2984,.F.);
#1716=ORIENTED_EDGE('',*,*,#3317,.F.);
#1717=ORIENTED_EDGE('',*,*,#3295,.T.);
#1718=ORIENTED_EDGE('',*,*,#3316,.T.);
#1719=ORIENTED_EDGE('',*,*,#2983,.F.);
#1720=ORIENTED_EDGE('',*,*,#3318,.F.);
#1721=ORIENTED_EDGE('',*,*,#3296,.T.);
#1722=ORIENTED_EDGE('',*,*,#3317,.T.);
#1723=ORIENTED_EDGE('',*,*,#2982,.F.);
#1724=ORIENTED_EDGE('',*,*,#3319,.F.);
#1725=ORIENTED_EDGE('',*,*,#3297,.T.);
#1726=ORIENTED_EDGE('',*,*,#3318,.T.);
#1727=ORIENTED_EDGE('',*,*,#2981,.F.);
#1728=ORIENTED_EDGE('',*,*,#3301,.F.);
#1729=ORIENTED_EDGE('',*,*,#3298,.T.);
#1730=ORIENTED_EDGE('',*,*,#3319,.T.);
#1731=ORIENTED_EDGE('',*,*,#3320,.F.);
#1732=ORIENTED_EDGE('',*,*,#3321,.F.);
#1733=ORIENTED_EDGE('',*,*,#3322,.F.);
#1734=ORIENTED_EDGE('',*,*,#3323,.F.);
#1735=ORIENTED_EDGE('',*,*,#3000,.F.);
#1736=ORIENTED_EDGE('',*,*,#3324,.F.);
#1737=ORIENTED_EDGE('',*,*,#3323,.T.);
#1738=ORIENTED_EDGE('',*,*,#3325,.T.);
#1739=ORIENTED_EDGE('',*,*,#2999,.F.);
#1740=ORIENTED_EDGE('',*,*,#3326,.F.);
#1741=ORIENTED_EDGE('',*,*,#3320,.T.);
#1742=ORIENTED_EDGE('',*,*,#3324,.T.);
#1743=ORIENTED_EDGE('',*,*,#3002,.F.);
#1744=ORIENTED_EDGE('',*,*,#3327,.F.);
#1745=ORIENTED_EDGE('',*,*,#3321,.T.);
#1746=ORIENTED_EDGE('',*,*,#3326,.T.);
#1747=ORIENTED_EDGE('',*,*,#3001,.F.);
#1748=ORIENTED_EDGE('',*,*,#3325,.F.);
#1749=ORIENTED_EDGE('',*,*,#3322,.T.);
#1750=ORIENTED_EDGE('',*,*,#3327,.T.);
#1751=ORIENTED_EDGE('',*,*,#3328,.F.);
#1752=ORIENTED_EDGE('',*,*,#3329,.F.);
#1753=ORIENTED_EDGE('',*,*,#3330,.F.);
#1754=ORIENTED_EDGE('',*,*,#3331,.F.);
#1755=ORIENTED_EDGE('',*,*,#3332,.F.);
#1756=ORIENTED_EDGE('',*,*,#3333,.F.);
#1757=ORIENTED_EDGE('',*,*,#3334,.F.);
#1758=ORIENTED_EDGE('',*,*,#3335,.F.);
#1759=ORIENTED_EDGE('',*,*,#3336,.F.);
#1760=ORIENTED_EDGE('',*,*,#3337,.F.);
#1761=ORIENTED_EDGE('',*,*,#3338,.F.);
#1762=ORIENTED_EDGE('',*,*,#3339,.F.);
#1763=ORIENTED_EDGE('',*,*,#3340,.F.);
#1764=ORIENTED_EDGE('',*,*,#3341,.F.);
#1765=ORIENTED_EDGE('',*,*,#3342,.F.);
#1766=ORIENTED_EDGE('',*,*,#3343,.F.);
#1767=ORIENTED_EDGE('',*,*,#3344,.F.);
#1768=ORIENTED_EDGE('',*,*,#3345,.F.);
#1769=ORIENTED_EDGE('',*,*,#3346,.F.);
#1770=ORIENTED_EDGE('',*,*,#3347,.F.);
#1771=ORIENTED_EDGE('',*,*,#3348,.F.);
#1772=ORIENTED_EDGE('',*,*,#3349,.F.);
#1773=ORIENTED_EDGE('',*,*,#3350,.F.);
#1774=ORIENTED_EDGE('',*,*,#3351,.F.);
#1775=ORIENTED_EDGE('',*,*,#3352,.F.);
#1776=ORIENTED_EDGE('',*,*,#3353,.F.);
#1777=ORIENTED_EDGE('',*,*,#3354,.F.);
#1778=ORIENTED_EDGE('',*,*,#3355,.F.);
#1779=ORIENTED_EDGE('',*,*,#3004,.F.);
#1780=ORIENTED_EDGE('',*,*,#3356,.F.);
#1781=ORIENTED_EDGE('',*,*,#3355,.T.);
#1782=ORIENTED_EDGE('',*,*,#3357,.T.);
#1783=ORIENTED_EDGE('',*,*,#3003,.F.);
#1784=ORIENTED_EDGE('',*,*,#3358,.F.);
#1785=ORIENTED_EDGE('',*,*,#3328,.T.);
#1786=ORIENTED_EDGE('',*,*,#3356,.T.);
#1787=ORIENTED_EDGE('',*,*,#3030,.F.);
#1788=ORIENTED_EDGE('',*,*,#3359,.F.);
#1789=ORIENTED_EDGE('',*,*,#3329,.T.);
#1790=ORIENTED_EDGE('',*,*,#3358,.T.);
#1791=ORIENTED_EDGE('',*,*,#3029,.F.);
#1792=ORIENTED_EDGE('',*,*,#3360,.F.);
#1793=ORIENTED_EDGE('',*,*,#3330,.T.);
#1794=ORIENTED_EDGE('',*,*,#3359,.T.);
#1795=ORIENTED_EDGE('',*,*,#3028,.F.);
#1796=ORIENTED_EDGE('',*,*,#3361,.F.);
#1797=ORIENTED_EDGE('',*,*,#3331,.T.);
#1798=ORIENTED_EDGE('',*,*,#3360,.T.);
#1799=ORIENTED_EDGE('',*,*,#3027,.F.);
#1800=ORIENTED_EDGE('',*,*,#3362,.F.);
#1801=ORIENTED_EDGE('',*,*,#3332,.T.);
#1802=ORIENTED_EDGE('',*,*,#3361,.T.);
#1803=ORIENTED_EDGE('',*,*,#3026,.F.);
#1804=ORIENTED_EDGE('',*,*,#3363,.F.);
#1805=ORIENTED_EDGE('',*,*,#3333,.T.);
#1806=ORIENTED_EDGE('',*,*,#3362,.T.);
#1807=ORIENTED_EDGE('',*,*,#3025,.F.);
#1808=ORIENTED_EDGE('',*,*,#3364,.F.);
#1809=ORIENTED_EDGE('',*,*,#3334,.T.);
#1810=ORIENTED_EDGE('',*,*,#3363,.T.);
#1811=ORIENTED_EDGE('',*,*,#3024,.F.);
#1812=ORIENTED_EDGE('',*,*,#3365,.F.);
#1813=ORIENTED_EDGE('',*,*,#3335,.T.);
#1814=ORIENTED_EDGE('',*,*,#3364,.T.);
#1815=ORIENTED_EDGE('',*,*,#3023,.F.);
#1816=ORIENTED_EDGE('',*,*,#3366,.F.);
#1817=ORIENTED_EDGE('',*,*,#3336,.T.);
#1818=ORIENTED_EDGE('',*,*,#3365,.T.);
#1819=ORIENTED_EDGE('',*,*,#3022,.F.);
#1820=ORIENTED_EDGE('',*,*,#3367,.F.);
#1821=ORIENTED_EDGE('',*,*,#3337,.T.);
#1822=ORIENTED_EDGE('',*,*,#3366,.T.);
#1823=ORIENTED_EDGE('',*,*,#3021,.F.);
#1824=ORIENTED_EDGE('',*,*,#3368,.F.);
#1825=ORIENTED_EDGE('',*,*,#3338,.T.);
#1826=ORIENTED_EDGE('',*,*,#3367,.T.);
#1827=ORIENTED_EDGE('',*,*,#3020,.F.);
#1828=ORIENTED_EDGE('',*,*,#3369,.F.);
#1829=ORIENTED_EDGE('',*,*,#3339,.T.);
#1830=ORIENTED_EDGE('',*,*,#3368,.T.);
#1831=ORIENTED_EDGE('',*,*,#3019,.F.);
#1832=ORIENTED_EDGE('',*,*,#3370,.F.);
#1833=ORIENTED_EDGE('',*,*,#3340,.T.);
#1834=ORIENTED_EDGE('',*,*,#3369,.T.);
#1835=ORIENTED_EDGE('',*,*,#3018,.F.);
#1836=ORIENTED_EDGE('',*,*,#3371,.F.);
#1837=ORIENTED_EDGE('',*,*,#3341,.T.);
#1838=ORIENTED_EDGE('',*,*,#3370,.T.);
#1839=ORIENTED_EDGE('',*,*,#3017,.F.);
#1840=ORIENTED_EDGE('',*,*,#3372,.F.);
#1841=ORIENTED_EDGE('',*,*,#3342,.T.);
#1842=ORIENTED_EDGE('',*,*,#3371,.T.);
#1843=ORIENTED_EDGE('',*,*,#3016,.F.);
#1844=ORIENTED_EDGE('',*,*,#3373,.F.);
#1845=ORIENTED_EDGE('',*,*,#3343,.T.);
#1846=ORIENTED_EDGE('',*,*,#3372,.T.);
#1847=ORIENTED_EDGE('',*,*,#3015,.F.);
#1848=ORIENTED_EDGE('',*,*,#3374,.F.);
#1849=ORIENTED_EDGE('',*,*,#3344,.T.);
#1850=ORIENTED_EDGE('',*,*,#3373,.T.);
#1851=ORIENTED_EDGE('',*,*,#3014,.F.);
#1852=ORIENTED_EDGE('',*,*,#3375,.F.);
#1853=ORIENTED_EDGE('',*,*,#3345,.T.);
#1854=ORIENTED_EDGE('',*,*,#3374,.T.);
#1855=ORIENTED_EDGE('',*,*,#3013,.F.);
#1856=ORIENTED_EDGE('',*,*,#3376,.F.);
#1857=ORIENTED_EDGE('',*,*,#3346,.T.);
#1858=ORIENTED_EDGE('',*,*,#3375,.T.);
#1859=ORIENTED_EDGE('',*,*,#3012,.F.);
#1860=ORIENTED_EDGE('',*,*,#3377,.F.);
#1861=ORIENTED_EDGE('',*,*,#3347,.T.);
#1862=ORIENTED_EDGE('',*,*,#3376,.T.);
#1863=ORIENTED_EDGE('',*,*,#3011,.F.);
#1864=ORIENTED_EDGE('',*,*,#3378,.F.);
#1865=ORIENTED_EDGE('',*,*,#3348,.T.);
#1866=ORIENTED_EDGE('',*,*,#3377,.T.);
#1867=ORIENTED_EDGE('',*,*,#3010,.F.);
#1868=ORIENTED_EDGE('',*,*,#3379,.F.);
#1869=ORIENTED_EDGE('',*,*,#3349,.T.);
#1870=ORIENTED_EDGE('',*,*,#3378,.T.);
#1871=ORIENTED_EDGE('',*,*,#3009,.F.);
#1872=ORIENTED_EDGE('',*,*,#3380,.F.);
#1873=ORIENTED_EDGE('',*,*,#3350,.T.);
#1874=ORIENTED_EDGE('',*,*,#3379,.T.);
#1875=ORIENTED_EDGE('',*,*,#3008,.F.);
#1876=ORIENTED_EDGE('',*,*,#3381,.F.);
#1877=ORIENTED_EDGE('',*,*,#3351,.T.);
#1878=ORIENTED_EDGE('',*,*,#3380,.T.);
#1879=ORIENTED_EDGE('',*,*,#3007,.F.);
#1880=ORIENTED_EDGE('',*,*,#3382,.F.);
#1881=ORIENTED_EDGE('',*,*,#3352,.T.);
#1882=ORIENTED_EDGE('',*,*,#3381,.T.);
#1883=ORIENTED_EDGE('',*,*,#3006,.F.);
#1884=ORIENTED_EDGE('',*,*,#3383,.F.);
#1885=ORIENTED_EDGE('',*,*,#3353,.T.);
#1886=ORIENTED_EDGE('',*,*,#3382,.T.);
#1887=ORIENTED_EDGE('',*,*,#3005,.F.);
#1888=ORIENTED_EDGE('',*,*,#3357,.F.);
#1889=ORIENTED_EDGE('',*,*,#3354,.T.);
#1890=ORIENTED_EDGE('',*,*,#3383,.T.);
#1891=ORIENTED_EDGE('',*,*,#3384,.F.);
#1892=ORIENTED_EDGE('',*,*,#3385,.F.);
#1893=ORIENTED_EDGE('',*,*,#3386,.F.);
#1894=ORIENTED_EDGE('',*,*,#3387,.F.);
#1895=ORIENTED_EDGE('',*,*,#3388,.F.);
#1896=ORIENTED_EDGE('',*,*,#3389,.F.);
#1897=ORIENTED_EDGE('',*,*,#3390,.F.);
#1898=ORIENTED_EDGE('',*,*,#3391,.F.);
#1899=ORIENTED_EDGE('',*,*,#3392,.F.);
#1900=ORIENTED_EDGE('',*,*,#3393,.F.);
#1901=ORIENTED_EDGE('',*,*,#3394,.F.);
#1902=ORIENTED_EDGE('',*,*,#3395,.F.);
#1903=ORIENTED_EDGE('',*,*,#3396,.F.);
#1904=ORIENTED_EDGE('',*,*,#3397,.F.);
#1905=ORIENTED_EDGE('',*,*,#3398,.F.);
#1906=ORIENTED_EDGE('',*,*,#3399,.F.);
#1907=ORIENTED_EDGE('',*,*,#3400,.F.);
#1908=ORIENTED_EDGE('',*,*,#3401,.F.);
#1909=ORIENTED_EDGE('',*,*,#3402,.F.);
#1910=ORIENTED_EDGE('',*,*,#3403,.F.);
#1911=ORIENTED_EDGE('',*,*,#3404,.F.);
#1912=ORIENTED_EDGE('',*,*,#3389,.T.);
#1913=ORIENTED_EDGE('',*,*,#3405,.T.);
#1914=ORIENTED_EDGE('',*,*,#3406,.F.);
#1915=ORIENTED_EDGE('',*,*,#3405,.F.);
#1916=ORIENTED_EDGE('',*,*,#3388,.T.);
#1917=ORIENTED_EDGE('',*,*,#3407,.T.);
#1918=ORIENTED_EDGE('',*,*,#3408,.F.);
#1919=ORIENTED_EDGE('',*,*,#3407,.F.);
#1920=ORIENTED_EDGE('',*,*,#3387,.T.);
#1921=ORIENTED_EDGE('',*,*,#3409,.T.);
#1922=ORIENTED_EDGE('',*,*,#3410,.F.);
#1923=ORIENTED_EDGE('',*,*,#3409,.F.);
#1924=ORIENTED_EDGE('',*,*,#3386,.T.);
#1925=ORIENTED_EDGE('',*,*,#3411,.T.);
#1926=ORIENTED_EDGE('',*,*,#3412,.F.);
#1927=ORIENTED_EDGE('',*,*,#3411,.F.);
#1928=ORIENTED_EDGE('',*,*,#3385,.T.);
#1929=ORIENTED_EDGE('',*,*,#3413,.T.);
#1930=ORIENTED_EDGE('',*,*,#3414,.F.);
#1931=ORIENTED_EDGE('',*,*,#3413,.F.);
#1932=ORIENTED_EDGE('',*,*,#3384,.T.);
#1933=ORIENTED_EDGE('',*,*,#3415,.T.);
#1934=ORIENTED_EDGE('',*,*,#3416,.F.);
#1935=ORIENTED_EDGE('',*,*,#3415,.F.);
#1936=ORIENTED_EDGE('',*,*,#3390,.T.);
#1937=ORIENTED_EDGE('',*,*,#3404,.T.);
#1938=ORIENTED_EDGE('',*,*,#3032,.F.);
#1939=ORIENTED_EDGE('',*,*,#3417,.F.);
#1940=ORIENTED_EDGE('',*,*,#3402,.T.);
#1941=ORIENTED_EDGE('',*,*,#3418,.T.);
#1942=ORIENTED_EDGE('',*,*,#3031,.F.);
#1943=ORIENTED_EDGE('',*,*,#3419,.F.);
#1944=ORIENTED_EDGE('',*,*,#3391,.T.);
#1945=ORIENTED_EDGE('',*,*,#3417,.T.);
#1946=ORIENTED_EDGE('',*,*,#3042,.F.);
#1947=ORIENTED_EDGE('',*,*,#3420,.F.);
#1948=ORIENTED_EDGE('',*,*,#3392,.T.);
#1949=ORIENTED_EDGE('',*,*,#3419,.T.);
#1950=ORIENTED_EDGE('',*,*,#3041,.F.);
#1951=ORIENTED_EDGE('',*,*,#3421,.F.);
#1952=ORIENTED_EDGE('',*,*,#3393,.T.);
#1953=ORIENTED_EDGE('',*,*,#3420,.T.);
#1954=ORIENTED_EDGE('',*,*,#3040,.F.);
#1955=ORIENTED_EDGE('',*,*,#3422,.F.);
#1956=ORIENTED_EDGE('',*,*,#3394,.T.);
#1957=ORIENTED_EDGE('',*,*,#3421,.T.);
#1958=ORIENTED_EDGE('',*,*,#3039,.F.);
#1959=ORIENTED_EDGE('',*,*,#3423,.F.);
#1960=ORIENTED_EDGE('',*,*,#3395,.T.);
#1961=ORIENTED_EDGE('',*,*,#3422,.T.);
#1962=ORIENTED_EDGE('',*,*,#3038,.F.);
#1963=ORIENTED_EDGE('',*,*,#3424,.F.);
#1964=ORIENTED_EDGE('',*,*,#3396,.T.);
#1965=ORIENTED_EDGE('',*,*,#3423,.T.);
#1966=ORIENTED_EDGE('',*,*,#3037,.F.);
#1967=ORIENTED_EDGE('',*,*,#3425,.F.);
#1968=ORIENTED_EDGE('',*,*,#3397,.T.);
#1969=ORIENTED_EDGE('',*,*,#3424,.T.);
#1970=ORIENTED_EDGE('',*,*,#3036,.F.);
#1971=ORIENTED_EDGE('',*,*,#3426,.F.);
#1972=ORIENTED_EDGE('',*,*,#3398,.T.);
#1973=ORIENTED_EDGE('',*,*,#3425,.T.);
#1974=ORIENTED_EDGE('',*,*,#3035,.F.);
#1975=ORIENTED_EDGE('',*,*,#3427,.F.);
#1976=ORIENTED_EDGE('',*,*,#3399,.T.);
#1977=ORIENTED_EDGE('',*,*,#3426,.T.);
#1978=ORIENTED_EDGE('',*,*,#3034,.F.);
#1979=ORIENTED_EDGE('',*,*,#3428,.F.);
#1980=ORIENTED_EDGE('',*,*,#3400,.T.);
#1981=ORIENTED_EDGE('',*,*,#3427,.T.);
#1982=ORIENTED_EDGE('',*,*,#3033,.F.);
#1983=ORIENTED_EDGE('',*,*,#3418,.F.);
#1984=ORIENTED_EDGE('',*,*,#3401,.T.);
#1985=ORIENTED_EDGE('',*,*,#3428,.T.);
#1986=ORIENTED_EDGE('',*,*,#3416,.T.);
#1987=ORIENTED_EDGE('',*,*,#3403,.T.);
#1988=ORIENTED_EDGE('',*,*,#3406,.T.);
#1989=ORIENTED_EDGE('',*,*,#3408,.T.);
#1990=ORIENTED_EDGE('',*,*,#3410,.T.);
#1991=ORIENTED_EDGE('',*,*,#3412,.T.);
#1992=ORIENTED_EDGE('',*,*,#3414,.T.);
#1993=ORIENTED_EDGE('',*,*,#3429,.F.);
#1994=ORIENTED_EDGE('',*,*,#3430,.F.);
#1995=ORIENTED_EDGE('',*,*,#3431,.F.);
#1996=ORIENTED_EDGE('',*,*,#3432,.F.);
#1997=ORIENTED_EDGE('',*,*,#3433,.F.);
#1998=ORIENTED_EDGE('',*,*,#3434,.F.);
#1999=ORIENTED_EDGE('',*,*,#3435,.F.);
#2000=ORIENTED_EDGE('',*,*,#3436,.F.);
#2001=ORIENTED_EDGE('',*,*,#3437,.F.);
#2002=ORIENTED_EDGE('',*,*,#3438,.F.);
#2003=ORIENTED_EDGE('',*,*,#3439,.F.);
#2004=ORIENTED_EDGE('',*,*,#3440,.F.);
#2005=ORIENTED_EDGE('',*,*,#3441,.F.);
#2006=ORIENTED_EDGE('',*,*,#3442,.F.);
#2007=ORIENTED_EDGE('',*,*,#3443,.F.);
#2008=ORIENTED_EDGE('',*,*,#3444,.F.);
#2009=ORIENTED_EDGE('',*,*,#3445,.F.);
#2010=ORIENTED_EDGE('',*,*,#3446,.F.);
#2011=ORIENTED_EDGE('',*,*,#3447,.F.);
#2012=ORIENTED_EDGE('',*,*,#3448,.F.);
#2013=ORIENTED_EDGE('',*,*,#3449,.F.);
#2014=ORIENTED_EDGE('',*,*,#3450,.F.);
#2015=ORIENTED_EDGE('',*,*,#3451,.F.);
#2016=ORIENTED_EDGE('',*,*,#3452,.F.);
#2017=ORIENTED_EDGE('',*,*,#3453,.F.);
#2018=ORIENTED_EDGE('',*,*,#2886,.F.);
#2019=ORIENTED_EDGE('',*,*,#3454,.F.);
#2020=ORIENTED_EDGE('',*,*,#3445,.T.);
#2021=ORIENTED_EDGE('',*,*,#3455,.T.);
#2022=ORIENTED_EDGE('',*,*,#2887,.F.);
#2023=ORIENTED_EDGE('',*,*,#3455,.F.);
#2024=ORIENTED_EDGE('',*,*,#3444,.T.);
#2025=ORIENTED_EDGE('',*,*,#3456,.T.);
#2026=ORIENTED_EDGE('',*,*,#2888,.F.);
#2027=ORIENTED_EDGE('',*,*,#3456,.F.);
#2028=ORIENTED_EDGE('',*,*,#3443,.T.);
#2029=ORIENTED_EDGE('',*,*,#3457,.T.);
#2030=ORIENTED_EDGE('',*,*,#2889,.F.);
#2031=ORIENTED_EDGE('',*,*,#3457,.F.);
#2032=ORIENTED_EDGE('',*,*,#3442,.T.);
#2033=ORIENTED_EDGE('',*,*,#3458,.T.);
#2034=ORIENTED_EDGE('',*,*,#2890,.F.);
#2035=ORIENTED_EDGE('',*,*,#3458,.F.);
#2036=ORIENTED_EDGE('',*,*,#3441,.T.);
#2037=ORIENTED_EDGE('',*,*,#3459,.T.);
#2038=ORIENTED_EDGE('',*,*,#2891,.F.);
#2039=ORIENTED_EDGE('',*,*,#3459,.F.);
#2040=ORIENTED_EDGE('',*,*,#3440,.T.);
#2041=ORIENTED_EDGE('',*,*,#3460,.T.);
#2042=ORIENTED_EDGE('',*,*,#2892,.F.);
#2043=ORIENTED_EDGE('',*,*,#3460,.F.);
#2044=ORIENTED_EDGE('',*,*,#3439,.T.);
#2045=ORIENTED_EDGE('',*,*,#3461,.T.);
#2046=ORIENTED_EDGE('',*,*,#2893,.F.);
#2047=ORIENTED_EDGE('',*,*,#3461,.F.);
#2048=ORIENTED_EDGE('',*,*,#3438,.T.);
#2049=ORIENTED_EDGE('',*,*,#3462,.T.);
#2050=ORIENTED_EDGE('',*,*,#2894,.F.);
#2051=ORIENTED_EDGE('',*,*,#3462,.F.);
#2052=ORIENTED_EDGE('',*,*,#3437,.T.);
#2053=ORIENTED_EDGE('',*,*,#3463,.T.);
#2054=ORIENTED_EDGE('',*,*,#2895,.F.);
#2055=ORIENTED_EDGE('',*,*,#3463,.F.);
#2056=ORIENTED_EDGE('',*,*,#3436,.T.);
#2057=ORIENTED_EDGE('',*,*,#3464,.T.);
#2058=ORIENTED_EDGE('',*,*,#2896,.F.);
#2059=ORIENTED_EDGE('',*,*,#3464,.F.);
#2060=ORIENTED_EDGE('',*,*,#3435,.T.);
#2061=ORIENTED_EDGE('',*,*,#3465,.T.);
#2062=ORIENTED_EDGE('',*,*,#2897,.F.);
#2063=ORIENTED_EDGE('',*,*,#3465,.F.);
#2064=ORIENTED_EDGE('',*,*,#3434,.T.);
#2065=ORIENTED_EDGE('',*,*,#3466,.T.);
#2066=ORIENTED_EDGE('',*,*,#2898,.F.);
#2067=ORIENTED_EDGE('',*,*,#3466,.F.);
#2068=ORIENTED_EDGE('',*,*,#3433,.T.);
#2069=ORIENTED_EDGE('',*,*,#3467,.T.);
#2070=ORIENTED_EDGE('',*,*,#2899,.F.);
#2071=ORIENTED_EDGE('',*,*,#3467,.F.);
#2072=ORIENTED_EDGE('',*,*,#3432,.T.);
#2073=ORIENTED_EDGE('',*,*,#3468,.T.);
#2074=ORIENTED_EDGE('',*,*,#2900,.F.);
#2075=ORIENTED_EDGE('',*,*,#3468,.F.);
#2076=ORIENTED_EDGE('',*,*,#3431,.T.);
#2077=ORIENTED_EDGE('',*,*,#3469,.T.);
#2078=ORIENTED_EDGE('',*,*,#2901,.F.);
#2079=ORIENTED_EDGE('',*,*,#3469,.F.);
#2080=ORIENTED_EDGE('',*,*,#3430,.T.);
#2081=ORIENTED_EDGE('',*,*,#3470,.T.);
#2082=ORIENTED_EDGE('',*,*,#2902,.F.);
#2083=ORIENTED_EDGE('',*,*,#3470,.F.);
#2084=ORIENTED_EDGE('',*,*,#3429,.T.);
#2085=ORIENTED_EDGE('',*,*,#3471,.T.);
#2086=ORIENTED_EDGE('',*,*,#2885,.F.);
#2087=ORIENTED_EDGE('',*,*,#3471,.F.);
#2088=ORIENTED_EDGE('',*,*,#3446,.T.);
#2089=ORIENTED_EDGE('',*,*,#3454,.T.);
#2090=ORIENTED_EDGE('',*,*,#3472,.F.);
#2091=ORIENTED_EDGE('',*,*,#3473,.F.);
#2092=ORIENTED_EDGE('',*,*,#3453,.T.);
#2093=ORIENTED_EDGE('',*,*,#3474,.T.);
#2094=ORIENTED_EDGE('',*,*,#3475,.F.);
#2095=ORIENTED_EDGE('',*,*,#3476,.F.);
#2096=ORIENTED_EDGE('',*,*,#3447,.T.);
#2097=ORIENTED_EDGE('',*,*,#3473,.T.);
#2098=ORIENTED_EDGE('',*,*,#3477,.F.);
#2099=ORIENTED_EDGE('',*,*,#3478,.F.);
#2100=ORIENTED_EDGE('',*,*,#3448,.T.);
#2101=ORIENTED_EDGE('',*,*,#3476,.T.);
#2102=ORIENTED_EDGE('',*,*,#3479,.F.);
#2103=ORIENTED_EDGE('',*,*,#3480,.F.);
#2104=ORIENTED_EDGE('',*,*,#3449,.T.);
#2105=ORIENTED_EDGE('',*,*,#3478,.T.);
#2106=ORIENTED_EDGE('',*,*,#3481,.F.);
#2107=ORIENTED_EDGE('',*,*,#3482,.F.);
#2108=ORIENTED_EDGE('',*,*,#3450,.T.);
#2109=ORIENTED_EDGE('',*,*,#3480,.T.);
#2110=ORIENTED_EDGE('',*,*,#3483,.F.);
#2111=ORIENTED_EDGE('',*,*,#3484,.F.);
#2112=ORIENTED_EDGE('',*,*,#3451,.T.);
#2113=ORIENTED_EDGE('',*,*,#3482,.T.);
#2114=ORIENTED_EDGE('',*,*,#3485,.F.);
#2115=ORIENTED_EDGE('',*,*,#3474,.F.);
#2116=ORIENTED_EDGE('',*,*,#3452,.T.);
#2117=ORIENTED_EDGE('',*,*,#3484,.T.);
#2118=ORIENTED_EDGE('',*,*,#3486,.F.);
#2119=ORIENTED_EDGE('',*,*,#3487,.F.);
#2120=ORIENTED_EDGE('',*,*,#3488,.F.);
#2121=ORIENTED_EDGE('',*,*,#3489,.F.);
#2122=ORIENTED_EDGE('',*,*,#3490,.F.);
#2123=ORIENTED_EDGE('',*,*,#3491,.F.);
#2124=ORIENTED_EDGE('',*,*,#3492,.F.);
#2125=ORIENTED_EDGE('',*,*,#3493,.F.);
#2126=ORIENTED_EDGE('',*,*,#3494,.F.);
#2127=ORIENTED_EDGE('',*,*,#3495,.F.);
#2128=ORIENTED_EDGE('',*,*,#3496,.F.);
#2129=ORIENTED_EDGE('',*,*,#3497,.F.);
#2130=ORIENTED_EDGE('',*,*,#3498,.F.);
#2131=ORIENTED_EDGE('',*,*,#3499,.F.);
#2132=ORIENTED_EDGE('',*,*,#3500,.F.);
#2133=ORIENTED_EDGE('',*,*,#3501,.F.);
#2134=ORIENTED_EDGE('',*,*,#3502,.F.);
#2135=ORIENTED_EDGE('',*,*,#3503,.F.);
#2136=ORIENTED_EDGE('',*,*,#3504,.F.);
#2137=ORIENTED_EDGE('',*,*,#3505,.F.);
#2138=ORIENTED_EDGE('',*,*,#3506,.F.);
#2139=ORIENTED_EDGE('',*,*,#3507,.F.);
#2140=ORIENTED_EDGE('',*,*,#3508,.F.);
#2141=ORIENTED_EDGE('',*,*,#3509,.F.);
#2142=ORIENTED_EDGE('',*,*,#3510,.F.);
#2143=ORIENTED_EDGE('',*,*,#3511,.F.);
#2144=ORIENTED_EDGE('',*,*,#3512,.F.);
#2145=ORIENTED_EDGE('',*,*,#3513,.F.);
#2146=ORIENTED_EDGE('',*,*,#3514,.F.);
#2147=ORIENTED_EDGE('',*,*,#3515,.F.);
#2148=ORIENTED_EDGE('',*,*,#3516,.F.);
#2149=ORIENTED_EDGE('',*,*,#2870,.F.);
#2150=ORIENTED_EDGE('',*,*,#3517,.F.);
#2151=ORIENTED_EDGE('',*,*,#3500,.T.);
#2152=ORIENTED_EDGE('',*,*,#3518,.T.);
#2153=ORIENTED_EDGE('',*,*,#2871,.F.);
#2154=ORIENTED_EDGE('',*,*,#3518,.F.);
#2155=ORIENTED_EDGE('',*,*,#3499,.T.);
#2156=ORIENTED_EDGE('',*,*,#3519,.T.);
#2157=ORIENTED_EDGE('',*,*,#2872,.F.);
#2158=ORIENTED_EDGE('',*,*,#3519,.F.);
#2159=ORIENTED_EDGE('',*,*,#3498,.T.);
#2160=ORIENTED_EDGE('',*,*,#3520,.T.);
#2161=ORIENTED_EDGE('',*,*,#2873,.F.);
#2162=ORIENTED_EDGE('',*,*,#3520,.F.);
#2163=ORIENTED_EDGE('',*,*,#3497,.T.);
#2164=ORIENTED_EDGE('',*,*,#3521,.T.);
#2165=ORIENTED_EDGE('',*,*,#2874,.F.);
#2166=ORIENTED_EDGE('',*,*,#3521,.F.);
#2167=ORIENTED_EDGE('',*,*,#3496,.T.);
#2168=ORIENTED_EDGE('',*,*,#3522,.T.);
#2169=ORIENTED_EDGE('',*,*,#2875,.F.);
#2170=ORIENTED_EDGE('',*,*,#3522,.F.);
#2171=ORIENTED_EDGE('',*,*,#3495,.T.);
#2172=ORIENTED_EDGE('',*,*,#3523,.T.);
#2173=ORIENTED_EDGE('',*,*,#2876,.F.);
#2174=ORIENTED_EDGE('',*,*,#3523,.F.);
#2175=ORIENTED_EDGE('',*,*,#3494,.T.);
#2176=ORIENTED_EDGE('',*,*,#3524,.T.);
#2177=ORIENTED_EDGE('',*,*,#2877,.F.);
#2178=ORIENTED_EDGE('',*,*,#3524,.F.);
#2179=ORIENTED_EDGE('',*,*,#3493,.T.);
#2180=ORIENTED_EDGE('',*,*,#3525,.T.);
#2181=ORIENTED_EDGE('',*,*,#2878,.F.);
#2182=ORIENTED_EDGE('',*,*,#3525,.F.);
#2183=ORIENTED_EDGE('',*,*,#3492,.T.);
#2184=ORIENTED_EDGE('',*,*,#3526,.T.);
#2185=ORIENTED_EDGE('',*,*,#2879,.F.);
#2186=ORIENTED_EDGE('',*,*,#3526,.F.);
#2187=ORIENTED_EDGE('',*,*,#3491,.T.);
#2188=ORIENTED_EDGE('',*,*,#3527,.T.);
#2189=ORIENTED_EDGE('',*,*,#2880,.F.);
#2190=ORIENTED_EDGE('',*,*,#3527,.F.);
#2191=ORIENTED_EDGE('',*,*,#3490,.T.);
#2192=ORIENTED_EDGE('',*,*,#3528,.T.);
#2193=ORIENTED_EDGE('',*,*,#2881,.F.);
#2194=ORIENTED_EDGE('',*,*,#3528,.F.);
#2195=ORIENTED_EDGE('',*,*,#3489,.T.);
#2196=ORIENTED_EDGE('',*,*,#3529,.T.);
#2197=ORIENTED_EDGE('',*,*,#2882,.F.);
#2198=ORIENTED_EDGE('',*,*,#3529,.F.);
#2199=ORIENTED_EDGE('',*,*,#3488,.T.);
#2200=ORIENTED_EDGE('',*,*,#3530,.T.);
#2201=ORIENTED_EDGE('',*,*,#2883,.F.);
#2202=ORIENTED_EDGE('',*,*,#3530,.F.);
#2203=ORIENTED_EDGE('',*,*,#3487,.T.);
#2204=ORIENTED_EDGE('',*,*,#3531,.T.);
#2205=ORIENTED_EDGE('',*,*,#2884,.F.);
#2206=ORIENTED_EDGE('',*,*,#3531,.F.);
#2207=ORIENTED_EDGE('',*,*,#3486,.T.);
#2208=ORIENTED_EDGE('',*,*,#3532,.T.);
#2209=ORIENTED_EDGE('',*,*,#2869,.F.);
#2210=ORIENTED_EDGE('',*,*,#3532,.F.);
#2211=ORIENTED_EDGE('',*,*,#3501,.T.);
#2212=ORIENTED_EDGE('',*,*,#3517,.T.);
#2213=ORIENTED_EDGE('',*,*,#3533,.F.);
#2214=ORIENTED_EDGE('',*,*,#3534,.F.);
#2215=ORIENTED_EDGE('',*,*,#3507,.T.);
#2216=ORIENTED_EDGE('',*,*,#3535,.T.);
#2217=ORIENTED_EDGE('',*,*,#3536,.F.);
#2218=ORIENTED_EDGE('',*,*,#3535,.F.);
#2219=ORIENTED_EDGE('',*,*,#3506,.T.);
#2220=ORIENTED_EDGE('',*,*,#3537,.T.);
#2221=ORIENTED_EDGE('',*,*,#3538,.F.);
#2222=ORIENTED_EDGE('',*,*,#3537,.F.);
#2223=ORIENTED_EDGE('',*,*,#3505,.T.);
#2224=ORIENTED_EDGE('',*,*,#3539,.T.);
#2225=ORIENTED_EDGE('',*,*,#3540,.F.);
#2226=ORIENTED_EDGE('',*,*,#3539,.F.);
#2227=ORIENTED_EDGE('',*,*,#3504,.T.);
#2228=ORIENTED_EDGE('',*,*,#3541,.T.);
#2229=ORIENTED_EDGE('',*,*,#3542,.F.);
#2230=ORIENTED_EDGE('',*,*,#3541,.F.);
#2231=ORIENTED_EDGE('',*,*,#3503,.T.);
#2232=ORIENTED_EDGE('',*,*,#3543,.T.);
#2233=ORIENTED_EDGE('',*,*,#3544,.F.);
#2234=ORIENTED_EDGE('',*,*,#3543,.F.);
#2235=ORIENTED_EDGE('',*,*,#3502,.T.);
#2236=ORIENTED_EDGE('',*,*,#3545,.T.);
#2237=ORIENTED_EDGE('',*,*,#3546,.F.);
#2238=ORIENTED_EDGE('',*,*,#3545,.F.);
#2239=ORIENTED_EDGE('',*,*,#3508,.T.);
#2240=ORIENTED_EDGE('',*,*,#3534,.T.);
#2241=ORIENTED_EDGE('',*,*,#3547,.F.);
#2242=ORIENTED_EDGE('',*,*,#3548,.F.);
#2243=ORIENTED_EDGE('',*,*,#3516,.T.);
#2244=ORIENTED_EDGE('',*,*,#3549,.T.);
#2245=ORIENTED_EDGE('',*,*,#3550,.F.);
#2246=ORIENTED_EDGE('',*,*,#3551,.F.);
#2247=ORIENTED_EDGE('',*,*,#3509,.T.);
#2248=ORIENTED_EDGE('',*,*,#3548,.T.);
#2249=ORIENTED_EDGE('',*,*,#3552,.F.);
#2250=ORIENTED_EDGE('',*,*,#3553,.F.);
#2251=ORIENTED_EDGE('',*,*,#3510,.T.);
#2252=ORIENTED_EDGE('',*,*,#3551,.T.);
#2253=ORIENTED_EDGE('',*,*,#3554,.F.);
#2254=ORIENTED_EDGE('',*,*,#3555,.F.);
#2255=ORIENTED_EDGE('',*,*,#3511,.T.);
#2256=ORIENTED_EDGE('',*,*,#3553,.T.);
#2257=ORIENTED_EDGE('',*,*,#3556,.F.);
#2258=ORIENTED_EDGE('',*,*,#3557,.F.);
#2259=ORIENTED_EDGE('',*,*,#3512,.T.);
#2260=ORIENTED_EDGE('',*,*,#3555,.T.);
#2261=ORIENTED_EDGE('',*,*,#3558,.F.);
#2262=ORIENTED_EDGE('',*,*,#3559,.F.);
#2263=ORIENTED_EDGE('',*,*,#3513,.T.);
#2264=ORIENTED_EDGE('',*,*,#3557,.T.);
#2265=ORIENTED_EDGE('',*,*,#3560,.F.);
#2266=ORIENTED_EDGE('',*,*,#3561,.F.);
#2267=ORIENTED_EDGE('',*,*,#3514,.T.);
#2268=ORIENTED_EDGE('',*,*,#3559,.T.);
#2269=ORIENTED_EDGE('',*,*,#3562,.F.);
#2270=ORIENTED_EDGE('',*,*,#3549,.F.);
#2271=ORIENTED_EDGE('',*,*,#3515,.T.);
#2272=ORIENTED_EDGE('',*,*,#3561,.T.);
#2273=ORIENTED_EDGE('',*,*,#3546,.T.);
#2274=ORIENTED_EDGE('',*,*,#3533,.T.);
#2275=ORIENTED_EDGE('',*,*,#3536,.T.);
#2276=ORIENTED_EDGE('',*,*,#3538,.T.);
#2277=ORIENTED_EDGE('',*,*,#3540,.T.);
#2278=ORIENTED_EDGE('',*,*,#3542,.T.);
#2279=ORIENTED_EDGE('',*,*,#3544,.T.);
#2280=ORIENTED_EDGE('',*,*,#3563,.F.);
#2281=ORIENTED_EDGE('',*,*,#3564,.F.);
#2282=ORIENTED_EDGE('',*,*,#3565,.F.);
#2283=ORIENTED_EDGE('',*,*,#3566,.F.);
#2284=ORIENTED_EDGE('',*,*,#3567,.F.);
#2285=ORIENTED_EDGE('',*,*,#3568,.F.);
#2286=ORIENTED_EDGE('',*,*,#3569,.F.);
#2287=ORIENTED_EDGE('',*,*,#3570,.F.);
#2288=ORIENTED_EDGE('',*,*,#3571,.F.);
#2289=ORIENTED_EDGE('',*,*,#3572,.F.);
#2290=ORIENTED_EDGE('',*,*,#3573,.F.);
#2291=ORIENTED_EDGE('',*,*,#3574,.F.);
#2292=ORIENTED_EDGE('',*,*,#3575,.F.);
#2293=ORIENTED_EDGE('',*,*,#3576,.F.);
#2294=ORIENTED_EDGE('',*,*,#3577,.F.);
#2295=ORIENTED_EDGE('',*,*,#3578,.F.);
#2296=ORIENTED_EDGE('',*,*,#3579,.F.);
#2297=ORIENTED_EDGE('',*,*,#3580,.F.);
#2298=ORIENTED_EDGE('',*,*,#3581,.F.);
#2299=ORIENTED_EDGE('',*,*,#2851,.F.);
#2300=ORIENTED_EDGE('',*,*,#3582,.F.);
#2301=ORIENTED_EDGE('',*,*,#3581,.T.);
#2302=ORIENTED_EDGE('',*,*,#3583,.T.);
#2303=ORIENTED_EDGE('',*,*,#2850,.F.);
#2304=ORIENTED_EDGE('',*,*,#3584,.F.);
#2305=ORIENTED_EDGE('',*,*,#3563,.T.);
#2306=ORIENTED_EDGE('',*,*,#3582,.T.);
#2307=ORIENTED_EDGE('',*,*,#2868,.F.);
#2308=ORIENTED_EDGE('',*,*,#3585,.F.);
#2309=ORIENTED_EDGE('',*,*,#3564,.T.);
#2310=ORIENTED_EDGE('',*,*,#3584,.T.);
#2311=ORIENTED_EDGE('',*,*,#2867,.F.);
#2312=ORIENTED_EDGE('',*,*,#3586,.F.);
#2313=ORIENTED_EDGE('',*,*,#3565,.T.);
#2314=ORIENTED_EDGE('',*,*,#3585,.T.);
#2315=ORIENTED_EDGE('',*,*,#2866,.F.);
#2316=ORIENTED_EDGE('',*,*,#3587,.F.);
#2317=ORIENTED_EDGE('',*,*,#3566,.T.);
#2318=ORIENTED_EDGE('',*,*,#3586,.T.);
#2319=ORIENTED_EDGE('',*,*,#2865,.F.);
#2320=ORIENTED_EDGE('',*,*,#3588,.F.);
#2321=ORIENTED_EDGE('',*,*,#3567,.T.);
#2322=ORIENTED_EDGE('',*,*,#3587,.T.);
#2323=ORIENTED_EDGE('',*,*,#2864,.F.);
#2324=ORIENTED_EDGE('',*,*,#3589,.F.);
#2325=ORIENTED_EDGE('',*,*,#3568,.T.);
#2326=ORIENTED_EDGE('',*,*,#3588,.T.);
#2327=ORIENTED_EDGE('',*,*,#2863,.F.);
#2328=ORIENTED_EDGE('',*,*,#3590,.F.);
#2329=ORIENTED_EDGE('',*,*,#3569,.T.);
#2330=ORIENTED_EDGE('',*,*,#3589,.T.);
#2331=ORIENTED_EDGE('',*,*,#2862,.F.);
#2332=ORIENTED_EDGE('',*,*,#3591,.F.);
#2333=ORIENTED_EDGE('',*,*,#3570,.T.);
#2334=ORIENTED_EDGE('',*,*,#3590,.T.);
#2335=ORIENTED_EDGE('',*,*,#2861,.F.);
#2336=ORIENTED_EDGE('',*,*,#3592,.F.);
#2337=ORIENTED_EDGE('',*,*,#3571,.T.);
#2338=ORIENTED_EDGE('',*,*,#3591,.T.);
#2339=ORIENTED_EDGE('',*,*,#2860,.F.);
#2340=ORIENTED_EDGE('',*,*,#3593,.F.);
#2341=ORIENTED_EDGE('',*,*,#3572,.T.);
#2342=ORIENTED_EDGE('',*,*,#3592,.T.);
#2343=ORIENTED_EDGE('',*,*,#2859,.F.);
#2344=ORIENTED_EDGE('',*,*,#3594,.F.);
#2345=ORIENTED_EDGE('',*,*,#3573,.T.);
#2346=ORIENTED_EDGE('',*,*,#3593,.T.);
#2347=ORIENTED_EDGE('',*,*,#2858,.F.);
#2348=ORIENTED_EDGE('',*,*,#3595,.F.);
#2349=ORIENTED_EDGE('',*,*,#3574,.T.);
#2350=ORIENTED_EDGE('',*,*,#3594,.T.);
#2351=ORIENTED_EDGE('',*,*,#2857,.F.);
#2352=ORIENTED_EDGE('',*,*,#3596,.F.);
#2353=ORIENTED_EDGE('',*,*,#3575,.T.);
#2354=ORIENTED_EDGE('',*,*,#3595,.T.);
#2355=ORIENTED_EDGE('',*,*,#2856,.F.);
#2356=ORIENTED_EDGE('',*,*,#3597,.F.);
#2357=ORIENTED_EDGE('',*,*,#3576,.T.);
#2358=ORIENTED_EDGE('',*,*,#3596,.T.);
#2359=ORIENTED_EDGE('',*,*,#2855,.F.);
#2360=ORIENTED_EDGE('',*,*,#3598,.F.);
#2361=ORIENTED_EDGE('',*,*,#3577,.T.);
#2362=ORIENTED_EDGE('',*,*,#3597,.T.);
#2363=ORIENTED_EDGE('',*,*,#2854,.F.);
#2364=ORIENTED_EDGE('',*,*,#3599,.F.);
#2365=ORIENTED_EDGE('',*,*,#3578,.T.);
#2366=ORIENTED_EDGE('',*,*,#3598,.T.);
#2367=ORIENTED_EDGE('',*,*,#2853,.F.);
#2368=ORIENTED_EDGE('',*,*,#3600,.F.);
#2369=ORIENTED_EDGE('',*,*,#3579,.T.);
#2370=ORIENTED_EDGE('',*,*,#3599,.T.);
#2371=ORIENTED_EDGE('',*,*,#2852,.F.);
#2372=ORIENTED_EDGE('',*,*,#3583,.F.);
#2373=ORIENTED_EDGE('',*,*,#3580,.T.);
#2374=ORIENTED_EDGE('',*,*,#3600,.T.);
#2375=ORIENTED_EDGE('',*,*,#3601,.F.);
#2376=ORIENTED_EDGE('',*,*,#3602,.F.);
#2377=ORIENTED_EDGE('',*,*,#3603,.F.);
#2378=ORIENTED_EDGE('',*,*,#3604,.F.);
#2379=ORIENTED_EDGE('',*,*,#3605,.F.);
#2380=ORIENTED_EDGE('',*,*,#3606,.F.);
#2381=ORIENTED_EDGE('',*,*,#3607,.F.);
#2382=ORIENTED_EDGE('',*,*,#3608,.F.);
#2383=ORIENTED_EDGE('',*,*,#3609,.F.);
#2384=ORIENTED_EDGE('',*,*,#3610,.F.);
#2385=ORIENTED_EDGE('',*,*,#2841,.F.);
#2386=ORIENTED_EDGE('',*,*,#3611,.F.);
#2387=ORIENTED_EDGE('',*,*,#3610,.T.);
#2388=ORIENTED_EDGE('',*,*,#3612,.T.);
#2389=ORIENTED_EDGE('',*,*,#2840,.F.);
#2390=ORIENTED_EDGE('',*,*,#3613,.F.);
#2391=ORIENTED_EDGE('',*,*,#3601,.T.);
#2392=ORIENTED_EDGE('',*,*,#3611,.T.);
#2393=ORIENTED_EDGE('',*,*,#2849,.F.);
#2394=ORIENTED_EDGE('',*,*,#3614,.F.);
#2395=ORIENTED_EDGE('',*,*,#3602,.T.);
#2396=ORIENTED_EDGE('',*,*,#3613,.T.);
#2397=ORIENTED_EDGE('',*,*,#2848,.F.);
#2398=ORIENTED_EDGE('',*,*,#3615,.F.);
#2399=ORIENTED_EDGE('',*,*,#3603,.T.);
#2400=ORIENTED_EDGE('',*,*,#3614,.T.);
#2401=ORIENTED_EDGE('',*,*,#2847,.F.);
#2402=ORIENTED_EDGE('',*,*,#3616,.F.);
#2403=ORIENTED_EDGE('',*,*,#3604,.T.);
#2404=ORIENTED_EDGE('',*,*,#3615,.T.);
#2405=ORIENTED_EDGE('',*,*,#2846,.F.);
#2406=ORIENTED_EDGE('',*,*,#3617,.F.);
#2407=ORIENTED_EDGE('',*,*,#3605,.T.);
#2408=ORIENTED_EDGE('',*,*,#3616,.T.);
#2409=ORIENTED_EDGE('',*,*,#2845,.F.);
#2410=ORIENTED_EDGE('',*,*,#3618,.F.);
#2411=ORIENTED_EDGE('',*,*,#3606,.T.);
#2412=ORIENTED_EDGE('',*,*,#3617,.T.);
#2413=ORIENTED_EDGE('',*,*,#2844,.F.);
#2414=ORIENTED_EDGE('',*,*,#3619,.F.);
#2415=ORIENTED_EDGE('',*,*,#3607,.T.);
#2416=ORIENTED_EDGE('',*,*,#3618,.T.);
#2417=ORIENTED_EDGE('',*,*,#2843,.F.);
#2418=ORIENTED_EDGE('',*,*,#3620,.F.);
#2419=ORIENTED_EDGE('',*,*,#3608,.T.);
#2420=ORIENTED_EDGE('',*,*,#3619,.T.);
#2421=ORIENTED_EDGE('',*,*,#2842,.F.);
#2422=ORIENTED_EDGE('',*,*,#3612,.F.);
#2423=ORIENTED_EDGE('',*,*,#3609,.T.);
#2424=ORIENTED_EDGE('',*,*,#3620,.T.);
#2425=ORIENTED_EDGE('',*,*,#3621,.F.);
#2426=ORIENTED_EDGE('',*,*,#3622,.F.);
#2427=ORIENTED_EDGE('',*,*,#3623,.F.);
#2428=ORIENTED_EDGE('',*,*,#3624,.F.);
#2429=ORIENTED_EDGE('',*,*,#3625,.F.);
#2430=ORIENTED_EDGE('',*,*,#3626,.F.);
#2431=ORIENTED_EDGE('',*,*,#3627,.F.);
#2432=ORIENTED_EDGE('',*,*,#3628,.F.);
#2433=ORIENTED_EDGE('',*,*,#3629,.F.);
#2434=ORIENTED_EDGE('',*,*,#3630,.F.);
#2435=ORIENTED_EDGE('',*,*,#2831,.F.);
#2436=ORIENTED_EDGE('',*,*,#3631,.F.);
#2437=ORIENTED_EDGE('',*,*,#3630,.T.);
#2438=ORIENTED_EDGE('',*,*,#3632,.T.);
#2439=ORIENTED_EDGE('',*,*,#2830,.F.);
#2440=ORIENTED_EDGE('',*,*,#3633,.F.);
#2441=ORIENTED_EDGE('',*,*,#3621,.T.);
#2442=ORIENTED_EDGE('',*,*,#3631,.T.);
#2443=ORIENTED_EDGE('',*,*,#2839,.F.);
#2444=ORIENTED_EDGE('',*,*,#3634,.F.);
#2445=ORIENTED_EDGE('',*,*,#3622,.T.);
#2446=ORIENTED_EDGE('',*,*,#3633,.T.);
#2447=ORIENTED_EDGE('',*,*,#2838,.F.);
#2448=ORIENTED_EDGE('',*,*,#3635,.F.);
#2449=ORIENTED_EDGE('',*,*,#3623,.T.);
#2450=ORIENTED_EDGE('',*,*,#3634,.T.);
#2451=ORIENTED_EDGE('',*,*,#2837,.F.);
#2452=ORIENTED_EDGE('',*,*,#3636,.F.);
#2453=ORIENTED_EDGE('',*,*,#3624,.T.);
#2454=ORIENTED_EDGE('',*,*,#3635,.T.);
#2455=ORIENTED_EDGE('',*,*,#2836,.F.);
#2456=ORIENTED_EDGE('',*,*,#3637,.F.);
#2457=ORIENTED_EDGE('',*,*,#3625,.T.);
#2458=ORIENTED_EDGE('',*,*,#3636,.T.);
#2459=ORIENTED_EDGE('',*,*,#2835,.F.);
#2460=ORIENTED_EDGE('',*,*,#3638,.F.);
#2461=ORIENTED_EDGE('',*,*,#3626,.T.);
#2462=ORIENTED_EDGE('',*,*,#3637,.T.);
#2463=ORIENTED_EDGE('',*,*,#2834,.F.);
#2464=ORIENTED_EDGE('',*,*,#3639,.F.);
#2465=ORIENTED_EDGE('',*,*,#3627,.T.);
#2466=ORIENTED_EDGE('',*,*,#3638,.T.);
#2467=ORIENTED_EDGE('',*,*,#2833,.F.);
#2468=ORIENTED_EDGE('',*,*,#3640,.F.);
#2469=ORIENTED_EDGE('',*,*,#3628,.T.);
#2470=ORIENTED_EDGE('',*,*,#3639,.T.);
#2471=ORIENTED_EDGE('',*,*,#2832,.F.);
#2472=ORIENTED_EDGE('',*,*,#3632,.F.);
#2473=ORIENTED_EDGE('',*,*,#3629,.T.);
#2474=ORIENTED_EDGE('',*,*,#3640,.T.);
#2475=ORIENTED_EDGE('',*,*,#3641,.F.);
#2476=ORIENTED_EDGE('',*,*,#3642,.F.);
#2477=ORIENTED_EDGE('',*,*,#3643,.F.);
#2478=ORIENTED_EDGE('',*,*,#3644,.F.);
#2479=ORIENTED_EDGE('',*,*,#3645,.F.);
#2480=ORIENTED_EDGE('',*,*,#3646,.F.);
#2481=ORIENTED_EDGE('',*,*,#3647,.F.);
#2482=ORIENTED_EDGE('',*,*,#3648,.F.);
#2483=ORIENTED_EDGE('',*,*,#3649,.F.);
#2484=ORIENTED_EDGE('',*,*,#3650,.F.);
#2485=ORIENTED_EDGE('',*,*,#3651,.F.);
#2486=ORIENTED_EDGE('',*,*,#3652,.F.);
#2487=ORIENTED_EDGE('',*,*,#2819,.F.);
#2488=ORIENTED_EDGE('',*,*,#3653,.F.);
#2489=ORIENTED_EDGE('',*,*,#3652,.T.);
#2490=ORIENTED_EDGE('',*,*,#3654,.T.);
#2491=ORIENTED_EDGE('',*,*,#2818,.F.);
#2492=ORIENTED_EDGE('',*,*,#3655,.F.);
#2493=ORIENTED_EDGE('',*,*,#3641,.T.);
#2494=ORIENTED_EDGE('',*,*,#3653,.T.);
#2495=ORIENTED_EDGE('',*,*,#2829,.F.);
#2496=ORIENTED_EDGE('',*,*,#3656,.F.);
#2497=ORIENTED_EDGE('',*,*,#3642,.T.);
#2498=ORIENTED_EDGE('',*,*,#3655,.T.);
#2499=ORIENTED_EDGE('',*,*,#2828,.F.);
#2500=ORIENTED_EDGE('',*,*,#3657,.F.);
#2501=ORIENTED_EDGE('',*,*,#3643,.T.);
#2502=ORIENTED_EDGE('',*,*,#3656,.T.);
#2503=ORIENTED_EDGE('',*,*,#2827,.F.);
#2504=ORIENTED_EDGE('',*,*,#3658,.F.);
#2505=ORIENTED_EDGE('',*,*,#3644,.T.);
#2506=ORIENTED_EDGE('',*,*,#3657,.T.);
#2507=ORIENTED_EDGE('',*,*,#2826,.F.);
#2508=ORIENTED_EDGE('',*,*,#3659,.F.);
#2509=ORIENTED_EDGE('',*,*,#3645,.T.);
#2510=ORIENTED_EDGE('',*,*,#3658,.T.);
#2511=ORIENTED_EDGE('',*,*,#2825,.F.);
#2512=ORIENTED_EDGE('',*,*,#3660,.F.);
#2513=ORIENTED_EDGE('',*,*,#3646,.T.);
#2514=ORIENTED_EDGE('',*,*,#3659,.T.);
#2515=ORIENTED_EDGE('',*,*,#2824,.F.);
#2516=ORIENTED_EDGE('',*,*,#3661,.F.);
#2517=ORIENTED_EDGE('',*,*,#3647,.T.);
#2518=ORIENTED_EDGE('',*,*,#3660,.T.);
#2519=ORIENTED_EDGE('',*,*,#2823,.F.);
#2520=ORIENTED_EDGE('',*,*,#3662,.F.);
#2521=ORIENTED_EDGE('',*,*,#3648,.T.);
#2522=ORIENTED_EDGE('',*,*,#3661,.T.);
#2523=ORIENTED_EDGE('',*,*,#2822,.F.);
#2524=ORIENTED_EDGE('',*,*,#3663,.F.);
#2525=ORIENTED_EDGE('',*,*,#3649,.T.);
#2526=ORIENTED_EDGE('',*,*,#3662,.T.);
#2527=ORIENTED_EDGE('',*,*,#2821,.F.);
#2528=ORIENTED_EDGE('',*,*,#3664,.F.);
#2529=ORIENTED_EDGE('',*,*,#3650,.T.);
#2530=ORIENTED_EDGE('',*,*,#3663,.T.);
#2531=ORIENTED_EDGE('',*,*,#2820,.F.);
#2532=ORIENTED_EDGE('',*,*,#3654,.F.);
#2533=ORIENTED_EDGE('',*,*,#3651,.T.);
#2534=ORIENTED_EDGE('',*,*,#3664,.T.);
#2535=ORIENTED_EDGE('',*,*,#3665,.F.);
#2536=ORIENTED_EDGE('',*,*,#3666,.F.);
#2537=ORIENTED_EDGE('',*,*,#3667,.F.);
#2538=ORIENTED_EDGE('',*,*,#3668,.F.);
#2539=ORIENTED_EDGE('',*,*,#3669,.F.);
#2540=ORIENTED_EDGE('',*,*,#3670,.F.);
#2541=ORIENTED_EDGE('',*,*,#3671,.F.);
#2542=ORIENTED_EDGE('',*,*,#3672,.F.);
#2543=ORIENTED_EDGE('',*,*,#3673,.F.);
#2544=ORIENTED_EDGE('',*,*,#3674,.F.);
#2545=ORIENTED_EDGE('',*,*,#3675,.F.);
#2546=ORIENTED_EDGE('',*,*,#3676,.F.);
#2547=ORIENTED_EDGE('',*,*,#3677,.F.);
#2548=ORIENTED_EDGE('',*,*,#3678,.F.);
#2549=ORIENTED_EDGE('',*,*,#3679,.F.);
#2550=ORIENTED_EDGE('',*,*,#3680,.F.);
#2551=ORIENTED_EDGE('',*,*,#3044,.F.);
#2552=ORIENTED_EDGE('',*,*,#3681,.F.);
#2553=ORIENTED_EDGE('',*,*,#3671,.T.);
#2554=ORIENTED_EDGE('',*,*,#3682,.T.);
#2555=ORIENTED_EDGE('',*,*,#3045,.F.);
#2556=ORIENTED_EDGE('',*,*,#3682,.F.);
#2557=ORIENTED_EDGE('',*,*,#3670,.T.);
#2558=ORIENTED_EDGE('',*,*,#3683,.T.);
#2559=ORIENTED_EDGE('',*,*,#3046,.F.);
#2560=ORIENTED_EDGE('',*,*,#3683,.F.);
#2561=ORIENTED_EDGE('',*,*,#3669,.T.);
#2562=ORIENTED_EDGE('',*,*,#3684,.T.);
#2563=ORIENTED_EDGE('',*,*,#3047,.F.);
#2564=ORIENTED_EDGE('',*,*,#3684,.F.);
#2565=ORIENTED_EDGE('',*,*,#3668,.T.);
#2566=ORIENTED_EDGE('',*,*,#3685,.T.);
#2567=ORIENTED_EDGE('',*,*,#3048,.F.);
#2568=ORIENTED_EDGE('',*,*,#3685,.F.);
#2569=ORIENTED_EDGE('',*,*,#3667,.T.);
#2570=ORIENTED_EDGE('',*,*,#3686,.T.);
#2571=ORIENTED_EDGE('',*,*,#3049,.F.);
#2572=ORIENTED_EDGE('',*,*,#3686,.F.);
#2573=ORIENTED_EDGE('',*,*,#3666,.T.);
#2574=ORIENTED_EDGE('',*,*,#3687,.T.);
#2575=ORIENTED_EDGE('',*,*,#3050,.F.);
#2576=ORIENTED_EDGE('',*,*,#3687,.F.);
#2577=ORIENTED_EDGE('',*,*,#3665,.T.);
#2578=ORIENTED_EDGE('',*,*,#3688,.T.);
#2579=ORIENTED_EDGE('',*,*,#3043,.F.);
#2580=ORIENTED_EDGE('',*,*,#3688,.F.);
#2581=ORIENTED_EDGE('',*,*,#3672,.T.);
#2582=ORIENTED_EDGE('',*,*,#3681,.T.);
#2583=ORIENTED_EDGE('',*,*,#3689,.F.);
#2584=ORIENTED_EDGE('',*,*,#3690,.F.);
#2585=ORIENTED_EDGE('',*,*,#3680,.T.);
#2586=ORIENTED_EDGE('',*,*,#3691,.T.);
#2587=ORIENTED_EDGE('',*,*,#3692,.F.);
#2588=ORIENTED_EDGE('',*,*,#3693,.F.);
#2589=ORIENTED_EDGE('',*,*,#3673,.T.);
#2590=ORIENTED_EDGE('',*,*,#3690,.T.);
#2591=ORIENTED_EDGE('',*,*,#3694,.F.);
#2592=ORIENTED_EDGE('',*,*,#3695,.F.);
#2593=ORIENTED_EDGE('',*,*,#3674,.T.);
#2594=ORIENTED_EDGE('',*,*,#3693,.T.);
#2595=ORIENTED_EDGE('',*,*,#3696,.F.);
#2596=ORIENTED_EDGE('',*,*,#3697,.F.);
#2597=ORIENTED_EDGE('',*,*,#3675,.T.);
#2598=ORIENTED_EDGE('',*,*,#3695,.T.);
#2599=ORIENTED_EDGE('',*,*,#3698,.F.);
#2600=ORIENTED_EDGE('',*,*,#3699,.F.);
#2601=ORIENTED_EDGE('',*,*,#3676,.T.);
#2602=ORIENTED_EDGE('',*,*,#3697,.T.);
#2603=ORIENTED_EDGE('',*,*,#3700,.F.);
#2604=ORIENTED_EDGE('',*,*,#3701,.F.);
#2605=ORIENTED_EDGE('',*,*,#3677,.T.);
#2606=ORIENTED_EDGE('',*,*,#3699,.T.);
#2607=ORIENTED_EDGE('',*,*,#3702,.F.);
#2608=ORIENTED_EDGE('',*,*,#3703,.F.);
#2609=ORIENTED_EDGE('',*,*,#3678,.T.);
#2610=ORIENTED_EDGE('',*,*,#3701,.T.);
#2611=ORIENTED_EDGE('',*,*,#3704,.F.);
#2612=ORIENTED_EDGE('',*,*,#3691,.F.);
#2613=ORIENTED_EDGE('',*,*,#3679,.T.);
#2614=ORIENTED_EDGE('',*,*,#3703,.T.);
#2615=ORIENTED_EDGE('',*,*,#3705,.F.);
#2616=ORIENTED_EDGE('',*,*,#3706,.F.);
#2617=ORIENTED_EDGE('',*,*,#3707,.F.);
#2618=ORIENTED_EDGE('',*,*,#3708,.F.);
#2619=ORIENTED_EDGE('',*,*,#3709,.F.);
#2620=ORIENTED_EDGE('',*,*,#3710,.F.);
#2621=ORIENTED_EDGE('',*,*,#3711,.F.);
#2622=ORIENTED_EDGE('',*,*,#3712,.F.);
#2623=ORIENTED_EDGE('',*,*,#3052,.F.);
#2624=ORIENTED_EDGE('',*,*,#3713,.F.);
#2625=ORIENTED_EDGE('',*,*,#3712,.T.);
#2626=ORIENTED_EDGE('',*,*,#3714,.T.);
#2627=ORIENTED_EDGE('',*,*,#3051,.F.);
#2628=ORIENTED_EDGE('',*,*,#3715,.F.);
#2629=ORIENTED_EDGE('',*,*,#3705,.T.);
#2630=ORIENTED_EDGE('',*,*,#3713,.T.);
#2631=ORIENTED_EDGE('',*,*,#3058,.F.);
#2632=ORIENTED_EDGE('',*,*,#3716,.F.);
#2633=ORIENTED_EDGE('',*,*,#3706,.T.);
#2634=ORIENTED_EDGE('',*,*,#3715,.T.);
#2635=ORIENTED_EDGE('',*,*,#3057,.F.);
#2636=ORIENTED_EDGE('',*,*,#3717,.F.);
#2637=ORIENTED_EDGE('',*,*,#3707,.T.);
#2638=ORIENTED_EDGE('',*,*,#3716,.T.);
#2639=ORIENTED_EDGE('',*,*,#3056,.F.);
#2640=ORIENTED_EDGE('',*,*,#3718,.F.);
#2641=ORIENTED_EDGE('',*,*,#3708,.T.);
#2642=ORIENTED_EDGE('',*,*,#3717,.T.);
#2643=ORIENTED_EDGE('',*,*,#3055,.F.);
#2644=ORIENTED_EDGE('',*,*,#3719,.F.);
#2645=ORIENTED_EDGE('',*,*,#3709,.T.);
#2646=ORIENTED_EDGE('',*,*,#3718,.T.);
#2647=ORIENTED_EDGE('',*,*,#3054,.F.);
#2648=ORIENTED_EDGE('',*,*,#3720,.F.);
#2649=ORIENTED_EDGE('',*,*,#3710,.T.);
#2650=ORIENTED_EDGE('',*,*,#3719,.T.);
#2651=ORIENTED_EDGE('',*,*,#3053,.F.);
#2652=ORIENTED_EDGE('',*,*,#3714,.F.);
#2653=ORIENTED_EDGE('',*,*,#3711,.T.);
#2654=ORIENTED_EDGE('',*,*,#3720,.T.);
#2655=ORIENTED_EDGE('',*,*,#3721,.F.);
#2656=ORIENTED_EDGE('',*,*,#3722,.F.);
#2657=ORIENTED_EDGE('',*,*,#3723,.F.);
#2658=ORIENTED_EDGE('',*,*,#3724,.F.);
#2659=ORIENTED_EDGE('',*,*,#3725,.F.);
#2660=ORIENTED_EDGE('',*,*,#3726,.F.);
#2661=ORIENTED_EDGE('',*,*,#3727,.F.);
#2662=ORIENTED_EDGE('',*,*,#3728,.F.);
#2663=ORIENTED_EDGE('',*,*,#3729,.F.);
#2664=ORIENTED_EDGE('',*,*,#3730,.F.);
#2665=ORIENTED_EDGE('',*,*,#3731,.F.);
#2666=ORIENTED_EDGE('',*,*,#3732,.F.);
#2667=ORIENTED_EDGE('',*,*,#3733,.F.);
#2668=ORIENTED_EDGE('',*,*,#3734,.F.);
#2669=ORIENTED_EDGE('',*,*,#3735,.F.);
#2670=ORIENTED_EDGE('',*,*,#3736,.F.);
#2671=ORIENTED_EDGE('',*,*,#3737,.F.);
#2672=ORIENTED_EDGE('',*,*,#3738,.F.);
#2673=ORIENTED_EDGE('',*,*,#2808,.F.);
#2674=ORIENTED_EDGE('',*,*,#3739,.F.);
#2675=ORIENTED_EDGE('',*,*,#3730,.T.);
#2676=ORIENTED_EDGE('',*,*,#3740,.T.);
#2677=ORIENTED_EDGE('',*,*,#2809,.F.);
#2678=ORIENTED_EDGE('',*,*,#3740,.F.);
#2679=ORIENTED_EDGE('',*,*,#3729,.T.);
#2680=ORIENTED_EDGE('',*,*,#3741,.T.);
#2681=ORIENTED_EDGE('',*,*,#2810,.F.);
#2682=ORIENTED_EDGE('',*,*,#3741,.F.);
#2683=ORIENTED_EDGE('',*,*,#3728,.T.);
#2684=ORIENTED_EDGE('',*,*,#3742,.T.);
#2685=ORIENTED_EDGE('',*,*,#2811,.F.);
#2686=ORIENTED_EDGE('',*,*,#3742,.F.);
#2687=ORIENTED_EDGE('',*,*,#3727,.T.);
#2688=ORIENTED_EDGE('',*,*,#3743,.T.);
#2689=ORIENTED_EDGE('',*,*,#2812,.F.);
#2690=ORIENTED_EDGE('',*,*,#3743,.F.);
#2691=ORIENTED_EDGE('',*,*,#3726,.T.);
#2692=ORIENTED_EDGE('',*,*,#3744,.T.);
#2693=ORIENTED_EDGE('',*,*,#2813,.F.);
#2694=ORIENTED_EDGE('',*,*,#3744,.F.);
#2695=ORIENTED_EDGE('',*,*,#3725,.T.);
#2696=ORIENTED_EDGE('',*,*,#3745,.T.);
#2697=ORIENTED_EDGE('',*,*,#2814,.F.);
#2698=ORIENTED_EDGE('',*,*,#3745,.F.);
#2699=ORIENTED_EDGE('',*,*,#3724,.T.);
#2700=ORIENTED_EDGE('',*,*,#3746,.T.);
#2701=ORIENTED_EDGE('',*,*,#2815,.F.);
#2702=ORIENTED_EDGE('',*,*,#3746,.F.);
#2703=ORIENTED_EDGE('',*,*,#3723,.T.);
#2704=ORIENTED_EDGE('',*,*,#3747,.T.);
#2705=ORIENTED_EDGE('',*,*,#2816,.F.);
#2706=ORIENTED_EDGE('',*,*,#3747,.F.);
#2707=ORIENTED_EDGE('',*,*,#3722,.T.);
#2708=ORIENTED_EDGE('',*,*,#3748,.T.);
#2709=ORIENTED_EDGE('',*,*,#2817,.F.);
#2710=ORIENTED_EDGE('',*,*,#3748,.F.);
#2711=ORIENTED_EDGE('',*,*,#3721,.T.);
#2712=ORIENTED_EDGE('',*,*,#3749,.T.);
#2713=ORIENTED_EDGE('',*,*,#2807,.F.);
#2714=ORIENTED_EDGE('',*,*,#3749,.F.);
#2715=ORIENTED_EDGE('',*,*,#3731,.T.);
#2716=ORIENTED_EDGE('',*,*,#3739,.T.);
#2717=ORIENTED_EDGE('',*,*,#3750,.F.);
#2718=ORIENTED_EDGE('',*,*,#3751,.F.);
#2719=ORIENTED_EDGE('',*,*,#3738,.T.);
#2720=ORIENTED_EDGE('',*,*,#3752,.T.);
#2721=ORIENTED_EDGE('',*,*,#3753,.F.);
#2722=ORIENTED_EDGE('',*,*,#3754,.F.);
#2723=ORIENTED_EDGE('',*,*,#3732,.T.);
#2724=ORIENTED_EDGE('',*,*,#3751,.T.);
#2725=ORIENTED_EDGE('',*,*,#3755,.F.);
#2726=ORIENTED_EDGE('',*,*,#3756,.F.);
#2727=ORIENTED_EDGE('',*,*,#3733,.T.);
#2728=ORIENTED_EDGE('',*,*,#3754,.T.);
#2729=ORIENTED_EDGE('',*,*,#3757,.F.);
#2730=ORIENTED_EDGE('',*,*,#3758,.F.);
#2731=ORIENTED_EDGE('',*,*,#3734,.T.);
#2732=ORIENTED_EDGE('',*,*,#3756,.T.);
#2733=ORIENTED_EDGE('',*,*,#3759,.F.);
#2734=ORIENTED_EDGE('',*,*,#3760,.F.);
#2735=ORIENTED_EDGE('',*,*,#3735,.T.);
#2736=ORIENTED_EDGE('',*,*,#3758,.T.);
#2737=ORIENTED_EDGE('',*,*,#3761,.F.);
#2738=ORIENTED_EDGE('',*,*,#3762,.F.);
#2739=ORIENTED_EDGE('',*,*,#3736,.T.);
#2740=ORIENTED_EDGE('',*,*,#3760,.T.);
#2741=ORIENTED_EDGE('',*,*,#3763,.F.);
#2742=ORIENTED_EDGE('',*,*,#3752,.F.);
#2743=ORIENTED_EDGE('',*,*,#3737,.T.);
#2744=ORIENTED_EDGE('',*,*,#3762,.T.);
#2745=ORIENTED_EDGE('',*,*,#3475,.T.);
#2746=ORIENTED_EDGE('',*,*,#3472,.T.);
#2747=ORIENTED_EDGE('',*,*,#3485,.T.);
#2748=ORIENTED_EDGE('',*,*,#3483,.T.);
#2749=ORIENTED_EDGE('',*,*,#3481,.T.);
#2750=ORIENTED_EDGE('',*,*,#3479,.T.);
#2751=ORIENTED_EDGE('',*,*,#3477,.T.);
#2752=ORIENTED_EDGE('',*,*,#3550,.T.);
#2753=ORIENTED_EDGE('',*,*,#3547,.T.);
#2754=ORIENTED_EDGE('',*,*,#3562,.T.);
#2755=ORIENTED_EDGE('',*,*,#3560,.T.);
#2756=ORIENTED_EDGE('',*,*,#3558,.T.);
#2757=ORIENTED_EDGE('',*,*,#3556,.T.);
#2758=ORIENTED_EDGE('',*,*,#3554,.T.);
#2759=ORIENTED_EDGE('',*,*,#3552,.T.);
#2760=ORIENTED_EDGE('',*,*,#3692,.T.);
#2761=ORIENTED_EDGE('',*,*,#3689,.T.);
#2762=ORIENTED_EDGE('',*,*,#3704,.T.);
#2763=ORIENTED_EDGE('',*,*,#3702,.T.);
#2764=ORIENTED_EDGE('',*,*,#3700,.T.);
#2765=ORIENTED_EDGE('',*,*,#3698,.T.);
#2766=ORIENTED_EDGE('',*,*,#3696,.T.);
#2767=ORIENTED_EDGE('',*,*,#3694,.T.);
#2768=ORIENTED_EDGE('',*,*,#3753,.T.);
#2769=ORIENTED_EDGE('',*,*,#3750,.T.);
#2770=ORIENTED_EDGE('',*,*,#3763,.T.);
#2771=ORIENTED_EDGE('',*,*,#3761,.T.);
#2772=ORIENTED_EDGE('',*,*,#3759,.T.);
#2773=ORIENTED_EDGE('',*,*,#3757,.T.);
#2774=ORIENTED_EDGE('',*,*,#3755,.T.);
#2775=ORIENTED_EDGE('',*,*,#3764,.F.);
#2776=ORIENTED_EDGE('',*,*,#3765,.F.);
#2777=ORIENTED_EDGE('',*,*,#3766,.T.);
#2778=ORIENTED_EDGE('',*,*,#3767,.T.);
#2779=ORIENTED_EDGE('',*,*,#3768,.F.);
#2780=ORIENTED_EDGE('',*,*,#3765,.T.);
#2781=ORIENTED_EDGE('',*,*,#3769,.F.);
#2782=ORIENTED_EDGE('',*,*,#3770,.T.);
#2783=ORIENTED_EDGE('',*,*,#3771,.T.);
#2784=ORIENTED_EDGE('',*,*,#3772,.F.);
#2785=ORIENTED_EDGE('',*,*,#3767,.F.);
#2786=ORIENTED_EDGE('',*,*,#3773,.T.);
#2787=ORIENTED_EDGE('',*,*,#3774,.T.);
#2788=ORIENTED_EDGE('',*,*,#3775,.F.);
#2789=ORIENTED_EDGE('',*,*,#3776,.T.);
#2790=ORIENTED_EDGE('',*,*,#3777,.F.);
#2791=ORIENTED_EDGE('',*,*,#3768,.T.);
#2792=ORIENTED_EDGE('',*,*,#3776,.F.);
#2793=ORIENTED_EDGE('',*,*,#3766,.F.);
#2794=ORIENTED_EDGE('',*,*,#3771,.F.);
#2795=ORIENTED_EDGE('',*,*,#3778,.F.);
#2796=ORIENTED_EDGE('',*,*,#3773,.F.);
#2797=ORIENTED_EDGE('',*,*,#3769,.T.);
#2798=ORIENTED_EDGE('',*,*,#3764,.T.);
#2799=ORIENTED_EDGE('',*,*,#3775,.T.);
#2800=ORIENTED_EDGE('',*,*,#3779,.T.);
#2801=ORIENTED_EDGE('',*,*,#3777,.T.);
#2802=ORIENTED_EDGE('',*,*,#3772,.T.);
#2803=ORIENTED_EDGE('',*,*,#3774,.F.);
#2804=ORIENTED_EDGE('',*,*,#3778,.T.);
#2805=ORIENTED_EDGE('',*,*,#3770,.F.);
#2806=ORIENTED_EDGE('',*,*,#3779,.F.);
#2807=EDGE_CURVE('',#3780,#3781,#4428,.T.);
#2808=EDGE_CURVE('',#3781,#3782,#711,.F.);
#2809=EDGE_CURVE('',#3782,#3783,#4429,.T.);
#2810=EDGE_CURVE('',#3783,#3784,#712,.F.);
#2811=EDGE_CURVE('',#3784,#3785,#4430,.T.);
#2812=EDGE_CURVE('',#3785,#3786,#713,.F.);
#2813=EDGE_CURVE('',#3786,#3787,#4431,.F.);
#2814=EDGE_CURVE('',#3787,#3788,#714,.F.);
#2815=EDGE_CURVE('',#3788,#3789,#4432,.F.);
#2816=EDGE_CURVE('',#3789,#3790,#637,.F.);
#2817=EDGE_CURVE('',#3790,#3780,#715,.F.);
#2818=EDGE_CURVE('',#3791,#3792,#638,.F.);
#2819=EDGE_CURVE('',#3792,#3793,#716,.F.);
#2820=EDGE_CURVE('',#3793,#3794,#639,.F.);
#2821=EDGE_CURVE('',#3794,#3795,#640,.F.);
#2822=EDGE_CURVE('',#3795,#3796,#717,.F.);
#2823=EDGE_CURVE('',#3796,#3797,#641,.F.);
#2824=EDGE_CURVE('',#3797,#3798,#642,.F.);
#2825=EDGE_CURVE('',#3798,#3799,#718,.F.);
#2826=EDGE_CURVE('',#3799,#3800,#643,.F.);
#2827=EDGE_CURVE('',#3800,#3801,#644,.F.);
#2828=EDGE_CURVE('',#3801,#3802,#719,.F.);
#2829=EDGE_CURVE('',#3802,#3791,#645,.F.);
#2830=EDGE_CURVE('',#3803,#3804,#646,.F.);
#2831=EDGE_CURVE('',#3804,#3805,#647,.F.);
#2832=EDGE_CURVE('',#3805,#3806,#720,.F.);
#2833=EDGE_CURVE('',#3806,#3807,#4433,.T.);
#2834=EDGE_CURVE('',#3807,#3808,#721,.F.);
#2835=EDGE_CURVE('',#3808,#3809,#4434,.F.);
#2836=EDGE_CURVE('',#3809,#3810,#648,.F.);
#2837=EDGE_CURVE('',#3810,#3811,#649,.F.);
#2838=EDGE_CURVE('',#3811,#3812,#301,.T.);
#2839=EDGE_CURVE('',#3812,#3803,#650,.F.);
#2840=EDGE_CURVE('',#3813,#3814,#651,.F.);
#2841=EDGE_CURVE('',#3814,#3815,#652,.F.);
#2842=EDGE_CURVE('',#3815,#3816,#722,.F.);
#2843=EDGE_CURVE('',#3816,#3817,#4435,.T.);
#2844=EDGE_CURVE('',#3817,#3818,#723,.F.);
#2845=EDGE_CURVE('',#3818,#3819,#4436,.F.);
#2846=EDGE_CURVE('',#3819,#3820,#653,.F.);
#2847=EDGE_CURVE('',#3820,#3821,#654,.F.);
#2848=EDGE_CURVE('',#3821,#3822,#302,.T.);
#2849=EDGE_CURVE('',#3822,#3813,#655,.F.);
#2850=EDGE_CURVE('',#3823,#3824,#303,.T.);
#2851=EDGE_CURVE('',#3824,#3825,#724,.F.);
#2852=EDGE_CURVE('',#3825,#3826,#656,.F.);
#2853=EDGE_CURVE('',#3826,#3827,#725,.F.);
#2854=EDGE_CURVE('',#3827,#3828,#657,.F.);
#2855=EDGE_CURVE('',#3828,#3829,#726,.F.);
#2856=EDGE_CURVE('',#3829,#3830,#304,.T.);
#2857=EDGE_CURVE('',#3830,#3831,#4437,.T.);
#2858=EDGE_CURVE('',#3831,#3832,#727,.F.);
#2859=EDGE_CURVE('',#3832,#3833,#4438,.F.);
#2860=EDGE_CURVE('',#3833,#3834,#728,.F.);
#2861=EDGE_CURVE('',#3834,#3835,#658,.F.);
#2862=EDGE_CURVE('',#3835,#3836,#729,.F.);
#2863=EDGE_CURVE('',#3836,#3837,#659,.F.);
#2864=EDGE_CURVE('',#3837,#3838,#730,.F.);
#2865=EDGE_CURVE('',#3838,#3839,#4439,.T.);
#2866=EDGE_CURVE('',#3839,#3840,#731,.F.);
#2867=EDGE_CURVE('',#3840,#3841,#4440,.F.);
#2868=EDGE_CURVE('',#3841,#3823,#305,.T.);
#2869=EDGE_CURVE('',#3842,#3843,#306,.T.);
#2870=EDGE_CURVE('',#3843,#3844,#307,.T.);
#2871=EDGE_CURVE('',#3844,#3845,#308,.T.);
#2872=EDGE_CURVE('',#3845,#3846,#309,.T.);
#2873=EDGE_CURVE('',#3846,#3847,#310,.T.);
#2874=EDGE_CURVE('',#3847,#3848,#311,.T.);
#2875=EDGE_CURVE('',#3848,#3849,#312,.T.);
#2876=EDGE_CURVE('',#3849,#3850,#313,.T.);
#2877=EDGE_CURVE('',#3850,#3851,#314,.T.);
#2878=EDGE_CURVE('',#3851,#3852,#315,.T.);
#2879=EDGE_CURVE('',#3852,#3853,#316,.T.);
#2880=EDGE_CURVE('',#3853,#3854,#317,.T.);
#2881=EDGE_CURVE('',#3854,#3855,#318,.T.);
#2882=EDGE_CURVE('',#3855,#3856,#319,.T.);
#2883=EDGE_CURVE('',#3856,#3857,#320,.T.);
#2884=EDGE_CURVE('',#3857,#3842,#321,.T.);
#2885=EDGE_CURVE('',#3858,#3859,#322,.T.);
#2886=EDGE_CURVE('',#3859,#3860,#4441,.T.);
#2887=EDGE_CURVE('',#3860,#3861,#732,.F.);
#2888=EDGE_CURVE('',#3861,#3862,#660,.F.);
#2889=EDGE_CURVE('',#3862,#3863,#733,.F.);
#2890=EDGE_CURVE('',#3863,#3864,#323,.T.);
#2891=EDGE_CURVE('',#3864,#3865,#324,.T.);
#2892=EDGE_CURVE('',#3865,#3866,#325,.T.);
#2893=EDGE_CURVE('',#3866,#3867,#326,.T.);
#2894=EDGE_CURVE('',#3867,#3868,#327,.T.);
#2895=EDGE_CURVE('',#3868,#3869,#328,.T.);
#2896=EDGE_CURVE('',#3869,#3870,#661,.F.);
#2897=EDGE_CURVE('',#3870,#3871,#4442,.F.);
#2898=EDGE_CURVE('',#3871,#3872,#329,.T.);
#2899=EDGE_CURVE('',#3872,#3873,#330,.T.);
#2900=EDGE_CURVE('',#3873,#3874,#662,.F.);
#2901=EDGE_CURVE('',#3874,#3875,#331,.T.);
#2902=EDGE_CURVE('',#3875,#3858,#332,.T.);
#2903=EDGE_CURVE('',#3876,#3877,#4443,.F.);
#2904=EDGE_CURVE('',#3877,#3878,#734,.F.);
#2905=EDGE_CURVE('',#3878,#3879,#4444,.T.);
#2906=EDGE_CURVE('',#3879,#3876,#735,.T.);
#2907=EDGE_CURVE('',#3880,#3881,#333,.T.);
#2908=EDGE_CURVE('',#3881,#3882,#334,.T.);
#2909=EDGE_CURVE('',#3882,#3883,#335,.T.);
#2910=EDGE_CURVE('',#3883,#3884,#336,.T.);
#2911=EDGE_CURVE('',#3884,#3880,#337,.T.);
#2912=EDGE_CURVE('',#3885,#3886,#4445,.F.);
#2913=EDGE_CURVE('',#3886,#3887,#736,.F.);
#2914=EDGE_CURVE('',#3887,#3888,#338,.T.);
#2915=EDGE_CURVE('',#3888,#3889,#339,.T.);
#2916=EDGE_CURVE('',#3889,#3890,#340,.T.);
#2917=EDGE_CURVE('',#3890,#3891,#341,.T.);
#2918=EDGE_CURVE('',#3891,#3892,#737,.F.);
#2919=EDGE_CURVE('',#3892,#3893,#4446,.T.);
#2920=EDGE_CURVE('',#3893,#3885,#738,.F.);
#2921=EDGE_CURVE('',#3894,#3895,#342,.T.);
#2922=EDGE_CURVE('',#3895,#3896,#343,.T.);
#2923=EDGE_CURVE('',#3896,#3897,#344,.T.);
#2924=EDGE_CURVE('',#3897,#3898,#345,.T.);
#2925=EDGE_CURVE('',#3898,#3899,#346,.T.);
#2926=EDGE_CURVE('',#3899,#3900,#347,.T.);
#2927=EDGE_CURVE('',#3900,#3901,#348,.T.);
#2928=EDGE_CURVE('',#3901,#3894,#349,.T.);
#2929=EDGE_CURVE('',#3902,#3903,#739,.F.);
#2930=EDGE_CURVE('',#3903,#3904,#4447,.F.);
#2931=EDGE_CURVE('',#3904,#3905,#740,.F.);
#2932=EDGE_CURVE('',#3905,#3902,#4448,.T.);
#2933=EDGE_CURVE('',#3906,#3907,#741,.F.);
#2934=EDGE_CURVE('',#3907,#3908,#4449,.T.);
#2935=EDGE_CURVE('',#3908,#3909,#350,.T.);
#2936=EDGE_CURVE('',#3909,#3910,#351,.T.);
#2937=EDGE_CURVE('',#3910,#3911,#352,.T.);
#2938=EDGE_CURVE('',#3911,#3912,#4450,.T.);
#2939=EDGE_CURVE('',#3912,#3913,#353,.T.);
#2940=EDGE_CURVE('',#3913,#3914,#354,.T.);
#2941=EDGE_CURVE('',#3914,#3915,#355,.T.);
#2942=EDGE_CURVE('',#3915,#3916,#4451,.F.);
#2943=EDGE_CURVE('',#3916,#3917,#742,.F.);
#2944=EDGE_CURVE('',#3917,#3918,#4452,.F.);
#2945=EDGE_CURVE('',#3918,#3919,#663,.F.);
#2946=EDGE_CURVE('',#3919,#3920,#664,.F.);
#2947=EDGE_CURVE('',#3920,#3921,#743,.F.);
#2948=EDGE_CURVE('',#3921,#3922,#4453,.T.);
#2949=EDGE_CURVE('',#3922,#3923,#744,.F.);
#2950=EDGE_CURVE('',#3923,#3906,#4454,.T.);
#2951=EDGE_CURVE('',#3924,#3925,#356,.T.);
#2952=EDGE_CURVE('',#3925,#3926,#357,.T.);
#2953=EDGE_CURVE('',#3926,#3927,#358,.T.);
#2954=EDGE_CURVE('',#3927,#3928,#359,.T.);
#2955=EDGE_CURVE('',#3928,#3929,#360,.T.);
#2956=EDGE_CURVE('',#3929,#3930,#361,.T.);
#2957=EDGE_CURVE('',#3930,#3931,#362,.T.);
#2958=EDGE_CURVE('',#3931,#3932,#4455,.F.);
#2959=EDGE_CURVE('',#3932,#3933,#363,.T.);
#2960=EDGE_CURVE('',#3933,#3934,#364,.T.);
#2961=EDGE_CURVE('',#3934,#3935,#365,.T.);
#2962=EDGE_CURVE('',#3935,#3936,#366,.T.);
#2963=EDGE_CURVE('',#3936,#3937,#367,.T.);
#2964=EDGE_CURVE('',#3937,#3938,#368,.T.);
#2965=EDGE_CURVE('',#3938,#3939,#369,.T.);
#2966=EDGE_CURVE('',#3939,#3940,#370,.T.);
#2967=EDGE_CURVE('',#3940,#3941,#371,.T.);
#2968=EDGE_CURVE('',#3941,#3942,#372,.T.);
#2969=EDGE_CURVE('',#3942,#3943,#373,.T.);
#2970=EDGE_CURVE('',#3943,#3944,#374,.T.);
#2971=EDGE_CURVE('',#3944,#3945,#375,.T.);
#2972=EDGE_CURVE('',#3945,#3946,#376,.T.);
#2973=EDGE_CURVE('',#3946,#3947,#665,.F.);
#2974=EDGE_CURVE('',#3947,#3948,#377,.T.);
#2975=EDGE_CURVE('',#3948,#3949,#378,.T.);
#2976=EDGE_CURVE('',#3949,#3950,#379,.T.);
#2977=EDGE_CURVE('',#3950,#3951,#380,.T.);
#2978=EDGE_CURVE('',#3951,#3924,#381,.T.);
#2979=EDGE_CURVE('',#3952,#3953,#745,.F.);
#2980=EDGE_CURVE('',#3953,#3954,#666,.F.);
#2981=EDGE_CURVE('',#3954,#3955,#667,.F.);
#2982=EDGE_CURVE('',#3955,#3956,#382,.T.);
#2983=EDGE_CURVE('',#3956,#3957,#383,.T.);
#2984=EDGE_CURVE('',#3957,#3958,#384,.T.);
#2985=EDGE_CURVE('',#3958,#3959,#385,.T.);
#2986=EDGE_CURVE('',#3959,#3960,#386,.T.);
#2987=EDGE_CURVE('',#3960,#3961,#387,.T.);
#2988=EDGE_CURVE('',#3961,#3962,#4456,.F.);
#2989=EDGE_CURVE('',#3962,#3963,#388,.T.);
#2990=EDGE_CURVE('',#3963,#3964,#389,.T.);
#2991=EDGE_CURVE('',#3964,#3965,#390,.T.);
#2992=EDGE_CURVE('',#3965,#3966,#391,.T.);
#2993=EDGE_CURVE('',#3966,#3967,#392,.T.);
#2994=EDGE_CURVE('',#3967,#3968,#393,.T.);
#2995=EDGE_CURVE('',#3968,#3969,#668,.F.);
#2996=EDGE_CURVE('',#3969,#3970,#669,.F.);
#2997=EDGE_CURVE('',#3970,#3971,#746,.F.);
#2998=EDGE_CURVE('',#3971,#3952,#4457,.T.);
#2999=EDGE_CURVE('',#3972,#3973,#747,.F.);
#3000=EDGE_CURVE('',#3973,#3974,#4458,.F.);
#3001=EDGE_CURVE('',#3974,#3975,#748,.F.);
#3002=EDGE_CURVE('',#3975,#3972,#4459,.T.);
#3003=EDGE_CURVE('',#3976,#3977,#394,.T.);
#3004=EDGE_CURVE('',#3977,#3978,#395,.T.);
#3005=EDGE_CURVE('',#3978,#3979,#396,.T.);
#3006=EDGE_CURVE('',#3979,#3980,#4460,.T.);
#3007=EDGE_CURVE('',#3980,#3981,#749,.F.);
#3008=EDGE_CURVE('',#3981,#3982,#4461,.F.);
#3009=EDGE_CURVE('',#3982,#3983,#397,.T.);
#3010=EDGE_CURVE('',#3983,#3984,#398,.T.);
#3011=EDGE_CURVE('',#3984,#3985,#399,.T.);
#3012=EDGE_CURVE('',#3985,#3986,#400,.T.);
#3013=EDGE_CURVE('',#3986,#3987,#4462,.T.);
#3014=EDGE_CURVE('',#3987,#3988,#750,.F.);
#3015=EDGE_CURVE('',#3988,#3989,#4463,.F.);
#3016=EDGE_CURVE('',#3989,#3990,#751,.F.);
#3017=EDGE_CURVE('',#3990,#3991,#670,.F.);
#3018=EDGE_CURVE('',#3991,#3992,#752,.F.);
#3019=EDGE_CURVE('',#3992,#3993,#401,.T.);
#3020=EDGE_CURVE('',#3993,#3994,#402,.T.);
#3021=EDGE_CURVE('',#3994,#3995,#403,.T.);
#3022=EDGE_CURVE('',#3995,#3996,#753,.F.);
#3023=EDGE_CURVE('',#3996,#3997,#404,.T.);
#3024=EDGE_CURVE('',#3997,#3998,#405,.T.);
#3025=EDGE_CURVE('',#3998,#3999,#406,.T.);
#3026=EDGE_CURVE('',#3999,#4000,#407,.T.);
#3027=EDGE_CURVE('',#4000,#4001,#4464,.T.);
#3028=EDGE_CURVE('',#4001,#4002,#754,.F.);
#3029=EDGE_CURVE('',#4002,#4003,#4465,.F.);
#3030=EDGE_CURVE('',#4003,#3976,#408,.T.);
#3031=EDGE_CURVE('',#4004,#4005,#409,.T.);
#3032=EDGE_CURVE('',#4005,#4006,#755,.F.);
#3033=EDGE_CURVE('',#4006,#4007,#671,.F.);
#3034=EDGE_CURVE('',#4007,#4008,#756,.F.);
#3035=EDGE_CURVE('',#4008,#4009,#4466,.T.);
#3036=EDGE_CURVE('',#4009,#4010,#757,.F.);
#3037=EDGE_CURVE('',#4010,#4011,#4467,.F.);
#3038=EDGE_CURVE('',#4011,#4012,#758,.F.);
#3039=EDGE_CURVE('',#4012,#4013,#410,.T.);
#3040=EDGE_CURVE('',#4013,#4014,#411,.T.);
#3041=EDGE_CURVE('',#4014,#4015,#412,.T.);
#3042=EDGE_CURVE('',#4015,#4004,#413,.T.);
#3043=EDGE_CURVE('',#4016,#4017,#414,.T.);
#3044=EDGE_CURVE('',#4017,#4018,#415,.T.);
#3045=EDGE_CURVE('',#4018,#4019,#416,.T.);
#3046=EDGE_CURVE('',#4019,#4020,#417,.T.);
#3047=EDGE_CURVE('',#4020,#4021,#418,.T.);
#3048=EDGE_CURVE('',#4021,#4022,#419,.T.);
#3049=EDGE_CURVE('',#4022,#4023,#420,.T.);
#3050=EDGE_CURVE('',#4023,#4016,#421,.T.);
#3051=EDGE_CURVE('',#4024,#4025,#422,.T.);
#3052=EDGE_CURVE('',#4025,#4026,#423,.T.);
#3053=EDGE_CURVE('',#4026,#4027,#424,.T.);
#3054=EDGE_CURVE('',#4027,#4028,#425,.T.);
#3055=EDGE_CURVE('',#4028,#4029,#426,.T.);
#3056=EDGE_CURVE('',#4029,#4030,#427,.T.);
#3057=EDGE_CURVE('',#4030,#4031,#428,.T.);
#3058=EDGE_CURVE('',#4031,#4024,#429,.T.);
#3059=EDGE_CURVE('',#4032,#4033,#759,.T.);
#3060=EDGE_CURVE('',#4033,#4034,#4468,.T.);
#3061=EDGE_CURVE('',#4035,#4034,#760,.T.);
#3062=EDGE_CURVE('',#4032,#4035,#4469,.T.);
#3063=EDGE_CURVE('',#4036,#4036,#761,.T.);
#3064=EDGE_CURVE('',#4037,#4038,#4470,.T.);
#3065=EDGE_CURVE('',#4038,#4039,#762,.T.);
#3066=EDGE_CURVE('',#4039,#4040,#4471,.F.);
#3067=EDGE_CURVE('',#4041,#4040,#763,.F.);
#3068=EDGE_CURVE('',#4041,#4042,#764,.F.);
#3069=EDGE_CURVE('',#4037,#4042,#765,.F.);
#3070=EDGE_CURVE('',#4043,#4043,#766,.F.);
#3071=EDGE_CURVE('',#4044,#4045,#4472,.F.);
#3072=EDGE_CURVE('',#4045,#4046,#767,.F.);
#3073=EDGE_CURVE('',#4046,#4047,#4473,.T.);
#3074=EDGE_CURVE('',#4048,#4047,#768,.T.);
#3075=EDGE_CURVE('',#4048,#4049,#769,.T.);
#3076=EDGE_CURVE('',#4044,#4049,#770,.T.);
#3077=EDGE_CURVE('',#4034,#4050,#4474,.T.);
#3078=EDGE_CURVE('',#4051,#4050,#771,.F.);
#3079=EDGE_CURVE('',#4035,#4051,#4475,.T.);
#3080=EDGE_CURVE('',#4052,#4052,#772,.T.);
#3081=EDGE_CURVE('',#4053,#4053,#773,.F.);
#3082=EDGE_CURVE('',#4054,#4032,#4476,.T.);
#3083=EDGE_CURVE('',#4055,#4054,#774,.T.);
#3084=EDGE_CURVE('',#4055,#4033,#4477,.T.);
#3085=EDGE_CURVE('',#4056,#4056,#775,.T.);
#3086=EDGE_CURVE('',#4057,#4057,#776,.T.);
#3087=EDGE_CURVE('',#4050,#4055,#4478,.T.);
#3088=EDGE_CURVE('',#4051,#4054,#4479,.T.);
#3089=EDGE_CURVE('',#4058,#4059,#4480,.T.);
#3090=EDGE_CURVE('',#4058,#4060,#4481,.F.);
#3091=EDGE_CURVE('',#4060,#4061,#4482,.F.);
#3092=EDGE_CURVE('',#4061,#4059,#4483,.F.);
#3093=EDGE_CURVE('',#4062,#4063,#4484,.F.);
#3094=EDGE_CURVE('',#4063,#4064,#4485,.T.);
#3095=EDGE_CURVE('',#4064,#4065,#4486,.T.);
#3096=EDGE_CURVE('',#4065,#4062,#4487,.T.);
#3097=EDGE_CURVE('',#4064,#4058,#777,.T.);
#3098=EDGE_CURVE('',#4059,#4065,#778,.F.);
#3099=EDGE_CURVE('',#4065,#4045,#779,.T.);
#3100=EDGE_CURVE('',#4046,#4059,#780,.T.);
#3101=EDGE_CURVE('',#4062,#4044,#781,.T.);
#3102=EDGE_CURVE('',#4047,#4061,#782,.T.);
#3103=EDGE_CURVE('',#4049,#3877,#783,.T.);
#3104=EDGE_CURVE('',#3878,#4048,#784,.T.);
#3105=EDGE_CURVE('',#4062,#3877,#785,.T.);
#3106=EDGE_CURVE('',#3878,#4061,#786,.T.);
#3107=EDGE_CURVE('',#4063,#3876,#787,.T.);
#3108=EDGE_CURVE('',#3879,#4060,#788,.T.);
#3109=EDGE_CURVE('',#4042,#3879,#789,.T.);
#3110=EDGE_CURVE('',#3876,#4041,#790,.T.);
#3111=EDGE_CURVE('',#4063,#4040,#791,.F.);
#3112=EDGE_CURVE('',#4037,#4060,#792,.F.);
#3113=EDGE_CURVE('',#4064,#4039,#793,.T.);
#3114=EDGE_CURVE('',#4038,#4058,#794,.T.);
#3115=EDGE_CURVE('',#4066,#4067,#430,.T.);
#3116=EDGE_CURVE('',#4068,#4066,#431,.T.);
#3117=EDGE_CURVE('',#4069,#4068,#432,.T.);
#3118=EDGE_CURVE('',#4070,#4069,#433,.T.);
#3119=EDGE_CURVE('',#4067,#4070,#434,.T.);
#3120=EDGE_CURVE('',#4067,#3881,#4488,.T.);
#3121=EDGE_CURVE('',#4070,#3882,#4489,.T.);
#3122=EDGE_CURVE('',#4066,#3880,#4490,.T.);
#3123=EDGE_CURVE('',#4068,#3884,#4491,.T.);
#3124=EDGE_CURVE('',#4069,#3883,#4492,.T.);
#3125=EDGE_CURVE('',#4071,#4072,#435,.T.);
#3126=EDGE_CURVE('',#4073,#4071,#436,.T.);
#3127=EDGE_CURVE('',#4074,#4073,#437,.T.);
#3128=EDGE_CURVE('',#4075,#4074,#795,.F.);
#3129=EDGE_CURVE('',#4076,#4075,#4493,.T.);
#3130=EDGE_CURVE('',#4077,#4076,#796,.F.);
#3131=EDGE_CURVE('',#4072,#4077,#438,.T.);
#3132=EDGE_CURVE('',#4078,#4079,#4494,.F.);
#3133=EDGE_CURVE('',#4080,#4078,#797,.F.);
#3134=EDGE_CURVE('',#4081,#4080,#4495,.T.);
#3135=EDGE_CURVE('',#4082,#4081,#798,.F.);
#3136=EDGE_CURVE('',#4083,#4082,#439,.T.);
#3137=EDGE_CURVE('',#4084,#4083,#440,.T.);
#3138=EDGE_CURVE('',#4085,#4084,#441,.T.);
#3139=EDGE_CURVE('',#4086,#4085,#442,.T.);
#3140=EDGE_CURVE('',#4079,#4086,#799,.F.);
#3141=EDGE_CURVE('',#4087,#4088,#800,.F.);
#3142=EDGE_CURVE('',#4077,#4087,#4496,.T.);
#3143=EDGE_CURVE('',#4076,#4088,#4497,.T.);
#3144=EDGE_CURVE('',#4088,#4089,#4498,.T.);
#3145=EDGE_CURVE('',#4075,#4089,#4499,.T.);
#3146=EDGE_CURVE('',#4089,#4090,#801,.F.);
#3147=EDGE_CURVE('',#4074,#4090,#4500,.T.);
#3148=EDGE_CURVE('',#4090,#4091,#443,.T.);
#3149=EDGE_CURVE('',#4073,#4091,#4501,.T.);
#3150=EDGE_CURVE('',#4091,#4092,#444,.T.);
#3151=EDGE_CURVE('',#4071,#4092,#4502,.T.);
#3152=EDGE_CURVE('',#4092,#4093,#445,.T.);
#3153=EDGE_CURVE('',#4072,#4093,#4503,.T.);
#3154=EDGE_CURVE('',#4093,#4087,#446,.T.);
#3155=EDGE_CURVE('',#4079,#3886,#4504,.T.);
#3156=EDGE_CURVE('',#4086,#3887,#4505,.T.);
#3157=EDGE_CURVE('',#4078,#3885,#4506,.T.);
#3158=EDGE_CURVE('',#4080,#3893,#4507,.T.);
#3159=EDGE_CURVE('',#4081,#3892,#4508,.T.);
#3160=EDGE_CURVE('',#4082,#3891,#4509,.T.);
#3161=EDGE_CURVE('',#4083,#3890,#4510,.T.);
#3162=EDGE_CURVE('',#4084,#3889,#4511,.T.);
#3163=EDGE_CURVE('',#4085,#3888,#4512,.T.);
#3164=EDGE_CURVE('',#4094,#4095,#447,.T.);
#3165=EDGE_CURVE('',#4096,#4094,#448,.T.);
#3166=EDGE_CURVE('',#4097,#4096,#449,.T.);
#3167=EDGE_CURVE('',#4098,#4097,#450,.T.);
#3168=EDGE_CURVE('',#4099,#4098,#451,.T.);
#3169=EDGE_CURVE('',#4100,#4099,#452,.T.);
#3170=EDGE_CURVE('',#4101,#4100,#453,.T.);
#3171=EDGE_CURVE('',#4095,#4101,#454,.T.);
#3172=EDGE_CURVE('',#4095,#3895,#4513,.T.);
#3173=EDGE_CURVE('',#4101,#3896,#4514,.T.);
#3174=EDGE_CURVE('',#4094,#3894,#4515,.T.);
#3175=EDGE_CURVE('',#4096,#3901,#4516,.T.);
#3176=EDGE_CURVE('',#4097,#3900,#4517,.T.);
#3177=EDGE_CURVE('',#4098,#3899,#4518,.T.);
#3178=EDGE_CURVE('',#4099,#3898,#4519,.T.);
#3179=EDGE_CURVE('',#4100,#3897,#4520,.T.);
#3180=EDGE_CURVE('',#4102,#4103,#802,.F.);
#3181=EDGE_CURVE('',#4104,#4102,#4521,.T.);
#3182=EDGE_CURVE('',#4105,#4104,#803,.F.);
#3183=EDGE_CURVE('',#4103,#4105,#4522,.F.);
#3184=EDGE_CURVE('',#4103,#3903,#4523,.T.);
#3185=EDGE_CURVE('',#4105,#3904,#4524,.T.);
#3186=EDGE_CURVE('',#4102,#3902,#4525,.T.);
#3187=EDGE_CURVE('',#4104,#3905,#4526,.T.);
#3188=EDGE_CURVE('',#4106,#4107,#804,.F.);
#3189=EDGE_CURVE('',#4108,#4106,#4527,.T.);
#3190=EDGE_CURVE('',#4109,#4108,#805,.F.);
#3191=EDGE_CURVE('',#4110,#4109,#4528,.T.);
#3192=EDGE_CURVE('',#4111,#4110,#806,.F.);
#3193=EDGE_CURVE('',#4112,#4111,#672,.F.);
#3194=EDGE_CURVE('',#4113,#4112,#673,.F.);
#3195=EDGE_CURVE('',#4114,#4113,#4529,.F.);
#3196=EDGE_CURVE('',#4115,#4114,#807,.F.);
#3197=EDGE_CURVE('',#4116,#4115,#4530,.F.);
#3198=EDGE_CURVE('',#4117,#4116,#455,.T.);
#3199=EDGE_CURVE('',#4118,#4117,#456,.T.);
#3200=EDGE_CURVE('',#4119,#4118,#457,.T.);
#3201=EDGE_CURVE('',#4120,#4119,#4531,.T.);
#3202=EDGE_CURVE('',#4121,#4120,#458,.T.);
#3203=EDGE_CURVE('',#4122,#4121,#459,.T.);
#3204=EDGE_CURVE('',#4123,#4122,#460,.T.);
#3205=EDGE_CURVE('',#4107,#4123,#4532,.T.);
#3206=EDGE_CURVE('',#4107,#3907,#4533,.T.);
#3207=EDGE_CURVE('',#4123,#3908,#4534,.T.);
#3208=EDGE_CURVE('',#4106,#3906,#4535,.T.);
#3209=EDGE_CURVE('',#4108,#3923,#4536,.T.);
#3210=EDGE_CURVE('',#4109,#3922,#4537,.T.);
#3211=EDGE_CURVE('',#4110,#3921,#4538,.T.);
#3212=EDGE_CURVE('',#4111,#3920,#4539,.T.);
#3213=EDGE_CURVE('',#4112,#3919,#4540,.T.);
#3214=EDGE_CURVE('',#4113,#3918,#4541,.T.);
#3215=EDGE_CURVE('',#4114,#3917,#4542,.T.);
#3216=EDGE_CURVE('',#4115,#3916,#4543,.T.);
#3217=EDGE_CURVE('',#4116,#3915,#4544,.T.);
#3218=EDGE_CURVE('',#4117,#3914,#4545,.T.);
#3219=EDGE_CURVE('',#4118,#3913,#4546,.T.);
#3220=EDGE_CURVE('',#4119,#3912,#4547,.T.);
#3221=EDGE_CURVE('',#4120,#3911,#4548,.T.);
#3222=EDGE_CURVE('',#4121,#3910,#4549,.T.);
#3223=EDGE_CURVE('',#4122,#3909,#4550,.T.);
#3224=EDGE_CURVE('',#4124,#4125,#461,.T.);
#3225=EDGE_CURVE('',#4126,#4124,#462,.T.);
#3226=EDGE_CURVE('',#4127,#4126,#463,.T.);
#3227=EDGE_CURVE('',#4128,#4127,#464,.T.);
#3228=EDGE_CURVE('',#4129,#4128,#465,.T.);
#3229=EDGE_CURVE('',#4130,#4129,#466,.T.);
#3230=EDGE_CURVE('',#4131,#4130,#674,.F.);
#3231=EDGE_CURVE('',#4132,#4131,#467,.T.);
#3232=EDGE_CURVE('',#4133,#4132,#468,.T.);
#3233=EDGE_CURVE('',#4134,#4133,#469,.T.);
#3234=EDGE_CURVE('',#4135,#4134,#470,.T.);
#3235=EDGE_CURVE('',#4136,#4135,#471,.T.);
#3236=EDGE_CURVE('',#4137,#4136,#472,.T.);
#3237=EDGE_CURVE('',#4138,#4137,#473,.T.);
#3238=EDGE_CURVE('',#4139,#4138,#474,.T.);
#3239=EDGE_CURVE('',#4140,#4139,#475,.T.);
#3240=EDGE_CURVE('',#4141,#4140,#476,.T.);
#3241=EDGE_CURVE('',#4142,#4141,#477,.T.);
#3242=EDGE_CURVE('',#4143,#4142,#478,.T.);
#3243=EDGE_CURVE('',#4144,#4143,#479,.T.);
#3244=EDGE_CURVE('',#4145,#4144,#480,.T.);
#3245=EDGE_CURVE('',#4146,#4145,#4551,.F.);
#3246=EDGE_CURVE('',#4147,#4146,#481,.T.);
#3247=EDGE_CURVE('',#4148,#4147,#482,.T.);
#3248=EDGE_CURVE('',#4149,#4148,#483,.T.);
#3249=EDGE_CURVE('',#4150,#4149,#484,.T.);
#3250=EDGE_CURVE('',#4151,#4150,#485,.T.);
#3251=EDGE_CURVE('',#4125,#4151,#486,.T.);
#3252=EDGE_CURVE('',#4125,#3925,#4552,.T.);
#3253=EDGE_CURVE('',#4151,#3926,#4553,.T.);
#3254=EDGE_CURVE('',#4124,#3924,#4554,.T.);
#3255=EDGE_CURVE('',#4126,#3951,#4555,.T.);
#3256=EDGE_CURVE('',#4127,#3950,#4556,.T.);
#3257=EDGE_CURVE('',#4128,#3949,#4557,.T.);
#3258=EDGE_CURVE('',#4129,#3948,#4558,.T.);
#3259=EDGE_CURVE('',#4130,#3947,#4559,.T.);
#3260=EDGE_CURVE('',#4131,#3946,#4560,.T.);
#3261=EDGE_CURVE('',#4132,#3945,#4561,.T.);
#3262=EDGE_CURVE('',#4133,#3944,#4562,.T.);
#3263=EDGE_CURVE('',#4134,#3943,#4563,.T.);
#3264=EDGE_CURVE('',#4135,#3942,#4564,.T.);
#3265=EDGE_CURVE('',#4136,#3941,#4565,.T.);
#3266=EDGE_CURVE('',#4137,#3940,#4566,.T.);
#3267=EDGE_CURVE('',#4138,#3939,#4567,.T.);
#3268=EDGE_CURVE('',#4139,#3938,#4568,.T.);
#3269=EDGE_CURVE('',#4140,#3937,#4569,.T.);
#3270=EDGE_CURVE('',#4141,#3936,#4570,.T.);
#3271=EDGE_CURVE('',#4142,#3935,#4571,.T.);
#3272=EDGE_CURVE('',#4143,#3934,#4572,.T.);
#3273=EDGE_CURVE('',#4144,#3933,#4573,.T.);
#3274=EDGE_CURVE('',#4145,#3932,#4574,.T.);
#3275=EDGE_CURVE('',#4146,#3931,#4575,.T.);
#3276=EDGE_CURVE('',#4147,#3930,#4576,.T.);
#3277=EDGE_CURVE('',#4148,#3929,#4577,.T.);
#3278=EDGE_CURVE('',#4149,#3928,#4578,.T.);
#3279=EDGE_CURVE('',#4150,#3927,#4579,.T.);
#3280=EDGE_CURVE('',#4152,#4153,#808,.F.);
#3281=EDGE_CURVE('',#4154,#4152,#4580,.T.);
#3282=EDGE_CURVE('',#4155,#4154,#809,.F.);
#3283=EDGE_CURVE('',#4156,#4155,#675,.F.);
#3284=EDGE_CURVE('',#4157,#4156,#676,.F.);
#3285=EDGE_CURVE('',#4158,#4157,#487,.T.);
#3286=EDGE_CURVE('',#4159,#4158,#488,.T.);
#3287=EDGE_CURVE('',#4160,#4159,#489,.T.);
#3288=EDGE_CURVE('',#4161,#4160,#490,.T.);
#3289=EDGE_CURVE('',#4162,#4161,#491,.T.);
#3290=EDGE_CURVE('',#4163,#4162,#492,.T.);
#3291=EDGE_CURVE('',#4164,#4163,#4581,.F.);
#3292=EDGE_CURVE('',#4165,#4164,#493,.T.);
#3293=EDGE_CURVE('',#4166,#4165,#494,.T.);
#3294=EDGE_CURVE('',#4167,#4166,#495,.T.);
#3295=EDGE_CURVE('',#4168,#4167,#496,.T.);
#3296=EDGE_CURVE('',#4169,#4168,#497,.T.);
#3297=EDGE_CURVE('',#4170,#4169,#498,.T.);
#3298=EDGE_CURVE('',#4171,#4170,#677,.F.);
#3299=EDGE_CURVE('',#4153,#4171,#678,.F.);
#3300=EDGE_CURVE('',#4153,#3953,#4582,.T.);
#3301=EDGE_CURVE('',#4171,#3954,#4583,.T.);
#3302=EDGE_CURVE('',#4152,#3952,#4584,.T.);
#3303=EDGE_CURVE('',#4154,#3971,#4585,.T.);
#3304=EDGE_CURVE('',#4155,#3970,#4586,.T.);
#3305=EDGE_CURVE('',#4156,#3969,#4587,.T.);
#3306=EDGE_CURVE('',#4157,#3968,#4588,.T.);
#3307=EDGE_CURVE('',#4158,#3967,#4589,.T.);
#3308=EDGE_CURVE('',#4159,#3966,#4590,.T.);
#3309=EDGE_CURVE('',#4160,#3965,#4591,.T.);
#3310=EDGE_CURVE('',#4161,#3964,#4592,.T.);
#3311=EDGE_CURVE('',#4162,#3963,#4593,.T.);
#3312=EDGE_CURVE('',#4163,#3962,#4594,.T.);
#3313=EDGE_CURVE('',#4164,#3961,#4595,.T.);
#3314=EDGE_CURVE('',#4165,#3960,#4596,.T.);
#3315=EDGE_CURVE('',#4166,#3959,#4597,.T.);
#3316=EDGE_CURVE('',#4167,#3958,#4598,.T.);
#3317=EDGE_CURVE('',#4168,#3957,#4599,.T.);
#3318=EDGE_CURVE('',#4169,#3956,#4600,.T.);
#3319=EDGE_CURVE('',#4170,#3955,#4601,.T.);
#3320=EDGE_CURVE('',#4172,#4173,#810,.F.);
#3321=EDGE_CURVE('',#4174,#4172,#4602,.T.);
#3322=EDGE_CURVE('',#4175,#4174,#811,.F.);
#3323=EDGE_CURVE('',#4173,#4175,#4603,.F.);
#3324=EDGE_CURVE('',#4173,#3973,#4604,.T.);
#3325=EDGE_CURVE('',#4175,#3974,#4605,.T.);
#3326=EDGE_CURVE('',#4172,#3972,#4606,.T.);
#3327=EDGE_CURVE('',#4174,#3975,#4607,.T.);
#3328=EDGE_CURVE('',#4176,#4177,#499,.T.);
#3329=EDGE_CURVE('',#4178,#4176,#500,.T.);
#3330=EDGE_CURVE('',#4179,#4178,#4608,.F.);
#3331=EDGE_CURVE('',#4180,#4179,#812,.F.);
#3332=EDGE_CURVE('',#4181,#4180,#4609,.T.);
#3333=EDGE_CURVE('',#4182,#4181,#501,.T.);
#3334=EDGE_CURVE('',#4183,#4182,#502,.T.);
#3335=EDGE_CURVE('',#4184,#4183,#503,.T.);
#3336=EDGE_CURVE('',#4185,#4184,#504,.T.);
#3337=EDGE_CURVE('',#4186,#4185,#813,.F.);
#3338=EDGE_CURVE('',#4187,#4186,#505,.T.);
#3339=EDGE_CURVE('',#4188,#4187,#506,.T.);
#3340=EDGE_CURVE('',#4189,#4188,#507,.T.);
#3341=EDGE_CURVE('',#4190,#4189,#814,.F.);
#3342=EDGE_CURVE('',#4191,#4190,#679,.F.);
#3343=EDGE_CURVE('',#4192,#4191,#815,.F.);
#3344=EDGE_CURVE('',#4193,#4192,#4610,.F.);
#3345=EDGE_CURVE('',#4194,#4193,#816,.F.);
#3346=EDGE_CURVE('',#4195,#4194,#4611,.T.);
#3347=EDGE_CURVE('',#4196,#4195,#508,.T.);
#3348=EDGE_CURVE('',#4197,#4196,#509,.T.);
#3349=EDGE_CURVE('',#4198,#4197,#510,.T.);
#3350=EDGE_CURVE('',#4199,#4198,#511,.T.);
#3351=EDGE_CURVE('',#4200,#4199,#4612,.F.);
#3352=EDGE_CURVE('',#4201,#4200,#817,.F.);
#3353=EDGE_CURVE('',#4202,#4201,#4613,.T.);
#3354=EDGE_CURVE('',#4203,#4202,#512,.T.);
#3355=EDGE_CURVE('',#4177,#4203,#513,.T.);
#3356=EDGE_CURVE('',#4177,#3977,#4614,.T.);
#3357=EDGE_CURVE('',#4203,#3978,#4615,.T.);
#3358=EDGE_CURVE('',#4176,#3976,#4616,.T.);
#3359=EDGE_CURVE('',#4178,#4003,#4617,.T.);
#3360=EDGE_CURVE('',#4179,#4002,#4618,.T.);
#3361=EDGE_CURVE('',#4180,#4001,#4619,.T.);
#3362=EDGE_CURVE('',#4181,#4000,#4620,.T.);
#3363=EDGE_CURVE('',#4182,#3999,#4621,.T.);
#3364=EDGE_CURVE('',#4183,#3998,#4622,.T.);
#3365=EDGE_CURVE('',#4184,#3997,#4623,.T.);
#3366=EDGE_CURVE('',#4185,#3996,#4624,.T.);
#3367=EDGE_CURVE('',#4186,#3995,#4625,.T.);
#3368=EDGE_CURVE('',#4187,#3994,#4626,.T.);
#3369=EDGE_CURVE('',#4188,#3993,#4627,.T.);
#3370=EDGE_CURVE('',#4189,#3992,#4628,.T.);
#3371=EDGE_CURVE('',#4190,#3991,#4629,.T.);
#3372=EDGE_CURVE('',#4191,#3990,#4630,.T.);
#3373=EDGE_CURVE('',#4192,#3989,#4631,.T.);
#3374=EDGE_CURVE('',#4193,#3988,#4632,.T.);
#3375=EDGE_CURVE('',#4194,#3987,#4633,.T.);
#3376=EDGE_CURVE('',#4195,#3986,#4634,.T.);
#3377=EDGE_CURVE('',#4196,#3985,#4635,.T.);
#3378=EDGE_CURVE('',#4197,#3984,#4636,.T.);
#3379=EDGE_CURVE('',#4198,#3983,#4637,.T.);
#3380=EDGE_CURVE('',#4199,#3982,#4638,.T.);
#3381=EDGE_CURVE('',#4200,#3981,#4639,.T.);
#3382=EDGE_CURVE('',#4201,#3980,#4640,.T.);
#3383=EDGE_CURVE('',#4202,#3979,#4641,.T.);
#3384=EDGE_CURVE('',#4204,#4205,#514,.T.);
#3385=EDGE_CURVE('',#4206,#4204,#515,.T.);
#3386=EDGE_CURVE('',#4207,#4206,#516,.T.);
#3387=EDGE_CURVE('',#4208,#4207,#818,.F.);
#3388=EDGE_CURVE('',#4209,#4208,#4642,.T.);
#3389=EDGE_CURVE('',#4210,#4209,#819,.F.);
#3390=EDGE_CURVE('',#4205,#4210,#517,.T.);
#3391=EDGE_CURVE('',#4211,#4212,#518,.T.);
#3392=EDGE_CURVE('',#4213,#4211,#519,.T.);
#3393=EDGE_CURVE('',#4214,#4213,#520,.T.);
#3394=EDGE_CURVE('',#4215,#4214,#521,.T.);
#3395=EDGE_CURVE('',#4216,#4215,#522,.T.);
#3396=EDGE_CURVE('',#4217,#4216,#820,.F.);
#3397=EDGE_CURVE('',#4218,#4217,#4643,.F.);
#3398=EDGE_CURVE('',#4219,#4218,#821,.F.);
#3399=EDGE_CURVE('',#4220,#4219,#4644,.T.);
#3400=EDGE_CURVE('',#4221,#4220,#822,.F.);
#3401=EDGE_CURVE('',#4222,#4221,#680,.F.);
#3402=EDGE_CURVE('',#4212,#4222,#823,.F.);
#3403=EDGE_CURVE('',#4223,#4224,#824,.F.);
#3404=EDGE_CURVE('',#4210,#4223,#4645,.T.);
#3405=EDGE_CURVE('',#4209,#4224,#4646,.T.);
#3406=EDGE_CURVE('',#4224,#4225,#4647,.T.);
#3407=EDGE_CURVE('',#4208,#4225,#4648,.T.);
#3408=EDGE_CURVE('',#4225,#4226,#825,.F.);
#3409=EDGE_CURVE('',#4207,#4226,#4649,.T.);
#3410=EDGE_CURVE('',#4226,#4227,#523,.T.);
#3411=EDGE_CURVE('',#4206,#4227,#4650,.T.);
#3412=EDGE_CURVE('',#4227,#4228,#524,.T.);
#3413=EDGE_CURVE('',#4204,#4228,#4651,.T.);
#3414=EDGE_CURVE('',#4228,#4229,#525,.T.);
#3415=EDGE_CURVE('',#4205,#4229,#4652,.T.);
#3416=EDGE_CURVE('',#4229,#4223,#526,.T.);
#3417=EDGE_CURVE('',#4212,#4005,#4653,.T.);
#3418=EDGE_CURVE('',#4222,#4006,#4654,.T.);
#3419=EDGE_CURVE('',#4211,#4004,#4655,.T.);
#3420=EDGE_CURVE('',#4213,#4015,#4656,.T.);
#3421=EDGE_CURVE('',#4214,#4014,#4657,.T.);
#3422=EDGE_CURVE('',#4215,#4013,#4658,.T.);
#3423=EDGE_CURVE('',#4216,#4012,#4659,.T.);
#3424=EDGE_CURVE('',#4217,#4011,#4660,.T.);
#3425=EDGE_CURVE('',#4218,#4010,#4661,.T.);
#3426=EDGE_CURVE('',#4219,#4009,#4662,.T.);
#3427=EDGE_CURVE('',#4220,#4008,#4663,.T.);
#3428=EDGE_CURVE('',#4221,#4007,#4664,.T.);
#3429=EDGE_CURVE('',#4230,#4231,#527,.T.);
#3430=EDGE_CURVE('',#4232,#4230,#528,.T.);
#3431=EDGE_CURVE('',#4233,#4232,#681,.F.);
#3432=EDGE_CURVE('',#4234,#4233,#529,.T.);
#3433=EDGE_CURVE('',#4235,#4234,#530,.T.);
#3434=EDGE_CURVE('',#4236,#4235,#4665,.F.);
#3435=EDGE_CURVE('',#4237,#4236,#682,.F.);
#3436=EDGE_CURVE('',#4238,#4237,#531,.T.);
#3437=EDGE_CURVE('',#4239,#4238,#532,.T.);
#3438=EDGE_CURVE('',#4240,#4239,#533,.T.);
#3439=EDGE_CURVE('',#4241,#4240,#534,.T.);
#3440=EDGE_CURVE('',#4242,#4241,#535,.T.);
#3441=EDGE_CURVE('',#4243,#4242,#536,.T.);
#3442=EDGE_CURVE('',#4244,#4243,#826,.F.);
#3443=EDGE_CURVE('',#4245,#4244,#683,.F.);
#3444=EDGE_CURVE('',#4246,#4245,#827,.F.);
#3445=EDGE_CURVE('',#4247,#4246,#4666,.T.);
#3446=EDGE_CURVE('',#4231,#4247,#537,.T.);
#3447=EDGE_CURVE('',#4248,#4249,#538,.T.);
#3448=EDGE_CURVE('',#4250,#4248,#539,.T.);
#3449=EDGE_CURVE('',#4251,#4250,#540,.T.);
#3450=EDGE_CURVE('',#4252,#4251,#684,.F.);
#3451=EDGE_CURVE('',#4253,#4252,#4667,.F.);
#3452=EDGE_CURVE('',#4254,#4253,#541,.T.);
#3453=EDGE_CURVE('',#4249,#4254,#542,.T.);
#3454=EDGE_CURVE('',#4247,#3859,#4668,.T.);
#3455=EDGE_CURVE('',#4246,#3860,#4669,.T.);
#3456=EDGE_CURVE('',#4245,#3861,#4670,.T.);
#3457=EDGE_CURVE('',#4244,#3862,#4671,.T.);
#3458=EDGE_CURVE('',#4243,#3863,#4672,.T.);
#3459=EDGE_CURVE('',#4242,#3864,#4673,.T.);
#3460=EDGE_CURVE('',#4241,#3865,#4674,.T.);
#3461=EDGE_CURVE('',#4240,#3866,#4675,.T.);
#3462=EDGE_CURVE('',#4239,#3867,#4676,.T.);
#3463=EDGE_CURVE('',#4238,#3868,#4677,.T.);
#3464=EDGE_CURVE('',#4237,#3869,#4678,.T.);
#3465=EDGE_CURVE('',#4236,#3870,#4679,.T.);
#3466=EDGE_CURVE('',#4235,#3871,#4680,.T.);
#3467=EDGE_CURVE('',#4234,#3872,#4681,.T.);
#3468=EDGE_CURVE('',#4233,#3873,#4682,.T.);
#3469=EDGE_CURVE('',#4232,#3874,#4683,.T.);
#3470=EDGE_CURVE('',#4230,#3875,#4684,.T.);
#3471=EDGE_CURVE('',#4231,#3858,#4685,.T.);
#3472=EDGE_CURVE('',#4255,#4256,#543,.T.);
#3473=EDGE_CURVE('',#4249,#4255,#4686,.T.);
#3474=EDGE_CURVE('',#4254,#4256,#4687,.T.);
#3475=EDGE_CURVE('',#4257,#4255,#544,.T.);
#3476=EDGE_CURVE('',#4248,#4257,#4688,.T.);
#3477=EDGE_CURVE('',#4258,#4257,#545,.T.);
#3478=EDGE_CURVE('',#4250,#4258,#4689,.T.);
#3479=EDGE_CURVE('',#4259,#4258,#546,.T.);
#3480=EDGE_CURVE('',#4251,#4259,#4690,.T.);
#3481=EDGE_CURVE('',#4260,#4259,#685,.F.);
#3482=EDGE_CURVE('',#4252,#4260,#4691,.T.);
#3483=EDGE_CURVE('',#4261,#4260,#4692,.F.);
#3484=EDGE_CURVE('',#4253,#4261,#4693,.T.);
#3485=EDGE_CURVE('',#4256,#4261,#547,.T.);
#3486=EDGE_CURVE('',#4262,#4263,#548,.T.);
#3487=EDGE_CURVE('',#4264,#4262,#549,.T.);
#3488=EDGE_CURVE('',#4265,#4264,#550,.T.);
#3489=EDGE_CURVE('',#4266,#4265,#551,.T.);
#3490=EDGE_CURVE('',#4267,#4266,#552,.T.);
#3491=EDGE_CURVE('',#4268,#4267,#553,.T.);
#3492=EDGE_CURVE('',#4269,#4268,#554,.T.);
#3493=EDGE_CURVE('',#4270,#4269,#555,.T.);
#3494=EDGE_CURVE('',#4271,#4270,#556,.T.);
#3495=EDGE_CURVE('',#4272,#4271,#557,.T.);
#3496=EDGE_CURVE('',#4273,#4272,#558,.T.);
#3497=EDGE_CURVE('',#4274,#4273,#559,.T.);
#3498=EDGE_CURVE('',#4275,#4274,#560,.T.);
#3499=EDGE_CURVE('',#4276,#4275,#561,.T.);
#3500=EDGE_CURVE('',#4277,#4276,#562,.T.);
#3501=EDGE_CURVE('',#4263,#4277,#563,.T.);
#3502=EDGE_CURVE('',#4278,#4279,#564,.T.);
#3503=EDGE_CURVE('',#4280,#4278,#565,.T.);
#3504=EDGE_CURVE('',#4281,#4280,#566,.T.);
#3505=EDGE_CURVE('',#4282,#4281,#567,.T.);
#3506=EDGE_CURVE('',#4283,#4282,#568,.T.);
#3507=EDGE_CURVE('',#4284,#4283,#569,.T.);
#3508=EDGE_CURVE('',#4279,#4284,#570,.T.);
#3509=EDGE_CURVE('',#4285,#4286,#571,.T.);
#3510=EDGE_CURVE('',#4287,#4285,#572,.T.);
#3511=EDGE_CURVE('',#4288,#4287,#573,.T.);
#3512=EDGE_CURVE('',#4289,#4288,#574,.T.);
#3513=EDGE_CURVE('',#4290,#4289,#575,.T.);
#3514=EDGE_CURVE('',#4291,#4290,#576,.T.);
#3515=EDGE_CURVE('',#4292,#4291,#577,.T.);
#3516=EDGE_CURVE('',#4286,#4292,#578,.T.);
#3517=EDGE_CURVE('',#4277,#3843,#4694,.T.);
#3518=EDGE_CURVE('',#4276,#3844,#4695,.T.);
#3519=EDGE_CURVE('',#4275,#3845,#4696,.T.);
#3520=EDGE_CURVE('',#4274,#3846,#4697,.T.);
#3521=EDGE_CURVE('',#4273,#3847,#4698,.T.);
#3522=EDGE_CURVE('',#4272,#3848,#4699,.T.);
#3523=EDGE_CURVE('',#4271,#3849,#4700,.T.);
#3524=EDGE_CURVE('',#4270,#3850,#4701,.T.);
#3525=EDGE_CURVE('',#4269,#3851,#4702,.T.);
#3526=EDGE_CURVE('',#4268,#3852,#4703,.T.);
#3527=EDGE_CURVE('',#4267,#3853,#4704,.T.);
#3528=EDGE_CURVE('',#4266,#3854,#4705,.T.);
#3529=EDGE_CURVE('',#4265,#3855,#4706,.T.);
#3530=EDGE_CURVE('',#4264,#3856,#4707,.T.);
#3531=EDGE_CURVE('',#4262,#3857,#4708,.T.);
#3532=EDGE_CURVE('',#4263,#3842,#4709,.T.);
#3533=EDGE_CURVE('',#4293,#4294,#579,.T.);
#3534=EDGE_CURVE('',#4284,#4293,#4710,.T.);
#3535=EDGE_CURVE('',#4283,#4294,#4711,.T.);
#3536=EDGE_CURVE('',#4294,#4295,#580,.T.);
#3537=EDGE_CURVE('',#4282,#4295,#4712,.T.);
#3538=EDGE_CURVE('',#4295,#4296,#581,.T.);
#3539=EDGE_CURVE('',#4281,#4296,#4713,.T.);
#3540=EDGE_CURVE('',#4296,#4297,#582,.T.);
#3541=EDGE_CURVE('',#4280,#4297,#4714,.T.);
#3542=EDGE_CURVE('',#4297,#4298,#583,.T.);
#3543=EDGE_CURVE('',#4278,#4298,#4715,.T.);
#3544=EDGE_CURVE('',#4298,#4299,#584,.T.);
#3545=EDGE_CURVE('',#4279,#4299,#4716,.T.);
#3546=EDGE_CURVE('',#4299,#4293,#585,.T.);
#3547=EDGE_CURVE('',#4300,#4301,#586,.T.);
#3548=EDGE_CURVE('',#4286,#4300,#4717,.T.);
#3549=EDGE_CURVE('',#4292,#4301,#4718,.T.);
#3550=EDGE_CURVE('',#4302,#4300,#587,.T.);
#3551=EDGE_CURVE('',#4285,#4302,#4719,.T.);
#3552=EDGE_CURVE('',#4303,#4302,#588,.T.);
#3553=EDGE_CURVE('',#4287,#4303,#4720,.T.);
#3554=EDGE_CURVE('',#4304,#4303,#589,.T.);
#3555=EDGE_CURVE('',#4288,#4304,#4721,.T.);
#3556=EDGE_CURVE('',#4305,#4304,#590,.T.);
#3557=EDGE_CURVE('',#4289,#4305,#4722,.T.);
#3558=EDGE_CURVE('',#4306,#4305,#591,.T.);
#3559=EDGE_CURVE('',#4290,#4306,#4723,.T.);
#3560=EDGE_CURVE('',#4307,#4306,#592,.T.);
#3561=EDGE_CURVE('',#4291,#4307,#4724,.T.);
#3562=EDGE_CURVE('',#4301,#4307,#593,.T.);
#3563=EDGE_CURVE('',#4308,#4309,#594,.T.);
#3564=EDGE_CURVE('',#4310,#4308,#595,.T.);
#3565=EDGE_CURVE('',#4311,#4310,#4725,.F.);
#3566=EDGE_CURVE('',#4312,#4311,#828,.F.);
#3567=EDGE_CURVE('',#4313,#4312,#4726,.T.);
#3568=EDGE_CURVE('',#4314,#4313,#829,.F.);
#3569=EDGE_CURVE('',#4315,#4314,#686,.F.);
#3570=EDGE_CURVE('',#4316,#4315,#830,.F.);
#3571=EDGE_CURVE('',#4317,#4316,#687,.F.);
#3572=EDGE_CURVE('',#4318,#4317,#831,.F.);
#3573=EDGE_CURVE('',#4319,#4318,#4727,.F.);
#3574=EDGE_CURVE('',#4320,#4319,#832,.F.);
#3575=EDGE_CURVE('',#4321,#4320,#4728,.T.);
#3576=EDGE_CURVE('',#4322,#4321,#596,.T.);
#3577=EDGE_CURVE('',#4323,#4322,#833,.F.);
#3578=EDGE_CURVE('',#4324,#4323,#688,.F.);
#3579=EDGE_CURVE('',#4325,#4324,#834,.F.);
#3580=EDGE_CURVE('',#4326,#4325,#689,.F.);
#3581=EDGE_CURVE('',#4309,#4326,#835,.F.);
#3582=EDGE_CURVE('',#4309,#3824,#4729,.T.);
#3583=EDGE_CURVE('',#4326,#3825,#4730,.T.);
#3584=EDGE_CURVE('',#4308,#3823,#4731,.T.);
#3585=EDGE_CURVE('',#4310,#3841,#4732,.T.);
#3586=EDGE_CURVE('',#4311,#3840,#4733,.T.);
#3587=EDGE_CURVE('',#4312,#3839,#4734,.T.);
#3588=EDGE_CURVE('',#4313,#3838,#4735,.T.);
#3589=EDGE_CURVE('',#4314,#3837,#4736,.T.);
#3590=EDGE_CURVE('',#4315,#3836,#4737,.T.);
#3591=EDGE_CURVE('',#4316,#3835,#4738,.T.);
#3592=EDGE_CURVE('',#4317,#3834,#4739,.T.);
#3593=EDGE_CURVE('',#4318,#3833,#4740,.T.);
#3594=EDGE_CURVE('',#4319,#3832,#4741,.T.);
#3595=EDGE_CURVE('',#4320,#3831,#4742,.T.);
#3596=EDGE_CURVE('',#4321,#3830,#4743,.T.);
#3597=EDGE_CURVE('',#4322,#3829,#4744,.T.);
#3598=EDGE_CURVE('',#4323,#3828,#4745,.T.);
#3599=EDGE_CURVE('',#4324,#3827,#4746,.T.);
#3600=EDGE_CURVE('',#4325,#3826,#4747,.T.);
#3601=EDGE_CURVE('',#4327,#4328,#690,.F.);
#3602=EDGE_CURVE('',#4329,#4327,#691,.F.);
#3603=EDGE_CURVE('',#4330,#4329,#597,.T.);
#3604=EDGE_CURVE('',#4331,#4330,#692,.F.);
#3605=EDGE_CURVE('',#4332,#4331,#693,.F.);
#3606=EDGE_CURVE('',#4333,#4332,#4748,.F.);
#3607=EDGE_CURVE('',#4334,#4333,#836,.F.);
#3608=EDGE_CURVE('',#4335,#4334,#4749,.T.);
#3609=EDGE_CURVE('',#4336,#4335,#837,.F.);
#3610=EDGE_CURVE('',#4328,#4336,#694,.F.);
#3611=EDGE_CURVE('',#4328,#3814,#4750,.T.);
#3612=EDGE_CURVE('',#4336,#3815,#4751,.T.);
#3613=EDGE_CURVE('',#4327,#3813,#4752,.T.);
#3614=EDGE_CURVE('',#4329,#3822,#4753,.T.);
#3615=EDGE_CURVE('',#4330,#3821,#4754,.T.);
#3616=EDGE_CURVE('',#4331,#3820,#4755,.T.);
#3617=EDGE_CURVE('',#4332,#3819,#4756,.T.);
#3618=EDGE_CURVE('',#4333,#3818,#4757,.T.);
#3619=EDGE_CURVE('',#4334,#3817,#4758,.T.);
#3620=EDGE_CURVE('',#4335,#3816,#4759,.T.);
#3621=EDGE_CURVE('',#4337,#4338,#695,.F.);
#3622=EDGE_CURVE('',#4339,#4337,#696,.F.);
#3623=EDGE_CURVE('',#4340,#4339,#598,.T.);
#3624=EDGE_CURVE('',#4341,#4340,#697,.F.);
#3625=EDGE_CURVE('',#4342,#4341,#698,.F.);
#3626=EDGE_CURVE('',#4343,#4342,#4760,.F.);
#3627=EDGE_CURVE('',#4344,#4343,#838,.F.);
#3628=EDGE_CURVE('',#4345,#4344,#4761,.T.);
#3629=EDGE_CURVE('',#4346,#4345,#839,.F.);
#3630=EDGE_CURVE('',#4338,#4346,#699,.F.);
#3631=EDGE_CURVE('',#4338,#3804,#4762,.T.);
#3632=EDGE_CURVE('',#4346,#3805,#4763,.T.);
#3633=EDGE_CURVE('',#4337,#3803,#4764,.T.);
#3634=EDGE_CURVE('',#4339,#3812,#4765,.T.);
#3635=EDGE_CURVE('',#4340,#3811,#4766,.T.);
#3636=EDGE_CURVE('',#4341,#3810,#4767,.T.);
#3637=EDGE_CURVE('',#4342,#3809,#4768,.T.);
#3638=EDGE_CURVE('',#4343,#3808,#4769,.T.);
#3639=EDGE_CURVE('',#4344,#3807,#4770,.T.);
#3640=EDGE_CURVE('',#4345,#3806,#4771,.T.);
#3641=EDGE_CURVE('',#4347,#4348,#700,.F.);
#3642=EDGE_CURVE('',#4349,#4347,#701,.F.);
#3643=EDGE_CURVE('',#4350,#4349,#840,.F.);
#3644=EDGE_CURVE('',#4351,#4350,#702,.F.);
#3645=EDGE_CURVE('',#4352,#4351,#703,.F.);
#3646=EDGE_CURVE('',#4353,#4352,#841,.F.);
#3647=EDGE_CURVE('',#4354,#4353,#704,.F.);
#3648=EDGE_CURVE('',#4355,#4354,#705,.F.);
#3649=EDGE_CURVE('',#4356,#4355,#842,.F.);
#3650=EDGE_CURVE('',#4357,#4356,#706,.F.);
#3651=EDGE_CURVE('',#4358,#4357,#707,.F.);
#3652=EDGE_CURVE('',#4348,#4358,#843,.F.);
#3653=EDGE_CURVE('',#4348,#3792,#4772,.T.);
#3654=EDGE_CURVE('',#4358,#3793,#4773,.T.);
#3655=EDGE_CURVE('',#4347,#3791,#4774,.T.);
#3656=EDGE_CURVE('',#4349,#3802,#4775,.T.);
#3657=EDGE_CURVE('',#4350,#3801,#4776,.T.);
#3658=EDGE_CURVE('',#4351,#3800,#4777,.T.);
#3659=EDGE_CURVE('',#4352,#3799,#4778,.T.);
#3660=EDGE_CURVE('',#4353,#3798,#4779,.T.);
#3661=EDGE_CURVE('',#4354,#3797,#4780,.T.);
#3662=EDGE_CURVE('',#4355,#3796,#4781,.T.);
#3663=EDGE_CURVE('',#4356,#3795,#4782,.T.);
#3664=EDGE_CURVE('',#4357,#3794,#4783,.T.);
#3665=EDGE_CURVE('',#4359,#4360,#599,.T.);
#3666=EDGE_CURVE('',#4361,#4359,#600,.T.);
#3667=EDGE_CURVE('',#4362,#4361,#601,.T.);
#3668=EDGE_CURVE('',#4363,#4362,#602,.T.);
#3669=EDGE_CURVE('',#4364,#4363,#603,.T.);
#3670=EDGE_CURVE('',#4365,#4364,#604,.T.);
#3671=EDGE_CURVE('',#4366,#4365,#605,.T.);
#3672=EDGE_CURVE('',#4360,#4366,#606,.T.);
#3673=EDGE_CURVE('',#4367,#4368,#607,.T.);
#3674=EDGE_CURVE('',#4369,#4367,#608,.T.);
#3675=EDGE_CURVE('',#4370,#4369,#609,.T.);
#3676=EDGE_CURVE('',#4371,#4370,#610,.T.);
#3677=EDGE_CURVE('',#4372,#4371,#611,.T.);
#3678=EDGE_CURVE('',#4373,#4372,#612,.T.);
#3679=EDGE_CURVE('',#4374,#4373,#613,.T.);
#3680=EDGE_CURVE('',#4368,#4374,#614,.T.);
#3681=EDGE_CURVE('',#4366,#4017,#4784,.T.);
#3682=EDGE_CURVE('',#4365,#4018,#4785,.T.);
#3683=EDGE_CURVE('',#4364,#4019,#4786,.T.);
#3684=EDGE_CURVE('',#4363,#4020,#4787,.T.);
#3685=EDGE_CURVE('',#4362,#4021,#4788,.T.);
#3686=EDGE_CURVE('',#4361,#4022,#4789,.T.);
#3687=EDGE_CURVE('',#4359,#4023,#4790,.T.);
#3688=EDGE_CURVE('',#4360,#4016,#4791,.T.);
#3689=EDGE_CURVE('',#4375,#4376,#615,.T.);
#3690=EDGE_CURVE('',#4368,#4375,#4792,.T.);
#3691=EDGE_CURVE('',#4374,#4376,#4793,.T.);
#3692=EDGE_CURVE('',#4377,#4375,#616,.T.);
#3693=EDGE_CURVE('',#4367,#4377,#4794,.T.);
#3694=EDGE_CURVE('',#4378,#4377,#617,.T.);
#3695=EDGE_CURVE('',#4369,#4378,#4795,.T.);
#3696=EDGE_CURVE('',#4379,#4378,#618,.T.);
#3697=EDGE_CURVE('',#4370,#4379,#4796,.T.);
#3698=EDGE_CURVE('',#4380,#4379,#619,.T.);
#3699=EDGE_CURVE('',#4371,#4380,#4797,.T.);
#3700=EDGE_CURVE('',#4381,#4380,#620,.T.);
#3701=EDGE_CURVE('',#4372,#4381,#4798,.T.);
#3702=EDGE_CURVE('',#4382,#4381,#621,.T.);
#3703=EDGE_CURVE('',#4373,#4382,#4799,.T.);
#3704=EDGE_CURVE('',#4376,#4382,#622,.T.);
#3705=EDGE_CURVE('',#4383,#4384,#623,.T.);
#3706=EDGE_CURVE('',#4385,#4383,#624,.T.);
#3707=EDGE_CURVE('',#4386,#4385,#625,.T.);
#3708=EDGE_CURVE('',#4387,#4386,#626,.T.);
#3709=EDGE_CURVE('',#4388,#4387,#627,.T.);
#3710=EDGE_CURVE('',#4389,#4388,#628,.T.);
#3711=EDGE_CURVE('',#4390,#4389,#629,.T.);
#3712=EDGE_CURVE('',#4384,#4390,#630,.T.);
#3713=EDGE_CURVE('',#4384,#4025,#4800,.T.);
#3714=EDGE_CURVE('',#4390,#4026,#4801,.T.);
#3715=EDGE_CURVE('',#4383,#4024,#4802,.T.);
#3716=EDGE_CURVE('',#4385,#4031,#4803,.T.);
#3717=EDGE_CURVE('',#4386,#4030,#4804,.T.);
#3718=EDGE_CURVE('',#4387,#4029,#4805,.T.);
#3719=EDGE_CURVE('',#4388,#4028,#4806,.T.);
#3720=EDGE_CURVE('',#4389,#4027,#4807,.T.);
#3721=EDGE_CURVE('',#4391,#4392,#844,.F.);
#3722=EDGE_CURVE('',#4393,#4391,#708,.F.);
#3723=EDGE_CURVE('',#4394,#4393,#4808,.F.);
#3724=EDGE_CURVE('',#4395,#4394,#845,.F.);
#3725=EDGE_CURVE('',#4396,#4395,#4809,.F.);
#3726=EDGE_CURVE('',#4397,#4396,#846,.F.);
#3727=EDGE_CURVE('',#4398,#4397,#4810,.T.);
#3728=EDGE_CURVE('',#4399,#4398,#847,.F.);
#3729=EDGE_CURVE('',#4400,#4399,#4811,.T.);
#3730=EDGE_CURVE('',#4401,#4400,#848,.F.);
#3731=EDGE_CURVE('',#4392,#4401,#4812,.T.);
#3732=EDGE_CURVE('',#4402,#4403,#849,.F.);
#3733=EDGE_CURVE('',#4404,#4402,#631,.T.);
#3734=EDGE_CURVE('',#4405,#4404,#632,.T.);
#3735=EDGE_CURVE('',#4406,#4405,#4813,.F.);
#3736=EDGE_CURVE('',#4407,#4406,#850,.F.);
#3737=EDGE_CURVE('',#4408,#4407,#709,.F.);
#3738=EDGE_CURVE('',#4403,#4408,#633,.T.);
#3739=EDGE_CURVE('',#4401,#3781,#4814,.T.);
#3740=EDGE_CURVE('',#4400,#3782,#4815,.T.);
#3741=EDGE_CURVE('',#4399,#3783,#4816,.T.);
#3742=EDGE_CURVE('',#4398,#3784,#4817,.T.);
#3743=EDGE_CURVE('',#4397,#3785,#4818,.T.);
#3744=EDGE_CURVE('',#4396,#3786,#4819,.T.);
#3745=EDGE_CURVE('',#4395,#3787,#4820,.T.);
#3746=EDGE_CURVE('',#4394,#3788,#4821,.T.);
#3747=EDGE_CURVE('',#4393,#3789,#4822,.T.);
#3748=EDGE_CURVE('',#4391,#3790,#4823,.T.);
#3749=EDGE_CURVE('',#4392,#3780,#4824,.T.);
#3750=EDGE_CURVE('',#4409,#4410,#634,.T.);
#3751=EDGE_CURVE('',#4403,#4409,#4825,.T.);
#3752=EDGE_CURVE('',#4408,#4410,#4826,.T.);
#3753=EDGE_CURVE('',#4411,#4409,#851,.F.);
#3754=EDGE_CURVE('',#4402,#4411,#4827,.T.);
#3755=EDGE_CURVE('',#4412,#4411,#635,.T.);
#3756=EDGE_CURVE('',#4404,#4412,#4828,.T.);
#3757=EDGE_CURVE('',#4413,#4412,#636,.T.);
#3758=EDGE_CURVE('',#4405,#4413,#4829,.T.);
#3759=EDGE_CURVE('',#4414,#4413,#4830,.F.);
#3760=EDGE_CURVE('',#4406,#4414,#4831,.T.);
#3761=EDGE_CURVE('',#4415,#4414,#852,.F.);
#3762=EDGE_CURVE('',#4407,#4415,#4832,.T.);
#3763=EDGE_CURVE('',#4410,#4415,#710,.F.);
#3764=EDGE_CURVE('',#4416,#4417,#4833,.T.);
#3765=EDGE_CURVE('',#4418,#4416,#853,.T.);
#3766=EDGE_CURVE('',#4418,#4419,#4834,.T.);
#3767=EDGE_CURVE('',#4419,#4417,#854,.T.);
#3768=EDGE_CURVE('',#4420,#4420,#855,.T.);
#3769=EDGE_CURVE('',#4421,#4416,#4835,.T.);
#3770=EDGE_CURVE('',#4421,#4422,#856,.T.);
#3771=EDGE_CURVE('',#4422,#4418,#4836,.T.);
#3772=EDGE_CURVE('',#4423,#4423,#857,.T.);
#3773=EDGE_CURVE('',#4419,#4424,#4837,.T.);
#3774=EDGE_CURVE('',#4424,#4425,#858,.F.);
#3775=EDGE_CURVE('',#4417,#4425,#4838,.T.);
#3776=EDGE_CURVE('',#4426,#4426,#859,.T.);
#3777=EDGE_CURVE('',#4427,#4427,#860,.F.);
#3778=EDGE_CURVE('',#4424,#4422,#4839,.T.);
#3779=EDGE_CURVE('',#4425,#4421,#4840,.T.);
#3780=VERTEX_POINT('',#8294);
#3781=VERTEX_POINT('',#8295);
#3782=VERTEX_POINT('',#8297);
#3783=VERTEX_POINT('',#8299);
#3784=VERTEX_POINT('',#8301);
#3785=VERTEX_POINT('',#8303);
#3786=VERTEX_POINT('',#8305);
#3787=VERTEX_POINT('',#8307);
#3788=VERTEX_POINT('',#8309);
#3789=VERTEX_POINT('',#8311);
#3790=VERTEX_POINT('',#8313);
#3791=VERTEX_POINT('',#8316);
#3792=VERTEX_POINT('',#8317);
#3793=VERTEX_POINT('',#8319);
#3794=VERTEX_POINT('',#8321);
#3795=VERTEX_POINT('',#8323);
#3796=VERTEX_POINT('',#8325);
#3797=VERTEX_POINT('',#8327);
#3798=VERTEX_POINT('',#8329);
#3799=VERTEX_POINT('',#8331);
#3800=VERTEX_POINT('',#8333);
#3801=VERTEX_POINT('',#8335);
#3802=VERTEX_POINT('',#8337);
#3803=VERTEX_POINT('',#8340);
#3804=VERTEX_POINT('',#8341);
#3805=VERTEX_POINT('',#8343);
#3806=VERTEX_POINT('',#8345);
#3807=VERTEX_POINT('',#8347);
#3808=VERTEX_POINT('',#8349);
#3809=VERTEX_POINT('',#8351);
#3810=VERTEX_POINT('',#8353);
#3811=VERTEX_POINT('',#8355);
#3812=VERTEX_POINT('',#8360);
#3813=VERTEX_POINT('',#8363);
#3814=VERTEX_POINT('',#8364);
#3815=VERTEX_POINT('',#8366);
#3816=VERTEX_POINT('',#8368);
#3817=VERTEX_POINT('',#8370);
#3818=VERTEX_POINT('',#8372);
#3819=VERTEX_POINT('',#8374);
#3820=VERTEX_POINT('',#8376);
#3821=VERTEX_POINT('',#8378);
#3822=VERTEX_POINT('',#8383);
#3823=VERTEX_POINT('',#8389);
#3824=VERTEX_POINT('',#8390);
#3825=VERTEX_POINT('',#8392);
#3826=VERTEX_POINT('',#8394);
#3827=VERTEX_POINT('',#8396);
#3828=VERTEX_POINT('',#8398);
#3829=VERTEX_POINT('',#8400);
#3830=VERTEX_POINT('',#8405);
#3831=VERTEX_POINT('',#8407);
#3832=VERTEX_POINT('',#8409);
#3833=VERTEX_POINT('',#8411);
#3834=VERTEX_POINT('',#8413);
#3835=VERTEX_POINT('',#8415);
#3836=VERTEX_POINT('',#8417);
#3837=VERTEX_POINT('',#8419);
#3838=VERTEX_POINT('',#8421);
#3839=VERTEX_POINT('',#8423);
#3840=VERTEX_POINT('',#8425);
#3841=VERTEX_POINT('',#8427);
#3842=VERTEX_POINT('',#8436);
#3843=VERTEX_POINT('',#8437);
#3844=VERTEX_POINT('',#8442);
#3845=VERTEX_POINT('',#8447);
#3846=VERTEX_POINT('',#8452);
#3847=VERTEX_POINT('',#8457);
#3848=VERTEX_POINT('',#8462);
#3849=VERTEX_POINT('',#8467);
#3850=VERTEX_POINT('',#8472);
#3851=VERTEX_POINT('',#8477);
#3852=VERTEX_POINT('',#8482);
#3853=VERTEX_POINT('',#8487);
#3854=VERTEX_POINT('',#8492);
#3855=VERTEX_POINT('',#8497);
#3856=VERTEX_POINT('',#8502);
#3857=VERTEX_POINT('',#8507);
#3858=VERTEX_POINT('',#8516);
#3859=VERTEX_POINT('',#8517);
#3860=VERTEX_POINT('',#8519);
#3861=VERTEX_POINT('',#8521);
#3862=VERTEX_POINT('',#8523);
#3863=VERTEX_POINT('',#8525);
#3864=VERTEX_POINT('',#8530);
#3865=VERTEX_POINT('',#8535);
#3866=VERTEX_POINT('',#8540);
#3867=VERTEX_POINT('',#8545);
#3868=VERTEX_POINT('',#8550);
#3869=VERTEX_POINT('',#8555);
#3870=VERTEX_POINT('',#8557);
#3871=VERTEX_POINT('',#8559);
#3872=VERTEX_POINT('',#8565);
#3873=VERTEX_POINT('',#8570);
#3874=VERTEX_POINT('',#8572);
#3875=VERTEX_POINT('',#8577);
#3876=VERTEX_POINT('',#8583);
#3877=VERTEX_POINT('',#8584);
#3878=VERTEX_POINT('',#8586);
#3879=VERTEX_POINT('',#8588);
#3880=VERTEX_POINT('',#8595);
#3881=VERTEX_POINT('',#8596);
#3882=VERTEX_POINT('',#8601);
#3883=VERTEX_POINT('',#8606);
#3884=VERTEX_POINT('',#8612);
#3885=VERTEX_POINT('',#8619);
#3886=VERTEX_POINT('',#8620);
#3887=VERTEX_POINT('',#8622);
#3888=VERTEX_POINT('',#8627);
#3889=VERTEX_POINT('',#8632);
#3890=VERTEX_POINT('',#8637);
#3891=VERTEX_POINT('',#8642);
#3892=VERTEX_POINT('',#8644);
#3893=VERTEX_POINT('',#8646);
#3894=VERTEX_POINT('',#8652);
#3895=VERTEX_POINT('',#8653);
#3896=VERTEX_POINT('',#8658);
#3897=VERTEX_POINT('',#8663);
#3898=VERTEX_POINT('',#8668);
#3899=VERTEX_POINT('',#8673);
#3900=VERTEX_POINT('',#8678);
#3901=VERTEX_POINT('',#8683);
#3902=VERTEX_POINT('',#8689);
#3903=VERTEX_POINT('',#8690);
#3904=VERTEX_POINT('',#8692);
#3905=VERTEX_POINT('',#8694);
#3906=VERTEX_POINT('',#8697);
#3907=VERTEX_POINT('',#8698);
#3908=VERTEX_POINT('',#8700);
#3909=VERTEX_POINT('',#8705);
#3910=VERTEX_POINT('',#8710);
#3911=VERTEX_POINT('',#8715);
#3912=VERTEX_POINT('',#8717);
#3913=VERTEX_POINT('',#8722);
#3914=VERTEX_POINT('',#8727);
#3915=VERTEX_POINT('',#8732);
#3916=VERTEX_POINT('',#8734);
#3917=VERTEX_POINT('',#8736);
#3918=VERTEX_POINT('',#8738);
#3919=VERTEX_POINT('',#8740);
#3920=VERTEX_POINT('',#8742);
#3921=VERTEX_POINT('',#8744);
#3922=VERTEX_POINT('',#8746);
#3923=VERTEX_POINT('',#8748);
#3924=VERTEX_POINT('',#8754);
#3925=VERTEX_POINT('',#8755);
#3926=VERTEX_POINT('',#8760);
#3927=VERTEX_POINT('',#8765);
#3928=VERTEX_POINT('',#8770);
#3929=VERTEX_POINT('',#8775);
#3930=VERTEX_POINT('',#8780);
#3931=VERTEX_POINT('',#8785);
#3932=VERTEX_POINT('',#8787);
#3933=VERTEX_POINT('',#8792);
#3934=VERTEX_POINT('',#8797);
#3935=VERTEX_POINT('',#8802);
#3936=VERTEX_POINT('',#8807);
#3937=VERTEX_POINT('',#8812);
#3938=VERTEX_POINT('',#8817);
#3939=VERTEX_POINT('',#8822);
#3940=VERTEX_POINT('',#8827);
#3941=VERTEX_POINT('',#8832);
#3942=VERTEX_POINT('',#8837);
#3943=VERTEX_POINT('',#8842);
#3944=VERTEX_POINT('',#8847);
#3945=VERTEX_POINT('',#8852);
#3946=VERTEX_POINT('',#8857);
#3947=VERTEX_POINT('',#8859);
#3948=VERTEX_POINT('',#8864);
#3949=VERTEX_POINT('',#8869);
#3950=VERTEX_POINT('',#8874);
#3951=VERTEX_POINT('',#8879);
#3952=VERTEX_POINT('',#8885);
#3953=VERTEX_POINT('',#8886);
#3954=VERTEX_POINT('',#8888);
#3955=VERTEX_POINT('',#8890);
#3956=VERTEX_POINT('',#8895);
#3957=VERTEX_POINT('',#8900);
#3958=VERTEX_POINT('',#8905);
#3959=VERTEX_POINT('',#8910);
#3960=VERTEX_POINT('',#8915);
#3961=VERTEX_POINT('',#8920);
#3962=VERTEX_POINT('',#8922);
#3963=VERTEX_POINT('',#8927);
#3964=VERTEX_POINT('',#8932);
#3965=VERTEX_POINT('',#8938);
#3966=VERTEX_POINT('',#8945);
#3967=VERTEX_POINT('',#8950);
#3968=VERTEX_POINT('',#8955);
#3969=VERTEX_POINT('',#8957);
#3970=VERTEX_POINT('',#8959);
#3971=VERTEX_POINT('',#8961);
#3972=VERTEX_POINT('',#8964);
#3973=VERTEX_POINT('',#8965);
#3974=VERTEX_POINT('',#8967);
#3975=VERTEX_POINT('',#8969);
#3976=VERTEX_POINT('',#8975);
#3977=VERTEX_POINT('',#8976);
#3978=VERTEX_POINT('',#8981);
#3979=VERTEX_POINT('',#8986);
#3980=VERTEX_POINT('',#8988);
#3981=VERTEX_POINT('',#8990);
#3982=VERTEX_POINT('',#8992);
#3983=VERTEX_POINT('',#8997);
#3984=VERTEX_POINT('',#9002);
#3985=VERTEX_POINT('',#9007);
#3986=VERTEX_POINT('',#9012);
#3987=VERTEX_POINT('',#9014);
#3988=VERTEX_POINT('',#9016);
#3989=VERTEX_POINT('',#9018);
#3990=VERTEX_POINT('',#9020);
#3991=VERTEX_POINT('',#9022);
#3992=VERTEX_POINT('',#9024);
#3993=VERTEX_POINT('',#9029);
#3994=VERTEX_POINT('',#9034);
#3995=VERTEX_POINT('',#9040);
#3996=VERTEX_POINT('',#9042);
#3997=VERTEX_POINT('',#9047);
#3998=VERTEX_POINT('',#9052);
#3999=VERTEX_POINT('',#9057);
#4000=VERTEX_POINT('',#9062);
#4001=VERTEX_POINT('',#9064);
#4002=VERTEX_POINT('',#9066);
#4003=VERTEX_POINT('',#9068);
#4004=VERTEX_POINT('',#9077);
#4005=VERTEX_POINT('',#9078);
#4006=VERTEX_POINT('',#9080);
#4007=VERTEX_POINT('',#9082);
#4008=VERTEX_POINT('',#9084);
#4009=VERTEX_POINT('',#9086);
#4010=VERTEX_POINT('',#9088);
#4011=VERTEX_POINT('',#9090);
#4012=VERTEX_POINT('',#9092);
#4013=VERTEX_POINT('',#9097);
#4014=VERTEX_POINT('',#9102);
#4015=VERTEX_POINT('',#9107);
#4016=VERTEX_POINT('',#9117);
#4017=VERTEX_POINT('',#9118);
#4018=VERTEX_POINT('',#9124);
#4019=VERTEX_POINT('',#9129);
#4020=VERTEX_POINT('',#9134);
#4021=VERTEX_POINT('',#9140);
#4022=VERTEX_POINT('',#9146);
#4023=VERTEX_POINT('',#9151);
#4024=VERTEX_POINT('',#9161);
#4025=VERTEX_POINT('',#9162);
#4026=VERTEX_POINT('',#9167);
#4027=VERTEX_POINT('',#9172);
#4028=VERTEX_POINT('',#9177);
#4029=VERTEX_POINT('',#9182);
#4030=VERTEX_POINT('',#9187);
#4031=VERTEX_POINT('',#9192);
#4032=VERTEX_POINT('',#9199);
#4033=VERTEX_POINT('',#9200);
#4034=VERTEX_POINT('',#9202);
#4035=VERTEX_POINT('',#9204);
#4036=VERTEX_POINT('',#9208);
#4037=VERTEX_POINT('',#9210);
#4038=VERTEX_POINT('',#9211);
#4039=VERTEX_POINT('',#9213);
#4040=VERTEX_POINT('',#9215);
#4041=VERTEX_POINT('',#9217);
#4042=VERTEX_POINT('',#9219);
#4043=VERTEX_POINT('',#9223);
#4044=VERTEX_POINT('',#9225);
#4045=VERTEX_POINT('',#9226);
#4046=VERTEX_POINT('',#9228);
#4047=VERTEX_POINT('',#9230);
#4048=VERTEX_POINT('',#9232);
#4049=VERTEX_POINT('',#9234);
#4050=VERTEX_POINT('',#9238);
#4051=VERTEX_POINT('',#9240);
#4052=VERTEX_POINT('',#9243);
#4053=VERTEX_POINT('',#9245);
#4054=VERTEX_POINT('',#9248);
#4055=VERTEX_POINT('',#9250);
#4056=VERTEX_POINT('',#9253);
#4057=VERTEX_POINT('',#9255);
#4058=VERTEX_POINT('',#9262);
#4059=VERTEX_POINT('',#9263);
#4060=VERTEX_POINT('',#9265);
#4061=VERTEX_POINT('',#9267);
#4062=VERTEX_POINT('',#9271);
#4063=VERTEX_POINT('',#9272);
#4064=VERTEX_POINT('',#9274);
#4065=VERTEX_POINT('',#9276);
#4066=VERTEX_POINT('',#9320);
#4067=VERTEX_POINT('',#9321);
#4068=VERTEX_POINT('',#9327);
#4069=VERTEX_POINT('',#9333);
#4070=VERTEX_POINT('',#9338);
#4071=VERTEX_POINT('',#9393);
#4072=VERTEX_POINT('',#9394);
#4073=VERTEX_POINT('',#9399);
#4074=VERTEX_POINT('',#9404);
#4075=VERTEX_POINT('',#9406);
#4076=VERTEX_POINT('',#9408);
#4077=VERTEX_POINT('',#9410);
#4078=VERTEX_POINT('',#9416);
#4079=VERTEX_POINT('',#9417);
#4080=VERTEX_POINT('',#9419);
#4081=VERTEX_POINT('',#9421);
#4082=VERTEX_POINT('',#9423);
#4083=VERTEX_POINT('',#9428);
#4084=VERTEX_POINT('',#9433);
#4085=VERTEX_POINT('',#9438);
#4086=VERTEX_POINT('',#9443);
#4087=VERTEX_POINT('',#9447);
#4088=VERTEX_POINT('',#9448);
#4089=VERTEX_POINT('',#9453);
#4090=VERTEX_POINT('',#9457);
#4091=VERTEX_POINT('',#9471);
#4092=VERTEX_POINT('',#9485);
#4093=VERTEX_POINT('',#9499);
#4094=VERTEX_POINT('',#9565);
#4095=VERTEX_POINT('',#9566);
#4096=VERTEX_POINT('',#9571);
#4097=VERTEX_POINT('',#9576);
#4098=VERTEX_POINT('',#9581);
#4099=VERTEX_POINT('',#9586);
#4100=VERTEX_POINT('',#9591);
#4101=VERTEX_POINT('',#9596);
#4102=VERTEX_POINT('',#9675);
#4103=VERTEX_POINT('',#9676);
#4104=VERTEX_POINT('',#9678);
#4105=VERTEX_POINT('',#9680);
#4106=VERTEX_POINT('',#9692);
#4107=VERTEX_POINT('',#9693);
#4108=VERTEX_POINT('',#9695);
#4109=VERTEX_POINT('',#9697);
#4110=VERTEX_POINT('',#9699);
#4111=VERTEX_POINT('',#9701);
#4112=VERTEX_POINT('',#9703);
#4113=VERTEX_POINT('',#9705);
#4114=VERTEX_POINT('',#9707);
#4115=VERTEX_POINT('',#9709);
#4116=VERTEX_POINT('',#9711);
#4117=VERTEX_POINT('',#9716);
#4118=VERTEX_POINT('',#9721);
#4119=VERTEX_POINT('',#9726);
#4120=VERTEX_POINT('',#9728);
#4121=VERTEX_POINT('',#9733);
#4122=VERTEX_POINT('',#9738);
#4123=VERTEX_POINT('',#9743);
#4124=VERTEX_POINT('',#9828);
#4125=VERTEX_POINT('',#9829);
#4126=VERTEX_POINT('',#9834);
#4127=VERTEX_POINT('',#9839);
#4128=VERTEX_POINT('',#9844);
#4129=VERTEX_POINT('',#9849);
#4130=VERTEX_POINT('',#9854);
#4131=VERTEX_POINT('',#9856);
#4132=VERTEX_POINT('',#9861);
#4133=VERTEX_POINT('',#9866);
#4134=VERTEX_POINT('',#9871);
#4135=VERTEX_POINT('',#9876);
#4136=VERTEX_POINT('',#9881);
#4137=VERTEX_POINT('',#9886);
#4138=VERTEX_POINT('',#9891);
#4139=VERTEX_POINT('',#9896);
#4140=VERTEX_POINT('',#9901);
#4141=VERTEX_POINT('',#9906);
#4142=VERTEX_POINT('',#9911);
#4143=VERTEX_POINT('',#9916);
#4144=VERTEX_POINT('',#9921);
#4145=VERTEX_POINT('',#9926);
#4146=VERTEX_POINT('',#9928);
#4147=VERTEX_POINT('',#9933);
#4148=VERTEX_POINT('',#9938);
#4149=VERTEX_POINT('',#9943);
#4150=VERTEX_POINT('',#9948);
#4151=VERTEX_POINT('',#9953);
#4152=VERTEX_POINT('',#10128);
#4153=VERTEX_POINT('',#10129);
#4154=VERTEX_POINT('',#10131);
#4155=VERTEX_POINT('',#10133);
#4156=VERTEX_POINT('',#10135);
#4157=VERTEX_POINT('',#10137);
#4158=VERTEX_POINT('',#10142);
#4159=VERTEX_POINT('',#10147);
#4160=VERTEX_POINT('',#10154);
#4161=VERTEX_POINT('',#10160);
#4162=VERTEX_POINT('',#10165);
#4163=VERTEX_POINT('',#10170);
#4164=VERTEX_POINT('',#10172);
#4165=VERTEX_POINT('',#10177);
#4166=VERTEX_POINT('',#10182);
#4167=VERTEX_POINT('',#10187);
#4168=VERTEX_POINT('',#10192);
#4169=VERTEX_POINT('',#10197);
#4170=VERTEX_POINT('',#10202);
#4171=VERTEX_POINT('',#10204);
#4172=VERTEX_POINT('',#10297);
#4173=VERTEX_POINT('',#10298);
#4174=VERTEX_POINT('',#10300);
#4175=VERTEX_POINT('',#10302);
#4176=VERTEX_POINT('',#10317);
#4177=VERTEX_POINT('',#10318);
#4178=VERTEX_POINT('',#10323);
#4179=VERTEX_POINT('',#10325);
#4180=VERTEX_POINT('',#10327);
#4181=VERTEX_POINT('',#10329);
#4182=VERTEX_POINT('',#10334);
#4183=VERTEX_POINT('',#10339);
#4184=VERTEX_POINT('',#10344);
#4185=VERTEX_POINT('',#10349);
#4186=VERTEX_POINT('',#10351);
#4187=VERTEX_POINT('',#10357);
#4188=VERTEX_POINT('',#10362);
#4189=VERTEX_POINT('',#10367);
#4190=VERTEX_POINT('',#10369);
#4191=VERTEX_POINT('',#10371);
#4192=VERTEX_POINT('',#10373);
#4193=VERTEX_POINT('',#10375);
#4194=VERTEX_POINT('',#10377);
#4195=VERTEX_POINT('',#10379);
#4196=VERTEX_POINT('',#10384);
#4197=VERTEX_POINT('',#10389);
#4198=VERTEX_POINT('',#10394);
#4199=VERTEX_POINT('',#10399);
#4200=VERTEX_POINT('',#10401);
#4201=VERTEX_POINT('',#10403);
#4202=VERTEX_POINT('',#10405);
#4203=VERTEX_POINT('',#10410);
#4204=VERTEX_POINT('',#10553);
#4205=VERTEX_POINT('',#10554);
#4206=VERTEX_POINT('',#10559);
#4207=VERTEX_POINT('',#10564);
#4208=VERTEX_POINT('',#10566);
#4209=VERTEX_POINT('',#10568);
#4210=VERTEX_POINT('',#10570);
#4211=VERTEX_POINT('',#10579);
#4212=VERTEX_POINT('',#10580);
#4213=VERTEX_POINT('',#10585);
#4214=VERTEX_POINT('',#10590);
#4215=VERTEX_POINT('',#10595);
#4216=VERTEX_POINT('',#10600);
#4217=VERTEX_POINT('',#10602);
#4218=VERTEX_POINT('',#10604);
#4219=VERTEX_POINT('',#10606);
#4220=VERTEX_POINT('',#10608);
#4221=VERTEX_POINT('',#10610);
#4222=VERTEX_POINT('',#10612);
#4223=VERTEX_POINT('',#10616);
#4224=VERTEX_POINT('',#10617);
#4225=VERTEX_POINT('',#10622);
#4226=VERTEX_POINT('',#10626);
#4227=VERTEX_POINT('',#10640);
#4228=VERTEX_POINT('',#10654);
#4229=VERTEX_POINT('',#10668);
#4230=VERTEX_POINT('',#10733);
#4231=VERTEX_POINT('',#10734);
#4232=VERTEX_POINT('',#10739);
#4233=VERTEX_POINT('',#10741);
#4234=VERTEX_POINT('',#10746);
#4235=VERTEX_POINT('',#10752);
#4236=VERTEX_POINT('',#10754);
#4237=VERTEX_POINT('',#10756);
#4238=VERTEX_POINT('',#10761);
#4239=VERTEX_POINT('',#10766);
#4240=VERTEX_POINT('',#10771);
#4241=VERTEX_POINT('',#10776);
#4242=VERTEX_POINT('',#10781);
#4243=VERTEX_POINT('',#10786);
#4244=VERTEX_POINT('',#10788);
#4245=VERTEX_POINT('',#10790);
#4246=VERTEX_POINT('',#10792);
#4247=VERTEX_POINT('',#10794);
#4248=VERTEX_POINT('',#10804);
#4249=VERTEX_POINT('',#10805);
#4250=VERTEX_POINT('',#10810);
#4251=VERTEX_POINT('',#10815);
#4252=VERTEX_POINT('',#10817);
#4253=VERTEX_POINT('',#10819);
#4254=VERTEX_POINT('',#10824);
#4255=VERTEX_POINT('',#10954);
#4256=VERTEX_POINT('',#10955);
#4257=VERTEX_POINT('',#10971);
#4258=VERTEX_POINT('',#10985);
#4259=VERTEX_POINT('',#10999);
#4260=VERTEX_POINT('',#11003);
#4261=VERTEX_POINT('',#11007);
#4262=VERTEX_POINT('',#11026);
#4263=VERTEX_POINT('',#11027);
#4264=VERTEX_POINT('',#11032);
#4265=VERTEX_POINT('',#11037);
#4266=VERTEX_POINT('',#11042);
#4267=VERTEX_POINT('',#11047);
#4268=VERTEX_POINT('',#11052);
#4269=VERTEX_POINT('',#11057);
#4270=VERTEX_POINT('',#11062);
#4271=VERTEX_POINT('',#11067);
#4272=VERTEX_POINT('',#11072);
#4273=VERTEX_POINT('',#11077);
#4274=VERTEX_POINT('',#11082);
#4275=VERTEX_POINT('',#11087);
#4276=VERTEX_POINT('',#11092);
#4277=VERTEX_POINT('',#11097);
#4278=VERTEX_POINT('',#11106);
#4279=VERTEX_POINT('',#11107);
#4280=VERTEX_POINT('',#11112);
#4281=VERTEX_POINT('',#11117);
#4282=VERTEX_POINT('',#11122);
#4283=VERTEX_POINT('',#11128);
#4284=VERTEX_POINT('',#11133);
#4285=VERTEX_POINT('',#11142);
#4286=VERTEX_POINT('',#11143);
#4287=VERTEX_POINT('',#11148);
#4288=VERTEX_POINT('',#11153);
#4289=VERTEX_POINT('',#11158);
#4290=VERTEX_POINT('',#11163);
#4291=VERTEX_POINT('',#11168);
#4292=VERTEX_POINT('',#11173);
#4293=VERTEX_POINT('',#11306);
#4294=VERTEX_POINT('',#11307);
#4295=VERTEX_POINT('',#11323);
#4296=VERTEX_POINT('',#11337);
#4297=VERTEX_POINT('',#11351);
#4298=VERTEX_POINT('',#11365);
#4299=VERTEX_POINT('',#11379);
#4300=VERTEX_POINT('',#11398);
#4301=VERTEX_POINT('',#11399);
#4302=VERTEX_POINT('',#11414);
#4303=VERTEX_POINT('',#11428);
#4304=VERTEX_POINT('',#11435);
#4305=VERTEX_POINT('',#11449);
#4306=VERTEX_POINT('',#11463);
#4307=VERTEX_POINT('',#11477);
#4308=VERTEX_POINT('',#11497);
#4309=VERTEX_POINT('',#11498);
#4310=VERTEX_POINT('',#11503);
#4311=VERTEX_POINT('',#11505);
#4312=VERTEX_POINT('',#11507);
#4313=VERTEX_POINT('',#11509);
#4314=VERTEX_POINT('',#11511);
#4315=VERTEX_POINT('',#11513);
#4316=VERTEX_POINT('',#11515);
#4317=VERTEX_POINT('',#11517);
#4318=VERTEX_POINT('',#11519);
#4319=VERTEX_POINT('',#11521);
#4320=VERTEX_POINT('',#11523);
#4321=VERTEX_POINT('',#11525);
#4322=VERTEX_POINT('',#11530);
#4323=VERTEX_POINT('',#11532);
#4324=VERTEX_POINT('',#11534);
#4325=VERTEX_POINT('',#11536);
#4326=VERTEX_POINT('',#11538);
#4327=VERTEX_POINT('',#11587);
#4328=VERTEX_POINT('',#11588);
#4329=VERTEX_POINT('',#11590);
#4330=VERTEX_POINT('',#11595);
#4331=VERTEX_POINT('',#11597);
#4332=VERTEX_POINT('',#11599);
#4333=VERTEX_POINT('',#11601);
#4334=VERTEX_POINT('',#11603);
#4335=VERTEX_POINT('',#11605);
#4336=VERTEX_POINT('',#11607);
#4337=VERTEX_POINT('',#11631);
#4338=VERTEX_POINT('',#11632);
#4339=VERTEX_POINT('',#11634);
#4340=VERTEX_POINT('',#11639);
#4341=VERTEX_POINT('',#11641);
#4342=VERTEX_POINT('',#11643);
#4343=VERTEX_POINT('',#11645);
#4344=VERTEX_POINT('',#11647);
#4345=VERTEX_POINT('',#11649);
#4346=VERTEX_POINT('',#11651);
#4347=VERTEX_POINT('',#11675);
#4348=VERTEX_POINT('',#11676);
#4349=VERTEX_POINT('',#11678);
#4350=VERTEX_POINT('',#11680);
#4351=VERTEX_POINT('',#11682);
#4352=VERTEX_POINT('',#11684);
#4353=VERTEX_POINT('',#11686);
#4354=VERTEX_POINT('',#11688);
#4355=VERTEX_POINT('',#11690);
#4356=VERTEX_POINT('',#11692);
#4357=VERTEX_POINT('',#11694);
#4358=VERTEX_POINT('',#11696);
#4359=VERTEX_POINT('',#11728);
#4360=VERTEX_POINT('',#11729);
#4361=VERTEX_POINT('',#11734);
#4362=VERTEX_POINT('',#11740);
#4363=VERTEX_POINT('',#11746);
#4364=VERTEX_POINT('',#11751);
#4365=VERTEX_POINT('',#11756);
#4366=VERTEX_POINT('',#11762);
#4367=VERTEX_POINT('',#11772);
#4368=VERTEX_POINT('',#11773);
#4369=VERTEX_POINT('',#11778);
#4370=VERTEX_POINT('',#11783);
#4371=VERTEX_POINT('',#11789);
#4372=VERTEX_POINT('',#11794);
#4373=VERTEX_POINT('',#11799);
#4374=VERTEX_POINT('',#11804);
#4375=VERTEX_POINT('',#11893);
#4376=VERTEX_POINT('',#11894);
#4377=VERTEX_POINT('',#11909);
#4378=VERTEX_POINT('',#11923);
#4379=VERTEX_POINT('',#11937);
#4380=VERTEX_POINT('',#11952);
#4381=VERTEX_POINT('',#11966);
#4382=VERTEX_POINT('',#11980);
#4383=VERTEX_POINT('',#11999);
#4384=VERTEX_POINT('',#12000);
#4385=VERTEX_POINT('',#12005);
#4386=VERTEX_POINT('',#12010);
#4387=VERTEX_POINT('',#12015);
#4388=VERTEX_POINT('',#12020);
#4389=VERTEX_POINT('',#12025);
#4390=VERTEX_POINT('',#12030);
#4391=VERTEX_POINT('',#12109);
#4392=VERTEX_POINT('',#12110);
#4393=VERTEX_POINT('',#12112);
#4394=VERTEX_POINT('',#12114);
#4395=VERTEX_POINT('',#12116);
#4396=VERTEX_POINT('',#12118);
#4397=VERTEX_POINT('',#12120);
#4398=VERTEX_POINT('',#12122);
#4399=VERTEX_POINT('',#12124);
#4400=VERTEX_POINT('',#12126);
#4401=VERTEX_POINT('',#12128);
#4402=VERTEX_POINT('',#12131);
#4403=VERTEX_POINT('',#12132);
#4404=VERTEX_POINT('',#12137);
#4405=VERTEX_POINT('',#12142);
#4406=VERTEX_POINT('',#12144);
#4407=VERTEX_POINT('',#12146);
#4408=VERTEX_POINT('',#12148);
#4409=VERTEX_POINT('',#12180);
#4410=VERTEX_POINT('',#12181);
#4411=VERTEX_POINT('',#12186);
#4412=VERTEX_POINT('',#12193);
#4413=VERTEX_POINT('',#12200);
#4414=VERTEX_POINT('',#12204);
#4415=VERTEX_POINT('',#12208);
#4416=VERTEX_POINT('',#12219);
#4417=VERTEX_POINT('',#12220);
#4418=VERTEX_POINT('',#12222);
#4419=VERTEX_POINT('',#12224);
#4420=VERTEX_POINT('',#12228);
#4421=VERTEX_POINT('',#12230);
#4422=VERTEX_POINT('',#12232);
#4423=VERTEX_POINT('',#12235);
#4424=VERTEX_POINT('',#12238);
#4425=VERTEX_POINT('',#12240);
#4426=VERTEX_POINT('',#12243);
#4427=VERTEX_POINT('',#12245);
#4428=LINE('',#8293,#4841);
#4429=LINE('',#8298,#4842);
#4430=LINE('',#8302,#4843);
#4431=LINE('',#8306,#4844);
#4432=LINE('',#8310,#4845);
#4433=LINE('',#8346,#4846);
#4434=LINE('',#8350,#4847);
#4435=LINE('',#8369,#4848);
#4436=LINE('',#8373,#4849);
#4437=LINE('',#8406,#4850);
#4438=LINE('',#8410,#4851);
#4439=LINE('',#8422,#4852);
#4440=LINE('',#8426,#4853);
#4441=LINE('',#8518,#4854);
#4442=LINE('',#8558,#4855);
#4443=LINE('',#8582,#4856);
#4444=LINE('',#8587,#4857);
#4445=LINE('',#8618,#4858);
#4446=LINE('',#8645,#4859);
#4447=LINE('',#8691,#4860);
#4448=LINE('',#8695,#4861);
#4449=LINE('',#8699,#4862);
#4450=LINE('',#8716,#4863);
#4451=LINE('',#8733,#4864);
#4452=LINE('',#8737,#4865);
#4453=LINE('',#8745,#4866);
#4454=LINE('',#8749,#4867);
#4455=LINE('',#8786,#4868);
#4456=LINE('',#8921,#4869);
#4457=LINE('',#8962,#4870);
#4458=LINE('',#8966,#4871);
#4459=LINE('',#8970,#4872);
#4460=LINE('',#8987,#4873);
#4461=LINE('',#8991,#4874);
#4462=LINE('',#9013,#4875);
#4463=LINE('',#9017,#4876);
#4464=LINE('',#9063,#4877);
#4465=LINE('',#9067,#4878);
#4466=LINE('',#9085,#4879);
#4467=LINE('',#9089,#4880);
#4468=LINE('',#9201,#4881);
#4469=LINE('',#9205,#4882);
#4470=LINE('',#9209,#4883);
#4471=LINE('',#9214,#4884);
#4472=LINE('',#9224,#4885);
#4473=LINE('',#9229,#4886);
#4474=LINE('',#9237,#4887);
#4475=LINE('',#9241,#4888);
#4476=LINE('',#9247,#4889);
#4477=LINE('',#9251,#4890);
#4478=LINE('',#9257,#4891);
#4479=LINE('',#9259,#4892);
#4480=LINE('',#9261,#4893);
#4481=LINE('',#9264,#4894);
#4482=LINE('',#9266,#4895);
#4483=LINE('',#9268,#4896);
#4484=LINE('',#9270,#4897);
#4485=LINE('',#9273,#4898);
#4486=LINE('',#9275,#4899);
#4487=LINE('',#9277,#4900);
#4488=LINE('',#9351,#4901);
#4489=LINE('',#9352,#4902);
#4490=LINE('',#9361,#4903);
#4491=LINE('',#9370,#4904);
#4492=LINE('',#9379,#4905);
#4493=LINE('',#9407,#4906);
#4494=LINE('',#9415,#4907);
#4495=LINE('',#9420,#4908);
#4496=LINE('',#9449,#4909);
#4497=LINE('',#9450,#4910);
#4498=LINE('',#9452,#4911);
#4499=LINE('',#9454,#4912);
#4500=LINE('',#9458,#4913);
#4501=LINE('',#9472,#4914);
#4502=LINE('',#9486,#4915);
#4503=LINE('',#9500,#4916);
#4504=LINE('',#9514,#4917);
#4505=LINE('',#9515,#4918);
#4506=LINE('',#9517,#4919);
#4507=LINE('',#9519,#4920);
#4508=LINE('',#9521,#4921);
#4509=LINE('',#9523,#4922);
#4510=LINE('',#9532,#4923);
#4511=LINE('',#9541,#4924);
#4512=LINE('',#9550,#4925);
#4513=LINE('',#9609,#4926);
#4514=LINE('',#9610,#4927);
#4515=LINE('',#9619,#4928);
#4516=LINE('',#9628,#4929);
#4517=LINE('',#9637,#4930);
#4518=LINE('',#9646,#4931);
#4519=LINE('',#9655,#4932);
#4520=LINE('',#9664,#4933);
#4521=LINE('',#9677,#4934);
#4522=LINE('',#9681,#4935);
#4523=LINE('',#9683,#4936);
#4524=LINE('',#9684,#4937);
#4525=LINE('',#9686,#4938);
#4526=LINE('',#9688,#4939);
#4527=LINE('',#9694,#4940);
#4528=LINE('',#9698,#4941);
#4529=LINE('',#9706,#4942);
#4530=LINE('',#9710,#4943);
#4531=LINE('',#9727,#4944);
#4532=LINE('',#9744,#4945);
#4533=LINE('',#9746,#4946);
#4534=LINE('',#9747,#4947);
#4535=LINE('',#9749,#4948);
#4536=LINE('',#9751,#4949);
#4537=LINE('',#9753,#4950);
#4538=LINE('',#9755,#4951);
#4539=LINE('',#9757,#4952);
#4540=LINE('',#9759,#4953);
#4541=LINE('',#9761,#4954);
#4542=LINE('',#9763,#4955);
#4543=LINE('',#9765,#4956);
#4544=LINE('',#9767,#4957);
#4545=LINE('',#9776,#4958);
#4546=LINE('',#9785,#4959);
#4547=LINE('',#9794,#4960);
#4548=LINE('',#9796,#4961);
#4549=LINE('',#9805,#4962);
#4550=LINE('',#9814,#4963);
#4551=LINE('',#9927,#4964);
#4552=LINE('',#9966,#4965);
#4553=LINE('',#9967,#4966);
#4554=LINE('',#9969,#4967);
#4555=LINE('',#9971,#4968);
#4556=LINE('',#9973,#4969);
#4557=LINE('',#9982,#4970);
#4558=LINE('',#9984,#4971);
#4559=LINE('',#9993,#4972);
#4560=LINE('',#9995,#4973);
#4561=LINE('',#9997,#4974);
#4562=LINE('',#9999,#4975);
#4563=LINE('',#10008,#4976);
#4564=LINE('',#10017,#4977);
#4565=LINE('',#10026,#4978);
#4566=LINE('',#10028,#4979);
#4567=LINE('',#10037,#4980);
#4568=LINE('',#10046,#4981);
#4569=LINE('',#10048,#4982);
#4570=LINE('',#10050,#4983);
#4571=LINE('',#10059,#4984);
#4572=LINE('',#10068,#4985);
#4573=LINE('',#10070,#4986);
#4574=LINE('',#10079,#4987);
#4575=LINE('',#10081,#4988);
#4576=LINE('',#10090,#4989);
#4577=LINE('',#10099,#4990);
#4578=LINE('',#10108,#4991);
#4579=LINE('',#10117,#4992);
#4580=LINE('',#10130,#4993);
#4581=LINE('',#10171,#4994);
#4582=LINE('',#10207,#4995);
#4583=LINE('',#10208,#4996);
#4584=LINE('',#10210,#4997);
#4585=LINE('',#10212,#4998);
#4586=LINE('',#10214,#4999);
#4587=LINE('',#10216,#5000);
#4588=LINE('',#10218,#5001);
#4589=LINE('',#10220,#5002);
#4590=LINE('',#10222,#5003);
#4591=LINE('',#10231,#5004);
#4592=LINE('',#10240,#5005);
#4593=LINE('',#10242,#5006);
#4594=LINE('',#10244,#5007);
#4595=LINE('',#10246,#5008);
#4596=LINE('',#10255,#5009);
#4597=LINE('',#10264,#5010);
#4598=LINE('',#10273,#5011);
#4599=LINE('',#10282,#5012);
#4600=LINE('',#10291,#5013);
#4601=LINE('',#10293,#5014);
#4602=LINE('',#10299,#5015);
#4603=LINE('',#10303,#5016);
#4604=LINE('',#10305,#5017);
#4605=LINE('',#10306,#5018);
#4606=LINE('',#10308,#5019);
#4607=LINE('',#10310,#5020);
#4608=LINE('',#10324,#5021);
#4609=LINE('',#10328,#5022);
#4610=LINE('',#10374,#5023);
#4611=LINE('',#10378,#5024);
#4612=LINE('',#10400,#5025);
#4613=LINE('',#10404,#5026);
#4614=LINE('',#10423,#5027);
#4615=LINE('',#10424,#5028);
#4616=LINE('',#10433,#5029);
#4617=LINE('',#10442,#5030);
#4618=LINE('',#10444,#5031);
#4619=LINE('',#10446,#5032);
#4620=LINE('',#10448,#5033);
#4621=LINE('',#10457,#5034);
#4622=LINE('',#10466,#5035);
#4623=LINE('',#10468,#5036);
#4624=LINE('',#10470,#5037);
#4625=LINE('',#10472,#5038);
#4626=LINE('',#10481,#5039);
#4627=LINE('',#10483,#5040);
#4628=LINE('',#10485,#5041);
#4629=LINE('',#10487,#5042);
#4630=LINE('',#10489,#5043);
#4631=LINE('',#10491,#5044);
#4632=LINE('',#10493,#5045);
#4633=LINE('',#10495,#5046);
#4634=LINE('',#10497,#5047);
#4635=LINE('',#10506,#5048);
#4636=LINE('',#10515,#5049);
#4637=LINE('',#10524,#5050);
#4638=LINE('',#10533,#5051);
#4639=LINE('',#10535,#5052);
#4640=LINE('',#10537,#5053);
#4641=LINE('',#10539,#5054);
#4642=LINE('',#10567,#5055);
#4643=LINE('',#10603,#5056);
#4644=LINE('',#10607,#5057);
#4645=LINE('',#10618,#5058);
#4646=LINE('',#10619,#5059);
#4647=LINE('',#10621,#5060);
#4648=LINE('',#10623,#5061);
#4649=LINE('',#10627,#5062);
#4650=LINE('',#10641,#5063);
#4651=LINE('',#10655,#5064);
#4652=LINE('',#10669,#5065);
#4653=LINE('',#10683,#5066);
#4654=LINE('',#10684,#5067);
#4655=LINE('',#10686,#5068);
#4656=LINE('',#10695,#5069);
#4657=LINE('',#10697,#5070);
#4658=LINE('',#10706,#5071);
#4659=LINE('',#10715,#5072);
#4660=LINE('',#10717,#5073);
#4661=LINE('',#10719,#5074);
#4662=LINE('',#10721,#5075);
#4663=LINE('',#10723,#5076);
#4664=LINE('',#10725,#5077);
#4665=LINE('',#10753,#5078);
#4666=LINE('',#10793,#5079);
#4667=LINE('',#10818,#5080);
#4668=LINE('',#10830,#5081);
#4669=LINE('',#10831,#5082);
#4670=LINE('',#10833,#5083);
#4671=LINE('',#10835,#5084);
#4672=LINE('',#10837,#5085);
#4673=LINE('',#10846,#5086);
#4674=LINE('',#10855,#5087);
#4675=LINE('',#10864,#5088);
#4676=LINE('',#10873,#5089);
#4677=LINE('',#10882,#5090);
#4678=LINE('',#10891,#5091);
#4679=LINE('',#10893,#5092);
#4680=LINE('',#10895,#5093);
#4681=LINE('',#10904,#5094);
#4682=LINE('',#10913,#5095);
#4683=LINE('',#10915,#5096);
#4684=LINE('',#10924,#5097);
#4685=LINE('',#10933,#5098);
#4686=LINE('',#10956,#5099);
#4687=LINE('',#10957,#5100);
#4688=LINE('',#10972,#5101);
#4689=LINE('',#10986,#5102);
#4690=LINE('',#11000,#5103);
#4691=LINE('',#11004,#5104);
#4692=LINE('',#11006,#5105);
#4693=LINE('',#11008,#5106);
#4694=LINE('',#11186,#5107);
#4695=LINE('',#11187,#5108);
#4696=LINE('',#11196,#5109);
#4697=LINE('',#11205,#5110);
#4698=LINE('',#11214,#5111);
#4699=LINE('',#11216,#5112);
#4700=LINE('',#11225,#5113);
#4701=LINE('',#11234,#5114);
#4702=LINE('',#11236,#5115);
#4703=LINE('',#11245,#5116);
#4704=LINE('',#11254,#5117);
#4705=LINE('',#11263,#5118);
#4706=LINE('',#11272,#5119);
#4707=LINE('',#11274,#5120);
#4708=LINE('',#11283,#5121);
#4709=LINE('',#11292,#5122);
#4710=LINE('',#11308,#5123);
#4711=LINE('',#11309,#5124);
#4712=LINE('',#11324,#5125);
#4713=LINE('',#11338,#5126);
#4714=LINE('',#11352,#5127);
#4715=LINE('',#11366,#5128);
#4716=LINE('',#11380,#5129);
#4717=LINE('',#11400,#5130);
#4718=LINE('',#11401,#5131);
#4719=LINE('',#11415,#5132);
#4720=LINE('',#11429,#5133);
#4721=LINE('',#11436,#5134);
#4722=LINE('',#11450,#5135);
#4723=LINE('',#11464,#5136);
#4724=LINE('',#11478,#5137);
#4725=LINE('',#11504,#5138);
#4726=LINE('',#11508,#5139);
#4727=LINE('',#11520,#5140);
#4728=LINE('',#11524,#5141);
#4729=LINE('',#11541,#5142);
#4730=LINE('',#11542,#5143);
#4731=LINE('',#11544,#5144);
#4732=LINE('',#11546,#5145);
#4733=LINE('',#11548,#5146);
#4734=LINE('',#11550,#5147);
#4735=LINE('',#11552,#5148);
#4736=LINE('',#11554,#5149);
#4737=LINE('',#11556,#5150);
#4738=LINE('',#11558,#5151);
#4739=LINE('',#11560,#5152);
#4740=LINE('',#11562,#5153);
#4741=LINE('',#11564,#5154);
#4742=LINE('',#11566,#5155);
#4743=LINE('',#11568,#5156);
#4744=LINE('',#11577,#5157);
#4745=LINE('',#11579,#5158);
#4746=LINE('',#11581,#5159);
#4747=LINE('',#11583,#5160);
#4748=LINE('',#11600,#5161);
#4749=LINE('',#11604,#5162);
#4750=LINE('',#11610,#5163);
#4751=LINE('',#11611,#5164);
#4752=LINE('',#11613,#5165);
#4753=LINE('',#11615,#5166);
#4754=LINE('',#11617,#5167);
#4755=LINE('',#11619,#5168);
#4756=LINE('',#11621,#5169);
#4757=LINE('',#11623,#5170);
#4758=LINE('',#11625,#5171);
#4759=LINE('',#11627,#5172);
#4760=LINE('',#11644,#5173);
#4761=LINE('',#11648,#5174);
#4762=LINE('',#11654,#5175);
#4763=LINE('',#11655,#5176);
#4764=LINE('',#11657,#5177);
#4765=LINE('',#11659,#5178);
#4766=LINE('',#11661,#5179);
#4767=LINE('',#11663,#5180);
#4768=LINE('',#11665,#5181);
#4769=LINE('',#11667,#5182);
#4770=LINE('',#11669,#5183);
#4771=LINE('',#11671,#5184);
#4772=LINE('',#11699,#5185);
#4773=LINE('',#11700,#5186);
#4774=LINE('',#11702,#5187);
#4775=LINE('',#11704,#5188);
#4776=LINE('',#11706,#5189);
#4777=LINE('',#11708,#5190);
#4778=LINE('',#11710,#5191);
#4779=LINE('',#11712,#5192);
#4780=LINE('',#11714,#5193);
#4781=LINE('',#11716,#5194);
#4782=LINE('',#11718,#5195);
#4783=LINE('',#11720,#5196);
#4784=LINE('',#11817,#5197);
#4785=LINE('',#11818,#5198);
#4786=LINE('',#11827,#5199);
#4787=LINE('',#11836,#5200);
#4788=LINE('',#11845,#5201);
#4789=LINE('',#11854,#5202);
#4790=LINE('',#11863,#5203);
#4791=LINE('',#11872,#5204);
#4792=LINE('',#11895,#5205);
#4793=LINE('',#11896,#5206);
#4794=LINE('',#11910,#5207);
#4795=LINE('',#11924,#5208);
#4796=LINE('',#11938,#5209);
#4797=LINE('',#11953,#5210);
#4798=LINE('',#11967,#5211);
#4799=LINE('',#11981,#5212);
#4800=LINE('',#12043,#5213);
#4801=LINE('',#12044,#5214);
#4802=LINE('',#12053,#5215);
#4803=LINE('',#12062,#5216);
#4804=LINE('',#12071,#5217);
#4805=LINE('',#12080,#5218);
#4806=LINE('',#12089,#5219);
#4807=LINE('',#12098,#5220);
#4808=LINE('',#12113,#5221);
#4809=LINE('',#12117,#5222);
#4810=LINE('',#12121,#5223);
#4811=LINE('',#12125,#5224);
#4812=LINE('',#12129,#5225);
#4813=LINE('',#12143,#5226);
#4814=LINE('',#12154,#5227);
#4815=LINE('',#12155,#5228);
#4816=LINE('',#12157,#5229);
#4817=LINE('',#12159,#5230);
#4818=LINE('',#12161,#5231);
#4819=LINE('',#12163,#5232);
#4820=LINE('',#12165,#5233);
#4821=LINE('',#12167,#5234);
#4822=LINE('',#12169,#5235);
#4823=LINE('',#12171,#5236);
#4824=LINE('',#12173,#5237);
#4825=LINE('',#12182,#5238);
#4826=LINE('',#12183,#5239);
#4827=LINE('',#12187,#5240);
#4828=LINE('',#12194,#5241);
#4829=LINE('',#12201,#5242);
#4830=LINE('',#12203,#5243);
#4831=LINE('',#12205,#5244);
#4832=LINE('',#12209,#5245);
#4833=LINE('',#12218,#5246);
#4834=LINE('',#12223,#5247);
#4835=LINE('',#12229,#5248);
#4836=LINE('',#12233,#5249);
#4837=LINE('',#12237,#5250);
#4838=LINE('',#12241,#5251);
#4839=LINE('',#12248,#5252);
#4840=LINE('',#12250,#5253);
#4841=VECTOR('',#6976,1.);
#4842=VECTOR('',#6979,1.);
#4843=VECTOR('',#6982,1.);
#4844=VECTOR('',#6985,1.);
#4845=VECTOR('',#6988,1.);
#4846=VECTOR('',#7023,1.);
#4847=VECTOR('',#7026,1.);
#4848=VECTOR('',#7039,1.);
#4849=VECTOR('',#7042,1.);
#4850=VECTOR('',#7059,1.);
#4851=VECTOR('',#7062,1.);
#4852=VECTOR('',#7073,1.);
#4853=VECTOR('',#7076,1.);
#4854=VECTOR('',#7077,1.);
#4855=VECTOR('',#7086,1.);
#4856=VECTOR('',#7089,1.);
#4857=VECTOR('',#7092,1.);
#4858=VECTOR('',#7095,1.);
#4859=VECTOR('',#7100,1.);
#4860=VECTOR('',#7105,1.);
#4861=VECTOR('',#7108,1.);
#4862=VECTOR('',#7111,1.);
#4863=VECTOR('',#7112,1.);
#4864=VECTOR('',#7113,1.);
#4865=VECTOR('',#7116,1.);
#4866=VECTOR('',#7123,1.);
#4867=VECTOR('',#7126,1.);
#4868=VECTOR('',#7127,1.);
#4869=VECTOR('',#7136,1.);
#4870=VECTOR('',#7143,1.);
#4871=VECTOR('',#7146,1.);
#4872=VECTOR('',#7149,1.);
#4873=VECTOR('',#7150,1.);
#4874=VECTOR('',#7153,1.);
#4875=VECTOR('',#7154,1.);
#4876=VECTOR('',#7157,1.);
#4877=VECTOR('',#7166,1.);
#4878=VECTOR('',#7169,1.);
#4879=VECTOR('',#7176,1.);
#4880=VECTOR('',#7179,1.);
#4881=VECTOR('',#7186,1.);
#4882=VECTOR('',#7189,1.);
#4883=VECTOR('',#7194,1.);
#4884=VECTOR('',#7197,1.);
#4885=VECTOR('',#7208,1.);
#4886=VECTOR('',#7211,1.);
#4887=VECTOR('',#7220,1.);
#4888=VECTOR('',#7223,1.);
#4889=VECTOR('',#7230,1.);
#4890=VECTOR('',#7233,1.);
#4891=VECTOR('',#7240,1.);
#4892=VECTOR('',#7243,1.);
#4893=VECTOR('',#7246,1.);
#4894=VECTOR('',#7247,1.);
#4895=VECTOR('',#7248,1.);
#4896=VECTOR('',#7249,1.);
#4897=VECTOR('',#7252,1.);
#4898=VECTOR('',#7253,1.);
#4899=VECTOR('',#7254,1.);
#4900=VECTOR('',#7255,1.);
#4901=VECTOR('',#7330,1.);
#4902=VECTOR('',#7331,1.);
#4903=VECTOR('',#7332,1.);
#4904=VECTOR('',#7333,1.);
#4905=VECTOR('',#7334,1.);
#4906=VECTOR('',#7339,1.);
#4907=VECTOR('',#7342,1.);
#4908=VECTOR('',#7345,1.);
#4909=VECTOR('',#7354,1.);
#4910=VECTOR('',#7355,1.);
#4911=VECTOR('',#7358,1.);
#4912=VECTOR('',#7359,1.);
#4913=VECTOR('',#7364,1.);
#4914=VECTOR('',#7365,1.);
#4915=VECTOR('',#7366,1.);
#4916=VECTOR('',#7367,1.);
#4917=VECTOR('',#7370,1.);
#4918=VECTOR('',#7371,1.);
#4919=VECTOR('',#7374,1.);
#4920=VECTOR('',#7377,1.);
#4921=VECTOR('',#7380,1.);
#4922=VECTOR('',#7383,1.);
#4923=VECTOR('',#7384,1.);
#4924=VECTOR('',#7385,1.);
#4925=VECTOR('',#7386,1.);
#4926=VECTOR('',#7391,1.);
#4927=VECTOR('',#7392,1.);
#4928=VECTOR('',#7393,1.);
#4929=VECTOR('',#7394,1.);
#4930=VECTOR('',#7395,1.);
#4931=VECTOR('',#7396,1.);
#4932=VECTOR('',#7397,1.);
#4933=VECTOR('',#7398,1.);
#4934=VECTOR('',#7403,1.);
#4935=VECTOR('',#7406,1.);
#4936=VECTOR('',#7409,1.);
#4937=VECTOR('',#7410,1.);
#4938=VECTOR('',#7413,1.);
#4939=VECTOR('',#7416,1.);
#4940=VECTOR('',#7423,1.);
#4941=VECTOR('',#7426,1.);
#4942=VECTOR('',#7433,1.);
#4943=VECTOR('',#7436,1.);
#4944=VECTOR('',#7437,1.);
#4945=VECTOR('',#7438,1.);
#4946=VECTOR('',#7441,1.);
#4947=VECTOR('',#7442,1.);
#4948=VECTOR('',#7445,1.);
#4949=VECTOR('',#7448,1.);
#4950=VECTOR('',#7451,1.);
#4951=VECTOR('',#7454,1.);
#4952=VECTOR('',#7457,1.);
#4953=VECTOR('',#7460,1.);
#4954=VECTOR('',#7463,1.);
#4955=VECTOR('',#7466,1.);
#4956=VECTOR('',#7469,1.);
#4957=VECTOR('',#7472,1.);
#4958=VECTOR('',#7473,1.);
#4959=VECTOR('',#7474,1.);
#4960=VECTOR('',#7475,1.);
#4961=VECTOR('',#7478,1.);
#4962=VECTOR('',#7479,1.);
#4963=VECTOR('',#7480,1.);
#4964=VECTOR('',#7485,1.);
#4965=VECTOR('',#7486,1.);
#4966=VECTOR('',#7487,1.);
#4967=VECTOR('',#7490,1.);
#4968=VECTOR('',#7493,1.);
#4969=VECTOR('',#7496,1.);
#4970=VECTOR('',#7497,1.);
#4971=VECTOR('',#7500,1.);
#4972=VECTOR('',#7501,1.);
#4973=VECTOR('',#7504,1.);
#4974=VECTOR('',#7507,1.);
#4975=VECTOR('',#7510,1.);
#4976=VECTOR('',#7511,1.);
#4977=VECTOR('',#7512,1.);
#4978=VECTOR('',#7513,1.);
#4979=VECTOR('',#7516,1.);
#4980=VECTOR('',#7517,1.);
#4981=VECTOR('',#7518,1.);
#4982=VECTOR('',#7521,1.);
#4983=VECTOR('',#7524,1.);
#4984=VECTOR('',#7525,1.);
#4985=VECTOR('',#7526,1.);
#4986=VECTOR('',#7529,1.);
#4987=VECTOR('',#7530,1.);
#4988=VECTOR('',#7533,1.);
#4989=VECTOR('',#7534,1.);
#4990=VECTOR('',#7535,1.);
#4991=VECTOR('',#7536,1.);
#4992=VECTOR('',#7537,1.);
#4993=VECTOR('',#7542,1.);
#4994=VECTOR('',#7549,1.);
#4995=VECTOR('',#7556,1.);
#4996=VECTOR('',#7557,1.);
#4997=VECTOR('',#7560,1.);
#4998=VECTOR('',#7563,1.);
#4999=VECTOR('',#7566,1.);
#5000=VECTOR('',#7569,1.);
#5001=VECTOR('',#7572,1.);
#5002=VECTOR('',#7575,1.);
#5003=VECTOR('',#7578,1.);
#5004=VECTOR('',#7579,1.);
#5005=VECTOR('',#7580,1.);
#5006=VECTOR('',#7583,1.);
#5007=VECTOR('',#7586,1.);
#5008=VECTOR('',#7589,1.);
#5009=VECTOR('',#7590,1.);
#5010=VECTOR('',#7591,1.);
#5011=VECTOR('',#7592,1.);
#5012=VECTOR('',#7593,1.);
#5013=VECTOR('',#7594,1.);
#5014=VECTOR('',#7597,1.);
#5015=VECTOR('',#7604,1.);
#5016=VECTOR('',#7607,1.);
#5017=VECTOR('',#7610,1.);
#5018=VECTOR('',#7611,1.);
#5019=VECTOR('',#7614,1.);
#5020=VECTOR('',#7617,1.);
#5021=VECTOR('',#7622,1.);
#5022=VECTOR('',#7625,1.);
#5023=VECTOR('',#7634,1.);
#5024=VECTOR('',#7637,1.);
#5025=VECTOR('',#7638,1.);
#5026=VECTOR('',#7641,1.);
#5027=VECTOR('',#7642,1.);
#5028=VECTOR('',#7643,1.);
#5029=VECTOR('',#7644,1.);
#5030=VECTOR('',#7645,1.);
#5031=VECTOR('',#7648,1.);
#5032=VECTOR('',#7651,1.);
#5033=VECTOR('',#7654,1.);
#5034=VECTOR('',#7655,1.);
#5035=VECTOR('',#7656,1.);
#5036=VECTOR('',#7659,1.);
#5037=VECTOR('',#7662,1.);
#5038=VECTOR('',#7665,1.);
#5039=VECTOR('',#7666,1.);
#5040=VECTOR('',#7669,1.);
#5041=VECTOR('',#7672,1.);
#5042=VECTOR('',#7675,1.);
#5043=VECTOR('',#7678,1.);
#5044=VECTOR('',#7681,1.);
#5045=VECTOR('',#7684,1.);
#5046=VECTOR('',#7687,1.);
#5047=VECTOR('',#7690,1.);
#5048=VECTOR('',#7691,1.);
#5049=VECTOR('',#7692,1.);
#5050=VECTOR('',#7693,1.);
#5051=VECTOR('',#7694,1.);
#5052=VECTOR('',#7697,1.);
#5053=VECTOR('',#7700,1.);
#5054=VECTOR('',#7703,1.);
#5055=VECTOR('',#7708,1.);
#5056=VECTOR('',#7713,1.);
#5057=VECTOR('',#7716,1.);
#5058=VECTOR('',#7727,1.);
#5059=VECTOR('',#7728,1.);
#5060=VECTOR('',#7731,1.);
#5061=VECTOR('',#7732,1.);
#5062=VECTOR('',#7737,1.);
#5063=VECTOR('',#7738,1.);
#5064=VECTOR('',#7739,1.);
#5065=VECTOR('',#7740,1.);
#5066=VECTOR('',#7743,1.);
#5067=VECTOR('',#7744,1.);
#5068=VECTOR('',#7747,1.);
#5069=VECTOR('',#7748,1.);
#5070=VECTOR('',#7751,1.);
#5071=VECTOR('',#7752,1.);
#5072=VECTOR('',#7753,1.);
#5073=VECTOR('',#7756,1.);
#5074=VECTOR('',#7759,1.);
#5075=VECTOR('',#7762,1.);
#5076=VECTOR('',#7765,1.);
#5077=VECTOR('',#7768,1.);
#5078=VECTOR('',#7777,1.);
#5079=VECTOR('',#7786,1.);
#5080=VECTOR('',#7789,1.);
#5081=VECTOR('',#7792,1.);
#5082=VECTOR('',#7793,1.);
#5083=VECTOR('',#7796,1.);
#5084=VECTOR('',#7799,1.);
#5085=VECTOR('',#7802,1.);
#5086=VECTOR('',#7803,1.);
#5087=VECTOR('',#7804,1.);
#5088=VECTOR('',#7805,1.);
#5089=VECTOR('',#7806,1.);
#5090=VECTOR('',#7807,1.);
#5091=VECTOR('',#7808,1.);
#5092=VECTOR('',#7811,1.);
#5093=VECTOR('',#7814,1.);
#5094=VECTOR('',#7815,1.);
#5095=VECTOR('',#7816,1.);
#5096=VECTOR('',#7819,1.);
#5097=VECTOR('',#7820,1.);
#5098=VECTOR('',#7821,1.);
#5099=VECTOR('',#7822,1.);
#5100=VECTOR('',#7823,1.);
#5101=VECTOR('',#7824,1.);
#5102=VECTOR('',#7825,1.);
#5103=VECTOR('',#7826,1.);
#5104=VECTOR('',#7831,1.);
#5105=VECTOR('',#7834,1.);
#5106=VECTOR('',#7835,1.);
#5107=VECTOR('',#7838,1.);
#5108=VECTOR('',#7839,1.);
#5109=VECTOR('',#7840,1.);
#5110=VECTOR('',#7841,1.);
#5111=VECTOR('',#7842,1.);
#5112=VECTOR('',#7845,1.);
#5113=VECTOR('',#7846,1.);
#5114=VECTOR('',#7847,1.);
#5115=VECTOR('',#7850,1.);
#5116=VECTOR('',#7851,1.);
#5117=VECTOR('',#7852,1.);
#5118=VECTOR('',#7853,1.);
#5119=VECTOR('',#7854,1.);
#5120=VECTOR('',#7857,1.);
#5121=VECTOR('',#7858,1.);
#5122=VECTOR('',#7859,1.);
#5123=VECTOR('',#7862,1.);
#5124=VECTOR('',#7863,1.);
#5125=VECTOR('',#7864,1.);
#5126=VECTOR('',#7865,1.);
#5127=VECTOR('',#7866,1.);
#5128=VECTOR('',#7867,1.);
#5129=VECTOR('',#7868,1.);
#5130=VECTOR('',#7871,1.);
#5131=VECTOR('',#7872,1.);
#5132=VECTOR('',#7873,1.);
#5133=VECTOR('',#7874,1.);
#5134=VECTOR('',#7877,1.);
#5135=VECTOR('',#7878,1.);
#5136=VECTOR('',#7879,1.);
#5137=VECTOR('',#7880,1.);
#5138=VECTOR('',#7885,1.);
#5139=VECTOR('',#7888,1.);
#5140=VECTOR('',#7899,1.);
#5141=VECTOR('',#7902,1.);
#5142=VECTOR('',#7915,1.);
#5143=VECTOR('',#7916,1.);
#5144=VECTOR('',#7919,1.);
#5145=VECTOR('',#7922,1.);
#5146=VECTOR('',#7925,1.);
#5147=VECTOR('',#7928,1.);
#5148=VECTOR('',#7931,1.);
#5149=VECTOR('',#7934,1.);
#5150=VECTOR('',#7937,1.);
#5151=VECTOR('',#7940,1.);
#5152=VECTOR('',#7943,1.);
#5153=VECTOR('',#7946,1.);
#5154=VECTOR('',#7949,1.);
#5155=VECTOR('',#7952,1.);
#5156=VECTOR('',#7955,1.);
#5157=VECTOR('',#7956,1.);
#5158=VECTOR('',#7959,1.);
#5159=VECTOR('',#7962,1.);
#5160=VECTOR('',#7965,1.);
#5161=VECTOR('',#7978,1.);
#5162=VECTOR('',#7981,1.);
#5163=VECTOR('',#7988,1.);
#5164=VECTOR('',#7989,1.);
#5165=VECTOR('',#7992,1.);
#5166=VECTOR('',#7995,1.);
#5167=VECTOR('',#7998,1.);
#5168=VECTOR('',#8001,1.);
#5169=VECTOR('',#8004,1.);
#5170=VECTOR('',#8007,1.);
#5171=VECTOR('',#8010,1.);
#5172=VECTOR('',#8013,1.);
#5173=VECTOR('',#8026,1.);
#5174=VECTOR('',#8029,1.);
#5175=VECTOR('',#8036,1.);
#5176=VECTOR('',#8037,1.);
#5177=VECTOR('',#8040,1.);
#5178=VECTOR('',#8043,1.);
#5179=VECTOR('',#8046,1.);
#5180=VECTOR('',#8049,1.);
#5181=VECTOR('',#8052,1.);
#5182=VECTOR('',#8055,1.);
#5183=VECTOR('',#8058,1.);
#5184=VECTOR('',#8061,1.);
#5185=VECTOR('',#8092,1.);
#5186=VECTOR('',#8093,1.);
#5187=VECTOR('',#8096,1.);
#5188=VECTOR('',#8099,1.);
#5189=VECTOR('',#8102,1.);
#5190=VECTOR('',#8105,1.);
#5191=VECTOR('',#8108,1.);
#5192=VECTOR('',#8111,1.);
#5193=VECTOR('',#8114,1.);
#5194=VECTOR('',#8117,1.);
#5195=VECTOR('',#8120,1.);
#5196=VECTOR('',#8123,1.);
#5197=VECTOR('',#8128,1.);
#5198=VECTOR('',#8129,1.);
#5199=VECTOR('',#8130,1.);
#5200=VECTOR('',#8131,1.);
#5201=VECTOR('',#8132,1.);
#5202=VECTOR('',#8133,1.);
#5203=VECTOR('',#8134,1.);
#5204=VECTOR('',#8135,1.);
#5205=VECTOR('',#8136,1.);
#5206=VECTOR('',#8137,1.);
#5207=VECTOR('',#8138,1.);
#5208=VECTOR('',#8139,1.);
#5209=VECTOR('',#8140,1.);
#5210=VECTOR('',#8141,1.);
#5211=VECTOR('',#8142,1.);
#5212=VECTOR('',#8143,1.);
#5213=VECTOR('',#8146,1.);
#5214=VECTOR('',#8147,1.);
#5215=VECTOR('',#8148,1.);
#5216=VECTOR('',#8149,1.);
#5217=VECTOR('',#8150,1.);
#5218=VECTOR('',#8151,1.);
#5219=VECTOR('',#8152,1.);
#5220=VECTOR('',#8153,1.);
#5221=VECTOR('',#8160,1.);
#5222=VECTOR('',#8163,1.);
#5223=VECTOR('',#8166,1.);
#5224=VECTOR('',#8169,1.);
#5225=VECTOR('',#8172,1.);
#5226=VECTOR('',#8175,1.);
#5227=VECTOR('',#8182,1.);
#5228=VECTOR('',#8183,1.);
#5229=VECTOR('',#8186,1.);
#5230=VECTOR('',#8189,1.);
#5231=VECTOR('',#8192,1.);
#5232=VECTOR('',#8195,1.);
#5233=VECTOR('',#8198,1.);
#5234=VECTOR('',#8201,1.);
#5235=VECTOR('',#8204,1.);
#5236=VECTOR('',#8207,1.);
#5237=VECTOR('',#8210,1.);
#5238=VECTOR('',#8215,1.);
#5239=VECTOR('',#8216,1.);
#5240=VECTOR('',#8221,1.);
#5241=VECTOR('',#8224,1.);
#5242=VECTOR('',#8227,1.);
#5243=VECTOR('',#8230,1.);
#5244=VECTOR('',#8231,1.);
#5245=VECTOR('',#8236,1.);
#5246=VECTOR('',#8253,1.);
#5247=VECTOR('',#8256,1.);
#5248=VECTOR('',#8263,1.);
#5249=VECTOR('',#8266,1.);
#5250=VECTOR('',#8271,1.);
#5251=VECTOR('',#8274,1.);
#5252=VECTOR('',#8283,1.);
#5253=VECTOR('',#8286,1.);
#5254=EDGE_LOOP('',(#861,#862,#863,#864,#865,#866,#867,#868,#869,#870,#871));
#5255=EDGE_LOOP('',(#872,#873,#874,#875,#876,#877,#878,#879,#880,#881,#882,
#883));
#5256=EDGE_LOOP('',(#884,#885,#886,#887,#888,#889,#890,#891,#892,#893));
#5257=EDGE_LOOP('',(#894,#895,#896,#897,#898,#899,#900,#901,#902,#903));
#5258=EDGE_LOOP('',(#904,#905,#906,#907,#908,#909,#910,#911,#912,#913,#914,
#915,#916,#917,#918,#919,#920,#921,#922));
#5259=EDGE_LOOP('',(#923,#924,#925,#926,#927,#928,#929,#930,#931,#932,#933,
#934,#935,#936,#937,#938));
#5260=EDGE_LOOP('',(#939,#940,#941,#942,#943,#944,#945,#946,#947,#948,#949,
#950,#951,#952,#953,#954,#955,#956));
#5261=EDGE_LOOP('',(#957,#958,#959,#960));
#5262=EDGE_LOOP('',(#961,#962,#963,#964,#965));
#5263=EDGE_LOOP('',(#966,#967,#968,#969,#970,#971,#972,#973,#974));
#5264=EDGE_LOOP('',(#975,#976,#977,#978,#979,#980,#981,#982));
#5265=EDGE_LOOP('',(#983,#984,#985,#986));
#5266=EDGE_LOOP('',(#987,#988,#989,#990,#991,#992,#993,#994,#995,#996,#997,
#998,#999,#1000,#1001,#1002,#1003,#1004));
#5267=EDGE_LOOP('',(#1005,#1006,#1007,#1008,#1009,#1010,#1011,#1012,#1013,
#1014,#1015,#1016,#1017,#1018,#1019,#1020,#1021,#1022,#1023,#1024,#1025,
#1026,#1027,#1028,#1029,#1030,#1031,#1032));
#5268=EDGE_LOOP('',(#1033,#1034,#1035,#1036,#1037,#1038,#1039,#1040,#1041,
#1042,#1043,#1044,#1045,#1046,#1047,#1048,#1049,#1050,#1051,#1052));
#5269=EDGE_LOOP('',(#1053,#1054,#1055,#1056));
#5270=EDGE_LOOP('',(#1057,#1058,#1059,#1060,#1061,#1062,#1063,#1064,#1065,
#1066,#1067,#1068,#1069,#1070,#1071,#1072,#1073,#1074,#1075,#1076,#1077,
#1078,#1079,#1080,#1081,#1082,#1083,#1084));
#5271=EDGE_LOOP('',(#1085,#1086,#1087,#1088,#1089,#1090,#1091,#1092,#1093,
#1094,#1095,#1096));
#5272=EDGE_LOOP('',(#1097,#1098,#1099,#1100,#1101,#1102,#1103,#1104));
#5273=EDGE_LOOP('',(#1105,#1106,#1107,#1108,#1109,#1110,#1111,#1112));
#5274=EDGE_LOOP('',(#1113,#1114,#1115,#1116));
#5275=EDGE_LOOP('',(#1117));
#5276=EDGE_LOOP('',(#1118,#1119,#1120,#1121,#1122,#1123));
#5277=EDGE_LOOP('',(#1124));
#5278=EDGE_LOOP('',(#1125,#1126,#1127,#1128,#1129,#1130));
#5279=EDGE_LOOP('',(#1131,#1132,#1133,#1134));
#5280=EDGE_LOOP('',(#1135));
#5281=EDGE_LOOP('',(#1136));
#5282=EDGE_LOOP('',(#1137,#1138,#1139,#1140));
#5283=EDGE_LOOP('',(#1141));
#5284=EDGE_LOOP('',(#1142));
#5285=EDGE_LOOP('',(#1143,#1144,#1145,#1146));
#5286=EDGE_LOOP('',(#1147,#1148,#1149,#1150));
#5287=EDGE_LOOP('',(#1151,#1152,#1153,#1154));
#5288=EDGE_LOOP('',(#1155,#1156,#1157,#1158));
#5289=EDGE_LOOP('',(#1159,#1160,#1161,#1162));
#5290=EDGE_LOOP('',(#1163,#1164,#1165,#1166));
#5291=EDGE_LOOP('',(#1167));
#5292=EDGE_LOOP('',(#1168,#1169,#1170,#1171));
#5293=EDGE_LOOP('',(#1172,#1173,#1174,#1175));
#5294=EDGE_LOOP('',(#1176,#1177,#1178,#1179));
#5295=EDGE_LOOP('',(#1180,#1181,#1182,#1183));
#5296=EDGE_LOOP('',(#1184,#1185,#1186,#1187));
#5297=EDGE_LOOP('',(#1188,#1189,#1190,#1191));
#5298=EDGE_LOOP('',(#1192,#1193,#1194,#1195));
#5299=EDGE_LOOP('',(#1196,#1197,#1198,#1199));
#5300=EDGE_LOOP('',(#1200,#1201,#1202,#1203));
#5301=EDGE_LOOP('',(#1204,#1205,#1206,#1207));
#5302=EDGE_LOOP('',(#1208,#1209,#1210,#1211));
#5303=EDGE_LOOP('',(#1212,#1213,#1214,#1215));
#5304=EDGE_LOOP('',(#1216,#1217,#1218,#1219));
#5305=EDGE_LOOP('',(#1220,#1221,#1222,#1223));
#5306=EDGE_LOOP('',(#1224));
#5307=EDGE_LOOP('',(#1225));
#5308=EDGE_LOOP('',(#1226));
#5309=EDGE_LOOP('',(#1227));
#5310=EDGE_LOOP('',(#1228));
#5311=EDGE_LOOP('',(#1229,#1230,#1231,#1232,#1233));
#5312=EDGE_LOOP('',(#1234,#1235,#1236,#1237));
#5313=EDGE_LOOP('',(#1238,#1239,#1240,#1241));
#5314=EDGE_LOOP('',(#1242,#1243,#1244,#1245));
#5315=EDGE_LOOP('',(#1246,#1247,#1248,#1249));
#5316=EDGE_LOOP('',(#1250,#1251,#1252,#1253));
#5317=EDGE_LOOP('',(#1254,#1255,#1256,#1257,#1258,#1259,#1260));
#5318=EDGE_LOOP('',(#1261,#1262,#1263,#1264,#1265,#1266,#1267,#1268,#1269));
#5319=EDGE_LOOP('',(#1270,#1271,#1272,#1273));
#5320=EDGE_LOOP('',(#1274,#1275,#1276,#1277));
#5321=EDGE_LOOP('',(#1278,#1279,#1280,#1281));
#5322=EDGE_LOOP('',(#1282,#1283,#1284,#1285));
#5323=EDGE_LOOP('',(#1286,#1287,#1288,#1289));
#5324=EDGE_LOOP('',(#1290,#1291,#1292,#1293));
#5325=EDGE_LOOP('',(#1294,#1295,#1296,#1297));
#5326=EDGE_LOOP('',(#1298,#1299,#1300,#1301));
#5327=EDGE_LOOP('',(#1302,#1303,#1304,#1305));
#5328=EDGE_LOOP('',(#1306,#1307,#1308,#1309));
#5329=EDGE_LOOP('',(#1310,#1311,#1312,#1313));
#5330=EDGE_LOOP('',(#1314,#1315,#1316,#1317));
#5331=EDGE_LOOP('',(#1318,#1319,#1320,#1321));
#5332=EDGE_LOOP('',(#1322,#1323,#1324,#1325));
#5333=EDGE_LOOP('',(#1326,#1327,#1328,#1329));
#5334=EDGE_LOOP('',(#1330,#1331,#1332,#1333));
#5335=EDGE_LOOP('',(#1334,#1335,#1336,#1337,#1338,#1339,#1340));
#5336=EDGE_LOOP('',(#1341,#1342,#1343,#1344,#1345,#1346,#1347,#1348));
#5337=EDGE_LOOP('',(#1349,#1350,#1351,#1352));
#5338=EDGE_LOOP('',(#1353,#1354,#1355,#1356));
#5339=EDGE_LOOP('',(#1357,#1358,#1359,#1360));
#5340=EDGE_LOOP('',(#1361,#1362,#1363,#1364));
#5341=EDGE_LOOP('',(#1365,#1366,#1367,#1368));
#5342=EDGE_LOOP('',(#1369,#1370,#1371,#1372));
#5343=EDGE_LOOP('',(#1373,#1374,#1375,#1376));
#5344=EDGE_LOOP('',(#1377,#1378,#1379,#1380));
#5345=EDGE_LOOP('',(#1381,#1382,#1383,#1384));
#5346=EDGE_LOOP('',(#1385,#1386,#1387,#1388));
#5347=EDGE_LOOP('',(#1389,#1390,#1391,#1392));
#5348=EDGE_LOOP('',(#1393,#1394,#1395,#1396));
#5349=EDGE_LOOP('',(#1397,#1398,#1399,#1400));
#5350=EDGE_LOOP('',(#1401,#1402,#1403,#1404,#1405,#1406,#1407,#1408,#1409,
#1410,#1411,#1412,#1413,#1414,#1415,#1416,#1417,#1418));
#5351=EDGE_LOOP('',(#1419,#1420,#1421,#1422));
#5352=EDGE_LOOP('',(#1423,#1424,#1425,#1426));
#5353=EDGE_LOOP('',(#1427,#1428,#1429,#1430));
#5354=EDGE_LOOP('',(#1431,#1432,#1433,#1434));
#5355=EDGE_LOOP('',(#1435,#1436,#1437,#1438));
#5356=EDGE_LOOP('',(#1439,#1440,#1441,#1442));
#5357=EDGE_LOOP('',(#1443,#1444,#1445,#1446));
#5358=EDGE_LOOP('',(#1447,#1448,#1449,#1450));
#5359=EDGE_LOOP('',(#1451,#1452,#1453,#1454));
#5360=EDGE_LOOP('',(#1455,#1456,#1457,#1458));
#5361=EDGE_LOOP('',(#1459,#1460,#1461,#1462));
#5362=EDGE_LOOP('',(#1463,#1464,#1465,#1466));
#5363=EDGE_LOOP('',(#1467,#1468,#1469,#1470));
#5364=EDGE_LOOP('',(#1471,#1472,#1473,#1474));
#5365=EDGE_LOOP('',(#1475,#1476,#1477,#1478));
#5366=EDGE_LOOP('',(#1479,#1480,#1481,#1482));
#5367=EDGE_LOOP('',(#1483,#1484,#1485,#1486));
#5368=EDGE_LOOP('',(#1487,#1488,#1489,#1490));
#5369=EDGE_LOOP('',(#1491,#1492,#1493,#1494,#1495,#1496,#1497,#1498,#1499,
#1500,#1501,#1502,#1503,#1504,#1505,#1506,#1507,#1508,#1509,#1510,#1511,
#1512,#1513,#1514,#1515,#1516,#1517,#1518));
#5370=EDGE_LOOP('',(#1519,#1520,#1521,#1522));
#5371=EDGE_LOOP('',(#1523,#1524,#1525,#1526));
#5372=EDGE_LOOP('',(#1527,#1528,#1529,#1530));
#5373=EDGE_LOOP('',(#1531,#1532,#1533,#1534));
#5374=EDGE_LOOP('',(#1535,#1536,#1537,#1538));
#5375=EDGE_LOOP('',(#1539,#1540,#1541,#1542));
#5376=EDGE_LOOP('',(#1543,#1544,#1545,#1546));
#5377=EDGE_LOOP('',(#1547,#1548,#1549,#1550));
#5378=EDGE_LOOP('',(#1551,#1552,#1553,#1554));
#5379=EDGE_LOOP('',(#1555,#1556,#1557,#1558));
#5380=EDGE_LOOP('',(#1559,#1560,#1561,#1562));
#5381=EDGE_LOOP('',(#1563,#1564,#1565,#1566));
#5382=EDGE_LOOP('',(#1567,#1568,#1569,#1570));
#5383=EDGE_LOOP('',(#1571,#1572,#1573,#1574));
#5384=EDGE_LOOP('',(#1575,#1576,#1577,#1578));
#5385=EDGE_LOOP('',(#1579,#1580,#1581,#1582));
#5386=EDGE_LOOP('',(#1583,#1584,#1585,#1586));
#5387=EDGE_LOOP('',(#1587,#1588,#1589,#1590));
#5388=EDGE_LOOP('',(#1591,#1592,#1593,#1594));
#5389=EDGE_LOOP('',(#1595,#1596,#1597,#1598));
#5390=EDGE_LOOP('',(#1599,#1600,#1601,#1602));
#5391=EDGE_LOOP('',(#1603,#1604,#1605,#1606));
#5392=EDGE_LOOP('',(#1607,#1608,#1609,#1610));
#5393=EDGE_LOOP('',(#1611,#1612,#1613,#1614));
#5394=EDGE_LOOP('',(#1615,#1616,#1617,#1618));
#5395=EDGE_LOOP('',(#1619,#1620,#1621,#1622));
#5396=EDGE_LOOP('',(#1623,#1624,#1625,#1626));
#5397=EDGE_LOOP('',(#1627,#1628,#1629,#1630));
#5398=EDGE_LOOP('',(#1631,#1632,#1633,#1634,#1635,#1636,#1637,#1638,#1639,
#1640,#1641,#1642,#1643,#1644,#1645,#1646,#1647,#1648,#1649,#1650));
#5399=EDGE_LOOP('',(#1651,#1652,#1653,#1654));
#5400=EDGE_LOOP('',(#1655,#1656,#1657,#1658));
#5401=EDGE_LOOP('',(#1659,#1660,#1661,#1662));
#5402=EDGE_LOOP('',(#1663,#1664,#1665,#1666));
#5403=EDGE_LOOP('',(#1667,#1668,#1669,#1670));
#5404=EDGE_LOOP('',(#1671,#1672,#1673,#1674));
#5405=EDGE_LOOP('',(#1675,#1676,#1677,#1678));
#5406=EDGE_LOOP('',(#1679,#1680,#1681,#1682));
#5407=EDGE_LOOP('',(#1683,#1684,#1685,#1686));
#5408=EDGE_LOOP('',(#1687,#1688,#1689,#1690));
#5409=EDGE_LOOP('',(#1691,#1692,#1693,#1694));
#5410=EDGE_LOOP('',(#1695,#1696,#1697,#1698));
#5411=EDGE_LOOP('',(#1699,#1700,#1701,#1702));
#5412=EDGE_LOOP('',(#1703,#1704,#1705,#1706));
#5413=EDGE_LOOP('',(#1707,#1708,#1709,#1710));
#5414=EDGE_LOOP('',(#1711,#1712,#1713,#1714));
#5415=EDGE_LOOP('',(#1715,#1716,#1717,#1718));
#5416=EDGE_LOOP('',(#1719,#1720,#1721,#1722));
#5417=EDGE_LOOP('',(#1723,#1724,#1725,#1726));
#5418=EDGE_LOOP('',(#1727,#1728,#1729,#1730));
#5419=EDGE_LOOP('',(#1731,#1732,#1733,#1734));
#5420=EDGE_LOOP('',(#1735,#1736,#1737,#1738));
#5421=EDGE_LOOP('',(#1739,#1740,#1741,#1742));
#5422=EDGE_LOOP('',(#1743,#1744,#1745,#1746));
#5423=EDGE_LOOP('',(#1747,#1748,#1749,#1750));
#5424=EDGE_LOOP('',(#1751,#1752,#1753,#1754,#1755,#1756,#1757,#1758,#1759,
#1760,#1761,#1762,#1763,#1764,#1765,#1766,#1767,#1768,#1769,#1770,#1771,
#1772,#1773,#1774,#1775,#1776,#1777,#1778));
#5425=EDGE_LOOP('',(#1779,#1780,#1781,#1782));
#5426=EDGE_LOOP('',(#1783,#1784,#1785,#1786));
#5427=EDGE_LOOP('',(#1787,#1788,#1789,#1790));
#5428=EDGE_LOOP('',(#1791,#1792,#1793,#1794));
#5429=EDGE_LOOP('',(#1795,#1796,#1797,#1798));
#5430=EDGE_LOOP('',(#1799,#1800,#1801,#1802));
#5431=EDGE_LOOP('',(#1803,#1804,#1805,#1806));
#5432=EDGE_LOOP('',(#1807,#1808,#1809,#1810));
#5433=EDGE_LOOP('',(#1811,#1812,#1813,#1814));
#5434=EDGE_LOOP('',(#1815,#1816,#1817,#1818));
#5435=EDGE_LOOP('',(#1819,#1820,#1821,#1822));
#5436=EDGE_LOOP('',(#1823,#1824,#1825,#1826));
#5437=EDGE_LOOP('',(#1827,#1828,#1829,#1830));
#5438=EDGE_LOOP('',(#1831,#1832,#1833,#1834));
#5439=EDGE_LOOP('',(#1835,#1836,#1837,#1838));
#5440=EDGE_LOOP('',(#1839,#1840,#1841,#1842));
#5441=EDGE_LOOP('',(#1843,#1844,#1845,#1846));
#5442=EDGE_LOOP('',(#1847,#1848,#1849,#1850));
#5443=EDGE_LOOP('',(#1851,#1852,#1853,#1854));
#5444=EDGE_LOOP('',(#1855,#1856,#1857,#1858));
#5445=EDGE_LOOP('',(#1859,#1860,#1861,#1862));
#5446=EDGE_LOOP('',(#1863,#1864,#1865,#1866));
#5447=EDGE_LOOP('',(#1867,#1868,#1869,#1870));
#5448=EDGE_LOOP('',(#1871,#1872,#1873,#1874));
#5449=EDGE_LOOP('',(#1875,#1876,#1877,#1878));
#5450=EDGE_LOOP('',(#1879,#1880,#1881,#1882));
#5451=EDGE_LOOP('',(#1883,#1884,#1885,#1886));
#5452=EDGE_LOOP('',(#1887,#1888,#1889,#1890));
#5453=EDGE_LOOP('',(#1891,#1892,#1893,#1894,#1895,#1896,#1897));
#5454=EDGE_LOOP('',(#1898,#1899,#1900,#1901,#1902,#1903,#1904,#1905,#1906,
#1907,#1908,#1909));
#5455=EDGE_LOOP('',(#1910,#1911,#1912,#1913));
#5456=EDGE_LOOP('',(#1914,#1915,#1916,#1917));
#5457=EDGE_LOOP('',(#1918,#1919,#1920,#1921));
#5458=EDGE_LOOP('',(#1922,#1923,#1924,#1925));
#5459=EDGE_LOOP('',(#1926,#1927,#1928,#1929));
#5460=EDGE_LOOP('',(#1930,#1931,#1932,#1933));
#5461=EDGE_LOOP('',(#1934,#1935,#1936,#1937));
#5462=EDGE_LOOP('',(#1938,#1939,#1940,#1941));
#5463=EDGE_LOOP('',(#1942,#1943,#1944,#1945));
#5464=EDGE_LOOP('',(#1946,#1947,#1948,#1949));
#5465=EDGE_LOOP('',(#1950,#1951,#1952,#1953));
#5466=EDGE_LOOP('',(#1954,#1955,#1956,#1957));
#5467=EDGE_LOOP('',(#1958,#1959,#1960,#1961));
#5468=EDGE_LOOP('',(#1962,#1963,#1964,#1965));
#5469=EDGE_LOOP('',(#1966,#1967,#1968,#1969));
#5470=EDGE_LOOP('',(#1970,#1971,#1972,#1973));
#5471=EDGE_LOOP('',(#1974,#1975,#1976,#1977));
#5472=EDGE_LOOP('',(#1978,#1979,#1980,#1981));
#5473=EDGE_LOOP('',(#1982,#1983,#1984,#1985));
#5474=EDGE_LOOP('',(#1986,#1987,#1988,#1989,#1990,#1991,#1992));
#5475=EDGE_LOOP('',(#1993,#1994,#1995,#1996,#1997,#1998,#1999,#2000,#2001,
#2002,#2003,#2004,#2005,#2006,#2007,#2008,#2009,#2010));
#5476=EDGE_LOOP('',(#2011,#2012,#2013,#2014,#2015,#2016,#2017));
#5477=EDGE_LOOP('',(#2018,#2019,#2020,#2021));
#5478=EDGE_LOOP('',(#2022,#2023,#2024,#2025));
#5479=EDGE_LOOP('',(#2026,#2027,#2028,#2029));
#5480=EDGE_LOOP('',(#2030,#2031,#2032,#2033));
#5481=EDGE_LOOP('',(#2034,#2035,#2036,#2037));
#5482=EDGE_LOOP('',(#2038,#2039,#2040,#2041));
#5483=EDGE_LOOP('',(#2042,#2043,#2044,#2045));
#5484=EDGE_LOOP('',(#2046,#2047,#2048,#2049));
#5485=EDGE_LOOP('',(#2050,#2051,#2052,#2053));
#5486=EDGE_LOOP('',(#2054,#2055,#2056,#2057));
#5487=EDGE_LOOP('',(#2058,#2059,#2060,#2061));
#5488=EDGE_LOOP('',(#2062,#2063,#2064,#2065));
#5489=EDGE_LOOP('',(#2066,#2067,#2068,#2069));
#5490=EDGE_LOOP('',(#2070,#2071,#2072,#2073));
#5491=EDGE_LOOP('',(#2074,#2075,#2076,#2077));
#5492=EDGE_LOOP('',(#2078,#2079,#2080,#2081));
#5493=EDGE_LOOP('',(#2082,#2083,#2084,#2085));
#5494=EDGE_LOOP('',(#2086,#2087,#2088,#2089));
#5495=EDGE_LOOP('',(#2090,#2091,#2092,#2093));
#5496=EDGE_LOOP('',(#2094,#2095,#2096,#2097));
#5497=EDGE_LOOP('',(#2098,#2099,#2100,#2101));
#5498=EDGE_LOOP('',(#2102,#2103,#2104,#2105));
#5499=EDGE_LOOP('',(#2106,#2107,#2108,#2109));
#5500=EDGE_LOOP('',(#2110,#2111,#2112,#2113));
#5501=EDGE_LOOP('',(#2114,#2115,#2116,#2117));
#5502=EDGE_LOOP('',(#2118,#2119,#2120,#2121,#2122,#2123,#2124,#2125,#2126,
#2127,#2128,#2129,#2130,#2131,#2132,#2133));
#5503=EDGE_LOOP('',(#2134,#2135,#2136,#2137,#2138,#2139,#2140));
#5504=EDGE_LOOP('',(#2141,#2142,#2143,#2144,#2145,#2146,#2147,#2148));
#5505=EDGE_LOOP('',(#2149,#2150,#2151,#2152));
#5506=EDGE_LOOP('',(#2153,#2154,#2155,#2156));
#5507=EDGE_LOOP('',(#2157,#2158,#2159,#2160));
#5508=EDGE_LOOP('',(#2161,#2162,#2163,#2164));
#5509=EDGE_LOOP('',(#2165,#2166,#2167,#2168));
#5510=EDGE_LOOP('',(#2169,#2170,#2171,#2172));
#5511=EDGE_LOOP('',(#2173,#2174,#2175,#2176));
#5512=EDGE_LOOP('',(#2177,#2178,#2179,#2180));
#5513=EDGE_LOOP('',(#2181,#2182,#2183,#2184));
#5514=EDGE_LOOP('',(#2185,#2186,#2187,#2188));
#5515=EDGE_LOOP('',(#2189,#2190,#2191,#2192));
#5516=EDGE_LOOP('',(#2193,#2194,#2195,#2196));
#5517=EDGE_LOOP('',(#2197,#2198,#2199,#2200));
#5518=EDGE_LOOP('',(#2201,#2202,#2203,#2204));
#5519=EDGE_LOOP('',(#2205,#2206,#2207,#2208));
#5520=EDGE_LOOP('',(#2209,#2210,#2211,#2212));
#5521=EDGE_LOOP('',(#2213,#2214,#2215,#2216));
#5522=EDGE_LOOP('',(#2217,#2218,#2219,#2220));
#5523=EDGE_LOOP('',(#2221,#2222,#2223,#2224));
#5524=EDGE_LOOP('',(#2225,#2226,#2227,#2228));
#5525=EDGE_LOOP('',(#2229,#2230,#2231,#2232));
#5526=EDGE_LOOP('',(#2233,#2234,#2235,#2236));
#5527=EDGE_LOOP('',(#2237,#2238,#2239,#2240));
#5528=EDGE_LOOP('',(#2241,#2242,#2243,#2244));
#5529=EDGE_LOOP('',(#2245,#2246,#2247,#2248));
#5530=EDGE_LOOP('',(#2249,#2250,#2251,#2252));
#5531=EDGE_LOOP('',(#2253,#2254,#2255,#2256));
#5532=EDGE_LOOP('',(#2257,#2258,#2259,#2260));
#5533=EDGE_LOOP('',(#2261,#2262,#2263,#2264));
#5534=EDGE_LOOP('',(#2265,#2266,#2267,#2268));
#5535=EDGE_LOOP('',(#2269,#2270,#2271,#2272));
#5536=EDGE_LOOP('',(#2273,#2274,#2275,#2276,#2277,#2278,#2279));
#5537=EDGE_LOOP('',(#2280,#2281,#2282,#2283,#2284,#2285,#2286,#2287,#2288,
#2289,#2290,#2291,#2292,#2293,#2294,#2295,#2296,#2297,#2298));
#5538=EDGE_LOOP('',(#2299,#2300,#2301,#2302));
#5539=EDGE_LOOP('',(#2303,#2304,#2305,#2306));
#5540=EDGE_LOOP('',(#2307,#2308,#2309,#2310));
#5541=EDGE_LOOP('',(#2311,#2312,#2313,#2314));
#5542=EDGE_LOOP('',(#2315,#2316,#2317,#2318));
#5543=EDGE_LOOP('',(#2319,#2320,#2321,#2322));
#5544=EDGE_LOOP('',(#2323,#2324,#2325,#2326));
#5545=EDGE_LOOP('',(#2327,#2328,#2329,#2330));
#5546=EDGE_LOOP('',(#2331,#2332,#2333,#2334));
#5547=EDGE_LOOP('',(#2335,#2336,#2337,#2338));
#5548=EDGE_LOOP('',(#2339,#2340,#2341,#2342));
#5549=EDGE_LOOP('',(#2343,#2344,#2345,#2346));
#5550=EDGE_LOOP('',(#2347,#2348,#2349,#2350));
#5551=EDGE_LOOP('',(#2351,#2352,#2353,#2354));
#5552=EDGE_LOOP('',(#2355,#2356,#2357,#2358));
#5553=EDGE_LOOP('',(#2359,#2360,#2361,#2362));
#5554=EDGE_LOOP('',(#2363,#2364,#2365,#2366));
#5555=EDGE_LOOP('',(#2367,#2368,#2369,#2370));
#5556=EDGE_LOOP('',(#2371,#2372,#2373,#2374));
#5557=EDGE_LOOP('',(#2375,#2376,#2377,#2378,#2379,#2380,#2381,#2382,#2383,
#2384));
#5558=EDGE_LOOP('',(#2385,#2386,#2387,#2388));
#5559=EDGE_LOOP('',(#2389,#2390,#2391,#2392));
#5560=EDGE_LOOP('',(#2393,#2394,#2395,#2396));
#5561=EDGE_LOOP('',(#2397,#2398,#2399,#2400));
#5562=EDGE_LOOP('',(#2401,#2402,#2403,#2404));
#5563=EDGE_LOOP('',(#2405,#2406,#2407,#2408));
#5564=EDGE_LOOP('',(#2409,#2410,#2411,#2412));
#5565=EDGE_LOOP('',(#2413,#2414,#2415,#2416));
#5566=EDGE_LOOP('',(#2417,#2418,#2419,#2420));
#5567=EDGE_LOOP('',(#2421,#2422,#2423,#2424));
#5568=EDGE_LOOP('',(#2425,#2426,#2427,#2428,#2429,#2430,#2431,#2432,#2433,
#2434));
#5569=EDGE_LOOP('',(#2435,#2436,#2437,#2438));
#5570=EDGE_LOOP('',(#2439,#2440,#2441,#2442));
#5571=EDGE_LOOP('',(#2443,#2444,#2445,#2446));
#5572=EDGE_LOOP('',(#2447,#2448,#2449,#2450));
#5573=EDGE_LOOP('',(#2451,#2452,#2453,#2454));
#5574=EDGE_LOOP('',(#2455,#2456,#2457,#2458));
#5575=EDGE_LOOP('',(#2459,#2460,#2461,#2462));
#5576=EDGE_LOOP('',(#2463,#2464,#2465,#2466));
#5577=EDGE_LOOP('',(#2467,#2468,#2469,#2470));
#5578=EDGE_LOOP('',(#2471,#2472,#2473,#2474));
#5579=EDGE_LOOP('',(#2475,#2476,#2477,#2478,#2479,#2480,#2481,#2482,#2483,
#2484,#2485,#2486));
#5580=EDGE_LOOP('',(#2487,#2488,#2489,#2490));
#5581=EDGE_LOOP('',(#2491,#2492,#2493,#2494));
#5582=EDGE_LOOP('',(#2495,#2496,#2497,#2498));
#5583=EDGE_LOOP('',(#2499,#2500,#2501,#2502));
#5584=EDGE_LOOP('',(#2503,#2504,#2505,#2506));
#5585=EDGE_LOOP('',(#2507,#2508,#2509,#2510));
#5586=EDGE_LOOP('',(#2511,#2512,#2513,#2514));
#5587=EDGE_LOOP('',(#2515,#2516,#2517,#2518));
#5588=EDGE_LOOP('',(#2519,#2520,#2521,#2522));
#5589=EDGE_LOOP('',(#2523,#2524,#2525,#2526));
#5590=EDGE_LOOP('',(#2527,#2528,#2529,#2530));
#5591=EDGE_LOOP('',(#2531,#2532,#2533,#2534));
#5592=EDGE_LOOP('',(#2535,#2536,#2537,#2538,#2539,#2540,#2541,#2542));
#5593=EDGE_LOOP('',(#2543,#2544,#2545,#2546,#2547,#2548,#2549,#2550));
#5594=EDGE_LOOP('',(#2551,#2552,#2553,#2554));
#5595=EDGE_LOOP('',(#2555,#2556,#2557,#2558));
#5596=EDGE_LOOP('',(#2559,#2560,#2561,#2562));
#5597=EDGE_LOOP('',(#2563,#2564,#2565,#2566));
#5598=EDGE_LOOP('',(#2567,#2568,#2569,#2570));
#5599=EDGE_LOOP('',(#2571,#2572,#2573,#2574));
#5600=EDGE_LOOP('',(#2575,#2576,#2577,#2578));
#5601=EDGE_LOOP('',(#2579,#2580,#2581,#2582));
#5602=EDGE_LOOP('',(#2583,#2584,#2585,#2586));
#5603=EDGE_LOOP('',(#2587,#2588,#2589,#2590));
#5604=EDGE_LOOP('',(#2591,#2592,#2593,#2594));
#5605=EDGE_LOOP('',(#2595,#2596,#2597,#2598));
#5606=EDGE_LOOP('',(#2599,#2600,#2601,#2602));
#5607=EDGE_LOOP('',(#2603,#2604,#2605,#2606));
#5608=EDGE_LOOP('',(#2607,#2608,#2609,#2610));
#5609=EDGE_LOOP('',(#2611,#2612,#2613,#2614));
#5610=EDGE_LOOP('',(#2615,#2616,#2617,#2618,#2619,#2620,#2621,#2622));
#5611=EDGE_LOOP('',(#2623,#2624,#2625,#2626));
#5612=EDGE_LOOP('',(#2627,#2628,#2629,#2630));
#5613=EDGE_LOOP('',(#2631,#2632,#2633,#2634));
#5614=EDGE_LOOP('',(#2635,#2636,#2637,#2638));
#5615=EDGE_LOOP('',(#2639,#2640,#2641,#2642));
#5616=EDGE_LOOP('',(#2643,#2644,#2645,#2646));
#5617=EDGE_LOOP('',(#2647,#2648,#2649,#2650));
#5618=EDGE_LOOP('',(#2651,#2652,#2653,#2654));
#5619=EDGE_LOOP('',(#2655,#2656,#2657,#2658,#2659,#2660,#2661,#2662,#2663,
#2664,#2665));
#5620=EDGE_LOOP('',(#2666,#2667,#2668,#2669,#2670,#2671,#2672));
#5621=EDGE_LOOP('',(#2673,#2674,#2675,#2676));
#5622=EDGE_LOOP('',(#2677,#2678,#2679,#2680));
#5623=EDGE_LOOP('',(#2681,#2682,#2683,#2684));
#5624=EDGE_LOOP('',(#2685,#2686,#2687,#2688));
#5625=EDGE_LOOP('',(#2689,#2690,#2691,#2692));
#5626=EDGE_LOOP('',(#2693,#2694,#2695,#2696));
#5627=EDGE_LOOP('',(#2697,#2698,#2699,#2700));
#5628=EDGE_LOOP('',(#2701,#2702,#2703,#2704));
#5629=EDGE_LOOP('',(#2705,#2706,#2707,#2708));
#5630=EDGE_LOOP('',(#2709,#2710,#2711,#2712));
#5631=EDGE_LOOP('',(#2713,#2714,#2715,#2716));
#5632=EDGE_LOOP('',(#2717,#2718,#2719,#2720));
#5633=EDGE_LOOP('',(#2721,#2722,#2723,#2724));
#5634=EDGE_LOOP('',(#2725,#2726,#2727,#2728));
#5635=EDGE_LOOP('',(#2729,#2730,#2731,#2732));
#5636=EDGE_LOOP('',(#2733,#2734,#2735,#2736));
#5637=EDGE_LOOP('',(#2737,#2738,#2739,#2740));
#5638=EDGE_LOOP('',(#2741,#2742,#2743,#2744));
#5639=EDGE_LOOP('',(#2745,#2746,#2747,#2748,#2749,#2750,#2751));
#5640=EDGE_LOOP('',(#2752,#2753,#2754,#2755,#2756,#2757,#2758,#2759));
#5641=EDGE_LOOP('',(#2760,#2761,#2762,#2763,#2764,#2765,#2766,#2767));
#5642=EDGE_LOOP('',(#2768,#2769,#2770,#2771,#2772,#2773,#2774));
#5643=EDGE_LOOP('',(#2775,#2776,#2777,#2778));
#5644=EDGE_LOOP('',(#2779));
#5645=EDGE_LOOP('',(#2780,#2781,#2782,#2783));
#5646=EDGE_LOOP('',(#2784));
#5647=EDGE_LOOP('',(#2785,#2786,#2787,#2788));
#5648=EDGE_LOOP('',(#2789));
#5649=EDGE_LOOP('',(#2790));
#5650=EDGE_LOOP('',(#2791));
#5651=EDGE_LOOP('',(#2792));
#5652=EDGE_LOOP('',(#2793,#2794,#2795,#2796));
#5653=EDGE_LOOP('',(#2797,#2798,#2799,#2800));
#5654=EDGE_LOOP('',(#2801));
#5655=EDGE_LOOP('',(#2802));
#5656=EDGE_LOOP('',(#2803,#2804,#2805,#2806));
#5657=FACE_BOUND('',#5254,.T.);
#5658=FACE_BOUND('',#5255,.T.);
#5659=FACE_BOUND('',#5256,.T.);
#5660=FACE_BOUND('',#5257,.T.);
#5661=FACE_BOUND('',#5258,.T.);
#5662=FACE_BOUND('',#5259,.T.);
#5663=FACE_BOUND('',#5260,.T.);
#5664=FACE_BOUND('',#5261,.T.);
#5665=FACE_BOUND('',#5262,.T.);
#5666=FACE_BOUND('',#5263,.T.);
#5667=FACE_BOUND('',#5264,.T.);
#5668=FACE_BOUND('',#5265,.T.);
#5669=FACE_BOUND('',#5266,.T.);
#5670=FACE_BOUND('',#5267,.T.);
#5671=FACE_BOUND('',#5268,.T.);
#5672=FACE_BOUND('',#5269,.T.);
#5673=FACE_BOUND('',#5270,.T.);
#5674=FACE_BOUND('',#5271,.T.);
#5675=FACE_BOUND('',#5272,.T.);
#5676=FACE_BOUND('',#5273,.T.);
#5677=FACE_BOUND('',#5274,.T.);
#5678=FACE_BOUND('',#5275,.T.);
#5679=FACE_BOUND('',#5276,.T.);
#5680=FACE_BOUND('',#5277,.T.);
#5681=FACE_BOUND('',#5278,.T.);
#5682=FACE_BOUND('',#5279,.T.);
#5683=FACE_BOUND('',#5280,.T.);
#5684=FACE_BOUND('',#5281,.T.);
#5685=FACE_BOUND('',#5282,.T.);
#5686=FACE_BOUND('',#5283,.T.);
#5687=FACE_BOUND('',#5284,.T.);
#5688=FACE_BOUND('',#5285,.T.);
#5689=FACE_BOUND('',#5286,.T.);
#5690=FACE_BOUND('',#5287,.T.);
#5691=FACE_BOUND('',#5288,.T.);
#5692=FACE_BOUND('',#5289,.T.);
#5693=FACE_BOUND('',#5290,.T.);
#5694=FACE_BOUND('',#5291,.T.);
#5695=FACE_BOUND('',#5292,.T.);
#5696=FACE_BOUND('',#5293,.T.);
#5697=FACE_BOUND('',#5294,.T.);
#5698=FACE_BOUND('',#5295,.T.);
#5699=FACE_BOUND('',#5296,.T.);
#5700=FACE_BOUND('',#5297,.T.);
#5701=FACE_BOUND('',#5298,.T.);
#5702=FACE_BOUND('',#5299,.T.);
#5703=FACE_BOUND('',#5300,.T.);
#5704=FACE_BOUND('',#5301,.T.);
#5705=FACE_BOUND('',#5302,.T.);
#5706=FACE_BOUND('',#5303,.T.);
#5707=FACE_BOUND('',#5304,.T.);
#5708=FACE_BOUND('',#5305,.T.);
#5709=FACE_BOUND('',#5306,.T.);
#5710=FACE_BOUND('',#5307,.T.);
#5711=FACE_BOUND('',#5308,.T.);
#5712=FACE_BOUND('',#5309,.T.);
#5713=FACE_BOUND('',#5310,.T.);
#5714=FACE_BOUND('',#5311,.T.);
#5715=FACE_BOUND('',#5312,.T.);
#5716=FACE_BOUND('',#5313,.T.);
#5717=FACE_BOUND('',#5314,.T.);
#5718=FACE_BOUND('',#5315,.T.);
#5719=FACE_BOUND('',#5316,.T.);
#5720=FACE_BOUND('',#5317,.T.);
#5721=FACE_BOUND('',#5318,.T.);
#5722=FACE_BOUND('',#5319,.T.);
#5723=FACE_BOUND('',#5320,.T.);
#5724=FACE_BOUND('',#5321,.T.);
#5725=FACE_BOUND('',#5322,.T.);
#5726=FACE_BOUND('',#5323,.T.);
#5727=FACE_BOUND('',#5324,.T.);
#5728=FACE_BOUND('',#5325,.T.);
#5729=FACE_BOUND('',#5326,.T.);
#5730=FACE_BOUND('',#5327,.T.);
#5731=FACE_BOUND('',#5328,.T.);
#5732=FACE_BOUND('',#5329,.T.);
#5733=FACE_BOUND('',#5330,.T.);
#5734=FACE_BOUND('',#5331,.T.);
#5735=FACE_BOUND('',#5332,.T.);
#5736=FACE_BOUND('',#5333,.T.);
#5737=FACE_BOUND('',#5334,.T.);
#5738=FACE_BOUND('',#5335,.T.);
#5739=FACE_BOUND('',#5336,.T.);
#5740=FACE_BOUND('',#5337,.T.);
#5741=FACE_BOUND('',#5338,.T.);
#5742=FACE_BOUND('',#5339,.T.);
#5743=FACE_BOUND('',#5340,.T.);
#5744=FACE_BOUND('',#5341,.T.);
#5745=FACE_BOUND('',#5342,.T.);
#5746=FACE_BOUND('',#5343,.T.);
#5747=FACE_BOUND('',#5344,.T.);
#5748=FACE_BOUND('',#5345,.T.);
#5749=FACE_BOUND('',#5346,.T.);
#5750=FACE_BOUND('',#5347,.T.);
#5751=FACE_BOUND('',#5348,.T.);
#5752=FACE_BOUND('',#5349,.T.);
#5753=FACE_BOUND('',#5350,.T.);
#5754=FACE_BOUND('',#5351,.T.);
#5755=FACE_BOUND('',#5352,.T.);
#5756=FACE_BOUND('',#5353,.T.);
#5757=FACE_BOUND('',#5354,.T.);
#5758=FACE_BOUND('',#5355,.T.);
#5759=FACE_BOUND('',#5356,.T.);
#5760=FACE_BOUND('',#5357,.T.);
#5761=FACE_BOUND('',#5358,.T.);
#5762=FACE_BOUND('',#5359,.T.);
#5763=FACE_BOUND('',#5360,.T.);
#5764=FACE_BOUND('',#5361,.T.);
#5765=FACE_BOUND('',#5362,.T.);
#5766=FACE_BOUND('',#5363,.T.);
#5767=FACE_BOUND('',#5364,.T.);
#5768=FACE_BOUND('',#5365,.T.);
#5769=FACE_BOUND('',#5366,.T.);
#5770=FACE_BOUND('',#5367,.T.);
#5771=FACE_BOUND('',#5368,.T.);
#5772=FACE_BOUND('',#5369,.T.);
#5773=FACE_BOUND('',#5370,.T.);
#5774=FACE_BOUND('',#5371,.T.);
#5775=FACE_BOUND('',#5372,.T.);
#5776=FACE_BOUND('',#5373,.T.);
#5777=FACE_BOUND('',#5374,.T.);
#5778=FACE_BOUND('',#5375,.T.);
#5779=FACE_BOUND('',#5376,.T.);
#5780=FACE_BOUND('',#5377,.T.);
#5781=FACE_BOUND('',#5378,.T.);
#5782=FACE_BOUND('',#5379,.T.);
#5783=FACE_BOUND('',#5380,.T.);
#5784=FACE_BOUND('',#5381,.T.);
#5785=FACE_BOUND('',#5382,.T.);
#5786=FACE_BOUND('',#5383,.T.);
#5787=FACE_BOUND('',#5384,.T.);
#5788=FACE_BOUND('',#5385,.T.);
#5789=FACE_BOUND('',#5386,.T.);
#5790=FACE_BOUND('',#5387,.T.);
#5791=FACE_BOUND('',#5388,.T.);
#5792=FACE_BOUND('',#5389,.T.);
#5793=FACE_BOUND('',#5390,.T.);
#5794=FACE_BOUND('',#5391,.T.);
#5795=FACE_BOUND('',#5392,.T.);
#5796=FACE_BOUND('',#5393,.T.);
#5797=FACE_BOUND('',#5394,.T.);
#5798=FACE_BOUND('',#5395,.T.);
#5799=FACE_BOUND('',#5396,.T.);
#5800=FACE_BOUND('',#5397,.T.);
#5801=FACE_BOUND('',#5398,.T.);
#5802=FACE_BOUND('',#5399,.T.);
#5803=FACE_BOUND('',#5400,.T.);
#5804=FACE_BOUND('',#5401,.T.);
#5805=FACE_BOUND('',#5402,.T.);
#5806=FACE_BOUND('',#5403,.T.);
#5807=FACE_BOUND('',#5404,.T.);
#5808=FACE_BOUND('',#5405,.T.);
#5809=FACE_BOUND('',#5406,.T.);
#5810=FACE_BOUND('',#5407,.T.);
#5811=FACE_BOUND('',#5408,.T.);
#5812=FACE_BOUND('',#5409,.T.);
#5813=FACE_BOUND('',#5410,.T.);
#5814=FACE_BOUND('',#5411,.T.);
#5815=FACE_BOUND('',#5412,.T.);
#5816=FACE_BOUND('',#5413,.T.);
#5817=FACE_BOUND('',#5414,.T.);
#5818=FACE_BOUND('',#5415,.T.);
#5819=FACE_BOUND('',#5416,.T.);
#5820=FACE_BOUND('',#5417,.T.);
#5821=FACE_BOUND('',#5418,.T.);
#5822=FACE_BOUND('',#5419,.T.);
#5823=FACE_BOUND('',#5420,.T.);
#5824=FACE_BOUND('',#5421,.T.);
#5825=FACE_BOUND('',#5422,.T.);
#5826=FACE_BOUND('',#5423,.T.);
#5827=FACE_BOUND('',#5424,.T.);
#5828=FACE_BOUND('',#5425,.T.);
#5829=FACE_BOUND('',#5426,.T.);
#5830=FACE_BOUND('',#5427,.T.);
#5831=FACE_BOUND('',#5428,.T.);
#5832=FACE_BOUND('',#5429,.T.);
#5833=FACE_BOUND('',#5430,.T.);
#5834=FACE_BOUND('',#5431,.T.);
#5835=FACE_BOUND('',#5432,.T.);
#5836=FACE_BOUND('',#5433,.T.);
#5837=FACE_BOUND('',#5434,.T.);
#5838=FACE_BOUND('',#5435,.T.);
#5839=FACE_BOUND('',#5436,.T.);
#5840=FACE_BOUND('',#5437,.T.);
#5841=FACE_BOUND('',#5438,.T.);
#5842=FACE_BOUND('',#5439,.T.);
#5843=FACE_BOUND('',#5440,.T.);
#5844=FACE_BOUND('',#5441,.T.);
#5845=FACE_BOUND('',#5442,.T.);
#5846=FACE_BOUND('',#5443,.T.);
#5847=FACE_BOUND('',#5444,.T.);
#5848=FACE_BOUND('',#5445,.T.);
#5849=FACE_BOUND('',#5446,.T.);
#5850=FACE_BOUND('',#5447,.T.);
#5851=FACE_BOUND('',#5448,.T.);
#5852=FACE_BOUND('',#5449,.T.);
#5853=FACE_BOUND('',#5450,.T.);
#5854=FACE_BOUND('',#5451,.T.);
#5855=FACE_BOUND('',#5452,.T.);
#5856=FACE_BOUND('',#5453,.T.);
#5857=FACE_BOUND('',#5454,.T.);
#5858=FACE_BOUND('',#5455,.T.);
#5859=FACE_BOUND('',#5456,.T.);
#5860=FACE_BOUND('',#5457,.T.);
#5861=FACE_BOUND('',#5458,.T.);
#5862=FACE_BOUND('',#5459,.T.);
#5863=FACE_BOUND('',#5460,.T.);
#5864=FACE_BOUND('',#5461,.T.);
#5865=FACE_BOUND('',#5462,.T.);
#5866=FACE_BOUND('',#5463,.T.);
#5867=FACE_BOUND('',#5464,.T.);
#5868=FACE_BOUND('',#5465,.T.);
#5869=FACE_BOUND('',#5466,.T.);
#5870=FACE_BOUND('',#5467,.T.);
#5871=FACE_BOUND('',#5468,.T.);
#5872=FACE_BOUND('',#5469,.T.);
#5873=FACE_BOUND('',#5470,.T.);
#5874=FACE_BOUND('',#5471,.T.);
#5875=FACE_BOUND('',#5472,.T.);
#5876=FACE_BOUND('',#5473,.T.);
#5877=FACE_BOUND('',#5474,.T.);
#5878=FACE_BOUND('',#5475,.T.);
#5879=FACE_BOUND('',#5476,.T.);
#5880=FACE_BOUND('',#5477,.T.);
#5881=FACE_BOUND('',#5478,.T.);
#5882=FACE_BOUND('',#5479,.T.);
#5883=FACE_BOUND('',#5480,.T.);
#5884=FACE_BOUND('',#5481,.T.);
#5885=FACE_BOUND('',#5482,.T.);
#5886=FACE_BOUND('',#5483,.T.);
#5887=FACE_BOUND('',#5484,.T.);
#5888=FACE_BOUND('',#5485,.T.);
#5889=FACE_BOUND('',#5486,.T.);
#5890=FACE_BOUND('',#5487,.T.);
#5891=FACE_BOUND('',#5488,.T.);
#5892=FACE_BOUND('',#5489,.T.);
#5893=FACE_BOUND('',#5490,.T.);
#5894=FACE_BOUND('',#5491,.T.);
#5895=FACE_BOUND('',#5492,.T.);
#5896=FACE_BOUND('',#5493,.T.);
#5897=FACE_BOUND('',#5494,.T.);
#5898=FACE_BOUND('',#5495,.T.);
#5899=FACE_BOUND('',#5496,.T.);
#5900=FACE_BOUND('',#5497,.T.);
#5901=FACE_BOUND('',#5498,.T.);
#5902=FACE_BOUND('',#5499,.T.);
#5903=FACE_BOUND('',#5500,.T.);
#5904=FACE_BOUND('',#5501,.T.);
#5905=FACE_BOUND('',#5502,.T.);
#5906=FACE_BOUND('',#5503,.T.);
#5907=FACE_BOUND('',#5504,.T.);
#5908=FACE_BOUND('',#5505,.T.);
#5909=FACE_BOUND('',#5506,.T.);
#5910=FACE_BOUND('',#5507,.T.);
#5911=FACE_BOUND('',#5508,.T.);
#5912=FACE_BOUND('',#5509,.T.);
#5913=FACE_BOUND('',#5510,.T.);
#5914=FACE_BOUND('',#5511,.T.);
#5915=FACE_BOUND('',#5512,.T.);
#5916=FACE_BOUND('',#5513,.T.);
#5917=FACE_BOUND('',#5514,.T.);
#5918=FACE_BOUND('',#5515,.T.);
#5919=FACE_BOUND('',#5516,.T.);
#5920=FACE_BOUND('',#5517,.T.);
#5921=FACE_BOUND('',#5518,.T.);
#5922=FACE_BOUND('',#5519,.T.);
#5923=FACE_BOUND('',#5520,.T.);
#5924=FACE_BOUND('',#5521,.T.);
#5925=FACE_BOUND('',#5522,.T.);
#5926=FACE_BOUND('',#5523,.T.);
#5927=FACE_BOUND('',#5524,.T.);
#5928=FACE_BOUND('',#5525,.T.);
#5929=FACE_BOUND('',#5526,.T.);
#5930=FACE_BOUND('',#5527,.T.);
#5931=FACE_BOUND('',#5528,.T.);
#5932=FACE_BOUND('',#5529,.T.);
#5933=FACE_BOUND('',#5530,.T.);
#5934=FACE_BOUND('',#5531,.T.);
#5935=FACE_BOUND('',#5532,.T.);
#5936=FACE_BOUND('',#5533,.T.);
#5937=FACE_BOUND('',#5534,.T.);
#5938=FACE_BOUND('',#5535,.T.);
#5939=FACE_BOUND('',#5536,.T.);
#5940=FACE_BOUND('',#5537,.T.);
#5941=FACE_BOUND('',#5538,.T.);
#5942=FACE_BOUND('',#5539,.T.);
#5943=FACE_BOUND('',#5540,.T.);
#5944=FACE_BOUND('',#5541,.T.);
#5945=FACE_BOUND('',#5542,.T.);
#5946=FACE_BOUND('',#5543,.T.);
#5947=FACE_BOUND('',#5544,.T.);
#5948=FACE_BOUND('',#5545,.T.);
#5949=FACE_BOUND('',#5546,.T.);
#5950=FACE_BOUND('',#5547,.T.);
#5951=FACE_BOUND('',#5548,.T.);
#5952=FACE_BOUND('',#5549,.T.);
#5953=FACE_BOUND('',#5550,.T.);
#5954=FACE_BOUND('',#5551,.T.);
#5955=FACE_BOUND('',#5552,.T.);
#5956=FACE_BOUND('',#5553,.T.);
#5957=FACE_BOUND('',#5554,.T.);
#5958=FACE_BOUND('',#5555,.T.);
#5959=FACE_BOUND('',#5556,.T.);
#5960=FACE_BOUND('',#5557,.T.);
#5961=FACE_BOUND('',#5558,.T.);
#5962=FACE_BOUND('',#5559,.T.);
#5963=FACE_BOUND('',#5560,.T.);
#5964=FACE_BOUND('',#5561,.T.);
#5965=FACE_BOUND('',#5562,.T.);
#5966=FACE_BOUND('',#5563,.T.);
#5967=FACE_BOUND('',#5564,.T.);
#5968=FACE_BOUND('',#5565,.T.);
#5969=FACE_BOUND('',#5566,.T.);
#5970=FACE_BOUND('',#5567,.T.);
#5971=FACE_BOUND('',#5568,.T.);
#5972=FACE_BOUND('',#5569,.T.);
#5973=FACE_BOUND('',#5570,.T.);
#5974=FACE_BOUND('',#5571,.T.);
#5975=FACE_BOUND('',#5572,.T.);
#5976=FACE_BOUND('',#5573,.T.);
#5977=FACE_BOUND('',#5574,.T.);
#5978=FACE_BOUND('',#5575,.T.);
#5979=FACE_BOUND('',#5576,.T.);
#5980=FACE_BOUND('',#5577,.T.);
#5981=FACE_BOUND('',#5578,.T.);
#5982=FACE_BOUND('',#5579,.T.);
#5983=FACE_BOUND('',#5580,.T.);
#5984=FACE_BOUND('',#5581,.T.);
#5985=FACE_BOUND('',#5582,.T.);
#5986=FACE_BOUND('',#5583,.T.);
#5987=FACE_BOUND('',#5584,.T.);
#5988=FACE_BOUND('',#5585,.T.);
#5989=FACE_BOUND('',#5586,.T.);
#5990=FACE_BOUND('',#5587,.T.);
#5991=FACE_BOUND('',#5588,.T.);
#5992=FACE_BOUND('',#5589,.T.);
#5993=FACE_BOUND('',#5590,.T.);
#5994=FACE_BOUND('',#5591,.T.);
#5995=FACE_BOUND('',#5592,.T.);
#5996=FACE_BOUND('',#5593,.T.);
#5997=FACE_BOUND('',#5594,.T.);
#5998=FACE_BOUND('',#5595,.T.);
#5999=FACE_BOUND('',#5596,.T.);
#6000=FACE_BOUND('',#5597,.T.);
#6001=FACE_BOUND('',#5598,.T.);
#6002=FACE_BOUND('',#5599,.T.);
#6003=FACE_BOUND('',#5600,.T.);
#6004=FACE_BOUND('',#5601,.T.);
#6005=FACE_BOUND('',#5602,.T.);
#6006=FACE_BOUND('',#5603,.T.);
#6007=FACE_BOUND('',#5604,.T.);
#6008=FACE_BOUND('',#5605,.T.);
#6009=FACE_BOUND('',#5606,.T.);
#6010=FACE_BOUND('',#5607,.T.);
#6011=FACE_BOUND('',#5608,.T.);
#6012=FACE_BOUND('',#5609,.T.);
#6013=FACE_BOUND('',#5610,.T.);
#6014=FACE_BOUND('',#5611,.T.);
#6015=FACE_BOUND('',#5612,.T.);
#6016=FACE_BOUND('',#5613,.T.);
#6017=FACE_BOUND('',#5614,.T.);
#6018=FACE_BOUND('',#5615,.T.);
#6019=FACE_BOUND('',#5616,.T.);
#6020=FACE_BOUND('',#5617,.T.);
#6021=FACE_BOUND('',#5618,.T.);
#6022=FACE_BOUND('',#5619,.T.);
#6023=FACE_BOUND('',#5620,.T.);
#6024=FACE_BOUND('',#5621,.T.);
#6025=FACE_BOUND('',#5622,.T.);
#6026=FACE_BOUND('',#5623,.T.);
#6027=FACE_BOUND('',#5624,.T.);
#6028=FACE_BOUND('',#5625,.T.);
#6029=FACE_BOUND('',#5626,.T.);
#6030=FACE_BOUND('',#5627,.T.);
#6031=FACE_BOUND('',#5628,.T.);
#6032=FACE_BOUND('',#5629,.T.);
#6033=FACE_BOUND('',#5630,.T.);
#6034=FACE_BOUND('',#5631,.T.);
#6035=FACE_BOUND('',#5632,.T.);
#6036=FACE_BOUND('',#5633,.T.);
#6037=FACE_BOUND('',#5634,.T.);
#6038=FACE_BOUND('',#5635,.T.);
#6039=FACE_BOUND('',#5636,.T.);
#6040=FACE_BOUND('',#5637,.T.);
#6041=FACE_BOUND('',#5638,.T.);
#6042=FACE_BOUND('',#5639,.T.);
#6043=FACE_BOUND('',#5640,.T.);
#6044=FACE_BOUND('',#5641,.T.);
#6045=FACE_BOUND('',#5642,.T.);
#6046=FACE_BOUND('',#5643,.T.);
#6047=FACE_BOUND('',#5644,.T.);
#6048=FACE_BOUND('',#5645,.T.);
#6049=FACE_BOUND('',#5646,.T.);
#6050=FACE_BOUND('',#5647,.T.);
#6051=FACE_BOUND('',#5648,.T.);
#6052=FACE_BOUND('',#5649,.T.);
#6053=FACE_BOUND('',#5650,.T.);
#6054=FACE_BOUND('',#5651,.T.);
#6055=FACE_BOUND('',#5652,.T.);
#6056=FACE_BOUND('',#5653,.T.);
#6057=FACE_BOUND('',#5654,.T.);
#6058=FACE_BOUND('',#5655,.T.);
#6059=FACE_BOUND('',#5656,.T.);
#6060=CYLINDRICAL_SURFACE('',#6520,0.029);
#6061=CYLINDRICAL_SURFACE('',#6604,0.028);
#6062=CYLINDRICAL_SURFACE('',#6631,0.004);
#6063=CYLINDRICAL_SURFACE('',#6634,0.003);
#6064=CYLINDRICAL_SURFACE('',#6638,0.001);
#6065=CYLINDRICAL_SURFACE('',#6640,0.001);
#6066=CYLINDRICAL_SURFACE('',#6649,0.001);
#6067=CYLINDRICAL_SURFACE('',#6651,0.001);
#6068=CYLINDRICAL_SURFACE('',#6660,0.001);
#6069=CYLINDRICAL_SURFACE('',#6662,0.001);
#6070=CYLINDRICAL_SURFACE('',#6667,0.02849995);
#6071=CYLINDRICAL_SURFACE('',#6668,0.02849995);
#6072=CYLINDRICAL_SURFACE('',#6684,0.029);
#6073=CYLINDRICAL_SURFACE('',#6685,0.02849995);
#6074=CYLINDRICAL_SURFACE('',#6686,0.02849995);
#6075=CYLINDRICAL_SURFACE('',#6693,0.02849995);
#6076=CYLINDRICAL_SURFACE('',#6712,0.02849995);
#6077=CYLINDRICAL_SURFACE('',#6714,0.000611762862624082);
#6078=CYLINDRICAL_SURFACE('',#6715,0.000383251497357449);
#6079=CYLINDRICAL_SURFACE('',#6716,0.000389203943128402);
#6080=CYLINDRICAL_SURFACE('',#6717,0.00179630359606748);
#6081=CYLINDRICAL_SURFACE('',#6719,0.00430378471423444);
#6082=CYLINDRICAL_SURFACE('',#6720,0.00249289395595818);
#6083=CYLINDRICAL_SURFACE('',#6721,0.00130764667598914);
#6084=CYLINDRICAL_SURFACE('',#6722,0.000775984372493762);
#6085=CYLINDRICAL_SURFACE('',#6723,0.000370508782607467);
#6086=CYLINDRICAL_SURFACE('',#6724,0.00216638047555511);
#6087=CYLINDRICAL_SURFACE('',#6726,0.02849995);
#6088=CYLINDRICAL_SURFACE('',#6739,0.00247443862087958);
#6089=CYLINDRICAL_SURFACE('',#6740,0.00209867032952841);
#6090=CYLINDRICAL_SURFACE('',#6741,0.00235572013578352);
#6091=CYLINDRICAL_SURFACE('',#6742,0.00236916787237996);
#6092=CYLINDRICAL_SURFACE('',#6744,0.00201072571878816);
#6093=CYLINDRICAL_SURFACE('',#6746,0.02849995);
#6094=CYLINDRICAL_SURFACE('',#6753,0.02849995);
#6095=CYLINDRICAL_SURFACE('',#6764,0.00127994550470459);
#6096=CYLINDRICAL_SURFACE('',#6765,0.00087285380632784);
#6097=CYLINDRICAL_SURFACE('',#6767,0.00122548473832779);
#6098=CYLINDRICAL_SURFACE('',#6768,0.000894521050397743);
#6099=CYLINDRICAL_SURFACE('',#6778,0.02849995);
#6100=CYLINDRICAL_SURFACE('',#6792,0.207135568626886);
#6101=CYLINDRICAL_SURFACE('',#6793,0.00112112234859387);
#6102=CYLINDRICAL_SURFACE('',#6800,0.029);
#6103=CYLINDRICAL_SURFACE('',#6801,0.02849995);
#6104=CYLINDRICAL_SURFACE('',#6818,0.02849995);
#6105=CYLINDRICAL_SURFACE('',#6819,0.00097121530963473);
#6106=CYLINDRICAL_SURFACE('',#6820,0.000988123507426401);
#6107=CYLINDRICAL_SURFACE('',#6821,0.00110626571620918);
#6108=CYLINDRICAL_SURFACE('',#6822,0.00107293078055506);
#6109=CYLINDRICAL_SURFACE('',#6823,0.000494419405337577);
#6110=CYLINDRICAL_SURFACE('',#6824,0.000478780887106634);
#6111=CYLINDRICAL_SURFACE('',#6825,0.029);
#6112=CYLINDRICAL_SURFACE('',#6826,0.02849995);
#6113=CYLINDRICAL_SURFACE('',#6840,0.0970083983823851);
#6114=CYLINDRICAL_SURFACE('',#6841,0.0133497579665551);
#6115=CYLINDRICAL_SURFACE('',#6857,0.02849995);
#6116=CYLINDRICAL_SURFACE('',#6868,0.00512991157795426);
#6117=CYLINDRICAL_SURFACE('',#6875,0.02849995);
#6118=CYLINDRICAL_SURFACE('',#6886,0.00512991156338622);
#6119=CYLINDRICAL_SURFACE('',#6893,0.02849995);
#6120=CYLINDRICAL_SURFACE('',#6918,0.02849995);
#6121=CYLINDRICAL_SURFACE('',#6919,0.02849995);
#6122=CYLINDRICAL_SURFACE('',#6920,0.02849995);
#6123=CYLINDRICAL_SURFACE('',#6941,0.00322667269072526);
#6124=CYLINDRICAL_SURFACE('',#6944,0.00860988840485396);
#6125=CYLINDRICAL_SURFACE('',#6945,0.0135229030703829);
#6126=CYLINDRICAL_SURFACE('',#6951,0.029);
#6127=CYLINDRICAL_SURFACE('',#6952,0.029);
#6128=CYLINDRICAL_SURFACE('',#6953,0.029);
#6129=CYLINDRICAL_SURFACE('',#6954,0.029);
#6130=CYLINDRICAL_SURFACE('',#6956,0.028);
#6131=CYLINDRICAL_SURFACE('',#6967,0.024);
#6132=CYLINDRICAL_SURFACE('',#6970,0.002);
#6133=CYLINDRICAL_SURFACE('',#6971,0.003);
#6134=ADVANCED_FACE('',(#5657,#5658,#5659,#5660,#5661,#5662,#5663,#5664,
#5665,#5666,#5667,#5668,#5669,#5670,#5671,#5672,#5673,#5674,#5675,#5676),
#6060,.T.);
#6135=ADVANCED_FACE('',(#5677),#6061,.F.);
#6136=ADVANCED_FACE('',(#5678,#5679),#158,.F.);
#6137=ADVANCED_FACE('',(#5680,#5681),#159,.T.);
#6138=ADVANCED_FACE('',(#5682,#5683,#5684),#160,.T.);
#6139=ADVANCED_FACE('',(#5685,#5686,#5687),#161,.F.);
#6140=ADVANCED_FACE('',(#5688),#162,.T.);
#6141=ADVANCED_FACE('',(#5689),#163,.F.);
#6142=ADVANCED_FACE('',(#5690),#164,.T.);
#6143=ADVANCED_FACE('',(#5691),#165,.F.);
#6144=ADVANCED_FACE('',(#5692),#6062,.T.);
#6145=ADVANCED_FACE('',(#5693),#6063,.F.);
#6146=ADVANCED_FACE('',(#5694,#5695),#148,.T.);
#6147=ADVANCED_FACE('',(#5696),#6064,.T.);
#6148=ADVANCED_FACE('',(#5697),#6065,.T.);
#6149=ADVANCED_FACE('',(#5698),#149,.T.);
#6150=ADVANCED_FACE('',(#5699),#150,.T.);
#6151=ADVANCED_FACE('',(#5700),#151,.T.);
#6152=ADVANCED_FACE('',(#5701),#6066,.F.);
#6153=ADVANCED_FACE('',(#5702),#6067,.F.);
#6154=ADVANCED_FACE('',(#5703),#152,.T.);
#6155=ADVANCED_FACE('',(#5704),#153,.T.);
#6156=ADVANCED_FACE('',(#5705),#154,.T.);
#6157=ADVANCED_FACE('',(#5706),#6068,.T.);
#6158=ADVANCED_FACE('',(#5707),#6069,.T.);
#6159=ADVANCED_FACE('',(#5708,#5709),#155,.T.);
#6160=ADVANCED_FACE('',(#5710,#5711),#156,.T.);
#6161=ADVANCED_FACE('',(#5712,#5713),#157,.T.);
#6162=ADVANCED_FACE('',(#5714),#6070,.T.);
#6163=ADVANCED_FACE('',(#5715),#14,.T.);
#6164=ADVANCED_FACE('',(#5716),#15,.T.);
#6165=ADVANCED_FACE('',(#5717),#16,.T.);
#6166=ADVANCED_FACE('',(#5718),#17,.T.);
#6167=ADVANCED_FACE('',(#5719),#18,.T.);
#6168=ADVANCED_FACE('',(#5720,#5721),#6071,.T.);
#6169=ADVANCED_FACE('',(#5722),#166,.T.);
#6170=ADVANCED_FACE('',(#5723),#167,.T.);
#6171=ADVANCED_FACE('',(#5724),#168,.T.);
#6172=ADVANCED_FACE('',(#5725),#19,.T.);
#6173=ADVANCED_FACE('',(#5726),#20,.T.);
#6174=ADVANCED_FACE('',(#5727),#21,.T.);
#6175=ADVANCED_FACE('',(#5728),#22,.T.);
#6176=ADVANCED_FACE('',(#5729),#169,.T.);
#6177=ADVANCED_FACE('',(#5730),#170,.T.);
#6178=ADVANCED_FACE('',(#5731),#171,.T.);
#6179=ADVANCED_FACE('',(#5732),#172,.T.);
#6180=ADVANCED_FACE('',(#5733),#173,.T.);
#6181=ADVANCED_FACE('',(#5734),#23,.T.);
#6182=ADVANCED_FACE('',(#5735),#24,.T.);
#6183=ADVANCED_FACE('',(#5736),#25,.T.);
#6184=ADVANCED_FACE('',(#5737),#26,.T.);
#6185=ADVANCED_FACE('',(#5738),#6072,.T.);
#6186=ADVANCED_FACE('',(#5739),#6073,.T.);
#6187=ADVANCED_FACE('',(#5740),#27,.T.);
#6188=ADVANCED_FACE('',(#5741),#28,.T.);
#6189=ADVANCED_FACE('',(#5742),#29,.T.);
#6190=ADVANCED_FACE('',(#5743),#30,.T.);
#6191=ADVANCED_FACE('',(#5744),#31,.T.);
#6192=ADVANCED_FACE('',(#5745),#32,.T.);
#6193=ADVANCED_FACE('',(#5746),#33,.T.);
#6194=ADVANCED_FACE('',(#5747),#34,.T.);
#6195=ADVANCED_FACE('',(#5748),#6074,.T.);
#6196=ADVANCED_FACE('',(#5749),#174,.T.);
#6197=ADVANCED_FACE('',(#5750),#175,.T.);
#6198=ADVANCED_FACE('',(#5751),#176,.T.);
#6199=ADVANCED_FACE('',(#5752),#177,.T.);
#6200=ADVANCED_FACE('',(#5753),#6075,.T.);
#6201=ADVANCED_FACE('',(#5754),#178,.T.);
#6202=ADVANCED_FACE('',(#5755),#179,.T.);
#6203=ADVANCED_FACE('',(#5756),#180,.T.);
#6204=ADVANCED_FACE('',(#5757),#181,.T.);
#6205=ADVANCED_FACE('',(#5758),#182,.T.);
#6206=ADVANCED_FACE('',(#5759),#183,.T.);
#6207=ADVANCED_FACE('',(#5760),#184,.T.);
#6208=ADVANCED_FACE('',(#5761),#185,.T.);
#6209=ADVANCED_FACE('',(#5762),#186,.T.);
#6210=ADVANCED_FACE('',(#5763),#187,.T.);
#6211=ADVANCED_FACE('',(#5764),#188,.T.);
#6212=ADVANCED_FACE('',(#5765),#35,.T.);
#6213=ADVANCED_FACE('',(#5766),#36,.T.);
#6214=ADVANCED_FACE('',(#5767),#37,.T.);
#6215=ADVANCED_FACE('',(#5768),#189,.T.);
#6216=ADVANCED_FACE('',(#5769),#38,.T.);
#6217=ADVANCED_FACE('',(#5770),#39,.T.);
#6218=ADVANCED_FACE('',(#5771),#40,.T.);
#6219=ADVANCED_FACE('',(#5772),#6076,.T.);
#6220=ADVANCED_FACE('',(#5773),#41,.T.);
#6221=ADVANCED_FACE('',(#5774),#6077,.T.);
#6222=ADVANCED_FACE('',(#5775),#6078,.T.);
#6223=ADVANCED_FACE('',(#5776),#6079,.T.);
#6224=ADVANCED_FACE('',(#5777),#42,.T.);
#6225=ADVANCED_FACE('',(#5778),#6080,.T.);
#6226=ADVANCED_FACE('',(#5779),#43,.T.);
#6227=ADVANCED_FACE('',(#5780),#190,.T.);
#6228=ADVANCED_FACE('',(#5781),#6081,.F.);
#6229=ADVANCED_FACE('',(#5782),#6082,.F.);
#6230=ADVANCED_FACE('',(#5783),#44,.T.);
#6231=ADVANCED_FACE('',(#5784),#45,.T.);
#6232=ADVANCED_FACE('',(#5785),#46,.T.);
#6233=ADVANCED_FACE('',(#5786),#6083,.F.);
#6234=ADVANCED_FACE('',(#5787),#47,.T.);
#6235=ADVANCED_FACE('',(#5788),#48,.T.);
#6236=ADVANCED_FACE('',(#5789),#6084,.T.);
#6237=ADVANCED_FACE('',(#5790),#6085,.T.);
#6238=ADVANCED_FACE('',(#5791),#49,.T.);
#6239=ADVANCED_FACE('',(#5792),#50,.T.);
#6240=ADVANCED_FACE('',(#5793),#6086,.T.);
#6241=ADVANCED_FACE('',(#5794),#51,.T.);
#6242=ADVANCED_FACE('',(#5795),#191,.T.);
#6243=ADVANCED_FACE('',(#5796),#52,.T.);
#6244=ADVANCED_FACE('',(#5797),#53,.T.);
#6245=ADVANCED_FACE('',(#5798),#54,.T.);
#6246=ADVANCED_FACE('',(#5799),#55,.T.);
#6247=ADVANCED_FACE('',(#5800),#56,.T.);
#6248=ADVANCED_FACE('',(#5801),#6087,.T.);
#6249=ADVANCED_FACE('',(#5802),#192,.T.);
#6250=ADVANCED_FACE('',(#5803),#193,.T.);
#6251=ADVANCED_FACE('',(#5804),#194,.T.);
#6252=ADVANCED_FACE('',(#5805),#195,.T.);
#6253=ADVANCED_FACE('',(#5806),#196,.T.);
#6254=ADVANCED_FACE('',(#5807),#197,.T.);
#6255=ADVANCED_FACE('',(#5808),#6088,.T.);
#6256=ADVANCED_FACE('',(#5809),#6089,.T.);
#6257=ADVANCED_FACE('',(#5810),#57,.T.);
#6258=ADVANCED_FACE('',(#5811),#58,.T.);
#6259=ADVANCED_FACE('',(#5812),#6090,.T.);
#6260=ADVANCED_FACE('',(#5813),#6091,.T.);
#6261=ADVANCED_FACE('',(#5814),#198,.T.);
#6262=ADVANCED_FACE('',(#5815),#59,.T.);
#6263=ADVANCED_FACE('',(#5816),#60,.T.);
#6264=ADVANCED_FACE('',(#5817),#61,.T.);
#6265=ADVANCED_FACE('',(#5818),#62,.T.);
#6266=ADVANCED_FACE('',(#5819),#63,.T.);
#6267=ADVANCED_FACE('',(#5820),#6092,.F.);
#6268=ADVANCED_FACE('',(#5821),#199,.T.);
#6269=ADVANCED_FACE('',(#5822),#6093,.T.);
#6270=ADVANCED_FACE('',(#5823),#200,.T.);
#6271=ADVANCED_FACE('',(#5824),#201,.T.);
#6272=ADVANCED_FACE('',(#5825),#202,.T.);
#6273=ADVANCED_FACE('',(#5826),#203,.T.);
#6274=ADVANCED_FACE('',(#5827),#6094,.T.);
#6275=ADVANCED_FACE('',(#5828),#64,.T.);
#6276=ADVANCED_FACE('',(#5829),#65,.T.);
#6277=ADVANCED_FACE('',(#5830),#66,.T.);
#6278=ADVANCED_FACE('',(#5831),#204,.T.);
#6279=ADVANCED_FACE('',(#5832),#205,.T.);
#6280=ADVANCED_FACE('',(#5833),#206,.T.);
#6281=ADVANCED_FACE('',(#5834),#67,.T.);
#6282=ADVANCED_FACE('',(#5835),#68,.T.);
#6283=ADVANCED_FACE('',(#5836),#6095,.F.);
#6284=ADVANCED_FACE('',(#5837),#6096,.F.);
#6285=ADVANCED_FACE('',(#5838),#207,.T.);
#6286=ADVANCED_FACE('',(#5839),#69,.T.);
#6287=ADVANCED_FACE('',(#5840),#6097,.F.);
#6288=ADVANCED_FACE('',(#5841),#6098,.F.);
#6289=ADVANCED_FACE('',(#5842),#208,.T.);
#6290=ADVANCED_FACE('',(#5843),#209,.T.);
#6291=ADVANCED_FACE('',(#5844),#210,.T.);
#6292=ADVANCED_FACE('',(#5845),#211,.T.);
#6293=ADVANCED_FACE('',(#5846),#212,.T.);
#6294=ADVANCED_FACE('',(#5847),#213,.T.);
#6295=ADVANCED_FACE('',(#5848),#70,.T.);
#6296=ADVANCED_FACE('',(#5849),#71,.T.);
#6297=ADVANCED_FACE('',(#5850),#72,.T.);
#6298=ADVANCED_FACE('',(#5851),#73,.T.);
#6299=ADVANCED_FACE('',(#5852),#214,.T.);
#6300=ADVANCED_FACE('',(#5853),#215,.T.);
#6301=ADVANCED_FACE('',(#5854),#216,.T.);
#6302=ADVANCED_FACE('',(#5855),#74,.T.);
#6303=ADVANCED_FACE('',(#5856,#5857),#6099,.T.);
#6304=ADVANCED_FACE('',(#5858),#217,.T.);
#6305=ADVANCED_FACE('',(#5859),#218,.T.);
#6306=ADVANCED_FACE('',(#5860),#219,.T.);
#6307=ADVANCED_FACE('',(#5861),#75,.T.);
#6308=ADVANCED_FACE('',(#5862),#76,.T.);
#6309=ADVANCED_FACE('',(#5863),#77,.T.);
#6310=ADVANCED_FACE('',(#5864),#78,.T.);
#6311=ADVANCED_FACE('',(#5865),#220,.T.);
#6312=ADVANCED_FACE('',(#5866),#6100,.T.);
#6313=ADVANCED_FACE('',(#5867),#79,.T.);
#6314=ADVANCED_FACE('',(#5868),#6101,.F.);
#6315=ADVANCED_FACE('',(#5869),#80,.T.);
#6316=ADVANCED_FACE('',(#5870),#81,.T.);
#6317=ADVANCED_FACE('',(#5871),#221,.T.);
#6318=ADVANCED_FACE('',(#5872),#222,.T.);
#6319=ADVANCED_FACE('',(#5873),#223,.T.);
#6320=ADVANCED_FACE('',(#5874),#224,.T.);
#6321=ADVANCED_FACE('',(#5875),#225,.T.);
#6322=ADVANCED_FACE('',(#5876),#226,.T.);
#6323=ADVANCED_FACE('',(#5877),#6102,.T.);
#6324=ADVANCED_FACE('',(#5878,#5879),#6103,.T.);
#6325=ADVANCED_FACE('',(#5880),#227,.T.);
#6326=ADVANCED_FACE('',(#5881),#228,.T.);
#6327=ADVANCED_FACE('',(#5882),#229,.T.);
#6328=ADVANCED_FACE('',(#5883),#230,.T.);
#6329=ADVANCED_FACE('',(#5884),#82,.T.);
#6330=ADVANCED_FACE('',(#5885),#83,.T.);
#6331=ADVANCED_FACE('',(#5886),#84,.T.);
#6332=ADVANCED_FACE('',(#5887),#85,.T.);
#6333=ADVANCED_FACE('',(#5888),#86,.T.);
#6334=ADVANCED_FACE('',(#5889),#87,.T.);
#6335=ADVANCED_FACE('',(#5890),#231,.T.);
#6336=ADVANCED_FACE('',(#5891),#232,.T.);
#6337=ADVANCED_FACE('',(#5892),#88,.T.);
#6338=ADVANCED_FACE('',(#5893),#89,.T.);
#6339=ADVANCED_FACE('',(#5894),#233,.T.);
#6340=ADVANCED_FACE('',(#5895),#90,.T.);
#6341=ADVANCED_FACE('',(#5896),#91,.T.);
#6342=ADVANCED_FACE('',(#5897),#92,.T.);
#6343=ADVANCED_FACE('',(#5898),#93,.T.);
#6344=ADVANCED_FACE('',(#5899),#94,.T.);
#6345=ADVANCED_FACE('',(#5900),#95,.T.);
#6346=ADVANCED_FACE('',(#5901),#96,.T.);
#6347=ADVANCED_FACE('',(#5902),#234,.T.);
#6348=ADVANCED_FACE('',(#5903),#235,.T.);
#6349=ADVANCED_FACE('',(#5904),#97,.T.);
#6350=ADVANCED_FACE('',(#5905,#5906,#5907),#6104,.T.);
#6351=ADVANCED_FACE('',(#5908),#98,.T.);
#6352=ADVANCED_FACE('',(#5909),#99,.T.);
#6353=ADVANCED_FACE('',(#5910),#100,.T.);
#6354=ADVANCED_FACE('',(#5911),#101,.T.);
#6355=ADVANCED_FACE('',(#5912),#6105,.F.);
#6356=ADVANCED_FACE('',(#5913),#102,.T.);
#6357=ADVANCED_FACE('',(#5914),#103,.T.);
#6358=ADVANCED_FACE('',(#5915),#6106,.F.);
#6359=ADVANCED_FACE('',(#5916),#104,.T.);
#6360=ADVANCED_FACE('',(#5917),#105,.T.);
#6361=ADVANCED_FACE('',(#5918),#106,.T.);
#6362=ADVANCED_FACE('',(#5919),#107,.T.);
#6363=ADVANCED_FACE('',(#5920),#6107,.F.);
#6364=ADVANCED_FACE('',(#5921),#108,.T.);
#6365=ADVANCED_FACE('',(#5922),#109,.T.);
#6366=ADVANCED_FACE('',(#5923),#6108,.F.);
#6367=ADVANCED_FACE('',(#5924),#110,.T.);
#6368=ADVANCED_FACE('',(#5925),#111,.T.);
#6369=ADVANCED_FACE('',(#5926),#112,.T.);
#6370=ADVANCED_FACE('',(#5927),#113,.T.);
#6371=ADVANCED_FACE('',(#5928),#114,.T.);
#6372=ADVANCED_FACE('',(#5929),#115,.T.);
#6373=ADVANCED_FACE('',(#5930),#116,.T.);
#6374=ADVANCED_FACE('',(#5931),#6109,.T.);
#6375=ADVANCED_FACE('',(#5932),#117,.T.);
#6376=ADVANCED_FACE('',(#5933),#118,.T.);
#6377=ADVANCED_FACE('',(#5934),#6110,.T.);
#6378=ADVANCED_FACE('',(#5935),#119,.T.);
#6379=ADVANCED_FACE('',(#5936),#120,.T.);
#6380=ADVANCED_FACE('',(#5937),#121,.T.);
#6381=ADVANCED_FACE('',(#5938),#122,.T.);
#6382=ADVANCED_FACE('',(#5939),#6111,.T.);
#6383=ADVANCED_FACE('',(#5940),#6112,.T.);
#6384=ADVANCED_FACE('',(#5941),#236,.T.);
#6385=ADVANCED_FACE('',(#5942),#6113,.F.);
#6386=ADVANCED_FACE('',(#5943),#6114,.F.);
#6387=ADVANCED_FACE('',(#5944),#237,.T.);
#6388=ADVANCED_FACE('',(#5945),#238,.T.);
#6389=ADVANCED_FACE('',(#5946),#239,.T.);
#6390=ADVANCED_FACE('',(#5947),#240,.T.);
#6391=ADVANCED_FACE('',(#5948),#241,.T.);
#6392=ADVANCED_FACE('',(#5949),#242,.T.);
#6393=ADVANCED_FACE('',(#5950),#243,.T.);
#6394=ADVANCED_FACE('',(#5951),#244,.T.);
#6395=ADVANCED_FACE('',(#5952),#245,.T.);
#6396=ADVANCED_FACE('',(#5953),#246,.T.);
#6397=ADVANCED_FACE('',(#5954),#247,.T.);
#6398=ADVANCED_FACE('',(#5955),#123,.T.);
#6399=ADVANCED_FACE('',(#5956),#248,.T.);
#6400=ADVANCED_FACE('',(#5957),#249,.T.);
#6401=ADVANCED_FACE('',(#5958),#250,.T.);
#6402=ADVANCED_FACE('',(#5959),#251,.T.);
#6403=ADVANCED_FACE('',(#5960),#6115,.T.);
#6404=ADVANCED_FACE('',(#5961),#252,.T.);
#6405=ADVANCED_FACE('',(#5962),#253,.T.);
#6406=ADVANCED_FACE('',(#5963),#254,.T.);
#6407=ADVANCED_FACE('',(#5964),#6116,.F.);
#6408=ADVANCED_FACE('',(#5965),#255,.T.);
#6409=ADVANCED_FACE('',(#5966),#256,.T.);
#6410=ADVANCED_FACE('',(#5967),#257,.T.);
#6411=ADVANCED_FACE('',(#5968),#258,.T.);
#6412=ADVANCED_FACE('',(#5969),#259,.T.);
#6413=ADVANCED_FACE('',(#5970),#260,.T.);
#6414=ADVANCED_FACE('',(#5971),#6117,.T.);
#6415=ADVANCED_FACE('',(#5972),#261,.T.);
#6416=ADVANCED_FACE('',(#5973),#262,.T.);
#6417=ADVANCED_FACE('',(#5974),#263,.T.);
#6418=ADVANCED_FACE('',(#5975),#6118,.F.);
#6419=ADVANCED_FACE('',(#5976),#264,.T.);
#6420=ADVANCED_FACE('',(#5977),#265,.T.);
#6421=ADVANCED_FACE('',(#5978),#266,.T.);
#6422=ADVANCED_FACE('',(#5979),#267,.T.);
#6423=ADVANCED_FACE('',(#5980),#268,.T.);
#6424=ADVANCED_FACE('',(#5981),#269,.T.);
#6425=ADVANCED_FACE('',(#5982),#6119,.T.);
#6426=ADVANCED_FACE('',(#5983),#270,.T.);
#6427=ADVANCED_FACE('',(#5984),#271,.T.);
#6428=ADVANCED_FACE('',(#5985),#272,.T.);
#6429=ADVANCED_FACE('',(#5986),#273,.T.);
#6430=ADVANCED_FACE('',(#5987),#274,.T.);
#6431=ADVANCED_FACE('',(#5988),#275,.T.);
#6432=ADVANCED_FACE('',(#5989),#276,.T.);
#6433=ADVANCED_FACE('',(#5990),#277,.T.);
#6434=ADVANCED_FACE('',(#5991),#278,.T.);
#6435=ADVANCED_FACE('',(#5992),#279,.T.);
#6436=ADVANCED_FACE('',(#5993),#280,.T.);
#6437=ADVANCED_FACE('',(#5994),#281,.T.);
#6438=ADVANCED_FACE('',(#5995,#5996),#6120,.T.);
#6439=ADVANCED_FACE('',(#5997),#124,.T.);
#6440=ADVANCED_FACE('',(#5998),#125,.T.);
#6441=ADVANCED_FACE('',(#5999),#126,.T.);
#6442=ADVANCED_FACE('',(#6000),#127,.T.);
#6443=ADVANCED_FACE('',(#6001),#128,.T.);
#6444=ADVANCED_FACE('',(#6002),#129,.T.);
#6445=ADVANCED_FACE('',(#6003),#130,.T.);
#6446=ADVANCED_FACE('',(#6004),#131,.T.);
#6447=ADVANCED_FACE('',(#6005),#132,.T.);
#6448=ADVANCED_FACE('',(#6006),#133,.T.);
#6449=ADVANCED_FACE('',(#6007),#134,.T.);
#6450=ADVANCED_FACE('',(#6008),#135,.T.);
#6451=ADVANCED_FACE('',(#6009),#136,.T.);
#6452=ADVANCED_FACE('',(#6010),#137,.T.);
#6453=ADVANCED_FACE('',(#6011),#138,.T.);
#6454=ADVANCED_FACE('',(#6012),#139,.T.);
#6455=ADVANCED_FACE('',(#6013),#6121,.T.);
#6456=ADVANCED_FACE('',(#6014),#140,.T.);
#6457=ADVANCED_FACE('',(#6015),#141,.T.);
#6458=ADVANCED_FACE('',(#6016),#142,.T.);
#6459=ADVANCED_FACE('',(#6017),#143,.T.);
#6460=ADVANCED_FACE('',(#6018),#144,.T.);
#6461=ADVANCED_FACE('',(#6019),#145,.T.);
#6462=ADVANCED_FACE('',(#6020),#146,.T.);
#6463=ADVANCED_FACE('',(#6021),#147,.T.);
#6464=ADVANCED_FACE('',(#6022,#6023),#6122,.T.);
#6465=ADVANCED_FACE('',(#6024),#282,.T.);
#6466=ADVANCED_FACE('',(#6025),#283,.T.);
#6467=ADVANCED_FACE('',(#6026),#284,.T.);
#6468=ADVANCED_FACE('',(#6027),#285,.T.);
#6469=ADVANCED_FACE('',(#6028),#286,.T.);
#6470=ADVANCED_FACE('',(#6029),#287,.T.);
#6471=ADVANCED_FACE('',(#6030),#288,.T.);
#6472=ADVANCED_FACE('',(#6031),#289,.T.);
#6473=ADVANCED_FACE('',(#6032),#290,.T.);
#6474=ADVANCED_FACE('',(#6033),#291,.T.);
#6475=ADVANCED_FACE('',(#6034),#292,.T.);
#6476=ADVANCED_FACE('',(#6035),#6123,.F.);
#6477=ADVANCED_FACE('',(#6036),#293,.T.);
#6478=ADVANCED_FACE('',(#6037),#6124,.F.);
#6479=ADVANCED_FACE('',(#6038),#6125,.F.);
#6480=ADVANCED_FACE('',(#6039),#294,.T.);
#6481=ADVANCED_FACE('',(#6040),#295,.T.);
#6482=ADVANCED_FACE('',(#6041),#296,.T.);
#6483=ADVANCED_FACE('',(#6042),#6126,.T.);
#6484=ADVANCED_FACE('',(#6043),#6127,.T.);
#6485=ADVANCED_FACE('',(#6044),#6128,.T.);
#6486=ADVANCED_FACE('',(#6045),#6129,.T.);
#6487=ADVANCED_FACE('',(#6046),#6130,.T.);
#6488=ADVANCED_FACE('',(#6047,#6048,#6049),#297,.T.);
#6489=ADVANCED_FACE('',(#6050,#6051,#6052),#298,.F.);
#6490=ADVANCED_FACE('',(#6053,#6054),#6131,.F.);
#6491=ADVANCED_FACE('',(#6055),#299,.T.);
#6492=ADVANCED_FACE('',(#6056),#300,.F.);
#6493=ADVANCED_FACE('',(#6057,#6058),#6132,.F.);
#6494=ADVANCED_FACE('',(#6059),#6133,.T.);
#6495=CLOSED_SHELL('',(#6134,#6135,#6136,#6137,#6138,#6139,#6140,#6141,
#6142,#6143,#6144,#6145,#6146,#6147,#6148,#6149,#6150,#6151,#6152,#6153,
#6154,#6155,#6156,#6157,#6158,#6159,#6160,#6161,#6162,#6163,#6164,#6165,
#6166,#6167,#6168,#6169,#6170,#6171,#6172,#6173,#6174,#6175,#6176,#6177,
#6178,#6179,#6180,#6181,#6182,#6183,#6184,#6185,#6186,#6187,#6188,#6189,
#6190,#6191,#6192,#6193,#6194,#6195,#6196,#6197,#6198,#6199,#6200,#6201,
#6202,#6203,#6204,#6205,#6206,#6207,#6208,#6209,#6210,#6211,#6212,#6213,
#6214,#6215,#6216,#6217,#6218,#6219,#6220,#6221,#6222,#6223,#6224,#6225,
#6226,#6227,#6228,#6229,#6230,#6231,#6232,#6233,#6234,#6235,#6236,#6237,
#6238,#6239,#6240,#6241,#6242,#6243,#6244,#6245,#6246,#6247,#6248,#6249,
#6250,#6251,#6252,#6253,#6254,#6255,#6256,#6257,#6258,#6259,#6260,#6261,
#6262,#6263,#6264,#6265,#6266,#6267,#6268,#6269,#6270,#6271,#6272,#6273,
#6274,#6275,#6276,#6277,#6278,#6279,#6280,#6281,#6282,#6283,#6284,#6285,
#6286,#6287,#6288,#6289,#6290,#6291,#6292,#6293,#6294,#6295,#6296,#6297,
#6298,#6299,#6300,#6301,#6302,#6303,#6304,#6305,#6306,#6307,#6308,#6309,
#6310,#6311,#6312,#6313,#6314,#6315,#6316,#6317,#6318,#6319,#6320,#6321,
#6322,#6323,#6324,#6325,#6326,#6327,#6328,#6329,#6330,#6331,#6332,#6333,
#6334,#6335,#6336,#6337,#6338,#6339,#6340,#6341,#6342,#6343,#6344,#6345,
#6346,#6347,#6348,#6349,#6350,#6351,#6352,#6353,#6354,#6355,#6356,#6357,
#6358,#6359,#6360,#6361,#6362,#6363,#6364,#6365,#6366,#6367,#6368,#6369,
#6370,#6371,#6372,#6373,#6374,#6375,#6376,#6377,#6378,#6379,#6380,#6381,
#6382,#6383,#6384,#6385,#6386,#6387,#6388,#6389,#6390,#6391,#6392,#6393,
#6394,#6395,#6396,#6397,#6398,#6399,#6400,#6401,#6402,#6403,#6404,#6405,
#6406,#6407,#6408,#6409,#6410,#6411,#6412,#6413,#6414,#6415,#6416,#6417,
#6418,#6419,#6420,#6421,#6422,#6423,#6424,#6425,#6426,#6427,#6428,#6429,
#6430,#6431,#6432,#6433,#6434,#6435,#6436,#6437,#6438,#6439,#6440,#6441,
#6442,#6443,#6444,#6445,#6446,#6447,#6448,#6449,#6450,#6451,#6452,#6453,
#6454,#6455,#6456,#6457,#6458,#6459,#6460,#6461,#6462,#6463,#6464,#6465,
#6466,#6467,#6468,#6469,#6470,#6471,#6472,#6473,#6474,#6475,#6476,#6477,
#6478,#6479,#6480,#6481,#6482,#6483,#6484,#6485,#6486));
#6496=CLOSED_SHELL('',(#6487,#6488,#6489,#6490,#6491,#6492,#6493,#6494));
#6497=STYLED_ITEM('',(#6499),#6513);
#6498=STYLED_ITEM('',(#6500),#6514);
#6499=PRESENTATION_STYLE_ASSIGNMENT((#6501));
#6500=PRESENTATION_STYLE_ASSIGNMENT((#6502));
#6501=SURFACE_STYLE_USAGE(.BOTH.,#6503);
#6502=SURFACE_STYLE_USAGE(.BOTH.,#6504);
#6503=SURFACE_SIDE_STYLE('',(#6505));
#6504=SURFACE_SIDE_STYLE('',(#6506));
#6505=SURFACE_STYLE_FILL_AREA(#6507);
#6506=SURFACE_STYLE_FILL_AREA(#6508);
#6507=FILL_AREA_STYLE('',(#6509));
#6508=FILL_AREA_STYLE('',(#6510));
#6509=FILL_AREA_STYLE_COLOUR('',#6511);
#6510=FILL_AREA_STYLE_COLOUR('',#6512);
#6511=COLOUR_RGB('',0.764705882352941,0.545098039215686,0.803921568627451);
#6512=COLOUR_RGB('',0.6,0.580392156862745,0.529411764705882);
#6513=MANIFOLD_SOLID_BREP('Insulator',#6495);
#6514=MANIFOLD_SOLID_BREP('Conductor',#6496);
#6515=SHAPE_DEFINITION_REPRESENTATION(#12265,#6517);
#6516=SHAPE_DEFINITION_REPRESENTATION(#12266,#6518);
#6517=SHAPE_REPRESENTATION('Insulator',(#6519),#12255);
#6518=SHAPE_REPRESENTATION('Conductor',(#6955),#12256);
#6519=AXIS2_PLACEMENT_3D('',#8291,#6972,#6973);
#6520=AXIS2_PLACEMENT_3D('',#8292,#6974,#6975);
#6521=AXIS2_PLACEMENT_3D('',#8296,#6977,#6978);
#6522=AXIS2_PLACEMENT_3D('',#8300,#6980,#6981);
#6523=AXIS2_PLACEMENT_3D('',#8304,#6983,#6984);
#6524=AXIS2_PLACEMENT_3D('',#8308,#6986,#6987);
#6525=AXIS2_PLACEMENT_3D('',#8312,#6989,#6990);
#6526=AXIS2_PLACEMENT_3D('',#8314,#6991,#6992);
#6527=AXIS2_PLACEMENT_3D('',#8315,#6993,#6994);
#6528=AXIS2_PLACEMENT_3D('',#8318,#6995,#6996);
#6529=AXIS2_PLACEMENT_3D('',#8320,#6997,#6998);
#6530=AXIS2_PLACEMENT_3D('',#8322,#6999,#7000);
#6531=AXIS2_PLACEMENT_3D('',#8324,#7001,#7002);
#6532=AXIS2_PLACEMENT_3D('',#8326,#7003,#7004);
#6533=AXIS2_PLACEMENT_3D('',#8328,#7005,#7006);
#6534=AXIS2_PLACEMENT_3D('',#8330,#7007,#7008);
#6535=AXIS2_PLACEMENT_3D('',#8332,#7009,#7010);
#6536=AXIS2_PLACEMENT_3D('',#8334,#7011,#7012);
#6537=AXIS2_PLACEMENT_3D('',#8336,#7013,#7014);
#6538=AXIS2_PLACEMENT_3D('',#8338,#7015,#7016);
#6539=AXIS2_PLACEMENT_3D('',#8339,#7017,#7018);
#6540=AXIS2_PLACEMENT_3D('',#8342,#7019,#7020);
#6541=AXIS2_PLACEMENT_3D('',#8344,#7021,#7022);
#6542=AXIS2_PLACEMENT_3D('',#8348,#7024,#7025);
#6543=AXIS2_PLACEMENT_3D('',#8352,#7027,#7028);
#6544=AXIS2_PLACEMENT_3D('',#8354,#7029,#7030);
#6545=AXIS2_PLACEMENT_3D('',#8361,#7031,#7032);
#6546=AXIS2_PLACEMENT_3D('',#8362,#7033,#7034);
#6547=AXIS2_PLACEMENT_3D('',#8365,#7035,#7036);
#6548=AXIS2_PLACEMENT_3D('',#8367,#7037,#7038);
#6549=AXIS2_PLACEMENT_3D('',#8371,#7040,#7041);
#6550=AXIS2_PLACEMENT_3D('',#8375,#7043,#7044);
#6551=AXIS2_PLACEMENT_3D('',#8377,#7045,#7046);
#6552=AXIS2_PLACEMENT_3D('',#8384,#7047,#7048);
#6553=AXIS2_PLACEMENT_3D('',#8391,#7049,#7050);
#6554=AXIS2_PLACEMENT_3D('',#8393,#7051,#7052);
#6555=AXIS2_PLACEMENT_3D('',#8395,#7053,#7054);
#6556=AXIS2_PLACEMENT_3D('',#8397,#7055,#7056);
#6557=AXIS2_PLACEMENT_3D('',#8399,#7057,#7058);
#6558=AXIS2_PLACEMENT_3D('',#8408,#7060,#7061);
#6559=AXIS2_PLACEMENT_3D('',#8412,#7063,#7064);
#6560=AXIS2_PLACEMENT_3D('',#8414,#7065,#7066);
#6561=AXIS2_PLACEMENT_3D('',#8416,#7067,#7068);
#6562=AXIS2_PLACEMENT_3D('',#8418,#7069,#7070);
#6563=AXIS2_PLACEMENT_3D('',#8420,#7071,#7072);
#6564=AXIS2_PLACEMENT_3D('',#8424,#7074,#7075);
#6565=AXIS2_PLACEMENT_3D('',#8520,#7078,#7079);
#6566=AXIS2_PLACEMENT_3D('',#8522,#7080,#7081);
#6567=AXIS2_PLACEMENT_3D('',#8524,#7082,#7083);
#6568=AXIS2_PLACEMENT_3D('',#8556,#7084,#7085);
#6569=AXIS2_PLACEMENT_3D('',#8571,#7087,#7088);
#6570=AXIS2_PLACEMENT_3D('',#8585,#7090,#7091);
#6571=AXIS2_PLACEMENT_3D('',#8589,#7093,#7094);
#6572=AXIS2_PLACEMENT_3D('',#8621,#7096,#7097);
#6573=AXIS2_PLACEMENT_3D('',#8643,#7098,#7099);
#6574=AXIS2_PLACEMENT_3D('',#8647,#7101,#7102);
#6575=AXIS2_PLACEMENT_3D('',#8688,#7103,#7104);
#6576=AXIS2_PLACEMENT_3D('',#8693,#7106,#7107);
#6577=AXIS2_PLACEMENT_3D('',#8696,#7109,#7110);
#6578=AXIS2_PLACEMENT_3D('',#8735,#7114,#7115);
#6579=AXIS2_PLACEMENT_3D('',#8739,#7117,#7118);
#6580=AXIS2_PLACEMENT_3D('',#8741,#7119,#7120);
#6581=AXIS2_PLACEMENT_3D('',#8743,#7121,#7122);
#6582=AXIS2_PLACEMENT_3D('',#8747,#7124,#7125);
#6583=AXIS2_PLACEMENT_3D('',#8858,#7128,#7129);
#6584=AXIS2_PLACEMENT_3D('',#8884,#7130,#7131);
#6585=AXIS2_PLACEMENT_3D('',#8887,#7132,#7133);
#6586=AXIS2_PLACEMENT_3D('',#8889,#7134,#7135);
#6587=AXIS2_PLACEMENT_3D('',#8956,#7137,#7138);
#6588=AXIS2_PLACEMENT_3D('',#8958,#7139,#7140);
#6589=AXIS2_PLACEMENT_3D('',#8960,#7141,#7142);
#6590=AXIS2_PLACEMENT_3D('',#8963,#7144,#7145);
#6591=AXIS2_PLACEMENT_3D('',#8968,#7147,#7148);
#6592=AXIS2_PLACEMENT_3D('',#8989,#7151,#7152);
#6593=AXIS2_PLACEMENT_3D('',#9015,#7155,#7156);
#6594=AXIS2_PLACEMENT_3D('',#9019,#7158,#7159);
#6595=AXIS2_PLACEMENT_3D('',#9021,#7160,#7161);
#6596=AXIS2_PLACEMENT_3D('',#9023,#7162,#7163);
#6597=AXIS2_PLACEMENT_3D('',#9041,#7164,#7165);
#6598=AXIS2_PLACEMENT_3D('',#9065,#7167,#7168);
#6599=AXIS2_PLACEMENT_3D('',#9079,#7170,#7171);
#6600=AXIS2_PLACEMENT_3D('',#9081,#7172,#7173);
#6601=AXIS2_PLACEMENT_3D('',#9083,#7174,#7175);
#6602=AXIS2_PLACEMENT_3D('',#9087,#7177,#7178);
#6603=AXIS2_PLACEMENT_3D('',#9091,#7180,#7181);
#6604=AXIS2_PLACEMENT_3D('',#9197,#7182,#7183);
#6605=AXIS2_PLACEMENT_3D('',#9198,#7184,#7185);
#6606=AXIS2_PLACEMENT_3D('',#9203,#7187,#7188);
#6607=AXIS2_PLACEMENT_3D('',#9206,#7190,#7191);
#6608=AXIS2_PLACEMENT_3D('',#9207,#7192,#7193);
#6609=AXIS2_PLACEMENT_3D('',#9212,#7195,#7196);
#6610=AXIS2_PLACEMENT_3D('',#9216,#7198,#7199);
#6611=AXIS2_PLACEMENT_3D('',#9218,#7200,#7201);
#6612=AXIS2_PLACEMENT_3D('',#9220,#7202,#7203);
#6613=AXIS2_PLACEMENT_3D('',#9221,#7204,#7205);
#6614=AXIS2_PLACEMENT_3D('',#9222,#7206,#7207);
#6615=AXIS2_PLACEMENT_3D('',#9227,#7209,#7210);
#6616=AXIS2_PLACEMENT_3D('',#9231,#7212,#7213);
#6617=AXIS2_PLACEMENT_3D('',#9233,#7214,#7215);
#6618=AXIS2_PLACEMENT_3D('',#9235,#7216,#7217);
#6619=AXIS2_PLACEMENT_3D('',#9236,#7218,#7219);
#6620=AXIS2_PLACEMENT_3D('',#9239,#7221,#7222);
#6621=AXIS2_PLACEMENT_3D('',#9242,#7224,#7225);
#6622=AXIS2_PLACEMENT_3D('',#9244,#7226,#7227);
#6623=AXIS2_PLACEMENT_3D('',#9246,#7228,#7229);
#6624=AXIS2_PLACEMENT_3D('',#9249,#7231,#7232);
#6625=AXIS2_PLACEMENT_3D('',#9252,#7234,#7235);
#6626=AXIS2_PLACEMENT_3D('',#9254,#7236,#7237);
#6627=AXIS2_PLACEMENT_3D('',#9256,#7238,#7239);
#6628=AXIS2_PLACEMENT_3D('',#9258,#7241,#7242);
#6629=AXIS2_PLACEMENT_3D('',#9260,#7244,#7245);
#6630=AXIS2_PLACEMENT_3D('',#9269,#7250,#7251);
#6631=AXIS2_PLACEMENT_3D('',#9278,#7256,#7257);
#6632=AXIS2_PLACEMENT_3D('',#9279,#7258,#7259);
#6633=AXIS2_PLACEMENT_3D('',#9280,#7260,#7261);
#6634=AXIS2_PLACEMENT_3D('',#9281,#7262,#7263);
#6635=AXIS2_PLACEMENT_3D('',#9282,#7264,#7265);
#6636=AXIS2_PLACEMENT_3D('',#9283,#7266,#7267);
#6637=AXIS2_PLACEMENT_3D('',#9284,#7268,#7269);
#6638=AXIS2_PLACEMENT_3D('',#9285,#7270,#7271);
#6639=AXIS2_PLACEMENT_3D('',#9286,#7272,#7273);
#6640=AXIS2_PLACEMENT_3D('',#9287,#7274,#7275);
#6641=AXIS2_PLACEMENT_3D('',#9288,#7276,#7277);
#6642=AXIS2_PLACEMENT_3D('',#9289,#7278,#7279);
#6643=AXIS2_PLACEMENT_3D('',#9290,#7280,#7281);
#6644=AXIS2_PLACEMENT_3D('',#9291,#7282,#7283);
#6645=AXIS2_PLACEMENT_3D('',#9292,#7284,#7285);
#6646=AXIS2_PLACEMENT_3D('',#9293,#7286,#7287);
#6647=AXIS2_PLACEMENT_3D('',#9294,#7288,#7289);
#6648=AXIS2_PLACEMENT_3D('',#9295,#7290,#7291);
#6649=AXIS2_PLACEMENT_3D('',#9296,#7292,#7293);
#6650=AXIS2_PLACEMENT_3D('',#9297,#7294,#7295);
#6651=AXIS2_PLACEMENT_3D('',#9298,#7296,#7297);
#6652=AXIS2_PLACEMENT_3D('',#9299,#7298,#7299);
#6653=AXIS2_PLACEMENT_3D('',#9300,#7300,#7301);
#6654=AXIS2_PLACEMENT_3D('',#9301,#7302,#7303);
#6655=AXIS2_PLACEMENT_3D('',#9302,#7304,#7305);
#6656=AXIS2_PLACEMENT_3D('',#9303,#7306,#7307);
#6657=AXIS2_PLACEMENT_3D('',#9304,#7308,#7309);
#6658=AXIS2_PLACEMENT_3D('',#9305,#7310,#7311);
#6659=AXIS2_PLACEMENT_3D('',#9306,#7312,#7313);
#6660=AXIS2_PLACEMENT_3D('',#9307,#7314,#7315);
#6661=AXIS2_PLACEMENT_3D('',#9308,#7316,#7317);
#6662=AXIS2_PLACEMENT_3D('',#9309,#7318,#7319);
#6663=AXIS2_PLACEMENT_3D('',#9310,#7320,#7321);
#6664=AXIS2_PLACEMENT_3D('',#9311,#7322,#7323);
#6665=AXIS2_PLACEMENT_3D('',#9312,#7324,#7325);
#6666=AXIS2_PLACEMENT_3D('',#9313,#7326,#7327);
#6667=AXIS2_PLACEMENT_3D('',#9314,#7328,#7329);
#6668=AXIS2_PLACEMENT_3D('',#9388,#7335,#7336);
#6669=AXIS2_PLACEMENT_3D('',#9405,#7337,#7338);
#6670=AXIS2_PLACEMENT_3D('',#9409,#7340,#7341);
#6671=AXIS2_PLACEMENT_3D('',#9418,#7343,#7344);
#6672=AXIS2_PLACEMENT_3D('',#9422,#7346,#7347);
#6673=AXIS2_PLACEMENT_3D('',#9444,#7348,#7349);
#6674=AXIS2_PLACEMENT_3D('',#9445,#7350,#7351);
#6675=AXIS2_PLACEMENT_3D('',#9446,#7352,#7353);
#6676=AXIS2_PLACEMENT_3D('',#9451,#7356,#7357);
#6677=AXIS2_PLACEMENT_3D('',#9455,#7360,#7361);
#6678=AXIS2_PLACEMENT_3D('',#9456,#7362,#7363);
#6679=AXIS2_PLACEMENT_3D('',#9513,#7368,#7369);
#6680=AXIS2_PLACEMENT_3D('',#9516,#7372,#7373);
#6681=AXIS2_PLACEMENT_3D('',#9518,#7375,#7376);
#6682=AXIS2_PLACEMENT_3D('',#9520,#7378,#7379);
#6683=AXIS2_PLACEMENT_3D('',#9522,#7381,#7382);
#6684=AXIS2_PLACEMENT_3D('',#9559,#7387,#7388);
#6685=AXIS2_PLACEMENT_3D('',#9560,#7389,#7390);
#6686=AXIS2_PLACEMENT_3D('',#9673,#7399,#7400);
#6687=AXIS2_PLACEMENT_3D('',#9674,#7401,#7402);
#6688=AXIS2_PLACEMENT_3D('',#9679,#7404,#7405);
#6689=AXIS2_PLACEMENT_3D('',#9682,#7407,#7408);
#6690=AXIS2_PLACEMENT_3D('',#9685,#7411,#7412);
#6691=AXIS2_PLACEMENT_3D('',#9687,#7414,#7415);
#6692=AXIS2_PLACEMENT_3D('',#9689,#7417,#7418);
#6693=AXIS2_PLACEMENT_3D('',#9690,#7419,#7420);
#6694=AXIS2_PLACEMENT_3D('',#9691,#7421,#7422);
#6695=AXIS2_PLACEMENT_3D('',#9696,#7424,#7425);
#6696=AXIS2_PLACEMENT_3D('',#9700,#7427,#7428);
#6697=AXIS2_PLACEMENT_3D('',#9702,#7429,#7430);
#6698=AXIS2_PLACEMENT_3D('',#9704,#7431,#7432);
#6699=AXIS2_PLACEMENT_3D('',#9708,#7434,#7435);
#6700=AXIS2_PLACEMENT_3D('',#9745,#7439,#7440);
#6701=AXIS2_PLACEMENT_3D('',#9748,#7443,#7444);
#6702=AXIS2_PLACEMENT_3D('',#9750,#7446,#7447);
#6703=AXIS2_PLACEMENT_3D('',#9752,#7449,#7450);
#6704=AXIS2_PLACEMENT_3D('',#9754,#7452,#7453);
#6705=AXIS2_PLACEMENT_3D('',#9756,#7455,#7456);
#6706=AXIS2_PLACEMENT_3D('',#9758,#7458,#7459);
#6707=AXIS2_PLACEMENT_3D('',#9760,#7461,#7462);
#6708=AXIS2_PLACEMENT_3D('',#9762,#7464,#7465);
#6709=AXIS2_PLACEMENT_3D('',#9764,#7467,#7468);
#6710=AXIS2_PLACEMENT_3D('',#9766,#7470,#7471);
#6711=AXIS2_PLACEMENT_3D('',#9795,#7476,#7477);
#6712=AXIS2_PLACEMENT_3D('',#9823,#7481,#7482);
#6713=AXIS2_PLACEMENT_3D('',#9855,#7483,#7484);
#6714=AXIS2_PLACEMENT_3D('',#9968,#7488,#7489);
#6715=AXIS2_PLACEMENT_3D('',#9970,#7491,#7492);
#6716=AXIS2_PLACEMENT_3D('',#9972,#7494,#7495);
#6717=AXIS2_PLACEMENT_3D('',#9983,#7498,#7499);
#6718=AXIS2_PLACEMENT_3D('',#9994,#7502,#7503);
#6719=AXIS2_PLACEMENT_3D('',#9996,#7505,#7506);
#6720=AXIS2_PLACEMENT_3D('',#9998,#7508,#7509);
#6721=AXIS2_PLACEMENT_3D('',#10027,#7514,#7515);
#6722=AXIS2_PLACEMENT_3D('',#10047,#7519,#7520);
#6723=AXIS2_PLACEMENT_3D('',#10049,#7522,#7523);
#6724=AXIS2_PLACEMENT_3D('',#10069,#7527,#7528);
#6725=AXIS2_PLACEMENT_3D('',#10080,#7531,#7532);
#6726=AXIS2_PLACEMENT_3D('',#10126,#7538,#7539);
#6727=AXIS2_PLACEMENT_3D('',#10127,#7540,#7541);
#6728=AXIS2_PLACEMENT_3D('',#10132,#7543,#7544);
#6729=AXIS2_PLACEMENT_3D('',#10134,#7545,#7546);
#6730=AXIS2_PLACEMENT_3D('',#10136,#7547,#7548);
#6731=AXIS2_PLACEMENT_3D('',#10203,#7550,#7551);
#6732=AXIS2_PLACEMENT_3D('',#10205,#7552,#7553);
#6733=AXIS2_PLACEMENT_3D('',#10206,#7554,#7555);
#6734=AXIS2_PLACEMENT_3D('',#10209,#7558,#7559);
#6735=AXIS2_PLACEMENT_3D('',#10211,#7561,#7562);
#6736=AXIS2_PLACEMENT_3D('',#10213,#7564,#7565);
#6737=AXIS2_PLACEMENT_3D('',#10215,#7567,#7568);
#6738=AXIS2_PLACEMENT_3D('',#10217,#7570,#7571);
#6739=AXIS2_PLACEMENT_3D('',#10219,#7573,#7574);
#6740=AXIS2_PLACEMENT_3D('',#10221,#7576,#7577);
#6741=AXIS2_PLACEMENT_3D('',#10241,#7581,#7582);
#6742=AXIS2_PLACEMENT_3D('',#10243,#7584,#7585);
#6743=AXIS2_PLACEMENT_3D('',#10245,#7587,#7588);
#6744=AXIS2_PLACEMENT_3D('',#10292,#7595,#7596);
#6745=AXIS2_PLACEMENT_3D('',#10294,#7598,#7599);
#6746=AXIS2_PLACEMENT_3D('',#10295,#7600,#7601);
#6747=AXIS2_PLACEMENT_3D('',#10296,#7602,#7603);
#6748=AXIS2_PLACEMENT_3D('',#10301,#7605,#7606);
#6749=AXIS2_PLACEMENT_3D('',#10304,#7608,#7609);
#6750=AXIS2_PLACEMENT_3D('',#10307,#7612,#7613);
#6751=AXIS2_PLACEMENT_3D('',#10309,#7615,#7616);
#6752=AXIS2_PLACEMENT_3D('',#10311,#7618,#7619);
#6753=AXIS2_PLACEMENT_3D('',#10312,#7620,#7621);
#6754=AXIS2_PLACEMENT_3D('',#10326,#7623,#7624);
#6755=AXIS2_PLACEMENT_3D('',#10350,#7626,#7627);
#6756=AXIS2_PLACEMENT_3D('',#10368,#7628,#7629);
#6757=AXIS2_PLACEMENT_3D('',#10370,#7630,#7631);
#6758=AXIS2_PLACEMENT_3D('',#10372,#7632,#7633);
#6759=AXIS2_PLACEMENT_3D('',#10376,#7635,#7636);
#6760=AXIS2_PLACEMENT_3D('',#10402,#7639,#7640);
#6761=AXIS2_PLACEMENT_3D('',#10443,#7646,#7647);
#6762=AXIS2_PLACEMENT_3D('',#10445,#7649,#7650);
#6763=AXIS2_PLACEMENT_3D('',#10447,#7652,#7653);
#6764=AXIS2_PLACEMENT_3D('',#10467,#7657,#7658);
#6765=AXIS2_PLACEMENT_3D('',#10469,#7660,#7661);
#6766=AXIS2_PLACEMENT_3D('',#10471,#7663,#7664);
#6767=AXIS2_PLACEMENT_3D('',#10482,#7667,#7668);
#6768=AXIS2_PLACEMENT_3D('',#10484,#7670,#7671);
#6769=AXIS2_PLACEMENT_3D('',#10486,#7673,#7674);
#6770=AXIS2_PLACEMENT_3D('',#10488,#7676,#7677);
#6771=AXIS2_PLACEMENT_3D('',#10490,#7679,#7680);
#6772=AXIS2_PLACEMENT_3D('',#10492,#7682,#7683);
#6773=AXIS2_PLACEMENT_3D('',#10494,#7685,#7686);
#6774=AXIS2_PLACEMENT_3D('',#10496,#7688,#7689);
#6775=AXIS2_PLACEMENT_3D('',#10534,#7695,#7696);
#6776=AXIS2_PLACEMENT_3D('',#10536,#7698,#7699);
#6777=AXIS2_PLACEMENT_3D('',#10538,#7701,#7702);
#6778=AXIS2_PLACEMENT_3D('',#10548,#7704,#7705);
#6779=AXIS2_PLACEMENT_3D('',#10565,#7706,#7707);
#6780=AXIS2_PLACEMENT_3D('',#10569,#7709,#7710);
#6781=AXIS2_PLACEMENT_3D('',#10601,#7711,#7712);
#6782=AXIS2_PLACEMENT_3D('',#10605,#7714,#7715);
#6783=AXIS2_PLACEMENT_3D('',#10609,#7717,#7718);
#6784=AXIS2_PLACEMENT_3D('',#10611,#7719,#7720);
#6785=AXIS2_PLACEMENT_3D('',#10613,#7721,#7722);
#6786=AXIS2_PLACEMENT_3D('',#10614,#7723,#7724);
#6787=AXIS2_PLACEMENT_3D('',#10615,#7725,#7726);
#6788=AXIS2_PLACEMENT_3D('',#10620,#7729,#7730);
#6789=AXIS2_PLACEMENT_3D('',#10624,#7733,#7734);
#6790=AXIS2_PLACEMENT_3D('',#10625,#7735,#7736);
#6791=AXIS2_PLACEMENT_3D('',#10682,#7741,#7742);
#6792=AXIS2_PLACEMENT_3D('',#10685,#7745,#7746);
#6793=AXIS2_PLACEMENT_3D('',#10696,#7749,#7750);
#6794=AXIS2_PLACEMENT_3D('',#10716,#7754,#7755);
#6795=AXIS2_PLACEMENT_3D('',#10718,#7757,#7758);
#6796=AXIS2_PLACEMENT_3D('',#10720,#7760,#7761);
#6797=AXIS2_PLACEMENT_3D('',#10722,#7763,#7764);
#6798=AXIS2_PLACEMENT_3D('',#10724,#7766,#7767);
#6799=AXIS2_PLACEMENT_3D('',#10726,#7769,#7770);
#6800=AXIS2_PLACEMENT_3D('',#10727,#7771,#7772);
#6801=AXIS2_PLACEMENT_3D('',#10728,#7773,#7774);
#6802=AXIS2_PLACEMENT_3D('',#10740,#7775,#7776);
#6803=AXIS2_PLACEMENT_3D('',#10755,#7778,#7779);
#6804=AXIS2_PLACEMENT_3D('',#10787,#7780,#7781);
#6805=AXIS2_PLACEMENT_3D('',#10789,#7782,#7783);
#6806=AXIS2_PLACEMENT_3D('',#10791,#7784,#7785);
#6807=AXIS2_PLACEMENT_3D('',#10816,#7787,#7788);
#6808=AXIS2_PLACEMENT_3D('',#10829,#7790,#7791);
#6809=AXIS2_PLACEMENT_3D('',#10832,#7794,#7795);
#6810=AXIS2_PLACEMENT_3D('',#10834,#7797,#7798);
#6811=AXIS2_PLACEMENT_3D('',#10836,#7800,#7801);
#6812=AXIS2_PLACEMENT_3D('',#10892,#7809,#7810);
#6813=AXIS2_PLACEMENT_3D('',#10894,#7812,#7813);
#6814=AXIS2_PLACEMENT_3D('',#10914,#7817,#7818);
#6815=AXIS2_PLACEMENT_3D('',#11001,#7827,#7828);
#6816=AXIS2_PLACEMENT_3D('',#11002,#7829,#7830);
#6817=AXIS2_PLACEMENT_3D('',#11005,#7832,#7833);
#6818=AXIS2_PLACEMENT_3D('',#11021,#7836,#7837);
#6819=AXIS2_PLACEMENT_3D('',#11215,#7843,#7844);
#6820=AXIS2_PLACEMENT_3D('',#11235,#7848,#7849);
#6821=AXIS2_PLACEMENT_3D('',#11273,#7855,#7856);
#6822=AXIS2_PLACEMENT_3D('',#11293,#7860,#7861);
#6823=AXIS2_PLACEMENT_3D('',#11393,#7869,#7870);
#6824=AXIS2_PLACEMENT_3D('',#11430,#7875,#7876);
#6825=AXIS2_PLACEMENT_3D('',#11491,#7881,#7882);
#6826=AXIS2_PLACEMENT_3D('',#11492,#7883,#7884);
#6827=AXIS2_PLACEMENT_3D('',#11506,#7886,#7887);
#6828=AXIS2_PLACEMENT_3D('',#11510,#7889,#7890);
#6829=AXIS2_PLACEMENT_3D('',#11512,#7891,#7892);
#6830=AXIS2_PLACEMENT_3D('',#11514,#7893,#7894);
#6831=AXIS2_PLACEMENT_3D('',#11516,#7895,#7896);
#6832=AXIS2_PLACEMENT_3D('',#11518,#7897,#7898);
#6833=AXIS2_PLACEMENT_3D('',#11522,#7900,#7901);
#6834=AXIS2_PLACEMENT_3D('',#11531,#7903,#7904);
#6835=AXIS2_PLACEMENT_3D('',#11533,#7905,#7906);
#6836=AXIS2_PLACEMENT_3D('',#11535,#7907,#7908);
#6837=AXIS2_PLACEMENT_3D('',#11537,#7909,#7910);
#6838=AXIS2_PLACEMENT_3D('',#11539,#7911,#7912);
#6839=AXIS2_PLACEMENT_3D('',#11540,#7913,#7914);
#6840=AXIS2_PLACEMENT_3D('',#11543,#7917,#7918);
#6841=AXIS2_PLACEMENT_3D('',#11545,#7920,#7921);
#6842=AXIS2_PLACEMENT_3D('',#11547,#7923,#7924);
#6843=AXIS2_PLACEMENT_3D('',#11549,#7926,#7927);
#6844=AXIS2_PLACEMENT_3D('',#11551,#7929,#7930);
#6845=AXIS2_PLACEMENT_3D('',#11553,#7932,#7933);
#6846=AXIS2_PLACEMENT_3D('',#11555,#7935,#7936);
#6847=AXIS2_PLACEMENT_3D('',#11557,#7938,#7939);
#6848=AXIS2_PLACEMENT_3D('',#11559,#7941,#7942);
#6849=AXIS2_PLACEMENT_3D('',#11561,#7944,#7945);
#6850=AXIS2_PLACEMENT_3D('',#11563,#7947,#7948);
#6851=AXIS2_PLACEMENT_3D('',#11565,#7950,#7951);
#6852=AXIS2_PLACEMENT_3D('',#11567,#7953,#7954);
#6853=AXIS2_PLACEMENT_3D('',#11578,#7957,#7958);
#6854=AXIS2_PLACEMENT_3D('',#11580,#7960,#7961);
#6855=AXIS2_PLACEMENT_3D('',#11582,#7963,#7964);
#6856=AXIS2_PLACEMENT_3D('',#11584,#7966,#7967);
#6857=AXIS2_PLACEMENT_3D('',#11585,#7968,#7969);
#6858=AXIS2_PLACEMENT_3D('',#11586,#7970,#7971);
#6859=AXIS2_PLACEMENT_3D('',#11589,#7972,#7973);
#6860=AXIS2_PLACEMENT_3D('',#11596,#7974,#7975);
#6861=AXIS2_PLACEMENT_3D('',#11598,#7976,#7977);
#6862=AXIS2_PLACEMENT_3D('',#11602,#7979,#7980);
#6863=AXIS2_PLACEMENT_3D('',#11606,#7982,#7983);
#6864=AXIS2_PLACEMENT_3D('',#11608,#7984,#7985);
#6865=AXIS2_PLACEMENT_3D('',#11609,#7986,#7987);
#6866=AXIS2_PLACEMENT_3D('',#11612,#7990,#7991);
#6867=AXIS2_PLACEMENT_3D('',#11614,#7993,#7994);
#6868=AXIS2_PLACEMENT_3D('',#11616,#7996,#7997);
#6869=AXIS2_PLACEMENT_3D('',#11618,#7999,#8000);
#6870=AXIS2_PLACEMENT_3D('',#11620,#8002,#8003);
#6871=AXIS2_PLACEMENT_3D('',#11622,#8005,#8006);
#6872=AXIS2_PLACEMENT_3D('',#11624,#8008,#8009);
#6873=AXIS2_PLACEMENT_3D('',#11626,#8011,#8012);
#6874=AXIS2_PLACEMENT_3D('',#11628,#8014,#8015);
#6875=AXIS2_PLACEMENT_3D('',#11629,#8016,#8017);
#6876=AXIS2_PLACEMENT_3D('',#11630,#8018,#8019);
#6877=AXIS2_PLACEMENT_3D('',#11633,#8020,#8021);
#6878=AXIS2_PLACEMENT_3D('',#11640,#8022,#8023);
#6879=AXIS2_PLACEMENT_3D('',#11642,#8024,#8025);
#6880=AXIS2_PLACEMENT_3D('',#11646,#8027,#8028);
#6881=AXIS2_PLACEMENT_3D('',#11650,#8030,#8031);
#6882=AXIS2_PLACEMENT_3D('',#11652,#8032,#8033);
#6883=AXIS2_PLACEMENT_3D('',#11653,#8034,#8035);
#6884=AXIS2_PLACEMENT_3D('',#11656,#8038,#8039);
#6885=AXIS2_PLACEMENT_3D('',#11658,#8041,#8042);
#6886=AXIS2_PLACEMENT_3D('',#11660,#8044,#8045);
#6887=AXIS2_PLACEMENT_3D('',#11662,#8047,#8048);
#6888=AXIS2_PLACEMENT_3D('',#11664,#8050,#8051);
#6889=AXIS2_PLACEMENT_3D('',#11666,#8053,#8054);
#6890=AXIS2_PLACEMENT_3D('',#11668,#8056,#8057);
#6891=AXIS2_PLACEMENT_3D('',#11670,#8059,#8060);
#6892=AXIS2_PLACEMENT_3D('',#11672,#8062,#8063);
#6893=AXIS2_PLACEMENT_3D('',#11673,#8064,#8065);
#6894=AXIS2_PLACEMENT_3D('',#11674,#8066,#8067);
#6895=AXIS2_PLACEMENT_3D('',#11677,#8068,#8069);
#6896=AXIS2_PLACEMENT_3D('',#11679,#8070,#8071);
#6897=AXIS2_PLACEMENT_3D('',#11681,#8072,#8073);
#6898=AXIS2_PLACEMENT_3D('',#11683,#8074,#8075);
#6899=AXIS2_PLACEMENT_3D('',#11685,#8076,#8077);
#6900=AXIS2_PLACEMENT_3D('',#11687,#8078,#8079);
#6901=AXIS2_PLACEMENT_3D('',#11689,#8080,#8081);
#6902=AXIS2_PLACEMENT_3D('',#11691,#8082,#8083);
#6903=AXIS2_PLACEMENT_3D('',#11693,#8084,#8085);
#6904=AXIS2_PLACEMENT_3D('',#11695,#8086,#8087);
#6905=AXIS2_PLACEMENT_3D('',#11697,#8088,#8089);
#6906=AXIS2_PLACEMENT_3D('',#11698,#8090,#8091);
#6907=AXIS2_PLACEMENT_3D('',#11701,#8094,#8095);
#6908=AXIS2_PLACEMENT_3D('',#11703,#8097,#8098);
#6909=AXIS2_PLACEMENT_3D('',#11705,#8100,#8101);
#6910=AXIS2_PLACEMENT_3D('',#11707,#8103,#8104);
#6911=AXIS2_PLACEMENT_3D('',#11709,#8106,#8107);
#6912=AXIS2_PLACEMENT_3D('',#11711,#8109,#8110);
#6913=AXIS2_PLACEMENT_3D('',#11713,#8112,#8113);
#6914=AXIS2_PLACEMENT_3D('',#11715,#8115,#8116);
#6915=AXIS2_PLACEMENT_3D('',#11717,#8118,#8119);
#6916=AXIS2_PLACEMENT_3D('',#11719,#8121,#8122);
#6917=AXIS2_PLACEMENT_3D('',#11721,#8124,#8125);
#6918=AXIS2_PLACEMENT_3D('',#11722,#8126,#8127);
#6919=AXIS2_PLACEMENT_3D('',#11994,#8144,#8145);
#6920=AXIS2_PLACEMENT_3D('',#12107,#8154,#8155);
#6921=AXIS2_PLACEMENT_3D('',#12108,#8156,#8157);
#6922=AXIS2_PLACEMENT_3D('',#12111,#8158,#8159);
#6923=AXIS2_PLACEMENT_3D('',#12115,#8161,#8162);
#6924=AXIS2_PLACEMENT_3D('',#12119,#8164,#8165);
#6925=AXIS2_PLACEMENT_3D('',#12123,#8167,#8168);
#6926=AXIS2_PLACEMENT_3D('',#12127,#8170,#8171);
#6927=AXIS2_PLACEMENT_3D('',#12130,#8173,#8174);
#6928=AXIS2_PLACEMENT_3D('',#12145,#8176,#8177);
#6929=AXIS2_PLACEMENT_3D('',#12147,#8178,#8179);
#6930=AXIS2_PLACEMENT_3D('',#12153,#8180,#8181);
#6931=AXIS2_PLACEMENT_3D('',#12156,#8184,#8185);
#6932=AXIS2_PLACEMENT_3D('',#12158,#8187,#8188);
#6933=AXIS2_PLACEMENT_3D('',#12160,#8190,#8191);
#6934=AXIS2_PLACEMENT_3D('',#12162,#8193,#8194);
#6935=AXIS2_PLACEMENT_3D('',#12164,#8196,#8197);
#6936=AXIS2_PLACEMENT_3D('',#12166,#8199,#8200);
#6937=AXIS2_PLACEMENT_3D('',#12168,#8202,#8203);
#6938=AXIS2_PLACEMENT_3D('',#12170,#8205,#8206);
#6939=AXIS2_PLACEMENT_3D('',#12172,#8208,#8209);
#6940=AXIS2_PLACEMENT_3D('',#12174,#8211,#8212);
#6941=AXIS2_PLACEMENT_3D('',#12175,#8213,#8214);
#6942=AXIS2_PLACEMENT_3D('',#12184,#8217,#8218);
#6943=AXIS2_PLACEMENT_3D('',#12185,#8219,#8220);
#6944=AXIS2_PLACEMENT_3D('',#12188,#8222,#8223);
#6945=AXIS2_PLACEMENT_3D('',#12195,#8225,#8226);
#6946=AXIS2_PLACEMENT_3D('',#12202,#8228,#8229);
#6947=AXIS2_PLACEMENT_3D('',#12206,#8232,#8233);
#6948=AXIS2_PLACEMENT_3D('',#12207,#8234,#8235);
#6949=AXIS2_PLACEMENT_3D('',#12210,#8237,#8238);
#6950=AXIS2_PLACEMENT_3D('',#12211,#8239,#8240);
#6951=AXIS2_PLACEMENT_3D('',#12212,#8241,#8242);
#6952=AXIS2_PLACEMENT_3D('',#12213,#8243,#8244);
#6953=AXIS2_PLACEMENT_3D('',#12214,#8245,#8246);
#6954=AXIS2_PLACEMENT_3D('',#12215,#8247,#8248);
#6955=AXIS2_PLACEMENT_3D('',#12216,#8249,#8250);
#6956=AXIS2_PLACEMENT_3D('',#12217,#8251,#8252);
#6957=AXIS2_PLACEMENT_3D('',#12221,#8254,#8255);
#6958=AXIS2_PLACEMENT_3D('',#12225,#8257,#8258);
#6959=AXIS2_PLACEMENT_3D('',#12226,#8259,#8260);
#6960=AXIS2_PLACEMENT_3D('',#12227,#8261,#8262);
#6961=AXIS2_PLACEMENT_3D('',#12231,#8264,#8265);
#6962=AXIS2_PLACEMENT_3D('',#12234,#8267,#8268);
#6963=AXIS2_PLACEMENT_3D('',#12236,#8269,#8270);
#6964=AXIS2_PLACEMENT_3D('',#12239,#8272,#8273);
#6965=AXIS2_PLACEMENT_3D('',#12242,#8275,#8276);
#6966=AXIS2_PLACEMENT_3D('',#12244,#8277,#8278);
#6967=AXIS2_PLACEMENT_3D('',#12246,#8279,#8280);
#6968=AXIS2_PLACEMENT_3D('',#12247,#8281,#8282);
#6969=AXIS2_PLACEMENT_3D('',#12249,#8284,#8285);
#6970=AXIS2_PLACEMENT_3D('',#12251,#8287,#8288);
#6971=AXIS2_PLACEMENT_3D('',#12252,#8289,#8290);
#6972=DIRECTION('',(0.,0.,1.));
#6973=DIRECTION('',(1.,0.,0.));
#6974=DIRECTION('',(0.,0.,-1.));
#6975=DIRECTION('',(-1.,0.,0.));
#6976=DIRECTION('',(0.,0.,-1.));
#6977=DIRECTION('',(0.,0.,-1.));
#6978=DIRECTION('',(-1.,0.,0.));
#6979=DIRECTION('',(0.,0.,-1.));
#6980=DIRECTION('',(0.,0.,1.));
#6981=DIRECTION('',(1.,0.,0.));
#6982=DIRECTION('',(0.,0.,-1.));
#6983=DIRECTION('',(0.,0.,1.));
#6984=DIRECTION('',(1.,0.,0.));
#6985=DIRECTION('',(0.,0.,-1.));
#6986=DIRECTION('',(0.,0.,1.));
#6987=DIRECTION('',(1.,0.,0.));
#6988=DIRECTION('',(0.,0.,-1.));
#6989=DIRECTION('',(0.79508532795266,0.228205946781321,-0.561926478400913));
#6990=DIRECTION('',(-0.540118982107502,-0.155025327915175,-0.827187181278789));
#6991=DIRECTION('',(0.,0.,-1.));
#6992=DIRECTION('',(-1.,0.,0.));
#6993=DIRECTION('',(0.739379957130702,0.443470507851832,-0.506607528229733));
#6994=DIRECTION('',(-0.434453186489208,-0.260579386000529,-0.862176787173582));
#6995=DIRECTION('',(3.71913218594826E-19,2.23068724458136E-19,-1.));
#6996=DIRECTION('',(-1.,0.,-3.71913218594826E-19));
#6997=DIRECTION('',(-0.724658226593443,-0.434640604829911,0.534750408380896));
#6998=DIRECTION('',(-0.458587774463812,-0.275054998819988,-0.845010059547497));
#6999=DIRECTION('',(-0.712304685238765,-0.42723111096212,-0.556862292863305));
#7000=DIRECTION('',(0.477550340429289,0.286428499924235,-0.83060483190686));
#7001=DIRECTION('',(-3.71913218594826E-19,-2.23068724458136E-19,1.));
#7002=DIRECTION('',(1.,0.,3.71913218594826E-19));
#7003=DIRECTION('',(0.730432153346899,0.438103731203516,0.523959912648448));
#7004=DIRECTION('',(0.449334131370228,0.269504783720682,-0.851742924794466));
#7005=DIRECTION('',(-0.730620781546021,-0.438216867950669,0.523602186986062));
#7006=DIRECTION('',(-0.449027355325159,-0.269320783428016,-0.851962880519693));
#7007=DIRECTION('',(-3.71913218594826E-19,-2.23068724458136E-19,1.));
#7008=DIRECTION('',(1.,0.,3.71913218594826E-19));
#7009=DIRECTION('',(0.721173384982363,0.432550442033172,-0.541118345549278));
#7010=DIRECTION('',(-0.464048748570994,-0.278330420255641,-0.840946452581859));
#7011=DIRECTION('',(0.721912421696403,0.432993706668271,0.53977671808453));
#7012=DIRECTION('',(0.462898204422592,0.27764033879904,-0.841808229119848));
#7013=DIRECTION('',(3.71913218594826E-19,2.23068724458136E-19,-1.));
#7014=DIRECTION('',(-1.,0.,-3.71913218594826E-19));
#7015=DIRECTION('',(-0.735836695514441,-0.441345305493747,-0.513574414133939));
#7016=DIRECTION('',(0.440427803154629,0.264162883580199,-0.858045057760361));
#7017=DIRECTION('',(0.403891588280928,0.667382871784256,0.625676983246874));
#7018=DIRECTION('',(0.32394747011861,0.535284712997355,-0.780082247352862));
#7019=DIRECTION('',(0.322498591416745,0.532890613053276,-0.782318511256074));
#7020=DIRECTION('',(-0.405049425397141,-0.669296060080564,-0.622878597277255));
#7021=DIRECTION('',(0.,0.,-1.));
#7022=DIRECTION('',(-1.,0.,0.));
#7023=DIRECTION('',(0.,0.,-1.));
#7024=DIRECTION('',(0.,0.,1.));
#7025=DIRECTION('',(1.,0.,0.));
#7026=DIRECTION('',(0.,0.,-1.));
#7027=DIRECTION('',(0.517617747835932,0.855301841039991,-0.023035360619251));
#7028=DIRECTION('',(-0.0119266762174178,-0.0197074156921658,-0.999734650875492));
#7029=DIRECTION('',(0.51749716617657,0.855102594171661,-0.0315632133997017));
#7030=DIRECTION('',(-0.0163420157739969,-0.027003239815947,-0.999501757657226));
#7031=DIRECTION('',(-0.324375591849927,-0.535992133302234,0.779418314161356));
#7032=DIRECTION('',(-0.403547833462587,-0.666814857781215,-0.626503863954461));
#7033=DIRECTION('',(0.779925635812885,-0.0156305865839505,0.625676983246874));
#7034=DIRECTION('',(0.625551370548717,-0.0125367527506384,-0.780082247352862));
#7035=DIRECTION('',(0.622753546391058,-0.0124806812090262,-0.782318511256074));
#7036=DIRECTION('',(-0.782161450757369,0.0156753948290841,-0.622878597277255));
#7037=DIRECTION('',(0.,0.,-1.));
#7038=DIRECTION('',(-1.,0.,0.));
#7039=DIRECTION('',(0.,0.,-1.));
#7040=DIRECTION('',(0.,0.,1.));
#7041=DIRECTION('',(1.,0.,0.));
#7042=DIRECTION('',(0.,0.,-1.));
#7043=DIRECTION('',(0.999533941291633,-0.0200317839234412,-0.023035360619251));
#7044=DIRECTION('',(-0.0230307359744617,0.000461561841553945,-0.999734650875492));
#7045=DIRECTION('',(0.999301094829675,-0.0200271174185627,-0.0315632133997017));
#7046=DIRECTION('',(-0.0315568766788316,0.000632435286901975,-0.999501757657226));
#7047=DIRECTION('',(-0.626378085249372,0.0125533210426851,0.779418314161356));
#7048=DIRECTION('',(-0.779261835914503,0.0156172832877006,-0.626503863954461));
#7049=DIRECTION('',(0.,0.,1.));
#7050=DIRECTION('',(1.,0.,0.));
#7051=DIRECTION('',(-0.942729321378105,-0.116046257964537,0.312721429752432));
#7052=DIRECTION('',(-0.310378742477196,-0.0382063979547861,-0.94984488595433));
#7053=DIRECTION('',(0.,0.,1.));
#7054=DIRECTION('',(1.,0.,0.));
#7055=DIRECTION('',(0.94882482066286,0.116796589864034,0.293411002333285));
#7056=DIRECTION('',(0.291212975091838,0.0358471676480015,-0.955986393056814));
#7057=DIRECTION('',(0.,0.,1.));
#7058=DIRECTION('',(1.,0.,0.));
#7059=DIRECTION('',(0.,0.,-1.));
#7060=DIRECTION('',(0.,0.,1.));
#7061=DIRECTION('',(1.,0.,0.));
#7062=DIRECTION('',(0.,0.,-1.));
#7063=DIRECTION('',(0.,0.,-1.));
#7064=DIRECTION('',(-1.,0.,0.));
#7065=DIRECTION('',(-0.948166059482629,-0.116715498963258,-0.295564909870811));
#7066=DIRECTION('',(0.293350747080917,0.0361103189408364,-0.955322659656443));
#7067=DIRECTION('',(0.,0.,-1.));
#7068=DIRECTION('',(-1.,0.,0.));
#7069=DIRECTION('',(0.942997075609058,0.116079217453387,-0.311900834670532));
#7070=DIRECTION('',(-0.309564294711961,-0.0381061426499812,-0.950114661149814));
#7071=DIRECTION('',(0.,0.,-1.));
#7072=DIRECTION('',(-1.,0.,0.));
#7073=DIRECTION('',(0.,0.,-1.));
#7074=DIRECTION('',(0.,0.,1.));
#7075=DIRECTION('',(1.,0.,0.));
#7076=DIRECTION('',(0.,0.,-1.));
#7077=DIRECTION('',(0.,0.,-1.));
#7078=DIRECTION('',(0.,0.,1.));
#7079=DIRECTION('',(1.,0.,0.));
#7080=DIRECTION('',(0.633755353152184,-0.683113131245777,0.362919553442));
#7081=DIRECTION('',(0.246831032280324,-0.266054587958881,-0.931820475053784));
#7082=DIRECTION('',(0.,0.,1.));
#7083=DIRECTION('',(1.,0.,0.));
#7084=DIRECTION('',(0.0212785313030129,-0.0229357339143801,-0.999510468287049));
#7085=DIRECTION('',(-0.679793078996253,0.732736341369929,-0.0312861596333673));
#7086=DIRECTION('',(0.,0.,-1.));
#7087=DIRECTION('',(0.610956340562138,-0.658538498775638,0.439385247314074));
#7088=DIRECTION('',(0.29883734049235,-0.322111222227214,-0.898298727842108));
#7089=DIRECTION('',(0.,0.,-1.));
#7090=DIRECTION('',(0.,0.,1.));
#7091=DIRECTION('',(1.,0.,0.));
#7092=DIRECTION('',(0.,0.,-1.));
#7093=DIRECTION('',(0.,0.,1.));
#7094=DIRECTION('',(1.,0.,0.));
#7095=DIRECTION('',(0.,0.,-1.));
#7096=DIRECTION('',(0.,0.,-1.));
#7097=DIRECTION('',(-1.,0.,0.));
#7098=DIRECTION('',(0.,0.,1.));
#7099=DIRECTION('',(1.,0.,0.));
#7100=DIRECTION('',(0.,0.,-1.));
#7101=DIRECTION('',(0.,0.,1.));
#7102=DIRECTION('',(1.,0.,0.));
#7103=DIRECTION('',(-2.65046476109218E-19,3.43262965152582E-19,1.));
#7104=DIRECTION('',(0.,-1.,3.43262965152582E-19));
#7105=DIRECTION('',(0.,0.,-1.));
#7106=DIRECTION('',(2.65046476109218E-19,-3.43262965152582E-19,-1.));
#7107=DIRECTION('',(0.,1.,-3.43262965152582E-19));
#7108=DIRECTION('',(0.,0.,-1.));
#7109=DIRECTION('',(0.,0.,1.));
#7110=DIRECTION('',(1.,0.,0.));
#7111=DIRECTION('',(0.,0.,-1.));
#7112=DIRECTION('',(0.,0.,-1.));
#7113=DIRECTION('',(0.,0.,-1.));
#7114=DIRECTION('',(0.,0.,1.));
#7115=DIRECTION('',(1.,0.,0.));
#7116=DIRECTION('',(0.,0.,-1.));
#7117=DIRECTION('',(0.429468527666432,-0.291896859315508,-0.854606931440279));
#7118=DIRECTION('',(-0.706805570610899,0.480394517682261,-0.51927544977038));
#7119=DIRECTION('',(0.774996741310327,-0.526742008308328,-0.349174609102215));
#7120=DIRECTION('',(-0.288786048591247,0.196279203637927,-0.937057678245216));
#7121=DIRECTION('',(0.,0.,-1.));
#7122=DIRECTION('',(-1.,0.,0.));
#7123=DIRECTION('',(0.,0.,-1.));
#7124=DIRECTION('',(0.,0.,-1.));
#7125=DIRECTION('',(-1.,0.,0.));
#7126=DIRECTION('',(0.,0.,-1.));
#7127=DIRECTION('',(0.,0.,-1.));
#7128=DIRECTION('',(-0.704681141245338,0.597688544119889,0.3823517927263));
#7129=DIRECTION('',(-0.291592196377382,0.247319397566851,-0.924016832421891));
#7130=DIRECTION('',(0.,0.,1.));
#7131=DIRECTION('',(1.,0.,0.));
#7132=DIRECTION('',(-0.77710748816571,-0.622423256447636,0.0932375550403419));
#7133=DIRECTION('',(-0.0727726075874245,-0.0582871276940931,-0.99564389132365));
#7134=DIRECTION('',(0.154419691603316,0.123682256021293,-0.980233267335189));
#7135=DIRECTION('',(-0.765079381125534,-0.612789359378238,-0.197845246618108));
#7136=DIRECTION('',(0.,0.,-1.));
#7137=DIRECTION('',(0.369612464080031,0.296040634043242,0.880764763936412));
#7138=DIRECTION('',(0.687443471839671,0.550606976360619,-0.473554041908668));
#7139=DIRECTION('',(0.778385859037567,0.623447165975117,-0.0736823295501951));
#7140=DIRECTION('',(-0.0575096081419509,-0.0460622476579554,-0.997281762749152));
#7141=DIRECTION('',(0.,0.,-1.));
#7142=DIRECTION('',(-1.,0.,0.));
#7143=DIRECTION('',(0.,0.,-1.));
#7144=DIRECTION('',(3.76617577044945E-19,-2.15030940690414E-19,1.));
#7145=DIRECTION('',(1.,0.,-3.76617577044945E-19));
#7146=DIRECTION('',(0.,0.,-1.));
#7147=DIRECTION('',(-3.76617577044945E-19,2.15030940690414E-19,-1.));
#7148=DIRECTION('',(-1.,0.,3.76617577044945E-19));
#7149=DIRECTION('',(0.,0.,-1.));
#7150=DIRECTION('',(0.,0.,-1.));
#7151=DIRECTION('',(0.,0.,1.));
#7152=DIRECTION('',(1.,0.,0.));
#7153=DIRECTION('',(0.,0.,-1.));
#7154=DIRECTION('',(0.,0.,-1.));
#7155=DIRECTION('',(0.,0.,1.));
#7156=DIRECTION('',(1.,0.,0.));
#7157=DIRECTION('',(0.,0.,-1.));
#7158=DIRECTION('',(0.,0.,-1.));
#7159=DIRECTION('',(-1.,0.,0.));
#7160=DIRECTION('',(-0.88952543060041,0.364637314318503,-0.275289188530434));
#7161=DIRECTION('',(0.254718691536582,-0.104415159357424,-0.961361463071125));
#7162=DIRECTION('',(0.,0.,-1.));
#7163=DIRECTION('',(-1.,0.,0.));
#7164=DIRECTION('',(0.,0.,-1.));
#7165=DIRECTION('',(-1.,0.,0.));
#7166=DIRECTION('',(0.,0.,-1.));
#7167=DIRECTION('',(0.,0.,1.));
#7168=DIRECTION('',(1.,0.,0.));
#7169=DIRECTION('',(0.,0.,-1.));
#7170=DIRECTION('',(-4.29262289983188E-19,6.17494365932921E-20,1.));
#7171=DIRECTION('',(1.,0.,4.29262289983188E-19));
#7172=DIRECTION('',(0.840353358198378,-0.12088494055712,0.528387229701107));
#7173=DIRECTION('',(0.523003715798306,-0.0752341529650985,-0.849003495569241));
#7174=DIRECTION('',(-4.29262289983188E-19,6.17494365932921E-20,1.));
#7175=DIRECTION('',(1.,0.,4.29262289983188E-19));
#7176=DIRECTION('',(0.,0.,-1.));
#7177=DIRECTION('',(-4.29262289983188E-19,6.17494365932921E-20,1.));
#7178=DIRECTION('',(1.,0.,4.29262289983188E-19));
#7179=DIRECTION('',(0.,0.,-1.));
#7180=DIRECTION('',(4.29262289983188E-19,-6.17494365932921E-20,-1.));
#7181=DIRECTION('',(-1.,0.,-4.29262289983188E-19));
#7182=DIRECTION('',(0.,0.,-1.));
#7183=DIRECTION('',(-1.,0.,0.));
#7184=DIRECTION('',(0.,0.,1.));
#7185=DIRECTION('',(1.,0.,0.));
#7186=DIRECTION('',(0.,0.,-1.));
#7187=DIRECTION('',(0.,0.,1.));
#7188=DIRECTION('',(1.,0.,0.));
#7189=DIRECTION('',(0.,0.,-1.));
#7190=DIRECTION('',(0.,0.,1.));
#7191=DIRECTION('',(1.,0.,0.));
#7192=DIRECTION('',(0.,0.,1.));
#7193=DIRECTION('',(1.,0.,0.));
#7194=DIRECTION('',(-8.13281860924775E-17,1.,0.));
#7195=DIRECTION('',(0.,0.,1.));
#7196=DIRECTION('',(1.,0.,0.));
#7197=DIRECTION('',(-8.13281860924775E-17,1.,0.));
#7198=DIRECTION('',(0.,0.,1.));
#7199=DIRECTION('',(1.,0.,0.));
#7200=DIRECTION('',(0.,0.,1.));
#7201=DIRECTION('',(1.,0.,0.));
#7202=DIRECTION('',(0.,0.,1.));
#7203=DIRECTION('',(1.,0.,0.));
#7204=DIRECTION('',(0.,0.,1.));
#7205=DIRECTION('',(1.,0.,0.));
#7206=DIRECTION('',(0.,0.,1.));
#7207=DIRECTION('',(1.,0.,0.));
#7208=DIRECTION('',(8.13281860924775E-17,-1.,0.));
#7209=DIRECTION('',(0.,0.,1.));
#7210=DIRECTION('',(1.,0.,0.));
#7211=DIRECTION('',(8.13281860924775E-17,-1.,0.));
#7212=DIRECTION('',(0.,0.,1.));
#7213=DIRECTION('',(1.,0.,0.));
#7214=DIRECTION('',(0.,0.,1.));
#7215=DIRECTION('',(1.,0.,0.));
#7216=DIRECTION('',(0.,0.,1.));
#7217=DIRECTION('',(1.,0.,0.));
#7218=DIRECTION('',(0.,0.,1.));
#7219=DIRECTION('',(1.,0.,0.));
#7220=DIRECTION('',(-8.13281860924775E-17,1.,0.));
#7221=DIRECTION('',(0.,0.,1.));
#7222=DIRECTION('',(1.,0.,0.));
#7223=DIRECTION('',(-8.13281860924775E-17,1.,0.));
#7224=DIRECTION('',(0.,0.,1.));
#7225=DIRECTION('',(1.,0.,0.));
#7226=DIRECTION('',(0.,0.,1.));
#7227=DIRECTION('',(1.,0.,0.));
#7228=DIRECTION('',(0.,0.,1.));
#7229=DIRECTION('',(1.,0.,0.));
#7230=DIRECTION('',(8.13281860924775E-17,-1.,0.));
#7231=DIRECTION('',(0.,0.,1.));
#7232=DIRECTION('',(1.,0.,0.));
#7233=DIRECTION('',(8.13281860924775E-17,-1.,0.));
#7234=DIRECTION('',(0.,0.,1.));
#7235=DIRECTION('',(1.,0.,0.));
#7236=DIRECTION('',(0.,0.,1.));
#7237=DIRECTION('',(1.,0.,0.));
#7238=DIRECTION('',(-1.,-8.13281860924775E-17,0.));
#7239=DIRECTION('',(8.13281860924775E-17,-1.,0.));
#7240=DIRECTION('',(0.,0.,1.));
#7241=DIRECTION('',(-1.,-8.13281860924775E-17,0.));
#7242=DIRECTION('',(8.13281860924775E-17,-1.,0.));
#7243=DIRECTION('',(0.,0.,1.));
#7244=DIRECTION('',(-1.,-8.13281860924775E-17,0.));
#7245=DIRECTION('',(8.13281860924775E-17,-1.,0.));
#7246=DIRECTION('',(0.,0.,1.));
#7247=DIRECTION('',(-8.13281860924775E-17,1.,0.));
#7248=DIRECTION('',(0.,0.,-1.));
#7249=DIRECTION('',(8.13281860924775E-17,-1.,0.));
#7250=DIRECTION('',(-1.,-8.13281860924775E-17,0.));
#7251=DIRECTION('',(8.13281860924775E-17,-1.,0.));
#7252=DIRECTION('',(0.,0.,1.));
#7253=DIRECTION('',(-8.13281860924775E-17,1.,0.));
#7254=DIRECTION('',(0.,0.,1.));
#7255=DIRECTION('',(8.13281860924775E-17,-1.,0.));
#7256=DIRECTION('',(0.,0.,1.));
#7257=DIRECTION('',(1.,0.,0.));
#7258=DIRECTION('',(0.,0.,1.));
#7259=DIRECTION('',(1.,0.,0.));
#7260=DIRECTION('',(0.,0.,1.));
#7261=DIRECTION('',(1.,0.,0.));
#7262=DIRECTION('',(0.,0.,1.));
#7263=DIRECTION('',(1.,0.,0.));
#7264=DIRECTION('',(0.,0.,1.));
#7265=DIRECTION('',(1.,0.,0.));
#7266=DIRECTION('',(0.,-1.,0.));
#7267=DIRECTION('',(0.,0.,-1.));
#7268=DIRECTION('',(0.,-1.,0.));
#7269=DIRECTION('',(0.,0.,-1.));
#7270=DIRECTION('',(-8.13281860924775E-17,1.,0.));
#7271=DIRECTION('',(-1.,-8.13281860924775E-17,0.));
#7272=DIRECTION('',(0.,-1.,0.));
#7273=DIRECTION('',(0.,0.,-1.));
#7274=DIRECTION('',(8.13281860924775E-17,-1.,0.));
#7275=DIRECTION('',(1.,8.13281860924775E-17,0.));
#7276=DIRECTION('',(0.,-1.,0.));
#7277=DIRECTION('',(0.,0.,-1.));
#7278=DIRECTION('',(0.,0.,1.));
#7279=DIRECTION('',(1.,0.,0.));
#7280=DIRECTION('',(-0.986013297183269,0.166666666666667,0.));
#7281=DIRECTION('',(-0.166666666666667,-0.986013297183269,0.));
#7282=DIRECTION('',(0.986013297183269,0.166666666666667,-2.76989048465621E-16));
#7283=DIRECTION('',(-0.166666666666667,0.986013297183269,0.));
#7284=DIRECTION('',(0.,0.,1.));
#7285=DIRECTION('',(1.,0.,0.));
#7286=DIRECTION('',(0.,0.,1.));
#7287=DIRECTION('',(1.,0.,0.));
#7288=DIRECTION('',(0.,0.,1.));
#7289=DIRECTION('',(1.,0.,0.));
#7290=DIRECTION('',(0.,0.,1.));
#7291=DIRECTION('',(1.,0.,0.));
#7292=DIRECTION('',(0.,0.,-1.));
#7293=DIRECTION('',(-1.,0.,0.));
#7294=DIRECTION('',(0.,0.,1.));
#7295=DIRECTION('',(1.,0.,0.));
#7296=DIRECTION('',(0.,0.,-1.));
#7297=DIRECTION('',(-1.,0.,0.));
#7298=DIRECTION('',(0.,0.,1.));
#7299=DIRECTION('',(1.,0.,0.));
#7300=DIRECTION('',(0.,0.,1.));
#7301=DIRECTION('',(1.,0.,0.));
#7302=DIRECTION('',(0.986013297183269,0.166666666666667,0.));
#7303=DIRECTION('',(-0.166666666666667,0.986013297183269,0.));
#7304=DIRECTION('',(-0.986013297183269,0.166666666666667,2.76989048465621E-16));
#7305=DIRECTION('',(-0.166666666666667,-0.986013297183269,0.));
#7306=DIRECTION('',(0.,0.,1.));
#7307=DIRECTION('',(1.,0.,0.));
#7308=DIRECTION('',(0.,-1.,0.));
#7309=DIRECTION('',(0.,0.,-1.));
#7310=DIRECTION('',(0.,0.,1.));
#7311=DIRECTION('',(1.,0.,0.));
#7312=DIRECTION('',(0.,-1.,0.));
#7313=DIRECTION('',(0.,0.,-1.));
#7314=DIRECTION('',(-8.13281860924775E-17,1.,0.));
#7315=DIRECTION('',(-1.,-8.13281860924775E-17,0.));
#7316=DIRECTION('',(0.,1.,0.));
#7317=DIRECTION('',(0.,0.,1.));
#7318=DIRECTION('',(8.13281860924775E-17,-1.,0.));
#7319=DIRECTION('',(1.,8.13281860924775E-17,0.));
#7320=DIRECTION('',(0.,1.,0.));
#7321=DIRECTION('',(0.,0.,1.));
#7322=DIRECTION('',(0.,0.,1.));
#7323=DIRECTION('',(1.,0.,0.));
#7324=DIRECTION('',(0.,0.,1.));
#7325=DIRECTION('',(1.,0.,0.));
#7326=DIRECTION('',(0.,0.,1.));
#7327=DIRECTION('',(1.,0.,0.));
#7328=DIRECTION('',(0.,0.,-1.));
#7329=DIRECTION('',(-1.,0.,0.));
#7330=DIRECTION('',(-0.49582757993815,-0.868420987178844,0.));
#7331=DIRECTION('',(-0.49582757993815,-0.868420987178844,0.));
#7332=DIRECTION('',(-0.49582757993815,-0.868420987178844,0.));
#7333=DIRECTION('',(-0.49582757993815,-0.868420987178844,0.));
#7334=DIRECTION('',(-0.49582757993815,-0.868420987178844,0.));
#7335=DIRECTION('',(0.,0.,-1.));
#7336=DIRECTION('',(-1.,0.,0.));
#7337=DIRECTION('',(0.,0.,-1.));
#7338=DIRECTION('',(-1.,0.,0.));
#7339=DIRECTION('',(0.,0.,-1.));
#7340=DIRECTION('',(0.,0.,1.));
#7341=DIRECTION('',(1.,0.,0.));
#7342=DIRECTION('',(0.,0.,-1.));
#7343=DIRECTION('',(0.,0.,1.));
#7344=DIRECTION('',(1.,0.,0.));
#7345=DIRECTION('',(0.,0.,-1.));
#7346=DIRECTION('',(0.,0.,1.));
#7347=DIRECTION('',(1.,0.,0.));
#7348=DIRECTION('',(0.,0.,-1.));
#7349=DIRECTION('',(-1.,0.,0.));
#7350=DIRECTION('',(0.,0.,1.));
#7351=DIRECTION('',(-0.532513417531782,0.846421561722421,0.));
#7352=DIRECTION('',(0.,0.,1.));
#7353=DIRECTION('',(1.,0.,0.));
#7354=DIRECTION('',(-0.846421561722421,-0.532513417531782,0.));
#7355=DIRECTION('',(-0.846421561722421,-0.532513417531782,0.));
#7356=DIRECTION('',(-0.532513417531782,0.846421561722421,0.));
#7357=DIRECTION('',(0.,0.,-1.));
#7358=DIRECTION('',(0.,0.,-1.));
#7359=DIRECTION('',(-0.846421561722421,-0.532513417531782,0.));
#7360=DIRECTION('',(0.,0.,-1.));
#7361=DIRECTION('',(0.532513417531782,-0.846421561722421,0.));
#7362=DIRECTION('',(0.,0.,-1.));
#7363=DIRECTION('',(-1.,0.,0.));
#7364=DIRECTION('',(-0.846421561722421,-0.532513417531782,0.));
#7365=DIRECTION('',(-0.846421561722421,-0.532513417531782,0.));
#7366=DIRECTION('',(-0.846421561722421,-0.532513417531782,0.));
#7367=DIRECTION('',(-0.846421561722421,-0.532513417531782,0.));
#7368=DIRECTION('',(0.,0.,-1.));
#7369=DIRECTION('',(0.532513417531782,-0.846421561722421,0.));
#7370=DIRECTION('',(-0.846421561722421,-0.532513417531782,0.));
#7371=DIRECTION('',(-0.846421561722421,-0.532513417531782,0.));
#7372=DIRECTION('',(0.532513417531782,-0.846421561722421,0.));
#7373=DIRECTION('',(0.,0.,1.));
#7374=DIRECTION('',(-0.846421561722421,-0.532513417531782,0.));
#7375=DIRECTION('',(0.,0.,1.));
#7376=DIRECTION('',(-0.532513417531782,0.846421561722421,0.));
#7377=DIRECTION('',(-0.846421561722421,-0.532513417531782,0.));
#7378=DIRECTION('',(-0.532513417531782,0.846421561722421,0.));
#7379=DIRECTION('',(0.,0.,-1.));
#7380=DIRECTION('',(-0.846421561722421,-0.532513417531782,0.));
#7381=DIRECTION('',(0.,0.,1.));
#7382=DIRECTION('',(-0.532513417531782,0.846421561722421,0.));
#7383=DIRECTION('',(-0.846421561722421,-0.532513417531782,0.));
#7384=DIRECTION('',(-0.846421561722421,-0.532513417531782,0.));
#7385=DIRECTION('',(-0.846421561722421,-0.532513417531782,0.));
#7386=DIRECTION('',(-0.846421561722421,-0.532513417531782,0.));
#7387=DIRECTION('',(0.,0.,-1.));
#7388=DIRECTION('',(-1.,0.,0.));
#7389=DIRECTION('',(0.,0.,-1.));
#7390=DIRECTION('',(-1.,0.,0.));
#7391=DIRECTION('',(0.812172975101307,-0.583416710863762,0.));
#7392=DIRECTION('',(0.812172975101307,-0.583416710863762,0.));
#7393=DIRECTION('',(0.812172975101307,-0.583416710863762,0.));
#7394=DIRECTION('',(0.812172975101307,-0.583416710863762,0.));
#7395=DIRECTION('',(0.812172975101307,-0.583416710863762,0.));
#7396=DIRECTION('',(0.812172975101307,-0.583416710863762,0.));
#7397=DIRECTION('',(0.812172975101307,-0.583416710863762,0.));
#7398=DIRECTION('',(0.812172975101307,-0.583416710863762,0.));
#7399=DIRECTION('',(0.,0.,-1.));
#7400=DIRECTION('',(-1.,0.,0.));
#7401=DIRECTION('',(-2.65046476109218E-19,3.43262965152582E-19,1.));
#7402=DIRECTION('',(0.,-1.,3.43262965152582E-19));
#7403=DIRECTION('',(0.,0.,-1.));
#7404=DIRECTION('',(2.65046476109218E-19,-3.43262965152582E-19,-1.));
#7405=DIRECTION('',(0.,1.,-3.43262965152582E-19));
#7406=DIRECTION('',(0.,0.,-1.));
#7407=DIRECTION('',(0.611155561434602,-0.791510505127732,4.33680870852355E-19));
#7408=DIRECTION('',(-2.65046476109218E-19,3.43262965152582E-19,1.));
#7409=DIRECTION('',(-0.791510505127731,-0.611155561434602,0.));
#7410=DIRECTION('',(-0.791510505127731,-0.611155561434602,0.));
#7411=DIRECTION('',(-2.65046476109218E-19,3.43262965152582E-19,1.));
#7412=DIRECTION('',(-0.611155561434602,0.791510505127731,-4.33680870852354E-19));
#7413=DIRECTION('',(-0.791510505127731,-0.611155561434602,0.));
#7414=DIRECTION('',(-0.611155561434602,0.791510505127732,-4.33680870852355E-19));
#7415=DIRECTION('',(2.65046476109218E-19,-3.43262965152582E-19,-1.));
#7416=DIRECTION('',(-0.791510505127731,-0.611155561434602,0.));
#7417=DIRECTION('',(2.65046476109218E-19,-3.43262965152582E-19,-1.));
#7418=DIRECTION('',(0.611155561434602,-0.791510505127731,4.33680870852354E-19));
#7419=DIRECTION('',(0.,0.,-1.));
#7420=DIRECTION('',(-1.,0.,0.));
#7421=DIRECTION('',(0.,0.,1.));
#7422=DIRECTION('',(1.,0.,0.));
#7423=DIRECTION('',(0.,0.,-1.));
#7424=DIRECTION('',(0.,0.,-1.));
#7425=DIRECTION('',(-1.,0.,0.));
#7426=DIRECTION('',(0.,0.,-1.));
#7427=DIRECTION('',(0.,0.,-1.));
#7428=DIRECTION('',(-1.,0.,0.));
#7429=DIRECTION('',(0.774996741310327,-0.526742008308328,-0.349174609102215));
#7430=DIRECTION('',(-0.288786048591247,0.196279203637927,-0.937057678245216));
#7431=DIRECTION('',(0.429468527666432,-0.291896859315508,-0.854606931440279));
#7432=DIRECTION('',(-0.706805570610899,0.480394517682261,-0.51927544977038));
#7433=DIRECTION('',(0.,0.,-1.));
#7434=DIRECTION('',(0.,0.,1.));
#7435=DIRECTION('',(1.,0.,0.));
#7436=DIRECTION('',(0.,0.,-1.));
#7437=DIRECTION('',(0.,0.,-1.));
#7438=DIRECTION('',(0.,0.,-1.));
#7439=DIRECTION('',(-0.827053402690885,0.562123357544791,0.));
#7440=DIRECTION('',(0.,0.,-1.));
#7441=DIRECTION('',(-0.562123357544791,-0.827053402690884,0.));
#7442=DIRECTION('',(-0.562123357544791,-0.827053402690884,0.));
#7443=DIRECTION('',(0.,0.,1.));
#7444=DIRECTION('',(-0.827053402690884,0.562123357544791,0.));
#7445=DIRECTION('',(-0.562123357544791,-0.827053402690884,0.));
#7446=DIRECTION('',(-0.827053402690885,0.562123357544791,0.));
#7447=DIRECTION('',(0.,0.,-1.));
#7448=DIRECTION('',(-0.562123357544791,-0.827053402690884,0.));
#7449=DIRECTION('',(0.,0.,-1.));
#7450=DIRECTION('',(0.827053402690884,-0.562123357544791,0.));
#7451=DIRECTION('',(-0.562123357544791,-0.827053402690884,0.));
#7452=DIRECTION('',(-0.827053402690885,0.562123357544791,0.));
#7453=DIRECTION('',(0.,0.,-1.));
#7454=DIRECTION('',(-0.562123357544791,-0.827053402690884,0.));
#7455=DIRECTION('',(0.,0.,-1.));
#7456=DIRECTION('',(0.827053402690884,-0.562123357544791,0.));
#7457=DIRECTION('',(-0.562123357544791,-0.827053402690884,0.));
#7458=DIRECTION('',(0.774996741310327,-0.526742008308328,-0.349174609102215));
#7459=DIRECTION('',(0.288786048591246,-0.196279203637927,0.937057678245216));
#7460=DIRECTION('',(-0.562123357544791,-0.827053402690884,0.));
#7461=DIRECTION('',(0.429468527666432,-0.291896859315508,-0.854606931440279));
#7462=DIRECTION('',(0.706805570610898,-0.480394517682261,0.519275449770379));
#7463=DIRECTION('',(-0.562123357544791,-0.827053402690884,0.));
#7464=DIRECTION('',(0.827053402690885,-0.562123357544791,0.));
#7465=DIRECTION('',(0.,0.,1.));
#7466=DIRECTION('',(-0.562123357544791,-0.827053402690884,0.));
#7467=DIRECTION('',(0.,0.,1.));
#7468=DIRECTION('',(-0.827053402690884,0.562123357544791,0.));
#7469=DIRECTION('',(-0.562123357544791,-0.827053402690884,0.));
#7470=DIRECTION('',(0.827053402690885,-0.562123357544791,0.));
#7471=DIRECTION('',(0.,0.,1.));
#7472=DIRECTION('',(-0.562123357544791,-0.827053402690884,0.));
#7473=DIRECTION('',(-0.562123357544791,-0.827053402690884,0.));
#7474=DIRECTION('',(-0.562123357544791,-0.827053402690884,0.));
#7475=DIRECTION('',(-0.562123357544791,-0.827053402690884,0.));
#7476=DIRECTION('',(-0.827053402690885,0.562123357544791,0.));
#7477=DIRECTION('',(0.,0.,-1.));
#7478=DIRECTION('',(-0.562123357544791,-0.827053402690884,0.));
#7479=DIRECTION('',(-0.562123357544791,-0.827053402690884,0.));
#7480=DIRECTION('',(-0.562123357544791,-0.827053402690884,0.));
#7481=DIRECTION('',(0.,0.,-1.));
#7482=DIRECTION('',(-1.,0.,0.));
#7483=DIRECTION('',(-0.704681141245338,0.597688544119889,0.3823517927263));
#7484=DIRECTION('',(-0.291592196377382,0.247319397566851,-0.924016832421891));
#7485=DIRECTION('',(0.,0.,-1.));
#7486=DIRECTION('',(-0.646837290348185,-0.762628035030852,0.));
#7487=DIRECTION('',(-0.646837290348185,-0.762628035030852,0.));
#7488=DIRECTION('',(-0.646837290348185,-0.762628035030852,0.));
#7489=DIRECTION('',(-0.538890378442383,0.457069995036676,-0.707590403877412));
#7490=DIRECTION('',(-0.646837290348185,-0.762628035030852,0.));
#7491=DIRECTION('',(-0.646837290348185,-0.762628035030852,0.));
#7492=DIRECTION('',(-0.735685144509901,0.623985171755388,-0.26345753657249));
#7493=DIRECTION('',(-0.646837290348185,-0.762628035030852,0.));
#7494=DIRECTION('',(-0.646837290348185,-0.762628035030852,0.));
#7495=DIRECTION('',(-0.696538285126887,0.590782027777171,0.40719898453703));
#7496=DIRECTION('',(-0.646837290348185,-0.762628035030852,0.));
#7497=DIRECTION('',(-0.646837290348185,-0.762628035030852,0.));
#7498=DIRECTION('',(-0.646837290348185,-0.762628035030852,0.));
#7499=DIRECTION('',(0.0947886034817471,-0.0803967342081019,0.992245678135537));
#7500=DIRECTION('',(-0.646837290348185,-0.762628035030852,0.));
#7501=DIRECTION('',(-0.646837290348185,-0.762628035030852,0.));
#7502=DIRECTION('',(-0.704681141245338,0.597688544119889,0.3823517927263));
#7503=DIRECTION('',(-0.291592196377382,0.247319397566851,-0.924016832421891));
#7504=DIRECTION('',(-0.646837290348185,-0.762628035030852,0.));
#7505=DIRECTION('',(-0.646837290348185,-0.762628035030852,0.));
#7506=DIRECTION('',(0.250852485444091,-0.21276524663193,0.94435373688686));
#7507=DIRECTION('',(-0.646837290348185,-0.762628035030852,0.));
#7508=DIRECTION('',(-0.646837290348185,-0.762628035030852,0.));
#7509=DIRECTION('',(0.0945828612405226,-0.080222230062291,0.992279434515998));
#7510=DIRECTION('',(-0.646837290348185,-0.762628035030852,0.));
#7511=DIRECTION('',(-0.646837290348185,-0.762628035030852,0.));
#7512=DIRECTION('',(-0.646837290348185,-0.762628035030852,0.));
#7513=DIRECTION('',(-0.646837290348185,-0.762628035030852,0.));
#7514=DIRECTION('',(-0.646837290348185,-0.762628035030852,0.));
#7515=DIRECTION('',(-0.597950871528089,0.507163261425235,-0.620677195891163));
#7516=DIRECTION('',(-0.646837290348185,-0.762628035030852,0.));
#7517=DIRECTION('',(-0.646837290348185,-0.762628035030852,0.));
#7518=DIRECTION('',(-0.646837290348185,-0.762628035030852,0.));
#7519=DIRECTION('',(-0.646837290348185,-0.762628035030852,0.));
#7520=DIRECTION('',(0.51956669640635,-0.440680251211908,0.732018691139237));
#7521=DIRECTION('',(-0.646837290348185,-0.762628035030852,0.));
#7522=DIRECTION('',(-0.646837290348185,-0.762628035030852,0.));
#7523=DIRECTION('',(0.727148971078495,-0.616745055947044,0.301462949339322));
#7524=DIRECTION('',(-0.646837290348185,-0.762628035030852,0.));
#7525=DIRECTION('',(-0.646837290348185,-0.762628035030852,0.));
#7526=DIRECTION('',(-0.646837290348185,-0.762628035030852,0.));
#7527=DIRECTION('',(-0.646837290348185,-0.762628035030852,0.));
#7528=DIRECTION('',(-0.104614638640101,0.0887308704642363,-0.99054662182497));
#7529=DIRECTION('',(-0.646837290348185,-0.762628035030852,0.));
#7530=DIRECTION('',(-0.646837290348185,-0.762628035030852,0.));
#7531=DIRECTION('',(0.762628035030852,-0.646837290348185,0.));
#7532=DIRECTION('',(0.,0.,1.));
#7533=DIRECTION('',(-0.646837290348185,-0.762628035030852,0.));
#7534=DIRECTION('',(-0.646837290348185,-0.762628035030852,0.));
#7535=DIRECTION('',(-0.646837290348185,-0.762628035030852,0.));
#7536=DIRECTION('',(-0.646837290348185,-0.762628035030852,0.));
#7537=DIRECTION('',(-0.646837290348185,-0.762628035030852,0.));
#7538=DIRECTION('',(0.,0.,-1.));
#7539=DIRECTION('',(-1.,0.,0.));
#7540=DIRECTION('',(0.,0.,1.));
#7541=DIRECTION('',(1.,0.,0.));
#7542=DIRECTION('',(0.,0.,-1.));
#7543=DIRECTION('',(0.,0.,-1.));
#7544=DIRECTION('',(-1.,0.,0.));
#7545=DIRECTION('',(0.778385859037567,0.623447165975117,-0.0736823295501951));
#7546=DIRECTION('',(-0.0575096081419509,-0.0460622476579554,-0.997281762749152));
#7547=DIRECTION('',(0.369612464080031,0.296040634043242,0.880764763936412));
#7548=DIRECTION('',(0.687443471839671,0.550606976360619,-0.473554041908668));
#7549=DIRECTION('',(0.,0.,-1.));
#7550=DIRECTION('',(0.154419691603316,0.123682256021293,-0.980233267335189));
#7551=DIRECTION('',(-0.765079381125534,-0.612789359378238,-0.197845246618108));
#7552=DIRECTION('',(-0.77710748816571,-0.622423256447636,0.0932375550403419));
#7553=DIRECTION('',(-0.0727726075874245,-0.0582871276940931,-0.99564389132365));
#7554=DIRECTION('',(-0.77710748816571,-0.622423256447636,0.0932375550403419));
#7555=DIRECTION('',(-0.0727726075874244,-0.0582871276940931,-0.995643891323649));
#7556=DIRECTION('',(0.625146462376384,-0.780507463499416,0.));
#7557=DIRECTION('',(0.625146462376384,-0.780507463499416,0.));
#7558=DIRECTION('',(0.,0.,1.));
#7559=DIRECTION('',(-0.780507463499416,-0.625146462376384,0.));
#7560=DIRECTION('',(0.625146462376384,-0.780507463499416,0.));
#7561=DIRECTION('',(-0.780507463499416,-0.625146462376384,0.));
#7562=DIRECTION('',(0.,0.,-1.));
#7563=DIRECTION('',(0.625146462376384,-0.780507463499416,0.));
#7564=DIRECTION('',(0.,0.,-1.));
#7565=DIRECTION('',(0.780507463499416,0.625146462376384,0.));
#7566=DIRECTION('',(0.625146462376384,-0.780507463499416,0.));
#7567=DIRECTION('',(0.778385859037567,0.623447165975117,-0.0736823295501951));
#7568=DIRECTION('',(0.0575096081419508,0.0460622476579554,0.997281762749152));
#7569=DIRECTION('',(0.625146462376384,-0.780507463499416,0.));
#7570=DIRECTION('',(0.369612464080031,0.296040634043242,0.880764763936412));
#7571=DIRECTION('',(-0.687443471839671,-0.550606976360619,0.473554041908668));
#7572=DIRECTION('',(0.625146462376384,-0.780507463499416,0.));
#7573=DIRECTION('',(0.625146462376384,-0.780507463499416,0.));
#7574=DIRECTION('',(-0.169972667578575,-0.136139392390964,0.975999671165745));
#7575=DIRECTION('',(0.625146462376384,-0.780507463499416,0.));
#7576=DIRECTION('',(0.625146462376384,-0.780507463499416,0.));
#7577=DIRECTION('',(-0.0681384983826171,-0.0545754438074814,0.996182044593948));
#7578=DIRECTION('',(0.625146462376384,-0.780507463499416,0.));
#7579=DIRECTION('',(0.625146462376384,-0.780507463499416,0.));
#7580=DIRECTION('',(0.625146462376384,-0.780507463499416,0.));
#7581=DIRECTION('',(0.625146462376384,-0.780507463499416,0.));
#7582=DIRECTION('',(-0.1009995504318,-0.0808954617435147,-0.991592161668232));
#7583=DIRECTION('',(0.625146462376384,-0.780507463499416,0.));
#7584=DIRECTION('',(0.625146462376384,-0.780507463499416,0.));
#7585=DIRECTION('',(-0.275303952851276,-0.220504351658053,-0.93572729170647));
#7586=DIRECTION('',(0.625146462376384,-0.780507463499416,0.));
#7587=DIRECTION('',(0.780507463499416,0.625146462376384,0.));
#7588=DIRECTION('',(0.,0.,1.));
#7589=DIRECTION('',(0.625146462376384,-0.780507463499416,0.));
#7590=DIRECTION('',(0.625146462376384,-0.780507463499416,0.));
#7591=DIRECTION('',(0.625146462376384,-0.780507463499416,0.));
#7592=DIRECTION('',(0.625146462376384,-0.780507463499416,0.));
#7593=DIRECTION('',(0.625146462376384,-0.780507463499416,0.));
#7594=DIRECTION('',(0.625146462376384,-0.780507463499416,0.));
#7595=DIRECTION('',(0.625146462376384,-0.780507463499416,0.));
#7596=DIRECTION('',(-0.0774876884490258,-0.0620636657264563,0.995059676368921));
#7597=DIRECTION('',(0.625146462376384,-0.780507463499416,0.));
#7598=DIRECTION('',(0.154419691603316,0.123682256021293,-0.980233267335189));
#7599=DIRECTION('',(0.765079381125533,0.612789359378238,0.197845246618108));
#7600=DIRECTION('',(0.,0.,-1.));
#7601=DIRECTION('',(-1.,0.,0.));
#7602=DIRECTION('',(3.76617577044945E-19,-2.15030940690414E-19,1.));
#7603=DIRECTION('',(1.,0.,-3.76617577044945E-19));
#7604=DIRECTION('',(0.,0.,-1.));
#7605=DIRECTION('',(-3.76617577044945E-19,2.15030940690414E-19,-1.));
#7606=DIRECTION('',(-1.,0.,3.76617577044945E-19));
#7607=DIRECTION('',(0.,0.,-1.));
#7608=DIRECTION('',(0.868420987178844,-0.49582757993815,-4.33680878980627E-19));
#7609=DIRECTION('',(3.76617577044944E-19,-2.15030940690414E-19,1.));
#7610=DIRECTION('',(-0.49582757993815,-0.868420987178844,0.));
#7611=DIRECTION('',(-0.49582757993815,-0.868420987178844,0.));
#7612=DIRECTION('',(3.76617577044945E-19,-2.15030940690414E-19,1.));
#7613=DIRECTION('',(-0.868420987178844,0.49582757993815,4.33680878980626E-19));
#7614=DIRECTION('',(-0.49582757993815,-0.868420987178844,0.));
#7615=DIRECTION('',(-0.868420987178844,0.49582757993815,4.33680878980627E-19));
#7616=DIRECTION('',(-3.76617577044944E-19,2.15030940690414E-19,-1.));
#7617=DIRECTION('',(-0.49582757993815,-0.868420987178844,0.));
#7618=DIRECTION('',(-3.76617577044945E-19,2.15030940690414E-19,-1.));
#7619=DIRECTION('',(0.868420987178844,-0.49582757993815,-4.33680878980626E-19));
#7620=DIRECTION('',(0.,0.,-1.));
#7621=DIRECTION('',(-1.,0.,0.));
#7622=DIRECTION('',(0.,0.,-1.));
#7623=DIRECTION('',(0.,0.,1.));
#7624=DIRECTION('',(1.,0.,0.));
#7625=DIRECTION('',(0.,0.,-1.));
#7626=DIRECTION('',(0.,0.,-1.));
#7627=DIRECTION('',(-1.,0.,0.));
#7628=DIRECTION('',(0.,0.,-1.));
#7629=DIRECTION('',(-1.,0.,0.));
#7630=DIRECTION('',(-0.88952543060041,0.364637314318503,-0.275289188530434));
#7631=DIRECTION('',(0.254718691536582,-0.104415159357424,-0.961361463071125));
#7632=DIRECTION('',(0.,0.,-1.));
#7633=DIRECTION('',(-1.,0.,0.));
#7634=DIRECTION('',(0.,0.,-1.));
#7635=DIRECTION('',(0.,0.,1.));
#7636=DIRECTION('',(1.,0.,0.));
#7637=DIRECTION('',(0.,0.,-1.));
#7638=DIRECTION('',(0.,0.,-1.));
#7639=DIRECTION('',(0.,0.,1.));
#7640=DIRECTION('',(1.,0.,0.));
#7641=DIRECTION('',(0.,0.,-1.));
#7642=DIRECTION('',(-0.379292626473343,-0.925276771297622,0.));
#7643=DIRECTION('',(-0.379292626473343,-0.925276771297622,0.));
#7644=DIRECTION('',(-0.379292626473343,-0.925276771297622,0.));
#7645=DIRECTION('',(-0.379292626473343,-0.925276771297622,0.));
#7646=DIRECTION('',(0.925276771297622,-0.379292626473343,0.));
#7647=DIRECTION('',(0.,0.,1.));
#7648=DIRECTION('',(-0.379292626473343,-0.925276771297622,0.));
#7649=DIRECTION('',(0.,0.,1.));
#7650=DIRECTION('',(-0.925276771297622,0.379292626473343,0.));
#7651=DIRECTION('',(-0.379292626473343,-0.925276771297622,0.));
#7652=DIRECTION('',(-0.925276771297622,0.379292626473343,0.));
#7653=DIRECTION('',(0.,0.,-1.));
#7654=DIRECTION('',(-0.379292626473343,-0.925276771297622,0.));
#7655=DIRECTION('',(-0.379292626473343,-0.925276771297622,0.));
#7656=DIRECTION('',(-0.379292626473343,-0.925276771297622,0.));
#7657=DIRECTION('',(-0.379292626473343,-0.925276771297622,0.));
#7658=DIRECTION('',(-0.200792377701706,0.0823094998996907,0.976169845510072));
#7659=DIRECTION('',(-0.379292626473343,-0.925276771297622,0.));
#7660=DIRECTION('',(-0.379292626473343,-0.925276771297622,0.));
#7661=DIRECTION('',(-0.626669883451209,0.256886667210516,0.735726917670356));
#7662=DIRECTION('',(-0.379292626473343,-0.925276771297622,0.));
#7663=DIRECTION('',(0.,0.,-1.));
#7664=DIRECTION('',(0.925276771297622,-0.379292626473343,0.));
#7665=DIRECTION('',(-0.379292626473343,-0.925276771297622,0.));
#7666=DIRECTION('',(-0.379292626473343,-0.925276771297622,0.));
#7667=DIRECTION('',(-0.379292626473343,-0.925276771297622,0.));
#7668=DIRECTION('',(-0.206115185248755,0.0844914434190339,0.974873184777815));
#7669=DIRECTION('',(-0.379292626473343,-0.925276771297622,0.));
#7670=DIRECTION('',(-0.379292626473343,-0.925276771297622,0.));
#7671=DIRECTION('',(-0.631016515315015,0.258668453446892,0.73137458842312));
#7672=DIRECTION('',(-0.379292626473343,-0.925276771297622,0.));
#7673=DIRECTION('',(0.,0.,-1.));
#7674=DIRECTION('',(0.925276771297622,-0.379292626473343,0.));
#7675=DIRECTION('',(-0.379292626473343,-0.925276771297622,0.));
#7676=DIRECTION('',(-0.88952543060041,0.364637314318503,-0.275289188530434));
#7677=DIRECTION('',(0.254718691536582,-0.104415159357424,-0.961361463071125));
#7678=DIRECTION('',(-0.379292626473343,-0.925276771297622,0.));
#7679=DIRECTION('',(0.,0.,-1.));
#7680=DIRECTION('',(0.925276771297622,-0.379292626473343,0.));
#7681=DIRECTION('',(-0.379292626473343,-0.925276771297622,0.));
#7682=DIRECTION('',(0.925276771297622,-0.379292626473343,0.));
#7683=DIRECTION('',(0.,0.,1.));
#7684=DIRECTION('',(-0.379292626473343,-0.925276771297622,0.));
#7685=DIRECTION('',(0.,0.,1.));
#7686=DIRECTION('',(-0.925276771297622,0.379292626473343,0.));
#7687=DIRECTION('',(-0.379292626473343,-0.925276771297622,0.));
#7688=DIRECTION('',(-0.925276771297622,0.379292626473343,0.));
#7689=DIRECTION('',(0.,0.,-1.));
#7690=DIRECTION('',(-0.379292626473343,-0.925276771297622,0.));
#7691=DIRECTION('',(-0.379292626473343,-0.925276771297622,0.));
#7692=DIRECTION('',(-0.379292626473343,-0.925276771297622,0.));
#7693=DIRECTION('',(-0.379292626473343,-0.925276771297622,0.));
#7694=DIRECTION('',(-0.379292626473343,-0.925276771297622,0.));
#7695=DIRECTION('',(0.925276771297622,-0.379292626473343,0.));
#7696=DIRECTION('',(0.,0.,1.));
#7697=DIRECTION('',(-0.379292626473343,-0.925276771297622,0.));
#7698=DIRECTION('',(0.,0.,1.));
#7699=DIRECTION('',(-0.925276771297622,0.379292626473343,0.));
#7700=DIRECTION('',(-0.379292626473343,-0.925276771297622,0.));
#7701=DIRECTION('',(-0.925276771297622,0.379292626473343,0.));
#7702=DIRECTION('',(0.,0.,-1.));
#7703=DIRECTION('',(-0.379292626473343,-0.925276771297622,0.));
#7704=DIRECTION('',(0.,0.,-1.));
#7705=DIRECTION('',(-1.,0.,0.));
#7706=DIRECTION('',(4.29262289983188E-19,-6.17494365932921E-20,-1.));
#7707=DIRECTION('',(-1.,0.,-4.29262289983188E-19));
#7708=DIRECTION('',(0.,0.,-1.));
#7709=DIRECTION('',(-4.29262289983188E-19,6.17494365932921E-20,1.));
#7710=DIRECTION('',(1.,0.,4.29262289983188E-19));
#7711=DIRECTION('',(4.29262289983188E-19,-6.17494365932921E-20,-1.));
#7712=DIRECTION('',(-1.,0.,-4.29262289983188E-19));
#7713=DIRECTION('',(0.,0.,-1.));
#7714=DIRECTION('',(-4.29262289983188E-19,6.17494365932921E-20,1.));
#7715=DIRECTION('',(1.,0.,4.29262289983188E-19));
#7716=DIRECTION('',(0.,0.,-1.));
#7717=DIRECTION('',(-4.29262289983188E-19,6.17494365932921E-20,1.));
#7718=DIRECTION('',(1.,0.,4.29262289983188E-19));
#7719=DIRECTION('',(0.840353358198378,-0.12088494055712,0.528387229701107));
#7720=DIRECTION('',(0.523003715798306,-0.0752341529650985,-0.849003495569241));
#7721=DIRECTION('',(-4.29262289983188E-19,6.17494365932921E-20,1.));
#7722=DIRECTION('',(1.,0.,4.29262289983188E-19));
#7723=DIRECTION('',(-4.29262289983188E-19,6.17494365932921E-20,1.));
#7724=DIRECTION('',(-0.989811423137824,0.142384502758812,-4.33680880972634E-19));
#7725=DIRECTION('',(-4.29262289983188E-19,6.17494365932921E-20,1.));
#7726=DIRECTION('',(1.,0.,4.29262289983188E-19));
#7727=DIRECTION('',(-0.142384502758812,-0.989811423137824,0.));
#7728=DIRECTION('',(-0.142384502758812,-0.989811423137824,0.));
#7729=DIRECTION('',(-0.989811423137825,0.142384502758812,-4.33680880972634E-19));
#7730=DIRECTION('',(4.29262289983188E-19,-6.17494365932921E-20,-1.));
#7731=DIRECTION('',(0.,0.,-1.));
#7732=DIRECTION('',(-0.142384502758812,-0.989811423137824,0.));
#7733=DIRECTION('',(4.29262289983188E-19,-6.17494365932921E-20,-1.));
#7734=DIRECTION('',(0.989811423137824,-0.142384502758812,4.33680880972634E-19));
#7735=DIRECTION('',(4.29262289983188E-19,-6.17494365932921E-20,-1.));
#7736=DIRECTION('',(-1.,0.,-4.29262289983188E-19));
#7737=DIRECTION('',(-0.142384502758812,-0.989811423137824,0.));
#7738=DIRECTION('',(-0.142384502758812,-0.989811423137824,0.));
#7739=DIRECTION('',(-0.142384502758812,-0.989811423137824,0.));
#7740=DIRECTION('',(-0.142384502758812,-0.989811423137824,0.));
#7741=DIRECTION('',(-4.29262289983188E-19,6.17494365932921E-20,1.));
#7742=DIRECTION('',(-0.989811423137824,0.142384502758812,-4.33680880972634E-19));
#7743=DIRECTION('',(-0.142384502758812,-0.989811423137824,0.));
#7744=DIRECTION('',(-0.142384502758812,-0.989811423137824,0.));
#7745=DIRECTION('',(-0.142384502758812,-0.989811423137824,0.));
#7746=DIRECTION('',(-0.819864939095649,0.117937678787794,-0.560278667775095));
#7747=DIRECTION('',(-0.142384502758812,-0.989811423137824,0.));
#7748=DIRECTION('',(-0.142384502758812,-0.989811423137824,0.));
#7749=DIRECTION('',(-0.142384502758812,-0.989811423137824,0.));
#7750=DIRECTION('',(0.944926049926479,-0.135927735948039,-0.297722036084636));
#7751=DIRECTION('',(-0.142384502758812,-0.989811423137824,0.));
#7752=DIRECTION('',(-0.142384502758812,-0.989811423137824,0.));
#7753=DIRECTION('',(-0.142384502758812,-0.989811423137824,0.));
#7754=DIRECTION('',(4.29262289983188E-19,-6.17494365932921E-20,-1.));
#7755=DIRECTION('',(0.989811423137824,-0.142384502758812,4.33680880972634E-19));
#7756=DIRECTION('',(-0.142384502758812,-0.989811423137824,0.));
#7757=DIRECTION('',(0.989811423137825,-0.142384502758812,4.33680880972634E-19));
#7758=DIRECTION('',(-4.29262289983188E-19,6.17494365932921E-20,1.));
#7759=DIRECTION('',(-0.142384502758812,-0.989811423137824,0.));
#7760=DIRECTION('',(-4.29262289983188E-19,6.17494365932921E-20,1.));
#7761=DIRECTION('',(-0.989811423137824,0.142384502758812,-4.33680880972634E-19));
#7762=DIRECTION('',(-0.142384502758812,-0.989811423137824,0.));
#7763=DIRECTION('',(-0.989811423137825,0.142384502758812,-4.33680880972634E-19));
#7764=DIRECTION('',(4.29262289983188E-19,-6.17494365932921E-20,-1.));
#7765=DIRECTION('',(-0.142384502758812,-0.989811423137824,0.));
#7766=DIRECTION('',(-4.29262289983188E-19,6.17494365932921E-20,1.));
#7767=DIRECTION('',(-0.989811423137824,0.142384502758812,-4.33680880972634E-19));
#7768=DIRECTION('',(-0.142384502758812,-0.989811423137824,0.));
#7769=DIRECTION('',(0.840353358198378,-0.12088494055712,0.528387229701107));
#7770=DIRECTION('',(-0.523003715798306,0.0752341529650985,0.84900349556924));
#7771=DIRECTION('',(0.,0.,-1.));
#7772=DIRECTION('',(-1.,0.,0.));
#7773=DIRECTION('',(0.,0.,-1.));
#7774=DIRECTION('',(-1.,0.,0.));
#7775=DIRECTION('',(0.610956340562138,-0.658538498775638,0.439385247314074));
#7776=DIRECTION('',(0.29883734049235,-0.322111222227214,-0.898298727842108));
#7777=DIRECTION('',(0.,0.,-1.));
#7778=DIRECTION('',(0.0212785313030129,-0.0229357339143801,-0.999510468287049));
#7779=DIRECTION('',(-0.679793078996253,0.732736341369929,-0.0312861596333673));
#7780=DIRECTION('',(0.,0.,1.));
#7781=DIRECTION('',(1.,0.,0.));
#7782=DIRECTION('',(0.633755353152184,-0.683113131245777,0.362919553442));
#7783=DIRECTION('',(0.246831032280324,-0.266054587958881,-0.931820475053784));
#7784=DIRECTION('',(0.,0.,1.));
#7785=DIRECTION('',(1.,0.,0.));
#7786=DIRECTION('',(0.,0.,-1.));
#7787=DIRECTION('',(-0.023946223223704,0.0258111895173638,0.999379988237217));
#7788=DIRECTION('',(-0.679704336118978,0.73264068706978,-0.0352085090706882));
#7789=DIRECTION('',(0.,0.,-1.));
#7790=DIRECTION('',(-0.68012602225295,0.73309521472615,0.));
#7791=DIRECTION('',(0.,0.,-1.));
#7792=DIRECTION('',(-0.73309521472615,-0.680126022252949,0.));
#7793=DIRECTION('',(-0.73309521472615,-0.680126022252949,0.));
#7794=DIRECTION('',(0.,0.,1.));
#7795=DIRECTION('',(-0.680126022252949,0.73309521472615,0.));
#7796=DIRECTION('',(-0.73309521472615,-0.680126022252949,0.));
#7797=DIRECTION('',(0.633755353152184,-0.683113131245777,0.362919553442));
#7798=DIRECTION('',(-0.246831032280324,0.266054587958881,0.931820475053784));
#7799=DIRECTION('',(-0.73309521472615,-0.680126022252949,0.));
#7800=DIRECTION('',(0.,0.,1.));
#7801=DIRECTION('',(-0.680126022252949,0.73309521472615,0.));
#7802=DIRECTION('',(-0.73309521472615,-0.680126022252949,0.));
#7803=DIRECTION('',(-0.73309521472615,-0.680126022252949,0.));
#7804=DIRECTION('',(-0.73309521472615,-0.680126022252949,0.));
#7805=DIRECTION('',(-0.73309521472615,-0.680126022252949,0.));
#7806=DIRECTION('',(-0.73309521472615,-0.680126022252949,0.));
#7807=DIRECTION('',(-0.73309521472615,-0.680126022252949,0.));
#7808=DIRECTION('',(-0.73309521472615,-0.680126022252949,0.));
#7809=DIRECTION('',(0.0212785313030129,-0.0229357339143801,-0.999510468287049));
#7810=DIRECTION('',(0.679793078996253,-0.732736341369929,0.0312861596333673));
#7811=DIRECTION('',(-0.73309521472615,-0.680126022252949,0.));
#7812=DIRECTION('',(0.68012602225295,-0.73309521472615,0.));
#7813=DIRECTION('',(0.,0.,1.));
#7814=DIRECTION('',(-0.73309521472615,-0.680126022252949,0.));
#7815=DIRECTION('',(-0.73309521472615,-0.680126022252949,0.));
#7816=DIRECTION('',(-0.73309521472615,-0.680126022252949,0.));
#7817=DIRECTION('',(0.610956340562138,-0.658538498775638,0.439385247314074));
#7818=DIRECTION('',(-0.29883734049235,0.322111222227214,0.898298727842108));
#7819=DIRECTION('',(-0.73309521472615,-0.680126022252949,0.));
#7820=DIRECTION('',(-0.73309521472615,-0.680126022252949,0.));
#7821=DIRECTION('',(-0.73309521472615,-0.680126022252949,0.));
#7822=DIRECTION('',(-0.73309521472615,-0.680126022252949,0.));
#7823=DIRECTION('',(-0.73309521472615,-0.680126022252949,0.));
#7824=DIRECTION('',(-0.73309521472615,-0.680126022252949,0.));
#7825=DIRECTION('',(-0.73309521472615,-0.680126022252949,0.));
#7826=DIRECTION('',(-0.73309521472615,-0.680126022252949,0.));
#7827=DIRECTION('',(-0.023946223223704,0.0258111895173638,0.999379988237217));
#7828=DIRECTION('',(-0.679704336118977,0.73264068706978,-0.0352085090706882));
#7829=DIRECTION('',(-0.023946223223704,0.0258111895173638,0.999379988237217));
#7830=DIRECTION('',(-0.679704336118978,0.73264068706978,-0.0352085090706882));
#7831=DIRECTION('',(-0.73309521472615,-0.680126022252949,0.));
#7832=DIRECTION('',(0.68012602225295,-0.73309521472615,0.));
#7833=DIRECTION('',(0.,0.,1.));
#7834=DIRECTION('',(0.,0.,-1.));
#7835=DIRECTION('',(-0.73309521472615,-0.680126022252949,0.));
#7836=DIRECTION('',(0.,0.,-1.));
#7837=DIRECTION('',(-1.,0.,0.));
#7838=DIRECTION('',(0.393257599950199,-0.919428333303585,0.));
#7839=DIRECTION('',(0.393257599950199,-0.919428333303585,0.));
#7840=DIRECTION('',(0.393257599950199,-0.919428333303585,0.));
#7841=DIRECTION('',(0.393257599950199,-0.919428333303585,0.));
#7842=DIRECTION('',(0.393257599950199,-0.919428333303585,0.));
#7843=DIRECTION('',(0.393257599950199,-0.919428333303585,0.));
#7844=DIRECTION('',(0.877248460967928,0.375216438110728,-0.299412361636757));
#7845=DIRECTION('',(0.393257599950199,-0.919428333303585,0.));
#7846=DIRECTION('',(0.393257599950199,-0.919428333303585,0.));
#7847=DIRECTION('',(0.393257599950199,-0.919428333303585,0.));
#7848=DIRECTION('',(0.393257599950199,-0.919428333303585,0.));
#7849=DIRECTION('',(0.871000671975368,0.372544135751521,0.320263479553335));
#7850=DIRECTION('',(0.393257599950199,-0.919428333303585,0.));
#7851=DIRECTION('',(0.393257599950199,-0.919428333303585,0.));
#7852=DIRECTION('',(0.393257599950199,-0.919428333303585,0.));
#7853=DIRECTION('',(0.393257599950199,-0.919428333303585,0.));
#7854=DIRECTION('',(0.393257599950199,-0.919428333303585,0.));
#7855=DIRECTION('',(0.393257599950199,-0.919428333303585,0.));
#7856=DIRECTION('',(-0.879820891161785,-0.376316717150902,0.290346220688422));
#7857=DIRECTION('',(0.393257599950199,-0.919428333303585,0.));
#7858=DIRECTION('',(0.393257599950199,-0.919428333303585,0.));
#7859=DIRECTION('',(0.393257599950199,-0.919428333303585,0.));
#7860=DIRECTION('',(0.393257599950199,-0.919428333303585,0.));
#7861=DIRECTION('',(-0.885529672383587,-0.378758475274515,-0.269033857973195));
#7862=DIRECTION('',(0.393257599950199,-0.919428333303585,0.));
#7863=DIRECTION('',(0.393257599950199,-0.919428333303585,0.));
#7864=DIRECTION('',(0.393257599950199,-0.919428333303585,0.));
#7865=DIRECTION('',(0.393257599950199,-0.919428333303585,0.));
#7866=DIRECTION('',(0.393257599950199,-0.919428333303585,0.));
#7867=DIRECTION('',(0.393257599950199,-0.919428333303585,0.));
#7868=DIRECTION('',(0.393257599950199,-0.919428333303585,0.));
#7869=DIRECTION('',(0.393257599950199,-0.919428333303585,0.));
#7870=DIRECTION('',(0.867375227034126,0.370993461572029,-0.331698759416283));
#7871=DIRECTION('',(0.393257599950199,-0.919428333303585,0.));
#7872=DIRECTION('',(0.393257599950199,-0.919428333303585,0.));
#7873=DIRECTION('',(0.393257599950199,-0.919428333303585,0.));
#7874=DIRECTION('',(0.393257599950199,-0.919428333303585,0.));
#7875=DIRECTION('',(0.393257599950199,-0.919428333303585,0.));
#7876=DIRECTION('',(-0.865753835331319,-0.370299960418615,-0.336672297528447));
#7877=DIRECTION('',(0.393257599950199,-0.919428333303585,0.));
#7878=DIRECTION('',(0.393257599950199,-0.919428333303585,0.));
#7879=DIRECTION('',(0.393257599950199,-0.919428333303585,0.));
#7880=DIRECTION('',(0.393257599950199,-0.919428333303585,0.));
#7881=DIRECTION('',(0.,0.,-1.));
#7882=DIRECTION('',(-1.,0.,0.));
#7883=DIRECTION('',(0.,0.,-1.));
#7884=DIRECTION('',(-1.,0.,0.));
#7885=DIRECTION('',(0.,0.,-1.));
#7886=DIRECTION('',(0.,0.,1.));
#7887=DIRECTION('',(1.,0.,0.));
#7888=DIRECTION('',(0.,0.,-1.));
#7889=DIRECTION('',(0.,0.,-1.));
#7890=DIRECTION('',(-1.,0.,0.));
#7891=DIRECTION('',(0.942997075609058,0.116079217453387,-0.311900834670532));
#7892=DIRECTION('',(-0.309564294711961,-0.0381061426499812,-0.950114661149814));
#7893=DIRECTION('',(0.,0.,-1.));
#7894=DIRECTION('',(-1.,0.,0.));
#7895=DIRECTION('',(-0.948166059482629,-0.116715498963258,-0.295564909870811));
#7896=DIRECTION('',(0.293350747080917,0.0361103189408364,-0.955322659656443));
#7897=DIRECTION('',(0.,0.,-1.));
#7898=DIRECTION('',(-1.,0.,0.));
#7899=DIRECTION('',(0.,0.,-1.));
#7900=DIRECTION('',(0.,0.,1.));
#7901=DIRECTION('',(1.,0.,0.));
#7902=DIRECTION('',(0.,0.,-1.));
#7903=DIRECTION('',(0.,0.,1.));
#7904=DIRECTION('',(1.,0.,0.));
#7905=DIRECTION('',(0.94882482066286,0.116796589864034,0.293411002333285));
#7906=DIRECTION('',(0.291212975091838,0.0358471676480015,-0.955986393056814));
#7907=DIRECTION('',(0.,0.,1.));
#7908=DIRECTION('',(1.,0.,0.));
#7909=DIRECTION('',(-0.942729321378105,-0.116046257964537,0.312721429752432));
#7910=DIRECTION('',(-0.310378742477196,-0.0382063979547861,-0.94984488595433));
#7911=DIRECTION('',(0.,0.,1.));
#7912=DIRECTION('',(1.,0.,0.));
#7913=DIRECTION('',(0.,0.,1.));
#7914=DIRECTION('',(-0.99250870886242,-0.122173904055863,0.));
#7915=DIRECTION('',(0.122173904055863,-0.99250870886242,0.));
#7916=DIRECTION('',(0.122173904055863,-0.99250870886242,0.));
#7917=DIRECTION('',(0.122173904055863,-0.99250870886242,0.));
#7918=DIRECTION('',(-0.991772883076452,-0.12208332680634,0.0384994767512448));
#7919=DIRECTION('',(0.122173904055863,-0.99250870886242,0.));
#7920=DIRECTION('',(0.122173904055863,-0.99250870886242,0.));
#7921=DIRECTION('',(-0.992416586954483,-0.122162564212655,0.0136244575159234));
#7922=DIRECTION('',(0.122173904055863,-0.99250870886242,0.));
#7923=DIRECTION('',(0.99250870886242,0.122173904055863,0.));
#7924=DIRECTION('',(0.,0.,1.));
#7925=DIRECTION('',(0.122173904055863,-0.99250870886242,0.));
#7926=DIRECTION('',(0.,0.,1.));
#7927=DIRECTION('',(-0.99250870886242,-0.122173904055863,0.));
#7928=DIRECTION('',(0.122173904055863,-0.99250870886242,0.));
#7929=DIRECTION('',(-0.99250870886242,-0.122173904055863,0.));
#7930=DIRECTION('',(0.,0.,-1.));
#7931=DIRECTION('',(0.122173904055863,-0.99250870886242,0.));
#7932=DIRECTION('',(0.,0.,-1.));
#7933=DIRECTION('',(0.99250870886242,0.122173904055863,0.));
#7934=DIRECTION('',(0.122173904055863,-0.99250870886242,0.));
#7935=DIRECTION('',(0.942997075609058,0.116079217453387,-0.311900834670532));
#7936=DIRECTION('',(0.309564294711961,0.0381061426499812,0.950114661149814));
#7937=DIRECTION('',(0.122173904055863,-0.99250870886242,0.));
#7938=DIRECTION('',(0.,0.,-1.));
#7939=DIRECTION('',(0.99250870886242,0.122173904055863,0.));
#7940=DIRECTION('',(0.122173904055863,-0.99250870886242,0.));
#7941=DIRECTION('',(-0.948166059482629,-0.116715498963258,-0.295564909870811));
#7942=DIRECTION('',(0.293350747080917,0.0361103189408364,-0.955322659656442));
#7943=DIRECTION('',(0.122173904055863,-0.99250870886242,0.));
#7944=DIRECTION('',(0.,0.,-1.));
#7945=DIRECTION('',(0.99250870886242,0.122173904055863,0.));
#7946=DIRECTION('',(0.122173904055863,-0.99250870886242,0.));
#7947=DIRECTION('',(0.99250870886242,0.122173904055863,0.));
#7948=DIRECTION('',(0.,0.,1.));
#7949=DIRECTION('',(0.122173904055863,-0.99250870886242,0.));
#7950=DIRECTION('',(0.,0.,1.));
#7951=DIRECTION('',(-0.99250870886242,-0.122173904055863,0.));
#7952=DIRECTION('',(0.122173904055863,-0.99250870886242,0.));
#7953=DIRECTION('',(-0.99250870886242,-0.122173904055863,0.));
#7954=DIRECTION('',(0.,0.,-1.));
#7955=DIRECTION('',(0.122173904055863,-0.99250870886242,0.));
#7956=DIRECTION('',(0.122173904055863,-0.99250870886242,0.));
#7957=DIRECTION('',(0.,0.,1.));
#7958=DIRECTION('',(-0.99250870886242,-0.122173904055863,0.));
#7959=DIRECTION('',(0.122173904055863,-0.99250870886242,0.));
#7960=DIRECTION('',(0.94882482066286,0.116796589864034,0.293411002333285));
#7961=DIRECTION('',(-0.291212975091838,-0.0358471676480015,0.955986393056813));
#7962=DIRECTION('',(0.122173904055863,-0.99250870886242,0.));
#7963=DIRECTION('',(0.,0.,1.));
#7964=DIRECTION('',(-0.99250870886242,-0.122173904055863,0.));
#7965=DIRECTION('',(0.122173904055863,-0.99250870886242,0.));
#7966=DIRECTION('',(-0.942729321378105,-0.116046257964537,0.312721429752432));
#7967=DIRECTION('',(-0.310378742477196,-0.0382063979547861,-0.94984488595433));
#7968=DIRECTION('',(0.,0.,-1.));
#7969=DIRECTION('',(-1.,0.,0.));
#7970=DIRECTION('',(0.779925635812885,-0.0156305865839505,0.625676983246874));
#7971=DIRECTION('',(0.625551370548717,-0.0125367527506384,-0.780082247352862));
#7972=DIRECTION('',(-0.626378085249372,0.0125533210426851,0.779418314161356));
#7973=DIRECTION('',(-0.779261835914503,0.0156172832877006,-0.626503863954461));
#7974=DIRECTION('',(0.999301094829675,-0.0200271174185627,-0.0315632133997017));
#7975=DIRECTION('',(-0.0315568766788316,0.000632435286901975,-0.999501757657226));
#7976=DIRECTION('',(0.999533941291633,-0.0200317839234412,-0.023035360619251));
#7977=DIRECTION('',(-0.0230307359744617,0.000461561841553945,-0.999734650875492));
#7978=DIRECTION('',(0.,0.,-1.));
#7979=DIRECTION('',(0.,0.,1.));
#7980=DIRECTION('',(1.,0.,0.));
#7981=DIRECTION('',(0.,0.,-1.));
#7982=DIRECTION('',(0.,0.,-1.));
#7983=DIRECTION('',(-1.,0.,0.));
#7984=DIRECTION('',(0.622753546391058,-0.0124806812090262,-0.782318511256074));
#7985=DIRECTION('',(-0.782161450757369,0.0156753948290841,-0.622878597277255));
#7986=DIRECTION('',(0.622753546391058,-0.0124806812090262,-0.782318511256074));
#7987=DIRECTION('',(0.782161450757369,-0.0156753948290841,0.622878597277254));
#7988=DIRECTION('',(-0.020037100750583,-0.999799237143893,0.));
#7989=DIRECTION('',(-0.020037100750583,-0.999799237143893,0.));
#7990=DIRECTION('',(0.779925635812885,-0.0156305865839505,0.625676983246874));
#7991=DIRECTION('',(-0.625551370548717,0.0125367527506384,0.780082247352862));
#7992=DIRECTION('',(-0.020037100750583,-0.999799237143893,0.));
#7993=DIRECTION('',(-0.626378085249372,0.0125533210426851,0.779418314161356));
#7994=DIRECTION('',(-0.779261835914502,0.0156172832877006,-0.626503863954461));
#7995=DIRECTION('',(-0.020037100750583,-0.999799237143893,0.));
#7996=DIRECTION('',(-0.020037100750583,-0.999799237143893,0.));
#7997=DIRECTION('',(0.681271472444675,-0.0136534462367345,-0.731903521127563));
#7998=DIRECTION('',(-0.020037100750583,-0.999799237143893,0.));
#7999=DIRECTION('',(0.999301094829675,-0.0200271174185627,-0.0315632133997017));
#8000=DIRECTION('',(0.0315568766788316,-0.000632435286901974,0.999501757657226));
#8001=DIRECTION('',(-0.020037100750583,-0.999799237143893,0.));
#8002=DIRECTION('',(0.999533941291633,-0.0200317839234412,-0.023035360619251));
#8003=DIRECTION('',(0.0230307359744617,-0.000461561841553945,0.999734650875491));
#8004=DIRECTION('',(-0.020037100750583,-0.999799237143893,0.));
#8005=DIRECTION('',(0.999799237143893,-0.020037100750583,0.));
#8006=DIRECTION('',(0.,0.,1.));
#8007=DIRECTION('',(-0.020037100750583,-0.999799237143893,0.));
#8008=DIRECTION('',(0.,0.,1.));
#8009=DIRECTION('',(-0.999799237143893,0.020037100750583,0.));
#8010=DIRECTION('',(-0.020037100750583,-0.999799237143893,0.));
#8011=DIRECTION('',(-0.999799237143893,0.020037100750583,0.));
#8012=DIRECTION('',(0.,0.,-1.));
#8013=DIRECTION('',(-0.020037100750583,-0.999799237143893,0.));
#8014=DIRECTION('',(0.,0.,-1.));
#8015=DIRECTION('',(0.999799237143893,-0.020037100750583,0.));
#8016=DIRECTION('',(0.,0.,-1.));
#8017=DIRECTION('',(-1.,0.,0.));
#8018=DIRECTION('',(0.403891588280928,0.667382871784256,0.625676983246874));
#8019=DIRECTION('',(0.32394747011861,0.535284712997355,-0.780082247352862));
#8020=DIRECTION('',(-0.324375591849927,-0.535992133302234,0.779418314161356));
#8021=DIRECTION('',(-0.403547833462587,-0.666814857781215,-0.626503863954461));
#8022=DIRECTION('',(0.51749716617657,0.855102594171661,-0.0315632133997017));
#8023=DIRECTION('',(-0.0163420157739969,-0.027003239815947,-0.999501757657226));
#8024=DIRECTION('',(0.517617747835932,0.855301841039991,-0.023035360619251));
#8025=DIRECTION('',(-0.0119266762174178,-0.0197074156921658,-0.999734650875492));
#8026=DIRECTION('',(0.,0.,-1.));
#8027=DIRECTION('',(0.,0.,1.));
#8028=DIRECTION('',(1.,0.,0.));
#8029=DIRECTION('',(0.,0.,-1.));
#8030=DIRECTION('',(0.,0.,-1.));
#8031=DIRECTION('',(-1.,0.,0.));
#8032=DIRECTION('',(0.322498591416745,0.532890613053276,-0.782318511256074));
#8033=DIRECTION('',(-0.405049425397141,-0.669296060080564,-0.622878597277255));
#8034=DIRECTION('',(0.322498591416745,0.532890613053276,-0.782318511256074));
#8035=DIRECTION('',(0.40504942539714,0.669296060080564,0.622878597277255));
#8036=DIRECTION('',(0.855528854872623,-0.517755133707371,0.));
#8037=DIRECTION('',(0.855528854872623,-0.517755133707371,0.));
#8038=DIRECTION('',(0.403891588280928,0.667382871784256,0.625676983246874));
#8039=DIRECTION('',(-0.32394747011861,-0.535284712997355,0.780082247352862));
#8040=DIRECTION('',(0.855528854872623,-0.517755133707371,0.));
#8041=DIRECTION('',(-0.324375591849927,-0.535992133302234,0.779418314161356));
#8042=DIRECTION('',(-0.403547833462587,-0.666814857781215,-0.626503863954461));
#8043=DIRECTION('',(0.855528854872623,-0.517755133707371,0.));
#8044=DIRECTION('',(0.855528854872623,-0.517755133707371,0.));
#8045=DIRECTION('',(0.352802631964827,0.582964440274403,-0.731903521138027));
#8046=DIRECTION('',(0.855528854872623,-0.517755133707371,0.));
#8047=DIRECTION('',(0.51749716617657,0.855102594171661,-0.0315632133997017));
#8048=DIRECTION('',(0.0163420157739969,0.027003239815947,0.999501757657226));
#8049=DIRECTION('',(0.855528854872623,-0.517755133707371,0.));
#8050=DIRECTION('',(0.517617747835932,0.855301841039991,-0.023035360619251));
#8051=DIRECTION('',(0.0119266762174178,0.0197074156921658,0.999734650875491));
#8052=DIRECTION('',(0.855528854872623,-0.517755133707371,0.));
#8053=DIRECTION('',(0.517755133707371,0.855528854872623,0.));
#8054=DIRECTION('',(0.,0.,1.));
#8055=DIRECTION('',(0.855528854872623,-0.517755133707371,0.));
#8056=DIRECTION('',(0.,0.,1.));
#8057=DIRECTION('',(-0.517755133707371,-0.855528854872623,0.));
#8058=DIRECTION('',(0.855528854872623,-0.517755133707371,0.));
#8059=DIRECTION('',(-0.517755133707371,-0.855528854872623,0.));
#8060=DIRECTION('',(0.,0.,-1.));
#8061=DIRECTION('',(0.855528854872623,-0.517755133707371,0.));
#8062=DIRECTION('',(0.,0.,-1.));
#8063=DIRECTION('',(0.517755133707371,0.855528854872623,0.));
#8064=DIRECTION('',(0.,0.,-1.));
#8065=DIRECTION('',(-1.,0.,0.));
#8066=DIRECTION('',(0.739379957130702,0.443470507851832,-0.506607528229733));
#8067=DIRECTION('',(-0.434453186489208,-0.260579386000529,-0.862176787173582));
#8068=DIRECTION('',(-0.735836695514441,-0.441345305493747,-0.513574414133939));
#8069=DIRECTION('',(0.440427803154629,0.264162883580199,-0.858045057760361));
#8070=DIRECTION('',(3.71913218594826E-19,2.23068724458136E-19,-1.));
#8071=DIRECTION('',(-1.,0.,-3.71913218594826E-19));
#8072=DIRECTION('',(0.721912421696403,0.432993706668271,0.53977671808453));
#8073=DIRECTION('',(0.462898204422592,0.27764033879904,-0.841808229119848));
#8074=DIRECTION('',(0.721173384982363,0.432550442033172,-0.541118345549278));
#8075=DIRECTION('',(-0.464048748570994,-0.278330420255641,-0.840946452581859));
#8076=DIRECTION('',(-3.71913218594826E-19,-2.23068724458136E-19,1.));
#8077=DIRECTION('',(1.,0.,3.71913218594826E-19));
#8078=DIRECTION('',(-0.730620781546021,-0.438216867950669,0.523602186986062));
#8079=DIRECTION('',(-0.449027355325159,-0.269320783428016,-0.851962880519693));
#8080=DIRECTION('',(0.730432153346899,0.438103731203516,0.523959912648448));
#8081=DIRECTION('',(0.449334131370228,0.269504783720682,-0.851742924794466));
#8082=DIRECTION('',(-3.71913218594826E-19,-2.23068724458136E-19,1.));
#8083=DIRECTION('',(1.,0.,3.71913218594826E-19));
#8084=DIRECTION('',(-0.712304685238765,-0.42723111096212,-0.556862292863305));
#8085=DIRECTION('',(0.477550340429289,0.286428499924235,-0.83060483190686));
#8086=DIRECTION('',(-0.724658226593443,-0.434640604829911,0.534750408380896));
#8087=DIRECTION('',(-0.458587774463812,-0.275054998819988,-0.845010059547497));
#8088=DIRECTION('',(3.71913218594826E-19,2.23068724458136E-19,-1.));
#8089=DIRECTION('',(-1.,0.,-3.71913218594826E-19));
#8090=DIRECTION('',(3.71913218594826E-19,2.23068724458136E-19,-1.));
#8091=DIRECTION('',(0.857573490878318,0.514361456315279,4.33680871144834E-19));
#8092=DIRECTION('',(0.514361456315279,-0.857573490878318,0.));
#8093=DIRECTION('',(0.514361456315279,-0.857573490878318,0.));
#8094=DIRECTION('',(0.739379957130702,0.443470507851832,-0.506607528229733));
#8095=DIRECTION('',(0.434453186489208,0.260579386000529,0.862176787173582));
#8096=DIRECTION('',(0.514361456315279,-0.857573490878318,0.));
#8097=DIRECTION('',(-0.735836695514441,-0.441345305493747,-0.513574414133939));
#8098=DIRECTION('',(0.440427803154629,0.264162883580199,-0.858045057760361));
#8099=DIRECTION('',(0.514361456315279,-0.857573490878318,0.));
#8100=DIRECTION('',(3.71913218594826E-19,2.23068724458136E-19,-1.));
#8101=DIRECTION('',(0.857573490878318,0.514361456315279,4.33680871144834E-19));
#8102=DIRECTION('',(0.514361456315279,-0.857573490878318,0.));
#8103=DIRECTION('',(0.721912421696403,0.432993706668271,0.53977671808453));
#8104=DIRECTION('',(-0.462898204422592,-0.27764033879904,0.841808229119847));
#8105=DIRECTION('',(0.514361456315279,-0.857573490878318,0.));
#8106=DIRECTION('',(0.721173384982363,0.432550442033172,-0.541118345549278));
#8107=DIRECTION('',(0.464048748570994,0.278330420255641,0.840946452581859));
#8108=DIRECTION('',(0.514361456315279,-0.857573490878318,0.));
#8109=DIRECTION('',(-3.71913218594826E-19,-2.23068724458136E-19,1.));
#8110=DIRECTION('',(-0.857573490878318,-0.514361456315279,-4.33680871144834E-19));
#8111=DIRECTION('',(0.514361456315279,-0.857573490878318,0.));
#8112=DIRECTION('',(-0.730620781546021,-0.438216867950669,0.523602186986062));
#8113=DIRECTION('',(-0.449027355325159,-0.269320783428016,-0.851962880519693));
#8114=DIRECTION('',(0.514361456315279,-0.857573490878318,0.));
#8115=DIRECTION('',(0.730432153346899,0.438103731203516,0.523959912648448));
#8116=DIRECTION('',(-0.449334131370228,-0.269504783720682,0.851742924794466));
#8117=DIRECTION('',(0.514361456315279,-0.857573490878318,0.));
#8118=DIRECTION('',(-3.71913218594826E-19,-2.23068724458136E-19,1.));
#8119=DIRECTION('',(-0.857573490878318,-0.514361456315279,-4.33680871144834E-19));
#8120=DIRECTION('',(0.514361456315279,-0.857573490878318,0.));
#8121=DIRECTION('',(-0.712304685238765,-0.42723111096212,-0.556862292863305));
#8122=DIRECTION('',(0.477550340429289,0.286428499924235,-0.83060483190686));
#8123=DIRECTION('',(0.514361456315279,-0.857573490878318,0.));
#8124=DIRECTION('',(-0.724658226593443,-0.434640604829911,0.534750408380896));
#8125=DIRECTION('',(-0.458587774463811,-0.275054998819988,-0.845010059547497));
#8126=DIRECTION('',(0.,0.,-1.));
#8127=DIRECTION('',(-1.,0.,0.));
#8128=DIRECTION('',(0.755685988122334,-0.654934109170969,0.));
#8129=DIRECTION('',(0.755685988122334,-0.654934109170969,0.));
#8130=DIRECTION('',(0.755685988122334,-0.654934109170969,0.));
#8131=DIRECTION('',(0.755685988122334,-0.654934109170969,0.));
#8132=DIRECTION('',(0.755685988122334,-0.654934109170969,0.));
#8133=DIRECTION('',(0.755685988122334,-0.654934109170969,0.));
#8134=DIRECTION('',(0.755685988122334,-0.654934109170969,0.));
#8135=DIRECTION('',(0.755685988122334,-0.654934109170969,0.));
#8136=DIRECTION('',(0.755685988122334,-0.654934109170969,0.));
#8137=DIRECTION('',(0.755685988122334,-0.654934109170969,0.));
#8138=DIRECTION('',(0.755685988122334,-0.654934109170969,0.));
#8139=DIRECTION('',(0.755685988122334,-0.654934109170969,0.));
#8140=DIRECTION('',(0.755685988122334,-0.654934109170969,0.));
#8141=DIRECTION('',(0.755685988122334,-0.654934109170969,0.));
#8142=DIRECTION('',(0.755685988122334,-0.654934109170969,0.));
#8143=DIRECTION('',(0.755685988122334,-0.654934109170969,0.));
#8144=DIRECTION('',(0.,0.,-1.));
#8145=DIRECTION('',(-1.,0.,0.));
#8146=DIRECTION('',(0.692925908178154,-0.721008797294097,0.));
#8147=DIRECTION('',(0.692925908178154,-0.721008797294097,0.));
#8148=DIRECTION('',(0.692925908178154,-0.721008797294097,0.));
#8149=DIRECTION('',(0.692925908178154,-0.721008797294097,0.));
#8150=DIRECTION('',(0.692925908178154,-0.721008797294097,0.));
#8151=DIRECTION('',(0.692925908178154,-0.721008797294097,0.));
#8152=DIRECTION('',(0.692925908178154,-0.721008797294097,0.));
#8153=DIRECTION('',(0.692925908178154,-0.721008797294097,0.));
#8154=DIRECTION('',(0.,0.,-1.));
#8155=DIRECTION('',(-1.,0.,0.));
#8156=DIRECTION('',(0.,0.,-1.));
#8157=DIRECTION('',(-1.,0.,0.));
#8158=DIRECTION('',(0.79508532795266,0.228205946781321,-0.561926478400913));
#8159=DIRECTION('',(-0.540118982107502,-0.155025327915175,-0.827187181278789));
#8160=DIRECTION('',(0.,0.,-1.));
#8161=DIRECTION('',(0.,0.,1.));
#8162=DIRECTION('',(1.,0.,0.));
#8163=DIRECTION('',(0.,0.,-1.));
#8164=DIRECTION('',(0.,0.,1.));
#8165=DIRECTION('',(1.,0.,0.));
#8166=DIRECTION('',(0.,0.,-1.));
#8167=DIRECTION('',(0.,0.,1.));
#8168=DIRECTION('',(1.,0.,0.));
#8169=DIRECTION('',(0.,0.,-1.));
#8170=DIRECTION('',(0.,0.,-1.));
#8171=DIRECTION('',(-1.,0.,0.));
#8172=DIRECTION('',(0.,0.,-1.));
#8173=DIRECTION('',(0.,0.,1.));
#8174=DIRECTION('',(1.,0.,0.));
#8175=DIRECTION('',(0.,0.,-1.));
#8176=DIRECTION('',(0.,0.,-1.));
#8177=DIRECTION('',(-1.,0.,0.));
#8178=DIRECTION('',(-0.801508596108603,-0.23004955769882,0.551961204584701));
#8179=DIRECTION('',(-0.530540445133498,-0.152276089535237,-0.833869791174501));
#8180=DIRECTION('',(0.,0.,-1.));
#8181=DIRECTION('',(0.961191548838437,0.275881870447418,0.));
#8182=DIRECTION('',(0.275881870447418,-0.961191548838437,0.));
#8183=DIRECTION('',(0.275881870447418,-0.961191548838437,0.));
#8184=DIRECTION('',(-0.961191548838437,-0.275881870447419,0.));
#8185=DIRECTION('',(0.,0.,-1.));
#8186=DIRECTION('',(0.275881870447418,-0.961191548838437,0.));
#8187=DIRECTION('',(0.,0.,1.));
#8188=DIRECTION('',(-0.961191548838437,-0.275881870447418,0.));
#8189=DIRECTION('',(0.275881870447418,-0.961191548838437,0.));
#8190=DIRECTION('',(-0.961191548838437,-0.275881870447419,0.));
#8191=DIRECTION('',(0.,0.,-1.));
#8192=DIRECTION('',(0.275881870447418,-0.961191548838437,0.));
#8193=DIRECTION('',(0.,0.,1.));
#8194=DIRECTION('',(-0.961191548838437,-0.275881870447418,0.));
#8195=DIRECTION('',(0.275881870447418,-0.961191548838437,0.));
#8196=DIRECTION('',(0.961191548838437,0.275881870447419,0.));
#8197=DIRECTION('',(0.,0.,1.));
#8198=DIRECTION('',(0.275881870447418,-0.961191548838437,0.));
#8199=DIRECTION('',(0.,0.,1.));
#8200=DIRECTION('',(-0.961191548838437,-0.275881870447418,0.));
#8201=DIRECTION('',(0.275881870447418,-0.961191548838437,0.));
#8202=DIRECTION('',(0.961191548838437,0.275881870447419,0.));
#8203=DIRECTION('',(0.,0.,1.));
#8204=DIRECTION('',(0.275881870447418,-0.961191548838437,0.));
#8205=DIRECTION('',(0.79508532795266,0.228205946781321,-0.561926478400913));
#8206=DIRECTION('',(0.540118982107502,0.155025327915175,0.827187181278789));
#8207=DIRECTION('',(0.275881870447418,-0.961191548838437,0.));
#8208=DIRECTION('',(0.,0.,-1.));
#8209=DIRECTION('',(0.961191548838437,0.275881870447418,0.));
#8210=DIRECTION('',(0.275881870447418,-0.961191548838437,0.));
#8211=DIRECTION('',(-0.961191548838437,-0.275881870447419,0.));
#8212=DIRECTION('',(0.,0.,-1.));
#8213=DIRECTION('',(0.275881870447418,-0.961191548838437,0.));
#8214=DIRECTION('',(0.840297863497755,0.241182880347709,-0.485520667766359));
#8215=DIRECTION('',(0.275881870447418,-0.961191548838437,0.));
#8216=DIRECTION('',(0.275881870447418,-0.961191548838437,0.));
#8217=DIRECTION('',(0.,0.,1.));
#8218=DIRECTION('',(-0.961191548838437,-0.275881870447418,0.));
#8219=DIRECTION('',(0.,0.,1.));
#8220=DIRECTION('',(1.,0.,0.));
#8221=DIRECTION('',(0.275881870447418,-0.961191548838437,0.));
#8222=DIRECTION('',(0.275881870447418,-0.961191548838437,0.));
#8223=DIRECTION('',(-0.959250124328231,-0.275324641426985,0.0635259065214755));
#8224=DIRECTION('',(0.275881870447418,-0.961191548838437,0.));
#8225=DIRECTION('',(0.275881870447418,-0.961191548838437,0.));
#8226=DIRECTION('',(-0.960854801169865,-0.275785216896119,0.0264681924275268));
#8227=DIRECTION('',(0.275881870447418,-0.961191548838437,0.));
#8228=DIRECTION('',(0.961191548838437,0.275881870447419,0.));
#8229=DIRECTION('',(0.,0.,1.));
#8230=DIRECTION('',(0.,0.,-1.));
#8231=DIRECTION('',(0.275881870447418,-0.961191548838437,0.));
#8232=DIRECTION('',(0.,0.,-1.));
#8233=DIRECTION('',(0.961191548838437,0.275881870447418,0.));
#8234=DIRECTION('',(0.,0.,-1.));
#8235=DIRECTION('',(-1.,0.,0.));
#8236=DIRECTION('',(0.275881870447418,-0.961191548838437,0.));
#8237=DIRECTION('',(-0.801508596108603,-0.23004955769882,0.551961204584701));
#8238=DIRECTION('',(-0.530540445133498,-0.152276089535237,-0.833869791174501));
#8239=DIRECTION('',(-0.801508596108603,-0.23004955769882,0.551961204584701));
#8240=DIRECTION('',(-0.530540445133498,-0.152276089535237,-0.833869791174501));
#8241=DIRECTION('',(0.,0.,-1.));
#8242=DIRECTION('',(-1.,0.,0.));
#8243=DIRECTION('',(0.,0.,-1.));
#8244=DIRECTION('',(-1.,0.,0.));
#8245=DIRECTION('',(0.,0.,-1.));
#8246=DIRECTION('',(-1.,0.,0.));
#8247=DIRECTION('',(0.,0.,-1.));
#8248=DIRECTION('',(-1.,0.,0.));
#8249=DIRECTION('',(0.,0.,1.));
#8250=DIRECTION('',(1.,0.,0.));
#8251=DIRECTION('',(0.,0.,-1.));
#8252=DIRECTION('',(-1.,0.,0.));
#8253=DIRECTION('',(0.,0.,-1.));
#8254=DIRECTION('',(0.,0.,1.));
#8255=DIRECTION('',(1.,0.,0.));
#8256=DIRECTION('',(0.,0.,-1.));
#8257=DIRECTION('',(0.,0.,1.));
#8258=DIRECTION('',(1.,0.,0.));
#8259=DIRECTION('',(0.,0.,1.));
#8260=DIRECTION('',(1.,0.,0.));
#8261=DIRECTION('',(0.,0.,1.));
#8262=DIRECTION('',(1.,0.,0.));
#8263=DIRECTION('',(8.13281860924775E-17,-1.,0.));
#8264=DIRECTION('',(0.,0.,1.));
#8265=DIRECTION('',(1.,0.,0.));
#8266=DIRECTION('',(8.13281860924775E-17,-1.,0.));
#8267=DIRECTION('',(0.,0.,1.));
#8268=DIRECTION('',(1.,0.,0.));
#8269=DIRECTION('',(0.,0.,1.));
#8270=DIRECTION('',(1.,0.,0.));
#8271=DIRECTION('',(-8.13281860924775E-17,1.,0.));
#8272=DIRECTION('',(0.,0.,1.));
#8273=DIRECTION('',(1.,0.,0.));
#8274=DIRECTION('',(-8.13281860924775E-17,1.,0.));
#8275=DIRECTION('',(0.,0.,1.));
#8276=DIRECTION('',(1.,0.,0.));
#8277=DIRECTION('',(0.,0.,1.));
#8278=DIRECTION('',(1.,0.,0.));
#8279=DIRECTION('',(0.,0.,-1.));
#8280=DIRECTION('',(-1.,0.,0.));
#8281=DIRECTION('',(-1.,-8.13281860924775E-17,0.));
#8282=DIRECTION('',(8.13281860924775E-17,-1.,0.));
#8283=DIRECTION('',(0.,0.,1.));
#8284=DIRECTION('',(-1.,-8.13281860924775E-17,0.));
#8285=DIRECTION('',(8.13281860924775E-17,-1.,0.));
#8286=DIRECTION('',(0.,0.,1.));
#8287=DIRECTION('',(0.,0.,1.));
#8288=DIRECTION('',(1.,0.,0.));
#8289=DIRECTION('',(0.,0.,1.));
#8290=DIRECTION('',(1.,0.,0.));
#8291=CARTESIAN_POINT('',(0.,0.,0.));
#8292=CARTESIAN_POINT('',(0.,1.46957615897682E-18,0.0025));
#8293=CARTESIAN_POINT('',(0.00890268646249131,-0.0275996770588095,0.0025));
#8294=CARTESIAN_POINT('',(0.00890268646249131,-0.0275996770588094,0.00207699568167798));
#8295=CARTESIAN_POINT('',(0.00890268646249131,-0.0275996770588095,-0.000580623072177668));
#8296=CARTESIAN_POINT('',(0.,1.46957615897682E-18,-0.000580623072177669));
#8297=CARTESIAN_POINT('',(0.00938607754334269,-0.0274390515206039,-0.000580623072177669));
#8298=CARTESIAN_POINT('',(0.00938607754334269,-0.0274390515206039,0.0025));
#8299=CARTESIAN_POINT('',(0.00938607754334269,-0.0274390515206039,-0.00127463911165947));
#8300=CARTESIAN_POINT('',(0.,1.46957615897682E-18,-0.00127463911165947));
#8301=CARTESIAN_POINT('',(0.00890268646249131,-0.0275996770588094,-0.00127463911165947));
#8302=CARTESIAN_POINT('',(0.00890268646249131,-0.0275996770588095,0.0025));
#8303=CARTESIAN_POINT('',(0.00890268646249131,-0.0275996770588095,-0.00215095003084516));
#8304=CARTESIAN_POINT('',(0.,1.46957615897682E-18,-0.00215095003084515));
#8305=CARTESIAN_POINT('',(0.00806725956765341,-0.0278553284501925,-0.00215095003084515));
#8306=CARTESIAN_POINT('',(0.00806725956765342,-0.0278553284501925,0.0025));
#8307=CARTESIAN_POINT('',(0.00806725956765342,-0.0278553284501925,-0.00127463911165947));
#8308=CARTESIAN_POINT('',(0.,1.46957615897682E-18,-0.00127463911165947));
#8309=CARTESIAN_POINT('',(0.00631853647659866,-0.028303287738245,-0.00127463911165947));
#8310=CARTESIAN_POINT('',(0.00631853647659866,-0.028303287738245,0.0025));
#8311=CARTESIAN_POINT('',(0.00631853647659866,-0.028303287738245,-0.000652800740283776));
#8312=CARTESIAN_POINT('',(0.,1.46957615897682E-18,0.00190127525331817));
#8313=CARTESIAN_POINT('',(0.00811524462885298,-0.0278413865425893,0.00207699568167798));
#8314=CARTESIAN_POINT('',(0.,1.46957615897682E-18,0.00207699568167798));
#8315=CARTESIAN_POINT('',(0.,1.46957615897682E-18,0.00085807936209916));
#8316=CARTESIAN_POINT('',(0.0147638388361465,-0.0249605501305619,0.000555712523133868));
#8317=CARTESIAN_POINT('',(0.0155261474893302,-0.0244936470159012,0.00207699568167798));
#8318=CARTESIAN_POINT('',(0.,1.46957615897682E-18,0.00207699568167798));
#8319=CARTESIAN_POINT('',(0.0163332883442824,-0.023962965005661,0.00207699568167798));
#8320=CARTESIAN_POINT('',(0.,1.46957615897682E-18,-0.00057989646868119));
#8321=CARTESIAN_POINT('',(0.0152193016266393,-0.0246854786868186,-1.98581122763687E-5));
#8322=CARTESIAN_POINT('',(0.,1.46957615897682E-18,0.000508774144726115));
#8323=CARTESIAN_POINT('',(0.0164174468950674,-0.0239053851139789,-0.00215095003084516));
#8324=CARTESIAN_POINT('',(0.,1.46957615897682E-18,-0.00215095003084516));
#8325=CARTESIAN_POINT('',(0.0155628753433013,-0.0244703271545124,-0.00215095003084516));
#8326=CARTESIAN_POINT('',(0.,1.46957615897682E-18,-0.000915964484253301));
#8327=CARTESIAN_POINT('',(0.0147239960636876,-0.0249840737254058,-0.000551937075879087));
#8328=CARTESIAN_POINT('',(0.,1.46957615897682E-18,-0.000187566892167417));
#8329=CARTESIAN_POINT('',(0.0138687622683132,-0.0254687540556073,-0.00215095003084516));
#8330=CARTESIAN_POINT('',(0.,1.46957615897682E-18,-0.00215095003084516));
#8331=CARTESIAN_POINT('',(0.0130162556502281,-0.025914804433912,-0.00215095003084516));
#8332=CARTESIAN_POINT('',(0.,1.46957615897682E-18,0.00121704327599987));
#8333=CARTESIAN_POINT('',(0.0142558199991627,-0.0252541401784237,2.91856878470072E-5));
#8334=CARTESIAN_POINT('',(0.,1.46957615897682E-18,-0.0011628446538756));
#8335=CARTESIAN_POINT('',(0.013096618787678,-0.0258742840737718,0.00207699568167798));
#8336=CARTESIAN_POINT('',(0.,1.46957615897682E-18,0.00207699568167798));
#8337=CARTESIAN_POINT('',(0.0139727503645652,-0.025411852495431,0.00207699568167798));
#8338=CARTESIAN_POINT('',(0.,1.46957615897682E-18,0.00025887678488136));
#8339=CARTESIAN_POINT('',(0.,1.46957615897682E-18,-0.000336022629490086));
#8340=CARTESIAN_POINT('',(0.0244759728883527,-0.0155539947013179,0.000454848858729181));
#8341=CARTESIAN_POINT('',(0.024241891703706,-0.0159163653710824,0.00099247995064775));
#8342=CARTESIAN_POINT('',(0.,1.46957615897682E-18,0.00184086301062146));
#8343=CARTESIAN_POINT('',(0.0249625931850895,-0.0147603841913319,0.00207699568167798));
#8344=CARTESIAN_POINT('',(0.,1.46957615897682E-18,0.00207699568167798));
#8345=CARTESIAN_POINT('',(0.0253286081858238,-0.014123087742028,0.00207699568167798));
#8346=CARTESIAN_POINT('',(0.0253286081858238,-0.014123087742028,0.0025));
#8347=CARTESIAN_POINT('',(0.0253286081858238,-0.014123087742028,-0.00215095003084515));
#8348=CARTESIAN_POINT('',(0.,1.46957615897682E-18,-0.00215095003084515));
#8349=CARTESIAN_POINT('',(0.0248812056698516,-0.0148971676641751,-0.00215095003084515));
#8350=CARTESIAN_POINT('',(0.0248812056698516,-0.0148971676641751,0.0025));
#8351=CARTESIAN_POINT('',(0.0248812056698516,-0.0148971676641751,0.000295687847008021));
#8352=CARTESIAN_POINT('',(0.,1.46957615897682E-18,-0.00566813078346678));
#8353=CARTESIAN_POINT('',(0.0248859579650818,-0.0148892275205996,0.000697291795188157));
#8354=CARTESIAN_POINT('',(0.,1.46957615897682E-18,-0.00394721776681061));
#8355=CARTESIAN_POINT('',(0.0248930816712755,-0.0148773144386751,0.00113683528685996));
#8356=CARTESIAN_POINT('',(0.0248928632946476,-0.014877679825631,0.00113724788664434));
#8357=CARTESIAN_POINT('',(0.0248422538486691,-0.0149623579498361,0.0010354732194414));
#8358=CARTESIAN_POINT('',(0.0247891409920179,-0.015050245204907,0.000937954401888852));
#8359=CARTESIAN_POINT('',(0.0247334145166172,-0.0151412749248268,0.00084469143763909));
#8360=CARTESIAN_POINT('',(0.0247332639937733,-0.0151415193945493,0.000845019996159304));
#8361=CARTESIAN_POINT('',(0.,1.46957615897682E-18,0.000964729884550988));
#8362=CARTESIAN_POINT('',(0.,1.46957615897682E-18,-0.000336022629490088));
#8363=CARTESIAN_POINT('',(-0.00121514020766735,-0.0289745307861182,0.00045484885872918));
#8364=CARTESIAN_POINT('',(-0.00164601558708545,-0.0289532490868827,0.000992479950647749));
#8365=CARTESIAN_POINT('',(0.,1.46957615897682E-18,0.00184086301062146));
#8366=CARTESIAN_POINT('',(-0.000284528888502697,-0.0289986041614352,0.00207699568167798));
#8367=CARTESIAN_POINT('',(0.,1.46957615897682E-18,0.00207699568167798));
#8368=CARTESIAN_POINT('',(0.000450392418380833,-0.0289965023178567,0.00207699568167798));
#8369=CARTESIAN_POINT('',(0.000450392418380833,-0.0289965023178567,0.0025));
#8370=CARTESIAN_POINT('',(0.000450392418380834,-0.0289965023178567,-0.00215095003084515));
#8371=CARTESIAN_POINT('',(0.,1.46957615897682E-18,-0.00215095003084515));
#8372=CARTESIAN_POINT('',(-0.000443681810341892,-0.0289966057746622,-0.00215095003084515));
#8373=CARTESIAN_POINT('',(-0.000443681810341893,-0.0289966057746622,0.0025));
#8374=CARTESIAN_POINT('',(-0.000443681810341893,-0.0289966057746622,0.000295687847008021));
#8375=CARTESIAN_POINT('',(0.,1.46957615897682E-18,-0.005668130783467));
#8376=CARTESIAN_POINT('',(-0.000434429212747752,-0.0289967458736168,0.000697291795188156));
#8377=CARTESIAN_POINT('',(0.,1.46957615897682E-18,-0.00394721776681064));
#8378=CARTESIAN_POINT('',(-0.000420550205420751,-0.0289969504866412,0.00113683528685996));
#8379=CARTESIAN_POINT('',(-0.000420975831781001,-0.0289969443105486,0.00113724788660292));
#8380=CARTESIAN_POINT('',(-0.000519614820119936,-0.0289955122758584,0.00103547321941216));
#8381=CARTESIAN_POINT('',(-0.000622285033077563,-0.0289935191583839,0.000937954401859832));
#8382=CARTESIAN_POINT('',(-0.000728983915909231,-0.0289908361805993,0.000844691437598328));
#8383=CARTESIAN_POINT('',(-0.000729270899062729,-0.0289908282275097,0.000845019996138926));
#8384=CARTESIAN_POINT('',(0.,1.46957615897682E-18,0.000964729884550983));
#8385=CARTESIAN_POINT('',(0.0050294605450376,-0.0285605414276563,0.000177254580711352));
#8386=CARTESIAN_POINT('',(0.00504078038351939,-0.0285585480242341,0.000504889785958752));
#8387=CARTESIAN_POINT('',(0.00505373694130755,-0.0285562596040944,0.000832458191183374));
#8388=CARTESIAN_POINT('',(0.00506832938143571,-0.0285536694188554,0.00115995978229331));
#8389=CARTESIAN_POINT('',(0.00502965158469815,-0.0285605038044574,0.000177248652130597));
#8390=CARTESIAN_POINT('',(0.00506812545595885,-0.0285537056152553,0.00115996915484269));
#8391=CARTESIAN_POINT('',(0.,1.46957615897682E-18,0.00115996915484269));
#8392=CARTESIAN_POINT('',(0.00504257671990675,-0.0285582285869389,0.00115996915484269));
#8393=CARTESIAN_POINT('',(0.,1.46957615897682E-18,-0.00344383867720884));
#8394=CARTESIAN_POINT('',(0.00396513593596202,-0.0287276469104127,-0.00215095003084516));
#8395=CARTESIAN_POINT('',(0.,1.46957615897682E-18,-0.00215095003084515));
#8396=CARTESIAN_POINT('',(0.00314962791084559,-0.0288284554567744,-0.00215095003084515));
#8397=CARTESIAN_POINT('',(0.,1.46957615897682E-18,-0.00344135886938477));
#8398=CARTESIAN_POINT('',(0.00213547967650885,-0.0289212677203337,0.00116552128315854));
#8399=CARTESIAN_POINT('',(0.,1.46957615897682E-18,0.00116552128315854));
#8400=CARTESIAN_POINT('',(0.00210960790026695,-0.0289231663983585,0.00116552128315854));
#8401=CARTESIAN_POINT('',(0.00210960790026695,-0.0289231663983585,0.00116552128315854));
#8402=CARTESIAN_POINT('',(0.00213426323415855,-0.0289213680790996,0.00071574556595723));
#8403=CARTESIAN_POINT('',(0.00216504394529546,-0.0289190695686244,0.000265987306484384));
#8404=CARTESIAN_POINT('',(0.00216504394529546,-0.0289190695686244,-0.000184571252313388));
#8405=CARTESIAN_POINT('',(0.00216504394529545,-0.0289190695686244,-0.000184571252313388));
#8406=CARTESIAN_POINT('',(0.00216504394529546,-0.0289190695686244,0.0025));
#8407=CARTESIAN_POINT('',(0.00216504394529546,-0.0289190695686244,-0.00215095003084516));
#8408=CARTESIAN_POINT('',(0.,1.46957615897682E-18,-0.00215095003084515));
#8409=CARTESIAN_POINT('',(0.00136365168052172,-0.0289679211213751,-0.00215095003084515));
#8410=CARTESIAN_POINT('',(0.00136365168052172,-0.0289679211213751,0.0025));
#8411=CARTESIAN_POINT('',(0.00136365168052172,-0.0289679211213751,0.00207699568167798));
#8412=CARTESIAN_POINT('',(0.,1.46957615897682E-18,0.00207699568167798));
#8413=CARTESIAN_POINT('',(0.00258316571854959,-0.0288847235553763,0.00207699568167798));
#8414=CARTESIAN_POINT('',(0.,1.46957615897682E-18,-0.00104253857642038));
#8415=CARTESIAN_POINT('',(0.00357794067253309,-0.0287784353387017,-0.00115619370758791));
#8416=CARTESIAN_POINT('',(0.,1.46957615897682E-18,-0.00115619370758791));
#8417=CARTESIAN_POINT('',(0.00359538744656722,-0.028776260860457,-0.00115619370758791));
#8418=CARTESIAN_POINT('',(0.,1.46957615897682E-18,-0.00131686658918177));
#8419=CARTESIAN_POINT('',(0.00464620839554581,-0.0286253864173946,0.00207699568167798));
#8420=CARTESIAN_POINT('',(0.,1.46957615897682E-18,0.00207699568167798));
#8421=CARTESIAN_POINT('',(0.00584781395020488,-0.0284042791143128,0.00207699568167798));
#8422=CARTESIAN_POINT('',(0.00584781395020488,-0.0284042791143128,0.0025));
#8423=CARTESIAN_POINT('',(0.00584781395020488,-0.0284042791143128,-0.00215095003084516));
#8424=CARTESIAN_POINT('',(0.,1.46957615897682E-18,-0.00215095003084515));
#8425=CARTESIAN_POINT('',(0.00502523846022436,-0.0285612846072771,-0.00215095003084515));
#8426=CARTESIAN_POINT('',(0.00502523846022436,-0.0285612846072771,0.0025));
#8427=CARTESIAN_POINT('',(0.00502521488077808,-0.0285612881308922,-0.000149407720365823));
#8428=CARTESIAN_POINT('',(0.00502519145194317,-0.0285612928781245,-0.00014940766761138));
#8429=CARTESIAN_POINT('',(0.00502542822489746,-0.0285612512193162,-4.05053869477886E-5));
#8430=CARTESIAN_POINT('',(0.00502697895085229,-0.0285609784686748,6.83776012162326E-5));
#8431=CARTESIAN_POINT('',(0.00502984354624999,-0.0285604739789144,0.00017724129645291));
#8432=CARTESIAN_POINT('',(0.0102145655354225,-0.0271415300033465,0.000546938247754906));
#8433=CARTESIAN_POINT('',(0.0101160137479457,-0.027178619426518,0.000718314539957587));
#8434=CARTESIAN_POINT('',(0.0100644581721614,-0.0271975492295828,0.000915337714538328));
#8435=CARTESIAN_POINT('',(0.0100659094645608,-0.0271970120905085,0.00111647572700304));
#8436=CARTESIAN_POINT('',(0.0102145402586333,-0.0271415395161136,0.000546921653300431));
#8437=CARTESIAN_POINT('',(0.0100656954130411,-0.0271970913123423,0.00111647748303516));
#8438=CARTESIAN_POINT('',(0.0100656954130411,-0.0271970913123423,0.00111647748303516));
#8439=CARTESIAN_POINT('',(0.0100656954130411,-0.0271970913123423,0.00140449491850396));
#8440=CARTESIAN_POINT('',(0.0102021861071051,-0.0271471661810078,0.00167913560378782));
#8441=CARTESIAN_POINT('',(0.0104175084638435,-0.027064284904755,0.00185120913016656));
#8442=CARTESIAN_POINT('',(0.0104175084638435,-0.027064284904755,0.00185120913016656));
#8443=CARTESIAN_POINT('',(0.0104175084638435,-0.027064284904755,0.00185120913016656));
#8444=CARTESIAN_POINT('',(0.0106782162437009,-0.0269639339990203,0.0020595521360391));
#8445=CARTESIAN_POINT('',(0.0110066881132639,-0.0268323170832143,0.00213159161011721));
#8446=CARTESIAN_POINT('',(0.0113261479018066,-0.0266967858310022,0.00213159161011721));
#8447=CARTESIAN_POINT('',(0.0113261479018066,-0.0266967858310023,0.00213159161011721));
#8448=CARTESIAN_POINT('',(0.0113261479018066,-0.0266967858310023,0.00213159161011721));
#8449=CARTESIAN_POINT('',(0.0116452188124382,-0.0265614195607758,0.00213159161011721));
#8450=CARTESIAN_POINT('',(0.0119681584487348,-0.0264166827562352,0.00206283825049305));
#8451=CARTESIAN_POINT('',(0.0122213413732927,-0.0262990268838496,0.00185537322640346));
#8452=CARTESIAN_POINT('',(0.0122213413732927,-0.0262990268838496,0.00185537322640346));
#8453=CARTESIAN_POINT('',(0.0122213413732927,-0.0262990268838496,0.00185537322640346));
#8454=CARTESIAN_POINT('',(0.0124329181069645,-0.0262007056988008,0.00168200145488821));
#8455=CARTESIAN_POINT('',(0.0125574907867655,-0.026140187932383,0.00140178695756276));
#8456=CARTESIAN_POINT('',(0.0125574907867655,-0.026140187932383,0.00111092535471931));
#8457=CARTESIAN_POINT('',(0.0125574907867655,-0.026140187932383,0.00111092535471931));
#8458=CARTESIAN_POINT('',(0.0125569804352782,-0.0261404330941176,0.00111091640467859));
#8459=CARTESIAN_POINT('',(0.0125599230445911,-0.0261390195640725,0.000904402020382698));
#8460=CARTESIAN_POINT('',(0.0125034830146461,-0.0261663370654597,0.00070230775344496));
#8461=CARTESIAN_POINT('',(0.0123954390627647,-0.0262174195992147,0.000533858820876262));
#8462=CARTESIAN_POINT('',(0.0123953016147612,-0.0262174845833672,0.000533966687230104));
#8463=CARTESIAN_POINT('',(0.0123953016147612,-0.0262174845833672,0.000533966687230104));
#8464=CARTESIAN_POINT('',(0.0122654788174456,-0.0262788631921381,0.000331660763760453));
#8465=CARTESIAN_POINT('',(0.0120718715665774,-0.0263689014414515,0.000192389086970945));
#8466=CARTESIAN_POINT('',(0.011869808119724,-0.0264595475244935,8.19309068476245E-5));
#8467=CARTESIAN_POINT('',(0.011869808119724,-0.0264595475244935,8.19309068476245E-5));
#8468=CARTESIAN_POINT('',(0.011869808119724,-0.0264595475244935,8.19309068476245E-5));
#8469=CARTESIAN_POINT('',(0.0121031515086651,-0.0263548691942926,-5.54122959313882E-5));
#8470=CARTESIAN_POINT('',(0.0123301357933568,-0.0262487760329756,-0.000215739573104604));
#8471=CARTESIAN_POINT('',(0.0124877362632833,-0.026173582922838,-0.000448760024676126));
#8472=CARTESIAN_POINT('',(0.0124877362632833,-0.026173582922838,-0.000448760024676126));
#8473=CARTESIAN_POINT('',(0.0124872690205393,-0.0261738058449412,-0.000449162174609808));
#8474=CARTESIAN_POINT('',(0.0126088172497579,-0.0261158163631588,-0.0006225298374825));
#8475=CARTESIAN_POINT('',(0.0126745019938932,-0.0260836538700302,-0.000835797489642718));
#8476=CARTESIAN_POINT('',(0.0126744400294358,-0.026083683979458,-0.00105533010520054));
#8477=CARTESIAN_POINT('',(0.0126742622783382,-0.0260837703505435,-0.00105533004318322));
#8478=CARTESIAN_POINT('',(0.0126742622783382,-0.0260837703505435,-0.00105533004318322));
#8479=CARTESIAN_POINT('',(0.0126742622783382,-0.0260837703505435,-0.00137968996213698));
#8480=CARTESIAN_POINT('',(0.0125379442921123,-0.0261508225810185,-0.00169333267738775));
#8481=CARTESIAN_POINT('',(0.0123060785568427,-0.0262594826786976,-0.00189231338679828));
#8482=CARTESIAN_POINT('',(0.0123060785568427,-0.0262594826786976,-0.00189231338679828));
#8483=CARTESIAN_POINT('',(0.0123060785568427,-0.0262594826786976,-0.00189231338679828));
#8484=CARTESIAN_POINT('',(0.0120322668798743,-0.0263878000582812,-0.00212729093388898));
#8485=CARTESIAN_POINT('',(0.011677201236052,-0.0265478509738155,-0.00220924737816163));
#8486=CARTESIAN_POINT('',(0.0113261479018066,-0.0266967858310022,-0.00220924737816163));
#8487=CARTESIAN_POINT('',(0.0113261479018066,-0.0266967858310023,-0.00220924737816163));
#8488=CARTESIAN_POINT('',(0.0113261479018066,-0.0266967858310023,-0.00220924737816163));
#8489=CARTESIAN_POINT('',(0.0109721890548499,-0.0268469533559306,-0.00220924737816163));
#8490=CARTESIAN_POINT('',(0.0106042142413704,-0.0269934560791216,-0.0021448376615059));
#8491=CARTESIAN_POINT('',(0.0103145896685028,-0.0271036757649293,-0.00191405922270204));
#8492=CARTESIAN_POINT('',(0.0103145896685028,-0.0271036757649292,-0.00191405922270204));
#8493=CARTESIAN_POINT('',(0.0103145896685028,-0.0271036757649292,-0.00191405922270204));
#8494=CARTESIAN_POINT('',(0.0100726391519495,-0.0271957525857994,-0.00172126839033196));
#8495=CARTESIAN_POINT('',(0.00994306475720146,-0.0272421633361614,-0.00140077305360985));
#8496=CARTESIAN_POINT('',(0.00994306475720146,-0.0272421633361614,-0.00107846391116595));
#8497=CARTESIAN_POINT('',(0.00994306475720146,-0.0272421633361614,-0.00107846391116595));
#8498=CARTESIAN_POINT('',(0.00994379312906058,-0.0272418974780841,-0.00107844972779212));
#8499=CARTESIAN_POINT('',(0.00993986058013792,-0.0272433329306986,-0.00084959049615967));
#8500=CARTESIAN_POINT('',(0.0100028476535559,-0.0272205737984031,-0.000625237329532714));
#8501=CARTESIAN_POINT('',(0.0101235799084722,-0.0271755980584932,-0.000436045662651185));
#8502=CARTESIAN_POINT('',(0.0101238854969423,-0.0271754842173015,-0.000436267735965454));
#8503=CARTESIAN_POINT('',(0.0101238854969423,-0.0271754842173015,-0.000436267735965454));
#8504=CARTESIAN_POINT('',(0.0102659012808569,-0.0271225780198033,-0.000215749143529351));
#8505=CARTESIAN_POINT('',(0.0104788775755361,-0.0270416326313384,-6.15920923963089E-5));
#8506=CARTESIAN_POINT('',(0.0107003310346732,-0.0269537180319972,5.87970388648978E-5));
#8507=CARTESIAN_POINT('',(0.0107003310346732,-0.0269537180319972,5.87970388648978E-5));
#8508=CARTESIAN_POINT('',(0.0107003310346732,-0.0269537180319972,5.87970388648978E-5));
#8509=CARTESIAN_POINT('',(0.0105111390087907,-0.0270288251954564,0.00018682083191006));
#8510=CARTESIAN_POINT('',(0.0103320358692092,-0.0270973208142332,0.000341060401321285));
#8511=CARTESIAN_POINT('',(0.0102145402586333,-0.0271415395161137,0.000546921653300431));
#8512=CARTESIAN_POINT('',(-0.0205481614986791,-0.0204639453435599,0.000865243676742753));
#8513=CARTESIAN_POINT('',(-0.0203712672662066,-0.0206415675564814,0.00066048176240561));
#8514=CARTESIAN_POINT('',(-0.0203016149946937,-0.0207085593078618,0.000325223632168117));
#8515=CARTESIAN_POINT('',(-0.0203016149946937,-0.0207085593078618,3.27575570635492E-6));
#8516=CARTESIAN_POINT('',(-0.0205481614986791,-0.0204639453435599,0.000865243676742753));
#8517=CARTESIAN_POINT('',(-0.0203016149946937,-0.0207085593078618,3.27575570635491E-6));
#8518=CARTESIAN_POINT('',(-0.0203016149946937,-0.0207085593078618,0.0025));
#8519=CARTESIAN_POINT('',(-0.0203016149946937,-0.0207085593078618,-0.00215095003084515));
#8520=CARTESIAN_POINT('',(0.,1.46957615897682E-18,-0.00215095003084515));
#8521=CARTESIAN_POINT('',(-0.0207367327135167,-0.0202728369097215,-0.00215095003084515));
#8522=CARTESIAN_POINT('',(0.,1.46957615897682E-18,-0.000203891158277342));
#8523=CARTESIAN_POINT('',(-0.0208560759943331,-0.0201500395562541,-0.00171140653917335));
#8524=CARTESIAN_POINT('',(0.,1.46957615897682E-18,-0.00171140653917335));
#8525=CARTESIAN_POINT('',(-0.0208721466025311,-0.0201333925656469,-0.00171140653917335));
#8526=CARTESIAN_POINT('',(-0.0208721466025311,-0.0201333925656469,-0.00171140653917335));
#8527=CARTESIAN_POINT('',(-0.0209594729847588,-0.0200428619188033,-0.00187017920699708));
#8528=CARTESIAN_POINT('',(-0.0210616163835048,-0.0199359558737002,-0.00201552774682953));
#8529=CARTESIAN_POINT('',(-0.0211875578630545,-0.0198011967264537,-0.00210051819864281));
#8530=CARTESIAN_POINT('',(-0.0211875578630545,-0.0198011967264537,-0.00210051819864281));
#8531=CARTESIAN_POINT('',(-0.0211875578630545,-0.0198011967264537,-0.00210051819864281));
#8532=CARTESIAN_POINT('',(-0.0213179182424523,-0.0196617092944718,-0.00218849070447012));
#8533=CARTESIAN_POINT('',(-0.0214623613177567,-0.0195041292472818,-0.00220924737816163));
#8534=CARTESIAN_POINT('',(-0.0216023250836154,-0.019347856495793,-0.00220924737816163));
#8535=CARTESIAN_POINT('',(-0.0216023250836154,-0.019347856495793,-0.00220924737816163));
#8536=CARTESIAN_POINT('',(-0.0216023250836154,-0.0193478564957931,-0.00220924737816163));
#8537=CARTESIAN_POINT('',(-0.0217813597629056,-0.0191479601742492,-0.00220924737816163));
#8538=CARTESIAN_POINT('',(-0.0219607905786147,-0.0189409647154429,-0.00213287385948794));
#8539=CARTESIAN_POINT('',(-0.0220845584517526,-0.0187955387789529,-0.00194274521900062));
#8540=CARTESIAN_POINT('',(-0.0220845584517526,-0.0187955387789529,-0.00194274521900062));
#8541=CARTESIAN_POINT('',(-0.0220845584517526,-0.0187955387789529,-0.00194274521900062));
#8542=CARTESIAN_POINT('',(-0.0222120697654859,-0.0186457143395197,-0.00174686601293366));
#8543=CARTESIAN_POINT('',(-0.022257136308383,-0.0185908548310738,-0.00146123731309463));
#8544=CARTESIAN_POINT('',(-0.022257136308383,-0.0185908548310738,-0.00118487970388649));
#8545=CARTESIAN_POINT('',(-0.022257136308383,-0.0185908548310738,-0.00118487970388649));
#8546=CARTESIAN_POINT('',(-0.022257136308383,-0.0185908548310739,-0.00118487970388649));
#8547=CARTESIAN_POINT('',(-0.022257136308383,-0.0185908548310739,-0.000891154480516726));
#8548=CARTESIAN_POINT('',(-0.0221836802538168,-0.0186800498136849,-0.000592100175758084));
#8549=CARTESIAN_POINT('',(-0.0220244206385184,-0.0188659718948589,-0.000426088834053053));
#8550=CARTESIAN_POINT('',(-0.0220244206385184,-0.0188659718948588,-0.000426088834053053));
#8551=CARTESIAN_POINT('',(-0.0220244206385184,-0.0188659718948588,-0.000426088834053053));
#8552=CARTESIAN_POINT('',(-0.0218196153916834,-0.0191050646344436,-0.000212600978066464));
#8553=CARTESIAN_POINT('',(-0.0215593129318449,-0.0193994567247519,-0.000169385757992197));
#8554=CARTESIAN_POINT('',(-0.0213028214536057,-0.0196771389718067,-0.000155885256014805));
#8555=CARTESIAN_POINT('',(-0.0213028214536057,-0.0196771389718067,-0.000155885256014805));
#8556=CARTESIAN_POINT('',(0.,1.46957615897682E-18,-0.00015390115524515));
#8557=CARTESIAN_POINT('',(-0.0209177133201993,-0.0200860466357608,-0.000138303516347932));
#8558=CARTESIAN_POINT('',(-0.0209177133201993,-0.0200860466357608,0.0025));
#8559=CARTESIAN_POINT('',(-0.0209177133201993,-0.0200860466357608,3.27575570635491E-6));
#8560=CARTESIAN_POINT('',(-0.0209177133201993,-0.0200860466357608,3.27575570635491E-6));
#8561=CARTESIAN_POINT('',(-0.0209177133201993,-0.0200860466357608,0.000138066096345065));
#8562=CARTESIAN_POINT('',(-0.0209675816595466,-0.0200347581277443,0.000430934563331508));
#8563=CARTESIAN_POINT('',(-0.0211711418508856,-0.0198192101110056,0.000494639111659471));
#8564=CARTESIAN_POINT('',(-0.021263222367696,-0.019719923289453,0.000494639111659471));
#8565=CARTESIAN_POINT('',(-0.021263222367696,-0.019719923289453,0.000494639111659471));
#8566=CARTESIAN_POINT('',(-0.021263222367696,-0.019719923289453,0.000494639111659471));
#8567=CARTESIAN_POINT('',(-0.0214787274799082,-0.0194875525517437,0.000494639111659471));
#8568=CARTESIAN_POINT('',(-0.0216829112602712,-0.0192596662630015,0.000389536862306005));
#8569=CARTESIAN_POINT('',(-0.0218725191294697,-0.0190418724638883,0.000260524367674276));
#8570=CARTESIAN_POINT('',(-0.0218725191294697,-0.0190418724638882,0.000260524367674276));
#8571=CARTESIAN_POINT('',(0.,1.46957615897682E-18,-0.00161333950236478));
#8572=CARTESIAN_POINT('',(-0.022062933839387,-0.0188209178946945,0.000856452806909317));
#8573=CARTESIAN_POINT('',(-0.022062933839387,-0.0188209178946945,0.000856452806909317));
#8574=CARTESIAN_POINT('',(-0.0218161071800005,-0.0191102619259639,0.00105558518994511));
#8575=CARTESIAN_POINT('',(-0.0215319969482273,-0.0194308292344419,0.00114886489821098));
#8576=CARTESIAN_POINT('',(-0.0212399257164346,-0.0197450134353041,0.00114886489821098));
#8577=CARTESIAN_POINT('',(-0.0212399257164346,-0.0197450134353041,0.00114886489821098));
#8578=CARTESIAN_POINT('',(-0.0212399257164346,-0.0197450134353041,0.00114886489821098));
#8579=CARTESIAN_POINT('',(-0.0209987657166663,-0.0200044318701225,0.00114886489821098));
#8580=CARTESIAN_POINT('',(-0.0207430212574247,-0.0202682836700615,0.00109080138244272));
#8581=CARTESIAN_POINT('',(-0.0205481614986791,-0.0204639453435599,0.000865243676742753));
#8582=CARTESIAN_POINT('',(0.00483333333333333,0.0285943856183148,0.0025));
#8583=CARTESIAN_POINT('',(0.00483333333333333,0.0285943856183148,-0.0025));
#8584=CARTESIAN_POINT('',(0.00483333333333333,0.0285943856183148,0.0025));
#8585=CARTESIAN_POINT('',(0.,1.46957615897682E-18,0.0025));
#8586=CARTESIAN_POINT('',(-0.00483333333333333,0.0285943856183148,0.0025));
#8587=CARTESIAN_POINT('',(-0.00483333333333333,0.0285943856183148,0.0025));
#8588=CARTESIAN_POINT('',(-0.00483333333333333,0.0285943856183148,-0.0025));
#8589=CARTESIAN_POINT('',(0.,1.46957615897682E-18,-0.0025));
#8590=CARTESIAN_POINT('',(-0.0143613171311655,-0.0251942963834693,0.00234904996915485));
#8591=CARTESIAN_POINT('',(-0.0142538884493297,-0.0252555331548934,0.00234904996915484));
#8592=CARTESIAN_POINT('',(-0.0140159303296618,-0.0253886253513031,0.00230601861351189));
#8593=CARTESIAN_POINT('',(-0.0139421109684912,-0.0254286755797914,0.00204189634328066));
#8594=CARTESIAN_POINT('',(-0.0139421109684912,-0.0254286755797914,0.00191783466995682));
#8595=CARTESIAN_POINT('',(-0.0143613171311655,-0.0251942963834692,0.00234904996915484));
#8596=CARTESIAN_POINT('',(-0.0139421109684912,-0.0254286755797914,0.00191783466995681));
#8597=CARTESIAN_POINT('',(-0.0139421109684912,-0.0254286755797914,0.00191783466995681));
#8598=CARTESIAN_POINT('',(-0.0139421109684912,-0.0254286755797914,0.00180014994807338));
#8599=CARTESIAN_POINT('',(-0.0139722473419823,-0.0254122730344722,0.00167969139828877));
#8600=CARTESIAN_POINT('',(-0.0140470798752937,-0.025370840486218,0.00159812461443554));
#8601=CARTESIAN_POINT('',(-0.0140470798752937,-0.025370840486218,0.00159812461443554));
#8602=CARTESIAN_POINT('',(-0.0140470798752937,-0.025370840486218,0.00159812461443554));
#8603=CARTESIAN_POINT('',(-0.014129768334603,-0.0253250583453656,0.00150799494236397));
#8604=CARTESIAN_POINT('',(-0.0142486846127016,-0.0252584994591306,0.00148384330660086));
#8605=CARTESIAN_POINT('',(-0.0143613171311655,-0.0251942963834692,0.00148384330660086));
#8606=CARTESIAN_POINT('',(-0.0143613171311655,-0.0251942963834692,0.00148384330660086));
#8607=CARTESIAN_POINT('',(-0.0143613171311655,-0.0251942963834692,0.00148384330660086));
#8608=CARTESIAN_POINT('',(-0.0144690686873576,-0.0251328755663804,0.00148384330660086));
#8609=CARTESIAN_POINT('',(-0.0147054770951074,-0.0249955499917358,0.00152801736971301));
#8610=CARTESIAN_POINT('',(-0.0147765795019678,-0.0249530098028679,0.00179341312761759));
#8611=CARTESIAN_POINT('',(-0.0147765795019678,-0.0249530098028679,0.00191783466995681));
#8612=CARTESIAN_POINT('',(-0.0147765795019678,-0.0249530098028679,0.00191783466995681));
#8613=CARTESIAN_POINT('',(-0.0147765795019678,-0.0249530098028679,0.00191783466995681));
#8614=CARTESIAN_POINT('',(-0.0147765795019678,-0.0249530098028679,0.00204184122773719));
#8615=CARTESIAN_POINT('',(-0.0147045674131068,-0.0249960854530257,0.00230597163789096));
#8616=CARTESIAN_POINT('',(-0.0144687830745775,-0.0251330383721064,0.00234904996915484));
#8617=CARTESIAN_POINT('',(-0.0143613171311655,-0.0251942963834692,0.00234904996915484));
#8618=CARTESIAN_POINT('',(-0.0252563280880335,-0.0142519434292173,0.0025));
#8619=CARTESIAN_POINT('',(-0.0252563280880335,-0.0142519434292173,-0.00215095003084515));
#8620=CARTESIAN_POINT('',(-0.0252563280880335,-0.0142519434292173,0.00207699568167798));
#8621=CARTESIAN_POINT('',(0.,1.46957615897682E-18,0.00207699568167798));
#8622=CARTESIAN_POINT('',(-0.0245654240716995,-0.0154123307834203,0.00207699568167798));
#8623=CARTESIAN_POINT('',(-0.0245654240716995,-0.0154123307834203,0.00207699568167798));
#8624=CARTESIAN_POINT('',(-0.024345081104079,-0.0157635312940296,0.00207699568167798));
#8625=CARTESIAN_POINT('',(-0.0241050318541474,-0.0161260818882874,0.00201126917323286));
#8626=CARTESIAN_POINT('',(-0.0239235687661297,-0.0163909382737007,0.00174571869216533));
#8627=CARTESIAN_POINT('',(-0.0239235687661297,-0.0163909382737007,0.00174571869216533));
#8628=CARTESIAN_POINT('',(-0.0239235687661297,-0.0163909382737007,0.00174571869216533));
#8629=CARTESIAN_POINT('',(-0.0237620407888869,-0.0166266981555753,0.00150934096636301));
#8630=CARTESIAN_POINT('',(-0.023694847446502,-0.0167198745356236,0.00112741731312343));
#8631=CARTESIAN_POINT('',(-0.023694847446502,-0.0167198745356236,0.000758365206662555));
#8632=CARTESIAN_POINT('',(-0.023694847446502,-0.0167198745356236,0.000758365206662555));
#8633=CARTESIAN_POINT('',(-0.023694847446502,-0.0167198745356236,0.000758365206662555));
#8634=CARTESIAN_POINT('',(-0.023694847446502,-0.0167198745356236,0.000367198911142546));
#8635=CARTESIAN_POINT('',(-0.0237693000164824,-0.0166165642206683,-3.22018106202256E-5));
#8636=CARTESIAN_POINT('',(-0.0239384759275321,-0.0163691591191165,-0.000285897594077729));
#8637=CARTESIAN_POINT('',(-0.0239384759275323,-0.0163691591191166,-0.000285897594077729));
#8638=CARTESIAN_POINT('',(-0.0239384759275323,-0.0163691591191166,-0.000285897594077729));
#8639=CARTESIAN_POINT('',(-0.0241259106834768,-0.0160950520400352,-0.00056697429679161));
#8640=CARTESIAN_POINT('',(-0.0243733275783483,-0.015720300477618,-0.000647248611967921));
#8641=CARTESIAN_POINT('',(-0.0246022379634848,-0.0153534975555431,-0.000647248611967921));
#8642=CARTESIAN_POINT('',(-0.0246022379634847,-0.0153534975555431,-0.000647248611967921));
#8643=CARTESIAN_POINT('',(0.,1.46957615897682E-18,-0.000647248611967921));
#8644=CARTESIAN_POINT('',(-0.0248034001662192,-0.0150263548538692,-0.000647248611967921));
#8645=CARTESIAN_POINT('',(-0.0248034001662192,-0.0150263548538692,0.0025));
#8646=CARTESIAN_POINT('',(-0.0248034001662192,-0.0150263548538692,-0.00215095003084515));
#8647=CARTESIAN_POINT('',(0.,1.46957615897682E-18,-0.00215095003084515));
#8648=CARTESIAN_POINT('',(0.0238315596201907,-0.0165244293719721,-0.00173731647131401));
#8649=CARTESIAN_POINT('',(0.0238315596201907,-0.0165244293719721,-0.00186937747665466));
#8650=CARTESIAN_POINT('',(0.0238096965720602,-0.0165561841058591,-0.00200402177558302));
#8651=CARTESIAN_POINT('',(0.0237556382437726,-0.0166333896614913,-0.00209727945712523));
#8652=CARTESIAN_POINT('',(0.0238315596201907,-0.0165244293719721,-0.00173731647131401));
#8653=CARTESIAN_POINT('',(0.0237556382437727,-0.0166333896614913,-0.00209727945712523));
#8654=CARTESIAN_POINT('',(0.0237556382437727,-0.0166333896614913,-0.00209727945712523));
#8655=CARTESIAN_POINT('',(0.0237004367770705,-0.0167122278358015,-0.00219250920183697));
#8656=CARTESIAN_POINT('',(0.0236204183693974,-0.0168253980462115,-0.00222867982726712));
#8657=CARTESIAN_POINT('',(0.0235416737745889,-0.0169348633266063,-0.00222867982726712));
#8658=CARTESIAN_POINT('',(0.0235416737745889,-0.0169348633266063,-0.00222867982726712));
#8659=CARTESIAN_POINT('',(0.0235416737745889,-0.0169348633266063,-0.00222867982726712));
#8660=CARTESIAN_POINT('',(0.0234619628800472,-0.0170456718899462,-0.00222867982726712));
#8661=CARTESIAN_POINT('',(0.0233786560561724,-0.0171594920424632,-0.00219557521689413));
#8662=CARTESIAN_POINT('',(0.0233200315221333,-0.0172387972262195,-0.00210005552128316));
#8663=CARTESIAN_POINT('',(0.0233200315221332,-0.0172387972262195,-0.00210005552128316));
#8664=CARTESIAN_POINT('',(0.0233200315221332,-0.0172387972262195,-0.00210005552128316));
#8665=CARTESIAN_POINT('',(0.0232630178440779,-0.017315923301316,-0.00200716046867828));
#8666=CARTESIAN_POINT('',(0.0232408422719684,-0.017345410069799,-0.0018702965045658));
#8667=CARTESIAN_POINT('',(0.0232408422719684,-0.017345410069799,-0.00173731647131401));
#8668=CARTESIAN_POINT('',(0.0232408422719684,-0.017345410069799,-0.00173731647131401));
#8669=CARTESIAN_POINT('',(0.0232408422719684,-0.017345410069799,-0.00173731647131401));
#8670=CARTESIAN_POINT('',(0.0232408422719684,-0.017345410069799,-0.00160329980749481));
#8671=CARTESIAN_POINT('',(0.0232604479388285,-0.0173193838604496,-0.00146368862566859));
#8672=CARTESIAN_POINT('',(0.0233183810534926,-0.0172410296979069,-0.00137041332510796));
#8673=CARTESIAN_POINT('',(0.0233183810534927,-0.017241029697907,-0.00137041332510796));
#8674=CARTESIAN_POINT('',(0.0233183810534927,-0.017241029697907,-0.00137041332510796));
#8675=CARTESIAN_POINT('',(0.0233774953095536,-0.0171610780492715,-0.00127523632602089));
#8676=CARTESIAN_POINT('',(0.0234617725200785,-0.017045936515187,-0.00124595311536089));
#8677=CARTESIAN_POINT('',(0.0235416737745889,-0.0169348633266063,-0.00124595311536089));
#8678=CARTESIAN_POINT('',(0.0235416737745889,-0.0169348633266063,-0.00124595311536089));
#8679=CARTESIAN_POINT('',(0.0235416737745889,-0.0169348633266063,-0.00124595311536089));
#8680=CARTESIAN_POINT('',(0.0236203316988821,-0.0168255185295574,-0.00124595311536089));
#8681=CARTESIAN_POINT('',(0.0237006175686085,-0.0167119776952332,-0.00127895822760866));
#8682=CARTESIAN_POINT('',(0.0237564344017006,-0.0166322525388985,-0.00137318938926588));
#8683=CARTESIAN_POINT('',(0.0237564344017006,-0.0166322525388985,-0.00137318938926588));
#8684=CARTESIAN_POINT('',(0.0237564344017006,-0.0166322525388985,-0.00137318938926588));
#8685=CARTESIAN_POINT('',(0.0238115820427947,-0.0165534832131565,-0.00146629080679664));
#8686=CARTESIAN_POINT('',(0.0238315596201908,-0.0165244293719721,-0.00160407551583921));
#8687=CARTESIAN_POINT('',(0.0238315596201908,-0.0165244293719721,-0.00173731647131401));
#8688=CARTESIAN_POINT('',(0.,1.46957615897682E-18,-0.00215095003084516));
#8689=CARTESIAN_POINT('',(-0.0226571438107941,-0.0181012108527854,-0.00215095003084516));
#8690=CARTESIAN_POINT('',(-0.0231970460063056,-0.0174039379618908,-0.00215095003084516));
#8691=CARTESIAN_POINT('',(-0.0231970460063056,-0.0174039379618908,0.0025));
#8692=CARTESIAN_POINT('',(-0.0231970460063056,-0.0174039379618908,0.00234904996915484));
#8693=CARTESIAN_POINT('',(0.,1.46957615897682E-18,0.00234904996915484));
#8694=CARTESIAN_POINT('',(-0.0226571438107941,-0.0181012108527854,0.00234904996915484));
#8695=CARTESIAN_POINT('',(-0.0226571438107941,-0.0181012108527854,0.0025));
#8696=CARTESIAN_POINT('',(0.,1.46957615897682E-18,0.000419685379395435));
#8697=CARTESIAN_POINT('',(-0.0154962770376933,-0.0245125559248941,0.000419685379395435));
#8698=CARTESIAN_POINT('',(-0.0162537125906375,-0.0240170112008333,0.000419685379395435));
#8699=CARTESIAN_POINT('',(-0.0162537125906375,-0.0240170112008333,0.0025));
#8700=CARTESIAN_POINT('',(-0.0162537125906375,-0.0240170112008333,-0.00113861196792104));
#8701=CARTESIAN_POINT('',(-0.0162537125906375,-0.0240170112008333,-0.00113861196792104));
#8702=CARTESIAN_POINT('',(-0.0162537125906375,-0.0240170112008333,-0.00124139259301348));
#8703=CARTESIAN_POINT('',(-0.0162316934204267,-0.0240320274716389,-0.00134913657718995));
#8704=CARTESIAN_POINT('',(-0.0161662402513009,-0.0240759771585126,-0.00141621838371376));
#8705=CARTESIAN_POINT('',(-0.0161662402513009,-0.0240759771585125,-0.00141621838371376));
#8706=CARTESIAN_POINT('',(-0.0161662402513009,-0.0240759771585125,-0.00141621838371376));
#8707=CARTESIAN_POINT('',(-0.0161025527948504,-0.0241187412264129,-0.00148149054224586));
#8708=CARTESIAN_POINT('',(-0.0160173139048959,-0.0241755191087054,-0.00150597779148674));
#8709=CARTESIAN_POINT('',(-0.0159334725723901,-0.0242306510804991,-0.00150597779148674));
#8710=CARTESIAN_POINT('',(-0.0159334725723901,-0.0242306510804991,-0.00150597779148674));
#8711=CARTESIAN_POINT('',(-0.0159334725723901,-0.0242306510804991,-0.00150597779148674));
#8712=CARTESIAN_POINT('',(-0.0157754434719661,-0.0243345670804811,-0.00150597779148674));
#8713=CARTESIAN_POINT('',(-0.0156191300342099,-0.0244351247577223,-0.00146126324594634));
#8714=CARTESIAN_POINT('',(-0.0154665263367262,-0.0245313383873639,-0.00140511412708205));
#8715=CARTESIAN_POINT('',(-0.0154665263367262,-0.0245313383873639,-0.00140511412708205));
#8716=CARTESIAN_POINT('',(-0.0154665263367262,-0.0245313383873639,0.0025));
#8717=CARTESIAN_POINT('',(-0.0154665263367262,-0.0245313383873639,-0.00206119062307218));
#8718=CARTESIAN_POINT('',(-0.0154665263367262,-0.0245313383873639,-0.00206119062307218));
#8719=CARTESIAN_POINT('',(-0.0156803704920073,-0.0243965138536436,-0.00217474053581152));
#8720=CARTESIAN_POINT('',(-0.0159156062429669,-0.0242439696369192,-0.00220924737816163));
#8721=CARTESIAN_POINT('',(-0.0161454915233224,-0.024089896294304,-0.00220924737816163));
#8722=CARTESIAN_POINT('',(-0.0161454915233224,-0.024089896294304,-0.00220924737816163));
#8723=CARTESIAN_POINT('',(-0.0161454915233224,-0.0240898962943041,-0.00220924737816163));
#8724=CARTESIAN_POINT('',(-0.0163791941279466,-0.0239332645107612,-0.00220924737816163));
#8725=CARTESIAN_POINT('',(-0.0166249193396288,-0.0237623281231817,-0.00215229770622153));
#8726=CARTESIAN_POINT('',(-0.0167800559686819,-0.0236522667346685,-0.00194135718692166));
#8727=CARTESIAN_POINT('',(-0.0167800559686819,-0.0236522667346684,-0.00194135718692165));
#8728=CARTESIAN_POINT('',(-0.0167800559686819,-0.0236522667346685,-0.00194135718692166));
#8729=CARTESIAN_POINT('',(-0.0169379336147573,-0.023540260736805,-0.00172668968478337));
#8730=CARTESIAN_POINT('',(-0.0169765105728141,-0.0235116585712521,-0.00142540900292275));
#8731=CARTESIAN_POINT('',(-0.0169765105728141,-0.0235116585712521,-0.00113861196792104));
#8732=CARTESIAN_POINT('',(-0.0169765105728142,-0.0235116585712521,-0.00113861196792104));
#8733=CARTESIAN_POINT('',(-0.0169765105728142,-0.0235116585712521,0.0025));
#8734=CARTESIAN_POINT('',(-0.0169765105728142,-0.0235116585712521,0.000419685379395435));
#8735=CARTESIAN_POINT('',(0.,1.46957615897682E-18,0.000419685379395435));
#8736=CARTESIAN_POINT('',(-0.0173170243865285,-0.0232620004813941,0.000419685379395435));
#8737=CARTESIAN_POINT('',(-0.0173170243865285,-0.0232620004813941,0.0025));
#8738=CARTESIAN_POINT('',(-0.0173170243865285,-0.0232620004813941,0.00079260333127699));
#8739=CARTESIAN_POINT('',(0.,1.46957615897682E-18,0.00154969066713668));
#8740=CARTESIAN_POINT('',(-0.0169246843447655,-0.0235489927561679,0.00108779148673658));
#8741=CARTESIAN_POINT('',(0.,1.46957615897682E-18,0.00312783523077787));
#8742=CARTESIAN_POINT('',(-0.0167173447754317,-0.0236966323273867,0.00177070326958668));
#8743=CARTESIAN_POINT('',(0.,1.46957615897682E-18,0.00177070326958668));
#8744=CARTESIAN_POINT('',(-0.0162537125906375,-0.0240170112008333,0.00177070326958668));
#8745=CARTESIAN_POINT('',(-0.0162537125906375,-0.0240170112008333,0.0025));
#8746=CARTESIAN_POINT('',(-0.0162537125906375,-0.0240170112008333,0.00108223935842073));
#8747=CARTESIAN_POINT('',(0.,1.46957615897682E-18,0.00108223935842073));
#8748=CARTESIAN_POINT('',(-0.0154962770376933,-0.0245125559248941,0.00108223935842073));
#8749=CARTESIAN_POINT('',(-0.0154962770376933,-0.0245125559248941,0.0025));
#8750=CARTESIAN_POINT('',(-0.0191022435356441,-0.0218198142041802,0.000756555729009929));
#8751=CARTESIAN_POINT('',(-0.0190670034864205,-0.02185066524609,0.000688407058991942));
#8752=CARTESIAN_POINT('',(-0.0190223300085348,-0.0218896283571356,0.000631207142900415));
#8753=CARTESIAN_POINT('',(-0.018969552903518,-0.0219352698328657,0.000586830079712283));
#8754=CARTESIAN_POINT('',(-0.0191020155591071,-0.0218200137836449,0.000756771509337135));
#8755=CARTESIAN_POINT('',(-0.0189698323369339,-0.0219350281766087,0.000586249228871068));
#8756=CARTESIAN_POINT('',(-0.0189698323369339,-0.0219350281766087,0.000586249228871068));
#8757=CARTESIAN_POINT('',(-0.0188365017255612,-0.0220503350420824,0.000465108584934209));
#8758=CARTESIAN_POINT('',(-0.0186850480577907,-0.0221789569383428,0.000382124512827471));
#8759=CARTESIAN_POINT('',(-0.0185368171187753,-0.0223021615792075,0.000290135718692166));
#8760=CARTESIAN_POINT('',(-0.0185368171187753,-0.0223021615792075,0.000290135718692166));
#8761=CARTESIAN_POINT('',(-0.0185368171187753,-0.0223021615792075,0.000290135718692166));
#8762=CARTESIAN_POINT('',(-0.0183052275212139,-0.0224946511727099,0.000145914606042322));
#8763=CARTESIAN_POINT('',(-0.0180657754491308,-0.0226863378119523,-1.28211981963724E-5));
#8764=CARTESIAN_POINT('',(-0.0179042402220429,-0.0228131142563084,-0.000278494756323257));
#8765=CARTESIAN_POINT('',(-0.0179042402220429,-0.0228131142563084,-0.000278494756323257));
#8766=CARTESIAN_POINT('',(-0.0179042402220429,-0.0228131142563084,-0.000278494756323257));
#8767=CARTESIAN_POINT('',(-0.017783858511286,-0.0229075925043686,-0.000476483999950062));
#8768=CARTESIAN_POINT('',(-0.0177306898071305,-0.0229482600421758,-0.000727013237212781));
#8769=CARTESIAN_POINT('',(-0.0177306898071305,-0.0229482600421758,-0.000976674892041949));
#8770=CARTESIAN_POINT('',(-0.0177306898071305,-0.0229482600421758,-0.000976674892041949));
#8771=CARTESIAN_POINT('',(-0.0177306898071305,-0.0229482600421758,-0.000976674892041949));
#8772=CARTESIAN_POINT('',(-0.0177306898071305,-0.0229482600421758,-0.00132231912252769));
#8773=CARTESIAN_POINT('',(-0.017844043427137,-0.0228618246451815,-0.00166338644674423));
#8774=CARTESIAN_POINT('',(-0.0180553469840576,-0.0226937093769459,-0.00187935842072795));
#8775=CARTESIAN_POINT('',(-0.0180553469840576,-0.0226937093769459,-0.00187935842072795));
#8776=CARTESIAN_POINT('',(-0.0180553469840576,-0.0226937093769459,-0.00187935842072795));
#8777=CARTESIAN_POINT('',(-0.0183052817164059,-0.0224948587509437,-0.00213481506470983));
#8778=CARTESIAN_POINT('',(-0.0186300263720302,-0.022228077961176,-0.00220924737816163));
#8779=CARTESIAN_POINT('',(-0.0189379647326178,-0.0219625474794279,-0.00220924737816163));
#8780=CARTESIAN_POINT('',(-0.0189379647326178,-0.0219625474794279,-0.00220924737816163));
#8781=CARTESIAN_POINT('',(-0.0189379647326178,-0.0219625474794279,-0.00220924737816163));
#8782=CARTESIAN_POINT('',(-0.0192506139542686,-0.0216929548951046,-0.00220924737816163));
#8783=CARTESIAN_POINT('',(-0.0195580880139426,-0.0214153880727909,-0.00213583390589102));
#8784=CARTESIAN_POINT('',(-0.0198288237613009,-0.0211617047574922,-0.00195384947563232));
#8785=CARTESIAN_POINT('',(-0.0198288237613009,-0.0211617047574922,-0.00195384947563232));
#8786=CARTESIAN_POINT('',(-0.0198288237613009,-0.0211617047574922,0.0025));
#8787=CARTESIAN_POINT('',(-0.0198288237613009,-0.0211617047574922,-0.00112103022825416));
#8788=CARTESIAN_POINT('',(-0.0198288237613009,-0.0211617047574922,-0.00112103022825416));
#8789=CARTESIAN_POINT('',(-0.019656976787422,-0.0213227278602152,-0.00122641700523482));
#8790=CARTESIAN_POINT('',(-0.0194803588784344,-0.0214843657426074,-0.00132488232671042));
#8791=CARTESIAN_POINT('',(-0.0192939356882759,-0.0216504975845054,-0.0013903084515731));
#8792=CARTESIAN_POINT('',(-0.0192939356882758,-0.0216504975845054,-0.0013903084515731));
#8793=CARTESIAN_POINT('',(-0.0192938081504926,-0.021650611285833,-0.00138969448700773));
#8794=CARTESIAN_POINT('',(-0.0191612796481914,-0.0217687132398201,-0.00143909595386009));
#8795=CARTESIAN_POINT('',(-0.0190251717584315,-0.0218878226817951,-0.00146544052740634));
#8796=CARTESIAN_POINT('',(-0.0188853584424411,-0.022007799447026,-0.00146871008473514));
#8797=CARTESIAN_POINT('',(-0.0188853494022928,-0.0220078072045654,-0.00146803824799506));
#8798=CARTESIAN_POINT('',(-0.0188853494022928,-0.0220078072045654,-0.00146803824799506));
#8799=CARTESIAN_POINT('',(-0.0187652933350228,-0.0221108297709294,-0.00146803824799506));
#8800=CARTESIAN_POINT('',(-0.0186396790745827,-0.0222166415437681,-0.00144796109155658));
#8801=CARTESIAN_POINT('',(-0.018540019441383,-0.0222994995260687,-0.00135560764959901));
#8802=CARTESIAN_POINT('',(-0.018540019441383,-0.0222994995260688,-0.00135560764959901));
#8803=CARTESIAN_POINT('',(-0.018540019441383,-0.0222994995260688,-0.00135560764959901));
#8804=CARTESIAN_POINT('',(-0.0184587130087222,-0.0223670984800489,-0.00128026190861598));
#8805=CARTESIAN_POINT('',(-0.018418416658547,-0.0224000430310337,-0.00114954106533711));
#8806=CARTESIAN_POINT('',(-0.018418416658547,-0.0224000430310337,-0.00102016656384947));
#8807=CARTESIAN_POINT('',(-0.018418416658547,-0.0224000430310337,-0.00102016656384947));
#8808=CARTESIAN_POINT('',(-0.0184185728863701,-0.0223999145719236,-0.0010201635191086));
#8809=CARTESIAN_POINT('',(-0.0184176515009742,-0.0224006721910661,-0.000940922236562896));
#8810=CARTESIAN_POINT('',(-0.0184363934831856,-0.0223852970205778,-0.000863407137288812));
#8811=CARTESIAN_POINT('',(-0.0184719497087517,-0.0223559180969459,-0.000798962376154757));
#8812=CARTESIAN_POINT('',(-0.0184717738045922,-0.0223560654989469,-0.000798798126960403));
#8813=CARTESIAN_POINT('',(-0.0184715655349078,-0.022356235521429,-0.000798596923204074));
#8814=CARTESIAN_POINT('',(-0.0185155941090172,-0.0223198574518167,-0.000724395843137237));
#8815=CARTESIAN_POINT('',(-0.0185681468119527,-0.0222762259739002,-0.000662556604113272));
#8816=CARTESIAN_POINT('',(-0.0186290716096177,-0.022225158963745,-0.000613078911058932));
#8817=CARTESIAN_POINT('',(-0.0186288182464355,-0.02222537132966,-0.000612547809993831));
#8818=CARTESIAN_POINT('',(-0.0186288182464355,-0.02222537132966,-0.000612547809993831));
#8819=CARTESIAN_POINT('',(-0.0187608231299907,-0.0221147277346929,-0.000498313677939675));
#8820=CARTESIAN_POINT('',(-0.0189051987716189,-0.0219915473486573,-0.000414901031402505));
#8821=CARTESIAN_POINT('',(-0.0190456647272669,-0.0218692170663821,-0.000326150524367674));
#8822=CARTESIAN_POINT('',(-0.0190456647272669,-0.0218692170663821,-0.000326150524367674));
#8823=CARTESIAN_POINT('',(-0.0190456647272669,-0.0218692170663821,-0.000326150524367674));
#8824=CARTESIAN_POINT('',(-0.0192003456976289,-0.0217345070814631,-0.000229488804836556));
#8825=CARTESIAN_POINT('',(-0.0193524869075806,-0.0215988609769238,-0.000124788591349808));
#8826=CARTESIAN_POINT('',(-0.0194798217074626,-0.0214834016451182,2.36335595311541E-5));
#8827=CARTESIAN_POINT('',(-0.0194798217074626,-0.0214834016451182,2.36335595311541E-5));
#8828=CARTESIAN_POINT('',(-0.0194797652726587,-0.0214834528165777,2.37225023176123E-5));
#8829=CARTESIAN_POINT('',(-0.0195749866834784,-0.0213971123783094,0.000133815406860934));
#8830=CARTESIAN_POINT('',(-0.0196509594886197,-0.0213271161112523,0.00026393771767478));
#8831=CARTESIAN_POINT('',(-0.0197082097324837,-0.0212740797483801,0.000414111837932283));
#8832=CARTESIAN_POINT('',(-0.0197081795048485,-0.0212741077510825,0.000414133251079582));
#8833=CARTESIAN_POINT('',(-0.0197081795048485,-0.0212741077510825,0.000414133251079582));
#8834=CARTESIAN_POINT('',(-0.019768959380489,-0.0212178017140246,0.000573720137946439));
#8835=CARTESIAN_POINT('',(-0.0197929650711355,-0.0211952479035469,0.000754582701535054));
#8836=CARTESIAN_POINT('',(-0.0197929650711355,-0.0211952479035469,0.000934182603331278));
#8837=CARTESIAN_POINT('',(-0.0197929650711355,-0.0211952479035469,0.000934182603331278));
#8838=CARTESIAN_POINT('',(-0.0197929650711355,-0.0211952479035469,0.000934182603331278));
#8839=CARTESIAN_POINT('',(-0.0197929650711355,-0.0211952479035469,0.00126773749278187));
#8840=CARTESIAN_POINT('',(-0.0197020877004834,-0.0212812835466549,0.00160121961887556));
#8841=CARTESIAN_POINT('',(-0.0195130646193778,-0.0214532120942292,0.00181650832819248));
#8842=CARTESIAN_POINT('',(-0.0195130646193778,-0.0214532120942292,0.00181650832819248));
#8843=CARTESIAN_POINT('',(-0.0195130646193778,-0.0214532120942292,0.00181650832819248));
#8844=CARTESIAN_POINT('',(-0.0192995614510887,-0.0216474068423615,0.00205967874562084));
#8845=CARTESIAN_POINT('',(-0.0190093335909133,-0.0219040223248576,0.00213714373843307));
#8846=CARTESIAN_POINT('',(-0.0187226191430156,-0.022146411276448,0.00213714373843307));
#8847=CARTESIAN_POINT('',(-0.0187226191430157,-0.022146411276448,0.00213714373843307));
#8848=CARTESIAN_POINT('',(-0.0187226182484662,-0.0221464120327018,0.00213691436667609));
#8849=CARTESIAN_POINT('',(-0.0185600031773042,-0.022283887118703,0.00213800182957257));
#8850=CARTESIAN_POINT('',(-0.0183984153718025,-0.022417423741836,0.00211222870301537));
#8851=CARTESIAN_POINT('',(-0.01823798970644,-0.0225471889925948,0.0020596157117914));
#8852=CARTESIAN_POINT('',(-0.0182379988815912,-0.0225471821782728,0.00205956467427912));
#8853=CARTESIAN_POINT('',(-0.01823796721457,-0.0225472071910523,0.00205971526895866));
#8854=CARTESIAN_POINT('',(-0.0180712813536969,-0.0226820359190618,0.00200252522182473));
#8855=CARTESIAN_POINT('',(-0.0179075213626602,-0.0228114427535274,0.00192922162244432));
#8856=CARTESIAN_POINT('',(-0.0177469073363145,-0.0229357206120991,0.00183982945790211));
#8857=CARTESIAN_POINT('',(-0.0177468114555899,-0.0229357948011344,0.00184010487353485));
#8858=CARTESIAN_POINT('',(0.,1.46957615897682E-18,-0.00130521437384331));
#8859=CARTESIAN_POINT('',(-0.0179744479796829,-0.022757838645743,0.00114238741517582));
#8860=CARTESIAN_POINT('',(-0.0179744479796829,-0.022757838645743,0.00114238741517582));
#8861=CARTESIAN_POINT('',(-0.0181180433474031,-0.0226444250871276,0.00121733412503955));
#8862=CARTESIAN_POINT('',(-0.0182622320557139,-0.0225283761344149,0.0012884643826107));
#8863=CARTESIAN_POINT('',(-0.018410552246695,-0.0224065072238337,0.00133624922887107));
#8864=CARTESIAN_POINT('',(-0.018410552246695,-0.0224065072238337,0.00133624922887107));
#8865=CARTESIAN_POINT('',(-0.0184105815170951,-0.0224064831765972,0.00133610018456703));
#8866=CARTESIAN_POINT('',(-0.0185208370895794,-0.0223158902357534,0.0013723694996522));
#8867=CARTESIAN_POINT('',(-0.018632170221796,-0.0222230491025844,0.00139082118959785));
#8868=CARTESIAN_POINT('',(-0.0187445161514461,-0.0221278809253886,0.00139144906399434));
#8869=CARTESIAN_POINT('',(-0.0187445166105751,-0.0221278805364607,0.00139130783466996));
#8870=CARTESIAN_POINT('',(-0.0187445166105751,-0.0221278805364607,0.00139130783466996));
#8871=CARTESIAN_POINT('',(-0.0188509529983045,-0.0220377183252866,0.00139130783466996));
#8872=CARTESIAN_POINT('',(-0.0189610261737602,-0.0219428955871436,0.00136492513792004));
#8873=CARTESIAN_POINT('',(-0.0190407791013855,-0.0218734709456968,0.0012728624305984));
#8874=CARTESIAN_POINT('',(-0.0190407791013855,-0.0218734709456967,0.0012728624305984));
#8875=CARTESIAN_POINT('',(-0.0190408354792082,-0.0218734218688738,0.00127294938913197));
#8876=CARTESIAN_POINT('',(-0.0191079275686463,-0.0218150181383279,0.00119649024651451));
#8877=CARTESIAN_POINT('',(-0.0191458138340389,-0.0217815938452072,0.00108102758761879));
#8878=CARTESIAN_POINT('',(-0.0191426441126134,-0.02178437918275,0.000963807875975024));
#8879=CARTESIAN_POINT('',(-0.0191429097776135,-0.021784141553829,0.000963795045702931));
#8880=CARTESIAN_POINT('',(-0.0191428856394223,-0.0217841669428969,0.000963794139772255));
#8881=CARTESIAN_POINT('',(-0.0191443058976532,-0.0217829188877859,0.000890974638801305));
#8882=CARTESIAN_POINT('',(-0.0191301597642572,-0.021795375434023,0.000819278015194183));
#8883=CARTESIAN_POINT('',(-0.0191019776533593,-0.0218200469690275,0.000756801712762115));
#8884=CARTESIAN_POINT('',(0.,1.46957615897682E-18,0.00131913016656385));
#8885=CARTESIAN_POINT('',(0.018956381821288,-0.0219466532356426,0.00131913016656385));
#8886=CARTESIAN_POINT('',(0.0177888491537964,-0.0229032060153917,0.00131913016656385));
#8887=CARTESIAN_POINT('',(0.,1.46957615897682E-18,0.00594859720631004));
#8888=CARTESIAN_POINT('',(0.0177273888173674,-0.0229508101320603,0.000489086983343616));
#8889=CARTESIAN_POINT('',(0.,1.46957615897682E-18,0.000592276768785832));
#8890=CARTESIAN_POINT('',(0.0178070548411707,-0.0228890541238862,0.000509827725305498));
#8891=CARTESIAN_POINT('',(0.017806993945371,-0.0228891015521354,0.000510210693694905));
#8892=CARTESIAN_POINT('',(0.0179208138467368,-0.0228005532843117,0.00053927825338106));
#8893=CARTESIAN_POINT('',(0.0180351002809979,-0.0227102793963692,0.00055236705330072));
#8894=CARTESIAN_POINT('',(0.0181498133808725,-0.0226182288042079,0.000549472536053063));
#8895=CARTESIAN_POINT('',(0.0181498239309355,-0.0226182203383918,0.000550160394818014));
#8896=CARTESIAN_POINT('',(0.0181498239309355,-0.0226182203383918,0.000550160394818014));
#8897=CARTESIAN_POINT('',(0.0184269643986136,-0.0223958310161003,0.000550160394818014));
#8898=CARTESIAN_POINT('',(0.0187041578990075,-0.0221635189211918,0.00045127762229404));
#8899=CARTESIAN_POINT('',(0.0189006118978889,-0.0219947009501239,0.000205928439235041));
#8900=CARTESIAN_POINT('',(0.0189006118978889,-0.0219947009501239,0.000205928439235041));
#8901=CARTESIAN_POINT('',(0.0189006118978889,-0.0219947009501239,0.000205928439235041));
#8902=CARTESIAN_POINT('',(0.019093037400254,-0.0218293447696645,-3.43895999691764E-5));
#8903=CARTESIAN_POINT('',(0.0191748174441569,-0.0217560652688683,-0.00038864719052195));
#8904=CARTESIAN_POINT('',(0.0191748174441569,-0.0217560652688683,-0.0007370080197409));
#8905=CARTESIAN_POINT('',(0.0191748174441569,-0.0217560652688683,-0.0007370080197409));
#8906=CARTESIAN_POINT('',(0.0191748174441569,-0.0217560652688683,-0.0007370080197409));
#8907=CARTESIAN_POINT('',(0.0191748174441569,-0.0217560652688683,-0.00114353932903435));
#8908=CARTESIAN_POINT('',(0.0190782188058542,-0.0218429836399153,-0.0015584204665552));
#8909=CARTESIAN_POINT('',(0.0188447251016365,-0.0220426027465848,-0.00182707587908699));
#8910=CARTESIAN_POINT('',(0.0188447251016365,-0.0220426027465849,-0.00182707587908699));
#8911=CARTESIAN_POINT('',(0.0188447251016365,-0.0220426027465849,-0.00182707587908699));
#8912=CARTESIAN_POINT('',(0.0185875768864592,-0.0222624446355443,-0.0021229479243815));
#8913=CARTESIAN_POINT('',(0.0182296029915938,-0.022558393542538,-0.00220924737816163));
#8914=CARTESIAN_POINT('',(0.0178778809499177,-0.0228337770143393,-0.00220924737816163));
#8915=CARTESIAN_POINT('',(0.0178778809499177,-0.0228337770143393,-0.00220924737816163));
#8916=CARTESIAN_POINT('',(0.0178778809499177,-0.0228337770143393,-0.00220924737816163));
#8917=CARTESIAN_POINT('',(0.0175692523474392,-0.0230754201472027,-0.00220924737816163));
#8918=CARTESIAN_POINT('',(0.017249044101532,-0.0233150486801612,-0.00216405298489111));
#8919=CARTESIAN_POINT('',(0.0169669221089862,-0.0235185789142881,-0.00198068476249229));
#8920=CARTESIAN_POINT('',(0.0169669221089861,-0.0235185789142881,-0.00198068476249229));
#8921=CARTESIAN_POINT('',(0.0169669221089861,-0.0235185789142881,0.0025));
#8922=CARTESIAN_POINT('',(0.0169669221089862,-0.0235185789142881,-0.00120866737607396));
#8923=CARTESIAN_POINT('',(0.0169669221089862,-0.0235185789142881,-0.00120866737607396));
#8924=CARTESIAN_POINT('',(0.0171043935883814,-0.0234194033692177,-0.00129561862388816));
#8925=CARTESIAN_POINT('',(0.0172473861034392,-0.0233144163657135,-0.0013612384521288));
#8926=CARTESIAN_POINT('',(0.0173956507954226,-0.0232032612665486,-0.00140549760221642));
#8927=CARTESIAN_POINT('',(0.0173956017362661,-0.0232032966386999,-0.00140576927055157));
#8928=CARTESIAN_POINT('',(0.017395636169404,-0.023203272231772,-0.00140560912660046));
#8929=CARTESIAN_POINT('',(0.0175464645197087,-0.0230901952881529,-0.00145527788316181));
#8930=CARTESIAN_POINT('',(0.0176987445872813,-0.0229737336724813,-0.00148118186087655));
#8931=CARTESIAN_POINT('',(0.0178523633315884,-0.0228537332503238,-0.00148329206760572));
#8932=CARTESIAN_POINT('',(0.0178523671513676,-0.0228537302664745,-0.00148284392350401));
#8933=CARTESIAN_POINT('',(0.0178523671513676,-0.0228537302664745,-0.00148284392350401));
#8934=CARTESIAN_POINT('',(0.018011810845541,-0.0227291795985895,-0.00148284392350401));
#8935=CARTESIAN_POINT('',(0.0183595092477747,-0.0224502218952569,-0.00143381907331509));
#8936=CARTESIAN_POINT('',(0.0184905585034993,-0.0223405292289299,-0.00101524417036354));
#8937=CARTESIAN_POINT('',(0.0184905585034993,-0.0223405292289299,-0.000811961752004935));
#8938=CARTESIAN_POINT('',(0.0184905585034994,-0.0223405292289299,-0.000811961752004935));
#8939=CARTESIAN_POINT('',(0.0184905585034994,-0.0223405292289299,-0.000811961752004935));
#8940=CARTESIAN_POINT('',(0.0184905585034994,-0.0223405292289299,-0.000710331350961915));
#8941=CARTESIAN_POINT('',(0.0184671812137053,-0.0223599846898341,-0.000503745718846697));
#8942=CARTESIAN_POINT('',(0.0182383976352583,-0.0225480599237958,-0.000199378598312467));
#8943=CARTESIAN_POINT('',(0.0179892384038656,-0.0227470480813049,-0.000172541640962369));
#8944=CARTESIAN_POINT('',(0.0178297503281214,-0.022871379565668,-0.000172541640962369));
#8945=CARTESIAN_POINT('',(0.0178297503281214,-0.022871379565668,-0.000172541640962369));
#8946=CARTESIAN_POINT('',(0.0178297482399655,-0.0228713812003258,-0.000172293593985526));
#8947=CARTESIAN_POINT('',(0.0177402890150402,-0.0229411205590549,-0.000173506286773126));
#8948=CARTESIAN_POINT('',(0.017651084642992,-0.0230098174732225,-0.000183846011628114));
#8949=CARTESIAN_POINT('',(0.0175621525685601,-0.0230774954697995,-0.000203306950149651));
#8950=CARTESIAN_POINT('',(0.0175621404341282,-0.0230775043336784,-0.000203238803426737));
#8951=CARTESIAN_POINT('',(0.0175621596029323,-0.0230774901263403,-0.00020339911194896));
#8952=CARTESIAN_POINT('',(0.0174812341238113,-0.0231390750808776,-0.00021882023367949));
#8953=CARTESIAN_POINT('',(0.0174010615067577,-0.0231994150462573,-0.000240491700789243));
#8954=CARTESIAN_POINT('',(0.0173216654933031,-0.0232585447639811,-0.000268408798675649));
#8955=CARTESIAN_POINT('',(0.0173217491180627,-0.0232584824846957,-0.000268778531770511));
#8956=CARTESIAN_POINT('',(0.,1.46957615897682E-18,-0.000817303572430036));
#8957=CARTESIAN_POINT('',(0.0170344732361146,-0.0234696979436911,-7.72301048735343E-5));
#8958=CARTESIAN_POINT('',(0.,1.46957615897682E-18,0.0185530655782391));
#8959=CARTESIAN_POINT('',(0.0171631536752204,-0.0233757600073402,0.00207699568167798));
#8960=CARTESIAN_POINT('',(0.,1.46957615897682E-18,0.00207699568167798));
#8961=CARTESIAN_POINT('',(0.018956381821288,-0.0219466532356426,0.00207699568167798));
#8962=CARTESIAN_POINT('',(0.018956381821288,-0.0219466532356426,0.0025));
#8963=CARTESIAN_POINT('',(0.,1.46957615897682E-18,-0.00215095003084515));
#8964=CARTESIAN_POINT('',(-0.0139778036278878,-0.0254090732955809,-0.00215095003084515));
#8965=CARTESIAN_POINT('',(-0.0147439180589739,-0.0249723222842863,-0.00215095003084515));
#8966=CARTESIAN_POINT('',(-0.0147439180589739,-0.0249723222842863,0.0025));
#8967=CARTESIAN_POINT('',(-0.0147439180589739,-0.0249723222842863,0.00108223935842073));
#8968=CARTESIAN_POINT('',(0.,1.46957615897682E-18,0.00108223935842073));
#8969=CARTESIAN_POINT('',(-0.0139778036278878,-0.0254090732955809,0.00108223935842073));
#8970=CARTESIAN_POINT('',(-0.0139778036278878,-0.0254090732955809,0.0025));
#8971=CARTESIAN_POINT('',(-0.00960384195999195,-0.027363592958665,0.000262375077112894));
#8972=CARTESIAN_POINT('',(-0.00967919815674578,-0.027337145079345,0.000381537446629537));
#8973=CARTESIAN_POINT('',(-0.00981715833311572,-0.0272881625494939,0.000437267119062308));
#8974=CARTESIAN_POINT('',(-0.00995135737872308,-0.0272391351977432,0.000437267119062308));
#8975=CARTESIAN_POINT('',(-0.00960384195999195,-0.027363592958665,0.000262375077112894));
#8976=CARTESIAN_POINT('',(-0.00995135737872308,-0.0272391351977432,0.000437267119062308));
#8977=CARTESIAN_POINT('',(-0.00995135737872308,-0.0272391351977432,0.000437267119062308));
#8978=CARTESIAN_POINT('',(-0.0101276398516427,-0.0271747333775352,0.000437267119062308));
#8979=CARTESIAN_POINT('',(-0.0103045933354077,-0.0271076920243641,0.000361154294549079));
#8980=CARTESIAN_POINT('',(-0.0104051715279663,-0.0270690303755713,0.000205928439235041));
#8981=CARTESIAN_POINT('',(-0.0104051715279663,-0.0270690303755713,0.000205928439235041));
#8982=CARTESIAN_POINT('',(-0.0104051715279663,-0.0270690303755713,0.000205928439235041));
#8983=CARTESIAN_POINT('',(-0.0105419533176974,-0.0270164522830313,-5.17169850154895E-6));
#8984=CARTESIAN_POINT('',(-0.0105548981623046,-0.0270110000700341,-0.000273985899021752));
#8985=CARTESIAN_POINT('',(-0.0105548981623046,-0.0270110000700341,-0.00052880320789636));
#8986=CARTESIAN_POINT('',(-0.0105548981623046,-0.0270110000700341,-0.00052880320789636));
#8987=CARTESIAN_POINT('',(-0.0105548981623046,-0.0270110000700341,0.0025));
#8988=CARTESIAN_POINT('',(-0.0105548981623046,-0.0270110000700341,-0.00215095003084515));
#8989=CARTESIAN_POINT('',(0.,1.46957615897682E-18,-0.00215095003084515));
#8990=CARTESIAN_POINT('',(-0.0113713031988641,-0.026677583540484,-0.00215095003084515));
#8991=CARTESIAN_POINT('',(-0.0113713031988641,-0.026677583540484,0.0025));
#8992=CARTESIAN_POINT('',(-0.0113713031988641,-0.026677583540484,-0.000262301048735348));
#8993=CARTESIAN_POINT('',(-0.0113713031988641,-0.026677583540484,-0.000262301048735348));
#8994=CARTESIAN_POINT('',(-0.0113713031988641,-0.026677583540484,-8.02271049197709E-5));
#8995=CARTESIAN_POINT('',(-0.0113852781090196,-0.026671817287321,0.000110070039775234));
#8996=CARTESIAN_POINT('',(-0.0114789069870324,-0.0266314606130242,0.000262375077112894));
#8997=CARTESIAN_POINT('',(-0.0114789069870324,-0.0266314606130242,0.000262375077112894));
#8998=CARTESIAN_POINT('',(-0.0114789069870324,-0.0266314606130242,0.000262375077112894));
#8999=CARTESIAN_POINT('',(-0.0115521486483748,-0.0265998914013185,0.000381516459581554));
#9000=CARTESIAN_POINT('',(-0.0116863015084837,-0.0265414910763658,0.000437267119062308));
#9001=CARTESIAN_POINT('',(-0.0118167078780943,-0.0264833044562756,0.000437267119062308));
#9002=CARTESIAN_POINT('',(-0.0118167078780943,-0.0264833044562756,0.000437267119062308));
#9003=CARTESIAN_POINT('',(-0.0118167078780943,-0.0264833044562756,0.000437267119062308));
#9004=CARTESIAN_POINT('',(-0.0119937381729306,-0.026404314491745,0.000437267119062308));
#9005=CARTESIAN_POINT('',(-0.0121718105219184,-0.0263221861990529,0.000354373887385188));
#9006=CARTESIAN_POINT('',(-0.0122644780261925,-0.0262789379303092,0.000188346699568169));
#9007=CARTESIAN_POINT('',(-0.0122644780261925,-0.0262789379303092,0.000188346699568169));
#9008=CARTESIAN_POINT('',(-0.0122644780261925,-0.0262789379303092,0.000188346699568169));
#9009=CARTESIAN_POINT('',(-0.0123993203739305,-0.0262160065053323,-5.3242797947277E-5));
#9010=CARTESIAN_POINT('',(-0.0124032581635192,-0.0262137213483529,-0.000348611618612573));
#9011=CARTESIAN_POINT('',(-0.0124032581635192,-0.0262137213483529,-0.000629666872301048));
#9012=CARTESIAN_POINT('',(-0.0124032581635192,-0.0262137213483529,-0.000629666872301048));
#9013=CARTESIAN_POINT('',(-0.0124032581635192,-0.0262137213483529,0.0025));
#9014=CARTESIAN_POINT('',(-0.0124032581635192,-0.0262137213483529,-0.00215095003084515));
#9015=CARTESIAN_POINT('',(0.,1.46957615897682E-18,-0.00215095003084515));
#9016=CARTESIAN_POINT('',(-0.0131963937611499,-0.0258235394882399,-0.00215095003084515));
#9017=CARTESIAN_POINT('',(-0.0131963937611499,-0.0258235394882399,0.0025));
#9018=CARTESIAN_POINT('',(-0.0131963937611499,-0.0258235394882399,0.00108223935842073));
#9019=CARTESIAN_POINT('',(0.,1.46957615897682E-18,0.00108223935842073));
#9020=CARTESIAN_POINT('',(-0.012591437938132,-0.0261238529059205,0.00108223935842073));
#9021=CARTESIAN_POINT('',(0.,1.46957615897682E-18,-0.00500108232765268));
#9022=CARTESIAN_POINT('',(-0.0124844544130869,-0.0261751484810986,0.000668605798889575));
#9023=CARTESIAN_POINT('',(0.,1.46957615897682E-18,0.000668605798889575));
#9024=CARTESIAN_POINT('',(-0.0124401025685927,-0.0261962563753467,0.000668605798889575));
#9025=CARTESIAN_POINT('',(-0.0124403518348249,-0.0261961380021134,0.000668769478027702));
#9026=CARTESIAN_POINT('',(-0.012359823077806,-0.0262343805121374,0.000819063222924375));
#9027=CARTESIAN_POINT('',(-0.0122413443223532,-0.0262901909282734,0.000939782337805461));
#9028=CARTESIAN_POINT('',(-0.0120986575612134,-0.0263556917043832,0.00101649576715358));
#9029=CARTESIAN_POINT('',(-0.0120989323300443,-0.0263555627835744,0.00101711754841238));
#9030=CARTESIAN_POINT('',(-0.0120992089966263,-0.0263554386719387,0.00101773941961878));
#9031=CARTESIAN_POINT('',(-0.0119391520585477,-0.0264289173329952,0.00110356222377467));
#9032=CARTESIAN_POINT('',(-0.0117633702958108,-0.0265077627186975,0.00114579739331983));
#9033=CARTESIAN_POINT('',(-0.0115838047517453,-0.0265860013441932,0.00114146034602218));
#9034=CARTESIAN_POINT('',(-0.011583785932888,-0.0265860095437624,0.00114238741517582));
#9035=CARTESIAN_POINT('',(-0.011583785932888,-0.0265860095437624,0.00114238741517582));
#9036=CARTESIAN_POINT('',(-0.0114076212777004,-0.0266627662172781,0.00114238741517582));
#9037=CARTESIAN_POINT('',(-0.0110484955726143,-0.0268147523748059,0.00109949712584724));
#9038=CARTESIAN_POINT('',(-0.0107615823250828,-0.0269294805694992,0.00083855702277303));
#9039=CARTESIAN_POINT('',(-0.010675469166771,-0.0269635746530263,0.000668605798889575));
#9040=CARTESIAN_POINT('',(-0.010675469166771,-0.0269635746530263,0.000668605798889575));
#9041=CARTESIAN_POINT('',(0.,1.46957615897682E-18,0.000668605798889575));
#9042=CARTESIAN_POINT('',(-0.0106031529132274,-0.0269920941814213,0.000668605798889575));
#9043=CARTESIAN_POINT('',(-0.0106034804032653,-0.026991965495083,0.000668812530003503));
#9044=CARTESIAN_POINT('',(-0.010520041578885,-0.0270247434689341,0.000821394611401747));
#9045=CARTESIAN_POINT('',(-0.0103953725933678,-0.0270732701583313,0.000943012113958358));
#9046=CARTESIAN_POINT('',(-0.0102453152118379,-0.027129937637416,0.00101777372438251));
#9047=CARTESIAN_POINT('',(-0.0102455836167727,-0.0271298362490622,0.00101838930186891));
#9048=CARTESIAN_POINT('',(-0.0102458551229866,-0.0271297337399166,0.00101900333297828));
#9049=CARTESIAN_POINT('',(-0.0100783361524735,-0.0271929992005615,0.00110363704105911));
#9050=CARTESIAN_POINT('',(-0.00989572242597999,-0.0272601153855937,0.00114532675529032));
#9051=CARTESIAN_POINT('',(-0.00970912717123775,-0.0273264130389031,0.00114160020001309));
#9052=CARTESIAN_POINT('',(-0.00970911322264353,-0.0273264179948614,0.00114238741517582));
#9053=CARTESIAN_POINT('',(-0.00970911322264353,-0.0273264179948614,0.00114238741517582));
#9054=CARTESIAN_POINT('',(-0.00942443922035982,-0.0274275630523745,0.00114238741517582));
#9055=CARTESIAN_POINT('',(-0.00912523056575745,-0.0275277420763939,0.00107543431920841));
#9056=CARTESIAN_POINT('',(-0.00892023050439051,-0.0275940118096035,0.000860616903146207));
#9057=CARTESIAN_POINT('',(-0.00892023050439051,-0.0275940118096035,0.000860616903146207));
#9058=CARTESIAN_POINT('',(-0.00892023050439051,-0.0275940118096035,0.000860616903146207));
#9059=CARTESIAN_POINT('',(-0.00869910235170161,-0.027665495220809,0.000628899029197812));
#9060=CARTESIAN_POINT('',(-0.00865081299233309,-0.0276796574142759,0.000282034325374519));
#9061=CARTESIAN_POINT('',(-0.00865081299233309,-0.0276796574142759,-4.29919802590989E-5));
#9062=CARTESIAN_POINT('',(-0.00865081299233309,-0.0276796574142759,-4.29919802590989E-5));
#9063=CARTESIAN_POINT('',(-0.00865081299233309,-0.0276796574142759,0.0025));
#9064=CARTESIAN_POINT('',(-0.00865081299233309,-0.0276796574142759,-0.00215095003084515));
#9065=CARTESIAN_POINT('',(0.,1.46957615897682E-18,-0.00215095003084515));
#9066=CARTESIAN_POINT('',(-0.0094931533100713,-0.0274021904276187,-0.00215095003084515));
#9067=CARTESIAN_POINT('',(-0.0094931533100713,-0.0274021904276188,0.0025));
#9068=CARTESIAN_POINT('',(-0.0094931533100713,-0.0274021904276188,-0.000262301048735348));
#9069=CARTESIAN_POINT('',(-0.0094931533100713,-0.0274021904276188,-0.000262301048735348));
#9070=CARTESIAN_POINT('',(-0.0094931533100713,-0.0274021904276188,-8.02097301168751E-5));
#9071=CARTESIAN_POINT('',(-0.00950755255548033,-0.0273973877978423,0.000110110577373961));
#9072=CARTESIAN_POINT('',(-0.00960384195999196,-0.027363592958665,0.000262375077112894));
#9073=CARTESIAN_POINT('',(-0.0036142860441183,-0.0287738933133336,-0.000308321507957483));
#9074=CARTESIAN_POINT('',(-0.00320645576722649,-0.0288251208362165,-0.000924916670161216));
#9075=CARTESIAN_POINT('',(-0.00279421662758016,-0.0288680995038583,-0.00153912775467377));
#9076=CARTESIAN_POINT('',(-0.00237751463971217,-0.0289023774824486,-0.00215095003084516));
#9077=CARTESIAN_POINT('',(-0.00361465409248391,-0.0287738470801471,-0.000308568784700802));
#9078=CARTESIAN_POINT('',(-0.00237751463971218,-0.0289023774824486,-0.00215095003084516));
#9079=CARTESIAN_POINT('',(0.,1.46957615897682E-18,-0.00215095003084516));
#9080=CARTESIAN_POINT('',(-0.00336748305902436,-0.0288038201953696,-0.00215095003084516));
#9081=CARTESIAN_POINT('',(0.,1.46957615897682E-18,-0.000916869496429484));
#9082=CARTESIAN_POINT('',(-0.00436806424237331,-0.0286691474371754,-0.000528803207896349));
#9083=CARTESIAN_POINT('',(0.,1.46957615897682E-18,-0.000528803207896361));
#9084=CARTESIAN_POINT('',(-0.00483864365521281,-0.028593487502889,-0.000528803207896361));
#9085=CARTESIAN_POINT('',(-0.00483864365521281,-0.028593487502889,0.0025));
#9086=CARTESIAN_POINT('',(-0.00483864365521281,-0.028593487502889,-0.00215095003084516));
#9087=CARTESIAN_POINT('',(0.,1.46957615897682E-18,-0.00215095003084516));
#9088=CARTESIAN_POINT('',(-0.0057210367377127,-0.0284300850974059,-0.00215095003084516));
#9089=CARTESIAN_POINT('',(-0.0057210367377127,-0.0284300850974059,0.0025));
#9090=CARTESIAN_POINT('',(-0.0057210367377127,-0.0284300850974059,0.00207699568167798));
#9091=CARTESIAN_POINT('',(0.,1.46957615897682E-18,0.00207699568167798));
#9092=CARTESIAN_POINT('',(-0.00450798391659475,-0.0286474794878663,0.00207699568167798));
#9093=CARTESIAN_POINT('',(-0.00450798391659476,-0.0286474794878663,0.00207699568167798));
#9094=CARTESIAN_POINT('',(-0.00406665841118774,-0.0287169267242698,0.00207699568167798));
#9095=CARTESIAN_POINT('',(-0.00360059835134142,-0.0287778494950255,0.00203578978150565));
#9096=CARTESIAN_POINT('',(-0.00324378335158926,-0.0288180129358003,0.0017633004318322));
#9097=CARTESIAN_POINT('',(-0.00324378335158926,-0.0288180129358003,0.0017633004318322));
#9098=CARTESIAN_POINT('',(-0.00324378335158926,-0.0288180129358003,0.0017633004318322));
#9099=CARTESIAN_POINT('',(-0.00295618341426529,-0.0288503854623408,0.00154366863400429));
#9100=CARTESIAN_POINT('',(-0.00283259082901739,-0.0288613310364468,0.00117141320160628));
#9101=CARTESIAN_POINT('',(-0.00283259082901739,-0.0288613310364468,0.000810185070943862));
#9102=CARTESIAN_POINT('',(-0.00283259082901739,-0.0288613310364468,0.000810185070943862));
#9103=CARTESIAN_POINT('',(-0.00283327979903949,-0.0288612634092888,0.000810173639382288));
#9104=CARTESIAN_POINT('',(-0.00282938033440342,-0.0288616462156208,0.000572891214069766));
#9105=CARTESIAN_POINT('',(-0.00290059461851842,-0.0288548993512327,0.00034059355261926));
#9106=CARTESIAN_POINT('',(-0.00303646615031039,-0.0288405941914868,0.000146554005706247));
#9107=CARTESIAN_POINT('',(-0.00303668046405424,-0.0288405716267766,0.000146705737199259));
#9108=CARTESIAN_POINT('',(-0.00303668046405424,-0.0288405716267766,0.000146705737199259));
#9109=CARTESIAN_POINT('',(-0.00318020483612056,-0.0288254596635877,-5.7732748186576E-5));
#9110=CARTESIAN_POINT('',(-0.00338748009458146,-0.0288023853363954,-0.000208450203376751));
#9111=CARTESIAN_POINT('',(-0.00361465409248391,-0.0287738470801471,-0.000308568784700802));
#9112=CARTESIAN_POINT('',(0.0211094408031442,-0.0198844539522349,0.00161293028994448));
#9113=CARTESIAN_POINT('',(0.0211930788978037,-0.0197956633114488,0.0017916910967286));
#9114=CARTESIAN_POINT('',(0.0214252929396085,-0.0195468103388685,0.00207885336604221));
#9115=CARTESIAN_POINT('',(0.0217155016700472,-0.0192219531684992,0.00214362122146823));
#9116=CARTESIAN_POINT('',(0.0218572185624327,-0.019059433273685,0.00214362122146823));
#9117=CARTESIAN_POINT('',(0.0211094408031442,-0.0198844539522349,0.00161293028994448));
#9118=CARTESIAN_POINT('',(0.0218572185624327,-0.019059433273685,0.00214362122146823));
#9119=CARTESIAN_POINT('',(0.0218572185624327,-0.019059433273685,0.00214362122146823));
#9120=CARTESIAN_POINT('',(0.0219997682476896,-0.0188959583381018,0.00214362122146823));
#9121=CARTESIAN_POINT('',(0.0222830891980321,-0.0185629170902529,0.00206834931482714));
#9122=CARTESIAN_POINT('',(0.0224919681728791,-0.0183064511611227,0.00176866702696496));
#9123=CARTESIAN_POINT('',(0.0225683318175676,-0.0182118203091334,0.00158840838988279));
#9124=CARTESIAN_POINT('',(0.0225683318175676,-0.0182118203091334,0.00158840838988279));
#9125=CARTESIAN_POINT('',(0.0225683318175676,-0.0182118203091334,0.00158840838988279));
#9126=CARTESIAN_POINT('',(0.0227678388279811,-0.0179645885478643,0.00111746620355648));
#9127=CARTESIAN_POINT('',(0.0228017089928241,-0.0179187629876217,0.000527699443967331));
#9128=CARTESIAN_POINT('',(0.0228017089928241,-0.0179187629876217,-3.74398519432443E-5));
#9129=CARTESIAN_POINT('',(0.0228017089928241,-0.0179187629876217,-3.74398519432443E-5));
#9130=CARTESIAN_POINT('',(0.0228017089928241,-0.0179187629876217,-3.74398519432443E-5));
#9131=CARTESIAN_POINT('',(0.0228017089928241,-0.0179187629876217,-0.000606243866549119));
#9132=CARTESIAN_POINT('',(0.0227781871803456,-0.0179515559318617,-0.00120316225063091));
#9133=CARTESIAN_POINT('',(0.0225755985167442,-0.0182028116402597,-0.00167670573719926));
#9134=CARTESIAN_POINT('',(0.0225755985167443,-0.0182028116402597,-0.00167670573719926));
#9135=CARTESIAN_POINT('',(0.0225755985167443,-0.0182028116402597,-0.00167670573719926));
#9136=CARTESIAN_POINT('',(0.0224987881409491,-0.0182980738579952,-0.00185624714150142));
#9137=CARTESIAN_POINT('',(0.0222829503956238,-0.0185631929325915,-0.00214445109649375));
#9138=CARTESIAN_POINT('',(0.0219994978338234,-0.0188962684467441,-0.00220924737816163));
#9139=CARTESIAN_POINT('',(0.0218572185624326,-0.019059433273685,-0.00220924737816163));
#9140=CARTESIAN_POINT('',(0.0218572185624327,-0.019059433273685,-0.00220924737816163));
#9141=CARTESIAN_POINT('',(0.0218572185624327,-0.019059433273685,-0.00220924737816163));
#9142=CARTESIAN_POINT('',(0.0217152702071068,-0.019222218608505,-0.00220924737816163));
#9143=CARTESIAN_POINT('',(0.0214250963372274,-0.0195469384806383,-0.0021357542548402));
#9144=CARTESIAN_POINT('',(0.0211992871078413,-0.0197890109166399,-0.00183897341682425));
#9145=CARTESIAN_POINT('',(0.0211161074232255,-0.0198773742554393,-0.00165958667489204));
#9146=CARTESIAN_POINT('',(0.0211161074232255,-0.0198773742554393,-0.00165958667489204));
#9147=CARTESIAN_POINT('',(0.0211161074232255,-0.0198773742554393,-0.00165958667489204));
#9148=CARTESIAN_POINT('',(0.0208983815226083,-0.0201086685625832,-0.00119003524383766));
#9149=CARTESIAN_POINT('',(0.020859431673925,-0.0201465657182771,-0.000601198903043784));
#9150=CARTESIAN_POINT('',(0.020859431673925,-0.0201465657182771,-3.74398519432443E-5));
#9151=CARTESIAN_POINT('',(0.020859431673925,-0.0201465657182771,-3.74398519432443E-5));
#9152=CARTESIAN_POINT('',(0.020859431673925,-0.0201465657182771,-3.74398519432443E-5));
#9153=CARTESIAN_POINT('',(0.020859431673925,-0.0201465657182771,0.000248748041886108));
#9154=CARTESIAN_POINT('',(0.0208831303188052,-0.0201219724345873,0.000821424648072017));
#9155=CARTESIAN_POINT('',(0.0209979671208137,-0.0200027949991612,0.00137467611318773));
#9156=CARTESIAN_POINT('',(0.0211094408031442,-0.0198844539522349,0.00161293028994448));
#9157=CARTESIAN_POINT('',(0.0204403362369292,-0.0205716468597261,-0.00173731647131401));
#9158=CARTESIAN_POINT('',(0.0204403362369292,-0.0205716468597261,-0.00186937747665466));
#9159=CARTESIAN_POINT('',(0.0204130778383172,-0.0205989110432441,-0.00200402177558301));
#9160=CARTESIAN_POINT('',(0.0203459167081367,-0.0206650350424471,-0.00209727945712523));
#9161=CARTESIAN_POINT('',(0.0204403362369292,-0.0205716468597261,-0.00173731647131401));
#9162=CARTESIAN_POINT('',(0.0203459167081367,-0.0206650350424471,-0.00209727945712523));
#9163=CARTESIAN_POINT('',(0.0203459167081367,-0.0206650350424471,-0.00209727945712523));
#9164=CARTESIAN_POINT('',(0.0202773353626016,-0.02073255732543,-0.00219250920183695));
#9165=CARTESIAN_POINT('',(0.0201781233738745,-0.0208293427756981,-0.00222867982726712));
#9166=CARTESIAN_POINT('',(0.0200808358589815,-0.0209227156747074,-0.00222867982726712));
#9167=CARTESIAN_POINT('',(0.0200808358589815,-0.0209227156747074,-0.00222867982726712));
#9168=CARTESIAN_POINT('',(0.0200808358589815,-0.0209227156747074,-0.00222867982726712));
#9169=CARTESIAN_POINT('',(0.0199823544983406,-0.0210172343819796,-0.00222867982726712));
#9170=CARTESIAN_POINT('',(0.0198797907542348,-0.0211140627477518,-0.00219557521689412));
#9171=CARTESIAN_POINT('',(0.0198077584033488,-0.0211814236309688,-0.00210005552128316));
#9172=CARTESIAN_POINT('',(0.0198077584033488,-0.0211814236309688,-0.00210005552128316));
#9173=CARTESIAN_POINT('',(0.0198077584033488,-0.0211814236309688,-0.00210005552128316));
#9174=CARTESIAN_POINT('',(0.0197377053218141,-0.0212469336051153,-0.00200716046867829));
#9175=CARTESIAN_POINT('',(0.0197105508054465,-0.0212719107497637,-0.00187029650456578));
#9176=CARTESIAN_POINT('',(0.0197105508054465,-0.0212719107497637,-0.00173731647131401));
#9177=CARTESIAN_POINT('',(0.0197105508054465,-0.0212719107497637,-0.00173731647131401));
#9178=CARTESIAN_POINT('',(0.0197105508054465,-0.0212719107497637,-0.00173731647131401));
#9179=CARTESIAN_POINT('',(0.0197105508054465,-0.0212719107497637,-0.00160329980749481));
#9180=CARTESIAN_POINT('',(0.0197345505484217,-0.021249870829545,-0.00146368862566858));
#9181=CARTESIAN_POINT('',(0.0198057305022022,-0.0211833198359968,-0.00137041332510796));
#9182=CARTESIAN_POINT('',(0.0198057305022022,-0.0211833198359968,-0.00137041332510796));
#9183=CARTESIAN_POINT('',(0.0198057305022022,-0.0211833198359968,-0.00137041332510796));
#9184=CARTESIAN_POINT('',(0.0198783616741766,-0.0211154119995802,-0.0012752363260209));
#9185=CARTESIAN_POINT('',(0.0199821193120609,-0.0210174601049284,-0.00124595311536089));
#9186=CARTESIAN_POINT('',(0.0200808358589815,-0.0209227156747074,-0.00124595311536089));
#9187=CARTESIAN_POINT('',(0.0200808358589815,-0.0209227156747074,-0.00124595311536089));
#9188=CARTESIAN_POINT('',(0.0200808358589815,-0.0209227156747074,-0.00124595311536089));
#9189=CARTESIAN_POINT('',(0.020178016294029,-0.0208294455469078,-0.00124595311536089));
#9190=CARTESIAN_POINT('',(0.0202775585127034,-0.0207323441121186,-0.00127895822760866));
#9191=CARTESIAN_POINT('',(0.0203469058514507,-0.0206640611272857,-0.00137318938926588));
#9192=CARTESIAN_POINT('',(0.0203469058514507,-0.0206640611272857,-0.00137318938926588));
#9193=CARTESIAN_POINT('',(0.0203469058514507,-0.0206640611272857,-0.00137318938926588));
#9194=CARTESIAN_POINT('',(0.0204154217800015,-0.0205965967920342,-0.00146629080679664));
#9195=CARTESIAN_POINT('',(0.0204403362369292,-0.0205716468597261,-0.00160407551583922));
#9196=CARTESIAN_POINT('',(0.0204403362369292,-0.0205716468597261,-0.00173731647131401));
#9197=CARTESIAN_POINT('',(0.,1.46957615897682E-18,0.0025));
#9198=CARTESIAN_POINT('',(0.,1.46957615897682E-18,0.0025));
#9199=CARTESIAN_POINT('',(-0.003,0.0278388218141501,0.0025));
#9200=CARTESIAN_POINT('',(0.003,0.0278388218141501,0.0025));
#9201=CARTESIAN_POINT('',(0.003,0.0278388218141501,0.0025));
#9202=CARTESIAN_POINT('',(0.003,0.0278388218141501,-0.0025));
#9203=CARTESIAN_POINT('',(0.,1.46957615897682E-18,-0.0025));
#9204=CARTESIAN_POINT('',(-0.003,0.0278388218141501,-0.0025));
#9205=CARTESIAN_POINT('',(-0.003,0.0278388218141501,0.0025));
#9206=CARTESIAN_POINT('',(0.,1.46957615897682E-18,-0.0035));
#9207=CARTESIAN_POINT('',(0.,1.46957615897682E-18,-0.0035));
#9208=CARTESIAN_POINT('',(0.025,1.46957615897682E-18,-0.0035));
#9209=CARTESIAN_POINT('',(-0.003,0.032,-0.0035));
#9210=CARTESIAN_POINT('',(-0.003,0.0295803989154981,-0.0035));
#9211=CARTESIAN_POINT('',(-0.003,0.032,-0.0035));
#9212=CARTESIAN_POINT('',(0.,0.032,-0.0035));
#9213=CARTESIAN_POINT('',(0.003,0.032,-0.0035));
#9214=CARTESIAN_POINT('',(0.003,1.71356071725425E-18,-0.0035));
#9215=CARTESIAN_POINT('',(0.003,0.0295803989154981,-0.0035));
#9216=CARTESIAN_POINT('',(0.005,0.0295803989154981,-0.0035));
#9217=CARTESIAN_POINT('',(0.00466666666666666,0.0276083723211316,-0.0035));
#9218=CARTESIAN_POINT('',(0.,1.46957615897682E-18,-0.0035));
#9219=CARTESIAN_POINT('',(-0.00466666666666666,0.0276083723211316,-0.0035));
#9220=CARTESIAN_POINT('',(-0.005,0.0295803989154981,-0.0035));
#9221=CARTESIAN_POINT('',(0.,1.46957615897682E-18,0.0035));
#9222=CARTESIAN_POINT('',(0.,1.46957615897682E-18,0.0035));
#9223=CARTESIAN_POINT('',(0.025,1.46957615897682E-18,0.0035));
#9224=CARTESIAN_POINT('',(0.003,0.032,0.0035));
#9225=CARTESIAN_POINT('',(0.003,0.0295803989154981,0.0035));
#9226=CARTESIAN_POINT('',(0.003,0.032,0.0035));
#9227=CARTESIAN_POINT('',(0.,0.032,0.0035));
#9228=CARTESIAN_POINT('',(-0.003,0.032,0.0035));
#9229=CARTESIAN_POINT('',(-0.003,1.22559160069939E-18,0.0035));
#9230=CARTESIAN_POINT('',(-0.003,0.0295803989154981,0.0035));
#9231=CARTESIAN_POINT('',(-0.005,0.0295803989154981,0.0035));
#9232=CARTESIAN_POINT('',(-0.00466666666666666,0.0276083723211316,0.0035));
#9233=CARTESIAN_POINT('',(0.,1.46957615897682E-18,0.0035));
#9234=CARTESIAN_POINT('',(0.00466666666666666,0.0276083723211316,0.0035));
#9235=CARTESIAN_POINT('',(0.005,0.0295803989154981,0.0035));
#9236=CARTESIAN_POINT('',(0.,1.46957615897682E-18,-0.0025));
#9237=CARTESIAN_POINT('',(0.003,0.0293337603490808,-0.0025));
#9238=CARTESIAN_POINT('',(0.003,0.032,-0.0025));
#9239=CARTESIAN_POINT('',(0.,0.032,-0.0025));
#9240=CARTESIAN_POINT('',(-0.003,0.032,-0.0025));
#9241=CARTESIAN_POINT('',(-0.003,0.0293337603490808,-0.0025));
#9242=CARTESIAN_POINT('',(0.,1.46957615897682E-18,-0.0025));
#9243=CARTESIAN_POINT('',(0.024,1.46957615897682E-18,-0.0025));
#9244=CARTESIAN_POINT('',(0.,0.032,-0.0025));
#9245=CARTESIAN_POINT('',(0.002,0.032,-0.0025));
#9246=CARTESIAN_POINT('',(0.,1.46957615897682E-18,0.0025));
#9247=CARTESIAN_POINT('',(-0.003,0.0293337603490808,0.0025));
#9248=CARTESIAN_POINT('',(-0.003,0.032,0.0025));
#9249=CARTESIAN_POINT('',(0.,0.032,0.0025));
#9250=CARTESIAN_POINT('',(0.003,0.032,0.0025));
#9251=CARTESIAN_POINT('',(0.003,0.0293337603490808,0.0025));
#9252=CARTESIAN_POINT('',(0.,1.46957615897682E-18,0.0025));
#9253=CARTESIAN_POINT('',(0.024,1.46957615897682E-18,0.0025));
#9254=CARTESIAN_POINT('',(0.,0.032,0.0025));
#9255=CARTESIAN_POINT('',(0.002,0.032,0.0025));
#9256=CARTESIAN_POINT('',(0.003,0.0293337603490808,-0.002502));
#9257=CARTESIAN_POINT('',(0.003,0.032,-0.002502));
#9258=CARTESIAN_POINT('',(-0.003,0.0293337603490808,-0.002502));
#9259=CARTESIAN_POINT('',(-0.003,0.032,-0.002502));
#9260=CARTESIAN_POINT('',(-0.004,0.0293337603490808,-0.002502));
#9261=CARTESIAN_POINT('',(-0.004,0.032,-0.002502));
#9262=CARTESIAN_POINT('',(-0.004,0.032,-0.0025));
#9263=CARTESIAN_POINT('',(-0.004,0.032,0.0025));
#9264=CARTESIAN_POINT('',(-0.004,0.0287228132326901,-0.0025));
#9265=CARTESIAN_POINT('',(-0.004,0.0295803989154981,-0.0025));
#9266=CARTESIAN_POINT('',(-0.004,0.0295803989154981,-0.002502));
#9267=CARTESIAN_POINT('',(-0.004,0.0295803989154981,0.0025));
#9268=CARTESIAN_POINT('',(-0.004,0.0293337603490808,0.0025));
#9269=CARTESIAN_POINT('',(0.004,0.0293337603490808,-0.002502));
#9270=CARTESIAN_POINT('',(0.004,0.0295803989154981,-0.0035));
#9271=CARTESIAN_POINT('',(0.004,0.0295803989154981,0.0025));
#9272=CARTESIAN_POINT('',(0.004,0.0295803989154981,-0.0025));
#9273=CARTESIAN_POINT('',(0.004,0.0293337603490808,-0.0025));
#9274=CARTESIAN_POINT('',(0.004,0.032,-0.0025));
#9275=CARTESIAN_POINT('',(0.004,0.032,-0.002502));
#9276=CARTESIAN_POINT('',(0.004,0.032,0.0025));
#9277=CARTESIAN_POINT('',(0.004,0.0287228132326901,0.0025));
#9278=CARTESIAN_POINT('',(0.,0.032,-0.002502));
#9279=CARTESIAN_POINT('',(0.,0.032,-0.0025));
#9280=CARTESIAN_POINT('',(0.,0.032,0.0025));
#9281=CARTESIAN_POINT('',(0.,0.032,-0.002502));
#9282=CARTESIAN_POINT('',(0.,0.032,0.0025));
#9283=CARTESIAN_POINT('',(0.003,0.032,0.0025));
#9284=CARTESIAN_POINT('',(-0.003,0.032,0.0025));
#9285=CARTESIAN_POINT('',(0.003,0.0293337603490808,0.0025));
#9286=CARTESIAN_POINT('',(0.003,0.0295803989154981,0.0025));
#9287=CARTESIAN_POINT('',(-0.003,1.22559160069939E-18,0.0025));
#9288=CARTESIAN_POINT('',(-0.003,0.0295803989154981,0.0025));
#9289=CARTESIAN_POINT('',(0.,1.46957615897682E-18,0.0025));
#9290=CARTESIAN_POINT('',(0.00466666666666666,0.0276083723211316,0.0025));
#9291=CARTESIAN_POINT('',(-0.00466666666666667,0.0276083723211316,0.0025));
#9292=CARTESIAN_POINT('',(0.005,0.0295803989154981,0.0025));
#9293=CARTESIAN_POINT('',(0.005,0.0295803989154981,0.0025));
#9294=CARTESIAN_POINT('',(-0.005,0.0295803989154981,0.0025));
#9295=CARTESIAN_POINT('',(-0.005,0.0295803989154981,0.0025));
#9296=CARTESIAN_POINT('',(0.005,0.0295803989154981,0.0025));
#9297=CARTESIAN_POINT('',(0.005,0.0295803989154981,-0.0025));
#9298=CARTESIAN_POINT('',(-0.005,0.0295803989154981,0.0025));
#9299=CARTESIAN_POINT('',(-0.005,0.0295803989154981,-0.0025));
#9300=CARTESIAN_POINT('',(0.,1.46957615897682E-18,-0.0025));
#9301=CARTESIAN_POINT('',(-0.00466666666666666,0.0276083723211316,-0.0025));
#9302=CARTESIAN_POINT('',(0.00466666666666667,0.0276083723211316,-0.0025));
#9303=CARTESIAN_POINT('',(0.005,0.0295803989154981,-0.0025));
#9304=CARTESIAN_POINT('',(0.003,0.0295803989154981,-0.0025));
#9305=CARTESIAN_POINT('',(-0.005,0.0295803989154981,-0.0025));
#9306=CARTESIAN_POINT('',(-0.003,0.0295803989154981,-0.0025));
#9307=CARTESIAN_POINT('',(0.003,0.0293337603490808,-0.0025));
#9308=CARTESIAN_POINT('',(0.003,0.032,-0.0025));
#9309=CARTESIAN_POINT('',(-0.003,1.22559160069939E-18,-0.0025));
#9310=CARTESIAN_POINT('',(-0.003,0.032,-0.0025));
#9311=CARTESIAN_POINT('',(0.,0.032,-0.0025));
#9312=CARTESIAN_POINT('',(0.,1.46957615897682E-18,0.0025));
#9313=CARTESIAN_POINT('',(0.,1.46957615897682E-18,-0.0025));
#9314=CARTESIAN_POINT('',(0.,1.46957615897682E-18,0.0025));
#9315=CARTESIAN_POINT('',(-0.0141133784876542,-0.0247600423599541,0.00234904996915484));
#9316=CARTESIAN_POINT('',(-0.014005948959908,-0.0248212778604347,0.00234904996915484));
#9317=CARTESIAN_POINT('',(-0.0137679701104065,-0.0249543332787543,0.00230601862376535));
#9318=CARTESIAN_POINT('',(-0.0136941347876638,-0.0249943558112586,0.0020418964486479));
#9319=CARTESIAN_POINT('',(-0.0136941347876638,-0.0249943558112586,0.00191783466995681));
#9320=CARTESIAN_POINT('',(-0.0141133784876542,-0.0247600423599541,0.00234904996915484));
#9321=CARTESIAN_POINT('',(-0.0136941347876638,-0.0249943558112586,0.00191783466995681));
#9322=CARTESIAN_POINT('',(-0.0145286091895539,-0.0245187003126126,0.00191783466995681));
#9323=CARTESIAN_POINT('',(-0.0145286091895539,-0.0245187003126126,0.00204184130401548));
#9324=CARTESIAN_POINT('',(-0.0144566118571729,-0.0245618019388602,0.00230597161953393));
#9325=CARTESIAN_POINT('',(-0.0142208452572616,-0.0246987856313805,0.00234904996915484));
#9326=CARTESIAN_POINT('',(-0.0141133784876542,-0.0247600423599541,0.00234904996915484));
#9327=CARTESIAN_POINT('',(-0.0145286091895539,-0.0245187003126126,0.00191783466995681));
#9328=CARTESIAN_POINT('',(-0.0141133784876542,-0.0247600423599541,0.00148384330660086));
#9329=CARTESIAN_POINT('',(-0.0142211308716083,-0.0246986228294225,0.00148384330660086));
#9330=CARTESIAN_POINT('',(-0.0144575214069935,-0.0245612662711145,0.00152801737905409));
#9331=CARTESIAN_POINT('',(-0.0145286091895539,-0.0245187003126126,0.00179341304787969));
#9332=CARTESIAN_POINT('',(-0.0145286091895539,-0.0245187003126126,0.00191783466995681));
#9333=CARTESIAN_POINT('',(-0.0141133784876542,-0.0247600423599541,0.00148384330660086));
#9334=CARTESIAN_POINT('',(-0.0137991195426395,-0.0249365484750887,0.00159812461443554));
#9335=CARTESIAN_POINT('',(-0.013881818735104,-0.0248907852836013,0.00150799501362259));
#9336=CARTESIAN_POINT('',(-0.0140007450744576,-0.02482424410758,0.00148384330660086));
#9337=CARTESIAN_POINT('',(-0.0141133784876542,-0.0247600423599541,0.00148384330660086));
#9338=CARTESIAN_POINT('',(-0.0137991195426395,-0.0249365484750887,0.00159812461443554));
#9339=CARTESIAN_POINT('',(-0.0136941347876638,-0.0249943558112586,0.00191783466995681));
#9340=CARTESIAN_POINT('',(-0.0136941347876638,-0.0249943558112586,0.00180014986936424));
#9341=CARTESIAN_POINT('',(-0.0137242773121063,-0.0249779638653138,0.00167969131612732));
#9342=CARTESIAN_POINT('',(-0.0137991195426395,-0.0249365484750886,0.00159812461443554));
#9343=CARTESIAN_POINT('',(-0.0136926415123636,-0.024991740402873,0.00191783466995681));
#9344=CARTESIAN_POINT('',(-0.0139445072796751,-0.0254328726172458,0.00191783466995681));
#9345=CARTESIAN_POINT('',(-0.0136926415123636,-0.024991740402873,0.00178088217149907));
#9346=CARTESIAN_POINT('',(-0.0139445072796751,-0.0254328726172458,0.00178088217149907));
#9347=CARTESIAN_POINT('',(-0.0137273301360032,-0.0249719348286589,0.00167431215299198));
#9348=CARTESIAN_POINT('',(-0.0139791959033147,-0.0254130670430317,0.00167431215299198));
#9349=CARTESIAN_POINT('',(-0.0137967073832824,-0.0249323236802308,0.00159812461443554));
#9350=CARTESIAN_POINT('',(-0.014048573150594,-0.0253734558946036,0.00159812461443554));
#9351=CARTESIAN_POINT('',(-0.0140682104879622,-0.0256495335425443,0.00191783466995681));
#9352=CARTESIAN_POINT('',(-0.0141722763588811,-0.0255901168199021,0.00159812461443554));
#9353=CARTESIAN_POINT('',(-0.0141097011772239,-0.0247536017066238,0.00234904996915484));
#9354=CARTESIAN_POINT('',(-0.0143628178227398,-0.0251969247811443,0.00234904996915484));
#9355=CARTESIAN_POINT('',(-0.0138316564564677,-0.0249123521779303,0.00234904996915484));
#9356=CARTESIAN_POINT('',(-0.0140847731019835,-0.0253556752524508,0.00234904996915484));
#9357=CARTESIAN_POINT('',(-0.0136926340960896,-0.0249917274135836,0.00220531153608883));
#9358=CARTESIAN_POINT('',(-0.0139457507416054,-0.0254350504881041,0.00220531153608883));
#9359=CARTESIAN_POINT('',(-0.0136926340960896,-0.0249917274135836,0.00191783466995681));
#9360=CARTESIAN_POINT('',(-0.0139457507416054,-0.0254350504881041,0.00191783466995681));
#9361=CARTESIAN_POINT('',(-0.0144852775690966,-0.0254114078355845,0.00234904996915484));
#9362=CARTESIAN_POINT('',(-0.0145271103965597,-0.0245160752402199,0.00191783466995681));
#9363=CARTESIAN_POINT('',(-0.0147799068149223,-0.0249588374504567,0.00191783466995681));
#9364=CARTESIAN_POINT('',(-0.0145271103965597,-0.0245160752402199,0.00220531153608883));
#9365=CARTESIAN_POINT('',(-0.0147799068149223,-0.0249588374504567,0.00220531153608883));
#9366=CARTESIAN_POINT('',(-0.0143880880361816,-0.0245954504758732,0.00234904996915484));
#9367=CARTESIAN_POINT('',(-0.0146408844545442,-0.0250382126861099,0.00234904996915484));
#9368=CARTESIAN_POINT('',(-0.0141100433154254,-0.0247542009471797,0.00234904996915484));
#9369=CARTESIAN_POINT('',(-0.014362839733788,-0.0251969631574165,0.00234904996915484));
#9370=CARTESIAN_POINT('',(-0.0149023446502309,-0.0251732821286247,0.00191783466995681));
#9371=CARTESIAN_POINT('',(-0.0141100433070504,-0.0247542009325113,0.00148384330660086));
#9372=CARTESIAN_POINT('',(-0.0143628411379874,-0.0251969656168121,0.00148384330660086));
#9373=CARTESIAN_POINT('',(-0.0143880880278066,-0.0245954504612048,0.00148384330660086));
#9374=CARTESIAN_POINT('',(-0.0146408858587436,-0.0250382151455055,0.00148384330660086));
#9375=CARTESIAN_POINT('',(-0.0145271103881847,-0.0245160752255515,0.00162850709438618));
#9376=CARTESIAN_POINT('',(-0.0147799082191217,-0.0249588399098523,0.00162850709438618));
#9377=CARTESIAN_POINT('',(-0.0145271103881847,-0.0245160752255515,0.00191783466995681));
#9378=CARTESIAN_POINT('',(-0.0147799082191217,-0.0249588399098523,0.00191783466995681));
#9379=CARTESIAN_POINT('',(-0.0144852775690966,-0.0254114078355845,0.00148384330660086));
#9380=CARTESIAN_POINT('',(-0.0137976243643696,-0.0249339297337324,0.00159812461443554));
#9381=CARTESIAN_POINT('',(-0.01404981109922,-0.025375624109143,0.00159812461443554));
#9382=CARTESIAN_POINT('',(-0.0138670016116489,-0.0248943185853043,0.00152193707587909));
#9383=CARTESIAN_POINT('',(-0.0141191883464992,-0.0253360129607149,0.00152193707587909));
#9384=CARTESIAN_POINT('',(-0.0139713353483874,-0.0248347489238651,0.00148384330660086));
#9385=CARTESIAN_POINT('',(-0.0142235220832377,-0.0252764432992757,0.00148384330660086));
#9386=CARTESIAN_POINT('',(-0.0141106255745851,-0.0247552207494148,0.00148384330660086));
#9387=CARTESIAN_POINT('',(-0.0143628123094354,-0.0251969151248254,0.00148384330660086));
#9388=CARTESIAN_POINT('',(0.,1.46957615897682E-18,0.0025));
#9389=CARTESIAN_POINT('',(-0.023782012495997,-0.0157055095951307,0.000725977791486737));
#9390=CARTESIAN_POINT('',(-0.023782012495997,-0.0157055095951307,0.00089762007320517));
#9391=CARTESIAN_POINT('',(-0.023805320755911,-0.0156706994265568,0.00107810899936602));
#9392=CARTESIAN_POINT('',(-0.0238764436604067,-0.0155615740892084,0.00119189389265885));
#9393=CARTESIAN_POINT('',(-0.023782012495997,-0.0157055095951307,0.000725977791486737));
#9394=CARTESIAN_POINT('',(-0.0238764436604067,-0.0155615740892084,0.00119189389265885));
#9395=CARTESIAN_POINT('',(-0.0238946189907517,-0.015533651640529,0.000250808143121531));
#9396=CARTESIAN_POINT('',(-0.0238175848358665,-0.0156521493268975,0.000363164479603353));
#9397=CARTESIAN_POINT('',(-0.023782012495997,-0.0157055095951308,0.00054624918025095));
#9398=CARTESIAN_POINT('',(-0.023782012495997,-0.0157055095951308,0.000725977791486737));
#9399=CARTESIAN_POINT('',(-0.0238946189907517,-0.015533651640529,0.000250808143121531));
#9400=CARTESIAN_POINT('',(-0.0242258918323753,-0.0150117725445249,8.748303516348E-5));
#9401=CARTESIAN_POINT('',(-0.0241111136740576,-0.0151970007206031,8.748303516348E-5));
#9402=CARTESIAN_POINT('',(-0.0239883677356907,-0.0153894427582251,0.000114073138410928));
#9403=CARTESIAN_POINT('',(-0.0238946189907517,-0.015533651640529,0.000250808143121531));
#9404=CARTESIAN_POINT('',(-0.0242258918323753,-0.0150117725445249,8.748303516348E-5));
#9405=CARTESIAN_POINT('',(0.,1.46957615897682E-18,8.748303516348E-5));
#9406=CARTESIAN_POINT('',(-0.0243800856950961,-0.0147600329099318,8.748303516348E-5));
#9407=CARTESIAN_POINT('',(-0.0243800856950961,-0.0147600329099318,0.0025));
#9408=CARTESIAN_POINT('',(-0.0243800856950961,-0.0147600329099318,0.00134226403454658));
#9409=CARTESIAN_POINT('',(0.,1.46957615897682E-18,0.00134226403454658));
#9410=CARTESIAN_POINT('',(-0.0241667274478859,-0.0151068340317254,0.00134226403454658));
#9411=CARTESIAN_POINT('',(-0.0238764436604067,-0.0155615740892084,0.00119189389265885));
#9412=CARTESIAN_POINT('',(-0.0239559357349344,-0.015439607761893,0.00131906807489841));
#9413=CARTESIAN_POINT('',(-0.0240653437531316,-0.0152690197096538,0.00134226403454658));
#9414=CARTESIAN_POINT('',(-0.0241667274478859,-0.0151068340317254,0.00134226403454658));
#9415=CARTESIAN_POINT('',(-0.0248325821229816,-0.013985350017353,0.0025));
#9416=CARTESIAN_POINT('',(-0.0248325821229816,-0.013985350017353,-0.00215095003084515));
#9417=CARTESIAN_POINT('',(-0.0248325821229816,-0.013985350017353,0.00207699568167798));
#9418=CARTESIAN_POINT('',(0.,1.46957615897682E-18,-0.00215095003084515));
#9419=CARTESIAN_POINT('',(-0.0243800856950961,-0.0147600329099318,-0.00215095003084515));
#9420=CARTESIAN_POINT('',(-0.0243800856950961,-0.0147600329099318,0.0025));
#9421=CARTESIAN_POINT('',(-0.0243800856950961,-0.0147600329099318,-0.000647248611967921));
#9422=CARTESIAN_POINT('',(0.,1.46957615897682E-18,-0.000647248611967921));
#9423=CARTESIAN_POINT('',(-0.0241789820121113,-0.0150872124284276,-0.000647248611967921));
#9424=CARTESIAN_POINT('',(-0.0235149083284254,-0.0161026779235086,-0.000285897594077729));
#9425=CARTESIAN_POINT('',(-0.023702530004552,-0.0158286920352296,-0.000566971720844175));
#9426=CARTESIAN_POINT('',(-0.0239500934017379,-0.0154540325828629,-0.000647248611967921));
#9427=CARTESIAN_POINT('',(-0.0241789820121113,-0.0150872124284276,-0.000647248611967921));
#9428=CARTESIAN_POINT('',(-0.0235149083284254,-0.0161026779235086,-0.000285897594077729));
#9429=CARTESIAN_POINT('',(-0.0232709903367359,-0.016453211198731,0.000758365206662555));
#9430=CARTESIAN_POINT('',(-0.0232709903367359,-0.016453211198731,0.000367196182069471));
#9431=CARTESIAN_POINT('',(-0.0233455636694868,-0.0163499736931788,-3.22040810660166E-5));
#9432=CARTESIAN_POINT('',(-0.0235149083284253,-0.0161026779235086,-0.00028589759407773));
#9433=CARTESIAN_POINT('',(-0.0232709903367358,-0.016453211198731,0.000758365206662555));
#9434=CARTESIAN_POINT('',(-0.023499985994969,-0.0161244475328229,0.00174571869216533));
#9435=CARTESIAN_POINT('',(-0.0233382933200402,-0.016360100604879,0.00150934320326765));
#9436=CARTESIAN_POINT('',(-0.0232709903367358,-0.016453211198731,0.00112741983040892));
#9437=CARTESIAN_POINT('',(-0.0232709903367358,-0.016453211198731,0.000758365206662555));
#9438=CARTESIAN_POINT('',(-0.023499985994969,-0.0161244475328229,0.00174571869216533));
#9439=CARTESIAN_POINT('',(-0.0241421706362768,-0.0151460472391774,0.00207699568167798));
#9440=CARTESIAN_POINT('',(-0.0239218336341677,-0.0154972552750698,0.00207699568167798));
#9441=CARTESIAN_POINT('',(-0.0236816341933754,-0.0158597110133316,0.00201126678656463));
#9442=CARTESIAN_POINT('',(-0.023499985994969,-0.0161244475328229,0.00174571869216533));
#9443=CARTESIAN_POINT('',(-0.0241421706362768,-0.0151460472391774,0.00207699568167798));
#9444=CARTESIAN_POINT('',(0.,1.46957615897682E-18,0.00207699568167798));
#9445=CARTESIAN_POINT('',(-0.0249100946958194,-0.0153339962451252,0.00134226403454658));
#9446=CARTESIAN_POINT('',(0.,1.46957615897682E-18,0.00134226403454658));
#9447=CARTESIAN_POINT('',(-0.024589982286535,-0.015373118458787,0.00134226403454658));
#9448=CARTESIAN_POINT('',(-0.0248034001662192,-0.0150263548538692,0.00134226403454658));
#9449=CARTESIAN_POINT('',(-0.0248016866589376,-0.0155063090861915,0.00134226403454658));
#9450=CARTESIAN_POINT('',(-0.0250185027327013,-0.0151616834040589,0.00134226403454658));
#9451=CARTESIAN_POINT('',(-0.0250185027327013,-0.0151616834040589,0.000714873534855028));
#9452=CARTESIAN_POINT('',(-0.0248034001662192,-0.0150263548538692,0.0025));
#9453=CARTESIAN_POINT('',(-0.0248034001662192,-0.0150263548538692,8.748303516348E-5));
#9454=CARTESIAN_POINT('',(-0.0250185027327013,-0.0151616834040589,8.748303516348E-5));
#9455=CARTESIAN_POINT('',(-0.0249399069059619,-0.015286610213832,8.748303516348E-5));
#9456=CARTESIAN_POINT('',(0.,1.46957615897682E-18,8.748303516348E-5));
#9457=CARTESIAN_POINT('',(-0.024649154603681,-0.0152780619622984,8.748303516348E-5));
#9458=CARTESIAN_POINT('',(-0.0248613110792226,-0.015411537023605,8.748303516348E-5));
#9459=CARTESIAN_POINT('',(-0.024221229557574,-0.0150088393443323,8.748303516348E-5));
#9460=CARTESIAN_POINT('',(-0.0246522832419741,-0.0152800302981076,8.748303516348E-5));
#9461=CARTESIAN_POINT('',(-0.0240747144531821,-0.0152417227598339,8.748303516348E-5));
#9462=CARTESIAN_POINT('',(-0.0245057681375822,-0.0155129137136093,8.748303516348E-5));
#9463=CARTESIAN_POINT('',(-0.0239649923794896,-0.015416124241398,0.000141924737816164));
#9464=CARTESIAN_POINT('',(-0.0243960460638897,-0.0156873151951733,0.000141924737816164));
#9465=CARTESIAN_POINT('',(-0.0238920633364964,-0.0155320437890244,0.000250808143121531));
#9466=CARTESIAN_POINT('',(-0.0243231170208964,-0.0158032347427997,0.000250808143121531));
#9467=CARTESIAN_POINT('',(-0.024649154603681,-0.0152780619622984,8.748303516348E-5));
#9468=CARTESIAN_POINT('',(-0.0245343547880404,-0.0154632764490038,8.748303516348E-5));
#9469=CARTESIAN_POINT('',(-0.0244116296154306,-0.015655731359431,0.000114072966371381));
#9470=CARTESIAN_POINT('',(-0.02431791809147,-0.0157999639144069,0.000250808143121531));
#9471=CARTESIAN_POINT('',(-0.02431791809147,-0.0157999639144068,0.000250808143121531));
#9472=CARTESIAN_POINT('',(-0.0245321448581449,-0.0159347414682971,0.000250808143121531));
#9473=CARTESIAN_POINT('',(-0.0238888469883009,-0.0155300202718469,0.000250808143121531));
#9474=CARTESIAN_POINT('',(-0.0243204771636558,-0.0158015739162512,0.000250808143121531));
#9475=CARTESIAN_POINT('',(-0.0238159179453077,-0.0156459398194733,0.000359691548426903));
#9476=CARTESIAN_POINT('',(-0.0242475481206626,-0.0159174934638776,0.000359691548426903));
#9477=CARTESIAN_POINT('',(-0.023779453423811,-0.0157038995932865,0.0005180814312153));
#9478=CARTESIAN_POINT('',(-0.024211083599166,-0.0159754532376908,0.0005180814312153));
#9479=CARTESIAN_POINT('',(-0.023779453423811,-0.0157038995932865,0.000725977791486737));
#9480=CARTESIAN_POINT('',(-0.024211083599166,-0.0159754532376908,0.000725977791486737));
#9481=CARTESIAN_POINT('',(-0.02431791809147,-0.0157999639144068,0.000250808143121531));
#9482=CARTESIAN_POINT('',(-0.0242409145273352,-0.0159184810436562,0.000363164612287209));
#9483=CARTESIAN_POINT('',(-0.024205367016735,-0.0159718567356821,0.000546249388738517));
#9484=CARTESIAN_POINT('',(-0.024205367016735,-0.0159718567356821,0.000725977791486737));
#9485=CARTESIAN_POINT('',(-0.024205367016735,-0.0159718567356821,0.000725977791486737));
#9486=CARTESIAN_POINT('',(-0.0244227512936551,-0.0161086207897367,0.000725977791486737));
#9487=CARTESIAN_POINT('',(-0.0237794559937102,-0.0157039012100999,0.000725977791486737));
#9488=CARTESIAN_POINT('',(-0.0242106527127384,-0.0159751821519641,0.000725977791486737));
#9489=CARTESIAN_POINT('',(-0.0237794559937102,-0.0157039012100999,0.000936341764342999));
#9490=CARTESIAN_POINT('',(-0.0242106527127384,-0.0159751821519641,0.000936341764342999));
#9491=CARTESIAN_POINT('',(-0.0238100073495587,-0.0156553403185267,0.00109164713140037));
#9492=CARTESIAN_POINT('',(-0.0242412040685869,-0.0159266212603909,0.00109164713140037));
#9493=CARTESIAN_POINT('',(-0.0238711100612558,-0.0155582185353803,0.00119189389265885));
#9494=CARTESIAN_POINT('',(-0.0243023067802839,-0.0158294994772444,0.00119189389265885));
#9495=CARTESIAN_POINT('',(-0.024205367016735,-0.0159718567356821,0.000725977791486737));
#9496=CARTESIAN_POINT('',(-0.024205367016735,-0.0159718567356821,0.00089761989751003));
#9497=CARTESIAN_POINT('',(-0.0242286577576088,-0.0159370357964579,0.00107810881361508));
#9498=CARTESIAN_POINT('',(-0.0242997502779972,-0.0158278910922136,0.00119189389265885));
#9499=CARTESIAN_POINT('',(-0.0242997502779972,-0.0158278910922136,0.00119189389265885));
#9500=CARTESIAN_POINT('',(-0.0245144053612006,-0.0159629381150171,0.00119189389265885));
#9501=CARTESIAN_POINT('',(-0.0238738854639798,-0.0155599646383347,0.00119189389265885));
#9502=CARTESIAN_POINT('',(-0.0243053679279942,-0.0158314253523668,0.00119189389265885));
#9503=CARTESIAN_POINT('',(-0.0239349881756768,-0.0154628428551883,0.00129214065391734));
#9504=CARTESIAN_POINT('',(-0.0243664706396913,-0.0157343035692204,0.00129214065391734));
#9505=CARTESIAN_POINT('',(-0.0240307486082558,-0.0153106331789131,0.00134226403454658));
#9506=CARTESIAN_POINT('',(-0.0244622310722702,-0.0155820938929452,0.00134226403454658));
#9507=CARTESIAN_POINT('',(-0.0241611667617167,-0.0151033356095091,0.00134226403454658));
#9508=CARTESIAN_POINT('',(-0.0245926492257311,-0.0153747963235412,0.00134226403454658));
#9509=CARTESIAN_POINT('',(-0.0242997502779972,-0.0158278910922136,0.00119189389265885));
#9510=CARTESIAN_POINT('',(-0.0243792083927947,-0.0157059031194704,0.00131906828208139));
#9511=CARTESIAN_POINT('',(-0.0244885906329403,-0.0155352988890348,0.00134226403454658));
#9512=CARTESIAN_POINT('',(-0.024589982286535,-0.015373118458787,0.00134226403454658));
#9513=CARTESIAN_POINT('',(-0.0251365196637613,-0.0149740973793527,0.00207699568167798));
#9514=CARTESIAN_POINT('',(-0.0254959908587854,-0.0144027236631808,0.00207699568167798));
#9515=CARTESIAN_POINT('',(-0.0247770484687372,-0.0155454710955247,0.00207699568167798));
#9516=CARTESIAN_POINT('',(-0.0254959908587854,-0.0144027236631808,-3.69771745835899E-5));
#9517=CARTESIAN_POINT('',(-0.0254959908587854,-0.0144027236631808,-0.00215095003084515));
#9518=CARTESIAN_POINT('',(-0.0252572467957434,-0.0147822035336199,-0.00215095003084515));
#9519=CARTESIAN_POINT('',(-0.0250185027327013,-0.0151616834040589,-0.00215095003084515));
#9520=CARTESIAN_POINT('',(-0.0250185027327013,-0.0151616834040589,-0.00139909932140654));
#9521=CARTESIAN_POINT('',(-0.0250185027327013,-0.0151616834040589,-0.000647248611967921));
#9522=CARTESIAN_POINT('',(-0.0249162542433696,-0.0153242057427919,-0.000647248611967921));
#9523=CARTESIAN_POINT('',(-0.0248140057540378,-0.0154867280815248,-0.000647248611967921));
#9524=CARTESIAN_POINT('',(-0.0235122586522107,-0.0161010109195,-0.000285897594077729));
#9525=CARTESIAN_POINT('',(-0.0239591707070816,-0.0163821789289623,-0.000285897594077729));
#9526=CARTESIAN_POINT('',(-0.0236637013946426,-0.0158602951021316,-0.00052679827267119));
#9527=CARTESIAN_POINT('',(-0.0241106134495136,-0.0161414631115939,-0.00052679827267119));
#9528=CARTESIAN_POINT('',(-0.0238790391769943,-0.0155180191405591,-0.000647248611967921));
#9529=CARTESIAN_POINT('',(-0.0243259512318653,-0.0157991871500214,-0.000647248611967921));
#9530=CARTESIAN_POINT('',(-0.0241582719992658,-0.0150741830347824,-0.000647248611967921));
#9531=CARTESIAN_POINT('',(-0.0246051840541367,-0.0153553510442447,-0.000647248611967921));
#9532=CARTESIAN_POINT('',(-0.0241679924069827,-0.0165135559662424,-0.000285897594077729));
#9533=CARTESIAN_POINT('',(-0.023268348407873,-0.0164515490688524,0.000758365206662555));
#9534=CARTESIAN_POINT('',(-0.0237139537427473,-0.0167318949750477,0.000758365206662555));
#9535=CARTESIAN_POINT('',(-0.023268348407873,-0.0164515490688524,0.000303090684762493));
#9536=CARTESIAN_POINT('',(-0.0237139537427473,-0.0167318949750477,0.000303090684762493));
#9537=CARTESIAN_POINT('',(-0.0233440697790889,-0.0163311911601682,-4.49969154842685E-5));
#9538=CARTESIAN_POINT('',(-0.0237896751139633,-0.0166115370663635,-4.49969154842685E-5));
#9539=CARTESIAN_POINT('',(-0.0234955125215208,-0.0160904753427999,-0.000285897594077729));
#9540=CARTESIAN_POINT('',(-0.0239411178563952,-0.0163708212489952,-0.000285897594077729));
#9541=CARTESIAN_POINT('',(-0.0239408282933349,-0.0168746296922948,0.000758365206662555));
#9542=CARTESIAN_POINT('',(-0.0234814739334645,-0.0161128009472643,0.00174571869216533));
#9543=CARTESIAN_POINT('',(-0.0239262055146346,-0.0163925971444349,0.00174571869216533));
#9544=CARTESIAN_POINT('',(-0.023339393703308,-0.0163386352010872,0.00152486736582238));
#9545=CARTESIAN_POINT('',(-0.0237841252844781,-0.0166184313982578,0.00152486736582238));
#9546=CARTESIAN_POINT('',(-0.0232683535882309,-0.0164515523279968,0.00119574953732264));
#9547=CARTESIAN_POINT('',(-0.023713085169401,-0.0167313485251674,0.00119574953732264));
#9548=CARTESIAN_POINT('',(-0.0232683535882309,-0.0164515523279968,0.000758365206662555));
#9549=CARTESIAN_POINT('',(-0.023713085169401,-0.0167313485251674,0.000758365206662555));
#9550=CARTESIAN_POINT('',(-0.0241539486385685,-0.0165358783115623,0.00174571869216533));
#9551=CARTESIAN_POINT('',(-0.0241204309831645,-0.0151323700628172,0.00207699568167798));
#9552=CARTESIAN_POINT('',(-0.0245682143293118,-0.0154140862321047,0.00207699568167798));
#9553=CARTESIAN_POINT('',(-0.0238471113265411,-0.0155668072863539,0.00207699568167798));
#9554=CARTESIAN_POINT('',(-0.0242948946726885,-0.0158485234556414,0.00207699568167798));
#9555=CARTESIAN_POINT('',(-0.0236394113831516,-0.0158969430250332,0.0019665700185071));
#9556=CARTESIAN_POINT('',(-0.0240871947292989,-0.0161786591943206,0.0019665700185071));
#9557=CARTESIAN_POINT('',(-0.0234973311529958,-0.0161227772788549,0.00174571869216533));
#9558=CARTESIAN_POINT('',(-0.0239451144991432,-0.0164044934481423,0.00174571869216533));
#9559=CARTESIAN_POINT('',(0.,1.46957615897682E-18,0.0025));
#9560=CARTESIAN_POINT('',(0.,1.46957615897682E-18,0.0025));
#9561=CARTESIAN_POINT('',(0.0234253751864136,-0.0162326506578025,-0.00173731647131401));
#9562=CARTESIAN_POINT('',(0.0234253751864136,-0.0162326506578025,-0.00186937755249202));
#9563=CARTESIAN_POINT('',(0.0234035230664238,-0.0162644133344624,-0.00200402185004201));
#9564=CARTESIAN_POINT('',(0.0233494810045725,-0.0163416304822869,-0.00209727945712523));
#9565=CARTESIAN_POINT('',(0.0234253751864136,-0.0162326506578025,-0.00173731647131401));
#9566=CARTESIAN_POINT('',(0.0233494810045725,-0.0163416304822869,-0.00209727945712523));
#9567=CARTESIAN_POINT('',(0.0233502769230861,-0.0163404931877129,-0.00137318938926588));
#9568=CARTESIAN_POINT('',(0.0234054079011602,-0.016261711991192,-0.00146629072898483));
#9569=CARTESIAN_POINT('',(0.0234253751864136,-0.0162326506578025,-0.00160407544227324));
#9570=CARTESIAN_POINT('',(0.0234253751864136,-0.0162326506578025,-0.00173731647131401));
#9571=CARTESIAN_POINT('',(0.0233502769230861,-0.0163404931877129,-0.00137318938926588));
#9572=CARTESIAN_POINT('',(0.0231355465856114,-0.0166431257336926,-0.00124595311536089));
#9573=CARTESIAN_POINT('',(0.0232142058506186,-0.0165337817847806,-0.00124595311536089));
#9574=CARTESIAN_POINT('',(0.0232944769518411,-0.0164202303636906,-0.00127895830067171));
#9575=CARTESIAN_POINT('',(0.0233502769230861,-0.0163404931877129,-0.00137318938926588));
#9576=CARTESIAN_POINT('',(0.0231355465856114,-0.0166431257336926,-0.00124595311536089));
#9577=CARTESIAN_POINT('',(0.0229122149617274,-0.0169492641595467,-0.00137041332510796));
#9578=CARTESIAN_POINT('',(0.0229713486347156,-0.0168693265637769,-0.00127523640758033));
#9579=CARTESIAN_POINT('',(0.0230556439457948,-0.0167541980932584,-0.00124595311536089));
#9580=CARTESIAN_POINT('',(0.0231355465856114,-0.0166431257336926,-0.00124595311536089));
#9581=CARTESIAN_POINT('',(0.0229122149617274,-0.0169492641595467,-0.00137041332510796));
#9582=CARTESIAN_POINT('',(0.0228346465655774,-0.0170536232580547,-0.00173731647131401));
#9583=CARTESIAN_POINT('',(0.0228346465655774,-0.0170536232580547,-0.0016032997157859));
#9584=CARTESIAN_POINT('',(0.0228542628354452,-0.0170276045265599,-0.0014636885178192));
#9585=CARTESIAN_POINT('',(0.0229122149617273,-0.0169492641595467,-0.00137041332510796));
#9586=CARTESIAN_POINT('',(0.0228346465655774,-0.0170536232580547,-0.00173731647131401));
#9587=CARTESIAN_POINT('',(0.0229138659720434,-0.0169470320769666,-0.00210005552128316));
#9588=CARTESIAN_POINT('',(0.0228568337069638,-0.0170241446753366,-0.00200716056694935));
#9589=CARTESIAN_POINT('',(0.0228346465655774,-0.0170536232580547,-0.00187029659674857));
#9590=CARTESIAN_POINT('',(0.0228346465655774,-0.0170536232580547,-0.00173731647131401));
#9591=CARTESIAN_POINT('',(0.0229138659720434,-0.0169470320769666,-0.00210005552128316));
#9592=CARTESIAN_POINT('',(0.0231355465856115,-0.0166431257336927,-0.00222867982726712));
#9593=CARTESIAN_POINT('',(0.0230558343104588,-0.0167539334680539,-0.00222867982726712));
#9594=CARTESIAN_POINT('',(0.0229725096296349,-0.0168677407353287,-0.00219557513437132));
#9595=CARTESIAN_POINT('',(0.0229138659720434,-0.0169470320769666,-0.00210005552128316));
#9596=CARTESIAN_POINT('',(0.0231355465856114,-0.0166431257336926,-0.00222867982726712));
#9597=CARTESIAN_POINT('',(0.0233494810045725,-0.0163416304822869,-0.00209727945712523));
#9598=CARTESIAN_POINT('',(0.0232942961426521,-0.0164204805019681,-0.0021925091355207));
#9599=CARTESIAN_POINT('',(0.0232142925210873,-0.0165336613044874,-0.00222867982726712));
#9600=CARTESIAN_POINT('',(0.0231355465856114,-0.0166431257336926,-0.00222867982726712));
#9601=CARTESIAN_POINT('',(0.0233470336537281,-0.0163398724511484,-0.00209727945712523));
#9602=CARTESIAN_POINT('',(0.0237598201628272,-0.0166363937031607,-0.00209727945712523));
#9603=CARTESIAN_POINT('',(0.023295386338485,-0.0164117705522755,-0.00218487970388649));
#9604=CARTESIAN_POINT('',(0.0237081728475841,-0.0167082918042878,-0.00218487970388649));
#9605=CARTESIAN_POINT('',(0.02322349399549,-0.0165118517069803,-0.00222867982726712));
#9606=CARTESIAN_POINT('',(0.0236362805045891,-0.0168083729589926,-0.00222867982726712));
#9607=CARTESIAN_POINT('',(0.0231313566247428,-0.0166401159152628,-0.00222867982726712));
#9608=CARTESIAN_POINT('',(0.0235441431338419,-0.0169366371672751,-0.00222867982726712));
#9609=CARTESIAN_POINT('',(0.0239603993351574,-0.0167804778386542,-0.00209727945712523));
#9610=CARTESIAN_POINT('',(0.0237447223061721,-0.0170807213027685,-0.00222867982726712));
#9611=CARTESIAN_POINT('',(0.0234229287822323,-0.0162308933066906,-0.00173731647131401));
#9612=CARTESIAN_POINT('',(0.0238355556208185,-0.0165272998609127,-0.00173731647131401));
#9613=CARTESIAN_POINT('',(0.0234229287822323,-0.0162308933066906,-0.0018896915484269));
#9614=CARTESIAN_POINT('',(0.0238355556208185,-0.0165272998609127,-0.0018896915484269));
#9615=CARTESIAN_POINT('',(0.0233971051246107,-0.0162668423572541,-0.00200967921036397));
#9616=CARTESIAN_POINT('',(0.023809731963197,-0.0165632489114762,-0.00200967921036397));
#9617=CARTESIAN_POINT('',(0.0233454578093677,-0.0163387404583812,-0.00209727945712523));
#9618=CARTESIAN_POINT('',(0.023758084647954,-0.0166351470126033,-0.00209727945712523));
#9619=CARTESIAN_POINT('',(0.0240378703080219,-0.0166726306869635,-0.00173731647131401));
#9620=CARTESIAN_POINT('',(0.0233462676923369,-0.0163376131950408,-0.00137318938926588));
#9621=CARTESIAN_POINT('',(0.0237588807240229,-0.0166340098312078,-0.00137318938926588));
#9622=CARTESIAN_POINT('',(0.0233973751401732,-0.0162664666420091,-0.00145801357186922));
#9623=CARTESIAN_POINT('',(0.0238099881718592,-0.0165628632781761,-0.00145801357186922));
#9624=CARTESIAN_POINT('',(0.0234229288640914,-0.0162308933654933,-0.00157938926588526));
#9625=CARTESIAN_POINT('',(0.0238355418957773,-0.0165272900016602,-0.00157938926588526));
#9626=CARTESIAN_POINT('',(0.0234229288640914,-0.0162308933654933,-0.00173731647131401));
#9627=CARTESIAN_POINT('',(0.0238355418957773,-0.0165272900016602,-0.00173731647131401));
#9628=CARTESIAN_POINT('',(0.0239612091362674,-0.016779350516511,-0.00137318938926588));
#9629=CARTESIAN_POINT('',(0.0231313426601009,-0.0166401058838955,-0.00124595311536089));
#9630=CARTESIAN_POINT('',(0.0235441430075306,-0.0169366370765405,-0.00124595311536089));
#9631=CARTESIAN_POINT('',(0.0232245597656614,-0.0165103385794222,-0.00124595311536089));
#9632=CARTESIAN_POINT('',(0.0236373601130912,-0.0168068697720672,-0.00124595311536089));
#9633=CARTESIAN_POINT('',(0.0232967220423599,-0.0164098816506697,-0.00128836520666255));
#9634=CARTESIAN_POINT('',(0.0237095223897896,-0.0167064128433147,-0.00128836520666255));
#9635=CARTESIAN_POINT('',(0.0233478294901962,-0.016338735097638,-0.00137318938926588));
#9636=CARTESIAN_POINT('',(0.023760629837626,-0.016635266290283,-0.00137318938926588));
#9637=CARTESIAN_POINT('',(0.0237447223061721,-0.0170807213027685,-0.00124595311536089));
#9638=CARTESIAN_POINT('',(0.0229097646630685,-0.016947504010874,-0.00137041332510796));
#9639=CARTESIAN_POINT('',(0.0233230483701953,-0.0172443824203475,-0.00137041332510796));
#9640=CARTESIAN_POINT('',(0.0229603322434981,-0.0168771090059377,-0.00128743985194324));
#9641=CARTESIAN_POINT('',(0.0233736159506249,-0.0171739874154112,-0.00128743985194324));
#9642=CARTESIAN_POINT('',(0.0230340241445156,-0.0167745226909149,-0.00124595311536089));
#9643=CARTESIAN_POINT('',(0.0234473078516424,-0.0170714011003884,-0.00124595311536089));
#9644=CARTESIAN_POINT('',(0.023130840366121,-0.0166397450658055,-0.00124595311536089));
#9645=CARTESIAN_POINT('',(0.0235441240732478,-0.016936623475279,-0.00124595311536089));
#9646=CARTESIAN_POINT('',(0.0235236466031196,-0.0173884802478371,-0.00137041332510796));
#9647=CARTESIAN_POINT('',(0.0228321992668738,-0.0170518652643712,-0.00173731647131401));
#9648=CARTESIAN_POINT('',(0.023244976981552,-0.017348380198995,-0.00173731647131401));
#9649=CARTESIAN_POINT('',(0.0228321992668738,-0.0170518652643712,-0.00157568784700802));
#9650=CARTESIAN_POINT('',(0.023244976981552,-0.017348380198995,-0.00157568784700802));
#9651=CARTESIAN_POINT('',(0.0228574830570886,-0.017016667761903,-0.00145338679827267));
#9652=CARTESIAN_POINT('',(0.0232702607717668,-0.0173131826965269,-0.00145338679827267));
#9653=CARTESIAN_POINT('',(0.0229080506375181,-0.0169462727569668,-0.00137041332510796));
#9654=CARTESIAN_POINT('',(0.0233208283521963,-0.0172427876915906,-0.00137041332510796));
#9655=CARTESIAN_POINT('',(0.0234477952324753,-0.0174940727552414,-0.00173731647131401));
#9656=CARTESIAN_POINT('',(0.0229096700545398,-0.0169440179796449,-0.00210005552128316));
#9657=CARTESIAN_POINT('',(0.0233224790060354,-0.0172405553529386,-0.00210005552128316));
#9658=CARTESIAN_POINT('',(0.0228580227392968,-0.017015916080772,-0.00201430598396052));
#9659=CARTESIAN_POINT('',(0.0232708316907924,-0.0173124534540657,-0.00201430598396052));
#9660=CARTESIAN_POINT('',(0.0228321990816753,-0.0170518651313356,-0.00189339296730414));
#9661=CARTESIAN_POINT('',(0.0232450080331708,-0.0173484025046293,-0.00189339296730414));
#9662=CARTESIAN_POINT('',(0.0228321990816753,-0.0170518651313356,-0.00173731647131401));
#9663=CARTESIAN_POINT('',(0.0232450080331708,-0.0173484025046293,-0.00173731647131401));
#9664=CARTESIAN_POINT('',(0.0235252662053398,-0.0173862256035508,-0.00210005552128316));
#9665=CARTESIAN_POINT('',(0.0231308719626654,-0.0166397677628818,-0.00222867982726712));
#9666=CARTESIAN_POINT('',(0.0235441238847992,-0.0169366233399088,-0.00222867982726712));
#9667=CARTESIAN_POINT('',(0.0230362152106868,-0.0167715391956095,-0.00222867982726712));
#9668=CARTESIAN_POINT('',(0.0234494671328206,-0.0170683947726365,-0.00222867982726712));
#9669=CARTESIAN_POINT('',(0.0229630631770761,-0.0168733739625369,-0.0021858050586058));
#9670=CARTESIAN_POINT('',(0.0233763150992099,-0.0171702295395639,-0.0021858050586058));
#9671=CARTESIAN_POINT('',(0.0229114158618331,-0.016945272063664,-0.00210005552128316));
#9672=CARTESIAN_POINT('',(0.0233246677839669,-0.017242127640691,-0.00210005552128316));
#9673=CARTESIAN_POINT('',(0.,1.46957615897682E-18,0.0025));
#9674=CARTESIAN_POINT('',(0.,1.46957615897682E-18,-0.00215095003084516));
#9675=CARTESIAN_POINT('',(-0.0222612937444251,-0.0177955598626995,-0.00215095003084516));
#9676=CARTESIAN_POINT('',(-0.0228012125541901,-0.017098299800306,-0.00215095003084516));
#9677=CARTESIAN_POINT('',(-0.0222612937444251,-0.0177955598626995,0.0025));
#9678=CARTESIAN_POINT('',(-0.0222612937444251,-0.0177955598626995,0.00234904996915484));
#9679=CARTESIAN_POINT('',(0.,1.46957615897682E-18,0.00234904996915484));
#9680=CARTESIAN_POINT('',(-0.0228012125541901,-0.017098299800306,0.00234904996915484));
#9681=CARTESIAN_POINT('',(-0.0228012125541901,-0.017098299800306,0.0025));
#9682=CARTESIAN_POINT('',(-0.0233971247614106,-0.0175584264280767,9.90499691548421E-5));
#9683=CARTESIAN_POINT('',(-0.0233971247614106,-0.0175584264280767,-0.00215095003084516));
#9684=CARTESIAN_POINT('',(-0.0233971247614106,-0.0175584264280767,0.00234904996915484));
#9685=CARTESIAN_POINT('',(-0.0231276470084584,-0.0179074283611675,-0.00215095003084516));
#9686=CARTESIAN_POINT('',(-0.0228581692555063,-0.0182564302942582,-0.00215095003084516));
#9687=CARTESIAN_POINT('',(-0.0228581692555063,-0.0182564302942582,9.90499691548421E-5));
#9688=CARTESIAN_POINT('',(-0.0228581692555063,-0.0182564302942582,0.00234904996915484));
#9689=CARTESIAN_POINT('',(-0.0231276470084584,-0.0179074283611675,0.00234904996915484));
#9690=CARTESIAN_POINT('',(0.,1.46957615897682E-18,0.0025));
#9691=CARTESIAN_POINT('',(0.,1.46957615897682E-18,0.000419685379395435));
#9692=CARTESIAN_POINT('',(-0.0152150294773858,-0.0240987557356139,0.000419685379395435));
#9693=CARTESIAN_POINT('',(-0.0159726222369088,-0.0236034423099578,0.000419685379395435));
#9694=CARTESIAN_POINT('',(-0.0152150294773858,-0.0240987557356139,0.0025));
#9695=CARTESIAN_POINT('',(-0.0152150294773858,-0.0240987557356139,0.00108223935842073));
#9696=CARTESIAN_POINT('',(0.,1.46957615897682E-18,0.00108223935842073));
#9697=CARTESIAN_POINT('',(-0.0159726222369088,-0.0236034423099578,0.00108223935842073));
#9698=CARTESIAN_POINT('',(-0.0159726222369088,-0.0236034423099578,0.0025));
#9699=CARTESIAN_POINT('',(-0.0159726222369088,-0.0236034423099578,0.00177070326958668));
#9700=CARTESIAN_POINT('',(0.,1.46957615897682E-18,0.00177070326958668));
#9701=CARTESIAN_POINT('',(-0.0164362114923598,-0.0232830002744689,0.00177070326958668));
#9702=CARTESIAN_POINT('',(0.,1.46957615897682E-18,0.00312783523077787));
#9703=CARTESIAN_POINT('',(-0.0166434962419625,-0.0231352800468523,0.00108779148673658));
#9704=CARTESIAN_POINT('',(0.,1.46957615897682E-18,0.00154969066713668));
#9705=CARTESIAN_POINT('',(-0.0170356702301112,-0.0228480434570097,0.00079260333127699));
#9706=CARTESIAN_POINT('',(-0.0170356702301112,-0.0228480434570097,0.0025));
#9707=CARTESIAN_POINT('',(-0.0170356702301112,-0.0228480434570097,0.000419685379395435));
#9708=CARTESIAN_POINT('',(0.,1.46957615897682E-18,0.000419685379395435));
#9709=CARTESIAN_POINT('',(-0.016695305249823,-0.0230979205258337,0.000419685379395435));
#9710=CARTESIAN_POINT('',(-0.016695305249823,-0.0230979205258337,0.0025));
#9711=CARTESIAN_POINT('',(-0.016695305249823,-0.0230979205258337,-0.00113861196792104));
#9712=CARTESIAN_POINT('',(-0.0164989084652874,-0.0232386137593569,-0.00194135718692166));
#9713=CARTESIAN_POINT('',(-0.0166567474008541,-0.0231265515607618,-0.0017266901549867));
#9714=CARTESIAN_POINT('',(-0.0166953052498231,-0.0230979205258337,-0.00142540934520366));
#9715=CARTESIAN_POINT('',(-0.0166953052498231,-0.0230979205258338,-0.00113861196792104));
#9716=CARTESIAN_POINT('',(-0.0164989084652873,-0.0232386137593568,-0.00194135718692165));
#9717=CARTESIAN_POINT('',(-0.0158643957081746,-0.02367631936803,-0.00220924737816163));
#9718=CARTESIAN_POINT('',(-0.0160981165611356,-0.0235197139413592,-0.00220924737816163));
#9719=CARTESIAN_POINT('',(-0.0163438098812769,-0.0233487303681693,-0.00215229723518838));
#9720=CARTESIAN_POINT('',(-0.0164989084652873,-0.0232386137593568,-0.00194135718692165));
#9721=CARTESIAN_POINT('',(-0.0158643957081746,-0.02367631936803,-0.00220924737816163));
#9722=CARTESIAN_POINT('',(-0.0151852670311651,-0.0241175209172649,-0.00206119062307218));
#9723=CARTESIAN_POINT('',(-0.0153991950988903,-0.0239828240367268,-0.00217473947659219));
#9724=CARTESIAN_POINT('',(-0.0156344909671489,-0.0238303677963403,-0.00220924737816163));
#9725=CARTESIAN_POINT('',(-0.0158643957081746,-0.02367631936803,-0.00220924737816163));
#9726=CARTESIAN_POINT('',(-0.0151852670311651,-0.0241175209172649,-0.00206119062307218));
#9727=CARTESIAN_POINT('',(-0.0151852670311651,-0.0241175209172649,0.0025));
#9728=CARTESIAN_POINT('',(-0.0151852670311651,-0.0241175209172649,-0.00140511412708205));
#9729=CARTESIAN_POINT('',(-0.0156523494424572,-0.0238170339659184,-0.00150597779148674));
#9730=CARTESIAN_POINT('',(-0.0154942907586567,-0.0239209087705981,-0.00150597779148674));
#9731=CARTESIAN_POINT('',(-0.015337930797893,-0.0240213982655339,-0.00146126279115605));
#9732=CARTESIAN_POINT('',(-0.0151852670311651,-0.0241175209172649,-0.00140511412708205));
#9733=CARTESIAN_POINT('',(-0.0156523494424572,-0.0238170339659184,-0.00150597779148674));
#9734=CARTESIAN_POINT('',(-0.0158851459301899,-0.0236624024304184,-0.00141621838371376));
#9735=CARTESIAN_POINT('',(-0.0158214541141039,-0.0237051602947587,-0.00148149064306231));
#9736=CARTESIAN_POINT('',(-0.015736205699685,-0.0237619243564287,-0.00150597779148674));
#9737=CARTESIAN_POINT('',(-0.0156523494424572,-0.0238170339659184,-0.00150597779148674));
#9738=CARTESIAN_POINT('',(-0.0158851459301899,-0.0236624024304184,-0.00141621838371376));
#9739=CARTESIAN_POINT('',(-0.0159726222369088,-0.0236034423099578,-0.00113861196792104));
#9740=CARTESIAN_POINT('',(-0.0159726222369088,-0.0236034423099578,-0.00124139259915119));
#9741=CARTESIAN_POINT('',(-0.015950603461873,-0.0236184591982773,-0.00134913659445253));
#9742=CARTESIAN_POINT('',(-0.0158851459301899,-0.0236624024304184,-0.00141621838371376));
#9743=CARTESIAN_POINT('',(-0.0159726222369088,-0.0236034423099578,-0.00113861196792104));
#9744=CARTESIAN_POINT('',(-0.0159726222369088,-0.0236034423099578,0.0025));
#9745=CARTESIAN_POINT('',(-0.0163942758476039,-0.024223822247567,-0.000359463294262801));
#9746=CARTESIAN_POINT('',(-0.0163942758476039,-0.024223822247567,0.000419685379395435));
#9747=CARTESIAN_POINT('',(-0.0163942758476039,-0.024223822247567,-0.00113861196792104));
#9748=CARTESIAN_POINT('',(-0.0160200354584159,-0.0244781821999168,0.000419685379395435));
#9749=CARTESIAN_POINT('',(-0.0156457950692278,-0.0247325421522667,0.000419685379395435));
#9750=CARTESIAN_POINT('',(-0.0156457950692278,-0.0247325421522667,0.000750962368908082));
#9751=CARTESIAN_POINT('',(-0.0156457950692278,-0.0247325421522667,0.00108223935842073));
#9752=CARTESIAN_POINT('',(-0.0160200354584159,-0.0244781821999168,0.00108223935842073));
#9753=CARTESIAN_POINT('',(-0.0163942758476039,-0.024223822247567,0.00108223935842073));
#9754=CARTESIAN_POINT('',(-0.0163942758476039,-0.024223822247567,0.0014264713140037));
#9755=CARTESIAN_POINT('',(-0.0163942758476039,-0.024223822247567,0.00177070326958668));
#9756=CARTESIAN_POINT('',(-0.0166273151083559,-0.0240654324612878,0.00177070326958668));
#9757=CARTESIAN_POINT('',(-0.016860354369108,-0.0239070426750086,0.00177070326958668));
#9758=CARTESIAN_POINT('',(-0.0169655855623868,-0.0238355201935197,0.00142924737816163));
#9759=CARTESIAN_POINT('',(-0.0170708167556656,-0.0237639977120307,0.00108779148673658));
#9760=CARTESIAN_POINT('',(-0.0172717126701071,-0.0236274547928245,0.000940197409006786));
#9761=CARTESIAN_POINT('',(-0.0174726085845484,-0.0234909118736183,0.00079260333127699));
#9762=CARTESIAN_POINT('',(-0.0174726085845484,-0.0234909118736183,0.000606144355336213));
#9763=CARTESIAN_POINT('',(-0.0174726085845484,-0.0234909118736183,0.000419685379395435));
#9764=CARTESIAN_POINT('',(-0.0172981161331479,-0.0236095091520145,0.000419685379395435));
#9765=CARTESIAN_POINT('',(-0.0171236236817473,-0.0237281064304108,0.000419685379395435));
#9766=CARTESIAN_POINT('',(-0.0171236236817473,-0.0237281064304108,-0.000359463294262801));
#9767=CARTESIAN_POINT('',(-0.0171236236817473,-0.0237281064304108,-0.00113861196792104));
#9768=CARTESIAN_POINT('',(-0.0164938503200957,-0.023231171698578,-0.00194135718692165));
#9769=CARTESIAN_POINT('',(-0.0167817629606218,-0.0236547782358777,-0.00194135718692165));
#9770=CARTESIAN_POINT('',(-0.016627015611954,-0.0231406632492756,-0.001762763726095));
#9771=CARTESIAN_POINT('',(-0.0169149282524801,-0.0235642697865753,-0.001762763726095));
#9772=CARTESIAN_POINT('',(-0.0166935982578831,-0.0230954090246244,-0.00149518198642813));
#9773=CARTESIAN_POINT('',(-0.0169815108984092,-0.0235190155619241,-0.00149518198642813));
#9774=CARTESIAN_POINT('',(-0.0166935982578831,-0.0230954090246244,-0.00113861196792104));
#9775=CARTESIAN_POINT('',(-0.0169815108984092,-0.0235190155619241,-0.00113861196792104));
#9776=CARTESIAN_POINT('',(-0.0169238757439599,-0.0238638691043643,-0.00194135718692165));
#9777=CARTESIAN_POINT('',(-0.0158596918254034,-0.0236693985343741,-0.00220924737816163));
#9778=CARTESIAN_POINT('',(-0.0161475953775937,-0.0240929916999841,-0.00220924737816163));
#9779=CARTESIAN_POINT('',(-0.0161515330014301,-0.023471042852378,-0.00220924737816163));
#9780=CARTESIAN_POINT('',(-0.0164394365536203,-0.023894636017988,-0.00220924737816163));
#9781=CARTESIAN_POINT('',(-0.0163640362353726,-0.0233266107867288,-0.0021199506477483));
#9782=CARTESIAN_POINT('',(-0.0166519397875628,-0.0237502039523388,-0.0021199506477483));
#9783=CARTESIAN_POINT('',(-0.0164972015272309,-0.0232361023374264,-0.00194135718692165));
#9784=CARTESIAN_POINT('',(-0.0167851050794211,-0.0236596955030364,-0.00194135718692165));
#9785=CARTESIAN_POINT('',(-0.0162863660421325,-0.0242971653013121,-0.00220924737816163));
#9786=CARTESIAN_POINT('',(-0.015183523602501,-0.0241149558066185,-0.00206119062307218));
#9787=CARTESIAN_POINT('',(-0.0154775819038485,-0.0245476044689711,-0.00206119062307218));
#9788=CARTESIAN_POINT('',(-0.0153651590197484,-0.0239915036688727,-0.00215989512646515));
#9789=CARTESIAN_POINT('',(-0.0156592173210958,-0.0244241523312253,-0.00215989512646515));
#9790=CARTESIAN_POINT('',(-0.0155883767024611,-0.0238397893141992,-0.00220924737816163));
#9791=CARTESIAN_POINT('',(-0.0158824350038085,-0.0242724379765518,-0.00220924737816163));
#9792=CARTESIAN_POINT('',(-0.0158531766506391,-0.0236598127425978,-0.00220924737816163));
#9793=CARTESIAN_POINT('',(-0.0161472349519865,-0.0240924614049504,-0.00220924737816163));
#9794=CARTESIAN_POINT('',(-0.0156167129939944,-0.0247523083653328,-0.00206119062307218));
#9795=CARTESIAN_POINT('',(-0.0156167129939944,-0.0247523083653328,-0.00173315237507711));
#9796=CARTESIAN_POINT('',(-0.0156167129939944,-0.0247523083653328,-0.00140511412708205));
#9797=CARTESIAN_POINT('',(-0.0156427236034677,-0.0238028714466365,-0.00150597779148674));
#9798=CARTESIAN_POINT('',(-0.015935206661668,-0.0242332024500848,-0.00150597779148674));
#9799=CARTESIAN_POINT('',(-0.0155151706419176,-0.0238895653635928,-0.00150597779148674));
#9800=CARTESIAN_POINT('',(-0.0158076537001179,-0.0243198963670411,-0.00150597779148674));
#9801=CARTESIAN_POINT('',(-0.0153621070880574,-0.0239935980639404,-0.00147235657001851));
#9802=CARTESIAN_POINT('',(-0.0156545901462577,-0.0244239290673887,-0.00147235657001851));
#9803=CARTESIAN_POINT('',(-0.0151835329418873,-0.0241149695476792,-0.00140511412708205));
#9804=CARTESIAN_POINT('',(-0.0154760160000876,-0.0245453005511276,-0.00140511412708205));
#9805=CARTESIAN_POINT('',(-0.0160759036555748,-0.02444021026429,-0.00150597779148674));
#9806=CARTESIAN_POINT('',(-0.0158817788197309,-0.0236574483929728,-0.00141621838371376));
#9807=CARTESIAN_POINT('',(-0.016167936840356,-0.0240784733539333,-0.00141621838371376));
#9808=CARTESIAN_POINT('',(-0.015823614669264,-0.0236969808191049,-0.00147605798889574));
#9809=CARTESIAN_POINT('',(-0.0161097726898891,-0.0241180057800654,-0.00147605798889574));
#9810=CARTESIAN_POINT('',(-0.0157465726804878,-0.0237493439449465,-0.00150597779148674));
#9811=CARTESIAN_POINT('',(-0.0160327307011129,-0.024170368905907,-0.00150597779148674));
#9812=CARTESIAN_POINT('',(-0.0156506528534021,-0.0238145377704977,-0.00150597779148674));
#9813=CARTESIAN_POINT('',(-0.0159368108740272,-0.0242355627314582,-0.00150597779148674));
#9814=CARTESIAN_POINT('',(-0.0163070296219036,-0.0242831208867651,-0.00141621838371376));
#9815=CARTESIAN_POINT('',(-0.0159707042332816,-0.0236006203467626,-0.00113861196792104));
#9816=CARTESIAN_POINT('',(-0.016255400513246,-0.024019494645291,-0.00113861196792104));
#9817=CARTESIAN_POINT('',(-0.0159707042332816,-0.0236006203467626,-0.00126384330660086));
#9818=CARTESIAN_POINT('',(-0.016255400513246,-0.024019494645291,-0.00126384330660086));
#9819=CARTESIAN_POINT('',(-0.0159416221580482,-0.0236203865598287,-0.00135637877853177));
#9820=CARTESIAN_POINT('',(-0.0162263184380126,-0.024039260858357,-0.00135637877853177));
#9821=CARTESIAN_POINT('',(-0.0158834580075814,-0.0236599189859608,-0.00141621838371376));
#9822=CARTESIAN_POINT('',(-0.0161681542875458,-0.0240787932844891,-0.00141621838371376));
#9823=CARTESIAN_POINT('',(0.,1.46957615897682E-18,0.0025));
#9824=CARTESIAN_POINT('',(-0.0187787522013634,-0.02143841448807,0.000756555726530555));
#9825=CARTESIAN_POINT('',(-0.0187435204748876,-0.0214692753458766,0.000688407054134927));
#9826=CARTESIAN_POINT('',(-0.0186988562989394,-0.0215082493871483,0.000631207155789867));
#9827=CARTESIAN_POINT('',(-0.0186460867758129,-0.0215538998316164,0.000586830080257598));
#9828=CARTESIAN_POINT('',(-0.0187785245599101,-0.0214386138872845,0.000756772008838103));
#9829=CARTESIAN_POINT('',(-0.0186463661683337,-0.0215536581284691,0.000586249228871068));
#9830=CARTESIAN_POINT('',(-0.0188193841259259,-0.0214027552227126,0.000963794138857976));
#9831=CARTESIAN_POINT('',(-0.0188208040046087,-0.0214015067272705,0.000890974809590643));
#9832=CARTESIAN_POINT('',(-0.0188066619129796,-0.0214139678855834,0.000819278401654931));
#9833=CARTESIAN_POINT('',(-0.0187784866225744,-0.0214386471160915,0.000756802243681206));
#9834=CARTESIAN_POINT('',(-0.0188194096019057,-0.0214027313131527,0.000963795045537245));
#9835=CARTESIAN_POINT('',(-0.0187173573329893,-0.0214920376993828,0.00127294938934777));
#9836=CARTESIAN_POINT('',(-0.0187844363912639,-0.0214336187294904,0.00119649031610785));
#9837=CARTESIAN_POINT('',(-0.0188223115481765,-0.021400181209311,0.00108102768801207));
#9838=CARTESIAN_POINT('',(-0.0188191426630593,-0.0214029675379356,0.000963807876972442));
#9839=CARTESIAN_POINT('',(-0.018717300966254,-0.0214920867888897,0.0012728624305984));
#9840=CARTESIAN_POINT('',(-0.0184210655598243,-0.0217465283124262,0.00139130783466996));
#9841=CARTESIAN_POINT('',(-0.0185275030178411,-0.021656367190431,0.00139130783466996));
#9842=CARTESIAN_POINT('',(-0.018637563527166,-0.0215615295405568,0.00136492505291157));
#9843=CARTESIAN_POINT('',(-0.018717300966254,-0.0214920867888897,0.0012728624305984));
#9844=CARTESIAN_POINT('',(-0.0184210655598243,-0.0217465283124262,0.00139130783466996));
#9845=CARTESIAN_POINT('',(-0.0180870899979259,-0.0220250832254668,0.00133610018443117));
#9846=CARTESIAN_POINT('',(-0.0181984238446077,-0.0219336593669154,0.00137271515112102));
#9847=CARTESIAN_POINT('',(-0.0183099357659266,-0.0218406642201309,0.00139082799455211));
#9848=CARTESIAN_POINT('',(-0.0184210651005259,-0.0217465287019888,0.00139144906399204));
#9849=CARTESIAN_POINT('',(-0.0180870611047012,-0.022025107731798,0.00133624922887107));
#9850=CARTESIAN_POINT('',(-0.0176507960884832,-0.0223762496286863,0.00114238741517582));
#9851=CARTESIAN_POINT('',(-0.0177944629400865,-0.0222629225812855,0.00121733353361891));
#9852=CARTESIAN_POINT('',(-0.0179387059004628,-0.0221469373126988,0.00128846406838405));
#9853=CARTESIAN_POINT('',(-0.0180870611047012,-0.022025107731798,0.00133624922887107));
#9854=CARTESIAN_POINT('',(-0.0176507960884833,-0.0223762496286863,0.00114238741517582));
#9855=CARTESIAN_POINT('',(0.,1.46957615897682E-18,-0.00130521437384331));
#9856=CARTESIAN_POINT('',(-0.0174230284971894,-0.0225540512544559,0.00184010487353485));
#9857=CARTESIAN_POINT('',(-0.0179144268812632,-0.0221657496997081,0.0020597152693401));
#9858=CARTESIAN_POINT('',(-0.0177476824797151,-0.0223005130363811,0.00200252459598143));
#9859=CARTESIAN_POINT('',(-0.0175838404479385,-0.0224298227601512,0.00192922069867567));
#9860=CARTESIAN_POINT('',(-0.0174231244340457,-0.022553977142807,0.00183982945470814));
#9861=CARTESIAN_POINT('',(-0.0179144585634683,-0.0221657247065244,0.00205956467440952));
#9862=CARTESIAN_POINT('',(-0.0183991668341027,-0.0217650593799639,0.00213691436667609));
#9863=CARTESIAN_POINT('',(-0.0182365471046542,-0.0219025305203089,0.00213800183468126));
#9864=CARTESIAN_POINT('',(-0.018074928897287,-0.0220360312035879,0.0021122284635838));
#9865=CARTESIAN_POINT('',(-0.0179144493803889,-0.0221657315105995,0.00205961571202792));
#9866=CARTESIAN_POINT('',(-0.0183991677286735,-0.0217650586237355,0.00213714373843307));
#9867=CARTESIAN_POINT('',(-0.0191894160216529,-0.0210716269602142,0.00181650832819248));
#9868=CARTESIAN_POINT('',(-0.0189760279925386,-0.0212659542265638,0.00205967698307562));
#9869=CARTESIAN_POINT('',(-0.0186858907623513,-0.0215226763136525,0.00213714373843307));
#9870=CARTESIAN_POINT('',(-0.0183991677286735,-0.0217650586237355,0.00213714373843307));
#9871=CARTESIAN_POINT('',(-0.0191894160216529,-0.0210716269602142,0.00181650832819248));
#9872=CARTESIAN_POINT('',(-0.019469138192218,-0.0208134525741123,0.000934182603331278));
#9873=CARTESIAN_POINT('',(-0.019469138192218,-0.0208134525741123,0.00126773952806253));
#9874=CARTESIAN_POINT('',(-0.0193783372126671,-0.0208995810457473,0.00160122112539803));
#9875=CARTESIAN_POINT('',(-0.0191894160216529,-0.0210716269602142,0.00181650832819248));
#9876=CARTESIAN_POINT('',(-0.019469138192218,-0.0208134525741123,0.000934182603331278));
#9877=CARTESIAN_POINT('',(-0.0193844128866318,-0.0208923834696543,0.000414133251079582));
#9878=CARTESIAN_POINT('',(-0.0194451512432412,-0.0208360290865231,0.000573719383068677));
#9879=CARTESIAN_POINT('',(-0.019469138192218,-0.0208134525741123,0.00075458225822151));
#9880=CARTESIAN_POINT('',(-0.019469138192218,-0.0208134525741123,0.000934182603331278));
#9881=CARTESIAN_POINT('',(-0.0193844128866318,-0.0208923834696543,0.000414133251079582));
#9882=CARTESIAN_POINT('',(-0.0191561339832292,-0.0211018880865924,2.37225037779524E-5));
#9883=CARTESIAN_POINT('',(-0.0192513069349986,-0.0210154908027005,0.000133815248996571));
#9884=CARTESIAN_POINT('',(-0.0193272315270987,-0.0209454377465515,0.000263937294341873));
#9885=CARTESIAN_POINT('',(-0.0193844430933246,-0.0208923554431797,0.000414111836786957));
#9886=CARTESIAN_POINT('',(-0.0191561903881311,-0.0211018368825126,2.36335595311541E-5));
#9887=CARTESIAN_POINT('',(-0.0187221856395186,-0.0214878317864298,-0.000326150524367674));
#9888=CARTESIAN_POINT('',(-0.0188768369262603,-0.0213530852876417,-0.000229488342512848));
#9889=CARTESIAN_POINT('',(-0.0190289207146132,-0.021217371947546,-0.00012478800375627));
#9890=CARTESIAN_POINT('',(-0.0191561903881312,-0.0211018368825127,2.36335595311541E-5));
#9891=CARTESIAN_POINT('',(-0.0187221856395186,-0.0214878317864298,-0.000326150524367674));
#9892=CARTESIAN_POINT('',(-0.0183053616480598,-0.0218440125649168,-0.000612547809993831));
#9893=CARTESIAN_POINT('',(-0.0184373779801293,-0.0217333824004815,-0.00049831364903005));
#9894=CARTESIAN_POINT('',(-0.0185817475589682,-0.0216101944259485,-0.000414900874888378));
#9895=CARTESIAN_POINT('',(-0.0187221856395186,-0.0214878317864298,-0.000326150524367674));
#9896=CARTESIAN_POINT('',(-0.0183053616480598,-0.0218440125649168,-0.000612547809993831));
#9897=CARTESIAN_POINT('',(-0.0181480871877131,-0.0219748511127986,-0.000798596921692399));
#9898=CARTESIAN_POINT('',(-0.0181921241090275,-0.0219384829079179,-0.000724395861575408));
#9899=CARTESIAN_POINT('',(-0.0182446849489298,-0.0218948610591782,-0.000662556627147102));
#9900=CARTESIAN_POINT('',(-0.0183056150329131,-0.0218438002249903,-0.000613078911235282));
#9901=CARTESIAN_POINT('',(-0.0181482955729636,-0.0219746812278975,-0.00079879812659311));
#9902=CARTESIAN_POINT('',(-0.0180950835641815,-0.022018517225458,-0.00102016351908348));
#9903=CARTESIAN_POINT('',(-0.0180941619717138,-0.022019274601286,-0.000940922200714695));
#9904=CARTESIAN_POINT('',(-0.0181129084876996,-0.0220039047329117,-0.000863407098643539));
#9905=CARTESIAN_POINT('',(-0.018148471433909,-0.0219745337746923,-0.000798962375498981));
#9906=CARTESIAN_POINT('',(-0.0180949273013101,-0.0220186456432453,-0.00102016656384947));
#9907=CARTESIAN_POINT('',(-0.0182165525584003,-0.0219181286356646,-0.00135560764959901));
#9908=CARTESIAN_POINT('',(-0.0181352343772918,-0.0219857136446195,-0.00128026195170519));
#9909=CARTESIAN_POINT('',(-0.0180949273013101,-0.0220186456432453,-0.00114954114603195));
#9910=CARTESIAN_POINT('',(-0.0180949273013101,-0.0220186456432453,-0.00102016656384947));
#9911=CARTESIAN_POINT('',(-0.0182165525584003,-0.0219181286356646,-0.00135560764959901));
#9912=CARTESIAN_POINT('',(-0.0185618929561889,-0.0216264486193523,-0.00146803824799506));
#9913=CARTESIAN_POINT('',(-0.0184418472398423,-0.0217294833698051,-0.00146803824799506));
#9914=CARTESIAN_POINT('',(-0.0183162265875552,-0.0218352877498851,-0.00144796103461315));
#9915=CARTESIAN_POINT('',(-0.0182165525584003,-0.0219181286356646,-0.00135560764959901));
#9916=CARTESIAN_POINT('',(-0.0185618929561889,-0.0216264486193523,-0.00146803824799506));
#9917=CARTESIAN_POINT('',(-0.0189702585986223,-0.0212691429227176,-0.00138969448605594));
#9918=CARTESIAN_POINT('',(-0.018837780039024,-0.0213873024810734,-0.00143909572298583));
#9919=CARTESIAN_POINT('',(-0.0187017039461581,-0.0215064493133949,-0.00146544051153953));
#9920=CARTESIAN_POINT('',(-0.0185619019955421,-0.0216264408609089,-0.00146871008473552));
#9921=CARTESIAN_POINT('',(-0.0189703860864133,-0.0212690291676635,-0.0013903084515731));
#9922=CARTESIAN_POINT('',(-0.0195049697350826,-0.0207798774211017,-0.00112103022825416));
#9923=CARTESIAN_POINT('',(-0.0193332576560578,-0.0209410544500444,-0.00122641552246125));
#9924=CARTESIAN_POINT('',(-0.0191567421480411,-0.0211028134739073,-0.00132488152879974));
#9925=CARTESIAN_POINT('',(-0.0189703860864133,-0.0212690291676635,-0.0013903084515731));
#9926=CARTESIAN_POINT('',(-0.0195049697350826,-0.0207798774211017,-0.00112103022825416));
#9927=CARTESIAN_POINT('',(-0.0195049697350826,-0.0207798774211017,0.0025));
#9928=CARTESIAN_POINT('',(-0.0195049697350826,-0.0207798774211017,-0.00195384947563232));
#9929=CARTESIAN_POINT('',(-0.0186145028071057,-0.0215811824339343,-0.00220924737816163));
#9930=CARTESIAN_POINT('',(-0.0189271185909532,-0.0213115407030519,-0.00220924737816163));
#9931=CARTESIAN_POINT('',(-0.01923444786969,-0.0210338019602235,-0.00213583042896914));
#9932=CARTESIAN_POINT('',(-0.0195049697350826,-0.0207798774211017,-0.00195384947563232));
#9933=CARTESIAN_POINT('',(-0.0186145028071057,-0.0215811824339343,-0.00220924737816163));
#9934=CARTESIAN_POINT('',(-0.0177317339704715,-0.0223121661970084,-0.00187935842072795));
#9935=CARTESIAN_POINT('',(-0.0179817807150059,-0.0221134511858743,-0.00213481322649786));
#9936=CARTESIAN_POINT('',(-0.0183066010440065,-0.0218467581618199,-0.00220924737816163));
#9937=CARTESIAN_POINT('',(-0.0186145028071057,-0.0215811824339343,-0.00220924737816163));
#9938=CARTESIAN_POINT('',(-0.0177317339704715,-0.0223121661970084,-0.00187935842072795));
#9939=CARTESIAN_POINT('',(-0.0174068963657112,-0.0225665041359066,-0.000976674892041949));
#9940=CARTESIAN_POINT('',(-0.0174068963657112,-0.0225665041359066,-0.00132232111399937));
#9941=CARTESIAN_POINT('',(-0.0175203353532748,-0.0224801670987927,-0.00166338763175972));
#9942=CARTESIAN_POINT('',(-0.0177317339704715,-0.0223121661970084,-0.00187935842072795));
#9943=CARTESIAN_POINT('',(-0.0174068963657112,-0.0225665041359066,-0.000976674892041949));
#9944=CARTESIAN_POINT('',(-0.0175805513015829,-0.0224314815813604,-0.000278494756323257));
#9945=CARTESIAN_POINT('',(-0.0174601042279484,-0.0225258813181534,-0.000476482787490552));
#9946=CARTESIAN_POINT('',(-0.0174068963657112,-0.0225665041359066,-0.000727012301266984));
#9947=CARTESIAN_POINT('',(-0.0174068963657112,-0.0225665041359066,-0.000976674892041949));
#9948=CARTESIAN_POINT('',(-0.0175805513015829,-0.0224314815813604,-0.000278494756323257));
#9949=CARTESIAN_POINT('',(-0.018213349767872,-0.02192079013712,0.000290135718692166));
#9950=CARTESIAN_POINT('',(-0.0179817247236251,-0.0221132406792528,0.00014591375700098));
#9951=CARTESIAN_POINT('',(-0.0177421748288099,-0.0223048100237261,-1.28218513669196E-5));
#9952=CARTESIAN_POINT('',(-0.0175805513015829,-0.0224314815813604,-0.000278494756323257));
#9953=CARTESIAN_POINT('',(-0.018213349767872,-0.02192079013712,0.000290135718692166));
#9954=CARTESIAN_POINT('',(-0.0186463661683337,-0.0215536581284691,0.000586249228871068));
#9955=CARTESIAN_POINT('',(-0.0185130548485796,-0.0216689875851999,0.000465108653290082));
#9956=CARTESIAN_POINT('',(-0.0183616023945628,-0.0217976113225319,0.00038212443371021));
#9957=CARTESIAN_POINT('',(-0.018213349767872,-0.02192079013712,0.000290135718692166));
#9958=CARTESIAN_POINT('',(-0.0186443508389822,-0.0215512820337599,0.000586249228871068));
#9959=CARTESIAN_POINT('',(-0.018972705920526,-0.0219384161621825,0.000586249228871068));
#9960=CARTESIAN_POINT('',(-0.0185834252803539,-0.0216029571905151,0.00053134484885873));
#9961=CARTESIAN_POINT('',(-0.0189117803618977,-0.0219900913189377,0.00053134484885873));
#9962=CARTESIAN_POINT('',(-0.0184391093335644,-0.0217253614710914,0.000432640345465763));
#9963=CARTESIAN_POINT('',(-0.0187674644151083,-0.022112495599514,0.000432640345465763));
#9964=CARTESIAN_POINT('',(-0.0182114029986138,-0.021918494875489,0.000290135718692166));
#9965=CARTESIAN_POINT('',(-0.0185397580801577,-0.0223056290039116,0.000290135718692166));
#9966=CARTESIAN_POINT('',(-0.0191324068795236,-0.0221267052889386,0.000586249228871068));
#9967=CARTESIAN_POINT('',(-0.0186994590391553,-0.0224939181306676,0.000290135718692166));
#9968=CARTESIAN_POINT('',(-0.0188817405742592,-0.0223393126233548,0.00110302871710342));
#9969=CARTESIAN_POINT('',(-0.0192657844538181,-0.0220135785944205,0.000756977174583591));
#9970=CARTESIAN_POINT('',(-0.0190152943270218,-0.0222260364997603,0.000953848160327241));
#9971=CARTESIAN_POINT('',(-0.01930777369017,-0.0219779646350352,0.000963793954349168));
#9972=CARTESIAN_POINT('',(-0.019010603283037,-0.0222300152968154,0.000977807062171563));
#9973=CARTESIAN_POINT('',(-0.0192040355768299,-0.0220659520641048,0.0012728624305984));
#9974=CARTESIAN_POINT('',(-0.0184175447212246,-0.0217423772063242,0.00139130783466996));
#9975=CARTESIAN_POINT('',(-0.0187464839503313,-0.0221302000509273,0.00139130783466996));
#9976=CARTESIAN_POINT('',(-0.0185469233206284,-0.0216326423174619,0.00139130783466996));
#9977=CARTESIAN_POINT('',(-0.0188758625497351,-0.0220204651620651,0.00139130783466996));
#9978=CARTESIAN_POINT('',(-0.0186461919914436,-0.0215484457300076,0.00135182603331277));
#9979=CARTESIAN_POINT('',(-0.0189751312205503,-0.0219362685746108,0.00135182603331277));
#9980=CARTESIAN_POINT('',(-0.0187153507336703,-0.0214897874439612,0.0012728624305984));
#9981=CARTESIAN_POINT('',(-0.019044289962777,-0.0218776102885644,0.0012728624305984));
#9982=CARTESIAN_POINT('',(-0.0189062295643842,-0.0223185418264678,0.00139130783466996));
#9983=CARTESIAN_POINT('',(-0.0189120708949494,-0.0223135873922467,-0.000404838199353504));
#9984=CARTESIAN_POINT('',(-0.0185745498822764,-0.0225998621779147,0.00133624922887107));
#9985=CARTESIAN_POINT('',(-0.0176487992478022,-0.0223738953323159,0.00114238741517582));
#9986=CARTESIAN_POINT('',(-0.0179855997093437,-0.0227709866534496,0.00114238741517582));
#9987=CARTESIAN_POINT('',(-0.0178209904019177,-0.0222278481711392,0.00123492288710672));
#9988=CARTESIAN_POINT('',(-0.0181577908634592,-0.0226249394922729,0.00123492288710672));
#9989=CARTESIAN_POINT('',(-0.0179633068612619,-0.0221071397933907,0.00129954349167181));
#9990=CARTESIAN_POINT('',(-0.0183001073228034,-0.0225042311145244,0.00129954349167181));
#9991=CARTESIAN_POINT('',(-0.0180757486258346,-0.0220117701990704,0.00133624922887107));
#9992=CARTESIAN_POINT('',(-0.0184125490873761,-0.0224088615202041,0.00133624922887107));
#9993=CARTESIAN_POINT('',(-0.018147600504244,-0.0229619873111602,0.00114238741517582));
#9994=CARTESIAN_POINT('',(-0.0180375110778423,-0.023055361725683,0.00149124614435534));
#9995=CARTESIAN_POINT('',(-0.0174231162503902,-0.0225539768249306,0.00183982679532954));
#9996=CARTESIAN_POINT('',(-0.0192509473484246,-0.0220261629640109,-0.00209858296486022));
#9997=CARTESIAN_POINT('',(-0.0184048286832403,-0.022743814400304,0.0020594139420111));
#9998=CARTESIAN_POINT('',(-0.0188746430154263,-0.0223453325511748,-0.000355947081712089));
#9999=CARTESIAN_POINT('',(-0.0188843528193941,-0.0223370969985845,0.00213714373843307));
#10000=CARTESIAN_POINT('',(-0.0191874061866273,-0.0210692573433736,0.00181650832819248));
#10001=CARTESIAN_POINT('',(-0.0195263983609496,-0.0214689327171528,0.00181650832819248));
#10002=CARTESIAN_POINT('',(-0.018994043988973,-0.0212332611227278,0.00203026526835287));
#10003=CARTESIAN_POINT('',(-0.0193330361632952,-0.0216329364965069,0.00203026526835287));
#10004=CARTESIAN_POINT('',(-0.0187268183727499,-0.0214599135477234,0.00213714373843307));
#10005=CARTESIAN_POINT('',(-0.0190658105470722,-0.0218595889215025,0.00213714373843307));
#10006=CARTESIAN_POINT('',(-0.0183857293379582,-0.0217492146183603,0.00213714373843307));
#10007=CARTESIAN_POINT('',(-0.0187247215122805,-0.0221488899921394,0.00213714373843307));
#10008=CARTESIAN_POINT('',(-0.0196860296680632,-0.0216571397235979,0.00181650832819248));
#10009=CARTESIAN_POINT('',(-0.0194671343738761,-0.0208110900510058,0.000934182603331278));
#10010=CARTESIAN_POINT('',(-0.0198051117342012,-0.0212095689483045,0.000934182603331278));
#10011=CARTESIAN_POINT('',(-0.0194671343738761,-0.0208110900510058,0.00130864281307835));
#10012=CARTESIAN_POINT('',(-0.0198051117342012,-0.0212095689483045,0.00130864281307835));
#10013=CARTESIAN_POINT('',(-0.0193704532750489,-0.0208930919406829,0.00160275138803208));
#10014=CARTESIAN_POINT('',(-0.019708430635374,-0.0212915708379816,0.00160275138803208));
#10015=CARTESIAN_POINT('',(-0.0191770910773946,-0.021057095720037,0.00181650832819248));
#10016=CARTESIAN_POINT('',(-0.0195150684377197,-0.0214555746173358,0.00181650832819248));
#10017=CARTESIAN_POINT('',(-0.0199760729645447,-0.0214111340545666,0.000934182603331278));
#10018=CARTESIAN_POINT('',(-0.019378961986842,-0.020885956800911,0.000414133251079582));
#10019=CARTESIAN_POINT('',(-0.0197101430288128,-0.0212764227666899,0.000414133251079582));
#10020=CARTESIAN_POINT('',(-0.0194377704411165,-0.0208360773059736,0.000562806909315343));
#10021=CARTESIAN_POINT('',(-0.0197689514830873,-0.0212265432717525,0.000562806909315343));
#10022=CARTESIAN_POINT('',(-0.0194671746682537,-0.0208111375585049,0.000736156693399137));
#10023=CARTESIAN_POINT('',(-0.0197983557102244,-0.0212016035242838,0.000736156693399137));
#10024=CARTESIAN_POINT('',(-0.0194671746682537,-0.0208111375585049,0.000934182603331278));
#10025=CARTESIAN_POINT('',(-0.0197983557102244,-0.0212016035242838,0.000934182603331278));
#10026=CARTESIAN_POINT('',(-0.019887860283133,-0.0214859532969727,0.000414133251079582));
#10027=CARTESIAN_POINT('',(-0.0190028175236305,-0.0222366189348754,0.00101664374133886));
#10028=CARTESIAN_POINT('',(-0.0196518031476755,-0.0216861695896515,2.36335595311541E-5));
#10029=CARTESIAN_POINT('',(-0.0187113689154457,-0.0214750787538693,-0.000326150524367674));
#10030=CARTESIAN_POINT('',(-0.0190476585392658,-0.0218715677919041,-0.000326150524367674));
#10031=CARTESIAN_POINT('',(-0.0189080243865395,-0.0213082817227986,-0.000204620604565083));
#10032=CARTESIAN_POINT('',(-0.0192443140103596,-0.0217047707608334,-0.000204620604565083));
#10033=CARTESIAN_POINT('',(-0.0190556336067683,-0.0211830841905058,-8.80259099321401E-5));
#10034=CARTESIAN_POINT('',(-0.0193919232305884,-0.0215795732285406,-8.80259099321401E-5));
#10035=CARTESIAN_POINT('',(-0.0191541965761322,-0.0210994861569907,2.36335595311541E-5));
#10036=CARTESIAN_POINT('',(-0.0194904861999523,-0.0214959751950255,2.36335595311541E-5));
#10037=CARTESIAN_POINT('',(-0.019208975486989,-0.0220617621865301,-0.000326150524367674));
#10038=CARTESIAN_POINT('',(-0.0183021068336505,-0.0218401751041607,-0.000612547809993831));
#10039=CARTESIAN_POINT('',(-0.0186311242217533,-0.0222280900990502,-0.000612547809993831));
#10040=CARTESIAN_POINT('',(-0.0183705598744259,-0.0217821153720535,-0.000553016656384948));
#10041=CARTESIAN_POINT('',(-0.0186995772625287,-0.0221700303669431,-0.000553016656384948));
#10042=CARTESIAN_POINT('',(-0.0185099359110563,-0.0216639009690519,-0.000457550894509562));
#10043=CARTESIAN_POINT('',(-0.0188389532991591,-0.0220518159639415,-0.000457550894509562));
#10044=CARTESIAN_POINT('',(-0.0187202349435417,-0.0214855318951558,-0.000326150524367674));
#10045=CARTESIAN_POINT('',(-0.0190492523316445,-0.0218734468900453,-0.000326150524367674));
#10046=CARTESIAN_POINT('',(-0.0187908473770977,-0.022416405395535,-0.000612547809993831));
#10047=CARTESIAN_POINT('',(-0.019103806308196,-0.022150963400639,-0.00127188101948242));
#10048=CARTESIAN_POINT('',(-0.0186352402070876,-0.0225483865391393,-0.000799006785934608));
#10049=CARTESIAN_POINT('',(-0.018864995210925,-0.0223535155177507,-0.00101458729527413));
#10050=CARTESIAN_POINT('',(-0.0185823125982406,-0.0225932780845829,-0.00102016656384947));
#10051=CARTESIAN_POINT('',(-0.0182133007784998,-0.0219142947526265,-0.00135560764959901));
#10052=CARTESIAN_POINT('',(-0.0185419680616388,-0.0223017969700455,-0.00135560764959901));
#10053=CARTESIAN_POINT('',(-0.0181330860468695,-0.0219823303837211,-0.00128065391733498));
#10054=CARTESIAN_POINT('',(-0.0184617533300085,-0.0223698326011401,-0.00128065391733498));
#10055=CARTESIAN_POINT('',(-0.0180929786810543,-0.0220163481992684,-0.00116884022208513));
#10056=CARTESIAN_POINT('',(-0.0184216459641933,-0.0224038504166874,-0.00116884022208513));
#10057=CARTESIAN_POINT('',(-0.0180929786810543,-0.0220163481992684,-0.00102016656384947));
#10058=CARTESIAN_POINT('',(-0.0184216459641933,-0.0224038504166874,-0.00102016656384947));
#10059=CARTESIAN_POINT('',(-0.0187026346956861,-0.0224912246379411,-0.00135560764959901));
#10060=CARTESIAN_POINT('',(-0.0185593413821938,-0.0216234402865131,-0.00146803824799506));
#10061=CARTESIAN_POINT('',(-0.0188876232463894,-0.0220104880909046,-0.00146803824799506));
#10062=CARTESIAN_POINT('',(-0.0184097326745197,-0.0217503337216339,-0.00146803824799506));
#10063=CARTESIAN_POINT('',(-0.0187380145387153,-0.0221373815260253,-0.00146803824799506));
#10064=CARTESIAN_POINT('',(-0.0182948209548674,-0.0218477982547416,-0.00143056138186305));
#10065=CARTESIAN_POINT('',(-0.018623102819063,-0.022234846059133,-0.00143056138186305));
#10066=CARTESIAN_POINT('',(-0.0182146062232371,-0.0219158338858362,-0.00135560764959901));
#10067=CARTESIAN_POINT('',(-0.0185428880874327,-0.0223028816902276,-0.00135560764959901));
#10068=CARTESIAN_POINT('',(-0.0190473698546428,-0.022198831038618,-0.00146803824799506));
#10069=CARTESIAN_POINT('',(-0.0190180628951795,-0.0222236882866828,0.000697329312074038));
#10070=CARTESIAN_POINT('',(-0.0194612637558263,-0.0218477791532486,-0.0013903084515731));
#10071=CARTESIAN_POINT('',(-0.0195029226710496,-0.0207774639108661,-0.00112103022825416));
#10072=CARTESIAN_POINT('',(-0.0198481941379458,-0.0211845426372789,-0.00112103022825416));
#10073=CARTESIAN_POINT('',(-0.0192855666240513,-0.0209618185241547,-0.00124872917951881));
#10074=CARTESIAN_POINT('',(-0.0196308380909475,-0.0213688972505675,-0.00124872917951881));
#10075=CARTESIAN_POINT('',(-0.0191014961621723,-0.0211179413433087,-0.00133848858729179));
#10076=CARTESIAN_POINT('',(-0.0194467676290685,-0.0215250200697216,-0.00133848858729179));
#10077=CARTESIAN_POINT('',(-0.0189507112854127,-0.0212458323683282,-0.0013903084515731));
#10078=CARTESIAN_POINT('',(-0.0192959827523089,-0.0216529110947411,-0.0013903084515731));
#10079=CARTESIAN_POINT('',(-0.0200134751414632,-0.0213794106957865,-0.00112103022825416));
#10080=CARTESIAN_POINT('',(-0.0200134751414632,-0.0213794106957865,-0.00153743985194325));
#10081=CARTESIAN_POINT('',(-0.0200134751414632,-0.0213794106957865,-0.00195384947563232));
#10082=CARTESIAN_POINT('',(-0.0185897150210561,-0.021551957370924,-0.00220924737816163));
#10083=CARTESIAN_POINT('',(-0.0189400417686709,-0.0219649963269935,-0.00220924737816163));
#10084=CARTESIAN_POINT('',(-0.0189340973292872,-0.0212598630485706,-0.00220924737816163));
#10085=CARTESIAN_POINT('',(-0.019284424076902,-0.0216729020046401,-0.00220924737816163));
#10086=CARTESIAN_POINT('',(-0.0192384898886117,-0.0210016867827746,-0.00212411474398519));
#10087=CARTESIAN_POINT('',(-0.0195888166362265,-0.0214147257388441,-0.00212411474398519));
#10088=CARTESIAN_POINT('',(-0.0195028926990295,-0.0207774285735361,-0.00195384947563232));
#10089=CARTESIAN_POINT('',(-0.0198532194466443,-0.0211904675296056,-0.00195384947563232));
#10090=CARTESIAN_POINT('',(-0.0191002974634898,-0.0221539394931743,-0.00220924737816163));
#10091=CARTESIAN_POINT('',(-0.0177297367305787,-0.0223098114299632,-0.00187935842072795));
#10092=CARTESIAN_POINT('',(-0.0180666045258301,-0.022706982138256,-0.00187935842072795));
#10093=CARTESIAN_POINT('',(-0.0179393300616128,-0.0221320409100063,-0.0020992843923504));
#10094=CARTESIAN_POINT('',(-0.0182761978568641,-0.0225292116182991,-0.0020992843923504));
#10095=CARTESIAN_POINT('',(-0.0182306671440883,-0.0218849378920865,-0.00220924737816163));
#10096=CARTESIAN_POINT('',(-0.0185675349393397,-0.0222821086003792,-0.00220924737816163));
#10097=CARTESIAN_POINT('',(-0.0186037479780053,-0.0215685023762036,-0.00220924737816163));
#10098=CARTESIAN_POINT('',(-0.0189406157732567,-0.0219656730844963,-0.00220924737816163));
#10099=CARTESIAN_POINT('',(-0.0182262862160632,-0.022895248546934,-0.00187935842072795));
#10100=CARTESIAN_POINT('',(-0.0174048920019804,-0.0225641409697808,-0.000976674892041949));
#10101=CARTESIAN_POINT('',(-0.0177429613512372,-0.0229627283230071,-0.000976674892041949));
#10102=CARTESIAN_POINT('',(-0.0174048920019804,-0.0225641409697808,-0.00135853793954349));
#10103=CARTESIAN_POINT('',(-0.0177429613512372,-0.0229627283230071,-0.00135853793954349));
#10104=CARTESIAN_POINT('',(-0.0175096886674974,-0.0224752557098024,-0.00165943244910549));
#10105=CARTESIAN_POINT('',(-0.0178477580167543,-0.0228738430630286,-0.00165943244910549));
#10106=CARTESIAN_POINT('',(-0.0177192819985315,-0.0222974851898455,-0.00187935842072795));
#10107=CARTESIAN_POINT('',(-0.0180573513477884,-0.0226960725430718,-0.00187935842072795));
#10108=CARTESIAN_POINT('',(-0.0179118962195121,-0.0231619043268693,-0.000976674892041949));
#10109=CARTESIAN_POINT('',(-0.0175725220218234,-0.0224220149752493,-0.000278494756323257));
#10110=CARTESIAN_POINT('',(-0.0179062186606128,-0.0228154468563942,-0.000278494756323257));
#10111=CARTESIAN_POINT('',(-0.0174607859587019,-0.0225167860156303,-0.000468192473781632));
#10112=CARTESIAN_POINT('',(-0.0177944825974914,-0.0229102178967753,-0.000468192473781632));
#10113=CARTESIAN_POINT('',(-0.0174049179271412,-0.0225641715358208,-0.000700919185687846));
#10114=CARTESIAN_POINT('',(-0.0177386145659307,-0.0229576034169658,-0.000700919185687846));
#10115=CARTESIAN_POINT('',(-0.0174049179271412,-0.0225641715358208,-0.000976674892041949));
#10116=CARTESIAN_POINT('',(-0.0177386145659307,-0.0229576034169658,-0.000976674892041949));
#10117=CARTESIAN_POINT('',(-0.0180795003141942,-0.0230197477662977,-0.000278494756323257));
#10118=CARTESIAN_POINT('',(-0.0181984921839906,-0.0219032728879295,0.000290135718692166));
#10119=CARTESIAN_POINT('',(-0.0185388349613287,-0.0223045406370083,0.000290135718692166));
#10120=CARTESIAN_POINT('',(-0.0178969224304713,-0.0221590549379685,0.00010074645280691));
#10121=CARTESIAN_POINT('',(-0.0182372652078094,-0.0225603226870473,0.00010074645280691));
#10122=CARTESIAN_POINT('',(-0.017690269522151,-0.0223343314831785,-8.87970388648977E-5));
#10123=CARTESIAN_POINT('',(-0.0180306122994891,-0.0227355992322574,-8.87970388648977E-5));
#10124=CARTESIAN_POINT('',(-0.0175785334590295,-0.0224291025235596,-0.000278494756323257));
#10125=CARTESIAN_POINT('',(-0.0179188762363676,-0.0228303702726384,-0.000278494756323257));
#10126=CARTESIAN_POINT('',(0.,1.46957615897682E-18,0.0025));
#10127=CARTESIAN_POINT('',(0.,1.46957615897682E-18,0.00131913016656385));
#10128=CARTESIAN_POINT('',(0.0186435582632795,-0.0215560869660104,0.00131913016656385));
#10129=CARTESIAN_POINT('',(0.0174762091158355,-0.0225128688740926,0.00131913016656385));
#10130=CARTESIAN_POINT('',(0.0186435582632795,-0.0215560869660104,0.0025));
#10131=CARTESIAN_POINT('',(0.0186435582632795,-0.0215560869660104,0.00207699568167798));
#10132=CARTESIAN_POINT('',(0.,1.46957615897682E-18,0.00207699568167798));
#10133=CARTESIAN_POINT('',(0.0168502685749699,-0.0229851169010272,0.00207699568167798));
#10134=CARTESIAN_POINT('',(0.,1.46957615897682E-18,0.0185530655782391));
#10135=CARTESIAN_POINT('',(0.0167215098247635,-0.0230789570644525,-7.72301048735343E-5));
#10136=CARTESIAN_POINT('',(0.,1.46957615897682E-18,-0.000817303572430036));
#10137=CARTESIAN_POINT('',(0.0170089476109355,-0.022867943746016,-0.000268778531770511));
#10138=CARTESIAN_POINT('',(0.0172494571903589,-0.0226870751107916,-0.000203399112110367));
#10139=CARTESIAN_POINT('',(0.0171685036246723,-0.0227486257980837,-0.000218820309688313));
#10140=CARTESIAN_POINT('',(0.0170882978322982,-0.0228089242969353,-0.000240491834082443));
#10141=CARTESIAN_POINT('',(0.0170088639492879,-0.0228680059724742,-0.000268408797481126));
#10142=CARTESIAN_POINT('',(0.0172494380124364,-0.0226870893055191,-0.000203238803481179));
#10143=CARTESIAN_POINT('',(0.0175171161932564,-0.0224810540362352,-0.000172293593987702));
#10144=CARTESIAN_POINT('',(0.0174276402471634,-0.0225507732113987,-0.000173506291407443));
#10145=CARTESIAN_POINT('',(0.017338412322275,-0.022619440699291,-0.000183846084869628));
#10146=CARTESIAN_POINT('',(0.0172494501537401,-0.022687080451132,-0.000203306950296431));
#10147=CARTESIAN_POINT('',(0.0175171182817847,-0.0224810524020666,-0.000172541640962369));
#10148=CARTESIAN_POINT('',(0.0181779129544983,-0.0219501852069905,-0.000811961752004935));
#10149=CARTESIAN_POINT('',(0.0181779129544983,-0.0219501852069905,-0.00071033126415845));
#10150=CARTESIAN_POINT('',(0.0181545418456078,-0.021969648557806,-0.000503745487610878));
#10151=CARTESIAN_POINT('',(0.0179257996351027,-0.0221577754358683,-0.00019937858151959));
#10152=CARTESIAN_POINT('',(0.017676635205625,-0.0223567576505184,-0.000172541640962369));
#10153=CARTESIAN_POINT('',(0.0175171182817847,-0.0224810524020666,-0.000172541640962369));
#10154=CARTESIAN_POINT('',(0.0181779129544983,-0.0219501852069904,-0.000811961752004935));
#10155=CARTESIAN_POINT('',(0.0175397390918668,-0.0224634080805149,-0.00148284392350401));
#10156=CARTESIAN_POINT('',(0.0176992095009403,-0.022338891383939,-0.00148284392350401));
#10157=CARTESIAN_POINT('',(0.0180469041394423,-0.0220599284733903,-0.00143381918516033));
#10158=CARTESIAN_POINT('',(0.0181779129544983,-0.0219501852069904,-0.00101524430985274));
#10159=CARTESIAN_POINT('',(0.0181779129544983,-0.0219501852069904,-0.000811961752004935));
#10160=CARTESIAN_POINT('',(0.0175397390918668,-0.0224634080805149,-0.00148284392350401));
#10161=CARTESIAN_POINT('',(0.0170828686818063,-0.0228127759731836,-0.00140560912560342));
#10162=CARTESIAN_POINT('',(0.0172337621817036,-0.0226997825414892,-0.00145527752465429));
#10163=CARTESIAN_POINT('',(0.017386089347138,-0.022583379879965,-0.00148118184511647));
#10164=CARTESIAN_POINT('',(0.017539735271463,-0.0224634110635384,-0.00148329206760603));
#10165=CARTESIAN_POINT('',(0.0170828342237636,-0.0228128003444555,-0.00140576926939141));
#10166=CARTESIAN_POINT('',(0.0166539138642901,-0.0231277820597503,-0.00120866737607397));
#10167=CARTESIAN_POINT('',(0.0167914779493651,-0.0230287245531662,-0.00129561784736323));
#10168=CARTESIAN_POINT('',(0.0169345520356277,-0.0229238399305118,-0.0013612380101374));
#10169=CARTESIAN_POINT('',(0.0170828833137223,-0.0228127650163729,-0.0014054976011558));
#10170=CARTESIAN_POINT('',(0.0166539138642901,-0.0231277820597503,-0.00120866737607397));
#10171=CARTESIAN_POINT('',(0.0166539138642901,-0.0231277820597502,0.0025));
#10172=CARTESIAN_POINT('',(0.0166539138642901,-0.0231277820597503,-0.00198068476249229));
#10173=CARTESIAN_POINT('',(0.0175652570173619,-0.0224434599809504,-0.00220924737816163));
#10174=CARTESIAN_POINT('',(0.0172565759767239,-0.0226850475890908,-0.00220924737816163));
#10175=CARTESIAN_POINT('',(0.0169362234066351,-0.0229244958652879,-0.00216404972506376));
#10176=CARTESIAN_POINT('',(0.0166539138642901,-0.0231277820597502,-0.00198068476249229));
#10177=CARTESIAN_POINT('',(0.0175652570173619,-0.0224434599809504,-0.00220924737816163));
#10178=CARTESIAN_POINT('',(0.0185319574152947,-0.0216521062338103,-0.00182707587908699));
#10179=CARTESIAN_POINT('',(0.0182749299496382,-0.0218720950883204,-0.00212294584983683));
#10180=CARTESIAN_POINT('',(0.0179170340421224,-0.0221681435253786,-0.00220924737816163));
#10181=CARTESIAN_POINT('',(0.0175652570173619,-0.0224434599809504,-0.00220924737816163));
#10182=CARTESIAN_POINT('',(0.0185319574152947,-0.0216521062338103,-0.00182707587908699));
#10183=CARTESIAN_POINT('',(0.0188618598102491,-0.0213653316028797,-0.0007370080197409));
#10184=CARTESIAN_POINT('',(0.0188618598102491,-0.0213653316028797,-0.00114354137388266));
#10185=CARTESIAN_POINT('',(0.0187653417417923,-0.021452353454411,-0.00155842204601125));
#10186=CARTESIAN_POINT('',(0.0185319574152946,-0.0216521062338102,-0.00182707587908699));
#10187=CARTESIAN_POINT('',(0.0188618598102491,-0.0213653316028797,-0.0007370080197409));
#10188=CARTESIAN_POINT('',(0.0185878173047971,-0.0216041708437511,0.000205928439235041));
#10189=CARTESIAN_POINT('',(0.0187801452648113,-0.0214386955283964,-3.43880306746008E-5));
#10190=CARTESIAN_POINT('',(0.0188618598102491,-0.0213653316028797,-0.000388645479666184));
#10191=CARTESIAN_POINT('',(0.0188618598102491,-0.0213653316028797,-0.0007370080197409));
#10192=CARTESIAN_POINT('',(0.0185878173047971,-0.0216041708437511,0.000205928439235041));
#10193=CARTESIAN_POINT('',(0.0178372193108928,-0.0222279274170494,0.000550160394818014));
#10194=CARTESIAN_POINT('',(0.0181143579098579,-0.0220055323247627,0.000550160394818014));
#10195=CARTESIAN_POINT('',(0.0183914627662381,-0.0217731105506299,0.000451276175226018));
#10196=CARTESIAN_POINT('',(0.0185878173047971,-0.0216041708437511,0.000205928439235041));
#10197=CARTESIAN_POINT('',(0.0178372193108928,-0.0222279274170494,0.000550160394818014));
#10198=CARTESIAN_POINT('',(0.0174943575611085,-0.0224987689511854,0.000510210653677563));
#10199=CARTESIAN_POINT('',(0.0176081996597832,-0.0224102488021921,0.000539278161930288));
#10200=CARTESIAN_POINT('',(0.0177224969278117,-0.0223199884661469,0.000552367058338373));
#10201=CARTESIAN_POINT('',(0.0178372087609706,-0.0222279358830291,0.000549472536052913));
#10202=CARTESIAN_POINT('',(0.0174944193236469,-0.0224987226336146,0.000509827710179333));
#10203=CARTESIAN_POINT('',(0.,1.46957615897682E-18,0.000592276768785832));
#10204=CARTESIAN_POINT('',(0.0174147348855836,-0.0225604556440543,0.000489086983343616));
#10205=CARTESIAN_POINT('',(0.,1.46957615897682E-18,0.00594859720631004));
#10206=CARTESIAN_POINT('',(0.0179168273063262,-0.0231251584853744,0.000904108574953733));
#10207=CARTESIAN_POINT('',(0.017947161649448,-0.0231008622317472,0.00131913016656385));
#10208=CARTESIAN_POINT('',(0.0178864929632044,-0.0231494547390016,0.000489086983343616));
#10209=CARTESIAN_POINT('',(0.0185361534783966,-0.0226291099738188,0.00131913016656385));
#10210=CARTESIAN_POINT('',(0.0191251453073452,-0.0221573577158904,0.00131913016656385));
#10211=CARTESIAN_POINT('',(0.0191251453073452,-0.0221573577158904,0.00169806292412091));
#10212=CARTESIAN_POINT('',(0.0191251453073452,-0.0221573577158904,0.00207699568167798));
#10213=CARTESIAN_POINT('',(0.0182302821852517,-0.0228740971978932,0.00207699568167798));
#10214=CARTESIAN_POINT('',(0.017335419063158,-0.023590836679896,0.00207699568167798));
#10215=CARTESIAN_POINT('',(0.0172733058843848,-0.0236405861516088,0.000999882788402222));
#10216=CARTESIAN_POINT('',(0.0172111927056116,-0.0236903356233217,-7.72301048735343E-5));
#10217=CARTESIAN_POINT('',(0.0173502251115866,-0.023578977794197,-0.000173004318322023));
#10218=CARTESIAN_POINT('',(0.0170085676550748,-0.0228682480711805,-0.000268516794418999));
#10219=CARTESIAN_POINT('',(0.0180136723641293,-0.0230475905592297,-0.00264985181041782));
#10220=CARTESIAN_POINT('',(0.0177239875536233,-0.023279613240576,-0.000203078346699568));
#10221=CARTESIAN_POINT('',(0.0180051181123478,-0.0230544420763417,-0.00227084398105917));
#10222=CARTESIAN_POINT('',(0.0179876074402771,-0.0230684672269109,-0.000172541640962369));
#10223=CARTESIAN_POINT('',(0.0181760228493167,-0.0219478253740717,-0.000811961752004935));
#10224=CARTESIAN_POINT('',(0.018494820589935,-0.0223458505263751,-0.000811961752004935));
#10225=CARTESIAN_POINT('',(0.0181760228493167,-0.0219478253740717,-0.000385681677976557));
#10226=CARTESIAN_POINT('',(0.018494820589935,-0.0223458505263751,-0.000385681677976557));
#10227=CARTESIAN_POINT('',(0.0179554969897962,-0.0221244552813933,-0.000172541640962369));
#10228=CARTESIAN_POINT('',(0.0182742947304145,-0.0225224804336967,-0.000172541640962369));
#10229=CARTESIAN_POINT('',(0.0175144452707552,-0.0224777150960366,-0.000172541640962369));
#10230=CARTESIAN_POINT('',(0.0178332430113735,-0.02287574024834,-0.000172541640962369));
#10231=CARTESIAN_POINT('',(0.0186491850188386,-0.022538577504946,-0.000811961752004935));
#10232=CARTESIAN_POINT('',(0.017536834803394,-0.0224597820201185,-0.00148284392350401));
#10233=CARTESIAN_POINT('',(0.0178556496755089,-0.0228578285614271,-0.00148284392350401));
#10234=CARTESIAN_POINT('',(0.0179629600996291,-0.0221184775048791,-0.00148284392350401));
#10235=CARTESIAN_POINT('',(0.0182817749717439,-0.0225165240461877,-0.00148284392350401));
#10236=CARTESIAN_POINT('',(0.0181760227477466,-0.0219478252472594,-0.00125921653300432));
#10237=CARTESIAN_POINT('',(0.0184948376198614,-0.022345871788568,-0.00125921653300432));
#10238=CARTESIAN_POINT('',(0.0181760227477466,-0.0219478252472594,-0.000811961752004935));
#10239=CARTESIAN_POINT('',(0.0184948376198614,-0.022345871788568,-0.000811961752004935));
#10240=CARTESIAN_POINT('',(0.018009997074486,-0.0230505342778051,-0.00148284392350401));
#10241=CARTESIAN_POINT('',(0.0180298976157454,-0.0230345949645379,0.000872290029819506));
#10242=CARTESIAN_POINT('',(0.0175611210209097,-0.023410060983265,-0.00140603948180136));
#10243=CARTESIAN_POINT('',(0.0179910082956214,-0.0230657433161394,0.000898789960005613));
#10244=CARTESIAN_POINT('',(0.0166539138642901,-0.0231277820597502,-0.00120866737607397));
#10245=CARTESIAN_POINT('',(0.0171461905417792,-0.0237423990239514,-0.00159434916718076));
#10246=CARTESIAN_POINT('',(0.0171461905417792,-0.0237423990239514,-0.00198068476249229));
#10247=CARTESIAN_POINT('',(0.0175409897246633,-0.0224131617961087,-0.00220924737816163));
#10248=CARTESIAN_POINT('',(0.0178798902415196,-0.0228362856538119,-0.00220924737816163));
#10249=CARTESIAN_POINT('',(0.0171736071246324,-0.0227074164233716,-0.00220924737816163));
#10250=CARTESIAN_POINT('',(0.0175125076414888,-0.0231305402810748,-0.00220924737816163));
#10251=CARTESIAN_POINT('',(0.0168772454073074,-0.0229447869647613,-0.00213305983960518));
#10252=CARTESIAN_POINT('',(0.0172161459241637,-0.0233679108224644,-0.00213305983960518));
#10253=CARTESIAN_POINT('',(0.0166519045726882,-0.0231252734202777,-0.00198068476249229));
#10254=CARTESIAN_POINT('',(0.0169908050895445,-0.0235483972779809,-0.00198068476249229));
#10255=CARTESIAN_POINT('',(0.0180352756937543,-0.0230302873997825,-0.00220924737816163));
#10256=CARTESIAN_POINT('',(0.0185300248614125,-0.0216496934028669,-0.00182707587908699));
#10257=CARTESIAN_POINT('',(0.0188559822828609,-0.0220566575553254,-0.00182707587908699));
#10258=CARTESIAN_POINT('',(0.0183027580367538,-0.0218317224776612,-0.00208185687847008));
#10259=CARTESIAN_POINT('',(0.0186287154582022,-0.0222386866301198,-0.00208185687847008));
#10260=CARTESIAN_POINT('',(0.0179777472175915,-0.02209203948081,-0.00220924737816163));
#10261=CARTESIAN_POINT('',(0.0183037046390399,-0.0224990036332685,-0.00220924737816163));
#10262=CARTESIAN_POINT('',(0.0175549924039256,-0.022430644412313,-0.00220924737816163));
#10263=CARTESIAN_POINT('',(0.017880949825374,-0.0228376085647716,-0.00220924737816163));
#10264=CARTESIAN_POINT('',(0.0190103081512412,-0.0222493363903363,-0.00182707587908699));
#10265=CARTESIAN_POINT('',(0.0188599172170789,-0.0213629062376906,-0.0007370080197409));
#10266=CARTESIAN_POINT('',(0.0191875679317948,-0.0217719844995824,-0.0007370080197409));
#10267=CARTESIAN_POINT('',(0.0188599172170789,-0.0213629062376906,-0.00120893892658853));
#10268=CARTESIAN_POINT('',(0.0191875679317948,-0.0217719844995824,-0.00120893892658853));
#10269=CARTESIAN_POINT('',(0.0187462838047495,-0.0214539207750878,-0.00157229487970389));
#10270=CARTESIAN_POINT('',(0.0190739345194655,-0.0218629990369796,-0.00157229487970389));
#10271=CARTESIAN_POINT('',(0.0185190169800909,-0.0216359498498821,-0.00182707587908699));
#10272=CARTESIAN_POINT('',(0.0188466676948068,-0.0220450281117739,-0.00182707587908699));
#10273=CARTESIAN_POINT('',(0.0193512083882292,-0.0219762927781448,-0.0007370080197409));
#10274=CARTESIAN_POINT('',(0.0185764447488337,-0.0215899719874146,0.000205928439235041));
#10275=CARTESIAN_POINT('',(0.0189025453003684,-0.0219971148405575,0.000205928439235041));
#10276=CARTESIAN_POINT('',(0.0187654325214579,-0.0214386024707687,-2.35595311538503E-5));
#10277=CARTESIAN_POINT('',(0.0190915330729926,-0.0218457453239116,-2.35595311538503E-5));
#10278=CARTESIAN_POINT('',(0.0188599264077697,-0.021362917712446,-0.000337871684145589));
#10279=CARTESIAN_POINT('',(0.0191860269593044,-0.0217700605655889,-0.000337871684145589));
#10280=CARTESIAN_POINT('',(0.0188599264077697,-0.021362917712446,-0.0007370080197409));
#10281=CARTESIAN_POINT('',(0.0191860269593044,-0.0217700605655889,-0.0007370080197409));
#10282=CARTESIAN_POINT('',(0.0190677267292932,-0.0222033470531133,0.000205928439235041));
#10283=CARTESIAN_POINT('',(0.0178242669266859,-0.0222117561145594,0.000550160394818014));
#10284=CARTESIAN_POINT('',(0.0181517656228098,-0.0226206445782954,0.000550160394818014));
#10285=CARTESIAN_POINT('',(0.0181430182782198,-0.0219564526240639,0.000550160394818014));
#10286=CARTESIAN_POINT('',(0.0184705169743438,-0.0223653410877999,0.000550160394818014));
#10287=CARTESIAN_POINT('',(0.0183968878402988,-0.0217531161204932,0.00043541640962369));
#10288=CARTESIAN_POINT('',(0.0187243865364228,-0.0221620045842293,0.00043541640962369));
#10289=CARTESIAN_POINT('',(0.0185858756129229,-0.0216017466038475,0.000205928439235041));
#10290=CARTESIAN_POINT('',(0.0189133743090468,-0.0220106350675835,0.000205928439235041));
#10291=CARTESIAN_POINT('',(0.0183061180430562,-0.0228133565638252,0.000550160394818014));
#10292=CARTESIAN_POINT('',(0.018275228024469,-0.0228380978850125,-0.00146086391849504));
#10293=CARTESIAN_POINT('',(0.0179652178060681,-0.0230864001760167,0.000509444787168415));
#10294=CARTESIAN_POINT('',(0.0179258553846363,-0.0231179274575091,0.000499265885256015));
#10295=CARTESIAN_POINT('',(0.,1.46957615897682E-18,0.0025));
#10296=CARTESIAN_POINT('',(0.,1.46957615897682E-18,-0.00215095003084515));
#10297=CARTESIAN_POINT('',(-0.013729833315474,-0.0249747638053256,-0.00215095003084515));
#10298=CARTESIAN_POINT('',(-0.0144959527667347,-0.024538021586654,-0.00215095003084515));
#10299=CARTESIAN_POINT('',(-0.013729833315474,-0.0249747638053256,0.0025));
#10300=CARTESIAN_POINT('',(-0.013729833315474,-0.0249747638053256,0.00108223935842073));
#10301=CARTESIAN_POINT('',(0.,1.46957615897682E-18,0.00108223935842073));
#10302=CARTESIAN_POINT('',(-0.0144959527667347,-0.024538021586654,0.00108223935842073));
#10303=CARTESIAN_POINT('',(-0.0144959527667347,-0.024538021586654,0.0025));
#10304=CARTESIAN_POINT('',(-0.0148693971544187,-0.0251920936006581,-0.000534355336212214));
#10305=CARTESIAN_POINT('',(-0.0148693971544187,-0.0251920936006581,-0.00215095003084515));
#10306=CARTESIAN_POINT('',(-0.0148693971544187,-0.0251920936006581,0.00108223935842073));
#10307=CARTESIAN_POINT('',(-0.0144864829652848,-0.0254107196109979,-0.00215095003084515));
#10308=CARTESIAN_POINT('',(-0.0141035687761509,-0.0256293456213377,-0.00215095003084515));
#10309=CARTESIAN_POINT('',(-0.0141035687761509,-0.0256293456213377,-0.000534355336212214));
#10310=CARTESIAN_POINT('',(-0.0141035687761509,-0.0256293456213377,0.00108223935842073));
#10311=CARTESIAN_POINT('',(-0.0144864829652848,-0.0254107196109979,0.00108223935842073));
#10312=CARTESIAN_POINT('',(0.,1.46957615897682E-18,0.0025));
#10313=CARTESIAN_POINT('',(-0.00941392054051871,-0.0269002834568578,0.000262375077112894));
#10314=CARTESIAN_POINT('',(-0.00948930514884006,-0.0268739021470158,0.000381538999345024));
#10315=CARTESIAN_POINT('',(-0.00962731099592078,-0.0268250339638803,0.000437267119062308));
#10316=CARTESIAN_POINT('',(-0.00976154701488421,-0.0267760966139336,0.000437267119062308));
#10317=CARTESIAN_POINT('',(-0.00941392054051871,-0.0269002834568578,0.000262375077112894));
#10318=CARTESIAN_POINT('',(-0.00976154701488421,-0.0267760966139336,0.000437267119062308));
#10319=CARTESIAN_POINT('',(-0.0093031900407766,-0.0269387788340098,-0.000262301048735348));
#10320=CARTESIAN_POINT('',(-0.0093031900407766,-0.0269387788340098,-8.02090469340622E-5));
#10321=CARTESIAN_POINT('',(-0.00931759712617691,-0.0269339924313473,0.00011011221986188));
#10322=CARTESIAN_POINT('',(-0.00941392054051871,-0.0269002834568578,0.000262375077112894));
#10323=CARTESIAN_POINT('',(-0.0093031900407766,-0.0269387788340098,-0.000262301048735348));
#10324=CARTESIAN_POINT('',(-0.0093031900407766,-0.0269387788340098,0.0025));
#10325=CARTESIAN_POINT('',(-0.0093031900407766,-0.0269387788340098,-0.00215095003084515));
#10326=CARTESIAN_POINT('',(0.,1.46957615897682E-18,-0.00215095003084515));
#10327=CARTESIAN_POINT('',(-0.00846042980194375,-0.0272152214315607,-0.00215095003084515));
#10328=CARTESIAN_POINT('',(-0.00846042980194375,-0.0272152214315607,0.0025));
#10329=CARTESIAN_POINT('',(-0.00846042980194375,-0.0272152214315608,-4.29919802590989E-5));
#10330=CARTESIAN_POINT('',(-0.0087300010356674,-0.0271299508278166,0.000860616903146207));
#10331=CARTESIAN_POINT('',(-0.00850876281342573,-0.0272011418860517,0.000628908071723397));
#10332=CARTESIAN_POINT('',(-0.00846042980194376,-0.0272152214315608,0.000282039240313786));
#10333=CARTESIAN_POINT('',(-0.00846042980194376,-0.0272152214315608,-4.29919802590989E-5));
#10334=CARTESIAN_POINT('',(-0.0087300010356674,-0.0271299508278166,0.000860616903146207));
#10335=CARTESIAN_POINT('',(-0.00951922870795885,-0.0268631985215475,0.00114238741517582));
#10336=CARTESIAN_POINT('',(-0.00923445347680268,-0.0269641113206531,0.00114238741517582));
#10337=CARTESIAN_POINT('',(-0.00893511252115958,-0.0270639491055084,0.00107543576280452));
#10338=CARTESIAN_POINT('',(-0.0087300010356674,-0.0271299508278166,0.000860616903146207));
#10339=CARTESIAN_POINT('',(-0.00951922870795885,-0.0268631985215475,0.00114238741517582));
#10340=CARTESIAN_POINT('',(-0.0100561145397797,-0.0266668654019428,0.00101900333609527));
#10341=CARTESIAN_POINT('',(-0.0098885599986867,-0.0267300504681849,0.00110363818697768));
#10342=CARTESIAN_POINT('',(-0.0097058978667147,-0.0267970504288375,0.00114532669647459));
#10343=CARTESIAN_POINT('',(-0.00951924266012786,-0.0268631935774603,0.00114160019999057));
#10344=CARTESIAN_POINT('',(-0.0100558429855711,-0.0266669677766568,0.00101838930188517));
#10345=CARTESIAN_POINT('',(-0.0104137942302734,-0.0265292298741969,0.00066881253117524));
#10346=CARTESIAN_POINT('',(-0.0103303463036152,-0.0265619865558375,0.000821395201251974));
#10347=CARTESIAN_POINT('',(-0.0102056607884119,-0.0266104747547016,0.000943012598313601));
#10348=CARTESIAN_POINT('',(-0.0100555745334828,-0.0266670690328741,0.00101777372136269));
#10349=CARTESIAN_POINT('',(-0.0104134667064052,-0.0265293584761692,0.000668605798889575));
#10350=CARTESIAN_POINT('',(0.,1.46957615897682E-18,0.000668605798889575));
#10351=CARTESIAN_POINT('',(-0.0104857898861239,-0.0265008558440395,0.000668605798889575));
#10352=CARTESIAN_POINT('',(-0.0113940744695068,-0.0261232122256401,0.00114238741517582));
#10353=CARTESIAN_POINT('',(-0.0112179389729094,-0.0262000366585475,0.00114238741517582));
#10354=CARTESIAN_POINT('',(-0.0108588426585926,-0.0263520945278386,0.00109949786578714));
#10355=CARTESIAN_POINT('',(-0.0105719105492622,-0.0264667798434817,0.000838557179317855));
#10356=CARTESIAN_POINT('',(-0.0104857898861239,-0.0265008558440394,0.000668605798889575));
#10357=CARTESIAN_POINT('',(-0.0113940744695068,-0.0261232122256401,0.00114238741517582));
#10358=CARTESIAN_POINT('',(-0.0119093786211738,-0.0258923513163892,0.00101773942814918));
#10359=CARTESIAN_POINT('',(-0.0117493715252099,-0.0259659477644145,0.00110356152553651));
#10360=CARTESIAN_POINT('',(-0.0115736317861612,-0.0260448951549514,0.00114579742921856));
#10361=CARTESIAN_POINT('',(-0.0113940932850558,-0.0261232040189167,0.00114146034601448));
#10362=CARTESIAN_POINT('',(-0.0119091034708802,-0.0258924790843844,0.00101711754906993));
#10363=CARTESIAN_POINT('',(-0.0122504013650304,-0.0257327576524196,0.000668769490701316));
#10364=CARTESIAN_POINT('',(-0.012169904272326,-0.0257710793009451,0.000819064442878884));
#10365=CARTESIAN_POINT('',(-0.012051470440756,-0.0258269986915836,0.000939782575536345));
#10366=CARTESIAN_POINT('',(-0.0119088273798237,-0.0258926047442134,0.00101649576124745));
#10367=CARTESIAN_POINT('',(-0.0122501522056008,-0.0257328762664051,0.000668605798889575));
#10368=CARTESIAN_POINT('',(0.,1.46957615897682E-18,0.000668605798889575));
#10369=CARTESIAN_POINT('',(-0.0122944859699908,-0.0257117242661048,0.000668605798889575));
#10370=CARTESIAN_POINT('',(0.,1.46957615897682E-18,-0.00500108232765268));
#10371=CARTESIAN_POINT('',(-0.0124014235197692,-0.0256603165351835,0.00108223935842073));
#10372=CARTESIAN_POINT('',(0.,1.46957615897682E-18,0.00108223935842073));
#10373=CARTESIAN_POINT('',(-0.0130060553717775,-0.0253592127967088,0.00108223935842073));
#10374=CARTESIAN_POINT('',(-0.0130060553717775,-0.0253592127967088,0.0025));
#10375=CARTESIAN_POINT('',(-0.0130060553717775,-0.0253592127967088,-0.00215095003084515));
#10376=CARTESIAN_POINT('',(0.,1.46957615897682E-18,-0.00215095003084515));
#10377=CARTESIAN_POINT('',(-0.0122133223853773,-0.0257503768188611,-0.00215095003084515));
#10378=CARTESIAN_POINT('',(-0.0122133223853773,-0.0257503768188611,0.0025));
#10379=CARTESIAN_POINT('',(-0.0122133223853773,-0.0257503768188611,-0.000629666872301048));
#10380=CARTESIAN_POINT('',(-0.0120745936586302,-0.0258157188158972,0.000188346699568169));
#10381=CARTESIAN_POINT('',(-0.0122093876099255,-0.0257526726461919,-5.32407527754551E-5));
#10382=CARTESIAN_POINT('',(-0.0122133223853773,-0.0257503768188611,-0.000348610920848634));
#10383=CARTESIAN_POINT('',(-0.0122133223853773,-0.0257503768188611,-0.000629666872301048));
#10384=CARTESIAN_POINT('',(-0.0120745936586302,-0.0258157188158972,0.000188346699568169));
#10385=CARTESIAN_POINT('',(-0.0116269518937158,-0.0260203985300709,0.000437267119062308));
#10386=CARTESIAN_POINT('',(-0.0118039432084844,-0.0259413117512869,0.000437267119062308));
#10387=CARTESIAN_POINT('',(-0.0119819578606377,-0.0258590466669239,0.00035437526552212));
#10388=CARTESIAN_POINT('',(-0.0120745936586302,-0.0258157188158972,0.000188346699568169));
#10389=CARTESIAN_POINT('',(-0.0116269518937158,-0.0260203985300709,0.000437267119062308));
#10390=CARTESIAN_POINT('',(-0.0112892106698964,-0.0261687002438638,0.000262375077112894));
#10391=CARTESIAN_POINT('',(-0.0113624433076448,-0.0261371075905127,0.000381517269250581));
#10392=CARTESIAN_POINT('',(-0.0114965757524232,-0.0260786557900874,0.000437267119062308));
#10393=CARTESIAN_POINT('',(-0.0116269518937158,-0.026020398530071,0.000437267119062308));
#10394=CARTESIAN_POINT('',(-0.0112892106698964,-0.0261687002438638,0.000262375077112894));
#10395=CARTESIAN_POINT('',(-0.0111816192841439,-0.0262148534267686,-0.000262301048735348));
#10396=CARTESIAN_POINT('',(-0.0111816192841439,-0.0262148534267686,-8.02270386732928E-5));
#10397=CARTESIAN_POINT('',(-0.0111955940889047,-0.0262090865563349,0.00011007024387584));
#10398=CARTESIAN_POINT('',(-0.0112892106698964,-0.0261687002438638,0.000262375077112894));
#10399=CARTESIAN_POINT('',(-0.0111816192841439,-0.0262148534267686,-0.000262301048735348));
#10400=CARTESIAN_POINT('',(-0.0111816192841439,-0.0262148534267686,0.0025));
#10401=CARTESIAN_POINT('',(-0.0111816192841439,-0.0262148534267686,-0.00215095003084515));
#10402=CARTESIAN_POINT('',(0.,1.46957615897682E-18,-0.00215095003084515));
#10403=CARTESIAN_POINT('',(-0.0103652065670155,-0.0265482512197245,-0.00215095003084515));
#10404=CARTESIAN_POINT('',(-0.0103652065670155,-0.0265482512197245,0.0025));
#10405=CARTESIAN_POINT('',(-0.0103652065670155,-0.0265482512197245,-0.00052880320789636));
#10406=CARTESIAN_POINT('',(-0.0102154593202116,-0.0266062312415645,0.000205928439235041));
#10407=CARTESIAN_POINT('',(-0.0103522623264546,-0.0265537057435911,-5.17124088531529E-6));
#10408=CARTESIAN_POINT('',(-0.0103652065670155,-0.0265482512197245,-0.000273985764158642));
#10409=CARTESIAN_POINT('',(-0.0103652065670155,-0.0265482512197245,-0.00052880320789636));
#10410=CARTESIAN_POINT('',(-0.0102154593202116,-0.0266062312415645,0.000205928439235041));
#10411=CARTESIAN_POINT('',(-0.00976154701488421,-0.0267760966139336,0.000437267119062308));
#10412=CARTESIAN_POINT('',(-0.00993787557668258,-0.0267118139228872,0.000437267119062308));
#10413=CARTESIAN_POINT('',(-0.0101148642862348,-0.0266448546928934,0.000361155872296397));
#10414=CARTESIAN_POINT('',(-0.0102154593202116,-0.0266062312415645,0.000205928439235041));
#10415=CARTESIAN_POINT('',(-0.00976037462098768,-0.0267732365824868,0.000437267119062308));
#10416=CARTESIAN_POINT('',(-0.00995811839153494,-0.0272556285531861,0.000437267119062308));
#10417=CARTESIAN_POINT('',(-0.00996015677395138,-0.0266913411973753,0.000437267119062308));
#10418=CARTESIAN_POINT('',(-0.0101579005444987,-0.0271737331680746,0.000437267119062308));
#10419=CARTESIAN_POINT('',(-0.0101095652840607,-0.0266300951486526,0.000360154225786552));
#10420=CARTESIAN_POINT('',(-0.0103073090546079,-0.027112487119352,0.000360154225786552));
#10421=CARTESIAN_POINT('',(-0.0102086001513155,-0.0265894984363188,0.000205928439235041));
#10422=CARTESIAN_POINT('',(-0.0104063439218628,-0.0270718904070181,0.000205928439235041));
#10423=CARTESIAN_POINT('',(-0.0100544432181692,-0.0274906110399606,0.000437267119062308));
#10424=CARTESIAN_POINT('',(-0.0105026687484971,-0.0273068728937927,0.000205928439235041));
#10425=CARTESIAN_POINT('',(-0.00941274311575121,-0.0268974111527019,0.000262375077112894));
#10426=CARTESIAN_POINT('',(-0.00961133542653613,-0.0273818731203287,0.000262375077112894));
#10427=CARTESIAN_POINT('',(-0.00948495009389381,-0.0268678118206545,0.000378969771745837));
#10428=CARTESIAN_POINT('',(-0.00968354240467873,-0.0273522737882813,0.000378969771745837));
#10429=CARTESIAN_POINT('',(-0.00959868321954529,-0.0268211899478447,0.000437267119062308));
#10430=CARTESIAN_POINT('',(-0.00979727553033021,-0.0273056519154715,0.000437267119062308));
#10431=CARTESIAN_POINT('',(-0.00975394249270565,-0.0267575455342723,0.000437267119062308));
#10432=CARTESIAN_POINT('',(-0.00995253480349058,-0.0272420075018991,0.000437267119062308));
#10433=CARTESIAN_POINT('',(-0.00971324384121476,-0.0276304766583902,0.000262375077112894));
#10434=CARTESIAN_POINT('',(-0.00930203599206459,-0.0269359635552734,-0.000262301048735348));
#10435=CARTESIAN_POINT('',(-0.00949668554149007,-0.0274108072354725,-0.000262301048735348));
#10436=CARTESIAN_POINT('',(-0.00930203599206459,-0.0269359635552734,-2.91116594694627E-5));
#10437=CARTESIAN_POINT('',(-0.00949668554149007,-0.0274108072354725,-2.91116594694627E-5));
#10438=CARTESIAN_POINT('',(-0.00933813948113589,-0.0269211638892497,0.000145780382479951));
#10439=CARTESIAN_POINT('',(-0.00953278903056137,-0.0273960075694487,0.000145780382479951));
#10440=CARTESIAN_POINT('',(-0.00941034645927849,-0.0268915645572023,0.000262375077112894));
#10441=CARTESIAN_POINT('',(-0.00960499600870397,-0.0273664082374013,0.000262375077112894));
#10442=CARTESIAN_POINT('',(-0.00960493337400086,-0.0276748756564613,-0.000262301048735348));
#10443=CARTESIAN_POINT('',(-0.00960493337400086,-0.0276748756564613,-0.00120662553979025));
#10444=CARTESIAN_POINT('',(-0.00960493337400086,-0.0276748756564613,-0.00215095003084515));
#10445=CARTESIAN_POINT('',(-0.00919566536350093,-0.0278426442025325,-0.00215095003084515));
#10446=CARTESIAN_POINT('',(-0.00878639735300099,-0.0280104127486038,-0.00215095003084515));
#10447=CARTESIAN_POINT('',(-0.00878639735300099,-0.0280104127486038,-0.00109697100555213));
#10448=CARTESIAN_POINT('',(-0.00878639735300099,-0.0280104127486038,-4.29919802590989E-5));
#10449=CARTESIAN_POINT('',(-0.00871995100160441,-0.0271054339708566,0.000860616903146207));
#10450=CARTESIAN_POINT('',(-0.00892142501434748,-0.0275969257927373,0.000860616903146207));
#10451=CARTESIAN_POINT('',(-0.00854614052852579,-0.0271766829559037,0.000672769895126254));
#10452=CARTESIAN_POINT('',(-0.00874761454126886,-0.0276681747777843,0.000672769895126254));
#10453=CARTESIAN_POINT('',(-0.00845923529198678,-0.0272123074484271,0.000371566933991364));
#10454=CARTESIAN_POINT('',(-0.00866070930472984,-0.0277037992703077,0.000371566933991364));
#10455=CARTESIAN_POINT('',(-0.00845923529198678,-0.0272123074484271,-4.29919802590989E-5));
#10456=CARTESIAN_POINT('',(-0.00866070930472984,-0.0277037992703077,-4.29919802590989E-5));
#10457=CARTESIAN_POINT('',(-0.00904711306261863,-0.0279035392710333,0.000860616903146207));
#10458=CARTESIAN_POINT('',(-0.00949804617693632,-0.0268115241610552,0.00114238741517582));
#10459=CARTESIAN_POINT('',(-0.00971037207182269,-0.02732948893224,0.00114238741517582));
#10460=CARTESIAN_POINT('',(-0.00915898732304935,-0.0269505123289301,0.00114238741517582));
#10461=CARTESIAN_POINT('',(-0.00937131321793572,-0.0274684771001149,0.00114238741517582));
#10462=CARTESIAN_POINT('',(-0.00890255265956665,-0.0270556309053911,0.00104846391116595));
#10463=CARTESIAN_POINT('',(-0.00911487855445302,-0.0275735956765759,0.00104846391116595));
#10464=CARTESIAN_POINT('',(-0.00872874218648822,-0.027126879890438,0.000860616903146207));
#10465=CARTESIAN_POINT('',(-0.00894106808137459,-0.0276448446616228,0.000860616903146207));
#10466=CARTESIAN_POINT('',(-0.00981641705306673,-0.0275881835416505,0.00114238741517582));
#10467=CARTESIAN_POINT('',(-0.00983873925249506,-0.0275790331491267,-0.000138118205710899));
#10468=CARTESIAN_POINT('',(-0.0103446981461179,-0.0273716287447344,0.0010183898827884));
#10469=CARTESIAN_POINT('',(-0.0100031345144421,-0.0275116436797084,0.0002266894987606));
#10470=CARTESIAN_POINT('',(-0.0104139045442106,-0.0265291789961948,0.000668605798889575));
#10471=CARTESIAN_POINT('',(-0.0107351295536241,-0.0272115817635451,0.000668605798889575));
#10472=CARTESIAN_POINT('',(-0.0107710903411576,-0.0271968405942251,0.000668605798889575));
#10473=CARTESIAN_POINT('',(-0.0113929202034004,-0.0261203964165745,0.00114238741517582));
#10474=CARTESIAN_POINT('',(-0.0115876064200131,-0.0265953295456429,0.00114238741517582));
#10475=CARTESIAN_POINT('',(-0.0109454081807617,-0.0263038420792241,0.00114238741517582));
#10476=CARTESIAN_POINT('',(-0.0111400943973744,-0.0267787752082925,0.00114238741517582));
#10477=CARTESIAN_POINT('',(-0.0106420247113326,-0.0264282060711862,0.00098446020974707));
#10478=CARTESIAN_POINT('',(-0.0108367109279453,-0.0269031392002546,0.00098446020974707));
#10479=CARTESIAN_POINT('',(-0.0104827697951129,-0.0264934883924608,0.000668605798889575));
#10480=CARTESIAN_POINT('',(-0.0106774560117256,-0.0269684215215292,0.000668605798889575));
#10481=CARTESIAN_POINT('',(-0.0116812407494451,-0.0268237486183387,0.00114238741517582));
#10482=CARTESIAN_POINT('',(-0.0117063672217287,-0.0268134486886723,-8.37239380369976E-5));
#10483=CARTESIAN_POINT('',(-0.0122031002732939,-0.0266098261730869,0.00101700185070944));
#10484=CARTESIAN_POINT('',(-0.0118392620130917,-0.0267589720001571,0.000212916642549816));
#10485=CARTESIAN_POINT('',(-0.0122504968335195,-0.0257327349953471,0.000668605798889575));
#10486=CARTESIAN_POINT('',(-0.0125738388685794,-0.0264578517370015,0.000668605798889575));
#10487=CARTESIAN_POINT('',(-0.0125965284130945,-0.0264485507611209,0.000668605798889575));
#10488=CARTESIAN_POINT('',(-0.0126513258036217,-0.026426088026919,0.000875422578655152));
#10489=CARTESIAN_POINT('',(-0.0127061231941489,-0.0264036252927169,0.00108223935842073));
#10490=CARTESIAN_POINT('',(-0.0130177833527723,-0.0262758684919431,0.00108223935842073));
#10491=CARTESIAN_POINT('',(-0.0133294435113957,-0.0261481116911692,0.00108223935842073));
#10492=CARTESIAN_POINT('',(-0.0133294435113957,-0.0261481116911692,-0.000534355336212214));
#10493=CARTESIAN_POINT('',(-0.0133294435113957,-0.0261481116911692,-0.00215095003084515));
#10494=CARTESIAN_POINT('',(-0.0129214598147362,-0.0263153537669075,-0.00215095003084515));
#10495=CARTESIAN_POINT('',(-0.0125134761180768,-0.0264825958426459,-0.00215095003084515));
#10496=CARTESIAN_POINT('',(-0.0125134761180768,-0.0264825958426459,-0.0013903084515731));
#10497=CARTESIAN_POINT('',(-0.0125134761180768,-0.0264825958426459,-0.000629666872301048));
#10498=CARTESIAN_POINT('',(-0.0120704626087036,-0.0258056412022783,0.000188346699568169));
#10499=CARTESIAN_POINT('',(-0.0122656351757998,-0.0262817607736175,0.000188346699568169));
#10500=CARTESIAN_POINT('',(-0.0121649310267479,-0.0257669163844613,2.23997532387279E-5));
#10501=CARTESIAN_POINT('',(-0.0123601035938441,-0.0262430359558005,2.23997532387279E-5));
#10502=CARTESIAN_POINT('',(-0.01221216523577,-0.0257475539755528,-0.00025027143738433));
#10503=CARTESIAN_POINT('',(-0.0124073378028662,-0.026223673546892,-0.00025027143738433));
#10504=CARTESIAN_POINT('',(-0.01221216523577,-0.0257475539755528,-0.000629666872301048));
#10505=CARTESIAN_POINT('',(-0.0124073378028662,-0.026223673546892,-0.000629666872301048));
#10506=CARTESIAN_POINT('',(-0.0123717734910104,-0.0265406830693713,0.000188346699568169));
#10507=CARTESIAN_POINT('',(-0.0116183353179448,-0.0259993785659257,0.000437267119062308));
#10508=CARTESIAN_POINT('',(-0.011817891014636,-0.0264861906941902,0.000437267119062308));
#10509=CARTESIAN_POINT('',(-0.0118272503693297,-0.0259137393917806,0.000437267119062308));
#10510=CARTESIAN_POINT('',(-0.0120268060660209,-0.0264005515200451,0.000437267119062308));
#10511=CARTESIAN_POINT('',(-0.0119789421040443,-0.0258515573957996,0.000354293645897595));
#10512=CARTESIAN_POINT('',(-0.0121784978007355,-0.026338369524064,0.000354293645897595));
#10513=CARTESIAN_POINT('',(-0.0120734105220885,-0.0258128325779826,0.000188346699568169));
#10514=CARTESIAN_POINT('',(-0.0122729662187797,-0.026299644706247,0.000188346699568169));
#10515=CARTESIAN_POINT('',(-0.0119166982868666,-0.0267272290573145,0.000437267119062308));
#10516=CARTESIAN_POINT('',(-0.0112845935899397,-0.0261574369697135,0.000262375077112894));
#10517=CARTESIAN_POINT('',(-0.011480065913854,-0.0266342877918113,0.000262375077112894));
#10518=CARTESIAN_POINT('',(-0.0113568005680823,-0.026127837637666,0.000378969771745837));
#10519=CARTESIAN_POINT('',(-0.0115522728919966,-0.0266046884597639,0.000378969771745837));
#10520=CARTESIAN_POINT('',(-0.0114705336937338,-0.0260812157648561,0.000437267119062308));
#10521=CARTESIAN_POINT('',(-0.0116660060176481,-0.026558066586954,0.000437267119062308));
#10522=CARTESIAN_POINT('',(-0.0116257929668941,-0.0260175713512838,0.000437267119062308));
#10523=CARTESIAN_POINT('',(-0.0118212652908084,-0.0264944221733817,0.000437267119062308));
#10524=CARTESIAN_POINT('',(-0.0115754989099122,-0.0268670946757441,0.000262375077112894));
#10525=CARTESIAN_POINT('',(-0.0111797577847054,-0.0262103123361437,-0.000262301048735348));
#10526=CARTESIAN_POINT('',(-0.0113724456168412,-0.0266803704462753,-0.000262301048735348));
#10527=CARTESIAN_POINT('',(-0.0111797577847054,-0.0262103123361437,-2.91116594694627E-5));
#10528=CARTESIAN_POINT('',(-0.0113724456168412,-0.0266803704462753,-2.91116594694627E-5));
#10529=CARTESIAN_POINT('',(-0.0112158612737767,-0.0261955126701199,0.000145780382479951));
#10530=CARTESIAN_POINT('',(-0.0114085491059125,-0.0266655707802516,0.000145780382479951));
#10531=CARTESIAN_POINT('',(-0.0112880682519193,-0.0261659133380725,0.000262375077112894));
#10532=CARTESIAN_POINT('',(-0.0114807560840551,-0.0266359714482042,0.000262375077112894));
#10533=CARTESIAN_POINT('',(-0.0114671884426983,-0.0269114936738153,-0.000262301048735348));
#10534=CARTESIAN_POINT('',(-0.0114671884426983,-0.0269114936738153,-0.00120662553979025));
#10535=CARTESIAN_POINT('',(-0.0114671884426983,-0.0269114936738153,-0.00215095003084515));
#10536=CARTESIAN_POINT('',(-0.0110592047460388,-0.0270787357495536,-0.00215095003084515));
#10537=CARTESIAN_POINT('',(-0.0106512210493794,-0.027245977825292,-0.00215095003084515));
#10538=CARTESIAN_POINT('',(-0.0106512210493794,-0.027245977825292,-0.00133987661937076));
#10539=CARTESIAN_POINT('',(-0.0106512210493794,-0.027245977825292,-0.00052880320789636));
#10540=CARTESIAN_POINT('',(-0.0102143140009643,-0.0266034372581827,0.000205928439235041));
#10541=CARTESIAN_POINT('',(-0.0104074911806696,-0.0270746891219166,0.000205928439235041));
#10542=CARTESIAN_POINT('',(-0.0103133488682192,-0.0265628405458489,5.17026526835293E-5));
#10543=CARTESIAN_POINT('',(-0.0105065260479245,-0.0270340924095828,5.17026526835293E-5));
#10544=CARTESIAN_POINT('',(-0.0103628663018466,-0.026542542189682,-0.000193207896360271));
#10545=CARTESIAN_POINT('',(-0.0105560434815519,-0.0270137940534159,-0.000193207896360271));
#10546=CARTESIAN_POINT('',(-0.0103628663018466,-0.026542542189682,-0.00052880320789636));
#10547=CARTESIAN_POINT('',(-0.0105560434815519,-0.0270137940534159,-0.00052880320789636));
#10548=CARTESIAN_POINT('',(0.,1.46957615897682E-18,0.0025));
#10549=CARTESIAN_POINT('',(-0.00366095390703034,-0.0282638384953831,0.000787051202961135));
#10550=CARTESIAN_POINT('',(-0.00366095390703034,-0.0282638384953831,0.000953969291005439));
#10551=CARTESIAN_POINT('',(-0.0037241864804844,-0.0282559385732896,0.00112698861481163));
#10552=CARTESIAN_POINT('',(-0.00386597069058954,-0.0282365263554496,0.00121502776064158));
#10553=CARTESIAN_POINT('',(-0.00366095390703034,-0.0282638384953831,0.000787051202961135));
#10554=CARTESIAN_POINT('',(-0.00386597069058954,-0.0282365263554496,0.00121502776064158));
#10555=CARTESIAN_POINT('',(-0.00386138652250313,-0.0282371536123302,0.000341955582973473));
#10556=CARTESIAN_POINT('',(-0.00372225555690995,-0.028256179553924,0.000440283409052749));
#10557=CARTESIAN_POINT('',(-0.00366095390703034,-0.0282638384953831,0.000616459433665356));
#10558=CARTESIAN_POINT('',(-0.00366095390703034,-0.0282638384953831,0.000787051202961135));
#10559=CARTESIAN_POINT('',(-0.00386138652250313,-0.0282371536123302,0.000341955582973473));
#10560=CARTESIAN_POINT('',(-0.00448248064676758,-0.0281452396908226,0.000200376310919186));
#10561=CARTESIAN_POINT('',(-0.004266996672415,-0.0281795582027747,0.000200376310919186));
#10562=CARTESIAN_POINT('',(-0.00403987605664538,-0.0282127454481431,0.000215811932670435));
#10563=CARTESIAN_POINT('',(-0.00386138652250313,-0.0282371536123302,0.000341955582973473));
#10564=CARTESIAN_POINT('',(-0.00448248064676757,-0.0281452396908226,0.000200376310919185));
#10565=CARTESIAN_POINT('',(0.,1.46957615897682E-18,0.000200376310919185));
#10566=CARTESIAN_POINT('',(-0.00476742206444316,-0.0280983778332836,0.000200376310919185));
#10567=CARTESIAN_POINT('',(-0.00476742206444316,-0.0280983778332836,0.0025));
#10568=CARTESIAN_POINT('',(-0.00476742206444316,-0.0280983778332836,0.00134226403454658));
#10569=CARTESIAN_POINT('',(0.,1.46957615897682E-18,0.00134226403454658));
#10570=CARTESIAN_POINT('',(-0.00449893090014254,-0.0281426148528925,0.00134226403454658));
#10571=CARTESIAN_POINT('',(-0.00386597069058954,-0.0282365263554496,0.00121502776064158));
#10572=CARTESIAN_POINT('',(-0.00405326041942281,-0.0282108838032036,0.00133132299363668));
#10573=CARTESIAN_POINT('',(-0.00428128546589617,-0.0281774080579491,0.00134226403454658));
#10574=CARTESIAN_POINT('',(-0.00449893090014254,-0.0281426148528925,0.00134226403454658));
#10575=CARTESIAN_POINT('',(-0.00354307504765146,-0.0282788572828747,-0.00030832150600998));
#10576=CARTESIAN_POINT('',(-0.00313522252294374,-0.0283299573711476,-0.000924922484207118));
#10577=CARTESIAN_POINT('',(-0.00272294285979338,-0.0283726552737594,-0.00153913363218818));
#10578=CARTESIAN_POINT('',(-0.00230618117131906,-0.0284064900754661,-0.00215095003084517));
#10579=CARTESIAN_POINT('',(-0.00354344311133705,-0.0282788111652385,-0.000308568784700802));
#10580=CARTESIAN_POINT('',(-0.00230618117131905,-0.0284064900754661,-0.00215095003084516));
#10581=CARTESIAN_POINT('',(-0.00296542885054852,-0.0283452532487335,0.000146705737199259));
#10582=CARTESIAN_POINT('',(-0.00310896692162599,-0.0283302365567537,-5.77327400977104E-5));
#10583=CARTESIAN_POINT('',(-0.00331625800865108,-0.0283072783268319,-0.000208449823381964));
#10584=CARTESIAN_POINT('',(-0.00354344311133705,-0.0282788111652385,-0.000308568784700803));
#10585=CARTESIAN_POINT('',(-0.00296542885054851,-0.0283452532487335,0.000146705737199259));
#10586=CARTESIAN_POINT('',(-0.00276200696244867,-0.0283657974952562,0.000810173638560704));
#10587=CARTESIAN_POINT('',(-0.00275810704172075,-0.0283661772345604,0.000572890308692362));
#10588=CARTESIAN_POINT('',(-0.00282933069512454,-0.0283594905507273,0.000340592569191399));
#10589=CARTESIAN_POINT('',(-0.00296521451996697,-0.02834527567079,0.000146554000524908));
#10590=CARTESIAN_POINT('',(-0.00276131791443177,-0.0283658645801241,0.000810185070943862));
#10591=CARTESIAN_POINT('',(-0.00317254964582202,-0.028322819046615,0.0017633004318322));
#10592=CARTESIAN_POINT('',(-0.0028849290428447,-0.0283550365543639,0.00154366986182495));
#10593=CARTESIAN_POINT('',(-0.00276131791443177,-0.0283658645801241,0.0011714150455587));
#10594=CARTESIAN_POINT('',(-0.00276131791443177,-0.0283658645801241,0.000810185070943862));
#10595=CARTESIAN_POINT('',(-0.00317254964582202,-0.028322819046615,0.0017633004318322));
#10596=CARTESIAN_POINT('',(-0.00443677822363222,-0.0281524803347202,0.00207699568167798));
#10597=CARTESIAN_POINT('',(-0.00399546677312014,-0.0282220301935671,0.00207699568167798));
#10598=CARTESIAN_POINT('',(-0.00352939024505405,-0.0282828479365766,0.00203578822790724));
#10599=CARTESIAN_POINT('',(-0.00317254964582202,-0.028322819046615,0.0017633004318322));
#10600=CARTESIAN_POINT('',(-0.00443677822363222,-0.0281524803347201,0.00207699568167798));
#10601=CARTESIAN_POINT('',(0.,1.46957615897682E-18,0.00207699568167798));
#10602=CARTESIAN_POINT('',(-0.00564972479246591,-0.0279343473124377,0.00207699568167798));
#10603=CARTESIAN_POINT('',(-0.00564972479246591,-0.0279343473124377,0.0025));
#10604=CARTESIAN_POINT('',(-0.00564972479246591,-0.0279343473124377,-0.00215095003084516));
#10605=CARTESIAN_POINT('',(0.,1.46957615897682E-18,-0.00215095003084516));
#10606=CARTESIAN_POINT('',(-0.00476742206444316,-0.0280983778332836,-0.00215095003084516));
#10607=CARTESIAN_POINT('',(-0.00476742206444316,-0.0280983778332836,0.0025));
#10608=CARTESIAN_POINT('',(-0.00476742206444316,-0.0280983778332836,-0.000528803207896361));
#10609=CARTESIAN_POINT('',(0.,1.46957615897682E-18,-0.000528803207896361));
#10610=CARTESIAN_POINT('',(-0.00429686235916181,-0.0281741747681972,-0.000528803207896361));
#10611=CARTESIAN_POINT('',(0.,1.46957615897682E-18,-0.000916869496429484));
#10612=CARTESIAN_POINT('',(-0.00329625826644346,-0.0283086882677987,-0.00215095003084516));
#10613=CARTESIAN_POINT('',(0.,1.46957615897682E-18,-0.00215095003084516));
#10614=CARTESIAN_POINT('',(-0.0047408645821484,-0.0288691094948548,0.00134226403454658));
#10615=CARTESIAN_POINT('',(0.,1.46957615897682E-18,0.00134226403454658));
#10616=CARTESIAN_POINT('',(-0.00457013884098827,-0.0286376296326021,0.00134226403454658));
#10617=CARTESIAN_POINT('',(-0.00483864365521281,-0.028593487502889,0.00134226403454658));
#10618=CARTESIAN_POINT('',(-0.00460622336141929,-0.0288884776520777,0.00134226403454658));
#10619=CARTESIAN_POINT('',(-0.00487550580287751,-0.0288497413376319,0.00134226403454658));
#10620=CARTESIAN_POINT('',(-0.00487550580287751,-0.0288497413376319,0.00077132017273288));
#10621=CARTESIAN_POINT('',(-0.00483864365521281,-0.028593487502889,0.0025));
#10622=CARTESIAN_POINT('',(-0.00483864365521281,-0.028593487502889,0.000200376310919185));
#10623=CARTESIAN_POINT('',(-0.00487550580287751,-0.0288497413376319,0.000200376310919185));
#10624=CARTESIAN_POINT('',(-0.00473262124210376,-0.0288702953003991,0.000200376310919185));
#10625=CARTESIAN_POINT('',(0.,1.46957615897682E-18,0.000200376310919185));
#10626=CARTESIAN_POINT('',(-0.00455368795935927,-0.0286402501031117,0.000200376310919185));
#10627=CARTESIAN_POINT('',(-0.00458973668133001,-0.0288908492631662,0.000200376310919185));
#10628=CARTESIAN_POINT('',(-0.00448205067467702,-0.0281422506626727,0.000200376310919185));
#10629=CARTESIAN_POINT('',(-0.00455457263394916,-0.0286464000772862,0.000200376310919185));
#10630=CARTESIAN_POINT('',(-0.0042011664953782,-0.0281826558886252,0.000200376310919185));
#10631=CARTESIAN_POINT('',(-0.00427368845465034,-0.0286868053032388,0.000200376310919185));
#10632=CARTESIAN_POINT('',(-0.00399401441314531,-0.0282124547427652,0.000247569401603948));
#10633=CARTESIAN_POINT('',(-0.00406653637241745,-0.0287166041573788,0.000247569401603948));
#10634=CARTESIAN_POINT('',(-0.00386059442797837,-0.0282316472250926,0.000341955582973473));
#10635=CARTESIAN_POINT('',(-0.00393311638725051,-0.0287357966397062,0.000341955582973473));
#10636=CARTESIAN_POINT('',(-0.00455368795935928,-0.0286402501031117,0.000200376310919185));
#10637=CARTESIAN_POINT('',(-0.00433819530809942,-0.0286745125934125,0.000200376310919185));
#10638=CARTESIAN_POINT('',(-0.00411107396138401,-0.028707691043909,0.00021581199088187));
#10639=CARTESIAN_POINT('',(-0.00393258759014218,-0.0287321206117102,0.000341955582973473));
#10640=CARTESIAN_POINT('',(-0.00393258759014218,-0.0287321206117102,0.000341955582973473));
#10641=CARTESIAN_POINT('',(-0.00396828043463136,-0.0289802458255862,0.000341955582973473));
#10642=CARTESIAN_POINT('',(-0.00386065486254858,-0.028232067346853,0.000341955582973473));
#10643=CARTESIAN_POINT('',(-0.00393301661237435,-0.0287351030367491,0.000341955582973473));
#10644=CARTESIAN_POINT('',(-0.00372723487738164,-0.0282512598291805,0.000436341764342998));
#10645=CARTESIAN_POINT('',(-0.00379959662720741,-0.0287542955190765,0.000436341764342998));
#10646=CARTESIAN_POINT('',(-0.00366052488479817,-0.0282608560703442,0.000584706971005552));
#10647=CARTESIAN_POINT('',(-0.00373288663462394,-0.0287638917602403,0.000584706971005552));
#10648=CARTESIAN_POINT('',(-0.00366052488479817,-0.0282608560703442,0.000787051202961135));
#10649=CARTESIAN_POINT('',(-0.00373288663462394,-0.0287638917602403,0.000787051202961135));
#10650=CARTESIAN_POINT('',(-0.00393258759014218,-0.0287321206117102,0.000341955582973473));
#10651=CARTESIAN_POINT('',(-0.00379345899827339,-0.028751163249781,0.000440283428505146));
#10652=CARTESIAN_POINT('',(-0.00373216019370879,-0.0287588417758521,0.000616459501350597));
#10653=CARTESIAN_POINT('',(-0.00373216019370879,-0.0287588417758521,0.000787051202961135));
#10654=CARTESIAN_POINT('',(-0.00373216019370879,-0.0287588417758521,0.000787051202961135));
#10655=CARTESIAN_POINT('',(-0.00376815045688094,-0.0290090345490774,0.000787051202961135));
#10656=CARTESIAN_POINT('',(-0.00366052485805898,-0.0282608558844619,0.000787051202961135));
#10657=CARTESIAN_POINT('',(-0.003732891117895,-0.0287639229265036,0.000787051202961135));
#10658=CARTESIAN_POINT('',(-0.00366052485805898,-0.0282608558844619,0.0009875447254781));
#10659=CARTESIAN_POINT('',(-0.003732891117895,-0.0287639229265036,0.0009875447254781));
#10660=CARTESIAN_POINT('',(-0.00372876139509516,-0.0282510400496789,0.00113020357803825));
#10661=CARTESIAN_POINT('',(-0.00380112765493118,-0.0287541070917206,0.00113020357803825));
#10662=CARTESIAN_POINT('',(-0.00386523446916752,-0.0282314083801128,0.00121502776064158));
#10663=CARTESIAN_POINT('',(-0.00393760072900355,-0.0287344754221545,0.00121502776064158));
#10664=CARTESIAN_POINT('',(-0.00373216019370879,-0.0287588417758521,0.000787051202961135));
#10665=CARTESIAN_POINT('',(-0.00373216019370879,-0.0287588417758521,0.000953969220164819));
#10666=CARTESIAN_POINT('',(-0.00379538983910585,-0.02875092164678,0.001126988601853));
#10667=CARTESIAN_POINT('',(-0.00393717168003219,-0.0287314928112334,0.00121502776064158));
#10668=CARTESIAN_POINT('',(-0.00393717168003218,-0.0287314928112334,0.00121502776064158));
#10669=CARTESIAN_POINT('',(-0.00397286006798948,-0.0289795870447283,0.00121502776064158));
#10670=CARTESIAN_POINT('',(-0.00386513740938898,-0.028230733651644,0.00121502776064158));
#10671=CARTESIAN_POINT('',(-0.00393769735799752,-0.0287351471559471,0.00121502776064158));
#10672=CARTESIAN_POINT('',(-0.00400161048346134,-0.0282111019820779,0.00129985194324491));
#10673=CARTESIAN_POINT('',(-0.00407417043206988,-0.028715515486381,0.00129985194324491));
#10674=CARTESIAN_POINT('',(-0.00421273158127128,-0.0281807321845277,0.00134226403454658));
#10675=CARTESIAN_POINT('',(-0.00428529152987982,-0.0286851456888308,0.00134226403454658));
#10676=CARTESIAN_POINT('',(-0.00449850070281878,-0.0281396242589934,0.00134226403454658));
#10677=CARTESIAN_POINT('',(-0.00457106065142732,-0.0286440377632965,0.00134226403454658));
#10678=CARTESIAN_POINT('',(-0.00393717168003218,-0.0287314928112334,0.00121502776064158));
#10679=CARTESIAN_POINT('',(-0.00412445815359715,-0.0287058283250677,0.00133132293269894));
#10680=CARTESIAN_POINT('',(-0.00435248427803469,-0.028672364056674,0.00134226403454658));
#10681=CARTESIAN_POINT('',(-0.00457013884098827,-0.0286376296326021,0.00134226403454658));
#10682=CARTESIAN_POINT('',(-0.00291221698224587,-0.0291321606914229,-0.00215095003084516));
#10683=CARTESIAN_POINT('',(-0.00230617375016233,-0.0284064384859634,-0.00215095003084516));
#10684=CARTESIAN_POINT('',(-0.00340452756824517,-0.0290613417491964,-0.00215095003084516));
#10685=CARTESIAN_POINT('',(0.166952743422946,-0.053567257476025,0.114571555715586));
#10686=CARTESIAN_POINT('',(-0.00365091184291273,-0.0290258993390402,-0.000308568784700802));
#10687=CARTESIAN_POINT('',(-0.0029649874585756,-0.0283421848332219,0.000146705737199259));
#10688=CARTESIAN_POINT('',(-0.00303943557133949,-0.0288597242494994,0.000146705737199259));
#10689=CARTESIAN_POINT('',(-0.0031002392970858,-0.0283227288385513,-4.70018507094391E-5));
#10690=CARTESIAN_POINT('',(-0.00317468740984969,-0.0288402682548287,-4.70018507094391E-5));
#10691=CARTESIAN_POINT('',(-0.00329212593479157,-0.0282951259206044,-0.000198760024676126));
#10692=CARTESIAN_POINT('',(-0.00336657404755546,-0.0288126653368818,-0.000198760024676126));
#10693=CARTESIAN_POINT('',(-0.00354064737169293,-0.0282593760793812,-0.000308568784700802));
#10694=CARTESIAN_POINT('',(-0.00361509548445681,-0.0287769154956586,-0.000308568784700802));
#10695=CARTESIAN_POINT('',(-0.0030752519297954,-0.0291087080928809,0.000146705737199259));
#10696=CARTESIAN_POINT('',(-0.00398260745654573,-0.0289781848816087,0.000791681981833536));
#10697=CARTESIAN_POINT('',(-0.00287237417203011,-0.0291378920848869,0.000810185070943862));
#10698=CARTESIAN_POINT('',(-0.00316983814824339,-0.0283039695845939,0.0017633004318322));
#10699=CARTESIAN_POINT('',(-0.00324422437665892,-0.028821078800718,0.0017633004318322));
#10700=CARTESIAN_POINT('',(-0.00289719730898798,-0.0283431890050024,0.00155417026526741));
#10701=CARTESIAN_POINT('',(-0.00297158353740351,-0.0288602982211265,0.00155417026526741));
#10702=CARTESIAN_POINT('',(-0.00276087688936211,-0.0283627987152064,0.00123646514497224));
#10703=CARTESIAN_POINT('',(-0.00283526311777764,-0.0288799079313305,0.00123646514497224));
#10704=CARTESIAN_POINT('',(-0.00276087688936211,-0.0283627987152064,0.000810185070943862));
#10705=CARTESIAN_POINT('',(-0.00283526311777764,-0.0288799079313305,0.000810185070943862));
#10706=CARTESIAN_POINT('',(-0.00328133543091139,-0.0290790629542745,0.0017633004318322));
#10707=CARTESIAN_POINT('',(-0.00443471525606199,-0.0281381392454371,0.00207699568167798));
#10708=CARTESIAN_POINT('',(-0.00450881163547638,-0.0286532335242137,0.00207699568167798));
#10709=CARTESIAN_POINT('',(-0.00386561948409132,-0.0282200037467148,0.00207699568167798));
#10710=CARTESIAN_POINT('',(-0.00393971586350571,-0.0287350980254914,0.00207699568167798));
#10711=CARTESIAN_POINT('',(-0.00344475117847889,-0.0282805457075578,0.00197243059839605));
#10712=CARTESIAN_POINT('',(-0.00351884755789328,-0.0287956399863344,0.00197243059839605));
#10713=CARTESIAN_POINT('',(-0.0031721103392247,-0.0283197651279661,0.0017633004318322));
#10714=CARTESIAN_POINT('',(-0.0032462067186391,-0.0288348594067427,0.0017633004318322));
#10715=CARTESIAN_POINT('',(-0.00454394034774868,-0.0288974370717455,0.00207699568167798));
#10716=CARTESIAN_POINT('',(-0.00515348954771619,-0.0288097533395561,0.00207699568167798));
#10717=CARTESIAN_POINT('',(-0.0057630387476837,-0.0287220696073667,0.00207699568167798));
#10718=CARTESIAN_POINT('',(-0.0057630387476837,-0.0287220696073667,-3.69771745835909E-5));
#10719=CARTESIAN_POINT('',(-0.0057630387476837,-0.0287220696073667,-0.00215095003084516));
#10720=CARTESIAN_POINT('',(-0.00531927227528061,-0.0287859054724993,-0.00215095003084516));
#10721=CARTESIAN_POINT('',(-0.00487550580287751,-0.0288497413376319,-0.00215095003084516));
#10722=CARTESIAN_POINT('',(-0.00487550580287751,-0.0288497413376319,-0.00133987661937076));
#10723=CARTESIAN_POINT('',(-0.00487550580287751,-0.0288497413376319,-0.000528803207896361));
#10724=CARTESIAN_POINT('',(-0.00463965468493366,-0.0288836685518149,-0.000528803207896361));
#10725=CARTESIAN_POINT('',(-0.0044038035669898,-0.0289175957659978,-0.000528803207896361));
#10726=CARTESIAN_POINT('',(-0.00390416556761749,-0.0289894687575971,-0.00133987661937076));
#10727=CARTESIAN_POINT('',(0.,1.46957615897682E-18,0.0025));
#10728=CARTESIAN_POINT('',(0.,1.46957615897682E-18,0.0025));
#10729=CARTESIAN_POINT('',(-0.0208733412658853,-0.0194049162430656,0.00114886489821098));
#10730=CARTESIAN_POINT('',(-0.0206321750147523,-0.0196643322281005,0.00114886489821098));
#10731=CARTESIAN_POINT('',(-0.0203763276072898,-0.019928087701043,0.00109079986490396));
#10732=CARTESIAN_POINT('',(-0.0201813432512849,-0.0201236312472754,0.000865243676742753));
#10733=CARTESIAN_POINT('',(-0.0208733412658853,-0.0194049162430656,0.00114886489821098));
#10734=CARTESIAN_POINT('',(-0.0201813432512849,-0.0201236312472754,0.000865243676742753));
#10735=CARTESIAN_POINT('',(-0.0216960255006962,-0.018480520216586,0.000856452806909317));
#10736=CARTESIAN_POINT('',(-0.0214494065819866,-0.0187700494228295,0.00105558228727665));
#10737=CARTESIAN_POINT('',(-0.0211654209193583,-0.019090734094202,0.00114886489821098));
#10738=CARTESIAN_POINT('',(-0.0208733412658853,-0.0194049162430656,0.00114886489821098));
#10739=CARTESIAN_POINT('',(-0.0216960255006962,-0.018480520216586,0.000856452806909317));
#10740=CARTESIAN_POINT('',(0.,1.46957615897682E-18,-0.00161333950236478));
#10741=CARTESIAN_POINT('',(-0.0215057484190417,-0.0187016024698256,0.000260524367674276));
#10742=CARTESIAN_POINT('',(-0.0208966380998278,-0.0193798262666962,0.000494639111659471));
#10743=CARTESIAN_POINT('',(-0.0211121437173051,-0.0191474535490603,0.000494639111659471));
#10744=CARTESIAN_POINT('',(-0.0213162598050205,-0.0189195032870409,0.000389535675936807));
#10745=CARTESIAN_POINT('',(-0.0215057484190417,-0.0187016024698256,0.000260524367674276));
#10746=CARTESIAN_POINT('',(-0.0208966380998278,-0.0193798262666962,0.000494639111659471));
#10747=CARTESIAN_POINT('',(-0.02055107397889,-0.0197458985188491,3.27575570635491E-6));
#10748=CARTESIAN_POINT('',(-0.02055107397889,-0.0197458985188491,0.000138066197350636));
#10749=CARTESIAN_POINT('',(-0.0206009639766659,-0.0196946299086796,0.000430934607715611));
#10750=CARTESIAN_POINT('',(-0.020804557827825,-0.0194791134374735,0.000494639111659471));
#10751=CARTESIAN_POINT('',(-0.0208966380998278,-0.0193798262666962,0.000494639111659471));
#10752=CARTESIAN_POINT('',(-0.02055107397889,-0.0197458985188491,3.27575570635491E-6));
#10753=CARTESIAN_POINT('',(-0.02055107397889,-0.0197458985188491,0.0025));
#10754=CARTESIAN_POINT('',(-0.02055107397889,-0.0197458985188492,-0.000138303516347932));
#10755=CARTESIAN_POINT('',(0.,1.46957615897682E-18,-0.00015390115524515));
#10756=CARTESIAN_POINT('',(-0.0209362363004343,-0.0193370411277134,-0.000155885256014805));
#10757=CARTESIAN_POINT('',(-0.0216575433328044,-0.018525603007465,-0.000426088834053053));
#10758=CARTESIAN_POINT('',(-0.0214529009441324,-0.0187648422591432,-0.00021260325617601));
#10759=CARTESIAN_POINT('',(-0.0211927194524554,-0.0190593465289209,-0.000169385879139417));
#10760=CARTESIAN_POINT('',(-0.0209362363004343,-0.0193370411277134,-0.000155885256014805));
#10761=CARTESIAN_POINT('',(-0.0216575433328044,-0.018525603007465,-0.000426088834053053));
#10762=CARTESIAN_POINT('',(-0.0218900461538213,-0.0182502884740509,-0.00118487970388649));
#10763=CARTESIAN_POINT('',(-0.0218900461538213,-0.0182502884740509,-0.000891151920279873));
#10764=CARTESIAN_POINT('',(-0.0218166763183404,-0.0183395669832376,-0.000592098415923618));
#10765=CARTESIAN_POINT('',(-0.0216575433328044,-0.018525603007465,-0.000426088834053053));
#10766=CARTESIAN_POINT('',(-0.0218900461538213,-0.0182502884740509,-0.00118487970388649));
#10767=CARTESIAN_POINT('',(-0.0217176319680068,-0.0184551242668455,-0.00194274521900062));
#10768=CARTESIAN_POINT('',(-0.021845033367001,-0.0183052007737517,-0.00174686814563817));
#10769=CARTESIAN_POINT('',(-0.0218900461538213,-0.0182502884740509,-0.00146123894847205));
#10770=CARTESIAN_POINT('',(-0.0218900461538213,-0.0182502884740509,-0.00118487970388649));
#10771=CARTESIAN_POINT('',(-0.0217176319680068,-0.0184551242668455,-0.00194274521900062));
#10772=CARTESIAN_POINT('',(-0.0212356834685725,-0.0190077062694344,-0.00220924737816163));
#10773=CARTESIAN_POINT('',(-0.0214146591491282,-0.0188077520589169,-0.00220924737816163));
#10774=CARTESIAN_POINT('',(-0.0215939697664328,-0.0186006475450041,-0.00213287335198116));
#10775=CARTESIAN_POINT('',(-0.0217176319680068,-0.0184551242668455,-0.00194274521900062));
#10776=CARTESIAN_POINT('',(-0.0212356834685725,-0.0190077062694344,-0.00220924737816163));
#10777=CARTESIAN_POINT('',(-0.0208209711113075,-0.0194610973992887,-0.00210051819864281));
#10778=CARTESIAN_POINT('',(-0.0209513406472107,-0.019321618094235,-0.00218849082877373));
#10779=CARTESIAN_POINT('',(-0.0210957675658702,-0.0191640223330292,-0.00220924737816163));
#10780=CARTESIAN_POINT('',(-0.0212356834685725,-0.0190077062694344,-0.00220924737816163));
#10781=CARTESIAN_POINT('',(-0.0208209711113075,-0.0194610973992887,-0.00210051819864281));
#10782=CARTESIAN_POINT('',(-0.0205054917751337,-0.0197932300815816,-0.00171140653917335));
#10783=CARTESIAN_POINT('',(-0.0205928495394943,-0.0197027287378793,-0.00187017903253544));
#10784=CARTESIAN_POINT('',(-0.0206950207921053,-0.0195958486881684,-0.00201552763110507));
#10785=CARTESIAN_POINT('',(-0.0208209711113075,-0.0194610973992887,-0.00210051819864281));
#10786=CARTESIAN_POINT('',(-0.0205054917751337,-0.0197932300815816,-0.00171140653917335));
#10787=CARTESIAN_POINT('',(0.,1.46957615897682E-18,-0.00171140653917335));
#10788=CARTESIAN_POINT('',(-0.020489415257583,-0.0198098715898117,-0.00171140653917335));
#10789=CARTESIAN_POINT('',(0.,1.46957615897682E-18,-0.000203891158277342));
#10790=CARTESIAN_POINT('',(-0.0203700208536905,-0.0199326215140587,-0.00215095003084515));
#10791=CARTESIAN_POINT('',(0.,1.46957615897682E-18,-0.00215095003084515));
#10792=CARTESIAN_POINT('',(-0.019934611530767,-0.0203680733777132,-0.00215095003084515));
#10793=CARTESIAN_POINT('',(-0.019934611530767,-0.0203680733777132,0.0025));
#10794=CARTESIAN_POINT('',(-0.019934611530767,-0.0203680733777132,3.27575570635491E-6));
#10795=CARTESIAN_POINT('',(-0.0201813432512849,-0.0201236312472754,0.000865243676742753));
#10796=CARTESIAN_POINT('',(-0.0200043361331719,-0.0203011459991939,0.000660483399267166));
#10797=CARTESIAN_POINT('',(-0.019934611530767,-0.0203680733777132,0.000325225394048554));
#10798=CARTESIAN_POINT('',(-0.019934611530767,-0.0203680733777132,3.27575570635491E-6));
#10799=CARTESIAN_POINT('',(-0.0212991435964138,-0.0189365686453974,-0.00119043183220234));
#10800=CARTESIAN_POINT('',(-0.0212991435964138,-0.0189365686453974,-0.00129948312725376));
#10801=CARTESIAN_POINT('',(-0.0212470074491497,-0.0189956457256191,-0.00152991140658638));
#10802=CARTESIAN_POINT('',(-0.0210861694669162,-0.019173743597519,-0.00156427513880321));
#10803=CARTESIAN_POINT('',(-0.0210126699647719,-0.01925395676099,-0.00156427513880321));
#10804=CARTESIAN_POINT('',(-0.0212991435964138,-0.0189365686453974,-0.00119043183220234));
#10805=CARTESIAN_POINT('',(-0.0210126699647719,-0.01925395676099,-0.00156427513880321));
#10806=CARTESIAN_POINT('',(-0.0211738480237549,-0.0190765644147323,-0.000803170882171499));
#10807=CARTESIAN_POINT('',(-0.0212576502522865,-0.0189835489423231,-0.000887963863373793));
#10808=CARTESIAN_POINT('',(-0.0212991435964138,-0.0189365686453974,-0.00103970996275209));
#10809=CARTESIAN_POINT('',(-0.0212991435964138,-0.0189365686453974,-0.00119043183220234));
#10810=CARTESIAN_POINT('',(-0.0211738480237549,-0.0190765644147323,-0.000803170882171499));
#10811=CARTESIAN_POINT('',(-0.0207861844071404,-0.0194982483263203,-0.000664830351634793));
#10812=CARTESIAN_POINT('',(-0.0209224819083478,-0.0193529478384551,-0.000670577041145097));
#10813=CARTESIAN_POINT('',(-0.021062666192287,-0.0191999696124044,-0.000690674602408221));
#10814=CARTESIAN_POINT('',(-0.0211738480237549,-0.0190765644147323,-0.000803170882171499));
#10815=CARTESIAN_POINT('',(-0.0207861844071405,-0.0194982483263203,-0.000664830351634793));
#10816=CARTESIAN_POINT('',(0.,1.46957615897682E-18,-0.000670356148718797));
#10817=CARTESIAN_POINT('',(-0.02055107397889,-0.0197458985188491,-0.000652800740283775));
#10818=CARTESIAN_POINT('',(-0.02055107397889,-0.0197458985188491,0.0025));
#10819=CARTESIAN_POINT('',(-0.02055107397889,-0.0197458985188491,-0.000919302899444786));
#10820=CARTESIAN_POINT('',(-0.0206779221714271,-0.0196130233435569,-0.00138753238741518));
#10821=CARTESIAN_POINT('',(-0.0205917507583934,-0.0197038734761907,-0.00126705399641724));
#10822=CARTESIAN_POINT('',(-0.0205510739788901,-0.0197458985188492,-0.00109264746346527));
#10823=CARTESIAN_POINT('',(-0.0205510739788901,-0.0197458985188492,-0.000919302899444786));
#10824=CARTESIAN_POINT('',(-0.0206779221714271,-0.0196130233435568,-0.00138753238741518));
#10825=CARTESIAN_POINT('',(-0.0210126699647719,-0.01925395676099,-0.00156427513880321));
#10826=CARTESIAN_POINT('',(-0.0208915558499926,-0.0193861337962625,-0.00156427513880321));
#10827=CARTESIAN_POINT('',(-0.0207671547168312,-0.0195189458728526,-0.00151229062354548));
#10828=CARTESIAN_POINT('',(-0.0206779221714271,-0.0196130233435568,-0.00138753238741518));
#10829=CARTESIAN_POINT('',(-0.0205087533403934,-0.0209007310425653,-0.0010738371375694));
#10830=CARTESIAN_POINT('',(-0.0205087533403934,-0.0209007310425653,3.27575570635491E-6));
#10831=CARTESIAN_POINT('',(-0.0205087533403934,-0.0209007310425653,-0.00215095003084515));
#10832=CARTESIAN_POINT('',(-0.0207180148170119,-0.0206751719812793,-0.00215095003084515));
#10833=CARTESIAN_POINT('',(-0.0209272762936305,-0.0204496129199933,-0.00215095003084515));
#10834=CARTESIAN_POINT('',(-0.020985491892389,-0.0203868634067031,-0.00193117828500925));
#10835=CARTESIAN_POINT('',(-0.0210437074911475,-0.020324113893413,-0.00171140653917335));
#10836=CARTESIAN_POINT('',(-0.0210515744639528,-0.0203156342294549,-0.00171140653917335));
#10837=CARTESIAN_POINT('',(-0.0210594414367579,-0.0203071545654968,-0.00171140653917335));
#10838=CARTESIAN_POINT('',(-0.0205032685713447,-0.0197911675135559,-0.00171140653917335));
#10839=CARTESIAN_POINT('',(-0.0208782489437572,-0.020139053987221,-0.00171140653917335));
#10840=CARTESIAN_POINT('',(-0.0206039658232514,-0.0196826278148919,-0.00189832819247378));
#10841=CARTESIAN_POINT('',(-0.0209789461956639,-0.020030514288557,-0.00189832819247378));
#10842=CARTESIAN_POINT('',(-0.0207078098642801,-0.0195706962506447,-0.00202803207896361));
#10843=CARTESIAN_POINT('',(-0.0210827902366926,-0.0199185827243098,-0.00202803207896361));
#10844=CARTESIAN_POINT('',(-0.0208148006944309,-0.0194553728208142,-0.00210051819864281));
#10845=CARTESIAN_POINT('',(-0.0211897810668435,-0.0198032592944794,-0.00210051819864281));
#10846=CARTESIAN_POINT('',(-0.0213709735598442,-0.0199713598727552,-0.00210051819864281));
#10847=CARTESIAN_POINT('',(-0.0208155701384926,-0.0194560866693273,-0.00210051819864281));
#10848=CARTESIAN_POINT('',(-0.0211899653857062,-0.0198034302955341,-0.00210051819864281));
#10849=CARTESIAN_POINT('',(-0.0209225609686434,-0.0193407632394969,-0.00217300431832202));
#10850=CARTESIAN_POINT('',(-0.021296956215857,-0.0196881068657037,-0.00217300431832202));
#10851=CARTESIAN_POINT('',(-0.021061858833781,-0.0191906166563451,-0.00220924737816163));
#10852=CARTESIAN_POINT('',(-0.0214362540809946,-0.0195379602825519,-0.00220924737816163));
#10853=CARTESIAN_POINT('',(-0.0212334637339052,-0.0190056469198719,-0.00220924737816163));
#10854=CARTESIAN_POINT('',(-0.0216078589811189,-0.0193529905460787,-0.00220924737816163));
#10855=CARTESIAN_POINT('',(-0.0217888671552569,-0.0195209201232997,-0.00220924737816163));
#10856=CARTESIAN_POINT('',(-0.0212168817039935,-0.0189902630109087,-0.00220924737816163));
#10857=CARTESIAN_POINT('',(-0.0216046239506907,-0.0193499892601164,-0.00220924737816163));
#10858=CARTESIAN_POINT('',(-0.0214279263611146,-0.0187627818924588,-0.00220924737816163));
#10859=CARTESIAN_POINT('',(-0.0218156686078118,-0.0191225081416665,-0.00220924737816163));
#10860=CARTESIAN_POINT('',(-0.0215940768267606,-0.0185836913896633,-0.00212041332510796));
#10861=CARTESIAN_POINT('',(-0.0219818190734578,-0.018943417638871,-0.00212041332510796));
#10862=CARTESIAN_POINT('',(-0.0217153331009315,-0.0184529915025221,-0.00194274521900062));
#10863=CARTESIAN_POINT('',(-0.0221030753476287,-0.0188127177517298,-0.00194274521900062));
#10864=CARTESIAN_POINT('',(-0.0222873185521948,-0.0189836486149132,-0.00194274521900062));
#10865=CARTESIAN_POINT('',(-0.0217059033623097,-0.0184442431019175,-0.00194274521900062));
#10866=CARTESIAN_POINT('',(-0.0220868168320077,-0.018797633981798,-0.00194274521900062));
#10867=CARTESIAN_POINT('',(-0.0218271596364808,-0.0183135432147762,-0.00176507711289318));
#10868=CARTESIAN_POINT('',(-0.0222080731061788,-0.0186669340946568,-0.00176507711289318));
#10869=CARTESIAN_POINT('',(-0.0218877877735662,-0.0182481932712057,-0.0015124552745219));
#10870=CARTESIAN_POINT('',(-0.0222687012432642,-0.0186015841510862,-0.0015124552745219));
#10871=CARTESIAN_POINT('',(-0.0218877877735662,-0.0182481932712057,-0.00118487970388649));
#10872=CARTESIAN_POINT('',(-0.0222687012432642,-0.0186015841510862,-0.00118487970388649));
#10873=CARTESIAN_POINT('',(-0.0224692029634513,-0.0187875987842014,-0.00118487970388649));
#10874=CARTESIAN_POINT('',(-0.0218877709857509,-0.0182481776963803,-0.00118487970388649));
#10875=CARTESIAN_POINT('',(-0.0222715160002869,-0.0186041955301527,-0.00118487970388649));
#10876=CARTESIAN_POINT('',(-0.0218877709857509,-0.0182481776963803,-0.000841881554595928));
#10877=CARTESIAN_POINT('',(-0.0222715160002869,-0.0186041955301527,-0.000841881554595928));
#10878=CARTESIAN_POINT('',(-0.0218061642545182,-0.0183361400771725,-0.000588951264651449));
#10879=CARTESIAN_POINT('',(-0.0221899092690542,-0.0186921579109449,-0.000588951264651449));
#10880=CARTESIAN_POINT('',(-0.0216429507920528,-0.018512064838757,-0.000426088834053053));
#10881=CARTESIAN_POINT('',(-0.0220266958065888,-0.0188680826725294,-0.000426088834053053));
#10882=CARTESIAN_POINT('',(-0.0222243827697532,-0.0190514859265781,-0.000426088834053053));
#10883=CARTESIAN_POINT('',(-0.0216552422437114,-0.0185234681816739,-0.000426088834053053));
#10884=CARTESIAN_POINT('',(-0.0220433592707395,-0.0188835421317677,-0.000426088834053053));
#10885=CARTESIAN_POINT('',(-0.021492028781246,-0.0186993929432584,-0.000263226403454657));
#10886=CARTESIAN_POINT('',(-0.0218801458082741,-0.0190594668933522,-0.000263226403454657));
#10887=CARTESIAN_POINT('',(-0.0212459498718991,-0.0189646368318685,-0.000173158544108574));
#10888=CARTESIAN_POINT('',(-0.0216340668989272,-0.0193247107819622,-0.000173158544108574));
#10889=CARTESIAN_POINT('',(-0.0209170055156707,-0.0193191998475041,-0.000155885256014805));
#10890=CARTESIAN_POINT('',(-0.0213051225426988,-0.0196792737975978,-0.000155885256014805));
#10891=CARTESIAN_POINT('',(-0.0214861460417125,-0.0198472175924083,-0.000155885256014805));
#10892=CARTESIAN_POINT('',(-0.021295135942002,-0.0200531038333114,-0.000147094386181369));
#10893=CARTESIAN_POINT('',(-0.0211041258422915,-0.0202589900742146,-0.000138303516347932));
#10894=CARTESIAN_POINT('',(-0.0211041258422915,-0.0202589900742146,-6.75138803207889E-5));
#10895=CARTESIAN_POINT('',(-0.0211041258422915,-0.0202589900742146,3.27575570635491E-6));
#10896=CARTESIAN_POINT('',(-0.0205488552720397,-0.0197438401228396,3.27575570635491E-6));
#10897=CARTESIAN_POINT('',(-0.0209230771607877,-0.0200910229164542,3.27575570635491E-6));
#10898=CARTESIAN_POINT('',(-0.0205488552720397,-0.0197438401228396,0.000330851326341766));
#10899=CARTESIAN_POINT('',(-0.0209230771607877,-0.0200910229164542,0.000330851326341766));
#10900=CARTESIAN_POINT('',(-0.0206629788242006,-0.0196208284643538,0.000494639111659471));
#10901=CARTESIAN_POINT('',(-0.0210372007129486,-0.0199680112579684,0.000494639111659471));
#10902=CARTESIAN_POINT('',(-0.0208912259285224,-0.0193748051473821,0.000494639111659471));
#10903=CARTESIAN_POINT('',(-0.0212654478172704,-0.0197219879409968,0.000494639111659471));
#10904=CARTESIAN_POINT('',(-0.0214464964987742,-0.0198899550987572,0.000494639111659471));
#10905=CARTESIAN_POINT('',(-0.0208835666135571,-0.0193676992499272,0.000494639111659471));
#10906=CARTESIAN_POINT('',(-0.0212654867161302,-0.0197220240292514,0.000494639111659471));
#10907=CARTESIAN_POINT('',(-0.0210593672325108,-0.0191782070260097,0.000494639111659471));
#10908=CARTESIAN_POINT('',(-0.0214412873350839,-0.0195325318053339,0.000494639111659471));
#10909=CARTESIAN_POINT('',(-0.0212660063848609,-0.0189554745193763,0.000416600863664406));
#10910=CARTESIAN_POINT('',(-0.021647926487434,-0.0193097992987006,0.000416600863664406));
#10911=CARTESIAN_POINT('',(-0.0215034840706075,-0.0186995017300272,0.000260524367674276));
#10912=CARTESIAN_POINT('',(-0.0218854041731806,-0.0190538265093514,0.000260524367674276));
#10913=CARTESIAN_POINT('',(-0.0220664139558246,-0.0192217575788572,0.000260524367674276));
#10914=CARTESIAN_POINT('',(-0.0221655378131702,-0.0191149138129849,0.000558488587291797));
#10915=CARTESIAN_POINT('',(-0.0222646616705158,-0.0190080700471125,0.000856452806909317));
#10916=CARTESIAN_POINT('',(-0.0216937125039654,-0.0184783743435338,0.000856452806909317));
#10917=CARTESIAN_POINT('',(-0.0220838379525526,-0.0188403115983369,0.000856452806909317));
#10918=CARTESIAN_POINT('',(-0.0214407106585499,-0.018751080336427,0.00105139420111043));
#10919=CARTESIAN_POINT('',(-0.0218308361071371,-0.0191130175912301,0.00105139420111043));
#10920=CARTESIAN_POINT('',(-0.0211602268548015,-0.0190534086220805,0.00114886489821098));
#10921=CARTESIAN_POINT('',(-0.0215503523033887,-0.0194153458768836,0.00114886489821098));
#10922=CARTESIAN_POINT('',(-0.0208522610927203,-0.0193853592004945,0.00114886489821098));
#10923=CARTESIAN_POINT('',(-0.0212423865413075,-0.0197472964552976,0.00114886489821098));
#10924=CARTESIAN_POINT('',(-0.0214232102592708,-0.0199150549040732,0.00114886489821098));
#10925=CARTESIAN_POINT('',(-0.0208575101776235,-0.0193902290170803,0.00114886489821098));
#10926=CARTESIAN_POINT('',(-0.0212422065248172,-0.0197471294457508,0.00114886489821098));
#10927=CARTESIAN_POINT('',(-0.0205625511439135,-0.0197081598844168,0.00114886489821098));
#10928=CARTESIAN_POINT('',(-0.0209472474911072,-0.0200650603130873,0.00114886489821098));
#10929=CARTESIAN_POINT('',(-0.0203364018990065,-0.0199519219576663,0.00105432449105491));
#10930=CARTESIAN_POINT('',(-0.0207210982462002,-0.0203088223863368,0.00105432449105491));
#10931=CARTESIAN_POINT('',(-0.0201790624429023,-0.0201215152368287,0.000865243676742753));
#10932=CARTESIAN_POINT('',(-0.020563758790096,-0.0204784156654992,0.000865243676742753));
#10933=CARTESIAN_POINT('',(-0.0207447625245496,-0.0206463411238217,0.000865243676742753));
#10934=CARTESIAN_POINT('',(-0.0201683554702207,-0.020111581887662,0.000865243676742753));
#10935=CARTESIAN_POINT('',(-0.0205504267433816,-0.0204660469148674,0.000865243676742753));
#10936=CARTESIAN_POINT('',(-0.0200110160141161,-0.0202811751668249,0.000676162862430083));
#10937=CARTESIAN_POINT('',(-0.020393087287277,-0.0206356401940303,0.000676162862430083));
#10938=CARTESIAN_POINT('',(-0.0199323462860645,-0.0203659718064057,0.000388840222085134));
#10939=CARTESIAN_POINT('',(-0.0203144175592253,-0.020720436833611,0.000388840222085134));
#10940=CARTESIAN_POINT('',(-0.0199323462860645,-0.0203659718064057,3.27575570635491E-6));
#10941=CARTESIAN_POINT('',(-0.0203144175592253,-0.020720436833611,3.27575570635491E-6));
#10942=CARTESIAN_POINT('',(-0.0210095891255024,-0.0192510985252309,-0.00156427513880321));
#10943=CARTESIAN_POINT('',(-0.0213818991653269,-0.0195965076089953,-0.00156427513880321));
#10944=CARTESIAN_POINT('',(-0.0208702912603649,-0.0194012451083827,-0.00156427513880321));
#10945=CARTESIAN_POINT('',(-0.0212426013001893,-0.0197466541921471,-0.00156427513880321));
#10946=CARTESIAN_POINT('',(-0.0207589998184139,-0.0195212040878436,-0.00150536088834053));
#10947=CARTESIAN_POINT('',(-0.0211313098582383,-0.019866613171608,-0.00150536088834053));
#10948=CARTESIAN_POINT('',(-0.0206757147996494,-0.0196109754636136,-0.00138753238741518));
#10949=CARTESIAN_POINT('',(-0.0210480248394739,-0.019956384547378,-0.00138753238741518));
#10950=CARTESIAN_POINT('',(-0.0213792611185014,-0.019594060172076,-0.00156427513880321));
#10951=CARTESIAN_POINT('',(-0.0212581329653783,-0.0197262242254512,-0.00156427513880321));
#10952=CARTESIAN_POINT('',(-0.0211337429047565,-0.0198590463972706,-0.00151229071888374));
#10953=CARTESIAN_POINT('',(-0.0210445283876218,-0.019953140728782,-0.00138753238741518));
#10954=CARTESIAN_POINT('',(-0.0213792611185014,-0.019594060172076,-0.00156427513880321));
#10955=CARTESIAN_POINT('',(-0.0210445283876218,-0.019953140728782,-0.00138753238741518));
#10956=CARTESIAN_POINT('',(-0.0215629276962912,-0.019764456072177,-0.00156427513880321));
#10957=CARTESIAN_POINT('',(-0.0212290533704383,-0.0201243330105597,-0.00138753238741518));
#10958=CARTESIAN_POINT('',(-0.0212969183113919,-0.0189345041465167,-0.00119043183220234));
#10959=CARTESIAN_POINT('',(-0.0216722497184037,-0.0192827162910645,-0.00119043183220234));
#10960=CARTESIAN_POINT('',(-0.0212969183113919,-0.0189345041465167,-0.00143966070326959));
#10961=CARTESIAN_POINT('',(-0.0216722497184037,-0.0192827162910645,-0.00143966070326959));
#10962=CARTESIAN_POINT('',(-0.0211999972064317,-0.0190389736064807,-0.00156427513880321));
#10963=CARTESIAN_POINT('',(-0.0215753286134435,-0.0193871857510286,-0.00156427513880321));
#10964=CARTESIAN_POINT('',(-0.0210061549965114,-0.0192479125264089,-0.00156427513880321));
#10965=CARTESIAN_POINT('',(-0.0213814864035232,-0.0195961246709567,-0.00156427513880321));
#10966=CARTESIAN_POINT('',(-0.0216658087351521,-0.0192767406957662,-0.00119043183220234));
#10967=CARTESIAN_POINT('',(-0.0216658087351521,-0.0192767406957662,-0.00129948294300317));
#10968=CARTESIAN_POINT('',(-0.0216136480277528,-0.0193357945490096,-0.00152991129161671));
#10969=CARTESIAN_POINT('',(-0.0214527690476461,-0.0195138549875627,-0.00156427513880321));
#10970=CARTESIAN_POINT('',(-0.0213792611185014,-0.019594060172076,-0.00156427513880321));
#10971=CARTESIAN_POINT('',(-0.0216658087351521,-0.0192767406957662,-0.00119043183220234));
#10972=CARTESIAN_POINT('',(-0.0218536910111718,-0.0194510476922848,-0.00119043183220234));
#10973=CARTESIAN_POINT('',(-0.0211691694378416,-0.0190722238762006,-0.000803170882171499));
#10974=CARTESIAN_POINT('',(-0.0215426851808657,-0.0194187515460705,-0.000803170882171499));
#10975=CARTESIAN_POINT('',(-0.0212543425300793,-0.0189804173810806,-0.000887995064774832));
#10976=CARTESIAN_POINT('',(-0.0216278582731034,-0.0193269450509506,-0.000887995064774832));
#10977=CARTESIAN_POINT('',(-0.0212969290761982,-0.0189345141335207,-0.00101708204811844));
#10978=CARTESIAN_POINT('',(-0.0216704448192223,-0.0192810418033906,-0.00101708204811844));
#10979=CARTESIAN_POINT('',(-0.0212969290761982,-0.0189345141335207,-0.00119043183220234));
#10980=CARTESIAN_POINT('',(-0.0216704448192223,-0.0192810418033906,-0.00119043183220234));
#10981=CARTESIAN_POINT('',(-0.0215404706606502,-0.0194166970341938,-0.000803170882171499));
#10982=CARTESIAN_POINT('',(-0.0216242960980577,-0.0193237028770561,-0.000887963970960277));
#10983=CARTESIAN_POINT('',(-0.0216658087351521,-0.0192767406957662,-0.00103971015885755));
#10984=CARTESIAN_POINT('',(-0.0216658087351521,-0.0192767406957662,-0.00119043183220234));
#10985=CARTESIAN_POINT('',(-0.0215404706606502,-0.0194166970341938,-0.000803170882171499));
#10986=CARTESIAN_POINT('',(-0.0217259313728152,-0.0195887574349647,-0.000803170882171499));
#10987=CARTESIAN_POINT('',(-0.0207820624260878,-0.0194944241756223,-0.000664830351634793));
#10988=CARTESIAN_POINT('',(-0.0211553393603149,-0.0198407302916286,-0.000664830351634793));
#10989=CARTESIAN_POINT('',(-0.0209566043293927,-0.0193062886979381,-0.000672233189389265));
#10990=CARTESIAN_POINT('',(-0.0213298812636198,-0.0196525948139444,-0.000672233189389265));
#10991=CARTESIAN_POINT('',(-0.021086461827164,-0.019166317711536,-0.000718346699568167));
#10992=CARTESIAN_POINT('',(-0.0214597387613911,-0.0195126238275424,-0.000718346699568167));
#10993=CARTESIAN_POINT('',(-0.0211716349194017,-0.0190745112164161,-0.000803170882171499));
#10994=CARTESIAN_POINT('',(-0.0215449118536289,-0.0194208173324224,-0.000803170882171499));
#10995=CARTESIAN_POINT('',(-0.0211527741251757,-0.0198383504054469,-0.000664830351634793));
#10996=CARTESIAN_POINT('',(-0.021289057709733,-0.0196930371197053,-0.000670577038750464));
#10997=CARTESIAN_POINT('',(-0.021429257991201,-0.0195400740039814,-0.00069067441276214));
#10998=CARTESIAN_POINT('',(-0.0215404706606502,-0.0194166970341938,-0.000803170882171499));
#10999=CARTESIAN_POINT('',(-0.0211527741251757,-0.0198383504054469,-0.000664830351634793));
#11000=CARTESIAN_POINT('',(-0.0213363588795012,-0.0200086703941709,-0.000664830351634793));
#11001=CARTESIAN_POINT('',(-0.0212202423608964,-0.0201338302341928,-0.000658815545959284));
#11002=CARTESIAN_POINT('',(0.,1.46957615897682E-18,-0.000670356148718797));
#11003=CARTESIAN_POINT('',(-0.0209177133201993,-0.0200860466357608,-0.000652800740283775));
#11004=CARTESIAN_POINT('',(-0.0211041258422915,-0.0202589900742146,-0.000652800740283775));
#11005=CARTESIAN_POINT('',(-0.0211041258422915,-0.0202589900742146,-0.000786051819864281));
#11006=CARTESIAN_POINT('',(-0.0209177133201993,-0.0200860466357608,0.0025));
#11007=CARTESIAN_POINT('',(-0.0209177133201993,-0.0200860466357608,-0.000919302899444786));
#11008=CARTESIAN_POINT('',(-0.0211041258422915,-0.0202589900742146,-0.000919302899444786));
#11009=CARTESIAN_POINT('',(-0.0206737903457532,-0.0196091900595527,-0.00138753238741518));
#11010=CARTESIAN_POINT('',(-0.0210467395489053,-0.0199551921244236,-0.00138753238741518));
#11011=CARTESIAN_POINT('',(-0.0205905053269887,-0.0196989614353226,-0.00126970388648982));
#11012=CARTESIAN_POINT('',(-0.0209634545301408,-0.0200449635001936,-0.00126970388648982));
#11013=CARTESIAN_POINT('',(-0.0205488628176065,-0.0197438471232076,-0.00111362739049969));
#11014=CARTESIAN_POINT('',(-0.0209218120207586,-0.0200898491880785,-0.00111362739049969));
#11015=CARTESIAN_POINT('',(-0.0205488628176065,-0.0197438471232076,-0.000919302899444786));
#11016=CARTESIAN_POINT('',(-0.0209218120207586,-0.0200898491880785,-0.000919302899444786));
#11017=CARTESIAN_POINT('',(-0.0210445283876218,-0.019953140728782,-0.00138753238741518));
#11018=CARTESIAN_POINT('',(-0.0209583744043986,-0.0200440071227143,-0.00126705393232165));
#11019=CARTESIAN_POINT('',(-0.0209177133201993,-0.0200860466357608,-0.00109264736211873));
#11020=CARTESIAN_POINT('',(-0.0209177133201993,-0.0200860466357608,-0.000919302899444786));
#11021=CARTESIAN_POINT('',(0.,1.46957615897682E-18,0.0025));
#11022=CARTESIAN_POINT('',(0.0105036135377781,-0.0264937964937362,5.87970388648978E-5));
#11023=CARTESIAN_POINT('',(0.0103143840645272,-0.0265688175748959,0.000186821195343897));
#11024=CARTESIAN_POINT('',(0.0101352302117323,-0.0266371924240339,0.000341059927350681));
#11025=CARTESIAN_POINT('',(0.010017695958007,-0.0266813215132878,0.000546921653300431));
#11026=CARTESIAN_POINT('',(0.0105036135377781,-0.0264937964937361,5.87970388648978E-5));
#11027=CARTESIAN_POINT('',(0.010017695958007,-0.0266813215132878,0.000546921653300431));
#11028=CARTESIAN_POINT('',(0.0099270104874879,-0.0267151944178552,-0.000436267735965454));
#11029=CARTESIAN_POINT('',(0.0100690763255087,-0.0266624046442946,-0.000215748798917631));
#11030=CARTESIAN_POINT('',(0.0102821158147991,-0.0265816105026577,-6.15926683443247E-5));
#11031=CARTESIAN_POINT('',(0.0105036135377781,-0.0264937964937361,5.87970388648978E-5));
#11032=CARTESIAN_POINT('',(0.0099270104874879,-0.0267151944178552,-0.000436267735965454));
#11033=CARTESIAN_POINT('',(0.00974685059284051,-0.026781449802491,-0.00107844972631459));
#11034=CARTESIAN_POINT('',(0.00974291645375888,-0.0267828815945009,-0.000849589247378379));
#11035=CARTESIAN_POINT('',(0.00980593110449987,-0.0267601843294506,-0.000625235849441396));
#11036=CARTESIAN_POINT('',(0.00992670479954572,-0.0267153080054334,-0.000436045650481626));
#11037=CARTESIAN_POINT('',(0.00974612193033087,-0.0267817149809646,-0.00107846391116595));
#11038=CARTESIAN_POINT('',(0.0101177766975982,-0.0266435310103605,-0.00191405922270204));
#11039=CARTESIAN_POINT('',(0.00987575612918442,-0.0267354373746664,-0.00172127034731797));
#11040=CARTESIAN_POINT('',(0.00974612193033087,-0.0267817149809646,-0.00140077597785823));
#11041=CARTESIAN_POINT('',(0.00974612193033087,-0.0267817149809646,-0.00107846391116595));
#11042=CARTESIAN_POINT('',(0.0101177766975982,-0.0266435310103605,-0.00191405922270204));
#11043=CARTESIAN_POINT('',(0.0111294985767407,-0.0262370236771023,-0.00220924737816163));
#11044=CARTESIAN_POINT('',(0.0107755285862985,-0.0263871744165047,-0.00220924737816163));
#11045=CARTESIAN_POINT('',(0.0104074853078861,-0.026533515298662,-0.00214483546429409));
#11046=CARTESIAN_POINT('',(0.0101177766975982,-0.0266435310103605,-0.00191405922270204));
#11047=CARTESIAN_POINT('',(0.0111294985767407,-0.0262370236771023,-0.00220924737816163));
#11048=CARTESIAN_POINT('',(0.0121093139075275,-0.02579945089903,-0.00189231338679828));
#11049=CARTESIAN_POINT('',(0.0118355755485559,-0.025927933622569,-0.00212728907725405));
#11050=CARTESIAN_POINT('',(0.0114805616109271,-0.0260881060411917,-0.00220924737816163));
#11051=CARTESIAN_POINT('',(0.0111294985767407,-0.0262370236771023,-0.00220924737816163));
#11052=CARTESIAN_POINT('',(0.0121093139075275,-0.02579945089903,-0.00189231338679828));
#11053=CARTESIAN_POINT('',(0.0124773817524603,-0.0256234676538105,-0.00105533004318322));
#11054=CARTESIAN_POINT('',(0.0124773817524603,-0.0256234676538104,-0.0013796921103938));
#11055=CARTESIAN_POINT('',(0.0123411178836337,-0.0256906506333705,-0.00169333396885858));
#11056=CARTESIAN_POINT('',(0.0121093139075275,-0.02579945089903,-0.00189231338679828));
#11057=CARTESIAN_POINT('',(0.0124773817524603,-0.0256234676538105,-0.00105533004318322));
#11058=CARTESIAN_POINT('',(0.0122904524239543,-0.0257136525841238,-0.000449162189547104));
#11059=CARTESIAN_POINT('',(0.0124119617110198,-0.0256555743275688,-0.000622528708508972));
#11060=CARTESIAN_POINT('',(0.0124776213796276,-0.0256233509657481,-0.000835796363544214));
#11061=CARTESIAN_POINT('',(0.0124775594377826,-0.0256233811289436,-0.00105533010520563));
#11062=CARTESIAN_POINT('',(0.0122909195095996,-0.0257134293242081,-0.000448760024676126));
#11063=CARTESIAN_POINT('',(0.0116731289467586,-0.0259997155868068,8.19309068476245E-5));
#11064=CARTESIAN_POINT('',(0.0119064426599063,-0.0258949644002207,-5.54130299246242E-5));
#11065=CARTESIAN_POINT('',(0.0121333687061637,-0.0257887379973254,-0.000215739865272221));
#11066=CARTESIAN_POINT('',(0.0122909195095996,-0.0257134293242081,-0.000448760024676126));
#11067=CARTESIAN_POINT('',(0.0116731289467586,-0.0259997155868068,8.19309068476245E-5));
#11068=CARTESIAN_POINT('',(0.0121985126000424,-0.0257573958378775,0.000533966687230104));
#11069=CARTESIAN_POINT('',(0.0120687269890359,-0.0258188613455372,0.000331660787018807));
#11070=CARTESIAN_POINT('',(0.0118751664167943,-0.0259090065391663,0.000192389524695329));
#11071=CARTESIAN_POINT('',(0.0116731289467586,-0.0259997155868068,8.19309068476245E-5));
#11072=CARTESIAN_POINT('',(0.0121985126000424,-0.0257573958378775,0.000533966687230104));
#11073=CARTESIAN_POINT('',(0.0123601412285872,-0.0256802270007856,0.001110916404074));
#11074=CARTESIAN_POINT('',(0.0123630828639187,-0.0256788111632956,0.00090440125722273));
#11075=CARTESIAN_POINT('',(0.0123066624791581,-0.0257061761472908,0.000702306907479726));
#11076=CARTESIAN_POINT('',(0.0121986500063994,-0.025757330762792,0.000533858817306603));
#11077=CARTESIAN_POINT('',(0.0123606514092406,-0.0256799814396689,0.00111092535471931));
#11078=CARTESIAN_POINT('',(0.0120245976847607,-0.0258390441100701,0.00185537322640346));
#11079=CARTESIAN_POINT('',(0.0122361236327873,-0.0257406072478521,0.00168200234915049));
#11080=CARTESIAN_POINT('',(0.0123606514092406,-0.0256799814396689,0.00140178874793363));
#11081=CARTESIAN_POINT('',(0.0123606514092406,-0.0256799814396689,0.00111092535471931));
#11082=CARTESIAN_POINT('',(0.0120245976847607,-0.0258390441100701,0.00185537322640346));
#11083=CARTESIAN_POINT('',(0.0111294985767407,-0.0262370236771023,0.00213159161011721));
#11084=CARTESIAN_POINT('',(0.0114485780218769,-0.0261016731787297,0.00213159161011721));
#11085=CARTESIAN_POINT('',(0.0117714758175315,-0.0259568382748109,0.0020628369469675));
#11086=CARTESIAN_POINT('',(0.0120245976847607,-0.0258390441100701,0.00185537322640346));
#11087=CARTESIAN_POINT('',(0.0111294985767407,-0.0262370236771023,0.00213159161011721));
#11088=CARTESIAN_POINT('',(0.0102207249079431,-0.0266042089218727,0.00185120913016656));
#11089=CARTESIAN_POINT('',(0.0104815014076223,-0.0265040245911337,0.00205955040167619));
#11090=CARTESIAN_POINT('',(0.0108100293015948,-0.0263725395376971,0.00213159161011721));
#11091=CARTESIAN_POINT('',(0.0111294985767407,-0.0262370236771023,0.00213159161011721));
#11092=CARTESIAN_POINT('',(0.0102207249079431,-0.0266042089218727,0.00185120913016656));
#11093=CARTESIAN_POINT('',(0.009868799532189,-0.0267367527159894,0.00111647748303516));
#11094=CARTESIAN_POINT('',(0.009868799532189,-0.0267367527159894,0.00140449719866675));
#11095=CARTESIAN_POINT('',(0.0100053456741215,-0.0266869526676551,0.00167913694004829));
#11096=CARTESIAN_POINT('',(0.0102207249079431,-0.0266042089218727,0.00185120913016657));
#11097=CARTESIAN_POINT('',(0.009868799532189,-0.0267367527159894,0.00111647748303516));
#11098=CARTESIAN_POINT('',(0.0100177212425707,-0.026681312020001,0.000546938248590034));
#11099=CARTESIAN_POINT('',(0.00991913787303127,-0.0267183259687325,0.00071831349289399));
#11100=CARTESIAN_POINT('',(0.00986756183248309,-0.0267372095754142,0.000915336947703567));
#11101=CARTESIAN_POINT('',(0.00986901366214208,-0.0267366736775343,0.00111647572684924));
#11102=CARTESIAN_POINT('',(0.011575109500805,-0.0260435018775678,-0.00140927822331894));
#11103=CARTESIAN_POINT('',(0.0116736612094936,-0.0259997002864866,-0.00131567852828936));
#11104=CARTESIAN_POINT('',(0.0117254534238691,-0.0259761600704795,-0.00117470713118035));
#11105=CARTESIAN_POINT('',(0.0117254534238691,-0.0259761600704796,-0.00103219617520049));
#11106=CARTESIAN_POINT('',(0.011575109500805,-0.0260435018775678,-0.00140927822331894));
#11107=CARTESIAN_POINT('',(0.0117254534238691,-0.0259761600704796,-0.00103219617520049));
#11108=CARTESIAN_POINT('',(0.0111192751135575,-0.0262413580241481,-0.00155224552745219));
#11109=CARTESIAN_POINT('',(0.0112818653035615,-0.0261724635312733,-0.00155224552745219));
#11110=CARTESIAN_POINT('',(0.0114524413274083,-0.0260980221009235,-0.00152578258202108));
#11111=CARTESIAN_POINT('',(0.011575109500805,-0.0260435018775678,-0.00140927822331894));
#11112=CARTESIAN_POINT('',(0.0111192751135575,-0.0262413580241481,-0.00155224552745219));
#11113=CARTESIAN_POINT('',(0.0106810597876908,-0.0264227574604596,-0.00141344231955583));
#11114=CARTESIAN_POINT('',(0.0108036965100768,-0.0263731831430958,-0.00151924324302048));
#11115=CARTESIAN_POINT('',(0.0109641295720733,-0.0263070979891612,-0.00155224552745219));
#11116=CARTESIAN_POINT('',(0.0111192751135575,-0.0262413580241481,-0.00155224552745219));
#11117=CARTESIAN_POINT('',(0.0106810597876908,-0.0264227574604596,-0.00141344231955583));
#11118=CARTESIAN_POINT('',(0.0105199613763104,-0.0264873094640327,-0.00102571869216533));
#11119=CARTESIAN_POINT('',(0.0105199613763104,-0.0264873094640327,-0.00117360810516889));
#11120=CARTESIAN_POINT('',(0.0105738556260225,-0.0264660933636855,-0.00132095534597165));
#11121=CARTESIAN_POINT('',(0.0106810597876908,-0.0264227574604596,-0.00141344231955583));
#11122=CARTESIAN_POINT('',(0.0105199613763104,-0.0264873094640327,-0.00102571869216533));
#11123=CARTESIAN_POINT('',(0.0110894469608892,-0.0262539771483127,-0.000308568784700802));
#11124=CARTESIAN_POINT('',(0.0109498159989699,-0.0263129560274957,-0.000378543804861084));
#11125=CARTESIAN_POINT('',(0.0106793706632165,-0.0264242754048649,-0.00054024680604138));
#11126=CARTESIAN_POINT('',(0.0105199613763104,-0.0264873094640327,-0.000855970103461826));
#11127=CARTESIAN_POINT('',(0.0105199613763104,-0.0264873094640327,-0.00102571869216533));
#11128=CARTESIAN_POINT('',(0.0110894469608892,-0.0262539771483127,-0.000308568784700802));
#11129=CARTESIAN_POINT('',(0.0115763780086496,-0.0260429380486026,-0.000668994447871685));
#11130=CARTESIAN_POINT('',(0.0114396040600244,-0.0261037356025524,-0.000514243811959113));
#11131=CARTESIAN_POINT('',(0.0112649000134888,-0.0261798673359236,-0.000407877037139747));
#11132=CARTESIAN_POINT('',(0.0110894469608892,-0.0262539771483127,-0.000308568784700802));
#11133=CARTESIAN_POINT('',(0.0115763780086496,-0.0260429380486026,-0.000668994447871685));
#11134=CARTESIAN_POINT('',(0.0117254534238691,-0.0259761600704796,-0.00103219617520049));
#11135=CARTESIAN_POINT('',(0.0117254534238691,-0.0259761600704796,-0.000894956630056075));
#11136=CARTESIAN_POINT('',(0.0116632876670565,-0.0260043057308341,-0.000767326952274757));
#11137=CARTESIAN_POINT('',(0.0115763780086496,-0.0260429380486027,-0.000668994447871685));
#11138=CARTESIAN_POINT('',(0.0111294985767407,-0.0262370236771023,0.000454848858729179));
#11139=CARTESIAN_POINT('',(0.0112643414597687,-0.0261798245948736,0.000523075388900346));
#11140=CARTESIAN_POINT('',(0.0113999309902892,-0.0261208569349535,0.00059981998932338));
#11141=CARTESIAN_POINT('',(0.0114934462792633,-0.0260796442197395,0.000725977791486736));
#11142=CARTESIAN_POINT('',(0.0111294985767407,-0.0262370236771023,0.000454848858729179));
#11143=CARTESIAN_POINT('',(0.0114934462792633,-0.0260796442197395,0.000725977791486736));
#11144=CARTESIAN_POINT('',(0.010757382355877,-0.0263917766520552,0.000736619370758791));
#11145=CARTESIAN_POINT('',(0.0108542500976822,-0.0263522930147735,0.000607726069972213));
#11146=CARTESIAN_POINT('',(0.0109931973126662,-0.0262948413908489,0.000528172077478568));
#11147=CARTESIAN_POINT('',(0.0111294985767407,-0.0262370236771023,0.000454848858729179));
#11148=CARTESIAN_POINT('',(0.010757382355877,-0.0263917766520552,0.000736619370758791));
#11149=CARTESIAN_POINT('',(0.0106540450354545,-0.0264336617664864,0.00104707574316833));
#11150=CARTESIAN_POINT('',(0.0106534053698537,-0.0264339195826823,0.000933675435488972));
#11151=CARTESIAN_POINT('',(0.0106901470894177,-0.0264191825473531,0.00082373090807208));
#11152=CARTESIAN_POINT('',(0.0107575708339829,-0.0263916998269217,0.000736789822593818));
#11153=CARTESIAN_POINT('',(0.0106540243070048,-0.0264336701210455,0.00104707587908698));
#11154=CARTESIAN_POINT('',(0.0107839446340829,-0.0263809341785224,0.00136123380629241));
#11155=CARTESIAN_POINT('',(0.0106990195879137,-0.0264156496662204,0.00128463690983645));
#11156=CARTESIAN_POINT('',(0.0106540243070048,-0.0264336701210455,0.00116639616945829));
#11157=CARTESIAN_POINT('',(0.0106540243070048,-0.0264336701210455,0.00104707587908698));
#11158=CARTESIAN_POINT('',(0.0107839446340829,-0.0263809341785224,0.00136123380629241));
#11159=CARTESIAN_POINT('',(0.0111243870578301,-0.026239191347869,0.00147829117828501));
#11160=CARTESIAN_POINT('',(0.0110024680670423,-0.0262908802137812,0.00147829117828501));
#11161=CARTESIAN_POINT('',(0.0108783339871637,-0.0263423498906886,0.00144636689518198));
#11162=CARTESIAN_POINT('',(0.0107839446340829,-0.0263809341785224,0.00136123380629241));
#11163=CARTESIAN_POINT('',(0.0111243870578301,-0.026239191347869,0.00147829117828501));
#11164=CARTESIAN_POINT('',(0.011464223914412,-0.0260925031386934,0.00136262183837138));
#11165=CARTESIAN_POINT('',(0.011369360620838,-0.0261341830815111,0.00144564343627281));
#11166=CARTESIAN_POINT('',(0.0112462298514566,-0.026187534786562,0.00147829117828501));
#11167=CARTESIAN_POINT('',(0.0111243870578301,-0.026239191347869,0.00147829117828501));
#11168=CARTESIAN_POINT('',(0.011464223914412,-0.0260925031386934,0.00136262183837138));
#11169=CARTESIAN_POINT('',(0.0115962478263609,-0.0260340966110238,0.00104707587908698));
#11170=CARTESIAN_POINT('',(0.0115962478263609,-0.0260340966110238,0.00116791450496071));
#11171=CARTESIAN_POINT('',(0.0115505844334638,-0.0260545590471468,0.00128704162164945));
#11172=CARTESIAN_POINT('',(0.011464223914412,-0.0260925031386934,0.00136262183837138));
#11173=CARTESIAN_POINT('',(0.0115962478263609,-0.0260340966110238,0.00104707587908698));
#11174=CARTESIAN_POINT('',(0.0114934219619933,-0.0260796549364839,0.000725999604765224));
#11175=CARTESIAN_POINT('',(0.0115613189538455,-0.026049732424886,0.000816391401104846));
#11176=CARTESIAN_POINT('',(0.0115976054730423,-0.0260334918969511,0.000930140250199577));
#11177=CARTESIAN_POINT('',(0.0115960089789775,-0.0260342029984014,0.00104707197107331));
#11178=CARTESIAN_POINT('',(0.00986757982093707,-0.0267339010556944,0.00111647748303516));
#11179=CARTESIAN_POINT('',(0.0100733044520961,-0.0272148810921133,0.00111647748303516));
#11180=CARTESIAN_POINT('',(0.00986757982093707,-0.0267339010556944,0.00141937692782233));
#11181=CARTESIAN_POINT('',(0.0100733044520961,-0.0272148810921133,0.00141937692782233));
#11182=CARTESIAN_POINT('',(0.00998272106193684,-0.0266846528800066,0.00166428747686613));
#11183=CARTESIAN_POINT('',(0.0101884456930959,-0.0271656329164255,0.00166428747686613));
#11184=CARTESIAN_POINT('',(0.0102130035439364,-0.0265861565286311,0.00185120913016656));
#11185=CARTESIAN_POINT('',(0.0104187281750954,-0.02706713656505,0.00185120913016656));
#11186=CARTESIAN_POINT('',(0.0101780933288144,-0.02745987537139,0.00111647748303516));
#11187=CARTESIAN_POINT('',(0.0105235170518137,-0.0273121308443267,0.00185120913016656));
#11188=CARTESIAN_POINT('',(0.0102194983363246,-0.0266013412221791,0.00185120913016656));
#11189=CARTESIAN_POINT('',(0.0104263800826462,-0.027085026570499,0.00185120913016656));
#11190=CARTESIAN_POINT('',(0.0104497808183242,-0.0265028448708035,0.002038130783467));
#11191=CARTESIAN_POINT('',(0.0106566625646457,-0.0269865302191234,0.002038130783467));
#11192=CARTESIAN_POINT('',(0.0107501122819172,-0.0263743871908692,0.00213159161011721));
#11193=CARTESIAN_POINT('',(0.0109569940282387,-0.026858072539189,0.00213159161011721));
#11194=CARTESIAN_POINT('',(0.0111204927271036,-0.026215968182376,0.00213159161011721));
#11195=CARTESIAN_POINT('',(0.0113273744734252,-0.0266996535306958,0.00213159161011721));
#11196=CARTESIAN_POINT('',(0.0114245114425927,-0.0269267578045236,0.00213159161011721));
#11197=CARTESIAN_POINT('',(0.011122815274138,-0.0262213982504766,0.00213159161011721));
#11198=CARTESIAN_POINT('',(0.0113274785307375,-0.0266998968145923,0.00213159161011721));
#11199=CARTESIAN_POINT('',(0.0114954645122505,-0.0260620088345807,0.00213159161011721));
#11200=CARTESIAN_POINT('',(0.01170012776885,-0.0265405073986963,0.00213159161011721));
#11201=CARTESIAN_POINT('',(0.0117956541762857,-0.025933611805109,0.00203951881554596));
#11202=CARTESIAN_POINT('',(0.0120003174328851,-0.0264121103692246,0.00203951881554596));
#11203=CARTESIAN_POINT('',(0.0120233842662433,-0.0258362071620615,0.00185537322640346));
#11204=CARTESIAN_POINT('',(0.0122280475228428,-0.0263147057261771,0.00185537322640346));
#11205=CARTESIAN_POINT('',(0.0123250804346981,-0.0265415667161084,0.00185537322640346));
#11206=CARTESIAN_POINT('',(0.0120178425637101,-0.0258232507733625,0.00185537322640346));
#11207=CARTESIAN_POINT('',(0.0122225550838867,-0.0263018645147272,0.00185537322640346));
#11208=CARTESIAN_POINT('',(0.0122455726536679,-0.0257258461303149,0.00167122763726084));
#11209=CARTESIAN_POINT('',(0.0124502851738445,-0.0262044598716797,0.00167122763726084));
#11210=CARTESIAN_POINT('',(0.0123594376986466,-0.0256771438087912,0.00142307834669957));
#11211=CARTESIAN_POINT('',(0.0125641502188232,-0.026155757550156,0.00142307834669957));
#11212=CARTESIAN_POINT('',(0.0123594376986466,-0.0256771438087912,0.00111092535471931));
#11213=CARTESIAN_POINT('',(0.0125641502188232,-0.026155757550156,0.00111092535471931));
#11214=CARTESIAN_POINT('',(0.0126666755696346,-0.0263954597515371,0.00111092535471931));
#11215=CARTESIAN_POINT('',(0.0117733039621822,-0.0267775723768333,0.00109558029862402));
#11216=CARTESIAN_POINT('',(0.0125016208842605,-0.0264660568900847,0.000533966687230104));
#11217=CARTESIAN_POINT('',(0.012197294336872,-0.0257545475631678,0.000533966687230104));
#11218=CARTESIAN_POINT('',(0.0124027747249501,-0.0262349565641919,0.000533966687230104));
#11219=CARTESIAN_POINT('',(0.012087257879956,-0.0258016123221995,0.000365243676742751));
#11220=CARTESIAN_POINT('',(0.012292738268034,-0.0262820213232236,0.000365243676742751));
#11221=CARTESIAN_POINT('',(0.0119100084326041,-0.0258774254005366,0.000214565083281925));
#11222=CARTESIAN_POINT('',(0.0121154888206822,-0.0263578344015607,0.000214565083281925));
#11223=CARTESIAN_POINT('',(0.0116655459948164,-0.0259819867981791,8.19309068476245E-5));
#11224=CARTESIAN_POINT('',(0.0118710263828945,-0.0264623957992032,8.19309068476245E-5));
#11225=CARTESIAN_POINT('',(0.011969872542205,-0.0266934961250959,8.19309068476245E-5));
#11226=CARTESIAN_POINT('',(0.0116639301603142,-0.0259782090097182,8.19309068476245E-5));
#11227=CARTESIAN_POINT('',(0.0118710360200784,-0.0264624183307447,8.19309068476245E-5));
#11228=CARTESIAN_POINT('',(0.0119543356548555,-0.0258539968621708,-8.77174583590381E-5));
#11229=CARTESIAN_POINT('',(0.0121614415146197,-0.0263382061831972,-8.77174583590381E-5));
#11230=CARTESIAN_POINT('',(0.0121629228044992,-0.0257647800315837,-0.000264614435533622));
#11231=CARTESIAN_POINT('',(0.0123700286642633,-0.0262489893526101,-0.000264614435533622));
#11232=CARTESIAN_POINT('',(0.0122896916092452,-0.025710558517957,-0.000448760024676126));
#11233=CARTESIAN_POINT('',(0.0124967974690094,-0.0261947678389834,-0.000448760024676126));
#11234=CARTESIAN_POINT('',(0.012595633991136,-0.0264258456333347,-0.000448760024676126));
#11235=CARTESIAN_POINT('',(0.0118774599843533,-0.0267330227955167,-0.00105502037726896));
#11236=CARTESIAN_POINT('',(0.012785787198255,-0.0263445133628946,-0.00105533004318322));
#11237=CARTESIAN_POINT('',(0.0124761609142451,-0.0256206133586981,-0.00105533004318322));
#11238=CARTESIAN_POINT('',(0.0126820756265386,-0.0261020378009739,-0.00105533004318322));
#11239=CARTESIAN_POINT('',(0.0124761609142451,-0.0256206133586981,-0.00140202961135102));
#11240=CARTESIAN_POINT('',(0.0126820756265386,-0.0261020378009739,-0.00140202961135102));
#11241=CARTESIAN_POINT('',(0.0123512355037515,-0.0256740464163101,-0.0016810240592227));
#11242=CARTESIAN_POINT('',(0.012557150216045,-0.0261554708585859,-0.0016810240592227));
#11243=CARTESIAN_POINT('',(0.0121013846827643,-0.0257809125315341,-0.00189231338679828));
#11244=CARTESIAN_POINT('',(0.0123072993950578,-0.0262623369738099,-0.00189231338679828));
#11245=CARTESIAN_POINT('',(0.0124110109667743,-0.0265048125357306,-0.00189231338679828));
#11246=CARTESIAN_POINT('',(0.0121080933160351,-0.0257965971807505,-0.00189231338679828));
#11247=CARTESIAN_POINT('',(0.0123139664144283,-0.026277924330567,-0.00189231338679828));
#11248=CARTESIAN_POINT('',(0.0118582424950479,-0.0259034632959744,-0.00210360271437384));
#11249=CARTESIAN_POINT('',(0.0120641155934411,-0.0263847904457909,-0.00210360271437384));
#11250=CARTESIAN_POINT('',(0.0115294093203207,-0.0260441117189054,-0.00220924737816163));
#11251=CARTESIAN_POINT('',(0.0117352824187139,-0.0265254388687219,-0.00220924737816163));
#11252=CARTESIAN_POINT('',(0.0111215937918536,-0.0262185424495434,-0.00220924737816163));
#11253=CARTESIAN_POINT('',(0.0113274668902468,-0.0266998695993599,-0.00220924737816163));
#11254=CARTESIAN_POINT('',(0.0114245114425927,-0.0269267578045236,-0.00220924737816163));
#11255=CARTESIAN_POINT('',(0.0111187791811299,-0.0262119619464664,-0.00220924737816163));
#11256=CARTESIAN_POINT('',(0.0113273846933813,-0.026699677424747,-0.00220924737816163));
#11257=CARTESIAN_POINT('',(0.0106933805074854,-0.0263939133344754,-0.00220924737816163));
#11258=CARTESIAN_POINT('',(0.0109019860197368,-0.026881628812756,-0.00220924737816163));
#11259=CARTESIAN_POINT('',(0.0103593007491166,-0.0265368058245252,-0.00211085132634176));
#11260=CARTESIAN_POINT('',(0.010567906261368,-0.0270245213028058,-0.00211085132634176));
#11261=CARTESIAN_POINT('',(0.0101165399060235,-0.0266406394166157,-0.00191405922270204));
#11262=CARTESIAN_POINT('',(0.0103251454182749,-0.0271283548948963,-0.00191405922270204));
#11263=CARTESIAN_POINT('',(0.0104222721674864,-0.0273554352746729,-0.00191405922270204));
#11264=CARTESIAN_POINT('',(0.0101090372361293,-0.0266230983257963,-0.00191405922270204));
#11265=CARTESIAN_POINT('',(0.010315815627344,-0.0271065420319619,-0.00191405922270204));
#11266=CARTESIAN_POINT('',(0.00986627639303623,-0.0267269319178868,-0.00171726711906231));
#11267=CARTESIAN_POINT('',(0.0100730547842509,-0.0272103756240524,-0.00171726711906231));
#11268=CARTESIAN_POINT('',(0.00974489597148968,-0.026778848713932,-0.00143873534855028));
#11269=CARTESIAN_POINT('',(0.00995167436270437,-0.0272622924200976,-0.00143873534855028));
#11270=CARTESIAN_POINT('',(0.00974489597148968,-0.026778848713932,-0.00107846391116595));
#11271=CARTESIAN_POINT('',(0.00995167436270437,-0.0272622924200976,-0.00107846391116595));
#11272=CARTESIAN_POINT('',(0.0100581309028467,-0.0275111856628086,-0.00107846391116595));
#11273=CARTESIAN_POINT('',(0.0110758051740677,-0.0270759063409353,-0.00105824674011396));
#11274=CARTESIAN_POINT('',(0.0102350967510828,-0.0274354938853968,-0.000436267735965454));
#11275=CARTESIAN_POINT('',(0.00992577545518863,-0.0267123069372608,-0.000436267735965454));
#11276=CARTESIAN_POINT('',(0.0101340842363308,-0.0271993286641957,-0.000436267735965454));
#11277=CARTESIAN_POINT('',(0.010043752687346,-0.0266618457523196,-0.000249346082665022));
#11278=CARTESIAN_POINT('',(0.0102520614684882,-0.0271488674792545,-0.000249346082665022));
#11279=CARTESIAN_POINT('',(0.0102329132975599,-0.0265809380351183,-8.43244910549047E-5));
#11280=CARTESIAN_POINT('',(0.0104412220787021,-0.0270679597620532,-8.43244910549047E-5));
#11281=CARTESIAN_POINT('',(0.0104932572858303,-0.0264695837856567,5.87970388648978E-5));
#11282=CARTESIAN_POINT('',(0.0107015660669725,-0.0269566055125916,5.87970388648978E-5));
#11283=CARTESIAN_POINT('',(0.0108025785817245,-0.0271927707337928,5.87970388648978E-5));
#11284=CARTESIAN_POINT('',(0.0104950450964441,-0.0264737636507962,5.87970388648978E-5));
#11285=CARTESIAN_POINT('',(0.0107015554040861,-0.0269565805829785,5.87970388648978E-5));
#11286=CARTESIAN_POINT('',(0.0102732705879175,-0.0265686209744116,0.000210555212831585));
#11287=CARTESIAN_POINT('',(0.0104797808955595,-0.0270514379065938,0.000210555212831585));
#11288=CARTESIAN_POINT('',(0.0101137460853008,-0.026636852744915,0.000373263417643429));
#11289=CARTESIAN_POINT('',(0.0103202563929428,-0.0271196696770972,0.000373263417643429));
#11290=CARTESIAN_POINT('',(0.0100164715885941,-0.0266784589623064,0.000546921653300431));
#11291=CARTESIAN_POINT('',(0.0102229818962361,-0.0271612758944886,0.000546921653300431));
#11292=CARTESIAN_POINT('',(0.0103240050738745,-0.0273974660453029,0.000546921653300431));
#11293=CARTESIAN_POINT('',(0.0111647567572324,-0.0270378599975282,0.00110823130950819));
#11294=CARTESIAN_POINT('',(0.0115751912666328,-0.0260401634697142,-0.000668994447871685));
#11295=CARTESIAN_POINT('',(0.0117753550867912,-0.0265081424422228,-0.000668994447871685));
#11296=CARTESIAN_POINT('',(0.0114750807787685,-0.026082982696359,-0.000556409623689082));
#11297=CARTESIAN_POINT('',(0.0116752445989268,-0.0265509616688675,-0.000556409623689082));
#11298=CARTESIAN_POINT('',(0.0113124366858784,-0.0261525487770411,-0.000436267735965454));
#11299=CARTESIAN_POINT('',(0.0115126005060368,-0.0266205277495496,-0.000436267735965454));
#11300=CARTESIAN_POINT('',(0.0110872589879626,-0.0262488617117606,-0.000308568784700802));
#11301=CARTESIAN_POINT('',(0.011287422808121,-0.0267168406842691,-0.000308568784700802));
#11302=CARTESIAN_POINT('',(0.0117730457058866,-0.0265027431562679,-0.000668994447871685));
#11303=CARTESIAN_POINT('',(0.0116362572907263,-0.0265635072912943,-0.000514243647867646));
#11304=CARTESIAN_POINT('',(0.0114615445497079,-0.0266396184755057,-0.000407876999839446));
#11305=CARTESIAN_POINT('',(0.0112860973919527,-0.0267137418880126,-0.000308568784700802));
#11306=CARTESIAN_POINT('',(0.0117730457058866,-0.0265027431562679,-0.000668994447871685));
#11307=CARTESIAN_POINT('',(0.0112860973919527,-0.0267137418880126,-0.000308568784700802));
#11308=CARTESIAN_POINT('',(0.0118724562459404,-0.0267351629929501,-0.000668994447871685));
#11309=CARTESIAN_POINT('',(0.0113845239672702,-0.0269438612349964,-0.000308568784700802));
#11310=CARTESIAN_POINT('',(0.0110845394775794,-0.0262425035513605,-0.000308568784700802));
#11311=CARTESIAN_POINT('',(0.0112872995266308,-0.0267165524546328,-0.000308568784700802));
#11312=CARTESIAN_POINT('',(0.0107073526536147,-0.0264038337820618,-0.000497958050586058));
#11313=CARTESIAN_POINT('',(0.0109101127026661,-0.0268778826853341,-0.000497958050586058));
#11314=CARTESIAN_POINT('',(0.0105187592416323,-0.0264844988974125,-0.000737008019740901));
#11315=CARTESIAN_POINT('',(0.0107215192906837,-0.0269585478006848,-0.000737008019740901));
#11316=CARTESIAN_POINT('',(0.0105187592416323,-0.0264844988974125,-0.00102571869216533));
#11317=CARTESIAN_POINT('',(0.0107215192906837,-0.0269585478006848,-0.00102571869216533));
#11318=CARTESIAN_POINT('',(0.0112860973919527,-0.0267137418880126,-0.000308568784700802));
#11319=CARTESIAN_POINT('',(0.0111464713840989,-0.0267727314795754,-0.000378543646890668));
#11320=CARTESIAN_POINT('',(0.0108760533910153,-0.0268841142783151,-0.000540246081951272));
#11321=CARTESIAN_POINT('',(0.0107166757209384,-0.0269472236323568,-0.000855970303673687));
#11322=CARTESIAN_POINT('',(0.0107166757209384,-0.0269472236323568,-0.00102571869216533));
#11323=CARTESIAN_POINT('',(0.0107166757209384,-0.0269472236323568,-0.00102571869216533));
#11324=CARTESIAN_POINT('',(0.010818743731323,-0.0271858565810484,-0.00102571869216533));
#11325=CARTESIAN_POINT('',(0.0105187718097104,-0.0264845282813256,-0.00102571869216533));
#11326=CARTESIAN_POINT('',(0.0107194120429163,-0.0269536210979259,-0.00102571869216533));
#11327=CARTESIAN_POINT('',(0.0105187718097104,-0.0264845282813256,-0.00119166563849476));
#11328=CARTESIAN_POINT('',(0.0107194120429163,-0.0269536210979259,-0.00119166563849476));
#11329=CARTESIAN_POINT('',(0.010571946643916,-0.0264617843578245,-0.00132090684762492));
#11330=CARTESIAN_POINT('',(0.0107725868771218,-0.0269308771744247,-0.00132090684762492));
#11331=CARTESIAN_POINT('',(0.0106782963123271,-0.0264162965108222,-0.00141344231955583));
#11332=CARTESIAN_POINT('',(0.010878936545533,-0.0268853893274225,-0.00141344231955583));
#11333=CARTESIAN_POINT('',(0.0107166757209384,-0.0269472236323568,-0.00102571869216533));
#11334=CARTESIAN_POINT('',(0.0107166757209384,-0.0269472236323568,-0.00117360781251099));
#11335=CARTESIAN_POINT('',(0.0107705582586986,-0.0269259808625494,-0.00132095512170565));
#11336=CARTESIAN_POINT('',(0.0108777469789329,-0.0268826081447153,-0.00141344231955583));
#11337=CARTESIAN_POINT('',(0.0108777469789329,-0.0268826081447153,-0.00141344231955583));
#11338=CARTESIAN_POINT('',(0.0109782682339397,-0.027117624810545,-0.00141344231955583));
#11339=CARTESIAN_POINT('',(0.0106798668001906,-0.0264199682797568,-0.00141344231955583));
#11340=CARTESIAN_POINT('',(0.0108810840252337,-0.0268904100916297,-0.00141344231955583));
#11341=CARTESIAN_POINT('',(0.0107862164686017,-0.0263744804327546,-0.00150597779148674));
#11342=CARTESIAN_POINT('',(0.0109874336936448,-0.0268449222446274,-0.00150597779148674));
#11343=CARTESIAN_POINT('',(0.0109315610154302,-0.0263123137085181,-0.00155224552745219));
#11344=CARTESIAN_POINT('',(0.0111327782404733,-0.026782755520391,-0.00155224552745219));
#11345=CARTESIAN_POINT('',(0.0111159004406761,-0.0262334681070475,-0.00155224552745219));
#11346=CARTESIAN_POINT('',(0.0113171176657192,-0.0267039099189204,-0.00155224552745219));
#11347=CARTESIAN_POINT('',(0.0108777469789329,-0.0268826081447153,-0.00141344231955583));
#11348=CARTESIAN_POINT('',(0.0110003659800957,-0.0268329917361333,-0.00151924345045789));
#11349=CARTESIAN_POINT('',(0.0111607833408362,-0.0267668695772088,-0.00155224552745219));
#11350=CARTESIAN_POINT('',(0.011315924678219,-0.0267011207382176,-0.00155224552745219));
#11351=CARTESIAN_POINT('',(0.011315924678219,-0.0267011207382176,-0.00155224552745219));
#11352=CARTESIAN_POINT('',(0.0114143018744253,-0.0269311246378357,-0.00155224552745219));
#11353=CARTESIAN_POINT('',(0.0111170446744234,-0.0262361433024595,-0.00155224552745219));
#11354=CARTESIAN_POINT('',(0.011317193124105,-0.0267040863391037,-0.00155224552745219));
#11355=CARTESIAN_POINT('',(0.0113206688395412,-0.0261490492380659,-0.00155224552745219));
#11356=CARTESIAN_POINT('',(0.0115208172892228,-0.02661699227471,-0.00155224552745219));
#11357=CARTESIAN_POINT('',(0.0114729615647059,-0.0260839106411586,-0.00150458975940777));
#11358=CARTESIAN_POINT('',(0.0116731100143875,-0.0265518536778028,-0.00150458975940777));
#11359=CARTESIAN_POINT('',(0.0115739228499175,-0.0260407275117378,-0.00140927822331894));
#11360=CARTESIAN_POINT('',(0.0117740712995992,-0.026508670548382,-0.00140927822331894));
#11361=CARTESIAN_POINT('',(0.011315924678219,-0.0267011207382176,-0.00155224552745219));
#11362=CARTESIAN_POINT('',(0.0114785107202957,-0.0266322168362463,-0.00155224552745219));
#11363=CARTESIAN_POINT('',(0.0116490959467545,-0.0265577970374005,-0.00152578272014604));
#11364=CARTESIAN_POINT('',(0.0117717770654484,-0.0265033066752317,-0.00140927822331894));
#11365=CARTESIAN_POINT('',(0.0117717770654484,-0.0265033066752317,-0.00140927822331894));
#11366=CARTESIAN_POINT('',(0.0118711800499194,-0.026735708847114,-0.00140927822331894));
#11367=CARTESIAN_POINT('',(0.0115728249026353,-0.026038160533147,-0.00140927822331894));
#11368=CARTESIAN_POINT('',(0.0117729636588647,-0.0265060809066955,-0.00140927822331894));
#11369=CARTESIAN_POINT('',(0.0116737861878469,-0.0259949774037262,-0.0013139666872301));
#11370=CARTESIAN_POINT('',(0.0118739249440764,-0.0264628977772747,-0.0013139666872301));
#11371=CARTESIAN_POINT('',(0.0117242668304527,-0.0259733858390158,-0.00118827267119062));
#11372=CARTESIAN_POINT('',(0.0119244055866822,-0.0264413062125643,-0.00118827267119062));
#11373=CARTESIAN_POINT('',(0.0117242668304527,-0.0259733858390158,-0.00103219617520049));
#11374=CARTESIAN_POINT('',(0.0119244055866822,-0.0264413062125643,-0.00103219617520049));
#11375=CARTESIAN_POINT('',(0.0117717770654484,-0.0265033066752317,-0.00140927822331894));
#11376=CARTESIAN_POINT('',(0.011870339153882,-0.026459529083765,-0.00131567843680373));
#11377=CARTESIAN_POINT('',(0.0119221399269765,-0.0264360091458903,-0.00117470698992755));
#11378=CARTESIAN_POINT('',(0.0119221399269765,-0.0264360091458903,-0.00103219617520049));
#11379=CARTESIAN_POINT('',(0.0119221399269765,-0.0264360091458903,-0.00103219617520049));
#11380=CARTESIAN_POINT('',(0.0120226219777369,-0.0266709341529829,-0.00103219617520049));
#11381=CARTESIAN_POINT('',(0.0117242668757862,-0.0259733859450046,-0.00103219617520049));
#11382=CARTESIAN_POINT('',(0.011924397985766,-0.0264412884417756,-0.00103219617520049));
#11383=CARTESIAN_POINT('',(0.0117242668757862,-0.0259733859450046,-0.000902646514497225));
#11384=CARTESIAN_POINT('',(0.011924397985766,-0.0264412884417756,-0.000902646514497225));
#11385=CARTESIAN_POINT('',(0.0116742116318541,-0.025994795558327,-0.000781579272054288));
#11386=CARTESIAN_POINT('',(0.0118743427418338,-0.026462698055098,-0.000781579272054288));
#11387=CARTESIAN_POINT('',(0.0115741011439897,-0.0260376147849718,-0.000668994447871685));
#11388=CARTESIAN_POINT('',(0.0117742322539695,-0.0265055172817428,-0.000668994447871685));
#11389=CARTESIAN_POINT('',(0.0119221399269765,-0.0264360091458903,-0.00103219617520049));
#11390=CARTESIAN_POINT('',(0.0119221399269765,-0.0264360091458903,-0.00089495676753339));
#11391=CARTESIAN_POINT('',(0.011859964526537,-0.026464132087135,-0.000767327022419729));
#11392=CARTESIAN_POINT('',(0.0117730457058866,-0.0265027431562679,-0.000668994447871685));
#11393=CARTESIAN_POINT('',(0.0114376771534522,-0.0269211265707812,0.00103968385299012));
#11394=CARTESIAN_POINT('',(0.0116900819585224,-0.0265394420401603,0.000725999604712038));
#11395=CARTESIAN_POINT('',(0.0117579844771508,-0.0265095323681049,0.000816391440288849));
#11396=CARTESIAN_POINT('',(0.0117942754565765,-0.0264933023518932,0.000930140302242779));
#11397=CARTESIAN_POINT('',(0.0117926787870526,-0.0264940130411646,0.00104707197110284));
#11398=CARTESIAN_POINT('',(0.0116901062778012,-0.0265394313280016,0.000725977791486736));
#11399=CARTESIAN_POINT('',(0.0117929176607999,-0.0264939067154241,0.00104707587908698));
#11400=CARTESIAN_POINT('',(0.0117890781059061,-0.0267708254649998,0.000725977791486736));
#11401=CARTESIAN_POINT('',(0.0118924499836017,-0.0267266112777136,0.00104707587908698));
#11402=CARTESIAN_POINT('',(0.0111276956302901,-0.0262328084246816,0.000454848858729179));
#11403=CARTESIAN_POINT('',(0.0113273945449187,-0.0266997004574426,0.000454848858729179));
#11404=CARTESIAN_POINT('',(0.0113018254873686,-0.0261583296565232,0.000543066008636644));
#11405=CARTESIAN_POINT('',(0.0115015244019971,-0.0266252216892843,0.000543066008636644));
#11406=CARTESIAN_POINT('',(0.011423347708473,-0.0261063522100153,0.000633442319555829));
#11407=CARTESIAN_POINT('',(0.0116230466231016,-0.0265732442427763,0.000633442319555829));
#11408=CARTESIAN_POINT('',(0.0114922622936034,-0.0260768760851579,0.000725977791486736));
#11409=CARTESIAN_POINT('',(0.011691961208232,-0.0265437681179189,0.000725977791486736));
#11410=CARTESIAN_POINT('',(0.0113261479018066,-0.0266967858310023,0.000454848858729179));
#11411=CARTESIAN_POINT('',(0.0114609877833946,-0.026639579826819,0.000523075371433966));
#11412=CARTESIAN_POINT('',(0.0115965833724421,-0.0265806263592569,0.000599819929608555));
#11413=CARTESIAN_POINT('',(0.0116901062778012,-0.0265394313280016,0.000725977791486736));
#11414=CARTESIAN_POINT('',(0.0113261479018066,-0.0266967858310023,0.000454848858729179));
#11415=CARTESIAN_POINT('',(0.0114245114425927,-0.0269267578045236,0.000454848858729179));
#11416=CARTESIAN_POINT('',(0.0107561928960699,-0.0263889957190278,0.000736619370758791));
#11417=CARTESIAN_POINT('',(0.0109568151168694,-0.0268580464229855,0.000736619370758791));
#11418=CARTESIAN_POINT('',(0.0108245402829688,-0.026359762196021,0.000645009253547193));
#11419=CARTESIAN_POINT('',(0.0110251625037683,-0.0268288128999788,0.000645009253547193));
#11420=CARTESIAN_POINT('',(0.0109480476978836,-0.0263069356430357,0.000551085749537322));
#11421=CARTESIAN_POINT('',(0.0111486699186831,-0.0267759863469935,0.000551085749537322));
#11422=CARTESIAN_POINT('',(0.0111267151408142,-0.0262305160600719,0.000454848858729179));
#11423=CARTESIAN_POINT('',(0.0113273373616138,-0.0266995667640297,0.000454848858729179));
#11424=CARTESIAN_POINT('',(0.010954059170086,-0.0268516030750169,0.000736619370758791));
#11425=CARTESIAN_POINT('',(0.0110509148322892,-0.0268120909962867,0.000607725973246973));
#11426=CARTESIAN_POINT('',(0.0111898497979997,-0.0267546104879562,0.000528171990727477));
#11427=CARTESIAN_POINT('',(0.0113261479018066,-0.0266967858310022,0.000454848858729179));
#11428=CARTESIAN_POINT('',(0.010954059170086,-0.0268516030750169,0.000736619370758791));
#11429=CARTESIAN_POINT('',(0.0110539891978484,-0.0270852374634794,0.000736619370758791));
#11430=CARTESIAN_POINT('',(0.0113916852369558,-0.02694079821896,0.00104416463614665));
#11431=CARTESIAN_POINT('',(0.0108507362835849,-0.026893521935665,0.00104707574317038));
#11432=CARTESIAN_POINT('',(0.0108500967170611,-0.0268937799817366,0.000933675549696713));
#11433=CARTESIAN_POINT('',(0.0108868322559099,-0.0268790287148243,0.000823731009521834));
#11434=CARTESIAN_POINT('',(0.0109542476253309,-0.0268515261942954,0.000736789821588965));
#11435=CARTESIAN_POINT('',(0.010850715558325,-0.0268935302976817,0.00104707587908698));
#11436=CARTESIAN_POINT('',(0.0109514681175001,-0.0271290877479896,0.00104707587908698));
#11437=CARTESIAN_POINT('',(0.01078173391647,-0.0263757655653528,0.00136123380629241));
#11438=CARTESIAN_POINT('',(0.010981804401945,-0.0268435263232549,0.00136123380629241));
#11439=CARTESIAN_POINT('',(0.0106958033843939,-0.0264125197457306,0.00128319555829735));
#11440=CARTESIAN_POINT('',(0.0108958738698688,-0.0268802805036328,0.00128319555829735));
#11441=CARTESIAN_POINT('',(0.0106528381183558,-0.0264308968359195,0.00117847624922887));
#11442=CARTESIAN_POINT('',(0.0108529086038307,-0.0268986575938217,0.00117847624922887));
#11443=CARTESIAN_POINT('',(0.0106528381183558,-0.0264308968359195,0.00104707587908698));
#11444=CARTESIAN_POINT('',(0.0108529086038307,-0.0268986575938217,0.00104707587908698));
#11445=CARTESIAN_POINT('',(0.0109806182132959,-0.0268407530381291,0.00136123380629241));
#11446=CARTESIAN_POINT('',(0.0108957030744854,-0.0268754920306783,0.00128463679765211));
#11447=CARTESIAN_POINT('',(0.010850715558325,-0.0268935302976817,0.00116639602249151));
#11448=CARTESIAN_POINT('',(0.010850715558325,-0.0268935302976817,0.00104707587908698));
#11449=CARTESIAN_POINT('',(0.0109806182132959,-0.026840753038129,0.00136123380629241));
#11450=CARTESIAN_POINT('',(0.0110803639156144,-0.0270739564774229,0.00136123380629241));
#11451=CARTESIAN_POINT('',(0.0111217990822452,-0.0262331407131733,0.00147829117828501));
#11452=CARTESIAN_POINT('',(0.0113222247937587,-0.0267017319823855,0.00147829117828501));
#11453=CARTESIAN_POINT('',(0.0109817011190583,-0.0262930633702909,0.00147829117828501));
#11454=CARTESIAN_POINT('',(0.0111821268305718,-0.0267616546395031,0.00147829117828501));
#11455=CARTESIAN_POINT('',(0.0108686868714268,-0.0263414017890386,0.00143927205428748));
#11456=CARTESIAN_POINT('',(0.0110691125829402,-0.0268099930582508,0.00143927205428748));
#11457=CARTESIAN_POINT('',(0.0107827563393506,-0.0263781559694165,0.00136123380629241));
#11458=CARTESIAN_POINT('',(0.010983182050864,-0.0268467472386287,0.00136123380629241));
#11459=CARTESIAN_POINT('',(0.0113210364990264,-0.0266989537732794,0.00147829117828501));
#11460=CARTESIAN_POINT('',(0.0111991205374107,-0.0267506492465547,0.00147829117828501));
#11461=CARTESIAN_POINT('',(0.0110749965214049,-0.0268021426396991,0.00144636698964392));
#11462=CARTESIAN_POINT('',(0.0109806182132959,-0.026840753038129,0.00136123380629241));
#11463=CARTESIAN_POINT('',(0.0113210364990264,-0.0266989537732794,0.00147829117828501));
#11464=CARTESIAN_POINT('',(0.011419406658509,-0.0269289412211796,0.00147829117828501));
#11465=CARTESIAN_POINT('',(0.011463040774235,-0.0260897369808336,0.00136262183837138));
#11466=CARTESIAN_POINT('',(0.0116625970840881,-0.0265562956065072,0.00136262183837138));
#11467=CARTESIAN_POINT('',(0.011374557850117,-0.0261275828695395,0.00143973473164713));
#11468=CARTESIAN_POINT('',(0.0115741141599701,-0.0265941414952131,0.00143973473164713));
#11469=CARTESIAN_POINT('',(0.0112611182038118,-0.0261761032396753,0.00147829117828501));
#11470=CARTESIAN_POINT('',(0.0114606745136649,-0.0266426618653489,0.00147829117828501));
#11471=CARTESIAN_POINT('',(0.0111227218353194,-0.0262352980912409,0.00147829117828501));
#11472=CARTESIAN_POINT('',(0.0113222781451725,-0.0267018567169145,0.00147829117828501));
#11473=CARTESIAN_POINT('',(0.0116608816686342,-0.0265522849997907,0.00136262183837138));
#11474=CARTESIAN_POINT('',(0.0115660114202975,-0.0265939488618552,0.00144564349278521));
#11475=CARTESIAN_POINT('',(0.0114428764093353,-0.0266472905476955,0.00147829117828501));
#11476=CARTESIAN_POINT('',(0.0113210364990264,-0.0266989537732795,0.00147829117828501));
#11477=CARTESIAN_POINT('',(0.0116608816686342,-0.0265522849997907,0.00136262183837138));
#11478=CARTESIAN_POINT('',(0.0117597255974246,-0.0267833801107724,0.00136262183837138));
#11479=CARTESIAN_POINT('',(0.0115950636769902,-0.0260313280936895,0.00104707587908698));
#11480=CARTESIAN_POINT('',(0.011794790204182,-0.0264982846840661,0.00104707587908698));
#11481=CARTESIAN_POINT('',(0.0115950636769902,-0.0260313280936895,0.00118032695866749));
#11482=CARTESIAN_POINT('',(0.011794790204182,-0.0264982846840661,0.00118032695866749));
#11483=CARTESIAN_POINT('',(0.0115508222149312,-0.0260502510380424,0.00128550894509562));
#11484=CARTESIAN_POINT('',(0.011750548742123,-0.0265172076284191,0.00128550894509562));
#11485=CARTESIAN_POINT('',(0.0114623392908132,-0.0260880969267483,0.00136262183837138));
#11486=CARTESIAN_POINT('',(0.011662065818005,-0.0265550535171249,0.00136262183837138));
#11487=CARTESIAN_POINT('',(0.0117929176607999,-0.0264939067154241,0.00104707587908698));
#11488=CARTESIAN_POINT('',(0.0117929176607999,-0.0264939067154241,0.00116791443621604));
#11489=CARTESIAN_POINT('',(0.0117472485027717,-0.0265143555548115,0.00128704158447421));
#11490=CARTESIAN_POINT('',(0.0116608816686342,-0.0265522849997907,0.00136262183837138));
#11491=CARTESIAN_POINT('',(0.,1.46957615897682E-18,0.0025));
#11492=CARTESIAN_POINT('',(0.,1.46957615897682E-18,0.0025));
#11493=CARTESIAN_POINT('',(0.00496828388568718,-0.0280635583140999,0.000177254581866534));
#11494=CARTESIAN_POINT('',(0.00497960243411884,-0.0280615545139705,0.000504889496441907));
#11495=CARTESIAN_POINT('',(0.00499255753578414,-0.0280592540692797,0.000832458495181855));
#11496=CARTESIAN_POINT('',(0.00500714826830872,-0.0280566501247329,0.00115995978135479));
#11497=CARTESIAN_POINT('',(0.00496847545247008,-0.028063524972881,0.00017724865239179));
#11498=CARTESIAN_POINT('',(0.00500694436654546,-0.0280566865134288,0.00115996915484269));
#11499=CARTESIAN_POINT('',(0.00496401527459906,-0.0280643136804741,-0.000149407667630463));
#11500=CARTESIAN_POINT('',(0.00496425202086183,-0.0280642718047996,-4.05053851641426E-5));
#11501=CARTESIAN_POINT('',(0.00496580257219042,-0.0280639976353646,6.83776029768259E-5));
#11502=CARTESIAN_POINT('',(0.00496866684353349,-0.0280634905134852,0.000177241296343697));
#11503=CARTESIAN_POINT('',(0.00496403865334619,-0.0280643085264854,-0.000149407720436135));
#11504=CARTESIAN_POINT('',(0.00496406227755515,-0.0280643053665516,0.0025));
#11505=CARTESIAN_POINT('',(0.00496406227755515,-0.0280643053665516,-0.00215095003084515));
#11506=CARTESIAN_POINT('',(0.,1.46957615897682E-18,-0.00215095003084515));
#11507=CARTESIAN_POINT('',(0.00578651859707976,-0.0279063317641024,-0.00215095003084516));
#11508=CARTESIAN_POINT('',(0.00578651859707976,-0.0279063317641024,0.0025));
#11509=CARTESIAN_POINT('',(0.00578651859707976,-0.0279063317641024,0.00207699568167798));
#11510=CARTESIAN_POINT('',(0.,1.46957615897682E-18,0.00207699568167798));
#11511=CARTESIAN_POINT('',(0.00458506940668608,-0.0281287093294088,0.00207699568167798));
#11512=CARTESIAN_POINT('',(0.,1.46957615897682E-18,-0.00131686658918177));
#11513=CARTESIAN_POINT('',(0.00353429428302184,-0.0282799560452894,-0.00115619370758791));
#11514=CARTESIAN_POINT('',(0.,1.46957615897682E-18,-0.00115619370758791));
#11515=CARTESIAN_POINT('',(0.00351684756611124,-0.0282821309875907,-0.00115619370758791));
#11516=CARTESIAN_POINT('',(0.,1.46957615897682E-18,-0.00104253857642038));
#11517=CARTESIAN_POINT('',(0.00252203820124183,-0.0283881396592657,0.00207699568167798));
#11518=CARTESIAN_POINT('',(0.,1.46957615897682E-18,0.00207699568167798));
#11519=CARTESIAN_POINT('',(0.00130238128908618,-0.0284701765533749,0.00207699568167798));
#11520=CARTESIAN_POINT('',(0.00130238128908618,-0.0284701765533749,0.0025));
#11521=CARTESIAN_POINT('',(0.00130238128908618,-0.0284701765533749,-0.00215095003084515));
#11522=CARTESIAN_POINT('',(0.,1.46957615897682E-18,-0.00215095003084515));
#11523=CARTESIAN_POINT('',(0.00210387993405205,-0.0284221892053655,-0.00215095003084516));
#11524=CARTESIAN_POINT('',(0.00210387993405205,-0.0284221892053655,0.0025));
#11525=CARTESIAN_POINT('',(0.00210387993405205,-0.0284221892053655,-0.000184571252313388));
#11526=CARTESIAN_POINT('',(0.00204843807272899,-0.0284262387850503,0.00116552128315854));
#11527=CARTESIAN_POINT('',(0.00207309604306634,-0.0284244618941426,0.00071574558945619));
#11528=CARTESIAN_POINT('',(0.00210387993405205,-0.0284221892053655,0.000265987350735568));
#11529=CARTESIAN_POINT('',(0.00210387993405205,-0.0284221892053655,-0.000184571252313388));
#11530=CARTESIAN_POINT('',(0.00204843807272899,-0.0284262387850503,0.00116552128315854));
#11531=CARTESIAN_POINT('',(0.,1.46957615897682E-18,0.00116552128315854));
#11532=CARTESIAN_POINT('',(0.00207431259190737,-0.028424362389921,0.00116552128315854));
#11533=CARTESIAN_POINT('',(0.,1.46957615897682E-18,-0.00344135886938477));
#11534=CARTESIAN_POINT('',(0.00308852905202318,-0.028332104374672,-0.00215095003084515));
#11535=CARTESIAN_POINT('',(0.,1.46957615897682E-18,-0.00215095003084515));
#11536=CARTESIAN_POINT('',(0.00390403617757477,-0.0282312885204818,-0.00215095003084516));
#11537=CARTESIAN_POINT('',(0.,1.46957615897682E-18,-0.00344383867720884));
#11538=CARTESIAN_POINT('',(0.00498139857070909,-0.0280612333706528,0.00115996915484269));
#11539=CARTESIAN_POINT('',(0.,1.46957615897682E-18,0.00115996915484269));
#11540=CARTESIAN_POINT('',(0.00509082085807637,-0.0288441141979824,0.00115996915484269));
#11541=CARTESIAN_POINT('',(0.00500715005763017,-0.0280566611936683,0.00115996915484269));
#11542=CARTESIAN_POINT('',(0.00507796294142856,-0.0288456969567642,0.00115996915484269));
#11543=CARTESIAN_POINT('',(0.101287407354575,-0.0170026941430636,-0.00321931546547153));
#11544=CARTESIAN_POINT('',(0.00506510502478074,-0.0288472797155459,0.000177242442936458));
#11545=CARTESIAN_POINT('',(0.0183101844459125,-0.0272168627246996,-0.000178838824374717));
#11546=CARTESIAN_POINT('',(0.00506051291169223,-0.0288478449865394,-0.000149407772979643));
#11547=CARTESIAN_POINT('',(0.00506051291169223,-0.0288478449865394,-0.0011501789019124));
#11548=CARTESIAN_POINT('',(0.00506051291169223,-0.0288478449865394,-0.00215095003084516));
#11549=CARTESIAN_POINT('',(0.00547518072358432,-0.0287968010158288,-0.00215095003084516));
#11550=CARTESIAN_POINT('',(0.00588984853547641,-0.0287457570451182,-0.00215095003084516));
#11551=CARTESIAN_POINT('',(0.00588984853547641,-0.0287457570451182,-3.69771745835909E-5));
#11552=CARTESIAN_POINT('',(0.00588984853547641,-0.0287457570451182,0.00207699568167798));
#11553=CARTESIAN_POINT('',(0.00528460803041132,-0.0288202597620579,0.00207699568167798));
#11554=CARTESIAN_POINT('',(0.00467936752534624,-0.0288947624789976,0.00207699568167798));
#11555=CARTESIAN_POINT('',(0.00415265215409461,-0.0289595990619489,0.000460400987045034));
#11556=CARTESIAN_POINT('',(0.00362593678284298,-0.0290244356449002,-0.00115619370758791));
#11557=CARTESIAN_POINT('',(0.00361721176797481,-0.0290255096597878,-0.00115619370758791));
#11558=CARTESIAN_POINT('',(0.00360848675310665,-0.0290265836746754,-0.00115619370758791));
#11559=CARTESIAN_POINT('',(0.00311207932823916,-0.0290876894690698,0.000460400987045034));
#11560=CARTESIAN_POINT('',(0.00261567190337166,-0.0291487952634642,0.00207699568167798));
#11561=CARTESIAN_POINT('',(0.00200997218699773,-0.0292233545075032,0.00207699568167798));
#11562=CARTESIAN_POINT('',(0.00140427247062379,-0.0292979137515423,0.00207699568167798));
#11563=CARTESIAN_POINT('',(0.00140427247062379,-0.0292979137515423,-3.69771745835909E-5));
#11564=CARTESIAN_POINT('',(0.00140427247062379,-0.0292979137515423,-0.00215095003084516));
#11565=CARTESIAN_POINT('',(0.00180194946408841,-0.0292489612835075,-0.00215095003084516));
#11566=CARTESIAN_POINT('',(0.00219962645755303,-0.0292000088154728,-0.00215095003084516));
#11567=CARTESIAN_POINT('',(0.00219962645755303,-0.0292000088154728,-0.00116776064157927));
#11568=CARTESIAN_POINT('',(0.00219962645755303,-0.0292000088154728,-0.000184571252313388));
#11569=CARTESIAN_POINT('',(0.00204806906963597,-0.0284232411008373,0.00116552128315854));
#11570=CARTESIAN_POINT('',(0.00211030759132641,-0.0289288505047591,0.00116552128315854));
#11571=CARTESIAN_POINT('',(0.00208480597434402,-0.0284187189328895,0.000491246144355336));
#11572=CARTESIAN_POINT('',(0.00214704449603446,-0.0289243283368113,0.000491246144355336));
#11573=CARTESIAN_POINT('',(0.00210317442669804,-0.0284164578489156,4.12152991980255E-5));
#11574=CARTESIAN_POINT('',(0.00216541294838848,-0.0289220672528374,4.12152991980255E-5));
#11575=CARTESIAN_POINT('',(0.00210317442669804,-0.0284164578489156,-0.000184571252313388));
#11576=CARTESIAN_POINT('',(0.00216541294838848,-0.0289220672528374,-0.000184571252313388));
#11577=CARTESIAN_POINT('',(0.00214452110049095,-0.0292067920673944,0.00116552128315854));
#11578=CARTESIAN_POINT('',(0.00215737901713877,-0.0292052093086127,0.00116552128315854));
#11579=CARTESIAN_POINT('',(0.00217023693378659,-0.029203626549831,0.00116552128315854));
#11580=CARTESIAN_POINT('',(0.00267536937352224,-0.0291414467405491,-0.000492714373843307));
#11581=CARTESIAN_POINT('',(0.00318050181325789,-0.0290792669312671,-0.00215095003084516));
#11582=CARTESIAN_POINT('',(0.00358828145551723,-0.0290290708670467,-0.00215095003084516));
#11583=CARTESIAN_POINT('',(0.00399606109777655,-0.0289788748028263,-0.00215095003084516));
#11584=CARTESIAN_POINT('',(0.00453701201960256,-0.0289122858797952,-0.000495490438001234));
#11585=CARTESIAN_POINT('',(0.,1.46957615897682E-18,0.0025));
#11586=CARTESIAN_POINT('',(0.,1.46957615897682E-18,-0.000336022629490088));
#11587=CARTESIAN_POINT('',(-0.00120511821556945,-0.0284744594345354,0.00045484885872918));
#11588=CARTESIAN_POINT('',(-0.00163598914566174,-0.0284529557255091,0.000992479950647749));
#11589=CARTESIAN_POINT('',(0.,1.46957615897682E-18,0.000964729884550983));
#11590=CARTESIAN_POINT('',(-0.00071925122841877,-0.0284908727067195,0.000845019996073723));
#11591=CARTESIAN_POINT('',(-0.000410956123911234,-0.028496986947162,0.00113724788683342));
#11592=CARTESIAN_POINT('',(-0.000509595301269857,-0.0284955644678638,0.00103547322218917));
#11593=CARTESIAN_POINT('',(-0.000612265538149767,-0.0284935724817744,0.000937954403117762));
#11594=CARTESIAN_POINT('',(-0.000718964231302943,-0.0284908799519532,0.000844691437337516));
#11595=CARTESIAN_POINT('',(-0.000410530496946969,-0.0284969930819653,0.00113683528685996));
#11596=CARTESIAN_POINT('',(0.,1.46957615897682E-18,-0.00394721776681064));
#11597=CARTESIAN_POINT('',(-0.000424409530122788,-0.0284967897587297,0.000697291795188156));
#11598=CARTESIAN_POINT('',(0.,1.46957615897682E-18,-0.005668130783467));
#11599=CARTESIAN_POINT('',(-0.000433662143651744,-0.0284966504548809,0.000295687847008021));
#11600=CARTESIAN_POINT('',(-0.000433662143651744,-0.0284966504548809,0.0025));
#11601=CARTESIAN_POINT('',(-0.000433662143651744,-0.0284966504548809,-0.00215095003084515));
#11602=CARTESIAN_POINT('',(0.,1.46957615897682E-18,-0.00215095003084515));
#11603=CARTESIAN_POINT('',(0.000460418423769273,-0.0284962307135093,-0.00215095003084515));
#11604=CARTESIAN_POINT('',(0.000460418423769273,-0.0284962307135093,0.0025));
#11605=CARTESIAN_POINT('',(0.000460418423769272,-0.0284962307135093,0.00207699568167798));
#11606=CARTESIAN_POINT('',(0.,1.46957615897682E-18,0.00207699568167798));
#11607=CARTESIAN_POINT('',(-0.000274508803080586,-0.0284986279480176,0.00207699568167798));
#11608=CARTESIAN_POINT('',(0.,1.46957615897682E-18,0.00184086301062146));
#11609=CARTESIAN_POINT('',(-0.000970492892543653,-0.0292364237240635,0.00153473781616286));
#11610=CARTESIAN_POINT('',(-0.00165141723418885,-0.0292227772347184,0.000992479950647749));
#11611=CARTESIAN_POINT('',(-0.000289568550898459,-0.0292500702134088,0.00207699568167798));
#11612=CARTESIAN_POINT('',(-0.00143585287059736,-0.029227097386916,0.000723664404688464));
#11613=CARTESIAN_POINT('',(-0.00122028850700588,-0.0292314175391135,0.00045484885872918));
#11614=CARTESIAN_POINT('',(-0.000977431659612048,-0.0292362846633705,0.000650098704503393));
#11615=CARTESIAN_POINT('',(-0.000734574812218212,-0.0292411517876275,0.000845348550277607));
#11616=CARTESIAN_POINT('',(-0.00410879238860224,-0.0291735286739017,0.00470761775970277));
#11617=CARTESIAN_POINT('',(-0.000410502692324684,-0.0284969936392012,0.00113771578739981));
#11618=CARTESIAN_POINT('',(-0.000432507152507403,-0.0292472055631319,0.00091706354102406));
#11619=CARTESIAN_POINT('',(-0.000439445919575799,-0.0292470665024388,0.000697291795188156));
#11620=CARTESIAN_POINT('',(-0.000444071764288062,-0.0292469737953101,0.000496489821098089));
#11621=CARTESIAN_POINT('',(-0.000448697609000326,-0.0292468810881814,0.000295687847008021));
#11622=CARTESIAN_POINT('',(-0.000448697609000326,-0.0292468810881814,-0.000927631091918568));
#11623=CARTESIAN_POINT('',(-0.000448697609000326,-0.0292468810881814,-0.00215095003084515));
#11624=CARTESIAN_POINT('',(-1.84100979566728E-6,-0.0292558365968142,-0.00215095003084515));
#11625=CARTESIAN_POINT('',(0.000445015589408991,-0.029264792105447,-0.00215095003084515));
#11626=CARTESIAN_POINT('',(0.000445015589408991,-0.029264792105447,-3.69771745835899E-5));
#11627=CARTESIAN_POINT('',(0.000445015589408991,-0.029264792105447,0.00207699568167798));
#11628=CARTESIAN_POINT('',(7.77235192552656E-5,-0.0292574311594279,0.00207699568167798));
#11629=CARTESIAN_POINT('',(0.,1.46957615897682E-18,0.0025));
#11630=CARTESIAN_POINT('',(0.,1.46957615897682E-18,-0.000336022629490086));
#11631=CARTESIAN_POINT('',(0.0240480615088677,-0.0152950282009617,0.000454848858729181));
#11632=CARTESIAN_POINT('',(0.0238137903502993,-0.0156572839009355,0.00099247995064775));
#11633=CARTESIAN_POINT('',(0.,1.46957615897682E-18,0.000964729884550988));
#11634=CARTESIAN_POINT('',(0.0243054517307352,-0.0148826128782878,0.000845019996094102));
#11635=CARTESIAN_POINT('',(0.0244650494550478,-0.014618772354906,0.00113724788687485));
#11636=CARTESIAN_POINT('',(0.0244144481868663,-0.0147034554253099,0.00103547322221841));
#11637=CARTESIAN_POINT('',(0.0243613362977174,-0.0147913432673594,0.000937954403146787));
#11638=CARTESIAN_POINT('',(0.0243056016477543,-0.0148823680421895,0.000844691437378282));
#11639=CARTESIAN_POINT('',(0.0244652677962326,-0.0146184069467616,0.00113683528685996));
#11640=CARTESIAN_POINT('',(0.,1.46957615897682E-18,-0.00394721776681061));
#11641=CARTESIAN_POINT('',(0.0244581451937121,-0.0146303206966149,0.000697291795188157));
#11642=CARTESIAN_POINT('',(0.,1.46957615897682E-18,-0.00566813078346678));
#11643=CARTESIAN_POINT('',(0.0244533935788544,-0.0146382612519433,0.000295687847008021));
#11644=CARTESIAN_POINT('',(0.0244533935788544,-0.0146382612519433,0.0025));
#11645=CARTESIAN_POINT('',(0.0244533935788544,-0.0146382612519433,-0.00215095003084515));
#11646=CARTESIAN_POINT('',(0.,1.46957615897682E-18,-0.00215095003084515));
#11647=CARTESIAN_POINT('',(0.0249005254499185,-0.0138640175389553,-0.00215095003084515));
#11648=CARTESIAN_POINT('',(0.0249005254499185,-0.0138640175389553,0.0025));
#11649=CARTESIAN_POINT('',(0.0249005254499185,-0.0138640175389553,0.00207699568167798));
#11650=CARTESIAN_POINT('',(0.,1.46957615897682E-18,0.00207699568167798));
#11651=CARTESIAN_POINT('',(0.0245347632153942,-0.0145014669591404,0.00207699568167798));
#11652=CARTESIAN_POINT('',(0.,1.46957615897682E-18,0.00184086301062146));
#11653=CARTESIAN_POINT('',(0.0248251499815306,-0.0154732755750673,0.00153473781616286));
#11654=CARTESIAN_POINT('',(0.0244725271144036,-0.0160559429753014,0.00099247995064775));
#11655=CARTESIAN_POINT('',(0.0251777728486577,-0.0148906081748333,0.00207699568167798));
#11656=CARTESIAN_POINT('',(0.0245841590818501,-0.0158714844097381,0.000723664404688465));
#11657=CARTESIAN_POINT('',(0.0246957910492966,-0.0156870258441749,0.000454848858729181));
#11658=CARTESIAN_POINT('',(0.0248215566778574,-0.0154792130825425,0.000650098704503394));
#11659=CARTESIAN_POINT('',(0.0249473223064184,-0.0152714003209102,0.000845348550277608));
#11660=CARTESIAN_POINT('',(0.0231999530323051,-0.0181587204782507,0.00470761774912663));
#11661=CARTESIAN_POINT('',(0.0244652821951107,-0.0146183831543259,0.00113771578748847));
#11662=CARTESIAN_POINT('',(0.0251037507929904,-0.0150129208288226,0.000917063541024061));
#11663=CARTESIAN_POINT('',(0.0251001574893172,-0.0150188583362978,0.000697291795188157));
#11664=CARTESIAN_POINT('',(0.0250977619535351,-0.0150228166746147,0.000496489821098089));
#11665=CARTESIAN_POINT('',(0.025095366417753,-0.0150267750129315,0.000295687847008021));
#11666=CARTESIAN_POINT('',(0.025095366417753,-0.0150267750129315,-0.000927631091918568));
#11667=CARTESIAN_POINT('',(0.025095366417753,-0.0150267750129315,-0.00215095003084515));
#11668=CARTESIAN_POINT('',(0.0253267751743051,-0.0146443995315278,-0.00215095003084515));
#11669=CARTESIAN_POINT('',(0.0255581839308573,-0.0142620240501243,-0.00215095003084515));
#11670=CARTESIAN_POINT('',(0.0255581839308573,-0.0142620240501243,-3.69771745835895E-5));
#11671=CARTESIAN_POINT('',(0.0255581839308573,-0.0142620240501243,0.00207699568167798));
#11672=CARTESIAN_POINT('',(0.0253679783897575,-0.0145763161124788,0.00207699568167798));
#11673=CARTESIAN_POINT('',(0.,1.46957615897682E-18,0.0025));
#11674=CARTESIAN_POINT('',(0.,1.46957615897682E-18,0.00085807936209916));
#11675=CARTESIAN_POINT('',(0.0145066274781107,-0.0245317123171993,0.000555712523133868));
#11676=CARTESIAN_POINT('',(0.0152688611865747,-0.0240646842503203,0.00207699568167798));
#11677=CARTESIAN_POINT('',(0.,1.46957615897682E-18,0.00025887678488136));
#11678=CARTESIAN_POINT('',(0.0137153594558987,-0.0249827153247598,0.00207699568167798));
#11679=CARTESIAN_POINT('',(0.,1.46957615897682E-18,0.00207699568167798));
#11680=CARTESIAN_POINT('',(0.0128387381798794,-0.0254443304480784,0.00207699568167798));
#11681=CARTESIAN_POINT('',(0.,1.46957615897682E-18,-0.0011628446538756));
#11682=CARTESIAN_POINT('',(0.0139985226000057,-0.0248251589122735,2.91856878470072E-5));
#11683=CARTESIAN_POINT('',(0.,1.46957615897682E-18,0.00121704327599987));
#11684=CARTESIAN_POINT('',(0.0127583152716997,-0.0254847511549635,-0.00215095003084516));
#11685=CARTESIAN_POINT('',(0.,1.46957615897682E-18,-0.00215095003084516));
#11686=CARTESIAN_POINT('',(0.01361132896321,-0.0250395461991183,-0.00215095003084516));
#11687=CARTESIAN_POINT('',(0.,1.46957615897682E-18,-0.000187566892167417));
#11688=CARTESIAN_POINT('',(0.0144667818141852,-0.0245552310912209,-0.000551937075879087));
#11689=CARTESIAN_POINT('',(0.,1.46957615897682E-18,-0.000915964484253301));
#11690=CARTESIAN_POINT('',(0.015305579042512,-0.024041347719625,-0.00215095003084516));
#11691=CARTESIAN_POINT('',(0.,1.46957615897682E-18,-0.00215095003084516));
#11692=CARTESIAN_POINT('',(0.0161597442621468,-0.0234757282184071,-0.00215095003084516));
#11693=CARTESIAN_POINT('',(0.,1.46957615897682E-18,0.000508774144726115));
#11694=CARTESIAN_POINT('',(0.0149620756337154,-0.0242566164733147,-1.98581122763732E-5));
#11695=CARTESIAN_POINT('',(0.,1.46957615897682E-18,-0.00057989646868119));
#11696=CARTESIAN_POINT('',(0.0160756408843547,-0.0235334000977284,0.00207699568167798));
#11697=CARTESIAN_POINT('',(0.,1.46957615897682E-18,0.00207699568167798));
#11698=CARTESIAN_POINT('',(0.0160731291586959,-0.0244674096174539,0.00207699568167798));
#11699=CARTESIAN_POINT('',(0.0156592877871724,-0.0247156263041921,0.00207699568167798));
#11700=CARTESIAN_POINT('',(0.0164869705302193,-0.0242191929307156,0.00207699568167798));
#11701=CARTESIAN_POINT('',(0.0152759984632111,-0.0249455182690905,0.00131635410240592));
#11702=CARTESIAN_POINT('',(0.0148927091392497,-0.025175410233989,0.000555712523133868));
#11703=CARTESIAN_POINT('',(0.0145022777781959,-0.0254095859000967,0.00131635410240592));
#11704=CARTESIAN_POINT('',(0.0141118464171421,-0.0256437615662045,0.00207699568167798));
#11705=CARTESIAN_POINT('',(0.0136876887698184,-0.0258981658213561,0.00207699568167798));
#11706=CARTESIAN_POINT('',(0.0132635311224947,-0.0261525700765078,0.00207699568167798));
#11707=CARTESIAN_POINT('',(0.0138265617132827,-0.0258148716311755,0.00105309068476249));
#11708=CARTESIAN_POINT('',(0.0143895923040706,-0.0254771731858433,2.91856878470072E-5));
#11709=CARTESIAN_POINT('',(0.0137880740689512,-0.0258379560210255,-0.00106088217149907));
#11710=CARTESIAN_POINT('',(0.0131865558338317,-0.0261987388562079,-0.00215095003084516));
#11711=CARTESIAN_POINT('',(0.0135984133061628,-0.0259517120864722,-0.00215095003084516));
#11712=CARTESIAN_POINT('',(0.014010270778494,-0.0257046853167366,-0.00215095003084516));
#11713=CARTESIAN_POINT('',(0.0144316509669484,-0.0254519469453886,-0.00135144355336212));
#11714=CARTESIAN_POINT('',(0.0148530311554028,-0.0251992085740406,-0.000551937075879087));
#11715=CARTESIAN_POINT('',(0.0152748081236957,-0.0249462322192921,-0.00135144355336212));
#11716=CARTESIAN_POINT('',(0.0156965850919885,-0.0246932558645436,-0.00215095003084516));
#11717=CARTESIAN_POINT('',(0.0161354235933356,-0.0244300462235728,-0.00215095003084516));
#11718=CARTESIAN_POINT('',(0.0165742620946826,-0.0241668365826021,-0.00215095003084516));
#11719=CARTESIAN_POINT('',(0.015961634024086,-0.0245342829529988,-0.00108540407156077));
#11720=CARTESIAN_POINT('',(0.0153490059534894,-0.0249017293233956,-1.98581122763732E-5));
#11721=CARTESIAN_POINT('',(0.0159179882418544,-0.0245604611270556,0.0010285687847008));
#11722=CARTESIAN_POINT('',(0.,1.46957615897682E-18,0.0025));
#11723=CARTESIAN_POINT('',(0.0204809912377458,-0.0198185808755793,-3.74398519432443E-5));
#11724=CARTESIAN_POINT('',(0.0204809912377458,-0.0198185808755793,0.00024874883782354));
#11725=CARTESIAN_POINT('',(0.020504713932716,-0.0197940082810995,0.000821427237607561));
#11726=CARTESIAN_POINT('',(0.0206196674572671,-0.0196749306523911,0.00137467778486607));
#11727=CARTESIAN_POINT('',(0.0207312297939303,-0.0195566679481387,0.00161293028994448));
#11728=CARTESIAN_POINT('',(0.0204809912377458,-0.0198185808755793,-3.74398519432443E-5));
#11729=CARTESIAN_POINT('',(0.0207312297939303,-0.0195566679481387,0.00161293028994448));
#11730=CARTESIAN_POINT('',(0.0207379017419853,-0.0195495928689643,-0.00165958667489204));
#11731=CARTESIAN_POINT('',(0.0205200039622206,-0.0197807354189318,-0.00119003836733897));
#11732=CARTESIAN_POINT('',(0.0204809912377458,-0.0198185808755793,-0.000601200533715878));
#11733=CARTESIAN_POINT('',(0.0204809912377458,-0.0198185808755793,-3.74398519432443E-5));
#11734=CARTESIAN_POINT('',(0.0207379017419853,-0.0195495928689643,-0.00165958667489204));
#11735=CARTESIAN_POINT('',(0.0214793360174264,-0.0187319319412865,-0.00220924737816163));
#11736=CARTESIAN_POINT('',(0.0213373778818281,-0.0188947110131132,-0.00220924737816163));
#11737=CARTESIAN_POINT('',(0.0210471152655706,-0.0192193560785695,-0.00213575243759653));
#11738=CARTESIAN_POINT('',(0.0208211474452408,-0.0194612871315444,-0.00183897298675295));
#11739=CARTESIAN_POINT('',(0.0207379017419853,-0.0195495928689643,-0.00165958667489204));
#11740=CARTESIAN_POINT('',(0.0214793360174264,-0.0187319319412865,-0.00220924737816163));
#11741=CARTESIAN_POINT('',(0.022197475017107,-0.0178751014785206,-0.00167670573719926));
#11742=CARTESIAN_POINT('',(0.0221207225538668,-0.0179704134345016,-0.00185624663880152));
#11743=CARTESIAN_POINT('',(0.0219050262040884,-0.0182356515797481,-0.00214444971372296));
#11744=CARTESIAN_POINT('',(0.021621624680957,-0.0185687738631436,-0.00220924737816163));
#11745=CARTESIAN_POINT('',(0.0214793360174264,-0.0187319319412865,-0.00220924737816163));
#11746=CARTESIAN_POINT('',(0.022197475017107,-0.0178751014785206,-0.00167670573719926));
#11747=CARTESIAN_POINT('',(0.0224233840565035,-0.0175908782457569,-3.74398519432443E-5));
#11748=CARTESIAN_POINT('',(0.0224233840565035,-0.0175908782457569,-0.000606245084761957));
#11749=CARTESIAN_POINT('',(0.0223999104750746,-0.017623715156255,-0.00120316465323433));
#11750=CARTESIAN_POINT('',(0.022197475017107,-0.0178751014785206,-0.00167670573719926));
#11751=CARTESIAN_POINT('',(0.0224233840565035,-0.0175908782457569,-3.74398519432443E-5));
#11752=CARTESIAN_POINT('',(0.0221902137443837,-0.0178841148503655,0.00158840838988279));
#11753=CARTESIAN_POINT('',(0.0223895716984068,-0.017636755914884,0.00111746845573539));
#11754=CARTESIAN_POINT('',(0.0224233840565035,-0.0175908782457569,0.000527700681454096));
#11755=CARTESIAN_POINT('',(0.0224233840565035,-0.0175908782457569,-3.74398519432443E-5));
#11756=CARTESIAN_POINT('',(0.0221902137443837,-0.0178841148503655,0.00158840838988279));
#11757=CARTESIAN_POINT('',(0.0214793360174264,-0.0187319319412865,0.00214362122146823));
#11758=CARTESIAN_POINT('',(0.021621895123661,-0.0185684637547292,0.00214362122146823));
#11759=CARTESIAN_POINT('',(0.0219051639096581,-0.018235374973948,0.00206834785128408));
#11760=CARTESIAN_POINT('',(0.0221139069928561,-0.0179787945781968,0.001768666542689));
#11761=CARTESIAN_POINT('',(0.0221902137443837,-0.0178841148503655,0.00158840838988279));
#11762=CARTESIAN_POINT('',(0.0214793360174264,-0.0187319319412865,0.00214362122146823));
#11763=CARTESIAN_POINT('',(0.0207312297939304,-0.0195566679481387,0.00161293028994448));
#11764=CARTESIAN_POINT('',(0.0208149347880748,-0.0194679356818288,0.00179169065960844));
#11765=CARTESIAN_POINT('',(0.0210473125871945,-0.019219228834752,0.00207885159378607));
#11766=CARTESIAN_POINT('',(0.0213376093600689,-0.0188944455840624,0.00214362122146823));
#11767=CARTESIAN_POINT('',(0.0214793360174264,-0.0187319319412865,0.00214362122146823));
#11768=CARTESIAN_POINT('',(0.0218627485817061,-0.0182829804587657,-3.74398519432443E-5));
#11769=CARTESIAN_POINT('',(0.0218627485817061,-0.0182829804587657,0.000340434139849547));
#11770=CARTESIAN_POINT('',(0.0218660980403253,-0.0182795531125748,0.000729233416379215));
#11771=CARTESIAN_POINT('',(0.0217722413868403,-0.0183906676060347,0.00108038864898211));
#11772=CARTESIAN_POINT('',(0.0218627485817061,-0.0182829804587657,-3.74398519432443E-5));
#11773=CARTESIAN_POINT('',(0.0217722413868403,-0.0183906676060347,0.00108038864898211));
#11774=CARTESIAN_POINT('',(0.0217734356777334,-0.0183892536224314,-0.00114740283775447));
#11775=CARTESIAN_POINT('',(0.0218652350128981,-0.0182805604171221,-0.000797916337033108));
#11776=CARTESIAN_POINT('',(0.0218627485817061,-0.0182829804587657,-0.000412583791951361));
#11777=CARTESIAN_POINT('',(0.0218627485817061,-0.0182829804587657,-3.74398519432443E-5));
#11778=CARTESIAN_POINT('',(0.0217734356777334,-0.0183892536224314,-0.00114740283775447));
#11779=CARTESIAN_POINT('',(0.0214793360174264,-0.0187319319412865,-0.00148839605181986));
#11780=CARTESIAN_POINT('',(0.0216129891974381,-0.0185786759091662,-0.00148839605181986));
#11781=CARTESIAN_POINT('',(0.0217240713215475,-0.0184477025217863,-0.00133533640037633));
#11782=CARTESIAN_POINT('',(0.0217734356777334,-0.0183892536224314,-0.00114740283775447));
#11783=CARTESIAN_POINT('',(0.0214793360174264,-0.0187319319412865,-0.00148839605181986));
#11784=CARTESIAN_POINT('',(0.0211792096805699,-0.019070611613395,-0.00115156693399136));
#11785=CARTESIAN_POINT('',(0.0212042460358929,-0.0190428070400665,-0.00124547564428585));
#11786=CARTESIAN_POINT('',(0.0212768932845442,-0.0189620895198112,-0.00142586238560889));
#11787=CARTESIAN_POINT('',(0.0214125697171626,-0.0188084908249352,-0.00148839605181986));
#11788=CARTESIAN_POINT('',(0.0214793360174264,-0.0187319319412866,-0.00148839605181986));
#11789=CARTESIAN_POINT('',(0.0211792096805699,-0.019070611613395,-0.00115156693399136));
#11790=CARTESIAN_POINT('',(0.0210891711527724,-0.0191701332830936,-3.74398519432444E-5));
#11791=CARTESIAN_POINT('',(0.0210891711527724,-0.0191701332830936,-0.000413641951744929));
#11792=CARTESIAN_POINT('',(0.0210855118845752,-0.0191746693808231,-0.00080011645065335));
#11793=CARTESIAN_POINT('',(0.0211792096805699,-0.019070611613395,-0.00115156693399136));
#11794=CARTESIAN_POINT('',(0.0210891711527724,-0.0191701332830936,-3.74398519432443E-5));
#11795=CARTESIAN_POINT('',(0.0211801386173683,-0.0190695799154455,0.00108038864898211));
#11796=CARTESIAN_POINT('',(0.021085913221784,-0.0191742338694708,0.000727675465030983));
#11797=CARTESIAN_POINT('',(0.0210891711527724,-0.0191701332830936,0.000340090285298191));
#11798=CARTESIAN_POINT('',(0.0210891711527724,-0.0191701332830936,-3.74398519432443E-5));
#11799=CARTESIAN_POINT('',(0.0211801386173683,-0.0190695799154455,0.00108038864898211));
#11800=CARTESIAN_POINT('',(0.0214793360174264,-0.0187319319412865,0.00141999383096854));
#11801=CARTESIAN_POINT('',(0.0213459505837663,-0.0188848809568176,0.00141999383096854));
#11802=CARTESIAN_POINT('',(0.0212304324545783,-0.0190137197209143,0.00126865317517977));
#11803=CARTESIAN_POINT('',(0.0211801386173683,-0.0190695799154456,0.00108038864898211));
#11804=CARTESIAN_POINT('',(0.0214793360174264,-0.0187319319412865,0.00141999383096854));
#11805=CARTESIAN_POINT('',(0.0217722413868403,-0.0183906676060347,0.00108038864898211));
#11806=CARTESIAN_POINT('',(0.0217224864817046,-0.0184495711666885,0.00126654162415606));
#11807=CARTESIAN_POINT('',(0.0216124882723561,-0.0185792503047059,0.00141999383096854));
#11808=CARTESIAN_POINT('',(0.0214793360174264,-0.0187319319412866,0.00141999383096854));
#11809=CARTESIAN_POINT('',(0.0214633338671672,-0.0187180632786548,0.00214362122146823));
#11810=CARTESIAN_POINT('',(0.0218599439816523,-0.0190617953262264,0.00214362122146823));
#11811=CARTESIAN_POINT('',(0.0217829223189589,-0.0183493108933341,0.00214362122146823));
#11812=CARTESIAN_POINT('',(0.022179532433444,-0.0186930429409058,0.00214362122146823));
#11813=CARTESIAN_POINT('',(0.0220244317969089,-0.0180706487715574,0.00195855027760642));
#11814=CARTESIAN_POINT('',(0.022421041911394,-0.018414380819129,0.00195855027760642));
#11815=CARTESIAN_POINT('',(0.0221878623010172,-0.0178820769133245,0.00158840838988279));
#11816=CARTESIAN_POINT('',(0.0225844724155023,-0.0182258089608962,0.00158840838988279));
#11817=CARTESIAN_POINT('',(0.0220462407475463,-0.0192232540648162,0.00214362122146823));
#11818=CARTESIAN_POINT('',(0.0227707691813963,-0.018387267699486,0.00158840838988279));
#11819=CARTESIAN_POINT('',(0.0221758977392376,-0.0178717075274501,0.00158840838988279));
#11820=CARTESIAN_POINT('',(0.022570672378671,-0.0182138488147896,0.00158840838988279));
#11821=CARTESIAN_POINT('',(0.0223393282433461,-0.0176831356692171,0.00121826650215895));
#11822=CARTESIAN_POINT('',(0.0227341028827795,-0.0180252769565566,0.00121826650215895));
#11823=CARTESIAN_POINT('',(0.0224210434954002,-0.0175888497401007,0.00067631708821715));
#11824=CARTESIAN_POINT('',(0.0228158181348336,-0.0179309910274402,0.00067631708821715));
#11825=CARTESIAN_POINT('',(0.0224210434954002,-0.0175888497401007,-3.74398519432443E-5));
#11826=CARTESIAN_POINT('',(0.0228158181348336,-0.0179309910274402,-3.74398519432443E-5));
#11827=CARTESIAN_POINT('',(0.0230159149375588,-0.0181044099121366,-3.74398519432443E-5));
#11828=CARTESIAN_POINT('',(0.0224210453486827,-0.0175888513462943,-3.74398519432443E-5));
#11829=CARTESIAN_POINT('',(0.0228155074011182,-0.0179307217223158,-3.74398519432443E-5));
#11830=CARTESIAN_POINT('',(0.0224210453486827,-0.0175888513462943,-0.000775256014805675));
#11831=CARTESIAN_POINT('',(0.0228155074011182,-0.0179307217223158,-0.000775256014805675));
#11832=CARTESIAN_POINT('',(0.0223418552898317,-0.0176802236187631,-0.00132167797655768));
#11833=CARTESIAN_POINT('',(0.0227363173422671,-0.0180220939947846,-0.00132167797655768));
#11834=CARTESIAN_POINT('',(0.0221834751721297,-0.0178629681637008,-0.00167670573719926));
#11835=CARTESIAN_POINT('',(0.0225779372245651,-0.0182048385397223,-0.00167670573719926));
#11836=CARTESIAN_POINT('',(0.0227783447610058,-0.0183785267295431,-0.00167670573719926));
#11837=CARTESIAN_POINT('',(0.0221951231642186,-0.0178730631865573,-0.00167670573719926));
#11838=CARTESIAN_POINT('',(0.0225918023513927,-0.0182168550976975,-0.00167670573719926));
#11839=CARTESIAN_POINT('',(0.0220367430465166,-0.018055807731495,-0.00203173349784084));
#11840=CARTESIAN_POINT('',(0.0224334222336906,-0.0183995996426352,-0.00203173349784084));
#11841=CARTESIAN_POINT('',(0.0217927083753635,-0.0183373835099193,-0.00220924737816163));
#11842=CARTESIAN_POINT('',(0.0221893875625375,-0.0186811754210596,-0.00220924737816163));
#11843=CARTESIAN_POINT('',(0.0214630191507592,-0.0187177905218304,-0.00220924737816163));
#11844=CARTESIAN_POINT('',(0.0218596983379332,-0.0190615824329706,-0.00220924737816163));
#11845=CARTESIAN_POINT('',(0.0220462407475463,-0.0192232540648162,-0.00220924737816163));
#11846=CARTESIAN_POINT('',(0.0214582323975748,-0.0187136419627968,-0.00220924737816163));
#11847=CARTESIAN_POINT('',(0.0218595982015869,-0.0190614956473086,-0.00220924737816163));
#11848=CARTESIAN_POINT('',(0.0211386439457832,-0.0190823943481174,-0.00220924737816163));
#11849=CARTESIAN_POINT('',(0.0215400097497952,-0.0194302480326293,-0.00220924737816163));
#11850=CARTESIAN_POINT('',(0.0208977405142019,-0.0193603571922988,-0.00202602714373843));
#11851=CARTESIAN_POINT('',(0.021299106318214,-0.0197082108768106,-0.00202602714373843));
#11852=CARTESIAN_POINT('',(0.0207355221028311,-0.0195475304953408,-0.00165958667489204));
#11853=CARTESIAN_POINT('',(0.0211368879068431,-0.0198953841798526,-0.00165958667489204));
#11854=CARTESIAN_POINT('',(0.0213235304528025,-0.0200571425973602,-0.00165958667489204));
#11855=CARTESIAN_POINT('',(0.0207219681233916,-0.0195357836010097,-0.00165958667489204));
#11856=CARTESIAN_POINT('',(0.021118458154636,-0.0198794115754459,-0.00165958667489204));
#11857=CARTESIAN_POINT('',(0.0205597497120206,-0.0197229569040518,-0.00129314620604544));
#11858=CARTESIAN_POINT('',(0.0209562397432651,-0.020066584878488,-0.00129314620604544));
#11859=CARTESIAN_POINT('',(0.0204786405063353,-0.0198165435555728,-0.000752430598396051));
#11860=CARTESIAN_POINT('',(0.0208751305375798,-0.0201601715300089,-0.000752430598396051));
#11861=CARTESIAN_POINT('',(0.0204786405063353,-0.0198165435555728,-3.74398519432443E-5));
#11862=CARTESIAN_POINT('',(0.0208751305375798,-0.0201601715300089,-3.74398519432443E-5));
#11863=CARTESIAN_POINT('',(0.0210802028357463,-0.0203379025519232,-3.74398519432443E-5));
#11864=CARTESIAN_POINT('',(0.0204786423251346,-0.0198165451318805,-3.74398519432443E-5));
#11865=CARTESIAN_POINT('',(0.0208748255855712,-0.0201599072357448,-3.74398519432443E-5));
#11866=CARTESIAN_POINT('',(0.0204786423251346,-0.0198165451318805,0.000709012954966072));
#11867=CARTESIAN_POINT('',(0.0208748255855712,-0.0201599072357448,0.000709012954966072));
#11868=CARTESIAN_POINT('',(0.0205576303685293,-0.0197254059519435,0.00125913633559531));
#11869=CARTESIAN_POINT('',(0.020953813628966,-0.0200687680558078,0.00125913633559531));
#11870=CARTESIAN_POINT('',(0.0207156064553189,-0.0195431275920694,0.00161293028994448));
#11871=CARTESIAN_POINT('',(0.0211117897157555,-0.0198864896959337,0.00161293028994448));
#11872=CARTESIAN_POINT('',(0.0213171669659306,-0.0200644850121122,0.00161293028994448));
#11873=CARTESIAN_POINT('',(0.020728848304009,-0.0195546039705016,0.00161293028994448));
#11874=CARTESIAN_POINT('',(0.0211305262707383,-0.019902728198618,0.00161293028994448));
#11875=CARTESIAN_POINT('',(0.0208868243907986,-0.0193723256106276,0.00196672424429365));
#11876=CARTESIAN_POINT('',(0.0212885023575278,-0.019720449838744,0.00196672424429365));
#11877=CARTESIAN_POINT('',(0.0211298489846705,-0.0190919152948623,0.00214362122146823));
#11878=CARTESIAN_POINT('',(0.0215315269513997,-0.0194400395229787,0.00214362122146823));
#11879=CARTESIAN_POINT('',(0.0214579220856247,-0.0187133730232057,0.00214362122146823));
#11880=CARTESIAN_POINT('',(0.021859600052354,-0.0190614972513221,0.00214362122146823));
#11881=CARTESIAN_POINT('',(0.0217699636636677,-0.0183886935604384,0.00108038864898211));
#11882=CARTESIAN_POINT('',(0.0221541396387964,-0.018721649251017,0.00108038864898211));
#11883=CARTESIAN_POINT('',(0.0217085509649669,-0.0184595536901081,0.00130679210363973));
#11884=CARTESIAN_POINT('',(0.0220927269400956,-0.0187925093806867,0.00130679210363973));
#11885=CARTESIAN_POINT('',(0.0216103714532281,-0.0185728366605669,0.00141999383096854));
#11886=CARTESIAN_POINT('',(0.0219945474283568,-0.0189057923511455,0.00141999383096854));
#11887=CARTESIAN_POINT('',(0.0214754251284514,-0.0187285424718148,0.00141999383096854));
#11888=CARTESIAN_POINT('',(0.0218596011035801,-0.0190614981623934,0.00141999383096854));
#11889=CARTESIAN_POINT('',(0.0221501520950353,-0.0187181933467631,0.00108038864898211));
#11890=CARTESIAN_POINT('',(0.0221003844298987,-0.0187770858548042,0.00126654163539609));
#11891=CARTESIAN_POINT('',(0.0219903626478576,-0.0189067446111397,0.00141999383096854));
#11892=CARTESIAN_POINT('',(0.0218572185624326,-0.019059433273685,0.00141999383096854));
#11893=CARTESIAN_POINT('',(0.0221501520950352,-0.018718193346763,0.00108038864898211));
#11894=CARTESIAN_POINT('',(0.0218572185624327,-0.019059433273685,0.00141999383096854));
#11895=CARTESIAN_POINT('',(0.0223407792827626,-0.0188834051534398,0.00108038864898211));
#11896=CARTESIAN_POINT('',(0.0220462407475463,-0.0192232540648162,0.00141999383096854));
#11897=CARTESIAN_POINT('',(0.0218604714463378,-0.0182810069226048,-3.74398519432443E-5));
#11898=CARTESIAN_POINT('',(0.0222445482784547,-0.0186138766884194,-3.74398519432443E-5));
#11899=CARTESIAN_POINT('',(0.0218604714463378,-0.0182810069226048,0.00048137569401604));
#11900=CARTESIAN_POINT('',(0.0222445482784547,-0.0186138766884194,0.00048137569401604));
#11901=CARTESIAN_POINT('',(0.0218297650969874,-0.0183164369874396,0.000853985194324492));
#11902=CARTESIAN_POINT('',(0.0222138419291043,-0.0186493067532543,0.000853985194324492));
#11903=CARTESIAN_POINT('',(0.0217683523982866,-0.0183872971171094,0.00108038864898211));
#11904=CARTESIAN_POINT('',(0.0221524292304035,-0.018720166882924,0.00108038864898211));
#11905=CARTESIAN_POINT('',(0.0222406870896443,-0.018610530292835,-3.74398519432443E-5));
#11906=CARTESIAN_POINT('',(0.0222406870896443,-0.018610530292835,0.000340434102874674));
#11907=CARTESIAN_POINT('',(0.0222440328411932,-0.0186070996761469,0.000729233311151597));
#11908=CARTESIAN_POINT('',(0.0221501520950352,-0.018718193346763,0.00108038864898211));
#11909=CARTESIAN_POINT('',(0.0222406870896443,-0.018610530292835,-3.74398519432443E-5));
#11910=CARTESIAN_POINT('',(0.0224328983308138,-0.0187771149589352,-3.74398519432443E-5));
#11911=CARTESIAN_POINT('',(0.0217695645959931,-0.0183858986528925,-0.00114740283775447));
#11912=CARTESIAN_POINT('',(0.0221536237233351,-0.0187187530744224,-0.00114740283775447));
#11913=CARTESIAN_POINT('',(0.0218301692328689,-0.01831597089335,-0.000920074028377545));
#11914=CARTESIAN_POINT('',(0.0222142283602109,-0.0186488253148799,-0.000920074028377545));
#11915=CARTESIAN_POINT('',(0.0218604715513068,-0.0182810070135788,-0.000550086366440469));
#11916=CARTESIAN_POINT('',(0.0222445306786488,-0.0186138614351086,-0.000550086366440469));
#11917=CARTESIAN_POINT('',(0.0218604715513068,-0.0182810070135788,-3.74398519432443E-5));
#11918=CARTESIAN_POINT('',(0.0222445306786488,-0.0186138614351086,-3.74398519432443E-5));
#11919=CARTESIAN_POINT('',(0.0221513466929358,-0.0187167796292354,-0.00114740283775447));
#11920=CARTESIAN_POINT('',(0.0222431697144039,-0.0186081068968944,-0.000797916234263903));
#11921=CARTESIAN_POINT('',(0.0222406870896443,-0.018610530292835,-0.000412583755579253));
#11922=CARTESIAN_POINT('',(0.0222406870896443,-0.018610530292835,-3.74398519432443E-5));
#11923=CARTESIAN_POINT('',(0.0221513466929358,-0.0187167796292354,-0.00114740283775447));
#11924=CARTESIAN_POINT('',(0.0223419913755001,-0.018882006598249,-0.00114740283775447));
#11925=CARTESIAN_POINT('',(0.0214754070788572,-0.0187285268286839,-0.00148839605181986));
#11926=CARTESIAN_POINT('',(0.0218596248410953,-0.019061518735103,-0.00148839605181986));
#11927=CARTESIAN_POINT('',(0.021611969527284,-0.0185709562771815,-0.00148839605181986));
#11928=CARTESIAN_POINT('',(0.0219961872895221,-0.0189039481836007,-0.00148839605181986));
#11929=CARTESIAN_POINT('',(0.0217105530699353,-0.0184572071216591,-0.0013747316471314));
#11930=CARTESIAN_POINT('',(0.0220947708321734,-0.0187901990280782,-0.0013747316471314));
#11931=CARTESIAN_POINT('',(0.021771157706811,-0.0183872793621167,-0.00114740283775447));
#11932=CARTESIAN_POINT('',(0.0221553754690491,-0.0187202712685358,-0.00114740283775447));
#11933=CARTESIAN_POINT('',(0.0218572185624327,-0.019059433273685,-0.00148839605181986));
#11934=CARTESIAN_POINT('',(0.0219908635426141,-0.0189061701886996,-0.00148839605181986));
#11935=CARTESIAN_POINT('',(0.0221019696096973,-0.0187752175075013,-0.00133533641732307));
#11936=CARTESIAN_POINT('',(0.0221513466929358,-0.0187167796292354,-0.00114740283775447));
#11937=CARTESIAN_POINT('',(0.0218572185624327,-0.019059433273685,-0.00148839605181986));
#11938=CARTESIAN_POINT('',(0.0220462407475463,-0.0192232540648162,-0.00148839605181986));
#11939=CARTESIAN_POINT('',(0.0211769197673246,-0.0190686270029683,-0.00115156693399136));
#11940=CARTESIAN_POINT('',(0.0215631518013553,-0.0194033646282744,-0.00115156693399136));
#11941=CARTESIAN_POINT('',(0.0212355042496379,-0.0190010301687439,-0.00137611967921036));
#11942=CARTESIAN_POINT('',(0.0216217362836686,-0.01933576779405,-0.00137611967921036));
#11943=CARTESIAN_POINT('',(0.0213342898077454,-0.0188870479206897,-0.00148839605181986));
#11944=CARTESIAN_POINT('',(0.0217205218417761,-0.0192217855459958,-0.00148839605181986));
#11945=CARTESIAN_POINT('',(0.0214732764416472,-0.0187266802588056,-0.00148839605181986));
#11946=CARTESIAN_POINT('',(0.0218595084756779,-0.0190614178841117,-0.00148839605181986));
#11947=CARTESIAN_POINT('',(0.0215571572379463,-0.0193981692903856,-0.00115156693399136));
#11948=CARTESIAN_POINT('',(0.0215821843350375,-0.019370356713893,-0.00124547560499196));
#11949=CARTESIAN_POINT('',(0.0216548051032587,-0.0192896161870866,-0.00142586246456288));
#11950=CARTESIAN_POINT('',(0.0217904564180223,-0.0191359956121932,-0.00148839605181986));
#11951=CARTESIAN_POINT('',(0.0218572185624327,-0.019059433273685,-0.00148839605181986));
#11952=CARTESIAN_POINT('',(0.0215571572379463,-0.0193981692903856,-0.00115156693399136));
#11953=CARTESIAN_POINT('',(0.0217498840732237,-0.0195652008089789,-0.00115156693399136));
#11954=CARTESIAN_POINT('',(0.0210868904966022,-0.0191681566955418,-3.74398519432443E-5));
#11955=CARTESIAN_POINT('',(0.0214715611706466,-0.019501541129274,-3.74398519432443E-5));
#11956=CARTESIAN_POINT('',(0.0210868904966022,-0.0191681566955418,-0.000555638494756323));
#11957=CARTESIAN_POINT('',(0.0214715611706466,-0.019501541129274,-0.000555638494756323));
#11958=CARTESIAN_POINT('',(0.0211161827377588,-0.0191343582784296,-0.000927014188772362));
#11959=CARTESIAN_POINT('',(0.0215008534118033,-0.0194677427121618,-0.000927014188772362));
#11960=CARTESIAN_POINT('',(0.0211747672200721,-0.0190667614442052,-0.00115156693399136));
#11961=CARTESIAN_POINT('',(0.0215594378941165,-0.0194001458779374,-0.00115156693399136));
#11962=CARTESIAN_POINT('',(0.0214671560030747,-0.0194977232809284,-3.74398519432443E-5));
#11963=CARTESIAN_POINT('',(0.0214671560030747,-0.0194977232809284,-0.000413641882674955));
#11964=CARTESIAN_POINT('',(0.0214634939921952,-0.0195022571187702,-0.0008001162284611));
#11965=CARTESIAN_POINT('',(0.0215571572379463,-0.0193981692903856,-0.00115156693399136));
#11966=CARTESIAN_POINT('',(0.0214671560030747,-0.0194977232809284,-3.74398519432443E-5));
#11967=CARTESIAN_POINT('',(0.0216620073497538,-0.0196665960603155,-3.74398519432443E-5));
#11968=CARTESIAN_POINT('',(0.0211756761724779,-0.0190657124262834,0.00108038864898211));
#11969=CARTESIAN_POINT('',(0.0215603666053696,-0.0193991139845134,0.00108038864898211));
#11970=CARTESIAN_POINT('',(0.0211164856437959,-0.0191340085381032,0.000853985194324492));
#11971=CARTESIAN_POINT('',(0.0215011760766876,-0.0194674100963332,0.000853985194324492));
#11972=CARTESIAN_POINT('',(0.0210868903794548,-0.0191681565940132,0.00048137569401604));
#11973=CARTESIAN_POINT('',(0.0214715808123466,-0.0195015581522431,0.00048137569401604));
#11974=CARTESIAN_POINT('',(0.0210868903794548,-0.0191681565940132,-3.74398519432443E-5));
#11975=CARTESIAN_POINT('',(0.0214715808123466,-0.0195015581522431,-3.74398519432443E-5));
#11976=CARTESIAN_POINT('',(0.021558085832052,-0.019397137295433,0.00108038864898211));
#11977=CARTESIAN_POINT('',(0.0214638950938337,-0.019501821403617,0.000727675242615864));
#11978=CARTESIAN_POINT('',(0.0214671560030747,-0.0194977232809284,0.000340090215211312));
#11979=CARTESIAN_POINT('',(0.0214671560030747,-0.0194977232809284,-3.74398519432443E-5));
#11980=CARTESIAN_POINT('',(0.021558085832052,-0.019397137295433,0.00108038864898211));
#11981=CARTESIAN_POINT('',(0.0217507931427769,-0.0195641518925858,0.00108038864898211));
#11982=CARTESIAN_POINT('',(0.021473296428096,-0.0187266975805599,0.00141999383096854));
#11983=CARTESIAN_POINT('',(0.0218595083564744,-0.0190614177808011,0.00141999383096854));
#11984=CARTESIAN_POINT('',(0.0213355218869317,-0.0188856666872532,0.00141999383096854));
#11985=CARTESIAN_POINT('',(0.0217217338153101,-0.0192203868874943,0.00141999383096854));
#11986=CARTESIAN_POINT('',(0.0212370393520085,-0.0189992992965097,0.00130679210363973));
#11987=CARTESIAN_POINT('',(0.021623251280387,-0.0193340194967508,0.00130679210363973));
#11988=CARTESIAN_POINT('',(0.0211778488233265,-0.0190675954083295,0.00108038864898211));
#11989=CARTESIAN_POINT('',(0.021564060751705,-0.0194023156085706,0.00108038864898211));
#11990=CARTESIAN_POINT('',(0.0218572185624327,-0.019059433273685,0.00141999383096854));
#11991=CARTESIAN_POINT('',(0.0217238414313659,-0.0192123891912663,0.00141999383096854));
#11992=CARTESIAN_POINT('',(0.0216083611219965,-0.0193412610597109,0.00126865311221684));
#11993=CARTESIAN_POINT('',(0.0215580858320521,-0.019397137295433,0.00108038864898211));
#11994=CARTESIAN_POINT('',(0.,1.46957615897682E-18,0.0025));
#11995=CARTESIAN_POINT('',(0.0200937897175406,-0.0202110555090465,-0.00173731647131401));
#11996=CARTESIAN_POINT('',(0.0200937897175406,-0.0202110555090465,-0.00186937755249202));
#11997=CARTESIAN_POINT('',(0.0200665406257494,-0.0202383294851629,-0.002004021850042));
#11998=CARTESIAN_POINT('',(0.019999393390489,-0.0203044678338282,-0.00209727945712523));
#11999=CARTESIAN_POINT('',(0.0200937897175406,-0.0202110555090465,-0.00173731647131401));
#12000=CARTESIAN_POINT('',(0.019999393390489,-0.0203044678338282,-0.00209727945712523));
#12001=CARTESIAN_POINT('',(0.0200003823295406,-0.020303493706126,-0.00137318938926588));
#12002=CARTESIAN_POINT('',(0.0200688840236745,-0.0202360146755351,-0.00146629072898483));
#12003=CARTESIAN_POINT('',(0.0200937897175406,-0.0202110555090465,-0.00160407544227324));
#12004=CARTESIAN_POINT('',(0.0200937897175406,-0.0202110555090465,-0.00173731647131401));
#12005=CARTESIAN_POINT('',(0.0200003823295406,-0.020303493706126,-0.00137318938926588));
#12006=CARTESIAN_POINT('',(0.019734338179441,-0.0205621751432565,-0.00124595311536089));
#12007=CARTESIAN_POINT('',(0.0198315197791956,-0.0204689060926326,-0.00124595311536089));
#12008=CARTESIAN_POINT('',(0.0199310493937498,-0.020371791568746,-0.00127895830067171));
#12009=CARTESIAN_POINT('',(0.0200003823295406,-0.020303493706126,-0.00137318938926588));
#12010=CARTESIAN_POINT('',(0.019734338179441,-0.0205621751432565,-0.00124595311536089));
#12011=CARTESIAN_POINT('',(0.0194591996317648,-0.0208227447684888,-0.00137041332510796));
#12012=CARTESIAN_POINT('',(0.0195318473507611,-0.0207548542726652,-0.00127523640758034));
#12013=CARTESIAN_POINT('',(0.0196356204204932,-0.0206569185070213,-0.00124595311536089));
#12014=CARTESIAN_POINT('',(0.019734338179441,-0.0205621751432565,-0.00124595311536089));
#12015=CARTESIAN_POINT('',(0.0194591996317648,-0.0208227447684888,-0.00137041332510796));
#12016=CARTESIAN_POINT('',(0.0193639946685423,-0.0209113093917901,-0.00173731647131401));
#12017=CARTESIAN_POINT('',(0.0193639946685423,-0.0209113093917901,-0.0016032997157859));
#12018=CARTESIAN_POINT('',(0.0193880034828933,-0.020889278748005,-0.00146368851781919));
#12019=CARTESIAN_POINT('',(0.0194591996317647,-0.0208227447684887,-0.00137041332510796));
#12020=CARTESIAN_POINT('',(0.0193639946685423,-0.0209113093917901,-0.00173731647131401));
#12021=CARTESIAN_POINT('',(0.0194612279950554,-0.0208208490443346,-0.00210005552128316));
#12022=CARTESIAN_POINT('',(0.0193911590781805,-0.0208863423949547,-0.00200716056694935));
#12023=CARTESIAN_POINT('',(0.0193639946685423,-0.0209113093917901,-0.00187029659674857));
#12024=CARTESIAN_POINT('',(0.0193639946685423,-0.0209113093917901,-0.00173731647131401));
#12025=CARTESIAN_POINT('',(0.0194612279950554,-0.0208208490443346,-0.00210005552128316));
#12026=CARTESIAN_POINT('',(0.019734338179441,-0.0205621751432565,-0.00222867982726712));
#12027=CARTESIAN_POINT('',(0.0196358556113836,-0.0206566927849596,-0.00222867982726712));
#12028=CARTESIAN_POINT('',(0.0195332766426639,-0.0207535052412622,-0.00219557513437133));
#12029=CARTESIAN_POINT('',(0.0194612279950554,-0.0208208490443346,-0.00210005552128316));
#12030=CARTESIAN_POINT('',(0.019734338179441,-0.0205621751432565,-0.00222867982726712));
#12031=CARTESIAN_POINT('',(0.019999393390489,-0.0203044678338282,-0.00209727945712523));
#12032=CARTESIAN_POINT('',(0.0199308262267049,-0.0203720047766041,-0.00219250913552068));
#12033=CARTESIAN_POINT('',(0.0198316268584418,-0.0204688033244166,-0.00222867982726712));
#12034=CARTESIAN_POINT('',(0.019734338179441,-0.0205621751432565,-0.00222867982726712));
#12035=CARTESIAN_POINT('',(0.0199973053712388,-0.0203022951913702,-0.00209727945712523));
#12036=CARTESIAN_POINT('',(0.0203494846181111,-0.0206687475526147,-0.00209727945712523));
#12037=CARTESIAN_POINT('',(0.0199334776337855,-0.0203636368741731,-0.00218487970388649));
#12038=CARTESIAN_POINT('',(0.0202856568806578,-0.0207300892354176,-0.00218487970388649));
#12039=CARTESIAN_POINT('',(0.0198446303128358,-0.0204490236416985,-0.00222867982726712));
#12040=CARTESIAN_POINT('',(0.0201968095597081,-0.0208154760029429,-0.00222867982726712));
#12041=CARTESIAN_POINT('',(0.0197307634083896,-0.0205584554939463,-0.00222867982726712));
#12042=CARTESIAN_POINT('',(0.0200829426552619,-0.0209249078551907,-0.00222867982726712));
#12043=CARTESIAN_POINT('',(0.0205206138103022,-0.0208468122657209,-0.00209727945712523));
#12044=CARTESIAN_POINT('',(0.020254071847453,-0.0211029725682969,-0.00222867982726712));
#12045=CARTESIAN_POINT('',(0.02009170250596,-0.0202088837069913,-0.00173731647131401));
#12046=CARTESIAN_POINT('',(0.0204437455258972,-0.0205751943202978,-0.00173731647131401));
#12047=CARTESIAN_POINT('',(0.02009170250596,-0.0202088837069913,-0.0018896915484269));
#12048=CARTESIAN_POINT('',(0.0204437455258972,-0.0205751943202978,-0.0018896915484269));
#12049=CARTESIAN_POINT('',(0.0200597886372333,-0.0202395545483928,-0.00200967921036397));
#12050=CARTESIAN_POINT('',(0.0204118316571706,-0.0206058651616993,-0.00200967921036397));
#12051=CARTESIAN_POINT('',(0.0199959608997801,-0.0203008962311957,-0.00209727945712523));
#12052=CARTESIAN_POINT('',(0.0203480039197173,-0.0206672068445022,-0.00209727945712523));
#12053=CARTESIAN_POINT('',(0.020616355416482,-0.0207547997415164,-0.00173731647131401));
#12054=CARTESIAN_POINT('',(0.0199969617529601,-0.0202999345004774,-0.00137318938926588));
#12055=CARTESIAN_POINT('',(0.0203489929931913,-0.0206662328566702,-0.00137318938926588));
#12056=CARTESIAN_POINT('',(0.0200601223015201,-0.0202392340199338,-0.00145801357186922));
#12057=CARTESIAN_POINT('',(0.0204121535417513,-0.0206055323761265,-0.00145801357186922));
#12058=CARTESIAN_POINT('',(0.0200917025758001,-0.0202088837796619,-0.00157938926588526));
#12059=CARTESIAN_POINT('',(0.0204437338160313,-0.0205751821358547,-0.00157938926588526));
#12060=CARTESIAN_POINT('',(0.0200917025758001,-0.0202088837796619,-0.00173731647131401));
#12061=CARTESIAN_POINT('',(0.0204437338160313,-0.0205751821358547,-0.00173731647131401));
#12062=CARTESIAN_POINT('',(0.020521614593642,-0.0208458504623319,-0.00137318938926588));
#12063=CARTESIAN_POINT('',(0.0197307514941022,-0.0205584430967969,-0.00124595311536089));
#12064=CARTESIAN_POINT('',(0.0200829425474962,-0.0209249077430575,-0.00124595311536089));
#12065=CARTESIAN_POINT('',(0.0198459527763349,-0.0204477288400306,-0.00124595311536089));
#12066=CARTESIAN_POINT('',(0.0201981438297289,-0.0208141934862912,-0.00124595311536089));
#12067=CARTESIAN_POINT('',(0.0199351336917313,-0.0203620214713756,-0.00128836520666255));
#12068=CARTESIAN_POINT('',(0.0202873247451252,-0.0207284861176362,-0.00128836520666255));
#12069=CARTESIAN_POINT('',(0.0199982942402913,-0.0203013209908319,-0.00137318938926588));
#12070=CARTESIAN_POINT('',(0.0203504852936852,-0.0206677856370925,-0.00137318938926588));
#12071=CARTESIAN_POINT('',(0.020254071847453,-0.0211029725682969,-0.00124595311536089));
#12072=CARTESIAN_POINT('',(0.0194571090975121,-0.0208205695091005,-0.00137041332510796));
#12073=CARTESIAN_POINT('',(0.0198097125414525,-0.0211874632592644,-0.00137041332510796));
#12074=CARTESIAN_POINT('',(0.0195196024571789,-0.0207605102308161,-0.00128743985194324));
#12075=CARTESIAN_POINT('',(0.0198722059011193,-0.02112740398098,-0.00128743985194324));
#12076=CARTESIAN_POINT('',(0.0196106737411061,-0.0206729861224265,-0.00124595311536089));
#12077=CARTESIAN_POINT('',(0.0199632771850464,-0.0210398798725904,-0.00124595311536089));
#12078=CARTESIAN_POINT('',(0.0197303229492937,-0.0205579971839318,-0.00124595311536089));
#12079=CARTESIAN_POINT('',(0.020082926393234,-0.0209248909340957,-0.00124595311536089));
#12080=CARTESIAN_POINT('',(0.0199808579956714,-0.0213655448934656,-0.00137041332510796));
#12081=CARTESIAN_POINT('',(0.0193619066937773,-0.0209091367956202,-0.00173731647131401));
#12082=CARTESIAN_POINT('',(0.019714078437467,-0.0212755813495932,-0.00173731647131401));
#12083=CARTESIAN_POINT('',(0.0193619066937773,-0.0209091367956202,-0.00157568784700802));
#12084=CARTESIAN_POINT('',(0.019714078437467,-0.0212755813495932,-0.00157568784700802));
#12085=CARTESIAN_POINT('',(0.0193931533736107,-0.020879107156478,-0.00145338679827267));
#12086=CARTESIAN_POINT('',(0.0197453251173004,-0.021245551710451,-0.00145338679827267));
#12087=CARTESIAN_POINT('',(0.0194556467332775,-0.0208190478781936,-0.00137041332510796));
#12088=CARTESIAN_POINT('',(0.0198078184769671,-0.0211854924321666,-0.00137041332510796));
#12089=CARTESIAN_POINT('',(0.0198871179561713,-0.0214556338108922,-0.00173731647131401));
#12090=CARTESIAN_POINT('',(0.0194576481419504,-0.0208171241070053,-0.00210005552128316));
#12091=CARTESIAN_POINT('',(0.0198098465361206,-0.0211835963915491,-0.00210005552128316));
#12092=CARTESIAN_POINT('',(0.0193938204044971,-0.0208784657898083,-0.00201430598396052));
#12093=CARTESIAN_POINT('',(0.0197460187986674,-0.021244938074352,-0.00201430598396052));
#12094=CARTESIAN_POINT('',(0.0193619065357705,-0.0209091366312097,-0.00189339296730414));
#12095=CARTESIAN_POINT('',(0.0197141049299407,-0.0212756089157535,-0.00189339296730414));
#12096=CARTESIAN_POINT('',(0.0193619065357705,-0.0209091366312097,-0.00173731647131401));
#12097=CARTESIAN_POINT('',(0.0197141049299407,-0.0212756089157535,-0.00173731647131401));
#12098=CARTESIAN_POINT('',(0.0199828595623512,-0.0213636212866878,-0.00210005552128316));
#12099=CARTESIAN_POINT('',(0.0197303499066843,-0.0205580252338511,-0.00222867982726712));
#12100=CARTESIAN_POINT('',(0.0200829262324544,-0.0209248907667999,-0.00222867982726712));
#12101=CARTESIAN_POINT('',(0.0196133694540697,-0.0206704493633088,-0.00222867982726712));
#12102=CARTESIAN_POINT('',(0.0199659457798397,-0.0210373148962576,-0.00222867982726712));
#12103=CARTESIAN_POINT('',(0.0195229653590358,-0.0207573322694391,-0.0021858050586058));
#12104=CARTESIAN_POINT('',(0.0198755416848058,-0.0211241978023879,-0.0021858050586058));
#12105=CARTESIAN_POINT('',(0.0194591376215825,-0.020818673952242,-0.00210005552128316));
#12106=CARTESIAN_POINT('',(0.0198117139473526,-0.0211855394851908,-0.00210005552128316));
#12107=CARTESIAN_POINT('',(0.,1.46957615897682E-18,0.0025));
#12108=CARTESIAN_POINT('',(0.,1.46957615897682E-18,0.00207699568167798));
#12109=CARTESIAN_POINT('',(0.00797728871030528,-0.0273607385652314,0.00207699568167798));
#12110=CARTESIAN_POINT('',(0.00876465746889493,-0.0271187744829194,0.00207699568167798));
#12111=CARTESIAN_POINT('',(0.,1.46957615897682E-18,0.00190127525331817));
#12112=CARTESIAN_POINT('',(0.00618032982184693,-0.027821766178582,-0.000652800740283776));
#12113=CARTESIAN_POINT('',(0.00618032982184693,-0.027821766178582,0.0025));
#12114=CARTESIAN_POINT('',(0.00618032982184693,-0.027821766178582,-0.00127463911165947));
#12115=CARTESIAN_POINT('',(0.,1.46957615897682E-18,-0.00127463911165947));
#12116=CARTESIAN_POINT('',(0.00792930443635529,-0.0273746832156666,-0.00127463911165947));
#12117=CARTESIAN_POINT('',(0.00792930443635529,-0.0273746832156666,0.0025));
#12118=CARTESIAN_POINT('',(0.00792930443635529,-0.0273746832156666,-0.00215095003084515));
#12119=CARTESIAN_POINT('',(0.,1.46957615897682E-18,-0.00215095003084515));
#12120=CARTESIAN_POINT('',(0.00876465746889493,-0.0271187744829195,-0.00215095003084516));
#12121=CARTESIAN_POINT('',(0.00876465746889493,-0.0271187744829195,0.0025));
#12122=CARTESIAN_POINT('',(0.00876465746889493,-0.0271187744829194,-0.00127463911165947));
#12123=CARTESIAN_POINT('',(0.,1.46957615897682E-18,-0.00127463911165947));
#12124=CARTESIAN_POINT('',(0.00924794655203279,-0.026957793577614,-0.00127463911165947));
#12125=CARTESIAN_POINT('',(0.00924794655203279,-0.026957793577614,0.0025));
#12126=CARTESIAN_POINT('',(0.00924794655203279,-0.026957793577614,-0.000580623072177669));
#12127=CARTESIAN_POINT('',(0.,1.46957615897682E-18,-0.000580623072177669));
#12128=CARTESIAN_POINT('',(0.00876465746889493,-0.0271187744829194,-0.000580623072177669));
#12129=CARTESIAN_POINT('',(0.00876465746889493,-0.0271187744829195,0.0025));
#12130=CARTESIAN_POINT('',(0.,1.46957615897682E-18,0.00105355336212215));
#12131=CARTESIAN_POINT('',(0.00796500047964735,-0.0273643183244479,0.00105355336212215));
#12132=CARTESIAN_POINT('',(0.00794352451886396,-0.0273705602467452,0.00105355336212215));
#12133=CARTESIAN_POINT('',(0.00794392987979497,-0.0273704425958078,0.000657025262401585));
#12134=CARTESIAN_POINT('',(0.00794802587218903,-0.0273692537850587,0.000789370078262749));
#12135=CARTESIAN_POINT('',(0.00795505005198777,-0.027367214620279,0.000921546030659267));
#12136=CARTESIAN_POINT('',(0.00796500047964736,-0.027364318324448,0.00105355336212215));
#12137=CARTESIAN_POINT('',(0.00794372734581313,-0.0273705017061477,0.000657031939766083));
#12138=CARTESIAN_POINT('',(0.00792901597388124,-0.0273747667693487,0.000136529901144167));
#12139=CARTESIAN_POINT('',(0.00793071820853287,-0.0273742737223811,0.00031012755605644));
#12140=CARTESIAN_POINT('',(0.00793562973095542,-0.0273728515549992,0.000483626744386687));
#12141=CARTESIAN_POINT('',(0.00794374905215033,-0.0273704950813638,0.0006570274657827));
#12142=CARTESIAN_POINT('',(0.00792916017355993,-0.0273747248821688,0.000136528368208475));
#12143=CARTESIAN_POINT('',(0.00792930443635529,-0.0273746832156666,0.0025));
#12144=CARTESIAN_POINT('',(0.00792930443635529,-0.0273746832156666,-0.000580623072177669));
#12145=CARTESIAN_POINT('',(0.,1.46957615897682E-18,-0.000580623072177669));
#12146=CARTESIAN_POINT('',(0.00694658484377741,-0.0276404071788152,-0.000580623072177669));
#12147=CARTESIAN_POINT('',(0.,1.46957615897682E-18,0.000852296440365785));
#12148=CARTESIAN_POINT('',(0.00769612168340959,-0.0274411527800787,0.000590894811347705));
#12149=CARTESIAN_POINT('',(0.00794357925027081,-0.0273705443624559,0.00105352753102626));
#12150=CARTESIAN_POINT('',(0.00787338074431297,-0.0273909176289844,0.000892261518898569));
#12151=CARTESIAN_POINT('',(0.00779091740023078,-0.0274145664685715,0.000738056830895957));
#12152=CARTESIAN_POINT('',(0.00769609460094348,-0.0274411602869818,0.000590913620689679));
#12153=CARTESIAN_POINT('',(0.00922048412841267,-0.0277845093670416,-0.000580623072177669));
#12154=CARTESIAN_POINT('',(0.00897588726604632,-0.0278547137295089,-0.000580623072177669));
#12155=CARTESIAN_POINT('',(0.00946508099077902,-0.0277143050045743,-0.000580623072177669));
#12156=CARTESIAN_POINT('',(0.00946508099077902,-0.0277143050045743,-0.000927631091918569));
#12157=CARTESIAN_POINT('',(0.00946508099077902,-0.0277143050045743,-0.00127463911165947));
#12158=CARTESIAN_POINT('',(0.00922048412841267,-0.0277845093670416,-0.00127463911165947));
#12159=CARTESIAN_POINT('',(0.00897588726604632,-0.0278547137295089,-0.00127463911165947));
#12160=CARTESIAN_POINT('',(0.00897588726604632,-0.0278547137295089,-0.00171279457125232));
#12161=CARTESIAN_POINT('',(0.00897588726604632,-0.0278547137295089,-0.00215095003084516));
#12162=CARTESIAN_POINT('',(0.00855607010591207,-0.027975209944362,-0.00215095003084516));
#12163=CARTESIAN_POINT('',(0.00813625294577782,-0.028095706159215,-0.00215095003084516));
#12164=CARTESIAN_POINT('',(0.00813625294577782,-0.028095706159215,-0.00171279457125232));
#12165=CARTESIAN_POINT('',(0.00813625294577782,-0.028095706159215,-0.00127463911165947));
#12166=CARTESIAN_POINT('',(0.00726904588829712,-0.0283446125352356,-0.00127463911165947));
#12167=CARTESIAN_POINT('',(0.00640183883081642,-0.0285935189112561,-0.00127463911165947));
#12168=CARTESIAN_POINT('',(0.00640183883081642,-0.0285935189112561,-0.000963719925971623));
#12169=CARTESIAN_POINT('',(0.00640183883081642,-0.0285935189112561,-0.000652800740283776));
#12170=CARTESIAN_POINT('',(0.00729306085296582,-0.0283377197432843,0.0007120974706971));
#12171=CARTESIAN_POINT('',(0.00818428287511521,-0.0280819205753123,0.00207699568167798));
#12172=CARTESIAN_POINT('',(0.00858008507058076,-0.0279683171524106,0.00207699568167798));
#12173=CARTESIAN_POINT('',(0.00897588726604632,-0.0278547137295089,0.00207699568167798));
#12174=CARTESIAN_POINT('',(0.00897588726604632,-0.0278547137295089,0.000748186304750154));
#12175=CARTESIAN_POINT('',(0.0053257119221329,-0.0289023896090517,0.00238559334450033));
#12176=CARTESIAN_POINT('',(0.00808153457218068,-0.0278511902610759,0.00105352753103265));
#12177=CARTESIAN_POINT('',(0.00801133504173007,-0.0278715599446323,0.000892261527162594));
#12178=CARTESIAN_POINT('',(0.00792887179120813,-0.0278952090994515,0.000738056840915773));
#12179=CARTESIAN_POINT('',(0.00783405183091941,-0.0279218128335262,0.000590913620656884));
#12180=CARTESIAN_POINT('',(0.00808147983996975,-0.0278512061425742,0.00105355336212215));
#12181=CARTESIAN_POINT('',(0.00783407888904829,-0.0279218052417708,0.000590894811339506));
#12182=CARTESIAN_POINT('',(0.00794359055034113,-0.0273705412943444,0.00105355336212215));
#12183=CARTESIAN_POINT('',(0.00790321884417788,-0.0281625917700021,0.000590876002467612));
#12184=CARTESIAN_POINT('',(0.00816160207515033,-0.0280884304343775,0.00105355336212215));
#12185=CARTESIAN_POINT('',(0.,1.46957615897682E-18,0.00105355336212215));
#12186=CARTESIAN_POINT('',(0.0081029561568455,-0.0278449654609274,0.00105355336212215));
#12187=CARTESIAN_POINT('',(0.00796499968312524,-0.0273643155493097,0.00105355336212215));
#12188=CARTESIAN_POINT('',(0.0164223476925214,-0.0257174254509944,0.000379703026450381));
#12189=CARTESIAN_POINT('',(0.00808188520683191,-0.0278510885123494,0.000657025262406086));
#12190=CARTESIAN_POINT('',(0.00808598125947141,-0.0278498999115082,0.000789370078190927));
#12191=CARTESIAN_POINT('',(0.00809300554482888,-0.0278478611144709,0.000921546030570733));
#12192=CARTESIAN_POINT('',(0.00810295615684551,-0.0278449654609274,0.00105355336212215));
#12193=CARTESIAN_POINT('',(0.00808168266840326,-0.0278511476071559,0.000657031939767359));
#12194=CARTESIAN_POINT('',(0.00815048403595186,-0.0280916215417624,0.00065703886489821));
#12195=CARTESIAN_POINT('',(0.0211333871748015,-0.024365259604736,-1.51337976112702E-6));
#12196=CARTESIAN_POINT('',(0.00806697110090576,-0.0278554119913367,0.000136529901156395));
#12197=CARTESIAN_POINT('',(0.00806867335599831,-0.027854919015586,0.000310127556081074));
#12198=CARTESIAN_POINT('',(0.00807358493618852,-0.0278534970471299,0.000483626744329903));
#12199=CARTESIAN_POINT('',(0.00808170437654702,-0.0278511409886579,0.000657027465786257));
#12200=CARTESIAN_POINT('',(0.00806711528508362,-0.0278553700485807,0.00013652836821505));
#12201=CARTESIAN_POINT('',(0.00813625294577782,-0.028095706159215,0.000136526835286859));
#12202=CARTESIAN_POINT('',(0.00813625294577782,-0.028095706159215,-0.000222048118445404));
#12203=CARTESIAN_POINT('',(0.00806725956765342,-0.0278553284501925,0.0025));
#12204=CARTESIAN_POINT('',(0.00806725956765341,-0.0278553284501925,-0.000580623072177669));
#12205=CARTESIAN_POINT('',(0.00813625294577782,-0.028095706159215,-0.000580623072177669));
#12206=CARTESIAN_POINT('',(0.00764705922104512,-0.0282361148841497,-0.000580623072177669));
#12207=CARTESIAN_POINT('',(0.,1.46957615897682E-18,-0.000580623072177669));
#12208=CARTESIAN_POINT('',(0.00708461471522018,-0.0281213128131829,-0.000580623072177666));
#12209=CARTESIAN_POINT('',(0.00715786549631242,-0.0283765236090844,-0.000580623072177669));
#12210=CARTESIAN_POINT('',(0.00753054217024515,-0.0282695576895432,5.12646514497216E-6));
#12211=CARTESIAN_POINT('',(0.,1.46957615897682E-18,0.000852296440365785));
#12212=CARTESIAN_POINT('',(0.,1.46957615897682E-18,0.0025));
#12213=CARTESIAN_POINT('',(0.,1.46957615897682E-18,0.0025));
#12214=CARTESIAN_POINT('',(0.,1.46957615897682E-18,0.0025));
#12215=CARTESIAN_POINT('',(0.,1.46957615897682E-18,0.0025));
#12216=CARTESIAN_POINT('',(0.,0.,0.));
#12217=CARTESIAN_POINT('',(0.,1.46957615897682E-18,0.0025));
#12218=CARTESIAN_POINT('',(0.003,0.0278388218141501,0.0025));
#12219=CARTESIAN_POINT('',(0.003,0.0278388218141501,0.0025));
#12220=CARTESIAN_POINT('',(0.003,0.0278388218141501,-0.0025));
#12221=CARTESIAN_POINT('',(0.,1.46957615897682E-18,0.0025));
#12222=CARTESIAN_POINT('',(-0.003,0.0278388218141501,0.0025));
#12223=CARTESIAN_POINT('',(-0.003,0.0278388218141501,0.0025));
#12224=CARTESIAN_POINT('',(-0.003,0.0278388218141501,-0.0025));
#12225=CARTESIAN_POINT('',(0.,1.46957615897682E-18,-0.0025));
#12226=CARTESIAN_POINT('',(0.,1.46957615897682E-18,0.0025));
#12227=CARTESIAN_POINT('',(0.,1.46957615897682E-18,0.0025));
#12228=CARTESIAN_POINT('',(0.024,1.46957615897682E-18,0.0025));
#12229=CARTESIAN_POINT('',(0.003,0.0293337603490808,0.0025));
#12230=CARTESIAN_POINT('',(0.003,0.032,0.0025));
#12231=CARTESIAN_POINT('',(0.,0.032,0.0025));
#12232=CARTESIAN_POINT('',(-0.003,0.032,0.0025));
#12233=CARTESIAN_POINT('',(-0.003,0.0293337603490808,0.0025));
#12234=CARTESIAN_POINT('',(0.,0.032,0.0025));
#12235=CARTESIAN_POINT('',(0.002,0.032,0.0025));
#12236=CARTESIAN_POINT('',(0.,1.46957615897682E-18,-0.0025));
#12237=CARTESIAN_POINT('',(-0.003,0.0293337603490808,-0.0025));
#12238=CARTESIAN_POINT('',(-0.003,0.032,-0.0025));
#12239=CARTESIAN_POINT('',(0.,0.032,-0.0025));
#12240=CARTESIAN_POINT('',(0.003,0.032,-0.0025));
#12241=CARTESIAN_POINT('',(0.003,0.0293337603490808,-0.0025));
#12242=CARTESIAN_POINT('',(0.,1.46957615897682E-18,-0.0025));
#12243=CARTESIAN_POINT('',(0.024,1.46957615897682E-18,-0.0025));
#12244=CARTESIAN_POINT('',(0.,0.032,-0.0025));
#12245=CARTESIAN_POINT('',(0.002,0.032,-0.0025));
#12246=CARTESIAN_POINT('',(0.,1.46957615897682E-18,0.0025));
#12247=CARTESIAN_POINT('',(-0.003,0.0293337603490808,-0.002502));
#12248=CARTESIAN_POINT('',(-0.003,0.032,-0.002502));
#12249=CARTESIAN_POINT('',(0.003,0.0293337603490808,-0.002502));
#12250=CARTESIAN_POINT('',(0.003,0.032,-0.002502));
#12251=CARTESIAN_POINT('',(0.,0.032,-0.002502));
#12252=CARTESIAN_POINT('',(0.,0.032,-0.002502));
#12253=MECHANICAL_DESIGN_GEOMETRIC_PRESENTATION_REPRESENTATION('',(#6497),
#12255);
#12254=MECHANICAL_DESIGN_GEOMETRIC_PRESENTATION_REPRESENTATION('',(#6498),
#12256);
#12255=(
GEOMETRIC_REPRESENTATION_CONTEXT(3)
GLOBAL_UNCERTAINTY_ASSIGNED_CONTEXT((#12257))
GLOBAL_UNIT_ASSIGNED_CONTEXT((#12263,#12261,#12259))
REPRESENTATION_CONTEXT('Insulator','TOP_LEVEL_ASSEMBLY_PART')
);
#12256=(
GEOMETRIC_REPRESENTATION_CONTEXT(3)
GLOBAL_UNCERTAINTY_ASSIGNED_CONTEXT((#12258))
GLOBAL_UNIT_ASSIGNED_CONTEXT((#12264,#12262,#12260))
REPRESENTATION_CONTEXT('Conductor','TOP_LEVEL_ASSEMBLY_PART')
);
#12257=UNCERTAINTY_MEASURE_WITH_UNIT(LENGTH_MEASURE(2.E-5),#12263,
'DISTANCE_ACCURACY_VALUE','Maximum Tolerance applied to model');
#12258=UNCERTAINTY_MEASURE_WITH_UNIT(LENGTH_MEASURE(1.E-8),#12264,
'DISTANCE_ACCURACY_VALUE','Maximum Tolerance applied to model');
#12259=(
NAMED_UNIT(*)
SI_UNIT($,.STERADIAN.)
SOLID_ANGLE_UNIT()
);
#12260=(
NAMED_UNIT(*)
SI_UNIT($,.STERADIAN.)
SOLID_ANGLE_UNIT()
);
#12261=(
NAMED_UNIT(*)
PLANE_ANGLE_UNIT()
SI_UNIT($,.RADIAN.)
);
#12262=(
NAMED_UNIT(*)
PLANE_ANGLE_UNIT()
SI_UNIT($,.RADIAN.)
);
#12263=(
LENGTH_UNIT()
NAMED_UNIT(*)
SI_UNIT($,.METRE.)
);
#12264=(
LENGTH_UNIT()
NAMED_UNIT(*)
SI_UNIT($,.METRE.)
);
#12265=PRODUCT_DEFINITION_SHAPE('','',#12267);
#12266=PRODUCT_DEFINITION_SHAPE('','',#12268);
#12267=PRODUCT_DEFINITION('','',#12271,#12269);
#12268=PRODUCT_DEFINITION('','',#12272,#12270);
#12269=PRODUCT_DEFINITION_CONTEXT('',#12283,'design');
#12270=PRODUCT_DEFINITION_CONTEXT('',#12284,'design');
#12271=PRODUCT_DEFINITION_FORMATION_WITH_SPECIFIED_SOURCE('','',#12275,
 .NOT_KNOWN.);
#12272=PRODUCT_DEFINITION_FORMATION_WITH_SPECIFIED_SOURCE('','',#12276,
 .NOT_KNOWN.);
#12273=PRODUCT_RELATED_PRODUCT_CATEGORY('','',(#12275));
#12274=PRODUCT_RELATED_PRODUCT_CATEGORY('','',(#12276));
#12275=PRODUCT('Insulator','Insulator','Insulator',(#12279));
#12276=PRODUCT('Conductor','Conductor','Conductor',(#12280));
#12277=PRODUCT_CATEGORY('','');
#12278=PRODUCT_CATEGORY('','');
#12279=PRODUCT_CONTEXT('',#12283,'mechanical');
#12280=PRODUCT_CONTEXT('',#12284,'mechanical');
#12281=APPLICATION_PROTOCOL_DEFINITION('international standard',
'ap242_managed_model_based_3d_engineering',2020,#12283);
#12282=APPLICATION_PROTOCOL_DEFINITION('international standard',
'ap242_managed_model_based_3d_engineering',2020,#12284);
#12283=APPLICATION_CONTEXT('managed model based 3d engineering');
#12284=APPLICATION_CONTEXT('managed model based 3d engineering');
ENDSEC;
END-ISO-10303-21;
