ISO-10303-21;
HEADER;
/* Generated by software containing ST-Developer
 * from STEP Tools, Inc. (www.steptools.com) 
 */
/* OPTION: using custom renumber hook */

FILE_DESCRIPTION(
/* description */ ('STEP AP242 Edition 2',
'CAx-IF Rec.Pracs.---Representation and Presentation of Product Manufa
cturing Information (PMI)---4.0---2014-10-13',
'CAx-IF Rec.Pracs.---3D Tessellated Geometry---0.4---2014-09-14','2;1',
'CAx-IF Rec.Pracs.---User Defined Attributes---1.5---2016-08-15'),
/* implementation_level */ '2;1');

FILE_NAME(
/* name */ '698f3b026cd470437c14d680',
/* time_stamp */ '2026-02-13T14:53:55Z',
/* author */ (''),
/* organization */ (''),
/* preprocessor_version */ 'ST-DEVELOPER v20',
/* originating_system */ 'ONSHAPE BY PTC INC, 1.210',
/* authorisation */ '  ');

FILE_SCHEMA (('AP242_MANAGED_MODEL_BASED_3D_ENGINEERING_MIM_LF { 1 0 10303 442 3 1 4 }'));
ENDSEC;

DATA;
#10=B_SPLINE_SURFACE_WITH_KNOTS('',3,1,((#9629,#9630),(#9631,#9632),(#9633,
#9634),(#9635,#9636)),.SURF_OF_LINEAR_EXTRUSION.,.F.,.F.,.F.,(4,4),(2,2),
(0.,1.),(0.,1.),.PIECEWISE_BEZIER_KNOTS.);
#11=B_SPLINE_SURFACE_WITH_KNOTS('',3,1,((#9645,#9646),(#9647,#9648),(#9649,
#9650),(#9651,#9652)),.SURF_OF_LINEAR_EXTRUSION.,.F.,.F.,.F.,(4,4),(2,2),
(0.,1.),(0.,1.),.PIECEWISE_BEZIER_KNOTS.);
#12=B_SPLINE_SURFACE_WITH_KNOTS('',3,1,((#9656,#9657),(#9658,#9659),(#9660,
#9661),(#9662,#9663)),.SURF_OF_LINEAR_EXTRUSION.,.F.,.F.,.F.,(4,4),(2,2),
(0.,1.),(0.,1.),.PIECEWISE_BEZIER_KNOTS.);
#13=B_SPLINE_SURFACE_WITH_KNOTS('',3,1,((#9671,#9672),(#9673,#9674),(#9675,
#9676),(#9677,#9678)),.SURF_OF_LINEAR_EXTRUSION.,.F.,.F.,.F.,(4,4),(2,2),
(0.,1.),(0.,1.),.PIECEWISE_BEZIER_KNOTS.);
#14=B_SPLINE_SURFACE_WITH_KNOTS('',3,1,((#9680,#9681),(#9682,#9683),(#9684,
#9685),(#9686,#9687)),.SURF_OF_LINEAR_EXTRUSION.,.F.,.F.,.F.,(4,4),(2,2),
(0.,1.),(0.,1.),.PIECEWISE_BEZIER_KNOTS.);
#15=B_SPLINE_SURFACE_WITH_KNOTS('',3,1,((#9689,#9690),(#9691,#9692),(#9693,
#9694),(#9695,#9696)),.SURF_OF_LINEAR_EXTRUSION.,.F.,.F.,.F.,(4,4),(2,2),
(0.,1.00000000000483),(0.,1.),.PIECEWISE_BEZIER_KNOTS.);
#16=B_SPLINE_SURFACE_WITH_KNOTS('',3,1,((#9700,#9701),(#9702,#9703),(#9704,
#9705),(#9706,#9707)),.SURF_OF_LINEAR_EXTRUSION.,.F.,.F.,.F.,(4,4),(2,2),
(0.,1.),(0.,1.),.PIECEWISE_BEZIER_KNOTS.);
#17=B_SPLINE_SURFACE_WITH_KNOTS('',3,1,((#9709,#9710),(#9711,#9712),(#9713,
#9714),(#9715,#9716)),.SURF_OF_LINEAR_EXTRUSION.,.F.,.F.,.F.,(4,4),(2,2),
(0.,1.),(0.,1.),.PIECEWISE_BEZIER_KNOTS.);
#18=B_SPLINE_SURFACE_WITH_KNOTS('',3,1,((#9722,#9723),(#9724,#9725),(#9726,
#9727),(#9728,#9729)),.SURF_OF_LINEAR_EXTRUSION.,.F.,.F.,.F.,(4,4),(2,2),
(0.,1.),(0.,1.),.PIECEWISE_BEZIER_KNOTS.);
#19=B_SPLINE_SURFACE_WITH_KNOTS('',3,1,((#9731,#9732),(#9733,#9734),(#9735,
#9736),(#9737,#9738)),.SURF_OF_LINEAR_EXTRUSION.,.F.,.F.,.F.,(4,4),(2,2),
(0.,1.),(0.,1.),.PIECEWISE_BEZIER_KNOTS.);
#20=B_SPLINE_SURFACE_WITH_KNOTS('',3,1,((#9742,#9743),(#9744,#9745),(#9746,
#9747),(#9748,#9749)),.SURF_OF_LINEAR_EXTRUSION.,.F.,.F.,.F.,(4,4),(2,2),
(0.,1.),(0.,1.),.PIECEWISE_BEZIER_KNOTS.);
#21=B_SPLINE_SURFACE_WITH_KNOTS('',3,1,((#9753,#9754),(#9755,#9756),(#9757,
#9758),(#9759,#9760)),.SURF_OF_LINEAR_EXTRUSION.,.F.,.F.,.F.,(4,4),(2,2),
(0.,1.),(0.,1.),.PIECEWISE_BEZIER_KNOTS.);
#22=B_SPLINE_SURFACE_WITH_KNOTS('',3,1,((#9762,#9763),(#9764,#9765),(#9766,
#9767),(#9768,#9769)),.SURF_OF_LINEAR_EXTRUSION.,.F.,.F.,.F.,(4,4),(2,2),
(0.,1.),(0.,1.),.PIECEWISE_BEZIER_KNOTS.);
#23=B_SPLINE_SURFACE_WITH_KNOTS('',3,1,((#9771,#9772),(#9773,#9774),(#9775,
#9776),(#9777,#9778)),.SURF_OF_LINEAR_EXTRUSION.,.F.,.F.,.F.,(4,4),(2,2),
(0.,1.),(0.,1.),.PIECEWISE_BEZIER_KNOTS.);
#24=B_SPLINE_SURFACE_WITH_KNOTS('',3,1,((#9780,#9781),(#9782,#9783),(#9784,
#9785),(#9786,#9787)),.SURF_OF_LINEAR_EXTRUSION.,.F.,.F.,.F.,(4,4),(2,2),
(0.,1.00000000000058),(0.,1.),.PIECEWISE_BEZIER_KNOTS.);
#25=B_SPLINE_SURFACE_WITH_KNOTS('',3,1,((#9789,#9790),(#9791,#9792),(#9793,
#9794),(#9795,#9796)),.SURF_OF_LINEAR_EXTRUSION.,.F.,.F.,.F.,(4,4),(2,2),
(0.,1.),(0.,1.),.PIECEWISE_BEZIER_KNOTS.);
#26=B_SPLINE_SURFACE_WITH_KNOTS('',3,1,((#9875,#9876),(#9877,#9878),(#9879,
#9880),(#9881,#9882)),.SURF_OF_LINEAR_EXTRUSION.,.F.,.F.,.F.,(4,4),(2,2),
(0.,1.00000000000002),(0.,1.),.PIECEWISE_BEZIER_KNOTS.);
#27=B_SPLINE_SURFACE_WITH_KNOTS('',3,1,((#9884,#9885),(#9886,#9887),(#9888,
#9889),(#9890,#9891)),.SURF_OF_LINEAR_EXTRUSION.,.F.,.F.,.F.,(4,4),(2,2),
(0.,1.),(0.,1.),.PIECEWISE_BEZIER_KNOTS.);
#28=B_SPLINE_SURFACE_WITH_KNOTS('',3,1,((#9893,#9894),(#9895,#9896),(#9897,
#9898),(#9899,#9900)),.SURF_OF_LINEAR_EXTRUSION.,.F.,.F.,.F.,(4,4),(2,2),
(0.,1.00000000000001),(0.,1.),.PIECEWISE_BEZIER_KNOTS.);
#29=B_SPLINE_SURFACE_WITH_KNOTS('',3,1,((#9904,#9905),(#9906,#9907),(#9908,
#9909),(#9910,#9911)),.SURF_OF_LINEAR_EXTRUSION.,.F.,.F.,.F.,(4,4),(2,2),
(0.,1.),(0.,1.),.PIECEWISE_BEZIER_KNOTS.);
#30=B_SPLINE_SURFACE_WITH_KNOTS('',3,1,((#9913,#9914),(#9915,#9916),(#9917,
#9918),(#9919,#9920)),.SURF_OF_LINEAR_EXTRUSION.,.F.,.F.,.F.,(4,4),(2,2),
(0.,1.),(0.,1.),.PIECEWISE_BEZIER_KNOTS.);
#31=B_SPLINE_SURFACE_WITH_KNOTS('',3,1,((#9922,#9923),(#9924,#9925),(#9926,
#9927),(#9928,#9929)),.SURF_OF_LINEAR_EXTRUSION.,.F.,.F.,.F.,(4,4),(2,2),
(0.,1.),(0.,1.),.PIECEWISE_BEZIER_KNOTS.);
#32=B_SPLINE_SURFACE_WITH_KNOTS('',3,1,((#10057,#10058),(#10059,#10060),
(#10061,#10062),(#10063,#10064)),.SURF_OF_LINEAR_EXTRUSION.,.F.,.F.,.F.,
(4,4),(2,2),(0.,1.),(0.,1.),.PIECEWISE_BEZIER_KNOTS.);
#33=B_SPLINE_SURFACE_WITH_KNOTS('',3,1,((#10066,#10067),(#10068,#10069),
(#10070,#10071),(#10072,#10073)),.SURF_OF_LINEAR_EXTRUSION.,.F.,.F.,.F.,
(4,4),(2,2),(0.,1.),(0.,1.),.PIECEWISE_BEZIER_KNOTS.);
#34=B_SPLINE_SURFACE_WITH_KNOTS('',3,1,((#10075,#10076),(#10077,#10078),
(#10079,#10080),(#10081,#10082)),.SURF_OF_LINEAR_EXTRUSION.,.F.,.F.,.F.,
(4,4),(2,2),(0.,1.),(0.,1.),.PIECEWISE_BEZIER_KNOTS.);
#35=B_SPLINE_SURFACE_WITH_KNOTS('',3,1,((#10084,#10085),(#10086,#10087),
(#10088,#10089),(#10090,#10091)),.SURF_OF_LINEAR_EXTRUSION.,.F.,.F.,.F.,
(4,4),(2,2),(0.,1.00000000000352),(0.,1.),.PIECEWISE_BEZIER_KNOTS.);
#36=B_SPLINE_SURFACE_WITH_KNOTS('',3,1,((#10093,#10094),(#10095,#10096),
(#10097,#10098),(#10099,#10100)),.SURF_OF_LINEAR_EXTRUSION.,.F.,.F.,.F.,
(4,4),(2,2),(0.,1.),(0.,1.),.PIECEWISE_BEZIER_KNOTS.);
#37=B_SPLINE_SURFACE_WITH_KNOTS('',3,1,((#10102,#10103),(#10104,#10105),
(#10106,#10107),(#10108,#10109)),.SURF_OF_LINEAR_EXTRUSION.,.F.,.F.,.F.,
(4,4),(2,2),(0.,1.00000000000003),(0.,1.),.PIECEWISE_BEZIER_KNOTS.);
#38=B_SPLINE_SURFACE_WITH_KNOTS('',3,1,((#10115,#10116),(#10117,#10118),
(#10119,#10120),(#10121,#10122)),.SURF_OF_LINEAR_EXTRUSION.,.F.,.F.,.F.,
(4,4),(2,2),(0.,1.),(0.,1.),.PIECEWISE_BEZIER_KNOTS.);
#39=B_SPLINE_SURFACE_WITH_KNOTS('',3,1,((#10124,#10125),(#10126,#10127),
(#10128,#10129),(#10130,#10131)),.SURF_OF_LINEAR_EXTRUSION.,.F.,.F.,.F.,
(4,4),(2,2),(0.,1.),(0.,1.),.PIECEWISE_BEZIER_KNOTS.);
#40=B_SPLINE_SURFACE_WITH_KNOTS('',3,1,((#10135,#10136),(#10137,#10138),
(#10139,#10140),(#10141,#10142)),.SURF_OF_LINEAR_EXTRUSION.,.F.,.F.,.F.,
(4,4),(2,2),(0.,1.),(0.,1.),.PIECEWISE_BEZIER_KNOTS.);
#41=B_SPLINE_SURFACE_WITH_KNOTS('',3,1,((#10144,#10145),(#10146,#10147),
(#10148,#10149),(#10150,#10151)),.SURF_OF_LINEAR_EXTRUSION.,.F.,.F.,.F.,
(4,4),(2,2),(0.,1.),(0.,1.),.PIECEWISE_BEZIER_KNOTS.);
#42=B_SPLINE_SURFACE_WITH_KNOTS('',3,1,((#10153,#10154),(#10155,#10156),
(#10157,#10158),(#10159,#10160)),.SURF_OF_LINEAR_EXTRUSION.,.F.,.F.,.F.,
(4,4),(2,2),(0.,1.),(0.,1.),.PIECEWISE_BEZIER_KNOTS.);
#43=B_SPLINE_SURFACE_WITH_KNOTS('',3,1,((#10161,#10162),(#10163,#10164),
(#10165,#10166),(#10167,#10168)),.SURF_OF_LINEAR_EXTRUSION.,.F.,.F.,.F.,
(4,4),(2,2),(0.,1.),(0.,1.),.PIECEWISE_BEZIER_KNOTS.);
#44=B_SPLINE_SURFACE_WITH_KNOTS('',3,1,((#10177,#10178),(#10179,#10180),
(#10181,#10182),(#10183,#10184)),.SURF_OF_LINEAR_EXTRUSION.,.F.,.F.,.F.,
(4,4),(2,2),(0.,1.00000000000003),(0.,1.),.PIECEWISE_BEZIER_KNOTS.);
#45=B_SPLINE_SURFACE_WITH_KNOTS('',3,1,((#10192,#10193),(#10194,#10195),
(#10196,#10197),(#10198,#10199)),.SURF_OF_LINEAR_EXTRUSION.,.F.,.F.,.F.,
(4,4),(2,2),(0.,1.00000000000019),(0.,1.),.PIECEWISE_BEZIER_KNOTS.);
#46=B_SPLINE_SURFACE_WITH_KNOTS('',3,1,((#10206,#10207),(#10208,#10209),
(#10210,#10211),(#10212,#10213)),.SURF_OF_LINEAR_EXTRUSION.,.F.,.F.,.F.,
(4,4),(2,2),(0.,1.),(0.,1.),.PIECEWISE_BEZIER_KNOTS.);
#47=B_SPLINE_SURFACE_WITH_KNOTS('',3,1,((#10228,#10229),(#10230,#10231),
(#10232,#10233),(#10234,#10235)),.SURF_OF_LINEAR_EXTRUSION.,.F.,.F.,.F.,
(4,4),(2,2),(0.,1.00000000000002),(0.,1.),.PIECEWISE_BEZIER_KNOTS.);
#48=B_SPLINE_SURFACE_WITH_KNOTS('',3,1,((#10269,#10270),(#10271,#10272),
(#10273,#10274),(#10275,#10276)),.SURF_OF_LINEAR_EXTRUSION.,.F.,.F.,.F.,
(4,4),(2,2),(0.,1.),(0.,1.),.PIECEWISE_BEZIER_KNOTS.);
#49=B_SPLINE_SURFACE_WITH_KNOTS('',3,1,((#10279,#10280),(#10281,#10282),
(#10283,#10284),(#10285,#10286)),.SURF_OF_LINEAR_EXTRUSION.,.F.,.F.,.F.,
(4,4),(2,2),(0.,1.00000000000003),(0.,1.),.PIECEWISE_BEZIER_KNOTS.);
#50=B_SPLINE_SURFACE_WITH_KNOTS('',3,1,((#10288,#10289),(#10290,#10291),
(#10292,#10293),(#10294,#10295)),.SURF_OF_LINEAR_EXTRUSION.,.F.,.F.,.F.,
(4,4),(2,2),(0.,1.),(0.,1.),.PIECEWISE_BEZIER_KNOTS.);
#51=B_SPLINE_SURFACE_WITH_KNOTS('',3,1,((#10297,#10298),(#10299,#10300),
(#10301,#10302),(#10303,#10304)),.SURF_OF_LINEAR_EXTRUSION.,.F.,.F.,.F.,
(4,4),(2,2),(0.,1.00000000000002),(0.,1.),.PIECEWISE_BEZIER_KNOTS.);
#52=B_SPLINE_SURFACE_WITH_KNOTS('',3,1,((#10306,#10307),(#10308,#10309),
(#10310,#10311),(#10312,#10313)),.SURF_OF_LINEAR_EXTRUSION.,.F.,.F.,.F.,
(4,4),(2,2),(0.,1.),(0.,1.),.PIECEWISE_BEZIER_KNOTS.);
#53=B_SPLINE_SURFACE_WITH_KNOTS('',3,1,((#10372,#10373),(#10374,#10375),
(#10376,#10377),(#10378,#10379)),.SURF_OF_LINEAR_EXTRUSION.,.F.,.F.,.F.,
(4,4),(2,2),(0.,1.),(0.,1.),.PIECEWISE_BEZIER_KNOTS.);
#54=B_SPLINE_SURFACE_WITH_KNOTS('',3,1,((#10382,#10383),(#10384,#10385),
(#10386,#10387),(#10388,#10389)),.SURF_OF_LINEAR_EXTRUSION.,.F.,.F.,.F.,
(4,4),(2,2),(0.,1.),(0.,1.),.PIECEWISE_BEZIER_KNOTS.);
#55=B_SPLINE_SURFACE_WITH_KNOTS('',3,1,((#10391,#10392),(#10393,#10394),
(#10395,#10396),(#10397,#10398)),.SURF_OF_LINEAR_EXTRUSION.,.F.,.F.,.F.,
(4,4),(2,2),(0.,1.),(0.,1.),.PIECEWISE_BEZIER_KNOTS.);
#56=B_SPLINE_SURFACE_WITH_KNOTS('',3,1,((#10400,#10401),(#10402,#10403),
(#10404,#10405),(#10406,#10407)),.SURF_OF_LINEAR_EXTRUSION.,.F.,.F.,.F.,
(4,4),(2,2),(0.,1.),(0.,1.),.PIECEWISE_BEZIER_KNOTS.);
#57=B_SPLINE_SURFACE_WITH_KNOTS('',3,1,((#10409,#10410),(#10411,#10412),
(#10413,#10414),(#10415,#10416)),.SURF_OF_LINEAR_EXTRUSION.,.F.,.F.,.F.,
(4,4),(2,2),(0.,1.),(0.,1.),.PIECEWISE_BEZIER_KNOTS.);
#58=B_SPLINE_SURFACE_WITH_KNOTS('',3,1,((#10418,#10419),(#10420,#10421),
(#10422,#10423),(#10424,#10425)),.SURF_OF_LINEAR_EXTRUSION.,.F.,.F.,.F.,
(4,4),(2,2),(0.,1.),(0.,1.),.PIECEWISE_BEZIER_KNOTS.);
#59=B_SPLINE_SURFACE_WITH_KNOTS('',3,1,((#10427,#10428),(#10429,#10430),
(#10431,#10432),(#10433,#10434)),.SURF_OF_LINEAR_EXTRUSION.,.F.,.F.,.F.,
(4,4),(2,2),(0.,1.00000000000001),(0.,1.),.PIECEWISE_BEZIER_KNOTS.);
#60=B_SPLINE_SURFACE_WITH_KNOTS('',3,1,((#10436,#10437),(#10438,#10439),
(#10440,#10441),(#10442,#10443)),.SURF_OF_LINEAR_EXTRUSION.,.F.,.F.,.F.,
(4,4),(2,2),(0.,1.),(0.,1.),.PIECEWISE_BEZIER_KNOTS.);
#61=B_SPLINE_SURFACE_WITH_KNOTS('',3,1,((#10607,#10608),(#10609,#10610),
(#10611,#10612),(#10613,#10614)),.SURF_OF_LINEAR_EXTRUSION.,.F.,.F.,.F.,
(4,4),(2,2),(0.,1.),(0.,1.),.PIECEWISE_BEZIER_KNOTS.);
#62=B_SPLINE_SURFACE_WITH_KNOTS('',3,1,((#10619,#10620),(#10621,#10622),
(#10623,#10624),(#10625,#10626)),.SURF_OF_LINEAR_EXTRUSION.,.F.,.F.,.F.,
(4,4),(2,2),(0.,1.),(0.,1.),.PIECEWISE_BEZIER_KNOTS.);
#63=B_SPLINE_SURFACE_WITH_KNOTS('',3,1,((#10630,#10631),(#10632,#10633),
(#10634,#10635),(#10636,#10637)),.SURF_OF_LINEAR_EXTRUSION.,.F.,.F.,.F.,
(4,4),(2,2),(0.,1.),(0.,1.),.PIECEWISE_BEZIER_KNOTS.);
#64=B_SPLINE_SURFACE_WITH_KNOTS('',3,1,((#10639,#10640),(#10641,#10642),
(#10643,#10644),(#10645,#10646)),.SURF_OF_LINEAR_EXTRUSION.,.F.,.F.,.F.,
(4,4),(2,2),(0.,1.),(0.,1.),.PIECEWISE_BEZIER_KNOTS.);
#65=B_SPLINE_SURFACE_WITH_KNOTS('',3,1,((#10648,#10649),(#10650,#10651),
(#10652,#10653),(#10654,#10655)),.SURF_OF_LINEAR_EXTRUSION.,.F.,.F.,.F.,
(4,4),(2,2),(0.,1.),(0.,1.),.PIECEWISE_BEZIER_KNOTS.);
#66=B_SPLINE_SURFACE_WITH_KNOTS('',3,1,((#10663,#10664),(#10665,#10666),
(#10667,#10668),(#10669,#10670)),.SURF_OF_LINEAR_EXTRUSION.,.F.,.F.,.F.,
(4,4),(2,2),(0.,1.),(0.,1.),.PIECEWISE_BEZIER_KNOTS.);
#67=B_SPLINE_SURFACE_WITH_KNOTS('',3,1,((#10672,#10673),(#10674,#10675),
(#10676,#10677),(#10678,#10679)),.SURF_OF_LINEAR_EXTRUSION.,.F.,.F.,.F.,
(4,4),(2,2),(0.,1.),(0.,1.),.PIECEWISE_BEZIER_KNOTS.);
#68=B_SPLINE_SURFACE_WITH_KNOTS('',3,1,((#10681,#10682),(#10683,#10684),
(#10685,#10686),(#10687,#10688)),.SURF_OF_LINEAR_EXTRUSION.,.F.,.F.,.F.,
(4,4),(2,2),(0.,1.00000000000008),(0.,1.),.PIECEWISE_BEZIER_KNOTS.);
#69=B_SPLINE_SURFACE_WITH_KNOTS('',3,1,((#10690,#10691),(#10692,#10693),
(#10694,#10695),(#10696,#10697)),.SURF_OF_LINEAR_EXTRUSION.,.F.,.F.,.F.,
(4,4),(2,2),(0.,1.),(0.,1.),.PIECEWISE_BEZIER_KNOTS.);
#70=B_SPLINE_SURFACE_WITH_KNOTS('',3,1,((#10705,#10706),(#10707,#10708),
(#10709,#10710),(#10711,#10712)),.SURF_OF_LINEAR_EXTRUSION.,.F.,.F.,.F.,
(4,4),(2,2),(0.,1.),(0.,1.),.PIECEWISE_BEZIER_KNOTS.);
#71=B_SPLINE_SURFACE_WITH_KNOTS('',3,1,((#10714,#10715),(#10716,#10717),
(#10718,#10719),(#10720,#10721)),.SURF_OF_LINEAR_EXTRUSION.,.F.,.F.,.F.,
(4,4),(2,2),(0.,1.),(0.,1.),.PIECEWISE_BEZIER_KNOTS.);
#72=B_SPLINE_SURFACE_WITH_KNOTS('',3,1,((#10723,#10724),(#10725,#10726),
(#10727,#10728),(#10729,#10730)),.SURF_OF_LINEAR_EXTRUSION.,.F.,.F.,.F.,
(4,4),(2,2),(0.,1.),(0.,1.),.PIECEWISE_BEZIER_KNOTS.);
#73=B_SPLINE_SURFACE_WITH_KNOTS('',3,1,((#10732,#10733),(#10734,#10735),
(#10736,#10737),(#10738,#10739)),.SURF_OF_LINEAR_EXTRUSION.,.F.,.F.,.F.,
(4,4),(2,2),(0.,1.00000000000685),(0.,1.),.PIECEWISE_BEZIER_KNOTS.);
#74=B_SPLINE_SURFACE_WITH_KNOTS('',3,1,((#10741,#10742),(#10743,#10744),
(#10745,#10746),(#10747,#10748)),.SURF_OF_LINEAR_EXTRUSION.,.F.,.F.,.F.,
(4,4),(2,2),(0.,1.),(0.,1.),.PIECEWISE_BEZIER_KNOTS.);
#75=B_SPLINE_SURFACE_WITH_KNOTS('',3,1,((#10752,#10753),(#10754,#10755),
(#10756,#10757),(#10758,#10759)),.SURF_OF_LINEAR_EXTRUSION.,.F.,.F.,.F.,
(4,4),(2,2),(0.,1.),(0.,1.),.PIECEWISE_BEZIER_KNOTS.);
#76=B_SPLINE_SURFACE_WITH_KNOTS('',3,1,((#10761,#10762),(#10763,#10764),
(#10765,#10766),(#10767,#10768)),.SURF_OF_LINEAR_EXTRUSION.,.F.,.F.,.F.,
(4,4),(2,2),(0.,1.),(0.,1.),.PIECEWISE_BEZIER_KNOTS.);
#77=B_SPLINE_SURFACE_WITH_KNOTS('',3,1,((#10770,#10771),(#10772,#10773),
(#10774,#10775),(#10776,#10777)),.SURF_OF_LINEAR_EXTRUSION.,.F.,.F.,.F.,
(4,4),(2,2),(0.,1.00000000000638),(0.,1.),.PIECEWISE_BEZIER_KNOTS.);
#78=B_SPLINE_SURFACE_WITH_KNOTS('',3,1,((#10779,#10780),(#10781,#10782),
(#10783,#10784),(#10785,#10786)),.SURF_OF_LINEAR_EXTRUSION.,.F.,.F.,.F.,
(4,4),(2,2),(0.,1.),(0.,1.),.PIECEWISE_BEZIER_KNOTS.);
#79=B_SPLINE_SURFACE_WITH_KNOTS('',3,1,((#10893,#10894),(#10895,#10896),
(#10897,#10898),(#10899,#10900)),.SURF_OF_LINEAR_EXTRUSION.,.F.,.F.,.F.,
(4,4),(2,2),(0.,1.),(0.,1.),.PIECEWISE_BEZIER_KNOTS.);
#80=B_SPLINE_SURFACE_WITH_KNOTS('',3,1,((#10994,#10995),(#10996,#10997),
(#10998,#10999),(#11000,#11001)),.SURF_OF_LINEAR_EXTRUSION.,.F.,.F.,.F.,
(4,4),(2,2),(0.,1.),(0.,1.),.PIECEWISE_BEZIER_KNOTS.);
#81=B_SPLINE_SURFACE_WITH_KNOTS('',3,1,((#11004,#11005),(#11006,#11007),
(#11008,#11009),(#11010,#11011)),.SURF_OF_LINEAR_EXTRUSION.,.F.,.F.,.F.,
(4,4),(2,2),(0.,1.),(0.,1.),.PIECEWISE_BEZIER_KNOTS.);
#82=B_SPLINE_SURFACE_WITH_KNOTS('',3,1,((#11013,#11014),(#11015,#11016),
(#11017,#11018),(#11019,#11020)),.SURF_OF_LINEAR_EXTRUSION.,.F.,.F.,.F.,
(4,4),(2,2),(0.,1.),(0.,1.),.PIECEWISE_BEZIER_KNOTS.);
#83=B_SPLINE_SURFACE_WITH_KNOTS('',3,1,((#11022,#11023),(#11024,#11025),
(#11026,#11027),(#11028,#11029)),.SURF_OF_LINEAR_EXTRUSION.,.F.,.F.,.F.,
(4,4),(2,2),(0.,1.),(0.,1.),.PIECEWISE_BEZIER_KNOTS.);
#84=B_SPLINE_SURFACE_WITH_KNOTS('',3,1,((#11031,#11032),(#11033,#11034),
(#11035,#11036),(#11037,#11038)),.SURF_OF_LINEAR_EXTRUSION.,.F.,.F.,.F.,
(4,4),(2,2),(0.,1.),(0.,1.),.PIECEWISE_BEZIER_KNOTS.);
#85=B_SPLINE_SURFACE_WITH_KNOTS('',3,1,((#11040,#11041),(#11042,#11043),
(#11044,#11045),(#11046,#11047)),.SURF_OF_LINEAR_EXTRUSION.,.F.,.F.,.F.,
(4,4),(2,2),(0.,1.),(0.,1.),.PIECEWISE_BEZIER_KNOTS.);
#86=B_SPLINE_SURFACE_WITH_KNOTS('',3,1,((#11049,#11050),(#11051,#11052),
(#11053,#11054),(#11055,#11056)),.SURF_OF_LINEAR_EXTRUSION.,.F.,.F.,.F.,
(4,4),(2,2),(0.,1.00000000000001),(0.,1.),.PIECEWISE_BEZIER_KNOTS.);
#87=B_SPLINE_SURFACE_WITH_KNOTS('',3,1,((#11058,#11059),(#11060,#11061),
(#11062,#11063),(#11064,#11065)),.SURF_OF_LINEAR_EXTRUSION.,.F.,.F.,.F.,
(4,4),(2,2),(0.,1.),(0.,1.),.PIECEWISE_BEZIER_KNOTS.);
#88=B_SPLINE_SURFACE_WITH_KNOTS('',3,1,((#11157,#11158),(#11159,#11160),
(#11161,#11162),(#11163,#11164)),.SURF_OF_LINEAR_EXTRUSION.,.F.,.F.,.F.,
(4,4),(2,2),(0.,1.),(0.,1.),.PIECEWISE_BEZIER_KNOTS.);
#89=B_SPLINE_SURFACE_WITH_KNOTS('',3,1,((#11167,#11168),(#11169,#11170),
(#11171,#11172),(#11173,#11174)),.SURF_OF_LINEAR_EXTRUSION.,.F.,.F.,.F.,
(4,4),(2,2),(0.,1.00000000000398),(0.,1.),.PIECEWISE_BEZIER_KNOTS.);
#90=B_SPLINE_SURFACE_WITH_KNOTS('',3,1,((#11176,#11177),(#11178,#11179),
(#11180,#11181),(#11182,#11183)),.SURF_OF_LINEAR_EXTRUSION.,.F.,.F.,.F.,
(4,4),(2,2),(0.,1.),(0.,1.),.PIECEWISE_BEZIER_KNOTS.);
#91=B_SPLINE_SURFACE_WITH_KNOTS('',3,1,((#11185,#11186),(#11187,#11188),
(#11189,#11190),(#11191,#11192)),.SURF_OF_LINEAR_EXTRUSION.,.F.,.F.,.F.,
(4,4),(2,2),(0.,1.),(0.,1.),.PIECEWISE_BEZIER_KNOTS.);
#92=B_SPLINE_SURFACE_WITH_KNOTS('',3,1,((#11194,#11195),(#11196,#11197),
(#11198,#11199),(#11200,#11201)),.SURF_OF_LINEAR_EXTRUSION.,.F.,.F.,.F.,
(4,4),(2,2),(0.,1.),(0.,1.),.PIECEWISE_BEZIER_KNOTS.);
#93=B_SPLINE_SURFACE_WITH_KNOTS('',3,1,((#11203,#11204),(#11205,#11206),
(#11207,#11208),(#11209,#11210)),.SURF_OF_LINEAR_EXTRUSION.,.F.,.F.,.F.,
(4,4),(2,2),(0.,1.00000000000386),(0.,1.),.PIECEWISE_BEZIER_KNOTS.);
#94=B_SPLINE_SURFACE_WITH_KNOTS('',3,1,((#11212,#11213),(#11214,#11215),
(#11216,#11217),(#11218,#11219)),.SURF_OF_LINEAR_EXTRUSION.,.F.,.F.,.F.,
(4,4),(2,2),(0.,1.),(0.,1.),.PIECEWISE_BEZIER_KNOTS.);
#95=B_SPLINE_SURFACE_WITH_KNOTS('',3,1,((#11221,#11222),(#11223,#11224),
(#11225,#11226),(#11227,#11228)),.SURF_OF_LINEAR_EXTRUSION.,.F.,.F.,.F.,
(4,4),(2,2),(0.,1.),(0.,1.),.PIECEWISE_BEZIER_KNOTS.);
#96=B_SPLINE_SURFACE_WITH_KNOTS('',3,1,((#11229,#11230),(#11231,#11232),
(#11233,#11234),(#11235,#11236)),.SURF_OF_LINEAR_EXTRUSION.,.F.,.F.,.F.,
(4,4),(2,2),(0.,1.),(0.,1.),.PIECEWISE_BEZIER_KNOTS.);
#97=B_SPLINE_SURFACE_WITH_KNOTS('',3,1,((#11246,#11247),(#11248,#11249),
(#11250,#11251),(#11252,#11253)),.SURF_OF_LINEAR_EXTRUSION.,.F.,.F.,.F.,
(4,4),(2,2),(0.,1.),(0.,1.),.PIECEWISE_BEZIER_KNOTS.);
#98=B_SPLINE_SURFACE_WITH_KNOTS('',3,1,((#11260,#11261),(#11262,#11263),
(#11264,#11265),(#11266,#11267)),.SURF_OF_LINEAR_EXTRUSION.,.F.,.F.,.F.,
(4,4),(2,2),(0.,1.),(0.,1.),.PIECEWISE_BEZIER_KNOTS.);
#99=B_SPLINE_SURFACE_WITH_KNOTS('',3,1,((#11274,#11275),(#11276,#11277),
(#11278,#11279),(#11280,#11281)),.SURF_OF_LINEAR_EXTRUSION.,.F.,.F.,.F.,
(4,4),(2,2),(0.,1.),(0.,1.),.PIECEWISE_BEZIER_KNOTS.);
#100=B_SPLINE_SURFACE_WITH_KNOTS('',3,1,((#11289,#11290),(#11291,#11292),
(#11293,#11294),(#11295,#11296)),.SURF_OF_LINEAR_EXTRUSION.,.F.,.F.,.F.,
(4,4),(2,2),(0.,1.),(0.,1.),.PIECEWISE_BEZIER_KNOTS.);
#101=B_SPLINE_SURFACE_WITH_KNOTS('',3,1,((#11304,#11305),(#11306,#11307),
(#11308,#11309),(#11310,#11311)),.SURF_OF_LINEAR_EXTRUSION.,.F.,.F.,.F.,
(4,4),(2,2),(0.,1.),(0.,1.),.PIECEWISE_BEZIER_KNOTS.);
#102=B_SPLINE_SURFACE_WITH_KNOTS('',3,1,((#11318,#11319),(#11320,#11321),
(#11322,#11323),(#11324,#11325)),.SURF_OF_LINEAR_EXTRUSION.,.F.,.F.,.F.,
(4,4),(2,2),(0.,1.),(0.,1.),.PIECEWISE_BEZIER_KNOTS.);
#103=B_SPLINE_SURFACE_WITH_KNOTS('',3,1,((#11332,#11333),(#11334,#11335),
(#11336,#11337),(#11338,#11339)),.SURF_OF_LINEAR_EXTRUSION.,.F.,.F.,.F.,
(4,4),(2,2),(0.,1.),(0.,1.),.PIECEWISE_BEZIER_KNOTS.);
#104=B_SPLINE_SURFACE_WITH_KNOTS('',3,1,((#11448,#11449),(#11450,#11451),
(#11452,#11453),(#11454,#11455)),.SURF_OF_LINEAR_EXTRUSION.,.F.,.F.,.F.,
(4,4),(2,2),(0.,1.),(0.,1.),.PIECEWISE_BEZIER_KNOTS.);
#105=B_SPLINE_SURFACE_WITH_KNOTS('',3,1,((#11458,#11459),(#11460,#11461),
(#11462,#11463),(#11464,#11465)),.SURF_OF_LINEAR_EXTRUSION.,.F.,.F.,.F.,
(4,4),(2,2),(0.,1.00000000000003),(0.,1.),.PIECEWISE_BEZIER_KNOTS.);
#106=B_SPLINE_SURFACE_WITH_KNOTS('',3,1,((#11467,#11468),(#11469,#11470),
(#11471,#11472),(#11473,#11474)),.SURF_OF_LINEAR_EXTRUSION.,.F.,.F.,.F.,
(4,4),(2,2),(0.,1.),(0.,1.),.PIECEWISE_BEZIER_KNOTS.);
#107=B_SPLINE_SURFACE_WITH_KNOTS('',3,1,((#11482,#11483),(#11484,#11485),
(#11486,#11487),(#11488,#11489)),.SURF_OF_LINEAR_EXTRUSION.,.F.,.F.,.F.,
(4,4),(2,2),(0.,1.00000000000806),(0.,1.),.PIECEWISE_BEZIER_KNOTS.);
#108=B_SPLINE_SURFACE_WITH_KNOTS('',3,1,((#11491,#11492),(#11493,#11494),
(#11495,#11496),(#11497,#11498)),.SURF_OF_LINEAR_EXTRUSION.,.F.,.F.,.F.,
(4,4),(2,2),(0.,1.),(0.,1.),.PIECEWISE_BEZIER_KNOTS.);
#109=B_SPLINE_SURFACE_WITH_KNOTS('',3,1,((#11506,#11507),(#11508,#11509),
(#11510,#11511),(#11512,#11513)),.SURF_OF_LINEAR_EXTRUSION.,.F.,.F.,.F.,
(4,4),(2,2),(0.,1.),(0.,1.),.PIECEWISE_BEZIER_KNOTS.);
#110=B_SPLINE_SURFACE_WITH_KNOTS('',3,1,((#11515,#11516),(#11517,#11518),
(#11519,#11520),(#11521,#11522)),.SURF_OF_LINEAR_EXTRUSION.,.F.,.F.,.F.,
(4,4),(2,2),(0.,1.),(0.,1.),.PIECEWISE_BEZIER_KNOTS.);
#111=B_SPLINE_SURFACE_WITH_KNOTS('',3,1,((#11538,#11539),(#11540,#11541),
(#11542,#11543),(#11544,#11545)),.SURF_OF_LINEAR_EXTRUSION.,.F.,.F.,.F.,
(4,4),(2,2),(0.,1.00000000000059),(0.,1.),.PIECEWISE_BEZIER_KNOTS.);
#112=B_SPLINE_SURFACE_WITH_KNOTS('',3,1,((#11547,#11548),(#11549,#11550),
(#11551,#11552),(#11553,#11554)),.SURF_OF_LINEAR_EXTRUSION.,.F.,.F.,.F.,
(4,4),(2,2),(0.,1.),(0.,1.),.PIECEWISE_BEZIER_KNOTS.);
#113=B_SPLINE_SURFACE_WITH_KNOTS('',3,1,((#11556,#11557),(#11558,#11559),
(#11560,#11561),(#11562,#11563)),.SURF_OF_LINEAR_EXTRUSION.,.F.,.F.,.F.,
(4,4),(2,2),(0.,1.),(0.,1.),.PIECEWISE_BEZIER_KNOTS.);
#114=B_SPLINE_SURFACE_WITH_KNOTS('',3,1,((#11565,#11566),(#11567,#11568),
(#11569,#11570),(#11571,#11572)),.SURF_OF_LINEAR_EXTRUSION.,.F.,.F.,.F.,
(4,4),(2,2),(0.,1.),(0.,1.),.PIECEWISE_BEZIER_KNOTS.);
#115=B_SPLINE_SURFACE_WITH_KNOTS('',3,1,((#11580,#11581),(#11582,#11583),
(#11584,#11585),(#11586,#11587)),.SURF_OF_LINEAR_EXTRUSION.,.F.,.F.,.F.,
(4,4),(2,2),(0.,1.),(0.,1.),.PIECEWISE_BEZIER_KNOTS.);
#116=B_SPLINE_SURFACE_WITH_KNOTS('',3,1,((#11668,#11669),(#11670,#11671),
(#11672,#11673),(#11674,#11675)),.SURF_OF_LINEAR_EXTRUSION.,.F.,.F.,.F.,
(4,4),(2,2),(0.,1.),(0.,1.),.PIECEWISE_BEZIER_KNOTS.);
#117=B_SPLINE_SURFACE_WITH_KNOTS('',3,1,((#11682,#11683),(#11684,#11685),
(#11686,#11687),(#11688,#11689)),.SURF_OF_LINEAR_EXTRUSION.,.F.,.F.,.F.,
(4,4),(2,2),(0.,1.),(0.,1.),.PIECEWISE_BEZIER_KNOTS.);
#118=B_SPLINE_SURFACE_WITH_KNOTS('',3,1,((#11696,#11697),(#11698,#11699),
(#11700,#11701),(#11702,#11703)),.SURF_OF_LINEAR_EXTRUSION.,.F.,.F.,.F.,
(4,4),(2,2),(0.,1.),(0.,1.),.PIECEWISE_BEZIER_KNOTS.);
#119=B_SPLINE_SURFACE_WITH_KNOTS('',3,1,((#11710,#11711),(#11712,#11713),
(#11714,#11715),(#11716,#11717)),.SURF_OF_LINEAR_EXTRUSION.,.F.,.F.,.F.,
(4,4),(2,2),(0.,1.),(0.,1.),.PIECEWISE_BEZIER_KNOTS.);
#120=B_SPLINE_SURFACE_WITH_KNOTS('',3,1,((#11727,#11728),(#11729,#11730),
(#11731,#11732),(#11733,#11734)),.SURF_OF_LINEAR_EXTRUSION.,.F.,.F.,.F.,
(4,4),(2,2),(0.,1.),(0.,1.),.PIECEWISE_BEZIER_KNOTS.);
#121=B_SPLINE_SURFACE_WITH_KNOTS('',3,1,((#11738,#11739),(#11740,#11741),
(#11742,#11743),(#11744,#11745)),.SURF_OF_LINEAR_EXTRUSION.,.F.,.F.,.F.,
(4,4),(2,2),(0.,1.),(0.,1.),.PIECEWISE_BEZIER_KNOTS.);
#122=B_SPLINE_SURFACE_WITH_KNOTS('',3,1,((#11747,#11748),(#11749,#11750),
(#11751,#11752),(#11753,#11754)),.SURF_OF_LINEAR_EXTRUSION.,.F.,.F.,.F.,
(4,4),(2,2),(0.,1.),(0.,1.),.PIECEWISE_BEZIER_KNOTS.);
#123=B_SPLINE_SURFACE_WITH_KNOTS('',3,1,((#11839,#11840),(#11841,#11842),
(#11843,#11844),(#11845,#11846)),.SURF_OF_LINEAR_EXTRUSION.,.F.,.F.,.F.,
(4,4),(2,2),(0.,1.),(0.,1.),.PIECEWISE_BEZIER_KNOTS.);
#124=B_SPLINE_SURFACE_WITH_KNOTS('',3,1,((#11853,#11854),(#11855,#11856),
(#11857,#11858),(#11859,#11860)),.SURF_OF_LINEAR_EXTRUSION.,.F.,.F.,.F.,
(4,4),(2,2),(0.,1.00000000000033),(0.,1.),.PIECEWISE_BEZIER_KNOTS.);
#125=B_SPLINE_SURFACE_WITH_KNOTS('',3,1,((#11867,#11868),(#11869,#11870),
(#11871,#11872),(#11873,#11874)),.SURF_OF_LINEAR_EXTRUSION.,.F.,.F.,.F.,
(4,4),(2,2),(0.,1.),(0.,1.),.PIECEWISE_BEZIER_KNOTS.);
#126=B_SPLINE_SURFACE_WITH_KNOTS('',3,1,((#11881,#11882),(#11883,#11884),
(#11885,#11886),(#11887,#11888)),.SURF_OF_LINEAR_EXTRUSION.,.F.,.F.,.F.,
(4,4),(2,2),(0.,1.),(0.,1.),.PIECEWISE_BEZIER_KNOTS.);
#127=B_SPLINE_SURFACE_WITH_KNOTS('',3,1,((#11904,#11905),(#11906,#11907),
(#11908,#11909),(#11910,#11911)),.SURF_OF_LINEAR_EXTRUSION.,.F.,.F.,.F.,
(4,4),(2,2),(0.,1.),(0.,1.),.PIECEWISE_BEZIER_KNOTS.);
#128=B_SPLINE_SURFACE_WITH_KNOTS('',3,1,((#11913,#11914),(#11915,#11916),
(#11917,#11918),(#11919,#11920)),.SURF_OF_LINEAR_EXTRUSION.,.F.,.F.,.F.,
(4,4),(2,2),(0.,1.),(0.,1.),.PIECEWISE_BEZIER_KNOTS.);
#129=B_SPLINE_SURFACE_WITH_KNOTS('',3,1,((#11922,#11923),(#11924,#11925),
(#11926,#11927),(#11928,#11929)),.SURF_OF_LINEAR_EXTRUSION.,.F.,.F.,.F.,
(4,4),(2,2),(0.,1.),(0.,1.),.PIECEWISE_BEZIER_KNOTS.);
#130=B_SPLINE_SURFACE_WITH_KNOTS('',3,1,((#11931,#11932),(#11933,#11934),
(#11935,#11936),(#11937,#11938)),.SURF_OF_LINEAR_EXTRUSION.,.F.,.F.,.F.,
(4,4),(2,2),(0.,1.),(0.,1.),.PIECEWISE_BEZIER_KNOTS.);
#131=(
BOUNDED_SURFACE()
B_SPLINE_SURFACE(3,2,((#9338,#9339,#9340),(#9341,#9342,#9343),(#9344,#9345,
#9346),(#9347,#9348,#9349),(#9350,#9351,#9352),(#9353,#9354,#9355)),
 .UNSPECIFIED.,.F.,.F.,.F.)
B_SPLINE_SURFACE_WITH_KNOTS((4,1,1,4),(3,3),(-9.47556677010536E-6,0.0016753879877454,
0.00251781976500316,0.00336025154226091),(0.,1.),.UNSPECIFIED.)
GEOMETRIC_REPRESENTATION_ITEM()
RATIONAL_B_SPLINE_SURFACE(((1.,1.,1.),(1.,0.999999999125879,1.),(1.,0.960032637822208,
1.),(1.,0.883815745805885,1.),(1.,0.865610391471458,1.),(1.,0.865610392683232,
1.)))
REPRESENTATION_ITEM('')
SURFACE()
);
#132=(
BOUNDED_SURFACE()
B_SPLINE_SURFACE(3,2,((#9359,#9360,#9361),(#9362,#9363,#9364),(#9365,#9366,
#9367),(#9368,#9369,#9370),(#9371,#9372,#9373),(#9374,#9375,#9376),(#9377,
#9378,#9379)),.UNSPECIFIED.,.F.,.F.,.F.)
B_SPLINE_SURFACE_WITH_KNOTS((4,1,1,1,4),(3,3),(-3.79470760369927E-18,0.000782949154952345,
0.00156589830990469,0.00234884746485704,0.00313179661980939),(0.,1.),
 .UNSPECIFIED.)
GEOMETRIC_REPRESENTATION_ITEM()
RATIONAL_B_SPLINE_SURFACE(((1.,0.865610392683233,1.),(1.,0.88016033691457,
1.),(1.,0.9066679482722,1.),(1.,0.924466637659563,1.),(1.,0.906667948272222,
1.),(1.,0.880160336914524,1.),(1.,0.865610392683233,1.)))
REPRESENTATION_ITEM('')
SURFACE()
);
#133=(
BOUNDED_SURFACE()
B_SPLINE_SURFACE(3,2,((#9383,#9384,#9385),(#9386,#9387,#9388),(#9389,#9390,
#9391),(#9392,#9393,#9394),(#9395,#9396,#9397),(#9398,#9399,#9400)),
 .UNSPECIFIED.,.F.,.F.,.F.)
B_SPLINE_SURFACE_WITH_KNOTS((4,1,1,4),(3,3),(-9.47556677010329E-6,0.0016753879877454,
0.00251781976500316,0.00336025154226091),(0.,1.),.UNSPECIFIED.)
GEOMETRIC_REPRESENTATION_ITEM()
RATIONAL_B_SPLINE_SURFACE(((1.,1.,1.),(1.,0.999999999125879,1.),(1.,0.960032637822082,
1.),(1.,0.883815745806093,1.),(1.,0.865610391470999,1.),(1.,0.865610392683231,
1.)))
REPRESENTATION_ITEM('')
SURFACE()
);
#134=SPHERICAL_SURFACE('',#6531,0.001);
#135=SPHERICAL_SURFACE('',#6541,0.001);
#136=SPHERICAL_SURFACE('',#6543,0.001);
#137=SPHERICAL_SURFACE('',#6552,0.001);
#138=TOROIDAL_SURFACE('',#6529,0.003,0.001);
#139=TOROIDAL_SURFACE('',#6530,0.0225,0.001);
#140=TOROIDAL_SURFACE('',#6534,0.0020675,0.001);
#141=TOROIDAL_SURFACE('',#6551,0.0225,0.001);
#142=TOROIDAL_SURFACE('',#6555,0.0195,0.001);
#143=TOROIDAL_SURFACE('',#6556,0.0195,0.001);
#144=B_SPLINE_CURVE_WITH_KNOTS('',3,(#8266,#8267,#8268,#8269),
 .UNSPECIFIED.,.F.,.F.,(4,4),(5.23799753571197E-14,0.000472053018739989),
 .UNSPECIFIED.);
#145=B_SPLINE_CURVE_WITH_KNOTS('',3,(#8277,#8278,#8279,#8280),
 .UNSPECIFIED.,.F.,.F.,(4,4),(0.,0.00137960818191887),.UNSPECIFIED.);
#146=B_SPLINE_CURVE_WITH_KNOTS('',3,(#8282,#8283,#8284,#8285),
 .UNSPECIFIED.,.F.,.F.,(4,4),(0.,0.00122411996763301),.UNSPECIFIED.);
#147=B_SPLINE_CURVE_WITH_KNOTS('',3,(#8287,#8288,#8289,#8290),
 .UNSPECIFIED.,.F.,.F.,(4,4),(0.,0.00130003613740914),.UNSPECIFIED.);
#148=B_SPLINE_CURVE_WITH_KNOTS('',3,(#8292,#8293,#8294,#8295),
 .UNSPECIFIED.,.F.,.F.,(4,4),(0.,0.00143312061791085),.UNSPECIFIED.);
#149=B_SPLINE_CURVE_WITH_KNOTS('',3,(#8302,#8303,#8304,#8305),
 .UNSPECIFIED.,.F.,.F.,(4,4),(0.,0.0024704440897518),.UNSPECIFIED.);
#150=B_SPLINE_CURVE_WITH_KNOTS('',3,(#8322,#8323,#8324,#8325),
 .UNSPECIFIED.,.F.,.F.,(4,4),(2.05998412772246E-18,0.00148722876146175),
 .UNSPECIFIED.);
#151=B_SPLINE_CURVE_WITH_KNOTS('',3,(#8327,#8328,#8329,#8330),
 .UNSPECIFIED.,.F.,.F.,(4,4),(6.1331736667335E-19,0.00120044855735968),
 .UNSPECIFIED.);
#152=B_SPLINE_CURVE_WITH_KNOTS('',3,(#8332,#8333,#8334,#8335),
 .UNSPECIFIED.,.F.,.F.,(4,4),(5.4956553531114E-14,0.000779882633332573),
 .UNSPECIFIED.);
#153=B_SPLINE_CURVE_WITH_KNOTS('',3,(#8337,#8338,#8339,#8340),
 .UNSPECIFIED.,.F.,.F.,(4,4),(2.16840434497101E-18,0.000831209177119929),
 .UNSPECIFIED.);
#154=B_SPLINE_CURVE_WITH_KNOTS('',3,(#8341,#8342,#8343,#8344),
 .UNSPECIFIED.,.F.,.F.,(4,4),(0.,0.000472783533824036),.UNSPECIFIED.);
#155=B_SPLINE_CURVE_WITH_KNOTS('',3,(#8347,#8348,#8349,#8350),
 .UNSPECIFIED.,.F.,.F.,(4,4),(0.,0.000615829458674664),.UNSPECIFIED.);
#156=B_SPLINE_CURVE_WITH_KNOTS('',3,(#8352,#8353,#8354,#8355),
 .UNSPECIFIED.,.F.,.F.,(4,4),(0.,0.000841574816586975),.UNSPECIFIED.);
#157=B_SPLINE_CURVE_WITH_KNOTS('',3,(#8363,#8364,#8365,#8366),
 .UNSPECIFIED.,.F.,.F.,(4,4),(0.,0.000606218832151173),.UNSPECIFIED.);
#158=B_SPLINE_CURVE_WITH_KNOTS('',3,(#8368,#8369,#8370,#8371),
 .UNSPECIFIED.,.F.,.F.,(4,4),(0.,0.000474395934612002),.UNSPECIFIED.);
#159=B_SPLINE_CURVE_WITH_KNOTS('',3,(#8373,#8374,#8375,#8376),
 .UNSPECIFIED.,.F.,.F.,(4,4),(0.,0.000637249573059515),.UNSPECIFIED.);
#160=B_SPLINE_CURVE_WITH_KNOTS('',3,(#8378,#8379,#8380,#8381),
 .UNSPECIFIED.,.F.,.F.,(4,4),(0.,0.00092905031958651),.UNSPECIFIED.);
#161=B_SPLINE_CURVE_WITH_KNOTS('',3,(#8395,#8396,#8397,#8398),
 .UNSPECIFIED.,.F.,.F.,(4,4),(4.58686910423692E-13,0.000574508210126858),
 .UNSPECIFIED.);
#162=B_SPLINE_CURVE_WITH_KNOTS('',3,(#8400,#8401,#8402,#8403),
 .UNSPECIFIED.,.F.,.F.,(4,4),(3.70537096895902E-18,0.000648525809155991),
 .UNSPECIFIED.);
#163=B_SPLINE_CURVE_WITH_KNOTS('',3,(#8405,#8406,#8407,#8408,#8409),
 .UNSPECIFIED.,.F.,.F.,(4,1,4),(0.,0.000634571541969121,0.00126914308393824),
 .UNSPECIFIED.);
#164=B_SPLINE_CURVE_WITH_KNOTS('',3,(#8413,#8414,#8415,#8416),
 .UNSPECIFIED.,.F.,.F.,(4,4),(-6.44683297631315E-12,0.000581591175839934),
 .UNSPECIFIED.);
#165=B_SPLINE_CURVE_WITH_KNOTS('',3,(#8418,#8419,#8420,#8421),
 .UNSPECIFIED.,.F.,.F.,(4,4),(-1.99452845591527E-9,0.000651214640927819),
 .UNSPECIFIED.);
#166=B_SPLINE_CURVE_WITH_KNOTS('',3,(#8423,#8424,#8425,#8426),
 .UNSPECIFIED.,.F.,.F.,(4,4),(8.56725552702519E-18,0.00100585093975761),
 .UNSPECIFIED.);
#167=B_SPLINE_CURVE_WITH_KNOTS('',3,(#8428,#8429,#8430,#8431),
 .UNSPECIFIED.,.F.,.F.,(4,4),(0.,0.0010727740282842),.UNSPECIFIED.);
#168=B_SPLINE_CURVE_WITH_KNOTS('',3,(#8439,#8440,#8441,#8442),
 .UNSPECIFIED.,.F.,.F.,(4,4),(0.,0.000606324087937806),.UNSPECIFIED.);
#169=B_SPLINE_CURVE_WITH_KNOTS('',3,(#8443,#8444,#8445,#8446,#8447),
 .UNSPECIFIED.,.F.,.F.,(4,1,4),(0.,0.000716361877105666,0.00143272375421133),
 .UNSPECIFIED.);
#170=B_SPLINE_CURVE_WITH_KNOTS('',3,(#8450,#8451,#8452,#8453,#8454),
 .UNSPECIFIED.,.F.,.F.,(4,1,4),(0.,0.00071494066216599,0.00142988132433198),
 .UNSPECIFIED.);
#171=B_SPLINE_CURVE_WITH_KNOTS('',3,(#8456,#8457,#8458,#8459),
 .UNSPECIFIED.,.F.,.F.,(4,4),(0.,0.00187032714179162),.UNSPECIFIED.);
#172=B_SPLINE_CURVE_WITH_KNOTS('',3,(#8461,#8462,#8463,#8464,#8465),
 .UNSPECIFIED.,.F.,.F.,(4,1,4),(0.,0.000946992155699582,0.00189398431139916),
 .UNSPECIFIED.);
#173=B_SPLINE_CURVE_WITH_KNOTS('',3,(#8467,#8468,#8469,#8470,#8471),
 .UNSPECIFIED.,.F.,.F.,(4,1,4),(0.,0.000719147373742906,0.00143829474748581),
 .UNSPECIFIED.);
#174=B_SPLINE_CURVE_WITH_KNOTS('',3,(#8473,#8474,#8475,#8476,#8477),
 .UNSPECIFIED.,.F.,.F.,(4,1,4),(0.,0.000711989737627003,0.00142397947525401),
 .UNSPECIFIED.);
#175=B_SPLINE_CURVE_WITH_KNOTS('',3,(#8479,#8480,#8481,#8482),
 .UNSPECIFIED.,.F.,.F.,(4,4),(0.,0.0018656540603406),.UNSPECIFIED.);
#176=B_SPLINE_CURVE_WITH_KNOTS('',3,(#8484,#8485,#8486,#8487,#8488),
 .UNSPECIFIED.,.F.,.F.,(4,1,4),(0.,0.000952978000575943,0.00190595600115189),
 .UNSPECIFIED.);
#177=B_SPLINE_CURVE_WITH_KNOTS('',3,(#8502,#8503,#8504,#8505),
 .UNSPECIFIED.,.F.,.F.,(4,4),(0.,0.000341765252530352),.UNSPECIFIED.);
#178=B_SPLINE_CURVE_WITH_KNOTS('',3,(#8507,#8508,#8509,#8510),
 .UNSPECIFIED.,.F.,.F.,(4,4),(0.,0.000332978740576227),.UNSPECIFIED.);
#179=B_SPLINE_CURVE_WITH_KNOTS('',3,(#8512,#8513,#8514,#8515),
 .UNSPECIFIED.,.F.,.F.,(4,4),(0.,0.000629078701492785),.UNSPECIFIED.);
#180=B_SPLINE_CURVE_WITH_KNOTS('',3,(#8519,#8520,#8521,#8522),
 .UNSPECIFIED.,.F.,.F.,(4,4),(0.,0.000920657746171291),.UNSPECIFIED.);
#181=B_SPLINE_CURVE_WITH_KNOTS('',3,(#8524,#8525,#8526,#8527),
 .UNSPECIFIED.,.F.,.F.,(4,4),(0.,0.000935802347989464),.UNSPECIFIED.);
#182=B_SPLINE_CURVE_WITH_KNOTS('',3,(#8529,#8530,#8531,#8532),
 .UNSPECIFIED.,.F.,.F.,(4,4),(0.,0.000948727556770455),.UNSPECIFIED.);
#183=B_SPLINE_CURVE_WITH_KNOTS('',3,(#8551,#8552,#8553,#8554),
 .UNSPECIFIED.,.F.,.F.,(4,4),(0.,0.000271735927491227),.UNSPECIFIED.);
#184=B_SPLINE_CURVE_WITH_KNOTS('',3,(#8557,#8558,#8559,#8560),
 .UNSPECIFIED.,.F.,.F.,(4,4),(8.67361737988404E-19,0.000711659321295596),
 .UNSPECIFIED.);
#185=B_SPLINE_CURVE_WITH_KNOTS('',3,(#8562,#8563,#8564,#8565),
 .UNSPECIFIED.,.F.,.F.,(4,4),(0.,0.00111246811445417),.UNSPECIFIED.);
#186=B_SPLINE_CURVE_WITH_KNOTS('',3,(#8567,#8568,#8569,#8570),
 .UNSPECIFIED.,.F.,.F.,(4,4),(0.,0.000829733065469941),.UNSPECIFIED.);
#187=B_SPLINE_CURVE_WITH_KNOTS('',3,(#8572,#8573,#8574,#8575),
 .UNSPECIFIED.,.F.,.F.,(4,4),(0.,0.00114764494151487),.UNSPECIFIED.);
#188=B_SPLINE_CURVE_WITH_KNOTS('',3,(#8577,#8578,#8579,#8580),
 .UNSPECIFIED.,.F.,.F.,(4,4),(0.,0.00134900525438908),.UNSPECIFIED.);
#189=B_SPLINE_CURVE_WITH_KNOTS('',3,(#8582,#8583,#8584,#8585),
 .UNSPECIFIED.,.F.,.F.,(4,4),(0.,0.00137490016188152),.UNSPECIFIED.);
#190=B_SPLINE_CURVE_WITH_KNOTS('',3,(#8589,#8590,#8591,#8592),
 .UNSPECIFIED.,.F.,.F.,(4,4),(1.60065845421572E-17,0.000860385524066998),
 .UNSPECIFIED.);
#191=B_SPLINE_CURVE_WITH_KNOTS('',3,(#8594,#8595,#8596,#8597),
 .UNSPECIFIED.,.F.,.F.,(4,4),(5.35055795155216E-12,0.000609307767418181),
 .UNSPECIFIED.);
#192=B_SPLINE_CURVE_WITH_KNOTS('',3,(#8599,#8600,#8601,#8602),
 .UNSPECIFIED.,.F.,.F.,(4,4),(1.73810830548999E-17,0.000526560896468403),
 .UNSPECIFIED.);
#193=B_SPLINE_CURVE_WITH_KNOTS('',3,(#8604,#8605,#8606,#8607),
 .UNSPECIFIED.,.F.,.F.,(4,4),(4.67088590647017E-18,0.000429767391370401),
 .UNSPECIFIED.);
#194=B_SPLINE_CURVE_WITH_KNOTS('',3,(#8609,#8610,#8611,#8612),
 .UNSPECIFIED.,.F.,.F.,(4,4),(1.46482852531281E-15,0.000260420483469081),
 .UNSPECIFIED.);
#195=B_SPLINE_CURVE_WITH_KNOTS('',3,(#8614,#8615,#8616,#8617),
 .UNSPECIFIED.,.F.,.F.,(4,4),(0.,0.000307136012275542),.UNSPECIFIED.);
#196=B_SPLINE_CURVE_WITH_KNOTS('',3,(#8619,#8620,#8621,#8622),
 .UNSPECIFIED.,.F.,.F.,(4,4),(1.11588582114213E-17,0.000687365317290376),
 .UNSPECIFIED.);
#197=B_SPLINE_CURVE_WITH_KNOTS('',3,(#8624,#8625,#8626,#8627),
 .UNSPECIFIED.,.F.,.F.,(4,4),(1.07506996660089E-17,0.000755778118639435),
 .UNSPECIFIED.);
#198=B_SPLINE_CURVE_WITH_KNOTS('',3,(#8629,#8630,#8631,#8632),
 .UNSPECIFIED.,.F.,.F.,(4,4),(2.19644131751772E-14,0.00055394526206667),
 .UNSPECIFIED.);
#199=B_SPLINE_CURVE_WITH_KNOTS('',3,(#8634,#8635,#8636,#8637),
 .UNSPECIFIED.,.F.,.F.,(4,4),(3.46944695195361E-18,0.000597534186148086),
 .UNSPECIFIED.);
#200=B_SPLINE_CURVE_WITH_KNOTS('',3,(#8639,#8640,#8641,#8642),
 .UNSPECIFIED.,.F.,.F.,(4,4),(0.,0.0011078089913681),.UNSPECIFIED.);
#201=B_SPLINE_CURVE_WITH_KNOTS('',3,(#8644,#8645,#8646,#8647),
 .UNSPECIFIED.,.F.,.F.,(4,4),(2.30789947841017E-17,0.0012451490695298),
 .UNSPECIFIED.);
#202=B_SPLINE_CURVE_WITH_KNOTS('',3,(#8649,#8650,#8651,#8652),
 .UNSPECIFIED.,.F.,.F.,(4,4),(0.,0.000704058832510441),.UNSPECIFIED.);
#203=B_SPLINE_CURVE_WITH_KNOTS('',3,(#8654,#8655,#8656,#8657),
 .UNSPECIFIED.,.F.,.F.,(4,4),(-1.91940861858989E-10,0.000737726306305659),
 .UNSPECIFIED.);
#204=B_SPLINE_CURVE_WITH_KNOTS('',3,(#8661,#8662,#8663,#8664),
 .UNSPECIFIED.,.F.,.F.,(4,4),(1.04083408558608E-17,0.000659236802791924),
 .UNSPECIFIED.);
#205=B_SPLINE_CURVE_WITH_KNOTS('',3,(#8666,#8667,#8668,#8669),
 .UNSPECIFIED.,.F.,.F.,(4,4),(3.55451283310521E-13,0.000487125655641496),
 .UNSPECIFIED.);
#206=B_SPLINE_CURVE_WITH_KNOTS('',3,(#8671,#8672,#8673,#8674),
 .UNSPECIFIED.,.F.,.F.,(4,4),(2.58467976635273E-17,0.000463966057484458),
 .UNSPECIFIED.);
#207=B_SPLINE_CURVE_WITH_KNOTS('',3,(#8676,#8677,#8678,#8679),
 .UNSPECIFIED.,.F.,.F.,(4,4),(9.5420906782171E-15,0.000385445493956248),
 .UNSPECIFIED.);
#208=B_SPLINE_CURVE_WITH_KNOTS('',3,(#8681,#8682,#8683,#8684),
 .UNSPECIFIED.,.F.,.F.,(4,4),(0.002662359642642,0.00290172982013171),
 .UNSPECIFIED.);
#209=B_SPLINE_CURVE_WITH_KNOTS('',3,(#8702,#8703,#8704,#8705),
 .UNSPECIFIED.,.F.,.F.,(4,4),(5.23799753571197E-14,0.000472053018182541),
 .UNSPECIFIED.);
#210=B_SPLINE_CURVE_WITH_KNOTS('',3,(#8737,#8738,#8739,#8740,#8741),
 .UNSPECIFIED.,.F.,.F.,(4,1,4),(0.,0.0015657893079426,0.00313157861588519),
 .UNSPECIFIED.);
#211=B_SPLINE_CURVE_WITH_KNOTS('',3,(#8748,#8749,#8750,#8751),
 .UNSPECIFIED.,.F.,.F.,(4,4),(0.,0.00106765196032115),.UNSPECIFIED.);
#212=B_SPLINE_CURVE_WITH_KNOTS('',3,(#8762,#8763,#8764,#8765),
 .UNSPECIFIED.,.F.,.F.,(4,4),(0.,0.000674538027106829),.UNSPECIFIED.);
#213=B_SPLINE_CURVE_WITH_KNOTS('',3,(#8767,#8768,#8769,#8770),
 .UNSPECIFIED.,.F.,.F.,(4,4),(0.,0.000697284673363114),.UNSPECIFIED.);
#214=B_SPLINE_CURVE_WITH_KNOTS('',3,(#8772,#8773,#8774,#8775),
 .UNSPECIFIED.,.F.,.F.,(4,4),(0.,0.000891929687836914),.UNSPECIFIED.);
#215=B_SPLINE_CURVE_WITH_KNOTS('',3,(#8777,#8778,#8779,#8780),
 .UNSPECIFIED.,.F.,.F.,(4,4),(0.,0.000914766047644761),.UNSPECIFIED.);
#216=B_SPLINE_CURVE_WITH_KNOTS('',3,(#8782,#8783,#8784,#8785),
 .UNSPECIFIED.,.F.,.F.,(4,4),(0.,0.000964784474705898),.UNSPECIFIED.);
#217=B_SPLINE_CURVE_WITH_KNOTS('',3,(#8787,#8788,#8789,#8790),
 .UNSPECIFIED.,.F.,.F.,(4,4),(0.,0.00125256480907881),.UNSPECIFIED.);
#218=B_SPLINE_CURVE_WITH_KNOTS('',3,(#8796,#8797,#8798,#8799,#8800),
 .UNSPECIFIED.,.F.,.F.,(4,1,4),(0.,0.000443205690515705,0.000886411381031411),
 .UNSPECIFIED.);
#219=B_SPLINE_CURVE_WITH_KNOTS('',3,(#8802,#8803,#8804,#8805),
 .UNSPECIFIED.,.F.,.F.,(4,4),(0.,0.00105136827453593),.UNSPECIFIED.);
#220=B_SPLINE_CURVE_WITH_KNOTS('',3,(#8809,#8810,#8811,#8812),
 .UNSPECIFIED.,.F.,.F.,(4,4),(1.37210486198285E-17,0.00142800680114728),
 .UNSPECIFIED.);
#221=B_SPLINE_CURVE_WITH_KNOTS('',3,(#8814,#8815,#8816,#8817),
 .UNSPECIFIED.,.F.,.F.,(4,4),(0.,0.00117856818421184),.UNSPECIFIED.);
#222=B_SPLINE_CURVE_WITH_KNOTS('',3,(#8818,#8819,#8820,#8821,#8822),
 .UNSPECIFIED.,.F.,.F.,(4,1,4),(0.,0.000408601561752746,0.000817203123505492),
 .UNSPECIFIED.);
#223=B_SPLINE_CURVE_WITH_KNOTS('',3,(#8825,#8826,#8827,#8828),
 .UNSPECIFIED.,.F.,.F.,(4,4),(0.,0.000391013009457717),.UNSPECIFIED.);
#224=B_SPLINE_CURVE_WITH_KNOTS('',3,(#8830,#8831,#8832,#8833),
 .UNSPECIFIED.,.F.,.F.,(4,4),(0.,0.00042855384503237),.UNSPECIFIED.);
#225=B_SPLINE_CURVE_WITH_KNOTS('',3,(#8835,#8836,#8837,#8838,#8839),
 .UNSPECIFIED.,.F.,.F.,(4,1,4),(0.,0.000409796807824635,0.00081959361564927),
 .UNSPECIFIED.);
#226=B_SPLINE_CURVE_WITH_KNOTS('',3,(#8841,#8842,#8843,#8844,#8845),
 .UNSPECIFIED.,.F.,.F.,(4,1,4),(0.,0.000409865001962458,0.000819730003924915),
 .UNSPECIFIED.);
#227=B_SPLINE_CURVE_WITH_KNOTS('',3,(#8854,#8855,#8856,#8857),
 .UNSPECIFIED.,.F.,.F.,(4,4),(0.,0.00043875249918762),.UNSPECIFIED.);
#228=B_SPLINE_CURVE_WITH_KNOTS('',3,(#8860,#8861,#8862,#8863),
 .UNSPECIFIED.,.F.,.F.,(4,4),(0.,0.000446585915794114),.UNSPECIFIED.);
#229=B_SPLINE_CURVE_WITH_KNOTS('',3,(#8865,#8866,#8867,#8868),
 .UNSPECIFIED.,.F.,.F.,(4,4),(0.,0.000453741674045341),.UNSPECIFIED.);
#230=B_SPLINE_CURVE_WITH_KNOTS('',3,(#8870,#8871,#8872,#8873),
 .UNSPECIFIED.,.F.,.F.,(4,4),(0.,0.000440283295430791),.UNSPECIFIED.);
#231=B_SPLINE_CURVE_WITH_KNOTS('',3,(#8875,#8876,#8877,#8878),
 .UNSPECIFIED.,.F.,.F.,(4,4),(0.,0.000445524130103268),.UNSPECIFIED.);
#232=B_SPLINE_CURVE_WITH_KNOTS('',3,(#8880,#8881,#8882,#8883),
 .UNSPECIFIED.,.F.,.F.,(4,4),(0.,0.000452670724584586),.UNSPECIFIED.);
#233=B_SPLINE_CURVE_WITH_KNOTS('',3,(#8885,#8886,#8887,#8888),
 .UNSPECIFIED.,.F.,.F.,(4,4),(0.,0.0004477355615281),.UNSPECIFIED.);
#234=B_SPLINE_CURVE_WITH_KNOTS('',3,(#8890,#8891,#8892,#8893),
 .UNSPECIFIED.,.F.,.F.,(4,4),(0.,0.000441016189503647),.UNSPECIFIED.);
#235=B_SPLINE_CURVE_WITH_KNOTS('',3,(#8911,#8912,#8913,#8914),
 .UNSPECIFIED.,.F.,.F.,(4,4),(5.23795416762507E-14,0.000472053018741134),
 .UNSPECIFIED.);
#236=B_SPLINE_CURVE_WITH_KNOTS('',3,(#8920,#8921,#8922,#8923),
 .UNSPECIFIED.,.F.,.F.,(4,4),(0.,0.00163041090998509),.UNSPECIFIED.);
#237=B_SPLINE_CURVE_WITH_KNOTS('',3,(#8925,#8926,#8927,#8928),
 .UNSPECIFIED.,.F.,.F.,(4,4),(0.,0.00120957878941511),.UNSPECIFIED.);
#238=B_SPLINE_CURVE_WITH_KNOTS('',3,(#8930,#8931,#8932,#8933),
 .UNSPECIFIED.,.F.,.F.,(4,4),(0.,0.000960384016795976),.UNSPECIFIED.);
#239=B_SPLINE_CURVE_WITH_KNOTS('',3,(#8935,#8936,#8937,#8938),
 .UNSPECIFIED.,.F.,.F.,(4,4),(0.,0.00081423038210475),.UNSPECIFIED.);
#240=B_SPLINE_CURVE_WITH_KNOTS('',3,(#8940,#8941,#8942,#8943),
 .UNSPECIFIED.,.F.,.F.,(4,4),(0.,0.00087481514631824),.UNSPECIFIED.);
#241=B_SPLINE_CURVE_WITH_KNOTS('',3,(#8947,#8948,#8949,#8950),
 .UNSPECIFIED.,.F.,.F.,(4,4),(1.62214182620253E-17,0.000946204887594013),
 .UNSPECIFIED.);
#242=B_SPLINE_CURVE_WITH_KNOTS('',3,(#8952,#8953,#8954,#8955),
 .UNSPECIFIED.,.F.,.F.,(4,4),(0.,0.000819455907385844),.UNSPECIFIED.);
#243=B_SPLINE_CURVE_WITH_KNOTS('',3,(#8957,#8958,#8959,#8960),
 .UNSPECIFIED.,.F.,.F.,(4,4),(0.,0.00120260347966845),.UNSPECIFIED.);
#244=B_SPLINE_CURVE_WITH_KNOTS('',3,(#8962,#8963,#8964,#8965),
 .UNSPECIFIED.,.F.,.F.,(4,4),(0.,0.00147723412029164),.UNSPECIFIED.);
#245=B_SPLINE_CURVE_WITH_KNOTS('',3,(#8967,#8968,#8969,#8970),
 .UNSPECIFIED.,.F.,.F.,(4,4),(0.,0.00139181245617119),.UNSPECIFIED.);
#246=B_SPLINE_CURVE_WITH_KNOTS('',3,(#8974,#8975,#8976,#8977),
 .UNSPECIFIED.,.F.,.F.,(4,4),(1.4875658958375E-7,0.000642122522395815),
 .UNSPECIFIED.);
#247=B_SPLINE_CURVE_WITH_KNOTS('',3,(#8979,#8980,#8981,#8982),
 .UNSPECIFIED.,.F.,.F.,(4,4),(-6.27949599111589E-10,0.000654927069183249),
 .UNSPECIFIED.);
#248=B_SPLINE_CURVE_WITH_KNOTS('',3,(#8984,#8985,#8986,#8987),
 .UNSPECIFIED.,.F.,.F.,(4,4),(4.91132813797585E-18,0.00075810224644805),
 .UNSPECIFIED.);
#249=B_SPLINE_CURVE_WITH_KNOTS('',3,(#8989,#8990,#8991,#8992),
 .UNSPECIFIED.,.F.,.F.,(4,4),(0.,0.000611159226257375),.UNSPECIFIED.);
#250=B_SPLINE_CURVE_WITH_KNOTS('',3,(#8994,#8995,#8996,#8997),
 .UNSPECIFIED.,.F.,.F.,(4,4),(0.,0.000566556607447829),.UNSPECIFIED.);
#251=B_SPLINE_CURVE_WITH_KNOTS('',3,(#8999,#9000,#9001,#9002),
 .UNSPECIFIED.,.F.,.F.,(4,4),(0.,0.00087523986412191),.UNSPECIFIED.);
#252=B_SPLINE_CURVE_WITH_KNOTS('',3,(#9010,#9011,#9012,#9013),
 .UNSPECIFIED.,.F.,.F.,(4,4),(0.,0.000819859790849721),.UNSPECIFIED.);
#253=B_SPLINE_CURVE_WITH_KNOTS('',3,(#9015,#9016,#9017,#9018),
 .UNSPECIFIED.,.F.,.F.,(4,4),(0.,0.000577689535171284),.UNSPECIFIED.);
#254=B_SPLINE_CURVE_WITH_KNOTS('',3,(#9020,#9021,#9022,#9023,#9024),
 .UNSPECIFIED.,.F.,.F.,(4,1,4),(2.60208521396521E-18,0.000484618662882507,
0.000969237325765012),.UNSPECIFIED.);
#255=B_SPLINE_CURVE_WITH_KNOTS('',3,(#9026,#9027,#9028,#9029),
 .UNSPECIFIED.,.F.,.F.,(4,4),(1.31747955571089E-12,0.000477267419105497),
 .UNSPECIFIED.);
#256=B_SPLINE_CURVE_WITH_KNOTS('',3,(#9031,#9032,#9033,#9034),
 .UNSPECIFIED.,.F.,.F.,(4,4),(6.69401558508386E-18,0.000596313426444235),
 .UNSPECIFIED.);
#257=B_SPLINE_CURVE_WITH_KNOTS('',3,(#9049,#9050,#9051,#9052),
 .UNSPECIFIED.,.F.,.F.,(4,4),(0.,0.00109277719516011),.UNSPECIFIED.);
#258=B_SPLINE_CURVE_WITH_KNOTS('',3,(#9065,#9066,#9067,#9068),
 .UNSPECIFIED.,.F.,.F.,(4,4),(0.,0.00150151236609207),.UNSPECIFIED.);
#259=B_SPLINE_CURVE_WITH_KNOTS('',3,(#9092,#9093,#9094,#9095),
 .UNSPECIFIED.,.F.,.F.,(4,4),(-2.31195271260809E-15,0.000362981326586984),
 .UNSPECIFIED.);
#260=B_SPLINE_CURVE_WITH_KNOTS('',3,(#9113,#9114,#9115,#9116),
 .UNSPECIFIED.,.F.,.F.,(4,4),(5.23799753571197E-14,0.000472053018171795),
 .UNSPECIFIED.);
#261=B_SPLINE_CURVE_WITH_KNOTS('',3,(#9119,#9120,#9121,#9122),
 .UNSPECIFIED.,.F.,.F.,(4,4),(0.,0.000438752499187614),.UNSPECIFIED.);
#262=B_SPLINE_CURVE_WITH_KNOTS('',3,(#9125,#9126,#9127,#9128),
 .UNSPECIFIED.,.F.,.F.,(4,4),(0.,0.000446585915794111),.UNSPECIFIED.);
#263=B_SPLINE_CURVE_WITH_KNOTS('',3,(#9130,#9131,#9132,#9133),
 .UNSPECIFIED.,.F.,.F.,(4,4),(0.,0.000453741674045344),.UNSPECIFIED.);
#264=B_SPLINE_CURVE_WITH_KNOTS('',3,(#9135,#9136,#9137,#9138),
 .UNSPECIFIED.,.F.,.F.,(4,4),(0.,0.000440283295430785),.UNSPECIFIED.);
#265=B_SPLINE_CURVE_WITH_KNOTS('',3,(#9140,#9141,#9142,#9143),
 .UNSPECIFIED.,.F.,.F.,(4,4),(0.,0.000445524130103269),.UNSPECIFIED.);
#266=B_SPLINE_CURVE_WITH_KNOTS('',3,(#9145,#9146,#9147,#9148),
 .UNSPECIFIED.,.F.,.F.,(4,4),(0.,0.000452670724584592),.UNSPECIFIED.);
#267=B_SPLINE_CURVE_WITH_KNOTS('',3,(#9150,#9151,#9152,#9153),
 .UNSPECIFIED.,.F.,.F.,(4,4),(0.,0.000447735561528098),.UNSPECIFIED.);
#268=B_SPLINE_CURVE_WITH_KNOTS('',3,(#9155,#9156,#9157,#9158),
 .UNSPECIFIED.,.F.,.F.,(4,4),(0.,0.000441016189503648),.UNSPECIFIED.);
#269=B_SPLINE_CURVE_WITH_KNOTS('',3,(#9261,#9262,#9263,#9264,#9265,#9266),
 .UNSPECIFIED.,.F.,.F.,(4,1,1,4),(0.,0.000514334491319433,0.00102866898263887,
0.00205733796527773),.UNSPECIFIED.);
#270=B_SPLINE_CURVE_WITH_KNOTS('',3,(#9269,#9270,#9271,#9272,#9273),
 .UNSPECIFIED.,.F.,.F.,(4,1,4),(0.,0.001578017982775,0.00315603596555001),
 .UNSPECIFIED.);
#271=B_SPLINE_CURVE_WITH_KNOTS('',3,(#9274,#9275,#9276,#9277,#9278),
 .UNSPECIFIED.,.F.,.F.,(4,1,4),(-7.2266166657896E-6,0.00102336960748374,
0.00205396583163326),.UNSPECIFIED.);
#272=B_SPLINE_CURVE_WITH_KNOTS('',3,(#9280,#9281,#9282,#9283,#9284,#9285),
 .UNSPECIFIED.,.F.,.F.,(4,1,1,4),(0.,0.000510608452367302,0.0010212169047346,
0.00204243380946921),.UNSPECIFIED.);
#273=B_SPLINE_CURVE_WITH_KNOTS('',3,(#9286,#9287,#9288,#9289,#9290),
 .UNSPECIFIED.,.F.,.F.,(4,1,4),(0.,0.000913507531832281,0.00182701506366456),
 .UNSPECIFIED.);
#274=B_SPLINE_CURVE_WITH_KNOTS('',3,(#9295,#9296,#9297,#9298),
 .UNSPECIFIED.,.F.,.F.,(4,4),(-1.25630595003896E-5,0.00103560036278557),
 .UNSPECIFIED.);
#275=B_SPLINE_CURVE_WITH_KNOTS('',3,(#9311,#9312,#9313,#9314,#9315,#9316),
 .UNSPECIFIED.,.F.,.F.,(4,1,1,4),(0.,0.000514334491319432,0.00102866898263886,
0.00205733796527773),.UNSPECIFIED.);
#276=B_SPLINE_CURVE_WITH_KNOTS('',3,(#9322,#9323,#9324,#9325,#9326,#9327),
 .UNSPECIFIED.,.F.,.F.,(4,1,1,4),(0.,0.000510608452367301,0.0010212169047346,
0.0020424338094692),.UNSPECIFIED.);
#277=B_SPLINE_CURVE_WITH_KNOTS('',3,(#9328,#9329,#9330,#9331,#9332),
 .UNSPECIFIED.,.F.,.F.,(4,1,4),(0.,0.000913507531832282,0.00182701506366456),
 .UNSPECIFIED.);
#278=B_SPLINE_CURVE_WITH_KNOTS('',3,(#9456,#9457,#9458,#9459),
 .UNSPECIFIED.,.F.,.F.,(4,4),(0.,0.000472053014925746),.UNSPECIFIED.);
#279=B_SPLINE_CURVE_WITH_KNOTS('',3,(#9495,#9496,#9497,#9498),
 .UNSPECIFIED.,.F.,.F.,(4,4),(0.,0.000271736840110719),.UNSPECIFIED.);
#280=B_SPLINE_CURVE_WITH_KNOTS('',3,(#9501,#9502,#9503,#9504),
 .UNSPECIFIED.,.F.,.F.,(4,4),(0.00266236303285168,0.00290173277550014),
 .UNSPECIFIED.);
#281=B_SPLINE_CURVE_WITH_KNOTS('',3,(#9506,#9507,#9508,#9509),
 .UNSPECIFIED.,.F.,.F.,(4,4),(9.9636819729358E-15,0.000385446233223522),
 .UNSPECIFIED.);
#282=B_SPLINE_CURVE_WITH_KNOTS('',3,(#9511,#9512,#9513,#9514),
 .UNSPECIFIED.,.F.,.F.,(4,4),(2.7152717301142E-17,0.000463966840112745),
 .UNSPECIFIED.);
#283=B_SPLINE_CURVE_WITH_KNOTS('',3,(#9516,#9517,#9518,#9519),
 .UNSPECIFIED.,.F.,.F.,(4,4),(0.,1.),.UNSPECIFIED.);
#284=B_SPLINE_CURVE_WITH_KNOTS('',3,(#9521,#9522,#9523,#9524),
 .UNSPECIFIED.,.F.,.F.,(4,4),(1.35486234660355E-17,0.00065925298724684),
 .UNSPECIFIED.);
#285=B_SPLINE_CURVE_WITH_KNOTS('',3,(#9528,#9529,#9530,#9531),
 .UNSPECIFIED.,.F.,.F.,(4,4),(-1.91938843399804E-10,0.000737757948054166),
 .UNSPECIFIED.);
#286=B_SPLINE_CURVE_WITH_KNOTS('',3,(#9533,#9534,#9535,#9536),
 .UNSPECIFIED.,.F.,.F.,(4,4),(2.16840434497101E-19,0.000704063277911721),
 .UNSPECIFIED.);
#287=B_SPLINE_CURVE_WITH_KNOTS('',3,(#9538,#9539,#9540,#9541),
 .UNSPECIFIED.,.F.,.F.,(4,4),(6.00925839494864E-18,0.00124516547131143),
 .UNSPECIFIED.);
#288=B_SPLINE_CURVE_WITH_KNOTS('',3,(#9543,#9544,#9545,#9546),
 .UNSPECIFIED.,.F.,.F.,(4,4),(0.,0.00110782403392067),.UNSPECIFIED.);
#289=B_SPLINE_CURVE_WITH_KNOTS('',3,(#9548,#9549,#9550,#9551),
 .UNSPECIFIED.,.F.,.F.,(4,4),(5.31259064517897E-18,0.000597537573075482),
 .UNSPECIFIED.);
#290=B_SPLINE_CURVE_WITH_KNOTS('',3,(#9553,#9554,#9555,#9556),
 .UNSPECIFIED.,.F.,.F.,(4,4),(2.29307542556804E-14,0.000553958365798479),
 .UNSPECIFIED.);
#291=B_SPLINE_CURVE_WITH_KNOTS('',3,(#9558,#9559,#9560,#9561),
 .UNSPECIFIED.,.F.,.F.,(4,4),(3.79470760369927E-19,0.000755790689498632),
 .UNSPECIFIED.);
#292=B_SPLINE_CURVE_WITH_KNOTS('',3,(#9563,#9564,#9565,#9566),
 .UNSPECIFIED.,.F.,.F.,(4,4),(2.00105071316072E-17,0.000687366177472198),
 .UNSPECIFIED.);
#293=B_SPLINE_CURVE_WITH_KNOTS('',3,(#9568,#9569,#9570,#9571),
 .UNSPECIFIED.,.F.,.F.,(4,4),(0.,0.000307136617806013),.UNSPECIFIED.);
#294=B_SPLINE_CURVE_WITH_KNOTS('',3,(#9573,#9574,#9575,#9576),
 .UNSPECIFIED.,.F.,.F.,(4,4),(1.52855448792511E-15,0.000260420736792441),
 .UNSPECIFIED.);
#295=B_SPLINE_CURVE_WITH_KNOTS('',3,(#9578,#9579,#9580,#9581),
 .UNSPECIFIED.,.F.,.F.,(4,4),(6.54843751730113E-18,0.000429767989454905),
 .UNSPECIFIED.);
#296=B_SPLINE_CURVE_WITH_KNOTS('',3,(#9583,#9584,#9585,#9586),
 .UNSPECIFIED.,.F.,.F.,(4,4),(1.96560800575361E-17,0.000526561379860935),
 .UNSPECIFIED.);
#297=B_SPLINE_CURVE_WITH_KNOTS('',3,(#9588,#9589,#9590,#9591),
 .UNSPECIFIED.,.F.,.F.,(4,4),(5.36145360827255E-12,0.000609313412602737),
 .UNSPECIFIED.);
#298=B_SPLINE_CURVE_WITH_KNOTS('',3,(#9593,#9594,#9595,#9596),
 .UNSPECIFIED.,.F.,.F.,(4,4),(1.56861237249399E-17,0.000860429613651702),
 .UNSPECIFIED.);
#299=B_SPLINE_CURVE_WITH_KNOTS('',3,(#9600,#9601,#9602,#9603),
 .UNSPECIFIED.,.F.,.F.,(4,4),(0.,0.00137495104262969),.UNSPECIFIED.);
#300=B_SPLINE_CURVE_WITH_KNOTS('',3,(#9605,#9606,#9607,#9608),
 .UNSPECIFIED.,.F.,.F.,(4,4),(0.,0.00134901704213645),.UNSPECIFIED.);
#301=B_SPLINE_CURVE_WITH_KNOTS('',3,(#9610,#9611,#9612,#9613),
 .UNSPECIFIED.,.F.,.F.,(4,4),(0.,0.00114765962720425),.UNSPECIFIED.);
#302=B_SPLINE_CURVE_WITH_KNOTS('',3,(#9615,#9616,#9617,#9618),
 .UNSPECIFIED.,.F.,.F.,(4,4),(0.,0.000829739944182118),.UNSPECIFIED.);
#303=B_SPLINE_CURVE_WITH_KNOTS('',3,(#9620,#9621,#9622,#9623),
 .UNSPECIFIED.,.F.,.F.,(4,4),(0.,0.00111248631199418),.UNSPECIFIED.);
#304=B_SPLINE_CURVE_WITH_KNOTS('',3,(#9625,#9626,#9627,#9628),
 .UNSPECIFIED.,.F.,.F.,(4,4),(1.30968750346023E-17,0.000711660188257796),
 .UNSPECIFIED.);
#305=B_SPLINE_CURVE_WITH_KNOTS('',3,(#9819,#9820,#9821,#9822),
 .UNSPECIFIED.,.F.,.F.,(4,4),(0.,0.000948730081187715),.UNSPECIFIED.);
#306=B_SPLINE_CURVE_WITH_KNOTS('',3,(#9824,#9825,#9826,#9827),
 .UNSPECIFIED.,.F.,.F.,(4,4),(0.,0.000935805466159498),.UNSPECIFIED.);
#307=B_SPLINE_CURVE_WITH_KNOTS('',3,(#9829,#9830,#9831,#9832),
 .UNSPECIFIED.,.F.,.F.,(4,4),(0.,0.000920675439694132),.UNSPECIFIED.);
#308=B_SPLINE_CURVE_WITH_KNOTS('',3,(#9836,#9837,#9838,#9839),
 .UNSPECIFIED.,.F.,.F.,(4,4),(0.,0.000629094805549246),.UNSPECIFIED.);
#309=B_SPLINE_CURVE_WITH_KNOTS('',3,(#9841,#9842,#9843,#9844),
 .UNSPECIFIED.,.F.,.F.,(4,4),(0.,0.000332980176772518),.UNSPECIFIED.);
#310=B_SPLINE_CURVE_WITH_KNOTS('',3,(#9846,#9847,#9848,#9849),
 .UNSPECIFIED.,.F.,.F.,(4,4),(0.,0.00034176529987473),.UNSPECIFIED.);
#311=B_SPLINE_CURVE_WITH_KNOTS('',3,(#9948,#9949,#9950,#9951),
 .UNSPECIFIED.,.F.,.F.,(4,4),(0.,0.00117858580550347),.UNSPECIFIED.);
#312=B_SPLINE_CURVE_WITH_KNOTS('',3,(#9954,#9955,#9956,#9957),
 .UNSPECIFIED.,.F.,.F.,(4,4),(1.2266347333467E-17,0.00142803858676255),
 .UNSPECIFIED.);
#313=B_SPLINE_CURVE_WITH_KNOTS('',3,(#9961,#9962,#9963,#9964),
 .UNSPECIFIED.,.F.,.F.,(4,4),(0.,0.0010513811373259),.UNSPECIFIED.);
#314=B_SPLINE_CURVE_WITH_KNOTS('',3,(#9966,#9967,#9968,#9969,#9970),
 .UNSPECIFIED.,.F.,.F.,(4,1,4),(2.34797532978892E-18,0.000443206506845444,
0.000886413013690885),.UNSPECIFIED.);
#315=B_SPLINE_CURVE_WITH_KNOTS('',3,(#9976,#9977,#9978,#9979),
 .UNSPECIFIED.,.F.,.F.,(4,4),(0.,0.00125259148473816),.UNSPECIFIED.);
#316=B_SPLINE_CURVE_WITH_KNOTS('',3,(#9981,#9982,#9983,#9984),
 .UNSPECIFIED.,.F.,.F.,(4,4),(0.,0.000964801125025307),.UNSPECIFIED.);
#317=B_SPLINE_CURVE_WITH_KNOTS('',3,(#9986,#9987,#9988,#9989),
 .UNSPECIFIED.,.F.,.F.,(4,4),(0.,0.000914778629680687),.UNSPECIFIED.);
#318=B_SPLINE_CURVE_WITH_KNOTS('',3,(#9991,#9992,#9993,#9994),
 .UNSPECIFIED.,.F.,.F.,(4,4),(0.,0.000891958634644245),.UNSPECIFIED.);
#319=B_SPLINE_CURVE_WITH_KNOTS('',3,(#9996,#9997,#9998,#9999),
 .UNSPECIFIED.,.F.,.F.,(4,4),(0.,0.000697287064855949),.UNSPECIFIED.);
#320=B_SPLINE_CURVE_WITH_KNOTS('',3,(#10001,#10002,#10003,#10004),
 .UNSPECIFIED.,.F.,.F.,(4,4),(0.,0.000674540368360308),.UNSPECIFIED.);
#321=B_SPLINE_CURVE_WITH_KNOTS('',3,(#10014,#10015,#10016,#10017),
 .UNSPECIFIED.,.F.,.F.,(4,4),(0.,0.00106766651651394),.UNSPECIFIED.);
#322=B_SPLINE_CURVE_WITH_KNOTS('',3,(#10018,#10019,#10020,#10021,#10022),
 .UNSPECIFIED.,.F.,.F.,(4,1,4),(0.,0.000360130240127476,0.000720260480254952),
 .UNSPECIFIED.);
#323=B_SPLINE_CURVE_WITH_KNOTS('',3,(#10025,#10026,#10027,#10028),
 .UNSPECIFIED.,.F.,.F.,(4,4),(0.,0.00049765617238393),.UNSPECIFIED.);
#324=B_SPLINE_CURVE_WITH_KNOTS('',3,(#10030,#10031,#10032,#10033),
 .UNSPECIFIED.,.F.,.F.,(4,4),(0.,0.000663672336488467),.UNSPECIFIED.);
#325=B_SPLINE_CURVE_WITH_KNOTS('',3,(#10039,#10040,#10041,#10042),
 .UNSPECIFIED.,.F.,.F.,(4,4),(0.,0.000574731012948021),.UNSPECIFIED.);
#326=B_SPLINE_CURVE_WITH_KNOTS('',3,(#10044,#10045,#10046,#10047),
 .UNSPECIFIED.,.F.,.F.,(4,4),(0.,0.00059567296165573),.UNSPECIFIED.);
#327=B_SPLINE_CURVE_WITH_KNOTS('',3,(#10169,#10170,#10171,#10172),
 .UNSPECIFIED.,.F.,.F.,(4,4),(0.,0.000595672461549722),.UNSPECIFIED.);
#328=B_SPLINE_CURVE_WITH_KNOTS('',3,(#10185,#10186,#10187,#10188,#10189),
 .UNSPECIFIED.,.F.,.F.,(4,1,4),(0.,0.000360128935175522,0.000720257870351045),
 .UNSPECIFIED.);
#329=B_SPLINE_CURVE_WITH_KNOTS('',3,(#10200,#10201,#10202,#10203),
 .UNSPECIFIED.,.F.,.F.,(4,4),(0.,0.000497654699697735),.UNSPECIFIED.);
#330=B_SPLINE_CURVE_WITH_KNOTS('',3,(#10214,#10215,#10216,#10217),
 .UNSPECIFIED.,.F.,.F.,(4,4),(0.,0.000663671190798688),.UNSPECIFIED.);
#331=B_SPLINE_CURVE_WITH_KNOTS('',3,(#10236,#10237,#10238,#10239),
 .UNSPECIFIED.,.F.,.F.,(4,4),(0.,0.00057473022785173),.UNSPECIFIED.);
#332=B_SPLINE_CURVE_WITH_KNOTS('',3,(#10241,#10242,#10243,#10244,#10245),
 .UNSPECIFIED.,.F.,.F.,(4,1,4),(0.,0.000408602131570838,0.000817204263141676),
 .UNSPECIFIED.);
#333=B_SPLINE_CURVE_WITH_KNOTS('',3,(#10248,#10249,#10250,#10251,#10252),
 .UNSPECIFIED.,.F.,.F.,(4,1,4),(0.,0.000409865522126011,0.000819731044252022),
 .UNSPECIFIED.);
#334=B_SPLINE_CURVE_WITH_KNOTS('',3,(#10254,#10255,#10256,#10257,#10258),
 .UNSPECIFIED.,.F.,.F.,(4,1,4),(0.,0.000409797204277302,0.000819594408554605),
 .UNSPECIFIED.);
#335=B_SPLINE_CURVE_WITH_KNOTS('',3,(#10260,#10261,#10262,#10263),
 .UNSPECIFIED.,.F.,.F.,(4,4),(0.,0.000428554754004444),.UNSPECIFIED.);
#336=B_SPLINE_CURVE_WITH_KNOTS('',3,(#10265,#10266,#10267,#10268),
 .UNSPECIFIED.,.F.,.F.,(4,4),(0.,0.000391013589413614),.UNSPECIFIED.);
#337=B_SPLINE_CURVE_WITH_KNOTS('',3,(#10332,#10333,#10334,#10335),
 .UNSPECIFIED.,.F.,.F.,(4,4),(0.,0.000438753054960115),.UNSPECIFIED.);
#338=B_SPLINE_CURVE_WITH_KNOTS('',3,(#10338,#10339,#10340,#10341),
 .UNSPECIFIED.,.F.,.F.,(4,4),(0.,0.000441016763445524),.UNSPECIFIED.);
#339=B_SPLINE_CURVE_WITH_KNOTS('',3,(#10343,#10344,#10345,#10346),
 .UNSPECIFIED.,.F.,.F.,(4,4),(0.,0.000447736215342864),.UNSPECIFIED.);
#340=B_SPLINE_CURVE_WITH_KNOTS('',3,(#10348,#10349,#10350,#10351),
 .UNSPECIFIED.,.F.,.F.,(4,4),(0.,0.000452671760753355),.UNSPECIFIED.);
#341=B_SPLINE_CURVE_WITH_KNOTS('',3,(#10353,#10354,#10355,#10356),
 .UNSPECIFIED.,.F.,.F.,(4,4),(0.,0.00044552480970582),.UNSPECIFIED.);
#342=B_SPLINE_CURVE_WITH_KNOTS('',3,(#10358,#10359,#10360,#10361),
 .UNSPECIFIED.,.F.,.F.,(4,4),(0.,0.000440284014241886),.UNSPECIFIED.);
#343=B_SPLINE_CURVE_WITH_KNOTS('',3,(#10363,#10364,#10365,#10366),
 .UNSPECIFIED.,.F.,.F.,(4,4),(0.,0.000453742627131502),.UNSPECIFIED.);
#344=B_SPLINE_CURVE_WITH_KNOTS('',3,(#10368,#10369,#10370,#10371),
 .UNSPECIFIED.,.F.,.F.,(4,4),(0.,0.000446586606081952),.UNSPECIFIED.);
#345=B_SPLINE_CURVE_WITH_KNOTS('',3,(#10450,#10451,#10452,#10453),
 .UNSPECIFIED.,.F.,.F.,(4,4),(0.,0.00047205301491649),.UNSPECIFIED.);
#346=B_SPLINE_CURVE_WITH_KNOTS('',3,(#10492,#10493,#10494,#10495),
 .UNSPECIFIED.,.F.,.F.,(4,4),(5.20417042793042E-18,0.000596331946273979),
 .UNSPECIFIED.);
#347=B_SPLINE_CURVE_WITH_KNOTS('',3,(#10497,#10498,#10499,#10500),
 .UNSPECIFIED.,.F.,.F.,(4,4),(1.31853742149858E-12,0.000477271696726017),
 .UNSPECIFIED.);
#348=B_SPLINE_CURVE_WITH_KNOTS('',3,(#10502,#10503,#10504,#10505,#10506),
 .UNSPECIFIED.,.F.,.F.,(4,1,4),(5.85469173142172E-18,0.00048461901549722,
0.000969238030994434),.UNSPECIFIED.);
#349=B_SPLINE_CURVE_WITH_KNOTS('',3,(#10508,#10509,#10510,#10511),
 .UNSPECIFIED.,.F.,.F.,(4,4),(0.,0.000577689993797458),.UNSPECIFIED.);
#350=B_SPLINE_CURVE_WITH_KNOTS('',3,(#10513,#10514,#10515,#10516),
 .UNSPECIFIED.,.F.,.F.,(4,4),(0.,0.000819862935757774),.UNSPECIFIED.);
#351=B_SPLINE_CURVE_WITH_KNOTS('',3,(#10524,#10525,#10526,#10527),
 .UNSPECIFIED.,.F.,.F.,(4,4),(0.,0.000875243174324525),.UNSPECIFIED.);
#352=B_SPLINE_CURVE_WITH_KNOTS('',3,(#10529,#10530,#10531,#10532),
 .UNSPECIFIED.,.F.,.F.,(4,4),(0.,0.000566557306406317),.UNSPECIFIED.);
#353=B_SPLINE_CURVE_WITH_KNOTS('',3,(#10534,#10535,#10536,#10537),
 .UNSPECIFIED.,.F.,.F.,(4,4),(0.,0.000611159973090545),.UNSPECIFIED.);
#354=B_SPLINE_CURVE_WITH_KNOTS('',3,(#10539,#10540,#10541,#10542),
 .UNSPECIFIED.,.F.,.F.,(4,4),(2.65113481785379E-17,0.000758103637414863),
 .UNSPECIFIED.);
#355=B_SPLINE_CURVE_WITH_KNOTS('',3,(#10544,#10545,#10546,#10547),
 .UNSPECIFIED.,.F.,.F.,(4,4),(-6.27926247998879E-10,0.000654943019491523),
 .UNSPECIFIED.);
#356=B_SPLINE_CURVE_WITH_KNOTS('',3,(#10549,#10550,#10551,#10552),
 .UNSPECIFIED.,.F.,.F.,(4,4),(1.48742245478129E-7,0.000642167493577236),
 .UNSPECIFIED.);
#357=B_SPLINE_CURVE_WITH_KNOTS('',3,(#10556,#10557,#10558,#10559),
 .UNSPECIFIED.,.F.,.F.,(4,4),(0.,0.00139187637977155),.UNSPECIFIED.);
#358=B_SPLINE_CURVE_WITH_KNOTS('',3,(#10561,#10562,#10563,#10564),
 .UNSPECIFIED.,.F.,.F.,(4,4),(0.,0.00147724715988101),.UNSPECIFIED.);
#359=B_SPLINE_CURVE_WITH_KNOTS('',3,(#10566,#10567,#10568,#10569),
 .UNSPECIFIED.,.F.,.F.,(4,4),(0.,0.00120262115592884),.UNSPECIFIED.);
#360=B_SPLINE_CURVE_WITH_KNOTS('',3,(#10571,#10572,#10573,#10574),
 .UNSPECIFIED.,.F.,.F.,(4,4),(0.,0.000819467095448941),.UNSPECIFIED.);
#361=B_SPLINE_CURVE_WITH_KNOTS('',3,(#10576,#10577,#10578,#10579),
 .UNSPECIFIED.,.F.,.F.,(4,4),(0.,0.000946226646617544),.UNSPECIFIED.);
#362=B_SPLINE_CURVE_WITH_KNOTS('',3,(#10583,#10584,#10585,#10586),
 .UNSPECIFIED.,.F.,.F.,(4,4),(0.,0.000874830860820764),.UNSPECIFIED.);
#363=B_SPLINE_CURVE_WITH_KNOTS('',3,(#10588,#10589,#10590,#10591),
 .UNSPECIFIED.,.F.,.F.,(4,4),(0.,0.000814237512033581),.UNSPECIFIED.);
#364=B_SPLINE_CURVE_WITH_KNOTS('',3,(#10593,#10594,#10595,#10596),
 .UNSPECIFIED.,.F.,.F.,(4,4),(0.,0.000960397294483461),.UNSPECIFIED.);
#365=B_SPLINE_CURVE_WITH_KNOTS('',3,(#10598,#10599,#10600,#10601),
 .UNSPECIFIED.,.F.,.F.,(4,4),(0.,0.00120959029063664),.UNSPECIFIED.);
#366=B_SPLINE_CURVE_WITH_KNOTS('',3,(#10603,#10604,#10605,#10606),
 .UNSPECIFIED.,.F.,.F.,(4,4),(2.18912205448493E-17,0.00163047492249336),
 .UNSPECIFIED.);
#367=B_SPLINE_CURVE_WITH_KNOTS('',3,(#10817,#10818,#10819,#10820),
 .UNSPECIFIED.,.F.,.F.,(4,4),(9.82682813348338E-10,0.00109277739164342),
 .UNSPECIFIED.);
#368=B_SPLINE_CURVE_WITH_KNOTS('',3,(#10823,#10824,#10825,#10826),
 .UNSPECIFIED.,.F.,.F.,(4,4),(-8.67361737988404E-18,0.000362981334774722),
 .UNSPECIFIED.);
#369=B_SPLINE_CURVE_WITH_KNOTS('',3,(#10850,#10851,#10852,#10853),
 .UNSPECIFIED.,.F.,.F.,(4,4),(0.,0.00150151264434103),.UNSPECIFIED.);
#370=B_SPLINE_CURVE_WITH_KNOTS('',3,(#10915,#10916,#10917,#10918),
 .UNSPECIFIED.,.F.,.F.,(4,4),(0.,0.000472053014914987),.UNSPECIFIED.);
#371=B_SPLINE_CURVE_WITH_KNOTS('',3,(#10954,#10955,#10956,#10957),
 .UNSPECIFIED.,.F.,.F.,(4,4),(0.,0.000438753054960114),.UNSPECIFIED.);
#372=B_SPLINE_CURVE_WITH_KNOTS('',3,(#10960,#10961,#10962,#10963),
 .UNSPECIFIED.,.F.,.F.,(4,4),(0.,0.000441016763445525),.UNSPECIFIED.);
#373=B_SPLINE_CURVE_WITH_KNOTS('',3,(#10965,#10966,#10967,#10968),
 .UNSPECIFIED.,.F.,.F.,(4,4),(0.,0.000447736215342866),.UNSPECIFIED.);
#374=B_SPLINE_CURVE_WITH_KNOTS('',3,(#10970,#10971,#10972,#10973),
 .UNSPECIFIED.,.F.,.F.,(4,4),(0.,0.000452671760753353),.UNSPECIFIED.);
#375=B_SPLINE_CURVE_WITH_KNOTS('',3,(#10975,#10976,#10977,#10978),
 .UNSPECIFIED.,.F.,.F.,(4,4),(0.,0.000445524809705826),.UNSPECIFIED.);
#376=B_SPLINE_CURVE_WITH_KNOTS('',3,(#10980,#10981,#10982,#10983),
 .UNSPECIFIED.,.F.,.F.,(4,4),(0.,0.000440284014241882),.UNSPECIFIED.);
#377=B_SPLINE_CURVE_WITH_KNOTS('',3,(#10985,#10986,#10987,#10988),
 .UNSPECIFIED.,.F.,.F.,(4,4),(0.,0.000453742627131503),.UNSPECIFIED.);
#378=B_SPLINE_CURVE_WITH_KNOTS('',3,(#10990,#10991,#10992,#10993),
 .UNSPECIFIED.,.F.,.F.,(4,4),(0.,0.000446586606081951),.UNSPECIFIED.);
#379=B_SPLINE_CURVE_WITH_KNOTS('',3,(#11067,#11068,#11069,#11070,#11071),
 .UNSPECIFIED.,.F.,.F.,(4,1,4),(0.,0.000952983962542761,0.00190596792508552),
 .UNSPECIFIED.);
#380=B_SPLINE_CURVE_WITH_KNOTS('',3,(#11074,#11075,#11076,#11077),
 .UNSPECIFIED.,.F.,.F.,(4,4),(0.,0.00186566627774276),.UNSPECIFIED.);
#381=B_SPLINE_CURVE_WITH_KNOTS('',3,(#11079,#11080,#11081,#11082,#11083),
 .UNSPECIFIED.,.F.,.F.,(4,1,4),(0.,0.000712002289237353,0.00142400457847471),
 .UNSPECIFIED.);
#382=B_SPLINE_CURVE_WITH_KNOTS('',3,(#11085,#11086,#11087,#11088,#11089),
 .UNSPECIFIED.,.F.,.F.,(4,1,4),(0.,0.000719154936515304,0.00143830987303061),
 .UNSPECIFIED.);
#383=B_SPLINE_CURVE_WITH_KNOTS('',3,(#11091,#11092,#11093,#11094,#11095),
 .UNSPECIFIED.,.F.,.F.,(4,1,4),(0.,0.000946996704182705,0.00189399340836541),
 .UNSPECIFIED.);
#384=B_SPLINE_CURVE_WITH_KNOTS('',3,(#11097,#11098,#11099,#11100),
 .UNSPECIFIED.,.F.,.F.,(4,4),(0.,0.00187033645820552),.UNSPECIFIED.);
#385=B_SPLINE_CURVE_WITH_KNOTS('',3,(#11102,#11103,#11104,#11105,#11106),
 .UNSPECIFIED.,.F.,.F.,(4,1,4),(0.,0.000714948698360709,0.00142989739672142),
 .UNSPECIFIED.);
#386=B_SPLINE_CURVE_WITH_KNOTS('',3,(#11108,#11109,#11110,#11111,#11112),
 .UNSPECIFIED.,.F.,.F.,(4,1,4),(0.,0.000716374417917488,0.00143274883583498),
 .UNSPECIFIED.);
#387=B_SPLINE_CURVE_WITH_KNOTS('',3,(#11113,#11114,#11115,#11116),
 .UNSPECIFIED.,.F.,.F.,(4,4),(0.,0.00125914168036512),.UNSPECIFIED.);
#388=B_SPLINE_CURVE_WITH_KNOTS('',3,(#11119,#11120,#11121,#11122),
 .UNSPECIFIED.,.F.,.F.,(4,4),(0.,0.00124527754336323),.UNSPECIFIED.);
#389=B_SPLINE_CURVE_WITH_KNOTS('',3,(#11124,#11125,#11126,#11127,#11128),
 .UNSPECIFIED.,.F.,.F.,(4,1,4),(0.,0.000335002723569831,0.000670005447139663),
 .UNSPECIFIED.);
#390=B_SPLINE_CURVE_WITH_KNOTS('',3,(#11130,#11131,#11132,#11133,#11134),
 .UNSPECIFIED.,.F.,.F.,(4,1,4),(0.,0.000333322051470011,0.000666644102940022),
 .UNSPECIFIED.);
#391=B_SPLINE_CURVE_WITH_KNOTS('',3,(#11136,#11137,#11138,#11139),
 .UNSPECIFIED.,.F.,.F.,(4,4),(0.,0.00125361107540467),.UNSPECIFIED.);
#392=B_SPLINE_CURVE_WITH_KNOTS('',3,(#11141,#11142,#11143,#11144),
 .UNSPECIFIED.,.F.,.F.,(4,4),(0.,0.00125330867551184),.UNSPECIFIED.);
#393=B_SPLINE_CURVE_WITH_KNOTS('',3,(#11146,#11147,#11148,#11149,#11150),
 .UNSPECIFIED.,.F.,.F.,(4,1,4),(0.,0.000334366805537524,0.000668733611075048),
 .UNSPECIFIED.);
#394=B_SPLINE_CURVE_WITH_KNOTS('',3,(#11152,#11153,#11154,#11155,#11156),
 .UNSPECIFIED.,.F.,.F.,(4,1,4),(0.,0.00033246841416227,0.000664936828324539),
 .UNSPECIFIED.);
#395=B_SPLINE_CURVE_WITH_KNOTS('',3,(#11237,#11238,#11239,#11240,#11241),
 .UNSPECIFIED.,.F.,.F.,(4,1,4),(0.,0.000332468135643362,0.000664936271286723),
 .UNSPECIFIED.);
#396=B_SPLINE_CURVE_WITH_KNOTS('',3,(#11254,#11255,#11256,#11257),
 .UNSPECIFIED.,.F.,.F.,(4,4),(0.,0.00125914140336328),.UNSPECIFIED.);
#397=B_SPLINE_CURVE_WITH_KNOTS('',3,(#11268,#11269,#11270,#11271),
 .UNSPECIFIED.,.F.,.F.,(4,4),(0.,0.00124527730824798),.UNSPECIFIED.);
#398=B_SPLINE_CURVE_WITH_KNOTS('',3,(#11282,#11283,#11284,#11285,#11286),
 .UNSPECIFIED.,.F.,.F.,(4,1,4),(0.,0.000335002463244956,0.000670004926489912),
 .UNSPECIFIED.);
#399=B_SPLINE_CURVE_WITH_KNOTS('',3,(#11297,#11298,#11299,#11300,#11301),
 .UNSPECIFIED.,.F.,.F.,(4,1,4),(0.,0.000333321058848987,0.000666642117697974),
 .UNSPECIFIED.);
#400=B_SPLINE_CURVE_WITH_KNOTS('',3,(#11312,#11313,#11314,#11315),
 .UNSPECIFIED.,.F.,.F.,(4,4),(0.,0.00125361055541993),.UNSPECIFIED.);
#401=B_SPLINE_CURVE_WITH_KNOTS('',3,(#11326,#11327,#11328,#11329),
 .UNSPECIFIED.,.F.,.F.,(4,4),(0.,0.00125330824552812),.UNSPECIFIED.);
#402=B_SPLINE_CURVE_WITH_KNOTS('',3,(#11340,#11341,#11342,#11343,#11344),
 .UNSPECIFIED.,.F.,.F.,(4,1,4),(0.,0.000334365870084073,0.000668731740168146),
 .UNSPECIFIED.);
#403=B_SPLINE_CURVE_WITH_KNOTS('',3,(#11346,#11347,#11348,#11349),
 .UNSPECIFIED.,.F.,.F.,(4,4),(0.,0.00047281298536805),.UNSPECIFIED.);
#404=B_SPLINE_CURVE_WITH_KNOTS('',3,(#11352,#11353,#11354,#11355),
 .UNSPECIFIED.,.F.,.F.,(4,4),(0.,0.000606329245049228),.UNSPECIFIED.);
#405=B_SPLINE_CURVE_WITH_KNOTS('',3,(#11363,#11364,#11365,#11366),
 .UNSPECIFIED.,.F.,.F.,(4,4),(0.,0.00107280985433621),.UNSPECIFIED.);
#406=B_SPLINE_CURVE_WITH_KNOTS('',3,(#11368,#11369,#11370,#11371),
 .UNSPECIFIED.,.F.,.F.,(4,4),(6.08700106274991E-18,0.00100598975708111),
 .UNSPECIFIED.);
#407=B_SPLINE_CURVE_WITH_KNOTS('',3,(#11373,#11374,#11375,#11376),
 .UNSPECIFIED.,.F.,.F.,(4,4),(-1.99447916434401E-9,0.000651251696184263),
 .UNSPECIFIED.);
#408=B_SPLINE_CURVE_WITH_KNOTS('',3,(#11378,#11379,#11380,#11381),
 .UNSPECIFIED.,.F.,.F.,(4,4),(-6.44270547285261E-12,0.00058159775614339),
 .UNSPECIFIED.);
#409=B_SPLINE_CURVE_WITH_KNOTS('',3,(#11385,#11386,#11387,#11388,#11389),
 .UNSPECIFIED.,.F.,.F.,(4,1,4),(0.,0.000634572657386596,0.00126914531477319),
 .UNSPECIFIED.);
#410=B_SPLINE_CURVE_WITH_KNOTS('',3,(#11391,#11392,#11393,#11394),
 .UNSPECIFIED.,.F.,.F.,(4,4),(1.78811203067275E-18,0.000648551836000951),
 .UNSPECIFIED.);
#411=B_SPLINE_CURVE_WITH_KNOTS('',3,(#11396,#11397,#11398,#11399),
 .UNSPECIFIED.,.F.,.F.,(4,4),(4.79005743213835E-13,0.000574536690086523),
 .UNSPECIFIED.);
#412=B_SPLINE_CURVE_WITH_KNOTS('',3,(#11413,#11414,#11415,#11416),
 .UNSPECIFIED.,.F.,.F.,(4,4),(0.,0.00092905474331976),.UNSPECIFIED.);
#413=B_SPLINE_CURVE_WITH_KNOTS('',3,(#11418,#11419,#11420,#11421),
 .UNSPECIFIED.,.F.,.F.,(4,4),(0.,0.000637280995715345),.UNSPECIFIED.);
#414=B_SPLINE_CURVE_WITH_KNOTS('',3,(#11423,#11424,#11425,#11426),
 .UNSPECIFIED.,.F.,.F.,(4,4),(0.,0.000474405384817072),.UNSPECIFIED.);
#415=B_SPLINE_CURVE_WITH_KNOTS('',3,(#11428,#11429,#11430,#11431),
 .UNSPECIFIED.,.F.,.F.,(4,4),(0.,0.000606219335925244),.UNSPECIFIED.);
#416=B_SPLINE_CURVE_WITH_KNOTS('',3,(#11439,#11440,#11441,#11442),
 .UNSPECIFIED.,.F.,.F.,(4,4),(0.,0.000841575588420314),.UNSPECIFIED.);
#417=B_SPLINE_CURVE_WITH_KNOTS('',3,(#11444,#11445,#11446,#11447),
 .UNSPECIFIED.,.F.,.F.,(4,4),(0.,0.000615849935025597),.UNSPECIFIED.);
#418=B_SPLINE_CURVE_WITH_KNOTS('',3,(#11589,#11590,#11591,#11592),
 .UNSPECIFIED.,.F.,.F.,(4,4),(0.,0.000549551085274922),.UNSPECIFIED.);
#419=B_SPLINE_CURVE_WITH_KNOTS('',3,(#11595,#11596,#11597,#11598),
 .UNSPECIFIED.,.F.,.F.,(4,4),(0.,0.000566603432608038),.UNSPECIFIED.);
#420=B_SPLINE_CURVE_WITH_KNOTS('',3,(#11600,#11601,#11602,#11603),
 .UNSPECIFIED.,.F.,.F.,(4,4),(0.,0.000726502492465606),.UNSPECIFIED.);
#421=B_SPLINE_CURVE_WITH_KNOTS('',3,(#11611,#11612,#11613,#11614),
 .UNSPECIFIED.,.F.,.F.,(4,4),(0.,0.000729283138753393),.UNSPECIFIED.);
#422=B_SPLINE_CURVE_WITH_KNOTS('',3,(#11615,#11616,#11617,#11618),
 .UNSPECIFIED.,.F.,.F.,(4,4),(0.,0.00247049379927421),.UNSPECIFIED.);
#423=B_SPLINE_CURVE_WITH_KNOTS('',3,(#11621,#11622,#11623,#11624),
 .UNSPECIFIED.,.F.,.F.,(4,4),(6.94228120891928E-19,0.000831225825343323),
 .UNSPECIFIED.);
#424=B_SPLINE_CURVE_WITH_KNOTS('',3,(#11626,#11627,#11628,#11629),
 .UNSPECIFIED.,.F.,.F.,(4,4),(5.73912508332195E-14,0.00077988903677708),
 .UNSPECIFIED.);
#425=B_SPLINE_CURVE_WITH_KNOTS('',3,(#11631,#11632,#11633,#11634),
 .UNSPECIFIED.,.F.,.F.,(4,4),(1.83995210002005E-18,0.00120046384580822),
 .UNSPECIFIED.);
#426=B_SPLINE_CURVE_WITH_KNOTS('',3,(#11636,#11637,#11638,#11639),
 .UNSPECIFIED.,.F.,.F.,(4,4),(0.,0.00148724153564049),.UNSPECIFIED.);
#427=B_SPLINE_CURVE_WITH_KNOTS('',3,(#11676,#11677,#11678,#11679),
 .UNSPECIFIED.,.F.,.F.,(4,4),(0.,0.000726501053681799),.UNSPECIFIED.);
#428=B_SPLINE_CURVE_WITH_KNOTS('',3,(#11690,#11691,#11692,#11693),
 .UNSPECIFIED.,.F.,.F.,(4,4),(0.,0.000566602935659719),.UNSPECIFIED.);
#429=B_SPLINE_CURVE_WITH_KNOTS('',3,(#11704,#11705,#11706,#11707),
 .UNSPECIFIED.,.F.,.F.,(4,4),(0.,0.000549550637929584),.UNSPECIFIED.);
#430=B_SPLINE_CURVE_WITH_KNOTS('',3,(#11718,#11719,#11720,#11721),
 .UNSPECIFIED.,.F.,.F.,(4,4),(0.,0.000729281481881611),.UNSPECIFIED.);
#431=B_SPLINE_CURVE_WITH_KNOTS('',3,(#11769,#11770,#11771,#11772),
 .UNSPECIFIED.,.F.,.F.,(4,4),(0.,0.000570785484871099),.UNSPECIFIED.);
#432=B_SPLINE_CURVE_WITH_KNOTS('',3,(#11775,#11776,#11777,#11778),
 .UNSPECIFIED.,.F.,.F.,(4,4),(0.,0.000596943470604225),.UNSPECIFIED.);
#433=B_SPLINE_CURVE_WITH_KNOTS('',3,(#11780,#11781,#11782,#11783),
 .UNSPECIFIED.,.F.,.F.,(4,4),(0.,0.000725196267209993),.UNSPECIFIED.);
#434=B_SPLINE_CURVE_WITH_KNOTS('',3,(#11791,#11792,#11793,#11794),
 .UNSPECIFIED.,.F.,.F.,(4,4),(0.,0.000632323933089028),.UNSPECIFIED.);
#435=B_SPLINE_CURVE_WITH_KNOTS('',3,(#11804,#11805,#11806,#11807),
 .UNSPECIFIED.,.F.,.F.,(4,4),(0.,0.00143314246313598),.UNSPECIFIED.);
#436=B_SPLINE_CURVE_WITH_KNOTS('',3,(#11809,#11810,#11811,#11812),
 .UNSPECIFIED.,.F.,.F.,(4,4),(0.,0.00130005645131048),.UNSPECIFIED.);
#437=B_SPLINE_CURVE_WITH_KNOTS('',3,(#11814,#11815,#11816,#11817),
 .UNSPECIFIED.,.F.,.F.,(4,4),(0.,0.00122414064053404),.UNSPECIFIED.);
#438=B_SPLINE_CURVE_WITH_KNOTS('',3,(#11819,#11820,#11821,#11822),
 .UNSPECIFIED.,.F.,.F.,(4,4),(0.,0.00137963059158243),.UNSPECIFIED.);
#439=B_SPLINE_CURVE_WITH_KNOTS('',3,(#11847,#11848,#11849,#11850),
 .UNSPECIFIED.,.F.,.F.,(4,4),(0.,0.000725194879414469),.UNSPECIFIED.);
#440=B_SPLINE_CURVE_WITH_KNOTS('',3,(#11861,#11862,#11863,#11864),
 .UNSPECIFIED.,.F.,.F.,(4,4),(0.,0.00059694177793445),.UNSPECIFIED.);
#441=B_SPLINE_CURVE_WITH_KNOTS('',3,(#11875,#11876,#11877,#11878),
 .UNSPECIFIED.,.F.,.F.,(4,4),(0.,0.000570784172506724),.UNSPECIFIED.);
#442=B_SPLINE_CURVE_WITH_KNOTS('',3,(#11889,#11890,#11891,#11892),
 .UNSPECIFIED.,.F.,.F.,(4,4),(0.,0.000632322415570388),.UNSPECIFIED.);
#443=B_SPLINE_CURVE_WITH_KNOTS('',3,(#11946,#11947,#11948,#11949),
 .UNSPECIFIED.,.F.,.F.,(4,4),(0.,0.000472053014915344),.UNSPECIFIED.);
#444=ELLIPSE('',#6404,0.0375593167548687,0.0235);
#445=ELLIPSE('',#6405,0.0300389159426496,0.0235);
#446=ELLIPSE('',#6408,1.02017070140246,0.0235);
#447=ELLIPSE('',#6409,0.74453762683815,0.0235);
#448=ELLIPSE('',#6410,0.0301506900377183,0.0235);
#449=ELLIPSE('',#6415,0.0444749582863561,0.0235);
#450=ELLIPSE('',#6422,0.0853647763119546,0.0235);
#451=ELLIPSE('',#6430,0.0274980217635202,0.0235);
#452=ELLIPSE('',#6431,0.0673015717277449,0.0235);
#453=ELLIPSE('',#6434,0.0614617230703612,0.0235);
#454=ELLIPSE('',#6435,0.0375593167548687,0.0235);
#455=ELLIPSE('',#6436,0.0300389159426497,0.0235);
#456=ELLIPSE('',#6439,1.02017070140246,0.0235);
#457=ELLIPSE('',#6440,0.74453762683815,0.0235);
#458=ELLIPSE('',#6441,0.0301506900377184,0.0235);
#459=ELLIPSE('',#6442,0.0463869932650179,0.0235);
#460=ELLIPSE('',#6444,0.0439457354902313,0.0235);
#461=ELLIPSE('',#6445,0.0422007384970643,0.0235);
#462=ELLIPSE('',#6447,0.0448507594430557,0.0235);
#463=ELLIPSE('',#6448,0.044881401537434,0.0235);
#464=ELLIPSE('',#6450,0.0434285774882492,0.0235);
#465=ELLIPSE('',#6451,0.043536520217828,0.0235);
#466=ELLIPSE('',#6453,0.0457577312133608,0.0235);
#467=ELLIPSE('',#6457,0.0647526422236592,0.0235);
#468=ELLIPSE('',#6459,0.0235115096295831,0.0235);
#469=ELLIPSE('',#6460,0.053483816636206,0.0235);
#470=ELLIPSE('',#6463,0.0375593167548687,0.0235);
#471=ELLIPSE('',#6464,0.0300389159426497,0.0235);
#472=ELLIPSE('',#6467,1.02017070140246,0.0235);
#473=ELLIPSE('',#6468,0.74453762683815,0.0235);
#474=ELLIPSE('',#6469,0.0301506900377183,0.0235);
#475=ELLIPSE('',#6470,0.0421249455850535,0.0235);
#476=ELLIPSE('',#6474,0.0587083051419999,0.0235);
#477=ELLIPSE('',#6476,0.056476324696591,0.0235);
#478=ELLIPSE('',#6479,0.0751467528739682,0.0235);
#479=ELLIPSE('',#6481,0.080092429435575,0.0235);
#480=ELLIPSE('',#6485,0.0795087617480425,0.0235);
#481=ELLIPSE('',#6487,0.0753444601224733,0.0235);
#482=ELLIPSE('',#6490,0.0375593167548687,0.0235);
#483=ELLIPSE('',#6491,0.0300389159426497,0.0235);
#484=ELLIPSE('',#6494,1.02017070140246,0.0235);
#485=ELLIPSE('',#6495,0.74453762683815,0.0235);
#486=ELLIPSE('',#6496,0.0301506900377183,0.0235);
#487=ELLIPSE('',#6564,0.0453999372657766,0.02299995);
#488=ELLIPSE('',#6565,0.0447840651072654,0.02299995);
#489=ELLIPSE('',#6567,0.0426101186461291,0.02299995);
#490=ELLIPSE('',#6568,0.0425044728000364,0.02299995);
#491=ELLIPSE('',#6570,0.0439263826081236,0.02299995);
#492=ELLIPSE('',#6571,0.0438963925383961,0.02299995);
#493=ELLIPSE('',#6573,0.04130276065513,0.02299995);
#494=ELLIPSE('',#6574,0.0430106263399381,0.02299995);
#495=ELLIPSE('',#6589,0.0367601024423891,0.02299995);
#496=ELLIPSE('',#6590,0.0295091218439583,0.02299995);
#497=ELLIPSE('',#6591,0.7286948166126,0.02299995);
#498=ELLIPSE('',#6592,0.998462771222196,0.02299995);
#499=ELLIPSE('',#6595,0.0293997261589423,0.02299995);
#500=ELLIPSE('',#6607,0.0601538960651981,0.02299995);
#501=ELLIPSE('',#6624,0.0658694801982786,0.02299995);
#502=ELLIPSE('',#6625,0.02691289896425,0.02299995);
#503=ELLIPSE('',#6647,0.0523457492954003,0.02299995);
#504=ELLIPSE('',#6648,0.0230112147193587,0.02299995);
#505=ELLIPSE('',#6650,0.0633747886600873,0.02299995);
#506=ELLIPSE('',#6652,0.0230142190865449,0.02299995);
#507=ELLIPSE('',#6661,0.0235145793157727,0.0235);
#508=ELLIPSE('',#6673,0.0367601024423891,0.02299995);
#509=ELLIPSE('',#6674,0.0295091218439583,0.02299995);
#510=ELLIPSE('',#6675,0.7286948166126,0.02299995);
#511=ELLIPSE('',#6676,0.998462771222195,0.02299995);
#512=ELLIPSE('',#6679,0.0293997261589423,0.02299995);
#513=ELLIPSE('',#6691,0.0412285805195299,0.02299995);
#514=ELLIPSE('',#6706,0.0552745806044834,0.02299995);
#515=ELLIPSE('',#6708,0.0574590673553507,0.02299995);
#516=ELLIPSE('',#6719,0.0737412261954843,0.02299995);
#517=ELLIPSE('',#6721,0.0778169167985911,0.02299995);
#518=ELLIPSE('',#6725,0.0783881647828406,0.02299995);
#519=ELLIPSE('',#6727,0.0735477259048351,0.02299995);
#520=ELLIPSE('',#6748,0.0367601024423891,0.02299995);
#521=ELLIPSE('',#6749,0.0295091218439583,0.02299995);
#522=ELLIPSE('',#6750,0.7286948166126,0.02299995);
#523=ELLIPSE('',#6751,0.998462771222195,0.02299995);
#524=ELLIPSE('',#6754,0.0293997261589423,0.02299995);
#525=ELLIPSE('',#6771,0.0835483228483464,0.02299995);
#526=ELLIPSE('',#6797,0.0435285879505649,0.02299995);
#527=ELLIPSE('',#6832,0.0367601024423891,0.02299995);
#528=ELLIPSE('',#6833,0.0295091218439583,0.02299995);
#529=ELLIPSE('',#6834,0.7286948166126,0.02299995);
#530=ELLIPSE('',#6835,0.998462771222195,0.02299995);
#531=ELLIPSE('',#6838,0.0293997261589423,0.02299995);
#532=SHAPE_REPRESENTATION_RELATIONSHIP('','',#6380,#534);
#533=SHAPE_REPRESENTATION_RELATIONSHIP('','',#6381,#535);
#534=ADVANCED_BREP_SHAPE_REPRESENTATION('',(#6376),#11988);
#535=ADVANCED_BREP_SHAPE_REPRESENTATION('',(#6377),#11989);
#536=CYLINDRICAL_SURFACE('',#6386,0.0225);
#537=CYLINDRICAL_SURFACE('',#6393,0.0185);
#538=CYLINDRICAL_SURFACE('',#6396,0.0010675);
#539=CYLINDRICAL_SURFACE('',#6399,0.002);
#540=CYLINDRICAL_SURFACE('',#6403,0.0235);
#541=CYLINDRICAL_SURFACE('',#6514,0.0225);
#542=CYLINDRICAL_SURFACE('',#6527,0.001);
#543=CYLINDRICAL_SURFACE('',#6535,0.001);
#544=CYLINDRICAL_SURFACE('',#6537,0.001);
#545=CYLINDRICAL_SURFACE('',#6539,0.001);
#546=CYLINDRICAL_SURFACE('',#6546,0.001);
#547=CYLINDRICAL_SURFACE('',#6547,0.001);
#548=CYLINDRICAL_SURFACE('',#6549,0.001);
#549=CYLINDRICAL_SURFACE('',#6554,0.001);
#550=CYLINDRICAL_SURFACE('',#6558,0.001);
#551=CYLINDRICAL_SURFACE('',#6561,0.001);
#552=CYLINDRICAL_SURFACE('',#6563,0.02299995);
#553=CYLINDRICAL_SURFACE('',#6588,0.02299995);
#554=CYLINDRICAL_SURFACE('',#6599,0.00569990180667176);
#555=CYLINDRICAL_SURFACE('',#6606,0.02299995);
#556=CYLINDRICAL_SURFACE('',#6608,0.000679736516032923);
#557=CYLINDRICAL_SURFACE('',#6609,0.000425835000569392);
#558=CYLINDRICAL_SURFACE('',#6610,0.000432448824870804);
#559=CYLINDRICAL_SURFACE('',#6611,0.00199589288253201);
#560=CYLINDRICAL_SURFACE('',#6613,0.00478198302652494);
#561=CYLINDRICAL_SURFACE('',#6614,0.00276988217808047);
#562=CYLINDRICAL_SURFACE('',#6615,0.00145294075653997);
#563=CYLINDRICAL_SURFACE('',#6616,0.000862204856976417);
#564=CYLINDRICAL_SURFACE('',#6617,0.000411676423821318);
#565=CYLINDRICAL_SURFACE('',#6618,0.00240708941411259);
#566=CYLINDRICAL_SURFACE('',#6620,0.02299995);
#567=CYLINDRICAL_SURFACE('',#6639,0.02299995);
#568=CYLINDRICAL_SURFACE('',#6646,0.02299995);
#569=CYLINDRICAL_SURFACE('',#6663,0.02299995);
#570=CYLINDRICAL_SURFACE('',#6664,0.02299995);
#571=CYLINDRICAL_SURFACE('',#6671,0.02299995);
#572=CYLINDRICAL_SURFACE('',#6672,0.02299995);
#573=CYLINDRICAL_SURFACE('',#6683,0.00569990175412677);
#574=CYLINDRICAL_SURFACE('',#6690,0.02299995);
#575=CYLINDRICAL_SURFACE('',#6695,0.00153192059941187);
#576=CYLINDRICAL_SURFACE('',#6699,0.0025260776683888);
#577=CYLINDRICAL_SURFACE('',#6700,0.00307108923490763);
#578=CYLINDRICAL_SURFACE('',#6703,0.02299995);
#579=CYLINDRICAL_SURFACE('',#6716,0.02299995);
#580=CYLINDRICAL_SURFACE('',#6730,0.107787110800496);
#581=CYLINDRICAL_SURFACE('',#6731,0.0148330649235576);
#582=CYLINDRICAL_SURFACE('',#6747,0.02299995);
#583=CYLINDRICAL_SURFACE('',#6758,0.00569990173471455);
#584=CYLINDRICAL_SURFACE('',#6765,0.02299995);
#585=CYLINDRICAL_SURFACE('',#6766,0.02299995);
#586=CYLINDRICAL_SURFACE('',#6767,0.02299995);
#587=CYLINDRICAL_SURFACE('',#6778,0.00142216167149918);
#588=CYLINDRICAL_SURFACE('',#6779,0.000969837562815232);
#589=CYLINDRICAL_SURFACE('',#6781,0.000993912277843298);
#590=CYLINDRICAL_SURFACE('',#6791,0.02299995);
#591=CYLINDRICAL_SURFACE('',#6805,0.23015063140157);
#592=CYLINDRICAL_SURFACE('',#6806,0.00124569149918731);
#593=CYLINDRICAL_SURFACE('',#6813,0.0235);
#594=CYLINDRICAL_SURFACE('',#6814,0.02299995);
#595=CYLINDRICAL_SURFACE('',#6830,0.0235);
#596=CYLINDRICAL_SURFACE('',#6831,0.02299995);
#597=CYLINDRICAL_SURFACE('',#6842,0.00569990175340283);
#598=CYLINDRICAL_SURFACE('',#6849,0.0235);
#599=CYLINDRICAL_SURFACE('',#6850,0.0235);
#600=CIRCLE('',#6384,0.0010675);
#601=CIRCLE('',#6385,0.002);
#602=CIRCLE('',#6387,0.0225);
#603=CIRCLE('',#6388,0.0225);
#604=CIRCLE('',#6390,0.0185);
#605=CIRCLE('',#6392,0.0185);
#606=CIRCLE('',#6397,0.0010675);
#607=CIRCLE('',#6400,0.002);
#608=CIRCLE('',#6406,0.0235);
#609=CIRCLE('',#6407,0.0235);
#610=CIRCLE('',#6411,0.0235);
#611=CIRCLE('',#6412,0.0235);
#612=CIRCLE('',#6413,0.0235);
#613=CIRCLE('',#6414,0.0235);
#614=CIRCLE('',#6416,0.0235);
#615=CIRCLE('',#6417,0.0235);
#616=CIRCLE('',#6418,0.0235);
#617=CIRCLE('',#6419,0.0235);
#618=CIRCLE('',#6420,0.0235);
#619=CIRCLE('',#6421,0.0235);
#620=CIRCLE('',#6423,0.0235);
#621=CIRCLE('',#6424,0.0235);
#622=CIRCLE('',#6425,0.0235);
#623=CIRCLE('',#6426,0.0235);
#624=CIRCLE('',#6427,0.0235);
#625=CIRCLE('',#6428,0.0235);
#626=CIRCLE('',#6429,0.0235);
#627=CIRCLE('',#6432,0.0235);
#628=CIRCLE('',#6433,0.0235);
#629=CIRCLE('',#6437,0.0235);
#630=CIRCLE('',#6438,0.0235);
#631=CIRCLE('',#6443,0.0235);
#632=CIRCLE('',#6446,0.0235);
#633=CIRCLE('',#6449,0.0235);
#634=CIRCLE('',#6452,0.0235);
#635=CIRCLE('',#6454,0.0235);
#636=CIRCLE('',#6455,0.0235);
#637=CIRCLE('',#6456,0.0235);
#638=CIRCLE('',#6458,0.0235);
#639=CIRCLE('',#6461,0.0235);
#640=CIRCLE('',#6462,0.0235);
#641=CIRCLE('',#6465,0.0235);
#642=CIRCLE('',#6466,0.0235);
#643=CIRCLE('',#6471,0.0235);
#644=CIRCLE('',#6472,0.0235);
#645=CIRCLE('',#6473,0.0235);
#646=CIRCLE('',#6475,0.0235);
#647=CIRCLE('',#6477,0.0235);
#648=CIRCLE('',#6478,0.0235);
#649=CIRCLE('',#6480,0.0235);
#650=CIRCLE('',#6482,0.0235);
#651=CIRCLE('',#6483,0.0235);
#652=CIRCLE('',#6484,0.0235);
#653=CIRCLE('',#6486,0.0235);
#654=CIRCLE('',#6488,0.0235);
#655=CIRCLE('',#6489,0.0235);
#656=CIRCLE('',#6492,0.0235);
#657=CIRCLE('',#6493,0.0235);
#658=CIRCLE('',#6498,0.003);
#659=CIRCLE('',#6500,0.003);
#660=CIRCLE('',#6501,0.0020675);
#661=CIRCLE('',#6503,0.003);
#662=CIRCLE('',#6505,0.002);
#663=CIRCLE('',#6506,0.0010675);
#664=CIRCLE('',#6509,0.0225);
#665=CIRCLE('',#6510,0.0185);
#666=CIRCLE('',#6512,0.0185);
#667=CIRCLE('',#6513,0.0225);
#668=CIRCLE('',#6516,0.0225);
#669=CIRCLE('',#6517,0.0195);
#670=CIRCLE('',#6519,0.0195);
#671=CIRCLE('',#6520,0.0225);
#672=CIRCLE('',#6522,0.003);
#673=CIRCLE('',#6523,0.0020675);
#674=CIRCLE('',#6528,0.001);
#675=CIRCLE('',#6532,0.001);
#676=CIRCLE('',#6533,0.001);
#677=CIRCLE('',#6536,0.001);
#678=CIRCLE('',#6538,0.001);
#679=CIRCLE('',#6540,0.001);
#680=CIRCLE('',#6542,0.001);
#681=CIRCLE('',#6544,0.001);
#682=CIRCLE('',#6545,0.001);
#683=CIRCLE('',#6548,0.001);
#684=CIRCLE('',#6550,0.001);
#685=CIRCLE('',#6553,0.001);
#686=CIRCLE('',#6557,0.001);
#687=CIRCLE('',#6559,0.001);
#688=CIRCLE('',#6560,0.001);
#689=CIRCLE('',#6562,0.001);
#690=CIRCLE('',#6566,0.02299995);
#691=CIRCLE('',#6569,0.02299995);
#692=CIRCLE('',#6572,0.02299995);
#693=CIRCLE('',#6575,0.02299995);
#694=CIRCLE('',#6593,0.02299995);
#695=CIRCLE('',#6594,0.02299995);
#696=CIRCLE('',#6621,0.02299995);
#697=CIRCLE('',#6622,0.02299995);
#698=CIRCLE('',#6623,0.02299995);
#699=CIRCLE('',#6626,0.02299995);
#700=CIRCLE('',#6640,0.02299995);
#701=CIRCLE('',#6641,0.02299995);
#702=CIRCLE('',#6649,0.02299995);
#703=CIRCLE('',#6651,0.02299995);
#704=CIRCLE('',#6665,0.02299995);
#705=CIRCLE('',#6666,0.02299995);
#706=CIRCLE('',#6677,0.02299995);
#707=CIRCLE('',#6678,0.02299995);
#708=CIRCLE('',#6692,0.02299995);
#709=CIRCLE('',#6693,0.02299995);
#710=CIRCLE('',#6704,0.02299995);
#711=CIRCLE('',#6705,0.02299995);
#712=CIRCLE('',#6707,0.02299995);
#713=CIRCLE('',#6717,0.02299995);
#714=CIRCLE('',#6718,0.02299995);
#715=CIRCLE('',#6720,0.02299995);
#716=CIRCLE('',#6722,0.02299995);
#717=CIRCLE('',#6723,0.02299995);
#718=CIRCLE('',#6724,0.02299995);
#719=CIRCLE('',#6726,0.02299995);
#720=CIRCLE('',#6728,0.02299995);
#721=CIRCLE('',#6752,0.02299995);
#722=CIRCLE('',#6753,0.02299995);
#723=CIRCLE('',#6768,0.02299995);
#724=CIRCLE('',#6769,0.02299995);
#725=CIRCLE('',#6770,0.02299995);
#726=CIRCLE('',#6772,0.02299995);
#727=CIRCLE('',#6773,0.02299995);
#728=CIRCLE('',#6774,0.02299995);
#729=CIRCLE('',#6792,0.02299995);
#730=CIRCLE('',#6793,0.02299995);
#731=CIRCLE('',#6794,0.02299995);
#732=CIRCLE('',#6795,0.02299995);
#733=CIRCLE('',#6796,0.02299995);
#734=CIRCLE('',#6798,0.02299995);
#735=CIRCLE('',#6800,0.0235);
#736=CIRCLE('',#6803,0.0235);
#737=CIRCLE('',#6815,0.02299995);
#738=CIRCLE('',#6816,0.02299995);
#739=CIRCLE('',#6817,0.02299995);
#740=CIRCLE('',#6818,0.02299995);
#741=CIRCLE('',#6819,0.02299995);
#742=CIRCLE('',#6821,0.0235);
#743=CIRCLE('',#6824,0.0235);
#744=CIRCLE('',#6836,0.02299995);
#745=CIRCLE('',#6837,0.02299995);
#746=ORIENTED_EDGE('',*,*,#2642,.T.);
#747=ORIENTED_EDGE('',*,*,#2643,.F.);
#748=ORIENTED_EDGE('',*,*,#2644,.F.);
#749=ORIENTED_EDGE('',*,*,#2645,.T.);
#750=ORIENTED_EDGE('',*,*,#2646,.T.);
#751=ORIENTED_EDGE('',*,*,#2647,.F.);
#752=ORIENTED_EDGE('',*,*,#2645,.F.);
#753=ORIENTED_EDGE('',*,*,#2648,.F.);
#754=ORIENTED_EDGE('',*,*,#2649,.F.);
#755=ORIENTED_EDGE('',*,*,#2650,.T.);
#756=ORIENTED_EDGE('',*,*,#2651,.T.);
#757=ORIENTED_EDGE('',*,*,#2648,.T.);
#758=ORIENTED_EDGE('',*,*,#2644,.T.);
#759=ORIENTED_EDGE('',*,*,#2652,.T.);
#760=ORIENTED_EDGE('',*,*,#2653,.F.);
#761=ORIENTED_EDGE('',*,*,#2650,.F.);
#762=ORIENTED_EDGE('',*,*,#2654,.F.);
#763=ORIENTED_EDGE('',*,*,#2655,.F.);
#764=ORIENTED_EDGE('',*,*,#2642,.F.);
#765=ORIENTED_EDGE('',*,*,#2656,.T.);
#766=ORIENTED_EDGE('',*,*,#2653,.T.);
#767=ORIENTED_EDGE('',*,*,#2656,.F.);
#768=ORIENTED_EDGE('',*,*,#2654,.T.);
#769=ORIENTED_EDGE('',*,*,#2649,.T.);
#770=ORIENTED_EDGE('',*,*,#2651,.F.);
#771=ORIENTED_EDGE('',*,*,#2657,.T.);
#772=ORIENTED_EDGE('',*,*,#2655,.T.);
#773=ORIENTED_EDGE('',*,*,#2657,.F.);
#774=ORIENTED_EDGE('',*,*,#2652,.F.);
#775=ORIENTED_EDGE('',*,*,#2643,.T.);
#776=ORIENTED_EDGE('',*,*,#2658,.T.);
#777=ORIENTED_EDGE('',*,*,#2646,.F.);
#778=ORIENTED_EDGE('',*,*,#2658,.F.);
#779=ORIENTED_EDGE('',*,*,#2659,.F.);
#780=ORIENTED_EDGE('',*,*,#2647,.T.);
#781=ORIENTED_EDGE('',*,*,#2659,.T.);
#782=ORIENTED_EDGE('',*,*,#2660,.T.);
#783=ORIENTED_EDGE('',*,*,#2661,.T.);
#784=ORIENTED_EDGE('',*,*,#2662,.T.);
#785=ORIENTED_EDGE('',*,*,#2663,.T.);
#786=ORIENTED_EDGE('',*,*,#2664,.T.);
#787=ORIENTED_EDGE('',*,*,#2665,.T.);
#788=ORIENTED_EDGE('',*,*,#2666,.T.);
#789=ORIENTED_EDGE('',*,*,#2667,.T.);
#790=ORIENTED_EDGE('',*,*,#2668,.T.);
#791=ORIENTED_EDGE('',*,*,#2669,.T.);
#792=ORIENTED_EDGE('',*,*,#2670,.T.);
#793=ORIENTED_EDGE('',*,*,#2671,.T.);
#794=ORIENTED_EDGE('',*,*,#2672,.T.);
#795=ORIENTED_EDGE('',*,*,#2673,.T.);
#796=ORIENTED_EDGE('',*,*,#2674,.T.);
#797=ORIENTED_EDGE('',*,*,#2675,.T.);
#798=ORIENTED_EDGE('',*,*,#2676,.T.);
#799=ORIENTED_EDGE('',*,*,#2677,.T.);
#800=ORIENTED_EDGE('',*,*,#2678,.T.);
#801=ORIENTED_EDGE('',*,*,#2679,.T.);
#802=ORIENTED_EDGE('',*,*,#2680,.T.);
#803=ORIENTED_EDGE('',*,*,#2681,.T.);
#804=ORIENTED_EDGE('',*,*,#2682,.T.);
#805=ORIENTED_EDGE('',*,*,#2683,.T.);
#806=ORIENTED_EDGE('',*,*,#2684,.T.);
#807=ORIENTED_EDGE('',*,*,#2685,.T.);
#808=ORIENTED_EDGE('',*,*,#2686,.T.);
#809=ORIENTED_EDGE('',*,*,#2687,.T.);
#810=ORIENTED_EDGE('',*,*,#2688,.T.);
#811=ORIENTED_EDGE('',*,*,#2689,.T.);
#812=ORIENTED_EDGE('',*,*,#2690,.T.);
#813=ORIENTED_EDGE('',*,*,#2691,.T.);
#814=ORIENTED_EDGE('',*,*,#2692,.T.);
#815=ORIENTED_EDGE('',*,*,#2693,.T.);
#816=ORIENTED_EDGE('',*,*,#2694,.T.);
#817=ORIENTED_EDGE('',*,*,#2695,.T.);
#818=ORIENTED_EDGE('',*,*,#2696,.T.);
#819=ORIENTED_EDGE('',*,*,#2697,.T.);
#820=ORIENTED_EDGE('',*,*,#2698,.T.);
#821=ORIENTED_EDGE('',*,*,#2699,.T.);
#822=ORIENTED_EDGE('',*,*,#2700,.T.);
#823=ORIENTED_EDGE('',*,*,#2701,.T.);
#824=ORIENTED_EDGE('',*,*,#2702,.T.);
#825=ORIENTED_EDGE('',*,*,#2703,.T.);
#826=ORIENTED_EDGE('',*,*,#2704,.T.);
#827=ORIENTED_EDGE('',*,*,#2705,.T.);
#828=ORIENTED_EDGE('',*,*,#2706,.T.);
#829=ORIENTED_EDGE('',*,*,#2707,.T.);
#830=ORIENTED_EDGE('',*,*,#2708,.T.);
#831=ORIENTED_EDGE('',*,*,#2709,.T.);
#832=ORIENTED_EDGE('',*,*,#2710,.T.);
#833=ORIENTED_EDGE('',*,*,#2711,.T.);
#834=ORIENTED_EDGE('',*,*,#2712,.T.);
#835=ORIENTED_EDGE('',*,*,#2713,.T.);
#836=ORIENTED_EDGE('',*,*,#2714,.T.);
#837=ORIENTED_EDGE('',*,*,#2715,.T.);
#838=ORIENTED_EDGE('',*,*,#2716,.T.);
#839=ORIENTED_EDGE('',*,*,#2717,.T.);
#840=ORIENTED_EDGE('',*,*,#2718,.T.);
#841=ORIENTED_EDGE('',*,*,#2719,.T.);
#842=ORIENTED_EDGE('',*,*,#2720,.T.);
#843=ORIENTED_EDGE('',*,*,#2721,.T.);
#844=ORIENTED_EDGE('',*,*,#2722,.T.);
#845=ORIENTED_EDGE('',*,*,#2723,.T.);
#846=ORIENTED_EDGE('',*,*,#2724,.T.);
#847=ORIENTED_EDGE('',*,*,#2725,.T.);
#848=ORIENTED_EDGE('',*,*,#2726,.T.);
#849=ORIENTED_EDGE('',*,*,#2727,.T.);
#850=ORIENTED_EDGE('',*,*,#2728,.T.);
#851=ORIENTED_EDGE('',*,*,#2729,.T.);
#852=ORIENTED_EDGE('',*,*,#2730,.T.);
#853=ORIENTED_EDGE('',*,*,#2731,.T.);
#854=ORIENTED_EDGE('',*,*,#2732,.T.);
#855=ORIENTED_EDGE('',*,*,#2733,.T.);
#856=ORIENTED_EDGE('',*,*,#2734,.T.);
#857=ORIENTED_EDGE('',*,*,#2735,.T.);
#858=ORIENTED_EDGE('',*,*,#2736,.T.);
#859=ORIENTED_EDGE('',*,*,#2737,.T.);
#860=ORIENTED_EDGE('',*,*,#2738,.T.);
#861=ORIENTED_EDGE('',*,*,#2739,.T.);
#862=ORIENTED_EDGE('',*,*,#2740,.T.);
#863=ORIENTED_EDGE('',*,*,#2741,.T.);
#864=ORIENTED_EDGE('',*,*,#2742,.T.);
#865=ORIENTED_EDGE('',*,*,#2743,.T.);
#866=ORIENTED_EDGE('',*,*,#2744,.T.);
#867=ORIENTED_EDGE('',*,*,#2745,.T.);
#868=ORIENTED_EDGE('',*,*,#2746,.T.);
#869=ORIENTED_EDGE('',*,*,#2747,.T.);
#870=ORIENTED_EDGE('',*,*,#2748,.T.);
#871=ORIENTED_EDGE('',*,*,#2749,.T.);
#872=ORIENTED_EDGE('',*,*,#2750,.T.);
#873=ORIENTED_EDGE('',*,*,#2751,.T.);
#874=ORIENTED_EDGE('',*,*,#2752,.T.);
#875=ORIENTED_EDGE('',*,*,#2753,.T.);
#876=ORIENTED_EDGE('',*,*,#2754,.T.);
#877=ORIENTED_EDGE('',*,*,#2755,.T.);
#878=ORIENTED_EDGE('',*,*,#2756,.T.);
#879=ORIENTED_EDGE('',*,*,#2757,.T.);
#880=ORIENTED_EDGE('',*,*,#2758,.T.);
#881=ORIENTED_EDGE('',*,*,#2759,.T.);
#882=ORIENTED_EDGE('',*,*,#2760,.T.);
#883=ORIENTED_EDGE('',*,*,#2761,.T.);
#884=ORIENTED_EDGE('',*,*,#2762,.T.);
#885=ORIENTED_EDGE('',*,*,#2763,.T.);
#886=ORIENTED_EDGE('',*,*,#2764,.T.);
#887=ORIENTED_EDGE('',*,*,#2765,.T.);
#888=ORIENTED_EDGE('',*,*,#2766,.T.);
#889=ORIENTED_EDGE('',*,*,#2767,.T.);
#890=ORIENTED_EDGE('',*,*,#2768,.T.);
#891=ORIENTED_EDGE('',*,*,#2769,.T.);
#892=ORIENTED_EDGE('',*,*,#2770,.T.);
#893=ORIENTED_EDGE('',*,*,#2771,.T.);
#894=ORIENTED_EDGE('',*,*,#2772,.T.);
#895=ORIENTED_EDGE('',*,*,#2773,.T.);
#896=ORIENTED_EDGE('',*,*,#2774,.T.);
#897=ORIENTED_EDGE('',*,*,#2775,.T.);
#898=ORIENTED_EDGE('',*,*,#2776,.T.);
#899=ORIENTED_EDGE('',*,*,#2777,.T.);
#900=ORIENTED_EDGE('',*,*,#2778,.T.);
#901=ORIENTED_EDGE('',*,*,#2779,.T.);
#902=ORIENTED_EDGE('',*,*,#2780,.T.);
#903=ORIENTED_EDGE('',*,*,#2781,.T.);
#904=ORIENTED_EDGE('',*,*,#2782,.T.);
#905=ORIENTED_EDGE('',*,*,#2783,.T.);
#906=ORIENTED_EDGE('',*,*,#2784,.T.);
#907=ORIENTED_EDGE('',*,*,#2785,.T.);
#908=ORIENTED_EDGE('',*,*,#2786,.T.);
#909=ORIENTED_EDGE('',*,*,#2787,.T.);
#910=ORIENTED_EDGE('',*,*,#2788,.T.);
#911=ORIENTED_EDGE('',*,*,#2789,.T.);
#912=ORIENTED_EDGE('',*,*,#2790,.T.);
#913=ORIENTED_EDGE('',*,*,#2791,.T.);
#914=ORIENTED_EDGE('',*,*,#2792,.T.);
#915=ORIENTED_EDGE('',*,*,#2793,.T.);
#916=ORIENTED_EDGE('',*,*,#2794,.T.);
#917=ORIENTED_EDGE('',*,*,#2795,.T.);
#918=ORIENTED_EDGE('',*,*,#2796,.T.);
#919=ORIENTED_EDGE('',*,*,#2797,.T.);
#920=ORIENTED_EDGE('',*,*,#2798,.T.);
#921=ORIENTED_EDGE('',*,*,#2799,.T.);
#922=ORIENTED_EDGE('',*,*,#2800,.T.);
#923=ORIENTED_EDGE('',*,*,#2801,.T.);
#924=ORIENTED_EDGE('',*,*,#2802,.T.);
#925=ORIENTED_EDGE('',*,*,#2803,.T.);
#926=ORIENTED_EDGE('',*,*,#2804,.T.);
#927=ORIENTED_EDGE('',*,*,#2805,.T.);
#928=ORIENTED_EDGE('',*,*,#2806,.T.);
#929=ORIENTED_EDGE('',*,*,#2807,.T.);
#930=ORIENTED_EDGE('',*,*,#2808,.T.);
#931=ORIENTED_EDGE('',*,*,#2809,.T.);
#932=ORIENTED_EDGE('',*,*,#2810,.T.);
#933=ORIENTED_EDGE('',*,*,#2811,.T.);
#934=ORIENTED_EDGE('',*,*,#2812,.T.);
#935=ORIENTED_EDGE('',*,*,#2813,.T.);
#936=ORIENTED_EDGE('',*,*,#2814,.T.);
#937=ORIENTED_EDGE('',*,*,#2815,.T.);
#938=ORIENTED_EDGE('',*,*,#2816,.T.);
#939=ORIENTED_EDGE('',*,*,#2817,.T.);
#940=ORIENTED_EDGE('',*,*,#2818,.T.);
#941=ORIENTED_EDGE('',*,*,#2819,.T.);
#942=ORIENTED_EDGE('',*,*,#2820,.T.);
#943=ORIENTED_EDGE('',*,*,#2821,.T.);
#944=ORIENTED_EDGE('',*,*,#2822,.T.);
#945=ORIENTED_EDGE('',*,*,#2823,.T.);
#946=ORIENTED_EDGE('',*,*,#2824,.T.);
#947=ORIENTED_EDGE('',*,*,#2825,.T.);
#948=ORIENTED_EDGE('',*,*,#2826,.T.);
#949=ORIENTED_EDGE('',*,*,#2827,.T.);
#950=ORIENTED_EDGE('',*,*,#2828,.T.);
#951=ORIENTED_EDGE('',*,*,#2829,.T.);
#952=ORIENTED_EDGE('',*,*,#2830,.T.);
#953=ORIENTED_EDGE('',*,*,#2831,.T.);
#954=ORIENTED_EDGE('',*,*,#2832,.T.);
#955=ORIENTED_EDGE('',*,*,#2833,.T.);
#956=ORIENTED_EDGE('',*,*,#2834,.T.);
#957=ORIENTED_EDGE('',*,*,#2835,.T.);
#958=ORIENTED_EDGE('',*,*,#2836,.T.);
#959=ORIENTED_EDGE('',*,*,#2837,.T.);
#960=ORIENTED_EDGE('',*,*,#2838,.T.);
#961=ORIENTED_EDGE('',*,*,#2839,.T.);
#962=ORIENTED_EDGE('',*,*,#2840,.T.);
#963=ORIENTED_EDGE('',*,*,#2841,.T.);
#964=ORIENTED_EDGE('',*,*,#2842,.T.);
#965=ORIENTED_EDGE('',*,*,#2843,.T.);
#966=ORIENTED_EDGE('',*,*,#2844,.T.);
#967=ORIENTED_EDGE('',*,*,#2845,.T.);
#968=ORIENTED_EDGE('',*,*,#2846,.T.);
#969=ORIENTED_EDGE('',*,*,#2847,.T.);
#970=ORIENTED_EDGE('',*,*,#2848,.T.);
#971=ORIENTED_EDGE('',*,*,#2849,.T.);
#972=ORIENTED_EDGE('',*,*,#2850,.T.);
#973=ORIENTED_EDGE('',*,*,#2851,.T.);
#974=ORIENTED_EDGE('',*,*,#2852,.T.);
#975=ORIENTED_EDGE('',*,*,#2853,.T.);
#976=ORIENTED_EDGE('',*,*,#2854,.T.);
#977=ORIENTED_EDGE('',*,*,#2855,.T.);
#978=ORIENTED_EDGE('',*,*,#2856,.T.);
#979=ORIENTED_EDGE('',*,*,#2857,.T.);
#980=ORIENTED_EDGE('',*,*,#2858,.T.);
#981=ORIENTED_EDGE('',*,*,#2859,.T.);
#982=ORIENTED_EDGE('',*,*,#2860,.T.);
#983=ORIENTED_EDGE('',*,*,#2861,.T.);
#984=ORIENTED_EDGE('',*,*,#2862,.T.);
#985=ORIENTED_EDGE('',*,*,#2863,.T.);
#986=ORIENTED_EDGE('',*,*,#2864,.T.);
#987=ORIENTED_EDGE('',*,*,#2865,.T.);
#988=ORIENTED_EDGE('',*,*,#2866,.T.);
#989=ORIENTED_EDGE('',*,*,#2867,.T.);
#990=ORIENTED_EDGE('',*,*,#2868,.T.);
#991=ORIENTED_EDGE('',*,*,#2869,.T.);
#992=ORIENTED_EDGE('',*,*,#2870,.T.);
#993=ORIENTED_EDGE('',*,*,#2871,.T.);
#994=ORIENTED_EDGE('',*,*,#2872,.T.);
#995=ORIENTED_EDGE('',*,*,#2873,.T.);
#996=ORIENTED_EDGE('',*,*,#2874,.T.);
#997=ORIENTED_EDGE('',*,*,#2875,.T.);
#998=ORIENTED_EDGE('',*,*,#2876,.T.);
#999=ORIENTED_EDGE('',*,*,#2877,.T.);
#1000=ORIENTED_EDGE('',*,*,#2878,.T.);
#1001=ORIENTED_EDGE('',*,*,#2879,.T.);
#1002=ORIENTED_EDGE('',*,*,#2880,.T.);
#1003=ORIENTED_EDGE('',*,*,#2881,.T.);
#1004=ORIENTED_EDGE('',*,*,#2882,.T.);
#1005=ORIENTED_EDGE('',*,*,#2883,.T.);
#1006=ORIENTED_EDGE('',*,*,#2884,.T.);
#1007=ORIENTED_EDGE('',*,*,#2885,.T.);
#1008=ORIENTED_EDGE('',*,*,#2886,.T.);
#1009=ORIENTED_EDGE('',*,*,#2887,.T.);
#1010=ORIENTED_EDGE('',*,*,#2888,.T.);
#1011=ORIENTED_EDGE('',*,*,#2889,.T.);
#1012=ORIENTED_EDGE('',*,*,#2890,.T.);
#1013=ORIENTED_EDGE('',*,*,#2891,.T.);
#1014=ORIENTED_EDGE('',*,*,#2892,.T.);
#1015=ORIENTED_EDGE('',*,*,#2893,.T.);
#1016=ORIENTED_EDGE('',*,*,#2894,.T.);
#1017=ORIENTED_EDGE('',*,*,#2895,.T.);
#1018=ORIENTED_EDGE('',*,*,#2896,.T.);
#1019=ORIENTED_EDGE('',*,*,#2897,.T.);
#1020=ORIENTED_EDGE('',*,*,#2898,.T.);
#1021=ORIENTED_EDGE('',*,*,#2899,.T.);
#1022=ORIENTED_EDGE('',*,*,#2900,.T.);
#1023=ORIENTED_EDGE('',*,*,#2901,.T.);
#1024=ORIENTED_EDGE('',*,*,#2902,.T.);
#1025=ORIENTED_EDGE('',*,*,#2903,.T.);
#1026=ORIENTED_EDGE('',*,*,#2904,.T.);
#1027=ORIENTED_EDGE('',*,*,#2905,.T.);
#1028=ORIENTED_EDGE('',*,*,#2906,.T.);
#1029=ORIENTED_EDGE('',*,*,#2907,.T.);
#1030=ORIENTED_EDGE('',*,*,#2908,.T.);
#1031=ORIENTED_EDGE('',*,*,#2909,.T.);
#1032=ORIENTED_EDGE('',*,*,#2910,.T.);
#1033=ORIENTED_EDGE('',*,*,#2911,.T.);
#1034=ORIENTED_EDGE('',*,*,#2912,.T.);
#1035=ORIENTED_EDGE('',*,*,#2913,.T.);
#1036=ORIENTED_EDGE('',*,*,#2914,.T.);
#1037=ORIENTED_EDGE('',*,*,#2915,.T.);
#1038=ORIENTED_EDGE('',*,*,#2916,.T.);
#1039=ORIENTED_EDGE('',*,*,#2917,.T.);
#1040=ORIENTED_EDGE('',*,*,#2918,.T.);
#1041=ORIENTED_EDGE('',*,*,#2919,.T.);
#1042=ORIENTED_EDGE('',*,*,#2920,.T.);
#1043=ORIENTED_EDGE('',*,*,#2921,.T.);
#1044=ORIENTED_EDGE('',*,*,#2922,.T.);
#1045=ORIENTED_EDGE('',*,*,#2923,.T.);
#1046=ORIENTED_EDGE('',*,*,#2924,.T.);
#1047=ORIENTED_EDGE('',*,*,#2925,.T.);
#1048=ORIENTED_EDGE('',*,*,#2926,.T.);
#1049=ORIENTED_EDGE('',*,*,#2927,.T.);
#1050=ORIENTED_EDGE('',*,*,#2928,.T.);
#1051=ORIENTED_EDGE('',*,*,#2929,.T.);
#1052=ORIENTED_EDGE('',*,*,#2930,.T.);
#1053=ORIENTED_EDGE('',*,*,#2931,.T.);
#1054=ORIENTED_EDGE('',*,*,#2932,.F.);
#1055=ORIENTED_EDGE('',*,*,#2933,.F.);
#1056=ORIENTED_EDGE('',*,*,#2934,.T.);
#1057=ORIENTED_EDGE('',*,*,#2935,.T.);
#1058=ORIENTED_EDGE('',*,*,#2936,.T.);
#1059=ORIENTED_EDGE('',*,*,#2937,.F.);
#1060=ORIENTED_EDGE('',*,*,#2938,.F.);
#1061=ORIENTED_EDGE('',*,*,#2939,.F.);
#1062=ORIENTED_EDGE('',*,*,#2940,.F.);
#1063=ORIENTED_EDGE('',*,*,#2941,.T.);
#1064=ORIENTED_EDGE('',*,*,#2939,.T.);
#1065=ORIENTED_EDGE('',*,*,#2942,.T.);
#1066=ORIENTED_EDGE('',*,*,#2932,.T.);
#1067=ORIENTED_EDGE('',*,*,#2943,.T.);
#1068=ORIENTED_EDGE('',*,*,#2944,.F.);
#1069=ORIENTED_EDGE('',*,*,#2945,.T.);
#1070=ORIENTED_EDGE('',*,*,#2946,.F.);
#1071=ORIENTED_EDGE('',*,*,#2941,.F.);
#1072=ORIENTED_EDGE('',*,*,#2947,.F.);
#1073=ORIENTED_EDGE('',*,*,#2934,.F.);
#1074=ORIENTED_EDGE('',*,*,#2946,.T.);
#1075=ORIENTED_EDGE('',*,*,#2933,.T.);
#1076=ORIENTED_EDGE('',*,*,#2942,.F.);
#1077=ORIENTED_EDGE('',*,*,#2938,.T.);
#1078=ORIENTED_EDGE('',*,*,#2948,.T.);
#1079=ORIENTED_EDGE('',*,*,#2949,.T.);
#1080=ORIENTED_EDGE('',*,*,#2950,.T.);
#1081=ORIENTED_EDGE('',*,*,#2951,.T.);
#1082=ORIENTED_EDGE('',*,*,#2952,.T.);
#1083=ORIENTED_EDGE('',*,*,#2953,.T.);
#1084=ORIENTED_EDGE('',*,*,#2954,.T.);
#1085=ORIENTED_EDGE('',*,*,#2955,.T.);
#1086=ORIENTED_EDGE('',*,*,#2956,.T.);
#1087=ORIENTED_EDGE('',*,*,#2957,.T.);
#1088=ORIENTED_EDGE('',*,*,#2958,.T.);
#1089=ORIENTED_EDGE('',*,*,#2959,.T.);
#1090=ORIENTED_EDGE('',*,*,#2960,.T.);
#1091=ORIENTED_EDGE('',*,*,#2961,.T.);
#1092=ORIENTED_EDGE('',*,*,#2962,.T.);
#1093=ORIENTED_EDGE('',*,*,#2963,.T.);
#1094=ORIENTED_EDGE('',*,*,#2964,.T.);
#1095=ORIENTED_EDGE('',*,*,#2943,.F.);
#1096=ORIENTED_EDGE('',*,*,#2935,.F.);
#1097=ORIENTED_EDGE('',*,*,#2947,.T.);
#1098=ORIENTED_EDGE('',*,*,#2940,.T.);
#1099=ORIENTED_EDGE('',*,*,#2804,.F.);
#1100=ORIENTED_EDGE('',*,*,#2965,.T.);
#1101=ORIENTED_EDGE('',*,*,#2966,.T.);
#1102=ORIENTED_EDGE('',*,*,#2967,.T.);
#1103=ORIENTED_EDGE('',*,*,#2926,.F.);
#1104=ORIENTED_EDGE('',*,*,#2968,.T.);
#1105=ORIENTED_EDGE('',*,*,#2950,.F.);
#1106=ORIENTED_EDGE('',*,*,#2969,.F.);
#1107=ORIENTED_EDGE('',*,*,#2936,.F.);
#1108=ORIENTED_EDGE('',*,*,#2923,.F.);
#1109=ORIENTED_EDGE('',*,*,#2970,.T.);
#1110=ORIENTED_EDGE('',*,*,#2924,.F.);
#1111=ORIENTED_EDGE('',*,*,#2971,.F.);
#1112=ORIENTED_EDGE('',*,*,#2959,.F.);
#1113=ORIENTED_EDGE('',*,*,#2930,.F.);
#1114=ORIENTED_EDGE('',*,*,#2951,.F.);
#1115=ORIENTED_EDGE('',*,*,#2972,.T.);
#1116=ORIENTED_EDGE('',*,*,#2799,.F.);
#1117=ORIENTED_EDGE('',*,*,#2973,.F.);
#1118=ORIENTED_EDGE('',*,*,#2974,.F.);
#1119=ORIENTED_EDGE('',*,*,#2969,.T.);
#1120=ORIENTED_EDGE('',*,*,#2975,.F.);
#1121=ORIENTED_EDGE('',*,*,#2937,.T.);
#1122=ORIENTED_EDGE('',*,*,#2928,.F.);
#1123=ORIENTED_EDGE('',*,*,#2976,.F.);
#1124=ORIENTED_EDGE('',*,*,#2960,.F.);
#1125=ORIENTED_EDGE('',*,*,#2971,.T.);
#1126=ORIENTED_EDGE('',*,*,#2973,.T.);
#1127=ORIENTED_EDGE('',*,*,#2967,.F.);
#1128=ORIENTED_EDGE('',*,*,#2977,.F.);
#1129=ORIENTED_EDGE('',*,*,#2948,.F.);
#1130=ORIENTED_EDGE('',*,*,#2975,.T.);
#1131=ORIENTED_EDGE('',*,*,#2949,.F.);
#1132=ORIENTED_EDGE('',*,*,#2978,.F.);
#1133=ORIENTED_EDGE('',*,*,#2961,.F.);
#1134=ORIENTED_EDGE('',*,*,#2974,.T.);
#1135=ORIENTED_EDGE('',*,*,#2964,.F.);
#1136=ORIENTED_EDGE('',*,*,#2979,.F.);
#1137=ORIENTED_EDGE('',*,*,#2931,.F.);
#1138=ORIENTED_EDGE('',*,*,#2958,.F.);
#1139=ORIENTED_EDGE('',*,*,#2976,.T.);
#1140=ORIENTED_EDGE('',*,*,#2927,.F.);
#1141=ORIENTED_EDGE('',*,*,#2978,.T.);
#1142=ORIENTED_EDGE('',*,*,#2977,.T.);
#1143=ORIENTED_EDGE('',*,*,#2980,.F.);
#1144=ORIENTED_EDGE('',*,*,#2981,.F.);
#1145=ORIENTED_EDGE('',*,*,#2982,.F.);
#1146=ORIENTED_EDGE('',*,*,#2979,.T.);
#1147=ORIENTED_EDGE('',*,*,#2954,.F.);
#1148=ORIENTED_EDGE('',*,*,#2983,.T.);
#1149=ORIENTED_EDGE('',*,*,#2921,.F.);
#1150=ORIENTED_EDGE('',*,*,#2929,.F.);
#1151=ORIENTED_EDGE('',*,*,#2982,.T.);
#1152=ORIENTED_EDGE('',*,*,#2980,.T.);
#1153=ORIENTED_EDGE('',*,*,#2966,.F.);
#1154=ORIENTED_EDGE('',*,*,#2984,.F.);
#1155=ORIENTED_EDGE('',*,*,#2962,.F.);
#1156=ORIENTED_EDGE('',*,*,#2981,.T.);
#1157=ORIENTED_EDGE('',*,*,#2963,.F.);
#1158=ORIENTED_EDGE('',*,*,#2985,.F.);
#1159=ORIENTED_EDGE('',*,*,#2955,.F.);
#1160=ORIENTED_EDGE('',*,*,#2803,.F.);
#1161=ORIENTED_EDGE('',*,*,#2986,.T.);
#1162=ORIENTED_EDGE('',*,*,#2957,.F.);
#1163=ORIENTED_EDGE('',*,*,#2987,.F.);
#1164=ORIENTED_EDGE('',*,*,#2985,.T.);
#1165=ORIENTED_EDGE('',*,*,#2984,.T.);
#1166=ORIENTED_EDGE('',*,*,#2988,.F.);
#1167=ORIENTED_EDGE('',*,*,#2987,.T.);
#1168=ORIENTED_EDGE('',*,*,#2956,.F.);
#1169=ORIENTED_EDGE('',*,*,#2988,.T.);
#1170=ORIENTED_EDGE('',*,*,#2965,.F.);
#1171=ORIENTED_EDGE('',*,*,#2944,.T.);
#1172=ORIENTED_EDGE('',*,*,#2952,.F.);
#1173=ORIENTED_EDGE('',*,*,#2953,.F.);
#1174=ORIENTED_EDGE('',*,*,#2945,.F.);
#1175=ORIENTED_EDGE('',*,*,#2972,.F.);
#1176=ORIENTED_EDGE('',*,*,#2968,.F.);
#1177=ORIENTED_EDGE('',*,*,#2989,.F.);
#1178=ORIENTED_EDGE('',*,*,#2989,.T.);
#1179=ORIENTED_EDGE('',*,*,#2925,.F.);
#1180=ORIENTED_EDGE('',*,*,#2990,.F.);
#1181=ORIENTED_EDGE('',*,*,#2800,.F.);
#1182=ORIENTED_EDGE('',*,*,#2990,.T.);
#1183=ORIENTED_EDGE('',*,*,#2970,.F.);
#1184=ORIENTED_EDGE('',*,*,#2991,.F.);
#1185=ORIENTED_EDGE('',*,*,#2801,.F.);
#1186=ORIENTED_EDGE('',*,*,#2991,.T.);
#1187=ORIENTED_EDGE('',*,*,#2922,.F.);
#1188=ORIENTED_EDGE('',*,*,#2992,.F.);
#1189=ORIENTED_EDGE('',*,*,#2802,.F.);
#1190=ORIENTED_EDGE('',*,*,#2992,.T.);
#1191=ORIENTED_EDGE('',*,*,#2983,.F.);
#1192=ORIENTED_EDGE('',*,*,#2986,.F.);
#1193=ORIENTED_EDGE('',*,*,#2993,.F.);
#1194=ORIENTED_EDGE('',*,*,#2994,.F.);
#1195=ORIENTED_EDGE('',*,*,#2995,.F.);
#1196=ORIENTED_EDGE('',*,*,#2996,.F.);
#1197=ORIENTED_EDGE('',*,*,#2997,.F.);
#1198=ORIENTED_EDGE('',*,*,#2998,.F.);
#1199=ORIENTED_EDGE('',*,*,#2999,.F.);
#1200=ORIENTED_EDGE('',*,*,#3000,.F.);
#1201=ORIENTED_EDGE('',*,*,#3001,.F.);
#1202=ORIENTED_EDGE('',*,*,#3002,.F.);
#1203=ORIENTED_EDGE('',*,*,#3003,.F.);
#1204=ORIENTED_EDGE('',*,*,#3004,.F.);
#1205=ORIENTED_EDGE('',*,*,#2788,.F.);
#1206=ORIENTED_EDGE('',*,*,#3005,.F.);
#1207=ORIENTED_EDGE('',*,*,#3004,.T.);
#1208=ORIENTED_EDGE('',*,*,#3006,.T.);
#1209=ORIENTED_EDGE('',*,*,#2787,.F.);
#1210=ORIENTED_EDGE('',*,*,#3007,.F.);
#1211=ORIENTED_EDGE('',*,*,#2993,.T.);
#1212=ORIENTED_EDGE('',*,*,#3005,.T.);
#1213=ORIENTED_EDGE('',*,*,#2798,.F.);
#1214=ORIENTED_EDGE('',*,*,#3008,.F.);
#1215=ORIENTED_EDGE('',*,*,#2994,.T.);
#1216=ORIENTED_EDGE('',*,*,#3007,.T.);
#1217=ORIENTED_EDGE('',*,*,#2797,.F.);
#1218=ORIENTED_EDGE('',*,*,#3009,.F.);
#1219=ORIENTED_EDGE('',*,*,#2995,.T.);
#1220=ORIENTED_EDGE('',*,*,#3008,.T.);
#1221=ORIENTED_EDGE('',*,*,#2796,.F.);
#1222=ORIENTED_EDGE('',*,*,#3010,.F.);
#1223=ORIENTED_EDGE('',*,*,#2996,.T.);
#1224=ORIENTED_EDGE('',*,*,#3009,.T.);
#1225=ORIENTED_EDGE('',*,*,#2795,.F.);
#1226=ORIENTED_EDGE('',*,*,#3011,.F.);
#1227=ORIENTED_EDGE('',*,*,#2997,.T.);
#1228=ORIENTED_EDGE('',*,*,#3010,.T.);
#1229=ORIENTED_EDGE('',*,*,#2794,.F.);
#1230=ORIENTED_EDGE('',*,*,#3012,.F.);
#1231=ORIENTED_EDGE('',*,*,#2998,.T.);
#1232=ORIENTED_EDGE('',*,*,#3011,.T.);
#1233=ORIENTED_EDGE('',*,*,#2793,.F.);
#1234=ORIENTED_EDGE('',*,*,#3013,.F.);
#1235=ORIENTED_EDGE('',*,*,#2999,.T.);
#1236=ORIENTED_EDGE('',*,*,#3012,.T.);
#1237=ORIENTED_EDGE('',*,*,#2792,.F.);
#1238=ORIENTED_EDGE('',*,*,#3014,.F.);
#1239=ORIENTED_EDGE('',*,*,#3000,.T.);
#1240=ORIENTED_EDGE('',*,*,#3013,.T.);
#1241=ORIENTED_EDGE('',*,*,#2791,.F.);
#1242=ORIENTED_EDGE('',*,*,#3015,.F.);
#1243=ORIENTED_EDGE('',*,*,#3001,.T.);
#1244=ORIENTED_EDGE('',*,*,#3014,.T.);
#1245=ORIENTED_EDGE('',*,*,#2790,.F.);
#1246=ORIENTED_EDGE('',*,*,#3016,.F.);
#1247=ORIENTED_EDGE('',*,*,#3002,.T.);
#1248=ORIENTED_EDGE('',*,*,#3015,.T.);
#1249=ORIENTED_EDGE('',*,*,#2789,.F.);
#1250=ORIENTED_EDGE('',*,*,#3006,.F.);
#1251=ORIENTED_EDGE('',*,*,#3003,.T.);
#1252=ORIENTED_EDGE('',*,*,#3016,.T.);
#1253=ORIENTED_EDGE('',*,*,#3017,.F.);
#1254=ORIENTED_EDGE('',*,*,#3018,.F.);
#1255=ORIENTED_EDGE('',*,*,#3019,.F.);
#1256=ORIENTED_EDGE('',*,*,#3020,.F.);
#1257=ORIENTED_EDGE('',*,*,#3021,.F.);
#1258=ORIENTED_EDGE('',*,*,#3022,.F.);
#1259=ORIENTED_EDGE('',*,*,#3023,.F.);
#1260=ORIENTED_EDGE('',*,*,#3024,.F.);
#1261=ORIENTED_EDGE('',*,*,#3025,.F.);
#1262=ORIENTED_EDGE('',*,*,#3026,.F.);
#1263=ORIENTED_EDGE('',*,*,#2778,.F.);
#1264=ORIENTED_EDGE('',*,*,#3027,.F.);
#1265=ORIENTED_EDGE('',*,*,#3026,.T.);
#1266=ORIENTED_EDGE('',*,*,#3028,.T.);
#1267=ORIENTED_EDGE('',*,*,#2777,.F.);
#1268=ORIENTED_EDGE('',*,*,#3029,.F.);
#1269=ORIENTED_EDGE('',*,*,#3017,.T.);
#1270=ORIENTED_EDGE('',*,*,#3027,.T.);
#1271=ORIENTED_EDGE('',*,*,#2786,.F.);
#1272=ORIENTED_EDGE('',*,*,#3030,.F.);
#1273=ORIENTED_EDGE('',*,*,#3018,.T.);
#1274=ORIENTED_EDGE('',*,*,#3029,.T.);
#1275=ORIENTED_EDGE('',*,*,#2785,.F.);
#1276=ORIENTED_EDGE('',*,*,#3031,.F.);
#1277=ORIENTED_EDGE('',*,*,#3019,.T.);
#1278=ORIENTED_EDGE('',*,*,#3030,.T.);
#1279=ORIENTED_EDGE('',*,*,#2784,.F.);
#1280=ORIENTED_EDGE('',*,*,#3032,.F.);
#1281=ORIENTED_EDGE('',*,*,#3020,.T.);
#1282=ORIENTED_EDGE('',*,*,#3031,.T.);
#1283=ORIENTED_EDGE('',*,*,#2783,.F.);
#1284=ORIENTED_EDGE('',*,*,#3033,.F.);
#1285=ORIENTED_EDGE('',*,*,#3021,.T.);
#1286=ORIENTED_EDGE('',*,*,#3032,.T.);
#1287=ORIENTED_EDGE('',*,*,#2782,.F.);
#1288=ORIENTED_EDGE('',*,*,#3034,.F.);
#1289=ORIENTED_EDGE('',*,*,#3022,.T.);
#1290=ORIENTED_EDGE('',*,*,#3033,.T.);
#1291=ORIENTED_EDGE('',*,*,#2781,.F.);
#1292=ORIENTED_EDGE('',*,*,#3035,.F.);
#1293=ORIENTED_EDGE('',*,*,#3023,.T.);
#1294=ORIENTED_EDGE('',*,*,#3034,.T.);
#1295=ORIENTED_EDGE('',*,*,#2780,.F.);
#1296=ORIENTED_EDGE('',*,*,#3036,.F.);
#1297=ORIENTED_EDGE('',*,*,#3024,.T.);
#1298=ORIENTED_EDGE('',*,*,#3035,.T.);
#1299=ORIENTED_EDGE('',*,*,#2779,.F.);
#1300=ORIENTED_EDGE('',*,*,#3028,.F.);
#1301=ORIENTED_EDGE('',*,*,#3025,.T.);
#1302=ORIENTED_EDGE('',*,*,#3036,.T.);
#1303=ORIENTED_EDGE('',*,*,#3037,.F.);
#1304=ORIENTED_EDGE('',*,*,#3038,.F.);
#1305=ORIENTED_EDGE('',*,*,#3039,.F.);
#1306=ORIENTED_EDGE('',*,*,#3040,.F.);
#1307=ORIENTED_EDGE('',*,*,#3041,.F.);
#1308=ORIENTED_EDGE('',*,*,#3042,.F.);
#1309=ORIENTED_EDGE('',*,*,#3043,.F.);
#1310=ORIENTED_EDGE('',*,*,#3044,.F.);
#1311=ORIENTED_EDGE('',*,*,#3045,.F.);
#1312=ORIENTED_EDGE('',*,*,#3046,.F.);
#1313=ORIENTED_EDGE('',*,*,#3047,.F.);
#1314=ORIENTED_EDGE('',*,*,#3048,.F.);
#1315=ORIENTED_EDGE('',*,*,#3049,.F.);
#1316=ORIENTED_EDGE('',*,*,#3050,.F.);
#1317=ORIENTED_EDGE('',*,*,#3051,.F.);
#1318=ORIENTED_EDGE('',*,*,#3052,.F.);
#1319=ORIENTED_EDGE('',*,*,#3053,.F.);
#1320=ORIENTED_EDGE('',*,*,#3054,.F.);
#1321=ORIENTED_EDGE('',*,*,#3055,.F.);
#1322=ORIENTED_EDGE('',*,*,#3056,.F.);
#1323=ORIENTED_EDGE('',*,*,#3057,.F.);
#1324=ORIENTED_EDGE('',*,*,#3058,.F.);
#1325=ORIENTED_EDGE('',*,*,#3059,.F.);
#1326=ORIENTED_EDGE('',*,*,#3060,.F.);
#1327=ORIENTED_EDGE('',*,*,#3061,.F.);
#1328=ORIENTED_EDGE('',*,*,#3062,.F.);
#1329=ORIENTED_EDGE('',*,*,#3063,.F.);
#1330=ORIENTED_EDGE('',*,*,#3064,.F.);
#1331=ORIENTED_EDGE('',*,*,#2750,.F.);
#1332=ORIENTED_EDGE('',*,*,#3065,.F.);
#1333=ORIENTED_EDGE('',*,*,#3064,.T.);
#1334=ORIENTED_EDGE('',*,*,#3066,.T.);
#1335=ORIENTED_EDGE('',*,*,#2749,.F.);
#1336=ORIENTED_EDGE('',*,*,#3067,.F.);
#1337=ORIENTED_EDGE('',*,*,#3037,.T.);
#1338=ORIENTED_EDGE('',*,*,#3065,.T.);
#1339=ORIENTED_EDGE('',*,*,#2776,.F.);
#1340=ORIENTED_EDGE('',*,*,#3068,.F.);
#1341=ORIENTED_EDGE('',*,*,#3038,.T.);
#1342=ORIENTED_EDGE('',*,*,#3067,.T.);
#1343=ORIENTED_EDGE('',*,*,#2775,.F.);
#1344=ORIENTED_EDGE('',*,*,#3069,.F.);
#1345=ORIENTED_EDGE('',*,*,#3039,.T.);
#1346=ORIENTED_EDGE('',*,*,#3068,.T.);
#1347=ORIENTED_EDGE('',*,*,#2774,.F.);
#1348=ORIENTED_EDGE('',*,*,#3070,.F.);
#1349=ORIENTED_EDGE('',*,*,#3040,.T.);
#1350=ORIENTED_EDGE('',*,*,#3069,.T.);
#1351=ORIENTED_EDGE('',*,*,#2773,.F.);
#1352=ORIENTED_EDGE('',*,*,#3071,.F.);
#1353=ORIENTED_EDGE('',*,*,#3041,.T.);
#1354=ORIENTED_EDGE('',*,*,#3070,.T.);
#1355=ORIENTED_EDGE('',*,*,#2772,.F.);
#1356=ORIENTED_EDGE('',*,*,#3072,.F.);
#1357=ORIENTED_EDGE('',*,*,#3042,.T.);
#1358=ORIENTED_EDGE('',*,*,#3071,.T.);
#1359=ORIENTED_EDGE('',*,*,#2771,.F.);
#1360=ORIENTED_EDGE('',*,*,#3073,.F.);
#1361=ORIENTED_EDGE('',*,*,#3043,.T.);
#1362=ORIENTED_EDGE('',*,*,#3072,.T.);
#1363=ORIENTED_EDGE('',*,*,#2770,.F.);
#1364=ORIENTED_EDGE('',*,*,#3074,.F.);
#1365=ORIENTED_EDGE('',*,*,#3044,.T.);
#1366=ORIENTED_EDGE('',*,*,#3073,.T.);
#1367=ORIENTED_EDGE('',*,*,#2769,.F.);
#1368=ORIENTED_EDGE('',*,*,#3075,.F.);
#1369=ORIENTED_EDGE('',*,*,#3045,.T.);
#1370=ORIENTED_EDGE('',*,*,#3074,.T.);
#1371=ORIENTED_EDGE('',*,*,#2768,.F.);
#1372=ORIENTED_EDGE('',*,*,#3076,.F.);
#1373=ORIENTED_EDGE('',*,*,#3046,.T.);
#1374=ORIENTED_EDGE('',*,*,#3075,.T.);
#1375=ORIENTED_EDGE('',*,*,#2767,.F.);
#1376=ORIENTED_EDGE('',*,*,#3077,.F.);
#1377=ORIENTED_EDGE('',*,*,#3047,.T.);
#1378=ORIENTED_EDGE('',*,*,#3076,.T.);
#1379=ORIENTED_EDGE('',*,*,#2766,.F.);
#1380=ORIENTED_EDGE('',*,*,#3078,.F.);
#1381=ORIENTED_EDGE('',*,*,#3048,.T.);
#1382=ORIENTED_EDGE('',*,*,#3077,.T.);
#1383=ORIENTED_EDGE('',*,*,#2765,.F.);
#1384=ORIENTED_EDGE('',*,*,#3079,.F.);
#1385=ORIENTED_EDGE('',*,*,#3049,.T.);
#1386=ORIENTED_EDGE('',*,*,#3078,.T.);
#1387=ORIENTED_EDGE('',*,*,#2764,.F.);
#1388=ORIENTED_EDGE('',*,*,#3080,.F.);
#1389=ORIENTED_EDGE('',*,*,#3050,.T.);
#1390=ORIENTED_EDGE('',*,*,#3079,.T.);
#1391=ORIENTED_EDGE('',*,*,#2763,.F.);
#1392=ORIENTED_EDGE('',*,*,#3081,.F.);
#1393=ORIENTED_EDGE('',*,*,#3051,.T.);
#1394=ORIENTED_EDGE('',*,*,#3080,.T.);
#1395=ORIENTED_EDGE('',*,*,#2762,.F.);
#1396=ORIENTED_EDGE('',*,*,#3082,.F.);
#1397=ORIENTED_EDGE('',*,*,#3052,.T.);
#1398=ORIENTED_EDGE('',*,*,#3081,.T.);
#1399=ORIENTED_EDGE('',*,*,#2761,.F.);
#1400=ORIENTED_EDGE('',*,*,#3083,.F.);
#1401=ORIENTED_EDGE('',*,*,#3053,.T.);
#1402=ORIENTED_EDGE('',*,*,#3082,.T.);
#1403=ORIENTED_EDGE('',*,*,#2760,.F.);
#1404=ORIENTED_EDGE('',*,*,#3084,.F.);
#1405=ORIENTED_EDGE('',*,*,#3054,.T.);
#1406=ORIENTED_EDGE('',*,*,#3083,.T.);
#1407=ORIENTED_EDGE('',*,*,#2759,.F.);
#1408=ORIENTED_EDGE('',*,*,#3085,.F.);
#1409=ORIENTED_EDGE('',*,*,#3055,.T.);
#1410=ORIENTED_EDGE('',*,*,#3084,.T.);
#1411=ORIENTED_EDGE('',*,*,#2758,.F.);
#1412=ORIENTED_EDGE('',*,*,#3086,.F.);
#1413=ORIENTED_EDGE('',*,*,#3056,.T.);
#1414=ORIENTED_EDGE('',*,*,#3085,.T.);
#1415=ORIENTED_EDGE('',*,*,#2757,.F.);
#1416=ORIENTED_EDGE('',*,*,#3087,.F.);
#1417=ORIENTED_EDGE('',*,*,#3057,.T.);
#1418=ORIENTED_EDGE('',*,*,#3086,.T.);
#1419=ORIENTED_EDGE('',*,*,#2756,.F.);
#1420=ORIENTED_EDGE('',*,*,#3088,.F.);
#1421=ORIENTED_EDGE('',*,*,#3058,.T.);
#1422=ORIENTED_EDGE('',*,*,#3087,.T.);
#1423=ORIENTED_EDGE('',*,*,#2755,.F.);
#1424=ORIENTED_EDGE('',*,*,#3089,.F.);
#1425=ORIENTED_EDGE('',*,*,#3059,.T.);
#1426=ORIENTED_EDGE('',*,*,#3088,.T.);
#1427=ORIENTED_EDGE('',*,*,#2754,.F.);
#1428=ORIENTED_EDGE('',*,*,#3090,.F.);
#1429=ORIENTED_EDGE('',*,*,#3060,.T.);
#1430=ORIENTED_EDGE('',*,*,#3089,.T.);
#1431=ORIENTED_EDGE('',*,*,#2753,.F.);
#1432=ORIENTED_EDGE('',*,*,#3091,.F.);
#1433=ORIENTED_EDGE('',*,*,#3061,.T.);
#1434=ORIENTED_EDGE('',*,*,#3090,.T.);
#1435=ORIENTED_EDGE('',*,*,#2752,.F.);
#1436=ORIENTED_EDGE('',*,*,#3092,.F.);
#1437=ORIENTED_EDGE('',*,*,#3062,.T.);
#1438=ORIENTED_EDGE('',*,*,#3091,.T.);
#1439=ORIENTED_EDGE('',*,*,#2751,.F.);
#1440=ORIENTED_EDGE('',*,*,#3066,.F.);
#1441=ORIENTED_EDGE('',*,*,#3063,.T.);
#1442=ORIENTED_EDGE('',*,*,#3092,.T.);
#1443=ORIENTED_EDGE('',*,*,#3093,.F.);
#1444=ORIENTED_EDGE('',*,*,#3094,.F.);
#1445=ORIENTED_EDGE('',*,*,#3095,.F.);
#1446=ORIENTED_EDGE('',*,*,#3096,.F.);
#1447=ORIENTED_EDGE('',*,*,#3097,.F.);
#1448=ORIENTED_EDGE('',*,*,#3098,.F.);
#1449=ORIENTED_EDGE('',*,*,#3099,.F.);
#1450=ORIENTED_EDGE('',*,*,#3100,.F.);
#1451=ORIENTED_EDGE('',*,*,#3101,.F.);
#1452=ORIENTED_EDGE('',*,*,#3102,.F.);
#1453=ORIENTED_EDGE('',*,*,#3103,.F.);
#1454=ORIENTED_EDGE('',*,*,#3104,.F.);
#1455=ORIENTED_EDGE('',*,*,#3105,.F.);
#1456=ORIENTED_EDGE('',*,*,#3106,.F.);
#1457=ORIENTED_EDGE('',*,*,#3107,.F.);
#1458=ORIENTED_EDGE('',*,*,#3108,.F.);
#1459=ORIENTED_EDGE('',*,*,#3109,.F.);
#1460=ORIENTED_EDGE('',*,*,#3110,.F.);
#1461=ORIENTED_EDGE('',*,*,#2732,.F.);
#1462=ORIENTED_EDGE('',*,*,#3111,.F.);
#1463=ORIENTED_EDGE('',*,*,#3110,.T.);
#1464=ORIENTED_EDGE('',*,*,#3112,.T.);
#1465=ORIENTED_EDGE('',*,*,#2731,.F.);
#1466=ORIENTED_EDGE('',*,*,#3113,.F.);
#1467=ORIENTED_EDGE('',*,*,#3093,.T.);
#1468=ORIENTED_EDGE('',*,*,#3111,.T.);
#1469=ORIENTED_EDGE('',*,*,#2748,.F.);
#1470=ORIENTED_EDGE('',*,*,#3114,.F.);
#1471=ORIENTED_EDGE('',*,*,#3094,.T.);
#1472=ORIENTED_EDGE('',*,*,#3113,.T.);
#1473=ORIENTED_EDGE('',*,*,#2747,.F.);
#1474=ORIENTED_EDGE('',*,*,#3115,.F.);
#1475=ORIENTED_EDGE('',*,*,#3095,.T.);
#1476=ORIENTED_EDGE('',*,*,#3114,.T.);
#1477=ORIENTED_EDGE('',*,*,#2746,.F.);
#1478=ORIENTED_EDGE('',*,*,#3116,.F.);
#1479=ORIENTED_EDGE('',*,*,#3096,.T.);
#1480=ORIENTED_EDGE('',*,*,#3115,.T.);
#1481=ORIENTED_EDGE('',*,*,#2745,.F.);
#1482=ORIENTED_EDGE('',*,*,#3117,.F.);
#1483=ORIENTED_EDGE('',*,*,#3097,.T.);
#1484=ORIENTED_EDGE('',*,*,#3116,.T.);
#1485=ORIENTED_EDGE('',*,*,#2744,.F.);
#1486=ORIENTED_EDGE('',*,*,#3118,.F.);
#1487=ORIENTED_EDGE('',*,*,#3098,.T.);
#1488=ORIENTED_EDGE('',*,*,#3117,.T.);
#1489=ORIENTED_EDGE('',*,*,#2743,.F.);
#1490=ORIENTED_EDGE('',*,*,#3119,.F.);
#1491=ORIENTED_EDGE('',*,*,#3099,.T.);
#1492=ORIENTED_EDGE('',*,*,#3118,.T.);
#1493=ORIENTED_EDGE('',*,*,#2742,.F.);
#1494=ORIENTED_EDGE('',*,*,#3120,.F.);
#1495=ORIENTED_EDGE('',*,*,#3100,.T.);
#1496=ORIENTED_EDGE('',*,*,#3119,.T.);
#1497=ORIENTED_EDGE('',*,*,#2741,.F.);
#1498=ORIENTED_EDGE('',*,*,#3121,.F.);
#1499=ORIENTED_EDGE('',*,*,#3101,.T.);
#1500=ORIENTED_EDGE('',*,*,#3120,.T.);
#1501=ORIENTED_EDGE('',*,*,#2740,.F.);
#1502=ORIENTED_EDGE('',*,*,#3122,.F.);
#1503=ORIENTED_EDGE('',*,*,#3102,.T.);
#1504=ORIENTED_EDGE('',*,*,#3121,.T.);
#1505=ORIENTED_EDGE('',*,*,#2739,.F.);
#1506=ORIENTED_EDGE('',*,*,#3123,.F.);
#1507=ORIENTED_EDGE('',*,*,#3103,.T.);
#1508=ORIENTED_EDGE('',*,*,#3122,.T.);
#1509=ORIENTED_EDGE('',*,*,#2738,.F.);
#1510=ORIENTED_EDGE('',*,*,#3124,.F.);
#1511=ORIENTED_EDGE('',*,*,#3104,.T.);
#1512=ORIENTED_EDGE('',*,*,#3123,.T.);
#1513=ORIENTED_EDGE('',*,*,#2737,.F.);
#1514=ORIENTED_EDGE('',*,*,#3125,.F.);
#1515=ORIENTED_EDGE('',*,*,#3105,.T.);
#1516=ORIENTED_EDGE('',*,*,#3124,.T.);
#1517=ORIENTED_EDGE('',*,*,#2736,.F.);
#1518=ORIENTED_EDGE('',*,*,#3126,.F.);
#1519=ORIENTED_EDGE('',*,*,#3106,.T.);
#1520=ORIENTED_EDGE('',*,*,#3125,.T.);
#1521=ORIENTED_EDGE('',*,*,#2735,.F.);
#1522=ORIENTED_EDGE('',*,*,#3127,.F.);
#1523=ORIENTED_EDGE('',*,*,#3107,.T.);
#1524=ORIENTED_EDGE('',*,*,#3126,.T.);
#1525=ORIENTED_EDGE('',*,*,#2734,.F.);
#1526=ORIENTED_EDGE('',*,*,#3128,.F.);
#1527=ORIENTED_EDGE('',*,*,#3108,.T.);
#1528=ORIENTED_EDGE('',*,*,#3127,.T.);
#1529=ORIENTED_EDGE('',*,*,#2733,.F.);
#1530=ORIENTED_EDGE('',*,*,#3112,.F.);
#1531=ORIENTED_EDGE('',*,*,#3109,.T.);
#1532=ORIENTED_EDGE('',*,*,#3128,.T.);
#1533=ORIENTED_EDGE('',*,*,#3129,.F.);
#1534=ORIENTED_EDGE('',*,*,#3130,.F.);
#1535=ORIENTED_EDGE('',*,*,#3131,.F.);
#1536=ORIENTED_EDGE('',*,*,#3132,.F.);
#1537=ORIENTED_EDGE('',*,*,#2728,.F.);
#1538=ORIENTED_EDGE('',*,*,#3133,.F.);
#1539=ORIENTED_EDGE('',*,*,#3132,.T.);
#1540=ORIENTED_EDGE('',*,*,#3134,.T.);
#1541=ORIENTED_EDGE('',*,*,#2727,.F.);
#1542=ORIENTED_EDGE('',*,*,#3135,.F.);
#1543=ORIENTED_EDGE('',*,*,#3129,.T.);
#1544=ORIENTED_EDGE('',*,*,#3133,.T.);
#1545=ORIENTED_EDGE('',*,*,#2730,.F.);
#1546=ORIENTED_EDGE('',*,*,#3136,.F.);
#1547=ORIENTED_EDGE('',*,*,#3130,.T.);
#1548=ORIENTED_EDGE('',*,*,#3135,.T.);
#1549=ORIENTED_EDGE('',*,*,#2729,.F.);
#1550=ORIENTED_EDGE('',*,*,#3134,.F.);
#1551=ORIENTED_EDGE('',*,*,#3131,.T.);
#1552=ORIENTED_EDGE('',*,*,#3136,.T.);
#1553=ORIENTED_EDGE('',*,*,#3137,.F.);
#1554=ORIENTED_EDGE('',*,*,#3138,.F.);
#1555=ORIENTED_EDGE('',*,*,#3139,.F.);
#1556=ORIENTED_EDGE('',*,*,#3140,.F.);
#1557=ORIENTED_EDGE('',*,*,#3141,.F.);
#1558=ORIENTED_EDGE('',*,*,#3142,.F.);
#1559=ORIENTED_EDGE('',*,*,#3143,.F.);
#1560=ORIENTED_EDGE('',*,*,#3144,.F.);
#1561=ORIENTED_EDGE('',*,*,#3145,.F.);
#1562=ORIENTED_EDGE('',*,*,#3146,.F.);
#1563=ORIENTED_EDGE('',*,*,#3147,.F.);
#1564=ORIENTED_EDGE('',*,*,#3148,.F.);
#1565=ORIENTED_EDGE('',*,*,#3149,.F.);
#1566=ORIENTED_EDGE('',*,*,#3150,.F.);
#1567=ORIENTED_EDGE('',*,*,#3151,.F.);
#1568=ORIENTED_EDGE('',*,*,#3152,.F.);
#1569=ORIENTED_EDGE('',*,*,#3153,.F.);
#1570=ORIENTED_EDGE('',*,*,#3154,.F.);
#1571=ORIENTED_EDGE('',*,*,#3155,.F.);
#1572=ORIENTED_EDGE('',*,*,#3156,.F.);
#1573=ORIENTED_EDGE('',*,*,#3157,.F.);
#1574=ORIENTED_EDGE('',*,*,#3158,.F.);
#1575=ORIENTED_EDGE('',*,*,#3159,.F.);
#1576=ORIENTED_EDGE('',*,*,#3160,.F.);
#1577=ORIENTED_EDGE('',*,*,#3161,.F.);
#1578=ORIENTED_EDGE('',*,*,#2806,.F.);
#1579=ORIENTED_EDGE('',*,*,#3162,.F.);
#1580=ORIENTED_EDGE('',*,*,#3153,.T.);
#1581=ORIENTED_EDGE('',*,*,#3163,.T.);
#1582=ORIENTED_EDGE('',*,*,#2807,.F.);
#1583=ORIENTED_EDGE('',*,*,#3163,.F.);
#1584=ORIENTED_EDGE('',*,*,#3152,.T.);
#1585=ORIENTED_EDGE('',*,*,#3164,.T.);
#1586=ORIENTED_EDGE('',*,*,#2808,.F.);
#1587=ORIENTED_EDGE('',*,*,#3164,.F.);
#1588=ORIENTED_EDGE('',*,*,#3151,.T.);
#1589=ORIENTED_EDGE('',*,*,#3165,.T.);
#1590=ORIENTED_EDGE('',*,*,#2809,.F.);
#1591=ORIENTED_EDGE('',*,*,#3165,.F.);
#1592=ORIENTED_EDGE('',*,*,#3150,.T.);
#1593=ORIENTED_EDGE('',*,*,#3166,.T.);
#1594=ORIENTED_EDGE('',*,*,#2810,.F.);
#1595=ORIENTED_EDGE('',*,*,#3166,.F.);
#1596=ORIENTED_EDGE('',*,*,#3149,.T.);
#1597=ORIENTED_EDGE('',*,*,#3167,.T.);
#1598=ORIENTED_EDGE('',*,*,#2811,.F.);
#1599=ORIENTED_EDGE('',*,*,#3167,.F.);
#1600=ORIENTED_EDGE('',*,*,#3148,.T.);
#1601=ORIENTED_EDGE('',*,*,#3168,.T.);
#1602=ORIENTED_EDGE('',*,*,#2812,.F.);
#1603=ORIENTED_EDGE('',*,*,#3168,.F.);
#1604=ORIENTED_EDGE('',*,*,#3147,.T.);
#1605=ORIENTED_EDGE('',*,*,#3169,.T.);
#1606=ORIENTED_EDGE('',*,*,#2813,.F.);
#1607=ORIENTED_EDGE('',*,*,#3169,.F.);
#1608=ORIENTED_EDGE('',*,*,#3146,.T.);
#1609=ORIENTED_EDGE('',*,*,#3170,.T.);
#1610=ORIENTED_EDGE('',*,*,#2814,.F.);
#1611=ORIENTED_EDGE('',*,*,#3170,.F.);
#1612=ORIENTED_EDGE('',*,*,#3145,.T.);
#1613=ORIENTED_EDGE('',*,*,#3171,.T.);
#1614=ORIENTED_EDGE('',*,*,#2815,.F.);
#1615=ORIENTED_EDGE('',*,*,#3171,.F.);
#1616=ORIENTED_EDGE('',*,*,#3144,.T.);
#1617=ORIENTED_EDGE('',*,*,#3172,.T.);
#1618=ORIENTED_EDGE('',*,*,#2816,.F.);
#1619=ORIENTED_EDGE('',*,*,#3172,.F.);
#1620=ORIENTED_EDGE('',*,*,#3143,.T.);
#1621=ORIENTED_EDGE('',*,*,#3173,.T.);
#1622=ORIENTED_EDGE('',*,*,#2817,.F.);
#1623=ORIENTED_EDGE('',*,*,#3173,.F.);
#1624=ORIENTED_EDGE('',*,*,#3142,.T.);
#1625=ORIENTED_EDGE('',*,*,#3174,.T.);
#1626=ORIENTED_EDGE('',*,*,#2818,.F.);
#1627=ORIENTED_EDGE('',*,*,#3174,.F.);
#1628=ORIENTED_EDGE('',*,*,#3141,.T.);
#1629=ORIENTED_EDGE('',*,*,#3175,.T.);
#1630=ORIENTED_EDGE('',*,*,#2819,.F.);
#1631=ORIENTED_EDGE('',*,*,#3175,.F.);
#1632=ORIENTED_EDGE('',*,*,#3140,.T.);
#1633=ORIENTED_EDGE('',*,*,#3176,.T.);
#1634=ORIENTED_EDGE('',*,*,#2820,.F.);
#1635=ORIENTED_EDGE('',*,*,#3176,.F.);
#1636=ORIENTED_EDGE('',*,*,#3139,.T.);
#1637=ORIENTED_EDGE('',*,*,#3177,.T.);
#1638=ORIENTED_EDGE('',*,*,#2821,.F.);
#1639=ORIENTED_EDGE('',*,*,#3177,.F.);
#1640=ORIENTED_EDGE('',*,*,#3138,.T.);
#1641=ORIENTED_EDGE('',*,*,#3178,.T.);
#1642=ORIENTED_EDGE('',*,*,#2822,.F.);
#1643=ORIENTED_EDGE('',*,*,#3178,.F.);
#1644=ORIENTED_EDGE('',*,*,#3137,.T.);
#1645=ORIENTED_EDGE('',*,*,#3179,.T.);
#1646=ORIENTED_EDGE('',*,*,#2805,.F.);
#1647=ORIENTED_EDGE('',*,*,#3179,.F.);
#1648=ORIENTED_EDGE('',*,*,#3154,.T.);
#1649=ORIENTED_EDGE('',*,*,#3162,.T.);
#1650=ORIENTED_EDGE('',*,*,#3180,.F.);
#1651=ORIENTED_EDGE('',*,*,#3181,.F.);
#1652=ORIENTED_EDGE('',*,*,#3161,.T.);
#1653=ORIENTED_EDGE('',*,*,#3182,.T.);
#1654=ORIENTED_EDGE('',*,*,#3183,.F.);
#1655=ORIENTED_EDGE('',*,*,#3184,.F.);
#1656=ORIENTED_EDGE('',*,*,#3155,.T.);
#1657=ORIENTED_EDGE('',*,*,#3181,.T.);
#1658=ORIENTED_EDGE('',*,*,#3185,.F.);
#1659=ORIENTED_EDGE('',*,*,#3186,.F.);
#1660=ORIENTED_EDGE('',*,*,#3156,.T.);
#1661=ORIENTED_EDGE('',*,*,#3184,.T.);
#1662=ORIENTED_EDGE('',*,*,#3187,.F.);
#1663=ORIENTED_EDGE('',*,*,#3188,.F.);
#1664=ORIENTED_EDGE('',*,*,#3157,.T.);
#1665=ORIENTED_EDGE('',*,*,#3186,.T.);
#1666=ORIENTED_EDGE('',*,*,#3189,.F.);
#1667=ORIENTED_EDGE('',*,*,#3190,.F.);
#1668=ORIENTED_EDGE('',*,*,#3158,.T.);
#1669=ORIENTED_EDGE('',*,*,#3188,.T.);
#1670=ORIENTED_EDGE('',*,*,#3191,.F.);
#1671=ORIENTED_EDGE('',*,*,#3192,.F.);
#1672=ORIENTED_EDGE('',*,*,#3159,.T.);
#1673=ORIENTED_EDGE('',*,*,#3190,.T.);
#1674=ORIENTED_EDGE('',*,*,#3193,.F.);
#1675=ORIENTED_EDGE('',*,*,#3182,.F.);
#1676=ORIENTED_EDGE('',*,*,#3160,.T.);
#1677=ORIENTED_EDGE('',*,*,#3192,.T.);
#1678=ORIENTED_EDGE('',*,*,#3194,.F.);
#1679=ORIENTED_EDGE('',*,*,#3195,.F.);
#1680=ORIENTED_EDGE('',*,*,#3196,.F.);
#1681=ORIENTED_EDGE('',*,*,#3197,.F.);
#1682=ORIENTED_EDGE('',*,*,#3198,.F.);
#1683=ORIENTED_EDGE('',*,*,#2824,.F.);
#1684=ORIENTED_EDGE('',*,*,#3199,.F.);
#1685=ORIENTED_EDGE('',*,*,#3198,.T.);
#1686=ORIENTED_EDGE('',*,*,#3200,.T.);
#1687=ORIENTED_EDGE('',*,*,#2823,.F.);
#1688=ORIENTED_EDGE('',*,*,#3201,.F.);
#1689=ORIENTED_EDGE('',*,*,#3194,.T.);
#1690=ORIENTED_EDGE('',*,*,#3199,.T.);
#1691=ORIENTED_EDGE('',*,*,#2827,.F.);
#1692=ORIENTED_EDGE('',*,*,#3202,.F.);
#1693=ORIENTED_EDGE('',*,*,#3195,.T.);
#1694=ORIENTED_EDGE('',*,*,#3201,.T.);
#1695=ORIENTED_EDGE('',*,*,#2826,.F.);
#1696=ORIENTED_EDGE('',*,*,#3203,.F.);
#1697=ORIENTED_EDGE('',*,*,#3196,.T.);
#1698=ORIENTED_EDGE('',*,*,#3202,.T.);
#1699=ORIENTED_EDGE('',*,*,#2825,.F.);
#1700=ORIENTED_EDGE('',*,*,#3200,.F.);
#1701=ORIENTED_EDGE('',*,*,#3197,.T.);
#1702=ORIENTED_EDGE('',*,*,#3203,.T.);
#1703=ORIENTED_EDGE('',*,*,#3204,.F.);
#1704=ORIENTED_EDGE('',*,*,#3205,.F.);
#1705=ORIENTED_EDGE('',*,*,#3206,.F.);
#1706=ORIENTED_EDGE('',*,*,#3207,.F.);
#1707=ORIENTED_EDGE('',*,*,#2829,.F.);
#1708=ORIENTED_EDGE('',*,*,#3208,.F.);
#1709=ORIENTED_EDGE('',*,*,#3207,.T.);
#1710=ORIENTED_EDGE('',*,*,#3209,.T.);
#1711=ORIENTED_EDGE('',*,*,#2828,.F.);
#1712=ORIENTED_EDGE('',*,*,#3210,.F.);
#1713=ORIENTED_EDGE('',*,*,#3204,.T.);
#1714=ORIENTED_EDGE('',*,*,#3208,.T.);
#1715=ORIENTED_EDGE('',*,*,#2831,.F.);
#1716=ORIENTED_EDGE('',*,*,#3211,.F.);
#1717=ORIENTED_EDGE('',*,*,#3205,.T.);
#1718=ORIENTED_EDGE('',*,*,#3210,.T.);
#1719=ORIENTED_EDGE('',*,*,#2830,.F.);
#1720=ORIENTED_EDGE('',*,*,#3209,.F.);
#1721=ORIENTED_EDGE('',*,*,#3206,.T.);
#1722=ORIENTED_EDGE('',*,*,#3211,.T.);
#1723=ORIENTED_EDGE('',*,*,#3212,.F.);
#1724=ORIENTED_EDGE('',*,*,#3213,.F.);
#1725=ORIENTED_EDGE('',*,*,#3214,.F.);
#1726=ORIENTED_EDGE('',*,*,#3215,.F.);
#1727=ORIENTED_EDGE('',*,*,#3216,.F.);
#1728=ORIENTED_EDGE('',*,*,#3217,.F.);
#1729=ORIENTED_EDGE('',*,*,#3218,.F.);
#1730=ORIENTED_EDGE('',*,*,#3219,.F.);
#1731=ORIENTED_EDGE('',*,*,#2833,.F.);
#1732=ORIENTED_EDGE('',*,*,#3220,.F.);
#1733=ORIENTED_EDGE('',*,*,#3219,.T.);
#1734=ORIENTED_EDGE('',*,*,#3221,.T.);
#1735=ORIENTED_EDGE('',*,*,#2832,.F.);
#1736=ORIENTED_EDGE('',*,*,#3222,.F.);
#1737=ORIENTED_EDGE('',*,*,#3212,.T.);
#1738=ORIENTED_EDGE('',*,*,#3220,.T.);
#1739=ORIENTED_EDGE('',*,*,#2839,.F.);
#1740=ORIENTED_EDGE('',*,*,#3223,.F.);
#1741=ORIENTED_EDGE('',*,*,#3213,.T.);
#1742=ORIENTED_EDGE('',*,*,#3222,.T.);
#1743=ORIENTED_EDGE('',*,*,#2838,.F.);
#1744=ORIENTED_EDGE('',*,*,#3224,.F.);
#1745=ORIENTED_EDGE('',*,*,#3214,.T.);
#1746=ORIENTED_EDGE('',*,*,#3223,.T.);
#1747=ORIENTED_EDGE('',*,*,#2837,.F.);
#1748=ORIENTED_EDGE('',*,*,#3225,.F.);
#1749=ORIENTED_EDGE('',*,*,#3215,.T.);
#1750=ORIENTED_EDGE('',*,*,#3224,.T.);
#1751=ORIENTED_EDGE('',*,*,#2836,.F.);
#1752=ORIENTED_EDGE('',*,*,#3226,.F.);
#1753=ORIENTED_EDGE('',*,*,#3216,.T.);
#1754=ORIENTED_EDGE('',*,*,#3225,.T.);
#1755=ORIENTED_EDGE('',*,*,#2835,.F.);
#1756=ORIENTED_EDGE('',*,*,#3227,.F.);
#1757=ORIENTED_EDGE('',*,*,#3217,.T.);
#1758=ORIENTED_EDGE('',*,*,#3226,.T.);
#1759=ORIENTED_EDGE('',*,*,#2834,.F.);
#1760=ORIENTED_EDGE('',*,*,#3221,.F.);
#1761=ORIENTED_EDGE('',*,*,#3218,.T.);
#1762=ORIENTED_EDGE('',*,*,#3227,.T.);
#1763=ORIENTED_EDGE('',*,*,#3228,.F.);
#1764=ORIENTED_EDGE('',*,*,#3229,.F.);
#1765=ORIENTED_EDGE('',*,*,#3230,.F.);
#1766=ORIENTED_EDGE('',*,*,#3231,.F.);
#1767=ORIENTED_EDGE('',*,*,#3232,.F.);
#1768=ORIENTED_EDGE('',*,*,#3233,.F.);
#1769=ORIENTED_EDGE('',*,*,#3234,.F.);
#1770=ORIENTED_EDGE('',*,*,#3235,.F.);
#1771=ORIENTED_EDGE('',*,*,#3236,.F.);
#1772=ORIENTED_EDGE('',*,*,#3237,.F.);
#1773=ORIENTED_EDGE('',*,*,#2841,.F.);
#1774=ORIENTED_EDGE('',*,*,#3238,.F.);
#1775=ORIENTED_EDGE('',*,*,#3237,.T.);
#1776=ORIENTED_EDGE('',*,*,#3239,.T.);
#1777=ORIENTED_EDGE('',*,*,#2840,.F.);
#1778=ORIENTED_EDGE('',*,*,#3240,.F.);
#1779=ORIENTED_EDGE('',*,*,#3228,.T.);
#1780=ORIENTED_EDGE('',*,*,#3238,.T.);
#1781=ORIENTED_EDGE('',*,*,#2849,.F.);
#1782=ORIENTED_EDGE('',*,*,#3241,.F.);
#1783=ORIENTED_EDGE('',*,*,#3229,.T.);
#1784=ORIENTED_EDGE('',*,*,#3240,.T.);
#1785=ORIENTED_EDGE('',*,*,#2848,.F.);
#1786=ORIENTED_EDGE('',*,*,#3242,.F.);
#1787=ORIENTED_EDGE('',*,*,#3230,.T.);
#1788=ORIENTED_EDGE('',*,*,#3241,.T.);
#1789=ORIENTED_EDGE('',*,*,#2847,.F.);
#1790=ORIENTED_EDGE('',*,*,#3243,.F.);
#1791=ORIENTED_EDGE('',*,*,#3231,.T.);
#1792=ORIENTED_EDGE('',*,*,#3242,.T.);
#1793=ORIENTED_EDGE('',*,*,#2846,.F.);
#1794=ORIENTED_EDGE('',*,*,#3244,.F.);
#1795=ORIENTED_EDGE('',*,*,#3232,.T.);
#1796=ORIENTED_EDGE('',*,*,#3243,.T.);
#1797=ORIENTED_EDGE('',*,*,#2845,.F.);
#1798=ORIENTED_EDGE('',*,*,#3245,.F.);
#1799=ORIENTED_EDGE('',*,*,#3233,.T.);
#1800=ORIENTED_EDGE('',*,*,#3244,.T.);
#1801=ORIENTED_EDGE('',*,*,#2844,.F.);
#1802=ORIENTED_EDGE('',*,*,#3246,.F.);
#1803=ORIENTED_EDGE('',*,*,#3234,.T.);
#1804=ORIENTED_EDGE('',*,*,#3245,.T.);
#1805=ORIENTED_EDGE('',*,*,#2843,.F.);
#1806=ORIENTED_EDGE('',*,*,#3247,.F.);
#1807=ORIENTED_EDGE('',*,*,#3235,.T.);
#1808=ORIENTED_EDGE('',*,*,#3246,.T.);
#1809=ORIENTED_EDGE('',*,*,#2842,.F.);
#1810=ORIENTED_EDGE('',*,*,#3239,.F.);
#1811=ORIENTED_EDGE('',*,*,#3236,.T.);
#1812=ORIENTED_EDGE('',*,*,#3247,.T.);
#1813=ORIENTED_EDGE('',*,*,#3248,.F.);
#1814=ORIENTED_EDGE('',*,*,#3249,.F.);
#1815=ORIENTED_EDGE('',*,*,#3250,.F.);
#1816=ORIENTED_EDGE('',*,*,#3251,.F.);
#1817=ORIENTED_EDGE('',*,*,#3252,.F.);
#1818=ORIENTED_EDGE('',*,*,#3253,.F.);
#1819=ORIENTED_EDGE('',*,*,#3254,.F.);
#1820=ORIENTED_EDGE('',*,*,#3255,.F.);
#1821=ORIENTED_EDGE('',*,*,#3256,.F.);
#1822=ORIENTED_EDGE('',*,*,#3257,.F.);
#1823=ORIENTED_EDGE('',*,*,#3258,.F.);
#1824=ORIENTED_EDGE('',*,*,#3259,.F.);
#1825=ORIENTED_EDGE('',*,*,#3260,.F.);
#1826=ORIENTED_EDGE('',*,*,#3261,.F.);
#1827=ORIENTED_EDGE('',*,*,#3262,.F.);
#1828=ORIENTED_EDGE('',*,*,#3263,.F.);
#1829=ORIENTED_EDGE('',*,*,#3264,.F.);
#1830=ORIENTED_EDGE('',*,*,#3265,.F.);
#1831=ORIENTED_EDGE('',*,*,#3266,.F.);
#1832=ORIENTED_EDGE('',*,*,#3267,.F.);
#1833=ORIENTED_EDGE('',*,*,#3268,.F.);
#1834=ORIENTED_EDGE('',*,*,#3269,.F.);
#1835=ORIENTED_EDGE('',*,*,#3270,.F.);
#1836=ORIENTED_EDGE('',*,*,#3271,.F.);
#1837=ORIENTED_EDGE('',*,*,#3272,.F.);
#1838=ORIENTED_EDGE('',*,*,#3273,.F.);
#1839=ORIENTED_EDGE('',*,*,#3274,.F.);
#1840=ORIENTED_EDGE('',*,*,#2851,.F.);
#1841=ORIENTED_EDGE('',*,*,#3275,.F.);
#1842=ORIENTED_EDGE('',*,*,#3274,.T.);
#1843=ORIENTED_EDGE('',*,*,#3276,.T.);
#1844=ORIENTED_EDGE('',*,*,#2850,.F.);
#1845=ORIENTED_EDGE('',*,*,#3277,.F.);
#1846=ORIENTED_EDGE('',*,*,#3248,.T.);
#1847=ORIENTED_EDGE('',*,*,#3275,.T.);
#1848=ORIENTED_EDGE('',*,*,#2876,.F.);
#1849=ORIENTED_EDGE('',*,*,#3278,.F.);
#1850=ORIENTED_EDGE('',*,*,#3249,.T.);
#1851=ORIENTED_EDGE('',*,*,#3277,.T.);
#1852=ORIENTED_EDGE('',*,*,#2875,.F.);
#1853=ORIENTED_EDGE('',*,*,#3279,.F.);
#1854=ORIENTED_EDGE('',*,*,#3250,.T.);
#1855=ORIENTED_EDGE('',*,*,#3278,.T.);
#1856=ORIENTED_EDGE('',*,*,#2874,.F.);
#1857=ORIENTED_EDGE('',*,*,#3280,.F.);
#1858=ORIENTED_EDGE('',*,*,#3251,.T.);
#1859=ORIENTED_EDGE('',*,*,#3279,.T.);
#1860=ORIENTED_EDGE('',*,*,#2873,.F.);
#1861=ORIENTED_EDGE('',*,*,#3281,.F.);
#1862=ORIENTED_EDGE('',*,*,#3252,.T.);
#1863=ORIENTED_EDGE('',*,*,#3280,.T.);
#1864=ORIENTED_EDGE('',*,*,#2872,.F.);
#1865=ORIENTED_EDGE('',*,*,#3282,.F.);
#1866=ORIENTED_EDGE('',*,*,#3253,.T.);
#1867=ORIENTED_EDGE('',*,*,#3281,.T.);
#1868=ORIENTED_EDGE('',*,*,#2871,.F.);
#1869=ORIENTED_EDGE('',*,*,#3283,.F.);
#1870=ORIENTED_EDGE('',*,*,#3254,.T.);
#1871=ORIENTED_EDGE('',*,*,#3282,.T.);
#1872=ORIENTED_EDGE('',*,*,#2870,.F.);
#1873=ORIENTED_EDGE('',*,*,#3284,.F.);
#1874=ORIENTED_EDGE('',*,*,#3255,.T.);
#1875=ORIENTED_EDGE('',*,*,#3283,.T.);
#1876=ORIENTED_EDGE('',*,*,#2869,.F.);
#1877=ORIENTED_EDGE('',*,*,#3285,.F.);
#1878=ORIENTED_EDGE('',*,*,#3256,.T.);
#1879=ORIENTED_EDGE('',*,*,#3284,.T.);
#1880=ORIENTED_EDGE('',*,*,#2868,.F.);
#1881=ORIENTED_EDGE('',*,*,#3286,.F.);
#1882=ORIENTED_EDGE('',*,*,#3257,.T.);
#1883=ORIENTED_EDGE('',*,*,#3285,.T.);
#1884=ORIENTED_EDGE('',*,*,#2867,.F.);
#1885=ORIENTED_EDGE('',*,*,#3287,.F.);
#1886=ORIENTED_EDGE('',*,*,#3258,.T.);
#1887=ORIENTED_EDGE('',*,*,#3286,.T.);
#1888=ORIENTED_EDGE('',*,*,#2866,.F.);
#1889=ORIENTED_EDGE('',*,*,#3288,.F.);
#1890=ORIENTED_EDGE('',*,*,#3259,.T.);
#1891=ORIENTED_EDGE('',*,*,#3287,.T.);
#1892=ORIENTED_EDGE('',*,*,#2865,.F.);
#1893=ORIENTED_EDGE('',*,*,#3289,.F.);
#1894=ORIENTED_EDGE('',*,*,#3260,.T.);
#1895=ORIENTED_EDGE('',*,*,#3288,.T.);
#1896=ORIENTED_EDGE('',*,*,#2864,.F.);
#1897=ORIENTED_EDGE('',*,*,#3290,.F.);
#1898=ORIENTED_EDGE('',*,*,#3261,.T.);
#1899=ORIENTED_EDGE('',*,*,#3289,.T.);
#1900=ORIENTED_EDGE('',*,*,#2863,.F.);
#1901=ORIENTED_EDGE('',*,*,#3291,.F.);
#1902=ORIENTED_EDGE('',*,*,#3262,.T.);
#1903=ORIENTED_EDGE('',*,*,#3290,.T.);
#1904=ORIENTED_EDGE('',*,*,#2862,.F.);
#1905=ORIENTED_EDGE('',*,*,#3292,.F.);
#1906=ORIENTED_EDGE('',*,*,#3263,.T.);
#1907=ORIENTED_EDGE('',*,*,#3291,.T.);
#1908=ORIENTED_EDGE('',*,*,#2861,.F.);
#1909=ORIENTED_EDGE('',*,*,#3293,.F.);
#1910=ORIENTED_EDGE('',*,*,#3264,.T.);
#1911=ORIENTED_EDGE('',*,*,#3292,.T.);
#1912=ORIENTED_EDGE('',*,*,#2860,.F.);
#1913=ORIENTED_EDGE('',*,*,#3294,.F.);
#1914=ORIENTED_EDGE('',*,*,#3265,.T.);
#1915=ORIENTED_EDGE('',*,*,#3293,.T.);
#1916=ORIENTED_EDGE('',*,*,#2859,.F.);
#1917=ORIENTED_EDGE('',*,*,#3295,.F.);
#1918=ORIENTED_EDGE('',*,*,#3266,.T.);
#1919=ORIENTED_EDGE('',*,*,#3294,.T.);
#1920=ORIENTED_EDGE('',*,*,#2858,.F.);
#1921=ORIENTED_EDGE('',*,*,#3296,.F.);
#1922=ORIENTED_EDGE('',*,*,#3267,.T.);
#1923=ORIENTED_EDGE('',*,*,#3295,.T.);
#1924=ORIENTED_EDGE('',*,*,#2857,.F.);
#1925=ORIENTED_EDGE('',*,*,#3297,.F.);
#1926=ORIENTED_EDGE('',*,*,#3268,.T.);
#1927=ORIENTED_EDGE('',*,*,#3296,.T.);
#1928=ORIENTED_EDGE('',*,*,#2856,.F.);
#1929=ORIENTED_EDGE('',*,*,#3298,.F.);
#1930=ORIENTED_EDGE('',*,*,#3269,.T.);
#1931=ORIENTED_EDGE('',*,*,#3297,.T.);
#1932=ORIENTED_EDGE('',*,*,#2855,.F.);
#1933=ORIENTED_EDGE('',*,*,#3299,.F.);
#1934=ORIENTED_EDGE('',*,*,#3270,.T.);
#1935=ORIENTED_EDGE('',*,*,#3298,.T.);
#1936=ORIENTED_EDGE('',*,*,#2854,.F.);
#1937=ORIENTED_EDGE('',*,*,#3300,.F.);
#1938=ORIENTED_EDGE('',*,*,#3271,.T.);
#1939=ORIENTED_EDGE('',*,*,#3299,.T.);
#1940=ORIENTED_EDGE('',*,*,#2853,.F.);
#1941=ORIENTED_EDGE('',*,*,#3301,.F.);
#1942=ORIENTED_EDGE('',*,*,#3272,.T.);
#1943=ORIENTED_EDGE('',*,*,#3300,.T.);
#1944=ORIENTED_EDGE('',*,*,#2852,.F.);
#1945=ORIENTED_EDGE('',*,*,#3276,.F.);
#1946=ORIENTED_EDGE('',*,*,#3273,.T.);
#1947=ORIENTED_EDGE('',*,*,#3301,.T.);
#1948=ORIENTED_EDGE('',*,*,#3302,.F.);
#1949=ORIENTED_EDGE('',*,*,#3303,.F.);
#1950=ORIENTED_EDGE('',*,*,#3304,.F.);
#1951=ORIENTED_EDGE('',*,*,#3305,.F.);
#1952=ORIENTED_EDGE('',*,*,#3306,.F.);
#1953=ORIENTED_EDGE('',*,*,#3307,.F.);
#1954=ORIENTED_EDGE('',*,*,#3308,.F.);
#1955=ORIENTED_EDGE('',*,*,#2878,.F.);
#1956=ORIENTED_EDGE('',*,*,#3309,.F.);
#1957=ORIENTED_EDGE('',*,*,#3308,.T.);
#1958=ORIENTED_EDGE('',*,*,#3310,.T.);
#1959=ORIENTED_EDGE('',*,*,#2877,.F.);
#1960=ORIENTED_EDGE('',*,*,#3311,.F.);
#1961=ORIENTED_EDGE('',*,*,#3302,.T.);
#1962=ORIENTED_EDGE('',*,*,#3309,.T.);
#1963=ORIENTED_EDGE('',*,*,#2883,.F.);
#1964=ORIENTED_EDGE('',*,*,#3312,.F.);
#1965=ORIENTED_EDGE('',*,*,#3303,.T.);
#1966=ORIENTED_EDGE('',*,*,#3311,.T.);
#1967=ORIENTED_EDGE('',*,*,#2882,.F.);
#1968=ORIENTED_EDGE('',*,*,#3313,.F.);
#1969=ORIENTED_EDGE('',*,*,#3304,.T.);
#1970=ORIENTED_EDGE('',*,*,#3312,.T.);
#1971=ORIENTED_EDGE('',*,*,#2881,.F.);
#1972=ORIENTED_EDGE('',*,*,#3314,.F.);
#1973=ORIENTED_EDGE('',*,*,#3305,.T.);
#1974=ORIENTED_EDGE('',*,*,#3313,.T.);
#1975=ORIENTED_EDGE('',*,*,#2880,.F.);
#1976=ORIENTED_EDGE('',*,*,#3315,.F.);
#1977=ORIENTED_EDGE('',*,*,#3306,.T.);
#1978=ORIENTED_EDGE('',*,*,#3314,.T.);
#1979=ORIENTED_EDGE('',*,*,#2879,.F.);
#1980=ORIENTED_EDGE('',*,*,#3310,.F.);
#1981=ORIENTED_EDGE('',*,*,#3307,.T.);
#1982=ORIENTED_EDGE('',*,*,#3315,.T.);
#1983=ORIENTED_EDGE('',*,*,#3316,.F.);
#1984=ORIENTED_EDGE('',*,*,#3317,.F.);
#1985=ORIENTED_EDGE('',*,*,#3318,.F.);
#1986=ORIENTED_EDGE('',*,*,#3319,.F.);
#1987=ORIENTED_EDGE('',*,*,#3320,.F.);
#1988=ORIENTED_EDGE('',*,*,#3321,.F.);
#1989=ORIENTED_EDGE('',*,*,#3322,.F.);
#1990=ORIENTED_EDGE('',*,*,#3323,.F.);
#1991=ORIENTED_EDGE('',*,*,#3324,.F.);
#1992=ORIENTED_EDGE('',*,*,#3325,.F.);
#1993=ORIENTED_EDGE('',*,*,#3326,.F.);
#1994=ORIENTED_EDGE('',*,*,#3327,.F.);
#1995=ORIENTED_EDGE('',*,*,#3328,.F.);
#1996=ORIENTED_EDGE('',*,*,#3329,.F.);
#1997=ORIENTED_EDGE('',*,*,#3330,.F.);
#1998=ORIENTED_EDGE('',*,*,#3331,.F.);
#1999=ORIENTED_EDGE('',*,*,#3332,.F.);
#2000=ORIENTED_EDGE('',*,*,#3333,.F.);
#2001=ORIENTED_EDGE('',*,*,#3334,.F.);
#2002=ORIENTED_EDGE('',*,*,#2885,.F.);
#2003=ORIENTED_EDGE('',*,*,#3335,.F.);
#2004=ORIENTED_EDGE('',*,*,#3334,.T.);
#2005=ORIENTED_EDGE('',*,*,#3336,.T.);
#2006=ORIENTED_EDGE('',*,*,#2884,.F.);
#2007=ORIENTED_EDGE('',*,*,#3337,.F.);
#2008=ORIENTED_EDGE('',*,*,#3316,.T.);
#2009=ORIENTED_EDGE('',*,*,#3335,.T.);
#2010=ORIENTED_EDGE('',*,*,#2902,.F.);
#2011=ORIENTED_EDGE('',*,*,#3338,.F.);
#2012=ORIENTED_EDGE('',*,*,#3317,.T.);
#2013=ORIENTED_EDGE('',*,*,#3337,.T.);
#2014=ORIENTED_EDGE('',*,*,#2901,.F.);
#2015=ORIENTED_EDGE('',*,*,#3339,.F.);
#2016=ORIENTED_EDGE('',*,*,#3318,.T.);
#2017=ORIENTED_EDGE('',*,*,#3338,.T.);
#2018=ORIENTED_EDGE('',*,*,#2900,.F.);
#2019=ORIENTED_EDGE('',*,*,#3340,.F.);
#2020=ORIENTED_EDGE('',*,*,#3319,.T.);
#2021=ORIENTED_EDGE('',*,*,#3339,.T.);
#2022=ORIENTED_EDGE('',*,*,#2899,.F.);
#2023=ORIENTED_EDGE('',*,*,#3341,.F.);
#2024=ORIENTED_EDGE('',*,*,#3320,.T.);
#2025=ORIENTED_EDGE('',*,*,#3340,.T.);
#2026=ORIENTED_EDGE('',*,*,#2898,.F.);
#2027=ORIENTED_EDGE('',*,*,#3342,.F.);
#2028=ORIENTED_EDGE('',*,*,#3321,.T.);
#2029=ORIENTED_EDGE('',*,*,#3341,.T.);
#2030=ORIENTED_EDGE('',*,*,#2897,.F.);
#2031=ORIENTED_EDGE('',*,*,#3343,.F.);
#2032=ORIENTED_EDGE('',*,*,#3322,.T.);
#2033=ORIENTED_EDGE('',*,*,#3342,.T.);
#2034=ORIENTED_EDGE('',*,*,#2896,.F.);
#2035=ORIENTED_EDGE('',*,*,#3344,.F.);
#2036=ORIENTED_EDGE('',*,*,#3323,.T.);
#2037=ORIENTED_EDGE('',*,*,#3343,.T.);
#2038=ORIENTED_EDGE('',*,*,#2895,.F.);
#2039=ORIENTED_EDGE('',*,*,#3345,.F.);
#2040=ORIENTED_EDGE('',*,*,#3324,.T.);
#2041=ORIENTED_EDGE('',*,*,#3344,.T.);
#2042=ORIENTED_EDGE('',*,*,#2894,.F.);
#2043=ORIENTED_EDGE('',*,*,#3346,.F.);
#2044=ORIENTED_EDGE('',*,*,#3325,.T.);
#2045=ORIENTED_EDGE('',*,*,#3345,.T.);
#2046=ORIENTED_EDGE('',*,*,#2893,.F.);
#2047=ORIENTED_EDGE('',*,*,#3347,.F.);
#2048=ORIENTED_EDGE('',*,*,#3326,.T.);
#2049=ORIENTED_EDGE('',*,*,#3346,.T.);
#2050=ORIENTED_EDGE('',*,*,#2892,.F.);
#2051=ORIENTED_EDGE('',*,*,#3348,.F.);
#2052=ORIENTED_EDGE('',*,*,#3327,.T.);
#2053=ORIENTED_EDGE('',*,*,#3347,.T.);
#2054=ORIENTED_EDGE('',*,*,#2891,.F.);
#2055=ORIENTED_EDGE('',*,*,#3349,.F.);
#2056=ORIENTED_EDGE('',*,*,#3328,.T.);
#2057=ORIENTED_EDGE('',*,*,#3348,.T.);
#2058=ORIENTED_EDGE('',*,*,#2890,.F.);
#2059=ORIENTED_EDGE('',*,*,#3350,.F.);
#2060=ORIENTED_EDGE('',*,*,#3329,.T.);
#2061=ORIENTED_EDGE('',*,*,#3349,.T.);
#2062=ORIENTED_EDGE('',*,*,#2889,.F.);
#2063=ORIENTED_EDGE('',*,*,#3351,.F.);
#2064=ORIENTED_EDGE('',*,*,#3330,.T.);
#2065=ORIENTED_EDGE('',*,*,#3350,.T.);
#2066=ORIENTED_EDGE('',*,*,#2888,.F.);
#2067=ORIENTED_EDGE('',*,*,#3352,.F.);
#2068=ORIENTED_EDGE('',*,*,#3331,.T.);
#2069=ORIENTED_EDGE('',*,*,#3351,.T.);
#2070=ORIENTED_EDGE('',*,*,#2887,.F.);
#2071=ORIENTED_EDGE('',*,*,#3353,.F.);
#2072=ORIENTED_EDGE('',*,*,#3332,.T.);
#2073=ORIENTED_EDGE('',*,*,#3352,.T.);
#2074=ORIENTED_EDGE('',*,*,#2886,.F.);
#2075=ORIENTED_EDGE('',*,*,#3336,.F.);
#2076=ORIENTED_EDGE('',*,*,#3333,.T.);
#2077=ORIENTED_EDGE('',*,*,#3353,.T.);
#2078=ORIENTED_EDGE('',*,*,#3354,.F.);
#2079=ORIENTED_EDGE('',*,*,#3355,.F.);
#2080=ORIENTED_EDGE('',*,*,#3356,.F.);
#2081=ORIENTED_EDGE('',*,*,#3357,.F.);
#2082=ORIENTED_EDGE('',*,*,#3358,.F.);
#2083=ORIENTED_EDGE('',*,*,#3359,.F.);
#2084=ORIENTED_EDGE('',*,*,#3360,.F.);
#2085=ORIENTED_EDGE('',*,*,#3361,.F.);
#2086=ORIENTED_EDGE('',*,*,#3362,.F.);
#2087=ORIENTED_EDGE('',*,*,#3363,.F.);
#2088=ORIENTED_EDGE('',*,*,#2904,.F.);
#2089=ORIENTED_EDGE('',*,*,#3364,.F.);
#2090=ORIENTED_EDGE('',*,*,#3363,.T.);
#2091=ORIENTED_EDGE('',*,*,#3365,.T.);
#2092=ORIENTED_EDGE('',*,*,#2903,.F.);
#2093=ORIENTED_EDGE('',*,*,#3366,.F.);
#2094=ORIENTED_EDGE('',*,*,#3354,.T.);
#2095=ORIENTED_EDGE('',*,*,#3364,.T.);
#2096=ORIENTED_EDGE('',*,*,#2912,.F.);
#2097=ORIENTED_EDGE('',*,*,#3367,.F.);
#2098=ORIENTED_EDGE('',*,*,#3355,.T.);
#2099=ORIENTED_EDGE('',*,*,#3366,.T.);
#2100=ORIENTED_EDGE('',*,*,#2911,.F.);
#2101=ORIENTED_EDGE('',*,*,#3368,.F.);
#2102=ORIENTED_EDGE('',*,*,#3356,.T.);
#2103=ORIENTED_EDGE('',*,*,#3367,.T.);
#2104=ORIENTED_EDGE('',*,*,#2910,.F.);
#2105=ORIENTED_EDGE('',*,*,#3369,.F.);
#2106=ORIENTED_EDGE('',*,*,#3357,.T.);
#2107=ORIENTED_EDGE('',*,*,#3368,.T.);
#2108=ORIENTED_EDGE('',*,*,#2909,.F.);
#2109=ORIENTED_EDGE('',*,*,#3370,.F.);
#2110=ORIENTED_EDGE('',*,*,#3358,.T.);
#2111=ORIENTED_EDGE('',*,*,#3369,.T.);
#2112=ORIENTED_EDGE('',*,*,#2908,.F.);
#2113=ORIENTED_EDGE('',*,*,#3371,.F.);
#2114=ORIENTED_EDGE('',*,*,#3359,.T.);
#2115=ORIENTED_EDGE('',*,*,#3370,.T.);
#2116=ORIENTED_EDGE('',*,*,#2907,.F.);
#2117=ORIENTED_EDGE('',*,*,#3372,.F.);
#2118=ORIENTED_EDGE('',*,*,#3360,.T.);
#2119=ORIENTED_EDGE('',*,*,#3371,.T.);
#2120=ORIENTED_EDGE('',*,*,#2906,.F.);
#2121=ORIENTED_EDGE('',*,*,#3373,.F.);
#2122=ORIENTED_EDGE('',*,*,#3361,.T.);
#2123=ORIENTED_EDGE('',*,*,#3372,.T.);
#2124=ORIENTED_EDGE('',*,*,#2905,.F.);
#2125=ORIENTED_EDGE('',*,*,#3365,.F.);
#2126=ORIENTED_EDGE('',*,*,#3362,.T.);
#2127=ORIENTED_EDGE('',*,*,#3373,.T.);
#2128=ORIENTED_EDGE('',*,*,#3374,.F.);
#2129=ORIENTED_EDGE('',*,*,#3375,.F.);
#2130=ORIENTED_EDGE('',*,*,#3376,.F.);
#2131=ORIENTED_EDGE('',*,*,#3377,.F.);
#2132=ORIENTED_EDGE('',*,*,#3378,.F.);
#2133=ORIENTED_EDGE('',*,*,#3379,.F.);
#2134=ORIENTED_EDGE('',*,*,#3380,.F.);
#2135=ORIENTED_EDGE('',*,*,#3381,.F.);
#2136=ORIENTED_EDGE('',*,*,#2914,.F.);
#2137=ORIENTED_EDGE('',*,*,#3382,.F.);
#2138=ORIENTED_EDGE('',*,*,#3381,.T.);
#2139=ORIENTED_EDGE('',*,*,#3383,.T.);
#2140=ORIENTED_EDGE('',*,*,#2913,.F.);
#2141=ORIENTED_EDGE('',*,*,#3384,.F.);
#2142=ORIENTED_EDGE('',*,*,#3374,.T.);
#2143=ORIENTED_EDGE('',*,*,#3382,.T.);
#2144=ORIENTED_EDGE('',*,*,#2920,.F.);
#2145=ORIENTED_EDGE('',*,*,#3385,.F.);
#2146=ORIENTED_EDGE('',*,*,#3375,.T.);
#2147=ORIENTED_EDGE('',*,*,#3384,.T.);
#2148=ORIENTED_EDGE('',*,*,#2919,.F.);
#2149=ORIENTED_EDGE('',*,*,#3386,.F.);
#2150=ORIENTED_EDGE('',*,*,#3376,.T.);
#2151=ORIENTED_EDGE('',*,*,#3385,.T.);
#2152=ORIENTED_EDGE('',*,*,#2918,.F.);
#2153=ORIENTED_EDGE('',*,*,#3387,.F.);
#2154=ORIENTED_EDGE('',*,*,#3377,.T.);
#2155=ORIENTED_EDGE('',*,*,#3386,.T.);
#2156=ORIENTED_EDGE('',*,*,#2917,.F.);
#2157=ORIENTED_EDGE('',*,*,#3388,.F.);
#2158=ORIENTED_EDGE('',*,*,#3378,.T.);
#2159=ORIENTED_EDGE('',*,*,#3387,.T.);
#2160=ORIENTED_EDGE('',*,*,#2916,.F.);
#2161=ORIENTED_EDGE('',*,*,#3389,.F.);
#2162=ORIENTED_EDGE('',*,*,#3379,.T.);
#2163=ORIENTED_EDGE('',*,*,#3388,.T.);
#2164=ORIENTED_EDGE('',*,*,#2915,.F.);
#2165=ORIENTED_EDGE('',*,*,#3383,.F.);
#2166=ORIENTED_EDGE('',*,*,#3380,.T.);
#2167=ORIENTED_EDGE('',*,*,#3389,.T.);
#2168=ORIENTED_EDGE('',*,*,#3390,.F.);
#2169=ORIENTED_EDGE('',*,*,#3391,.F.);
#2170=ORIENTED_EDGE('',*,*,#3392,.F.);
#2171=ORIENTED_EDGE('',*,*,#3393,.F.);
#2172=ORIENTED_EDGE('',*,*,#3394,.F.);
#2173=ORIENTED_EDGE('',*,*,#3395,.F.);
#2174=ORIENTED_EDGE('',*,*,#3396,.F.);
#2175=ORIENTED_EDGE('',*,*,#3397,.F.);
#2176=ORIENTED_EDGE('',*,*,#3398,.F.);
#2177=ORIENTED_EDGE('',*,*,#3399,.F.);
#2178=ORIENTED_EDGE('',*,*,#3400,.F.);
#2179=ORIENTED_EDGE('',*,*,#3401,.F.);
#2180=ORIENTED_EDGE('',*,*,#3402,.F.);
#2181=ORIENTED_EDGE('',*,*,#3403,.F.);
#2182=ORIENTED_EDGE('',*,*,#3404,.F.);
#2183=ORIENTED_EDGE('',*,*,#3405,.F.);
#2184=ORIENTED_EDGE('',*,*,#2720,.F.);
#2185=ORIENTED_EDGE('',*,*,#3406,.F.);
#2186=ORIENTED_EDGE('',*,*,#3396,.T.);
#2187=ORIENTED_EDGE('',*,*,#3407,.T.);
#2188=ORIENTED_EDGE('',*,*,#2721,.F.);
#2189=ORIENTED_EDGE('',*,*,#3407,.F.);
#2190=ORIENTED_EDGE('',*,*,#3395,.T.);
#2191=ORIENTED_EDGE('',*,*,#3408,.T.);
#2192=ORIENTED_EDGE('',*,*,#2722,.F.);
#2193=ORIENTED_EDGE('',*,*,#3408,.F.);
#2194=ORIENTED_EDGE('',*,*,#3394,.T.);
#2195=ORIENTED_EDGE('',*,*,#3409,.T.);
#2196=ORIENTED_EDGE('',*,*,#2723,.F.);
#2197=ORIENTED_EDGE('',*,*,#3409,.F.);
#2198=ORIENTED_EDGE('',*,*,#3393,.T.);
#2199=ORIENTED_EDGE('',*,*,#3410,.T.);
#2200=ORIENTED_EDGE('',*,*,#2724,.F.);
#2201=ORIENTED_EDGE('',*,*,#3410,.F.);
#2202=ORIENTED_EDGE('',*,*,#3392,.T.);
#2203=ORIENTED_EDGE('',*,*,#3411,.T.);
#2204=ORIENTED_EDGE('',*,*,#2725,.F.);
#2205=ORIENTED_EDGE('',*,*,#3411,.F.);
#2206=ORIENTED_EDGE('',*,*,#3391,.T.);
#2207=ORIENTED_EDGE('',*,*,#3412,.T.);
#2208=ORIENTED_EDGE('',*,*,#2726,.F.);
#2209=ORIENTED_EDGE('',*,*,#3412,.F.);
#2210=ORIENTED_EDGE('',*,*,#3390,.T.);
#2211=ORIENTED_EDGE('',*,*,#3413,.T.);
#2212=ORIENTED_EDGE('',*,*,#2719,.F.);
#2213=ORIENTED_EDGE('',*,*,#3413,.F.);
#2214=ORIENTED_EDGE('',*,*,#3397,.T.);
#2215=ORIENTED_EDGE('',*,*,#3406,.T.);
#2216=ORIENTED_EDGE('',*,*,#3414,.F.);
#2217=ORIENTED_EDGE('',*,*,#3415,.F.);
#2218=ORIENTED_EDGE('',*,*,#3405,.T.);
#2219=ORIENTED_EDGE('',*,*,#3416,.T.);
#2220=ORIENTED_EDGE('',*,*,#3417,.F.);
#2221=ORIENTED_EDGE('',*,*,#3418,.F.);
#2222=ORIENTED_EDGE('',*,*,#3398,.T.);
#2223=ORIENTED_EDGE('',*,*,#3415,.T.);
#2224=ORIENTED_EDGE('',*,*,#3419,.F.);
#2225=ORIENTED_EDGE('',*,*,#3420,.F.);
#2226=ORIENTED_EDGE('',*,*,#3399,.T.);
#2227=ORIENTED_EDGE('',*,*,#3418,.T.);
#2228=ORIENTED_EDGE('',*,*,#3421,.F.);
#2229=ORIENTED_EDGE('',*,*,#3422,.F.);
#2230=ORIENTED_EDGE('',*,*,#3400,.T.);
#2231=ORIENTED_EDGE('',*,*,#3420,.T.);
#2232=ORIENTED_EDGE('',*,*,#3423,.F.);
#2233=ORIENTED_EDGE('',*,*,#3424,.F.);
#2234=ORIENTED_EDGE('',*,*,#3401,.T.);
#2235=ORIENTED_EDGE('',*,*,#3422,.T.);
#2236=ORIENTED_EDGE('',*,*,#3425,.F.);
#2237=ORIENTED_EDGE('',*,*,#3426,.F.);
#2238=ORIENTED_EDGE('',*,*,#3402,.T.);
#2239=ORIENTED_EDGE('',*,*,#3424,.T.);
#2240=ORIENTED_EDGE('',*,*,#3427,.F.);
#2241=ORIENTED_EDGE('',*,*,#3428,.F.);
#2242=ORIENTED_EDGE('',*,*,#3403,.T.);
#2243=ORIENTED_EDGE('',*,*,#3426,.T.);
#2244=ORIENTED_EDGE('',*,*,#3429,.F.);
#2245=ORIENTED_EDGE('',*,*,#3416,.F.);
#2246=ORIENTED_EDGE('',*,*,#3404,.T.);
#2247=ORIENTED_EDGE('',*,*,#3428,.T.);
#2248=ORIENTED_EDGE('',*,*,#3430,.F.);
#2249=ORIENTED_EDGE('',*,*,#3431,.F.);
#2250=ORIENTED_EDGE('',*,*,#3432,.F.);
#2251=ORIENTED_EDGE('',*,*,#3433,.F.);
#2252=ORIENTED_EDGE('',*,*,#3434,.F.);
#2253=ORIENTED_EDGE('',*,*,#3435,.F.);
#2254=ORIENTED_EDGE('',*,*,#3436,.F.);
#2255=ORIENTED_EDGE('',*,*,#3437,.F.);
#2256=ORIENTED_EDGE('',*,*,#3438,.F.);
#2257=ORIENTED_EDGE('',*,*,#3439,.F.);
#2258=ORIENTED_EDGE('',*,*,#3440,.F.);
#2259=ORIENTED_EDGE('',*,*,#3441,.F.);
#2260=ORIENTED_EDGE('',*,*,#3442,.F.);
#2261=ORIENTED_EDGE('',*,*,#3443,.F.);
#2262=ORIENTED_EDGE('',*,*,#3444,.F.);
#2263=ORIENTED_EDGE('',*,*,#3445,.F.);
#2264=ORIENTED_EDGE('',*,*,#3446,.F.);
#2265=ORIENTED_EDGE('',*,*,#3447,.F.);
#2266=ORIENTED_EDGE('',*,*,#3448,.F.);
#2267=ORIENTED_EDGE('',*,*,#3449,.F.);
#2268=ORIENTED_EDGE('',*,*,#3450,.F.);
#2269=ORIENTED_EDGE('',*,*,#3451,.F.);
#2270=ORIENTED_EDGE('',*,*,#3452,.F.);
#2271=ORIENTED_EDGE('',*,*,#3453,.F.);
#2272=ORIENTED_EDGE('',*,*,#3454,.F.);
#2273=ORIENTED_EDGE('',*,*,#3455,.F.);
#2274=ORIENTED_EDGE('',*,*,#3456,.F.);
#2275=ORIENTED_EDGE('',*,*,#3457,.F.);
#2276=ORIENTED_EDGE('',*,*,#2692,.F.);
#2277=ORIENTED_EDGE('',*,*,#3458,.F.);
#2278=ORIENTED_EDGE('',*,*,#3457,.T.);
#2279=ORIENTED_EDGE('',*,*,#3459,.T.);
#2280=ORIENTED_EDGE('',*,*,#2691,.F.);
#2281=ORIENTED_EDGE('',*,*,#3460,.F.);
#2282=ORIENTED_EDGE('',*,*,#3430,.T.);
#2283=ORIENTED_EDGE('',*,*,#3458,.T.);
#2284=ORIENTED_EDGE('',*,*,#2718,.F.);
#2285=ORIENTED_EDGE('',*,*,#3461,.F.);
#2286=ORIENTED_EDGE('',*,*,#3431,.T.);
#2287=ORIENTED_EDGE('',*,*,#3460,.T.);
#2288=ORIENTED_EDGE('',*,*,#2717,.F.);
#2289=ORIENTED_EDGE('',*,*,#3462,.F.);
#2290=ORIENTED_EDGE('',*,*,#3432,.T.);
#2291=ORIENTED_EDGE('',*,*,#3461,.T.);
#2292=ORIENTED_EDGE('',*,*,#2716,.F.);
#2293=ORIENTED_EDGE('',*,*,#3463,.F.);
#2294=ORIENTED_EDGE('',*,*,#3433,.T.);
#2295=ORIENTED_EDGE('',*,*,#3462,.T.);
#2296=ORIENTED_EDGE('',*,*,#2715,.F.);
#2297=ORIENTED_EDGE('',*,*,#3464,.F.);
#2298=ORIENTED_EDGE('',*,*,#3434,.T.);
#2299=ORIENTED_EDGE('',*,*,#3463,.T.);
#2300=ORIENTED_EDGE('',*,*,#2714,.F.);
#2301=ORIENTED_EDGE('',*,*,#3465,.F.);
#2302=ORIENTED_EDGE('',*,*,#3435,.T.);
#2303=ORIENTED_EDGE('',*,*,#3464,.T.);
#2304=ORIENTED_EDGE('',*,*,#2713,.F.);
#2305=ORIENTED_EDGE('',*,*,#3466,.F.);
#2306=ORIENTED_EDGE('',*,*,#3436,.T.);
#2307=ORIENTED_EDGE('',*,*,#3465,.T.);
#2308=ORIENTED_EDGE('',*,*,#2712,.F.);
#2309=ORIENTED_EDGE('',*,*,#3467,.F.);
#2310=ORIENTED_EDGE('',*,*,#3437,.T.);
#2311=ORIENTED_EDGE('',*,*,#3466,.T.);
#2312=ORIENTED_EDGE('',*,*,#2711,.F.);
#2313=ORIENTED_EDGE('',*,*,#3468,.F.);
#2314=ORIENTED_EDGE('',*,*,#3438,.T.);
#2315=ORIENTED_EDGE('',*,*,#3467,.T.);
#2316=ORIENTED_EDGE('',*,*,#2710,.F.);
#2317=ORIENTED_EDGE('',*,*,#3469,.F.);
#2318=ORIENTED_EDGE('',*,*,#3439,.T.);
#2319=ORIENTED_EDGE('',*,*,#3468,.T.);
#2320=ORIENTED_EDGE('',*,*,#2709,.F.);
#2321=ORIENTED_EDGE('',*,*,#3470,.F.);
#2322=ORIENTED_EDGE('',*,*,#3440,.T.);
#2323=ORIENTED_EDGE('',*,*,#3469,.T.);
#2324=ORIENTED_EDGE('',*,*,#2708,.F.);
#2325=ORIENTED_EDGE('',*,*,#3471,.F.);
#2326=ORIENTED_EDGE('',*,*,#3441,.T.);
#2327=ORIENTED_EDGE('',*,*,#3470,.T.);
#2328=ORIENTED_EDGE('',*,*,#2707,.F.);
#2329=ORIENTED_EDGE('',*,*,#3472,.F.);
#2330=ORIENTED_EDGE('',*,*,#3442,.T.);
#2331=ORIENTED_EDGE('',*,*,#3471,.T.);
#2332=ORIENTED_EDGE('',*,*,#2706,.F.);
#2333=ORIENTED_EDGE('',*,*,#3473,.F.);
#2334=ORIENTED_EDGE('',*,*,#3443,.T.);
#2335=ORIENTED_EDGE('',*,*,#3472,.T.);
#2336=ORIENTED_EDGE('',*,*,#2705,.F.);
#2337=ORIENTED_EDGE('',*,*,#3474,.F.);
#2338=ORIENTED_EDGE('',*,*,#3444,.T.);
#2339=ORIENTED_EDGE('',*,*,#3473,.T.);
#2340=ORIENTED_EDGE('',*,*,#2704,.F.);
#2341=ORIENTED_EDGE('',*,*,#3475,.F.);
#2342=ORIENTED_EDGE('',*,*,#3445,.T.);
#2343=ORIENTED_EDGE('',*,*,#3474,.T.);
#2344=ORIENTED_EDGE('',*,*,#2703,.F.);
#2345=ORIENTED_EDGE('',*,*,#3476,.F.);
#2346=ORIENTED_EDGE('',*,*,#3446,.T.);
#2347=ORIENTED_EDGE('',*,*,#3475,.T.);
#2348=ORIENTED_EDGE('',*,*,#2702,.F.);
#2349=ORIENTED_EDGE('',*,*,#3477,.F.);
#2350=ORIENTED_EDGE('',*,*,#3447,.T.);
#2351=ORIENTED_EDGE('',*,*,#3476,.T.);
#2352=ORIENTED_EDGE('',*,*,#2701,.F.);
#2353=ORIENTED_EDGE('',*,*,#3478,.F.);
#2354=ORIENTED_EDGE('',*,*,#3448,.T.);
#2355=ORIENTED_EDGE('',*,*,#3477,.T.);
#2356=ORIENTED_EDGE('',*,*,#2700,.F.);
#2357=ORIENTED_EDGE('',*,*,#3479,.F.);
#2358=ORIENTED_EDGE('',*,*,#3449,.T.);
#2359=ORIENTED_EDGE('',*,*,#3478,.T.);
#2360=ORIENTED_EDGE('',*,*,#2699,.F.);
#2361=ORIENTED_EDGE('',*,*,#3480,.F.);
#2362=ORIENTED_EDGE('',*,*,#3450,.T.);
#2363=ORIENTED_EDGE('',*,*,#3479,.T.);
#2364=ORIENTED_EDGE('',*,*,#2698,.F.);
#2365=ORIENTED_EDGE('',*,*,#3481,.F.);
#2366=ORIENTED_EDGE('',*,*,#3451,.T.);
#2367=ORIENTED_EDGE('',*,*,#3480,.T.);
#2368=ORIENTED_EDGE('',*,*,#2697,.F.);
#2369=ORIENTED_EDGE('',*,*,#3482,.F.);
#2370=ORIENTED_EDGE('',*,*,#3452,.T.);
#2371=ORIENTED_EDGE('',*,*,#3481,.T.);
#2372=ORIENTED_EDGE('',*,*,#2696,.F.);
#2373=ORIENTED_EDGE('',*,*,#3483,.F.);
#2374=ORIENTED_EDGE('',*,*,#3453,.T.);
#2375=ORIENTED_EDGE('',*,*,#3482,.T.);
#2376=ORIENTED_EDGE('',*,*,#2695,.F.);
#2377=ORIENTED_EDGE('',*,*,#3484,.F.);
#2378=ORIENTED_EDGE('',*,*,#3454,.T.);
#2379=ORIENTED_EDGE('',*,*,#3483,.T.);
#2380=ORIENTED_EDGE('',*,*,#2694,.F.);
#2381=ORIENTED_EDGE('',*,*,#3485,.F.);
#2382=ORIENTED_EDGE('',*,*,#3455,.T.);
#2383=ORIENTED_EDGE('',*,*,#3484,.T.);
#2384=ORIENTED_EDGE('',*,*,#2693,.F.);
#2385=ORIENTED_EDGE('',*,*,#3459,.F.);
#2386=ORIENTED_EDGE('',*,*,#3456,.T.);
#2387=ORIENTED_EDGE('',*,*,#3485,.T.);
#2388=ORIENTED_EDGE('',*,*,#3486,.F.);
#2389=ORIENTED_EDGE('',*,*,#3487,.F.);
#2390=ORIENTED_EDGE('',*,*,#3488,.F.);
#2391=ORIENTED_EDGE('',*,*,#3489,.F.);
#2392=ORIENTED_EDGE('',*,*,#3490,.F.);
#2393=ORIENTED_EDGE('',*,*,#3491,.F.);
#2394=ORIENTED_EDGE('',*,*,#3492,.F.);
#2395=ORIENTED_EDGE('',*,*,#3493,.F.);
#2396=ORIENTED_EDGE('',*,*,#3494,.F.);
#2397=ORIENTED_EDGE('',*,*,#3495,.F.);
#2398=ORIENTED_EDGE('',*,*,#3496,.F.);
#2399=ORIENTED_EDGE('',*,*,#3497,.F.);
#2400=ORIENTED_EDGE('',*,*,#3498,.F.);
#2401=ORIENTED_EDGE('',*,*,#3499,.F.);
#2402=ORIENTED_EDGE('',*,*,#3500,.F.);
#2403=ORIENTED_EDGE('',*,*,#3501,.F.);
#2404=ORIENTED_EDGE('',*,*,#3502,.F.);
#2405=ORIENTED_EDGE('',*,*,#3503,.F.);
#2406=ORIENTED_EDGE('',*,*,#3504,.F.);
#2407=ORIENTED_EDGE('',*,*,#3505,.F.);
#2408=ORIENTED_EDGE('',*,*,#3506,.F.);
#2409=ORIENTED_EDGE('',*,*,#3491,.T.);
#2410=ORIENTED_EDGE('',*,*,#3507,.T.);
#2411=ORIENTED_EDGE('',*,*,#3508,.F.);
#2412=ORIENTED_EDGE('',*,*,#3507,.F.);
#2413=ORIENTED_EDGE('',*,*,#3490,.T.);
#2414=ORIENTED_EDGE('',*,*,#3509,.T.);
#2415=ORIENTED_EDGE('',*,*,#3510,.F.);
#2416=ORIENTED_EDGE('',*,*,#3509,.F.);
#2417=ORIENTED_EDGE('',*,*,#3489,.T.);
#2418=ORIENTED_EDGE('',*,*,#3511,.T.);
#2419=ORIENTED_EDGE('',*,*,#3512,.F.);
#2420=ORIENTED_EDGE('',*,*,#3511,.F.);
#2421=ORIENTED_EDGE('',*,*,#3488,.T.);
#2422=ORIENTED_EDGE('',*,*,#3513,.T.);
#2423=ORIENTED_EDGE('',*,*,#3514,.F.);
#2424=ORIENTED_EDGE('',*,*,#3513,.F.);
#2425=ORIENTED_EDGE('',*,*,#3487,.T.);
#2426=ORIENTED_EDGE('',*,*,#3515,.T.);
#2427=ORIENTED_EDGE('',*,*,#3516,.F.);
#2428=ORIENTED_EDGE('',*,*,#3515,.F.);
#2429=ORIENTED_EDGE('',*,*,#3486,.T.);
#2430=ORIENTED_EDGE('',*,*,#3517,.T.);
#2431=ORIENTED_EDGE('',*,*,#3518,.F.);
#2432=ORIENTED_EDGE('',*,*,#3517,.F.);
#2433=ORIENTED_EDGE('',*,*,#3492,.T.);
#2434=ORIENTED_EDGE('',*,*,#3506,.T.);
#2435=ORIENTED_EDGE('',*,*,#2680,.F.);
#2436=ORIENTED_EDGE('',*,*,#3519,.F.);
#2437=ORIENTED_EDGE('',*,*,#3504,.T.);
#2438=ORIENTED_EDGE('',*,*,#3520,.T.);
#2439=ORIENTED_EDGE('',*,*,#2679,.F.);
#2440=ORIENTED_EDGE('',*,*,#3521,.F.);
#2441=ORIENTED_EDGE('',*,*,#3493,.T.);
#2442=ORIENTED_EDGE('',*,*,#3519,.T.);
#2443=ORIENTED_EDGE('',*,*,#2690,.F.);
#2444=ORIENTED_EDGE('',*,*,#3522,.F.);
#2445=ORIENTED_EDGE('',*,*,#3494,.T.);
#2446=ORIENTED_EDGE('',*,*,#3521,.T.);
#2447=ORIENTED_EDGE('',*,*,#2689,.F.);
#2448=ORIENTED_EDGE('',*,*,#3523,.F.);
#2449=ORIENTED_EDGE('',*,*,#3495,.T.);
#2450=ORIENTED_EDGE('',*,*,#3522,.T.);
#2451=ORIENTED_EDGE('',*,*,#2688,.F.);
#2452=ORIENTED_EDGE('',*,*,#3524,.F.);
#2453=ORIENTED_EDGE('',*,*,#3496,.T.);
#2454=ORIENTED_EDGE('',*,*,#3523,.T.);
#2455=ORIENTED_EDGE('',*,*,#2687,.F.);
#2456=ORIENTED_EDGE('',*,*,#3525,.F.);
#2457=ORIENTED_EDGE('',*,*,#3497,.T.);
#2458=ORIENTED_EDGE('',*,*,#3524,.T.);
#2459=ORIENTED_EDGE('',*,*,#2686,.F.);
#2460=ORIENTED_EDGE('',*,*,#3526,.F.);
#2461=ORIENTED_EDGE('',*,*,#3498,.T.);
#2462=ORIENTED_EDGE('',*,*,#3525,.T.);
#2463=ORIENTED_EDGE('',*,*,#2685,.F.);
#2464=ORIENTED_EDGE('',*,*,#3527,.F.);
#2465=ORIENTED_EDGE('',*,*,#3499,.T.);
#2466=ORIENTED_EDGE('',*,*,#3526,.T.);
#2467=ORIENTED_EDGE('',*,*,#2684,.F.);
#2468=ORIENTED_EDGE('',*,*,#3528,.F.);
#2469=ORIENTED_EDGE('',*,*,#3500,.T.);
#2470=ORIENTED_EDGE('',*,*,#3527,.T.);
#2471=ORIENTED_EDGE('',*,*,#2683,.F.);
#2472=ORIENTED_EDGE('',*,*,#3529,.F.);
#2473=ORIENTED_EDGE('',*,*,#3501,.T.);
#2474=ORIENTED_EDGE('',*,*,#3528,.T.);
#2475=ORIENTED_EDGE('',*,*,#2682,.F.);
#2476=ORIENTED_EDGE('',*,*,#3530,.F.);
#2477=ORIENTED_EDGE('',*,*,#3502,.T.);
#2478=ORIENTED_EDGE('',*,*,#3529,.T.);
#2479=ORIENTED_EDGE('',*,*,#2681,.F.);
#2480=ORIENTED_EDGE('',*,*,#3520,.F.);
#2481=ORIENTED_EDGE('',*,*,#3503,.T.);
#2482=ORIENTED_EDGE('',*,*,#3530,.T.);
#2483=ORIENTED_EDGE('',*,*,#3518,.T.);
#2484=ORIENTED_EDGE('',*,*,#3505,.T.);
#2485=ORIENTED_EDGE('',*,*,#3508,.T.);
#2486=ORIENTED_EDGE('',*,*,#3510,.T.);
#2487=ORIENTED_EDGE('',*,*,#3512,.T.);
#2488=ORIENTED_EDGE('',*,*,#3514,.T.);
#2489=ORIENTED_EDGE('',*,*,#3516,.T.);
#2490=ORIENTED_EDGE('',*,*,#3531,.F.);
#2491=ORIENTED_EDGE('',*,*,#3532,.F.);
#2492=ORIENTED_EDGE('',*,*,#3533,.F.);
#2493=ORIENTED_EDGE('',*,*,#3534,.F.);
#2494=ORIENTED_EDGE('',*,*,#3535,.F.);
#2495=ORIENTED_EDGE('',*,*,#3536,.F.);
#2496=ORIENTED_EDGE('',*,*,#3537,.F.);
#2497=ORIENTED_EDGE('',*,*,#3538,.F.);
#2498=ORIENTED_EDGE('',*,*,#3539,.F.);
#2499=ORIENTED_EDGE('',*,*,#3540,.F.);
#2500=ORIENTED_EDGE('',*,*,#3541,.F.);
#2501=ORIENTED_EDGE('',*,*,#3542,.F.);
#2502=ORIENTED_EDGE('',*,*,#3543,.F.);
#2503=ORIENTED_EDGE('',*,*,#3544,.F.);
#2504=ORIENTED_EDGE('',*,*,#3545,.F.);
#2505=ORIENTED_EDGE('',*,*,#3546,.F.);
#2506=ORIENTED_EDGE('',*,*,#3547,.F.);
#2507=ORIENTED_EDGE('',*,*,#3548,.F.);
#2508=ORIENTED_EDGE('',*,*,#3536,.T.);
#2509=ORIENTED_EDGE('',*,*,#3549,.T.);
#2510=ORIENTED_EDGE('',*,*,#3550,.F.);
#2511=ORIENTED_EDGE('',*,*,#3549,.F.);
#2512=ORIENTED_EDGE('',*,*,#3535,.T.);
#2513=ORIENTED_EDGE('',*,*,#3551,.T.);
#2514=ORIENTED_EDGE('',*,*,#3552,.F.);
#2515=ORIENTED_EDGE('',*,*,#3551,.F.);
#2516=ORIENTED_EDGE('',*,*,#3534,.T.);
#2517=ORIENTED_EDGE('',*,*,#3553,.T.);
#2518=ORIENTED_EDGE('',*,*,#3554,.F.);
#2519=ORIENTED_EDGE('',*,*,#3553,.F.);
#2520=ORIENTED_EDGE('',*,*,#3533,.T.);
#2521=ORIENTED_EDGE('',*,*,#3555,.T.);
#2522=ORIENTED_EDGE('',*,*,#3556,.F.);
#2523=ORIENTED_EDGE('',*,*,#3555,.F.);
#2524=ORIENTED_EDGE('',*,*,#3532,.T.);
#2525=ORIENTED_EDGE('',*,*,#3557,.T.);
#2526=ORIENTED_EDGE('',*,*,#3558,.F.);
#2527=ORIENTED_EDGE('',*,*,#3557,.F.);
#2528=ORIENTED_EDGE('',*,*,#3531,.T.);
#2529=ORIENTED_EDGE('',*,*,#3559,.T.);
#2530=ORIENTED_EDGE('',*,*,#3560,.F.);
#2531=ORIENTED_EDGE('',*,*,#3559,.F.);
#2532=ORIENTED_EDGE('',*,*,#3537,.T.);
#2533=ORIENTED_EDGE('',*,*,#3548,.T.);
#2534=ORIENTED_EDGE('',*,*,#2671,.F.);
#2535=ORIENTED_EDGE('',*,*,#3561,.F.);
#2536=ORIENTED_EDGE('',*,*,#3546,.T.);
#2537=ORIENTED_EDGE('',*,*,#3562,.T.);
#2538=ORIENTED_EDGE('',*,*,#2670,.F.);
#2539=ORIENTED_EDGE('',*,*,#3563,.F.);
#2540=ORIENTED_EDGE('',*,*,#3538,.T.);
#2541=ORIENTED_EDGE('',*,*,#3561,.T.);
#2542=ORIENTED_EDGE('',*,*,#2678,.F.);
#2543=ORIENTED_EDGE('',*,*,#3564,.F.);
#2544=ORIENTED_EDGE('',*,*,#3539,.T.);
#2545=ORIENTED_EDGE('',*,*,#3563,.T.);
#2546=ORIENTED_EDGE('',*,*,#2677,.F.);
#2547=ORIENTED_EDGE('',*,*,#3565,.F.);
#2548=ORIENTED_EDGE('',*,*,#3540,.T.);
#2549=ORIENTED_EDGE('',*,*,#3564,.T.);
#2550=ORIENTED_EDGE('',*,*,#2676,.F.);
#2551=ORIENTED_EDGE('',*,*,#3566,.F.);
#2552=ORIENTED_EDGE('',*,*,#3541,.T.);
#2553=ORIENTED_EDGE('',*,*,#3565,.T.);
#2554=ORIENTED_EDGE('',*,*,#2675,.F.);
#2555=ORIENTED_EDGE('',*,*,#3567,.F.);
#2556=ORIENTED_EDGE('',*,*,#3542,.T.);
#2557=ORIENTED_EDGE('',*,*,#3566,.T.);
#2558=ORIENTED_EDGE('',*,*,#2674,.F.);
#2559=ORIENTED_EDGE('',*,*,#3568,.F.);
#2560=ORIENTED_EDGE('',*,*,#3543,.T.);
#2561=ORIENTED_EDGE('',*,*,#3567,.T.);
#2562=ORIENTED_EDGE('',*,*,#2673,.F.);
#2563=ORIENTED_EDGE('',*,*,#3569,.F.);
#2564=ORIENTED_EDGE('',*,*,#3544,.T.);
#2565=ORIENTED_EDGE('',*,*,#3568,.T.);
#2566=ORIENTED_EDGE('',*,*,#2672,.F.);
#2567=ORIENTED_EDGE('',*,*,#3562,.F.);
#2568=ORIENTED_EDGE('',*,*,#3545,.T.);
#2569=ORIENTED_EDGE('',*,*,#3569,.T.);
#2570=ORIENTED_EDGE('',*,*,#3560,.T.);
#2571=ORIENTED_EDGE('',*,*,#3547,.T.);
#2572=ORIENTED_EDGE('',*,*,#3550,.T.);
#2573=ORIENTED_EDGE('',*,*,#3552,.T.);
#2574=ORIENTED_EDGE('',*,*,#3554,.T.);
#2575=ORIENTED_EDGE('',*,*,#3556,.T.);
#2576=ORIENTED_EDGE('',*,*,#3558,.T.);
#2577=ORIENTED_EDGE('',*,*,#3570,.F.);
#2578=ORIENTED_EDGE('',*,*,#3571,.F.);
#2579=ORIENTED_EDGE('',*,*,#3572,.F.);
#2580=ORIENTED_EDGE('',*,*,#3573,.F.);
#2581=ORIENTED_EDGE('',*,*,#3574,.F.);
#2582=ORIENTED_EDGE('',*,*,#3575,.F.);
#2583=ORIENTED_EDGE('',*,*,#3576,.F.);
#2584=ORIENTED_EDGE('',*,*,#3577,.F.);
#2585=ORIENTED_EDGE('',*,*,#3578,.F.);
#2586=ORIENTED_EDGE('',*,*,#3579,.F.);
#2587=ORIENTED_EDGE('',*,*,#2661,.F.);
#2588=ORIENTED_EDGE('',*,*,#3580,.F.);
#2589=ORIENTED_EDGE('',*,*,#3579,.T.);
#2590=ORIENTED_EDGE('',*,*,#3581,.T.);
#2591=ORIENTED_EDGE('',*,*,#2660,.F.);
#2592=ORIENTED_EDGE('',*,*,#3582,.F.);
#2593=ORIENTED_EDGE('',*,*,#3570,.T.);
#2594=ORIENTED_EDGE('',*,*,#3580,.T.);
#2595=ORIENTED_EDGE('',*,*,#2669,.F.);
#2596=ORIENTED_EDGE('',*,*,#3583,.F.);
#2597=ORIENTED_EDGE('',*,*,#3571,.T.);
#2598=ORIENTED_EDGE('',*,*,#3582,.T.);
#2599=ORIENTED_EDGE('',*,*,#2668,.F.);
#2600=ORIENTED_EDGE('',*,*,#3584,.F.);
#2601=ORIENTED_EDGE('',*,*,#3572,.T.);
#2602=ORIENTED_EDGE('',*,*,#3583,.T.);
#2603=ORIENTED_EDGE('',*,*,#2667,.F.);
#2604=ORIENTED_EDGE('',*,*,#3585,.F.);
#2605=ORIENTED_EDGE('',*,*,#3573,.T.);
#2606=ORIENTED_EDGE('',*,*,#3584,.T.);
#2607=ORIENTED_EDGE('',*,*,#2666,.F.);
#2608=ORIENTED_EDGE('',*,*,#3586,.F.);
#2609=ORIENTED_EDGE('',*,*,#3574,.T.);
#2610=ORIENTED_EDGE('',*,*,#3585,.T.);
#2611=ORIENTED_EDGE('',*,*,#2665,.F.);
#2612=ORIENTED_EDGE('',*,*,#3587,.F.);
#2613=ORIENTED_EDGE('',*,*,#3575,.T.);
#2614=ORIENTED_EDGE('',*,*,#3586,.T.);
#2615=ORIENTED_EDGE('',*,*,#2664,.F.);
#2616=ORIENTED_EDGE('',*,*,#3588,.F.);
#2617=ORIENTED_EDGE('',*,*,#3576,.T.);
#2618=ORIENTED_EDGE('',*,*,#3587,.T.);
#2619=ORIENTED_EDGE('',*,*,#2663,.F.);
#2620=ORIENTED_EDGE('',*,*,#3589,.F.);
#2621=ORIENTED_EDGE('',*,*,#3577,.T.);
#2622=ORIENTED_EDGE('',*,*,#3588,.T.);
#2623=ORIENTED_EDGE('',*,*,#2662,.F.);
#2624=ORIENTED_EDGE('',*,*,#3581,.F.);
#2625=ORIENTED_EDGE('',*,*,#3578,.T.);
#2626=ORIENTED_EDGE('',*,*,#3589,.T.);
#2627=ORIENTED_EDGE('',*,*,#3183,.T.);
#2628=ORIENTED_EDGE('',*,*,#3180,.T.);
#2629=ORIENTED_EDGE('',*,*,#3193,.T.);
#2630=ORIENTED_EDGE('',*,*,#3191,.T.);
#2631=ORIENTED_EDGE('',*,*,#3189,.T.);
#2632=ORIENTED_EDGE('',*,*,#3187,.T.);
#2633=ORIENTED_EDGE('',*,*,#3185,.T.);
#2634=ORIENTED_EDGE('',*,*,#3417,.T.);
#2635=ORIENTED_EDGE('',*,*,#3414,.T.);
#2636=ORIENTED_EDGE('',*,*,#3429,.T.);
#2637=ORIENTED_EDGE('',*,*,#3427,.T.);
#2638=ORIENTED_EDGE('',*,*,#3425,.T.);
#2639=ORIENTED_EDGE('',*,*,#3423,.T.);
#2640=ORIENTED_EDGE('',*,*,#3421,.T.);
#2641=ORIENTED_EDGE('',*,*,#3419,.T.);
#2642=EDGE_CURVE('',#3590,#3591,#4218,.T.);
#2643=EDGE_CURVE('',#3592,#3591,#4219,.T.);
#2644=EDGE_CURVE('',#3593,#3592,#4220,.T.);
#2645=EDGE_CURVE('',#3593,#3590,#4221,.T.);
#2646=EDGE_CURVE('',#3594,#3594,#600,.T.);
#2647=EDGE_CURVE('',#3595,#3595,#601,.T.);
#2648=EDGE_CURVE('',#3596,#3593,#602,.T.);
#2649=EDGE_CURVE('',#3597,#3596,#4222,.F.);
#2650=EDGE_CURVE('',#3597,#3590,#603,.T.);
#2651=EDGE_CURVE('',#3598,#3596,#4223,.T.);
#2652=EDGE_CURVE('',#3592,#3598,#4224,.T.);
#2653=EDGE_CURVE('',#3599,#3599,#604,.T.);
#2654=EDGE_CURVE('',#3600,#3597,#4225,.T.);
#2655=EDGE_CURVE('',#3591,#3600,#4226,.T.);
#2656=EDGE_CURVE('',#3601,#3601,#605,.T.);
#2657=EDGE_CURVE('',#3598,#3600,#4227,.T.);
#2658=EDGE_CURVE('',#3602,#3602,#606,.T.);
#2659=EDGE_CURVE('',#3603,#3603,#607,.T.);
#2660=EDGE_CURVE('',#3604,#3605,#444,.F.);
#2661=EDGE_CURVE('',#3605,#3606,#445,.F.);
#2662=EDGE_CURVE('',#3606,#3607,#608,.F.);
#2663=EDGE_CURVE('',#3607,#3608,#4228,.T.);
#2664=EDGE_CURVE('',#3608,#3609,#609,.F.);
#2665=EDGE_CURVE('',#3609,#3610,#4229,.F.);
#2666=EDGE_CURVE('',#3610,#3611,#446,.F.);
#2667=EDGE_CURVE('',#3611,#3612,#447,.F.);
#2668=EDGE_CURVE('',#3612,#3613,#144,.T.);
#2669=EDGE_CURVE('',#3613,#3604,#448,.F.);
#2670=EDGE_CURVE('',#3614,#3615,#4230,.F.);
#2671=EDGE_CURVE('',#3615,#3616,#610,.F.);
#2672=EDGE_CURVE('',#3616,#3617,#145,.T.);
#2673=EDGE_CURVE('',#3617,#3618,#146,.T.);
#2674=EDGE_CURVE('',#3618,#3619,#147,.T.);
#2675=EDGE_CURVE('',#3619,#3620,#148,.T.);
#2676=EDGE_CURVE('',#3620,#3621,#611,.F.);
#2677=EDGE_CURVE('',#3621,#3622,#4231,.T.);
#2678=EDGE_CURVE('',#3622,#3614,#612,.F.);
#2679=EDGE_CURVE('',#3623,#3624,#149,.T.);
#2680=EDGE_CURVE('',#3624,#3625,#613,.F.);
#2681=EDGE_CURVE('',#3625,#3626,#449,.F.);
#2682=EDGE_CURVE('',#3626,#3627,#614,.F.);
#2683=EDGE_CURVE('',#3627,#3628,#4232,.T.);
#2684=EDGE_CURVE('',#3628,#3629,#615,.F.);
#2685=EDGE_CURVE('',#3629,#3630,#4233,.F.);
#2686=EDGE_CURVE('',#3630,#3631,#616,.F.);
#2687=EDGE_CURVE('',#3631,#3632,#150,.T.);
#2688=EDGE_CURVE('',#3632,#3633,#151,.T.);
#2689=EDGE_CURVE('',#3633,#3634,#152,.T.);
#2690=EDGE_CURVE('',#3634,#3623,#153,.T.);
#2691=EDGE_CURVE('',#3635,#3636,#154,.T.);
#2692=EDGE_CURVE('',#3636,#3637,#155,.T.);
#2693=EDGE_CURVE('',#3637,#3638,#156,.T.);
#2694=EDGE_CURVE('',#3638,#3639,#4234,.T.);
#2695=EDGE_CURVE('',#3639,#3640,#617,.F.);
#2696=EDGE_CURVE('',#3640,#3641,#4235,.F.);
#2697=EDGE_CURVE('',#3641,#3642,#157,.T.);
#2698=EDGE_CURVE('',#3642,#3643,#158,.T.);
#2699=EDGE_CURVE('',#3643,#3644,#159,.T.);
#2700=EDGE_CURVE('',#3644,#3645,#160,.T.);
#2701=EDGE_CURVE('',#3645,#3646,#4236,.T.);
#2702=EDGE_CURVE('',#3646,#3647,#618,.F.);
#2703=EDGE_CURVE('',#3647,#3648,#4237,.F.);
#2704=EDGE_CURVE('',#3648,#3649,#619,.F.);
#2705=EDGE_CURVE('',#3649,#3650,#450,.F.);
#2706=EDGE_CURVE('',#3650,#3651,#620,.F.);
#2707=EDGE_CURVE('',#3651,#3652,#161,.T.);
#2708=EDGE_CURVE('',#3652,#3653,#162,.T.);
#2709=EDGE_CURVE('',#3653,#3654,#163,.T.);
#2710=EDGE_CURVE('',#3654,#3655,#621,.F.);
#2711=EDGE_CURVE('',#3655,#3656,#164,.T.);
#2712=EDGE_CURVE('',#3656,#3657,#165,.T.);
#2713=EDGE_CURVE('',#3657,#3658,#166,.T.);
#2714=EDGE_CURVE('',#3658,#3659,#167,.T.);
#2715=EDGE_CURVE('',#3659,#3660,#4238,.T.);
#2716=EDGE_CURVE('',#3660,#3661,#622,.F.);
#2717=EDGE_CURVE('',#3661,#3662,#4239,.F.);
#2718=EDGE_CURVE('',#3662,#3635,#168,.T.);
#2719=EDGE_CURVE('',#3663,#3664,#169,.T.);
#2720=EDGE_CURVE('',#3664,#3665,#170,.T.);
#2721=EDGE_CURVE('',#3665,#3666,#171,.T.);
#2722=EDGE_CURVE('',#3666,#3667,#172,.T.);
#2723=EDGE_CURVE('',#3667,#3668,#173,.T.);
#2724=EDGE_CURVE('',#3668,#3669,#174,.T.);
#2725=EDGE_CURVE('',#3669,#3670,#175,.T.);
#2726=EDGE_CURVE('',#3670,#3663,#176,.T.);
#2727=EDGE_CURVE('',#3671,#3672,#623,.F.);
#2728=EDGE_CURVE('',#3672,#3673,#4240,.F.);
#2729=EDGE_CURVE('',#3673,#3674,#624,.F.);
#2730=EDGE_CURVE('',#3674,#3671,#4241,.T.);
#2731=EDGE_CURVE('',#3675,#3676,#625,.F.);
#2732=EDGE_CURVE('',#3676,#3677,#4242,.T.);
#2733=EDGE_CURVE('',#3677,#3678,#177,.T.);
#2734=EDGE_CURVE('',#3678,#3679,#178,.T.);
#2735=EDGE_CURVE('',#3679,#3680,#179,.T.);
#2736=EDGE_CURVE('',#3680,#3681,#4243,.T.);
#2737=EDGE_CURVE('',#3681,#3682,#180,.T.);
#2738=EDGE_CURVE('',#3682,#3683,#181,.T.);
#2739=EDGE_CURVE('',#3683,#3684,#182,.T.);
#2740=EDGE_CURVE('',#3684,#3685,#4244,.F.);
#2741=EDGE_CURVE('',#3685,#3686,#626,.F.);
#2742=EDGE_CURVE('',#3686,#3687,#4245,.F.);
#2743=EDGE_CURVE('',#3687,#3688,#451,.F.);
#2744=EDGE_CURVE('',#3688,#3689,#452,.F.);
#2745=EDGE_CURVE('',#3689,#3690,#627,.F.);
#2746=EDGE_CURVE('',#3690,#3691,#4246,.T.);
#2747=EDGE_CURVE('',#3691,#3692,#628,.F.);
#2748=EDGE_CURVE('',#3692,#3675,#4247,.T.);
#2749=EDGE_CURVE('',#3693,#3694,#183,.T.);
#2750=EDGE_CURVE('',#3694,#3695,#184,.T.);
#2751=EDGE_CURVE('',#3695,#3696,#185,.T.);
#2752=EDGE_CURVE('',#3696,#3697,#186,.T.);
#2753=EDGE_CURVE('',#3697,#3698,#187,.T.);
#2754=EDGE_CURVE('',#3698,#3699,#188,.T.);
#2755=EDGE_CURVE('',#3699,#3700,#189,.T.);
#2756=EDGE_CURVE('',#3700,#3701,#4248,.F.);
#2757=EDGE_CURVE('',#3701,#3702,#190,.T.);
#2758=EDGE_CURVE('',#3702,#3703,#191,.T.);
#2759=EDGE_CURVE('',#3703,#3704,#192,.T.);
#2760=EDGE_CURVE('',#3704,#3705,#193,.T.);
#2761=EDGE_CURVE('',#3705,#3706,#194,.T.);
#2762=EDGE_CURVE('',#3706,#3707,#195,.T.);
#2763=EDGE_CURVE('',#3707,#3708,#196,.T.);
#2764=EDGE_CURVE('',#3708,#3709,#197,.T.);
#2765=EDGE_CURVE('',#3709,#3710,#198,.T.);
#2766=EDGE_CURVE('',#3710,#3711,#199,.T.);
#2767=EDGE_CURVE('',#3711,#3712,#200,.T.);
#2768=EDGE_CURVE('',#3712,#3713,#201,.T.);
#2769=EDGE_CURVE('',#3713,#3714,#202,.T.);
#2770=EDGE_CURVE('',#3714,#3715,#203,.T.);
#2771=EDGE_CURVE('',#3715,#3716,#453,.F.);
#2772=EDGE_CURVE('',#3716,#3717,#204,.T.);
#2773=EDGE_CURVE('',#3717,#3718,#205,.T.);
#2774=EDGE_CURVE('',#3718,#3719,#206,.T.);
#2775=EDGE_CURVE('',#3719,#3720,#207,.T.);
#2776=EDGE_CURVE('',#3720,#3693,#208,.T.);
#2777=EDGE_CURVE('',#3721,#3722,#454,.F.);
#2778=EDGE_CURVE('',#3722,#3723,#455,.F.);
#2779=EDGE_CURVE('',#3723,#3724,#629,.F.);
#2780=EDGE_CURVE('',#3724,#3725,#4249,.T.);
#2781=EDGE_CURVE('',#3725,#3726,#630,.F.);
#2782=EDGE_CURVE('',#3726,#3727,#4250,.F.);
#2783=EDGE_CURVE('',#3727,#3728,#456,.F.);
#2784=EDGE_CURVE('',#3728,#3729,#457,.F.);
#2785=EDGE_CURVE('',#3729,#3730,#209,.T.);
#2786=EDGE_CURVE('',#3730,#3721,#458,.F.);
#2787=EDGE_CURVE('',#3731,#3732,#459,.F.);
#2788=EDGE_CURVE('',#3732,#3733,#631,.F.);
#2789=EDGE_CURVE('',#3733,#3734,#460,.F.);
#2790=EDGE_CURVE('',#3734,#3735,#461,.F.);
#2791=EDGE_CURVE('',#3735,#3736,#632,.F.);
#2792=EDGE_CURVE('',#3736,#3737,#462,.F.);
#2793=EDGE_CURVE('',#3737,#3738,#463,.F.);
#2794=EDGE_CURVE('',#3738,#3739,#633,.F.);
#2795=EDGE_CURVE('',#3739,#3740,#464,.F.);
#2796=EDGE_CURVE('',#3740,#3741,#465,.F.);
#2797=EDGE_CURVE('',#3741,#3742,#634,.F.);
#2798=EDGE_CURVE('',#3742,#3731,#466,.F.);
#2799=EDGE_CURVE('',#3743,#3744,#635,.T.);
#2800=EDGE_CURVE('',#3744,#3745,#4251,.F.);
#2801=EDGE_CURVE('',#3745,#3746,#210,.T.);
#2802=EDGE_CURVE('',#3746,#3747,#4252,.F.);
#2803=EDGE_CURVE('',#3747,#3748,#636,.F.);
#2804=EDGE_CURVE('',#3748,#3743,#4253,.T.);
#2805=EDGE_CURVE('',#3749,#3750,#211,.T.);
#2806=EDGE_CURVE('',#3750,#3751,#4254,.T.);
#2807=EDGE_CURVE('',#3751,#3752,#637,.F.);
#2808=EDGE_CURVE('',#3752,#3753,#467,.F.);
#2809=EDGE_CURVE('',#3753,#3754,#638,.F.);
#2810=EDGE_CURVE('',#3754,#3755,#212,.T.);
#2811=EDGE_CURVE('',#3755,#3756,#213,.T.);
#2812=EDGE_CURVE('',#3756,#3757,#214,.T.);
#2813=EDGE_CURVE('',#3757,#3758,#215,.T.);
#2814=EDGE_CURVE('',#3758,#3759,#216,.T.);
#2815=EDGE_CURVE('',#3759,#3760,#217,.T.);
#2816=EDGE_CURVE('',#3760,#3761,#468,.F.);
#2817=EDGE_CURVE('',#3761,#3762,#4255,.F.);
#2818=EDGE_CURVE('',#3762,#3763,#218,.T.);
#2819=EDGE_CURVE('',#3763,#3764,#219,.T.);
#2820=EDGE_CURVE('',#3764,#3765,#469,.F.);
#2821=EDGE_CURVE('',#3765,#3766,#220,.T.);
#2822=EDGE_CURVE('',#3766,#3749,#221,.T.);
#2823=EDGE_CURVE('',#3767,#3768,#222,.T.);
#2824=EDGE_CURVE('',#3768,#3769,#223,.T.);
#2825=EDGE_CURVE('',#3769,#3770,#224,.T.);
#2826=EDGE_CURVE('',#3770,#3771,#225,.T.);
#2827=EDGE_CURVE('',#3771,#3767,#226,.T.);
#2828=EDGE_CURVE('',#3772,#3773,#639,.F.);
#2829=EDGE_CURVE('',#3773,#3774,#4256,.F.);
#2830=EDGE_CURVE('',#3774,#3775,#640,.F.);
#2831=EDGE_CURVE('',#3775,#3772,#4257,.T.);
#2832=EDGE_CURVE('',#3776,#3777,#227,.T.);
#2833=EDGE_CURVE('',#3777,#3778,#228,.T.);
#2834=EDGE_CURVE('',#3778,#3779,#229,.T.);
#2835=EDGE_CURVE('',#3779,#3780,#230,.T.);
#2836=EDGE_CURVE('',#3780,#3781,#231,.T.);
#2837=EDGE_CURVE('',#3781,#3782,#232,.T.);
#2838=EDGE_CURVE('',#3782,#3783,#233,.T.);
#2839=EDGE_CURVE('',#3783,#3776,#234,.T.);
#2840=EDGE_CURVE('',#3784,#3785,#470,.F.);
#2841=EDGE_CURVE('',#3785,#3786,#471,.F.);
#2842=EDGE_CURVE('',#3786,#3787,#641,.F.);
#2843=EDGE_CURVE('',#3787,#3788,#4258,.T.);
#2844=EDGE_CURVE('',#3788,#3789,#642,.F.);
#2845=EDGE_CURVE('',#3789,#3790,#4259,.F.);
#2846=EDGE_CURVE('',#3790,#3791,#472,.F.);
#2847=EDGE_CURVE('',#3791,#3792,#473,.F.);
#2848=EDGE_CURVE('',#3792,#3793,#235,.T.);
#2849=EDGE_CURVE('',#3793,#3784,#474,.F.);
#2850=EDGE_CURVE('',#3794,#3795,#475,.F.);
#2851=EDGE_CURVE('',#3795,#3796,#236,.T.);
#2852=EDGE_CURVE('',#3796,#3797,#237,.T.);
#2853=EDGE_CURVE('',#3797,#3798,#238,.T.);
#2854=EDGE_CURVE('',#3798,#3799,#239,.T.);
#2855=EDGE_CURVE('',#3799,#3800,#240,.T.);
#2856=EDGE_CURVE('',#3800,#3801,#4260,.T.);
#2857=EDGE_CURVE('',#3801,#3802,#241,.T.);
#2858=EDGE_CURVE('',#3802,#3803,#242,.T.);
#2859=EDGE_CURVE('',#3803,#3804,#243,.T.);
#2860=EDGE_CURVE('',#3804,#3805,#244,.T.);
#2861=EDGE_CURVE('',#3805,#3806,#245,.T.);
#2862=EDGE_CURVE('',#3806,#3807,#4261,.F.);
#2863=EDGE_CURVE('',#3807,#3808,#246,.T.);
#2864=EDGE_CURVE('',#3808,#3809,#247,.T.);
#2865=EDGE_CURVE('',#3809,#3810,#248,.T.);
#2866=EDGE_CURVE('',#3810,#3811,#249,.T.);
#2867=EDGE_CURVE('',#3811,#3812,#250,.T.);
#2868=EDGE_CURVE('',#3812,#3813,#251,.T.);
#2869=EDGE_CURVE('',#3813,#3814,#643,.F.);
#2870=EDGE_CURVE('',#3814,#3815,#4262,.F.);
#2871=EDGE_CURVE('',#3815,#3816,#644,.F.);
#2872=EDGE_CURVE('',#3816,#3817,#252,.T.);
#2873=EDGE_CURVE('',#3817,#3818,#253,.T.);
#2874=EDGE_CURVE('',#3818,#3819,#254,.T.);
#2875=EDGE_CURVE('',#3819,#3820,#255,.T.);
#2876=EDGE_CURVE('',#3820,#3794,#256,.T.);
#2877=EDGE_CURVE('',#3821,#3822,#645,.F.);
#2878=EDGE_CURVE('',#3822,#3823,#4263,.T.);
#2879=EDGE_CURVE('',#3823,#3824,#476,.F.);
#2880=EDGE_CURVE('',#3824,#3825,#646,.F.);
#2881=EDGE_CURVE('',#3825,#3826,#477,.F.);
#2882=EDGE_CURVE('',#3826,#3827,#647,.F.);
#2883=EDGE_CURVE('',#3827,#3821,#4264,.F.);
#2884=EDGE_CURVE('',#3828,#3829,#257,.T.);
#2885=EDGE_CURVE('',#3829,#3830,#648,.F.);
#2886=EDGE_CURVE('',#3830,#3831,#478,.F.);
#2887=EDGE_CURVE('',#3831,#3832,#649,.F.);
#2888=EDGE_CURVE('',#3832,#3833,#479,.F.);
#2889=EDGE_CURVE('',#3833,#3834,#650,.F.);
#2890=EDGE_CURVE('',#3834,#3835,#258,.T.);
#2891=EDGE_CURVE('',#3835,#3836,#4265,.T.);
#2892=EDGE_CURVE('',#3836,#3837,#651,.F.);
#2893=EDGE_CURVE('',#3837,#3838,#4266,.F.);
#2894=EDGE_CURVE('',#3838,#3839,#652,.F.);
#2895=EDGE_CURVE('',#3839,#3840,#480,.F.);
#2896=EDGE_CURVE('',#3840,#3841,#653,.F.);
#2897=EDGE_CURVE('',#3841,#3842,#481,.F.);
#2898=EDGE_CURVE('',#3842,#3843,#654,.F.);
#2899=EDGE_CURVE('',#3843,#3844,#4267,.T.);
#2900=EDGE_CURVE('',#3844,#3845,#655,.F.);
#2901=EDGE_CURVE('',#3845,#3846,#4268,.F.);
#2902=EDGE_CURVE('',#3846,#3828,#259,.T.);
#2903=EDGE_CURVE('',#3847,#3848,#482,.F.);
#2904=EDGE_CURVE('',#3848,#3849,#483,.F.);
#2905=EDGE_CURVE('',#3849,#3850,#656,.F.);
#2906=EDGE_CURVE('',#3850,#3851,#4269,.T.);
#2907=EDGE_CURVE('',#3851,#3852,#657,.F.);
#2908=EDGE_CURVE('',#3852,#3853,#4270,.F.);
#2909=EDGE_CURVE('',#3853,#3854,#484,.F.);
#2910=EDGE_CURVE('',#3854,#3855,#485,.F.);
#2911=EDGE_CURVE('',#3855,#3856,#260,.T.);
#2912=EDGE_CURVE('',#3856,#3847,#486,.F.);
#2913=EDGE_CURVE('',#3857,#3858,#261,.T.);
#2914=EDGE_CURVE('',#3858,#3859,#262,.T.);
#2915=EDGE_CURVE('',#3859,#3860,#263,.T.);
#2916=EDGE_CURVE('',#3860,#3861,#264,.T.);
#2917=EDGE_CURVE('',#3861,#3862,#265,.T.);
#2918=EDGE_CURVE('',#3862,#3863,#266,.T.);
#2919=EDGE_CURVE('',#3863,#3864,#267,.T.);
#2920=EDGE_CURVE('',#3864,#3857,#268,.T.);
#2921=EDGE_CURVE('',#3865,#3866,#4271,.F.);
#2922=EDGE_CURVE('',#3866,#3867,#4272,.F.);
#2923=EDGE_CURVE('',#3867,#3865,#658,.T.);
#2924=EDGE_CURVE('',#3868,#3869,#659,.T.);
#2925=EDGE_CURVE('',#3869,#3870,#4273,.F.);
#2926=EDGE_CURVE('',#3870,#3871,#4274,.T.);
#2927=EDGE_CURVE('',#3871,#3872,#4275,.F.);
#2928=EDGE_CURVE('',#3872,#3868,#660,.T.);
#2929=EDGE_CURVE('',#3873,#3865,#4276,.F.);
#2930=EDGE_CURVE('',#3865,#3874,#661,.T.);
#2931=EDGE_CURVE('',#3874,#3873,#4277,.F.);
#2932=EDGE_CURVE('',#3875,#3876,#4278,.T.);
#2933=EDGE_CURVE('',#3877,#3875,#4279,.T.);
#2934=EDGE_CURVE('',#3877,#3878,#4280,.T.);
#2935=EDGE_CURVE('',#3878,#3876,#4281,.T.);
#2936=EDGE_CURVE('',#3879,#3879,#662,.T.);
#2937=EDGE_CURVE('',#3880,#3880,#663,.T.);
#2938=EDGE_CURVE('',#3881,#3882,#4282,.F.);
#2939=EDGE_CURVE('',#3883,#3881,#4283,.T.);
#2940=EDGE_CURVE('',#3884,#3883,#4284,.T.);
#2941=EDGE_CURVE('',#3884,#3882,#4285,.T.);
#2942=EDGE_CURVE('',#3881,#3875,#664,.T.);
#2943=EDGE_CURVE('',#3876,#3883,#4286,.T.);
#2944=EDGE_CURVE('',#3885,#3885,#665,.T.);
#2945=EDGE_CURVE('',#3886,#3886,#666,.T.);
#2946=EDGE_CURVE('',#3882,#3877,#667,.T.);
#2947=EDGE_CURVE('',#3878,#3884,#4287,.T.);
#2948=EDGE_CURVE('',#3887,#3888,#4288,.T.);
#2949=EDGE_CURVE('',#3888,#3889,#4289,.F.);
#2950=EDGE_CURVE('',#3889,#3890,#4290,.F.);
#2951=EDGE_CURVE('',#3890,#3887,#668,.F.);
#2952=EDGE_CURVE('',#3891,#3891,#669,.T.);
#2953=EDGE_CURVE('',#3892,#3892,#670,.F.);
#2954=EDGE_CURVE('',#3893,#3894,#4291,.T.);
#2955=EDGE_CURVE('',#3894,#3895,#4292,.T.);
#2956=EDGE_CURVE('',#3895,#3896,#4293,.F.);
#2957=EDGE_CURVE('',#3896,#3893,#671,.T.);
#2958=EDGE_CURVE('',#3897,#3874,#4294,.F.);
#2959=EDGE_CURVE('',#3874,#3898,#672,.T.);
#2960=EDGE_CURVE('',#3898,#3897,#673,.T.);
#2961=EDGE_CURVE('',#3899,#3900,#4295,.T.);
#2962=EDGE_CURVE('',#3900,#3901,#4296,.F.);
#2963=EDGE_CURVE('',#3901,#3902,#4297,.F.);
#2964=EDGE_CURVE('',#3902,#3899,#4298,.T.);
#2965=EDGE_CURVE('',#3748,#3903,#4299,.T.);
#2966=EDGE_CURVE('',#3903,#3904,#4300,.T.);
#2967=EDGE_CURVE('',#3904,#3743,#4301,.F.);
#2968=EDGE_CURVE('',#3870,#3890,#269,.T.);
#2969=EDGE_CURVE('',#3871,#3889,#674,.T.);
#2970=EDGE_CURVE('',#3867,#3869,#270,.T.);
#2971=EDGE_CURVE('',#3898,#3868,#271,.T.);
#2972=EDGE_CURVE('',#3890,#3744,#272,.F.);
#2973=EDGE_CURVE('',#3887,#3743,#273,.F.);
#2974=EDGE_CURVE('',#3871,#3899,#675,.F.);
#2975=EDGE_CURVE('',#3899,#3889,#676,.F.);
#2976=EDGE_CURVE('',#3897,#3872,#274,.F.);
#2977=EDGE_CURVE('',#3888,#3904,#677,.T.);
#2978=EDGE_CURVE('',#3900,#3888,#678,.T.);
#2979=EDGE_CURVE('',#3873,#3902,#679,.T.);
#2980=EDGE_CURVE('',#3900,#3904,#680,.F.);
#2981=EDGE_CURVE('',#3894,#3902,#681,.F.);
#2982=EDGE_CURVE('',#3873,#3894,#682,.F.);
#2983=EDGE_CURVE('',#3893,#3866,#275,.F.);
#2984=EDGE_CURVE('',#3901,#3903,#683,.T.);
#2985=EDGE_CURVE('',#3895,#3901,#684,.T.);
#2986=EDGE_CURVE('',#3747,#3893,#276,.T.);
#2987=EDGE_CURVE('',#3748,#3896,#277,.T.);
#2988=EDGE_CURVE('',#3895,#3903,#685,.F.);
#2989=EDGE_CURVE('',#3744,#3870,#686,.T.);
#2990=EDGE_CURVE('',#3745,#3869,#687,.T.);
#2991=EDGE_CURVE('',#3746,#3867,#688,.T.);
#2992=EDGE_CURVE('',#3747,#3866,#689,.T.);
#2993=EDGE_CURVE('',#3905,#3906,#487,.F.);
#2994=EDGE_CURVE('',#3907,#3905,#488,.F.);
#2995=EDGE_CURVE('',#3908,#3907,#690,.F.);
#2996=EDGE_CURVE('',#3909,#3908,#489,.F.);
#2997=EDGE_CURVE('',#3910,#3909,#490,.F.);
#2998=EDGE_CURVE('',#3911,#3910,#691,.F.);
#2999=EDGE_CURVE('',#3912,#3911,#491,.F.);
#3000=EDGE_CURVE('',#3913,#3912,#492,.F.);
#3001=EDGE_CURVE('',#3914,#3913,#692,.F.);
#3002=EDGE_CURVE('',#3915,#3914,#493,.F.);
#3003=EDGE_CURVE('',#3916,#3915,#494,.F.);
#3004=EDGE_CURVE('',#3906,#3916,#693,.F.);
#3005=EDGE_CURVE('',#3906,#3732,#4302,.T.);
#3006=EDGE_CURVE('',#3916,#3733,#4303,.T.);
#3007=EDGE_CURVE('',#3905,#3731,#4304,.T.);
#3008=EDGE_CURVE('',#3907,#3742,#4305,.T.);
#3009=EDGE_CURVE('',#3908,#3741,#4306,.T.);
#3010=EDGE_CURVE('',#3909,#3740,#4307,.T.);
#3011=EDGE_CURVE('',#3910,#3739,#4308,.T.);
#3012=EDGE_CURVE('',#3911,#3738,#4309,.T.);
#3013=EDGE_CURVE('',#3912,#3737,#4310,.T.);
#3014=EDGE_CURVE('',#3913,#3736,#4311,.T.);
#3015=EDGE_CURVE('',#3914,#3735,#4312,.T.);
#3016=EDGE_CURVE('',#3915,#3734,#4313,.T.);
#3017=EDGE_CURVE('',#3917,#3918,#495,.F.);
#3018=EDGE_CURVE('',#3919,#3917,#496,.F.);
#3019=EDGE_CURVE('',#3920,#3919,#278,.T.);
#3020=EDGE_CURVE('',#3921,#3920,#497,.F.);
#3021=EDGE_CURVE('',#3922,#3921,#498,.F.);
#3022=EDGE_CURVE('',#3923,#3922,#4314,.F.);
#3023=EDGE_CURVE('',#3924,#3923,#694,.F.);
#3024=EDGE_CURVE('',#3925,#3924,#4315,.T.);
#3025=EDGE_CURVE('',#3926,#3925,#695,.F.);
#3026=EDGE_CURVE('',#3918,#3926,#499,.F.);
#3027=EDGE_CURVE('',#3918,#3722,#4316,.T.);
#3028=EDGE_CURVE('',#3926,#3723,#4317,.T.);
#3029=EDGE_CURVE('',#3917,#3721,#4318,.T.);
#3030=EDGE_CURVE('',#3919,#3730,#4319,.T.);
#3031=EDGE_CURVE('',#3920,#3729,#4320,.T.);
#3032=EDGE_CURVE('',#3921,#3728,#4321,.T.);
#3033=EDGE_CURVE('',#3922,#3727,#4322,.T.);
#3034=EDGE_CURVE('',#3923,#3726,#4323,.T.);
#3035=EDGE_CURVE('',#3924,#3725,#4324,.T.);
#3036=EDGE_CURVE('',#3925,#3724,#4325,.T.);
#3037=EDGE_CURVE('',#3927,#3928,#279,.T.);
#3038=EDGE_CURVE('',#3929,#3927,#280,.T.);
#3039=EDGE_CURVE('',#3930,#3929,#281,.T.);
#3040=EDGE_CURVE('',#3931,#3930,#282,.T.);
#3041=EDGE_CURVE('',#3932,#3931,#283,.T.);
#3042=EDGE_CURVE('',#3933,#3932,#284,.T.);
#3043=EDGE_CURVE('',#3934,#3933,#500,.F.);
#3044=EDGE_CURVE('',#3935,#3934,#285,.T.);
#3045=EDGE_CURVE('',#3936,#3935,#286,.T.);
#3046=EDGE_CURVE('',#3937,#3936,#287,.T.);
#3047=EDGE_CURVE('',#3938,#3937,#288,.T.);
#3048=EDGE_CURVE('',#3939,#3938,#289,.T.);
#3049=EDGE_CURVE('',#3940,#3939,#290,.T.);
#3050=EDGE_CURVE('',#3941,#3940,#291,.T.);
#3051=EDGE_CURVE('',#3942,#3941,#292,.T.);
#3052=EDGE_CURVE('',#3943,#3942,#293,.T.);
#3053=EDGE_CURVE('',#3944,#3943,#294,.T.);
#3054=EDGE_CURVE('',#3945,#3944,#295,.T.);
#3055=EDGE_CURVE('',#3946,#3945,#296,.T.);
#3056=EDGE_CURVE('',#3947,#3946,#297,.T.);
#3057=EDGE_CURVE('',#3948,#3947,#298,.T.);
#3058=EDGE_CURVE('',#3949,#3948,#4326,.F.);
#3059=EDGE_CURVE('',#3950,#3949,#299,.T.);
#3060=EDGE_CURVE('',#3951,#3950,#300,.T.);
#3061=EDGE_CURVE('',#3952,#3951,#301,.T.);
#3062=EDGE_CURVE('',#3953,#3952,#302,.T.);
#3063=EDGE_CURVE('',#3954,#3953,#303,.T.);
#3064=EDGE_CURVE('',#3928,#3954,#304,.T.);
#3065=EDGE_CURVE('',#3928,#3694,#4327,.T.);
#3066=EDGE_CURVE('',#3954,#3695,#4328,.T.);
#3067=EDGE_CURVE('',#3927,#3693,#4329,.T.);
#3068=EDGE_CURVE('',#3929,#3720,#4330,.T.);
#3069=EDGE_CURVE('',#3930,#3719,#4331,.T.);
#3070=EDGE_CURVE('',#3931,#3718,#4332,.T.);
#3071=EDGE_CURVE('',#3932,#3717,#4333,.T.);
#3072=EDGE_CURVE('',#3933,#3716,#4334,.T.);
#3073=EDGE_CURVE('',#3934,#3715,#4335,.T.);
#3074=EDGE_CURVE('',#3935,#3714,#4336,.T.);
#3075=EDGE_CURVE('',#3936,#3713,#4337,.T.);
#3076=EDGE_CURVE('',#3937,#3712,#4338,.T.);
#3077=EDGE_CURVE('',#3938,#3711,#4339,.T.);
#3078=EDGE_CURVE('',#3939,#3710,#4340,.T.);
#3079=EDGE_CURVE('',#3940,#3709,#4341,.T.);
#3080=EDGE_CURVE('',#3941,#3708,#4342,.T.);
#3081=EDGE_CURVE('',#3942,#3707,#4343,.T.);
#3082=EDGE_CURVE('',#3943,#3706,#4344,.T.);
#3083=EDGE_CURVE('',#3944,#3705,#4345,.T.);
#3084=EDGE_CURVE('',#3945,#3704,#4346,.T.);
#3085=EDGE_CURVE('',#3946,#3703,#4347,.T.);
#3086=EDGE_CURVE('',#3947,#3702,#4348,.T.);
#3087=EDGE_CURVE('',#3948,#3701,#4349,.T.);
#3088=EDGE_CURVE('',#3949,#3700,#4350,.T.);
#3089=EDGE_CURVE('',#3950,#3699,#4351,.T.);
#3090=EDGE_CURVE('',#3951,#3698,#4352,.T.);
#3091=EDGE_CURVE('',#3952,#3697,#4353,.T.);
#3092=EDGE_CURVE('',#3953,#3696,#4354,.T.);
#3093=EDGE_CURVE('',#3955,#3956,#696,.F.);
#3094=EDGE_CURVE('',#3957,#3955,#4355,.T.);
#3095=EDGE_CURVE('',#3958,#3957,#697,.F.);
#3096=EDGE_CURVE('',#3959,#3958,#4356,.T.);
#3097=EDGE_CURVE('',#3960,#3959,#698,.F.);
#3098=EDGE_CURVE('',#3961,#3960,#501,.F.);
#3099=EDGE_CURVE('',#3962,#3961,#502,.F.);
#3100=EDGE_CURVE('',#3963,#3962,#4357,.F.);
#3101=EDGE_CURVE('',#3964,#3963,#699,.F.);
#3102=EDGE_CURVE('',#3965,#3964,#4358,.F.);
#3103=EDGE_CURVE('',#3966,#3965,#305,.T.);
#3104=EDGE_CURVE('',#3967,#3966,#306,.T.);
#3105=EDGE_CURVE('',#3968,#3967,#307,.T.);
#3106=EDGE_CURVE('',#3969,#3968,#4359,.T.);
#3107=EDGE_CURVE('',#3970,#3969,#308,.T.);
#3108=EDGE_CURVE('',#3971,#3970,#309,.T.);
#3109=EDGE_CURVE('',#3972,#3971,#310,.T.);
#3110=EDGE_CURVE('',#3956,#3972,#4360,.T.);
#3111=EDGE_CURVE('',#3956,#3676,#4361,.T.);
#3112=EDGE_CURVE('',#3972,#3677,#4362,.T.);
#3113=EDGE_CURVE('',#3955,#3675,#4363,.T.);
#3114=EDGE_CURVE('',#3957,#3692,#4364,.T.);
#3115=EDGE_CURVE('',#3958,#3691,#4365,.T.);
#3116=EDGE_CURVE('',#3959,#3690,#4366,.T.);
#3117=EDGE_CURVE('',#3960,#3689,#4367,.T.);
#3118=EDGE_CURVE('',#3961,#3688,#4368,.T.);
#3119=EDGE_CURVE('',#3962,#3687,#4369,.T.);
#3120=EDGE_CURVE('',#3963,#3686,#4370,.T.);
#3121=EDGE_CURVE('',#3964,#3685,#4371,.T.);
#3122=EDGE_CURVE('',#3965,#3684,#4372,.T.);
#3123=EDGE_CURVE('',#3966,#3683,#4373,.T.);
#3124=EDGE_CURVE('',#3967,#3682,#4374,.T.);
#3125=EDGE_CURVE('',#3968,#3681,#4375,.T.);
#3126=EDGE_CURVE('',#3969,#3680,#4376,.T.);
#3127=EDGE_CURVE('',#3970,#3679,#4377,.T.);
#3128=EDGE_CURVE('',#3971,#3678,#4378,.T.);
#3129=EDGE_CURVE('',#3973,#3974,#700,.F.);
#3130=EDGE_CURVE('',#3975,#3973,#4379,.T.);
#3131=EDGE_CURVE('',#3976,#3975,#701,.F.);
#3132=EDGE_CURVE('',#3974,#3976,#4380,.F.);
#3133=EDGE_CURVE('',#3974,#3672,#4381,.T.);
#3134=EDGE_CURVE('',#3976,#3673,#4382,.T.);
#3135=EDGE_CURVE('',#3973,#3671,#4383,.T.);
#3136=EDGE_CURVE('',#3975,#3674,#4384,.T.);
#3137=EDGE_CURVE('',#3977,#3978,#311,.T.);
#3138=EDGE_CURVE('',#3979,#3977,#312,.T.);
#3139=EDGE_CURVE('',#3980,#3979,#503,.F.);
#3140=EDGE_CURVE('',#3981,#3980,#313,.T.);
#3141=EDGE_CURVE('',#3982,#3981,#314,.T.);
#3142=EDGE_CURVE('',#3983,#3982,#4385,.F.);
#3143=EDGE_CURVE('',#3984,#3983,#504,.F.);
#3144=EDGE_CURVE('',#3985,#3984,#315,.T.);
#3145=EDGE_CURVE('',#3986,#3985,#316,.T.);
#3146=EDGE_CURVE('',#3987,#3986,#317,.T.);
#3147=EDGE_CURVE('',#3988,#3987,#318,.T.);
#3148=EDGE_CURVE('',#3989,#3988,#319,.T.);
#3149=EDGE_CURVE('',#3990,#3989,#320,.T.);
#3150=EDGE_CURVE('',#3991,#3990,#702,.F.);
#3151=EDGE_CURVE('',#3992,#3991,#505,.F.);
#3152=EDGE_CURVE('',#3993,#3992,#703,.F.);
#3153=EDGE_CURVE('',#3994,#3993,#4386,.T.);
#3154=EDGE_CURVE('',#3978,#3994,#321,.T.);
#3155=EDGE_CURVE('',#3995,#3996,#322,.T.);
#3156=EDGE_CURVE('',#3997,#3995,#323,.T.);
#3157=EDGE_CURVE('',#3998,#3997,#324,.T.);
#3158=EDGE_CURVE('',#3999,#3998,#506,.F.);
#3159=EDGE_CURVE('',#4000,#3999,#4387,.F.);
#3160=EDGE_CURVE('',#4001,#4000,#325,.T.);
#3161=EDGE_CURVE('',#3996,#4001,#326,.T.);
#3162=EDGE_CURVE('',#3994,#3750,#4388,.T.);
#3163=EDGE_CURVE('',#3993,#3751,#4389,.T.);
#3164=EDGE_CURVE('',#3992,#3752,#4390,.T.);
#3165=EDGE_CURVE('',#3991,#3753,#4391,.T.);
#3166=EDGE_CURVE('',#3990,#3754,#4392,.T.);
#3167=EDGE_CURVE('',#3989,#3755,#4393,.T.);
#3168=EDGE_CURVE('',#3988,#3756,#4394,.T.);
#3169=EDGE_CURVE('',#3987,#3757,#4395,.T.);
#3170=EDGE_CURVE('',#3986,#3758,#4396,.T.);
#3171=EDGE_CURVE('',#3985,#3759,#4397,.T.);
#3172=EDGE_CURVE('',#3984,#3760,#4398,.T.);
#3173=EDGE_CURVE('',#3983,#3761,#4399,.T.);
#3174=EDGE_CURVE('',#3982,#3762,#4400,.T.);
#3175=EDGE_CURVE('',#3981,#3763,#4401,.T.);
#3176=EDGE_CURVE('',#3980,#3764,#4402,.T.);
#3177=EDGE_CURVE('',#3979,#3765,#4403,.T.);
#3178=EDGE_CURVE('',#3977,#3766,#4404,.T.);
#3179=EDGE_CURVE('',#3978,#3749,#4405,.T.);
#3180=EDGE_CURVE('',#4002,#4003,#327,.T.);
#3181=EDGE_CURVE('',#3996,#4002,#4406,.T.);
#3182=EDGE_CURVE('',#4001,#4003,#4407,.T.);
#3183=EDGE_CURVE('',#4004,#4002,#328,.T.);
#3184=EDGE_CURVE('',#3995,#4004,#4408,.T.);
#3185=EDGE_CURVE('',#4005,#4004,#329,.T.);
#3186=EDGE_CURVE('',#3997,#4005,#4409,.T.);
#3187=EDGE_CURVE('',#4006,#4005,#330,.T.);
#3188=EDGE_CURVE('',#3998,#4006,#4410,.T.);
#3189=EDGE_CURVE('',#4007,#4006,#507,.F.);
#3190=EDGE_CURVE('',#3999,#4007,#4411,.T.);
#3191=EDGE_CURVE('',#4008,#4007,#4412,.F.);
#3192=EDGE_CURVE('',#4000,#4008,#4413,.T.);
#3193=EDGE_CURVE('',#4003,#4008,#331,.T.);
#3194=EDGE_CURVE('',#4009,#4010,#332,.T.);
#3195=EDGE_CURVE('',#4011,#4009,#333,.T.);
#3196=EDGE_CURVE('',#4012,#4011,#334,.T.);
#3197=EDGE_CURVE('',#4013,#4012,#335,.T.);
#3198=EDGE_CURVE('',#4010,#4013,#336,.T.);
#3199=EDGE_CURVE('',#4010,#3768,#4414,.T.);
#3200=EDGE_CURVE('',#4013,#3769,#4415,.T.);
#3201=EDGE_CURVE('',#4009,#3767,#4416,.T.);
#3202=EDGE_CURVE('',#4011,#3771,#4417,.T.);
#3203=EDGE_CURVE('',#4012,#3770,#4418,.T.);
#3204=EDGE_CURVE('',#4014,#4015,#704,.F.);
#3205=EDGE_CURVE('',#4016,#4014,#4419,.T.);
#3206=EDGE_CURVE('',#4017,#4016,#705,.F.);
#3207=EDGE_CURVE('',#4015,#4017,#4420,.F.);
#3208=EDGE_CURVE('',#4015,#3773,#4421,.T.);
#3209=EDGE_CURVE('',#4017,#3774,#4422,.T.);
#3210=EDGE_CURVE('',#4014,#3772,#4423,.T.);
#3211=EDGE_CURVE('',#4016,#3775,#4424,.T.);
#3212=EDGE_CURVE('',#4018,#4019,#337,.T.);
#3213=EDGE_CURVE('',#4020,#4018,#338,.T.);
#3214=EDGE_CURVE('',#4021,#4020,#339,.T.);
#3215=EDGE_CURVE('',#4022,#4021,#340,.T.);
#3216=EDGE_CURVE('',#4023,#4022,#341,.T.);
#3217=EDGE_CURVE('',#4024,#4023,#342,.T.);
#3218=EDGE_CURVE('',#4025,#4024,#343,.T.);
#3219=EDGE_CURVE('',#4019,#4025,#344,.T.);
#3220=EDGE_CURVE('',#4019,#3777,#4425,.T.);
#3221=EDGE_CURVE('',#4025,#3778,#4426,.T.);
#3222=EDGE_CURVE('',#4018,#3776,#4427,.T.);
#3223=EDGE_CURVE('',#4020,#3783,#4428,.T.);
#3224=EDGE_CURVE('',#4021,#3782,#4429,.T.);
#3225=EDGE_CURVE('',#4022,#3781,#4430,.T.);
#3226=EDGE_CURVE('',#4023,#3780,#4431,.T.);
#3227=EDGE_CURVE('',#4024,#3779,#4432,.T.);
#3228=EDGE_CURVE('',#4026,#4027,#508,.F.);
#3229=EDGE_CURVE('',#4028,#4026,#509,.F.);
#3230=EDGE_CURVE('',#4029,#4028,#345,.T.);
#3231=EDGE_CURVE('',#4030,#4029,#510,.F.);
#3232=EDGE_CURVE('',#4031,#4030,#511,.F.);
#3233=EDGE_CURVE('',#4032,#4031,#4433,.F.);
#3234=EDGE_CURVE('',#4033,#4032,#706,.F.);
#3235=EDGE_CURVE('',#4034,#4033,#4434,.T.);
#3236=EDGE_CURVE('',#4035,#4034,#707,.F.);
#3237=EDGE_CURVE('',#4027,#4035,#512,.F.);
#3238=EDGE_CURVE('',#4027,#3785,#4435,.T.);
#3239=EDGE_CURVE('',#4035,#3786,#4436,.T.);
#3240=EDGE_CURVE('',#4026,#3784,#4437,.T.);
#3241=EDGE_CURVE('',#4028,#3793,#4438,.T.);
#3242=EDGE_CURVE('',#4029,#3792,#4439,.T.);
#3243=EDGE_CURVE('',#4030,#3791,#4440,.T.);
#3244=EDGE_CURVE('',#4031,#3790,#4441,.T.);
#3245=EDGE_CURVE('',#4032,#3789,#4442,.T.);
#3246=EDGE_CURVE('',#4033,#3788,#4443,.T.);
#3247=EDGE_CURVE('',#4034,#3787,#4444,.T.);
#3248=EDGE_CURVE('',#4036,#4037,#513,.F.);
#3249=EDGE_CURVE('',#4038,#4036,#346,.T.);
#3250=EDGE_CURVE('',#4039,#4038,#347,.T.);
#3251=EDGE_CURVE('',#4040,#4039,#348,.T.);
#3252=EDGE_CURVE('',#4041,#4040,#349,.T.);
#3253=EDGE_CURVE('',#4042,#4041,#350,.T.);
#3254=EDGE_CURVE('',#4043,#4042,#708,.F.);
#3255=EDGE_CURVE('',#4044,#4043,#4445,.F.);
#3256=EDGE_CURVE('',#4045,#4044,#709,.F.);
#3257=EDGE_CURVE('',#4046,#4045,#351,.T.);
#3258=EDGE_CURVE('',#4047,#4046,#352,.T.);
#3259=EDGE_CURVE('',#4048,#4047,#353,.T.);
#3260=EDGE_CURVE('',#4049,#4048,#354,.T.);
#3261=EDGE_CURVE('',#4050,#4049,#355,.T.);
#3262=EDGE_CURVE('',#4051,#4050,#356,.T.);
#3263=EDGE_CURVE('',#4052,#4051,#4446,.F.);
#3264=EDGE_CURVE('',#4053,#4052,#357,.T.);
#3265=EDGE_CURVE('',#4054,#4053,#358,.T.);
#3266=EDGE_CURVE('',#4055,#4054,#359,.T.);
#3267=EDGE_CURVE('',#4056,#4055,#360,.T.);
#3268=EDGE_CURVE('',#4057,#4056,#361,.T.);
#3269=EDGE_CURVE('',#4058,#4057,#4447,.T.);
#3270=EDGE_CURVE('',#4059,#4058,#362,.T.);
#3271=EDGE_CURVE('',#4060,#4059,#363,.T.);
#3272=EDGE_CURVE('',#4061,#4060,#364,.T.);
#3273=EDGE_CURVE('',#4062,#4061,#365,.T.);
#3274=EDGE_CURVE('',#4037,#4062,#366,.T.);
#3275=EDGE_CURVE('',#4037,#3795,#4448,.T.);
#3276=EDGE_CURVE('',#4062,#3796,#4449,.T.);
#3277=EDGE_CURVE('',#4036,#3794,#4450,.T.);
#3278=EDGE_CURVE('',#4038,#3820,#4451,.T.);
#3279=EDGE_CURVE('',#4039,#3819,#4452,.T.);
#3280=EDGE_CURVE('',#4040,#3818,#4453,.T.);
#3281=EDGE_CURVE('',#4041,#3817,#4454,.T.);
#3282=EDGE_CURVE('',#4042,#3816,#4455,.T.);
#3283=EDGE_CURVE('',#4043,#3815,#4456,.T.);
#3284=EDGE_CURVE('',#4044,#3814,#4457,.T.);
#3285=EDGE_CURVE('',#4045,#3813,#4458,.T.);
#3286=EDGE_CURVE('',#4046,#3812,#4459,.T.);
#3287=EDGE_CURVE('',#4047,#3811,#4460,.T.);
#3288=EDGE_CURVE('',#4048,#3810,#4461,.T.);
#3289=EDGE_CURVE('',#4049,#3809,#4462,.T.);
#3290=EDGE_CURVE('',#4050,#3808,#4463,.T.);
#3291=EDGE_CURVE('',#4051,#3807,#4464,.T.);
#3292=EDGE_CURVE('',#4052,#3806,#4465,.T.);
#3293=EDGE_CURVE('',#4053,#3805,#4466,.T.);
#3294=EDGE_CURVE('',#4054,#3804,#4467,.T.);
#3295=EDGE_CURVE('',#4055,#3803,#4468,.T.);
#3296=EDGE_CURVE('',#4056,#3802,#4469,.T.);
#3297=EDGE_CURVE('',#4057,#3801,#4470,.T.);
#3298=EDGE_CURVE('',#4058,#3800,#4471,.T.);
#3299=EDGE_CURVE('',#4059,#3799,#4472,.T.);
#3300=EDGE_CURVE('',#4060,#3798,#4473,.T.);
#3301=EDGE_CURVE('',#4061,#3797,#4474,.T.);
#3302=EDGE_CURVE('',#4063,#4064,#710,.F.);
#3303=EDGE_CURVE('',#4065,#4063,#4475,.F.);
#3304=EDGE_CURVE('',#4066,#4065,#711,.F.);
#3305=EDGE_CURVE('',#4067,#4066,#514,.F.);
#3306=EDGE_CURVE('',#4068,#4067,#712,.F.);
#3307=EDGE_CURVE('',#4069,#4068,#515,.F.);
#3308=EDGE_CURVE('',#4064,#4069,#4476,.T.);
#3309=EDGE_CURVE('',#4064,#3822,#4477,.T.);
#3310=EDGE_CURVE('',#4069,#3823,#4478,.T.);
#3311=EDGE_CURVE('',#4063,#3821,#4479,.T.);
#3312=EDGE_CURVE('',#4065,#3827,#4480,.T.);
#3313=EDGE_CURVE('',#4066,#3826,#4481,.T.);
#3314=EDGE_CURVE('',#4067,#3825,#4482,.T.);
#3315=EDGE_CURVE('',#4068,#3824,#4483,.T.);
#3316=EDGE_CURVE('',#4070,#4071,#367,.T.);
#3317=EDGE_CURVE('',#4072,#4070,#368,.T.);
#3318=EDGE_CURVE('',#4073,#4072,#4484,.F.);
#3319=EDGE_CURVE('',#4074,#4073,#713,.F.);
#3320=EDGE_CURVE('',#4075,#4074,#4485,.T.);
#3321=EDGE_CURVE('',#4076,#4075,#714,.F.);
#3322=EDGE_CURVE('',#4077,#4076,#516,.F.);
#3323=EDGE_CURVE('',#4078,#4077,#715,.F.);
#3324=EDGE_CURVE('',#4079,#4078,#517,.F.);
#3325=EDGE_CURVE('',#4080,#4079,#716,.F.);
#3326=EDGE_CURVE('',#4081,#4080,#4486,.F.);
#3327=EDGE_CURVE('',#4082,#4081,#717,.F.);
#3328=EDGE_CURVE('',#4083,#4082,#4487,.T.);
#3329=EDGE_CURVE('',#4084,#4083,#369,.T.);
#3330=EDGE_CURVE('',#4085,#4084,#718,.F.);
#3331=EDGE_CURVE('',#4086,#4085,#518,.F.);
#3332=EDGE_CURVE('',#4087,#4086,#719,.F.);
#3333=EDGE_CURVE('',#4088,#4087,#519,.F.);
#3334=EDGE_CURVE('',#4071,#4088,#720,.F.);
#3335=EDGE_CURVE('',#4071,#3829,#4488,.T.);
#3336=EDGE_CURVE('',#4088,#3830,#4489,.T.);
#3337=EDGE_CURVE('',#4070,#3828,#4490,.T.);
#3338=EDGE_CURVE('',#4072,#3846,#4491,.T.);
#3339=EDGE_CURVE('',#4073,#3845,#4492,.T.);
#3340=EDGE_CURVE('',#4074,#3844,#4493,.T.);
#3341=EDGE_CURVE('',#4075,#3843,#4494,.T.);
#3342=EDGE_CURVE('',#4076,#3842,#4495,.T.);
#3343=EDGE_CURVE('',#4077,#3841,#4496,.T.);
#3344=EDGE_CURVE('',#4078,#3840,#4497,.T.);
#3345=EDGE_CURVE('',#4079,#3839,#4498,.T.);
#3346=EDGE_CURVE('',#4080,#3838,#4499,.T.);
#3347=EDGE_CURVE('',#4081,#3837,#4500,.T.);
#3348=EDGE_CURVE('',#4082,#3836,#4501,.T.);
#3349=EDGE_CURVE('',#4083,#3835,#4502,.T.);
#3350=EDGE_CURVE('',#4084,#3834,#4503,.T.);
#3351=EDGE_CURVE('',#4085,#3833,#4504,.T.);
#3352=EDGE_CURVE('',#4086,#3832,#4505,.T.);
#3353=EDGE_CURVE('',#4087,#3831,#4506,.T.);
#3354=EDGE_CURVE('',#4089,#4090,#520,.F.);
#3355=EDGE_CURVE('',#4091,#4089,#521,.F.);
#3356=EDGE_CURVE('',#4092,#4091,#370,.T.);
#3357=EDGE_CURVE('',#4093,#4092,#522,.F.);
#3358=EDGE_CURVE('',#4094,#4093,#523,.F.);
#3359=EDGE_CURVE('',#4095,#4094,#4507,.F.);
#3360=EDGE_CURVE('',#4096,#4095,#721,.F.);
#3361=EDGE_CURVE('',#4097,#4096,#4508,.T.);
#3362=EDGE_CURVE('',#4098,#4097,#722,.F.);
#3363=EDGE_CURVE('',#4090,#4098,#524,.F.);
#3364=EDGE_CURVE('',#4090,#3848,#4509,.T.);
#3365=EDGE_CURVE('',#4098,#3849,#4510,.T.);
#3366=EDGE_CURVE('',#4089,#3847,#4511,.T.);
#3367=EDGE_CURVE('',#4091,#3856,#4512,.T.);
#3368=EDGE_CURVE('',#4092,#3855,#4513,.T.);
#3369=EDGE_CURVE('',#4093,#3854,#4514,.T.);
#3370=EDGE_CURVE('',#4094,#3853,#4515,.T.);
#3371=EDGE_CURVE('',#4095,#3852,#4516,.T.);
#3372=EDGE_CURVE('',#4096,#3851,#4517,.T.);
#3373=EDGE_CURVE('',#4097,#3850,#4518,.T.);
#3374=EDGE_CURVE('',#4099,#4100,#371,.T.);
#3375=EDGE_CURVE('',#4101,#4099,#372,.T.);
#3376=EDGE_CURVE('',#4102,#4101,#373,.T.);
#3377=EDGE_CURVE('',#4103,#4102,#374,.T.);
#3378=EDGE_CURVE('',#4104,#4103,#375,.T.);
#3379=EDGE_CURVE('',#4105,#4104,#376,.T.);
#3380=EDGE_CURVE('',#4106,#4105,#377,.T.);
#3381=EDGE_CURVE('',#4100,#4106,#378,.T.);
#3382=EDGE_CURVE('',#4100,#3858,#4519,.T.);
#3383=EDGE_CURVE('',#4106,#3859,#4520,.T.);
#3384=EDGE_CURVE('',#4099,#3857,#4521,.T.);
#3385=EDGE_CURVE('',#4101,#3864,#4522,.T.);
#3386=EDGE_CURVE('',#4102,#3863,#4523,.T.);
#3387=EDGE_CURVE('',#4103,#3862,#4524,.T.);
#3388=EDGE_CURVE('',#4104,#3861,#4525,.T.);
#3389=EDGE_CURVE('',#4105,#3860,#4526,.T.);
#3390=EDGE_CURVE('',#4107,#4108,#379,.T.);
#3391=EDGE_CURVE('',#4109,#4107,#380,.T.);
#3392=EDGE_CURVE('',#4110,#4109,#381,.T.);
#3393=EDGE_CURVE('',#4111,#4110,#382,.T.);
#3394=EDGE_CURVE('',#4112,#4111,#383,.T.);
#3395=EDGE_CURVE('',#4113,#4112,#384,.T.);
#3396=EDGE_CURVE('',#4114,#4113,#385,.T.);
#3397=EDGE_CURVE('',#4108,#4114,#386,.T.);
#3398=EDGE_CURVE('',#4115,#4116,#387,.T.);
#3399=EDGE_CURVE('',#4117,#4115,#388,.T.);
#3400=EDGE_CURVE('',#4118,#4117,#389,.T.);
#3401=EDGE_CURVE('',#4119,#4118,#390,.T.);
#3402=EDGE_CURVE('',#4120,#4119,#391,.T.);
#3403=EDGE_CURVE('',#4121,#4120,#392,.T.);
#3404=EDGE_CURVE('',#4122,#4121,#393,.T.);
#3405=EDGE_CURVE('',#4116,#4122,#394,.T.);
#3406=EDGE_CURVE('',#4114,#3664,#4527,.T.);
#3407=EDGE_CURVE('',#4113,#3665,#4528,.T.);
#3408=EDGE_CURVE('',#4112,#3666,#4529,.T.);
#3409=EDGE_CURVE('',#4111,#3667,#4530,.T.);
#3410=EDGE_CURVE('',#4110,#3668,#4531,.T.);
#3411=EDGE_CURVE('',#4109,#3669,#4532,.T.);
#3412=EDGE_CURVE('',#4107,#3670,#4533,.T.);
#3413=EDGE_CURVE('',#4108,#3663,#4534,.T.);
#3414=EDGE_CURVE('',#4123,#4124,#395,.T.);
#3415=EDGE_CURVE('',#4116,#4123,#4535,.T.);
#3416=EDGE_CURVE('',#4122,#4124,#4536,.T.);
#3417=EDGE_CURVE('',#4125,#4123,#396,.T.);
#3418=EDGE_CURVE('',#4115,#4125,#4537,.T.);
#3419=EDGE_CURVE('',#4126,#4125,#397,.T.);
#3420=EDGE_CURVE('',#4117,#4126,#4538,.T.);
#3421=EDGE_CURVE('',#4127,#4126,#398,.T.);
#3422=EDGE_CURVE('',#4118,#4127,#4539,.T.);
#3423=EDGE_CURVE('',#4128,#4127,#399,.T.);
#3424=EDGE_CURVE('',#4119,#4128,#4540,.T.);
#3425=EDGE_CURVE('',#4129,#4128,#400,.T.);
#3426=EDGE_CURVE('',#4120,#4129,#4541,.T.);
#3427=EDGE_CURVE('',#4130,#4129,#401,.T.);
#3428=EDGE_CURVE('',#4121,#4130,#4542,.T.);
#3429=EDGE_CURVE('',#4124,#4130,#402,.T.);
#3430=EDGE_CURVE('',#4131,#4132,#403,.T.);
#3431=EDGE_CURVE('',#4133,#4131,#404,.T.);
#3432=EDGE_CURVE('',#4134,#4133,#4543,.F.);
#3433=EDGE_CURVE('',#4135,#4134,#723,.F.);
#3434=EDGE_CURVE('',#4136,#4135,#4544,.T.);
#3435=EDGE_CURVE('',#4137,#4136,#405,.T.);
#3436=EDGE_CURVE('',#4138,#4137,#406,.T.);
#3437=EDGE_CURVE('',#4139,#4138,#407,.T.);
#3438=EDGE_CURVE('',#4140,#4139,#408,.T.);
#3439=EDGE_CURVE('',#4141,#4140,#724,.F.);
#3440=EDGE_CURVE('',#4142,#4141,#409,.T.);
#3441=EDGE_CURVE('',#4143,#4142,#410,.T.);
#3442=EDGE_CURVE('',#4144,#4143,#411,.T.);
#3443=EDGE_CURVE('',#4145,#4144,#725,.F.);
#3444=EDGE_CURVE('',#4146,#4145,#525,.F.);
#3445=EDGE_CURVE('',#4147,#4146,#726,.F.);
#3446=EDGE_CURVE('',#4148,#4147,#4545,.F.);
#3447=EDGE_CURVE('',#4149,#4148,#727,.F.);
#3448=EDGE_CURVE('',#4150,#4149,#4546,.T.);
#3449=EDGE_CURVE('',#4151,#4150,#412,.T.);
#3450=EDGE_CURVE('',#4152,#4151,#413,.T.);
#3451=EDGE_CURVE('',#4153,#4152,#414,.T.);
#3452=EDGE_CURVE('',#4154,#4153,#415,.T.);
#3453=EDGE_CURVE('',#4155,#4154,#4547,.F.);
#3454=EDGE_CURVE('',#4156,#4155,#728,.F.);
#3455=EDGE_CURVE('',#4157,#4156,#4548,.T.);
#3456=EDGE_CURVE('',#4158,#4157,#416,.T.);
#3457=EDGE_CURVE('',#4132,#4158,#417,.T.);
#3458=EDGE_CURVE('',#4132,#3636,#4549,.T.);
#3459=EDGE_CURVE('',#4158,#3637,#4550,.T.);
#3460=EDGE_CURVE('',#4131,#3635,#4551,.T.);
#3461=EDGE_CURVE('',#4133,#3662,#4552,.T.);
#3462=EDGE_CURVE('',#4134,#3661,#4553,.T.);
#3463=EDGE_CURVE('',#4135,#3660,#4554,.T.);
#3464=EDGE_CURVE('',#4136,#3659,#4555,.T.);
#3465=EDGE_CURVE('',#4137,#3658,#4556,.T.);
#3466=EDGE_CURVE('',#4138,#3657,#4557,.T.);
#3467=EDGE_CURVE('',#4139,#3656,#4558,.T.);
#3468=EDGE_CURVE('',#4140,#3655,#4559,.T.);
#3469=EDGE_CURVE('',#4141,#3654,#4560,.T.);
#3470=EDGE_CURVE('',#4142,#3653,#4561,.T.);
#3471=EDGE_CURVE('',#4143,#3652,#4562,.T.);
#3472=EDGE_CURVE('',#4144,#3651,#4563,.T.);
#3473=EDGE_CURVE('',#4145,#3650,#4564,.T.);
#3474=EDGE_CURVE('',#4146,#3649,#4565,.T.);
#3475=EDGE_CURVE('',#4147,#3648,#4566,.T.);
#3476=EDGE_CURVE('',#4148,#3647,#4567,.T.);
#3477=EDGE_CURVE('',#4149,#3646,#4568,.T.);
#3478=EDGE_CURVE('',#4150,#3645,#4569,.T.);
#3479=EDGE_CURVE('',#4151,#3644,#4570,.T.);
#3480=EDGE_CURVE('',#4152,#3643,#4571,.T.);
#3481=EDGE_CURVE('',#4153,#3642,#4572,.T.);
#3482=EDGE_CURVE('',#4154,#3641,#4573,.T.);
#3483=EDGE_CURVE('',#4155,#3640,#4574,.T.);
#3484=EDGE_CURVE('',#4156,#3639,#4575,.T.);
#3485=EDGE_CURVE('',#4157,#3638,#4576,.T.);
#3486=EDGE_CURVE('',#4159,#4160,#418,.T.);
#3487=EDGE_CURVE('',#4161,#4159,#419,.T.);
#3488=EDGE_CURVE('',#4162,#4161,#420,.T.);
#3489=EDGE_CURVE('',#4163,#4162,#729,.F.);
#3490=EDGE_CURVE('',#4164,#4163,#4577,.T.);
#3491=EDGE_CURVE('',#4165,#4164,#730,.F.);
#3492=EDGE_CURVE('',#4160,#4165,#421,.T.);
#3493=EDGE_CURVE('',#4166,#4167,#422,.T.);
#3494=EDGE_CURVE('',#4168,#4166,#423,.T.);
#3495=EDGE_CURVE('',#4169,#4168,#424,.T.);
#3496=EDGE_CURVE('',#4170,#4169,#425,.T.);
#3497=EDGE_CURVE('',#4171,#4170,#426,.T.);
#3498=EDGE_CURVE('',#4172,#4171,#731,.F.);
#3499=EDGE_CURVE('',#4173,#4172,#4578,.F.);
#3500=EDGE_CURVE('',#4174,#4173,#732,.F.);
#3501=EDGE_CURVE('',#4175,#4174,#4579,.T.);
#3502=EDGE_CURVE('',#4176,#4175,#733,.F.);
#3503=EDGE_CURVE('',#4177,#4176,#526,.F.);
#3504=EDGE_CURVE('',#4167,#4177,#734,.F.);
#3505=EDGE_CURVE('',#4178,#4179,#735,.F.);
#3506=EDGE_CURVE('',#4165,#4178,#4580,.T.);
#3507=EDGE_CURVE('',#4164,#4179,#4581,.T.);
#3508=EDGE_CURVE('',#4179,#4180,#4582,.T.);
#3509=EDGE_CURVE('',#4163,#4180,#4583,.T.);
#3510=EDGE_CURVE('',#4180,#4181,#736,.F.);
#3511=EDGE_CURVE('',#4162,#4181,#4584,.T.);
#3512=EDGE_CURVE('',#4181,#4182,#427,.T.);
#3513=EDGE_CURVE('',#4161,#4182,#4585,.T.);
#3514=EDGE_CURVE('',#4182,#4183,#428,.T.);
#3515=EDGE_CURVE('',#4159,#4183,#4586,.T.);
#3516=EDGE_CURVE('',#4183,#4184,#429,.T.);
#3517=EDGE_CURVE('',#4160,#4184,#4587,.T.);
#3518=EDGE_CURVE('',#4184,#4178,#430,.T.);
#3519=EDGE_CURVE('',#4167,#3624,#4588,.T.);
#3520=EDGE_CURVE('',#4177,#3625,#4589,.T.);
#3521=EDGE_CURVE('',#4166,#3623,#4590,.T.);
#3522=EDGE_CURVE('',#4168,#3634,#4591,.T.);
#3523=EDGE_CURVE('',#4169,#3633,#4592,.T.);
#3524=EDGE_CURVE('',#4170,#3632,#4593,.T.);
#3525=EDGE_CURVE('',#4171,#3631,#4594,.T.);
#3526=EDGE_CURVE('',#4172,#3630,#4595,.T.);
#3527=EDGE_CURVE('',#4173,#3629,#4596,.T.);
#3528=EDGE_CURVE('',#4174,#3628,#4597,.T.);
#3529=EDGE_CURVE('',#4175,#3627,#4598,.T.);
#3530=EDGE_CURVE('',#4176,#3626,#4599,.T.);
#3531=EDGE_CURVE('',#4185,#4186,#431,.T.);
#3532=EDGE_CURVE('',#4187,#4185,#432,.T.);
#3533=EDGE_CURVE('',#4188,#4187,#433,.T.);
#3534=EDGE_CURVE('',#4189,#4188,#737,.F.);
#3535=EDGE_CURVE('',#4190,#4189,#4600,.T.);
#3536=EDGE_CURVE('',#4191,#4190,#738,.F.);
#3537=EDGE_CURVE('',#4186,#4191,#434,.T.);
#3538=EDGE_CURVE('',#4192,#4193,#4601,.F.);
#3539=EDGE_CURVE('',#4194,#4192,#739,.F.);
#3540=EDGE_CURVE('',#4195,#4194,#4602,.T.);
#3541=EDGE_CURVE('',#4196,#4195,#740,.F.);
#3542=EDGE_CURVE('',#4197,#4196,#435,.T.);
#3543=EDGE_CURVE('',#4198,#4197,#436,.T.);
#3544=EDGE_CURVE('',#4199,#4198,#437,.T.);
#3545=EDGE_CURVE('',#4200,#4199,#438,.T.);
#3546=EDGE_CURVE('',#4193,#4200,#741,.F.);
#3547=EDGE_CURVE('',#4201,#4202,#742,.F.);
#3548=EDGE_CURVE('',#4191,#4201,#4603,.T.);
#3549=EDGE_CURVE('',#4190,#4202,#4604,.T.);
#3550=EDGE_CURVE('',#4202,#4203,#4605,.T.);
#3551=EDGE_CURVE('',#4189,#4203,#4606,.T.);
#3552=EDGE_CURVE('',#4203,#4204,#743,.F.);
#3553=EDGE_CURVE('',#4188,#4204,#4607,.T.);
#3554=EDGE_CURVE('',#4204,#4205,#439,.T.);
#3555=EDGE_CURVE('',#4187,#4205,#4608,.T.);
#3556=EDGE_CURVE('',#4205,#4206,#440,.T.);
#3557=EDGE_CURVE('',#4185,#4206,#4609,.T.);
#3558=EDGE_CURVE('',#4206,#4207,#441,.T.);
#3559=EDGE_CURVE('',#4186,#4207,#4610,.T.);
#3560=EDGE_CURVE('',#4207,#4201,#442,.T.);
#3561=EDGE_CURVE('',#4193,#3615,#4611,.T.);
#3562=EDGE_CURVE('',#4200,#3616,#4612,.T.);
#3563=EDGE_CURVE('',#4192,#3614,#4613,.T.);
#3564=EDGE_CURVE('',#4194,#3622,#4614,.T.);
#3565=EDGE_CURVE('',#4195,#3621,#4615,.T.);
#3566=EDGE_CURVE('',#4196,#3620,#4616,.T.);
#3567=EDGE_CURVE('',#4197,#3619,#4617,.T.);
#3568=EDGE_CURVE('',#4198,#3618,#4618,.T.);
#3569=EDGE_CURVE('',#4199,#3617,#4619,.T.);
#3570=EDGE_CURVE('',#4208,#4209,#527,.F.);
#3571=EDGE_CURVE('',#4210,#4208,#528,.F.);
#3572=EDGE_CURVE('',#4211,#4210,#443,.T.);
#3573=EDGE_CURVE('',#4212,#4211,#529,.F.);
#3574=EDGE_CURVE('',#4213,#4212,#530,.F.);
#3575=EDGE_CURVE('',#4214,#4213,#4620,.F.);
#3576=EDGE_CURVE('',#4215,#4214,#744,.F.);
#3577=EDGE_CURVE('',#4216,#4215,#4621,.T.);
#3578=EDGE_CURVE('',#4217,#4216,#745,.F.);
#3579=EDGE_CURVE('',#4209,#4217,#531,.F.);
#3580=EDGE_CURVE('',#4209,#3605,#4622,.T.);
#3581=EDGE_CURVE('',#4217,#3606,#4623,.T.);
#3582=EDGE_CURVE('',#4208,#3604,#4624,.T.);
#3583=EDGE_CURVE('',#4210,#3613,#4625,.T.);
#3584=EDGE_CURVE('',#4211,#3612,#4626,.T.);
#3585=EDGE_CURVE('',#4212,#3611,#4627,.T.);
#3586=EDGE_CURVE('',#4213,#3610,#4628,.T.);
#3587=EDGE_CURVE('',#4214,#3609,#4629,.T.);
#3588=EDGE_CURVE('',#4215,#3608,#4630,.T.);
#3589=EDGE_CURVE('',#4216,#3607,#4631,.T.);
#3590=VERTEX_POINT('',#8206);
#3591=VERTEX_POINT('',#8207);
#3592=VERTEX_POINT('',#8209);
#3593=VERTEX_POINT('',#8211);
#3594=VERTEX_POINT('',#8214);
#3595=VERTEX_POINT('',#8216);
#3596=VERTEX_POINT('',#8219);
#3597=VERTEX_POINT('',#8221);
#3598=VERTEX_POINT('',#8225);
#3599=VERTEX_POINT('',#8228);
#3600=VERTEX_POINT('',#8231);
#3601=VERTEX_POINT('',#8234);
#3602=VERTEX_POINT('',#8241);
#3603=VERTEX_POINT('',#8245);
#3604=VERTEX_POINT('',#8250);
#3605=VERTEX_POINT('',#8251);
#3606=VERTEX_POINT('',#8253);
#3607=VERTEX_POINT('',#8255);
#3608=VERTEX_POINT('',#8257);
#3609=VERTEX_POINT('',#8259);
#3610=VERTEX_POINT('',#8261);
#3611=VERTEX_POINT('',#8263);
#3612=VERTEX_POINT('',#8265);
#3613=VERTEX_POINT('',#8270);
#3614=VERTEX_POINT('',#8273);
#3615=VERTEX_POINT('',#8274);
#3616=VERTEX_POINT('',#8276);
#3617=VERTEX_POINT('',#8281);
#3618=VERTEX_POINT('',#8286);
#3619=VERTEX_POINT('',#8291);
#3620=VERTEX_POINT('',#8296);
#3621=VERTEX_POINT('',#8298);
#3622=VERTEX_POINT('',#8300);
#3623=VERTEX_POINT('',#8306);
#3624=VERTEX_POINT('',#8307);
#3625=VERTEX_POINT('',#8309);
#3626=VERTEX_POINT('',#8311);
#3627=VERTEX_POINT('',#8313);
#3628=VERTEX_POINT('',#8315);
#3629=VERTEX_POINT('',#8317);
#3630=VERTEX_POINT('',#8319);
#3631=VERTEX_POINT('',#8321);
#3632=VERTEX_POINT('',#8326);
#3633=VERTEX_POINT('',#8331);
#3634=VERTEX_POINT('',#8336);
#3635=VERTEX_POINT('',#8345);
#3636=VERTEX_POINT('',#8346);
#3637=VERTEX_POINT('',#8351);
#3638=VERTEX_POINT('',#8356);
#3639=VERTEX_POINT('',#8358);
#3640=VERTEX_POINT('',#8360);
#3641=VERTEX_POINT('',#8362);
#3642=VERTEX_POINT('',#8367);
#3643=VERTEX_POINT('',#8372);
#3644=VERTEX_POINT('',#8377);
#3645=VERTEX_POINT('',#8382);
#3646=VERTEX_POINT('',#8384);
#3647=VERTEX_POINT('',#8386);
#3648=VERTEX_POINT('',#8388);
#3649=VERTEX_POINT('',#8390);
#3650=VERTEX_POINT('',#8392);
#3651=VERTEX_POINT('',#8394);
#3652=VERTEX_POINT('',#8399);
#3653=VERTEX_POINT('',#8404);
#3654=VERTEX_POINT('',#8410);
#3655=VERTEX_POINT('',#8412);
#3656=VERTEX_POINT('',#8417);
#3657=VERTEX_POINT('',#8422);
#3658=VERTEX_POINT('',#8427);
#3659=VERTEX_POINT('',#8432);
#3660=VERTEX_POINT('',#8434);
#3661=VERTEX_POINT('',#8436);
#3662=VERTEX_POINT('',#8438);
#3663=VERTEX_POINT('',#8448);
#3664=VERTEX_POINT('',#8449);
#3665=VERTEX_POINT('',#8455);
#3666=VERTEX_POINT('',#8460);
#3667=VERTEX_POINT('',#8466);
#3668=VERTEX_POINT('',#8472);
#3669=VERTEX_POINT('',#8478);
#3670=VERTEX_POINT('',#8483);
#3671=VERTEX_POINT('',#8490);
#3672=VERTEX_POINT('',#8491);
#3673=VERTEX_POINT('',#8493);
#3674=VERTEX_POINT('',#8495);
#3675=VERTEX_POINT('',#8498);
#3676=VERTEX_POINT('',#8499);
#3677=VERTEX_POINT('',#8501);
#3678=VERTEX_POINT('',#8506);
#3679=VERTEX_POINT('',#8511);
#3680=VERTEX_POINT('',#8516);
#3681=VERTEX_POINT('',#8518);
#3682=VERTEX_POINT('',#8523);
#3683=VERTEX_POINT('',#8528);
#3684=VERTEX_POINT('',#8533);
#3685=VERTEX_POINT('',#8535);
#3686=VERTEX_POINT('',#8537);
#3687=VERTEX_POINT('',#8539);
#3688=VERTEX_POINT('',#8541);
#3689=VERTEX_POINT('',#8543);
#3690=VERTEX_POINT('',#8545);
#3691=VERTEX_POINT('',#8547);
#3692=VERTEX_POINT('',#8549);
#3693=VERTEX_POINT('',#8555);
#3694=VERTEX_POINT('',#8556);
#3695=VERTEX_POINT('',#8561);
#3696=VERTEX_POINT('',#8566);
#3697=VERTEX_POINT('',#8571);
#3698=VERTEX_POINT('',#8576);
#3699=VERTEX_POINT('',#8581);
#3700=VERTEX_POINT('',#8586);
#3701=VERTEX_POINT('',#8588);
#3702=VERTEX_POINT('',#8593);
#3703=VERTEX_POINT('',#8598);
#3704=VERTEX_POINT('',#8603);
#3705=VERTEX_POINT('',#8608);
#3706=VERTEX_POINT('',#8613);
#3707=VERTEX_POINT('',#8618);
#3708=VERTEX_POINT('',#8623);
#3709=VERTEX_POINT('',#8628);
#3710=VERTEX_POINT('',#8633);
#3711=VERTEX_POINT('',#8638);
#3712=VERTEX_POINT('',#8643);
#3713=VERTEX_POINT('',#8648);
#3714=VERTEX_POINT('',#8653);
#3715=VERTEX_POINT('',#8658);
#3716=VERTEX_POINT('',#8660);
#3717=VERTEX_POINT('',#8665);
#3718=VERTEX_POINT('',#8670);
#3719=VERTEX_POINT('',#8675);
#3720=VERTEX_POINT('',#8680);
#3721=VERTEX_POINT('',#8686);
#3722=VERTEX_POINT('',#8687);
#3723=VERTEX_POINT('',#8689);
#3724=VERTEX_POINT('',#8691);
#3725=VERTEX_POINT('',#8693);
#3726=VERTEX_POINT('',#8695);
#3727=VERTEX_POINT('',#8697);
#3728=VERTEX_POINT('',#8699);
#3729=VERTEX_POINT('',#8701);
#3730=VERTEX_POINT('',#8706);
#3731=VERTEX_POINT('',#8709);
#3732=VERTEX_POINT('',#8710);
#3733=VERTEX_POINT('',#8712);
#3734=VERTEX_POINT('',#8714);
#3735=VERTEX_POINT('',#8716);
#3736=VERTEX_POINT('',#8718);
#3737=VERTEX_POINT('',#8720);
#3738=VERTEX_POINT('',#8722);
#3739=VERTEX_POINT('',#8724);
#3740=VERTEX_POINT('',#8726);
#3741=VERTEX_POINT('',#8728);
#3742=VERTEX_POINT('',#8730);
#3743=VERTEX_POINT('',#8733);
#3744=VERTEX_POINT('',#8734);
#3745=VERTEX_POINT('',#8736);
#3746=VERTEX_POINT('',#8742);
#3747=VERTEX_POINT('',#8744);
#3748=VERTEX_POINT('',#8746);
#3749=VERTEX_POINT('',#8752);
#3750=VERTEX_POINT('',#8753);
#3751=VERTEX_POINT('',#8755);
#3752=VERTEX_POINT('',#8757);
#3753=VERTEX_POINT('',#8759);
#3754=VERTEX_POINT('',#8761);
#3755=VERTEX_POINT('',#8766);
#3756=VERTEX_POINT('',#8771);
#3757=VERTEX_POINT('',#8776);
#3758=VERTEX_POINT('',#8781);
#3759=VERTEX_POINT('',#8786);
#3760=VERTEX_POINT('',#8791);
#3761=VERTEX_POINT('',#8793);
#3762=VERTEX_POINT('',#8795);
#3763=VERTEX_POINT('',#8801);
#3764=VERTEX_POINT('',#8806);
#3765=VERTEX_POINT('',#8808);
#3766=VERTEX_POINT('',#8813);
#3767=VERTEX_POINT('',#8823);
#3768=VERTEX_POINT('',#8824);
#3769=VERTEX_POINT('',#8829);
#3770=VERTEX_POINT('',#8834);
#3771=VERTEX_POINT('',#8840);
#3772=VERTEX_POINT('',#8847);
#3773=VERTEX_POINT('',#8848);
#3774=VERTEX_POINT('',#8850);
#3775=VERTEX_POINT('',#8852);
#3776=VERTEX_POINT('',#8858);
#3777=VERTEX_POINT('',#8859);
#3778=VERTEX_POINT('',#8864);
#3779=VERTEX_POINT('',#8869);
#3780=VERTEX_POINT('',#8874);
#3781=VERTEX_POINT('',#8879);
#3782=VERTEX_POINT('',#8884);
#3783=VERTEX_POINT('',#8889);
#3784=VERTEX_POINT('',#8895);
#3785=VERTEX_POINT('',#8896);
#3786=VERTEX_POINT('',#8898);
#3787=VERTEX_POINT('',#8900);
#3788=VERTEX_POINT('',#8902);
#3789=VERTEX_POINT('',#8904);
#3790=VERTEX_POINT('',#8906);
#3791=VERTEX_POINT('',#8908);
#3792=VERTEX_POINT('',#8910);
#3793=VERTEX_POINT('',#8915);
#3794=VERTEX_POINT('',#8918);
#3795=VERTEX_POINT('',#8919);
#3796=VERTEX_POINT('',#8924);
#3797=VERTEX_POINT('',#8929);
#3798=VERTEX_POINT('',#8934);
#3799=VERTEX_POINT('',#8939);
#3800=VERTEX_POINT('',#8944);
#3801=VERTEX_POINT('',#8946);
#3802=VERTEX_POINT('',#8951);
#3803=VERTEX_POINT('',#8956);
#3804=VERTEX_POINT('',#8961);
#3805=VERTEX_POINT('',#8966);
#3806=VERTEX_POINT('',#8971);
#3807=VERTEX_POINT('',#8973);
#3808=VERTEX_POINT('',#8978);
#3809=VERTEX_POINT('',#8983);
#3810=VERTEX_POINT('',#8988);
#3811=VERTEX_POINT('',#8993);
#3812=VERTEX_POINT('',#8998);
#3813=VERTEX_POINT('',#9003);
#3814=VERTEX_POINT('',#9005);
#3815=VERTEX_POINT('',#9007);
#3816=VERTEX_POINT('',#9009);
#3817=VERTEX_POINT('',#9014);
#3818=VERTEX_POINT('',#9019);
#3819=VERTEX_POINT('',#9025);
#3820=VERTEX_POINT('',#9030);
#3821=VERTEX_POINT('',#9036);
#3822=VERTEX_POINT('',#9037);
#3823=VERTEX_POINT('',#9039);
#3824=VERTEX_POINT('',#9041);
#3825=VERTEX_POINT('',#9043);
#3826=VERTEX_POINT('',#9045);
#3827=VERTEX_POINT('',#9047);
#3828=VERTEX_POINT('',#9053);
#3829=VERTEX_POINT('',#9054);
#3830=VERTEX_POINT('',#9056);
#3831=VERTEX_POINT('',#9058);
#3832=VERTEX_POINT('',#9060);
#3833=VERTEX_POINT('',#9062);
#3834=VERTEX_POINT('',#9064);
#3835=VERTEX_POINT('',#9069);
#3836=VERTEX_POINT('',#9071);
#3837=VERTEX_POINT('',#9073);
#3838=VERTEX_POINT('',#9075);
#3839=VERTEX_POINT('',#9077);
#3840=VERTEX_POINT('',#9079);
#3841=VERTEX_POINT('',#9081);
#3842=VERTEX_POINT('',#9083);
#3843=VERTEX_POINT('',#9085);
#3844=VERTEX_POINT('',#9087);
#3845=VERTEX_POINT('',#9089);
#3846=VERTEX_POINT('',#9091);
#3847=VERTEX_POINT('',#9097);
#3848=VERTEX_POINT('',#9098);
#3849=VERTEX_POINT('',#9100);
#3850=VERTEX_POINT('',#9102);
#3851=VERTEX_POINT('',#9104);
#3852=VERTEX_POINT('',#9106);
#3853=VERTEX_POINT('',#9108);
#3854=VERTEX_POINT('',#9110);
#3855=VERTEX_POINT('',#9112);
#3856=VERTEX_POINT('',#9117);
#3857=VERTEX_POINT('',#9123);
#3858=VERTEX_POINT('',#9124);
#3859=VERTEX_POINT('',#9129);
#3860=VERTEX_POINT('',#9134);
#3861=VERTEX_POINT('',#9139);
#3862=VERTEX_POINT('',#9144);
#3863=VERTEX_POINT('',#9149);
#3864=VERTEX_POINT('',#9154);
#3865=VERTEX_POINT('',#9161);
#3866=VERTEX_POINT('',#9162);
#3867=VERTEX_POINT('',#9164);
#3868=VERTEX_POINT('',#9168);
#3869=VERTEX_POINT('',#9169);
#3870=VERTEX_POINT('',#9171);
#3871=VERTEX_POINT('',#9173);
#3872=VERTEX_POINT('',#9175);
#3873=VERTEX_POINT('',#9179);
#3874=VERTEX_POINT('',#9181);
#3875=VERTEX_POINT('',#9185);
#3876=VERTEX_POINT('',#9186);
#3877=VERTEX_POINT('',#9188);
#3878=VERTEX_POINT('',#9190);
#3879=VERTEX_POINT('',#9193);
#3880=VERTEX_POINT('',#9195);
#3881=VERTEX_POINT('',#9198);
#3882=VERTEX_POINT('',#9199);
#3883=VERTEX_POINT('',#9201);
#3884=VERTEX_POINT('',#9203);
#3885=VERTEX_POINT('',#9209);
#3886=VERTEX_POINT('',#9212);
#3887=VERTEX_POINT('',#9218);
#3888=VERTEX_POINT('',#9219);
#3889=VERTEX_POINT('',#9221);
#3890=VERTEX_POINT('',#9223);
#3891=VERTEX_POINT('',#9226);
#3892=VERTEX_POINT('',#9229);
#3893=VERTEX_POINT('',#9231);
#3894=VERTEX_POINT('',#9232);
#3895=VERTEX_POINT('',#9234);
#3896=VERTEX_POINT('',#9236);
#3897=VERTEX_POINT('',#9240);
#3898=VERTEX_POINT('',#9242);
#3899=VERTEX_POINT('',#9246);
#3900=VERTEX_POINT('',#9247);
#3901=VERTEX_POINT('',#9249);
#3902=VERTEX_POINT('',#9251);
#3903=VERTEX_POINT('',#9256);
#3904=VERTEX_POINT('',#9258);
#3905=VERTEX_POINT('',#9403);
#3906=VERTEX_POINT('',#9404);
#3907=VERTEX_POINT('',#9406);
#3908=VERTEX_POINT('',#9408);
#3909=VERTEX_POINT('',#9410);
#3910=VERTEX_POINT('',#9412);
#3911=VERTEX_POINT('',#9414);
#3912=VERTEX_POINT('',#9416);
#3913=VERTEX_POINT('',#9418);
#3914=VERTEX_POINT('',#9420);
#3915=VERTEX_POINT('',#9422);
#3916=VERTEX_POINT('',#9424);
#3917=VERTEX_POINT('',#9452);
#3918=VERTEX_POINT('',#9453);
#3919=VERTEX_POINT('',#9455);
#3920=VERTEX_POINT('',#9460);
#3921=VERTEX_POINT('',#9462);
#3922=VERTEX_POINT('',#9464);
#3923=VERTEX_POINT('',#9466);
#3924=VERTEX_POINT('',#9468);
#3925=VERTEX_POINT('',#9470);
#3926=VERTEX_POINT('',#9472);
#3927=VERTEX_POINT('',#9499);
#3928=VERTEX_POINT('',#9500);
#3929=VERTEX_POINT('',#9505);
#3930=VERTEX_POINT('',#9510);
#3931=VERTEX_POINT('',#9515);
#3932=VERTEX_POINT('',#9520);
#3933=VERTEX_POINT('',#9525);
#3934=VERTEX_POINT('',#9527);
#3935=VERTEX_POINT('',#9532);
#3936=VERTEX_POINT('',#9537);
#3937=VERTEX_POINT('',#9542);
#3938=VERTEX_POINT('',#9547);
#3939=VERTEX_POINT('',#9552);
#3940=VERTEX_POINT('',#9557);
#3941=VERTEX_POINT('',#9562);
#3942=VERTEX_POINT('',#9567);
#3943=VERTEX_POINT('',#9572);
#3944=VERTEX_POINT('',#9577);
#3945=VERTEX_POINT('',#9582);
#3946=VERTEX_POINT('',#9587);
#3947=VERTEX_POINT('',#9592);
#3948=VERTEX_POINT('',#9597);
#3949=VERTEX_POINT('',#9599);
#3950=VERTEX_POINT('',#9604);
#3951=VERTEX_POINT('',#9609);
#3952=VERTEX_POINT('',#9614);
#3953=VERTEX_POINT('',#9619);
#3954=VERTEX_POINT('',#9624);
#3955=VERTEX_POINT('',#9799);
#3956=VERTEX_POINT('',#9800);
#3957=VERTEX_POINT('',#9802);
#3958=VERTEX_POINT('',#9804);
#3959=VERTEX_POINT('',#9806);
#3960=VERTEX_POINT('',#9808);
#3961=VERTEX_POINT('',#9810);
#3962=VERTEX_POINT('',#9812);
#3963=VERTEX_POINT('',#9814);
#3964=VERTEX_POINT('',#9816);
#3965=VERTEX_POINT('',#9818);
#3966=VERTEX_POINT('',#9823);
#3967=VERTEX_POINT('',#9828);
#3968=VERTEX_POINT('',#9833);
#3969=VERTEX_POINT('',#9835);
#3970=VERTEX_POINT('',#9840);
#3971=VERTEX_POINT('',#9845);
#3972=VERTEX_POINT('',#9850);
#3973=VERTEX_POINT('',#9932);
#3974=VERTEX_POINT('',#9933);
#3975=VERTEX_POINT('',#9935);
#3976=VERTEX_POINT('',#9937);
#3977=VERTEX_POINT('',#9952);
#3978=VERTEX_POINT('',#9953);
#3979=VERTEX_POINT('',#9958);
#3980=VERTEX_POINT('',#9960);
#3981=VERTEX_POINT('',#9965);
#3982=VERTEX_POINT('',#9971);
#3983=VERTEX_POINT('',#9973);
#3984=VERTEX_POINT('',#9975);
#3985=VERTEX_POINT('',#9980);
#3986=VERTEX_POINT('',#9985);
#3987=VERTEX_POINT('',#9990);
#3988=VERTEX_POINT('',#9995);
#3989=VERTEX_POINT('',#10000);
#3990=VERTEX_POINT('',#10005);
#3991=VERTEX_POINT('',#10007);
#3992=VERTEX_POINT('',#10009);
#3993=VERTEX_POINT('',#10011);
#3994=VERTEX_POINT('',#10013);
#3995=VERTEX_POINT('',#10023);
#3996=VERTEX_POINT('',#10024);
#3997=VERTEX_POINT('',#10029);
#3998=VERTEX_POINT('',#10034);
#3999=VERTEX_POINT('',#10036);
#4000=VERTEX_POINT('',#10038);
#4001=VERTEX_POINT('',#10043);
#4002=VERTEX_POINT('',#10173);
#4003=VERTEX_POINT('',#10174);
#4004=VERTEX_POINT('',#10190);
#4005=VERTEX_POINT('',#10204);
#4006=VERTEX_POINT('',#10218);
#4007=VERTEX_POINT('',#10222);
#4008=VERTEX_POINT('',#10226);
#4009=VERTEX_POINT('',#10246);
#4010=VERTEX_POINT('',#10247);
#4011=VERTEX_POINT('',#10253);
#4012=VERTEX_POINT('',#10259);
#4013=VERTEX_POINT('',#10264);
#4014=VERTEX_POINT('',#10316);
#4015=VERTEX_POINT('',#10317);
#4016=VERTEX_POINT('',#10319);
#4017=VERTEX_POINT('',#10321);
#4018=VERTEX_POINT('',#10336);
#4019=VERTEX_POINT('',#10337);
#4020=VERTEX_POINT('',#10342);
#4021=VERTEX_POINT('',#10347);
#4022=VERTEX_POINT('',#10352);
#4023=VERTEX_POINT('',#10357);
#4024=VERTEX_POINT('',#10362);
#4025=VERTEX_POINT('',#10367);
#4026=VERTEX_POINT('',#10446);
#4027=VERTEX_POINT('',#10447);
#4028=VERTEX_POINT('',#10449);
#4029=VERTEX_POINT('',#10454);
#4030=VERTEX_POINT('',#10456);
#4031=VERTEX_POINT('',#10458);
#4032=VERTEX_POINT('',#10460);
#4033=VERTEX_POINT('',#10462);
#4034=VERTEX_POINT('',#10464);
#4035=VERTEX_POINT('',#10466);
#4036=VERTEX_POINT('',#10490);
#4037=VERTEX_POINT('',#10491);
#4038=VERTEX_POINT('',#10496);
#4039=VERTEX_POINT('',#10501);
#4040=VERTEX_POINT('',#10507);
#4041=VERTEX_POINT('',#10512);
#4042=VERTEX_POINT('',#10517);
#4043=VERTEX_POINT('',#10519);
#4044=VERTEX_POINT('',#10521);
#4045=VERTEX_POINT('',#10523);
#4046=VERTEX_POINT('',#10528);
#4047=VERTEX_POINT('',#10533);
#4048=VERTEX_POINT('',#10538);
#4049=VERTEX_POINT('',#10543);
#4050=VERTEX_POINT('',#10548);
#4051=VERTEX_POINT('',#10553);
#4052=VERTEX_POINT('',#10555);
#4053=VERTEX_POINT('',#10560);
#4054=VERTEX_POINT('',#10565);
#4055=VERTEX_POINT('',#10570);
#4056=VERTEX_POINT('',#10575);
#4057=VERTEX_POINT('',#10580);
#4058=VERTEX_POINT('',#10582);
#4059=VERTEX_POINT('',#10587);
#4060=VERTEX_POINT('',#10592);
#4061=VERTEX_POINT('',#10597);
#4062=VERTEX_POINT('',#10602);
#4063=VERTEX_POINT('',#10789);
#4064=VERTEX_POINT('',#10790);
#4065=VERTEX_POINT('',#10792);
#4066=VERTEX_POINT('',#10794);
#4067=VERTEX_POINT('',#10796);
#4068=VERTEX_POINT('',#10798);
#4069=VERTEX_POINT('',#10800);
#4070=VERTEX_POINT('',#10821);
#4071=VERTEX_POINT('',#10822);
#4072=VERTEX_POINT('',#10827);
#4073=VERTEX_POINT('',#10829);
#4074=VERTEX_POINT('',#10831);
#4075=VERTEX_POINT('',#10833);
#4076=VERTEX_POINT('',#10835);
#4077=VERTEX_POINT('',#10837);
#4078=VERTEX_POINT('',#10839);
#4079=VERTEX_POINT('',#10841);
#4080=VERTEX_POINT('',#10843);
#4081=VERTEX_POINT('',#10845);
#4082=VERTEX_POINT('',#10847);
#4083=VERTEX_POINT('',#10849);
#4084=VERTEX_POINT('',#10854);
#4085=VERTEX_POINT('',#10856);
#4086=VERTEX_POINT('',#10858);
#4087=VERTEX_POINT('',#10860);
#4088=VERTEX_POINT('',#10862);
#4089=VERTEX_POINT('',#10911);
#4090=VERTEX_POINT('',#10912);
#4091=VERTEX_POINT('',#10914);
#4092=VERTEX_POINT('',#10919);
#4093=VERTEX_POINT('',#10921);
#4094=VERTEX_POINT('',#10923);
#4095=VERTEX_POINT('',#10925);
#4096=VERTEX_POINT('',#10927);
#4097=VERTEX_POINT('',#10929);
#4098=VERTEX_POINT('',#10931);
#4099=VERTEX_POINT('',#10958);
#4100=VERTEX_POINT('',#10959);
#4101=VERTEX_POINT('',#10964);
#4102=VERTEX_POINT('',#10969);
#4103=VERTEX_POINT('',#10974);
#4104=VERTEX_POINT('',#10979);
#4105=VERTEX_POINT('',#10984);
#4106=VERTEX_POINT('',#10989);
#4107=VERTEX_POINT('',#11072);
#4108=VERTEX_POINT('',#11073);
#4109=VERTEX_POINT('',#11078);
#4110=VERTEX_POINT('',#11084);
#4111=VERTEX_POINT('',#11090);
#4112=VERTEX_POINT('',#11096);
#4113=VERTEX_POINT('',#11101);
#4114=VERTEX_POINT('',#11107);
#4115=VERTEX_POINT('',#11117);
#4116=VERTEX_POINT('',#11118);
#4117=VERTEX_POINT('',#11123);
#4118=VERTEX_POINT('',#11129);
#4119=VERTEX_POINT('',#11135);
#4120=VERTEX_POINT('',#11140);
#4121=VERTEX_POINT('',#11145);
#4122=VERTEX_POINT('',#11151);
#4123=VERTEX_POINT('',#11242);
#4124=VERTEX_POINT('',#11243);
#4125=VERTEX_POINT('',#11258);
#4126=VERTEX_POINT('',#11272);
#4127=VERTEX_POINT('',#11287);
#4128=VERTEX_POINT('',#11302);
#4129=VERTEX_POINT('',#11316);
#4130=VERTEX_POINT('',#11330);
#4131=VERTEX_POINT('',#11350);
#4132=VERTEX_POINT('',#11351);
#4133=VERTEX_POINT('',#11356);
#4134=VERTEX_POINT('',#11358);
#4135=VERTEX_POINT('',#11360);
#4136=VERTEX_POINT('',#11362);
#4137=VERTEX_POINT('',#11367);
#4138=VERTEX_POINT('',#11372);
#4139=VERTEX_POINT('',#11377);
#4140=VERTEX_POINT('',#11382);
#4141=VERTEX_POINT('',#11384);
#4142=VERTEX_POINT('',#11390);
#4143=VERTEX_POINT('',#11395);
#4144=VERTEX_POINT('',#11400);
#4145=VERTEX_POINT('',#11402);
#4146=VERTEX_POINT('',#11404);
#4147=VERTEX_POINT('',#11406);
#4148=VERTEX_POINT('',#11408);
#4149=VERTEX_POINT('',#11410);
#4150=VERTEX_POINT('',#11412);
#4151=VERTEX_POINT('',#11417);
#4152=VERTEX_POINT('',#11422);
#4153=VERTEX_POINT('',#11427);
#4154=VERTEX_POINT('',#11432);
#4155=VERTEX_POINT('',#11434);
#4156=VERTEX_POINT('',#11436);
#4157=VERTEX_POINT('',#11438);
#4158=VERTEX_POINT('',#11443);
#4159=VERTEX_POINT('',#11593);
#4160=VERTEX_POINT('',#11594);
#4161=VERTEX_POINT('',#11599);
#4162=VERTEX_POINT('',#11604);
#4163=VERTEX_POINT('',#11606);
#4164=VERTEX_POINT('',#11608);
#4165=VERTEX_POINT('',#11610);
#4166=VERTEX_POINT('',#11619);
#4167=VERTEX_POINT('',#11620);
#4168=VERTEX_POINT('',#11625);
#4169=VERTEX_POINT('',#11630);
#4170=VERTEX_POINT('',#11635);
#4171=VERTEX_POINT('',#11640);
#4172=VERTEX_POINT('',#11642);
#4173=VERTEX_POINT('',#11644);
#4174=VERTEX_POINT('',#11646);
#4175=VERTEX_POINT('',#11648);
#4176=VERTEX_POINT('',#11650);
#4177=VERTEX_POINT('',#11652);
#4178=VERTEX_POINT('',#11656);
#4179=VERTEX_POINT('',#11657);
#4180=VERTEX_POINT('',#11662);
#4181=VERTEX_POINT('',#11666);
#4182=VERTEX_POINT('',#11680);
#4183=VERTEX_POINT('',#11694);
#4184=VERTEX_POINT('',#11708);
#4185=VERTEX_POINT('',#11773);
#4186=VERTEX_POINT('',#11774);
#4187=VERTEX_POINT('',#11779);
#4188=VERTEX_POINT('',#11784);
#4189=VERTEX_POINT('',#11786);
#4190=VERTEX_POINT('',#11788);
#4191=VERTEX_POINT('',#11790);
#4192=VERTEX_POINT('',#11796);
#4193=VERTEX_POINT('',#11797);
#4194=VERTEX_POINT('',#11799);
#4195=VERTEX_POINT('',#11801);
#4196=VERTEX_POINT('',#11803);
#4197=VERTEX_POINT('',#11808);
#4198=VERTEX_POINT('',#11813);
#4199=VERTEX_POINT('',#11818);
#4200=VERTEX_POINT('',#11823);
#4201=VERTEX_POINT('',#11827);
#4202=VERTEX_POINT('',#11828);
#4203=VERTEX_POINT('',#11833);
#4204=VERTEX_POINT('',#11837);
#4205=VERTEX_POINT('',#11851);
#4206=VERTEX_POINT('',#11865);
#4207=VERTEX_POINT('',#11879);
#4208=VERTEX_POINT('',#11942);
#4209=VERTEX_POINT('',#11943);
#4210=VERTEX_POINT('',#11945);
#4211=VERTEX_POINT('',#11950);
#4212=VERTEX_POINT('',#11952);
#4213=VERTEX_POINT('',#11954);
#4214=VERTEX_POINT('',#11956);
#4215=VERTEX_POINT('',#11958);
#4216=VERTEX_POINT('',#11960);
#4217=VERTEX_POINT('',#11962);
#4218=LINE('',#8205,#4632);
#4219=LINE('',#8208,#4633);
#4220=LINE('',#8210,#4634);
#4221=LINE('',#8212,#4635);
#4222=LINE('',#8220,#4636);
#4223=LINE('',#8224,#4637);
#4224=LINE('',#8226,#4638);
#4225=LINE('',#8230,#4639);
#4226=LINE('',#8232,#4640);
#4227=LINE('',#8237,#4641);
#4228=LINE('',#8256,#4642);
#4229=LINE('',#8260,#4643);
#4230=LINE('',#8272,#4644);
#4231=LINE('',#8299,#4645);
#4232=LINE('',#8314,#4646);
#4233=LINE('',#8318,#4647);
#4234=LINE('',#8357,#4648);
#4235=LINE('',#8361,#4649);
#4236=LINE('',#8383,#4650);
#4237=LINE('',#8387,#4651);
#4238=LINE('',#8433,#4652);
#4239=LINE('',#8437,#4653);
#4240=LINE('',#8492,#4654);
#4241=LINE('',#8496,#4655);
#4242=LINE('',#8500,#4656);
#4243=LINE('',#8517,#4657);
#4244=LINE('',#8534,#4658);
#4245=LINE('',#8538,#4659);
#4246=LINE('',#8546,#4660);
#4247=LINE('',#8550,#4661);
#4248=LINE('',#8587,#4662);
#4249=LINE('',#8692,#4663);
#4250=LINE('',#8696,#4664);
#4251=LINE('',#8735,#4665);
#4252=LINE('',#8743,#4666);
#4253=LINE('',#8747,#4667);
#4254=LINE('',#8754,#4668);
#4255=LINE('',#8794,#4669);
#4256=LINE('',#8849,#4670);
#4257=LINE('',#8853,#4671);
#4258=LINE('',#8901,#4672);
#4259=LINE('',#8905,#4673);
#4260=LINE('',#8945,#4674);
#4261=LINE('',#8972,#4675);
#4262=LINE('',#9006,#4676);
#4263=LINE('',#9038,#4677);
#4264=LINE('',#9048,#4678);
#4265=LINE('',#9070,#4679);
#4266=LINE('',#9074,#4680);
#4267=LINE('',#9086,#4681);
#4268=LINE('',#9090,#4682);
#4269=LINE('',#9103,#4683);
#4270=LINE('',#9107,#4684);
#4271=LINE('',#9160,#4685);
#4272=LINE('',#9163,#4686);
#4273=LINE('',#9170,#4687);
#4274=LINE('',#9172,#4688);
#4275=LINE('',#9174,#4689);
#4276=LINE('',#9178,#4690);
#4277=LINE('',#9182,#4691);
#4278=LINE('',#9184,#4692);
#4279=LINE('',#9187,#4693);
#4280=LINE('',#9189,#4694);
#4281=LINE('',#9191,#4695);
#4282=LINE('',#9197,#4696);
#4283=LINE('',#9200,#4697);
#4284=LINE('',#9202,#4698);
#4285=LINE('',#9204,#4699);
#4286=LINE('',#9207,#4700);
#4287=LINE('',#9214,#4701);
#4288=LINE('',#9217,#4702);
#4289=LINE('',#9220,#4703);
#4290=LINE('',#9222,#4704);
#4291=LINE('',#9230,#4705);
#4292=LINE('',#9233,#4706);
#4293=LINE('',#9235,#4707);
#4294=LINE('',#9239,#4708);
#4295=LINE('',#9245,#4709);
#4296=LINE('',#9248,#4710);
#4297=LINE('',#9250,#4711);
#4298=LINE('',#9252,#4712);
#4299=LINE('',#9255,#4713);
#4300=LINE('',#9257,#4714);
#4301=LINE('',#9259,#4715);
#4302=LINE('',#9427,#4716);
#4303=LINE('',#9428,#4717);
#4304=LINE('',#9430,#4718);
#4305=LINE('',#9432,#4719);
#4306=LINE('',#9434,#4720);
#4307=LINE('',#9436,#4721);
#4308=LINE('',#9438,#4722);
#4309=LINE('',#9440,#4723);
#4310=LINE('',#9442,#4724);
#4311=LINE('',#9444,#4725);
#4312=LINE('',#9446,#4726);
#4313=LINE('',#9448,#4727);
#4314=LINE('',#9465,#4728);
#4315=LINE('',#9469,#4729);
#4316=LINE('',#9475,#4730);
#4317=LINE('',#9476,#4731);
#4318=LINE('',#9478,#4732);
#4319=LINE('',#9480,#4733);
#4320=LINE('',#9482,#4734);
#4321=LINE('',#9484,#4735);
#4322=LINE('',#9486,#4736);
#4323=LINE('',#9488,#4737);
#4324=LINE('',#9490,#4738);
#4325=LINE('',#9492,#4739);
#4326=LINE('',#9598,#4740);
#4327=LINE('',#9637,#4741);
#4328=LINE('',#9638,#4742);
#4329=LINE('',#9640,#4743);
#4330=LINE('',#9642,#4744);
#4331=LINE('',#9644,#4745);
#4332=LINE('',#9653,#4746);
#4333=LINE('',#9655,#4747);
#4334=LINE('',#9664,#4748);
#4335=LINE('',#9666,#4749);
#4336=LINE('',#9668,#4750);
#4337=LINE('',#9670,#4751);
#4338=LINE('',#9679,#4752);
#4339=LINE('',#9688,#4753);
#4340=LINE('',#9697,#4754);
#4341=LINE('',#9699,#4755);
#4342=LINE('',#9708,#4756);
#4343=LINE('',#9717,#4757);
#4344=LINE('',#9719,#4758);
#4345=LINE('',#9721,#4759);
#4346=LINE('',#9730,#4760);
#4347=LINE('',#9739,#4761);
#4348=LINE('',#9741,#4762);
#4349=LINE('',#9750,#4763);
#4350=LINE('',#9752,#4764);
#4351=LINE('',#9761,#4765);
#4352=LINE('',#9770,#4766);
#4353=LINE('',#9779,#4767);
#4354=LINE('',#9788,#4768);
#4355=LINE('',#9801,#4769);
#4356=LINE('',#9805,#4770);
#4357=LINE('',#9813,#4771);
#4358=LINE('',#9817,#4772);
#4359=LINE('',#9834,#4773);
#4360=LINE('',#9851,#4774);
#4361=LINE('',#9853,#4775);
#4362=LINE('',#9854,#4776);
#4363=LINE('',#9856,#4777);
#4364=LINE('',#9858,#4778);
#4365=LINE('',#9860,#4779);
#4366=LINE('',#9862,#4780);
#4367=LINE('',#9864,#4781);
#4368=LINE('',#9866,#4782);
#4369=LINE('',#9868,#4783);
#4370=LINE('',#9870,#4784);
#4371=LINE('',#9872,#4785);
#4372=LINE('',#9874,#4786);
#4373=LINE('',#9883,#4787);
#4374=LINE('',#9892,#4788);
#4375=LINE('',#9901,#4789);
#4376=LINE('',#9903,#4790);
#4377=LINE('',#9912,#4791);
#4378=LINE('',#9921,#4792);
#4379=LINE('',#9934,#4793);
#4380=LINE('',#9938,#4794);
#4381=LINE('',#9940,#4795);
#4382=LINE('',#9941,#4796);
#4383=LINE('',#9943,#4797);
#4384=LINE('',#9945,#4798);
#4385=LINE('',#9972,#4799);
#4386=LINE('',#10012,#4800);
#4387=LINE('',#10037,#4801);
#4388=LINE('',#10049,#4802);
#4389=LINE('',#10050,#4803);
#4390=LINE('',#10052,#4804);
#4391=LINE('',#10054,#4805);
#4392=LINE('',#10056,#4806);
#4393=LINE('',#10065,#4807);
#4394=LINE('',#10074,#4808);
#4395=LINE('',#10083,#4809);
#4396=LINE('',#10092,#4810);
#4397=LINE('',#10101,#4811);
#4398=LINE('',#10110,#4812);
#4399=LINE('',#10112,#4813);
#4400=LINE('',#10114,#4814);
#4401=LINE('',#10123,#4815);
#4402=LINE('',#10132,#4816);
#4403=LINE('',#10134,#4817);
#4404=LINE('',#10143,#4818);
#4405=LINE('',#10152,#4819);
#4406=LINE('',#10175,#4820);
#4407=LINE('',#10176,#4821);
#4408=LINE('',#10191,#4822);
#4409=LINE('',#10205,#4823);
#4410=LINE('',#10219,#4824);
#4411=LINE('',#10223,#4825);
#4412=LINE('',#10225,#4826);
#4413=LINE('',#10227,#4827);
#4414=LINE('',#10277,#4828);
#4415=LINE('',#10278,#4829);
#4416=LINE('',#10287,#4830);
#4417=LINE('',#10296,#4831);
#4418=LINE('',#10305,#4832);
#4419=LINE('',#10318,#4833);
#4420=LINE('',#10322,#4834);
#4421=LINE('',#10324,#4835);
#4422=LINE('',#10325,#4836);
#4423=LINE('',#10327,#4837);
#4424=LINE('',#10329,#4838);
#4425=LINE('',#10380,#4839);
#4426=LINE('',#10381,#4840);
#4427=LINE('',#10390,#4841);
#4428=LINE('',#10399,#4842);
#4429=LINE('',#10408,#4843);
#4430=LINE('',#10417,#4844);
#4431=LINE('',#10426,#4845);
#4432=LINE('',#10435,#4846);
#4433=LINE('',#10459,#4847);
#4434=LINE('',#10463,#4848);
#4435=LINE('',#10469,#4849);
#4436=LINE('',#10470,#4850);
#4437=LINE('',#10472,#4851);
#4438=LINE('',#10474,#4852);
#4439=LINE('',#10476,#4853);
#4440=LINE('',#10478,#4854);
#4441=LINE('',#10480,#4855);
#4442=LINE('',#10482,#4856);
#4443=LINE('',#10484,#4857);
#4444=LINE('',#10486,#4858);
#4445=LINE('',#10520,#4859);
#4446=LINE('',#10554,#4860);
#4447=LINE('',#10581,#4861);
#4448=LINE('',#10615,#4862);
#4449=LINE('',#10616,#4863);
#4450=LINE('',#10618,#4864);
#4451=LINE('',#10627,#4865);
#4452=LINE('',#10629,#4866);
#4453=LINE('',#10638,#4867);
#4454=LINE('',#10647,#4868);
#4455=LINE('',#10656,#4869);
#4456=LINE('',#10658,#4870);
#4457=LINE('',#10660,#4871);
#4458=LINE('',#10662,#4872);
#4459=LINE('',#10671,#4873);
#4460=LINE('',#10680,#4874);
#4461=LINE('',#10689,#4875);
#4462=LINE('',#10698,#4876);
#4463=LINE('',#10700,#4877);
#4464=LINE('',#10702,#4878);
#4465=LINE('',#10704,#4879);
#4466=LINE('',#10713,#4880);
#4467=LINE('',#10722,#4881);
#4468=LINE('',#10731,#4882);
#4469=LINE('',#10740,#4883);
#4470=LINE('',#10749,#4884);
#4471=LINE('',#10751,#4885);
#4472=LINE('',#10760,#4886);
#4473=LINE('',#10769,#4887);
#4474=LINE('',#10778,#4888);
#4475=LINE('',#10791,#4889);
#4476=LINE('',#10801,#4890);
#4477=LINE('',#10803,#4891);
#4478=LINE('',#10804,#4892);
#4479=LINE('',#10806,#4893);
#4480=LINE('',#10808,#4894);
#4481=LINE('',#10810,#4895);
#4482=LINE('',#10812,#4896);
#4483=LINE('',#10814,#4897);
#4484=LINE('',#10828,#4898);
#4485=LINE('',#10832,#4899);
#4486=LINE('',#10844,#4900);
#4487=LINE('',#10848,#4901);
#4488=LINE('',#10865,#4902);
#4489=LINE('',#10866,#4903);
#4490=LINE('',#10868,#4904);
#4491=LINE('',#10870,#4905);
#4492=LINE('',#10872,#4906);
#4493=LINE('',#10874,#4907);
#4494=LINE('',#10876,#4908);
#4495=LINE('',#10878,#4909);
#4496=LINE('',#10880,#4910);
#4497=LINE('',#10882,#4911);
#4498=LINE('',#10884,#4912);
#4499=LINE('',#10886,#4913);
#4500=LINE('',#10888,#4914);
#4501=LINE('',#10890,#4915);
#4502=LINE('',#10892,#4916);
#4503=LINE('',#10901,#4917);
#4504=LINE('',#10903,#4918);
#4505=LINE('',#10905,#4919);
#4506=LINE('',#10907,#4920);
#4507=LINE('',#10924,#4921);
#4508=LINE('',#10928,#4922);
#4509=LINE('',#10934,#4923);
#4510=LINE('',#10935,#4924);
#4511=LINE('',#10937,#4925);
#4512=LINE('',#10939,#4926);
#4513=LINE('',#10941,#4927);
#4514=LINE('',#10943,#4928);
#4515=LINE('',#10945,#4929);
#4516=LINE('',#10947,#4930);
#4517=LINE('',#10949,#4931);
#4518=LINE('',#10951,#4932);
#4519=LINE('',#11002,#4933);
#4520=LINE('',#11003,#4934);
#4521=LINE('',#11012,#4935);
#4522=LINE('',#11021,#4936);
#4523=LINE('',#11030,#4937);
#4524=LINE('',#11039,#4938);
#4525=LINE('',#11048,#4939);
#4526=LINE('',#11057,#4940);
#4527=LINE('',#11165,#4941);
#4528=LINE('',#11166,#4942);
#4529=LINE('',#11175,#4943);
#4530=LINE('',#11184,#4944);
#4531=LINE('',#11193,#4945);
#4532=LINE('',#11202,#4946);
#4533=LINE('',#11211,#4947);
#4534=LINE('',#11220,#4948);
#4535=LINE('',#11244,#4949);
#4536=LINE('',#11245,#4950);
#4537=LINE('',#11259,#4951);
#4538=LINE('',#11273,#4952);
#4539=LINE('',#11288,#4953);
#4540=LINE('',#11303,#4954);
#4541=LINE('',#11317,#4955);
#4542=LINE('',#11331,#4956);
#4543=LINE('',#11357,#4957);
#4544=LINE('',#11361,#4958);
#4545=LINE('',#11407,#4959);
#4546=LINE('',#11411,#4960);
#4547=LINE('',#11433,#4961);
#4548=LINE('',#11437,#4962);
#4549=LINE('',#11456,#4963);
#4550=LINE('',#11457,#4964);
#4551=LINE('',#11466,#4965);
#4552=LINE('',#11475,#4966);
#4553=LINE('',#11477,#4967);
#4554=LINE('',#11479,#4968);
#4555=LINE('',#11481,#4969);
#4556=LINE('',#11490,#4970);
#4557=LINE('',#11499,#4971);
#4558=LINE('',#11501,#4972);
#4559=LINE('',#11503,#4973);
#4560=LINE('',#11505,#4974);
#4561=LINE('',#11514,#4975);
#4562=LINE('',#11523,#4976);
#4563=LINE('',#11525,#4977);
#4564=LINE('',#11527,#4978);
#4565=LINE('',#11529,#4979);
#4566=LINE('',#11531,#4980);
#4567=LINE('',#11533,#4981);
#4568=LINE('',#11535,#4982);
#4569=LINE('',#11537,#4983);
#4570=LINE('',#11546,#4984);
#4571=LINE('',#11555,#4985);
#4572=LINE('',#11564,#4986);
#4573=LINE('',#11573,#4987);
#4574=LINE('',#11575,#4988);
#4575=LINE('',#11577,#4989);
#4576=LINE('',#11579,#4990);
#4577=LINE('',#11607,#4991);
#4578=LINE('',#11643,#4992);
#4579=LINE('',#11647,#4993);
#4580=LINE('',#11658,#4994);
#4581=LINE('',#11659,#4995);
#4582=LINE('',#11661,#4996);
#4583=LINE('',#11663,#4997);
#4584=LINE('',#11667,#4998);
#4585=LINE('',#11681,#4999);
#4586=LINE('',#11695,#5000);
#4587=LINE('',#11709,#5001);
#4588=LINE('',#11723,#5002);
#4589=LINE('',#11724,#5003);
#4590=LINE('',#11726,#5004);
#4591=LINE('',#11735,#5005);
#4592=LINE('',#11737,#5006);
#4593=LINE('',#11746,#5007);
#4594=LINE('',#11755,#5008);
#4595=LINE('',#11757,#5009);
#4596=LINE('',#11759,#5010);
#4597=LINE('',#11761,#5011);
#4598=LINE('',#11763,#5012);
#4599=LINE('',#11765,#5013);
#4600=LINE('',#11787,#5014);
#4601=LINE('',#11795,#5015);
#4602=LINE('',#11800,#5016);
#4603=LINE('',#11829,#5017);
#4604=LINE('',#11830,#5018);
#4605=LINE('',#11832,#5019);
#4606=LINE('',#11834,#5020);
#4607=LINE('',#11838,#5021);
#4608=LINE('',#11852,#5022);
#4609=LINE('',#11866,#5023);
#4610=LINE('',#11880,#5024);
#4611=LINE('',#11894,#5025);
#4612=LINE('',#11895,#5026);
#4613=LINE('',#11897,#5027);
#4614=LINE('',#11899,#5028);
#4615=LINE('',#11901,#5029);
#4616=LINE('',#11903,#5030);
#4617=LINE('',#11912,#5031);
#4618=LINE('',#11921,#5032);
#4619=LINE('',#11930,#5033);
#4620=LINE('',#11955,#5034);
#4621=LINE('',#11959,#5035);
#4622=LINE('',#11965,#5036);
#4623=LINE('',#11966,#5037);
#4624=LINE('',#11968,#5038);
#4625=LINE('',#11970,#5039);
#4626=LINE('',#11972,#5040);
#4627=LINE('',#11974,#5041);
#4628=LINE('',#11976,#5042);
#4629=LINE('',#11978,#5043);
#4630=LINE('',#11980,#5044);
#4631=LINE('',#11982,#5045);
#4632=VECTOR('',#6855,1.);
#4633=VECTOR('',#6856,1.);
#4634=VECTOR('',#6857,1.);
#4635=VECTOR('',#6858,1.);
#4636=VECTOR('',#6867,1.);
#4637=VECTOR('',#6872,1.);
#4638=VECTOR('',#6873,1.);
#4639=VECTOR('',#6878,1.);
#4640=VECTOR('',#6879,1.);
#4641=VECTOR('',#6886,1.);
#4642=VECTOR('',#6911,1.);
#4643=VECTOR('',#6914,1.);
#4644=VECTOR('',#6921,1.);
#4645=VECTOR('',#6926,1.);
#4646=VECTOR('',#6935,1.);
#4647=VECTOR('',#6938,1.);
#4648=VECTOR('',#6941,1.);
#4649=VECTOR('',#6944,1.);
#4650=VECTOR('',#6945,1.);
#4651=VECTOR('',#6948,1.);
#4652=VECTOR('',#6957,1.);
#4653=VECTOR('',#6960,1.);
#4654=VECTOR('',#6963,1.);
#4655=VECTOR('',#6966,1.);
#4656=VECTOR('',#6969,1.);
#4657=VECTOR('',#6970,1.);
#4658=VECTOR('',#6971,1.);
#4659=VECTOR('',#6974,1.);
#4660=VECTOR('',#6981,1.);
#4661=VECTOR('',#6984,1.);
#4662=VECTOR('',#6985,1.);
#4663=VECTOR('',#6994,1.);
#4664=VECTOR('',#6997,1.);
#4665=VECTOR('',#7030,1.);
#4666=VECTOR('',#7031,1.);
#4667=VECTOR('',#7034,1.);
#4668=VECTOR('',#7035,1.);
#4669=VECTOR('',#7044,1.);
#4670=VECTOR('',#7049,1.);
#4671=VECTOR('',#7052,1.);
#4672=VECTOR('',#7059,1.);
#4673=VECTOR('',#7062,1.);
#4674=VECTOR('',#7071,1.);
#4675=VECTOR('',#7072,1.);
#4676=VECTOR('',#7075,1.);
#4677=VECTOR('',#7080,1.);
#4678=VECTOR('',#7089,1.);
#4679=VECTOR('',#7100,1.);
#4680=VECTOR('',#7103,1.);
#4681=VECTOR('',#7114,1.);
#4682=VECTOR('',#7117,1.);
#4683=VECTOR('',#7124,1.);
#4684=VECTOR('',#7127,1.);
#4685=VECTOR('',#7136,1.);
#4686=VECTOR('',#7137,1.);
#4687=VECTOR('',#7144,1.);
#4688=VECTOR('',#7145,1.);
#4689=VECTOR('',#7146,1.);
#4690=VECTOR('',#7151,1.);
#4691=VECTOR('',#7154,1.);
#4692=VECTOR('',#7157,1.);
#4693=VECTOR('',#7158,1.);
#4694=VECTOR('',#7159,1.);
#4695=VECTOR('',#7160,1.);
#4696=VECTOR('',#7167,1.);
#4697=VECTOR('',#7168,1.);
#4698=VECTOR('',#7169,1.);
#4699=VECTOR('',#7170,1.);
#4700=VECTOR('',#7175,1.);
#4701=VECTOR('',#7184,1.);
#4702=VECTOR('',#7189,1.);
#4703=VECTOR('',#7190,1.);
#4704=VECTOR('',#7191,1.);
#4705=VECTOR('',#7200,1.);
#4706=VECTOR('',#7201,1.);
#4707=VECTOR('',#7202,1.);
#4708=VECTOR('',#7207,1.);
#4709=VECTOR('',#7214,1.);
#4710=VECTOR('',#7215,1.);
#4711=VECTOR('',#7216,1.);
#4712=VECTOR('',#7217,1.);
#4713=VECTOR('',#7222,1.);
#4714=VECTOR('',#7223,1.);
#4715=VECTOR('',#7224,1.);
#4716=VECTOR('',#7325,1.);
#4717=VECTOR('',#7326,1.);
#4718=VECTOR('',#7329,1.);
#4719=VECTOR('',#7332,1.);
#4720=VECTOR('',#7335,1.);
#4721=VECTOR('',#7338,1.);
#4722=VECTOR('',#7341,1.);
#4723=VECTOR('',#7344,1.);
#4724=VECTOR('',#7347,1.);
#4725=VECTOR('',#7350,1.);
#4726=VECTOR('',#7353,1.);
#4727=VECTOR('',#7356,1.);
#4728=VECTOR('',#7369,1.);
#4729=VECTOR('',#7372,1.);
#4730=VECTOR('',#7379,1.);
#4731=VECTOR('',#7380,1.);
#4732=VECTOR('',#7383,1.);
#4733=VECTOR('',#7386,1.);
#4734=VECTOR('',#7389,1.);
#4735=VECTOR('',#7392,1.);
#4736=VECTOR('',#7395,1.);
#4737=VECTOR('',#7398,1.);
#4738=VECTOR('',#7401,1.);
#4739=VECTOR('',#7404,1.);
#4740=VECTOR('',#7411,1.);
#4741=VECTOR('',#7412,1.);
#4742=VECTOR('',#7413,1.);
#4743=VECTOR('',#7416,1.);
#4744=VECTOR('',#7419,1.);
#4745=VECTOR('',#7422,1.);
#4746=VECTOR('',#7423,1.);
#4747=VECTOR('',#7426,1.);
#4748=VECTOR('',#7427,1.);
#4749=VECTOR('',#7430,1.);
#4750=VECTOR('',#7433,1.);
#4751=VECTOR('',#7436,1.);
#4752=VECTOR('',#7437,1.);
#4753=VECTOR('',#7438,1.);
#4754=VECTOR('',#7439,1.);
#4755=VECTOR('',#7442,1.);
#4756=VECTOR('',#7443,1.);
#4757=VECTOR('',#7444,1.);
#4758=VECTOR('',#7447,1.);
#4759=VECTOR('',#7450,1.);
#4760=VECTOR('',#7451,1.);
#4761=VECTOR('',#7452,1.);
#4762=VECTOR('',#7455,1.);
#4763=VECTOR('',#7456,1.);
#4764=VECTOR('',#7459,1.);
#4765=VECTOR('',#7460,1.);
#4766=VECTOR('',#7461,1.);
#4767=VECTOR('',#7462,1.);
#4768=VECTOR('',#7463,1.);
#4769=VECTOR('',#7468,1.);
#4770=VECTOR('',#7471,1.);
#4771=VECTOR('',#7478,1.);
#4772=VECTOR('',#7481,1.);
#4773=VECTOR('',#7482,1.);
#4774=VECTOR('',#7483,1.);
#4775=VECTOR('',#7486,1.);
#4776=VECTOR('',#7487,1.);
#4777=VECTOR('',#7490,1.);
#4778=VECTOR('',#7493,1.);
#4779=VECTOR('',#7496,1.);
#4780=VECTOR('',#7499,1.);
#4781=VECTOR('',#7502,1.);
#4782=VECTOR('',#7505,1.);
#4783=VECTOR('',#7508,1.);
#4784=VECTOR('',#7511,1.);
#4785=VECTOR('',#7514,1.);
#4786=VECTOR('',#7517,1.);
#4787=VECTOR('',#7518,1.);
#4788=VECTOR('',#7519,1.);
#4789=VECTOR('',#7520,1.);
#4790=VECTOR('',#7523,1.);
#4791=VECTOR('',#7524,1.);
#4792=VECTOR('',#7525,1.);
#4793=VECTOR('',#7530,1.);
#4794=VECTOR('',#7533,1.);
#4795=VECTOR('',#7536,1.);
#4796=VECTOR('',#7537,1.);
#4797=VECTOR('',#7540,1.);
#4798=VECTOR('',#7543,1.);
#4799=VECTOR('',#7550,1.);
#4800=VECTOR('',#7559,1.);
#4801=VECTOR('',#7562,1.);
#4802=VECTOR('',#7565,1.);
#4803=VECTOR('',#7566,1.);
#4804=VECTOR('',#7569,1.);
#4805=VECTOR('',#7572,1.);
#4806=VECTOR('',#7575,1.);
#4807=VECTOR('',#7576,1.);
#4808=VECTOR('',#7577,1.);
#4809=VECTOR('',#7578,1.);
#4810=VECTOR('',#7579,1.);
#4811=VECTOR('',#7580,1.);
#4812=VECTOR('',#7581,1.);
#4813=VECTOR('',#7584,1.);
#4814=VECTOR('',#7587,1.);
#4815=VECTOR('',#7588,1.);
#4816=VECTOR('',#7589,1.);
#4817=VECTOR('',#7592,1.);
#4818=VECTOR('',#7593,1.);
#4819=VECTOR('',#7594,1.);
#4820=VECTOR('',#7595,1.);
#4821=VECTOR('',#7596,1.);
#4822=VECTOR('',#7597,1.);
#4823=VECTOR('',#7598,1.);
#4824=VECTOR('',#7599,1.);
#4825=VECTOR('',#7604,1.);
#4826=VECTOR('',#7607,1.);
#4827=VECTOR('',#7608,1.);
#4828=VECTOR('',#7611,1.);
#4829=VECTOR('',#7612,1.);
#4830=VECTOR('',#7613,1.);
#4831=VECTOR('',#7614,1.);
#4832=VECTOR('',#7615,1.);
#4833=VECTOR('',#7620,1.);
#4834=VECTOR('',#7623,1.);
#4835=VECTOR('',#7626,1.);
#4836=VECTOR('',#7627,1.);
#4837=VECTOR('',#7630,1.);
#4838=VECTOR('',#7633,1.);
#4839=VECTOR('',#7638,1.);
#4840=VECTOR('',#7639,1.);
#4841=VECTOR('',#7640,1.);
#4842=VECTOR('',#7641,1.);
#4843=VECTOR('',#7642,1.);
#4844=VECTOR('',#7643,1.);
#4845=VECTOR('',#7644,1.);
#4846=VECTOR('',#7645,1.);
#4847=VECTOR('',#7656,1.);
#4848=VECTOR('',#7659,1.);
#4849=VECTOR('',#7666,1.);
#4850=VECTOR('',#7667,1.);
#4851=VECTOR('',#7670,1.);
#4852=VECTOR('',#7673,1.);
#4853=VECTOR('',#7676,1.);
#4854=VECTOR('',#7679,1.);
#4855=VECTOR('',#7682,1.);
#4856=VECTOR('',#7685,1.);
#4857=VECTOR('',#7688,1.);
#4858=VECTOR('',#7691,1.);
#4859=VECTOR('',#7700,1.);
#4860=VECTOR('',#7703,1.);
#4861=VECTOR('',#7704,1.);
#4862=VECTOR('',#7705,1.);
#4863=VECTOR('',#7706,1.);
#4864=VECTOR('',#7709,1.);
#4865=VECTOR('',#7710,1.);
#4866=VECTOR('',#7713,1.);
#4867=VECTOR('',#7714,1.);
#4868=VECTOR('',#7715,1.);
#4869=VECTOR('',#7716,1.);
#4870=VECTOR('',#7719,1.);
#4871=VECTOR('',#7722,1.);
#4872=VECTOR('',#7725,1.);
#4873=VECTOR('',#7726,1.);
#4874=VECTOR('',#7727,1.);
#4875=VECTOR('',#7728,1.);
#4876=VECTOR('',#7729,1.);
#4877=VECTOR('',#7732,1.);
#4878=VECTOR('',#7735,1.);
#4879=VECTOR('',#7738,1.);
#4880=VECTOR('',#7739,1.);
#4881=VECTOR('',#7740,1.);
#4882=VECTOR('',#7741,1.);
#4883=VECTOR('',#7742,1.);
#4884=VECTOR('',#7743,1.);
#4885=VECTOR('',#7746,1.);
#4886=VECTOR('',#7747,1.);
#4887=VECTOR('',#7748,1.);
#4888=VECTOR('',#7749,1.);
#4889=VECTOR('',#7754,1.);
#4890=VECTOR('',#7763,1.);
#4891=VECTOR('',#7766,1.);
#4892=VECTOR('',#7767,1.);
#4893=VECTOR('',#7770,1.);
#4894=VECTOR('',#7773,1.);
#4895=VECTOR('',#7776,1.);
#4896=VECTOR('',#7779,1.);
#4897=VECTOR('',#7782,1.);
#4898=VECTOR('',#7787,1.);
#4899=VECTOR('',#7790,1.);
#4900=VECTOR('',#7801,1.);
#4901=VECTOR('',#7804,1.);
#4902=VECTOR('',#7817,1.);
#4903=VECTOR('',#7818,1.);
#4904=VECTOR('',#7821,1.);
#4905=VECTOR('',#7824,1.);
#4906=VECTOR('',#7827,1.);
#4907=VECTOR('',#7830,1.);
#4908=VECTOR('',#7833,1.);
#4909=VECTOR('',#7836,1.);
#4910=VECTOR('',#7839,1.);
#4911=VECTOR('',#7842,1.);
#4912=VECTOR('',#7845,1.);
#4913=VECTOR('',#7848,1.);
#4914=VECTOR('',#7851,1.);
#4915=VECTOR('',#7854,1.);
#4916=VECTOR('',#7857,1.);
#4917=VECTOR('',#7858,1.);
#4918=VECTOR('',#7861,1.);
#4919=VECTOR('',#7864,1.);
#4920=VECTOR('',#7867,1.);
#4921=VECTOR('',#7880,1.);
#4922=VECTOR('',#7883,1.);
#4923=VECTOR('',#7890,1.);
#4924=VECTOR('',#7891,1.);
#4925=VECTOR('',#7894,1.);
#4926=VECTOR('',#7897,1.);
#4927=VECTOR('',#7900,1.);
#4928=VECTOR('',#7903,1.);
#4929=VECTOR('',#7906,1.);
#4930=VECTOR('',#7909,1.);
#4931=VECTOR('',#7912,1.);
#4932=VECTOR('',#7915,1.);
#4933=VECTOR('',#7920,1.);
#4934=VECTOR('',#7921,1.);
#4935=VECTOR('',#7922,1.);
#4936=VECTOR('',#7923,1.);
#4937=VECTOR('',#7924,1.);
#4938=VECTOR('',#7925,1.);
#4939=VECTOR('',#7926,1.);
#4940=VECTOR('',#7927,1.);
#4941=VECTOR('',#7930,1.);
#4942=VECTOR('',#7931,1.);
#4943=VECTOR('',#7932,1.);
#4944=VECTOR('',#7933,1.);
#4945=VECTOR('',#7934,1.);
#4946=VECTOR('',#7935,1.);
#4947=VECTOR('',#7936,1.);
#4948=VECTOR('',#7937,1.);
#4949=VECTOR('',#7938,1.);
#4950=VECTOR('',#7939,1.);
#4951=VECTOR('',#7940,1.);
#4952=VECTOR('',#7941,1.);
#4953=VECTOR('',#7942,1.);
#4954=VECTOR('',#7943,1.);
#4955=VECTOR('',#7944,1.);
#4956=VECTOR('',#7945,1.);
#4957=VECTOR('',#7948,1.);
#4958=VECTOR('',#7951,1.);
#4959=VECTOR('',#7960,1.);
#4960=VECTOR('',#7963,1.);
#4961=VECTOR('',#7964,1.);
#4962=VECTOR('',#7967,1.);
#4963=VECTOR('',#7968,1.);
#4964=VECTOR('',#7969,1.);
#4965=VECTOR('',#7970,1.);
#4966=VECTOR('',#7971,1.);
#4967=VECTOR('',#7974,1.);
#4968=VECTOR('',#7977,1.);
#4969=VECTOR('',#7980,1.);
#4970=VECTOR('',#7981,1.);
#4971=VECTOR('',#7982,1.);
#4972=VECTOR('',#7985,1.);
#4973=VECTOR('',#7988,1.);
#4974=VECTOR('',#7991,1.);
#4975=VECTOR('',#7992,1.);
#4976=VECTOR('',#7993,1.);
#4977=VECTOR('',#7996,1.);
#4978=VECTOR('',#7999,1.);
#4979=VECTOR('',#8002,1.);
#4980=VECTOR('',#8005,1.);
#4981=VECTOR('',#8008,1.);
#4982=VECTOR('',#8011,1.);
#4983=VECTOR('',#8014,1.);
#4984=VECTOR('',#8015,1.);
#4985=VECTOR('',#8016,1.);
#4986=VECTOR('',#8017,1.);
#4987=VECTOR('',#8018,1.);
#4988=VECTOR('',#8021,1.);
#4989=VECTOR('',#8024,1.);
#4990=VECTOR('',#8027,1.);
#4991=VECTOR('',#8032,1.);
#4992=VECTOR('',#8037,1.);
#4993=VECTOR('',#8040,1.);
#4994=VECTOR('',#8051,1.);
#4995=VECTOR('',#8052,1.);
#4996=VECTOR('',#8055,1.);
#4997=VECTOR('',#8056,1.);
#4998=VECTOR('',#8061,1.);
#4999=VECTOR('',#8062,1.);
#5000=VECTOR('',#8063,1.);
#5001=VECTOR('',#8064,1.);
#5002=VECTOR('',#8067,1.);
#5003=VECTOR('',#8068,1.);
#5004=VECTOR('',#8071,1.);
#5005=VECTOR('',#8072,1.);
#5006=VECTOR('',#8075,1.);
#5007=VECTOR('',#8076,1.);
#5008=VECTOR('',#8077,1.);
#5009=VECTOR('',#8080,1.);
#5010=VECTOR('',#8083,1.);
#5011=VECTOR('',#8086,1.);
#5012=VECTOR('',#8089,1.);
#5013=VECTOR('',#8092,1.);
#5014=VECTOR('',#8101,1.);
#5015=VECTOR('',#8104,1.);
#5016=VECTOR('',#8107,1.);
#5017=VECTOR('',#8116,1.);
#5018=VECTOR('',#8117,1.);
#5019=VECTOR('',#8120,1.);
#5020=VECTOR('',#8121,1.);
#5021=VECTOR('',#8126,1.);
#5022=VECTOR('',#8127,1.);
#5023=VECTOR('',#8128,1.);
#5024=VECTOR('',#8129,1.);
#5025=VECTOR('',#8132,1.);
#5026=VECTOR('',#8133,1.);
#5027=VECTOR('',#8136,1.);
#5028=VECTOR('',#8139,1.);
#5029=VECTOR('',#8142,1.);
#5030=VECTOR('',#8145,1.);
#5031=VECTOR('',#8146,1.);
#5032=VECTOR('',#8147,1.);
#5033=VECTOR('',#8148,1.);
#5034=VECTOR('',#8161,1.);
#5035=VECTOR('',#8164,1.);
#5036=VECTOR('',#8171,1.);
#5037=VECTOR('',#8172,1.);
#5038=VECTOR('',#8175,1.);
#5039=VECTOR('',#8178,1.);
#5040=VECTOR('',#8181,1.);
#5041=VECTOR('',#8184,1.);
#5042=VECTOR('',#8187,1.);
#5043=VECTOR('',#8190,1.);
#5044=VECTOR('',#8193,1.);
#5045=VECTOR('',#8196,1.);
#5046=EDGE_LOOP('',(#746,#747,#748,#749));
#5047=EDGE_LOOP('',(#750));
#5048=EDGE_LOOP('',(#751));
#5049=EDGE_LOOP('',(#752,#753,#754,#755));
#5050=EDGE_LOOP('',(#756,#757,#758,#759));
#5051=EDGE_LOOP('',(#760));
#5052=EDGE_LOOP('',(#761,#762,#763,#764));
#5053=EDGE_LOOP('',(#765));
#5054=EDGE_LOOP('',(#766));
#5055=EDGE_LOOP('',(#767));
#5056=EDGE_LOOP('',(#768,#769,#770,#771));
#5057=EDGE_LOOP('',(#772,#773,#774,#775));
#5058=EDGE_LOOP('',(#776));
#5059=EDGE_LOOP('',(#777));
#5060=EDGE_LOOP('',(#778));
#5061=EDGE_LOOP('',(#779));
#5062=EDGE_LOOP('',(#780));
#5063=EDGE_LOOP('',(#781));
#5064=EDGE_LOOP('',(#782,#783,#784,#785,#786,#787,#788,#789,#790,#791));
#5065=EDGE_LOOP('',(#792,#793,#794,#795,#796,#797,#798,#799,#800));
#5066=EDGE_LOOP('',(#801,#802,#803,#804,#805,#806,#807,#808,#809,#810,#811,
#812));
#5067=EDGE_LOOP('',(#813,#814,#815,#816,#817,#818,#819,#820,#821,#822,#823,
#824,#825,#826,#827,#828,#829,#830,#831,#832,#833,#834,#835,#836,#837,#838,
#839,#840));
#5068=EDGE_LOOP('',(#841,#842,#843,#844,#845,#846,#847,#848));
#5069=EDGE_LOOP('',(#849,#850,#851,#852));
#5070=EDGE_LOOP('',(#853,#854,#855,#856,#857,#858,#859,#860,#861,#862,#863,
#864,#865,#866,#867,#868,#869,#870));
#5071=EDGE_LOOP('',(#871,#872,#873,#874,#875,#876,#877,#878,#879,#880,#881,
#882,#883,#884,#885,#886,#887,#888,#889,#890,#891,#892,#893,#894,#895,#896,
#897,#898));
#5072=EDGE_LOOP('',(#899,#900,#901,#902,#903,#904,#905,#906,#907,#908));
#5073=EDGE_LOOP('',(#909,#910,#911,#912,#913,#914,#915,#916,#917,#918,#919,
#920));
#5074=EDGE_LOOP('',(#921,#922,#923,#924,#925,#926));
#5075=EDGE_LOOP('',(#927,#928,#929,#930,#931,#932,#933,#934,#935,#936,#937,
#938,#939,#940,#941,#942,#943,#944));
#5076=EDGE_LOOP('',(#945,#946,#947,#948,#949));
#5077=EDGE_LOOP('',(#950,#951,#952,#953));
#5078=EDGE_LOOP('',(#954,#955,#956,#957,#958,#959,#960,#961));
#5079=EDGE_LOOP('',(#962,#963,#964,#965,#966,#967,#968,#969,#970,#971));
#5080=EDGE_LOOP('',(#972,#973,#974,#975,#976,#977,#978,#979,#980,#981,#982,
#983,#984,#985,#986,#987,#988,#989,#990,#991,#992,#993,#994,#995,#996,#997,
#998));
#5081=EDGE_LOOP('',(#999,#1000,#1001,#1002,#1003,#1004,#1005));
#5082=EDGE_LOOP('',(#1006,#1007,#1008,#1009,#1010,#1011,#1012,#1013,#1014,
#1015,#1016,#1017,#1018,#1019,#1020,#1021,#1022,#1023,#1024));
#5083=EDGE_LOOP('',(#1025,#1026,#1027,#1028,#1029,#1030,#1031,#1032,#1033,
#1034));
#5084=EDGE_LOOP('',(#1035,#1036,#1037,#1038,#1039,#1040,#1041,#1042));
#5085=EDGE_LOOP('',(#1043,#1044,#1045));
#5086=EDGE_LOOP('',(#1046,#1047,#1048,#1049,#1050));
#5087=EDGE_LOOP('',(#1051,#1052,#1053));
#5088=EDGE_LOOP('',(#1054,#1055,#1056,#1057));
#5089=EDGE_LOOP('',(#1058));
#5090=EDGE_LOOP('',(#1059));
#5091=EDGE_LOOP('',(#1060,#1061,#1062,#1063));
#5092=EDGE_LOOP('',(#1064,#1065,#1066,#1067));
#5093=EDGE_LOOP('',(#1068));
#5094=EDGE_LOOP('',(#1069));
#5095=EDGE_LOOP('',(#1070,#1071,#1072,#1073));
#5096=EDGE_LOOP('',(#1074,#1075,#1076,#1077));
#5097=EDGE_LOOP('',(#1078,#1079,#1080,#1081));
#5098=EDGE_LOOP('',(#1082));
#5099=EDGE_LOOP('',(#1083));
#5100=EDGE_LOOP('',(#1084,#1085,#1086,#1087));
#5101=EDGE_LOOP('',(#1088,#1089,#1090));
#5102=EDGE_LOOP('',(#1091,#1092,#1093,#1094));
#5103=EDGE_LOOP('',(#1095,#1096,#1097,#1098));
#5104=EDGE_LOOP('',(#1099,#1100,#1101,#1102));
#5105=EDGE_LOOP('',(#1103,#1104,#1105,#1106));
#5106=EDGE_LOOP('',(#1107));
#5107=EDGE_LOOP('',(#1108,#1109,#1110,#1111,#1112,#1113));
#5108=EDGE_LOOP('',(#1114,#1115,#1116,#1117));
#5109=EDGE_LOOP('',(#1118,#1119,#1120));
#5110=EDGE_LOOP('',(#1121));
#5111=EDGE_LOOP('',(#1122,#1123,#1124,#1125));
#5112=EDGE_LOOP('',(#1126,#1127,#1128,#1129));
#5113=EDGE_LOOP('',(#1130,#1131,#1132,#1133));
#5114=EDGE_LOOP('',(#1134,#1135,#1136,#1137,#1138,#1139,#1140));
#5115=EDGE_LOOP('',(#1141,#1142,#1143));
#5116=EDGE_LOOP('',(#1144,#1145,#1146));
#5117=EDGE_LOOP('',(#1147,#1148,#1149,#1150,#1151));
#5118=EDGE_LOOP('',(#1152,#1153,#1154,#1155));
#5119=EDGE_LOOP('',(#1156,#1157,#1158,#1159));
#5120=EDGE_LOOP('',(#1160,#1161,#1162,#1163));
#5121=EDGE_LOOP('',(#1164,#1165,#1166));
#5122=EDGE_LOOP('',(#1167,#1168,#1169,#1170));
#5123=EDGE_LOOP('',(#1171));
#5124=EDGE_LOOP('',(#1172));
#5125=EDGE_LOOP('',(#1173));
#5126=EDGE_LOOP('',(#1174));
#5127=EDGE_LOOP('',(#1175,#1176,#1177));
#5128=EDGE_LOOP('',(#1178,#1179,#1180,#1181));
#5129=EDGE_LOOP('',(#1182,#1183,#1184,#1185));
#5130=EDGE_LOOP('',(#1186,#1187,#1188,#1189));
#5131=EDGE_LOOP('',(#1190,#1191,#1192));
#5132=EDGE_LOOP('',(#1193,#1194,#1195,#1196,#1197,#1198,#1199,#1200,#1201,
#1202,#1203,#1204));
#5133=EDGE_LOOP('',(#1205,#1206,#1207,#1208));
#5134=EDGE_LOOP('',(#1209,#1210,#1211,#1212));
#5135=EDGE_LOOP('',(#1213,#1214,#1215,#1216));
#5136=EDGE_LOOP('',(#1217,#1218,#1219,#1220));
#5137=EDGE_LOOP('',(#1221,#1222,#1223,#1224));
#5138=EDGE_LOOP('',(#1225,#1226,#1227,#1228));
#5139=EDGE_LOOP('',(#1229,#1230,#1231,#1232));
#5140=EDGE_LOOP('',(#1233,#1234,#1235,#1236));
#5141=EDGE_LOOP('',(#1237,#1238,#1239,#1240));
#5142=EDGE_LOOP('',(#1241,#1242,#1243,#1244));
#5143=EDGE_LOOP('',(#1245,#1246,#1247,#1248));
#5144=EDGE_LOOP('',(#1249,#1250,#1251,#1252));
#5145=EDGE_LOOP('',(#1253,#1254,#1255,#1256,#1257,#1258,#1259,#1260,#1261,
#1262));
#5146=EDGE_LOOP('',(#1263,#1264,#1265,#1266));
#5147=EDGE_LOOP('',(#1267,#1268,#1269,#1270));
#5148=EDGE_LOOP('',(#1271,#1272,#1273,#1274));
#5149=EDGE_LOOP('',(#1275,#1276,#1277,#1278));
#5150=EDGE_LOOP('',(#1279,#1280,#1281,#1282));
#5151=EDGE_LOOP('',(#1283,#1284,#1285,#1286));
#5152=EDGE_LOOP('',(#1287,#1288,#1289,#1290));
#5153=EDGE_LOOP('',(#1291,#1292,#1293,#1294));
#5154=EDGE_LOOP('',(#1295,#1296,#1297,#1298));
#5155=EDGE_LOOP('',(#1299,#1300,#1301,#1302));
#5156=EDGE_LOOP('',(#1303,#1304,#1305,#1306,#1307,#1308,#1309,#1310,#1311,
#1312,#1313,#1314,#1315,#1316,#1317,#1318,#1319,#1320,#1321,#1322,#1323,
#1324,#1325,#1326,#1327,#1328,#1329,#1330));
#5157=EDGE_LOOP('',(#1331,#1332,#1333,#1334));
#5158=EDGE_LOOP('',(#1335,#1336,#1337,#1338));
#5159=EDGE_LOOP('',(#1339,#1340,#1341,#1342));
#5160=EDGE_LOOP('',(#1343,#1344,#1345,#1346));
#5161=EDGE_LOOP('',(#1347,#1348,#1349,#1350));
#5162=EDGE_LOOP('',(#1351,#1352,#1353,#1354));
#5163=EDGE_LOOP('',(#1355,#1356,#1357,#1358));
#5164=EDGE_LOOP('',(#1359,#1360,#1361,#1362));
#5165=EDGE_LOOP('',(#1363,#1364,#1365,#1366));
#5166=EDGE_LOOP('',(#1367,#1368,#1369,#1370));
#5167=EDGE_LOOP('',(#1371,#1372,#1373,#1374));
#5168=EDGE_LOOP('',(#1375,#1376,#1377,#1378));
#5169=EDGE_LOOP('',(#1379,#1380,#1381,#1382));
#5170=EDGE_LOOP('',(#1383,#1384,#1385,#1386));
#5171=EDGE_LOOP('',(#1387,#1388,#1389,#1390));
#5172=EDGE_LOOP('',(#1391,#1392,#1393,#1394));
#5173=EDGE_LOOP('',(#1395,#1396,#1397,#1398));
#5174=EDGE_LOOP('',(#1399,#1400,#1401,#1402));
#5175=EDGE_LOOP('',(#1403,#1404,#1405,#1406));
#5176=EDGE_LOOP('',(#1407,#1408,#1409,#1410));
#5177=EDGE_LOOP('',(#1411,#1412,#1413,#1414));
#5178=EDGE_LOOP('',(#1415,#1416,#1417,#1418));
#5179=EDGE_LOOP('',(#1419,#1420,#1421,#1422));
#5180=EDGE_LOOP('',(#1423,#1424,#1425,#1426));
#5181=EDGE_LOOP('',(#1427,#1428,#1429,#1430));
#5182=EDGE_LOOP('',(#1431,#1432,#1433,#1434));
#5183=EDGE_LOOP('',(#1435,#1436,#1437,#1438));
#5184=EDGE_LOOP('',(#1439,#1440,#1441,#1442));
#5185=EDGE_LOOP('',(#1443,#1444,#1445,#1446,#1447,#1448,#1449,#1450,#1451,
#1452,#1453,#1454,#1455,#1456,#1457,#1458,#1459,#1460));
#5186=EDGE_LOOP('',(#1461,#1462,#1463,#1464));
#5187=EDGE_LOOP('',(#1465,#1466,#1467,#1468));
#5188=EDGE_LOOP('',(#1469,#1470,#1471,#1472));
#5189=EDGE_LOOP('',(#1473,#1474,#1475,#1476));
#5190=EDGE_LOOP('',(#1477,#1478,#1479,#1480));
#5191=EDGE_LOOP('',(#1481,#1482,#1483,#1484));
#5192=EDGE_LOOP('',(#1485,#1486,#1487,#1488));
#5193=EDGE_LOOP('',(#1489,#1490,#1491,#1492));
#5194=EDGE_LOOP('',(#1493,#1494,#1495,#1496));
#5195=EDGE_LOOP('',(#1497,#1498,#1499,#1500));
#5196=EDGE_LOOP('',(#1501,#1502,#1503,#1504));
#5197=EDGE_LOOP('',(#1505,#1506,#1507,#1508));
#5198=EDGE_LOOP('',(#1509,#1510,#1511,#1512));
#5199=EDGE_LOOP('',(#1513,#1514,#1515,#1516));
#5200=EDGE_LOOP('',(#1517,#1518,#1519,#1520));
#5201=EDGE_LOOP('',(#1521,#1522,#1523,#1524));
#5202=EDGE_LOOP('',(#1525,#1526,#1527,#1528));
#5203=EDGE_LOOP('',(#1529,#1530,#1531,#1532));
#5204=EDGE_LOOP('',(#1533,#1534,#1535,#1536));
#5205=EDGE_LOOP('',(#1537,#1538,#1539,#1540));
#5206=EDGE_LOOP('',(#1541,#1542,#1543,#1544));
#5207=EDGE_LOOP('',(#1545,#1546,#1547,#1548));
#5208=EDGE_LOOP('',(#1549,#1550,#1551,#1552));
#5209=EDGE_LOOP('',(#1553,#1554,#1555,#1556,#1557,#1558,#1559,#1560,#1561,
#1562,#1563,#1564,#1565,#1566,#1567,#1568,#1569,#1570));
#5210=EDGE_LOOP('',(#1571,#1572,#1573,#1574,#1575,#1576,#1577));
#5211=EDGE_LOOP('',(#1578,#1579,#1580,#1581));
#5212=EDGE_LOOP('',(#1582,#1583,#1584,#1585));
#5213=EDGE_LOOP('',(#1586,#1587,#1588,#1589));
#5214=EDGE_LOOP('',(#1590,#1591,#1592,#1593));
#5215=EDGE_LOOP('',(#1594,#1595,#1596,#1597));
#5216=EDGE_LOOP('',(#1598,#1599,#1600,#1601));
#5217=EDGE_LOOP('',(#1602,#1603,#1604,#1605));
#5218=EDGE_LOOP('',(#1606,#1607,#1608,#1609));
#5219=EDGE_LOOP('',(#1610,#1611,#1612,#1613));
#5220=EDGE_LOOP('',(#1614,#1615,#1616,#1617));
#5221=EDGE_LOOP('',(#1618,#1619,#1620,#1621));
#5222=EDGE_LOOP('',(#1622,#1623,#1624,#1625));
#5223=EDGE_LOOP('',(#1626,#1627,#1628,#1629));
#5224=EDGE_LOOP('',(#1630,#1631,#1632,#1633));
#5225=EDGE_LOOP('',(#1634,#1635,#1636,#1637));
#5226=EDGE_LOOP('',(#1638,#1639,#1640,#1641));
#5227=EDGE_LOOP('',(#1642,#1643,#1644,#1645));
#5228=EDGE_LOOP('',(#1646,#1647,#1648,#1649));
#5229=EDGE_LOOP('',(#1650,#1651,#1652,#1653));
#5230=EDGE_LOOP('',(#1654,#1655,#1656,#1657));
#5231=EDGE_LOOP('',(#1658,#1659,#1660,#1661));
#5232=EDGE_LOOP('',(#1662,#1663,#1664,#1665));
#5233=EDGE_LOOP('',(#1666,#1667,#1668,#1669));
#5234=EDGE_LOOP('',(#1670,#1671,#1672,#1673));
#5235=EDGE_LOOP('',(#1674,#1675,#1676,#1677));
#5236=EDGE_LOOP('',(#1678,#1679,#1680,#1681,#1682));
#5237=EDGE_LOOP('',(#1683,#1684,#1685,#1686));
#5238=EDGE_LOOP('',(#1687,#1688,#1689,#1690));
#5239=EDGE_LOOP('',(#1691,#1692,#1693,#1694));
#5240=EDGE_LOOP('',(#1695,#1696,#1697,#1698));
#5241=EDGE_LOOP('',(#1699,#1700,#1701,#1702));
#5242=EDGE_LOOP('',(#1703,#1704,#1705,#1706));
#5243=EDGE_LOOP('',(#1707,#1708,#1709,#1710));
#5244=EDGE_LOOP('',(#1711,#1712,#1713,#1714));
#5245=EDGE_LOOP('',(#1715,#1716,#1717,#1718));
#5246=EDGE_LOOP('',(#1719,#1720,#1721,#1722));
#5247=EDGE_LOOP('',(#1723,#1724,#1725,#1726,#1727,#1728,#1729,#1730));
#5248=EDGE_LOOP('',(#1731,#1732,#1733,#1734));
#5249=EDGE_LOOP('',(#1735,#1736,#1737,#1738));
#5250=EDGE_LOOP('',(#1739,#1740,#1741,#1742));
#5251=EDGE_LOOP('',(#1743,#1744,#1745,#1746));
#5252=EDGE_LOOP('',(#1747,#1748,#1749,#1750));
#5253=EDGE_LOOP('',(#1751,#1752,#1753,#1754));
#5254=EDGE_LOOP('',(#1755,#1756,#1757,#1758));
#5255=EDGE_LOOP('',(#1759,#1760,#1761,#1762));
#5256=EDGE_LOOP('',(#1763,#1764,#1765,#1766,#1767,#1768,#1769,#1770,#1771,
#1772));
#5257=EDGE_LOOP('',(#1773,#1774,#1775,#1776));
#5258=EDGE_LOOP('',(#1777,#1778,#1779,#1780));
#5259=EDGE_LOOP('',(#1781,#1782,#1783,#1784));
#5260=EDGE_LOOP('',(#1785,#1786,#1787,#1788));
#5261=EDGE_LOOP('',(#1789,#1790,#1791,#1792));
#5262=EDGE_LOOP('',(#1793,#1794,#1795,#1796));
#5263=EDGE_LOOP('',(#1797,#1798,#1799,#1800));
#5264=EDGE_LOOP('',(#1801,#1802,#1803,#1804));
#5265=EDGE_LOOP('',(#1805,#1806,#1807,#1808));
#5266=EDGE_LOOP('',(#1809,#1810,#1811,#1812));
#5267=EDGE_LOOP('',(#1813,#1814,#1815,#1816,#1817,#1818,#1819,#1820,#1821,
#1822,#1823,#1824,#1825,#1826,#1827,#1828,#1829,#1830,#1831,#1832,#1833,
#1834,#1835,#1836,#1837,#1838,#1839));
#5268=EDGE_LOOP('',(#1840,#1841,#1842,#1843));
#5269=EDGE_LOOP('',(#1844,#1845,#1846,#1847));
#5270=EDGE_LOOP('',(#1848,#1849,#1850,#1851));
#5271=EDGE_LOOP('',(#1852,#1853,#1854,#1855));
#5272=EDGE_LOOP('',(#1856,#1857,#1858,#1859));
#5273=EDGE_LOOP('',(#1860,#1861,#1862,#1863));
#5274=EDGE_LOOP('',(#1864,#1865,#1866,#1867));
#5275=EDGE_LOOP('',(#1868,#1869,#1870,#1871));
#5276=EDGE_LOOP('',(#1872,#1873,#1874,#1875));
#5277=EDGE_LOOP('',(#1876,#1877,#1878,#1879));
#5278=EDGE_LOOP('',(#1880,#1881,#1882,#1883));
#5279=EDGE_LOOP('',(#1884,#1885,#1886,#1887));
#5280=EDGE_LOOP('',(#1888,#1889,#1890,#1891));
#5281=EDGE_LOOP('',(#1892,#1893,#1894,#1895));
#5282=EDGE_LOOP('',(#1896,#1897,#1898,#1899));
#5283=EDGE_LOOP('',(#1900,#1901,#1902,#1903));
#5284=EDGE_LOOP('',(#1904,#1905,#1906,#1907));
#5285=EDGE_LOOP('',(#1908,#1909,#1910,#1911));
#5286=EDGE_LOOP('',(#1912,#1913,#1914,#1915));
#5287=EDGE_LOOP('',(#1916,#1917,#1918,#1919));
#5288=EDGE_LOOP('',(#1920,#1921,#1922,#1923));
#5289=EDGE_LOOP('',(#1924,#1925,#1926,#1927));
#5290=EDGE_LOOP('',(#1928,#1929,#1930,#1931));
#5291=EDGE_LOOP('',(#1932,#1933,#1934,#1935));
#5292=EDGE_LOOP('',(#1936,#1937,#1938,#1939));
#5293=EDGE_LOOP('',(#1940,#1941,#1942,#1943));
#5294=EDGE_LOOP('',(#1944,#1945,#1946,#1947));
#5295=EDGE_LOOP('',(#1948,#1949,#1950,#1951,#1952,#1953,#1954));
#5296=EDGE_LOOP('',(#1955,#1956,#1957,#1958));
#5297=EDGE_LOOP('',(#1959,#1960,#1961,#1962));
#5298=EDGE_LOOP('',(#1963,#1964,#1965,#1966));
#5299=EDGE_LOOP('',(#1967,#1968,#1969,#1970));
#5300=EDGE_LOOP('',(#1971,#1972,#1973,#1974));
#5301=EDGE_LOOP('',(#1975,#1976,#1977,#1978));
#5302=EDGE_LOOP('',(#1979,#1980,#1981,#1982));
#5303=EDGE_LOOP('',(#1983,#1984,#1985,#1986,#1987,#1988,#1989,#1990,#1991,
#1992,#1993,#1994,#1995,#1996,#1997,#1998,#1999,#2000,#2001));
#5304=EDGE_LOOP('',(#2002,#2003,#2004,#2005));
#5305=EDGE_LOOP('',(#2006,#2007,#2008,#2009));
#5306=EDGE_LOOP('',(#2010,#2011,#2012,#2013));
#5307=EDGE_LOOP('',(#2014,#2015,#2016,#2017));
#5308=EDGE_LOOP('',(#2018,#2019,#2020,#2021));
#5309=EDGE_LOOP('',(#2022,#2023,#2024,#2025));
#5310=EDGE_LOOP('',(#2026,#2027,#2028,#2029));
#5311=EDGE_LOOP('',(#2030,#2031,#2032,#2033));
#5312=EDGE_LOOP('',(#2034,#2035,#2036,#2037));
#5313=EDGE_LOOP('',(#2038,#2039,#2040,#2041));
#5314=EDGE_LOOP('',(#2042,#2043,#2044,#2045));
#5315=EDGE_LOOP('',(#2046,#2047,#2048,#2049));
#5316=EDGE_LOOP('',(#2050,#2051,#2052,#2053));
#5317=EDGE_LOOP('',(#2054,#2055,#2056,#2057));
#5318=EDGE_LOOP('',(#2058,#2059,#2060,#2061));
#5319=EDGE_LOOP('',(#2062,#2063,#2064,#2065));
#5320=EDGE_LOOP('',(#2066,#2067,#2068,#2069));
#5321=EDGE_LOOP('',(#2070,#2071,#2072,#2073));
#5322=EDGE_LOOP('',(#2074,#2075,#2076,#2077));
#5323=EDGE_LOOP('',(#2078,#2079,#2080,#2081,#2082,#2083,#2084,#2085,#2086,
#2087));
#5324=EDGE_LOOP('',(#2088,#2089,#2090,#2091));
#5325=EDGE_LOOP('',(#2092,#2093,#2094,#2095));
#5326=EDGE_LOOP('',(#2096,#2097,#2098,#2099));
#5327=EDGE_LOOP('',(#2100,#2101,#2102,#2103));
#5328=EDGE_LOOP('',(#2104,#2105,#2106,#2107));
#5329=EDGE_LOOP('',(#2108,#2109,#2110,#2111));
#5330=EDGE_LOOP('',(#2112,#2113,#2114,#2115));
#5331=EDGE_LOOP('',(#2116,#2117,#2118,#2119));
#5332=EDGE_LOOP('',(#2120,#2121,#2122,#2123));
#5333=EDGE_LOOP('',(#2124,#2125,#2126,#2127));
#5334=EDGE_LOOP('',(#2128,#2129,#2130,#2131,#2132,#2133,#2134,#2135));
#5335=EDGE_LOOP('',(#2136,#2137,#2138,#2139));
#5336=EDGE_LOOP('',(#2140,#2141,#2142,#2143));
#5337=EDGE_LOOP('',(#2144,#2145,#2146,#2147));
#5338=EDGE_LOOP('',(#2148,#2149,#2150,#2151));
#5339=EDGE_LOOP('',(#2152,#2153,#2154,#2155));
#5340=EDGE_LOOP('',(#2156,#2157,#2158,#2159));
#5341=EDGE_LOOP('',(#2160,#2161,#2162,#2163));
#5342=EDGE_LOOP('',(#2164,#2165,#2166,#2167));
#5343=EDGE_LOOP('',(#2168,#2169,#2170,#2171,#2172,#2173,#2174,#2175));
#5344=EDGE_LOOP('',(#2176,#2177,#2178,#2179,#2180,#2181,#2182,#2183));
#5345=EDGE_LOOP('',(#2184,#2185,#2186,#2187));
#5346=EDGE_LOOP('',(#2188,#2189,#2190,#2191));
#5347=EDGE_LOOP('',(#2192,#2193,#2194,#2195));
#5348=EDGE_LOOP('',(#2196,#2197,#2198,#2199));
#5349=EDGE_LOOP('',(#2200,#2201,#2202,#2203));
#5350=EDGE_LOOP('',(#2204,#2205,#2206,#2207));
#5351=EDGE_LOOP('',(#2208,#2209,#2210,#2211));
#5352=EDGE_LOOP('',(#2212,#2213,#2214,#2215));
#5353=EDGE_LOOP('',(#2216,#2217,#2218,#2219));
#5354=EDGE_LOOP('',(#2220,#2221,#2222,#2223));
#5355=EDGE_LOOP('',(#2224,#2225,#2226,#2227));
#5356=EDGE_LOOP('',(#2228,#2229,#2230,#2231));
#5357=EDGE_LOOP('',(#2232,#2233,#2234,#2235));
#5358=EDGE_LOOP('',(#2236,#2237,#2238,#2239));
#5359=EDGE_LOOP('',(#2240,#2241,#2242,#2243));
#5360=EDGE_LOOP('',(#2244,#2245,#2246,#2247));
#5361=EDGE_LOOP('',(#2248,#2249,#2250,#2251,#2252,#2253,#2254,#2255,#2256,
#2257,#2258,#2259,#2260,#2261,#2262,#2263,#2264,#2265,#2266,#2267,#2268,
#2269,#2270,#2271,#2272,#2273,#2274,#2275));
#5362=EDGE_LOOP('',(#2276,#2277,#2278,#2279));
#5363=EDGE_LOOP('',(#2280,#2281,#2282,#2283));
#5364=EDGE_LOOP('',(#2284,#2285,#2286,#2287));
#5365=EDGE_LOOP('',(#2288,#2289,#2290,#2291));
#5366=EDGE_LOOP('',(#2292,#2293,#2294,#2295));
#5367=EDGE_LOOP('',(#2296,#2297,#2298,#2299));
#5368=EDGE_LOOP('',(#2300,#2301,#2302,#2303));
#5369=EDGE_LOOP('',(#2304,#2305,#2306,#2307));
#5370=EDGE_LOOP('',(#2308,#2309,#2310,#2311));
#5371=EDGE_LOOP('',(#2312,#2313,#2314,#2315));
#5372=EDGE_LOOP('',(#2316,#2317,#2318,#2319));
#5373=EDGE_LOOP('',(#2320,#2321,#2322,#2323));
#5374=EDGE_LOOP('',(#2324,#2325,#2326,#2327));
#5375=EDGE_LOOP('',(#2328,#2329,#2330,#2331));
#5376=EDGE_LOOP('',(#2332,#2333,#2334,#2335));
#5377=EDGE_LOOP('',(#2336,#2337,#2338,#2339));
#5378=EDGE_LOOP('',(#2340,#2341,#2342,#2343));
#5379=EDGE_LOOP('',(#2344,#2345,#2346,#2347));
#5380=EDGE_LOOP('',(#2348,#2349,#2350,#2351));
#5381=EDGE_LOOP('',(#2352,#2353,#2354,#2355));
#5382=EDGE_LOOP('',(#2356,#2357,#2358,#2359));
#5383=EDGE_LOOP('',(#2360,#2361,#2362,#2363));
#5384=EDGE_LOOP('',(#2364,#2365,#2366,#2367));
#5385=EDGE_LOOP('',(#2368,#2369,#2370,#2371));
#5386=EDGE_LOOP('',(#2372,#2373,#2374,#2375));
#5387=EDGE_LOOP('',(#2376,#2377,#2378,#2379));
#5388=EDGE_LOOP('',(#2380,#2381,#2382,#2383));
#5389=EDGE_LOOP('',(#2384,#2385,#2386,#2387));
#5390=EDGE_LOOP('',(#2388,#2389,#2390,#2391,#2392,#2393,#2394));
#5391=EDGE_LOOP('',(#2395,#2396,#2397,#2398,#2399,#2400,#2401,#2402,#2403,
#2404,#2405,#2406));
#5392=EDGE_LOOP('',(#2407,#2408,#2409,#2410));
#5393=EDGE_LOOP('',(#2411,#2412,#2413,#2414));
#5394=EDGE_LOOP('',(#2415,#2416,#2417,#2418));
#5395=EDGE_LOOP('',(#2419,#2420,#2421,#2422));
#5396=EDGE_LOOP('',(#2423,#2424,#2425,#2426));
#5397=EDGE_LOOP('',(#2427,#2428,#2429,#2430));
#5398=EDGE_LOOP('',(#2431,#2432,#2433,#2434));
#5399=EDGE_LOOP('',(#2435,#2436,#2437,#2438));
#5400=EDGE_LOOP('',(#2439,#2440,#2441,#2442));
#5401=EDGE_LOOP('',(#2443,#2444,#2445,#2446));
#5402=EDGE_LOOP('',(#2447,#2448,#2449,#2450));
#5403=EDGE_LOOP('',(#2451,#2452,#2453,#2454));
#5404=EDGE_LOOP('',(#2455,#2456,#2457,#2458));
#5405=EDGE_LOOP('',(#2459,#2460,#2461,#2462));
#5406=EDGE_LOOP('',(#2463,#2464,#2465,#2466));
#5407=EDGE_LOOP('',(#2467,#2468,#2469,#2470));
#5408=EDGE_LOOP('',(#2471,#2472,#2473,#2474));
#5409=EDGE_LOOP('',(#2475,#2476,#2477,#2478));
#5410=EDGE_LOOP('',(#2479,#2480,#2481,#2482));
#5411=EDGE_LOOP('',(#2483,#2484,#2485,#2486,#2487,#2488,#2489));
#5412=EDGE_LOOP('',(#2490,#2491,#2492,#2493,#2494,#2495,#2496));
#5413=EDGE_LOOP('',(#2497,#2498,#2499,#2500,#2501,#2502,#2503,#2504,#2505));
#5414=EDGE_LOOP('',(#2506,#2507,#2508,#2509));
#5415=EDGE_LOOP('',(#2510,#2511,#2512,#2513));
#5416=EDGE_LOOP('',(#2514,#2515,#2516,#2517));
#5417=EDGE_LOOP('',(#2518,#2519,#2520,#2521));
#5418=EDGE_LOOP('',(#2522,#2523,#2524,#2525));
#5419=EDGE_LOOP('',(#2526,#2527,#2528,#2529));
#5420=EDGE_LOOP('',(#2530,#2531,#2532,#2533));
#5421=EDGE_LOOP('',(#2534,#2535,#2536,#2537));
#5422=EDGE_LOOP('',(#2538,#2539,#2540,#2541));
#5423=EDGE_LOOP('',(#2542,#2543,#2544,#2545));
#5424=EDGE_LOOP('',(#2546,#2547,#2548,#2549));
#5425=EDGE_LOOP('',(#2550,#2551,#2552,#2553));
#5426=EDGE_LOOP('',(#2554,#2555,#2556,#2557));
#5427=EDGE_LOOP('',(#2558,#2559,#2560,#2561));
#5428=EDGE_LOOP('',(#2562,#2563,#2564,#2565));
#5429=EDGE_LOOP('',(#2566,#2567,#2568,#2569));
#5430=EDGE_LOOP('',(#2570,#2571,#2572,#2573,#2574,#2575,#2576));
#5431=EDGE_LOOP('',(#2577,#2578,#2579,#2580,#2581,#2582,#2583,#2584,#2585,
#2586));
#5432=EDGE_LOOP('',(#2587,#2588,#2589,#2590));
#5433=EDGE_LOOP('',(#2591,#2592,#2593,#2594));
#5434=EDGE_LOOP('',(#2595,#2596,#2597,#2598));
#5435=EDGE_LOOP('',(#2599,#2600,#2601,#2602));
#5436=EDGE_LOOP('',(#2603,#2604,#2605,#2606));
#5437=EDGE_LOOP('',(#2607,#2608,#2609,#2610));
#5438=EDGE_LOOP('',(#2611,#2612,#2613,#2614));
#5439=EDGE_LOOP('',(#2615,#2616,#2617,#2618));
#5440=EDGE_LOOP('',(#2619,#2620,#2621,#2622));
#5441=EDGE_LOOP('',(#2623,#2624,#2625,#2626));
#5442=EDGE_LOOP('',(#2627,#2628,#2629,#2630,#2631,#2632,#2633));
#5443=EDGE_LOOP('',(#2634,#2635,#2636,#2637,#2638,#2639,#2640,#2641));
#5444=FACE_BOUND('',#5046,.T.);
#5445=FACE_BOUND('',#5047,.T.);
#5446=FACE_BOUND('',#5048,.T.);
#5447=FACE_BOUND('',#5049,.T.);
#5448=FACE_BOUND('',#5050,.T.);
#5449=FACE_BOUND('',#5051,.T.);
#5450=FACE_BOUND('',#5052,.T.);
#5451=FACE_BOUND('',#5053,.T.);
#5452=FACE_BOUND('',#5054,.T.);
#5453=FACE_BOUND('',#5055,.T.);
#5454=FACE_BOUND('',#5056,.T.);
#5455=FACE_BOUND('',#5057,.T.);
#5456=FACE_BOUND('',#5058,.T.);
#5457=FACE_BOUND('',#5059,.T.);
#5458=FACE_BOUND('',#5060,.T.);
#5459=FACE_BOUND('',#5061,.T.);
#5460=FACE_BOUND('',#5062,.T.);
#5461=FACE_BOUND('',#5063,.T.);
#5462=FACE_BOUND('',#5064,.T.);
#5463=FACE_BOUND('',#5065,.T.);
#5464=FACE_BOUND('',#5066,.T.);
#5465=FACE_BOUND('',#5067,.T.);
#5466=FACE_BOUND('',#5068,.T.);
#5467=FACE_BOUND('',#5069,.T.);
#5468=FACE_BOUND('',#5070,.T.);
#5469=FACE_BOUND('',#5071,.T.);
#5470=FACE_BOUND('',#5072,.T.);
#5471=FACE_BOUND('',#5073,.T.);
#5472=FACE_BOUND('',#5074,.T.);
#5473=FACE_BOUND('',#5075,.T.);
#5474=FACE_BOUND('',#5076,.T.);
#5475=FACE_BOUND('',#5077,.T.);
#5476=FACE_BOUND('',#5078,.T.);
#5477=FACE_BOUND('',#5079,.T.);
#5478=FACE_BOUND('',#5080,.T.);
#5479=FACE_BOUND('',#5081,.T.);
#5480=FACE_BOUND('',#5082,.T.);
#5481=FACE_BOUND('',#5083,.T.);
#5482=FACE_BOUND('',#5084,.T.);
#5483=FACE_BOUND('',#5085,.T.);
#5484=FACE_BOUND('',#5086,.T.);
#5485=FACE_BOUND('',#5087,.T.);
#5486=FACE_BOUND('',#5088,.T.);
#5487=FACE_BOUND('',#5089,.T.);
#5488=FACE_BOUND('',#5090,.T.);
#5489=FACE_BOUND('',#5091,.T.);
#5490=FACE_BOUND('',#5092,.T.);
#5491=FACE_BOUND('',#5093,.T.);
#5492=FACE_BOUND('',#5094,.T.);
#5493=FACE_BOUND('',#5095,.T.);
#5494=FACE_BOUND('',#5096,.T.);
#5495=FACE_BOUND('',#5097,.T.);
#5496=FACE_BOUND('',#5098,.T.);
#5497=FACE_BOUND('',#5099,.T.);
#5498=FACE_BOUND('',#5100,.T.);
#5499=FACE_BOUND('',#5101,.T.);
#5500=FACE_BOUND('',#5102,.T.);
#5501=FACE_BOUND('',#5103,.T.);
#5502=FACE_BOUND('',#5104,.T.);
#5503=FACE_BOUND('',#5105,.T.);
#5504=FACE_BOUND('',#5106,.T.);
#5505=FACE_BOUND('',#5107,.T.);
#5506=FACE_BOUND('',#5108,.T.);
#5507=FACE_BOUND('',#5109,.T.);
#5508=FACE_BOUND('',#5110,.T.);
#5509=FACE_BOUND('',#5111,.T.);
#5510=FACE_BOUND('',#5112,.T.);
#5511=FACE_BOUND('',#5113,.T.);
#5512=FACE_BOUND('',#5114,.T.);
#5513=FACE_BOUND('',#5115,.T.);
#5514=FACE_BOUND('',#5116,.T.);
#5515=FACE_BOUND('',#5117,.T.);
#5516=FACE_BOUND('',#5118,.T.);
#5517=FACE_BOUND('',#5119,.T.);
#5518=FACE_BOUND('',#5120,.T.);
#5519=FACE_BOUND('',#5121,.T.);
#5520=FACE_BOUND('',#5122,.T.);
#5521=FACE_BOUND('',#5123,.T.);
#5522=FACE_BOUND('',#5124,.T.);
#5523=FACE_BOUND('',#5125,.T.);
#5524=FACE_BOUND('',#5126,.T.);
#5525=FACE_BOUND('',#5127,.T.);
#5526=FACE_BOUND('',#5128,.T.);
#5527=FACE_BOUND('',#5129,.T.);
#5528=FACE_BOUND('',#5130,.T.);
#5529=FACE_BOUND('',#5131,.T.);
#5530=FACE_BOUND('',#5132,.T.);
#5531=FACE_BOUND('',#5133,.T.);
#5532=FACE_BOUND('',#5134,.T.);
#5533=FACE_BOUND('',#5135,.T.);
#5534=FACE_BOUND('',#5136,.T.);
#5535=FACE_BOUND('',#5137,.T.);
#5536=FACE_BOUND('',#5138,.T.);
#5537=FACE_BOUND('',#5139,.T.);
#5538=FACE_BOUND('',#5140,.T.);
#5539=FACE_BOUND('',#5141,.T.);
#5540=FACE_BOUND('',#5142,.T.);
#5541=FACE_BOUND('',#5143,.T.);
#5542=FACE_BOUND('',#5144,.T.);
#5543=FACE_BOUND('',#5145,.T.);
#5544=FACE_BOUND('',#5146,.T.);
#5545=FACE_BOUND('',#5147,.T.);
#5546=FACE_BOUND('',#5148,.T.);
#5547=FACE_BOUND('',#5149,.T.);
#5548=FACE_BOUND('',#5150,.T.);
#5549=FACE_BOUND('',#5151,.T.);
#5550=FACE_BOUND('',#5152,.T.);
#5551=FACE_BOUND('',#5153,.T.);
#5552=FACE_BOUND('',#5154,.T.);
#5553=FACE_BOUND('',#5155,.T.);
#5554=FACE_BOUND('',#5156,.T.);
#5555=FACE_BOUND('',#5157,.T.);
#5556=FACE_BOUND('',#5158,.T.);
#5557=FACE_BOUND('',#5159,.T.);
#5558=FACE_BOUND('',#5160,.T.);
#5559=FACE_BOUND('',#5161,.T.);
#5560=FACE_BOUND('',#5162,.T.);
#5561=FACE_BOUND('',#5163,.T.);
#5562=FACE_BOUND('',#5164,.T.);
#5563=FACE_BOUND('',#5165,.T.);
#5564=FACE_BOUND('',#5166,.T.);
#5565=FACE_BOUND('',#5167,.T.);
#5566=FACE_BOUND('',#5168,.T.);
#5567=FACE_BOUND('',#5169,.T.);
#5568=FACE_BOUND('',#5170,.T.);
#5569=FACE_BOUND('',#5171,.T.);
#5570=FACE_BOUND('',#5172,.T.);
#5571=FACE_BOUND('',#5173,.T.);
#5572=FACE_BOUND('',#5174,.T.);
#5573=FACE_BOUND('',#5175,.T.);
#5574=FACE_BOUND('',#5176,.T.);
#5575=FACE_BOUND('',#5177,.T.);
#5576=FACE_BOUND('',#5178,.T.);
#5577=FACE_BOUND('',#5179,.T.);
#5578=FACE_BOUND('',#5180,.T.);
#5579=FACE_BOUND('',#5181,.T.);
#5580=FACE_BOUND('',#5182,.T.);
#5581=FACE_BOUND('',#5183,.T.);
#5582=FACE_BOUND('',#5184,.T.);
#5583=FACE_BOUND('',#5185,.T.);
#5584=FACE_BOUND('',#5186,.T.);
#5585=FACE_BOUND('',#5187,.T.);
#5586=FACE_BOUND('',#5188,.T.);
#5587=FACE_BOUND('',#5189,.T.);
#5588=FACE_BOUND('',#5190,.T.);
#5589=FACE_BOUND('',#5191,.T.);
#5590=FACE_BOUND('',#5192,.T.);
#5591=FACE_BOUND('',#5193,.T.);
#5592=FACE_BOUND('',#5194,.T.);
#5593=FACE_BOUND('',#5195,.T.);
#5594=FACE_BOUND('',#5196,.T.);
#5595=FACE_BOUND('',#5197,.T.);
#5596=FACE_BOUND('',#5198,.T.);
#5597=FACE_BOUND('',#5199,.T.);
#5598=FACE_BOUND('',#5200,.T.);
#5599=FACE_BOUND('',#5201,.T.);
#5600=FACE_BOUND('',#5202,.T.);
#5601=FACE_BOUND('',#5203,.T.);
#5602=FACE_BOUND('',#5204,.T.);
#5603=FACE_BOUND('',#5205,.T.);
#5604=FACE_BOUND('',#5206,.T.);
#5605=FACE_BOUND('',#5207,.T.);
#5606=FACE_BOUND('',#5208,.T.);
#5607=FACE_BOUND('',#5209,.T.);
#5608=FACE_BOUND('',#5210,.T.);
#5609=FACE_BOUND('',#5211,.T.);
#5610=FACE_BOUND('',#5212,.T.);
#5611=FACE_BOUND('',#5213,.T.);
#5612=FACE_BOUND('',#5214,.T.);
#5613=FACE_BOUND('',#5215,.T.);
#5614=FACE_BOUND('',#5216,.T.);
#5615=FACE_BOUND('',#5217,.T.);
#5616=FACE_BOUND('',#5218,.T.);
#5617=FACE_BOUND('',#5219,.T.);
#5618=FACE_BOUND('',#5220,.T.);
#5619=FACE_BOUND('',#5221,.T.);
#5620=FACE_BOUND('',#5222,.T.);
#5621=FACE_BOUND('',#5223,.T.);
#5622=FACE_BOUND('',#5224,.T.);
#5623=FACE_BOUND('',#5225,.T.);
#5624=FACE_BOUND('',#5226,.T.);
#5625=FACE_BOUND('',#5227,.T.);
#5626=FACE_BOUND('',#5228,.T.);
#5627=FACE_BOUND('',#5229,.T.);
#5628=FACE_BOUND('',#5230,.T.);
#5629=FACE_BOUND('',#5231,.T.);
#5630=FACE_BOUND('',#5232,.T.);
#5631=FACE_BOUND('',#5233,.T.);
#5632=FACE_BOUND('',#5234,.T.);
#5633=FACE_BOUND('',#5235,.T.);
#5634=FACE_BOUND('',#5236,.T.);
#5635=FACE_BOUND('',#5237,.T.);
#5636=FACE_BOUND('',#5238,.T.);
#5637=FACE_BOUND('',#5239,.T.);
#5638=FACE_BOUND('',#5240,.T.);
#5639=FACE_BOUND('',#5241,.T.);
#5640=FACE_BOUND('',#5242,.T.);
#5641=FACE_BOUND('',#5243,.T.);
#5642=FACE_BOUND('',#5244,.T.);
#5643=FACE_BOUND('',#5245,.T.);
#5644=FACE_BOUND('',#5246,.T.);
#5645=FACE_BOUND('',#5247,.T.);
#5646=FACE_BOUND('',#5248,.T.);
#5647=FACE_BOUND('',#5249,.T.);
#5648=FACE_BOUND('',#5250,.T.);
#5649=FACE_BOUND('',#5251,.T.);
#5650=FACE_BOUND('',#5252,.T.);
#5651=FACE_BOUND('',#5253,.T.);
#5652=FACE_BOUND('',#5254,.T.);
#5653=FACE_BOUND('',#5255,.T.);
#5654=FACE_BOUND('',#5256,.T.);
#5655=FACE_BOUND('',#5257,.T.);
#5656=FACE_BOUND('',#5258,.T.);
#5657=FACE_BOUND('',#5259,.T.);
#5658=FACE_BOUND('',#5260,.T.);
#5659=FACE_BOUND('',#5261,.T.);
#5660=FACE_BOUND('',#5262,.T.);
#5661=FACE_BOUND('',#5263,.T.);
#5662=FACE_BOUND('',#5264,.T.);
#5663=FACE_BOUND('',#5265,.T.);
#5664=FACE_BOUND('',#5266,.T.);
#5665=FACE_BOUND('',#5267,.T.);
#5666=FACE_BOUND('',#5268,.T.);
#5667=FACE_BOUND('',#5269,.T.);
#5668=FACE_BOUND('',#5270,.T.);
#5669=FACE_BOUND('',#5271,.T.);
#5670=FACE_BOUND('',#5272,.T.);
#5671=FACE_BOUND('',#5273,.T.);
#5672=FACE_BOUND('',#5274,.T.);
#5673=FACE_BOUND('',#5275,.T.);
#5674=FACE_BOUND('',#5276,.T.);
#5675=FACE_BOUND('',#5277,.T.);
#5676=FACE_BOUND('',#5278,.T.);
#5677=FACE_BOUND('',#5279,.T.);
#5678=FACE_BOUND('',#5280,.T.);
#5679=FACE_BOUND('',#5281,.T.);
#5680=FACE_BOUND('',#5282,.T.);
#5681=FACE_BOUND('',#5283,.T.);
#5682=FACE_BOUND('',#5284,.T.);
#5683=FACE_BOUND('',#5285,.T.);
#5684=FACE_BOUND('',#5286,.T.);
#5685=FACE_BOUND('',#5287,.T.);
#5686=FACE_BOUND('',#5288,.T.);
#5687=FACE_BOUND('',#5289,.T.);
#5688=FACE_BOUND('',#5290,.T.);
#5689=FACE_BOUND('',#5291,.T.);
#5690=FACE_BOUND('',#5292,.T.);
#5691=FACE_BOUND('',#5293,.T.);
#5692=FACE_BOUND('',#5294,.T.);
#5693=FACE_BOUND('',#5295,.T.);
#5694=FACE_BOUND('',#5296,.T.);
#5695=FACE_BOUND('',#5297,.T.);
#5696=FACE_BOUND('',#5298,.T.);
#5697=FACE_BOUND('',#5299,.T.);
#5698=FACE_BOUND('',#5300,.T.);
#5699=FACE_BOUND('',#5301,.T.);
#5700=FACE_BOUND('',#5302,.T.);
#5701=FACE_BOUND('',#5303,.T.);
#5702=FACE_BOUND('',#5304,.T.);
#5703=FACE_BOUND('',#5305,.T.);
#5704=FACE_BOUND('',#5306,.T.);
#5705=FACE_BOUND('',#5307,.T.);
#5706=FACE_BOUND('',#5308,.T.);
#5707=FACE_BOUND('',#5309,.T.);
#5708=FACE_BOUND('',#5310,.T.);
#5709=FACE_BOUND('',#5311,.T.);
#5710=FACE_BOUND('',#5312,.T.);
#5711=FACE_BOUND('',#5313,.T.);
#5712=FACE_BOUND('',#5314,.T.);
#5713=FACE_BOUND('',#5315,.T.);
#5714=FACE_BOUND('',#5316,.T.);
#5715=FACE_BOUND('',#5317,.T.);
#5716=FACE_BOUND('',#5318,.T.);
#5717=FACE_BOUND('',#5319,.T.);
#5718=FACE_BOUND('',#5320,.T.);
#5719=FACE_BOUND('',#5321,.T.);
#5720=FACE_BOUND('',#5322,.T.);
#5721=FACE_BOUND('',#5323,.T.);
#5722=FACE_BOUND('',#5324,.T.);
#5723=FACE_BOUND('',#5325,.T.);
#5724=FACE_BOUND('',#5326,.T.);
#5725=FACE_BOUND('',#5327,.T.);
#5726=FACE_BOUND('',#5328,.T.);
#5727=FACE_BOUND('',#5329,.T.);
#5728=FACE_BOUND('',#5330,.T.);
#5729=FACE_BOUND('',#5331,.T.);
#5730=FACE_BOUND('',#5332,.T.);
#5731=FACE_BOUND('',#5333,.T.);
#5732=FACE_BOUND('',#5334,.T.);
#5733=FACE_BOUND('',#5335,.T.);
#5734=FACE_BOUND('',#5336,.T.);
#5735=FACE_BOUND('',#5337,.T.);
#5736=FACE_BOUND('',#5338,.T.);
#5737=FACE_BOUND('',#5339,.T.);
#5738=FACE_BOUND('',#5340,.T.);
#5739=FACE_BOUND('',#5341,.T.);
#5740=FACE_BOUND('',#5342,.T.);
#5741=FACE_BOUND('',#5343,.T.);
#5742=FACE_BOUND('',#5344,.T.);
#5743=FACE_BOUND('',#5345,.T.);
#5744=FACE_BOUND('',#5346,.T.);
#5745=FACE_BOUND('',#5347,.T.);
#5746=FACE_BOUND('',#5348,.T.);
#5747=FACE_BOUND('',#5349,.T.);
#5748=FACE_BOUND('',#5350,.T.);
#5749=FACE_BOUND('',#5351,.T.);
#5750=FACE_BOUND('',#5352,.T.);
#5751=FACE_BOUND('',#5353,.T.);
#5752=FACE_BOUND('',#5354,.T.);
#5753=FACE_BOUND('',#5355,.T.);
#5754=FACE_BOUND('',#5356,.T.);
#5755=FACE_BOUND('',#5357,.T.);
#5756=FACE_BOUND('',#5358,.T.);
#5757=FACE_BOUND('',#5359,.T.);
#5758=FACE_BOUND('',#5360,.T.);
#5759=FACE_BOUND('',#5361,.T.);
#5760=FACE_BOUND('',#5362,.T.);
#5761=FACE_BOUND('',#5363,.T.);
#5762=FACE_BOUND('',#5364,.T.);
#5763=FACE_BOUND('',#5365,.T.);
#5764=FACE_BOUND('',#5366,.T.);
#5765=FACE_BOUND('',#5367,.T.);
#5766=FACE_BOUND('',#5368,.T.);
#5767=FACE_BOUND('',#5369,.T.);
#5768=FACE_BOUND('',#5370,.T.);
#5769=FACE_BOUND('',#5371,.T.);
#5770=FACE_BOUND('',#5372,.T.);
#5771=FACE_BOUND('',#5373,.T.);
#5772=FACE_BOUND('',#5374,.T.);
#5773=FACE_BOUND('',#5375,.T.);
#5774=FACE_BOUND('',#5376,.T.);
#5775=FACE_BOUND('',#5377,.T.);
#5776=FACE_BOUND('',#5378,.T.);
#5777=FACE_BOUND('',#5379,.T.);
#5778=FACE_BOUND('',#5380,.T.);
#5779=FACE_BOUND('',#5381,.T.);
#5780=FACE_BOUND('',#5382,.T.);
#5781=FACE_BOUND('',#5383,.T.);
#5782=FACE_BOUND('',#5384,.T.);
#5783=FACE_BOUND('',#5385,.T.);
#5784=FACE_BOUND('',#5386,.T.);
#5785=FACE_BOUND('',#5387,.T.);
#5786=FACE_BOUND('',#5388,.T.);
#5787=FACE_BOUND('',#5389,.T.);
#5788=FACE_BOUND('',#5390,.T.);
#5789=FACE_BOUND('',#5391,.T.);
#5790=FACE_BOUND('',#5392,.T.);
#5791=FACE_BOUND('',#5393,.T.);
#5792=FACE_BOUND('',#5394,.T.);
#5793=FACE_BOUND('',#5395,.T.);
#5794=FACE_BOUND('',#5396,.T.);
#5795=FACE_BOUND('',#5397,.T.);
#5796=FACE_BOUND('',#5398,.T.);
#5797=FACE_BOUND('',#5399,.T.);
#5798=FACE_BOUND('',#5400,.T.);
#5799=FACE_BOUND('',#5401,.T.);
#5800=FACE_BOUND('',#5402,.T.);
#5801=FACE_BOUND('',#5403,.T.);
#5802=FACE_BOUND('',#5404,.T.);
#5803=FACE_BOUND('',#5405,.T.);
#5804=FACE_BOUND('',#5406,.T.);
#5805=FACE_BOUND('',#5407,.T.);
#5806=FACE_BOUND('',#5408,.T.);
#5807=FACE_BOUND('',#5409,.T.);
#5808=FACE_BOUND('',#5410,.T.);
#5809=FACE_BOUND('',#5411,.T.);
#5810=FACE_BOUND('',#5412,.T.);
#5811=FACE_BOUND('',#5413,.T.);
#5812=FACE_BOUND('',#5414,.T.);
#5813=FACE_BOUND('',#5415,.T.);
#5814=FACE_BOUND('',#5416,.T.);
#5815=FACE_BOUND('',#5417,.T.);
#5816=FACE_BOUND('',#5418,.T.);
#5817=FACE_BOUND('',#5419,.T.);
#5818=FACE_BOUND('',#5420,.T.);
#5819=FACE_BOUND('',#5421,.T.);
#5820=FACE_BOUND('',#5422,.T.);
#5821=FACE_BOUND('',#5423,.T.);
#5822=FACE_BOUND('',#5424,.T.);
#5823=FACE_BOUND('',#5425,.T.);
#5824=FACE_BOUND('',#5426,.T.);
#5825=FACE_BOUND('',#5427,.T.);
#5826=FACE_BOUND('',#5428,.T.);
#5827=FACE_BOUND('',#5429,.T.);
#5828=FACE_BOUND('',#5430,.T.);
#5829=FACE_BOUND('',#5431,.T.);
#5830=FACE_BOUND('',#5432,.T.);
#5831=FACE_BOUND('',#5433,.T.);
#5832=FACE_BOUND('',#5434,.T.);
#5833=FACE_BOUND('',#5435,.T.);
#5834=FACE_BOUND('',#5436,.T.);
#5835=FACE_BOUND('',#5437,.T.);
#5836=FACE_BOUND('',#5438,.T.);
#5837=FACE_BOUND('',#5439,.T.);
#5838=FACE_BOUND('',#5440,.T.);
#5839=FACE_BOUND('',#5441,.T.);
#5840=FACE_BOUND('',#5442,.T.);
#5841=FACE_BOUND('',#5443,.T.);
#5842=PLANE('',#6383);
#5843=PLANE('',#6389);
#5844=PLANE('',#6391);
#5845=PLANE('',#6394);
#5846=PLANE('',#6395);
#5847=PLANE('',#6398);
#5848=PLANE('',#6401);
#5849=PLANE('',#6497);
#5850=PLANE('',#6499);
#5851=PLANE('',#6502);
#5852=PLANE('',#6504);
#5853=PLANE('',#6507);
#5854=PLANE('',#6508);
#5855=PLANE('',#6511);
#5856=PLANE('',#6515);
#5857=PLANE('',#6518);
#5858=PLANE('',#6521);
#5859=PLANE('',#6524);
#5860=PLANE('',#6525);
#5861=PLANE('',#6526);
#5862=PLANE('',#6576);
#5863=PLANE('',#6577);
#5864=PLANE('',#6578);
#5865=PLANE('',#6579);
#5866=PLANE('',#6580);
#5867=PLANE('',#6581);
#5868=PLANE('',#6582);
#5869=PLANE('',#6583);
#5870=PLANE('',#6584);
#5871=PLANE('',#6585);
#5872=PLANE('',#6586);
#5873=PLANE('',#6587);
#5874=PLANE('',#6596);
#5875=PLANE('',#6597);
#5876=PLANE('',#6598);
#5877=PLANE('',#6600);
#5878=PLANE('',#6601);
#5879=PLANE('',#6602);
#5880=PLANE('',#6603);
#5881=PLANE('',#6604);
#5882=PLANE('',#6605);
#5883=PLANE('',#6612);
#5884=PLANE('',#6619);
#5885=PLANE('',#6627);
#5886=PLANE('',#6628);
#5887=PLANE('',#6629);
#5888=PLANE('',#6630);
#5889=PLANE('',#6631);
#5890=PLANE('',#6632);
#5891=PLANE('',#6633);
#5892=PLANE('',#6634);
#5893=PLANE('',#6635);
#5894=PLANE('',#6636);
#5895=PLANE('',#6637);
#5896=PLANE('',#6638);
#5897=PLANE('',#6642);
#5898=PLANE('',#6643);
#5899=PLANE('',#6644);
#5900=PLANE('',#6645);
#5901=PLANE('',#6653);
#5902=PLANE('',#6654);
#5903=PLANE('',#6655);
#5904=PLANE('',#6656);
#5905=PLANE('',#6657);
#5906=PLANE('',#6658);
#5907=PLANE('',#6659);
#5908=PLANE('',#6660);
#5909=PLANE('',#6662);
#5910=PLANE('',#6667);
#5911=PLANE('',#6668);
#5912=PLANE('',#6669);
#5913=PLANE('',#6670);
#5914=PLANE('',#6680);
#5915=PLANE('',#6681);
#5916=PLANE('',#6682);
#5917=PLANE('',#6684);
#5918=PLANE('',#6685);
#5919=PLANE('',#6686);
#5920=PLANE('',#6687);
#5921=PLANE('',#6688);
#5922=PLANE('',#6689);
#5923=PLANE('',#6694);
#5924=PLANE('',#6696);
#5925=PLANE('',#6697);
#5926=PLANE('',#6698);
#5927=PLANE('',#6701);
#5928=PLANE('',#6702);
#5929=PLANE('',#6709);
#5930=PLANE('',#6710);
#5931=PLANE('',#6711);
#5932=PLANE('',#6712);
#5933=PLANE('',#6713);
#5934=PLANE('',#6714);
#5935=PLANE('',#6715);
#5936=PLANE('',#6729);
#5937=PLANE('',#6732);
#5938=PLANE('',#6733);
#5939=PLANE('',#6734);
#5940=PLANE('',#6735);
#5941=PLANE('',#6736);
#5942=PLANE('',#6737);
#5943=PLANE('',#6738);
#5944=PLANE('',#6739);
#5945=PLANE('',#6740);
#5946=PLANE('',#6741);
#5947=PLANE('',#6742);
#5948=PLANE('',#6743);
#5949=PLANE('',#6744);
#5950=PLANE('',#6745);
#5951=PLANE('',#6746);
#5952=PLANE('',#6755);
#5953=PLANE('',#6756);
#5954=PLANE('',#6757);
#5955=PLANE('',#6759);
#5956=PLANE('',#6760);
#5957=PLANE('',#6761);
#5958=PLANE('',#6762);
#5959=PLANE('',#6763);
#5960=PLANE('',#6764);
#5961=PLANE('',#6775);
#5962=PLANE('',#6776);
#5963=PLANE('',#6777);
#5964=PLANE('',#6780);
#5965=PLANE('',#6782);
#5966=PLANE('',#6783);
#5967=PLANE('',#6784);
#5968=PLANE('',#6785);
#5969=PLANE('',#6786);
#5970=PLANE('',#6787);
#5971=PLANE('',#6788);
#5972=PLANE('',#6789);
#5973=PLANE('',#6790);
#5974=PLANE('',#6799);
#5975=PLANE('',#6801);
#5976=PLANE('',#6802);
#5977=PLANE('',#6804);
#5978=PLANE('',#6807);
#5979=PLANE('',#6808);
#5980=PLANE('',#6809);
#5981=PLANE('',#6810);
#5982=PLANE('',#6811);
#5983=PLANE('',#6812);
#5984=PLANE('',#6820);
#5985=PLANE('',#6822);
#5986=PLANE('',#6823);
#5987=PLANE('',#6825);
#5988=PLANE('',#6826);
#5989=PLANE('',#6827);
#5990=PLANE('',#6828);
#5991=PLANE('',#6829);
#5992=PLANE('',#6839);
#5993=PLANE('',#6840);
#5994=PLANE('',#6841);
#5995=PLANE('',#6843);
#5996=PLANE('',#6844);
#5997=PLANE('',#6845);
#5998=PLANE('',#6846);
#5999=PLANE('',#6847);
#6000=PLANE('',#6848);
#6001=ADVANCED_FACE('',(#5444,#5445,#5446),#5842,.F.);
#6002=ADVANCED_FACE('',(#5447),#536,.T.);
#6003=ADVANCED_FACE('',(#5448,#5449),#5843,.T.);
#6004=ADVANCED_FACE('',(#5450,#5451),#5844,.F.);
#6005=ADVANCED_FACE('',(#5452,#5453),#537,.F.);
#6006=ADVANCED_FACE('',(#5454),#5845,.F.);
#6007=ADVANCED_FACE('',(#5455),#5846,.F.);
#6008=ADVANCED_FACE('',(#5456,#5457),#538,.F.);
#6009=ADVANCED_FACE('',(#5458),#5847,.T.);
#6010=ADVANCED_FACE('',(#5459,#5460),#539,.F.);
#6011=ADVANCED_FACE('',(#5461),#5848,.T.);
#6012=ADVANCED_FACE('',(#5462,#5463,#5464,#5465,#5466,#5467,#5468,#5469,
#5470,#5471,#5472,#5473,#5474,#5475,#5476,#5477,#5478,#5479,#5480,#5481,
#5482),#540,.T.);
#6013=ADVANCED_FACE('',(#5483),#5849,.F.);
#6014=ADVANCED_FACE('',(#5484),#5850,.F.);
#6015=ADVANCED_FACE('',(#5485),#5851,.F.);
#6016=ADVANCED_FACE('',(#5486,#5487,#5488),#5852,.T.);
#6017=ADVANCED_FACE('',(#5489),#5853,.T.);
#6018=ADVANCED_FACE('',(#5490,#5491),#5854,.T.);
#6019=ADVANCED_FACE('',(#5492,#5493),#5855,.F.);
#6020=ADVANCED_FACE('',(#5494),#541,.F.);
#6021=ADVANCED_FACE('',(#5495,#5496),#5856,.F.);
#6022=ADVANCED_FACE('',(#5497,#5498),#5857,.T.);
#6023=ADVANCED_FACE('',(#5499),#5858,.F.);
#6024=ADVANCED_FACE('',(#5500),#5859,.F.);
#6025=ADVANCED_FACE('',(#5501),#5860,.T.);
#6026=ADVANCED_FACE('',(#5502),#5861,.F.);
#6027=ADVANCED_FACE('',(#5503),#542,.T.);
#6028=ADVANCED_FACE('',(#5504,#5505),#138,.T.);
#6029=ADVANCED_FACE('',(#5506),#139,.T.);
#6030=ADVANCED_FACE('',(#5507),#134,.T.);
#6031=ADVANCED_FACE('',(#5508,#5509),#140,.T.);
#6032=ADVANCED_FACE('',(#5510),#543,.T.);
#6033=ADVANCED_FACE('',(#5511),#544,.T.);
#6034=ADVANCED_FACE('',(#5512),#545,.T.);
#6035=ADVANCED_FACE('',(#5513),#135,.T.);
#6036=ADVANCED_FACE('',(#5514),#136,.T.);
#6037=ADVANCED_FACE('',(#5515),#546,.T.);
#6038=ADVANCED_FACE('',(#5516),#547,.T.);
#6039=ADVANCED_FACE('',(#5517),#548,.T.);
#6040=ADVANCED_FACE('',(#5518),#141,.T.);
#6041=ADVANCED_FACE('',(#5519),#137,.T.);
#6042=ADVANCED_FACE('',(#5520),#549,.T.);
#6043=ADVANCED_FACE('',(#5521,#5522),#142,.T.);
#6044=ADVANCED_FACE('',(#5523,#5524),#143,.T.);
#6045=ADVANCED_FACE('',(#5525),#131,.F.);
#6046=ADVANCED_FACE('',(#5526),#550,.F.);
#6047=ADVANCED_FACE('',(#5527),#132,.F.);
#6048=ADVANCED_FACE('',(#5528),#551,.F.);
#6049=ADVANCED_FACE('',(#5529),#133,.F.);
#6050=ADVANCED_FACE('',(#5530),#552,.T.);
#6051=ADVANCED_FACE('',(#5531),#5862,.T.);
#6052=ADVANCED_FACE('',(#5532),#5863,.T.);
#6053=ADVANCED_FACE('',(#5533),#5864,.T.);
#6054=ADVANCED_FACE('',(#5534),#5865,.T.);
#6055=ADVANCED_FACE('',(#5535),#5866,.T.);
#6056=ADVANCED_FACE('',(#5536),#5867,.T.);
#6057=ADVANCED_FACE('',(#5537),#5868,.T.);
#6058=ADVANCED_FACE('',(#5538),#5869,.T.);
#6059=ADVANCED_FACE('',(#5539),#5870,.T.);
#6060=ADVANCED_FACE('',(#5540),#5871,.T.);
#6061=ADVANCED_FACE('',(#5541),#5872,.T.);
#6062=ADVANCED_FACE('',(#5542),#5873,.T.);
#6063=ADVANCED_FACE('',(#5543),#553,.T.);
#6064=ADVANCED_FACE('',(#5544),#5874,.T.);
#6065=ADVANCED_FACE('',(#5545),#5875,.T.);
#6066=ADVANCED_FACE('',(#5546),#5876,.T.);
#6067=ADVANCED_FACE('',(#5547),#554,.F.);
#6068=ADVANCED_FACE('',(#5548),#5877,.T.);
#6069=ADVANCED_FACE('',(#5549),#5878,.T.);
#6070=ADVANCED_FACE('',(#5550),#5879,.T.);
#6071=ADVANCED_FACE('',(#5551),#5880,.T.);
#6072=ADVANCED_FACE('',(#5552),#5881,.T.);
#6073=ADVANCED_FACE('',(#5553),#5882,.T.);
#6074=ADVANCED_FACE('',(#5554),#555,.T.);
#6075=ADVANCED_FACE('',(#5555),#10,.T.);
#6076=ADVANCED_FACE('',(#5556),#556,.T.);
#6077=ADVANCED_FACE('',(#5557),#557,.T.);
#6078=ADVANCED_FACE('',(#5558),#558,.T.);
#6079=ADVANCED_FACE('',(#5559),#11,.T.);
#6080=ADVANCED_FACE('',(#5560),#559,.T.);
#6081=ADVANCED_FACE('',(#5561),#12,.T.);
#6082=ADVANCED_FACE('',(#5562),#5883,.T.);
#6083=ADVANCED_FACE('',(#5563),#560,.F.);
#6084=ADVANCED_FACE('',(#5564),#561,.F.);
#6085=ADVANCED_FACE('',(#5565),#13,.T.);
#6086=ADVANCED_FACE('',(#5566),#14,.T.);
#6087=ADVANCED_FACE('',(#5567),#15,.T.);
#6088=ADVANCED_FACE('',(#5568),#562,.F.);
#6089=ADVANCED_FACE('',(#5569),#16,.T.);
#6090=ADVANCED_FACE('',(#5570),#17,.T.);
#6091=ADVANCED_FACE('',(#5571),#563,.T.);
#6092=ADVANCED_FACE('',(#5572),#564,.T.);
#6093=ADVANCED_FACE('',(#5573),#18,.T.);
#6094=ADVANCED_FACE('',(#5574),#19,.T.);
#6095=ADVANCED_FACE('',(#5575),#565,.T.);
#6096=ADVANCED_FACE('',(#5576),#20,.T.);
#6097=ADVANCED_FACE('',(#5577),#5884,.T.);
#6098=ADVANCED_FACE('',(#5578),#21,.T.);
#6099=ADVANCED_FACE('',(#5579),#22,.T.);
#6100=ADVANCED_FACE('',(#5580),#23,.T.);
#6101=ADVANCED_FACE('',(#5581),#24,.T.);
#6102=ADVANCED_FACE('',(#5582),#25,.T.);
#6103=ADVANCED_FACE('',(#5583),#566,.T.);
#6104=ADVANCED_FACE('',(#5584),#5885,.T.);
#6105=ADVANCED_FACE('',(#5585),#5886,.T.);
#6106=ADVANCED_FACE('',(#5586),#5887,.T.);
#6107=ADVANCED_FACE('',(#5587),#5888,.T.);
#6108=ADVANCED_FACE('',(#5588),#5889,.T.);
#6109=ADVANCED_FACE('',(#5589),#5890,.T.);
#6110=ADVANCED_FACE('',(#5590),#5891,.T.);
#6111=ADVANCED_FACE('',(#5591),#5892,.T.);
#6112=ADVANCED_FACE('',(#5592),#5893,.T.);
#6113=ADVANCED_FACE('',(#5593),#5894,.T.);
#6114=ADVANCED_FACE('',(#5594),#5895,.T.);
#6115=ADVANCED_FACE('',(#5595),#26,.T.);
#6116=ADVANCED_FACE('',(#5596),#27,.T.);
#6117=ADVANCED_FACE('',(#5597),#28,.T.);
#6118=ADVANCED_FACE('',(#5598),#5896,.T.);
#6119=ADVANCED_FACE('',(#5599),#29,.T.);
#6120=ADVANCED_FACE('',(#5600),#30,.T.);
#6121=ADVANCED_FACE('',(#5601),#31,.T.);
#6122=ADVANCED_FACE('',(#5602),#567,.T.);
#6123=ADVANCED_FACE('',(#5603),#5897,.T.);
#6124=ADVANCED_FACE('',(#5604),#5898,.T.);
#6125=ADVANCED_FACE('',(#5605),#5899,.T.);
#6126=ADVANCED_FACE('',(#5606),#5900,.T.);
#6127=ADVANCED_FACE('',(#5607,#5608),#568,.T.);
#6128=ADVANCED_FACE('',(#5609),#5901,.T.);
#6129=ADVANCED_FACE('',(#5610),#5902,.T.);
#6130=ADVANCED_FACE('',(#5611),#5903,.T.);
#6131=ADVANCED_FACE('',(#5612),#5904,.T.);
#6132=ADVANCED_FACE('',(#5613),#32,.T.);
#6133=ADVANCED_FACE('',(#5614),#33,.T.);
#6134=ADVANCED_FACE('',(#5615),#34,.T.);
#6135=ADVANCED_FACE('',(#5616),#35,.T.);
#6136=ADVANCED_FACE('',(#5617),#36,.T.);
#6137=ADVANCED_FACE('',(#5618),#37,.T.);
#6138=ADVANCED_FACE('',(#5619),#5905,.T.);
#6139=ADVANCED_FACE('',(#5620),#5906,.T.);
#6140=ADVANCED_FACE('',(#5621),#38,.T.);
#6141=ADVANCED_FACE('',(#5622),#39,.T.);
#6142=ADVANCED_FACE('',(#5623),#5907,.T.);
#6143=ADVANCED_FACE('',(#5624),#40,.T.);
#6144=ADVANCED_FACE('',(#5625),#41,.T.);
#6145=ADVANCED_FACE('',(#5626),#42,.T.);
#6146=ADVANCED_FACE('',(#5627),#43,.T.);
#6147=ADVANCED_FACE('',(#5628),#44,.T.);
#6148=ADVANCED_FACE('',(#5629),#45,.T.);
#6149=ADVANCED_FACE('',(#5630),#46,.T.);
#6150=ADVANCED_FACE('',(#5631),#5908,.T.);
#6151=ADVANCED_FACE('',(#5632),#5909,.T.);
#6152=ADVANCED_FACE('',(#5633),#47,.T.);
#6153=ADVANCED_FACE('',(#5634),#569,.T.);
#6154=ADVANCED_FACE('',(#5635),#48,.T.);
#6155=ADVANCED_FACE('',(#5636),#49,.T.);
#6156=ADVANCED_FACE('',(#5637),#50,.T.);
#6157=ADVANCED_FACE('',(#5638),#51,.T.);
#6158=ADVANCED_FACE('',(#5639),#52,.T.);
#6159=ADVANCED_FACE('',(#5640),#570,.T.);
#6160=ADVANCED_FACE('',(#5641),#5910,.T.);
#6161=ADVANCED_FACE('',(#5642),#5911,.T.);
#6162=ADVANCED_FACE('',(#5643),#5912,.T.);
#6163=ADVANCED_FACE('',(#5644),#5913,.T.);
#6164=ADVANCED_FACE('',(#5645),#571,.T.);
#6165=ADVANCED_FACE('',(#5646),#53,.T.);
#6166=ADVANCED_FACE('',(#5647),#54,.T.);
#6167=ADVANCED_FACE('',(#5648),#55,.T.);
#6168=ADVANCED_FACE('',(#5649),#56,.T.);
#6169=ADVANCED_FACE('',(#5650),#57,.T.);
#6170=ADVANCED_FACE('',(#5651),#58,.T.);
#6171=ADVANCED_FACE('',(#5652),#59,.T.);
#6172=ADVANCED_FACE('',(#5653),#60,.T.);
#6173=ADVANCED_FACE('',(#5654),#572,.T.);
#6174=ADVANCED_FACE('',(#5655),#5914,.T.);
#6175=ADVANCED_FACE('',(#5656),#5915,.T.);
#6176=ADVANCED_FACE('',(#5657),#5916,.T.);
#6177=ADVANCED_FACE('',(#5658),#573,.F.);
#6178=ADVANCED_FACE('',(#5659),#5917,.T.);
#6179=ADVANCED_FACE('',(#5660),#5918,.T.);
#6180=ADVANCED_FACE('',(#5661),#5919,.T.);
#6181=ADVANCED_FACE('',(#5662),#5920,.T.);
#6182=ADVANCED_FACE('',(#5663),#5921,.T.);
#6183=ADVANCED_FACE('',(#5664),#5922,.T.);
#6184=ADVANCED_FACE('',(#5665),#574,.T.);
#6185=ADVANCED_FACE('',(#5666),#61,.T.);
#6186=ADVANCED_FACE('',(#5667),#5923,.T.);
#6187=ADVANCED_FACE('',(#5668),#62,.T.);
#6188=ADVANCED_FACE('',(#5669),#575,.T.);
#6189=ADVANCED_FACE('',(#5670),#63,.T.);
#6190=ADVANCED_FACE('',(#5671),#64,.T.);
#6191=ADVANCED_FACE('',(#5672),#65,.T.);
#6192=ADVANCED_FACE('',(#5673),#5924,.T.);
#6193=ADVANCED_FACE('',(#5674),#5925,.T.);
#6194=ADVANCED_FACE('',(#5675),#5926,.T.);
#6195=ADVANCED_FACE('',(#5676),#66,.T.);
#6196=ADVANCED_FACE('',(#5677),#67,.T.);
#6197=ADVANCED_FACE('',(#5678),#68,.T.);
#6198=ADVANCED_FACE('',(#5679),#69,.T.);
#6199=ADVANCED_FACE('',(#5680),#576,.T.);
#6200=ADVANCED_FACE('',(#5681),#577,.T.);
#6201=ADVANCED_FACE('',(#5682),#5927,.T.);
#6202=ADVANCED_FACE('',(#5683),#70,.T.);
#6203=ADVANCED_FACE('',(#5684),#71,.T.);
#6204=ADVANCED_FACE('',(#5685),#72,.T.);
#6205=ADVANCED_FACE('',(#5686),#73,.T.);
#6206=ADVANCED_FACE('',(#5687),#74,.T.);
#6207=ADVANCED_FACE('',(#5688),#5928,.T.);
#6208=ADVANCED_FACE('',(#5689),#75,.T.);
#6209=ADVANCED_FACE('',(#5690),#76,.T.);
#6210=ADVANCED_FACE('',(#5691),#77,.T.);
#6211=ADVANCED_FACE('',(#5692),#78,.T.);
#6212=ADVANCED_FACE('',(#5693),#578,.T.);
#6213=ADVANCED_FACE('',(#5694),#5929,.T.);
#6214=ADVANCED_FACE('',(#5695),#5930,.T.);
#6215=ADVANCED_FACE('',(#5696),#5931,.T.);
#6216=ADVANCED_FACE('',(#5697),#5932,.T.);
#6217=ADVANCED_FACE('',(#5698),#5933,.T.);
#6218=ADVANCED_FACE('',(#5699),#5934,.T.);
#6219=ADVANCED_FACE('',(#5700),#5935,.T.);
#6220=ADVANCED_FACE('',(#5701),#579,.T.);
#6221=ADVANCED_FACE('',(#5702),#5936,.T.);
#6222=ADVANCED_FACE('',(#5703),#580,.F.);
#6223=ADVANCED_FACE('',(#5704),#581,.F.);
#6224=ADVANCED_FACE('',(#5705),#5937,.T.);
#6225=ADVANCED_FACE('',(#5706),#5938,.T.);
#6226=ADVANCED_FACE('',(#5707),#5939,.T.);
#6227=ADVANCED_FACE('',(#5708),#5940,.T.);
#6228=ADVANCED_FACE('',(#5709),#5941,.T.);
#6229=ADVANCED_FACE('',(#5710),#5942,.T.);
#6230=ADVANCED_FACE('',(#5711),#5943,.T.);
#6231=ADVANCED_FACE('',(#5712),#5944,.T.);
#6232=ADVANCED_FACE('',(#5713),#5945,.T.);
#6233=ADVANCED_FACE('',(#5714),#5946,.T.);
#6234=ADVANCED_FACE('',(#5715),#5947,.T.);
#6235=ADVANCED_FACE('',(#5716),#79,.T.);
#6236=ADVANCED_FACE('',(#5717),#5948,.T.);
#6237=ADVANCED_FACE('',(#5718),#5949,.T.);
#6238=ADVANCED_FACE('',(#5719),#5950,.T.);
#6239=ADVANCED_FACE('',(#5720),#5951,.T.);
#6240=ADVANCED_FACE('',(#5721),#582,.T.);
#6241=ADVANCED_FACE('',(#5722),#5952,.T.);
#6242=ADVANCED_FACE('',(#5723),#5953,.T.);
#6243=ADVANCED_FACE('',(#5724),#5954,.T.);
#6244=ADVANCED_FACE('',(#5725),#583,.F.);
#6245=ADVANCED_FACE('',(#5726),#5955,.T.);
#6246=ADVANCED_FACE('',(#5727),#5956,.T.);
#6247=ADVANCED_FACE('',(#5728),#5957,.T.);
#6248=ADVANCED_FACE('',(#5729),#5958,.T.);
#6249=ADVANCED_FACE('',(#5730),#5959,.T.);
#6250=ADVANCED_FACE('',(#5731),#5960,.T.);
#6251=ADVANCED_FACE('',(#5732),#584,.T.);
#6252=ADVANCED_FACE('',(#5733),#80,.T.);
#6253=ADVANCED_FACE('',(#5734),#81,.T.);
#6254=ADVANCED_FACE('',(#5735),#82,.T.);
#6255=ADVANCED_FACE('',(#5736),#83,.T.);
#6256=ADVANCED_FACE('',(#5737),#84,.T.);
#6257=ADVANCED_FACE('',(#5738),#85,.T.);
#6258=ADVANCED_FACE('',(#5739),#86,.T.);
#6259=ADVANCED_FACE('',(#5740),#87,.T.);
#6260=ADVANCED_FACE('',(#5741,#5742),#585,.T.);
#6261=ADVANCED_FACE('',(#5743),#88,.T.);
#6262=ADVANCED_FACE('',(#5744),#89,.T.);
#6263=ADVANCED_FACE('',(#5745),#90,.T.);
#6264=ADVANCED_FACE('',(#5746),#91,.T.);
#6265=ADVANCED_FACE('',(#5747),#92,.T.);
#6266=ADVANCED_FACE('',(#5748),#93,.T.);
#6267=ADVANCED_FACE('',(#5749),#94,.T.);
#6268=ADVANCED_FACE('',(#5750),#95,.T.);
#6269=ADVANCED_FACE('',(#5751),#96,.T.);
#6270=ADVANCED_FACE('',(#5752),#97,.T.);
#6271=ADVANCED_FACE('',(#5753),#98,.T.);
#6272=ADVANCED_FACE('',(#5754),#99,.T.);
#6273=ADVANCED_FACE('',(#5755),#100,.T.);
#6274=ADVANCED_FACE('',(#5756),#101,.T.);
#6275=ADVANCED_FACE('',(#5757),#102,.T.);
#6276=ADVANCED_FACE('',(#5758),#103,.T.);
#6277=ADVANCED_FACE('',(#5759),#586,.T.);
#6278=ADVANCED_FACE('',(#5760),#104,.T.);
#6279=ADVANCED_FACE('',(#5761),#105,.T.);
#6280=ADVANCED_FACE('',(#5762),#106,.T.);
#6281=ADVANCED_FACE('',(#5763),#5961,.T.);
#6282=ADVANCED_FACE('',(#5764),#5962,.T.);
#6283=ADVANCED_FACE('',(#5765),#5963,.T.);
#6284=ADVANCED_FACE('',(#5766),#107,.T.);
#6285=ADVANCED_FACE('',(#5767),#108,.T.);
#6286=ADVANCED_FACE('',(#5768),#587,.F.);
#6287=ADVANCED_FACE('',(#5769),#588,.F.);
#6288=ADVANCED_FACE('',(#5770),#5964,.T.);
#6289=ADVANCED_FACE('',(#5771),#109,.T.);
#6290=ADVANCED_FACE('',(#5772),#110,.T.);
#6291=ADVANCED_FACE('',(#5773),#589,.F.);
#6292=ADVANCED_FACE('',(#5774),#5965,.T.);
#6293=ADVANCED_FACE('',(#5775),#5966,.T.);
#6294=ADVANCED_FACE('',(#5776),#5967,.T.);
#6295=ADVANCED_FACE('',(#5777),#5968,.T.);
#6296=ADVANCED_FACE('',(#5778),#5969,.T.);
#6297=ADVANCED_FACE('',(#5779),#5970,.T.);
#6298=ADVANCED_FACE('',(#5780),#111,.T.);
#6299=ADVANCED_FACE('',(#5781),#112,.T.);
#6300=ADVANCED_FACE('',(#5782),#113,.T.);
#6301=ADVANCED_FACE('',(#5783),#114,.T.);
#6302=ADVANCED_FACE('',(#5784),#5971,.T.);
#6303=ADVANCED_FACE('',(#5785),#5972,.T.);
#6304=ADVANCED_FACE('',(#5786),#5973,.T.);
#6305=ADVANCED_FACE('',(#5787),#115,.T.);
#6306=ADVANCED_FACE('',(#5788,#5789),#590,.T.);
#6307=ADVANCED_FACE('',(#5790),#5974,.T.);
#6308=ADVANCED_FACE('',(#5791),#5975,.T.);
#6309=ADVANCED_FACE('',(#5792),#5976,.T.);
#6310=ADVANCED_FACE('',(#5793),#116,.T.);
#6311=ADVANCED_FACE('',(#5794),#117,.T.);
#6312=ADVANCED_FACE('',(#5795),#118,.T.);
#6313=ADVANCED_FACE('',(#5796),#119,.T.);
#6314=ADVANCED_FACE('',(#5797),#5977,.T.);
#6315=ADVANCED_FACE('',(#5798),#591,.T.);
#6316=ADVANCED_FACE('',(#5799),#120,.T.);
#6317=ADVANCED_FACE('',(#5800),#592,.F.);
#6318=ADVANCED_FACE('',(#5801),#121,.T.);
#6319=ADVANCED_FACE('',(#5802),#122,.T.);
#6320=ADVANCED_FACE('',(#5803),#5978,.T.);
#6321=ADVANCED_FACE('',(#5804),#5979,.T.);
#6322=ADVANCED_FACE('',(#5805),#5980,.T.);
#6323=ADVANCED_FACE('',(#5806),#5981,.T.);
#6324=ADVANCED_FACE('',(#5807),#5982,.T.);
#6325=ADVANCED_FACE('',(#5808),#5983,.T.);
#6326=ADVANCED_FACE('',(#5809),#593,.T.);
#6327=ADVANCED_FACE('',(#5810,#5811),#594,.T.);
#6328=ADVANCED_FACE('',(#5812),#5984,.T.);
#6329=ADVANCED_FACE('',(#5813),#5985,.T.);
#6330=ADVANCED_FACE('',(#5814),#5986,.T.);
#6331=ADVANCED_FACE('',(#5815),#123,.T.);
#6332=ADVANCED_FACE('',(#5816),#124,.T.);
#6333=ADVANCED_FACE('',(#5817),#125,.T.);
#6334=ADVANCED_FACE('',(#5818),#126,.T.);
#6335=ADVANCED_FACE('',(#5819),#5987,.T.);
#6336=ADVANCED_FACE('',(#5820),#5988,.T.);
#6337=ADVANCED_FACE('',(#5821),#5989,.T.);
#6338=ADVANCED_FACE('',(#5822),#5990,.T.);
#6339=ADVANCED_FACE('',(#5823),#5991,.T.);
#6340=ADVANCED_FACE('',(#5824),#127,.T.);
#6341=ADVANCED_FACE('',(#5825),#128,.T.);
#6342=ADVANCED_FACE('',(#5826),#129,.T.);
#6343=ADVANCED_FACE('',(#5827),#130,.T.);
#6344=ADVANCED_FACE('',(#5828),#595,.T.);
#6345=ADVANCED_FACE('',(#5829),#596,.T.);
#6346=ADVANCED_FACE('',(#5830),#5992,.T.);
#6347=ADVANCED_FACE('',(#5831),#5993,.T.);
#6348=ADVANCED_FACE('',(#5832),#5994,.T.);
#6349=ADVANCED_FACE('',(#5833),#597,.F.);
#6350=ADVANCED_FACE('',(#5834),#5995,.T.);
#6351=ADVANCED_FACE('',(#5835),#5996,.T.);
#6352=ADVANCED_FACE('',(#5836),#5997,.T.);
#6353=ADVANCED_FACE('',(#5837),#5998,.T.);
#6354=ADVANCED_FACE('',(#5838),#5999,.T.);
#6355=ADVANCED_FACE('',(#5839),#6000,.T.);
#6356=ADVANCED_FACE('',(#5840),#598,.T.);
#6357=ADVANCED_FACE('',(#5841),#599,.T.);
#6358=CLOSED_SHELL('',(#6001,#6002,#6003,#6004,#6005,#6006,#6007,#6008,
#6009,#6010,#6011));
#6359=CLOSED_SHELL('',(#6012,#6013,#6014,#6015,#6016,#6017,#6018,#6019,
#6020,#6021,#6022,#6023,#6024,#6025,#6026,#6027,#6028,#6029,#6030,#6031,
#6032,#6033,#6034,#6035,#6036,#6037,#6038,#6039,#6040,#6041,#6042,#6043,
#6044,#6045,#6046,#6047,#6048,#6049,#6050,#6051,#6052,#6053,#6054,#6055,
#6056,#6057,#6058,#6059,#6060,#6061,#6062,#6063,#6064,#6065,#6066,#6067,
#6068,#6069,#6070,#6071,#6072,#6073,#6074,#6075,#6076,#6077,#6078,#6079,
#6080,#6081,#6082,#6083,#6084,#6085,#6086,#6087,#6088,#6089,#6090,#6091,
#6092,#6093,#6094,#6095,#6096,#6097,#6098,#6099,#6100,#6101,#6102,#6103,
#6104,#6105,#6106,#6107,#6108,#6109,#6110,#6111,#6112,#6113,#6114,#6115,
#6116,#6117,#6118,#6119,#6120,#6121,#6122,#6123,#6124,#6125,#6126,#6127,
#6128,#6129,#6130,#6131,#6132,#6133,#6134,#6135,#6136,#6137,#6138,#6139,
#6140,#6141,#6142,#6143,#6144,#6145,#6146,#6147,#6148,#6149,#6150,#6151,
#6152,#6153,#6154,#6155,#6156,#6157,#6158,#6159,#6160,#6161,#6162,#6163,
#6164,#6165,#6166,#6167,#6168,#6169,#6170,#6171,#6172,#6173,#6174,#6175,
#6176,#6177,#6178,#6179,#6180,#6181,#6182,#6183,#6184,#6185,#6186,#6187,
#6188,#6189,#6190,#6191,#6192,#6193,#6194,#6195,#6196,#6197,#6198,#6199,
#6200,#6201,#6202,#6203,#6204,#6205,#6206,#6207,#6208,#6209,#6210,#6211,
#6212,#6213,#6214,#6215,#6216,#6217,#6218,#6219,#6220,#6221,#6222,#6223,
#6224,#6225,#6226,#6227,#6228,#6229,#6230,#6231,#6232,#6233,#6234,#6235,
#6236,#6237,#6238,#6239,#6240,#6241,#6242,#6243,#6244,#6245,#6246,#6247,
#6248,#6249,#6250,#6251,#6252,#6253,#6254,#6255,#6256,#6257,#6258,#6259,
#6260,#6261,#6262,#6263,#6264,#6265,#6266,#6267,#6268,#6269,#6270,#6271,
#6272,#6273,#6274,#6275,#6276,#6277,#6278,#6279,#6280,#6281,#6282,#6283,
#6284,#6285,#6286,#6287,#6288,#6289,#6290,#6291,#6292,#6293,#6294,#6295,
#6296,#6297,#6298,#6299,#6300,#6301,#6302,#6303,#6304,#6305,#6306,#6307,
#6308,#6309,#6310,#6311,#6312,#6313,#6314,#6315,#6316,#6317,#6318,#6319,
#6320,#6321,#6322,#6323,#6324,#6325,#6326,#6327,#6328,#6329,#6330,#6331,
#6332,#6333,#6334,#6335,#6336,#6337,#6338,#6339,#6340,#6341,#6342,#6343,
#6344,#6345,#6346,#6347,#6348,#6349,#6350,#6351,#6352,#6353,#6354,#6355,
#6356,#6357));
#6360=STYLED_ITEM('',(#6362),#6376);
#6361=STYLED_ITEM('',(#6363),#6377);
#6362=PRESENTATION_STYLE_ASSIGNMENT((#6364));
#6363=PRESENTATION_STYLE_ASSIGNMENT((#6365));
#6364=SURFACE_STYLE_USAGE(.BOTH.,#6366);
#6365=SURFACE_STYLE_USAGE(.BOTH.,#6367);
#6366=SURFACE_SIDE_STYLE('',(#6368));
#6367=SURFACE_SIDE_STYLE('',(#6369));
#6368=SURFACE_STYLE_FILL_AREA(#6370);
#6369=SURFACE_STYLE_FILL_AREA(#6371);
#6370=FILL_AREA_STYLE('',(#6372));
#6371=FILL_AREA_STYLE('',(#6373));
#6372=FILL_AREA_STYLE_COLOUR('',#6374);
#6373=FILL_AREA_STYLE_COLOUR('',#6375);
#6374=COLOUR_RGB('',0.6,0.580392156862745,0.529411764705882);
#6375=COLOUR_RGB('',0.764705882352941,0.545098039215686,0.803921568627451);
#6376=MANIFOLD_SOLID_BREP('Conductor',#6358);
#6377=MANIFOLD_SOLID_BREP('Insulator',#6359);
#6378=SHAPE_DEFINITION_REPRESENTATION(#11998,#6380);
#6379=SHAPE_DEFINITION_REPRESENTATION(#11999,#6381);
#6380=SHAPE_REPRESENTATION('Conductor',(#6382),#11988);
#6381=SHAPE_REPRESENTATION('Insulator',(#6402),#11989);
#6382=AXIS2_PLACEMENT_3D('',#8203,#6851,#6852);
#6383=AXIS2_PLACEMENT_3D('',#8204,#6853,#6854);
#6384=AXIS2_PLACEMENT_3D('',#8213,#6859,#6860);
#6385=AXIS2_PLACEMENT_3D('',#8215,#6861,#6862);
#6386=AXIS2_PLACEMENT_3D('',#8217,#6863,#6864);
#6387=AXIS2_PLACEMENT_3D('',#8218,#6865,#6866);
#6388=AXIS2_PLACEMENT_3D('',#8222,#6868,#6869);
#6389=AXIS2_PLACEMENT_3D('',#8223,#6870,#6871);
#6390=AXIS2_PLACEMENT_3D('',#8227,#6874,#6875);
#6391=AXIS2_PLACEMENT_3D('',#8229,#6876,#6877);
#6392=AXIS2_PLACEMENT_3D('',#8233,#6880,#6881);
#6393=AXIS2_PLACEMENT_3D('',#8235,#6882,#6883);
#6394=AXIS2_PLACEMENT_3D('',#8236,#6884,#6885);
#6395=AXIS2_PLACEMENT_3D('',#8238,#6887,#6888);
#6396=AXIS2_PLACEMENT_3D('',#8239,#6889,#6890);
#6397=AXIS2_PLACEMENT_3D('',#8240,#6891,#6892);
#6398=AXIS2_PLACEMENT_3D('',#8242,#6893,#6894);
#6399=AXIS2_PLACEMENT_3D('',#8243,#6895,#6896);
#6400=AXIS2_PLACEMENT_3D('',#8244,#6897,#6898);
#6401=AXIS2_PLACEMENT_3D('',#8246,#6899,#6900);
#6402=AXIS2_PLACEMENT_3D('',#8247,#6901,#6902);
#6403=AXIS2_PLACEMENT_3D('',#8248,#6903,#6904);
#6404=AXIS2_PLACEMENT_3D('',#8249,#6905,#6906);
#6405=AXIS2_PLACEMENT_3D('',#8252,#6907,#6908);
#6406=AXIS2_PLACEMENT_3D('',#8254,#6909,#6910);
#6407=AXIS2_PLACEMENT_3D('',#8258,#6912,#6913);
#6408=AXIS2_PLACEMENT_3D('',#8262,#6915,#6916);
#6409=AXIS2_PLACEMENT_3D('',#8264,#6917,#6918);
#6410=AXIS2_PLACEMENT_3D('',#8271,#6919,#6920);
#6411=AXIS2_PLACEMENT_3D('',#8275,#6922,#6923);
#6412=AXIS2_PLACEMENT_3D('',#8297,#6924,#6925);
#6413=AXIS2_PLACEMENT_3D('',#8301,#6927,#6928);
#6414=AXIS2_PLACEMENT_3D('',#8308,#6929,#6930);
#6415=AXIS2_PLACEMENT_3D('',#8310,#6931,#6932);
#6416=AXIS2_PLACEMENT_3D('',#8312,#6933,#6934);
#6417=AXIS2_PLACEMENT_3D('',#8316,#6936,#6937);
#6418=AXIS2_PLACEMENT_3D('',#8320,#6939,#6940);
#6419=AXIS2_PLACEMENT_3D('',#8359,#6942,#6943);
#6420=AXIS2_PLACEMENT_3D('',#8385,#6946,#6947);
#6421=AXIS2_PLACEMENT_3D('',#8389,#6949,#6950);
#6422=AXIS2_PLACEMENT_3D('',#8391,#6951,#6952);
#6423=AXIS2_PLACEMENT_3D('',#8393,#6953,#6954);
#6424=AXIS2_PLACEMENT_3D('',#8411,#6955,#6956);
#6425=AXIS2_PLACEMENT_3D('',#8435,#6958,#6959);
#6426=AXIS2_PLACEMENT_3D('',#8489,#6961,#6962);
#6427=AXIS2_PLACEMENT_3D('',#8494,#6964,#6965);
#6428=AXIS2_PLACEMENT_3D('',#8497,#6967,#6968);
#6429=AXIS2_PLACEMENT_3D('',#8536,#6972,#6973);
#6430=AXIS2_PLACEMENT_3D('',#8540,#6975,#6976);
#6431=AXIS2_PLACEMENT_3D('',#8542,#6977,#6978);
#6432=AXIS2_PLACEMENT_3D('',#8544,#6979,#6980);
#6433=AXIS2_PLACEMENT_3D('',#8548,#6982,#6983);
#6434=AXIS2_PLACEMENT_3D('',#8659,#6986,#6987);
#6435=AXIS2_PLACEMENT_3D('',#8685,#6988,#6989);
#6436=AXIS2_PLACEMENT_3D('',#8688,#6990,#6991);
#6437=AXIS2_PLACEMENT_3D('',#8690,#6992,#6993);
#6438=AXIS2_PLACEMENT_3D('',#8694,#6995,#6996);
#6439=AXIS2_PLACEMENT_3D('',#8698,#6998,#6999);
#6440=AXIS2_PLACEMENT_3D('',#8700,#7000,#7001);
#6441=AXIS2_PLACEMENT_3D('',#8707,#7002,#7003);
#6442=AXIS2_PLACEMENT_3D('',#8708,#7004,#7005);
#6443=AXIS2_PLACEMENT_3D('',#8711,#7006,#7007);
#6444=AXIS2_PLACEMENT_3D('',#8713,#7008,#7009);
#6445=AXIS2_PLACEMENT_3D('',#8715,#7010,#7011);
#6446=AXIS2_PLACEMENT_3D('',#8717,#7012,#7013);
#6447=AXIS2_PLACEMENT_3D('',#8719,#7014,#7015);
#6448=AXIS2_PLACEMENT_3D('',#8721,#7016,#7017);
#6449=AXIS2_PLACEMENT_3D('',#8723,#7018,#7019);
#6450=AXIS2_PLACEMENT_3D('',#8725,#7020,#7021);
#6451=AXIS2_PLACEMENT_3D('',#8727,#7022,#7023);
#6452=AXIS2_PLACEMENT_3D('',#8729,#7024,#7025);
#6453=AXIS2_PLACEMENT_3D('',#8731,#7026,#7027);
#6454=AXIS2_PLACEMENT_3D('',#8732,#7028,#7029);
#6455=AXIS2_PLACEMENT_3D('',#8745,#7032,#7033);
#6456=AXIS2_PLACEMENT_3D('',#8756,#7036,#7037);
#6457=AXIS2_PLACEMENT_3D('',#8758,#7038,#7039);
#6458=AXIS2_PLACEMENT_3D('',#8760,#7040,#7041);
#6459=AXIS2_PLACEMENT_3D('',#8792,#7042,#7043);
#6460=AXIS2_PLACEMENT_3D('',#8807,#7045,#7046);
#6461=AXIS2_PLACEMENT_3D('',#8846,#7047,#7048);
#6462=AXIS2_PLACEMENT_3D('',#8851,#7050,#7051);
#6463=AXIS2_PLACEMENT_3D('',#8894,#7053,#7054);
#6464=AXIS2_PLACEMENT_3D('',#8897,#7055,#7056);
#6465=AXIS2_PLACEMENT_3D('',#8899,#7057,#7058);
#6466=AXIS2_PLACEMENT_3D('',#8903,#7060,#7061);
#6467=AXIS2_PLACEMENT_3D('',#8907,#7063,#7064);
#6468=AXIS2_PLACEMENT_3D('',#8909,#7065,#7066);
#6469=AXIS2_PLACEMENT_3D('',#8916,#7067,#7068);
#6470=AXIS2_PLACEMENT_3D('',#8917,#7069,#7070);
#6471=AXIS2_PLACEMENT_3D('',#9004,#7073,#7074);
#6472=AXIS2_PLACEMENT_3D('',#9008,#7076,#7077);
#6473=AXIS2_PLACEMENT_3D('',#9035,#7078,#7079);
#6474=AXIS2_PLACEMENT_3D('',#9040,#7081,#7082);
#6475=AXIS2_PLACEMENT_3D('',#9042,#7083,#7084);
#6476=AXIS2_PLACEMENT_3D('',#9044,#7085,#7086);
#6477=AXIS2_PLACEMENT_3D('',#9046,#7087,#7088);
#6478=AXIS2_PLACEMENT_3D('',#9055,#7090,#7091);
#6479=AXIS2_PLACEMENT_3D('',#9057,#7092,#7093);
#6480=AXIS2_PLACEMENT_3D('',#9059,#7094,#7095);
#6481=AXIS2_PLACEMENT_3D('',#9061,#7096,#7097);
#6482=AXIS2_PLACEMENT_3D('',#9063,#7098,#7099);
#6483=AXIS2_PLACEMENT_3D('',#9072,#7101,#7102);
#6484=AXIS2_PLACEMENT_3D('',#9076,#7104,#7105);
#6485=AXIS2_PLACEMENT_3D('',#9078,#7106,#7107);
#6486=AXIS2_PLACEMENT_3D('',#9080,#7108,#7109);
#6487=AXIS2_PLACEMENT_3D('',#9082,#7110,#7111);
#6488=AXIS2_PLACEMENT_3D('',#9084,#7112,#7113);
#6489=AXIS2_PLACEMENT_3D('',#9088,#7115,#7116);
#6490=AXIS2_PLACEMENT_3D('',#9096,#7118,#7119);
#6491=AXIS2_PLACEMENT_3D('',#9099,#7120,#7121);
#6492=AXIS2_PLACEMENT_3D('',#9101,#7122,#7123);
#6493=AXIS2_PLACEMENT_3D('',#9105,#7125,#7126);
#6494=AXIS2_PLACEMENT_3D('',#9109,#7128,#7129);
#6495=AXIS2_PLACEMENT_3D('',#9111,#7130,#7131);
#6496=AXIS2_PLACEMENT_3D('',#9118,#7132,#7133);
#6497=AXIS2_PLACEMENT_3D('',#9159,#7134,#7135);
#6498=AXIS2_PLACEMENT_3D('',#9165,#7138,#7139);
#6499=AXIS2_PLACEMENT_3D('',#9166,#7140,#7141);
#6500=AXIS2_PLACEMENT_3D('',#9167,#7142,#7143);
#6501=AXIS2_PLACEMENT_3D('',#9176,#7147,#7148);
#6502=AXIS2_PLACEMENT_3D('',#9177,#7149,#7150);
#6503=AXIS2_PLACEMENT_3D('',#9180,#7152,#7153);
#6504=AXIS2_PLACEMENT_3D('',#9183,#7155,#7156);
#6505=AXIS2_PLACEMENT_3D('',#9192,#7161,#7162);
#6506=AXIS2_PLACEMENT_3D('',#9194,#7163,#7164);
#6507=AXIS2_PLACEMENT_3D('',#9196,#7165,#7166);
#6508=AXIS2_PLACEMENT_3D('',#9205,#7171,#7172);
#6509=AXIS2_PLACEMENT_3D('',#9206,#7173,#7174);
#6510=AXIS2_PLACEMENT_3D('',#9208,#7176,#7177);
#6511=AXIS2_PLACEMENT_3D('',#9210,#7178,#7179);
#6512=AXIS2_PLACEMENT_3D('',#9211,#7180,#7181);
#6513=AXIS2_PLACEMENT_3D('',#9213,#7182,#7183);
#6514=AXIS2_PLACEMENT_3D('',#9215,#7185,#7186);
#6515=AXIS2_PLACEMENT_3D('',#9216,#7187,#7188);
#6516=AXIS2_PLACEMENT_3D('',#9224,#7192,#7193);
#6517=AXIS2_PLACEMENT_3D('',#9225,#7194,#7195);
#6518=AXIS2_PLACEMENT_3D('',#9227,#7196,#7197);
#6519=AXIS2_PLACEMENT_3D('',#9228,#7198,#7199);
#6520=AXIS2_PLACEMENT_3D('',#9237,#7203,#7204);
#6521=AXIS2_PLACEMENT_3D('',#9238,#7205,#7206);
#6522=AXIS2_PLACEMENT_3D('',#9241,#7208,#7209);
#6523=AXIS2_PLACEMENT_3D('',#9243,#7210,#7211);
#6524=AXIS2_PLACEMENT_3D('',#9244,#7212,#7213);
#6525=AXIS2_PLACEMENT_3D('',#9253,#7218,#7219);
#6526=AXIS2_PLACEMENT_3D('',#9254,#7220,#7221);
#6527=AXIS2_PLACEMENT_3D('',#9260,#7225,#7226);
#6528=AXIS2_PLACEMENT_3D('',#9267,#7227,#7228);
#6529=AXIS2_PLACEMENT_3D('',#9268,#7229,#7230);
#6530=AXIS2_PLACEMENT_3D('',#9279,#7231,#7232);
#6531=AXIS2_PLACEMENT_3D('',#9291,#7233,#7234);
#6532=AXIS2_PLACEMENT_3D('',#9292,#7235,#7236);
#6533=AXIS2_PLACEMENT_3D('',#9293,#7237,#7238);
#6534=AXIS2_PLACEMENT_3D('',#9294,#7239,#7240);
#6535=AXIS2_PLACEMENT_3D('',#9299,#7241,#7242);
#6536=AXIS2_PLACEMENT_3D('',#9300,#7243,#7244);
#6537=AXIS2_PLACEMENT_3D('',#9301,#7245,#7246);
#6538=AXIS2_PLACEMENT_3D('',#9302,#7247,#7248);
#6539=AXIS2_PLACEMENT_3D('',#9303,#7249,#7250);
#6540=AXIS2_PLACEMENT_3D('',#9304,#7251,#7252);
#6541=AXIS2_PLACEMENT_3D('',#9305,#7253,#7254);
#6542=AXIS2_PLACEMENT_3D('',#9306,#7255,#7256);
#6543=AXIS2_PLACEMENT_3D('',#9307,#7257,#7258);
#6544=AXIS2_PLACEMENT_3D('',#9308,#7259,#7260);
#6545=AXIS2_PLACEMENT_3D('',#9309,#7261,#7262);
#6546=AXIS2_PLACEMENT_3D('',#9310,#7263,#7264);
#6547=AXIS2_PLACEMENT_3D('',#9317,#7265,#7266);
#6548=AXIS2_PLACEMENT_3D('',#9318,#7267,#7268);
#6549=AXIS2_PLACEMENT_3D('',#9319,#7269,#7270);
#6550=AXIS2_PLACEMENT_3D('',#9320,#7271,#7272);
#6551=AXIS2_PLACEMENT_3D('',#9321,#7273,#7274);
#6552=AXIS2_PLACEMENT_3D('',#9333,#7275,#7276);
#6553=AXIS2_PLACEMENT_3D('',#9334,#7277,#7278);
#6554=AXIS2_PLACEMENT_3D('',#9335,#7279,#7280);
#6555=AXIS2_PLACEMENT_3D('',#9336,#7281,#7282);
#6556=AXIS2_PLACEMENT_3D('',#9337,#7283,#7284);
#6557=AXIS2_PLACEMENT_3D('',#9356,#7285,#7286);
#6558=AXIS2_PLACEMENT_3D('',#9357,#7287,#7288);
#6559=AXIS2_PLACEMENT_3D('',#9358,#7289,#7290);
#6560=AXIS2_PLACEMENT_3D('',#9380,#7291,#7292);
#6561=AXIS2_PLACEMENT_3D('',#9381,#7293,#7294);
#6562=AXIS2_PLACEMENT_3D('',#9382,#7295,#7296);
#6563=AXIS2_PLACEMENT_3D('',#9401,#7297,#7298);
#6564=AXIS2_PLACEMENT_3D('',#9402,#7299,#7300);
#6565=AXIS2_PLACEMENT_3D('',#9405,#7301,#7302);
#6566=AXIS2_PLACEMENT_3D('',#9407,#7303,#7304);
#6567=AXIS2_PLACEMENT_3D('',#9409,#7305,#7306);
#6568=AXIS2_PLACEMENT_3D('',#9411,#7307,#7308);
#6569=AXIS2_PLACEMENT_3D('',#9413,#7309,#7310);
#6570=AXIS2_PLACEMENT_3D('',#9415,#7311,#7312);
#6571=AXIS2_PLACEMENT_3D('',#9417,#7313,#7314);
#6572=AXIS2_PLACEMENT_3D('',#9419,#7315,#7316);
#6573=AXIS2_PLACEMENT_3D('',#9421,#7317,#7318);
#6574=AXIS2_PLACEMENT_3D('',#9423,#7319,#7320);
#6575=AXIS2_PLACEMENT_3D('',#9425,#7321,#7322);
#6576=AXIS2_PLACEMENT_3D('',#9426,#7323,#7324);
#6577=AXIS2_PLACEMENT_3D('',#9429,#7327,#7328);
#6578=AXIS2_PLACEMENT_3D('',#9431,#7330,#7331);
#6579=AXIS2_PLACEMENT_3D('',#9433,#7333,#7334);
#6580=AXIS2_PLACEMENT_3D('',#9435,#7336,#7337);
#6581=AXIS2_PLACEMENT_3D('',#9437,#7339,#7340);
#6582=AXIS2_PLACEMENT_3D('',#9439,#7342,#7343);
#6583=AXIS2_PLACEMENT_3D('',#9441,#7345,#7346);
#6584=AXIS2_PLACEMENT_3D('',#9443,#7348,#7349);
#6585=AXIS2_PLACEMENT_3D('',#9445,#7351,#7352);
#6586=AXIS2_PLACEMENT_3D('',#9447,#7354,#7355);
#6587=AXIS2_PLACEMENT_3D('',#9449,#7357,#7358);
#6588=AXIS2_PLACEMENT_3D('',#9450,#7359,#7360);
#6589=AXIS2_PLACEMENT_3D('',#9451,#7361,#7362);
#6590=AXIS2_PLACEMENT_3D('',#9454,#7363,#7364);
#6591=AXIS2_PLACEMENT_3D('',#9461,#7365,#7366);
#6592=AXIS2_PLACEMENT_3D('',#9463,#7367,#7368);
#6593=AXIS2_PLACEMENT_3D('',#9467,#7370,#7371);
#6594=AXIS2_PLACEMENT_3D('',#9471,#7373,#7374);
#6595=AXIS2_PLACEMENT_3D('',#9473,#7375,#7376);
#6596=AXIS2_PLACEMENT_3D('',#9474,#7377,#7378);
#6597=AXIS2_PLACEMENT_3D('',#9477,#7381,#7382);
#6598=AXIS2_PLACEMENT_3D('',#9479,#7384,#7385);
#6599=AXIS2_PLACEMENT_3D('',#9481,#7387,#7388);
#6600=AXIS2_PLACEMENT_3D('',#9483,#7390,#7391);
#6601=AXIS2_PLACEMENT_3D('',#9485,#7393,#7394);
#6602=AXIS2_PLACEMENT_3D('',#9487,#7396,#7397);
#6603=AXIS2_PLACEMENT_3D('',#9489,#7399,#7400);
#6604=AXIS2_PLACEMENT_3D('',#9491,#7402,#7403);
#6605=AXIS2_PLACEMENT_3D('',#9493,#7405,#7406);
#6606=AXIS2_PLACEMENT_3D('',#9494,#7407,#7408);
#6607=AXIS2_PLACEMENT_3D('',#9526,#7409,#7410);
#6608=AXIS2_PLACEMENT_3D('',#9639,#7414,#7415);
#6609=AXIS2_PLACEMENT_3D('',#9641,#7417,#7418);
#6610=AXIS2_PLACEMENT_3D('',#9643,#7420,#7421);
#6611=AXIS2_PLACEMENT_3D('',#9654,#7424,#7425);
#6612=AXIS2_PLACEMENT_3D('',#9665,#7428,#7429);
#6613=AXIS2_PLACEMENT_3D('',#9667,#7431,#7432);
#6614=AXIS2_PLACEMENT_3D('',#9669,#7434,#7435);
#6615=AXIS2_PLACEMENT_3D('',#9698,#7440,#7441);
#6616=AXIS2_PLACEMENT_3D('',#9718,#7445,#7446);
#6617=AXIS2_PLACEMENT_3D('',#9720,#7448,#7449);
#6618=AXIS2_PLACEMENT_3D('',#9740,#7453,#7454);
#6619=AXIS2_PLACEMENT_3D('',#9751,#7457,#7458);
#6620=AXIS2_PLACEMENT_3D('',#9797,#7464,#7465);
#6621=AXIS2_PLACEMENT_3D('',#9798,#7466,#7467);
#6622=AXIS2_PLACEMENT_3D('',#9803,#7469,#7470);
#6623=AXIS2_PLACEMENT_3D('',#9807,#7472,#7473);
#6624=AXIS2_PLACEMENT_3D('',#9809,#7474,#7475);
#6625=AXIS2_PLACEMENT_3D('',#9811,#7476,#7477);
#6626=AXIS2_PLACEMENT_3D('',#9815,#7479,#7480);
#6627=AXIS2_PLACEMENT_3D('',#9852,#7484,#7485);
#6628=AXIS2_PLACEMENT_3D('',#9855,#7488,#7489);
#6629=AXIS2_PLACEMENT_3D('',#9857,#7491,#7492);
#6630=AXIS2_PLACEMENT_3D('',#9859,#7494,#7495);
#6631=AXIS2_PLACEMENT_3D('',#9861,#7497,#7498);
#6632=AXIS2_PLACEMENT_3D('',#9863,#7500,#7501);
#6633=AXIS2_PLACEMENT_3D('',#9865,#7503,#7504);
#6634=AXIS2_PLACEMENT_3D('',#9867,#7506,#7507);
#6635=AXIS2_PLACEMENT_3D('',#9869,#7509,#7510);
#6636=AXIS2_PLACEMENT_3D('',#9871,#7512,#7513);
#6637=AXIS2_PLACEMENT_3D('',#9873,#7515,#7516);
#6638=AXIS2_PLACEMENT_3D('',#9902,#7521,#7522);
#6639=AXIS2_PLACEMENT_3D('',#9930,#7526,#7527);
#6640=AXIS2_PLACEMENT_3D('',#9931,#7528,#7529);
#6641=AXIS2_PLACEMENT_3D('',#9936,#7531,#7532);
#6642=AXIS2_PLACEMENT_3D('',#9939,#7534,#7535);
#6643=AXIS2_PLACEMENT_3D('',#9942,#7538,#7539);
#6644=AXIS2_PLACEMENT_3D('',#9944,#7541,#7542);
#6645=AXIS2_PLACEMENT_3D('',#9946,#7544,#7545);
#6646=AXIS2_PLACEMENT_3D('',#9947,#7546,#7547);
#6647=AXIS2_PLACEMENT_3D('',#9959,#7548,#7549);
#6648=AXIS2_PLACEMENT_3D('',#9974,#7551,#7552);
#6649=AXIS2_PLACEMENT_3D('',#10006,#7553,#7554);
#6650=AXIS2_PLACEMENT_3D('',#10008,#7555,#7556);
#6651=AXIS2_PLACEMENT_3D('',#10010,#7557,#7558);
#6652=AXIS2_PLACEMENT_3D('',#10035,#7560,#7561);
#6653=AXIS2_PLACEMENT_3D('',#10048,#7563,#7564);
#6654=AXIS2_PLACEMENT_3D('',#10051,#7567,#7568);
#6655=AXIS2_PLACEMENT_3D('',#10053,#7570,#7571);
#6656=AXIS2_PLACEMENT_3D('',#10055,#7573,#7574);
#6657=AXIS2_PLACEMENT_3D('',#10111,#7582,#7583);
#6658=AXIS2_PLACEMENT_3D('',#10113,#7585,#7586);
#6659=AXIS2_PLACEMENT_3D('',#10133,#7590,#7591);
#6660=AXIS2_PLACEMENT_3D('',#10220,#7600,#7601);
#6661=AXIS2_PLACEMENT_3D('',#10221,#7602,#7603);
#6662=AXIS2_PLACEMENT_3D('',#10224,#7605,#7606);
#6663=AXIS2_PLACEMENT_3D('',#10240,#7609,#7610);
#6664=AXIS2_PLACEMENT_3D('',#10314,#7616,#7617);
#6665=AXIS2_PLACEMENT_3D('',#10315,#7618,#7619);
#6666=AXIS2_PLACEMENT_3D('',#10320,#7621,#7622);
#6667=AXIS2_PLACEMENT_3D('',#10323,#7624,#7625);
#6668=AXIS2_PLACEMENT_3D('',#10326,#7628,#7629);
#6669=AXIS2_PLACEMENT_3D('',#10328,#7631,#7632);
#6670=AXIS2_PLACEMENT_3D('',#10330,#7634,#7635);
#6671=AXIS2_PLACEMENT_3D('',#10331,#7636,#7637);
#6672=AXIS2_PLACEMENT_3D('',#10444,#7646,#7647);
#6673=AXIS2_PLACEMENT_3D('',#10445,#7648,#7649);
#6674=AXIS2_PLACEMENT_3D('',#10448,#7650,#7651);
#6675=AXIS2_PLACEMENT_3D('',#10455,#7652,#7653);
#6676=AXIS2_PLACEMENT_3D('',#10457,#7654,#7655);
#6677=AXIS2_PLACEMENT_3D('',#10461,#7657,#7658);
#6678=AXIS2_PLACEMENT_3D('',#10465,#7660,#7661);
#6679=AXIS2_PLACEMENT_3D('',#10467,#7662,#7663);
#6680=AXIS2_PLACEMENT_3D('',#10468,#7664,#7665);
#6681=AXIS2_PLACEMENT_3D('',#10471,#7668,#7669);
#6682=AXIS2_PLACEMENT_3D('',#10473,#7671,#7672);
#6683=AXIS2_PLACEMENT_3D('',#10475,#7674,#7675);
#6684=AXIS2_PLACEMENT_3D('',#10477,#7677,#7678);
#6685=AXIS2_PLACEMENT_3D('',#10479,#7680,#7681);
#6686=AXIS2_PLACEMENT_3D('',#10481,#7683,#7684);
#6687=AXIS2_PLACEMENT_3D('',#10483,#7686,#7687);
#6688=AXIS2_PLACEMENT_3D('',#10485,#7689,#7690);
#6689=AXIS2_PLACEMENT_3D('',#10487,#7692,#7693);
#6690=AXIS2_PLACEMENT_3D('',#10488,#7694,#7695);
#6691=AXIS2_PLACEMENT_3D('',#10489,#7696,#7697);
#6692=AXIS2_PLACEMENT_3D('',#10518,#7698,#7699);
#6693=AXIS2_PLACEMENT_3D('',#10522,#7701,#7702);
#6694=AXIS2_PLACEMENT_3D('',#10617,#7707,#7708);
#6695=AXIS2_PLACEMENT_3D('',#10628,#7711,#7712);
#6696=AXIS2_PLACEMENT_3D('',#10657,#7717,#7718);
#6697=AXIS2_PLACEMENT_3D('',#10659,#7720,#7721);
#6698=AXIS2_PLACEMENT_3D('',#10661,#7723,#7724);
#6699=AXIS2_PLACEMENT_3D('',#10699,#7730,#7731);
#6700=AXIS2_PLACEMENT_3D('',#10701,#7733,#7734);
#6701=AXIS2_PLACEMENT_3D('',#10703,#7736,#7737);
#6702=AXIS2_PLACEMENT_3D('',#10750,#7744,#7745);
#6703=AXIS2_PLACEMENT_3D('',#10787,#7750,#7751);
#6704=AXIS2_PLACEMENT_3D('',#10788,#7752,#7753);
#6705=AXIS2_PLACEMENT_3D('',#10793,#7755,#7756);
#6706=AXIS2_PLACEMENT_3D('',#10795,#7757,#7758);
#6707=AXIS2_PLACEMENT_3D('',#10797,#7759,#7760);
#6708=AXIS2_PLACEMENT_3D('',#10799,#7761,#7762);
#6709=AXIS2_PLACEMENT_3D('',#10802,#7764,#7765);
#6710=AXIS2_PLACEMENT_3D('',#10805,#7768,#7769);
#6711=AXIS2_PLACEMENT_3D('',#10807,#7771,#7772);
#6712=AXIS2_PLACEMENT_3D('',#10809,#7774,#7775);
#6713=AXIS2_PLACEMENT_3D('',#10811,#7777,#7778);
#6714=AXIS2_PLACEMENT_3D('',#10813,#7780,#7781);
#6715=AXIS2_PLACEMENT_3D('',#10815,#7783,#7784);
#6716=AXIS2_PLACEMENT_3D('',#10816,#7785,#7786);
#6717=AXIS2_PLACEMENT_3D('',#10830,#7788,#7789);
#6718=AXIS2_PLACEMENT_3D('',#10834,#7791,#7792);
#6719=AXIS2_PLACEMENT_3D('',#10836,#7793,#7794);
#6720=AXIS2_PLACEMENT_3D('',#10838,#7795,#7796);
#6721=AXIS2_PLACEMENT_3D('',#10840,#7797,#7798);
#6722=AXIS2_PLACEMENT_3D('',#10842,#7799,#7800);
#6723=AXIS2_PLACEMENT_3D('',#10846,#7802,#7803);
#6724=AXIS2_PLACEMENT_3D('',#10855,#7805,#7806);
#6725=AXIS2_PLACEMENT_3D('',#10857,#7807,#7808);
#6726=AXIS2_PLACEMENT_3D('',#10859,#7809,#7810);
#6727=AXIS2_PLACEMENT_3D('',#10861,#7811,#7812);
#6728=AXIS2_PLACEMENT_3D('',#10863,#7813,#7814);
#6729=AXIS2_PLACEMENT_3D('',#10864,#7815,#7816);
#6730=AXIS2_PLACEMENT_3D('',#10867,#7819,#7820);
#6731=AXIS2_PLACEMENT_3D('',#10869,#7822,#7823);
#6732=AXIS2_PLACEMENT_3D('',#10871,#7825,#7826);
#6733=AXIS2_PLACEMENT_3D('',#10873,#7828,#7829);
#6734=AXIS2_PLACEMENT_3D('',#10875,#7831,#7832);
#6735=AXIS2_PLACEMENT_3D('',#10877,#7834,#7835);
#6736=AXIS2_PLACEMENT_3D('',#10879,#7837,#7838);
#6737=AXIS2_PLACEMENT_3D('',#10881,#7840,#7841);
#6738=AXIS2_PLACEMENT_3D('',#10883,#7843,#7844);
#6739=AXIS2_PLACEMENT_3D('',#10885,#7846,#7847);
#6740=AXIS2_PLACEMENT_3D('',#10887,#7849,#7850);
#6741=AXIS2_PLACEMENT_3D('',#10889,#7852,#7853);
#6742=AXIS2_PLACEMENT_3D('',#10891,#7855,#7856);
#6743=AXIS2_PLACEMENT_3D('',#10902,#7859,#7860);
#6744=AXIS2_PLACEMENT_3D('',#10904,#7862,#7863);
#6745=AXIS2_PLACEMENT_3D('',#10906,#7865,#7866);
#6746=AXIS2_PLACEMENT_3D('',#10908,#7868,#7869);
#6747=AXIS2_PLACEMENT_3D('',#10909,#7870,#7871);
#6748=AXIS2_PLACEMENT_3D('',#10910,#7872,#7873);
#6749=AXIS2_PLACEMENT_3D('',#10913,#7874,#7875);
#6750=AXIS2_PLACEMENT_3D('',#10920,#7876,#7877);
#6751=AXIS2_PLACEMENT_3D('',#10922,#7878,#7879);
#6752=AXIS2_PLACEMENT_3D('',#10926,#7881,#7882);
#6753=AXIS2_PLACEMENT_3D('',#10930,#7884,#7885);
#6754=AXIS2_PLACEMENT_3D('',#10932,#7886,#7887);
#6755=AXIS2_PLACEMENT_3D('',#10933,#7888,#7889);
#6756=AXIS2_PLACEMENT_3D('',#10936,#7892,#7893);
#6757=AXIS2_PLACEMENT_3D('',#10938,#7895,#7896);
#6758=AXIS2_PLACEMENT_3D('',#10940,#7898,#7899);
#6759=AXIS2_PLACEMENT_3D('',#10942,#7901,#7902);
#6760=AXIS2_PLACEMENT_3D('',#10944,#7904,#7905);
#6761=AXIS2_PLACEMENT_3D('',#10946,#7907,#7908);
#6762=AXIS2_PLACEMENT_3D('',#10948,#7910,#7911);
#6763=AXIS2_PLACEMENT_3D('',#10950,#7913,#7914);
#6764=AXIS2_PLACEMENT_3D('',#10952,#7916,#7917);
#6765=AXIS2_PLACEMENT_3D('',#10953,#7918,#7919);
#6766=AXIS2_PLACEMENT_3D('',#11066,#7928,#7929);
#6767=AXIS2_PLACEMENT_3D('',#11345,#7946,#7947);
#6768=AXIS2_PLACEMENT_3D('',#11359,#7949,#7950);
#6769=AXIS2_PLACEMENT_3D('',#11383,#7952,#7953);
#6770=AXIS2_PLACEMENT_3D('',#11401,#7954,#7955);
#6771=AXIS2_PLACEMENT_3D('',#11403,#7956,#7957);
#6772=AXIS2_PLACEMENT_3D('',#11405,#7958,#7959);
#6773=AXIS2_PLACEMENT_3D('',#11409,#7961,#7962);
#6774=AXIS2_PLACEMENT_3D('',#11435,#7965,#7966);
#6775=AXIS2_PLACEMENT_3D('',#11476,#7972,#7973);
#6776=AXIS2_PLACEMENT_3D('',#11478,#7975,#7976);
#6777=AXIS2_PLACEMENT_3D('',#11480,#7978,#7979);
#6778=AXIS2_PLACEMENT_3D('',#11500,#7983,#7984);
#6779=AXIS2_PLACEMENT_3D('',#11502,#7986,#7987);
#6780=AXIS2_PLACEMENT_3D('',#11504,#7989,#7990);
#6781=AXIS2_PLACEMENT_3D('',#11524,#7994,#7995);
#6782=AXIS2_PLACEMENT_3D('',#11526,#7997,#7998);
#6783=AXIS2_PLACEMENT_3D('',#11528,#8000,#8001);
#6784=AXIS2_PLACEMENT_3D('',#11530,#8003,#8004);
#6785=AXIS2_PLACEMENT_3D('',#11532,#8006,#8007);
#6786=AXIS2_PLACEMENT_3D('',#11534,#8009,#8010);
#6787=AXIS2_PLACEMENT_3D('',#11536,#8012,#8013);
#6788=AXIS2_PLACEMENT_3D('',#11574,#8019,#8020);
#6789=AXIS2_PLACEMENT_3D('',#11576,#8022,#8023);
#6790=AXIS2_PLACEMENT_3D('',#11578,#8025,#8026);
#6791=AXIS2_PLACEMENT_3D('',#11588,#8028,#8029);
#6792=AXIS2_PLACEMENT_3D('',#11605,#8030,#8031);
#6793=AXIS2_PLACEMENT_3D('',#11609,#8033,#8034);
#6794=AXIS2_PLACEMENT_3D('',#11641,#8035,#8036);
#6795=AXIS2_PLACEMENT_3D('',#11645,#8038,#8039);
#6796=AXIS2_PLACEMENT_3D('',#11649,#8041,#8042);
#6797=AXIS2_PLACEMENT_3D('',#11651,#8043,#8044);
#6798=AXIS2_PLACEMENT_3D('',#11653,#8045,#8046);
#6799=AXIS2_PLACEMENT_3D('',#11654,#8047,#8048);
#6800=AXIS2_PLACEMENT_3D('',#11655,#8049,#8050);
#6801=AXIS2_PLACEMENT_3D('',#11660,#8053,#8054);
#6802=AXIS2_PLACEMENT_3D('',#11664,#8057,#8058);
#6803=AXIS2_PLACEMENT_3D('',#11665,#8059,#8060);
#6804=AXIS2_PLACEMENT_3D('',#11722,#8065,#8066);
#6805=AXIS2_PLACEMENT_3D('',#11725,#8069,#8070);
#6806=AXIS2_PLACEMENT_3D('',#11736,#8073,#8074);
#6807=AXIS2_PLACEMENT_3D('',#11756,#8078,#8079);
#6808=AXIS2_PLACEMENT_3D('',#11758,#8081,#8082);
#6809=AXIS2_PLACEMENT_3D('',#11760,#8084,#8085);
#6810=AXIS2_PLACEMENT_3D('',#11762,#8087,#8088);
#6811=AXIS2_PLACEMENT_3D('',#11764,#8090,#8091);
#6812=AXIS2_PLACEMENT_3D('',#11766,#8093,#8094);
#6813=AXIS2_PLACEMENT_3D('',#11767,#8095,#8096);
#6814=AXIS2_PLACEMENT_3D('',#11768,#8097,#8098);
#6815=AXIS2_PLACEMENT_3D('',#11785,#8099,#8100);
#6816=AXIS2_PLACEMENT_3D('',#11789,#8102,#8103);
#6817=AXIS2_PLACEMENT_3D('',#11798,#8105,#8106);
#6818=AXIS2_PLACEMENT_3D('',#11802,#8108,#8109);
#6819=AXIS2_PLACEMENT_3D('',#11824,#8110,#8111);
#6820=AXIS2_PLACEMENT_3D('',#11825,#8112,#8113);
#6821=AXIS2_PLACEMENT_3D('',#11826,#8114,#8115);
#6822=AXIS2_PLACEMENT_3D('',#11831,#8118,#8119);
#6823=AXIS2_PLACEMENT_3D('',#11835,#8122,#8123);
#6824=AXIS2_PLACEMENT_3D('',#11836,#8124,#8125);
#6825=AXIS2_PLACEMENT_3D('',#11893,#8130,#8131);
#6826=AXIS2_PLACEMENT_3D('',#11896,#8134,#8135);
#6827=AXIS2_PLACEMENT_3D('',#11898,#8137,#8138);
#6828=AXIS2_PLACEMENT_3D('',#11900,#8140,#8141);
#6829=AXIS2_PLACEMENT_3D('',#11902,#8143,#8144);
#6830=AXIS2_PLACEMENT_3D('',#11939,#8149,#8150);
#6831=AXIS2_PLACEMENT_3D('',#11940,#8151,#8152);
#6832=AXIS2_PLACEMENT_3D('',#11941,#8153,#8154);
#6833=AXIS2_PLACEMENT_3D('',#11944,#8155,#8156);
#6834=AXIS2_PLACEMENT_3D('',#11951,#8157,#8158);
#6835=AXIS2_PLACEMENT_3D('',#11953,#8159,#8160);
#6836=AXIS2_PLACEMENT_3D('',#11957,#8162,#8163);
#6837=AXIS2_PLACEMENT_3D('',#11961,#8165,#8166);
#6838=AXIS2_PLACEMENT_3D('',#11963,#8167,#8168);
#6839=AXIS2_PLACEMENT_3D('',#11964,#8169,#8170);
#6840=AXIS2_PLACEMENT_3D('',#11967,#8173,#8174);
#6841=AXIS2_PLACEMENT_3D('',#11969,#8176,#8177);
#6842=AXIS2_PLACEMENT_3D('',#11971,#8179,#8180);
#6843=AXIS2_PLACEMENT_3D('',#11973,#8182,#8183);
#6844=AXIS2_PLACEMENT_3D('',#11975,#8185,#8186);
#6845=AXIS2_PLACEMENT_3D('',#11977,#8188,#8189);
#6846=AXIS2_PLACEMENT_3D('',#11979,#8191,#8192);
#6847=AXIS2_PLACEMENT_3D('',#11981,#8194,#8195);
#6848=AXIS2_PLACEMENT_3D('',#11983,#8197,#8198);
#6849=AXIS2_PLACEMENT_3D('',#11984,#8199,#8200);
#6850=AXIS2_PLACEMENT_3D('',#11985,#8201,#8202);
#6851=DIRECTION('',(0.,0.,1.));
#6852=DIRECTION('',(1.,0.,0.));
#6853=DIRECTION('',(-0.891006524188368,-0.453990499739547,0.));
#6854=DIRECTION('',(0.453990499739547,-0.891006524188368,0.));
#6855=DIRECTION('',(-0.453990499739547,0.891006524188368,0.));
#6856=DIRECTION('',(0.,0.,-1.));
#6857=DIRECTION('',(-0.453990499739547,0.891006524188368,0.));
#6858=DIRECTION('',(0.,0.,-1.));
#6859=DIRECTION('',(-0.891006524188368,-0.453990499739547,0.));
#6860=DIRECTION('',(-0.453990499739547,0.891006524188368,0.));
#6861=DIRECTION('',(0.891006524188368,0.453990499739547,0.));
#6862=DIRECTION('',(-0.453990499739547,0.891006524188368,0.));
#6863=DIRECTION('',(0.,0.,-1.));
#6864=DIRECTION('',(-1.,0.,0.));
#6865=DIRECTION('',(0.,0.,1.));
#6866=DIRECTION('',(1.,0.,0.));
#6867=DIRECTION('',(0.,0.,-1.));
#6868=DIRECTION('',(0.,0.,1.));
#6869=DIRECTION('',(1.,0.,0.));
#6870=DIRECTION('',(0.,0.,1.));
#6871=DIRECTION('',(1.,0.,0.));
#6872=DIRECTION('',(0.453990499739547,-0.891006524188368,0.));
#6873=DIRECTION('',(-0.891006524188368,-0.453990499739547,0.));
#6874=DIRECTION('',(0.,0.,1.));
#6875=DIRECTION('',(1.,0.,0.));
#6876=DIRECTION('',(0.,0.,1.));
#6877=DIRECTION('',(1.,0.,0.));
#6878=DIRECTION('',(0.453990499739547,-0.891006524188368,0.));
#6879=DIRECTION('',(-0.891006524188368,-0.453990499739547,0.));
#6880=DIRECTION('',(0.,0.,1.));
#6881=DIRECTION('',(1.,0.,0.));
#6882=DIRECTION('',(0.,0.,-1.));
#6883=DIRECTION('',(-1.,0.,0.));
#6884=DIRECTION('',(0.891006524188368,0.453990499739547,0.));
#6885=DIRECTION('',(-0.453990499739547,0.891006524188368,0.));
#6886=DIRECTION('',(0.,0.,-1.));
#6887=DIRECTION('',(0.453990499739547,-0.891006524188368,0.));
#6888=DIRECTION('',(0.891006524188368,0.453990499739547,0.));
#6889=DIRECTION('',(0.891006524188368,0.453990499739547,0.));
#6890=DIRECTION('',(-0.453990499739547,0.891006524188368,0.));
#6891=DIRECTION('',(-0.891006524188368,-0.453990499739547,0.));
#6892=DIRECTION('',(-0.453990499739547,0.891006524188368,0.));
#6893=DIRECTION('',(0.891006524188368,0.453990499739547,0.));
#6894=DIRECTION('',(-0.453990499739547,0.891006524188368,0.));
#6895=DIRECTION('',(0.891006524188368,0.453990499739547,0.));
#6896=DIRECTION('',(-0.453990499739547,0.891006524188368,0.));
#6897=DIRECTION('',(0.891006524188368,0.453990499739547,0.));
#6898=DIRECTION('',(-0.453990499739547,0.891006524188368,0.));
#6899=DIRECTION('',(0.891006524188368,0.453990499739547,0.));
#6900=DIRECTION('',(-0.453990499739547,0.891006524188368,0.));
#6901=DIRECTION('',(0.,0.,1.));
#6902=DIRECTION('',(1.,0.,0.));
#6903=DIRECTION('',(0.,0.,-1.));
#6904=DIRECTION('',(-1.,0.,0.));
#6905=DIRECTION('',(-0.136796954887813,0.767994079253553,0.625676983246874));
#6906=DIRECTION('',(-0.109720104953048,0.61598148181094,-0.780082247352862));
#6907=DIRECTION('',(-0.109229373776248,0.613226459679073,-0.782318511256074));
#6908=DIRECTION('',(0.137189111090987,-0.77019568997235,-0.622878597277255));
#6909=DIRECTION('',(0.,0.,-1.));
#6910=DIRECTION('',(-1.,0.,0.));
#6911=DIRECTION('',(0.,0.,-1.));
#6912=DIRECTION('',(0.,0.,1.));
#6913=DIRECTION('',(1.,0.,0.));
#6914=DIRECTION('',(0.,0.,-1.));
#6915=DIRECTION('',(-0.175315688056847,0.984242745303361,-0.023035360619251));
#6916=DIRECTION('',(0.00403953198287667,-0.0226784042696627,-0.999734650875492));
#6917=DIRECTION('',(-0.175274847385007,0.984013461002464,-0.0315632133997017));
#6918=DIRECTION('',(0.00553499518057912,-0.0310741092948145,-0.999501757657226));
#6919=DIRECTION('',(0.109865108589828,-0.616795549160673,0.779418314161356));
#6920=DIRECTION('',(0.136680526089241,-0.767340434382353,-0.626503863954461));
#6921=DIRECTION('',(0.,0.,-1.));
#6922=DIRECTION('',(-3.61436277539531E-19,7.88467022712014E-19,-1.));
#6923=DIRECTION('',(0.,1.,7.88467022712014E-19));
#6924=DIRECTION('',(3.61436277539531E-19,-7.88467022712014E-19,1.));
#6925=DIRECTION('',(0.,-1.,-7.88467022712014E-19));
#6926=DIRECTION('',(0.,0.,-1.));
#6927=DIRECTION('',(3.61436277539531E-19,-7.88467022712014E-19,1.));
#6928=DIRECTION('',(0.,-1.,-7.88467022712014E-19));
#6929=DIRECTION('',(0.,0.,1.));
#6930=DIRECTION('',(1.,0.,0.));
#6931=DIRECTION('',(0.848068630475649,0.0398313129578642,0.528387229701107));
#6932=DIRECTION('',(0.52780540550424,0.0247894822801083,-0.849003495569241));
#6933=DIRECTION('',(0.,0.,1.));
#6934=DIRECTION('',(1.,0.,0.));
#6935=DIRECTION('',(0.,0.,-1.));
#6936=DIRECTION('',(0.,0.,1.));
#6937=DIRECTION('',(1.,0.,0.));
#6938=DIRECTION('',(0.,0.,-1.));
#6939=DIRECTION('',(0.,0.,-1.));
#6940=DIRECTION('',(-1.,0.,0.));
#6941=DIRECTION('',(0.,0.,-1.));
#6942=DIRECTION('',(-8.30997110756867E-19,2.48516070258651E-19,1.));
#6943=DIRECTION('',(1.,0.,8.30997110756867E-19));
#6944=DIRECTION('',(0.,0.,-1.));
#6945=DIRECTION('',(0.,0.,-1.));
#6946=DIRECTION('',(-8.30997110756867E-19,2.48516070258651E-19,1.));
#6947=DIRECTION('',(1.,0.,8.30997110756867E-19));
#6948=DIRECTION('',(0.,0.,-1.));
#6949=DIRECTION('',(8.30997110756867E-19,-2.48516070258651E-19,-1.));
#6950=DIRECTION('',(-1.,0.,-8.30997110756867E-19));
#6951=DIRECTION('',(-0.921055813597521,0.275448817235552,-0.275289188530434));
#6952=DIRECTION('',(0.263747526041348,-0.07887572395112,-0.961361463071125));
#6953=DIRECTION('',(8.30997110756867E-19,-2.48516070258651E-19,-1.));
#6954=DIRECTION('',(-1.,0.,-8.30997110756867E-19));
#6955=DIRECTION('',(8.30997110756867E-19,-2.48516070258651E-19,-1.));
#6956=DIRECTION('',(-1.,0.,-8.30997110756867E-19));
#6957=DIRECTION('',(0.,0.,-1.));
#6958=DIRECTION('',(-8.30997110756867E-19,2.48516070258651E-19,1.));
#6959=DIRECTION('',(1.,0.,8.30997110756867E-19));
#6960=DIRECTION('',(0.,0.,-1.));
#6961=DIRECTION('',(0.,0.,1.));
#6962=DIRECTION('',(1.,0.,0.));
#6963=DIRECTION('',(0.,0.,-1.));
#6964=DIRECTION('',(0.,0.,-1.));
#6965=DIRECTION('',(-1.,0.,0.));
#6966=DIRECTION('',(0.,0.,-1.));
#6967=DIRECTION('',(0.,0.,1.));
#6968=DIRECTION('',(1.,0.,0.));
#6969=DIRECTION('',(0.,0.,-1.));
#6970=DIRECTION('',(0.,0.,-1.));
#6971=DIRECTION('',(0.,0.,-1.));
#6972=DIRECTION('',(0.,0.,1.));
#6973=DIRECTION('',(1.,0.,0.));
#6974=DIRECTION('',(0.,0.,-1.));
#6975=DIRECTION('',(0.435580280419933,-0.282695617305119,-0.854606931440279));
#6976=DIRECTION('',(-0.716864097869795,0.465251407790557,-0.519275449770379));
#6977=DIRECTION('',(0.78602569491816,-0.510137921827753,-0.349174609102215));
#6978=DIRECTION('',(-0.292895753526415,0.190092044041507,-0.937057678245216));
#6979=DIRECTION('',(0.,0.,-1.));
#6980=DIRECTION('',(-1.,0.,0.));
#6981=DIRECTION('',(0.,0.,-1.));
#6982=DIRECTION('',(0.,0.,-1.));
#6983=DIRECTION('',(-1.,0.,0.));
#6984=DIRECTION('',(0.,0.,-1.));
#6985=DIRECTION('',(0.,0.,-1.));
#6986=DIRECTION('',(-0.693656771685984,0.610448515186304,0.3823517927263));
#6987=DIRECTION('',(-0.287030388283856,0.252599385594333,-0.924016832421891));
#6988=DIRECTION('',(0.320499985481886,0.711201850349957,0.625676983246874));
#6989=DIRECTION('',(0.257061950489774,0.570430399764337,-0.780082247352862));
#6990=DIRECTION('',(0.25591222215577,0.567879108171252,-0.782318511256074));
#6991=DIRECTION('',(-0.321418763663219,-0.71324065463147,-0.622878597277255));
#6992=DIRECTION('',(3.56359123177426E-19,7.90774662319595E-19,-1.));
#6993=DIRECTION('',(0.,1.,7.90774662319595E-19));
#6994=DIRECTION('',(0.,0.,-1.));
#6995=DIRECTION('',(-3.56359123177426E-19,-7.90774662319595E-19,1.));
#6996=DIRECTION('',(0.,-1.,-7.90774662319595E-19));
#6997=DIRECTION('',(0.,0.,-1.));
#6998=DIRECTION('',(0.410745074866955,0.911459190328169,-0.023035360619251));
#6999=DIRECTION('',(-0.00946417223195751,-0.0210013638324464,-0.999734650875492));
#7000=DIRECTION('',(0.410649389734616,0.9112468613227,-0.0315632133997017));
#7001=DIRECTION('',(-0.0129678754653036,-0.0287762166733483,-0.999501757657226));
#7002=DIRECTION('',(-0.257401677814267,-0.571184267822802,0.779418314161356));
#7003=DIRECTION('',(-0.320227205811588,-0.71059654172268,-0.626503863954461));
#7004=DIRECTION('',(0.481668383227348,0.715083478301739,-0.506607528229733));
#7005=DIRECTION('',(-0.283024122991252,-0.420176788345183,-0.862176787173582));
#7006=DIRECTION('',(0.,0.,-1.));
#7007=DIRECTION('',(-1.,0.,0.));
#7008=DIRECTION('',(-0.472077925604304,-0.700845512858292,0.534750408380896));
#7009=DIRECTION('',(-0.298746577809608,-0.443518298957984,-0.845010059547497));
#7010=DIRECTION('',(-0.464030222614719,-0.688897916448553,-0.556862292863305));
#7011=DIRECTION('',(0.311099723715643,0.461857743376711,-0.83060483190686));
#7012=DIRECTION('',(0.,0.,1.));
#7013=DIRECTION('',(1.,0.,0.));
#7014=DIRECTION('',(0.475839344800739,0.706429704837668,0.523959912648448));
#7015=DIRECTION('',(0.292718300649991,0.434568736251413,-0.851742924794466));
#7016=DIRECTION('',(-0.475962226465065,-0.706612134598488,0.523602186986062));
#7017=DIRECTION('',(-0.292518451681655,-0.434272041055321,-0.851962880519694));
#7018=DIRECTION('',(0.,0.,1.));
#7019=DIRECTION('',(1.,0.,0.));
#7020=DIRECTION('',(0.469807728788142,0.697475185279692,-0.541118345549278));
#7021=DIRECTION('',(-0.302304124296614,-0.448799822106967,-0.840946452581859));
#7022=DIRECTION('',(0.470289173565978,0.698189936794082,0.53977671808453));
#7023=DIRECTION('',(0.301554603384601,0.447687085544872,-0.841808229119848));
#7024=DIRECTION('',(0.,0.,-1.));
#7025=DIRECTION('',(-1.,0.,0.));
#7026=DIRECTION('',(-0.479360128753317,-0.711656650435155,-0.513574414133939));
#7027=DIRECTION('',(0.286916281443591,0.42595507544294,-0.858045057760361));
#7028=DIRECTION('',(0.,0.,1.));
#7029=DIRECTION('',(1.,0.,0.));
#7030=DIRECTION('',(0.,0.,-1.));
#7031=DIRECTION('',(0.,0.,-1.));
#7032=DIRECTION('',(0.,0.,1.));
#7033=DIRECTION('',(1.,0.,0.));
#7034=DIRECTION('',(0.,0.,-1.));
#7035=DIRECTION('',(0.,0.,-1.));
#7036=DIRECTION('',(0.,0.,1.));
#7037=DIRECTION('',(1.,0.,0.));
#7038=DIRECTION('',(0.58979368128516,-0.721410293276689,0.362919553442));
#7039=DIRECTION('',(0.22970911797422,-0.280970324749868,-0.931820475053784));
#7040=DIRECTION('',(0.,0.,1.));
#7041=DIRECTION('',(1.,0.,0.));
#7042=DIRECTION('',(0.0198025046212618,-0.0242215729326039,-0.999510468287049));
#7043=DIRECTION('',(-0.632637910795046,0.773815514215291,-0.0312861596333673));
#7044=DIRECTION('',(0.,0.,-1.));
#7045=DIRECTION('',(0.568576166516617,-0.695457940721089,0.439385247314074));
#7046=DIRECTION('',(0.278107907535302,-0.340169644917925,-0.898298727842108));
#7047=DIRECTION('',(0.,0.,1.));
#7048=DIRECTION('',(1.,0.,0.));
#7049=DIRECTION('',(0.,0.,-1.));
#7050=DIRECTION('',(0.,0.,-1.));
#7051=DIRECTION('',(-1.,0.,0.));
#7052=DIRECTION('',(0.,0.,-1.));
#7053=DIRECTION('',(0.0308468452159142,0.779472119305955,0.625676983246874));
#7054=DIRECTION('',(0.0247411873848813,0.62518762064815,-0.780082247352862));
#7055=DIRECTION('',(0.0246305306186849,0.622391423388467,-0.782318511256074));
#7056=DIRECTION('',(-0.0309352739511129,-0.781706634153433,-0.622878597277255));
#7057=DIRECTION('',(0.,0.,-1.));
#7058=DIRECTION('',(-1.,0.,0.));
#7059=DIRECTION('',(0.,0.,-1.));
#7060=DIRECTION('',(0.,0.,1.));
#7061=DIRECTION('',(1.,0.,0.));
#7062=DIRECTION('',(0.,0.,-1.));
#7063=DIRECTION('',(0.0395325751062667,0.998952725441304,-0.023035360619251));
#7064=DIRECTION('',(-0.000910888827333336,-0.0230173439041776,-0.999734650875492));
#7065=DIRECTION('',(0.039523365793941,0.998720014376504,-0.0315632133997017));
#7066=DIRECTION('',(-0.00124810628822971,-0.0315385267697842,-0.999501757657226));
#7067=DIRECTION('',(-0.0247738847847843,-0.626013854625072,0.779418314161356));
#7068=DIRECTION('',(-0.0308205912606914,-0.77880870539849,-0.626503863954461));
#7069=DIRECTION('',(0.674080251100088,0.484152171091477,0.557864222104494));
#7070=DIRECTION('',(0.453103567280811,0.325437624778782,-0.829932231989907));
#7071=DIRECTION('',(0.,0.,-1.));
#7072=DIRECTION('',(0.,0.,-1.));
#7073=DIRECTION('',(0.,0.,1.));
#7074=DIRECTION('',(1.,0.,0.));
#7075=DIRECTION('',(0.,0.,-1.));
#7076=DIRECTION('',(0.,0.,-1.));
#7077=DIRECTION('',(-1.,0.,0.));
#7078=DIRECTION('',(6.09871011215912E-19,6.16744473923807E-19,-1.));
#7079=DIRECTION('',(0.,1.,6.16744473923807E-19));
#7080=DIRECTION('',(0.,0.,-1.));
#7081=DIRECTION('',(-0.644345190595104,-0.651607189537695,0.400284081496812));
#7082=DIRECTION('',(-0.28145310650868,-0.284625182892097,-0.916391103241544));
#7083=DIRECTION('',(-6.09871011215912E-19,-6.16744473923807E-19,1.));
#7084=DIRECTION('',(0.,-1.,-6.16744473923807E-19));
#7085=DIRECTION('',(0.639371313705193,0.646577255290265,-0.416103564214731));
#7086=DIRECTION('',(-0.292576313151496,-0.295873752020825,-0.909317229490235));
#7087=DIRECTION('',(-6.09871011215912E-19,-6.16744473923807E-19,1.));
#7088=DIRECTION('',(0.,-1.,-6.16744473923807E-19));
#7089=DIRECTION('',(0.,0.,-1.));
#7090=DIRECTION('',(-7.95207580678082E-19,-3.46354351701579E-19,1.));
#7091=DIRECTION('',(1.,0.,7.95207580678082E-19));
#7092=DIRECTION('',(-0.870829085729925,-0.379291458934127,0.312721429752432));
#7093=DIRECTION('',(-0.286706725262675,-0.124875723483622,-0.94984488595433));
#7094=DIRECTION('',(-7.95207580678082E-19,-3.46354351701579E-19,1.));
#7095=DIRECTION('',(1.,0.,7.95207580678082E-19));
#7096=DIRECTION('',(0.876459692468083,0.381743881664829,0.293411002333285));
#7097=DIRECTION('',(0.269002695790986,0.117164695823468,-0.955986393056814));
#7098=DIRECTION('',(-7.95207580678082E-19,-3.46354351701579E-19,1.));
#7099=DIRECTION('',(1.,0.,7.95207580678082E-19));
#7100=DIRECTION('',(0.,0.,-1.));
#7101=DIRECTION('',(-7.95207580678082E-19,-3.46354351701579E-19,1.));
#7102=DIRECTION('',(1.,0.,7.95207580678082E-19));
#7103=DIRECTION('',(0.,0.,-1.));
#7104=DIRECTION('',(7.95207580678082E-19,3.46354351701579E-19,-1.));
#7105=DIRECTION('',(-1.,0.,-7.95207580678082E-19));
#7106=DIRECTION('',(-0.875851173794392,-0.381478840063307,-0.295564909870811));
#7107=DIRECTION('',(0.270977423832781,0.118024792818671,-0.955322659656443));
#7108=DIRECTION('',(7.95207580678082E-19,3.46354351701579E-19,-1.));
#7109=DIRECTION('',(-1.,0.,-7.95207580678082E-19));
#7110=DIRECTION('',(0.871076418836951,0.379399185394512,-0.311900834670532));
#7111=DIRECTION('',(-0.285954393934168,-0.124548043974672,-0.950114661149814));
#7112=DIRECTION('',(7.95207580678082E-19,3.46354351701579E-19,-1.));
#7113=DIRECTION('',(-1.,0.,-7.95207580678082E-19));
#7114=DIRECTION('',(0.,0.,-1.));
#7115=DIRECTION('',(-7.95207580678082E-19,-3.46354351701579E-19,1.));
#7116=DIRECTION('',(1.,0.,7.95207580678082E-19));
#7117=DIRECTION('',(0.,0.,-1.));
#7118=DIRECTION('',(0.762062166631377,0.166702030054174,0.625676983246874));
#7119=DIRECTION('',(0.611223699914323,0.133705931162212,-0.780082247352862));
#7120=DIRECTION('',(0.608489957309213,0.1331079216272,-0.782318511256074));
#7121=DIRECTION('',(-0.764246772320103,-0.16717991521778,-0.622878597277255));
#7122=DIRECTION('',(0.,0.,-1.));
#7123=DIRECTION('',(-1.,0.,0.));
#7124=DIRECTION('',(0.,0.,-1.));
#7125=DIRECTION('',(0.,0.,1.));
#7126=DIRECTION('',(1.,0.,0.));
#7127=DIRECTION('',(0.,0.,-1.));
#7128=DIRECTION('',(0.976640548721552,0.213641313312774,-0.023035360619251));
#7129=DIRECTION('',(-0.0225032384498054,-0.00492261090582428,-0.999734650875492));
#7130=DIRECTION('',(0.976413035390609,0.213591544493649,-0.0315632133997017));
#7131=DIRECTION('',(-0.0308340958544401,-0.00674499614190466,-0.999501757657226));
#7132=DIRECTION('',(-0.612031479485911,-0.133882633930458,0.779418314161356));
#7133=DIRECTION('',(-0.761413570450482,-0.166560148847134,-0.626503863954461));
#7134=DIRECTION('',(-0.891006524188368,-0.453990499739547,0.));
#7135=DIRECTION('',(0.453990499739547,-0.891006524188368,0.));
#7136=DIRECTION('',(-0.453990499739547,0.891006524188368,0.));
#7137=DIRECTION('',(0.,0.,1.));
#7138=DIRECTION('',(-0.891006524188368,-0.453990499739547,0.));
#7139=DIRECTION('',(0.453990499739547,-0.891006524188368,0.));
#7140=DIRECTION('',(-0.891006524188368,-0.453990499739547,0.));
#7141=DIRECTION('',(0.453990499739547,-0.891006524188368,0.));
#7142=DIRECTION('',(-0.891006524188368,-0.453990499739547,0.));
#7143=DIRECTION('',(0.453990499739547,-0.891006524188368,0.));
#7144=DIRECTION('',(0.,0.,1.));
#7145=DIRECTION('',(-0.453990499739547,0.891006524188368,0.));
#7146=DIRECTION('',(0.,0.,-1.));
#7147=DIRECTION('',(-0.891006524188368,-0.453990499739547,0.));
#7148=DIRECTION('',(0.453990499739547,-0.891006524188368,0.));
#7149=DIRECTION('',(-0.891006524188368,-0.453990499739547,0.));
#7150=DIRECTION('',(0.453990499739547,-0.891006524188368,0.));
#7151=DIRECTION('',(-0.453990499739547,0.891006524188368,0.));
#7152=DIRECTION('',(-0.891006524188368,-0.453990499739547,0.));
#7153=DIRECTION('',(0.453990499739547,-0.891006524188368,0.));
#7154=DIRECTION('',(0.,0.,-1.));
#7155=DIRECTION('',(-0.891006524188368,-0.453990499739547,0.));
#7156=DIRECTION('',(0.453990499739547,-0.891006524188368,0.));
#7157=DIRECTION('',(-0.453990499739547,0.891006524188368,0.));
#7158=DIRECTION('',(0.,0.,-1.));
#7159=DIRECTION('',(-0.453990499739547,0.891006524188368,0.));
#7160=DIRECTION('',(0.,0.,-1.));
#7161=DIRECTION('',(0.891006524188368,0.453990499739547,0.));
#7162=DIRECTION('',(-0.453990499739547,0.891006524188368,0.));
#7163=DIRECTION('',(-0.891006524188368,-0.453990499739547,0.));
#7164=DIRECTION('',(-0.453990499739547,0.891006524188368,0.));
#7165=DIRECTION('',(0.891006524188368,0.453990499739547,0.));
#7166=DIRECTION('',(-0.453990499739547,0.891006524188368,0.));
#7167=DIRECTION('',(0.,0.,-1.));
#7168=DIRECTION('',(0.453990499739547,-0.891006524188368,0.));
#7169=DIRECTION('',(0.,0.,-1.));
#7170=DIRECTION('',(0.453990499739547,-0.891006524188368,0.));
#7171=DIRECTION('',(0.,0.,1.));
#7172=DIRECTION('',(1.,0.,0.));
#7173=DIRECTION('',(0.,0.,1.));
#7174=DIRECTION('',(1.,0.,0.));
#7175=DIRECTION('',(-0.891006524188368,-0.453990499739547,0.));
#7176=DIRECTION('',(0.,0.,1.));
#7177=DIRECTION('',(1.,0.,0.));
#7178=DIRECTION('',(0.,0.,1.));
#7179=DIRECTION('',(1.,0.,0.));
#7180=DIRECTION('',(0.,0.,1.));
#7181=DIRECTION('',(1.,0.,0.));
#7182=DIRECTION('',(0.,0.,1.));
#7183=DIRECTION('',(1.,0.,0.));
#7184=DIRECTION('',(-0.891006524188368,-0.453990499739547,0.));
#7185=DIRECTION('',(0.,0.,-1.));
#7186=DIRECTION('',(-1.,0.,0.));
#7187=DIRECTION('',(0.,0.,1.));
#7188=DIRECTION('',(1.,0.,0.));
#7189=DIRECTION('',(-0.453990499739547,0.891006524188368,0.));
#7190=DIRECTION('',(-0.891006524188368,-0.453990499739547,0.));
#7191=DIRECTION('',(-0.453990499739547,0.891006524188368,0.));
#7192=DIRECTION('',(0.,0.,1.));
#7193=DIRECTION('',(1.,0.,0.));
#7194=DIRECTION('',(0.,0.,1.));
#7195=DIRECTION('',(1.,0.,0.));
#7196=DIRECTION('',(0.,0.,1.));
#7197=DIRECTION('',(1.,0.,0.));
#7198=DIRECTION('',(0.,0.,1.));
#7199=DIRECTION('',(1.,0.,0.));
#7200=DIRECTION('',(-0.453990499739547,0.891006524188368,0.));
#7201=DIRECTION('',(-0.891006524188368,-0.453990499739547,0.));
#7202=DIRECTION('',(-0.453990499739547,0.891006524188368,0.));
#7203=DIRECTION('',(0.,0.,1.));
#7204=DIRECTION('',(1.,0.,0.));
#7205=DIRECTION('',(-0.891006524188368,-0.453990499739547,0.));
#7206=DIRECTION('',(0.453990499739547,-0.891006524188368,0.));
#7207=DIRECTION('',(0.,0.,-1.));
#7208=DIRECTION('',(-0.891006524188368,-0.453990499739547,0.));
#7209=DIRECTION('',(0.453990499739547,-0.891006524188368,0.));
#7210=DIRECTION('',(-0.891006524188368,-0.453990499739547,0.));
#7211=DIRECTION('',(0.453990499739547,-0.891006524188368,0.));
#7212=DIRECTION('',(0.453990499739547,-0.891006524188368,0.));
#7213=DIRECTION('',(0.891006524188368,0.453990499739547,0.));
#7214=DIRECTION('',(-0.891006524188368,-0.453990499739547,0.));
#7215=DIRECTION('',(0.,0.,-1.));
#7216=DIRECTION('',(-0.891006524188368,-0.453990499739547,0.));
#7217=DIRECTION('',(0.,0.,-1.));
#7218=DIRECTION('',(0.453990499739547,-0.891006524188368,0.));
#7219=DIRECTION('',(0.891006524188368,0.453990499739547,0.));
#7220=DIRECTION('',(0.891006524188368,0.453990499739547,0.));
#7221=DIRECTION('',(-0.453990499739547,0.891006524188368,0.));
#7222=DIRECTION('',(-0.453990499739547,0.891006524188368,0.));
#7223=DIRECTION('',(0.,0.,-1.));
#7224=DIRECTION('',(-0.453990499739547,0.891006524188368,0.));
#7225=DIRECTION('',(-0.453990499739547,0.891006524188368,0.));
#7226=DIRECTION('',(-0.891006524188368,-0.453990499739547,0.));
#7227=DIRECTION('',(-0.453990499739546,0.891006524188368,-1.96886994442158E-16));
#7228=DIRECTION('',(-0.891006524188368,-0.453990499739547,0.));
#7229=DIRECTION('',(-0.891006524188368,-0.453990499739547,0.));
#7230=DIRECTION('',(0.453990499739547,-0.891006524188368,0.));
#7231=DIRECTION('',(0.,0.,1.));
#7232=DIRECTION('',(1.,0.,0.));
#7233=DIRECTION('',(4.33680868994202E-16,0.,-1.));
#7234=DIRECTION('',(-1.,0.,-4.33680868994202E-16));
#7235=DIRECTION('',(0.,0.,-1.));
#7236=DIRECTION('',(-1.,0.,0.));
#7237=DIRECTION('',(0.891006524188367,0.453990499739548,0.));
#7238=DIRECTION('',(-0.453990499739548,0.891006524188367,0.));
#7239=DIRECTION('',(-0.891006524188368,-0.453990499739547,0.));
#7240=DIRECTION('',(0.453990499739547,-0.891006524188368,0.));
#7241=DIRECTION('',(-0.453990499739547,0.891006524188368,0.));
#7242=DIRECTION('',(-0.891006524188368,-0.453990499739547,0.));
#7243=DIRECTION('',(-0.453990499739544,0.891006524188369,0.));
#7244=DIRECTION('',(-0.89100652418837,-0.453990499739544,0.));
#7245=DIRECTION('',(-0.891006524188368,-0.453990499739547,0.));
#7246=DIRECTION('',(0.453990499739547,-0.891006524188368,0.));
#7247=DIRECTION('',(-0.891006524188368,-0.453990499739546,-3.12074589029533E-15));
#7248=DIRECTION('',(0.453990499739546,-0.891006524188369,0.));
#7249=DIRECTION('',(0.,0.,-1.));
#7250=DIRECTION('',(-1.,0.,0.));
#7251=DIRECTION('',(0.,0.,1.));
#7252=DIRECTION('',(1.,0.,0.));
#7253=DIRECTION('',(0.,0.,-1.));
#7254=DIRECTION('',(-1.,0.,0.));
#7255=DIRECTION('',(0.,0.,-1.));
#7256=DIRECTION('',(-1.,0.,0.));
#7257=DIRECTION('',(0.891006524188368,0.453990499739547,0.));
#7258=DIRECTION('',(-0.453990499739547,0.891006524188368,0.));
#7259=DIRECTION('',(0.891006524188368,0.453990499739548,-3.86412483689515E-16));
#7260=DIRECTION('',(-0.453990499739548,0.891006524188368,0.));
#7261=DIRECTION('',(-0.453990499739547,0.891006524188368,0.));
#7262=DIRECTION('',(-0.891006524188368,-0.453990499739547,0.));
#7263=DIRECTION('',(0.453990499739547,-0.891006524188368,0.));
#7264=DIRECTION('',(0.891006524188368,0.453990499739547,0.));
#7265=DIRECTION('',(0.,0.,-1.));
#7266=DIRECTION('',(-1.,0.,0.));
#7267=DIRECTION('',(0.,0.,1.));
#7268=DIRECTION('',(1.,0.,0.));
#7269=DIRECTION('',(0.891006524188368,0.453990499739547,0.));
#7270=DIRECTION('',(-0.453990499739547,0.891006524188368,0.));
#7271=DIRECTION('',(-0.891006524188368,-0.453990499739547,0.));
#7272=DIRECTION('',(0.453990499739547,-0.891006524188368,0.));
#7273=DIRECTION('',(0.,0.,1.));
#7274=DIRECTION('',(1.,0.,0.));
#7275=DIRECTION('',(-0.453990499739547,0.891006524188368,0.));
#7276=DIRECTION('',(-0.891006524188368,-0.453990499739547,0.));
#7277=DIRECTION('',(-0.453990499739546,0.891006524188368,2.30375189174749E-15));
#7278=DIRECTION('',(-0.891006524188368,-0.453990499739547,0.));
#7279=DIRECTION('',(0.453990499739547,-0.891006524188368,0.));
#7280=DIRECTION('',(0.891006524188368,0.453990499739547,0.));
#7281=DIRECTION('',(0.,0.,1.));
#7282=DIRECTION('',(1.,0.,0.));
#7283=DIRECTION('',(0.,0.,1.));
#7284=DIRECTION('',(1.,0.,0.));
#7285=DIRECTION('',(0.,0.,-1.));
#7286=DIRECTION('',(-1.,0.,0.));
#7287=DIRECTION('',(0.,0.,-1.));
#7288=DIRECTION('',(-1.,0.,0.));
#7289=DIRECTION('',(2.49825091877069E-16,-1.2677252661956E-17,-1.));
#7290=DIRECTION('',(-1.,0.,-2.49825091877069E-16));
#7291=DIRECTION('',(0.,0.,-1.));
#7292=DIRECTION('',(-1.,0.,0.));
#7293=DIRECTION('',(0.,0.,-1.));
#7294=DIRECTION('',(-1.,0.,0.));
#7295=DIRECTION('',(0.,0.,-1.));
#7296=DIRECTION('',(-1.,0.,0.));
#7297=DIRECTION('',(0.,0.,-1.));
#7298=DIRECTION('',(-1.,0.,0.));
#7299=DIRECTION('',(0.481668383227348,0.715083478301739,-0.506607528229733));
#7300=DIRECTION('',(-0.283024122991252,-0.420176788345183,-0.862176787173582));
#7301=DIRECTION('',(-0.479360128753317,-0.711656650435155,-0.513574414133939));
#7302=DIRECTION('',(0.286916281443591,0.42595507544294,-0.858045057760361));
#7303=DIRECTION('',(0.,0.,-1.));
#7304=DIRECTION('',(-1.,0.,0.));
#7305=DIRECTION('',(0.470289173565978,0.698189936794082,0.53977671808453));
#7306=DIRECTION('',(0.301554603384601,0.447687085544872,-0.841808229119848));
#7307=DIRECTION('',(0.469807728788142,0.697475185279692,-0.541118345549278));
#7308=DIRECTION('',(-0.302304124296614,-0.448799822106967,-0.840946452581859));
#7309=DIRECTION('',(0.,0.,1.));
#7310=DIRECTION('',(1.,0.,0.));
#7311=DIRECTION('',(-0.475962226465065,-0.706612134598488,0.523602186986062));
#7312=DIRECTION('',(-0.292518451681655,-0.434272041055321,-0.851962880519694));
#7313=DIRECTION('',(0.475839344800739,0.706429704837668,0.523959912648448));
#7314=DIRECTION('',(0.292718300649991,0.434568736251413,-0.851742924794466));
#7315=DIRECTION('',(0.,0.,1.));
#7316=DIRECTION('',(1.,0.,0.));
#7317=DIRECTION('',(-0.464030222614719,-0.688897916448553,-0.556862292863305));
#7318=DIRECTION('',(0.311099723715643,0.461857743376711,-0.83060483190686));
#7319=DIRECTION('',(-0.472077925604304,-0.700845512858292,0.534750408380896));
#7320=DIRECTION('',(-0.298746577809608,-0.443518298957984,-0.845010059547497));
#7321=DIRECTION('',(0.,0.,-1.));
#7322=DIRECTION('',(-1.,0.,0.));
#7323=DIRECTION('',(0.,0.,-1.));
#7324=DIRECTION('',(0.558665450512035,0.829393100046163,0.));
#7325=DIRECTION('',(0.829393100046163,-0.558665450512035,0.));
#7326=DIRECTION('',(0.829393100046163,-0.558665450512035,0.));
#7327=DIRECTION('',(0.481668383227348,0.715083478301739,-0.506607528229733));
#7328=DIRECTION('',(0.283024122991252,0.420176788345183,0.862176787173582));
#7329=DIRECTION('',(0.829393100046163,-0.558665450512035,0.));
#7330=DIRECTION('',(-0.479360128753317,-0.711656650435155,-0.513574414133939));
#7331=DIRECTION('',(0.286916281443591,0.42595507544294,-0.858045057760361));
#7332=DIRECTION('',(0.829393100046163,-0.558665450512035,0.));
#7333=DIRECTION('',(0.,0.,-1.));
#7334=DIRECTION('',(0.558665450512035,0.829393100046163,0.));
#7335=DIRECTION('',(0.829393100046163,-0.558665450512035,0.));
#7336=DIRECTION('',(0.470289173565978,0.698189936794082,0.53977671808453));
#7337=DIRECTION('',(-0.301554603384601,-0.447687085544872,0.841808229119847));
#7338=DIRECTION('',(0.829393100046163,-0.558665450512035,0.));
#7339=DIRECTION('',(0.469807728788142,0.697475185279692,-0.541118345549278));
#7340=DIRECTION('',(0.302304124296614,0.448799822106966,0.840946452581859));
#7341=DIRECTION('',(0.829393100046163,-0.558665450512035,0.));
#7342=DIRECTION('',(0.,0.,1.));
#7343=DIRECTION('',(-0.558665450512035,-0.829393100046163,0.));
#7344=DIRECTION('',(0.829393100046163,-0.558665450512035,0.));
#7345=DIRECTION('',(-0.475962226465065,-0.706612134598488,0.523602186986062));
#7346=DIRECTION('',(-0.292518451681655,-0.434272041055321,-0.851962880519693));
#7347=DIRECTION('',(0.829393100046163,-0.558665450512035,0.));
#7348=DIRECTION('',(0.475839344800739,0.706429704837668,0.523959912648448));
#7349=DIRECTION('',(-0.292718300649991,-0.434568736251413,0.851742924794466));
#7350=DIRECTION('',(0.829393100046163,-0.558665450512035,0.));
#7351=DIRECTION('',(0.,0.,1.));
#7352=DIRECTION('',(-0.558665450512035,-0.829393100046163,0.));
#7353=DIRECTION('',(0.829393100046163,-0.558665450512035,0.));
#7354=DIRECTION('',(-0.464030222614719,-0.688897916448553,-0.556862292863305));
#7355=DIRECTION('',(0.311099723715643,0.461857743376711,-0.83060483190686));
#7356=DIRECTION('',(0.829393100046163,-0.558665450512035,0.));
#7357=DIRECTION('',(-0.472077925604304,-0.700845512858292,0.534750408380896));
#7358=DIRECTION('',(-0.298746577809608,-0.443518298957984,-0.845010059547497));
#7359=DIRECTION('',(0.,0.,-1.));
#7360=DIRECTION('',(-1.,0.,0.));
#7361=DIRECTION('',(0.320499985481886,0.711201850349957,0.625676983246874));
#7362=DIRECTION('',(0.257061950489774,0.570430399764337,-0.780082247352862));
#7363=DIRECTION('',(-0.257401677814267,-0.571184267822802,0.779418314161356));
#7364=DIRECTION('',(-0.320227205811588,-0.71059654172268,-0.626503863954461));
#7365=DIRECTION('',(0.410649389734616,0.9112468613227,-0.0315632133997017));
#7366=DIRECTION('',(-0.0129678754653036,-0.0287762166733483,-0.999501757657226));
#7367=DIRECTION('',(0.410745074866955,0.911459190328169,-0.023035360619251));
#7368=DIRECTION('',(-0.00946417223195751,-0.0210013638324464,-0.999734650875492));
#7369=DIRECTION('',(0.,0.,-1.));
#7370=DIRECTION('',(-3.56359123177426E-19,-7.90774662319595E-19,1.));
#7371=DIRECTION('',(0.,-1.,-7.90774662319595E-19));
#7372=DIRECTION('',(0.,0.,-1.));
#7373=DIRECTION('',(3.56359123177426E-19,7.90774662319595E-19,-1.));
#7374=DIRECTION('',(0.,1.,7.90774662319595E-19));
#7375=DIRECTION('',(0.25591222215577,0.567879108171252,-0.782318511256074));
#7376=DIRECTION('',(-0.321418763663219,-0.71324065463147,-0.622878597277255));
#7377=DIRECTION('',(0.25591222215577,0.567879108171252,-0.782318511256074));
#7378=DIRECTION('',(0.321418763663219,0.713240654631469,0.622878597277254));
#7379=DIRECTION('',(0.911701109419366,-0.410854094641268,0.));
#7380=DIRECTION('',(0.911701109419366,-0.410854094641268,0.));
#7381=DIRECTION('',(0.320499985481886,0.711201850349957,0.625676983246874));
#7382=DIRECTION('',(-0.257061950489774,-0.570430399764337,0.780082247352862));
#7383=DIRECTION('',(0.911701109419366,-0.410854094641268,0.));
#7384=DIRECTION('',(-0.257401677814267,-0.571184267822802,0.779418314161356));
#7385=DIRECTION('',(-0.320227205811588,-0.71059654172268,-0.626503863954461));
#7386=DIRECTION('',(0.911701109419366,-0.410854094641268,0.));
#7387=DIRECTION('',(0.911701109419366,-0.410854094641268,0.));
#7388=DIRECTION('',(0.279959379470617,0.621240679318475,-0.731903521105308));
#7389=DIRECTION('',(0.911701109419366,-0.410854094641268,0.));
#7390=DIRECTION('',(0.410649389734616,0.9112468613227,-0.0315632133997017));
#7391=DIRECTION('',(0.0129678754653036,0.0287762166733483,0.999501757657226));
#7392=DIRECTION('',(0.911701109419366,-0.410854094641268,0.));
#7393=DIRECTION('',(0.410745074866955,0.911459190328169,-0.023035360619251));
#7394=DIRECTION('',(0.00946417223195751,0.0210013638324464,0.999734650875491));
#7395=DIRECTION('',(0.911701109419366,-0.410854094641268,0.));
#7396=DIRECTION('',(0.410854094641268,0.911701109419366,8.67361741857717E-19));
#7397=DIRECTION('',(-3.56359123177426E-19,-7.90774662319594E-19,1.));
#7398=DIRECTION('',(0.911701109419366,-0.410854094641268,0.));
#7399=DIRECTION('',(-3.56359123177426E-19,-7.90774662319595E-19,1.));
#7400=DIRECTION('',(-0.410854094641268,-0.911701109419366,-8.67361741857717E-19));
#7401=DIRECTION('',(0.911701109419366,-0.410854094641268,0.));
#7402=DIRECTION('',(-0.410854094641268,-0.911701109419366,-8.67361741857717E-19));
#7403=DIRECTION('',(3.56359123177426E-19,7.90774662319594E-19,-1.));
#7404=DIRECTION('',(0.911701109419366,-0.410854094641268,0.));
#7405=DIRECTION('',(3.56359123177426E-19,7.90774662319595E-19,-1.));
#7406=DIRECTION('',(0.410854094641268,0.911701109419366,8.67361741857717E-19));
#7407=DIRECTION('',(0.,0.,-1.));
#7408=DIRECTION('',(-1.,0.,0.));
#7409=DIRECTION('',(-0.693656771685984,0.610448515186304,0.3823517927263));
#7410=DIRECTION('',(-0.287030388283856,0.252599385594333,-0.924016832421891));
#7411=DIRECTION('',(0.,0.,-1.));
#7412=DIRECTION('',(-0.66064653128265,-0.750697116488536,0.));
#7413=DIRECTION('',(-0.66064653128265,-0.750697116488536,0.));
#7414=DIRECTION('',(-0.66064653128265,-0.750697116488536,0.));
#7415=DIRECTION('',(-0.530459718955119,0.466827919830192,-0.707590404000133));
#7416=DIRECTION('',(-0.66064653128265,-0.750697116488536,0.));
#7417=DIRECTION('',(-0.66064653128265,-0.750697116488536,0.));
#7418=DIRECTION('',(-0.724175733546279,0.637306546006595,-0.263457536160673));
#7419=DIRECTION('',(-0.66064653128265,-0.750697116488536,0.));
#7420=DIRECTION('',(-0.66064653128265,-0.750697116488536,0.));
#7421=DIRECTION('',(-0.685641306204399,0.603394552475225,0.4071989848582));
#7422=DIRECTION('',(-0.66064653128265,-0.750697116488536,0.));
#7423=DIRECTION('',(-0.66064653128265,-0.750697116488536,0.));
#7424=DIRECTION('',(-0.66064653128265,-0.750697116488536,0.));
#7425=DIRECTION('',(0.0933056851804694,-0.0821131131444402,0.992245678127515));
#7426=DIRECTION('',(-0.66064653128265,-0.750697116488536,0.));
#7427=DIRECTION('',(-0.66064653128265,-0.750697116488536,0.));
#7428=DIRECTION('',(-0.693656771685984,0.610448515186304,0.3823517927263));
#7429=DIRECTION('',(-0.287030388283856,0.252599385594333,-0.924016832421891));
#7430=DIRECTION('',(-0.66064653128265,-0.750697116488536,0.));
#7431=DIRECTION('',(-0.66064653128265,-0.750697116488536,0.));
#7432=DIRECTION('',(0.246928028916188,-0.217307542811686,0.944353736887144));
#7433=DIRECTION('',(-0.66064653128265,-0.750697116488536,0.));
#7434=DIRECTION('',(-0.66064653128265,-0.750697116488536,0.));
#7435=DIRECTION('',(0.0931031615438817,-0.0819348834229242,0.992279434528906));
#7436=DIRECTION('',(-0.66064653128265,-0.750697116488536,0.));
#7437=DIRECTION('',(-0.66064653128265,-0.750697116488536,0.));
#7438=DIRECTION('',(-0.66064653128265,-0.750697116488536,0.));
#7439=DIRECTION('',(-0.66064653128265,-0.750697116488536,0.));
#7440=DIRECTION('',(-0.66064653128265,-0.750697116488536,0.));
#7441=DIRECTION('',(-0.588596241480008,0.51799062060965,-0.62067719587241));
#7442=DIRECTION('',(-0.66064653128265,-0.750697116488536,0.));
#7443=DIRECTION('',(-0.66064653128265,-0.750697116488536,0.));
#7444=DIRECTION('',(-0.66064653128265,-0.750697116488536,0.));
#7445=DIRECTION('',(-0.66064653128265,-0.750697116488536,0.));
#7446=DIRECTION('',(0.511438345627561,-0.450088273396137,0.732018691546212));
#7447=DIRECTION('',(-0.66064653128265,-0.750697116488536,0.));
#7448=DIRECTION('',(-0.66064653128265,-0.750697116488536,0.));
#7449=DIRECTION('',(0.715773104226147,-0.629911862062737,0.301462948468168));
#7450=DIRECTION('',(-0.66064653128265,-0.750697116488536,0.));
#7451=DIRECTION('',(-0.66064653128265,-0.750697116488536,0.));
#7452=DIRECTION('',(-0.66064653128265,-0.750697116488536,0.));
#7453=DIRECTION('',(-0.66064653128265,-0.750697116488536,0.));
#7454=DIRECTION('',(-0.102977997091243,0.0906251736985363,-0.990546621824125));
#7455=DIRECTION('',(-0.66064653128265,-0.750697116488536,0.));
#7456=DIRECTION('',(-0.66064653128265,-0.750697116488536,0.));
#7457=DIRECTION('',(0.750697116488536,-0.66064653128265,0.));
#7458=DIRECTION('',(0.,0.,1.));
#7459=DIRECTION('',(-0.66064653128265,-0.750697116488536,0.));
#7460=DIRECTION('',(-0.66064653128265,-0.750697116488536,0.));
#7461=DIRECTION('',(-0.66064653128265,-0.750697116488536,0.));
#7462=DIRECTION('',(-0.66064653128265,-0.750697116488536,0.));
#7463=DIRECTION('',(-0.66064653128265,-0.750697116488536,0.));
#7464=DIRECTION('',(0.,0.,-1.));
#7465=DIRECTION('',(-1.,0.,0.));
#7466=DIRECTION('',(0.,0.,1.));
#7467=DIRECTION('',(1.,0.,0.));
#7468=DIRECTION('',(0.,0.,-1.));
#7469=DIRECTION('',(0.,0.,-1.));
#7470=DIRECTION('',(-1.,0.,0.));
#7471=DIRECTION('',(0.,0.,-1.));
#7472=DIRECTION('',(0.,0.,-1.));
#7473=DIRECTION('',(-1.,0.,0.));
#7474=DIRECTION('',(0.78602569491816,-0.510137921827753,-0.349174609102215));
#7475=DIRECTION('',(-0.292895753526415,0.190092044041507,-0.937057678245216));
#7476=DIRECTION('',(0.435580280419933,-0.282695617305119,-0.854606931440279));
#7477=DIRECTION('',(-0.716864097869795,0.465251407790557,-0.519275449770379));
#7478=DIRECTION('',(0.,0.,-1.));
#7479=DIRECTION('',(0.,0.,1.));
#7480=DIRECTION('',(1.,0.,0.));
#7481=DIRECTION('',(0.,0.,-1.));
#7482=DIRECTION('',(0.,0.,-1.));
#7483=DIRECTION('',(0.,0.,-1.));
#7484=DIRECTION('',(-0.838823172966379,0.544403971784388,0.));
#7485=DIRECTION('',(0.,0.,-1.));
#7486=DIRECTION('',(-0.544403971784388,-0.838823172966378,0.));
#7487=DIRECTION('',(-0.544403971784388,-0.838823172966378,0.));
#7488=DIRECTION('',(0.,0.,1.));
#7489=DIRECTION('',(-0.838823172966378,0.544403971784388,0.));
#7490=DIRECTION('',(-0.544403971784388,-0.838823172966378,0.));
#7491=DIRECTION('',(-0.838823172966379,0.544403971784388,0.));
#7492=DIRECTION('',(0.,0.,-1.));
#7493=DIRECTION('',(-0.544403971784388,-0.838823172966378,0.));
#7494=DIRECTION('',(0.,0.,-1.));
#7495=DIRECTION('',(0.838823172966378,-0.544403971784388,0.));
#7496=DIRECTION('',(-0.544403971784388,-0.838823172966378,0.));
#7497=DIRECTION('',(-0.838823172966379,0.544403971784388,0.));
#7498=DIRECTION('',(0.,0.,-1.));
#7499=DIRECTION('',(-0.544403971784388,-0.838823172966378,0.));
#7500=DIRECTION('',(0.,0.,-1.));
#7501=DIRECTION('',(0.838823172966378,-0.544403971784388,0.));
#7502=DIRECTION('',(-0.544403971784388,-0.838823172966378,0.));
#7503=DIRECTION('',(0.78602569491816,-0.510137921827753,-0.349174609102215));
#7504=DIRECTION('',(0.292895753526415,-0.190092044041507,0.937057678245216));
#7505=DIRECTION('',(-0.544403971784388,-0.838823172966378,0.));
#7506=DIRECTION('',(0.435580280419933,-0.282695617305119,-0.854606931440279));
#7507=DIRECTION('',(0.716864097869795,-0.465251407790556,0.519275449770379));
#7508=DIRECTION('',(-0.544403971784388,-0.838823172966378,0.));
#7509=DIRECTION('',(0.838823172966379,-0.544403971784388,0.));
#7510=DIRECTION('',(0.,0.,1.));
#7511=DIRECTION('',(-0.544403971784388,-0.838823172966378,0.));
#7512=DIRECTION('',(0.,0.,1.));
#7513=DIRECTION('',(-0.838823172966378,0.544403971784388,0.));
#7514=DIRECTION('',(-0.544403971784388,-0.838823172966378,0.));
#7515=DIRECTION('',(0.838823172966379,-0.544403971784388,0.));
#7516=DIRECTION('',(0.,0.,1.));
#7517=DIRECTION('',(-0.544403971784388,-0.838823172966378,0.));
#7518=DIRECTION('',(-0.544403971784388,-0.838823172966378,0.));
#7519=DIRECTION('',(-0.544403971784388,-0.838823172966378,0.));
#7520=DIRECTION('',(-0.544403971784388,-0.838823172966378,0.));
#7521=DIRECTION('',(-0.838823172966379,0.544403971784388,0.));
#7522=DIRECTION('',(0.,0.,-1.));
#7523=DIRECTION('',(-0.544403971784388,-0.838823172966378,0.));
#7524=DIRECTION('',(-0.544403971784388,-0.838823172966378,0.));
#7525=DIRECTION('',(-0.544403971784388,-0.838823172966378,0.));
#7526=DIRECTION('',(0.,0.,-1.));
#7527=DIRECTION('',(-1.,0.,0.));
#7528=DIRECTION('',(0.,0.,1.));
#7529=DIRECTION('',(1.,0.,0.));
#7530=DIRECTION('',(0.,0.,-1.));
#7531=DIRECTION('',(0.,0.,-1.));
#7532=DIRECTION('',(-1.,0.,0.));
#7533=DIRECTION('',(0.,0.,-1.));
#7534=DIRECTION('',(0.532355500392061,-0.846520892360205,0.));
#7535=DIRECTION('',(0.,0.,1.));
#7536=DIRECTION('',(-0.846520892360205,-0.532355500392061,0.));
#7537=DIRECTION('',(-0.846520892360205,-0.532355500392061,0.));
#7538=DIRECTION('',(0.,0.,1.));
#7539=DIRECTION('',(-0.532355500392061,0.846520892360205,0.));
#7540=DIRECTION('',(-0.846520892360205,-0.532355500392061,0.));
#7541=DIRECTION('',(-0.532355500392061,0.846520892360205,0.));
#7542=DIRECTION('',(0.,0.,-1.));
#7543=DIRECTION('',(-0.846520892360205,-0.532355500392061,0.));
#7544=DIRECTION('',(0.,0.,-1.));
#7545=DIRECTION('',(0.532355500392061,-0.846520892360205,0.));
#7546=DIRECTION('',(0.,0.,-1.));
#7547=DIRECTION('',(-1.,0.,0.));
#7548=DIRECTION('',(0.568576166516617,-0.695457940721089,0.439385247314074));
#7549=DIRECTION('',(0.278107907535302,-0.340169644917925,-0.898298727842108));
#7550=DIRECTION('',(0.,0.,-1.));
#7551=DIRECTION('',(0.0198025046212618,-0.0242215729326039,-0.999510468287049));
#7552=DIRECTION('',(-0.632637910795046,0.773815514215291,-0.0312861596333673));
#7553=DIRECTION('',(0.,0.,1.));
#7554=DIRECTION('',(1.,0.,0.));
#7555=DIRECTION('',(0.58979368128516,-0.721410293276689,0.362919553442));
#7556=DIRECTION('',(0.22970911797422,-0.280970324749868,-0.931820475053784));
#7557=DIRECTION('',(0.,0.,1.));
#7558=DIRECTION('',(1.,0.,0.));
#7559=DIRECTION('',(0.,0.,-1.));
#7560=DIRECTION('',(-0.0222851469068273,0.0272582343214277,0.999379988237217));
#7561=DIRECTION('',(-0.632555323739937,0.773714497277441,-0.0352085090706881));
#7562=DIRECTION('',(0.,0.,-1.));
#7563=DIRECTION('',(-0.632947758795618,0.77419450697845,0.));
#7564=DIRECTION('',(0.,0.,-1.));
#7565=DIRECTION('',(-0.77419450697845,-0.632947758795617,0.));
#7566=DIRECTION('',(-0.77419450697845,-0.632947758795617,0.));
#7567=DIRECTION('',(0.,0.,1.));
#7568=DIRECTION('',(-0.632947758795617,0.77419450697845,0.));
#7569=DIRECTION('',(-0.77419450697845,-0.632947758795617,0.));
#7570=DIRECTION('',(0.58979368128516,-0.721410293276689,0.362919553442));
#7571=DIRECTION('',(-0.22970911797422,0.280970324749868,0.931820475053784));
#7572=DIRECTION('',(-0.77419450697845,-0.632947758795617,0.));
#7573=DIRECTION('',(0.,0.,1.));
#7574=DIRECTION('',(-0.632947758795617,0.77419450697845,0.));
#7575=DIRECTION('',(-0.77419450697845,-0.632947758795617,0.));
#7576=DIRECTION('',(-0.77419450697845,-0.632947758795617,0.));
#7577=DIRECTION('',(-0.77419450697845,-0.632947758795617,0.));
#7578=DIRECTION('',(-0.77419450697845,-0.632947758795617,0.));
#7579=DIRECTION('',(-0.77419450697845,-0.632947758795617,0.));
#7580=DIRECTION('',(-0.77419450697845,-0.632947758795617,0.));
#7581=DIRECTION('',(-0.77419450697845,-0.632947758795617,0.));
#7582=DIRECTION('',(0.0198025046212618,-0.0242215729326039,-0.999510468287049));
#7583=DIRECTION('',(0.632637910795045,-0.773815514215291,0.0312861596333673));
#7584=DIRECTION('',(-0.77419450697845,-0.632947758795617,0.));
#7585=DIRECTION('',(0.632947758795618,-0.77419450697845,0.));
#7586=DIRECTION('',(0.,0.,1.));
#7587=DIRECTION('',(-0.77419450697845,-0.632947758795617,0.));
#7588=DIRECTION('',(-0.77419450697845,-0.632947758795617,0.));
#7589=DIRECTION('',(-0.77419450697845,-0.632947758795617,0.));
#7590=DIRECTION('',(0.568576166516617,-0.695457940721089,0.439385247314074));
#7591=DIRECTION('',(-0.278107907535302,0.340169644917924,0.898298727842108));
#7592=DIRECTION('',(-0.77419450697845,-0.632947758795617,0.));
#7593=DIRECTION('',(-0.77419450697845,-0.632947758795617,0.));
#7594=DIRECTION('',(-0.77419450697845,-0.632947758795617,0.));
#7595=DIRECTION('',(-0.77419450697845,-0.632947758795617,0.));
#7596=DIRECTION('',(-0.77419450697845,-0.632947758795617,0.));
#7597=DIRECTION('',(-0.77419450697845,-0.632947758795617,0.));
#7598=DIRECTION('',(-0.77419450697845,-0.632947758795617,0.));
#7599=DIRECTION('',(-0.77419450697845,-0.632947758795617,0.));
#7600=DIRECTION('',(-0.0222851469068273,0.0272582343214277,0.999379988237217));
#7601=DIRECTION('',(-0.632555323739937,0.773714497277441,-0.0352085090706881));
#7602=DIRECTION('',(-0.0222851469068273,0.0272582343214277,0.999379988237217));
#7603=DIRECTION('',(-0.632555323739937,0.773714497277441,-0.0352085090706881));
#7604=DIRECTION('',(-0.77419450697845,-0.632947758795617,0.));
#7605=DIRECTION('',(0.632947758795618,-0.77419450697845,0.));
#7606=DIRECTION('',(0.,0.,1.));
#7607=DIRECTION('',(0.,0.,-1.));
#7608=DIRECTION('',(-0.77419450697845,-0.632947758795617,0.));
#7609=DIRECTION('',(0.,0.,-1.));
#7610=DIRECTION('',(-1.,0.,0.));
#7611=DIRECTION('',(-0.451554654915618,-0.892243460958968,0.));
#7612=DIRECTION('',(-0.451554654915618,-0.892243460958968,0.));
#7613=DIRECTION('',(-0.451554654915618,-0.892243460958968,0.));
#7614=DIRECTION('',(-0.451554654915618,-0.892243460958968,0.));
#7615=DIRECTION('',(-0.451554654915618,-0.892243460958968,0.));
#7616=DIRECTION('',(0.,0.,-1.));
#7617=DIRECTION('',(-1.,0.,0.));
#7618=DIRECTION('',(0.,0.,1.));
#7619=DIRECTION('',(1.,0.,0.));
#7620=DIRECTION('',(0.,0.,-1.));
#7621=DIRECTION('',(0.,0.,-1.));
#7622=DIRECTION('',(-1.,0.,0.));
#7623=DIRECTION('',(0.,0.,-1.));
#7624=DIRECTION('',(0.892243460958968,-0.451554654915618,0.));
#7625=DIRECTION('',(0.,0.,1.));
#7626=DIRECTION('',(-0.451554654915618,-0.892243460958968,0.));
#7627=DIRECTION('',(-0.451554654915618,-0.892243460958968,0.));
#7628=DIRECTION('',(0.,0.,1.));
#7629=DIRECTION('',(-0.892243460958968,0.451554654915618,0.));
#7630=DIRECTION('',(-0.451554654915618,-0.892243460958968,0.));
#7631=DIRECTION('',(-0.892243460958968,0.451554654915618,0.));
#7632=DIRECTION('',(0.,0.,-1.));
#7633=DIRECTION('',(-0.451554654915618,-0.892243460958968,0.));
#7634=DIRECTION('',(0.,0.,-1.));
#7635=DIRECTION('',(0.892243460958968,-0.451554654915618,0.));
#7636=DIRECTION('',(0.,0.,-1.));
#7637=DIRECTION('',(-1.,0.,0.));
#7638=DIRECTION('',(0.997664267365105,0.0683081958687842,0.));
#7639=DIRECTION('',(0.997664267365105,0.0683081958687842,0.));
#7640=DIRECTION('',(0.997664267365105,0.0683081958687842,0.));
#7641=DIRECTION('',(0.997664267365105,0.0683081958687842,0.));
#7642=DIRECTION('',(0.997664267365105,0.0683081958687842,0.));
#7643=DIRECTION('',(0.997664267365105,0.0683081958687842,0.));
#7644=DIRECTION('',(0.997664267365105,0.0683081958687842,0.));
#7645=DIRECTION('',(0.997664267365105,0.0683081958687842,0.));
#7646=DIRECTION('',(0.,0.,-1.));
#7647=DIRECTION('',(-1.,0.,0.));
#7648=DIRECTION('',(0.0308468452159142,0.779472119305955,0.625676983246874));
#7649=DIRECTION('',(0.0247411873848813,0.62518762064815,-0.780082247352862));
#7650=DIRECTION('',(-0.0247738847847843,-0.626013854625072,0.779418314161356));
#7651=DIRECTION('',(-0.0308205912606914,-0.77880870539849,-0.626503863954461));
#7652=DIRECTION('',(0.039523365793941,0.998720014376504,-0.0315632133997017));
#7653=DIRECTION('',(-0.00124810628822971,-0.0315385267697842,-0.999501757657226));
#7654=DIRECTION('',(0.0395325751062667,0.998952725441304,-0.023035360619251));
#7655=DIRECTION('',(-0.000910888827333336,-0.0230173439041776,-0.999734650875492));
#7656=DIRECTION('',(0.,0.,-1.));
#7657=DIRECTION('',(0.,0.,1.));
#7658=DIRECTION('',(1.,0.,0.));
#7659=DIRECTION('',(0.,0.,-1.));
#7660=DIRECTION('',(0.,0.,-1.));
#7661=DIRECTION('',(-1.,0.,0.));
#7662=DIRECTION('',(0.0246305306186849,0.622391423388467,-0.782318511256074));
#7663=DIRECTION('',(-0.0309352739511129,-0.781706634153433,-0.622878597277255));
#7664=DIRECTION('',(0.0246305306186849,0.622391423388467,-0.782318511256074));
#7665=DIRECTION('',(0.0309352739511129,0.781706634153433,0.622878597277254));
#7666=DIRECTION('',(0.999217867027512,-0.0395430678246943,0.));
#7667=DIRECTION('',(0.999217867027512,-0.0395430678246943,0.));
#7668=DIRECTION('',(0.0308468452159142,0.779472119305955,0.625676983246874));
#7669=DIRECTION('',(-0.0247411873848812,-0.62518762064815,0.780082247352862));
#7670=DIRECTION('',(0.999217867027512,-0.0395430678246943,0.));
#7671=DIRECTION('',(-0.0247738847847843,-0.626013854625072,0.779418314161356));
#7672=DIRECTION('',(-0.0308205912606914,-0.778808705398489,-0.626503863954461));
#7673=DIRECTION('',(0.999217867027512,-0.0395430678246943,0.));
#7674=DIRECTION('',(0.999217867027512,-0.0395430678246943,0.));
#7675=DIRECTION('',(0.0269449735921421,0.680875322046693,-0.731903521118686));
#7676=DIRECTION('',(0.999217867027512,-0.0395430678246943,0.));
#7677=DIRECTION('',(0.039523365793941,0.998720014376504,-0.0315632133997017));
#7678=DIRECTION('',(0.00124810628822971,0.0315385267697842,0.999501757657226));
#7679=DIRECTION('',(0.999217867027512,-0.0395430678246943,0.));
#7680=DIRECTION('',(0.0395325751062667,0.998952725441304,-0.023035360619251));
#7681=DIRECTION('',(0.000910888827333336,0.0230173439041776,0.999734650875491));
#7682=DIRECTION('',(0.999217867027512,-0.0395430678246943,0.));
#7683=DIRECTION('',(0.0395430678246943,0.999217867027512,0.));
#7684=DIRECTION('',(0.,0.,1.));
#7685=DIRECTION('',(0.999217867027512,-0.0395430678246943,0.));
#7686=DIRECTION('',(0.,0.,1.));
#7687=DIRECTION('',(-0.0395430678246943,-0.999217867027512,0.));
#7688=DIRECTION('',(0.999217867027512,-0.0395430678246943,0.));
#7689=DIRECTION('',(-0.0395430678246943,-0.999217867027512,0.));
#7690=DIRECTION('',(0.,0.,-1.));
#7691=DIRECTION('',(0.999217867027512,-0.0395430678246943,0.));
#7692=DIRECTION('',(0.,0.,-1.));
#7693=DIRECTION('',(0.0395430678246943,0.999217867027512,0.));
#7694=DIRECTION('',(0.,0.,-1.));
#7695=DIRECTION('',(-1.,0.,0.));
#7696=DIRECTION('',(0.674080251100088,0.484152171091477,0.557864222104494));
#7697=DIRECTION('',(0.453103567280811,0.325437624778782,-0.829932231989907));
#7698=DIRECTION('',(0.,0.,-1.));
#7699=DIRECTION('',(-1.,0.,0.));
#7700=DIRECTION('',(0.,0.,-1.));
#7701=DIRECTION('',(0.,0.,1.));
#7702=DIRECTION('',(1.,0.,0.));
#7703=DIRECTION('',(0.,0.,-1.));
#7704=DIRECTION('',(0.,0.,-1.));
#7705=DIRECTION('',(0.583363499367458,-0.812211196429693,0.));
#7706=DIRECTION('',(0.583363499367458,-0.812211196429693,0.));
#7707=DIRECTION('',(0.674080251100088,0.484152171091477,0.557864222104494));
#7708=DIRECTION('',(-0.453103567280811,-0.325437624778782,0.829932231989906));
#7709=DIRECTION('',(0.583363499367458,-0.812211196429693,0.));
#7710=DIRECTION('',(0.583363499367458,-0.812211196429693,0.));
#7711=DIRECTION('',(0.583363499367458,-0.812211196429693,0.));
#7712=DIRECTION('',(-0.129476549347128,-0.0929953849998456,0.987212075259359));
#7713=DIRECTION('',(0.583363499367458,-0.812211196429693,0.));
#7714=DIRECTION('',(0.583363499367458,-0.812211196429693,0.));
#7715=DIRECTION('',(0.583363499367458,-0.812211196429693,0.));
#7716=DIRECTION('',(0.583363499367458,-0.812211196429693,0.));
#7717=DIRECTION('',(0.,0.,-1.));
#7718=DIRECTION('',(0.812211196429693,0.583363499367458,0.));
#7719=DIRECTION('',(0.583363499367458,-0.812211196429693,0.));
#7720=DIRECTION('',(0.812211196429694,0.583363499367458,0.));
#7721=DIRECTION('',(0.,0.,1.));
#7722=DIRECTION('',(0.583363499367458,-0.812211196429693,0.));
#7723=DIRECTION('',(0.,0.,1.));
#7724=DIRECTION('',(-0.812211196429693,-0.583363499367458,0.));
#7725=DIRECTION('',(0.583363499367458,-0.812211196429693,0.));
#7726=DIRECTION('',(0.583363499367458,-0.812211196429693,0.));
#7727=DIRECTION('',(0.583363499367458,-0.812211196429693,0.));
#7728=DIRECTION('',(0.583363499367458,-0.812211196429693,0.));
#7729=DIRECTION('',(0.583363499367458,-0.812211196429693,0.));
#7730=DIRECTION('',(0.583363499367458,-0.812211196429693,0.));
#7731=DIRECTION('',(-0.106821559006095,-0.0767236388067657,-0.991313592048327));
#7732=DIRECTION('',(0.583363499367458,-0.812211196429693,0.));
#7733=DIRECTION('',(0.583363499367458,-0.812211196429693,0.));
#7734=DIRECTION('',(-0.286012975770482,-0.205426287083216,-0.935946909961306));
#7735=DIRECTION('',(0.583363499367458,-0.812211196429693,0.));
#7736=DIRECTION('',(0.812211196429694,0.583363499367458,0.));
#7737=DIRECTION('',(0.,0.,1.));
#7738=DIRECTION('',(0.583363499367458,-0.812211196429693,0.));
#7739=DIRECTION('',(0.583363499367458,-0.812211196429693,0.));
#7740=DIRECTION('',(0.583363499367458,-0.812211196429693,0.));
#7741=DIRECTION('',(0.583363499367458,-0.812211196429693,0.));
#7742=DIRECTION('',(0.583363499367458,-0.812211196429693,0.));
#7743=DIRECTION('',(0.583363499367458,-0.812211196429693,0.));
#7744=DIRECTION('',(-0.812211196429694,-0.583363499367458,0.));
#7745=DIRECTION('',(0.,0.,-1.));
#7746=DIRECTION('',(0.583363499367458,-0.812211196429693,0.));
#7747=DIRECTION('',(0.583363499367458,-0.812211196429693,0.));
#7748=DIRECTION('',(0.583363499367458,-0.812211196429693,0.));
#7749=DIRECTION('',(0.583363499367458,-0.812211196429693,0.));
#7750=DIRECTION('',(0.,0.,-1.));
#7751=DIRECTION('',(-1.,0.,0.));
#7752=DIRECTION('',(6.09871011215912E-19,6.16744473923807E-19,-1.));
#7753=DIRECTION('',(0.,1.,6.16744473923807E-19));
#7754=DIRECTION('',(0.,0.,-1.));
#7755=DIRECTION('',(-6.09871011215912E-19,-6.16744473923807E-19,1.));
#7756=DIRECTION('',(0.,-1.,-6.16744473923807E-19));
#7757=DIRECTION('',(0.639371313705193,0.646577255290265,-0.416103564214731));
#7758=DIRECTION('',(-0.292576313151496,-0.295873752020825,-0.909317229490235));
#7759=DIRECTION('',(-6.09871011215912E-19,-6.16744473923807E-19,1.));
#7760=DIRECTION('',(0.,-1.,-6.16744473923807E-19));
#7761=DIRECTION('',(-0.644345190595104,-0.651607189537695,0.400284081496812));
#7762=DIRECTION('',(-0.28145310650868,-0.284625182892097,-0.916391103241544));
#7763=DIRECTION('',(0.,0.,-1.));
#7764=DIRECTION('',(-0.703133398301081,-0.711057961205395,-8.67361744854517E-19));
#7765=DIRECTION('',(6.09871011215912E-19,6.16744473923807E-19,-1.));
#7766=DIRECTION('',(0.711057961205395,-0.703133398301081,0.));
#7767=DIRECTION('',(0.711057961205395,-0.703133398301081,0.));
#7768=DIRECTION('',(6.09871011215912E-19,6.16744473923807E-19,-1.));
#7769=DIRECTION('',(0.703133398301081,0.711057961205395,8.67361744854517E-19));
#7770=DIRECTION('',(0.711057961205395,-0.703133398301081,0.));
#7771=DIRECTION('',(0.703133398301081,0.711057961205395,8.67361744854517E-19));
#7772=DIRECTION('',(-6.09871011215912E-19,-6.16744473923807E-19,1.));
#7773=DIRECTION('',(0.711057961205395,-0.703133398301081,0.));
#7774=DIRECTION('',(-6.09871011215912E-19,-6.16744473923807E-19,1.));
#7775=DIRECTION('',(-0.703133398301081,-0.711057961205395,-8.67361744854517E-19));
#7776=DIRECTION('',(0.711057961205395,-0.703133398301081,0.));
#7777=DIRECTION('',(0.639371313705193,0.646577255290265,-0.416103564214731));
#7778=DIRECTION('',(0.292576313151496,0.295873752020825,0.909317229490235));
#7779=DIRECTION('',(0.711057961205395,-0.703133398301081,0.));
#7780=DIRECTION('',(-6.09871011215912E-19,-6.16744473923807E-19,1.));
#7781=DIRECTION('',(-0.703133398301081,-0.711057961205395,-8.67361744854517E-19));
#7782=DIRECTION('',(0.711057961205395,-0.703133398301081,0.));
#7783=DIRECTION('',(-0.644345190595104,-0.651607189537695,0.400284081496812));
#7784=DIRECTION('',(-0.28145310650868,-0.284625182892097,-0.916391103241544));
#7785=DIRECTION('',(0.,0.,-1.));
#7786=DIRECTION('',(-1.,0.,0.));
#7787=DIRECTION('',(0.,0.,-1.));
#7788=DIRECTION('',(-7.95207580678082E-19,-3.46354351701579E-19,1.));
#7789=DIRECTION('',(1.,0.,7.95207580678082E-19));
#7790=DIRECTION('',(0.,0.,-1.));
#7791=DIRECTION('',(7.95207580678082E-19,3.46354351701579E-19,-1.));
#7792=DIRECTION('',(-1.,0.,-7.95207580678082E-19));
#7793=DIRECTION('',(0.871076418836951,0.379399185394512,-0.311900834670532));
#7794=DIRECTION('',(-0.285954393934168,-0.124548043974672,-0.950114661149814));
#7795=DIRECTION('',(7.95207580678082E-19,3.46354351701579E-19,-1.));
#7796=DIRECTION('',(-1.,0.,-7.95207580678082E-19));
#7797=DIRECTION('',(-0.875851173794392,-0.381478840063307,-0.295564909870811));
#7798=DIRECTION('',(0.270977423832781,0.118024792818671,-0.955322659656443));
#7799=DIRECTION('',(7.95207580678082E-19,3.46354351701579E-19,-1.));
#7800=DIRECTION('',(-1.,0.,-7.95207580678082E-19));
#7801=DIRECTION('',(0.,0.,-1.));
#7802=DIRECTION('',(-7.95207580678082E-19,-3.46354351701579E-19,1.));
#7803=DIRECTION('',(1.,0.,7.95207580678082E-19));
#7804=DIRECTION('',(0.,0.,-1.));
#7805=DIRECTION('',(-7.95207580678082E-19,-3.46354351701579E-19,1.));
#7806=DIRECTION('',(1.,0.,7.95207580678082E-19));
#7807=DIRECTION('',(0.876459692468083,0.381743881664829,0.293411002333285));
#7808=DIRECTION('',(0.269002695790986,0.117164695823468,-0.955986393056814));
#7809=DIRECTION('',(-7.95207580678082E-19,-3.46354351701579E-19,1.));
#7810=DIRECTION('',(1.,0.,7.95207580678082E-19));
#7811=DIRECTION('',(-0.870829085729925,-0.379291458934127,0.312721429752432));
#7812=DIRECTION('',(-0.286706725262675,-0.124875723483622,-0.94984488595433));
#7813=DIRECTION('',(-7.95207580678082E-19,-3.46354351701579E-19,1.));
#7814=DIRECTION('',(1.,0.,7.95207580678082E-19));
#7815=DIRECTION('',(-7.95207580678082E-19,-3.46354351701579E-19,1.));
#7816=DIRECTION('',(-0.916811890664635,-0.399319367343904,-8.67361766110606E-19));
#7817=DIRECTION('',(0.399319367343904,-0.916811890664635,0.));
#7818=DIRECTION('',(0.399319367343904,-0.916811890664635,0.));
#7819=DIRECTION('',(0.399319367343904,-0.916811890664635,0.));
#7820=DIRECTION('',(-0.916132184957595,-0.399023320078725,0.0384994768558602));
#7821=DIRECTION('',(0.399319367343904,-0.916811890664635,0.));
#7822=DIRECTION('',(0.399319367343904,-0.916811890664635,0.));
#7823=DIRECTION('',(-0.916726794726982,-0.399282303627418,0.0136244574048503));
#7824=DIRECTION('',(0.399319367343904,-0.916811890664635,0.));
#7825=DIRECTION('',(0.916811890664636,0.399319367343904,8.67361766110606E-19));
#7826=DIRECTION('',(-7.95207580678082E-19,-3.46354351701579E-19,1.));
#7827=DIRECTION('',(0.399319367343904,-0.916811890664635,0.));
#7828=DIRECTION('',(-7.95207580678082E-19,-3.46354351701579E-19,1.));
#7829=DIRECTION('',(-0.916811890664635,-0.399319367343904,-8.67361766110606E-19));
#7830=DIRECTION('',(0.399319367343904,-0.916811890664635,0.));
#7831=DIRECTION('',(-0.916811890664636,-0.399319367343904,-8.67361766110606E-19));
#7832=DIRECTION('',(7.95207580678082E-19,3.46354351701579E-19,-1.));
#7833=DIRECTION('',(0.399319367343904,-0.916811890664635,0.));
#7834=DIRECTION('',(7.95207580678082E-19,3.46354351701579E-19,-1.));
#7835=DIRECTION('',(0.916811890664635,0.399319367343904,8.67361766110606E-19));
#7836=DIRECTION('',(0.399319367343904,-0.916811890664635,0.));
#7837=DIRECTION('',(0.871076418836951,0.379399185394512,-0.311900834670532));
#7838=DIRECTION('',(0.285954393934168,0.124548043974672,0.950114661149814));
#7839=DIRECTION('',(0.399319367343904,-0.916811890664635,0.));
#7840=DIRECTION('',(7.95207580678082E-19,3.46354351701579E-19,-1.));
#7841=DIRECTION('',(0.916811890664635,0.399319367343904,8.67361766110606E-19));
#7842=DIRECTION('',(0.399319367343904,-0.916811890664635,0.));
#7843=DIRECTION('',(-0.875851173794392,-0.381478840063307,-0.295564909870811));
#7844=DIRECTION('',(0.270977423832781,0.118024792818671,-0.955322659656442));
#7845=DIRECTION('',(0.399319367343904,-0.916811890664635,0.));
#7846=DIRECTION('',(7.95207580678082E-19,3.46354351701579E-19,-1.));
#7847=DIRECTION('',(0.916811890664635,0.399319367343904,8.67361766110606E-19));
#7848=DIRECTION('',(0.399319367343904,-0.916811890664635,0.));
#7849=DIRECTION('',(0.916811890664636,0.399319367343904,8.67361766110606E-19));
#7850=DIRECTION('',(-7.95207580678082E-19,-3.46354351701579E-19,1.));
#7851=DIRECTION('',(0.399319367343904,-0.916811890664635,0.));
#7852=DIRECTION('',(-7.95207580678082E-19,-3.46354351701579E-19,1.));
#7853=DIRECTION('',(-0.916811890664635,-0.399319367343904,-8.67361766110606E-19));
#7854=DIRECTION('',(0.399319367343904,-0.916811890664635,0.));
#7855=DIRECTION('',(-0.916811890664636,-0.399319367343904,-8.67361766110606E-19));
#7856=DIRECTION('',(7.95207580678082E-19,3.46354351701579E-19,-1.));
#7857=DIRECTION('',(0.399319367343904,-0.916811890664635,0.));
#7858=DIRECTION('',(0.399319367343904,-0.916811890664635,0.));
#7859=DIRECTION('',(-7.95207580678082E-19,-3.46354351701579E-19,1.));
#7860=DIRECTION('',(-0.916811890664635,-0.399319367343904,-8.67361766110606E-19));
#7861=DIRECTION('',(0.399319367343904,-0.916811890664635,0.));
#7862=DIRECTION('',(0.876459692468083,0.381743881664829,0.293411002333285));
#7863=DIRECTION('',(-0.269002695790986,-0.117164695823468,0.955986393056814));
#7864=DIRECTION('',(0.399319367343904,-0.916811890664635,0.));
#7865=DIRECTION('',(-7.95207580678082E-19,-3.46354351701579E-19,1.));
#7866=DIRECTION('',(-0.916811890664635,-0.399319367343904,-8.67361766110606E-19));
#7867=DIRECTION('',(0.399319367343904,-0.916811890664635,0.));
#7868=DIRECTION('',(-0.870829085729925,-0.379291458934127,0.312721429752432));
#7869=DIRECTION('',(-0.286706725262675,-0.124875723483622,-0.94984488595433));
#7870=DIRECTION('',(0.,0.,-1.));
#7871=DIRECTION('',(-1.,0.,0.));
#7872=DIRECTION('',(0.762062166631377,0.166702030054174,0.625676983246874));
#7873=DIRECTION('',(0.611223699914323,0.133705931162212,-0.780082247352862));
#7874=DIRECTION('',(-0.612031479485911,-0.133882633930458,0.779418314161356));
#7875=DIRECTION('',(-0.761413570450482,-0.166560148847134,-0.626503863954461));
#7876=DIRECTION('',(0.976413035390609,0.213591544493649,-0.0315632133997017));
#7877=DIRECTION('',(-0.0308340958544401,-0.00674499614190466,-0.999501757657226));
#7878=DIRECTION('',(0.976640548721552,0.213641313312774,-0.023035360619251));
#7879=DIRECTION('',(-0.0225032384498054,-0.00492261090582428,-0.999734650875492));
#7880=DIRECTION('',(0.,0.,-1.));
#7881=DIRECTION('',(0.,0.,1.));
#7882=DIRECTION('',(1.,0.,0.));
#7883=DIRECTION('',(0.,0.,-1.));
#7884=DIRECTION('',(0.,0.,-1.));
#7885=DIRECTION('',(-1.,0.,0.));
#7886=DIRECTION('',(0.608489957309213,0.1331079216272,-0.782318511256074));
#7887=DIRECTION('',(-0.764246772320103,-0.16717991521778,-0.622878597277255));
#7888=DIRECTION('',(0.608489957309213,0.1331079216272,-0.782318511256074));
#7889=DIRECTION('',(0.764246772320103,0.16717991521778,0.622878597277254));
#7890=DIRECTION('',(0.213698017894731,-0.976899768219781,0.));
#7891=DIRECTION('',(0.213698017894731,-0.976899768219781,0.));
#7892=DIRECTION('',(0.762062166631377,0.166702030054174,0.625676983246874));
#7893=DIRECTION('',(-0.611223699914323,-0.133705931162212,0.780082247352862));
#7894=DIRECTION('',(0.213698017894731,-0.976899768219781,0.));
#7895=DIRECTION('',(-0.612031479485911,-0.133882633930458,0.779418314161356));
#7896=DIRECTION('',(-0.761413570450481,-0.166560148847134,-0.626503863954461));
#7897=DIRECTION('',(0.213698017894731,-0.976899768219781,0.));
#7898=DIRECTION('',(0.213698017894731,-0.976899768219781,0.));
#7899=DIRECTION('',(0.665667584777353,0.145615597496682,-0.731903521198231));
#7900=DIRECTION('',(0.213698017894731,-0.976899768219781,0.));
#7901=DIRECTION('',(0.976413035390609,0.213591544493649,-0.0315632133997017));
#7902=DIRECTION('',(0.0308340958544401,0.00674499614190466,0.999501757657226));
#7903=DIRECTION('',(0.213698017894731,-0.976899768219781,0.));
#7904=DIRECTION('',(0.976640548721552,0.213641313312774,-0.023035360619251));
#7905=DIRECTION('',(0.0225032384498054,0.00492261090582428,0.999734650875491));
#7906=DIRECTION('',(0.213698017894731,-0.976899768219781,0.));
#7907=DIRECTION('',(0.976899768219782,0.213698017894731,0.));
#7908=DIRECTION('',(0.,0.,1.));
#7909=DIRECTION('',(0.213698017894731,-0.976899768219781,0.));
#7910=DIRECTION('',(0.,0.,1.));
#7911=DIRECTION('',(-0.976899768219781,-0.213698017894731,0.));
#7912=DIRECTION('',(0.213698017894731,-0.976899768219781,0.));
#7913=DIRECTION('',(-0.976899768219782,-0.213698017894731,0.));
#7914=DIRECTION('',(0.,0.,-1.));
#7915=DIRECTION('',(0.213698017894731,-0.976899768219781,0.));
#7916=DIRECTION('',(0.,0.,-1.));
#7917=DIRECTION('',(0.976899768219781,0.213698017894731,0.));
#7918=DIRECTION('',(0.,0.,-1.));
#7919=DIRECTION('',(-1.,0.,0.));
#7920=DIRECTION('',(0.989146044309999,-0.146935710519536,0.));
#7921=DIRECTION('',(0.989146044309999,-0.146935710519536,0.));
#7922=DIRECTION('',(0.989146044309999,-0.146935710519536,0.));
#7923=DIRECTION('',(0.989146044309999,-0.146935710519536,0.));
#7924=DIRECTION('',(0.989146044309999,-0.146935710519536,0.));
#7925=DIRECTION('',(0.989146044309999,-0.146935710519536,0.));
#7926=DIRECTION('',(0.989146044309999,-0.146935710519536,0.));
#7927=DIRECTION('',(0.989146044309999,-0.146935710519536,0.));
#7928=DIRECTION('',(0.,0.,-1.));
#7929=DIRECTION('',(-1.,0.,0.));
#7930=DIRECTION('',(0.963109980267141,-0.269108093356231,0.));
#7931=DIRECTION('',(0.963109980267141,-0.269108093356231,0.));
#7932=DIRECTION('',(0.963109980267141,-0.269108093356231,0.));
#7933=DIRECTION('',(0.963109980267141,-0.269108093356231,0.));
#7934=DIRECTION('',(0.963109980267141,-0.269108093356231,0.));
#7935=DIRECTION('',(0.963109980267141,-0.269108093356231,0.));
#7936=DIRECTION('',(0.963109980267141,-0.269108093356231,0.));
#7937=DIRECTION('',(0.963109980267141,-0.269108093356231,0.));
#7938=DIRECTION('',(0.963109980267141,-0.269108093356231,0.));
#7939=DIRECTION('',(0.963109980267141,-0.269108093356231,0.));
#7940=DIRECTION('',(0.963109980267141,-0.269108093356231,0.));
#7941=DIRECTION('',(0.963109980267141,-0.269108093356231,0.));
#7942=DIRECTION('',(0.963109980267141,-0.269108093356231,0.));
#7943=DIRECTION('',(0.963109980267141,-0.269108093356231,0.));
#7944=DIRECTION('',(0.963109980267141,-0.269108093356231,0.));
#7945=DIRECTION('',(0.963109980267141,-0.269108093356231,0.));
#7946=DIRECTION('',(0.,0.,-1.));
#7947=DIRECTION('',(-1.,0.,0.));
#7948=DIRECTION('',(0.,0.,-1.));
#7949=DIRECTION('',(-8.30997110756867E-19,2.48516070258651E-19,1.));
#7950=DIRECTION('',(1.,0.,8.30997110756867E-19));
#7951=DIRECTION('',(0.,0.,-1.));
#7952=DIRECTION('',(8.30997110756867E-19,-2.48516070258651E-19,-1.));
#7953=DIRECTION('',(-1.,0.,-8.30997110756867E-19));
#7954=DIRECTION('',(8.30997110756867E-19,-2.48516070258651E-19,-1.));
#7955=DIRECTION('',(-1.,0.,-8.30997110756867E-19));
#7956=DIRECTION('',(-0.921055813597521,0.275448817235552,-0.275289188530434));
#7957=DIRECTION('',(0.263747526041348,-0.07887572395112,-0.961361463071125));
#7958=DIRECTION('',(8.30997110756867E-19,-2.48516070258651E-19,-1.));
#7959=DIRECTION('',(-1.,0.,-8.30997110756867E-19));
#7960=DIRECTION('',(0.,0.,-1.));
#7961=DIRECTION('',(-8.30997110756867E-19,2.48516070258651E-19,1.));
#7962=DIRECTION('',(1.,0.,8.30997110756867E-19));
#7963=DIRECTION('',(0.,0.,-1.));
#7964=DIRECTION('',(0.,0.,-1.));
#7965=DIRECTION('',(-8.30997110756867E-19,2.48516070258651E-19,1.));
#7966=DIRECTION('',(1.,0.,8.30997110756867E-19));
#7967=DIRECTION('',(0.,0.,-1.));
#7968=DIRECTION('',(-0.286519511980036,-0.95807440695111,0.));
#7969=DIRECTION('',(-0.286519511980036,-0.95807440695111,0.));
#7970=DIRECTION('',(-0.286519511980036,-0.95807440695111,0.));
#7971=DIRECTION('',(-0.286519511980036,-0.95807440695111,0.));
#7972=DIRECTION('',(0.958074406951111,-0.286519511980036,8.67361767236177E-19));
#7973=DIRECTION('',(-8.30997110756867E-19,2.48516070258651E-19,1.));
#7974=DIRECTION('',(-0.286519511980036,-0.95807440695111,0.));
#7975=DIRECTION('',(-8.30997110756867E-19,2.48516070258651E-19,1.));
#7976=DIRECTION('',(-0.95807440695111,0.286519511980036,-8.67361767236177E-19));
#7977=DIRECTION('',(-0.286519511980036,-0.95807440695111,0.));
#7978=DIRECTION('',(-0.958074406951111,0.286519511980036,-8.67361767236177E-19));
#7979=DIRECTION('',(8.30997110756867E-19,-2.48516070258651E-19,-1.));
#7980=DIRECTION('',(-0.286519511980036,-0.95807440695111,0.));
#7981=DIRECTION('',(-0.286519511980036,-0.95807440695111,0.));
#7982=DIRECTION('',(-0.286519511980036,-0.95807440695111,0.));
#7983=DIRECTION('',(-0.286519511980036,-0.95807440695111,0.));
#7984=DIRECTION('',(-0.207909724025178,0.062177000274091,0.976169845514955));
#7985=DIRECTION('',(-0.286519511980036,-0.95807440695111,0.));
#7986=DIRECTION('',(-0.286519511980036,-0.95807440695111,0.));
#7987=DIRECTION('',(-0.648883010568011,0.194053449472398,0.73572691764272));
#7988=DIRECTION('',(-0.286519511980036,-0.95807440695111,0.));
#7989=DIRECTION('',(8.30997110756867E-19,-2.48516070258651E-19,-1.));
#7990=DIRECTION('',(0.95807440695111,-0.286519511980036,8.67361767236177E-19));
#7991=DIRECTION('',(-0.286519511980036,-0.95807440695111,0.));
#7992=DIRECTION('',(-0.286519511980036,-0.95807440695111,0.));
#7993=DIRECTION('',(-0.286519511980036,-0.95807440695111,0.));
#7994=DIRECTION('',(-0.286519511980036,-0.95807440695111,0.));
#7995=DIRECTION('',(-0.653383714387133,0.195399419526983,0.731374588444384));
#7996=DIRECTION('',(-0.286519511980036,-0.95807440695111,0.));
#7997=DIRECTION('',(8.30997110756867E-19,-2.48516070258651E-19,-1.));
#7998=DIRECTION('',(0.95807440695111,-0.286519511980036,8.67361767236177E-19));
#7999=DIRECTION('',(-0.286519511980036,-0.95807440695111,0.));
#8000=DIRECTION('',(-0.921055813597521,0.275448817235552,-0.275289188530434));
#8001=DIRECTION('',(0.263747526041348,-0.0788757239511201,-0.961361463071125));
#8002=DIRECTION('',(-0.286519511980036,-0.95807440695111,0.));
#8003=DIRECTION('',(8.30997110756867E-19,-2.48516070258651E-19,-1.));
#8004=DIRECTION('',(0.95807440695111,-0.286519511980036,8.67361767236177E-19));
#8005=DIRECTION('',(-0.286519511980036,-0.95807440695111,0.));
#8006=DIRECTION('',(0.958074406951111,-0.286519511980036,8.67361767236177E-19));
#8007=DIRECTION('',(-8.30997110756867E-19,2.48516070258651E-19,1.));
#8008=DIRECTION('',(-0.286519511980036,-0.95807440695111,0.));
#8009=DIRECTION('',(-8.30997110756867E-19,2.48516070258651E-19,1.));
#8010=DIRECTION('',(-0.95807440695111,0.286519511980036,-8.67361767236177E-19));
#8011=DIRECTION('',(-0.286519511980036,-0.95807440695111,0.));
#8012=DIRECTION('',(-0.958074406951111,0.286519511980036,-8.67361767236177E-19));
#8013=DIRECTION('',(8.30997110756867E-19,-2.48516070258651E-19,-1.));
#8014=DIRECTION('',(-0.286519511980036,-0.95807440695111,0.));
#8015=DIRECTION('',(-0.286519511980036,-0.95807440695111,0.));
#8016=DIRECTION('',(-0.286519511980036,-0.95807440695111,0.));
#8017=DIRECTION('',(-0.286519511980036,-0.95807440695111,0.));
#8018=DIRECTION('',(-0.286519511980036,-0.95807440695111,0.));
#8019=DIRECTION('',(0.958074406951111,-0.286519511980036,8.67361767236177E-19));
#8020=DIRECTION('',(-8.30997110756867E-19,2.48516070258651E-19,1.));
#8021=DIRECTION('',(-0.286519511980036,-0.95807440695111,0.));
#8022=DIRECTION('',(-8.30997110756867E-19,2.48516070258651E-19,1.));
#8023=DIRECTION('',(-0.95807440695111,0.286519511980036,-8.67361767236177E-19));
#8024=DIRECTION('',(-0.286519511980036,-0.95807440695111,0.));
#8025=DIRECTION('',(-0.958074406951111,0.286519511980036,-8.67361767236177E-19));
#8026=DIRECTION('',(8.30997110756867E-19,-2.48516070258651E-19,-1.));
#8027=DIRECTION('',(-0.286519511980036,-0.95807440695111,0.));
#8028=DIRECTION('',(0.,0.,-1.));
#8029=DIRECTION('',(-1.,0.,0.));
#8030=DIRECTION('',(0.,0.,-1.));
#8031=DIRECTION('',(-1.,0.,0.));
#8032=DIRECTION('',(0.,0.,-1.));
#8033=DIRECTION('',(0.,0.,1.));
#8034=DIRECTION('',(1.,0.,0.));
#8035=DIRECTION('',(0.,0.,-1.));
#8036=DIRECTION('',(-1.,0.,0.));
#8037=DIRECTION('',(0.,0.,-1.));
#8038=DIRECTION('',(0.,0.,1.));
#8039=DIRECTION('',(1.,0.,0.));
#8040=DIRECTION('',(0.,0.,-1.));
#8041=DIRECTION('',(0.,0.,1.));
#8042=DIRECTION('',(1.,0.,0.));
#8043=DIRECTION('',(0.848068630475649,0.0398313129578642,0.528387229701107));
#8044=DIRECTION('',(0.52780540550424,0.0247894822801083,-0.849003495569241));
#8045=DIRECTION('',(0.,0.,1.));
#8046=DIRECTION('',(1.,0.,0.));
#8047=DIRECTION('',(0.,0.,1.));
#8048=DIRECTION('',(-0.998898867792098,-0.0469153698020502,0.));
#8049=DIRECTION('',(0.,0.,1.));
#8050=DIRECTION('',(1.,0.,0.));
#8051=DIRECTION('',(0.0469153698020502,-0.998898867792098,0.));
#8052=DIRECTION('',(0.0469153698020502,-0.998898867792098,0.));
#8053=DIRECTION('',(-0.998898867792099,-0.0469153698020502,0.));
#8054=DIRECTION('',(0.,0.,-1.));
#8055=DIRECTION('',(0.,0.,-1.));
#8056=DIRECTION('',(0.0469153698020502,-0.998898867792098,0.));
#8057=DIRECTION('',(0.,0.,-1.));
#8058=DIRECTION('',(0.998898867792098,0.0469153698020502,0.));
#8059=DIRECTION('',(0.,0.,-1.));
#8060=DIRECTION('',(-1.,0.,0.));
#8061=DIRECTION('',(0.0469153698020502,-0.998898867792098,0.));
#8062=DIRECTION('',(0.0469153698020502,-0.998898867792098,0.));
#8063=DIRECTION('',(0.0469153698020502,-0.998898867792098,0.));
#8064=DIRECTION('',(0.0469153698020502,-0.998898867792098,0.));
#8065=DIRECTION('',(0.,0.,1.));
#8066=DIRECTION('',(-0.998898867792098,-0.0469153698020502,0.));
#8067=DIRECTION('',(0.0469153698020502,-0.998898867792098,0.));
#8068=DIRECTION('',(0.0469153698020502,-0.998898867792098,0.));
#8069=DIRECTION('',(0.0469153698020502,-0.998898867792098,0.));
#8070=DIRECTION('',(-0.827392107485655,-0.0388601969084084,-0.56027866777764));
#8071=DIRECTION('',(0.0469153698020502,-0.998898867792098,0.));
#8072=DIRECTION('',(0.0469153698020502,-0.998898867792098,0.));
#8073=DIRECTION('',(0.0469153698020502,-0.998898867792098,0.));
#8074=DIRECTION('',(0.953601402598574,0.0447878798236633,-0.297722036105715));
#8075=DIRECTION('',(0.0469153698020502,-0.998898867792098,0.));
#8076=DIRECTION('',(0.0469153698020502,-0.998898867792098,0.));
#8077=DIRECTION('',(0.0469153698020502,-0.998898867792098,0.));
#8078=DIRECTION('',(0.,0.,-1.));
#8079=DIRECTION('',(0.998898867792098,0.0469153698020502,0.));
#8080=DIRECTION('',(0.0469153698020502,-0.998898867792098,0.));
#8081=DIRECTION('',(0.998898867792099,0.0469153698020502,0.));
#8082=DIRECTION('',(0.,0.,1.));
#8083=DIRECTION('',(0.0469153698020502,-0.998898867792098,0.));
#8084=DIRECTION('',(0.,0.,1.));
#8085=DIRECTION('',(-0.998898867792098,-0.0469153698020502,0.));
#8086=DIRECTION('',(0.0469153698020502,-0.998898867792098,0.));
#8087=DIRECTION('',(-0.998898867792099,-0.0469153698020502,0.));
#8088=DIRECTION('',(0.,0.,-1.));
#8089=DIRECTION('',(0.0469153698020502,-0.998898867792098,0.));
#8090=DIRECTION('',(0.,0.,1.));
#8091=DIRECTION('',(-0.998898867792098,-0.0469153698020502,0.));
#8092=DIRECTION('',(0.0469153698020502,-0.998898867792098,0.));
#8093=DIRECTION('',(0.848068630475649,0.0398313129578642,0.528387229701107));
#8094=DIRECTION('',(-0.52780540550424,-0.0247894822801083,0.84900349556924));
#8095=DIRECTION('',(0.,0.,-1.));
#8096=DIRECTION('',(-1.,0.,0.));
#8097=DIRECTION('',(0.,0.,-1.));
#8098=DIRECTION('',(-1.,0.,0.));
#8099=DIRECTION('',(-3.61436277539531E-19,7.88467022712014E-19,-1.));
#8100=DIRECTION('',(0.,1.,7.88467022712014E-19));
#8101=DIRECTION('',(0.,0.,-1.));
#8102=DIRECTION('',(3.61436277539531E-19,-7.88467022712014E-19,1.));
#8103=DIRECTION('',(0.,-1.,-7.88467022712014E-19));
#8104=DIRECTION('',(0.,0.,-1.));
#8105=DIRECTION('',(3.61436277539531E-19,-7.88467022712014E-19,1.));
#8106=DIRECTION('',(0.,-1.,-7.88467022712014E-19));
#8107=DIRECTION('',(0.,0.,-1.));
#8108=DIRECTION('',(3.61436277539531E-19,-7.88467022712014E-19,1.));
#8109=DIRECTION('',(0.,-1.,-7.88467022712014E-19));
#8110=DIRECTION('',(-3.61436277539531E-19,7.88467022712014E-19,-1.));
#8111=DIRECTION('',(0.,1.,7.88467022712014E-19));
#8112=DIRECTION('',(3.61436277539531E-19,-7.88467022712014E-19,1.));
#8113=DIRECTION('',(-0.416707644706969,0.909040559514684,8.67361763410158E-19));
#8114=DIRECTION('',(3.61436277539531E-19,-7.88467022712014E-19,1.));
#8115=DIRECTION('',(0.,-1.,-7.88467022712014E-19));
#8116=DIRECTION('',(-0.909040559514684,-0.416707644706969,0.));
#8117=DIRECTION('',(-0.909040559514684,-0.416707644706969,0.));
#8118=DIRECTION('',(-0.416707644706969,0.909040559514684,8.67361763410159E-19));
#8119=DIRECTION('',(-3.6143627753953E-19,7.88467022712014E-19,-1.));
#8120=DIRECTION('',(0.,0.,-1.));
#8121=DIRECTION('',(-0.909040559514684,-0.416707644706969,0.));
#8122=DIRECTION('',(-3.61436277539531E-19,7.88467022712014E-19,-1.));
#8123=DIRECTION('',(0.416707644706969,-0.909040559514684,-8.67361763410158E-19));
#8124=DIRECTION('',(-3.61436277539531E-19,7.88467022712014E-19,-1.));
#8125=DIRECTION('',(0.,1.,7.88467022712014E-19));
#8126=DIRECTION('',(-0.909040559514684,-0.416707644706969,0.));
#8127=DIRECTION('',(-0.909040559514684,-0.416707644706969,0.));
#8128=DIRECTION('',(-0.909040559514684,-0.416707644706969,0.));
#8129=DIRECTION('',(-0.909040559514684,-0.416707644706969,0.));
#8130=DIRECTION('',(-3.61436277539531E-19,7.88467022712014E-19,-1.));
#8131=DIRECTION('',(0.416707644706969,-0.909040559514684,-8.67361763410158E-19));
#8132=DIRECTION('',(-0.909040559514684,-0.416707644706969,0.));
#8133=DIRECTION('',(-0.909040559514684,-0.416707644706969,0.));
#8134=DIRECTION('',(0.416707644706969,-0.909040559514684,-8.67361763410159E-19));
#8135=DIRECTION('',(3.6143627753953E-19,-7.88467022712014E-19,1.));
#8136=DIRECTION('',(-0.909040559514684,-0.416707644706969,0.));
#8137=DIRECTION('',(3.61436277539531E-19,-7.88467022712014E-19,1.));
#8138=DIRECTION('',(-0.416707644706969,0.909040559514684,8.67361763410158E-19));
#8139=DIRECTION('',(-0.909040559514684,-0.416707644706969,0.));
#8140=DIRECTION('',(-0.416707644706969,0.909040559514684,8.67361763410159E-19));
#8141=DIRECTION('',(-3.6143627753953E-19,7.88467022712014E-19,-1.));
#8142=DIRECTION('',(-0.909040559514684,-0.416707644706969,0.));
#8143=DIRECTION('',(3.61436277539531E-19,-7.88467022712014E-19,1.));
#8144=DIRECTION('',(-0.416707644706969,0.909040559514684,8.67361763410158E-19));
#8145=DIRECTION('',(-0.909040559514684,-0.416707644706969,0.));
#8146=DIRECTION('',(-0.909040559514684,-0.416707644706969,0.));
#8147=DIRECTION('',(-0.909040559514684,-0.416707644706969,0.));
#8148=DIRECTION('',(-0.909040559514684,-0.416707644706969,0.));
#8149=DIRECTION('',(0.,0.,-1.));
#8150=DIRECTION('',(-1.,0.,0.));
#8151=DIRECTION('',(0.,0.,-1.));
#8152=DIRECTION('',(-1.,0.,0.));
#8153=DIRECTION('',(-0.136796954887813,0.767994079253553,0.625676983246874));
#8154=DIRECTION('',(-0.109720104953048,0.61598148181094,-0.780082247352862));
#8155=DIRECTION('',(0.109865108589828,-0.616795549160673,0.779418314161356));
#8156=DIRECTION('',(0.136680526089241,-0.767340434382353,-0.626503863954461));
#8157=DIRECTION('',(-0.175274847385007,0.984013461002464,-0.0315632133997017));
#8158=DIRECTION('',(0.00553499518057912,-0.0310741092948145,-0.999501757657226));
#8159=DIRECTION('',(-0.175315688056847,0.984242745303361,-0.023035360619251));
#8160=DIRECTION('',(0.00403953198287667,-0.0226784042696627,-0.999734650875492));
#8161=DIRECTION('',(0.,0.,-1.));
#8162=DIRECTION('',(0.,0.,1.));
#8163=DIRECTION('',(1.,0.,0.));
#8164=DIRECTION('',(0.,0.,-1.));
#8165=DIRECTION('',(0.,0.,-1.));
#8166=DIRECTION('',(-1.,0.,0.));
#8167=DIRECTION('',(-0.109229373776248,0.613226459679073,-0.782318511256074));
#8168=DIRECTION('',(0.137189111090987,-0.77019568997235,-0.622878597277255));
#8169=DIRECTION('',(-0.109229373776248,0.613226459679073,-0.782318511256074));
#8170=DIRECTION('',(-0.137189111090987,0.77019568997235,0.622878597277254));
#8171=DIRECTION('',(0.984503982573211,0.175362220268467,0.));
#8172=DIRECTION('',(0.984503982573211,0.175362220268467,0.));
#8173=DIRECTION('',(-0.136796954887813,0.767994079253553,0.625676983246874));
#8174=DIRECTION('',(0.109720104953048,-0.615981481810939,0.780082247352862));
#8175=DIRECTION('',(0.984503982573211,0.175362220268467,0.));
#8176=DIRECTION('',(0.109865108589828,-0.616795549160673,0.779418314161356));
#8177=DIRECTION('',(0.136680526089241,-0.767340434382353,-0.626503863954461));
#8178=DIRECTION('',(0.984503982573211,0.175362220268467,0.));
#8179=DIRECTION('',(0.984503982573211,0.175362220268467,0.));
#8180=DIRECTION('',(-0.119493267827543,0.670849159452948,-0.731903521104502));
#8181=DIRECTION('',(0.984503982573211,0.175362220268467,0.));
#8182=DIRECTION('',(-0.175274847385007,0.984013461002464,-0.0315632133997017));
#8183=DIRECTION('',(-0.00553499518057911,0.0310741092948144,0.999501757657226));
#8184=DIRECTION('',(0.984503982573211,0.175362220268467,0.));
#8185=DIRECTION('',(-0.175315688056847,0.984242745303361,-0.023035360619251));
#8186=DIRECTION('',(-0.00403953198287667,0.0226784042696627,0.999734650875491));
#8187=DIRECTION('',(0.984503982573211,0.175362220268467,0.));
#8188=DIRECTION('',(-0.175362220268467,0.984503982573211,0.));
#8189=DIRECTION('',(0.,0.,1.));
#8190=DIRECTION('',(0.984503982573211,0.175362220268467,0.));
#8191=DIRECTION('',(0.,0.,1.));
#8192=DIRECTION('',(0.175362220268467,-0.984503982573211,0.));
#8193=DIRECTION('',(0.984503982573211,0.175362220268467,0.));
#8194=DIRECTION('',(0.175362220268467,-0.984503982573211,0.));
#8195=DIRECTION('',(0.,0.,-1.));
#8196=DIRECTION('',(0.984503982573211,0.175362220268467,0.));
#8197=DIRECTION('',(0.,0.,-1.));
#8198=DIRECTION('',(-0.175362220268467,0.984503982573211,0.));
#8199=DIRECTION('',(0.,0.,-1.));
#8200=DIRECTION('',(-1.,0.,0.));
#8201=DIRECTION('',(0.,0.,-1.));
#8202=DIRECTION('',(-1.,0.,0.));
#8203=CARTESIAN_POINT('',(0.,0.,0.));
#8204=CARTESIAN_POINT('',(-0.00153221793662097,0.0255071470191357,0.005));
#8205=CARTESIAN_POINT('',(-0.00153221793662097,0.0255071470191357,-0.005));
#8206=CARTESIAN_POINT('',(-1.19262238973405E-18,0.0225,-0.005));
#8207=CARTESIAN_POINT('',(-0.00306443587324194,0.0285142940382715,-0.005));
#8208=CARTESIAN_POINT('',(-0.00306443587324194,0.0285142940382715,0.005));
#8209=CARTESIAN_POINT('',(-0.00306443587324194,0.0285142940382715,0.005));
#8210=CARTESIAN_POINT('',(-0.00153221793662097,0.0255071470191357,0.005));
#8211=CARTESIAN_POINT('',(-1.19262238973405E-18,0.0225,0.005));
#8212=CARTESIAN_POINT('',(-1.19262238973405E-18,0.0225,0.005));
#8213=CARTESIAN_POINT('',(-0.00215645487376284,0.0267322809898948,-0.0025));
#8214=CARTESIAN_POINT('',(-0.00264108973223481,0.0276834304544658,-0.0025));
#8215=CARTESIAN_POINT('',(-0.00170246437402329,0.0258412744657064,0.002));
#8216=CARTESIAN_POINT('',(-0.00261044537350239,0.0276232875140831,0.002));
#8217=CARTESIAN_POINT('',(0.,1.1327982892113E-18,0.005));
#8218=CARTESIAN_POINT('',(0.,1.1327982892113E-18,0.005));
#8219=CARTESIAN_POINT('',(-0.0126178656775227,0.0186289952961505,0.005));
#8220=CARTESIAN_POINT('',(-0.0126178656775227,0.0186289952961505,0.005));
#8221=CARTESIAN_POINT('',(-0.0126178656775227,0.0186289952961505,-0.005));
#8222=CARTESIAN_POINT('',(0.,1.1327982892113E-18,-0.005));
#8223=CARTESIAN_POINT('',(0.,1.1327982892113E-18,0.005));
#8224=CARTESIAN_POINT('',(-0.0134510951398843,0.0202643001924778,0.005));
#8225=CARTESIAN_POINT('',(-0.0146475206876907,0.0226124175416574,0.005));
#8226=CARTESIAN_POINT('',(-0.00885597828046633,0.0255633557899644,0.005));
#8227=CARTESIAN_POINT('',(0.,1.1327982892113E-18,0.005));
#8228=CARTESIAN_POINT('',(0.0185,1.1327982892113E-18,0.005));
#8229=CARTESIAN_POINT('',(0.,1.1327982892113E-18,-0.005));
#8230=CARTESIAN_POINT('',(-0.0134510951398843,0.0202643001924778,-0.005));
#8231=CARTESIAN_POINT('',(-0.0146475206876907,0.0226124175416574,-0.005));
#8232=CARTESIAN_POINT('',(-0.00885597828046633,0.0255633557899644,-0.005));
#8233=CARTESIAN_POINT('',(0.,1.1327982892113E-18,-0.005));
#8234=CARTESIAN_POINT('',(0.0185,1.1327982892113E-18,-0.005));
#8235=CARTESIAN_POINT('',(0.,1.1327982892113E-18,0.005));
#8236=CARTESIAN_POINT('',(-0.0134510951398843,0.0202643001924778,0.005));
#8237=CARTESIAN_POINT('',(-0.0146475206876907,0.0226124175416574,0.005));
#8238=CARTESIAN_POINT('',(-0.00885597828046633,0.0255633557899644,0.005));
#8239=CARTESIAN_POINT('',(-0.0136504390357928,0.0208758035432546,-0.0025));
#8240=CARTESIAN_POINT('',(-0.0136504390357928,0.0208758035432546,-0.0025));
#8241=CARTESIAN_POINT('',(-0.0141350738942648,0.0218269530078257,-0.0025));
#8242=CARTESIAN_POINT('',(-0.0138527407191222,0.0212728429522383,0.));
#8243=CARTESIAN_POINT('',(-0.0131964485360532,0.0199847970190663,0.002));
#8244=CARTESIAN_POINT('',(-0.0131964485360532,0.0199847970190663,0.002));
#8245=CARTESIAN_POINT('',(-0.0141044295355323,0.021766810067443,0.002));
#8246=CARTESIAN_POINT('',(-0.0138527407191222,0.0212728429522383,0.));
#8247=CARTESIAN_POINT('',(0.,0.,0.));
#8248=CARTESIAN_POINT('',(0.,1.1327982892113E-18,0.005));
#8249=CARTESIAN_POINT('',(0.,1.1327982892113E-18,-0.000373358477211209));
#8250=CARTESIAN_POINT('',(0.0232490330461799,0.00342526822564872,0.000505387620810199));
#8251=CARTESIAN_POINT('',(0.0233140817249674,0.00295018530291657,0.00110275550071972));
#8252=CARTESIAN_POINT('',(0.,1.1327982892113E-18,0.00204540334513496));
#8253=CARTESIAN_POINT('',(0.0230757819133924,0.00444502970581234,0.0023077729796422));
#8254=CARTESIAN_POINT('',(0.,1.1327982892113E-18,0.0023077729796422));
#8255=CARTESIAN_POINT('',(0.0229073751013732,0.00524425075344294,0.0023077729796422));
#8256=CARTESIAN_POINT('',(0.0229073751013732,0.00524425075344294,0.005));
#8257=CARTESIAN_POINT('',(0.0229073751013732,0.00524425075344294,-0.00238994447871684));
#8258=CARTESIAN_POINT('',(0.,1.1327982892113E-18,-0.00238994447871684));
#8259=CARTESIAN_POINT('',(0.0231085803433081,0.00427124273682463,-0.00238994447871684));
#8260=CARTESIAN_POINT('',(0.0231085803433081,0.00427124273682463,0.005));
#8261=CARTESIAN_POINT('',(0.0231085803433081,0.00427124273682463,0.000328542052231133));
#8262=CARTESIAN_POINT('',(0.,1.1327982892113E-18,-0.0062979230927411));
#8263=CARTESIAN_POINT('',(0.0231067093353832,0.00428135302096343,0.000774768661320173));
#8264=CARTESIAN_POINT('',(0.,1.1327982892113E-18,-0.00438579751867855));
#8265=CARTESIAN_POINT('',(0.0231038945189791,0.00429651696795107,0.00126315031873329));
#8266=CARTESIAN_POINT('',(0.0231039809873103,0.004296051971055,0.0012636087692711));
#8267=CARTESIAN_POINT('',(0.023124019208063,0.00418828728980603,0.00115052585676859));
#8268=CARTESIAN_POINT('',(0.0231441246845426,0.00407597312762199,0.00104217161004921));
#8269=CARTESIAN_POINT('',(0.0231641042350303,0.00395907501680018,0.000938546034559527));
#8270=CARTESIAN_POINT('',(0.0231641568699979,0.0039587603945714,0.000938911105017036));
#8271=CARTESIAN_POINT('',(0.,1.1327982892113E-18,0.00107192209394553));
#8272=CARTESIAN_POINT('',(-0.021958335713524,-0.00837146896859681,0.005));
#8273=CARTESIAN_POINT('',(-0.021958335713524,-0.00837146896859681,-0.00238994447871684));
#8274=CARTESIAN_POINT('',(-0.021958335713524,-0.00837146896859681,0.0023077729796422));
#8275=CARTESIAN_POINT('',(0.,1.1327982892113E-18,0.0023077729796422));
#8276=CARTESIAN_POINT('',(-0.0213791314863061,-0.00975616404593721,0.0023077729796422));
#8277=CARTESIAN_POINT('',(-0.0213791314863061,-0.00975616404593721,0.0023077729796422));
#8278=CARTESIAN_POINT('',(-0.0211878464128442,-0.0101753358349368,0.0023077729796422));
#8279=CARTESIAN_POINT('',(-0.0209725622358611,-0.0106079689149681,0.00223467752457788));
#8280=CARTESIAN_POINT('',(-0.020806661699221,-0.0109239566519722,0.00193968743573926));
#8281=CARTESIAN_POINT('',(-0.020806661699221,-0.0109239566519722,0.00193968743573926));
#8282=CARTESIAN_POINT('',(-0.020806661699221,-0.0109239566519722,0.00193968743573926));
#8283=CARTESIAN_POINT('',(-0.0206589883280891,-0.0112052274380999,0.00167710732749143));
#8284=CARTESIAN_POINT('',(-0.0205958073076967,-0.01131648007749,0.00125275555609968));
#8285=CARTESIAN_POINT('',(-0.0205958073076967,-0.01131648007749,0.00084262800740284));
#8286=CARTESIAN_POINT('',(-0.0205958073076967,-0.01131648007749,0.00084262800740284));
#8287=CARTESIAN_POINT('',(-0.0205958073076967,-0.01131648007749,0.00084262800740284));
#8288=CARTESIAN_POINT('',(-0.0205958073076967,-0.01131648007749,0.00040792328192789));
#8289=CARTESIAN_POINT('',(-0.0206657862489302,-0.0111931350846662,-3.58425240313895E-5));
#8290=CARTESIAN_POINT('',(-0.0208202860732233,-0.0108979671420472,-0.000317663993419698));
#8291=CARTESIAN_POINT('',(-0.0208202860732233,-0.0108979671420473,-0.000317663993419698));
#8292=CARTESIAN_POINT('',(-0.0208202860732233,-0.0108979671420473,-0.000317663993419698));
#8293=CARTESIAN_POINT('',(-0.0209914598384417,-0.0105709440639241,-0.000629900219287708));
#8294=CARTESIAN_POINT('',(-0.0212129846128148,-0.0101237424603987,-0.000719165124408799));
#8295=CARTESIAN_POINT('',(-0.0214110303943588,-0.00968595774571841,-0.000719165124408799));
#8296=CARTESIAN_POINT('',(-0.0214110303943588,-0.00968595774571841,-0.000719165124408799));
#8297=CARTESIAN_POINT('',(0.,1.1327982892113E-18,-0.000719165124408799));
#8298=CARTESIAN_POINT('',(-0.0215833791541631,-0.00929557659791154,-0.000719165124408799));
#8299=CARTESIAN_POINT('',(-0.0215833791541631,-0.00929557659791154,0.005));
#8300=CARTESIAN_POINT('',(-0.0215833791541631,-0.00929557659791154,-0.00238994447871684));
#8301=CARTESIAN_POINT('',(0.,1.1327982892113E-18,-0.00238994447871684));
#8302=CARTESIAN_POINT('',(0.00167875946610083,-0.0234399608932642,-0.000342579399460989));
#8303=CARTESIAN_POINT('',(0.00213446966068191,-0.023407323133908,-0.00102784613400019));
#8304=CARTESIAN_POINT('',(0.00259298776108595,-0.0233611394933021,-0.0017103048068894));
#8305=CARTESIAN_POINT('',(0.00305425576524966,-0.0233006764219505,-0.00238994447871683));
#8306=CARTESIAN_POINT('',(0.00167834833978409,-0.0234399903338364,-0.000342854205223114));
#8307=CARTESIAN_POINT('',(0.00305425576524965,-0.0233006764219505,-0.00238994447871684));
#8308=CARTESIAN_POINT('',(0.,1.1327982892113E-18,-0.00238994447871684));
#8309=CARTESIAN_POINT('',(0.00195422699828504,-0.0234186036483642,-0.00238994447871684));
#8310=CARTESIAN_POINT('',(0.,1.1327982892113E-18,-0.00101874388492165));
#8311=CARTESIAN_POINT('',(0.000834381927799737,-0.0234851827073702,-0.000587559119884824));
#8312=CARTESIAN_POINT('',(0.,1.1327982892113E-18,-0.000587559119884845));
#8313=CARTESIAN_POINT('',(0.00030489271902618,-0.0234980220535662,-0.000587559119884845));
#8314=CARTESIAN_POINT('',(0.00030489271902618,-0.0234980220535662,0.005));
#8315=CARTESIAN_POINT('',(0.00030489271902618,-0.0234980220535662,-0.00238994447871684));
#8316=CARTESIAN_POINT('',(0.,1.1327982892113E-18,-0.00238994447871684));
#8317=CARTESIAN_POINT('',(-0.000692891095689218,-0.0234897829264026,-0.00238994447871684));
#8318=CARTESIAN_POINT('',(-0.000692891095689218,-0.0234897829264026,0.005));
#8319=CARTESIAN_POINT('',(-0.000692891095689218,-0.0234897829264026,0.0023077729796422));
#8320=CARTESIAN_POINT('',(0.,1.1327982892113E-18,0.0023077729796422));
#8321=CARTESIAN_POINT('',(0.000677135853177621,-0.0234902423792591,0.0023077729796422));
#8322=CARTESIAN_POINT('',(0.000677135853177621,-0.0234902423792592,0.0023077729796422));
#8323=CARTESIAN_POINT('',(0.00117338299373764,-0.0234759374297621,0.0023077729796422));
#8324=CARTESIAN_POINT('',(0.00169461889464791,-0.0234422167763416,0.00226194566392337));
#8325=CARTESIAN_POINT('',(0.00209210895650722,-0.0234066887900468,0.00195922270203578));
#8326=CARTESIAN_POINT('',(0.00209210895650722,-0.0234066887900468,0.00195922270203578));
#8327=CARTESIAN_POINT('',(0.00209210895650722,-0.0234066887900468,0.00195922270203578));
#8328=CARTESIAN_POINT('',(0.00241249475245865,-0.0233780524459975,0.00171522128815525));
#8329=CARTESIAN_POINT('',(0.00254956139474361,-0.0233612871369373,0.00130162122017867));
#8330=CARTESIAN_POINT('',(0.00254956139474361,-0.0233612871369373,0.000900205634382069));
#8331=CARTESIAN_POINT('',(0.00254956139474362,-0.0233612871369373,0.000900205634382069));
#8332=CARTESIAN_POINT('',(0.00254879604887216,-0.023361370651168,0.000900192909913166));
#8333=CARTESIAN_POINT('',(0.00255312820835605,-0.0233608979994927,0.000636520747794138));
#8334=CARTESIAN_POINT('',(0.00247405569053631,-0.0233698976476256,0.000378410093509498));
#8335=CARTESIAN_POINT('',(0.00232291922889063,-0.0233849106531552,0.000162837640872867));
#8336=CARTESIAN_POINT('',(0.00232268090777987,-0.0233849343253437,0.000163006374665843));
#8337=CARTESIAN_POINT('',(0.00232268090777987,-0.0233849343253437,0.000163006374665843));
#8338=CARTESIAN_POINT('',(0.00216301176768582,-0.0234007932735921,-6.41472525507421E-5));
#8339=CARTESIAN_POINT('',(0.00193215793438829,-0.0234218170792549,-0.000231600828189573));
#8340=CARTESIAN_POINT('',(0.00167834833978409,-0.0234399903338364,-0.000342854205223114));
#8341=CARTESIAN_POINT('',(-0.00512751040027205,-0.0229337881104519,0.00029152786345877));
#8342=CARTESIAN_POINT('',(-0.00521434636531242,-0.0229143734236274,0.000424138633696911));
#8343=CARTESIAN_POINT('',(-0.00537281803283045,-0.0228781139932233,0.000485852354513674));
#8344=CARTESIAN_POINT('',(-0.00552733446236673,-0.0228407218305625,0.000485852354513674));
#8345=CARTESIAN_POINT('',(-0.00512751040027205,-0.0229337881104519,0.00029152786345877));
#8346=CARTESIAN_POINT('',(-0.00552733446236673,-0.0228407218305625,0.000485852354513674));
#8347=CARTESIAN_POINT('',(-0.00552733446236673,-0.0228407218305625,0.000485852354513674));
#8348=CARTESIAN_POINT('',(-0.00573008152523338,-0.0227916581084945,0.000485852354513674));
#8349=CARTESIAN_POINT('',(-0.00593370604701505,-0.0227388539757987,0.0004013261666507));
#8350=CARTESIAN_POINT('',(-0.00604945066325784,-0.0227080194352746,0.000228809376927822));
#8351=CARTESIAN_POINT('',(-0.00604945066325784,-0.0227080194352746,0.000228809376927822));
#8352=CARTESIAN_POINT('',(-0.00604945066325784,-0.0227080194352746,0.000228809376927822));
#8353=CARTESIAN_POINT('',(-0.00620680982176219,-0.0226660987178603,-5.73368641189435E-6));
#8354=CARTESIAN_POINT('',(-0.00622171120101927,-0.02266142779551,-0.000304425050019143));
#8355=CARTESIAN_POINT('',(-0.00622171120101927,-0.02266142779551,-0.000587559119884846));
#8356=CARTESIAN_POINT('',(-0.00622171120101927,-0.02266142779551,-0.000587559119884846));
#8357=CARTESIAN_POINT('',(-0.00622171120101927,-0.02266142779551,0.005));
#8358=CARTESIAN_POINT('',(-0.00622171120101927,-0.02266142779551,-0.00238994447871684));
#8359=CARTESIAN_POINT('',(0.,1.1327982892113E-18,-0.00238994447871684));
#8360=CARTESIAN_POINT('',(-0.00716098205072984,-0.0223823666324436,-0.00238994447871684));
#8361=CARTESIAN_POINT('',(-0.00716098205072984,-0.0223823666324436,0.005));
#8362=CARTESIAN_POINT('',(-0.00716098205072984,-0.0223823666324436,-0.000291445609705944));
#8363=CARTESIAN_POINT('',(-0.00716098205072984,-0.0223823666324436,-0.000291445609705944));
#8364=CARTESIAN_POINT('',(-0.00716098205072984,-0.0223823666324436,-8.91393972955006E-5));
#8365=CARTESIAN_POINT('',(-0.00717706373293236,-0.0223775019231371,0.000122305683471433));
#8366=CARTESIAN_POINT('',(-0.00728477941235119,-0.0223423810036752,0.00029152786345877));
#8367=CARTESIAN_POINT('',(-0.00728477941235119,-0.0223423810036752,0.00029152786345877));
#8368=CARTESIAN_POINT('',(-0.00728477941235119,-0.0223423810036752,0.00029152786345877));
#8369=CARTESIAN_POINT('',(-0.00736905759617371,-0.0223149019279974,0.000423929553433397));
#8370=CARTESIAN_POINT('',(-0.00752341576884731,-0.0222637238660935,0.000485852354513674));
#8371=CARTESIAN_POINT('',(-0.00767341560224329,-0.0222119043081689,0.000485852354513674));
#8372=CARTESIAN_POINT('',(-0.00767341560224329,-0.0222119043081689,0.000485852354513674));
#8373=CARTESIAN_POINT('',(-0.00767341560224329,-0.0222119043081689,0.000485852354513674));
#8374=CARTESIAN_POINT('',(-0.00787710345218803,-0.0221415374677544,0.000485852354513674));
#8375=CARTESIAN_POINT('',(-0.00808193188810719,-0.0220668375367789,0.000393786836868582));
#8376=CARTESIAN_POINT('',(-0.00818856466179756,-0.0220271970250316,0.000209274110631297));
#8377=CARTESIAN_POINT('',(-0.00818856466179756,-0.0220271970250316,0.000209274110631297));
#8378=CARTESIAN_POINT('',(-0.00818856466179756,-0.0220271970250316,0.000209274110631297));
#8379=CARTESIAN_POINT('',(-0.00834366343635377,-0.0219695393783062,-5.91020812186986E-5));
#8380=CARTESIAN_POINT('',(-0.00834822579285474,-0.0219671829352676,-0.00038732692943353));
#8381=CARTESIAN_POINT('',(-0.00834822579285474,-0.0219671829352676,-0.000699629858112277));
#8382=CARTESIAN_POINT('',(-0.00834822579285474,-0.0219671829352676,-0.000699629858112277));
#8383=CARTESIAN_POINT('',(-0.00834822579285474,-0.0219671829352676,0.005));
#8384=CARTESIAN_POINT('',(-0.00834822579285474,-0.0219671829352676,-0.00238994447871684));
#8385=CARTESIAN_POINT('',(0.,1.1327982892113E-18,-0.00238994447871684));
#8386=CARTESIAN_POINT('',(-0.00926065979453465,-0.0215983837397591,-0.00238994447871684));
#8387=CARTESIAN_POINT('',(-0.00926065979453466,-0.0215983837397591,0.005));
#8388=CARTESIAN_POINT('',(-0.00926065979453466,-0.0215983837397591,0.00120248817602303));
#8389=CARTESIAN_POINT('',(0.,1.1327982892113E-18,0.00120248817602303));
#8390=CARTESIAN_POINT('',(-0.00856471690941937,-0.0218836839737167,0.00120248817602303));
#8391=CARTESIAN_POINT('',(0.,1.1327982892113E-18,-0.00555675814183633));
#8392=CARTESIAN_POINT('',(-0.00844163825478394,-0.0219314555735676,0.000742895332099526));
#8393=CARTESIAN_POINT('',(0.,1.1327982892113E-18,0.000742895332099526));
#8394=CARTESIAN_POINT('',(-0.00839061361078898,-0.0219510273844858,0.000742895332099526));
#8395=CARTESIAN_POINT('',(-0.00839090018527163,-0.0219509178414209,0.000743077548503191));
#8396=CARTESIAN_POINT('',(-0.00829823702689877,-0.0219863390168986,0.000910103951305633));
#8397=CARTESIAN_POINT('',(-0.00816193787013821,-0.0220377685607208,0.00104420914637542));
#8398=CARTESIAN_POINT('',(-0.00799779346551602,-0.0220971785457544,0.00112943957798743));
#8399=CARTESIAN_POINT('',(-0.00799805171673623,-0.0220970850732944,0.00113000205634382));
#8400=CARTESIAN_POINT('',(-0.00799805171673623,-0.0220970850732945,0.00113000205634382));
#8401=CARTESIAN_POINT('',(-0.00781643040953948,-0.0221628230022114,0.00122842044016472));
#8402=CARTESIAN_POINT('',(-0.00761096442621638,-0.0222344353897864,0.00126931935019535));
#8403=CARTESIAN_POINT('',(-0.00740544171343599,-0.022302677709838,0.00126931935019535));
#8404=CARTESIAN_POINT('',(-0.00740544171343599,-0.0223026777098379,0.00126931935019535));
#8405=CARTESIAN_POINT('',(-0.00740544171343599,-0.0223026777098379,0.00126931935019535));
#8406=CARTESIAN_POINT('',(-0.00720279952576571,-0.0223699635725043,0.00126931935019535));
#8407=CARTESIAN_POINT('',(-0.00678962762870581,-0.0225005483553916,0.00122168389433522));
#8408=CARTESIAN_POINT('',(-0.00645950327495384,-0.0225950306319319,0.000931734357271167));
#8409=CARTESIAN_POINT('',(-0.00636042797990188,-0.0226228856672283,0.000742895332099526));
#8410=CARTESIAN_POINT('',(-0.00636042797990189,-0.0226228856672283,0.000742895332099526));
#8411=CARTESIAN_POINT('',(0.,1.1327982892113E-18,0.000742895332099526));
#8412=CARTESIAN_POINT('',(-0.00627722824527928,-0.0226461123718105,0.000742895332099526));
#8413=CARTESIAN_POINT('',(-0.00627760500784509,-0.022646007893846,0.000743125065746139));
#8414=CARTESIAN_POINT('',(-0.00618159952296805,-0.0226726211722424,0.00091267698050205));
#8415=CARTESIAN_POINT('',(-0.00603814930154571,-0.0227117266630909,0.0010478046221869));
#8416=CARTESIAN_POINT('',(-0.00586553568063585,-0.0227562187364067,0.00113085961035762));
#8417=CARTESIAN_POINT('',(-0.0058658443080191,-0.0227561391444814,0.00113154366921173));
#8418=CARTESIAN_POINT('',(-0.00586615650098594,-0.0227560587076484,0.00113222601165483));
#8419=CARTESIAN_POINT('',(-0.00567336031554739,-0.0228057585529118,0.00122629507012125));
#8420=CARTESIAN_POINT('',(-0.00546324192855438,-0.0228571970675124,0.00127258365712988));
#8421=CARTESIAN_POINT('',(-0.00524864397120451,-0.0229063689061261,0.00126844466605455));
#8422=CARTESIAN_POINT('',(-0.0052486279552187,-0.0229063725759383,0.00126931935019535));
#8423=CARTESIAN_POINT('',(-0.0052486279552187,-0.0229063725759383,0.00126931935019535));
#8424=CARTESIAN_POINT('',(-0.00492095232063831,-0.0229814541930822,0.00126931935019535));
#8425=CARTESIAN_POINT('',(-0.00457688553866303,-0.0230512415971454,0.00119496644631657));
#8426=CARTESIAN_POINT('',(-0.00434097398380197,-0.0230955828000064,0.000956241003495784));
#8427=CARTESIAN_POINT('',(-0.00434097398380197,-0.0230955828000064,0.000956241003495784));
#8428=CARTESIAN_POINT('',(-0.00434097398380197,-0.0230955828000064,0.000956241003495784));
#8429=CARTESIAN_POINT('',(-0.0040867919893541,-0.023143358057925,0.00069902719632395));
#8430=CARTESIAN_POINT('',(-0.0040309775693168,-0.0231517001500033,0.000313507919116996));
#8431=CARTESIAN_POINT('',(-0.0040309775693168,-0.0231517001500033,-4.77688669545559E-5));
#8432=CARTESIAN_POINT('',(-0.0040309775693168,-0.0231517001500033,-4.77688669545559E-5));
#8433=CARTESIAN_POINT('',(-0.0040309775693168,-0.0231517001500033,0.005));
#8434=CARTESIAN_POINT('',(-0.0040309775693168,-0.0231517001500033,-0.00238994447871684));
#8435=CARTESIAN_POINT('',(0.,1.1327982892113E-18,-0.00238994447871684));
#8436=CARTESIAN_POINT('',(-0.00500015921571875,-0.022961890336326,-0.00238994447871684));
#8437=CARTESIAN_POINT('',(-0.00500015921571875,-0.022961890336326,0.005));
#8438=CARTESIAN_POINT('',(-0.00500015921571875,-0.022961890336326,-0.000291445609705944));
#8439=CARTESIAN_POINT('',(-0.00500015921571875,-0.022961890336326,-0.000291445609705944));
#8440=CARTESIAN_POINT('',(-0.00500015921571875,-0.022961890336326,-8.91030071264916E-5));
#8441=CARTESIAN_POINT('',(-0.00501675617536667,-0.0229585504147577,0.00012239053579732));
#8442=CARTESIAN_POINT('',(-0.00512751040027204,-0.0229337881104519,0.00029152786345877));
#8443=CARTESIAN_POINT('',(0.0222374150995687,-0.00759916901308787,0.00179214476660498));
#8444=CARTESIAN_POINT('',(0.02228127284937,-0.00747082827135876,0.00199075577323854));
#8445=CARTESIAN_POINT('',(0.0224012988971341,-0.00711204770255902,0.00230978807988265));
#8446=CARTESIAN_POINT('',(0.0225411567412092,-0.00664858468549837,0.00238180135718692));
#8447=CARTESIAN_POINT('',(0.0226066035396259,-0.00641805861629326,0.00238180135718692));
#8448=CARTESIAN_POINT('',(0.0222374150995687,-0.00759916901308787,0.00179214476660498));
#8449=CARTESIAN_POINT('',(0.0226066035396259,-0.00641805861629326,0.00238180135718692));
#8450=CARTESIAN_POINT('',(0.0226066035396259,-0.00641805861629326,0.00238180135718692));
#8451=CARTESIAN_POINT('',(0.0226724303208482,-0.00618619411733013,0.00238180135718692));
#8452=CARTESIAN_POINT('',(0.0227972815703733,-0.00571660866795633,0.00229812546545835));
#8453=CARTESIAN_POINT('',(0.0228812644578727,-0.00535873203674029,0.00196517219118896));
#8454=CARTESIAN_POINT('',(0.0229113304636391,-0.00522694331191042,0.00176489821098088));
#8455=CARTESIAN_POINT('',(0.022911330463639,-0.00522694331191042,0.00176489821098088));
#8456=CARTESIAN_POINT('',(0.022911330463639,-0.00522694331191042,0.00176489821098088));
#8457=CARTESIAN_POINT('',(0.0229898765631469,-0.00488265114437282,0.00124169136732838));
#8458=CARTESIAN_POINT('',(0.0230003825480657,-0.00482000027413218,0.000586366945406656));
#8459=CARTESIAN_POINT('',(0.0230003825480657,-0.00482000027413218,-4.15998354924945E-5));
#8460=CARTESIAN_POINT('',(0.0230003825480657,-0.00482000027413218,-4.15998354924945E-5));
#8461=CARTESIAN_POINT('',(0.0230003825480657,-0.00482000027413218,-4.15998354924945E-5));
#8462=CARTESIAN_POINT('',(0.0230003825480657,-0.00482000027413218,-0.000357618914401487));
#8463=CARTESIAN_POINT('',(0.0229924628676752,-0.00485755748674064,-0.000990115244395676));
#8464=CARTESIAN_POINT('',(0.0229539928523951,-0.00503948325806826,-0.00159995986782441));
#8465=CARTESIAN_POINT('',(0.0229141890014033,-0.00521439760739138,-0.00186300637466584));
#8466=CARTESIAN_POINT('',(0.0229141890014033,-0.00521439760739138,-0.00186300637466584));
#8467=CARTESIAN_POINT('',(0.0229141890014033,-0.00521439760739138,-0.00186300637466584));
#8468=CARTESIAN_POINT('',(0.0228840044738217,-0.00534704072784378,-0.00206248291633651));
#8469=CARTESIAN_POINT('',(0.0227973042720618,-0.00571695629397568,-0.00238268522613799));
#8470=CARTESIAN_POINT('',(0.0226723053229631,-0.00618663440274968,-0.00245471930906847));
#8471=CARTESIAN_POINT('',(0.0226066035396259,-0.00641805861629326,-0.00245471930906847));
#8472=CARTESIAN_POINT('',(0.0226066035396259,-0.00641805861629326,-0.00245471930906847));
#8473=CARTESIAN_POINT('',(0.0226066035396259,-0.00641805861629326,-0.00245471930906847));
#8474=CARTESIAN_POINT('',(0.0225410498567225,-0.00664896116931719,-0.00245471930906847));
#8475=CARTESIAN_POINT('',(0.0224011382325733,-0.00711225709253024,-0.00237301005638537));
#8476=CARTESIAN_POINT('',(0.0222844830410653,-0.00746123461063673,-0.00204329188369892));
#8477=CARTESIAN_POINT('',(0.0222409093704138,-0.00758893605039854,-0.00184398519432449));
#8478=CARTESIAN_POINT('',(0.0222409093704138,-0.00758893605039854,-0.00184398519432449));
#8479=CARTESIAN_POINT('',(0.0222409093704138,-0.00758893605039854,-0.00184398519432449));
#8480=CARTESIAN_POINT('',(0.0221268657403029,-0.00792316393487743,-0.00132234774625533));
#8481=CARTESIAN_POINT('',(0.0221038743734552,-0.00797926924489412,-0.000668043905649693));
#8482=CARTESIAN_POINT('',(0.0221038743734552,-0.00797926924489412,-4.15998354924945E-5));
#8483=CARTESIAN_POINT('',(0.0221038743734552,-0.00797926924489412,-4.15998354924945E-5));
#8484=CARTESIAN_POINT('',(0.0221038743734552,-0.00797926924489412,-4.15998354924945E-5));
#8485=CARTESIAN_POINT('',(0.0221038743734552,-0.00797926924489412,0.000276408738763308));
#8486=CARTESIAN_POINT('',(0.0221167209317637,-0.00794350851566753,0.00091276571208823));
#8487=CARTESIAN_POINT('',(0.0221789676981657,-0.00777020338859009,0.00152746412794123));
#8488=CARTESIAN_POINT('',(0.0222374150995687,-0.00759916901308787,0.00179214476660498));
#8489=CARTESIAN_POINT('',(0.,1.1327982892113E-18,-0.00238994447871684));
#8490=CARTESIAN_POINT('',(-0.0196040354320118,-0.0129588500562521,-0.00238994447871684));
#8491=CARTESIAN_POINT('',(-0.0201272055027558,-0.0121303585540509,-0.00238994447871684));
#8492=CARTESIAN_POINT('',(-0.0201272055027558,-0.0121303585540509,0.005));
#8493=CARTESIAN_POINT('',(-0.0201272055027558,-0.0121303585540509,0.00261005552128316));
#8494=CARTESIAN_POINT('',(0.,1.1327982892113E-18,0.00261005552128316));
#8495=CARTESIAN_POINT('',(-0.0196040354320118,-0.0129588500562521,0.00261005552128316));
#8496=CARTESIAN_POINT('',(-0.0196040354320118,-0.0129588500562521,0.005));
#8497=CARTESIAN_POINT('',(0.,1.1327982892113E-18,0.00046631708821715));
#8498=CARTESIAN_POINT('',(-0.0118828458219524,-0.0202743181185388,0.000466317088217149));
#8499=CARTESIAN_POINT('',(-0.0127395421037294,-0.0197472546696321,0.00046631708821715));
#8500=CARTESIAN_POINT('',(-0.0127395421037294,-0.0197472546696321,0.005));
#8501=CARTESIAN_POINT('',(-0.0127395421037294,-0.0197472546696321,-0.00126512440880115));
#8502=CARTESIAN_POINT('',(-0.0127395421037294,-0.0197472546696321,-0.00126512440880115));
#8503=CARTESIAN_POINT('',(-0.0127395421037294,-0.0197472546696321,-0.00137932527289836));
#8504=CARTESIAN_POINT('',(-0.0127147359016727,-0.0197634299847211,-0.00149904111818931));
#8505=CARTESIAN_POINT('',(-0.0126408886694947,-0.0198105510686967,-0.00157357598190417));
#8506=CARTESIAN_POINT('',(-0.0126408886694947,-0.0198105510686967,-0.00157357598190417));
#8507=CARTESIAN_POINT('',(-0.0126408886694947,-0.0198105510686967,-0.00157357598190417));
#8508=CARTESIAN_POINT('',(-0.0125690303751307,-0.0198564030339391,-0.00164610338772895));
#8509=CARTESIAN_POINT('',(-0.0124727827121954,-0.0199171314027134,-0.00167330865720749));
#8510=CARTESIAN_POINT('',(-0.0123780049700727,-0.0199758602558402,-0.00167330865720749));
#8511=CARTESIAN_POINT('',(-0.0123780049700727,-0.0199758602558402,-0.00167330865720749));
#8512=CARTESIAN_POINT('',(-0.0123780049700727,-0.0199758602558402,-0.00167330865720749));
#8513=CARTESIAN_POINT('',(-0.0121993214452633,-0.0200865811724783,-0.00167330865720749));
#8514=CARTESIAN_POINT('',(-0.0120222423798868,-0.0201929664208555,-0.00162361325709888));
#8515=CARTESIAN_POINT('',(-0.0118490855093841,-0.0202940674235428,-0.00156123791898006));
#8516=CARTESIAN_POINT('',(-0.0118490855093841,-0.0202940674235428,-0.00156123791898006));
#8517=CARTESIAN_POINT('',(-0.0118490855093841,-0.0202940674235428,0.005));
#8518=CARTESIAN_POINT('',(-0.0118490855093841,-0.0202940674235428,-0.00229021180341353));
#8519=CARTESIAN_POINT('',(-0.0118490855093841,-0.0202940674235429,-0.00229021180341353));
#8520=CARTESIAN_POINT('',(-0.0120917234911145,-0.0201523985242855,-0.00241634909471745));
#8521=CARTESIAN_POINT('',(-0.0123580128265341,-0.019990600502102,-0.00245471930906848));
#8522=CARTESIAN_POINT('',(-0.0126174767631048,-0.0198254704895625,-0.00245471930906848));
#8523=CARTESIAN_POINT('',(-0.0126174767631048,-0.0198254704895625,-0.00245471930906847));
#8524=CARTESIAN_POINT('',(-0.0126174767631048,-0.0198254704895625,-0.00245471930906847));
#8525=CARTESIAN_POINT('',(-0.0128812060892442,-0.0196576258653421,-0.00245471930906847));
#8526=CARTESIAN_POINT('',(-0.0131574869446126,-0.0194724219339187,-0.00239142888884201));
#8527=CARTESIAN_POINT('',(-0.0133315551907124,-0.0193525098164809,-0.00215706354102406));
#8528=CARTESIAN_POINT('',(-0.0133315551907124,-0.0193525098164809,-0.00215706354102406));
#8529=CARTESIAN_POINT('',(-0.0133315551907124,-0.0193525098164809,-0.00215706354102406));
#8530=CARTESIAN_POINT('',(-0.0135086991280613,-0.019230478917137,-0.0019185570849595));
#8531=CARTESIAN_POINT('',(-0.0135517952353954,-0.0191989282486787,-0.00158379724036509));
#8532=CARTESIAN_POINT('',(-0.0135517952353954,-0.0191989282486787,-0.00126512440880115));
#8533=CARTESIAN_POINT('',(-0.0135517952353954,-0.0191989282486787,-0.00126512440880115));
#8534=CARTESIAN_POINT('',(-0.0135517952353954,-0.0191989282486787,0.005));
#8535=CARTESIAN_POINT('',(-0.0135517952353954,-0.0191989282486787,0.000466317088217149));
#8536=CARTESIAN_POINT('',(0.,1.1327982892113E-18,0.00046631708821715));
#8537=CARTESIAN_POINT('',(-0.0139325681747012,-0.018924416610752,0.00046631708821715));
#8538=CARTESIAN_POINT('',(-0.0139325681747012,-0.018924416610752,0.005));
#8539=CARTESIAN_POINT('',(-0.0139325681747012,-0.018924416610752,0.000880670368085544));
#8540=CARTESIAN_POINT('',(0.,1.1327982892113E-18,0.00172187851904076));
#8541=CARTESIAN_POINT('',(-0.0134937333616703,-0.0192397806630988,0.00120865720748509));
#8542=CARTESIAN_POINT('',(0.,1.1327982892113E-18,0.00347537247864206));
#8543=CARTESIAN_POINT('',(-0.0132611670704341,-0.0194008104967302,0.00196744807731852));
#8544=CARTESIAN_POINT('',(0.,1.1327982892113E-18,0.00196744807731852));
#8545=CARTESIAN_POINT('',(-0.0127395421037294,-0.0197472546696321,0.00196744807731852));
#8546=CARTESIAN_POINT('',(-0.0127395421037294,-0.0197472546696321,0.005));
#8547=CARTESIAN_POINT('',(-0.0127395421037294,-0.0197472546696321,0.00120248817602303));
#8548=CARTESIAN_POINT('',(0.,1.1327982892113E-18,0.00120248817602303));
#8549=CARTESIAN_POINT('',(-0.0118828458219524,-0.0202743181185388,0.00120248817602303));
#8550=CARTESIAN_POINT('',(-0.0118828458219524,-0.0202743181185388,0.005));
#8551=CARTESIAN_POINT('',(-0.0159003314440811,-0.0173040301654952,0.000840617408144476));
#8552=CARTESIAN_POINT('',(-0.0158620077205063,-0.0173392450779279,0.00076489659821205));
#8553=CARTESIAN_POINT('',(-0.0158133921971291,-0.0173836888595401,0.000701341626092003));
#8554=CARTESIAN_POINT('',(-0.0157558681516492,-0.0174356708728929,0.000652033436947988));
#8555=CARTESIAN_POINT('',(-0.0159000835368469,-0.0173042579570971,0.000840857201593827));
#8556=CARTESIAN_POINT('',(-0.0157561726978182,-0.0174353956627467,0.000651388032078964));
#8557=CARTESIAN_POINT('',(-0.0157561726978182,-0.0174353956627467,0.000651388032078964));
#8558=CARTESIAN_POINT('',(-0.015610853615778,-0.0175667188972292,0.000516789204955805));
#8559=CARTESIAN_POINT('',(-0.0154452362528418,-0.0177127227031834,0.000424580606404329));
#8560=CARTESIAN_POINT('',(-0.0152825405214264,-0.0178520014343199,0.000322373020769073));
#8561=CARTESIAN_POINT('',(-0.0152825405214264,-0.0178520014343199,0.000322373020769073));
#8562=CARTESIAN_POINT('',(-0.0152825405214264,-0.0178520014343199,0.000322373020769073));
#8563=CARTESIAN_POINT('',(-0.0150283090924698,-0.0180696410154696,0.000162103869531312));
#8564=CARTESIAN_POINT('',(-0.0147638363927073,-0.0182847272769288,-1.42638621641298E-5));
#8565=CARTESIAN_POINT('',(-0.0145848330934127,-0.0184264115778763,-0.000309438618136952));
#8566=CARTESIAN_POINT('',(-0.0145848330934127,-0.0184264115778763,-0.000309438618136952));
#8567=CARTESIAN_POINT('',(-0.0145848330934127,-0.0184264115778763,-0.000309438618136952));
#8568=CARTESIAN_POINT('',(-0.0144514457150134,-0.0185319900646315,-0.000529393149835444));
#8569=CARTESIAN_POINT('',(-0.01439225987173,-0.0185772133482014,-0.000807766595665901));
#8570=CARTESIAN_POINT('',(-0.01439225987173,-0.0185772133482013,-0.00108519432449105));
#8571=CARTESIAN_POINT('',(-0.01439225987173,-0.0185772133482013,-0.00108519432449105));
#8572=CARTESIAN_POINT('',(-0.01439225987173,-0.0185772133482013,-0.00108519432449105));
#8573=CARTESIAN_POINT('',(-0.01439225987173,-0.0185772133482013,-0.00146929854360312));
#8574=CARTESIAN_POINT('',(-0.0145184907632019,-0.018481165931887,-0.00184823989785693));
#8575=CARTESIAN_POINT('',(-0.0147521040033223,-0.0182927698141961,-0.00208817602303105));
#8576=CARTESIAN_POINT('',(-0.0147521040033223,-0.0182927698141961,-0.00208817602303105));
#8577=CARTESIAN_POINT('',(-0.0147521040033223,-0.0182927698141961,-0.00208817602303105));
#8578=CARTESIAN_POINT('',(-0.0150284153779727,-0.0180699400198266,-0.00237196593382983));
#8579=CARTESIAN_POINT('',(-0.0153855926250521,-0.0177690095262411,-0.00245471930906847));
#8580=CARTESIAN_POINT('',(-0.0157214299995189,-0.0174667294812231,-0.00245471930906847));
#8581=CARTESIAN_POINT('',(-0.0157214299995189,-0.0174667294812231,-0.00245471930906847));
#8582=CARTESIAN_POINT('',(-0.0157214299995189,-0.0174667294812231,-0.00245471930906847));
#8583=CARTESIAN_POINT('',(-0.0160625060263915,-0.0171597342371073,-0.00245471930906847));
#8584=CARTESIAN_POINT('',(-0.0163949828329603,-0.0168411604498434,-0.00237305260722741));
#8585=CARTESIAN_POINT('',(-0.0166854504891005,-0.0165482851672243,-0.00217094386181369));
#8586=CARTESIAN_POINT('',(-0.0166854504891005,-0.0165482851672243,-0.00217094386181369));
#8587=CARTESIAN_POINT('',(-0.0166854504891005,-0.0165482851672243,0.005));
#8588=CARTESIAN_POINT('',(-0.0166854504891005,-0.0165482851672243,-0.00124558914250463));
#8589=CARTESIAN_POINT('',(-0.0166854504891005,-0.0165482851672243,-0.00124558914250463));
#8590=CARTESIAN_POINT('',(-0.0165010557643682,-0.0167342083017896,-0.00136264453395964));
#8591=CARTESIAN_POINT('',(-0.0163105835615774,-0.0169201634384567,-0.00147206940148717));
#8592=CARTESIAN_POINT('',(-0.0161084550139724,-0.0171104551974174,-0.00154478716841456));
#8593=CARTESIAN_POINT('',(-0.0161084550139724,-0.0171104551974174,-0.00154478716841456));
#8594=CARTESIAN_POINT('',(-0.0161083168422951,-0.017110585328789,-0.00154410495931566));
#8595=CARTESIAN_POINT('',(-0.015964683325331,-0.0172458053785986,-0.00159898912487705));
#8596=CARTESIAN_POINT('',(-0.0158166562263327,-0.0173817519569608,-0.0016282668142696));
#8597=CARTESIAN_POINT('',(-0.015664037366233,-0.0175182171863822,-0.00163190009414971));
#8598=CARTESIAN_POINT('',(-0.0156640274997051,-0.0175182260086026,-0.0016311536088834));
#8599=CARTESIAN_POINT('',(-0.0156640274997051,-0.0175182260086026,-0.0016311536088834));
#8600=CARTESIAN_POINT('',(-0.0155329915204641,-0.0176353926201804,-0.0016311536088834));
#8601=CARTESIAN_POINT('',(-0.0153954351637583,-0.0177553179325201,-0.00160884408405987));
#8602=CARTESIAN_POINT('',(-0.0152860553221499,-0.0178489919235842,-0.00150623072177668));
#8603=CARTESIAN_POINT('',(-0.0152860553221499,-0.0178489919235842,-0.00150623072177668));
#8604=CARTESIAN_POINT('',(-0.0152860553221499,-0.0178489919235842,-0.00150623072177668));
#8605=CARTESIAN_POINT('',(-0.0151968186438237,-0.0179254151080138,-0.0014225144220693));
#8606=CARTESIAN_POINT('',(-0.0151524626970082,-0.0179625408619097,-0.00127727007974945));
#8607=CARTESIAN_POINT('',(-0.0151524626970082,-0.0179625408619097,-0.00113351840427719));
#8608=CARTESIAN_POINT('',(-0.0151524626970082,-0.0179625408619097,-0.00113351840427719));
#8609=CARTESIAN_POINT('',(-0.0151526344911939,-0.017962395941975,-0.00113351502054096));
#8610=CARTESIAN_POINT('',(-0.0151516212887115,-0.0179632506546164,-0.00104546816760889));
#8611=CARTESIAN_POINT('',(-0.0151722394163284,-0.0179459125646506,-0.000959340209145667));
#8612=CARTESIAN_POINT('',(-0.0152113053375005,-0.0179127382030033,-0.000887735970694177));
#8613=CARTESIAN_POINT('',(-0.0152111125421509,-0.0179129050941022,-0.000887553464268871));
#8614=CARTESIAN_POINT('',(-0.0152108832582589,-0.0179130966196138,-0.00088732987269943));
#8615=CARTESIAN_POINT('',(-0.0152592585022494,-0.0178720188425798,-0.000804884779396167));
#8616=CARTESIAN_POINT('',(-0.0153169512749826,-0.0178227047923224,-0.000736174640754223));
#8617=CARTESIAN_POINT('',(-0.0153837257692806,-0.0177648805640672,-0.000681198794818515));
#8618=CARTESIAN_POINT('',(-0.0153834480880369,-0.0177651210218977,-0.000680608677770923));
#8619=CARTESIAN_POINT('',(-0.0153834480880369,-0.0177651210218977,-0.000680608677770923));
#8620=CARTESIAN_POINT('',(-0.0155281272613735,-0.0176398381966527,-0.000553681065680707));
#8621=CARTESIAN_POINT('',(-0.0156858754203879,-0.0174998899648939,-0.000460996822152813));
#8622=CARTESIAN_POINT('',(-0.015838772309434,-0.0173603943425808,-0.000362389471519638));
#8623=CARTESIAN_POINT('',(-0.015838772309434,-0.0173603943425808,-0.000362389471519638));
#8624=CARTESIAN_POINT('',(-0.015838772309434,-0.0173603943425808,-0.000362389471519638));
#8625=CARTESIAN_POINT('',(-0.0160071696281507,-0.0172067568884976,-0.000254974781945605));
#8626=CARTESIAN_POINT('',(-0.0161720572853905,-0.0170514241781392,-0.00013863774096219));
#8627=CARTESIAN_POINT('',(-0.0163096098388444,-0.0169188246312995,2.62595105901712E-5));
#8628=CARTESIAN_POINT('',(-0.0163096098388445,-0.0169188246312995,2.62595105901712E-5));
#8629=CARTESIAN_POINT('',(-0.0163095489033765,-0.0169188833723851,2.63583763530018E-5));
#8630=CARTESIAN_POINT('',(-0.0164124177234141,-0.0168197193782781,0.000148679432907665));
#8631=CARTESIAN_POINT('',(-0.0164942400606646,-0.0167391032514961,0.000293252439353085));
#8632=CARTESIAN_POINT('',(-0.0165558363391547,-0.0166779580018395,0.000460124232751382));
#8633=CARTESIAN_POINT('',(-0.016555803830892,-0.0166779902720029,0.00046014805675509));
#8634=CARTESIAN_POINT('',(-0.016555803830892,-0.0166779902720029,0.00046014805675509));
#8635=CARTESIAN_POINT('',(-0.0166211854498003,-0.0166130876524943,0.000637445940432731));
#8636=CARTESIAN_POINT('',(-0.0166469468928037,-0.0165870177894694,0.000838412956934472));
#8637=CARTESIAN_POINT('',(-0.0166469468928037,-0.0165870177894694,0.00103798067036809));
#8638=CARTESIAN_POINT('',(-0.0166469468928036,-0.0165870177894694,0.00103798067036809));
#8639=CARTESIAN_POINT('',(-0.0166469468928036,-0.0165870177894694,0.00103798067036809));
#8640=CARTESIAN_POINT('',(-0.0166469468928036,-0.0165870177894694,0.00140865350967874));
#8641=CARTESIAN_POINT('',(-0.0165495661491374,-0.0166865970582449,0.00177917453380219));
#8642=CARTESIAN_POINT('',(-0.0163455130518134,-0.016884140578454,0.00201834258688052));
#8643=CARTESIAN_POINT('',(-0.0163455130518134,-0.016884140578454,0.00201834258688052));
#8644=CARTESIAN_POINT('',(-0.0163455130518134,-0.016884140578454,0.00201834258688052));
#8645=CARTESIAN_POINT('',(-0.0161150348132237,-0.0171072662412334,0.00228848321362588));
#8646=CARTESIAN_POINT('',(-0.0157999928216389,-0.0174006982864345,0.00237460415381452));
#8647=CARTESIAN_POINT('',(-0.0154861773825189,-0.0176756417161346,0.00237460415381452));
#8648=CARTESIAN_POINT('',(-0.0154861773825189,-0.0176756417161346,0.00237460415381452));
#8649=CARTESIAN_POINT('',(-0.0154861764035627,-0.0176756425738285,0.00237434929631913));
#8650=CARTESIAN_POINT('',(-0.0153081962885833,-0.0178315764498041,0.00237555772955219));
#8651=CARTESIAN_POINT('',(-0.0151306620206148,-0.0179823703186587,0.00234691416550348));
#8652=CARTESIAN_POINT('',(-0.0149537814214051,-0.018128276840363,0.00228846190860603));
#8653=CARTESIAN_POINT('',(-0.0149537916650174,-0.0181282693230291,0.00228840519723988));
#8654=CARTESIAN_POINT('',(-0.0149537566307308,-0.0181282972956106,0.00228857253160393));
#8655=CARTESIAN_POINT('',(-0.0147699027448777,-0.0182799555688521,0.0022250107152194));
#8656=CARTESIAN_POINT('',(-0.0145886311314542,-0.0184247882482958,0.00214355402715765));
#8657=CARTESIAN_POINT('',(-0.0144102753892131,-0.0185632422600966,0.00204425486496521));
#8658=CARTESIAN_POINT('',(-0.0144101690484522,-0.0185633248098241,0.00204456097059429));
#8659=CARTESIAN_POINT('',(0.,1.1327982892113E-18,-0.00145023819315922));
#8660=CARTESIAN_POINT('',(-0.0146625975766785,-0.0183645918088147,0.00126931935019535));
#8661=CARTESIAN_POINT('',(-0.0146625975766785,-0.0183645918088147,0.00126931935019535));
#8662=CARTESIAN_POINT('',(-0.0148215351391087,-0.0182376933978946,0.00135257712266164));
#8663=CARTESIAN_POINT('',(-0.0149806685005979,-0.0181073214719528,0.00143161840592012));
#8664=CARTESIAN_POINT('',(-0.0151438141355078,-0.0179698328714875,0.0014847213654123));
#8665=CARTESIAN_POINT('',(-0.0151438141355078,-0.0179698328714875,0.0014847213654123));
#8666=CARTESIAN_POINT('',(-0.0151438463199256,-0.0179698057519934,0.0014845557584209));
#8667=CARTESIAN_POINT('',(-0.0152650964842972,-0.0178676235759114,0.00152485294232697));
#8668=CARTESIAN_POINT('',(-0.0153872265396749,-0.0177626018909857,0.00154535684058057));
#8669=CARTESIAN_POINT('',(-0.0155101363416438,-0.0176546217932761,0.00154605451555011));
#8670=CARTESIAN_POINT('',(-0.0155101368439121,-0.0176546213520177,0.00154589759407773));
#8671=CARTESIAN_POINT('',(-0.0155101368439121,-0.0176546213520177,0.00154589759407773));
#8672=CARTESIAN_POINT('',(-0.0156265776125369,-0.017552324496165,0.00154589759407773));
#8673=CARTESIAN_POINT('',(-0.0157466340134297,-0.0174444065955187,0.00151658113795747));
#8674=CARTESIAN_POINT('',(-0.0158334538640656,-0.017365245138912,0.00141429158955377));
#8675=CARTESIAN_POINT('',(-0.0158334538640656,-0.017365245138912,0.00141429158955377));
#8676=CARTESIAN_POINT('',(-0.0158335152338897,-0.0173651891823321,0.00141438821626111));
#8677=CARTESIAN_POINT('',(-0.0159065523345543,-0.0172985942242312,0.00132943552477554));
#8678=CARTESIAN_POINT('',(-0.0159476969254032,-0.0172603877350459,0.00120114452049736));
#8679=CARTESIAN_POINT('',(-0.0159442521427506,-0.0172635692603934,0.00107089764367354));
#8680=CARTESIAN_POINT('',(-0.0159445398378895,-0.0172632970375675,0.00107088338512787));
#8681=CARTESIAN_POINT('',(-0.0159445146224123,-0.0172633268362643,0.00107088237909196));
#8682=CARTESIAN_POINT('',(-0.0159460581074394,-0.0172619012640199,0.000989970848798052));
#8683=CARTESIAN_POINT('',(-0.0159306900635637,-0.0172761351698205,0.000910307643816539));
#8684=CARTESIAN_POINT('',(-0.0159000423183803,-0.0173042958329347,0.000840890764925943));
#8685=CARTESIAN_POINT('',(0.,1.1327982892113E-18,-0.000373358477211213));
#8686=CARTESIAN_POINT('',(0.0211257629774623,-0.0102933055244699,0.000505387620810198));
#8687=CARTESIAN_POINT('',(0.0209113419189281,-0.0107222096206742,0.00110275550071972));
#8688=CARTESIAN_POINT('',(0.,1.1327982892113E-18,0.00204540334513496));
#8689=CARTESIAN_POINT('',(0.0215582579403283,-0.00935368989106808,0.0023077729796422));
#8690=CARTESIAN_POINT('',(0.,1.1327982892113E-18,0.0023077729796422));
#8691=CARTESIAN_POINT('',(0.0218702866169785,-0.00859886988453792,0.0023077729796422));
#8692=CARTESIAN_POINT('',(0.0218702866169785,-0.00859886988453792,0.005));
#8693=CARTESIAN_POINT('',(0.0218702866169785,-0.00859886988453792,-0.00238994447871684));
#8694=CARTESIAN_POINT('',(0.,1.1327982892113E-18,-0.00238994447871684));
#8695=CARTESIAN_POINT('',(0.0214872545107352,-0.0095156656935229,-0.00238994447871684));
#8696=CARTESIAN_POINT('',(0.0214872545107353,-0.00951566569352291,0.005));
#8697=CARTESIAN_POINT('',(0.0214872545107353,-0.00951566569352291,0.000328542052231132));
#8698=CARTESIAN_POINT('',(0.,1.1327982892113E-18,-0.00629792309274115));
#8699=CARTESIAN_POINT('',(0.0214914158415422,-0.00950626346815138,0.000774768661320171));
#8700=CARTESIAN_POINT('',(0.,1.1327982892113E-18,-0.00438579751867852));
#8701=CARTESIAN_POINT('',(0.0214976501473445,-0.00949215666444551,0.00126315031873329));
#8702=CARTESIAN_POINT('',(0.0214974591009939,-0.00949258933068806,0.00126360876916892));
#8703=CARTESIAN_POINT('',(0.0214531824950145,-0.00959286065740564,0.00115052585685435));
#8704=CARTESIAN_POINT('',(0.021406393840442,-0.00969692565190616,0.00104217160988257));
#8705=CARTESIAN_POINT('',(0.0213569142088815,-0.00980470374231031,0.000938546034482159));
#8706=CARTESIAN_POINT('',(0.0213567800984461,-0.00980499317623964,0.000938911104978348));
#8707=CARTESIAN_POINT('',(0.,1.1327982892113E-18,0.00107192209394553));
#8708=CARTESIAN_POINT('',(0.,1.1327982892113E-18,0.000953421513443505));
#8709=CARTESIAN_POINT('',(0.019379764551259,-0.0132919045263562,0.000617458359037628));
#8710=CARTESIAN_POINT('',(0.0199241477055348,-0.0124610729156053,0.0023077729796422));
#8711=CARTESIAN_POINT('',(0.,1.1327982892113E-18,0.0023077729796422));
#8712=CARTESIAN_POINT('',(0.0204727434228096,-0.011537624397761,0.0023077729796422));
#8713=CARTESIAN_POINT('',(0.,1.1327982892113E-18,-0.000644329409645767));
#8714=CARTESIAN_POINT('',(0.0197079979626737,-0.0128001881354631,-2.206456919597E-5));
#8715=CARTESIAN_POINT('',(0.,1.1327982892113E-18,0.000565304605251233));
#8716=CARTESIAN_POINT('',(0.0205282191006993,-0.0114386284384836,-0.00238994447871684));
#8717=CARTESIAN_POINT('',(0.,1.1327982892113E-18,-0.00238994447871684));
#8718=CARTESIAN_POINT('',(0.0199497453783909,-0.0124200506978583,-0.00238994447871684));
#8719=CARTESIAN_POINT('',(0.,1.1327982892113E-18,-0.00101773831583701));
#8720=CARTESIAN_POINT('',(0.0193506395142366,-0.0133342697734096,-0.000613263417643433));
#8721=CARTESIAN_POINT('',(0.,1.1327982892113E-18,-0.000208407657963796));
#8722=CARTESIAN_POINT('',(0.0187099678477545,-0.0142192511454012,-0.00238994447871684));
#8723=CARTESIAN_POINT('',(0.,1.1327982892113E-18,-0.00238994447871684));
#8724=CARTESIAN_POINT('',(0.0180428916771716,-0.0150566948539795,-0.00238994447871684));
#8725=CARTESIAN_POINT('',(0.,1.1327982892113E-18,0.00135227030666651));
#8726=CARTESIAN_POINT('',(0.0190035480636904,-0.0138244407116892,3.24285420522276E-5));
#8727=CARTESIAN_POINT('',(0.,1.1327982892113E-18,-0.00129204961541734));
#8728=CARTESIAN_POINT('',(0.0181069513168191,-0.0149795965903739,0.0023077729796422));
#8729=CARTESIAN_POINT('',(0.,1.1327982892113E-18,0.0023077729796422));
#8730=CARTESIAN_POINT('',(0.0187894221596965,-0.0141140927765374,0.0023077729796422));
#8731=CARTESIAN_POINT('',(0.,1.1327982892113E-18,0.00028764087209039));
#8732=CARTESIAN_POINT('',(0.,1.1327982892113E-18,-0.005));
#8733=CARTESIAN_POINT('',(-0.0139021194206156,0.0189467959194937,-0.005));
#8734=CARTESIAN_POINT('',(0.00119096367597595,0.0234698019915488,-0.005));
#8735=CARTESIAN_POINT('',(0.00119096367597595,0.0234698019915488,0.005));
#8736=CARTESIAN_POINT('',(0.00119096367597595,0.0234698019915488,0.000435465328649638));
#8737=CARTESIAN_POINT('',(0.00119096367597595,0.0234698019915488,0.000435465328649638));
#8738=CARTESIAN_POINT('',(0.00119096367597595,0.0234698019915487,0.000957813645535296));
#8739=CARTESIAN_POINT('',(0.00106577813335631,0.0234759871317157,0.002));
#8740=CARTESIAN_POINT('',(0.00119096367597595,0.0234698019915487,0.00304218635446471));
#8741=CARTESIAN_POINT('',(0.00119096367597595,0.0234698019915488,0.00356453467135037));
#8742=CARTESIAN_POINT('',(0.00119096367597595,0.0234698019915488,0.00356453467135037));
#8743=CARTESIAN_POINT('',(0.00119096367597595,0.0234698019915488,0.005));
#8744=CARTESIAN_POINT('',(0.00119096367597595,0.0234698019915488,0.005));
#8745=CARTESIAN_POINT('',(0.,1.1327982892113E-18,0.005));
#8746=CARTESIAN_POINT('',(-0.0139021194206156,0.0189467959194937,0.005));
#8747=CARTESIAN_POINT('',(-0.0139021194206156,0.0189467959194937,0.005));
#8748=CARTESIAN_POINT('',(-0.0174500831212251,-0.0157399046713229,0.000961381863047501));
#8749=CARTESIAN_POINT('',(-0.0172634590564199,-0.0159468058890415,0.00073391385266378));
#8750=CARTESIAN_POINT('',(-0.0171890741532741,-0.0160245352429717,0.000361408326295479));
#8751=CARTESIAN_POINT('',(-0.0171890741532741,-0.0160245352429717,3.63972856261499E-6));
#8752=CARTESIAN_POINT('',(-0.0174500831212251,-0.0157399046713229,0.000961381863047501));
#8753=CARTESIAN_POINT('',(-0.0171890741532741,-0.0160245352429717,3.63972856261499E-6));
#8754=CARTESIAN_POINT('',(-0.0171890741532741,-0.0160245352429717,0.005));
#8755=CARTESIAN_POINT('',(-0.0171890741532741,-0.0160245352429717,-0.00238994447871684));
#8756=CARTESIAN_POINT('',(0.,1.1327982892113E-18,-0.00238994447871684));
#8757=CARTESIAN_POINT('',(-0.0176485591766667,-0.0155170344778793,-0.00238994447871684));
#8758=CARTESIAN_POINT('',(0.,1.1327982892113E-18,-0.000226545731419264));
#8759=CARTESIAN_POINT('',(-0.0177736397528482,-0.0153736049752806,-0.00190156282130372));
#8760=CARTESIAN_POINT('',(0.,1.1327982892113E-18,-0.00190156282130372));
#8761=CARTESIAN_POINT('',(-0.0177904509881246,-0.0153541477666179,-0.00190156282130372));
#8762=CARTESIAN_POINT('',(-0.0177904509881246,-0.0153541477666179,-0.00190156282130372));
#8763=CARTESIAN_POINT('',(-0.0178817786424816,-0.015248328792918,-0.00207797207547502));
#8764=CARTESIAN_POINT('',(-0.0179883118625961,-0.0151232483698748,-0.00223947207690217));
#8765=CARTESIAN_POINT('',(-0.018118828410798,-0.0149652282648832,-0.00233390910960313));
#8766=CARTESIAN_POINT('',(-0.0181188284107979,-0.0149652282648832,-0.00233390910960313));
#8767=CARTESIAN_POINT('',(-0.0181188284107979,-0.0149652282648832,-0.00233390910960313));
#8768=CARTESIAN_POINT('',(-0.0182539245562456,-0.014801663510975,-0.00243165977249747));
#8769=CARTESIAN_POINT('',(-0.0184027520423493,-0.014616533660872,-0.00245471930906847));
#8770=CARTESIAN_POINT('',(-0.0185459152909582,-0.0144325682406355,-0.00245471930906847));
#8771=CARTESIAN_POINT('',(-0.0185459152909582,-0.0144325682406355,-0.00245471930906847));
#8772=CARTESIAN_POINT('',(-0.0185459152909582,-0.0144325682406355,-0.00245471930906847));
#8773=CARTESIAN_POINT('',(-0.0187290992474879,-0.0141971760301974,-0.00245471930906847));
#8774=CARTESIAN_POINT('',(-0.0189107070991776,-0.0139527862834748,-0.00236984576655093));
#8775=CARTESIAN_POINT('',(-0.0190352264989897,-0.0137807892419905,-0.00215860579888957));
#8776=CARTESIAN_POINT('',(-0.0190352264989897,-0.0137807892419905,-0.00215860579888957));
#8777=CARTESIAN_POINT('',(-0.0190352264989897,-0.0137807892419905,-0.00215860579888958));
#8778=CARTESIAN_POINT('',(-0.019163485865818,-0.0136036262322875,-0.00194102119326202));
#8779=CARTESIAN_POINT('',(-0.0192083131346447,-0.0135384898168679,-0.001623642267556));
#8780=CARTESIAN_POINT('',(-0.0192083131346447,-0.0135384898168679,-0.00131653300431832));
#8781=CARTESIAN_POINT('',(-0.0192083131346447,-0.0135384898168679,-0.00131653300431832));
#8782=CARTESIAN_POINT('',(-0.0192083131346447,-0.0135384898168679,-0.00131653300431832));
#8783=CARTESIAN_POINT('',(-0.0192083131346447,-0.0135384898168679,-0.000990100806723128));
#8784=CARTESIAN_POINT('',(-0.0191351965495674,-0.013644350658486,-0.000657840457551873));
#8785=CARTESIAN_POINT('',(-0.0189746536795539,-0.0138640729131447,-0.000473432037836727));
#8786=CARTESIAN_POINT('',(-0.0189746536795539,-0.0138640729131447,-0.000473432037836727));
#8787=CARTESIAN_POINT('',(-0.0189746536795539,-0.0138640729131447,-0.000473432037836727));
#8788=CARTESIAN_POINT('',(-0.0187681985876654,-0.0141466315734681,-0.000236286300787768));
#8789=CARTESIAN_POINT('',(-0.0185030000937733,-0.0144936358794697,-0.000188209746461422));
#8790=CARTESIAN_POINT('',(-0.0182380675745433,-0.0148196791850023,-0.000173205840016451));
#8791=CARTESIAN_POINT('',(-0.0182380675745433,-0.0148196791850023,-0.000173205840016451));
#8792=CARTESIAN_POINT('',(0.,1.1327982892113E-18,-0.000171001283605724));
#8793=CARTESIAN_POINT('',(-0.0178380760859845,-0.0152987921598612,-0.000153670573719926));
#8794=CARTESIAN_POINT('',(-0.0178380760859845,-0.0152987921598612,0.005));
#8795=CARTESIAN_POINT('',(-0.0178380760859845,-0.0152987921598612,3.63972856261499E-6));
#8796=CARTESIAN_POINT('',(-0.0178380760859845,-0.0152987921598612,3.63972856261499E-6));
#8797=CARTESIAN_POINT('',(-0.0178380760859845,-0.0152987921598612,0.000153409564200504));
#8798=CARTESIAN_POINT('',(-0.0178903507868354,-0.0152388858222637,0.000478817406907263));
#8799=CARTESIAN_POINT('',(-0.0181019434865766,-0.014986403192496,0.000549599012954966));
#8800=CARTESIAN_POINT('',(-0.0181971496723228,-0.0148698938732959,0.000549599012954966));
#8801=CARTESIAN_POINT('',(-0.0181971496723227,-0.0148698938732959,0.000549599012954966));
#8802=CARTESIAN_POINT('',(-0.0181971496723227,-0.0148698938732959,0.000549599012954966));
#8803=CARTESIAN_POINT('',(-0.0184199978233369,-0.0145971816943955,0.000549599012954966));
#8804=CARTESIAN_POINT('',(-0.0186289090362255,-0.014328877710984,0.000432785948324297));
#8805=CARTESIAN_POINT('',(-0.0188210754683693,-0.0140718555355698,0.000289471519638083));
#8806=CARTESIAN_POINT('',(-0.0188210754683693,-0.0140718555355698,0.000289471519638083));
#8807=CARTESIAN_POINT('',(0.,1.1327982892113E-18,-0.00179259944707198));
#8808=CARTESIAN_POINT('',(-0.0190134605988509,-0.0138108043232806,0.000951614229899239));
#8809=CARTESIAN_POINT('',(-0.0190134605988509,-0.0138108043232806,0.000951614229899239));
#8810=CARTESIAN_POINT('',(-0.0187650141664767,-0.0141528427985422,0.00117279217869333));
#8811=CARTESIAN_POINT('',(-0.0184753222145119,-0.0145306490721138,0.00127651655356776));
#8812=CARTESIAN_POINT('',(-0.0181730540936857,-0.0148993323645046,0.00127651655356776));
#8813=CARTESIAN_POINT('',(-0.0181730540936857,-0.0148993323645046,0.00127651655356776));
#8814=CARTESIAN_POINT('',(-0.0181730540936857,-0.0148993323645046,0.00127651655356776));
#8815=CARTESIAN_POINT('',(-0.0179234927241097,-0.0152037280352666,0.00127651655356776));
#8816=CARTESIAN_POINT('',(-0.0176556673255392,-0.0155119832493954,0.0012119595683958));
#8817=CARTESIAN_POINT('',(-0.0174500831212251,-0.0157399046713229,0.000961381863047501));
#8818=CARTESIAN_POINT('',(-0.010591347122169,-0.0209779256872008,0.00261005552128316));
#8819=CARTESIAN_POINT('',(-0.0104686943420164,-0.0210398506930125,0.00261005552128316));
#8820=CARTESIAN_POINT('',(-0.0101967558890083,-0.0211733672729934,0.00256224318562855));
#8821=CARTESIAN_POINT('',(-0.0101122589623197,-0.0212130200273083,0.00226877662555003));
#8822=CARTESIAN_POINT('',(-0.0101122589623197,-0.0212130200273083,0.00213092741106313));
#8823=CARTESIAN_POINT('',(-0.010591347122169,-0.0209779256872008,0.00261005552128316));
#8824=CARTESIAN_POINT('',(-0.0101122589623197,-0.0212130200273083,0.00213092741106313));
#8825=CARTESIAN_POINT('',(-0.0101122589623197,-0.0212130200273083,0.00213092741106313));
#8826=CARTESIAN_POINT('',(-0.0101122589623197,-0.0212130200273083,0.00200016443432508));
#8827=CARTESIAN_POINT('',(-0.0101467497033126,-0.0211967569258135,0.00186632150614618));
#8828=CARTESIAN_POINT('',(-0.0102323126970443,-0.0211553722933421,0.00177569401603948));
#8829=CARTESIAN_POINT('',(-0.0102323126970443,-0.0211553722933421,0.00177569401603948));
#8830=CARTESIAN_POINT('',(-0.0102323126970443,-0.0211553722933421,0.00177569401603948));
#8831=CARTESIAN_POINT('',(-0.0103268586106206,-0.0211096428522089,0.00167555190467144));
#8832=CARTESIAN_POINT('',(-0.0104627528289762,-0.0210428504475153,0.00164871478511207));
#8833=CARTESIAN_POINT('',(-0.010591347122169,-0.0209779256872008,0.00164871478511207));
#8834=CARTESIAN_POINT('',(-0.010591347122169,-0.0209779256872008,0.00164871478511207));
#8835=CARTESIAN_POINT('',(-0.010591347122169,-0.0209779256872009,0.00164871478511207));
#8836=CARTESIAN_POINT('',(-0.010714367944944,-0.0209158148638195,0.00164871478511207));
#8837=CARTESIAN_POINT('',(-0.0109839972334574,-0.0207758775135835,0.00169779733680045));
#8838=CARTESIAN_POINT('',(-0.01106496304066,-0.0207320185440017,0.00199267905021619));
#8839=CARTESIAN_POINT('',(-0.01106496304066,-0.0207320185440017,0.00213092741106313));
#8840=CARTESIAN_POINT('',(-0.01106496304066,-0.0207320185440017,0.00213092741106313));
#8841=CARTESIAN_POINT('',(-0.01106496304066,-0.0207320185440017,0.00213092741106313));
#8842=CARTESIAN_POINT('',(-0.01106496304066,-0.0207320185440017,0.00226871458256452));
#8843=CARTESIAN_POINT('',(-0.0109829607539343,-0.0207764258971845,0.00256219020124808));
#8844=CARTESIAN_POINT('',(-0.0107140418760918,-0.0209159794896482,0.00261005552128316));
#8845=CARTESIAN_POINT('',(-0.010591347122169,-0.0209779256872008,0.00261005552128316));
#8846=CARTESIAN_POINT('',(0.,1.1327982892113E-18,-0.00238994447871684));
#8847=CARTESIAN_POINT('',(-0.0101530876548969,-0.0211935087012977,-0.00238994447871684));
#8848=CARTESIAN_POINT('',(-0.0110277474056738,-0.0207518381633208,-0.00238994447871684));
#8849=CARTESIAN_POINT('',(-0.0110277474056738,-0.0207518381633208,0.005));
#8850=CARTESIAN_POINT('',(-0.0110277474056738,-0.0207518381633208,0.00120248817602303));
#8851=CARTESIAN_POINT('',(0.,1.1327982892113E-18,0.00120248817602303));
#8852=CARTESIAN_POINT('',(-0.0101530876548969,-0.0211935087012977,0.00120248817602303));
#8853=CARTESIAN_POINT('',(-0.0101530876548969,-0.0211935087012977,0.005));
#8854=CARTESIAN_POINT('',(0.0234023336118739,0.00214027603793526,-0.00193035163479334));
#8855=CARTESIAN_POINT('',(0.0234023336118739,0.00214027603793526,-0.00207708818043538));
#8856=CARTESIAN_POINT('',(0.023406429335204,0.00209762566163936,-0.00222669291867326));
#8857=CARTESIAN_POINT('',(0.0234153122663822,0.0019932765658109,-0.00233031050791693));
#8858=CARTESIAN_POINT('',(0.0234023336118738,0.00214027603793526,-0.00193035163479333));
#8859=CARTESIAN_POINT('',(0.0234153122663822,0.0019932765658109,-0.00233031050791693));
#8860=CARTESIAN_POINT('',(0.0234153122663822,0.0019932765658109,-0.00233031050791693));
#8861=CARTESIAN_POINT('',(0.0234243830624752,0.00188672059326538,-0.00243611950326109));
#8862=CARTESIAN_POINT('',(0.0234364779267729,0.00173319120122713,-0.00247631091918569));
#8863=CARTESIAN_POINT('',(0.0234465752710808,0.00158370074747175,-0.00247631091918569));
#8864=CARTESIAN_POINT('',(0.0234465752710808,0.00158370074747175,-0.00247631091918569));
#8865=CARTESIAN_POINT('',(0.0234465752710808,0.00158370074747175,-0.00247631091918569));
#8866=CARTESIAN_POINT('',(0.0234567965979795,0.00143237474040746,-0.00247631091918569));
#8867=CARTESIAN_POINT('',(0.0234655939480548,0.00127589564873312,-0.0024395257389013));
#8868=CARTESIAN_POINT('',(0.0234710333425628,0.0011664449546822,-0.00233339502364796));
#8869=CARTESIAN_POINT('',(0.0234710333425628,0.0011664449546822,-0.00233339502364796));
#8870=CARTESIAN_POINT('',(0.0234710333425628,0.0011664449546822,-0.00233339502364796));
#8871=CARTESIAN_POINT('',(0.0234763232505757,0.00106000220584107,-0.00223018101330294));
#8872=CARTESIAN_POINT('',(0.0234778956588447,0.00101902670838376,-0.0020781097742378));
#8873=CARTESIAN_POINT('',(0.0234778956588447,0.00101902670838376,-0.00193035163479333));
#8874=CARTESIAN_POINT('',(0.0234778956588447,0.00101902670838376,-0.00193035163479333));
#8875=CARTESIAN_POINT('',(0.0234778956588447,0.00101902670838376,-0.00193035163479333));
#8876=CARTESIAN_POINT('',(0.0234778956588447,0.00101902670838376,-0.00178144169668213));
#8877=CARTESIAN_POINT('',(0.023476546586192,0.00105521782020955,-0.00162631771581417));
#8878=CARTESIAN_POINT('',(0.0234711862701717,0.00116336368814542,-0.00152268147234218));
#8879=CARTESIAN_POINT('',(0.0234711862701719,0.00116336368814543,-0.00152268147234218));
#8880=CARTESIAN_POINT('',(0.0234711862701719,0.00116336368814543,-0.00152268147234218));
#8881=CARTESIAN_POINT('',(0.0234657166272364,0.00127371525702822,-0.00141693150446514));
#8882=CARTESIAN_POINT('',(0.0234568210122919,0.00143201328827326,-0.00138439235040099));
#8883=CARTESIAN_POINT('',(0.0234465752710808,0.00158370074747175,-0.00138439235040099));
#8884=CARTESIAN_POINT('',(0.0234465752710808,0.00158370074747175,-0.00138439235040099));
#8885=CARTESIAN_POINT('',(0.0234465752710808,0.00158370074747175,-0.00138439235040099));
#8886=CARTESIAN_POINT('',(0.0234364890355974,0.00173302673588324,-0.00138439235040099));
#8887=CARTESIAN_POINT('',(0.0234243609834828,0.00188706304487434,-0.00142106671575761));
#8888=CARTESIAN_POINT('',(0.023415181383188,0.00199481347308603,-0.00152576598807321));
#8889=CARTESIAN_POINT('',(0.023415181383188,0.00199481347308603,-0.0015257659880732));
#8890=CARTESIAN_POINT('',(0.023415181383188,0.00199481347308603,-0.00152576598807321));
#8891=CARTESIAN_POINT('',(0.0234061118513954,0.00210127191386294,-0.00162920985800659));
#8892=CARTESIAN_POINT('',(0.0234023336118739,0.00214027603793526,-0.00178230409620987));
#8893=CARTESIAN_POINT('',(0.0234023336118739,0.00214027603793526,-0.00193035163479334));
#8894=CARTESIAN_POINT('',(0.,1.1327982892113E-18,-0.000373358477211211));
#8895=CARTESIAN_POINT('',(0.023443185987081,-0.00163310464304332,0.000505387620810199));
#8896=CARTESIAN_POINT('',(0.0234049839513236,-0.00211109598035783,0.00110275550071972));
#8897=CARTESIAN_POINT('',(0.,1.1327982892113E-18,0.00204540334513496));
#8898=CARTESIAN_POINT('',(0.0234923417468253,-0.000599899366865551,0.0023077729796422));
#8899=CARTESIAN_POINT('',(0.,1.1327982892113E-18,0.0023077729796422));
#8900=CARTESIAN_POINT('',(0.023498999518955,0.000216844663648581,0.0023077729796422));
#8901=CARTESIAN_POINT('',(0.023498999518955,0.000216844663648581,0.005));
#8902=CARTESIAN_POINT('',(0.023498999518955,0.000216844663648581,-0.00238994447871684));
#8903=CARTESIAN_POINT('',(0.,1.1327982892113E-18,-0.00238994447871684));
#8904=CARTESIAN_POINT('',(0.0234871618274584,-0.000776678370229136,-0.00238994447871684));
#8905=CARTESIAN_POINT('',(0.0234871618274584,-0.000776678370229136,0.005));
#8906=CARTESIAN_POINT('',(0.0234871618274584,-0.000776678370229136,0.000328542052231133));
#8907=CARTESIAN_POINT('',(0.,1.1327982892113E-18,-0.00629792309274108));
#8908=CARTESIAN_POINT('',(0.0234874993993036,-0.000766401962234539,0.000774768661320173));
#8909=CARTESIAN_POINT('',(0.,1.1327982892113E-18,-0.00438579751867847));
#8910=CARTESIAN_POINT('',(0.0234879973284392,-0.000750987016687791,0.00126315031873329));
#8911=CARTESIAN_POINT('',(0.0234879822090888,-0.00075145974311846,0.00126360876925816));
#8912=CARTESIAN_POINT('',(0.0234844771499505,-0.000861015534278904,0.00115052585675838));
#8913=CARTESIAN_POINT('',(0.0234800634904004,-0.000975029659814121,0.00104217161004126));
#8914=CARTESIAN_POINT('',(0.0234745451491673,-0.00109349441685988,0.000938546034553344));
#8915=CARTESIAN_POINT('',(0.0234745291849427,-0.00109381301179377,0.000938911105013945));
#8916=CARTESIAN_POINT('',(0.,1.1327982892113E-18,0.00107192209394554));
#8917=CARTESIAN_POINT('',(0.,1.1327982892113E-18,-0.000627985597312676));
#8918=CARTESIAN_POINT('',(0.0126763215470094,-0.0197878971100222,0.00122819247378162));
#8919=CARTESIAN_POINT('',(0.0122861443746495,-0.0200324900200966,0.00191192679415999));
#8920=CARTESIAN_POINT('',(0.0122861443746495,-0.0200324900200966,0.00191192679415999));
#8921=CARTESIAN_POINT('',(0.0126641252480981,-0.0198006702324722,0.00223033635414733));
#8922=CARTESIAN_POINT('',(0.0131222346621298,-0.0195026619855227,0.00237460415381452));
#8923=CARTESIAN_POINT('',(0.0135671170362007,-0.0191881040055039,0.00237460415381452));
#8924=CARTESIAN_POINT('',(0.0135671170362007,-0.0191881040055039,0.00237460415381452));
#8925=CARTESIAN_POINT('',(0.0135671170362007,-0.0191881040055039,0.00237460415381452));
#8926=CARTESIAN_POINT('',(0.0138968713879281,-0.0189549483022724,0.00237460415381452));
#8927=CARTESIAN_POINT('',(0.0142291856547235,-0.0187053688975254,0.00231138514072306));
#8928=CARTESIAN_POINT('',(0.0144909384198124,-0.0185003433404141,0.00207900472959078));
#8929=CARTESIAN_POINT('',(0.0144909384198124,-0.0185003433404141,0.00207900472959078));
#8930=CARTESIAN_POINT('',(0.0144909384198124,-0.0185003433404141,0.00207900472959079));
#8931=CARTESIAN_POINT('',(0.0146999697472758,-0.0183366134010098,0.00189342966680591));
#8932=CARTESIAN_POINT('',(0.0148216768855676,-0.0182364441243306,0.0015810013342616));
#8933=CARTESIAN_POINT('',(0.0148216768855676,-0.0182364441243306,0.00125698128727123));
#8934=CARTESIAN_POINT('',(0.0148216768855676,-0.0182364441243306,0.00125698128727123));
#8935=CARTESIAN_POINT('',(0.0148216768855676,-0.0182364441243306,0.00125698128727123));
#8936=CARTESIAN_POINT('',(0.0148216768855676,-0.0182364441243306,0.000984655963766999));
#8937=CARTESIAN_POINT('',(0.0147531806779644,-0.0182927726439792,0.000714619213615775));
#8938=CARTESIAN_POINT('',(0.0146133707481056,-0.0184037875280718,0.00050847213654123));
#8939=CARTESIAN_POINT('',(0.0146133707481056,-0.0184037875280718,0.00050847213654123));
#8940=CARTESIAN_POINT('',(0.0146133707481056,-0.0184037875280718,0.00050847213654123));
#8941=CARTESIAN_POINT('',(0.0144630036744044,-0.018523185222321,0.000286758752069452));
#8942=CARTESIAN_POINT('',(0.0142474117454681,-0.018690697465393,0.000152363434171699));
#8943=CARTESIAN_POINT('',(0.0140191188163431,-0.0188603899114853,8.38371375694011E-5));
#8944=CARTESIAN_POINT('',(0.014019118816343,-0.0188603899114853,8.38371375694011E-5));
#8945=CARTESIAN_POINT('',(0.0140191188163431,-0.0188603899114853,0.005));
#8946=CARTESIAN_POINT('',(0.0140191188163431,-0.0188603899114853,6.53300431832198E-5));
#8947=CARTESIAN_POINT('',(0.014019118816343,-0.0188603899114853,6.53300431832198E-5));
#8948=CARTESIAN_POINT('',(0.0142707378258712,-0.0186733589536111,2.62871515792982E-5));
#8949=CARTESIAN_POINT('',(0.014521032907516,-0.0184781791686096,-6.30893985687702E-5));
#8950=CARTESIAN_POINT('',(0.014701485162744,-0.0183334757754665,-0.000280649804647337));
#8951=CARTESIAN_POINT('',(0.014701485162744,-0.0183334757754665,-0.000280649804647337));
#8952=CARTESIAN_POINT('',(0.014701485162744,-0.0183334757754665,-0.000280649804647337));
#8953=CARTESIAN_POINT('',(0.0148580135358669,-0.0182079567749672,-0.000469366628254865));
#8954=CARTESIAN_POINT('',(0.0149285461647657,-0.018149063595857,-0.000746742887133877));
#8955=CARTESIAN_POINT('',(0.0149285461647657,-0.018149063595857,-0.00102144766604976));
#8956=CARTESIAN_POINT('',(0.0149285461647657,-0.018149063595857,-0.00102144766604976));
#8957=CARTESIAN_POINT('',(0.0149285461647657,-0.018149063595857,-0.00102144766604976));
#8958=CARTESIAN_POINT('',(0.0149285461647657,-0.018149063595857,-0.00142688788937849));
#8959=CARTESIAN_POINT('',(0.0147984639816323,-0.0182581344189515,-0.00182916188262052));
#8960=CARTESIAN_POINT('',(0.0145451579195776,-0.0184577458291783,-0.00207686613201728));
#8961=CARTESIAN_POINT('',(0.0145451579195776,-0.0184577458291783,-0.00207686613201727));
#8962=CARTESIAN_POINT('',(0.0145451579195776,-0.0184577458291783,-0.00207686613201727));
#8963=CARTESIAN_POINT('',(0.014234750516078,-0.0187023545016073,-0.00238040893816801));
#8964=CARTESIAN_POINT('',(0.0138234763920786,-0.0190106894799131,-0.00245471930906847));
#8965=CARTESIAN_POINT('',(0.0134172629529167,-0.0192931867469397,-0.00245471930906847));
#8966=CARTESIAN_POINT('',(0.0134172629529167,-0.0192931867469397,-0.00245471930906847));
#8967=CARTESIAN_POINT('',(0.0134172629529167,-0.0192931867469397,-0.00245471930906848));
#8968=CARTESIAN_POINT('',(0.0130359950831899,-0.0195583358553126,-0.00245471930906848));
#8969=CARTESIAN_POINT('',(0.0126451616568529,-0.0198124317853847,-0.00238381612533967));
#8970=CARTESIAN_POINT('',(0.0122808711967504,-0.020035723162612,-0.00220076084721366));
#8971=CARTESIAN_POINT('',(0.0122808711967504,-0.020035723162612,-0.00220076084721366));
#8972=CARTESIAN_POINT('',(0.0122808711967504,-0.020035723162612,0.005));
#8973=CARTESIAN_POINT('',(0.0122808711956578,-0.0200357231632817,-0.00135594006237463));
#8974=CARTESIAN_POINT('',(0.0122808711960404,-0.0200357231630472,-0.00135594006116967));
#8975=CARTESIAN_POINT('',(0.0124452084014804,-0.019934992880626,-0.00145156806255402));
#8976=CARTESIAN_POINT('',(0.0126149297705375,-0.0198281860831958,-0.00152626252152281));
#8977=CARTESIAN_POINT('',(0.0127897337816951,-0.0197147840412561,-0.00157996520541153));
#8978=CARTESIAN_POINT('',(0.0127897023686661,-0.0197148033110172,-0.00158011238455521));
#8979=CARTESIAN_POINT('',(0.0127897177054847,-0.0197147944745545,-0.00158004926554963));
#8980=CARTESIAN_POINT('',(0.0129680619189732,-0.0195990959747366,-0.00163737360818419));
#8981=CARTESIAN_POINT('',(0.013147985345133,-0.019478936355895,-0.00166649208038288));
#8982=CARTESIAN_POINT('',(0.0133293222163377,-0.0193540478777192,-0.0016673323206047));
#8983=CARTESIAN_POINT('',(0.0133293228213093,-0.0193540474610693,-0.00166713962574543));
#8984=CARTESIAN_POINT('',(0.0133293228213093,-0.0193540474610694,-0.00166713962574543));
#8985=CARTESIAN_POINT('',(0.0135376944744718,-0.0192105398543323,-0.00166713962574543));
#8986=CARTESIAN_POINT('',(0.0137542480070124,-0.0190555447812545,-0.00164805997598031));
#8987=CARTESIAN_POINT('',(0.0139215518489368,-0.01893252212774,-0.00150006169031462));
#8988=CARTESIAN_POINT('',(0.0139215518489368,-0.01893252212774,-0.00150006169031462));
#8989=CARTESIAN_POINT('',(0.0139215518489368,-0.01893252212774,-0.00150006169031462));
#8990=CARTESIAN_POINT('',(0.0140565304118985,-0.018833269051468,-0.00138065859896802));
#8991=CARTESIAN_POINT('',(0.0141097418628877,-0.0187926896574885,-0.00116705816500202));
#8992=CARTESIAN_POINT('',(0.0141097418628877,-0.0187926896574885,-0.00096284186716019));
#8993=CARTESIAN_POINT('',(0.0141097418628877,-0.0187926896574885,-0.00096284186716019));
#8994=CARTESIAN_POINT('',(0.0141097418628877,-0.0187926896574885,-0.00096284186716019));
#8995=CARTESIAN_POINT('',(0.0141097418628877,-0.0187926896574885,-0.000771179063329595));
#8996=CARTESIAN_POINT('',(0.0140312276210425,-0.018852162810018,-0.000582347291917159));
#8997=CARTESIAN_POINT('',(0.0138929568636202,-0.0189535154941132,-0.000494509561998766));
#8998=CARTESIAN_POINT('',(0.0138929568636202,-0.0189535154941132,-0.000494509561998766));
#8999=CARTESIAN_POINT('',(0.0138929568636202,-0.0189535154941132,-0.000494509561998766));
#9000=CARTESIAN_POINT('',(0.0136807952494495,-0.019109030293186,-0.000359732007351665));
#9001=CARTESIAN_POINT('',(0.0134321405973051,-0.0192850653375348,-0.000356220440057578));
#9002=CARTESIAN_POINT('',(0.0131892196590401,-0.0194497939522657,-0.000356220440057578));
#9003=CARTESIAN_POINT('',(0.0131892196590401,-0.0194497939522656,-0.000356220440057578));
#9004=CARTESIAN_POINT('',(0.,1.1327982892113E-18,-0.000356220440057578));
#9005=CARTESIAN_POINT('',(0.0128922441526067,-0.0196479016871924,-0.000356220440057578));
#9006=CARTESIAN_POINT('',(0.0128922441526067,-0.0196479016871924,0.005));
#9007=CARTESIAN_POINT('',(0.0128922441526067,-0.0196479016871924,0.000405654945506888));
#9008=CARTESIAN_POINT('',(0.,1.1327982892113E-18,0.000405654945506888));
#9009=CARTESIAN_POINT('',(0.0131943268484037,-0.0194463297055638,0.000405654945506888));
#9010=CARTESIAN_POINT('',(0.0131943268484037,-0.0194463297055638,0.000405654945506888));
#9011=CARTESIAN_POINT('',(0.0134206396070236,-0.0192927765902764,0.000405654945506889));
#9012=CARTESIAN_POINT('',(0.0136536010438519,-0.0191281639890476,0.000412831209847092));
#9013=CARTESIAN_POINT('',(0.0138473060575699,-0.0189868932410753,0.000548570841044623));
#9014=CARTESIAN_POINT('',(0.0138473060575699,-0.0189868932410753,0.000548570841044623));
#9015=CARTESIAN_POINT('',(0.0138473060575699,-0.0189868932410753,0.000548570841044623));
#9016=CARTESIAN_POINT('',(0.0139844045989054,-0.0188869060847873,0.000644643240418314));
#9017=CARTESIAN_POINT('',(0.0140504608777321,-0.0188370525593396,0.000843666868447011));
#9018=CARTESIAN_POINT('',(0.0140504608777321,-0.0188370525593396,0.00103798067036808));
#9019=CARTESIAN_POINT('',(0.0140504608777321,-0.0188370525593396,0.00103798067036808));
#9020=CARTESIAN_POINT('',(0.0140504608777321,-0.0188370525593396,0.00103798067036808));
#9021=CARTESIAN_POINT('',(0.0140504608777321,-0.0188370525593396,0.00120169713411036));
#9022=CARTESIAN_POINT('',(0.0139346133247374,-0.0189243933002954,0.00153590154557487));
#9023=CARTESIAN_POINT('',(0.0136429170147882,-0.019134982363645,0.00157160189183632));
#9024=CARTESIAN_POINT('',(0.0135091262347484,-0.0192289757494681,0.00157160189183632));
#9025=CARTESIAN_POINT('',(0.0135091262347484,-0.0192289757494681,0.00157160189183632));
#9026=CARTESIAN_POINT('',(0.0135091247500787,-0.019228976802232,0.0015718596655287));
#9027=CARTESIAN_POINT('',(0.0133773386773464,-0.0193215617855712,0.00157072250946965));
#9028=CARTESIAN_POINT('',(0.0132479546429738,-0.0194104372959302,0.001544832785878));
#9029=CARTESIAN_POINT('',(0.0131211079070812,-0.0194958079414712,0.00149421776183787));
#9030=CARTESIAN_POINT('',(0.0131210334203825,-0.0194958580724523,0.00149448899856056));
#9031=CARTESIAN_POINT('',(0.0131210334203825,-0.0194958580724523,0.00149448899856056));
#9032=CARTESIAN_POINT('',(0.0129638101722194,-0.0196016719066495,0.00143351483189879));
#9033=CARTESIAN_POINT('',(0.0128169776037559,-0.0196977914564028,0.00133626446790832));
#9034=CARTESIAN_POINT('',(0.0126763215470094,-0.0197878971100222,0.00122819247378162));
#9035=CARTESIAN_POINT('',(0.,1.1327982892113E-18,0.00230160394818013));
#9036=CARTESIAN_POINT('',(0.0153874798808356,-0.0177616289488571,0.00230160394818013));
#9037=CARTESIAN_POINT('',(0.0177700563943775,-0.0153777467705982,0.00230160394818013));
#9038=CARTESIAN_POINT('',(0.0177700563943775,-0.0153777467705982,0.005));
#9039=CARTESIAN_POINT('',(0.0177700563943775,-0.0153777467705982,0.00167750359860169));
#9040=CARTESIAN_POINT('',(0.,1.1327982892113E-18,-0.00189445962902035));
#9041=CARTESIAN_POINT('',(0.0165569741123411,-0.0166768284827562,-0.00238994447871684));
#9042=CARTESIAN_POINT('',(0.,1.1327982892113E-18,-0.00238994447871684));
#9043=CARTESIAN_POINT('',(0.0158013841285297,-0.0173944318568515,-0.00238994447871684));
#9044=CARTESIAN_POINT('',(0.,1.1327982892113E-18,0.00035911219153044));
#9045=CARTESIAN_POINT('',(0.0170620312979163,-0.0161597366311746,0.00146570018507094));
#9046=CARTESIAN_POINT('',(0.,1.1327982892113E-18,0.00146570018507094));
#9047=CARTESIAN_POINT('',(0.0153874798808356,-0.0177616289488571,0.00146570018507094));
#9048=CARTESIAN_POINT('',(0.0153874798808356,-0.0177616289488571,0.005));
#9049=CARTESIAN_POINT('',(0.0108907939721836,-0.0208240391537705,0.000196949566108286));
#9050=CARTESIAN_POINT('',(0.0109021242756037,-0.020818113502206,0.000560988860610795));
#9051=CARTESIAN_POINT('',(0.0109150895352125,-0.020811321252794,0.00092495374062118));
#9052=CARTESIAN_POINT('',(0.010929685586088,-0.0208036528760999,0.00128884417655622));
#9053=CARTESIAN_POINT('',(0.0108909832759883,-0.0208239334078771,0.000196942954052589));
#9054=CARTESIAN_POINT('',(0.0109294816106256,-0.0208037600381036,0.00128885461649188));
#9055=CARTESIAN_POINT('',(0.,1.1327982892113E-18,0.00128885461649188));
#9056=CARTESIAN_POINT('',(0.0109039207694976,-0.0208171686800227,0.00128885461649188));
#9057=CARTESIAN_POINT('',(0.,1.1327982892113E-18,-0.00382648741912094));
#9058=CARTESIAN_POINT('',(0.00981571893952521,-0.0213518538235031,-0.00238994447871684));
#9059=CARTESIAN_POINT('',(0.,1.1327982892113E-18,-0.00238994447871684));
#9060=CARTESIAN_POINT('',(0.00897890968211665,-0.0217170251397467,-0.00238994447871684));
#9061=CARTESIAN_POINT('',(0.,1.1327982892113E-18,-0.00382373207709419));
#9062=CARTESIAN_POINT('',(0.00792265726407111,-0.022124228842517,0.00129502364795394));
#9063=CARTESIAN_POINT('',(0.,1.1327982892113E-18,0.00129502364795394));
#9064=CARTESIAN_POINT('',(0.00789548598666775,-0.0221339400250912,0.00129502364795394));
#9065=CARTESIAN_POINT('',(0.00789548598666775,-0.0221339400250912,0.00129502364795394));
#9066=CARTESIAN_POINT('',(0.00792138502396856,-0.0221247014762451,0.000795273501618499));
#9067=CARTESIAN_POINT('',(0.00795369279178783,-0.022113090488981,0.00029554267649095));
#9068=CARTESIAN_POINT('',(0.00795369279178783,-0.022113090488981,-0.000205079169237098));
#9069=CARTESIAN_POINT('',(0.00795369279178782,-0.022113090488981,-0.000205079169237098));
#9070=CARTESIAN_POINT('',(0.00795369279178782,-0.022113090488981,0.005));
#9071=CARTESIAN_POINT('',(0.00795369279178782,-0.022113090488981,-0.00238994447871684));
#9072=CARTESIAN_POINT('',(0.,1.1327982892113E-18,-0.00238994447871684));
#9073=CARTESIAN_POINT('',(0.00710724562386767,-0.0223994879325849,-0.00238994447871684));
#9074=CARTESIAN_POINT('',(0.00710724562386767,-0.0223994879325849,0.005));
#9075=CARTESIAN_POINT('',(0.00710724562386767,-0.0223994879325849,0.0023077729796422));
#9076=CARTESIAN_POINT('',(0.,1.1327982892113E-18,0.0023077729796422));
#9077=CARTESIAN_POINT('',(0.0083910556468192,-0.0219508584144671,0.0023077729796422));
#9078=CARTESIAN_POINT('',(0.,1.1327982892113E-18,-0.00115837619602262));
#9079=CARTESIAN_POINT('',(0.00941981249199006,-0.0215294480332346,-0.00128465967509768));
#9080=CARTESIAN_POINT('',(0.,1.1327982892113E-18,-0.00128465967509768));
#9081=CARTESIAN_POINT('',(0.00943770644458329,-0.0215216100017139,-0.00128465967509768));
#9082=CARTESIAN_POINT('',(0.,1.1327982892113E-18,-0.00146318509909087));
#9083=CARTESIAN_POINT('',(0.0105059150490261,-0.0210208408248254,0.0023077729796422));
#9084=CARTESIAN_POINT('',(0.,1.1327982892113E-18,0.0023077729796422));
#9085=CARTESIAN_POINT('',(0.0117040414859976,-0.020378062049519,0.0023077729796422));
#9086=CARTESIAN_POINT('',(0.0117040414859976,-0.020378062049519,0.005));
#9087=CARTESIAN_POINT('',(0.0117040414859976,-0.020378062049519,-0.00238994447871684));
#9088=CARTESIAN_POINT('',(0.,1.1327982892113E-18,-0.00238994447871684));
#9089=CARTESIAN_POINT('',(0.0108865678300229,-0.0208262488432821,-0.00238994447871684));
#9090=CARTESIAN_POINT('',(0.0108865678300229,-0.0208262488432821,0.005));
#9091=CARTESIAN_POINT('',(0.0108865439269716,-0.0208262602798625,-0.000166008578115138));
#9092=CARTESIAN_POINT('',(0.0108865207748242,-0.020826273440496,-0.000166008519291802));
#9093=CARTESIAN_POINT('',(0.0108867577842497,-0.0208261495485265,-4.50059355504015E-5));
#9094=CARTESIAN_POINT('',(0.0108883101027224,-0.0208253382583984,7.59751614531628E-5));
#9095=CARTESIAN_POINT('',(0.0108911773245536,-0.0208238386587375,0.00019693477081459));
#9096=CARTESIAN_POINT('',(0.,1.1327982892113E-18,-0.000373358477211211));
#9097=CARTESIAN_POINT('',(0.00433111373435566,-0.0230974339228425,0.000505387620810199));
#9098=CARTESIAN_POINT('',(0.00385893543866264,-0.0231809969000523,0.00110275550071972));
#9099=CARTESIAN_POINT('',(0.,1.1327982892113E-18,0.00204540334513496));
#9100=CARTESIAN_POINT('',(0.00534332656424645,-0.0228844676850439,0.0023077729796422));
#9101=CARTESIAN_POINT('',(0.,1.1327982892113E-18,0.0023077729796422));
#9102=CARTESIAN_POINT('',(0.00613535668765201,-0.0226849597380133,0.0023077729796422));
#9103=CARTESIAN_POINT('',(0.00613535668765201,-0.0226849597380133,0.005));
#9104=CARTESIAN_POINT('',(0.00613535668765201,-0.0226849597380133,-0.00238994447871684));
#9105=CARTESIAN_POINT('',(0.,1.1327982892113E-18,-0.00238994447871684));
#9106=CARTESIAN_POINT('',(0.00517095392779315,-0.0229240318329181,-0.00238994447871684));
#9107=CARTESIAN_POINT('',(0.00517095392779315,-0.0229240318329181,0.005));
#9108=CARTESIAN_POINT('',(0.00517095392779315,-0.0229240318329181,0.000328542052231133));
#9109=CARTESIAN_POINT('',(0.,1.1327982892113E-18,-0.00629792309274111));
#9110=CARTESIAN_POINT('',(0.00518098338033877,-0.0229217671921834,0.000774768661320173));
#9111=CARTESIAN_POINT('',(0.,1.1327982892113E-18,-0.00438579751867844));
#9112=CARTESIAN_POINT('',(0.00519602575656537,-0.0229183619907076,0.00126315031873329));
#9113=CARTESIAN_POINT('',(0.0051955644935839,-0.0229184665628617,0.0012636087692586));
#9114=CARTESIAN_POINT('',(0.00508866511368131,-0.0229427004103176,0.0011505258568882));
#9115=CARTESIAN_POINT('',(0.0049772223550358,-0.0229671792342738,0.00104217160992021));
#9116=CARTESIAN_POINT('',(0.00486119422845148,-0.0229917113472066,0.000938546034583239));
#9117=CARTESIAN_POINT('',(0.00486088190324287,-0.0229917762359115,0.000938911105028891));
#9118=CARTESIAN_POINT('',(0.,1.1327982892113E-18,0.00107192209394554));
#9119=CARTESIAN_POINT('',(0.0233177302227296,-0.00292120818498142,-0.00193035163479334));
#9120=CARTESIAN_POINT('',(0.0233177302227296,-0.00292120818498142,-0.00207708818043538));
#9121=CARTESIAN_POINT('',(0.0233125969458662,-0.0029637461564472,-0.00222669291867326));
#9122=CARTESIAN_POINT('',(0.0232989264536945,-0.00306757658508117,-0.00233031050791693));
#9123=CARTESIAN_POINT('',(0.0233177302227296,-0.00292120818498142,-0.00193035163479334));
#9124=CARTESIAN_POINT('',(0.0232989264536945,-0.00306757658508117,-0.00233031050791693));
#9125=CARTESIAN_POINT('',(0.0232989264536945,-0.00306757658508117,-0.00233031050791693));
#9126=CARTESIAN_POINT('',(0.0232849668445864,-0.00317360292115119,-0.00243611950326109));
#9127=CARTESIAN_POINT('',(0.0232639013473672,-0.00332616046697874,-0.00247631091918569));
#9128=CARTESIAN_POINT('',(0.0232417496512721,-0.00347434499547672,-0.00247631091918569));
#9129=CARTESIAN_POINT('',(0.0232417496512721,-0.00347434499547672,-0.00247631091918569));
#9130=CARTESIAN_POINT('',(0.0232417496512721,-0.00347434499547673,-0.00247631091918569));
#9131=CARTESIAN_POINT('',(0.0232193259604238,-0.00362434904217658,-0.00247631091918569));
#9132=CARTESIAN_POINT('',(0.0231944077498541,-0.00377908165761875,-0.0024395257389013));
#9133=CARTESIAN_POINT('',(0.0231762810607145,-0.00388715785565365,-0.00233339502364796));
#9134=CARTESIAN_POINT('',(0.0231762810607145,-0.00388715785565365,-0.00233339502364796));
#9135=CARTESIAN_POINT('',(0.0231762810607145,-0.00388715785565365,-0.00233339502364796));
#9136=CARTESIAN_POINT('',(0.0231586525327627,-0.00399226388264494,-0.00223018101330294));
#9137=CARTESIAN_POINT('',(0.0231514131757634,-0.00403262544319301,-0.0020781097742378));
#9138=CARTESIAN_POINT('',(0.0231514131757634,-0.00403262544319301,-0.00193035163479334));
#9139=CARTESIAN_POINT('',(0.0231514131757635,-0.00403262544319301,-0.00193035163479334));
#9140=CARTESIAN_POINT('',(0.0231514131757635,-0.00403262544319301,-0.00193035163479334));
#9141=CARTESIAN_POINT('',(0.0231514131757635,-0.00403262544319301,-0.00178144169668214));
#9142=CARTESIAN_POINT('',(0.023157846066085,-0.00399698509394782,-0.00162631771581417));
#9143=CARTESIAN_POINT('',(0.0231757705583587,-0.00389020038382426,-0.00152268147234218));
#9144=CARTESIAN_POINT('',(0.0231757705583589,-0.00389020038382429,-0.00152268147234218));
#9145=CARTESIAN_POINT('',(0.0231757705583589,-0.00389020038382429,-0.00152268147234218));
#9146=CARTESIAN_POINT('',(0.0231940606315866,-0.00378123773439772,-0.00141693150446514));
#9147=CARTESIAN_POINT('',(0.0232192723999614,-0.00362470733672138,-0.00138439235040099));
#9148=CARTESIAN_POINT('',(0.0232417496512721,-0.00347434499547672,-0.00138439235040099));
#9149=CARTESIAN_POINT('',(0.0232417496512721,-0.00347434499547672,-0.00138439235040099));
#9150=CARTESIAN_POINT('',(0.0232417496512721,-0.00347434499547672,-0.00138439235040099));
#9151=CARTESIAN_POINT('',(0.0232638769766718,-0.00332632349557906,-0.00138439235040099));
#9152=CARTESIAN_POINT('',(0.0232850186170475,-0.00317326368642618,-0.0014210667157576));
#9153=CARTESIAN_POINT('',(0.0232991277501243,-0.00306604730612356,-0.0015257659880732));
#9154=CARTESIAN_POINT('',(0.0232991277501243,-0.00306604730612356,-0.0015257659880732));
#9155=CARTESIAN_POINT('',(0.0232991277501243,-0.00306604730612356,-0.0015257659880732));
#9156=CARTESIAN_POINT('',(0.023313067706865,-0.00296011650972489,-0.0016292098580066));
#9157=CARTESIAN_POINT('',(0.0233177302227296,-0.00292120818498142,-0.00178230409620988));
#9158=CARTESIAN_POINT('',(0.0233177302227296,-0.00292120818498142,-0.00193035163479334));
#9159=CARTESIAN_POINT('',(-0.000641211412432603,0.0259611375188753,0.005));
#9160=CARTESIAN_POINT('',(0.000616927567245443,0.0234919007399736,0.005));
#9161=CARTESIAN_POINT('',(-0.000811457849834934,0.026295264965446,0.005));
#9162=CARTESIAN_POINT('',(0.000350636457148257,0.024014526470173,0.005));
#9163=CARTESIAN_POINT('',(0.000350636457148257,0.024014526470173,-0.005));
#9164=CARTESIAN_POINT('',(0.000350636457148257,0.024014526470173,0.00356453467135037));
#9165=CARTESIAN_POINT('',(-0.000811457849834934,0.026295264965446,0.002));
#9166=CARTESIAN_POINT('',(-0.000641211412432603,0.0259611375188753,0.005));
#9167=CARTESIAN_POINT('',(-0.000811457849834934,0.026295264965446,0.002));
#9168=CARTESIAN_POINT('',(-0.000632203280047696,0.0259434580636217,-0.000973903109221822));
#9169=CARTESIAN_POINT('',(0.000350636457148257,0.024014526470173,0.000435465328649637));
#9170=CARTESIAN_POINT('',(0.000350636457148257,0.024014526470173,-0.005));
#9171=CARTESIAN_POINT('',(0.000350636457148258,0.024014526470173,-0.005));
#9172=CARTESIAN_POINT('',(-0.000641211412432603,0.0259611375188753,-0.005));
#9173=CARTESIAN_POINT('',(-0.00217342934905358,0.028968284538011,-0.005));
#9174=CARTESIAN_POINT('',(-0.00217342934905358,0.028968284538011,0.005));
#9175=CARTESIAN_POINT('',(-0.00217342934905358,0.028968284538011,-0.00302398115424125));
#9176=CARTESIAN_POINT('',(-0.00126544834957448,0.0271862714896343,-0.0025));
#9177=CARTESIAN_POINT('',(-0.000641211412432603,0.0259611375188753,0.005));
#9178=CARTESIAN_POINT('',(0.000616927567245443,0.0234919007399736,0.005));
#9179=CARTESIAN_POINT('',(-0.00217342934905358,0.028968284538011,0.005));
#9180=CARTESIAN_POINT('',(-0.000811457849834934,0.026295264965446,0.002));
#9181=CARTESIAN_POINT('',(-0.00217342934905358,0.028968284538011,0.002));
#9182=CARTESIAN_POINT('',(-0.00217342934905358,0.028968284538011,0.005));
#9183=CARTESIAN_POINT('',(-0.00153221793662097,0.0255071470191357,0.006002));
#9184=CARTESIAN_POINT('',(-0.00153221793662097,0.0255071470191357,-0.005));
#9185=CARTESIAN_POINT('',(-1.19262238973405E-18,0.0225,-0.005));
#9186=CARTESIAN_POINT('',(-0.00306443587324194,0.0285142940382715,-0.005));
#9187=CARTESIAN_POINT('',(-1.19262238973405E-18,0.0225,0.006002));
#9188=CARTESIAN_POINT('',(-1.19262238973405E-18,0.0225,0.005));
#9189=CARTESIAN_POINT('',(-0.00153221793662097,0.0255071470191357,0.005));
#9190=CARTESIAN_POINT('',(-0.00306443587324194,0.0285142940382715,0.005));
#9191=CARTESIAN_POINT('',(-0.00306443587324194,0.0285142940382715,0.005));
#9192=CARTESIAN_POINT('',(-0.00170246437402329,0.0258412744657064,0.002));
#9193=CARTESIAN_POINT('',(-0.00261044537350239,0.0276232875140831,0.002));
#9194=CARTESIAN_POINT('',(-0.00215645487376284,0.0267322809898948,-0.0025));
#9195=CARTESIAN_POINT('',(-0.00264108973223481,0.0276834304544658,-0.0025));
#9196=CARTESIAN_POINT('',(-0.0134510951398843,0.0202643001924778,0.006002));
#9197=CARTESIAN_POINT('',(-0.0126178656775227,0.0186289952961505,0.005));
#9198=CARTESIAN_POINT('',(-0.0126178656775227,0.0186289952961505,-0.005));
#9199=CARTESIAN_POINT('',(-0.0126178656775227,0.0186289952961505,0.005));
#9200=CARTESIAN_POINT('',(-0.0134510951398843,0.0202643001924778,-0.005));
#9201=CARTESIAN_POINT('',(-0.0146475206876907,0.0226124175416574,-0.005));
#9202=CARTESIAN_POINT('',(-0.0146475206876907,0.0226124175416574,0.005));
#9203=CARTESIAN_POINT('',(-0.0146475206876907,0.0226124175416574,0.005));
#9204=CARTESIAN_POINT('',(-0.0134510951398843,0.0202643001924778,0.005));
#9205=CARTESIAN_POINT('',(0.,1.1327982892113E-18,-0.005));
#9206=CARTESIAN_POINT('',(0.,1.1327982892113E-18,-0.005));
#9207=CARTESIAN_POINT('',(-0.00885597828046633,0.0255633557899644,-0.005));
#9208=CARTESIAN_POINT('',(0.,1.1327982892113E-18,-0.005));
#9209=CARTESIAN_POINT('',(0.0185,1.1327982892113E-18,-0.005));
#9210=CARTESIAN_POINT('',(0.,1.1327982892113E-18,0.005));
#9211=CARTESIAN_POINT('',(0.,1.1327982892113E-18,0.005));
#9212=CARTESIAN_POINT('',(0.0185,1.1327982892113E-18,0.005));
#9213=CARTESIAN_POINT('',(0.,1.1327982892113E-18,0.005));
#9214=CARTESIAN_POINT('',(-0.00885597828046633,0.0255633557899644,0.005));
#9215=CARTESIAN_POINT('',(0.,1.1327982892113E-18,0.005));
#9216=CARTESIAN_POINT('',(0.,1.1327982892113E-18,-0.006));
#9217=CARTESIAN_POINT('',(-0.00248164362773063,-0.00126446058490443,-0.006));
#9218=CARTESIAN_POINT('',(-0.0126178656775227,0.0186289952961505,-0.006));
#9219=CARTESIAN_POINT('',(-0.0146475206876907,0.0226124175416574,-0.006));
#9220=CARTESIAN_POINT('',(-0.0121658770599601,0.0238768781265618,-0.006));
#9221=CARTESIAN_POINT('',(-0.00306443587324194,0.0285142940382715,-0.006));
#9222=CARTESIAN_POINT('',(0.00910144118671816,0.00463741591170968,-0.006));
#9223=CARTESIAN_POINT('',(-1.10833714472854E-18,0.0225,-0.006));
#9224=CARTESIAN_POINT('',(0.,1.1327982892113E-18,-0.006));
#9225=CARTESIAN_POINT('',(0.,1.1327982892113E-18,-0.006));
#9226=CARTESIAN_POINT('',(0.0195,1.1327982892113E-18,-0.006));
#9227=CARTESIAN_POINT('',(0.,1.1327982892113E-18,0.006));
#9228=CARTESIAN_POINT('',(0.,1.1327982892113E-18,0.006));
#9229=CARTESIAN_POINT('',(0.0195,1.1327982892113E-18,0.006));
#9230=CARTESIAN_POINT('',(-0.00351842637298149,0.0294053005624598,0.006));
#9231=CARTESIAN_POINT('',(-6.41623605985405E-19,0.0225,0.006));
#9232=CARTESIAN_POINT('',(-0.00306443587324194,0.0285142940382715,0.006));
#9233=CARTESIAN_POINT('',(-0.0155385272118791,0.0221584270419178,0.006));
#9234=CARTESIAN_POINT('',(-0.0146475206876907,0.0226124175416574,0.006));
#9235=CARTESIAN_POINT('',(-0.0130111128964273,0.0194007864192332,0.006));
#9236=CARTESIAN_POINT('',(-0.0126178656775227,0.0186289952961505,0.006));
#9237=CARTESIAN_POINT('',(0.,1.1327982892113E-18,0.006));
#9238=CARTESIAN_POINT('',(-0.000641211412432603,0.0259611375188753,0.005));
#9239=CARTESIAN_POINT('',(-0.00217342934905358,0.028968284538011,0.005));
#9240=CARTESIAN_POINT('',(-0.00217342934905358,0.028968284538011,-0.00197601884575875));
#9241=CARTESIAN_POINT('',(-0.000811457849834934,0.026295264965446,0.002));
#9242=CARTESIAN_POINT('',(-0.00154565852263483,0.0277362149190319,-0.000526779096660533));
#9243=CARTESIAN_POINT('',(-0.00126544834957448,0.0271862714896343,-0.0025));
#9244=CARTESIAN_POINT('',(-0.00930996878020588,0.0264543623141528,0.005));
#9245=CARTESIAN_POINT('',(-0.00930996878020588,0.0264543623141528,-0.005));
#9246=CARTESIAN_POINT('',(-0.00351842637298149,0.0294053005624598,-0.005));
#9247=CARTESIAN_POINT('',(-0.0151015111874303,0.0235034240658457,-0.005));
#9248=CARTESIAN_POINT('',(-0.0151015111874303,0.0235034240658457,0.005));
#9249=CARTESIAN_POINT('',(-0.0151015111874303,0.0235034240658457,0.005));
#9250=CARTESIAN_POINT('',(-0.00262741984879312,0.0298592910621994,0.005));
#9251=CARTESIAN_POINT('',(-0.00351842637298149,0.0294053005624598,0.005));
#9252=CARTESIAN_POINT('',(-0.00351842637298148,0.0294053005624598,0.005));
#9253=CARTESIAN_POINT('',(-0.00885597828046633,0.0255633557899644,0.005));
#9254=CARTESIAN_POINT('',(0.00729703457295984,-0.022658886416119,8.67361737988404E-19));
#9255=CARTESIAN_POINT('',(-0.0159925177116187,0.0230494335661062,0.005));
#9256=CARTESIAN_POINT('',(-0.0155385272118791,0.0221584270419178,0.005));
#9257=CARTESIAN_POINT('',(-0.0155385272118791,0.0221584270419178,8.67361737988404E-19));
#9258=CARTESIAN_POINT('',(-0.0155385272118791,0.0221584270419178,-0.005));
#9259=CARTESIAN_POINT('',(0.00729703457295984,-0.022658886416119,-0.005));
#9260=CARTESIAN_POINT('',(-0.00153221793662097,0.0255071470191357,-0.005));
#9261=CARTESIAN_POINT('',(0.000350636457148259,0.024014526470173,-0.005));
#9262=CARTESIAN_POINT('',(0.000350636457148259,0.024014526470173,-0.00517161292511381));
#9263=CARTESIAN_POINT('',(0.000316230838377654,0.0238754652665101,-0.00549883937018976));
#9264=CARTESIAN_POINT('',(0.000184464813322498,0.0233276268228242,-0.00590407258257821));
#9265=CARTESIAN_POINT('',(7.25600116292672E-5,0.0228351249962193,-0.006));
#9266=CARTESIAN_POINT('',(-2.07999322466425E-18,0.0225,-0.006));
#9267=CARTESIAN_POINT('',(-0.00306443587324194,0.0285142940382715,-0.005));
#9268=CARTESIAN_POINT('',(-0.0017024643740233,0.0258412744657064,0.002));
#9269=CARTESIAN_POINT('',(0.000350636457148257,0.024014526470173,0.00356453467135037));
#9270=CARTESIAN_POINT('',(0.000410645511749288,0.0238967520691876,0.00305122088924698));
#9271=CARTESIAN_POINT('',(0.000425248301289462,0.0237432439626766,0.002));
#9272=CARTESIAN_POINT('',(0.000410645511749288,0.0238967520691876,0.000948779110753017));
#9273=CARTESIAN_POINT('',(0.000350636457148257,0.024014526470173,0.000435465328649637));
#9274=CARTESIAN_POINT('',(-0.00154565852263483,0.0277362149190319,-0.000526779096660532));
#9275=CARTESIAN_POINT('',(-0.00139108252154312,0.0274328424353904,-0.000572448900333354));
#9276=CARTESIAN_POINT('',(-0.00112999289601596,0.0268034995464467,-0.00068853495522086));
#9277=CARTESIAN_POINT('',(-0.000781012265119727,0.0262355121410376,-0.000871070056469043));
#9278=CARTESIAN_POINT('',(-0.000632203280047691,0.0259434580636217,-0.000973903109221823));
#9279=CARTESIAN_POINT('',(0.,1.1327982892113E-18,-0.005));
#9280=CARTESIAN_POINT('',(0.00119096367597595,0.0234698019915488,-0.005));
#9281=CARTESIAN_POINT('',(0.00119096367597595,0.0234698019915488,-0.00517036206542092));
#9282=CARTESIAN_POINT('',(0.0010841109815386,0.0233829134608089,-0.00549662497556106));
#9283=CARTESIAN_POINT('',(0.000653039112204736,0.0230322434526816,-0.00590544042033768));
#9284=CARTESIAN_POINT('',(0.000263752972190642,0.0227151993475223,-0.006));
#9285=CARTESIAN_POINT('',(-1.55790123536328E-18,0.0225,-0.006));
#9286=CARTESIAN_POINT('',(-0.0139021194206156,0.0189467959194937,-0.005));
#9287=CARTESIAN_POINT('',(-0.0139021194206156,0.0189467959194937,-0.00530956707259728));
#9288=CARTESIAN_POINT('',(-0.0135155372854472,0.0188554080303205,-0.00585545594205545));
#9289=CARTESIAN_POINT('',(-0.0129127466128786,0.0187049380903987,-0.006));
#9290=CARTESIAN_POINT('',(-0.0126178656775227,0.0186289952961505,-0.006));
#9291=CARTESIAN_POINT('',(-0.00306443587324194,0.0285142940382715,-0.005));
#9292=CARTESIAN_POINT('',(-0.00306443587324194,0.0285142940382715,-0.005));
#9293=CARTESIAN_POINT('',(-0.00306443587324194,0.0285142940382715,-0.005));
#9294=CARTESIAN_POINT('',(-0.00215645487376285,0.0267322809898948,-0.0025));
#9295=CARTESIAN_POINT('',(-0.00217342934905358,0.028968284538011,-0.00302398115424125));
#9296=CARTESIAN_POINT('',(-0.00219345823642033,0.0290075934427706,-0.00267738990380099));
#9297=CARTESIAN_POINT('',(-0.00219345823647789,0.0290075934428836,-0.00232261009618287));
#9298=CARTESIAN_POINT('',(-0.00217342934905358,0.028968284538011,-0.00197601884575875));
#9299=CARTESIAN_POINT('',(-0.00248164362773063,-0.00126446058490443,-0.005));
#9300=CARTESIAN_POINT('',(-0.0146475206876907,0.0226124175416574,-0.005));
#9301=CARTESIAN_POINT('',(-0.00885597828046633,0.0255633557899644,-0.005));
#9302=CARTESIAN_POINT('',(-0.0146475206876907,0.0226124175416574,-0.005));
#9303=CARTESIAN_POINT('',(-0.00306443587324194,0.0285142940382715,0.005));
#9304=CARTESIAN_POINT('',(-0.00306443587324194,0.0285142940382715,0.005));
#9305=CARTESIAN_POINT('',(-0.0146475206876907,0.0226124175416574,-0.005));
#9306=CARTESIAN_POINT('',(-0.0146475206876907,0.0226124175416574,-0.005));
#9307=CARTESIAN_POINT('',(-0.00306443587324194,0.0285142940382715,0.005));
#9308=CARTESIAN_POINT('',(-0.00306443587324194,0.0285142940382715,0.005));
#9309=CARTESIAN_POINT('',(-0.00306443587324194,0.0285142940382715,0.005));
#9310=CARTESIAN_POINT('',(0.00910144118671816,0.00463741591170968,0.005));
#9311=CARTESIAN_POINT('',(0.000350636457148258,0.024014526470173,0.005));
#9312=CARTESIAN_POINT('',(0.000350636457148258,0.024014526470173,0.00517161292511381));
#9313=CARTESIAN_POINT('',(0.000316230838377813,0.0238754652665101,0.00549883937018977));
#9314=CARTESIAN_POINT('',(0.000184464813321613,0.0233276268228244,0.00590407258257821));
#9315=CARTESIAN_POINT('',(7.25600116331351E-5,0.0228351249962185,0.006));
#9316=CARTESIAN_POINT('',(1.81407427873891E-18,0.0225,0.006));
#9317=CARTESIAN_POINT('',(-0.0146475206876907,0.0226124175416574,8.67361737988404E-19));
#9318=CARTESIAN_POINT('',(-0.0146475206876907,0.0226124175416574,0.005));
#9319=CARTESIAN_POINT('',(-0.0121658770599601,0.0238768781265618,0.005));
#9320=CARTESIAN_POINT('',(-0.0146475206876907,0.0226124175416574,0.005));
#9321=CARTESIAN_POINT('',(0.,1.1327982892113E-18,0.005));
#9322=CARTESIAN_POINT('',(0.00119096367597595,0.0234698019915488,0.005));
#9323=CARTESIAN_POINT('',(0.00119096367597595,0.0234698019915488,0.00517036206542092));
#9324=CARTESIAN_POINT('',(0.00108411098153858,0.0233829134608089,0.00549662497556106));
#9325=CARTESIAN_POINT('',(0.000653039112204775,0.0230322434526815,0.00590544042033768));
#9326=CARTESIAN_POINT('',(0.000263752972190472,0.0227151993475225,0.006));
#9327=CARTESIAN_POINT('',(1.89342508150101E-18,0.0225,0.006));
#9328=CARTESIAN_POINT('',(-0.0139021194206156,0.0189467959194937,0.005));
#9329=CARTESIAN_POINT('',(-0.0139021194206156,0.0189467959194937,0.00530956707259728));
#9330=CARTESIAN_POINT('',(-0.0135155372854475,0.0188554080303192,0.00585545594205545));
#9331=CARTESIAN_POINT('',(-0.0129127466128779,0.0187049380904013,0.00599999999999999));
#9332=CARTESIAN_POINT('',(-0.0126178656775227,0.0186289952961505,0.006));
#9333=CARTESIAN_POINT('',(-0.0146475206876907,0.0226124175416574,0.005));
#9334=CARTESIAN_POINT('',(-0.0146475206876907,0.0226124175416574,0.005));
#9335=CARTESIAN_POINT('',(0.00818804109714821,-0.0222048959163795,0.005));
#9336=CARTESIAN_POINT('',(0.,1.1327982892113E-18,-0.005));
#9337=CARTESIAN_POINT('',(0.,1.1327982892113E-18,0.005));
#9338=CARTESIAN_POINT('',(-1.55790123536328E-18,0.0225,-0.006));
#9339=CARTESIAN_POINT('',(-4.00181938835738E-20,0.0225,-0.006));
#9340=CARTESIAN_POINT('',(1.47786484759613E-18,0.0225,-0.006));
#9341=CARTESIAN_POINT('',(0.00029347303519727,0.0227394226742612,-0.006));
#9342=CARTESIAN_POINT('',(0.000186802271948594,0.0228047825535521,-0.00599999999921674));
#9343=CARTESIAN_POINT('',(8.01314898383156E-5,0.0228701424020645,-0.006));
#9344=CARTESIAN_POINT('',(0.000735172470674913,0.0230990890282892,-0.00586879252644691));
#9345=CARTESIAN_POINT('',(0.000475092434165278,0.0232692941204285,-0.00575709939015511));
#9346=CARTESIAN_POINT('',(0.000208821572826962,0.0234314448503023,-0.00586879252644691));
#9347=CARTESIAN_POINT('',(0.0011186027883318,0.0234109588816994,-0.00542558504046073));
#9348=CARTESIAN_POINT('',(0.000605835574602314,0.0234845075784209,-0.00528290098842565));
#9349=CARTESIAN_POINT('',(0.000327685095074954,0.0239217700694261,-0.00542558504046073));
#9350=CARTESIAN_POINT('',(0.00119096368082837,0.0234698019913025,-0.00514226095934154));
#9351=CARTESIAN_POINT('',(0.000613250304921964,0.0234991177769226,-0.00509465867518156));
#9352=CARTESIAN_POINT('',(0.000350636454846845,0.0240145264746898,-0.00514226095934154));
#9353=CARTESIAN_POINT('',(0.00119096367597596,0.0234698019915488,-0.005));
#9354=CARTESIAN_POINT('',(0.000613250304050267,0.023499117775352,-0.005));
#9355=CARTESIAN_POINT('',(0.000350636457148267,0.024014526470173,-0.005));
#9356=CARTESIAN_POINT('',(0.00124164298133663,0.0244685169699126,-0.005));
#9357=CARTESIAN_POINT('',(0.00124164298133663,0.0244685169699126,0.005));
#9358=CARTESIAN_POINT('',(0.00124164298133663,0.0244685169699126,0.000435465328649638));
#9359=CARTESIAN_POINT('',(0.000350636457148258,0.024014526470173,0.00356453467135037));
#9360=CARTESIAN_POINT('',(0.00061325030405026,0.023499117775352,0.00356453467135036));
#9361=CARTESIAN_POINT('',(0.00119096367597595,0.0234698019915488,0.00356453467135037));
#9362=CARTESIAN_POINT('',(0.000377020707406889,0.0239627444634355,0.00333884542969603));
#9363=CARTESIAN_POINT('',(0.000651341556315555,0.0234971848527829,0.00333095393971465));
#9364=CARTESIAN_POINT('',(0.00119096366246632,0.0234698019922343,0.00330332414910621));
#9365=CARTESIAN_POINT('',(0.000410074211544948,0.0238652226914563,0.00285280608131129));
#9366=CARTESIAN_POINT('',(0.000693972912658211,0.0234943102059308,0.00283416077153204));
#9367=CARTESIAN_POINT('',(0.0011582030730727,0.0234714624293912,0.00278251701134939));
#9368=CARTESIAN_POINT('',(0.000421883254006582,0.02379738567817,0.00199999999999998));
#9369=CARTESIAN_POINT('',(0.000700662093604961,0.0234931933874381,0.00199999999999997));
#9370=CARTESIAN_POINT('',(0.00111345482046284,0.0234736106277527,0.00199999999999998));
#9371=CARTESIAN_POINT('',(0.000410074211544949,0.0238652226914564,0.00114719391868878));
#9372=CARTESIAN_POINT('',(0.000693972912658235,0.0234943102059304,0.00116583922846809));
#9373=CARTESIAN_POINT('',(0.00115820307307272,0.0234714624293913,0.00121748298865068));
#9374=CARTESIAN_POINT('',(0.000377020707406881,0.0239627444634356,0.00066115457030383));
#9375=CARTESIAN_POINT('',(0.000651341556315501,0.0234971848527841,0.000669046060285042));
#9376=CARTESIAN_POINT('',(0.00119096366246627,0.0234698019922343,0.000696675850893658));
#9377=CARTESIAN_POINT('',(0.000350636457148258,0.024014526470173,0.000435465328649637));
#9378=CARTESIAN_POINT('',(0.00061325030405026,0.023499117775352,0.000435465328649637));
#9379=CARTESIAN_POINT('',(0.00119096367597595,0.0234698019915488,0.000435465328649637));
#9380=CARTESIAN_POINT('',(0.00124164298133662,0.0244685169699126,0.00356453467135037));
#9381=CARTESIAN_POINT('',(0.00124164298133663,0.0244685169699126,0.005));
#9382=CARTESIAN_POINT('',(0.00124164298133663,0.0244685169699126,0.005));
#9383=CARTESIAN_POINT('',(-7.08660132464201E-19,0.0225,0.006));
#9384=CARTESIAN_POINT('',(5.92382474518405E-19,0.0225,0.006));
#9385=CARTESIAN_POINT('',(1.89342508150101E-18,0.0225,0.006));
#9386=CARTESIAN_POINT('',(8.01314898355182E-5,0.0228701424020597,0.006));
#9387=CARTESIAN_POINT('',(0.000186802271948179,0.0228047825535482,0.00600000000212247));
#9388=CARTESIAN_POINT('',(0.000293473035199238,0.0227394226742592,0.006));
#9389=CARTESIAN_POINT('',(0.000208821572827398,0.0234314448503038,0.00586879252644688));
#9390=CARTESIAN_POINT('',(0.000475092434165404,0.023269294120429,0.00575709938946737));
#9391=CARTESIAN_POINT('',(0.000735172470674648,0.0230990890282897,0.00586879252644687));
#9392=CARTESIAN_POINT('',(0.000327685095075142,0.0239217700694253,0.00542558504046079));
#9393=CARTESIAN_POINT('',(0.000605835574602195,0.0234845075784215,0.00528290098857493));
#9394=CARTESIAN_POINT('',(0.00111860278833157,0.0234109588816994,0.00542558504046079));
#9395=CARTESIAN_POINT('',(0.000350636454846136,0.0240145264746912,0.00514226095934142));
#9396=CARTESIAN_POINT('',(0.000613250304922157,0.0234991177769208,0.00509465867518183));
#9397=CARTESIAN_POINT('',(0.00119096368082905,0.0234698019913025,0.00514226095934142));
#9398=CARTESIAN_POINT('',(0.000350636457148261,0.024014526470173,0.005));
#9399=CARTESIAN_POINT('',(0.00061325030405026,0.023499117775352,0.005));
#9400=CARTESIAN_POINT('',(0.00119096367597595,0.0234698019915488,0.005));
#9401=CARTESIAN_POINT('',(0.,1.1327982892113E-18,0.005));
#9402=CARTESIAN_POINT('',(0.,1.1327982892113E-18,0.000953421513443505));
#9403=CARTESIAN_POINT('',(0.018965011579332,-0.0130125337962405,0.000617458359037628));
#9404=CARTESIAN_POINT('',(0.0195091664965896,-0.0121815484488157,0.0023077729796422));
#9405=CARTESIAN_POINT('',(0.,1.1327982892113E-18,0.00028764087209039));
#9406=CARTESIAN_POINT('',(0.018374122086739,-0.0138343535282321,0.0023077729796422));
#9407=CARTESIAN_POINT('',(0.,1.1327982892113E-18,0.0023077729796422));
#9408=CARTESIAN_POINT('',(0.0176901539044131,-0.0146988487590246,0.0023077729796422));
#9409=CARTESIAN_POINT('',(0.,1.1327982892113E-18,-0.00129204961541734));
#9410=CARTESIAN_POINT('',(0.0185885330466395,-0.0135448934723198,3.24285420522276E-5));
#9411=CARTESIAN_POINT('',(0.,1.1327982892113E-18,0.00135227030666651));
#9412=CARTESIAN_POINT('',(0.0176259109818522,-0.0147758235662964,-0.00238994447871684));
#9413=CARTESIAN_POINT('',(0.,1.1327982892113E-18,-0.00238994447871684));
#9414=CARTESIAN_POINT('',(0.0182945384416535,-0.0139394247804334,-0.00238994447871684));
#9415=CARTESIAN_POINT('',(0.,1.1327982892113E-18,-0.000208407657963796));
#9416=CARTESIAN_POINT('',(0.0189358777399095,-0.0130548931141431,-0.000613263417643433));
#9417=CARTESIAN_POINT('',(0.,1.1327982892113E-18,-0.00101773831583701));
#9418=CARTESIAN_POINT('',(0.0195347337079796,-0.0121405057127298,-0.00238994447871684));
#9419=CARTESIAN_POINT('',(0.,1.1327982892113E-18,-0.00238994447871684));
#9420=CARTESIAN_POINT('',(0.0201119667601665,-0.0111582477585172,-0.00238994447871684));
#9421=CARTESIAN_POINT('',(0.,1.1327982892113E-18,0.000565304605251233));
#9422=CARTESIAN_POINT('',(0.0192932004355108,-0.0125207873936787,-2.20645691959725E-5));
#9423=CARTESIAN_POINT('',(0.,1.1327982892113E-18,-0.000644329409645767));
#9424=CARTESIAN_POINT('',(0.0200566598518367,-0.0112573573981739,0.0023077729796422));
#9425=CARTESIAN_POINT('',(0.,1.1327982892113E-18,0.0023077729796422));
#9426=CARTESIAN_POINT('',(0.0204422266680852,-0.0121635555692271,0.0023077729796422));
#9427=CARTESIAN_POINT('',(0.0201426749176821,-0.0126082692250713,0.0023077729796422));
#9428=CARTESIAN_POINT('',(0.0207417784184883,-0.0117188419133829,0.0023077729796422));
#9429=CARTESIAN_POINT('',(0.0198652377260337,-0.0130201516714237,0.00146261566933991));
#9430=CARTESIAN_POINT('',(0.0195878005343852,-0.013432034117776,0.000617458359037628));
#9431=CARTESIAN_POINT('',(0.0193051937056253,-0.0138515913923213,0.00146261566933991));
#9432=CARTESIAN_POINT('',(0.0190225868768653,-0.0142711486668665,0.0023077729796422));
#9433=CARTESIAN_POINT('',(0.0187155678728568,-0.0147269481856561,0.0023077729796422));
#9434=CARTESIAN_POINT('',(0.0184085488688482,-0.0151827477044456,0.0023077729796422));
#9435=CARTESIAN_POINT('',(0.0188160885944685,-0.0145777154152385,0.00117010076084721));
#9436=CARTESIAN_POINT('',(0.0192236283200888,-0.0139726831260315,3.24285420522276E-5));
#9437=CARTESIAN_POINT('',(0.018788229994479,-0.0146190742116114,-0.00117875796833231));
#9438=CARTESIAN_POINT('',(0.0183528316688691,-0.0152654652971913,-0.00238994447871684));
#9439=CARTESIAN_POINT('',(0.0186509474089635,-0.0148228835380673,-0.00238994447871684));
#9440=CARTESIAN_POINT('',(0.0189490631490579,-0.0143803017789434,-0.00238994447871684));
#9441=CARTESIAN_POINT('',(0.0192540717386341,-0.0139274869155622,-0.00150160394818014));
#9442=CARTESIAN_POINT('',(0.0195590803282104,-0.0134746720521811,-0.000613263417643433));
#9443=CARTESIAN_POINT('',(0.0198643761198484,-0.0130214308094558,-0.00150160394818014));
#9444=CARTESIAN_POINT('',(0.0201696719114864,-0.0125681895667306,-0.00238994447871684));
#9445=CARTESIAN_POINT('',(0.0204873173917796,-0.0120966140122113,-0.00238994447871684));
#9446=CARTESIAN_POINT('',(0.0208049628720728,-0.0116250384576919,-0.00238994447871684));
#9447=CARTESIAN_POINT('',(0.0203615228887341,-0.0122833681649052,-0.00120600452395641));
#9448=CARTESIAN_POINT('',(0.0199180829053953,-0.0129416978721185,-2.20645691959725E-5));
#9449=CARTESIAN_POINT('',(0.0203299306619418,-0.0123302698927507,0.00114285420522311));
#9450=CARTESIAN_POINT('',(0.,1.1327982892113E-18,0.005));
#9451=CARTESIAN_POINT('',(0.,1.1327982892113E-18,-0.000373358477211213));
#9452=CARTESIAN_POINT('',(0.0206696571914524,-0.0100877634582865,0.000505387620810198));
#9453=CARTESIAN_POINT('',(0.0204548534728375,-0.0105164951104086,0.00110275550071972));
#9454=CARTESIAN_POINT('',(0.,1.1327982892113E-18,0.00107192209394553));
#9455=CARTESIAN_POINT('',(0.0209008735368691,-0.00959954088988357,0.000938911104808695));
#9456=CARTESIAN_POINT('',(0.0210415496113557,-0.00928713572396543,0.00126360876976686));
#9457=CARTESIAN_POINT('',(0.0209972894578125,-0.00938741445836401,0.0011505258635679));
#9458=CARTESIAN_POINT('',(0.0209505027500431,-0.00949148033265093,0.00104217161359262));
#9459=CARTESIAN_POINT('',(0.0209010066722115,-0.0095992510171717,0.000938546033803547));
#9460=CARTESIAN_POINT('',(0.0210417405863972,-0.0092867030262234,0.00126315031873329));
#9461=CARTESIAN_POINT('',(0.,1.1327982892113E-18,-0.00438579751867852));
#9462=CARTESIAN_POINT('',(0.0210355085010253,-0.00930081083055647,0.000774768661320171));
#9463=CARTESIAN_POINT('',(0.,1.1327982892113E-18,-0.00629792309274115));
#9464=CARTESIAN_POINT('',(0.0210313485390216,-0.00931021367277322,0.000328542052231132));
#9465=CARTESIAN_POINT('',(0.0210313485390216,-0.00931021367277322,0.005));
#9466=CARTESIAN_POINT('',(0.0210313485390216,-0.00931021367277322,-0.00238994447871684));
#9467=CARTESIAN_POINT('',(0.,1.1327982892113E-18,-0.00238994447871684));
#9468=CARTESIAN_POINT('',(0.0214138356917314,-0.0083931722828755,-0.00238994447871684));
#9469=CARTESIAN_POINT('',(0.0214138356917314,-0.0083931722828755,0.005));
#9470=CARTESIAN_POINT('',(0.0214138356917314,-0.0083931722828755,0.0023077729796422));
#9471=CARTESIAN_POINT('',(0.,1.1327982892113E-18,0.0023077729796422));
#9472=CARTESIAN_POINT('',(0.0211023159975386,-0.00914822166011115,0.0023077729796422));
#9473=CARTESIAN_POINT('',(0.,1.1327982892113E-18,0.00204540334513496));
#9474=CARTESIAN_POINT('',(0.021477382249056,-0.0101472684110694,0.00170526424018096));
#9475=CARTESIAN_POINT('',(0.0211664747704872,-0.0108371841179711,0.00110275550071972));
#9476=CARTESIAN_POINT('',(0.0217882897276248,-0.00945735270416761,0.0023077729796422));
#9477=CARTESIAN_POINT('',(0.0212649006434581,-0.0106187733031503,0.000804071560764958));
#9478=CARTESIAN_POINT('',(0.0213633265164288,-0.0104003624883295,0.000505387620810198));
#9479=CARTESIAN_POINT('',(0.0214742140342608,-0.0101542988021044,0.000722331893892657));
#9480=CARTESIAN_POINT('',(0.0215851015520927,-0.00990823511587922,0.000939276166975117));
#9481=CARTESIAN_POINT('',(0.0200444465558354,-0.0133270080759725,0.00523068643856737));
#9482=CARTESIAN_POINT('',(0.02104175328188,-0.00928667485445653,0.0012641286524718));
#9483=CARTESIAN_POINT('',(0.0217230245028436,-0.0096021787594887,0.00101895949002673));
#9484=CARTESIAN_POINT('',(0.0217198562880484,-0.0096092091505237,0.000774768661320171));
#9485=CARTESIAN_POINT('',(0.0217177441448516,-0.00961389607788037,0.000551655356775651));
#9486=CARTESIAN_POINT('',(0.0217156320016548,-0.00961858300523704,0.000328542052231132));
#9487=CARTESIAN_POINT('',(0.0217156320016548,-0.00961858300523704,-0.00103070121324286));
#9488=CARTESIAN_POINT('',(0.0217156320016548,-0.00961858300523704,-0.00238994447871684));
#9489=CARTESIAN_POINT('',(0.0219196650344656,-0.00916582582258276,-0.00238994447871684));
#9490=CARTESIAN_POINT('',(0.0221236980672764,-0.00871306863992848,-0.00238994447871684));
#9491=CARTESIAN_POINT('',(0.0221236980672764,-0.00871306863992848,-4.10857495373245E-5));
#9492=CARTESIAN_POINT('',(0.0221236980672764,-0.00871306863992848,0.0023077729796422));
#9493=CARTESIAN_POINT('',(0.0219559938974506,-0.00908521067204804,0.0023077729796422));
#9494=CARTESIAN_POINT('',(0.,1.1327982892113E-18,0.005));
#9495=CARTESIAN_POINT('',(-0.0155698973376667,-0.0169285556648233,0.000840617401711327));
#9496=CARTESIAN_POINT('',(-0.0155315896658263,-0.0169637888252658,0.000764896585647288));
#9497=CARTESIAN_POINT('',(-0.0154829920927032,-0.0170082529102413,0.000701341659551711));
#9498=CARTESIAN_POINT('',(-0.0154254826590749,-0.0170602516023967,0.000652033438363031));
#9499=CARTESIAN_POINT('',(-0.0155696498679492,-0.0169287832753592,0.000840857721120142));
#9500=CARTESIAN_POINT('',(-0.0154257871259875,-0.0170599763055585,0.000651388032078964));
#9501=CARTESIAN_POINT('',(-0.015614060882563,-0.0168878300192215,0.0010708823771953));
#9502=CARTESIAN_POINT('',(-0.0156156036393335,-0.0168864036252968,0.00098997098168637));
#9503=CARTESIAN_POINT('',(-0.0156002432971673,-0.0169006461826257,0.000910307996843406));
#9504=CARTESIAN_POINT('',(-0.015569608591475,-0.0169288212321701,0.000840891343133547));
#9505=CARTESIAN_POINT('',(-0.0156140881960749,-0.0168878024052972,0.00107088338479674));
#9506=CARTESIAN_POINT('',(-0.0155031065635049,-0.0169897435790865,0.00141438821682095));
#9507=CARTESIAN_POINT('',(-0.0155761184961884,-0.016923120338569,0.00132943570521106));
#9508=CARTESIAN_POINT('',(-0.0156172416972763,-0.0168848892137505,0.00120114478070145));
#9509=CARTESIAN_POINT('',(-0.015613798526245,-0.0168880725834636,0.00107089764583793));
#9510=CARTESIAN_POINT('',(-0.0155030452151777,-0.0169897995591077,0.00141429158955377));
#9511=CARTESIAN_POINT('',(-0.0151797804230989,-0.0172792351193276,0.00154589759407773));
#9512=CARTESIAN_POINT('',(-0.0152962233087798,-0.0171769402304473,0.00154589759407773));
#9513=CARTESIAN_POINT('',(-0.0154162552796165,-0.0170689946249793,0.00151658091738285));
#9514=CARTESIAN_POINT('',(-0.0155030452151777,-0.0169897995591078,0.00141429158955377));
#9515=CARTESIAN_POINT('',(-0.0151797804230988,-0.0172792351193276,0.00154589759407773));
#9516=CARTESIAN_POINT('',(-0.0148134120020835,-0.0175943309758512,0.00148455576044847));
#9517=CARTESIAN_POINT('',(-0.0149358679339857,-0.0174912362623973,0.0015252362770827));
#9518=CARTESIAN_POINT('',(-0.0150582017074696,-0.0173860418239672,0.00154536441029699));
#9519=CARTESIAN_POINT('',(-0.0151797799207511,-0.0172792355614158,0.00154605451554751));
#9520=CARTESIAN_POINT('',(-0.0148133804007385,-0.0175943587864268,0.0014847213654123));
#9521=CARTESIAN_POINT('',(-0.014331853588408,-0.0179887651806047,0.00126931935019535));
#9522=CARTESIAN_POINT('',(-0.0144909284357582,-0.0178620284424833,0.00135257558611241));
#9523=CARTESIAN_POINT('',(-0.0146501665956094,-0.0177317748873134,0.00143161758970166));
#9524=CARTESIAN_POINT('',(-0.0148133804007385,-0.0175943587864269,0.0014847213654123));
#9525=CARTESIAN_POINT('',(-0.014331853588408,-0.0179887651806048,0.00126931935019535));
#9526=CARTESIAN_POINT('',(0.,1.1327982892113E-18,-0.00145023819315922));
#9527=CARTESIAN_POINT('',(-0.0140791717896629,-0.0181872103886126,0.00204456097059429));
#9528=CARTESIAN_POINT('',(-0.0146232279988194,-0.0177527153726269,0.00228857253259572));
#9529=CARTESIAN_POINT('',(-0.0144392599354291,-0.0179042531446798,0.00222500908767371));
#9530=CARTESIAN_POINT('',(-0.0142578300032283,-0.0180489049513494,0.00214355162391936));
#9531=CARTESIAN_POINT('',(-0.0140792782349685,-0.0181871279861566,0.00204425485667575));
#9532=CARTESIAN_POINT('',(-0.0146232630618399,-0.0177526874369987,0.00228840519757815));
#9533=CARTESIAN_POINT('',(-0.0151558192816552,-0.0173002555444799,0.00237434929631913));
#9534=CARTESIAN_POINT('',(-0.0149778297042545,-0.0174561825978213,0.00237555774281012));
#9535=CARTESIAN_POINT('',(-0.0148002368271667,-0.0176069096255831,0.00234691354412126));
#9536=CARTESIAN_POINT('',(-0.0146232528032296,-0.0177526949350046,0.00228846190921975));
#9537=CARTESIAN_POINT('',(-0.0151558202606525,-0.0173002546868332,0.00237460415381452));
#9538=CARTESIAN_POINT('',(-0.0160147754242314,-0.0165083211779373,0.00201834258688052));
#9539=CARTESIAN_POINT('',(-0.0157845204276341,-0.0167316922900611,0.00228847863420935));
#9540=CARTESIAN_POINT('',(-0.0154696533374135,-0.0170253224509017,0.00237460415381452));
#9541=CARTESIAN_POINT('',(-0.0151558202606525,-0.0173002546868332,0.00237460415381452));
#9542=CARTESIAN_POINT('',(-0.0160147754242314,-0.0165083211779373,0.00201834258688052));
#9543=CARTESIAN_POINT('',(-0.016315864701922,-0.0162108068593477,0.00103798067036809));
#9544=CARTESIAN_POINT('',(-0.016315864701922,-0.0162108068593477,0.00140865880368595));
#9545=CARTESIAN_POINT('',(-0.0162186309986499,-0.0163105602301038,0.00177917844315656));
#9546=CARTESIAN_POINT('',(-0.0160147754242314,-0.0165083211779373,0.00201834258688052));
#9547=CARTESIAN_POINT('',(-0.016315864701922,-0.0162108068593477,0.00103798067036809));
#9548=CARTESIAN_POINT('',(-0.0162248381623642,-0.0163019117470189,0.00046014805675509));
#9549=CARTESIAN_POINT('',(-0.0162901393601055,-0.0162369192859135,0.000637443976959905));
#9550=CARTESIAN_POINT('',(-0.016315864701922,-0.0162108068593477,0.000838411802811805));
#9551=CARTESIAN_POINT('',(-0.016315864701922,-0.0162108068593477,0.00103798067036809));
#9552=CARTESIAN_POINT('',(-0.0162248381623642,-0.0163019117470189,0.00046014805675509));
#9553=CARTESIAN_POINT('',(-0.0159788447011853,-0.0165431019466695,2.63583801441702E-5));
#9554=CARTESIAN_POINT('',(-0.0160816198701364,-0.0164438322650161,0.000148679025066386));
#9555=CARTESIAN_POINT('',(-0.0161633490338953,-0.01636311040572,0.000293251341785016));
#9556=CARTESIAN_POINT('',(-0.0162248706299015,-0.01630187943292,0.00046012422977245));
#9557=CARTESIAN_POINT('',(-0.0159789055781957,-0.0165430431458546,2.62595105901712E-5));
#9558=CARTESIAN_POINT('',(-0.0155083618233585,-0.0169849466751679,-0.000362389471519638));
#9559=CARTESIAN_POINT('',(-0.0156767023432793,-0.0168312408236045,-0.0002549735811572));
#9560=CARTESIAN_POINT('',(-0.0158414790716662,-0.0166757832440588,-0.000138636213226107));
#9561=CARTESIAN_POINT('',(-0.0159789055781957,-0.0165430431458546,2.62595105901712E-5));
#9562=CARTESIAN_POINT('',(-0.0155083618233585,-0.0169849466751679,-0.000362389471519638));
#9563=CARTESIAN_POINT('',(-0.0150530809704286,-0.0173897226343671,-0.000680608677770923));
#9564=CARTESIAN_POINT('',(-0.0151977822402446,-0.017264464746311,-0.000553680990671968));
#9565=CARTESIAN_POINT('',(-0.0153555188429809,-0.0171245022644311,-0.000460996416106918));
#9566=CARTESIAN_POINT('',(-0.0155083618233585,-0.016984946675168,-0.000362389471519638));
#9567=CARTESIAN_POINT('',(-0.0150530809704286,-0.0173897226343671,-0.000680608677770923));
#9568=CARTESIAN_POINT('',(-0.0148804742009734,-0.0175376505711759,-0.000887329868777592));
#9569=CARTESIAN_POINT('',(-0.0149288655355705,-0.0174965911371827,-0.000804884827249051));
#9570=CARTESIAN_POINT('',(-0.01498657398799,-0.0174472949943011,-0.000736174700520031));
#9571=CARTESIAN_POINT('',(-0.0150533586933188,-0.0173894822249767,-0.000681198795277744));
#9572=CARTESIAN_POINT('',(-0.0148807036857689,-0.0175374592773205,-0.000887553463317999));
#9573=CARTESIAN_POINT('',(-0.0148222042663808,-0.0175869258453029,-0.00113351502047577));
#9574=CARTESIAN_POINT('',(-0.0148211906642439,-0.0175877801059082,-0.00104546807470297));
#9575=CARTESIAN_POINT('',(-0.0148418175504251,-0.0175704518586086,-0.000959340109120635));
#9576=CARTESIAN_POINT('',(-0.0148808964192515,-0.0175372923155775,-0.000887735969268157));
#9577=CARTESIAN_POINT('',(-0.0148220324045965,-0.0175870706884232,-0.00113351840427719));
#9578=CARTESIAN_POINT('',(-0.0149556683727201,-0.0174735710010209,-0.00150623072177668));
#9579=CARTESIAN_POINT('',(-0.0148664090686971,-0.0175499682383154,-0.00142251453383466));
#9580=CARTESIAN_POINT('',(-0.0148220324045964,-0.0175870706884232,-0.00127727028911765));
#9581=CARTESIAN_POINT('',(-0.0148220324045964,-0.0175870706884232,-0.00113351840427719));
#9582=CARTESIAN_POINT('',(-0.0149556683727201,-0.0174735710010209,-0.00150623072177668));
#9583=CARTESIAN_POINT('',(-0.0153336606757102,-0.0171428279547069,-0.0016311536088834));
#9584=CARTESIAN_POINT('',(-0.0152026446612708,-0.0172600172022339,-0.00163115360888341));
#9585=CARTESIAN_POINT('',(-0.0150650759357958,-0.0173799288238877,-0.00160884393630905));
#9586=CARTESIAN_POINT('',(-0.0149556683727201,-0.0174735710010209,-0.00150623072177668));
#9587=CARTESIAN_POINT('',(-0.0153336606757102,-0.0171428279547069,-0.0016311536088834));
#9588=CARTESIAN_POINT('',(-0.0157777704227428,-0.0167349831860145,-0.00154410495685755));
#9589=CARTESIAN_POINT('',(-0.0156342336404768,-0.0168703099068508,-0.00159898852565286));
#9590=CARTESIAN_POINT('',(-0.0154862679045239,-0.0170063259621924,-0.0016282667730884));
#9591=CARTESIAN_POINT('',(-0.0153336705406991,-0.0171428191308138,-0.00163190009415061));
#9592=CARTESIAN_POINT('',(-0.015777908496489,-0.0167348529565969,-0.00154478716841456));
#9593=CARTESIAN_POINT('',(-0.0163543157862211,-0.0161720145673648,-0.00124558914250463));
#9594=CARTESIAN_POINT('',(-0.0161701833307396,-0.0163582226808249,-0.00136264067423766));
#9595=CARTESIAN_POINT('',(-0.01597990884666,-0.0165444035364841,-0.00147206732550795));
#9596=CARTESIAN_POINT('',(-0.015777908496489,-0.0167348529565969,-0.00154478716841456));
#9597=CARTESIAN_POINT('',(-0.0163543157862211,-0.0161720145673648,-0.00124558914250463));
#9598=CARTESIAN_POINT('',(-0.0163543157862211,-0.0161720145673648,0.005));
#9599=CARTESIAN_POINT('',(-0.0163543157862211,-0.0161720145673648,-0.00217094386181369));
#9600=CARTESIAN_POINT('',(-0.0153910526097961,-0.0170913194214195,-0.00245471930906847));
#9601=CARTESIAN_POINT('',(-0.015732067097109,-0.016784229501354,-0.00245471930906847));
#9602=CARTESIAN_POINT('',(-0.0160642646865475,-0.016465335307242,-0.00237304356211519));
#9603=CARTESIAN_POINT('',(-0.0163543157862211,-0.0161720145673648,-0.00217094386181369));
#9604=CARTESIAN_POINT('',(-0.0153910526097961,-0.0170913194214195,-0.00245471930906847));
#9605=CARTESIAN_POINT('',(-0.0144214350883753,-0.0179170284923108,-0.00208817602303105));
#9606=CARTESIAN_POINT('',(-0.0146979615090431,-0.0176944520853138,-0.00237196116044004));
#9607=CARTESIAN_POINT('',(-0.0150552851784952,-0.0173936842694681,-0.00245471930906847));
#9608=CARTESIAN_POINT('',(-0.0153910526097961,-0.0170913194214195,-0.00245471930906847));
#9609=CARTESIAN_POINT('',(-0.0144214350883753,-0.0179170284923108,-0.00208817602303105));
#9610=CARTESIAN_POINT('',(-0.0140612423440136,-0.0182010758952711,-0.00108519432449105));
#9611=CARTESIAN_POINT('',(-0.0140612423440136,-0.0182010758952711,-0.00146930372172629));
#9612=CARTESIAN_POINT('',(-0.0141876390957563,-0.0181052111328042,-0.00184824297167618));
#9613=CARTESIAN_POINT('',(-0.0144214350883753,-0.0179170284923108,-0.00208817602303105));
#9614=CARTESIAN_POINT('',(-0.0140612423440136,-0.0182010758952711,-0.00108519432449105));
#9615=CARTESIAN_POINT('',(-0.0142540175786256,-0.0180505036736023,-0.000309438618136952));
#9616=CARTESIAN_POINT('',(-0.0141205044310243,-0.0181559355655484,-0.000529390000032196));
#9617=CARTESIAN_POINT('',(-0.0140612423440136,-0.0182010758952711,-0.000807764160748288));
#9618=CARTESIAN_POINT('',(-0.0140612423440136,-0.0182010758952711,-0.00108519432449105));
#9619=CARTESIAN_POINT('',(-0.0142540175786256,-0.0180505036736023,-0.000309438618136952));
#9620=CARTESIAN_POINT('',(-0.0149521526696648,-0.0174765794864308,0.000322373020769073));
#9621=CARTESIAN_POINT('',(-0.014697852005834,-0.0176941473664927,0.000162101663851012));
#9622=CARTESIAN_POINT('',(-0.0144331911898822,-0.0179090148902055,-1.42655651223208E-5));
#9623=CARTESIAN_POINT('',(-0.0142540175786256,-0.0180505036736023,-0.000309438618136952));
#9624=CARTESIAN_POINT('',(-0.0149521526696648,-0.0174765794864308,0.000322373020769073));
#9625=CARTESIAN_POINT('',(-0.0154257871259875,-0.0170599763055585,0.000651388032078964));
#9626=CARTESIAN_POINT('',(-0.0152805052911836,-0.0171913414737637,0.000516789382285376));
#9627=CARTESIAN_POINT('',(-0.0151148901415807,-0.0173373488362312,0.00042458040116233));
#9628=CARTESIAN_POINT('',(-0.0149521526696648,-0.0174765794864308,0.000322373020769073));
#9629=CARTESIAN_POINT('',(-0.0154236883902123,-0.0170575914979192,0.000651388032078964));
#9630=CARTESIAN_POINT('',(-0.0157596064845187,-0.0174392974977714,0.000651388032078964));
#9631=CARTESIAN_POINT('',(-0.0153570523791182,-0.0171162341230484,0.000590383165398589));
#9632=CARTESIAN_POINT('',(-0.0156929704734246,-0.0174979401229006,0.000590383165398589));
#9633=CARTESIAN_POINT('',(-0.0151992099358507,-0.0172551424262022,0.000480711494961958));
#9634=CARTESIAN_POINT('',(-0.0155351280301571,-0.0176368484260543,0.000480711494961958));
#9635=CARTESIAN_POINT('',(-0.01495016106041,-0.0174743164073803,0.000322373020769073));
#9636=CARTESIAN_POINT('',(-0.0152860791547164,-0.0178560224072325,0.000322373020769073));
#9637=CARTESIAN_POINT('',(-0.0159226806701561,-0.0176245997965574,0.000651388032078964));
#9638=CARTESIAN_POINT('',(-0.0154491533403538,-0.0180413247060186,0.000322373020769073));
#9639=CARTESIAN_POINT('',(-0.0156485198231238,-0.0178658734189373,0.00122558746494888));
#9640=CARTESIAN_POINT('',(-0.0160685595052541,-0.0174962199955987,0.000841085749537323));
#9641=CARTESIAN_POINT('',(-0.015794591348069,-0.0177373240424248,0.00105983128998768));
#9642=CARTESIAN_POINT('',(-0.0161144843237109,-0.0174558041323339,0.00107088217149908));
#9643=CARTESIAN_POINT('',(-0.0157894606236571,-0.0177418393059198,0.00108645229165525));
#9644=CARTESIAN_POINT('',(-0.0160010230075236,-0.0175556550886352,0.00141429158955377));
#9645=CARTESIAN_POINT('',(-0.0151753293119225,-0.0172741772916284,0.00154589759407773));
#9646=CARTESIAN_POINT('',(-0.0155121604860914,-0.0176569208302967,0.00154589759407773));
#9647=CARTESIAN_POINT('',(-0.0153168343547865,-0.0171496466205045,0.00154589759407773));
#9648=CARTESIAN_POINT('',(-0.0156536655289554,-0.0175323901591727,0.00154589759407773));
#9649=CARTESIAN_POINT('',(-0.0154254073149477,-0.0170540976328421,0.00150202892590308));
#9650=CARTESIAN_POINT('',(-0.0157622384891165,-0.0174368411715104,0.00150202892590308));
#9651=CARTESIAN_POINT('',(-0.0155010481924059,-0.0169875303286413,0.00141429158955377));
#9652=CARTESIAN_POINT('',(-0.0158378793665748,-0.0173702738673096,0.00141429158955377));
#9653=CARTESIAN_POINT('',(-0.0156753041270402,-0.0178423020516223,0.00154589759407773));
#9654=CARTESIAN_POINT('',(-0.0156816929558276,-0.0178366796008554,-0.000449820219516169));
#9655=CARTESIAN_POINT('',(-0.0153125366535159,-0.0181615534085036,0.0014847213654123));
#9656=CARTESIAN_POINT('',(-0.0143297836249741,-0.0179864130671712,0.00126931935019535));
#9657=CARTESIAN_POINT('',(-0.0146789174574904,-0.0183831361996301,0.00126931935019535));
#9658=CARTESIAN_POINT('',(-0.0145181139729313,-0.0178206740648753,0.00137213654122969));
#9659=CARTESIAN_POINT('',(-0.0148672478054476,-0.0182173971973342,0.00137213654122969));
#9660=CARTESIAN_POINT('',(-0.0146737695200818,-0.017683690326639,0.00144393721296867));
#9661=CARTESIAN_POINT('',(-0.0150229033525981,-0.0180804134590979,0.00144393721296867));
#9662=CARTESIAN_POINT('',(-0.0147967502664254,-0.0175754618524621,0.0014847213654123));
#9663=CARTESIAN_POINT('',(-0.0151458840989417,-0.0179721849849211,0.0014847213654123));
#9664=CARTESIAN_POINT('',(-0.0148455700120646,-0.0185725046232127,0.00126931935019535));
#9665=CARTESIAN_POINT('',(-0.0147251620846821,-0.0186784689033691,0.00165694016039482));
#9666=CARTESIAN_POINT('',(-0.0140792677678291,-0.0181871259235985,0.00204425199480397));
#9667=CARTESIAN_POINT('',(-0.0160523317450095,-0.0175105011394594,-0.00233175885999847));
#9668=CARTESIAN_POINT('',(-0.015126907765468,-0.0183249150070781,0.00228823771334567));
#9669=CARTESIAN_POINT('',(-0.0156407570229977,-0.0178727050250054,-0.000395496762240734));
#9670=CARTESIAN_POINT('',(-0.0156513769107013,-0.0178633590560123,0.00237460415381452));
#9671=CARTESIAN_POINT('',(-0.0160126852468616,-0.0165059460952719,0.00201834258688052));
#9672=CARTESIAN_POINT('',(-0.016365228496561,-0.0169065433715083,0.00201834258688052));
#9673=CARTESIAN_POINT('',(-0.0158011995282539,-0.0166920628437517,0.00225585029816985));
#9674=CARTESIAN_POINT('',(-0.0161537427779533,-0.0170926601199881,0.00225585029816985));
#9675=CARTESIAN_POINT('',(-0.0155089272942657,-0.0169492752844732,0.00237460415381452));
#9676=CARTESIAN_POINT('',(-0.0158614705439651,-0.0173498725607095,0.00237460415381452));
#9677=CARTESIAN_POINT('',(-0.0151358685448968,-0.0172775834174363,0.00237460415381452));
#9678=CARTESIAN_POINT('',(-0.0154884117945962,-0.0176781806936727,0.00237460415381452));
#9679=CARTESIAN_POINT('',(-0.0165281936126661,-0.0170917217338479,0.00201834258688052));
#9680=CARTESIAN_POINT('',(-0.0163137834403552,-0.0162084419077694,0.00103798067036809));
#9681=CARTESIAN_POINT('',(-0.0166648228912918,-0.0166073304073127,0.00103798067036809));
#9682=CARTESIAN_POINT('',(-0.0163137834403552,-0.0162084419077694,0.00145404757008705));
#9683=CARTESIAN_POINT('',(-0.0166648228912918,-0.0166073304073127,0.00145404757008705));
#9684=CARTESIAN_POINT('',(-0.0162080405810514,-0.0163015002820093,0.0017808348755912));
#9685=CARTESIAN_POINT('',(-0.016559080031988,-0.0167003887815526,0.0017808348755912));
#9686=CARTESIAN_POINT('',(-0.0159965548624436,-0.0164876170304891,0.00201834258688052));
#9687=CARTESIAN_POINT('',(-0.0163475943133802,-0.0168865055300324,0.00201834258688052));
#9688=CARTESIAN_POINT('',(-0.0168454221905777,-0.0168125466111282,0.00103798067036809));
#9689=CARTESIAN_POINT('',(-0.0162173654718383,-0.0162934204782927,0.00046014805675509));
#9690=CARTESIAN_POINT('',(-0.0165578223499321,-0.0166802839288242,0.00046014805675509));
#9691=CARTESIAN_POINT('',(-0.0162816859458677,-0.0162368156277815,0.000625341010351063));
#9692=CARTESIAN_POINT('',(-0.0166221428239615,-0.0166236790783131,0.000625341010351063));
#9693=CARTESIAN_POINT('',(-0.016313846182882,-0.0162085132025264,0.000817951881554597));
#9694=CARTESIAN_POINT('',(-0.0166543030609758,-0.0165953766530579,0.000817951881554597));
#9695=CARTESIAN_POINT('',(-0.016313846182882,-0.0162085132025264,0.00103798067036809));
#9696=CARTESIAN_POINT('',(-0.0166543030609758,-0.0165953766530579,0.00103798067036809));
#9697=CARTESIAN_POINT('',(-0.016748941479534,-0.0168974538868946,0.00046014805675509));
#9698=CARTESIAN_POINT('',(-0.0157809451135902,-0.0177493333298922,0.00112960416053415));
#9699=CARTESIAN_POINT('',(-0.0164907590967811,-0.0171246657568453,2.62595105901712E-5));
#9700=CARTESIAN_POINT('',(-0.0154925072093525,-0.0169669309701673,-0.000362389471519638));
#9701=CARTESIAN_POINT('',(-0.015840837508838,-0.017362741042615,-0.000362389471519638));
#9702=CARTESIAN_POINT('',(-0.0157075948745059,-0.0167776443500588,-0.000227356227294537));
#9703=CARTESIAN_POINT('',(-0.0160559251739914,-0.0171734544225066,-0.000227356227294537));
#9704=CARTESIAN_POINT('',(-0.0158690392643189,-0.0166355661752765,-9.78065665912669E-5));
#9705=CARTESIAN_POINT('',(-0.0162173695638044,-0.0170313762477243,-9.78065665912669E-5));
#9706=CARTESIAN_POINT('',(-0.0159768403787917,-0.0165406964458202,2.62595105901712E-5));
#9707=CARTESIAN_POINT('',(-0.0163251706782772,-0.016936506518268,2.62595105901712E-5));
#9708=CARTESIAN_POINT('',(-0.016006425927342,-0.0175509002811923,-0.000362389471519638));
#9709=CARTESIAN_POINT('',(-0.0150490455070136,-0.0173851371100271,-0.000680608677770923));
#9710=CARTESIAN_POINT('',(-0.0153859986653245,-0.0177680192601001,-0.000680608677770923));
#9711=CARTESIAN_POINT('',(-0.0151239145387835,-0.0173192490640325,-0.00061446295153883));
#9712=CARTESIAN_POINT('',(-0.0154608676970944,-0.0177021312141054,-0.00061446295153883));
#9713=CARTESIAN_POINT('',(-0.0152763540622325,-0.0171850955683217,-0.000508389882788402));
#9714=CARTESIAN_POINT('',(-0.0156133072205434,-0.0175679777183946,-0.000508389882788402));
#9715=CARTESIAN_POINT('',(-0.0155063640773606,-0.0169826766228947,-0.000362389471519638));
#9716=CARTESIAN_POINT('',(-0.0158433172356715,-0.0173655587729677,-0.000362389471519638));
#9717=CARTESIAN_POINT('',(-0.015549107356995,-0.0179533607683246,-0.000680608677770923));
#9718=CARTESIAN_POINT('',(-0.015891399413172,-0.0176521286806662,-0.00141320113191512));
#9719=CARTESIAN_POINT('',(-0.015378915382714,-0.0181031372027765,-0.00088778531770512));
#9720=CARTESIAN_POINT('',(-0.015630204944237,-0.017881991319142,-0.0011273192160832));
#9721=CARTESIAN_POINT('',(-0.0153210269560878,-0.0181540815682362,-0.00113351840427719));
#9722=CARTESIAN_POINT('',(-0.0149516375550939,-0.017468990755722,-0.00150623072177668));
#9723=CARTESIAN_POINT('',(-0.015288049861516,-0.01785125833214,-0.00150623072177668));
#9724=CARTESIAN_POINT('',(-0.0148639044285182,-0.0175461997718189,-0.00142294879703886));
#9725=CARTESIAN_POINT('',(-0.0152003167349403,-0.0179284673482369,-0.00142294879703886));
#9726=CARTESIAN_POINT('',(-0.0148200378652303,-0.0175848042798673,-0.00129871135787237));
#9727=CARTESIAN_POINT('',(-0.0151564501716525,-0.0179670718562853,-0.00129871135787237));
#9728=CARTESIAN_POINT('',(-0.0148200378652303,-0.0175848042798673,-0.00113351840427719));
#9729=CARTESIAN_POINT('',(-0.0151564501716525,-0.0179670718562853,-0.00113351840427719));
#9730=CARTESIAN_POINT('',(-0.0154526266459514,-0.0180382680440909,-0.00150623072177668));
#9731=CARTESIAN_POINT('',(-0.0153307240587808,-0.0171394910570516,-0.0016311536088834));
#9732=CARTESIAN_POINT('',(-0.0156665280405116,-0.0175210673900133,-0.0016311536088834));
#9733=CARTESIAN_POINT('',(-0.0151670927728507,-0.0172834937967513,-0.0016311536088834));
#9734=CARTESIAN_POINT('',(-0.0155028967545815,-0.017665070129713,-0.0016311536088834));
#9735=CARTESIAN_POINT('',(-0.0150414105665978,-0.0173940996746496,-0.0015895126465145));
#9736=CARTESIAN_POINT('',(-0.0153772145483286,-0.0177756760076113,-0.0015895126465145));
#9737=CARTESIAN_POINT('',(-0.0149536774400221,-0.0174713086907464,-0.00150623072177668));
#9738=CARTESIAN_POINT('',(-0.0152894814217529,-0.0178528850237081,-0.00150623072177668));
#9739=CARTESIAN_POINT('',(-0.01582967326471,-0.0177064504103961,-0.0016311536088834));
#9740=CARTESIAN_POINT('',(-0.0157976194124253,-0.0177346592124039,0.000774810343595494));
#9741=CARTESIAN_POINT('',(-0.0162823607609268,-0.0173080654725006,-0.00154478716841456));
#9742=CARTESIAN_POINT('',(-0.0163521671353478,-0.0161695730408622,-0.00124558914250463));
#9743=CARTESIAN_POINT('',(-0.0167145729159791,-0.0165813771776227,-0.00124558914250463));
#9744=CARTESIAN_POINT('',(-0.0161144386633362,-0.0163787845683505,-0.00138747686613202));
#9745=CARTESIAN_POINT('',(-0.0164768444439675,-0.0167905887051109,-0.00138747686613202));
#9746=CARTESIAN_POINT('',(-0.0159131155796251,-0.0165559577504495,-0.00148720954143533));
#9747=CARTESIAN_POINT('',(-0.0162755213602563,-0.01696776188721,-0.00148720954143533));
#9748=CARTESIAN_POINT('',(-0.0157481978842145,-0.0167010925871595,-0.00154478716841456));
#9749=CARTESIAN_POINT('',(-0.0161106036648457,-0.0171128967239199,-0.00154478716841456));
#9750=CARTESIAN_POINT('',(-0.0168863300120602,-0.0167765459262033,-0.00124558914250463));
#9751=CARTESIAN_POINT('',(-0.0168863300120602,-0.0167765459262033,-0.00170826650215916));
#9752=CARTESIAN_POINT('',(-0.0168863300120602,-0.0167765459262033,-0.00217094386181369));
#9753=CARTESIAN_POINT('',(-0.015353352170293,-0.0170484801573271,-0.00245471930906847));
#9754=CARTESIAN_POINT('',(-0.015723625294723,-0.0174692240099938,-0.00245471930906847));
#9755=CARTESIAN_POINT('',(-0.0157300128662075,-0.0167170021527353,-0.00245471930906847));
#9756=CARTESIAN_POINT('',(-0.0161002859906375,-0.0171377460054021,-0.00245471930906847));
#9757=CARTESIAN_POINT('',(-0.0160629356397821,-0.016424015446491,-0.00236012749331688));
#9758=CARTESIAN_POINT('',(-0.0164332087642121,-0.0168447592991578,-0.00236012749331688));
#9759=CARTESIAN_POINT('',(-0.016352120491017,-0.016169520038594,-0.00217094386181369));
#9760=CARTESIAN_POINT('',(-0.016722393615447,-0.0165902638912608,-0.00217094386181369));
#9761=CARTESIAN_POINT('',(-0.0158875616913362,-0.0176555060449364,-0.00245471930906847));
#9762=CARTESIAN_POINT('',(-0.0144193645889348,-0.0179146757698093,-0.00208817602303105));
#9763=CARTESIAN_POINT('',(-0.0147685888279084,-0.0183115016317364,-0.00208817602303105));
#9764=CARTESIAN_POINT('',(-0.0146486027583745,-0.0177129360825885,-0.00233253821372267));
#9765=CARTESIAN_POINT('',(-0.0149978269973481,-0.0181097619445156,-0.00233253821372267));
#9766=CARTESIAN_POINT('',(-0.0149672463867147,-0.0174325156531575,-0.00245471930906847));
#9767=CARTESIAN_POINT('',(-0.0153164706256884,-0.0178293415150846,-0.00245471930906847));
#9768=CARTESIAN_POINT('',(-0.0153752954739554,-0.0170734144815165,-0.00245471930906847));
#9769=CARTESIAN_POINT('',(-0.015724519712929,-0.0174702403434436,-0.00245471930906847));
#9770=CARTESIAN_POINT('',(-0.0149316308063156,-0.0184967673332291,-0.00208817602303105));
#9771=CARTESIAN_POINT('',(-0.0140591603175827,-0.0181987100745726,-0.00108519432449105));
#9772=CARTESIAN_POINT('',(-0.0144103287755935,-0.0185977451657258,-0.00108519432449105));
#9773=CARTESIAN_POINT('',(-0.0140591603175827,-0.0181987100745726,-0.00150948659949277));
#9774=CARTESIAN_POINT('',(-0.0144103287755935,-0.0185977451657258,-0.00150948659949277));
#9775=CARTESIAN_POINT('',(-0.0141737794023026,-0.0180978402309622,-0.00184381383233943));
#9776=CARTESIAN_POINT('',(-0.0145249478603134,-0.0184968753221154,-0.00184381383233943));
#9777=CARTESIAN_POINT('',(-0.0144030175717423,-0.0178961005437414,-0.00208817602303105));
#9778=CARTESIAN_POINT('',(-0.0147541860297532,-0.0182951356348946,-0.00208817602303105));
#9779=CARTESIAN_POINT('',(-0.0145877735521559,-0.0187993768640604,-0.00108519432449105));
#9780=CARTESIAN_POINT('',(-0.0142425140306061,-0.0180374321142757,-0.000309438618136952));
#9781=CARTESIAN_POINT('',(-0.0145868747578032,-0.0184287315349157,-0.000309438618136952));
#9782=CARTESIAN_POINT('',(-0.0141203051299507,-0.0181449813302464,-0.000520213859757473));
#9783=CARTESIAN_POINT('',(-0.0144646658571478,-0.0185362807508865,-0.000520213859757473));
#9784=CARTESIAN_POINT('',(-0.0140592006796231,-0.0181987559382317,-0.000778799095208718));
#9785=CARTESIAN_POINT('',(-0.0144035614068202,-0.0185900553588718,-0.000778799095208718));
#9786=CARTESIAN_POINT('',(-0.0140592006796231,-0.0181987559382317,-0.00108519432449105));
#9787=CARTESIAN_POINT('',(-0.0144035614068202,-0.0185900553588718,-0.00108519432449105));
#9788=CARTESIAN_POINT('',(-0.0147710869031389,-0.0186380530401043,-0.000309438618136952));
#9789=CARTESIAN_POINT('',(-0.014929981276807,-0.0174513859829478,0.000322373020769073));
#9790=CARTESIAN_POINT('',(-0.01528464326046,-0.0178543907908887,0.000322373020769073));
#9791=CARTESIAN_POINT('',(-0.0146001458859857,-0.0177416556563676,0.000111940503118789));
#9792=CARTESIAN_POINT('',(-0.0149548078696387,-0.0181446604643085,0.000111940503118789));
#9793=CARTESIAN_POINT('',(-0.0143741237402474,-0.0179405651010629,-9.86633765165529E-5));
#9794=CARTESIAN_POINT('',(-0.0147287857239004,-0.0183435699090038,-9.86633765165529E-5));
#9795=CARTESIAN_POINT('',(-0.0142519148395921,-0.0180481143170335,-0.000309438618136952));
#9796=CARTESIAN_POINT('',(-0.0146065768232451,-0.0184511191249745,-0.000309438618136952));
#9797=CARTESIAN_POINT('',(0.,1.1327982892113E-18,0.005));
#9798=CARTESIAN_POINT('',(0.,1.1327982892113E-18,0.00046631708821715));
#9799=CARTESIAN_POINT('',(-0.0116103279362633,-0.0198544197904377,0.000466317088217149));
#9800=CARTESIAN_POINT('',(-0.0124673118577089,-0.0193277995396561,0.00046631708821715));
#9801=CARTESIAN_POINT('',(-0.0116103279362633,-0.0198544197904377,0.005));
#9802=CARTESIAN_POINT('',(-0.0116103279362633,-0.0198544197904377,0.00120248817602303));
#9803=CARTESIAN_POINT('',(0.,1.1327982892113E-18,0.00120248817602303));
#9804=CARTESIAN_POINT('',(-0.012467311857709,-0.0193277995396561,0.00120248817602303));
#9805=CARTESIAN_POINT('',(-0.012467311857709,-0.0193277995396561,0.005));
#9806=CARTESIAN_POINT('',(-0.0124673118577089,-0.0193277995396561,0.00196744807731852));
#9807=CARTESIAN_POINT('',(0.,1.1327982892113E-18,0.00196744807731852));
#9808=CARTESIAN_POINT('',(-0.0129888583194844,-0.0189812344055612,0.00196744807731852));
#9809=CARTESIAN_POINT('',(0.,1.1327982892113E-18,0.00347537247864206));
#9810=CARTESIAN_POINT('',(-0.0132213243153582,-0.018820050035816,0.00120865720748509));
#9811=CARTESIAN_POINT('',(0.,1.1327982892113E-18,0.00172187851904076));
#9812=CARTESIAN_POINT('',(-0.0136598550066278,-0.0185042173895684,0.000880670368085544));
#9813=CARTESIAN_POINT('',(-0.0136598550066278,-0.0185042173895684,0.005));
#9814=CARTESIAN_POINT('',(-0.0136598550066278,-0.0185042173895684,0.00046631708821715));
#9815=CARTESIAN_POINT('',(0.,1.1327982892113E-18,0.00046631708821715));
#9816=CARTESIAN_POINT('',(-0.0132793546731464,-0.0187791490613202,0.000466317088217149));
#9817=CARTESIAN_POINT('',(-0.0132793546731464,-0.0187791490613202,0.005));
#9818=CARTESIAN_POINT('',(-0.0132793546731464,-0.0187791490613202,-0.00126512440880115));
#9819=CARTESIAN_POINT('',(-0.0130592204279997,-0.0189328936461233,-0.00215706354102406));
#9820=CARTESIAN_POINT('',(-0.013236293281928,-0.0188107552411607,-0.001918558305002));
#9821=CARTESIAN_POINT('',(-0.0132793546731464,-0.0187791490613202,-0.00158379812905227));
#9822=CARTESIAN_POINT('',(-0.0132793546731464,-0.0187791490613202,-0.00126512440880115));
#9823=CARTESIAN_POINT('',(-0.0130592204279997,-0.0189328936461233,-0.00215706354102406));
#9824=CARTESIAN_POINT('',(-0.0123452365315557,-0.0194059999737824,-0.00245471930906847));
#9825=CARTESIAN_POINT('',(-0.0126089994096919,-0.0192382057285369,-0.00245471930906847));
#9826=CARTESIAN_POINT('',(-0.0128852220474472,-0.0190529113913355,-0.00239142766799501));
#9827=CARTESIAN_POINT('',(-0.0130592204279997,-0.0189328936461233,-0.00215706354102406));
#9828=CARTESIAN_POINT('',(-0.0123452365315557,-0.0194059999737824,-0.00245471930906847));
#9829=CARTESIAN_POINT('',(-0.0115765461162657,-0.0198741359565761,-0.00229021180341353));
#9830=CARTESIAN_POINT('',(-0.0118193360857959,-0.0197327124861433,-0.00241634634346425));
#9831=CARTESIAN_POINT('',(-0.0120857356018816,-0.0195710829564328,-0.00245471930906847));
#9832=CARTESIAN_POINT('',(-0.0123452365315557,-0.0194059999737824,-0.00245471930906847));
#9833=CARTESIAN_POINT('',(-0.0115765461162657,-0.0198741359565761,-0.00229021180341353));
#9834=CARTESIAN_POINT('',(-0.0115765461162657,-0.0198741359565761,0.005));
#9835=CARTESIAN_POINT('',(-0.0115765461162657,-0.0198741359565761,-0.00156123791898006));
#9836=CARTESIAN_POINT('',(-0.0121057147890623,-0.0195563127774225,-0.00167330865720749));
#9837=CARTESIAN_POINT('',(-0.0119269762589446,-0.0196669551920764,-0.00167330865720749));
#9838=CARTESIAN_POINT('',(-0.0117498119492554,-0.0197732098126491,-0.00162361207568072));
#9839=CARTESIAN_POINT('',(-0.0115765461162657,-0.0198741359565761,-0.00156123791898006));
#9840=CARTESIAN_POINT('',(-0.0121057147890623,-0.0195563127774225,-0.00167330865720749));
#9841=CARTESIAN_POINT('',(-0.0123686511696584,-0.0193910847619675,-0.00157357598190417));
#9842=CARTESIAN_POINT('',(-0.0122967848245366,-0.019436924887188,-0.00164610364929482));
#9843=CARTESIAN_POINT('',(-0.012200519671643,-0.0194976268235725,-0.00167330865720749));
#9844=CARTESIAN_POINT('',(-0.0121057147890623,-0.0195563127774225,-0.00167330865720749));
#9845=CARTESIAN_POINT('',(-0.0123686511696584,-0.0193910847619675,-0.00157357598190417));
#9846=CARTESIAN_POINT('',(-0.0124673118577089,-0.0193277995396561,-0.00126512440880115));
#9847=CARTESIAN_POINT('',(-0.0124673118577089,-0.0193277995396561,-0.00137932528881951));
#9848=CARTESIAN_POINT('',(-0.0124425063647029,-0.0193439760439259,-0.00149904116296815));
#9849=CARTESIAN_POINT('',(-0.0123686511696584,-0.0193910847619675,-0.00157357598190417));
#9850=CARTESIAN_POINT('',(-0.0124673118577089,-0.0193277995396561,-0.00126512440880115));
#9851=CARTESIAN_POINT('',(-0.012467311857709,-0.0193277995396561,0.005));
#9852=CARTESIAN_POINT('',(-0.0128756909283674,-0.0199570341624308,-0.000399403660292002));
#9853=CARTESIAN_POINT('',(-0.0128756909283674,-0.0199570341624308,0.000466317088217149));
#9854=CARTESIAN_POINT('',(-0.0128756909283674,-0.0199570341624308,-0.00126512440880115));
#9855=CARTESIAN_POINT('',(-0.0124539507149389,-0.0202307474486764,0.000466317088217149));
#9856=CARTESIAN_POINT('',(-0.0120322105015104,-0.0205044607349221,0.000466317088217149));
#9857=CARTESIAN_POINT('',(-0.0120322105015104,-0.0205044607349221,0.000834402632120091));
#9858=CARTESIAN_POINT('',(-0.0120322105015104,-0.0205044607349221,0.00120248817602303));
#9859=CARTESIAN_POINT('',(-0.0124539507149389,-0.0202307474486764,0.00120248817602303));
#9860=CARTESIAN_POINT('',(-0.0128756909283674,-0.0199570341624308,0.00120248817602303));
#9861=CARTESIAN_POINT('',(-0.0128756909283674,-0.0199570341624308,0.00158496812667078));
#9862=CARTESIAN_POINT('',(-0.0128756909283674,-0.0199570341624308,0.00196744807731852));
#9863=CARTESIAN_POINT('',(-0.013138308300533,-0.0197865930670078,0.00196744807731852));
#9864=CARTESIAN_POINT('',(-0.0134009256726986,-0.0196161519715849,0.00196744807731852));
#9865=CARTESIAN_POINT('',(-0.0135195131560246,-0.0195391876017305,0.00158805264240181));
#9866=CARTESIAN_POINT('',(-0.0136381006393506,-0.0194622232318761,0.00120865720748509));
#9867=CARTESIAN_POINT('',(-0.0138644949257003,-0.0193152912530633,0.00104466378778532));
#9868=CARTESIAN_POINT('',(-0.0140908892120499,-0.0191683592742504,0.000880670368085544));
#9869=CARTESIAN_POINT('',(-0.0140908892120499,-0.0191683592742504,0.000673493728151347));
#9870=CARTESIAN_POINT('',(-0.0140908892120499,-0.0191683592742504,0.000466317088217149));
#9871=CARTESIAN_POINT('',(-0.0138942496033348,-0.0192959801929907,0.000466317088217149));
#9872=CARTESIAN_POINT('',(-0.0136976099946197,-0.0194236011117311,0.000466317088217149));
#9873=CARTESIAN_POINT('',(-0.0136976099946197,-0.0194236011117311,-0.000399403660292002));
#9874=CARTESIAN_POINT('',(-0.0136976099946197,-0.0194236011117311,-0.00126512440880115));
#9875=CARTESIAN_POINT('',(-0.0130525902616994,-0.0189226778184997,-0.00215706354102406));
#9876=CARTESIAN_POINT('',(-0.0133332189974461,-0.0193550734268069,-0.00215706354102406));
#9877=CARTESIAN_POINT('',(-0.0132026573315083,-0.0188252829068294,-0.00195862636232778));
#9878=CARTESIAN_POINT('',(-0.013483286067255,-0.0192576785151366,-0.00195862636232778));
#9879=CARTESIAN_POINT('',(-0.0132776908664127,-0.0187765854509943,-0.00166131331825348));
#9880=CARTESIAN_POINT('',(-0.0135583196021594,-0.0192089810593015,-0.00166131331825348));
#9881=CARTESIAN_POINT('',(-0.0132776908664127,-0.0187765854509943,-0.00126512440880115));
#9882=CARTESIAN_POINT('',(-0.0135583196021594,-0.0192089810593015,-0.00126512440880115));
#9883=CARTESIAN_POINT('',(-0.0134725093899063,-0.0195696934792364,-0.00215706354102406));
#9884=CARTESIAN_POINT('',(-0.0123391322935251,-0.0193965945017823,-0.00245471930906847));
#9885=CARTESIAN_POINT('',(-0.0126197260126215,-0.0198289361560788,-0.00245471930906847));
#9886=CARTESIAN_POINT('',(-0.0126680149139492,-0.0191831466493862,-0.00245471930906847));
#9887=CARTESIAN_POINT('',(-0.0129486086330456,-0.0196154883036827,-0.00245471930906847));
#9888=CARTESIAN_POINT('',(-0.0129074897590657,-0.019027725267353,-0.00235550071972034));
#9889=CARTESIAN_POINT('',(-0.0131880834781621,-0.0194600669216495,-0.00235550071972034));
#9890=CARTESIAN_POINT('',(-0.0130575568288746,-0.0189303303556828,-0.00215706354102406));
#9891=CARTESIAN_POINT('',(-0.013338150547971,-0.0193626720099793,-0.00215706354102406));
#9892=CARTESIAN_POINT('',(-0.0127540848545567,-0.0200359576253359,-0.00245471930906847));
#9893=CARTESIAN_POINT('',(-0.0115748284181117,-0.019871489309802,-0.00229021180341353));
#9894=CARTESIAN_POINT('',(-0.0118645468400933,-0.0203178903990462,-0.00229021180341353));
#9895=CARTESIAN_POINT('',(-0.0117795176014526,-0.0197386441429261,-0.00239988347385016));
#9896=CARTESIAN_POINT('',(-0.0120692360234342,-0.0201850452321703,-0.00239988347385016));
#9897=CARTESIAN_POINT('',(-0.0120310668085077,-0.0195753863886896,-0.00245471930906847));
#9898=CARTESIAN_POINT('',(-0.0123207852304894,-0.0200217874779338,-0.00245471930906847));
#9899=CARTESIAN_POINT('',(-0.0123294760392772,-0.0193817160470924,-0.00245471930906847));
#9900=CARTESIAN_POINT('',(-0.0126191944612588,-0.0198281171363366,-0.00245471930906847));
#9901=CARTESIAN_POINT('',(-0.0119994372333912,-0.0205257308880455,-0.00229021180341353));
#9902=CARTESIAN_POINT('',(-0.0119994372333912,-0.0205257308880455,-0.00192572486119679));
#9903=CARTESIAN_POINT('',(-0.0119994372333912,-0.0205257308880455,-0.00156123791898006));
#9904=CARTESIAN_POINT('',(-0.0120923148535834,-0.0195356660206417,-0.00167330865720749));
#9905=CARTESIAN_POINT('',(-0.0123797088872684,-0.0199784856687738,-0.00167330865720749));
#9906=CARTESIAN_POINT('',(-0.0119485724495519,-0.0196289561659197,-0.00167330865720749));
#9907=CARTESIAN_POINT('',(-0.0122359664832369,-0.0200717758140518,-0.00167330865720749));
#9908=CARTESIAN_POINT('',(-0.0117760815647141,-0.0197409043402533,-0.00163595174446501));
#9909=CARTESIAN_POINT('',(-0.0120634755983991,-0.0201837239883854,-0.00163595174446501));
#9910=CARTESIAN_POINT('',(-0.0115748421990699,-0.0198715105436426,-0.00156123791898006));
#9911=CARTESIAN_POINT('',(-0.0118622362327549,-0.0203143301917747,-0.00156123791898006));
#9912=CARTESIAN_POINT('',(-0.0125169098879047,-0.0201898863650447,-0.00167330865720749));
#9913=CARTESIAN_POINT('',(-0.0123645277493015,-0.0193847313539716,-0.00157357598190417));
#9914=CARTESIAN_POINT('',(-0.0126425369453607,-0.0198130907489038,-0.00157357598190417));
#9915=CARTESIAN_POINT('',(-0.0122989812130631,-0.0194272716602184,-0.00164006443210638));
#9916=CARTESIAN_POINT('',(-0.0125769904091223,-0.0198556310551506,-0.00164006443210638));
#9917=CARTESIAN_POINT('',(-0.012212160801028,-0.0194836189079663,-0.00167330865720749));
#9918=CARTESIAN_POINT('',(-0.0124901699970873,-0.0199119783028985,-0.00167330865720749));
#9919=CARTESIAN_POINT('',(-0.0121040665131963,-0.0195537730972154,-0.00167330865720749));
#9920=CARTESIAN_POINT('',(-0.0123820757092556,-0.0199821324921476,-0.00167330865720749));
#9921=CARTESIAN_POINT('',(-0.0127773711240098,-0.0200208446218009,-0.00157357598190417));
#9922=CARTESIAN_POINT('',(-0.0124653355472377,-0.0193247544203951,-0.00126512440880115));
#9923=CARTESIAN_POINT('',(-0.0127411775305077,-0.0197497745518343,-0.00126512440880115));
#9924=CARTESIAN_POINT('',(-0.0124653355472377,-0.0193247544203951,-0.00140427034066763));
#9925=CARTESIAN_POINT('',(-0.0127411775305077,-0.0197497745518343,-0.00140427034066763));
#9926=CARTESIAN_POINT('',(-0.0124325622791185,-0.0193460245735185,-0.00150708753170197));
#9927=CARTESIAN_POINT('',(-0.0127084042623885,-0.0197710447049577,-0.00150708753170197));
#9928=CARTESIAN_POINT('',(-0.0123670157428802,-0.0193885648797652,-0.00157357598190417));
#9929=CARTESIAN_POINT('',(-0.0126428577261501,-0.0198135850112045,-0.00157357598190417));
#9930=CARTESIAN_POINT('',(0.,1.1327982892113E-18,0.005));
#9931=CARTESIAN_POINT('',(0.,1.1327982892113E-18,-0.00238994447871684));
#9932=CARTESIAN_POINT('',(-0.0191806211111635,-0.0126925755381833,-0.00238994447871684));
#9933=CARTESIAN_POINT('',(-0.019703824737226,-0.0118641051380701,-0.00238994447871684));
#9934=CARTESIAN_POINT('',(-0.0191806211111635,-0.0126925755381833,0.005));
#9935=CARTESIAN_POINT('',(-0.0191806211111635,-0.0126925755381833,0.00261005552128316));
#9936=CARTESIAN_POINT('',(0.,1.1327982892113E-18,0.00261005552128316));
#9937=CARTESIAN_POINT('',(-0.019703824737226,-0.0118641051380701,0.00261005552128316));
#9938=CARTESIAN_POINT('',(-0.019703824737226,-0.0118641051380701,0.005));
#9939=CARTESIAN_POINT('',(-0.0203424223833247,-0.0122657029869905,0.000110055521283158));
#9940=CARTESIAN_POINT('',(-0.0203424223833247,-0.0122657029869905,-0.00238994447871684));
#9941=CARTESIAN_POINT('',(-0.0203424223833247,-0.0122657029869905,0.00261005552128316));
#9942=CARTESIAN_POINT('',(-0.0200816086922525,-0.0126804338169408,-0.00238994447871684));
#9943=CARTESIAN_POINT('',(-0.0198207950011803,-0.0130951646468911,-0.00238994447871684));
#9944=CARTESIAN_POINT('',(-0.0198207950011803,-0.0130951646468911,0.000110055521283158));
#9945=CARTESIAN_POINT('',(-0.0198207950011803,-0.0130951646468911,0.00261005552128316));
#9946=CARTESIAN_POINT('',(-0.0200816086922525,-0.0126804338169408,0.00261005552128316));
#9947=CARTESIAN_POINT('',(0.,1.1327982892113E-18,0.005));
#9948=CARTESIAN_POINT('',(-0.0177859177548137,-0.0145828265305977,0.00127651655356776));
#9949=CARTESIAN_POINT('',(-0.0175363432109956,-0.014887219667328,0.00127651655356776));
#9950=CARTESIAN_POINT('',(-0.0172683126418562,-0.0151953051420549,0.00121195562254519));
#9951=CARTESIAN_POINT('',(-0.0170624802728652,-0.0154230174395474,0.000961381863047501));
#9952=CARTESIAN_POINT('',(-0.0177859177548137,-0.0145828265305977,0.00127651655356776));
#9953=CARTESIAN_POINT('',(-0.0170624802728652,-0.0154230174395474,0.000961381863047501));
#9954=CARTESIAN_POINT('',(-0.0186256777737162,-0.0134937699503214,0.000951614229899239));
#9955=CARTESIAN_POINT('',(-0.0183776476120677,-0.0138361301569971,0.00117278463508197));
#9956=CARTESIAN_POINT('',(-0.0180882038921917,-0.0142141437950152,0.00127651655356776));
#9957=CARTESIAN_POINT('',(-0.0177859177548137,-0.0145828265305977,0.00127651655356776));
#9958=CARTESIAN_POINT('',(-0.0186256777737162,-0.0134937699503214,0.000951614229899239));
#9959=CARTESIAN_POINT('',(0.,1.1327982892113E-18,-0.00179259944707198));
#9960=CARTESIAN_POINT('',(-0.0184335675377712,-0.0137550459044282,0.000289471519638083));
#9961=CARTESIAN_POINT('',(-0.0178100136976558,-0.0145533883371472,0.000549599012954966));
#9962=CARTESIAN_POINT('',(-0.0180328633710471,-0.0142806713832894,0.000549599012954966));
#9963=CARTESIAN_POINT('',(-0.0182416397760678,-0.0140122543050628,0.000432782867902767));
#9964=CARTESIAN_POINT('',(-0.0184335675377712,-0.0137550459044283,0.000289471519638083));
#9965=CARTESIAN_POINT('',(-0.0178100136976558,-0.0145533883371472,0.000549599012954966));
#9966=CARTESIAN_POINT('',(-0.0174508302913835,-0.0149821968397105,3.63972856261499E-6));
#9967=CARTESIAN_POINT('',(-0.0174508302913835,-0.0149821968397105,0.000153409826262153));
#9968=CARTESIAN_POINT('',(-0.017503148234827,-0.0149223253748587,0.000478817521907643));
#9969=CARTESIAN_POINT('',(-0.0177148079743769,-0.0146698983344352,0.000549599012954966));
#9970=CARTESIAN_POINT('',(-0.0178100136976558,-0.0145533883371472,0.000549599012954966));
#9971=CARTESIAN_POINT('',(-0.0174508302913835,-0.0149821968397105,3.63972856261499E-6));
#9972=CARTESIAN_POINT('',(-0.0174508302913835,-0.0149821968397105,0.005));
#9973=CARTESIAN_POINT('',(-0.0174508302913835,-0.0149821968397105,-0.000153670573719926));
#9974=CARTESIAN_POINT('',(0.,1.1327982892113E-18,-0.000171001283605724));
#9975=CARTESIAN_POINT('',(-0.0178509298348731,-0.0145031722058637,-0.000173205840016451));
#9976=CARTESIAN_POINT('',(-0.0185869328628094,-0.0135470892355485,-0.000473432037836727));
#9977=CARTESIAN_POINT('',(-0.0183808038473861,-0.0138299032116089,-0.000236292222346264));
#9978=CARTESIAN_POINT('',(-0.018115846716961,-0.0141771047354442,-0.000188210061133875));
#9979=CARTESIAN_POINT('',(-0.0178509298348731,-0.0145031722058637,-0.000173205840016451));
#9980=CARTESIAN_POINT('',(-0.0185869328628094,-0.0135470892355485,-0.000473432037836727));
#9981=CARTESIAN_POINT('',(-0.0188201667331118,-0.0132211581996576,-0.00131653300431832));
#9982=CARTESIAN_POINT('',(-0.0188201667331118,-0.0132211581996576,-0.000990094142686397));
#9983=CARTESIAN_POINT('',(-0.0187472222027731,-0.0133271683987749,-0.000657835890084309));
#9984=CARTESIAN_POINT('',(-0.0185869328628094,-0.0135470892355485,-0.000473432037836727));
#9985=CARTESIAN_POINT('',(-0.0188201667331118,-0.0132211581996576,-0.00131653300431832));
#9986=CARTESIAN_POINT('',(-0.0186474074109076,-0.0134637252220226,-0.00215860579888957));
#9987=CARTESIAN_POINT('',(-0.018775446668895,-0.013286389442444,-0.00194102673393258));
#9988=CARTESIAN_POINT('',(-0.0188201667331118,-0.0132211581996576,-0.00162364652514739));
#9989=CARTESIAN_POINT('',(-0.0188201667331118,-0.0132211581996576,-0.00131653300431832));
#9990=CARTESIAN_POINT('',(-0.0186474074109076,-0.0134637252220226,-0.00215860579888957));
#9991=CARTESIAN_POINT('',(-0.018158664961443,-0.0141159692129362,-0.00245471930906847));
#9992=CARTESIAN_POINT('',(-0.0183417318330645,-0.0138804735174462,-0.00245471930906847));
#9993=CARTESIAN_POINT('',(-0.0185230993177788,-0.0136358932972634,-0.00236984443846561));
#9994=CARTESIAN_POINT('',(-0.0186474074109076,-0.0134637252220226,-0.00215860579888957));
#9995=CARTESIAN_POINT('',(-0.018158664961443,-0.0141159692129362,-0.00245471930906847));
#9996=CARTESIAN_POINT('',(-0.0177316874840658,-0.0146487186801414,-0.00233390910960313));
#9997=CARTESIAN_POINT('',(-0.0178668019640091,-0.0144851680116331,-0.00243166009501819));
#9998=CARTESIAN_POINT('',(-0.018015597376902,-0.0143000101594227,-0.00245471930906847));
#9999=CARTESIAN_POINT('',(-0.018158664961443,-0.0141159692129362,-0.00245471930906847));
#10000=CARTESIAN_POINT('',(-0.0177316874840658,-0.0146487186801414,-0.00233390910960313));
#10001=CARTESIAN_POINT('',(-0.0174031743053609,-0.0150375271936488,-0.00190156282130372));
#10002=CARTESIAN_POINT('',(-0.0174945645123746,-0.0149317598236563,-0.00207797162256199));
#10003=CARTESIAN_POINT('',(-0.0176011532384928,-0.0148067251583193,-0.00223947177660576));
#10004=CARTESIAN_POINT('',(-0.0177316874840658,-0.0146487186801414,-0.00233390910960313));
#10005=CARTESIAN_POINT('',(-0.0174031743053609,-0.0150375271936488,-0.00190156282130372));
#10006=CARTESIAN_POINT('',(0.,1.1327982892113E-18,-0.00190156282130372));
#10007=CARTESIAN_POINT('',(-0.0173863512825215,-0.0150569747653127,-0.00190156282130372));
#10008=CARTESIAN_POINT('',(0.,1.1327982892113E-18,-0.000226545731419264));
#10009=CARTESIAN_POINT('',(-0.017261168708454,-0.0152003208788758,-0.00238994447871684));
#10010=CARTESIAN_POINT('',(0.,1.1327982892113E-18,-0.00238994447871684));
#10011=CARTESIAN_POINT('',(-0.0168011011667334,-0.0157073454023171,-0.00238994447871684));
#10012=CARTESIAN_POINT('',(-0.0168011011667334,-0.0157073454023171,0.005));
#10013=CARTESIAN_POINT('',(-0.0168011011667334,-0.0157073454023171,3.63972856261499E-6));
#10014=CARTESIAN_POINT('',(-0.0170624802728652,-0.0154230174395474,0.000961381863047501));
#10015=CARTESIAN_POINT('',(-0.016875631477759,-0.0156297282140767,0.000733918100778855));
#10016=CARTESIAN_POINT('',(-0.0168011011667334,-0.0157073454023171,0.000361412909502879));
#10017=CARTESIAN_POINT('',(-0.0168011011667334,-0.0157073454023171,3.63972856261499E-6));
#10018=CARTESIAN_POINT('',(-0.0182234916522886,-0.0140321791608242,-0.00132270203578038));
#10019=CARTESIAN_POINT('',(-0.0182234916522886,-0.0140321791608242,-0.00144387550534801));
#10020=CARTESIAN_POINT('',(-0.0181704108513663,-0.0141018416935735,-0.00169990490783255));
#10021=CARTESIAN_POINT('',(-0.0180054791298804,-0.0143113603611897,-0.00173808348755912));
#10022=CARTESIAN_POINT('',(-0.0179297626828481,-0.0144055999576293,-0.00173808348755912));
#10023=CARTESIAN_POINT('',(-0.0182234916522886,-0.0140321791608242,-0.00132270203578038));
#10024=CARTESIAN_POINT('',(-0.0179297626828481,-0.0144055999576293,-0.00173808348755912));
#10025=CARTESIAN_POINT('',(-0.0180953649189119,-0.0141970232250959,-0.000892412091301666));
#10026=CARTESIAN_POINT('',(-0.0181812374762244,-0.0140875710366721,-0.000986623383372039));
#10027=CARTESIAN_POINT('',(-0.0182234916522886,-0.0140321791608242,-0.00115522758238645));
#10028=CARTESIAN_POINT('',(-0.0182234916522886,-0.0140321791608242,-0.00132270203578038));
#10029=CARTESIAN_POINT('',(-0.0180953649189119,-0.0141970232250959,-0.000892412091301666));
#10030=CARTESIAN_POINT('',(-0.0176956167164349,-0.0146922717449525,-0.000738700390705326));
#10031=CARTESIAN_POINT('',(-0.0178370223062924,-0.0145219604981204,-0.000745085670982891));
#10032=CARTESIAN_POINT('',(-0.0179814375924672,-0.0143422337043328,-0.000767421745580246));
#10033=CARTESIAN_POINT('',(-0.0180953649189119,-0.0141970232250959,-0.000892412091301666));
#10034=CARTESIAN_POINT('',(-0.0176956167164349,-0.0146922717449525,-0.000738700390705326));
#10035=CARTESIAN_POINT('',(0.,1.1327982892113E-18,-0.000744840165243109));
#10036=CARTESIAN_POINT('',(-0.0174508302913835,-0.0149821968397105,-0.000725334155870862));
#10037=CARTESIAN_POINT('',(-0.0174508302913835,-0.0149821968397105,0.005));
#10038=CARTESIAN_POINT('',(-0.0174508302913835,-0.0149821968397105,-0.00102144766604976));
#10039=CARTESIAN_POINT('',(-0.0175831131811209,-0.0148267269099553,-0.00154170265268353));
#10040=CARTESIAN_POINT('',(-0.0174934206444413,-0.0149330938804618,-0.00140783963936778));
#10041=CARTESIAN_POINT('',(-0.0174508302913835,-0.0149821968397105,-0.00121405568757729));
#10042=CARTESIAN_POINT('',(-0.0174508302913835,-0.0149821968397105,-0.00102144766604976));
#10043=CARTESIAN_POINT('',(-0.0175831131811209,-0.0148267269099553,-0.00154170265268353));
#10044=CARTESIAN_POINT('',(-0.0179297626828481,-0.0144055999576293,-0.00173808348755912));
#10045=CARTESIAN_POINT('',(-0.0178049995430481,-0.0145608849506015,-0.00173808348755912));
#10046=CARTESIAN_POINT('',(-0.0176759913688705,-0.0147165820548449,-0.00168032014019944));
#10047=CARTESIAN_POINT('',(-0.0175831131811209,-0.0148267269099553,-0.00154170265268353));
#10048=CARTESIAN_POINT('',(-0.0174210379574232,-0.0162141787610211,-0.00119315237507711));
#10049=CARTESIAN_POINT('',(-0.0174210379574232,-0.0162141787610211,3.63972856261499E-6));
#10050=CARTESIAN_POINT('',(-0.0174210379574232,-0.0162141787610211,-0.00238994447871684));
#10051=CARTESIAN_POINT('',(-0.0176374220102708,-0.0159495070834864,-0.00238994447871684));
#10052=CARTESIAN_POINT('',(-0.0178538060631184,-0.0156848354059516,-0.00238994447871684));
#10053=CARTESIAN_POINT('',(-0.0179140031304519,-0.015611204939269,-0.00214575365001028));
#10054=CARTESIAN_POINT('',(-0.0179742001977855,-0.0155375744725863,-0.00190156282130372));
#10055=CARTESIAN_POINT('',(-0.0179823349366143,-0.0155276244095211,-0.00190156282130372));
#10056=CARTESIAN_POINT('',(-0.0179904696754431,-0.015517674346456,-0.00190156282130372));
#10057=CARTESIAN_POINT('',(-0.017400813194674,-0.0150355968522371,-0.00190156282130372));
#10058=CARTESIAN_POINT('',(-0.0177990538638621,-0.0153611811036776,-0.00190156282130372));
#10059=CARTESIAN_POINT('',(-0.0175049378516833,-0.0149082360450023,-0.00210925354719309));
#10060=CARTESIAN_POINT('',(-0.0179031785208715,-0.0152338202964428,-0.00210925354719309));
#10061=CARTESIAN_POINT('',(-0.0176123164042242,-0.0147768952125414,-0.00225336897662623));
#10062=CARTESIAN_POINT('',(-0.0180105570734124,-0.0151024794639819,-0.00225336897662623));
#10063=CARTESIAN_POINT('',(-0.0177229488522967,-0.0146415743548545,-0.00233390910960313));
#10064=CARTESIAN_POINT('',(-0.0181211895214848,-0.0149671586062949,-0.00233390910960313));
#10065=CARTESIAN_POINT('',(-0.0183126053330658,-0.0151236518490733,-0.00233390910960313));
#10066=CARTESIAN_POINT('',(-0.0177241921373765,-0.0146425908106646,-0.00233390910960313));
#10067=CARTESIAN_POINT('',(-0.0181214860452716,-0.0149674010312471,-0.00233390910960313));
#10068=CARTESIAN_POINT('',(-0.0178348245854489,-0.0145072699529777,-0.00241444924258003));
#10069=CARTESIAN_POINT('',(-0.0182321184933441,-0.0148320801735601,-0.00241444924258003));
#10070=CARTESIAN_POINT('',(-0.0179788636943119,-0.0143310875029695,-0.00245471930906847));
#10071=CARTESIAN_POINT('',(-0.018376157602207,-0.014655897723552,-0.00245471930906847));
#10072=CARTESIAN_POINT('',(-0.0181563094639653,-0.0141140434606403,-0.00245471930906847));
#10073=CARTESIAN_POINT('',(-0.0185536033718605,-0.0144388536812227,-0.00245471930906847));
#10074=CARTESIAN_POINT('',(-0.0187447226596547,-0.0145951044990489,-0.00245471930906847));
#10075=CARTESIAN_POINT('',(-0.0181295068091179,-0.014092130775698,-0.00245471930906847));
#10076=CARTESIAN_POINT('',(-0.0185483988405517,-0.0144345986827723,-0.00245471930906847));
#10077=CARTESIAN_POINT('',(-0.0183477347361,-0.0138252037505351,-0.00245471930906847));
#10078=CARTESIAN_POINT('',(-0.0187666267675338,-0.0141676716576095,-0.00245471930906847));
#10079=CARTESIAN_POINT('',(-0.0185195404201654,-0.0136150584185977,-0.00235601480567551));
#10080=CARTESIAN_POINT('',(-0.0189384324515992,-0.0139575263256721,-0.00235601480567551));
#10081=CARTESIAN_POINT('',(-0.0186449238613142,-0.0134616947798858,-0.00215860579888957));
#10082=CARTESIAN_POINT('',(-0.019063815892748,-0.0138041626869602,-0.00215860579888957));
#10083=CARTESIAN_POINT('',(-0.019260139711851,-0.0139646685032368,-0.00215860579888957));
#10084=CARTESIAN_POINT('',(-0.018629672761823,-0.0134492261442198,-0.00215860579888957));
#10085=CARTESIAN_POINT('',(-0.0190376453085553,-0.0137827667554961,-0.00215860579888957));
#10086=CARTESIAN_POINT('',(-0.0187550562029722,-0.0132958625055074,-0.00196119679210295));
#10087=CARTESIAN_POINT('',(-0.0191630287497045,-0.0136294031167837,-0.00196119679210295));
#10088=CARTESIAN_POINT('',(-0.0188177479235462,-0.013219180686152,-0.00168050586057989));
#10089=CARTESIAN_POINT('',(-0.0192257204702784,-0.0135527212974283,-0.00168050586057989));
#10090=CARTESIAN_POINT('',(-0.0188177479235462,-0.013219180686152,-0.00131653300431832));
#10091=CARTESIAN_POINT('',(-0.0192257204702784,-0.0135527212974283,-0.00131653300431832));
#10092=CARTESIAN_POINT('',(-0.0194482148735742,-0.0137346230451689,-0.00131653300431832));
#10093=CARTESIAN_POINT('',(-0.018817720892999,-0.0132191585871522,-0.00131653300431832));
#10094=CARTESIAN_POINT('',(-0.0192302525920207,-0.0135564265630605,-0.00131653300431832));
#10095=CARTESIAN_POINT('',(-0.018817720892999,-0.0132191585871522,-0.000935423949551032));
#10096=CARTESIAN_POINT('',(-0.0192302525920207,-0.0135564265630605,-0.000935423949551032));
#10097=CARTESIAN_POINT('',(-0.0187333365355476,-0.0133223739080154,-0.000654390294057167));
#10098=CARTESIAN_POINT('',(-0.0191458682345693,-0.0136596418839237,-0.000654390294057167));
#10099=CARTESIAN_POINT('',(-0.018564567820645,-0.0135288045497418,-0.000473432037836727));
#10100=CARTESIAN_POINT('',(-0.0189770995196667,-0.01386607252565,-0.000473432037836727));
#10101=CARTESIAN_POINT('',(-0.0191950618012201,-0.0140442690077585,-0.000473432037836727));
#10102=CARTESIAN_POINT('',(-0.0185844458711889,-0.01354505597936,-0.000473432037836727));
#10103=CARTESIAN_POINT('',(-0.0190039184578637,-0.0138879985231508,-0.000473432037836727));
#10104=CARTESIAN_POINT('',(-0.0184156771562862,-0.0137514866210864,-0.000292473781616282));
#10105=CARTESIAN_POINT('',(-0.0188351497429611,-0.0140944291648772,-0.000292473781616282));
#10106=CARTESIAN_POINT('',(-0.0181612225257196,-0.0140627245937664,-0.000192398382342861));
#10107=CARTESIAN_POINT('',(-0.0185806951123945,-0.0144056671375572,-0.000192398382342861));
#10108=CARTESIAN_POINT('',(-0.017821081979489,-0.0144787698974,-0.000173205840016451));
#10109=CARTESIAN_POINT('',(-0.0182405545661639,-0.0148217124411908,-0.000173205840016451));
#10110=CARTESIAN_POINT('',(-0.0184316979095203,-0.0149779829257985,-0.000173205840016451));
#10111=CARTESIAN_POINT('',(-0.0182341864507557,-0.015219570457022,-0.000163438206868189));
#10112=CARTESIAN_POINT('',(-0.0180366749919911,-0.0154611579882455,-0.000153670573719926));
#10113=CARTESIAN_POINT('',(-0.0180366749919911,-0.0154611579882455,-7.50154225786556E-5));
#10114=CARTESIAN_POINT('',(-0.0180366749919911,-0.0154611579882455,3.63972856261499E-6));
#10115=CARTESIAN_POINT('',(-0.0174484764529963,-0.0149802724438148,3.63972856261499E-6));
#10116=CARTESIAN_POINT('',(-0.0178454905276313,-0.0153048538848939,3.63972856261499E-6));
#10117=CARTESIAN_POINT('',(-0.0174484764529963,-0.0149802724438148,0.000367612584824182));
#10118=CARTESIAN_POINT('',(-0.0178454905276313,-0.0153048538848939,0.000367612584824182));
#10119=CARTESIAN_POINT('',(-0.0175664843976069,-0.0148359301956154,0.000549599012954966));
#10120=CARTESIAN_POINT('',(-0.017963498472242,-0.0151605116366944,0.000549599012954966));
#10121=CARTESIAN_POINT('',(-0.0178025002868282,-0.0145472456992165,0.000549599012954966));
#10122=CARTESIAN_POINT('',(-0.0181995143614632,-0.0148718271402956,0.000549599012954966));
#10123=CARTESIAN_POINT('',(-0.0183906988258229,-0.0150281312436472,0.000549599012954966));
#10124=CARTESIAN_POINT('',(-0.0177901225207318,-0.0145371261759714,0.000549599012954966));
#10125=CARTESIAN_POINT('',(-0.0181995772696484,-0.0148718785712919,0.000549599012954966));
#10126=CARTESIAN_POINT('',(-0.0179719068177606,-0.0143147754333407,0.000549599012954966));
#10127=CARTESIAN_POINT('',(-0.0183813615666772,-0.0146495278286612,0.000549599012954966));
#10128=CARTESIAN_POINT('',(-0.0181855792909985,-0.0140534204434943,0.000462889848516005));
#10129=CARTESIAN_POINT('',(-0.0185950340399151,-0.0143881728388148,0.000462889848516005));
#10130=CARTESIAN_POINT('',(-0.0184311399404456,-0.0137530612064323,0.000289471519638083));
#10131=CARTESIAN_POINT('',(-0.0188405946893622,-0.0140878136017528,0.000289471519638083));
#10132=CARTESIAN_POINT('',(-0.0190317162455367,-0.0142440662741081,0.000289471519638083));
#10133=CARTESIAN_POINT('',(-0.0191342139547803,-0.0141186954794863,0.000620542874768661));
#10134=CARTESIAN_POINT('',(-0.0192367116640239,-0.0139933246848646,0.000951614229899239));
#10135=CARTESIAN_POINT('',(-0.018623171538095,-0.013491720961075,0.000951614229899239));
#10136=CARTESIAN_POINT('',(-0.0190458899461913,-0.0138373171472975,0.000951614229899239));
#10137=CARTESIAN_POINT('',(-0.018361558337359,-0.0138117149892524,0.00116821577901158));
#10138=CARTESIAN_POINT('',(-0.0187842767454553,-0.0141573111754749,0.00116821577901158));
#10139=CARTESIAN_POINT('',(-0.0180715277823142,-0.0141664679044043,0.00127651655356776));
#10140=CARTESIAN_POINT('',(-0.0184942461904105,-0.0145120640906268,0.00127651655356776));
#10141=CARTESIAN_POINT('',(-0.0177530798729606,-0.0145559797065306,0.00127651655356776));
#10142=CARTESIAN_POINT('',(-0.0181757982810569,-0.0149015758927532,0.00127651655356776));
#10143=CARTESIAN_POINT('',(-0.0183666199988895,-0.0150575834303203,0.00127651655356776));
#10144=CARTESIAN_POINT('',(-0.0177615659458004,-0.0145629175506209,0.00127651655356776));
#10145=CARTESIAN_POINT('',(-0.018175508297351,-0.0149013388146868,0.00127651655356776));
#10146=CARTESIAN_POINT('',(-0.0174565674713105,-0.0149359785818128,0.00127651655356776));
#10147=CARTESIAN_POINT('',(-0.0178705098228611,-0.0152743998458787,0.00127651655356776));
#10148=CARTESIAN_POINT('',(-0.017222720845777,-0.0152220097280609,0.00117147165672767));
#10149=CARTESIAN_POINT('',(-0.0176366631973276,-0.0155604309921268,0.00117147165672767));
#10150=CARTESIAN_POINT('',(-0.0170600260691999,-0.0154210109893653,0.000961381863047501));
#10151=CARTESIAN_POINT('',(-0.0174739684207505,-0.0157594322534312,0.000961381863047501));
#10152=CARTESIAN_POINT('',(-0.0176650801222889,-0.0159156768690646,0.000961381863047501));
#10153=CARTESIAN_POINT('',(-0.0170427136928613,-0.0154068571433948,0.000961381863047501));
#10154=CARTESIAN_POINT('',(-0.0174525127599629,-0.0157418910382888,0.000961381863047501));
#10155=CARTESIAN_POINT('',(-0.0168800189162841,-0.0156058584046991,0.000751292069367331));
#10156=CARTESIAN_POINT('',(-0.0172898179833857,-0.0159408922995931,0.000751292069367331));
#10157=CARTESIAN_POINT('',(-0.0167986715279956,-0.0157053590353513,0.000432044691205702));
#10158=CARTESIAN_POINT('',(-0.0172084705950972,-0.0160403929302453,0.000432044691205702));
#10159=CARTESIAN_POINT('',(-0.0167986715279956,-0.0157053590353513,3.63972856261499E-6));
#10160=CARTESIAN_POINT('',(-0.0172084705950972,-0.0160403929302453,3.63972856261499E-6));
#10161=CARTESIAN_POINT('',(-0.0179260159742031,-0.0144025368115874,-0.00173808348755912));
#10162=CARTESIAN_POINT('',(-0.0183199408222502,-0.0147245926353602,-0.00173808348755912));
#10163=CARTESIAN_POINT('',(-0.0177819768653401,-0.0145787192615955,-0.00173808348755912));
#10164=CARTESIAN_POINT('',(-0.0181759017133873,-0.0149007750853683,-0.00173808348755912));
#10165=CARTESIAN_POINT('',(-0.0176668974267079,-0.0147194794870914,-0.00167262320926726));
#10166=CARTESIAN_POINT('',(-0.0180608222747551,-0.0150415353108643,-0.00167262320926726));
#10167=CARTESIAN_POINT('',(-0.0175807776583064,-0.0148248174880752,-0.00154170265268353));
#10168=CARTESIAN_POINT('',(-0.0179747025063536,-0.0151468733118481,-0.00154170265268353));
#10169=CARTESIAN_POINT('',(-0.0183169123859547,-0.0147221167175532,-0.00173808348755912));
#10170=CARTESIAN_POINT('',(-0.0181921212485666,-0.014877378924336,-0.00173808348755912));
#10171=CARTESIAN_POINT('',(-0.0180631351869704,-0.0150330936715037,-0.00168032038747551));
#10172=CARTESIAN_POINT('',(-0.0179702929168741,-0.0151432682232649,-0.00154170265268353));
#10173=CARTESIAN_POINT('',(-0.0183169123859547,-0.0147221167175532,-0.00173808348755912));
#10174=CARTESIAN_POINT('',(-0.0179702929168741,-0.0151432682232649,-0.00154170265268353));
#10175=CARTESIAN_POINT('',(-0.0185110929604899,-0.014880870310282,-0.00173808348755912));
#10176=CARTESIAN_POINT('',(-0.0181658546445933,-0.0153031509867698,-0.00154170265268353));
#10177=CARTESIAN_POINT('',(-0.0182211271682038,-0.0140302460614692,-0.00132270203578038));
#10178=CARTESIAN_POINT('',(-0.0186199368171539,-0.0143562954860178,-0.00132270203578038));
#10179=CARTESIAN_POINT('',(-0.0182211271682038,-0.0140302460614692,-0.00159962300363288));
#10180=CARTESIAN_POINT('',(-0.0186199368171539,-0.0143562954860178,-0.00159962300363288));
#10181=CARTESIAN_POINT('',(-0.0181209071858323,-0.0141528308384327,-0.00173808348755912));
#10182=CARTESIAN_POINT('',(-0.0185197168347824,-0.0144788802629813,-0.00173808348755912));
#10183=CARTESIAN_POINT('',(-0.0179204672210893,-0.0143980003923596,-0.00173808348755912));
#10184=CARTESIAN_POINT('',(-0.0183192768700394,-0.0147240498169082,-0.00173808348755912));
#10185=CARTESIAN_POINT('',(-0.0186107889037227,-0.0143488165498438,-0.00132270203578038));
#10186=CARTESIAN_POINT('',(-0.0186107889037227,-0.0143488165498438,-0.00144387502724828));
#10187=CARTESIAN_POINT('',(-0.0185576591888503,-0.0144184380085977,-0.00169990460985178));
#10188=CARTESIAN_POINT('',(-0.0183926456020509,-0.0146278912260323,-0.00173808348755912));
#10189=CARTESIAN_POINT('',(-0.0183169123859547,-0.0147221167175532,-0.00173808348755912));
#10190=CARTESIAN_POINT('',(-0.0186107889037227,-0.0143488165498438,-0.00132270203578038));
#10191=CARTESIAN_POINT('',(-0.0188117529076044,-0.0145131159793916,-0.00132270203578038));
#10192=CARTESIAN_POINT('',(-0.0180890363302749,-0.0141918492462599,-0.000892412091301666));
#10193=CARTESIAN_POINT('',(-0.0184849245626399,-0.0145155102476624,-0.000892412091301666));
#10194=CARTESIAN_POINT('',(-0.0181771084359953,-0.0140841232301404,-0.000986661183083162));
#10195=CARTESIAN_POINT('',(-0.0185729966683603,-0.0144077842315429,-0.000986661183083162));
#10196=CARTESIAN_POINT('',(-0.0182211444888555,-0.0140302602220807,-0.00113009116457605));
#10197=CARTESIAN_POINT('',(-0.0186170327212205,-0.0143539212234833,-0.00113009116457605));
#10198=CARTESIAN_POINT('',(-0.0182211444888555,-0.0140302602220807,-0.00132270203578038));
#10199=CARTESIAN_POINT('',(-0.0186170327212205,-0.0143539212234833,-0.00132270203578038));
#10200=CARTESIAN_POINT('',(-0.0184825773992069,-0.0145135913089189,-0.000892412091301666));
#10201=CARTESIAN_POINT('',(-0.0185684962810037,-0.0144041764612039,-0.00098662366244069));
#10202=CARTESIAN_POINT('',(-0.0186107889037227,-0.0143488165498438,-0.00115522809132848));
#10203=CARTESIAN_POINT('',(-0.0186107889037227,-0.0143488165498438,-0.00132270203578038));
#10204=CARTESIAN_POINT('',(-0.0184825773992069,-0.0145135913089189,-0.000892412091301666));
#10205=CARTESIAN_POINT('',(-0.0186796447490239,-0.0146747050035707,-0.000892412091301666));
#10206=CARTESIAN_POINT('',(-0.0176901878673466,-0.0146878333540413,-0.000738700390705326));
#10207=CARTESIAN_POINT('',(-0.0180856748969224,-0.0150111663494919,-0.000738700390705326));
#10208=CARTESIAN_POINT('',(-0.0178706706061628,-0.014467074621501,-0.000746925765988073));
#10209=CARTESIAN_POINT('',(-0.0182661576357386,-0.0147904076169516,-0.000746925765988073));
#10210=CARTESIAN_POINT('',(-0.0180049480284311,-0.0143028322471712,-0.000798162999520187));
#10211=CARTESIAN_POINT('',(-0.0184004350580069,-0.0146261652426218,-0.000798162999520187));
#10212=CARTESIAN_POINT('',(-0.0180930201341515,-0.0141951062310518,-0.000892412091301666));
#10213=CARTESIAN_POINT('',(-0.0184885071637274,-0.0145184392265024,-0.000892412091301666));
#10214=CARTESIAN_POINT('',(-0.0180827635571208,-0.0150087861646858,-0.000738700390705326));
#10215=CARTESIAN_POINT('',(-0.0182241413761027,-0.0148384524918078,-0.000745085664769662));
#10216=CARTESIAN_POINT('',(-0.0183685885028788,-0.0146587523896047,-0.000767421253538273));
#10217=CARTESIAN_POINT('',(-0.0184825773992069,-0.0145135913089189,-0.000892412091301666));
#10218=CARTESIAN_POINT('',(-0.0180827635571208,-0.0150087861646858,-0.000738700390705326));
#10219=CARTESIAN_POINT('',(-0.0182768124822189,-0.0151674321265602,-0.000738700390705326));
#10220=CARTESIAN_POINT('',(-0.018156743737105,-0.0153142950574029,-0.000732017273288094));
#10221=CARTESIAN_POINT('',(0.,1.1327982892113E-18,-0.000744840165243109));
#10222=CARTESIAN_POINT('',(-0.0178380760859845,-0.0152987921598612,-0.000725334155870862));
#10223=CARTESIAN_POINT('',(-0.0180366749919911,-0.0154611579882455,-0.000725334155870862));
#10224=CARTESIAN_POINT('',(-0.0180366749919911,-0.0154611579882455,-0.000873390910960313));
#10225=CARTESIAN_POINT('',(-0.0178380760859845,-0.0152987921598612,0.005));
#10226=CARTESIAN_POINT('',(-0.0178380760859845,-0.0152987921598612,-0.00102144766604976));
#10227=CARTESIAN_POINT('',(-0.0180366749919911,-0.0154611579882455,-0.00102144766604976));
#10228=CARTESIAN_POINT('',(-0.0175776682461484,-0.0148222753679247,-0.00154170265268353));
#10229=CARTESIAN_POINT('',(-0.0179726346147114,-0.0151451826935751,-0.00154170265268353));
#10230=CARTESIAN_POINT('',(-0.0174915484777469,-0.0149276133689085,-0.0014107820960998));
#10231=CARTESIAN_POINT('',(-0.0178865148463099,-0.0152505206945589,-0.0014107820960998));
#10232=CARTESIAN_POINT('',(-0.0174484885935462,-0.0149802823694004,-0.00123736376722188));
#10233=CARTESIAN_POINT('',(-0.0178434549621092,-0.0153031896950507,-0.00123736376722188));
#10234=CARTESIAN_POINT('',(-0.0174484885935462,-0.0149802823694004,-0.00102144766604976));
#10235=CARTESIAN_POINT('',(-0.0178434549621092,-0.0153031896950507,-0.00102144766604976));
#10236=CARTESIAN_POINT('',(-0.0179702929168741,-0.0151432682232649,-0.00154170265268353));
#10237=CARTESIAN_POINT('',(-0.0178806351144874,-0.0152496638141914,-0.00140783947311695));
#10238=CARTESIAN_POINT('',(-0.0178380760859845,-0.0152987921598611,-0.00121405542460569));
#10239=CARTESIAN_POINT('',(-0.0178380760859845,-0.0152987921598612,-0.00102144766604976));
#10240=CARTESIAN_POINT('',(0.,1.1327982892113E-18,0.005));
#10241=CARTESIAN_POINT('',(-0.0103655471101035,-0.0205317591333701,0.00261005552128316));
#10242=CARTESIAN_POINT('',(-0.0102428927896381,-0.0205936816958151,0.00261005552128316));
#10243=CARTESIAN_POINT('',(-0.00997091888817241,-0.0207271268917062,0.00256224321192082));
#10244=CARTESIAN_POINT('',(-0.00988639440072634,-0.0207667259276899,0.00226877689889001));
#10245=CARTESIAN_POINT('',(-0.00988639440072634,-0.0207667259276899,0.00213092741106313));
#10246=CARTESIAN_POINT('',(-0.0103655471101035,-0.0205317591333701,0.00261005552128316));
#10247=CARTESIAN_POINT('',(-0.00988639440072634,-0.0207667259276899,0.00213092741106313));
#10248=CARTESIAN_POINT('',(-0.010839108572164,-0.0202857443877059,0.00213092741106313));
#10249=CARTESIAN_POINT('',(-0.010839108572164,-0.0202857443877059,0.0022687147804622));
#10250=CARTESIAN_POINT('',(-0.0107571316118712,-0.020330202156563,0.00256219015354601));
#10251=CARTESIAN_POINT('',(-0.0104882433514665,-0.0204698154069792,0.00261005552128316));
#10252=CARTESIAN_POINT('',(-0.0103655471101035,-0.0205317591333701,0.00261005552128316));
#10253=CARTESIAN_POINT('',(-0.010839108572164,-0.0202857443877059,0.00213092741106313));
#10254=CARTESIAN_POINT('',(-0.0103655471101035,-0.0205317591333701,0.00164871478511207));
#10255=CARTESIAN_POINT('',(-0.0104885694226437,-0.0204696507885397,0.00164871478511207));
#10256=CARTESIAN_POINT('',(-0.0107581678542508,-0.0203296533752801,0.00169779736129235));
#10257=CARTESIAN_POINT('',(-0.010839108572164,-0.0202857443877059,0.00199267884338008));
#10258=CARTESIAN_POINT('',(-0.010839108572164,-0.0202857443877059,0.00213092741106313));
#10259=CARTESIAN_POINT('',(-0.0103655471101035,-0.0205317591333701,0.00164871478511207));
#10260=CARTESIAN_POINT('',(-0.0100064753912974,-0.0207091320495539,0.00177569401603948));
#10261=CARTESIAN_POINT('',(-0.0101010396997685,-0.0206634393849194,0.00167555208956338));
#10262=CARTESIAN_POINT('',(-0.0102369511811477,-0.0205966813424755,0.00164871478511207));
#10263=CARTESIAN_POINT('',(-0.0103655471101035,-0.0205317591333701,0.00164871478511207));
#10264=CARTESIAN_POINT('',(-0.0100064753912974,-0.0207091320495539,0.00177569401603948));
#10265=CARTESIAN_POINT('',(-0.00988639440072634,-0.0207667259276899,0.00213092741106313));
#10266=CARTESIAN_POINT('',(-0.00988639440072634,-0.0207667259276899,0.00200016423008282));
#10267=CARTESIAN_POINT('',(-0.00992089579365545,-0.0207504833788009,0.00186632129300552));
#10268=CARTESIAN_POINT('',(-0.0100064753912974,-0.0207091320495539,0.00177569401603948));
#10269=CARTESIAN_POINT('',(-0.00988503169494717,-0.0207640333071899,0.00213092741106313));
#10270=CARTESIAN_POINT('',(-0.0101148747363684,-0.021218188631518,0.00213092741106313));
#10271=CARTESIAN_POINT('',(-0.00988503169494717,-0.0207640333071899,0.0019787579683323));
#10272=CARTESIAN_POINT('',(-0.0101148747363684,-0.021218188631518,0.0019787579683323));
#10273=CARTESIAN_POINT('',(-0.00992463191709885,-0.0207439920679646,0.00186034683665775));
#10274=CARTESIAN_POINT('',(-0.0101544749585201,-0.0211981473922927,0.00186034683665775));
#10275=CARTESIAN_POINT('',(-0.0100038323614022,-0.020703909589514,0.00177569401603948));
#10276=CARTESIAN_POINT('',(-0.0102336754028235,-0.0211580649138421,0.00177569401603948));
#10277=CARTESIAN_POINT('',(-0.0102281206561596,-0.021441955412159,0.00213092741106313));
#10278=CARTESIAN_POINT('',(-0.0103469213226146,-0.021381831694483,0.00177569401603948));
#10279=CARTESIAN_POINT('',(-0.0103611414501546,-0.020523053827738,0.00261005552128316));
#10280=CARTESIAN_POINT('',(-0.0105927201182248,-0.020980638640637,0.00261005552128316));
#10281=CARTESIAN_POINT('',(-0.0100437280864986,-0.0206836932587485,0.00261005552128316));
#10282=CARTESIAN_POINT('',(-0.0102753067545688,-0.0211412780716475,0.00261005552128316));
#10283=CARTESIAN_POINT('',(-0.00988502140467059,-0.0207640129742537,0.00245034615120982));
#10284=CARTESIAN_POINT('',(-0.0101166000727408,-0.0212215977871528,0.00245034615120982));
#10285=CARTESIAN_POINT('',(-0.00988502140467059,-0.0207640129742537,0.00213092741106313));
#10286=CARTESIAN_POINT('',(-0.0101166000727408,-0.0212215977871528,0.00213092741106313));
#10287=CARTESIAN_POINT('',(-0.0107042407016435,-0.0212009962656432,0.00261005552128316));
#10288=CARTESIAN_POINT('',(-0.0108377382223793,-0.0202830366631341,0.00213092741106313));
#10289=CARTESIAN_POINT('',(-0.0110688705527324,-0.0207397395409115,0.00213092741106313));
#10290=CARTESIAN_POINT('',(-0.0108377382223793,-0.0202830366631341,0.00245034615120982));
#10291=CARTESIAN_POINT('',(-0.0110688705527324,-0.0207397395409115,0.00245034615120982));
#10292=CARTESIAN_POINT('',(-0.0106790315405513,-0.0203633563786393,0.00261005552128316));
#10293=CARTESIAN_POINT('',(-0.0109101638709044,-0.0208200592564168,0.00261005552128316));
#10294=CARTESIAN_POINT('',(-0.0103616181768953,-0.0205239958096498,0.00261005552128316));
#10295=CARTESIAN_POINT('',(-0.0105927505072485,-0.0209806986874273,0.00261005552128316));
#10296=CARTESIAN_POINT('',(-0.0111803607471275,-0.0209600371191274,0.00213092741106313));
#10297=CARTESIAN_POINT('',(-0.0103616181652735,-0.0205239957866858,0.00164871478511207));
#10298=CARTESIAN_POINT('',(-0.0105927524558469,-0.0209807025377346,0.00164871478511207));
#10299=CARTESIAN_POINT('',(-0.0106790315289295,-0.0203633563556752,0.00164871478511207));
#10300=CARTESIAN_POINT('',(-0.0109101658195029,-0.0208200631067241,0.00164871478511207));
#10301=CARTESIAN_POINT('',(-0.0108377382107575,-0.02028303664017,0.00180945232709576));
#10302=CARTESIAN_POINT('',(-0.0110688725013309,-0.0207397433912189,0.00180945232709576));
#10303=CARTESIAN_POINT('',(-0.0108377382107575,-0.02028303664017,0.00213092741106313));
#10304=CARTESIAN_POINT('',(-0.0110688725013309,-0.0207397433912189,0.00213092741106313));
#10305=CARTESIAN_POINT('',(-0.0107042407016435,-0.0212009962656432,0.00164871478511207));
#10306=CARTESIAN_POINT('',(-0.0100051100771863,-0.0207064342751549,0.00177569401603948));
#10307=CARTESIAN_POINT('',(-0.0102353930572512,-0.0211614588904396,0.00177569401603948));
#10308=CARTESIAN_POINT('',(-0.0100843105214897,-0.0206663517967043,0.00169104119542121));
#10309=CARTESIAN_POINT('',(-0.0103145935015545,-0.021121376411989,0.00169104119542121));
#10310=CARTESIAN_POINT('',(-0.010203416981166,-0.0206060733204244,0.00164871478511207));
#10311=CARTESIAN_POINT('',(-0.0104336999612309,-0.0210610979357091,0.00164871478511207));
#10312=CARTESIAN_POINT('',(-0.0103624294562153,-0.0205255988463151,0.00164871478511207));
#10313=CARTESIAN_POINT('',(-0.0105927124362801,-0.0209806234615998,0.00164871478511207));
#10314=CARTESIAN_POINT('',(0.,1.1327982892113E-18,0.005));
#10315=CARTESIAN_POINT('',(0.,1.1327982892113E-18,-0.00238994447871684));
#10316=CARTESIAN_POINT('',(-0.00992723318640089,-0.0207472345450019,-0.00238994447871684));
#10317=CARTESIAN_POINT('',(-0.0108019015708821,-0.0203055810666791,-0.00238994447871684));
#10318=CARTESIAN_POINT('',(-0.00992723318640089,-0.0207472345450019,0.005));
#10319=CARTESIAN_POINT('',(-0.00992723318640088,-0.0207472345450019,0.00120248817602303));
#10320=CARTESIAN_POINT('',(0.,1.1327982892113E-18,0.00120248817602303));
#10321=CARTESIAN_POINT('',(-0.0108019015708821,-0.0203055810666791,0.00120248817602303));
#10322=CARTESIAN_POINT('',(-0.0108019015708821,-0.0203055810666791,0.005));
#10323=CARTESIAN_POINT('',(-0.0111427481809139,-0.0209790724274264,-0.000593728151346905));
#10324=CARTESIAN_POINT('',(-0.0111427481809139,-0.0209790724274264,-0.00238994447871684));
#10325=CARTESIAN_POINT('',(-0.0111427481809139,-0.0209790724274264,0.00120248817602303));
#10326=CARTESIAN_POINT('',(-0.0107056167711391,-0.0212002998519249,-0.00238994447871684));
#10327=CARTESIAN_POINT('',(-0.0102684853613644,-0.0214215272764235,-0.00238994447871684));
#10328=CARTESIAN_POINT('',(-0.0102684853613644,-0.0214215272764235,-0.000593728151346905));
#10329=CARTESIAN_POINT('',(-0.0102684853613644,-0.0214215272764235,0.00120248817602303));
#10330=CARTESIAN_POINT('',(-0.0107056167711391,-0.0212002998519249,0.00120248817602303));
#10331=CARTESIAN_POINT('',(0.,1.1327982892113E-18,0.005));
#10332=CARTESIAN_POINT('',(0.0229033186049021,0.00210610941901073,-0.00193035163479333));
#10333=CARTESIAN_POINT('',(0.0229033186049021,0.00210610941901073,-0.00207708837721806));
#10334=CARTESIAN_POINT('',(0.0229074397985379,0.00206346059096898,-0.00222669311182569));
#10335=CARTESIAN_POINT('',(0.0229163603413653,0.00195911426598915,-0.00233031050791693));
#10336=CARTESIAN_POINT('',(0.0229033186049021,0.00210610941901073,-0.00193035163479333));
#10337=CARTESIAN_POINT('',(0.0229163603413653,0.00195911426598915,-0.00233031050791693));
#10338=CARTESIAN_POINT('',(0.022916228902862,0.00196065113524332,-0.0015257659880732));
#10339=CARTESIAN_POINT('',(0.0229071208474968,0.00206710672943766,-0.00162920965615469));
#10340=CARTESIAN_POINT('',(0.0229033186049021,0.00210610941901073,-0.00178230390532266));
#10341=CARTESIAN_POINT('',(0.0229033186049021,0.00210610941901073,-0.00193035163479333));
#10342=CARTESIAN_POINT('',(0.022916228902862,0.00196065113524332,-0.0015257659880732));
#10343=CARTESIAN_POINT('',(0.0229476930390339,0.00154954321939657,-0.00138439235040099));
#10344=CARTESIAN_POINT('',(0.0229376097699521,0.00169886965367846,-0.00138439235040099));
#10345=CARTESIAN_POINT('',(0.0229254474955537,0.00185290357297311,-0.00142106690530148));
#10346=CARTESIAN_POINT('',(0.022916228902862,0.00196065113524332,-0.0015257659880732));
#10347=CARTESIAN_POINT('',(0.0229476930390339,0.00154954321939657,-0.00138439235040099));
#10348=CARTESIAN_POINT('',(0.0229722138115201,0.00112919998242434,-0.00152268147234218));
#10349=CARTESIAN_POINT('',(0.0229667893351301,0.001239554422192,-0.00141693171609058));
#10350=CARTESIAN_POINT('',(0.0229579357739358,0.00139785520355515,-0.00138439235040099));
#10351=CARTESIAN_POINT('',(0.0229476930390339,0.00154954321939658,-0.00138439235040099));
#10352=CARTESIAN_POINT('',(0.02297221381152,0.00112919998242434,-0.00152268147234218));
#10353=CARTESIAN_POINT('',(0.0229788545000312,0.000984858298891807,-0.00193035163479333));
#10354=CARTESIAN_POINT('',(0.0229788545000312,0.000984858298891807,-0.00178144145869608));
#10355=CARTESIAN_POINT('',(0.0229775298600681,0.00102105137652403,-0.00162631743603322));
#10356=CARTESIAN_POINT('',(0.0229722138115198,0.00112919998242432,-0.00152268147234218));
#10357=CARTESIAN_POINT('',(0.0229788545000312,0.000984858298891807,-0.00193035163479333));
#10358=CARTESIAN_POINT('',(0.0229720621403682,0.00113228133498836,-0.00233339502364796));
#10359=CARTESIAN_POINT('',(0.0229773087826811,0.00102583588762912,-0.0022301812682365));
#10360=CARTESIAN_POINT('',(0.0229788545000312,0.000984858298891807,-0.00207811001344993));
#10361=CARTESIAN_POINT('',(0.0229788545000312,0.000984858298891807,-0.00193035163479333));
#10362=CARTESIAN_POINT('',(0.0229720621403682,0.00113228133498836,-0.00233339502364796));
#10363=CARTESIAN_POINT('',(0.0229476930390339,0.00154954321939657,-0.00247631091918569));
#10364=CARTESIAN_POINT('',(0.0229579113663697,0.00139821666319517,-0.00247631091918569));
#10365=CARTESIAN_POINT('',(0.0229666672317558,0.00124173485334609,-0.00243952552479161));
#10366=CARTESIAN_POINT('',(0.0229720621403682,0.00113228133498836,-0.00233339502364796));
#10367=CARTESIAN_POINT('',(0.0229476930390339,0.00154954321939657,-0.00247631091918569));
#10368=CARTESIAN_POINT('',(0.0229163603413653,0.00195911426598915,-0.00233031050791693));
#10369=CARTESIAN_POINT('',(0.0229254695467231,0.00185256109753601,-0.00243611933120342));
#10370=CARTESIAN_POINT('',(0.022937598664851,0.0016990341127581,-0.00247631091918569));
#10371=CARTESIAN_POINT('',(0.0229476930390339,0.00154954321939657,-0.00247631091918569));
#10372=CARTESIAN_POINT('',(0.0229133471521007,0.00195890795858775,-0.00233031050791693));
#10373=CARTESIAN_POINT('',(0.0234215717413814,0.00199370514029058,-0.00233031050791693));
#10374=CARTESIAN_POINT('',(0.0229200660677956,0.00186077592598313,-0.00242764411542944));
#10375=CARTESIAN_POINT('',(0.0234282906570762,0.00189557310768595,-0.00242764411542944));
#10376=CARTESIAN_POINT('',(0.0229294187047993,0.00172417750429132,-0.00247631091918569));
#10377=CARTESIAN_POINT('',(0.02343764329408,0.00175897468599414,-0.00247631091918569));
#10378=CARTESIAN_POINT('',(0.022941405063112,0.00154911269351233,-0.00247631091918569));
#10379=CARTESIAN_POINT('',(0.0234496296523927,0.00158390987521515,-0.00247631091918569));
#10380=CARTESIAN_POINT('',(0.023667943322843,0.00201057373907023,-0.00233031050791693));
#10381=CARTESIAN_POINT('',(0.0236960012338542,0.0016007784739948,-0.00247631091918569));
#10382=CARTESIAN_POINT('',(0.0229003071131745,0.00210590322783648,-0.00193035163479333));
#10383=CARTESIAN_POINT('',(0.0234082453845676,0.00214068080589209,-0.00193035163479333));
#10384=CARTESIAN_POINT('',(0.0229003071131745,0.00210590322783648,-0.00209965727602989));
#10385=CARTESIAN_POINT('',(0.0234082453845676,0.00214068080589209,-0.00209965727602989));
#10386=CARTESIAN_POINT('',(0.0229036665710219,0.00205683721153417,-0.00223297690040441));
#10387=CARTESIAN_POINT('',(0.023411604842415,0.00209161478958977,-0.00223297690040441));
#10388=CARTESIAN_POINT('',(0.0229103854867167,0.00195870517892954,-0.00233031050791693));
#10389=CARTESIAN_POINT('',(0.0234183237581098,0.00199348275698514,-0.00233031050791693));
#10390=CARTESIAN_POINT('',(0.0236578649493007,0.00215777178797717,-0.00193035163479333));
#10391=CARTESIAN_POINT('',(0.0229102802910704,0.00196024384498276,-0.0015257659880732));
#10392=CARTESIAN_POINT('',(0.0234181927217096,0.00199501965377054,-0.0015257659880732));
#10393=CARTESIAN_POINT('',(0.0229036316079438,0.00205735010721173,-0.00162001507985468));
#10394=CARTESIAN_POINT('',(0.023411544038583,0.00209212591599951,-0.00162001507985468));
#10395=CARTESIAN_POINT('',(0.0229003072663805,0.00210590323832621,-0.00175487696209473));
#10396=CARTESIAN_POINT('',(0.0234082196970197,0.002140679047114,-0.00175487696209473));
#10397=CARTESIAN_POINT('',(0.0229003072663805,0.00210590323832621,-0.00193035163479333));
#10398=CARTESIAN_POINT('',(0.0234082196970197,0.002140679047114,-0.00193035163479333));
#10399=CARTESIAN_POINT('',(0.0236678379739906,0.00201211239463372,-0.0015257659880732));
#10400=CARTESIAN_POINT('',(0.0229413788192873,0.00154911089664701,-0.00138439235040099));
#10401=CARTESIAN_POINT('',(0.0234496294125632,0.00158390985879448,-0.00138439235040099));
#10402=CARTESIAN_POINT('',(0.0229292519958381,0.00172622724817732,-0.00138439235040099));
#10403=CARTESIAN_POINT('',(0.023437502589114,0.00176102621032478,-0.00138439235040099));
#10404=CARTESIAN_POINT('',(0.0229198642425502,0.00186333855505695,-0.00143151689629173));
#10405=CARTESIAN_POINT('',(0.0234281148358262,0.00189813751720442,-0.00143151689629173));
#10406=CARTESIAN_POINT('',(0.0229132155594236,0.00196044481728593,-0.0015257659880732));
#10407=CARTESIAN_POINT('',(0.0234214661526996,0.00199524377943339,-0.0015257659880732));
#10408=CARTESIAN_POINT('',(0.0236960012338542,0.0016007784739948,-0.00138439235040099));
#10409=CARTESIAN_POINT('',(0.0229691950813425,0.00112899329564704,-0.00152268147234218));
#10410=CARTESIAN_POINT('',(0.023478354237952,0.00116385446541703,-0.00152268147234218));
#10411=CARTESIAN_POINT('',(0.0229626166307842,0.00122507378750035,-0.00143048872438138));
#10412=CARTESIAN_POINT('',(0.0234717757873937,0.00125993495727034,-0.00143048872438138));
#10413=CARTESIAN_POINT('',(0.0229530298852196,0.00136509144377769,-0.00138439235040099));
#10414=CARTESIAN_POINT('',(0.0234621890418291,0.00139995261354768,-0.00138439235040099));
#10415=CARTESIAN_POINT('',(0.0229404348446488,0.00154904626447905,-0.00138439235040099));
#10416=CARTESIAN_POINT('',(0.0234495940012583,0.00158390743424904,-0.00138439235040099));
#10417=CARTESIAN_POINT('',(0.0237247614705479,0.0011807255051628,-0.00152268147234218));
#10418=CARTESIAN_POINT('',(0.0229758413033553,0.000984651990982966,-0.00193035163479333));
#10419=CARTESIAN_POINT('',(0.0234840671426852,0.00101944925827431,-0.00193035163479333));
#10420=CARTESIAN_POINT('',(0.0229758413033553,0.000984651990982966,-0.00175076427445335));
#10421=CARTESIAN_POINT('',(0.0234840671426852,0.00101944925827431,-0.00175076427445335));
#10422=CARTESIAN_POINT('',(0.0229725520780762,0.00103269223690962,-0.00161487422030297));
#10423=CARTESIAN_POINT('',(0.0234807779174061,0.00106748950420096,-0.00161487422030297));
#10424=CARTESIAN_POINT('',(0.0229659736275178,0.00112877272876293,-0.00152268147234218));
#10425=CARTESIAN_POINT('',(0.0234741994668477,0.00116356999605427,-0.00152268147234218));
#10426=CARTESIAN_POINT('',(0.0237346291463855,0.00103660476738283,-0.00193035163479333));
#10427=CARTESIAN_POINT('',(0.0229657625831925,0.00113185001615745,-0.00233339502364796));
#10428=CARTESIAN_POINT('',(0.0234740468858593,0.0011666512863235,-0.00233339502364796));
#10429=CARTESIAN_POINT('',(0.0229724814988873,0.00103371798355282,-0.00223811775995613));
#10430=CARTESIAN_POINT('',(0.0234807658015541,0.00106851925371887,-0.00223811775995613));
#10431=CARTESIAN_POINT('',(0.0229758409567348,0.000984651967250507,-0.00210376996367126));
#10432=CARTESIAN_POINT('',(0.0234841252594015,0.00101945323741656,-0.00210376996367126));
#10433=CARTESIAN_POINT('',(0.0229758409567348,0.000984651967250507,-0.00193035163479333));
#10434=CARTESIAN_POINT('',(0.0234841252594015,0.00101945323741656,-0.00193035163479333));
#10435=CARTESIAN_POINT('',(0.0237245507728432,0.00118380281628977,-0.00233339502364796));
#10436=CARTESIAN_POINT('',(0.022940494225361,0.00154905033016472,-0.00247631091918569));
#10437=CARTESIAN_POINT('',(0.023449593647099,0.00158390741000042,-0.00247631091918569));
#10438=CARTESIAN_POINT('',(0.0229528083356588,0.001369198590966,-0.00247631091918569));
#10439=CARTESIAN_POINT('',(0.0234619077573968,0.00140405567080169,-0.00247631091918569));
#10440=CARTESIAN_POINT('',(0.0229623248486552,0.00123020670506432,-0.00242867228733978));
#10441=CARTESIAN_POINT('',(0.0234714242703932,0.00126506378490001,-0.00242867228733978));
#10442=CARTESIAN_POINT('',(0.02296904376435,0.00113207467245969,-0.00233339502364796));
#10443=CARTESIAN_POINT('',(0.023478143186088,0.00116693175229538,-0.00233339502364796));
#10444=CARTESIAN_POINT('',(0.,1.1327982892113E-18,0.005));
#10445=CARTESIAN_POINT('',(0.,1.1327982892113E-18,-0.000373358477211211));
#10446=CARTESIAN_POINT('',(0.0229432973218955,-0.00161332203902421,0.000505387620810199));
#10447=CARTESIAN_POINT('',(0.0229046758934384,-0.00209129677928364,0.00110275550071972));
#10448=CARTESIAN_POINT('',(0.,1.1327982892113E-18,0.00107192209394554));
#10449=CARTESIAN_POINT('',(0.0229748588683843,-0.0010740390489019,0.000938911104844293));
#10450=CARTESIAN_POINT('',(0.0229883086830787,-0.000731685652441362,0.00126360876985609));
#10451=CARTESIAN_POINT('',(0.0229848216532484,-0.000841242150997616,0.00115052586360795));
#10452=CARTESIAN_POINT('',(0.022980410128294,-0.000955256363534035,0.00104217161362666));
#10453=CARTESIAN_POINT('',(0.0229748737641533,-0.00107372041226782,0.000938546033874736));
#10454=CARTESIAN_POINT('',(0.0229883237245128,-0.000731212923507241,0.00126315031873329));
#10455=CARTESIAN_POINT('',(0.,1.1327982892113E-18,-0.00438579751867847));
#10456=CARTESIAN_POINT('',(0.0229878282289529,-0.000746627965360365,0.000774768661320173));
#10457=CARTESIAN_POINT('',(0.,1.1327982892113E-18,-0.00629792309274108));
#10458=CARTESIAN_POINT('',(0.0229874921573064,-0.000756904432723855,0.000328542052231133));
#10459=CARTESIAN_POINT('',(0.0229874921573064,-0.000756904432723855,0.005));
#10460=CARTESIAN_POINT('',(0.0229874921573064,-0.000756904432723854,-0.00238994447871684));
#10461=CARTESIAN_POINT('',(0.,1.1327982892113E-18,-0.00238994447871684));
#10462=CARTESIAN_POINT('',(0.0229987325836449,0.000236642237337158,-0.00238994447871684));
#10463=CARTESIAN_POINT('',(0.0229987325836449,0.000236642237337158,0.005));
#10464=CARTESIAN_POINT('',(0.0229987325836449,0.000236642237337158,0.0023077729796422));
#10465=CARTESIAN_POINT('',(0.,1.1327982892113E-18,0.0023077729796422));
#10466=CARTESIAN_POINT('',(0.0229926326526323,-0.00058012386919248,0.0023077729796422));
#10467=CARTESIAN_POINT('',(0.,1.1327982892113E-18,0.00204540334513496));
#10468=CARTESIAN_POINT('',(0.0237145313286594,-0.00136601915813233,0.00170526424018096));
#10469=CARTESIAN_POINT('',(0.0236846077239719,-0.00212216181712086,0.00110275550071972));
#10470=CARTESIAN_POINT('',(0.0237444549333468,-0.000609876499143792,0.0023077729796422));
#10471=CARTESIAN_POINT('',(0.0236940808216515,-0.00188278513295738,0.00080407156076496));
#10472=CARTESIAN_POINT('',(0.0237035539193311,-0.00164340844879388,0.000505387620810199));
#10473=CARTESIAN_POINT('',(0.0237142264006225,-0.00137372441620626,0.000722331893892659));
#10474=CARTESIAN_POINT('',(0.0237248988819139,-0.00110404038361864,0.000939276166975118));
#10475=CARTESIAN_POINT('',(0.0235766169851913,-0.0048509909544768,0.00523068640023348));
#10476=CARTESIAN_POINT('',(0.0229883249461891,-0.000731182052843198,0.00126412865495038));
#10477=CARTESIAN_POINT('',(0.0237381734157867,-0.000768604815466793,0.00101895949002673));
#10478=CARTESIAN_POINT('',(0.0237378684877498,-0.000776310073540725,0.000774768661320173));
#10479=CARTESIAN_POINT('',(0.0237376652023919,-0.00078144691225668,0.000551655356775653));
#10480=CARTESIAN_POINT('',(0.023737461917034,-0.000786583750972635,0.000328542052231133));
#10481=CARTESIAN_POINT('',(0.023737461917034,-0.000786583750972635,-0.00103070121324285));
#10482=CARTESIAN_POINT('',(0.023737461917034,-0.000786583750972635,-0.00238994447871684));
#10483=CARTESIAN_POINT('',(0.0237570992826101,-0.000290365131011409,-0.00238994447871684));
#10484=CARTESIAN_POINT('',(0.0237767366481862,0.000205853488949817,-0.00238994447871684));
#10485=CARTESIAN_POINT('',(0.0237767366481862,0.000205853488949817,-4.10857495373229E-5));
#10486=CARTESIAN_POINT('',(0.0237767366481862,0.000205853488949817,0.0023077729796422));
#10487=CARTESIAN_POINT('',(0.0237605957907665,-0.000202011505096987,0.0023077729796422));
#10488=CARTESIAN_POINT('',(0.,1.1327982892113E-18,0.005));
#10489=CARTESIAN_POINT('',(0.,1.1327982892113E-18,-0.000627985597312676));
#10490=CARTESIAN_POINT('',(0.0123841896326575,-0.0193811647520183,0.00122819247378162));
#10491=CARTESIAN_POINT('',(0.0119936436909573,-0.0196252442282093,0.00191192679415999));
#10492=CARTESIAN_POINT('',(0.0128291840149286,-0.0190895190487765,0.00149448899856056));
#10493=CARTESIAN_POINT('',(0.012671885471723,-0.019195232134104,0.00143351406507583));
#10494=CARTESIAN_POINT('',(0.0125249567083372,-0.0192912173117299,0.00133626309110769));
#10495=CARTESIAN_POINT('',(0.0123841896326575,-0.0193811647520184,0.00122819247378162));
#10496=CARTESIAN_POINT('',(0.0128291840149286,-0.0190895190487765,0.00149448899856056));
#10497=CARTESIAN_POINT('',(0.0132173976037055,-0.018822807998646,0.00157185966552489));
#10498=CARTESIAN_POINT('',(0.0130855890868027,-0.0189153640920612,0.00157072249975016));
#10499=CARTESIAN_POINT('',(0.0129561633886613,-0.0190041813574686,0.00154483237629434));
#10500=CARTESIAN_POINT('',(0.0128292585336141,-0.0190894689679988,0.00149421776074271));
#10501=CARTESIAN_POINT('',(0.0132173990886126,-0.0188228069462246,0.00157160189183632));
#10502=CARTESIAN_POINT('',(0.0137587016420913,-0.0184308390781976,0.00103798067036808));
#10503=CARTESIAN_POINT('',(0.0137587016420913,-0.0184308390781976,0.00120169728147793));
#10504=CARTESIAN_POINT('',(0.0136428967978298,-0.0185182390509027,0.00153590145611084));
#10505=CARTESIAN_POINT('',(0.0133512113287531,-0.0187288438202185,0.00157160189183632));
#10506=CARTESIAN_POINT('',(0.0132173990886126,-0.0188228069462246,0.00157160189183632));
#10507=CARTESIAN_POINT('',(0.0137587016420913,-0.0184308390781976,0.00103798067036808));
#10508=CARTESIAN_POINT('',(0.0135555872784335,-0.0185807360871219,0.000548570841044623));
#10509=CARTESIAN_POINT('',(0.0136926701823298,-0.0184807271714667,0.000644643236294934));
#10510=CARTESIAN_POINT('',(0.0137587016420913,-0.0184308390781976,0.000843666698359668));
#10511=CARTESIAN_POINT('',(0.0137587016420913,-0.0184308390781976,0.00103798067036808));
#10512=CARTESIAN_POINT('',(0.0135555872784335,-0.0185807360871219,0.000548570841044623));
#10513=CARTESIAN_POINT('',(0.0129025095485095,-0.0190400353821395,0.000405654945506889));
#10514=CARTESIAN_POINT('',(0.0131289125033019,-0.0188866130681893,0.000405654945506889));
#10515=CARTESIAN_POINT('',(0.0133619036508301,-0.0187220380950763,0.000412830719587112));
#10516=CARTESIAN_POINT('',(0.0135555872784335,-0.0185807360871219,0.000548570841044623));
#10517=CARTESIAN_POINT('',(0.0129025095485095,-0.0190400353821394,0.000405654945506888));
#10518=CARTESIAN_POINT('',(0.,1.1327982892113E-18,0.000405654945506888));
#10519=CARTESIAN_POINT('',(0.0126002680461596,-0.0192413862589843,0.000405654945506888));
#10520=CARTESIAN_POINT('',(0.0126002680461596,-0.0192413862589843,0.005));
#10521=CARTESIAN_POINT('',(0.0126002680461596,-0.0192413862589843,-0.000356220440057578));
#10522=CARTESIAN_POINT('',(0.,1.1327982892113E-18,-0.000356220440057578));
#10523=CARTESIAN_POINT('',(0.0128974002566506,-0.019043496701558,-0.000356220440057578));
#10524=CARTESIAN_POINT('',(0.0136012320117851,-0.0185473498852017,-0.000494509561998766));
#10525=CARTESIAN_POINT('',(0.013389102080951,-0.0187029100284986,-0.000359731639152437));
#10526=CARTESIAN_POINT('',(0.0131404188937834,-0.0188789098779274,-0.000356220440057578));
#10527=CARTESIAN_POINT('',(0.0128974002566506,-0.019043496701558,-0.000356220440057578));
#10528=CARTESIAN_POINT('',(0.0136012320117851,-0.0185473498852017,-0.000494509561998766));
#10529=CARTESIAN_POINT('',(0.0138179642334313,-0.01838645056682,-0.00096284186716019));
#10530=CARTESIAN_POINT('',(0.0138179642334313,-0.01838645056682,-0.000771178776129276));
#10531=CARTESIAN_POINT('',(0.0137394817216306,-0.018445967941646,-0.00058234727850498));
#10532=CARTESIAN_POINT('',(0.0136012320117851,-0.0185473498852017,-0.000494509561998766));
#10533=CARTESIAN_POINT('',(0.0138179642334313,-0.01838645056682,-0.00096284186716019));
#10534=CARTESIAN_POINT('',(0.0136298223066559,-0.0185263499883675,-0.00150006169031462));
#10535=CARTESIAN_POINT('',(0.0137647770215779,-0.0184270639020641,-0.00138065867936089));
#10536=CARTESIAN_POINT('',(0.0138179642334313,-0.01838645056682,-0.00116705839838799));
#10537=CARTESIAN_POINT('',(0.0138179642334313,-0.01838645056682,-0.00096284186716019));
#10538=CARTESIAN_POINT('',(0.0136298223066559,-0.0185263499883675,-0.00150006169031462));
#10539=CARTESIAN_POINT('',(0.0130375537326791,-0.0189478202617083,-0.00166713962574543));
#10540=CARTESIAN_POINT('',(0.0132459875159678,-0.0188044018308916,-0.00166713962574543));
#10541=CARTESIAN_POINT('',(0.0134625478422885,-0.0186494136909965,-0.00164806003711328));
#10542=CARTESIAN_POINT('',(0.0136298223066559,-0.0185263499883675,-0.00150006169031462));
#10543=CARTESIAN_POINT('',(0.0130375537326791,-0.0189478202617083,-0.00166713962574543));
#10544=CARTESIAN_POINT('',(0.0124976719578099,-0.0193081820944872,-0.00158004926414105));
#10545=CARTESIAN_POINT('',(0.0126761407963929,-0.019192663969146,-0.00163737252690373));
#10546=CARTESIAN_POINT('',(0.0128561575233574,-0.0190726347591824,-0.00166649206396005));
#10547=CARTESIAN_POINT('',(0.0130375531275346,-0.0189478206780942,-0.00166733232060475));
#10548=CARTESIAN_POINT('',(0.0124976566016518,-0.0193081908976613,-0.00158011238302056));
#10549=CARTESIAN_POINT('',(0.0119883647710457,-0.0196284693778922,-0.0013559400610853));
#10550=CARTESIAN_POINT('',(0.0121528773750669,-0.0195279909825333,-0.0014515658334265));
#10551=CARTESIAN_POINT('',(0.012322754115359,-0.0194214019573878,-0.00152626114642949));
#10552=CARTESIAN_POINT('',(0.0124976880440465,-0.019308171678235,-0.00157996520360288));
#10553=CARTESIAN_POINT('',(0.0119883647707738,-0.019628469378114,-0.00135594006202073));
#10554=CARTESIAN_POINT('',(0.0119883647719017,-0.0196284693773694,0.005));
#10555=CARTESIAN_POINT('',(0.0119883647719017,-0.0196284693773694,-0.00220076084721366));
#10556=CARTESIAN_POINT('',(0.0131255175805565,-0.0188869925675054,-0.00245471930906847));
#10557=CARTESIAN_POINT('',(0.0127441440227257,-0.0191520281638385,-0.00245471930906847));
#10558=CARTESIAN_POINT('',(0.0123530331670271,-0.0194057430069379,-0.00238380639943141));
#10559=CARTESIAN_POINT('',(0.0119883647719017,-0.0196284693773694,-0.00220076084721366));
#10560=CARTESIAN_POINT('',(0.0131255175805565,-0.0188869925675054,-0.00245471930906847));
#10561=CARTESIAN_POINT('',(0.0142531512082985,-0.0180511877901672,-0.00207686613201727));
#10562=CARTESIAN_POINT('',(0.0139429734158149,-0.0182961030294919,-0.00238040305455387));
#10563=CARTESIAN_POINT('',(0.0135318291022861,-0.0186046263303936,-0.00245471930906847));
#10564=CARTESIAN_POINT('',(0.0131255175805565,-0.0188869925675054,-0.00245471930906847));
#10565=CARTESIAN_POINT('',(0.0142531512082985,-0.0180511877901672,-0.00207686613201727));
#10566=CARTESIAN_POINT('',(0.0146361951287765,-0.0177420261569777,-0.00102144766604976));
#10567=CARTESIAN_POINT('',(0.0146361951287765,-0.0177420261569777,-0.00142689393774814));
#10568=CARTESIAN_POINT('',(0.0145062712498186,-0.0178513251402643,-0.00182916536072692));
#10569=CARTESIAN_POINT('',(0.0142531512082985,-0.0180511877901672,-0.00207686613201727));
#10570=CARTESIAN_POINT('',(0.0146361951287765,-0.0177420261569777,-0.00102144766604976));
#10571=CARTESIAN_POINT('',(0.014409354637952,-0.0179267453521332,-0.000280649804647337));
#10572=CARTESIAN_POINT('',(0.0145657446032249,-0.0178010405224405,-0.000469362850818713));
#10573=CARTESIAN_POINT('',(0.0146361951287765,-0.0177420261569777,-0.000746739179000948));
#10574=CARTESIAN_POINT('',(0.0146361951287765,-0.0177420261569777,-0.00102144766604976));
#10575=CARTESIAN_POINT('',(0.014409354637952,-0.0179267453521332,-0.000280649804647337));
#10576=CARTESIAN_POINT('',(0.0137273680942282,-0.0184541882836408,6.53300431832198E-5));
#10577=CARTESIAN_POINT('',(0.0139789266051819,-0.0182670634844342,2.62864533605105E-5));
#10578=CARTESIAN_POINT('',(0.0142290600973084,-0.0180716644617869,-6.30915238871081E-5));
#10579=CARTESIAN_POINT('',(0.014409354637952,-0.0179267453521332,-0.000280649804647337));
#10580=CARTESIAN_POINT('',(0.0137273680942282,-0.0184541882836408,6.53300431832198E-5));
#10581=CARTESIAN_POINT('',(0.0137273680942282,-0.0184541882836408,0.005));
#10582=CARTESIAN_POINT('',(0.0137273680942282,-0.0184541882836408,8.38371375694011E-5));
#10583=CARTESIAN_POINT('',(0.0143213127761245,-0.0179971581192952,0.00050847213654123));
#10584=CARTESIAN_POINT('',(0.0141710640748381,-0.0181167191428227,0.000286759749828197));
#10585=CARTESIAN_POINT('',(0.0139556048753859,-0.0182844116313471,0.000152364281988914));
#10586=CARTESIAN_POINT('',(0.0137273680942282,-0.0184541882836408,8.38371375694011E-5));
#10587=CARTESIAN_POINT('',(0.0143213127761245,-0.0179971581192952,0.00050847213654123));
#10588=CARTESIAN_POINT('',(0.0145294357212742,-0.0178295596587202,0.00125698128727123));
#10589=CARTESIAN_POINT('',(0.0145294357212742,-0.0178295596587202,0.000984653437920324));
#10590=CARTESIAN_POINT('',(0.0144610113815155,-0.0178859923780747,0.000714616422359001));
#10591=CARTESIAN_POINT('',(0.0143213127761245,-0.0179971581192952,0.00050847213654123));
#10592=CARTESIAN_POINT('',(0.0145294357212742,-0.0178295596587202,0.00125698128727123));
#10593=CARTESIAN_POINT('',(0.014198969430626,-0.0180938378214974,0.00207900472959078));
#10594=CARTESIAN_POINT('',(0.0144078579593336,-0.0179299145088873,0.00189343188837527));
#10595=CARTESIAN_POINT('',(0.0145294357212742,-0.0178295596587202,0.0015810060998852));
#10596=CARTESIAN_POINT('',(0.0145294357212742,-0.0178295596587202,0.00125698128727123));
#10597=CARTESIAN_POINT('',(0.014198969430626,-0.0180938378214974,0.00207900472959078));
#10598=CARTESIAN_POINT('',(0.0132753979220558,-0.0187819463851214,0.00237460415381452));
#10599=CARTESIAN_POINT('',(0.0136051934363352,-0.0185488413279993,0.00237460415381452));
#10600=CARTESIAN_POINT('',(0.0139373963315253,-0.0182991048563103,0.00231138160296897));
#10601=CARTESIAN_POINT('',(0.014198969430626,-0.0180938378214974,0.00207900472959078));
#10602=CARTESIAN_POINT('',(0.0132753979220558,-0.0187819463851214,0.00237460415381452));
#10603=CARTESIAN_POINT('',(0.0119936436909573,-0.0196252442282092,0.00191192679415999));
#10604=CARTESIAN_POINT('',(0.0123720207270886,-0.0193940053554885,0.00223032403006244));
#10605=CARTESIAN_POINT('',(0.0128304472573973,-0.0190964450535717,0.00237460415381452));
#10606=CARTESIAN_POINT('',(0.0132753979220558,-0.0187819463851214,0.00237460415381452));
#10607=CARTESIAN_POINT('',(0.011991673590515,-0.0196225012769633,0.00191192679415999));
#10608=CARTESIAN_POINT('',(0.0123239638651269,-0.0200851457204315,0.00191192679415999));
#10609=CARTESIAN_POINT('',(0.0123396288977797,-0.0193725854588095,0.00222037836726301));
#10610=CARTESIAN_POINT('',(0.0126719191723916,-0.0198352299022776,0.00222037836726301));
#10611=CARTESIAN_POINT('',(0.0127546699882851,-0.0190744858709156,0.00237460415381452));
#10612=CARTESIAN_POINT('',(0.013086960262897,-0.0195371303143837,0.00237460415381452));
#10613=CARTESIAN_POINT('',(0.0132367968620312,-0.0187282025132816,0.00237460415381452));
#10614=CARTESIAN_POINT('',(0.0135690871366431,-0.0191908469567497,0.00237460415381452));
#10615=CARTESIAN_POINT('',(0.0124682116194656,-0.020285980433712,0.00191192679415999));
#10616=CARTESIAN_POINT('',(0.0137133348909818,-0.0193916816700302,0.00237460415381452));
#10617=CARTESIAN_POINT('',(0.0126548548462824,-0.0201519255888543,0.0015700596339708));
#10618=CARTESIAN_POINT('',(0.0128414980730992,-0.0200178707439965,0.00122819247378162));
#10619=CARTESIAN_POINT('',(0.0128141019728568,-0.0190685204716475,0.00149448899856056));
#10620=CARTESIAN_POINT('',(0.0131228640254374,-0.0194984068056579,0.00149448899856056));
#10621=CARTESIAN_POINT('',(0.0126843842343085,-0.0191616890886552,0.00144308040304339));
#10622=CARTESIAN_POINT('',(0.0129931462868891,-0.0195915754226657,0.00144308040304339));
#10623=CARTESIAN_POINT('',(0.0125404699192238,-0.0192650542710437,0.00135431489478374));
#10624=CARTESIAN_POINT('',(0.0128492319718044,-0.0196949406050541,0.00135431489478374));
#10625=CARTESIAN_POINT('',(0.0123823590276027,-0.0193786160188128,0.00122819247378162));
#10626=CARTESIAN_POINT('',(0.0126911210801833,-0.0198085023528232,0.00122819247378162));
#10627=CARTESIAN_POINT('',(0.0132732410183533,-0.0197077751968312,0.00149448899856056));
#10628=CARTESIAN_POINT('',(0.013664497320354,-0.0194267588226574,3.99772451167973E-5));
#10629=CARTESIAN_POINT('',(0.0136557134920988,-0.0194330677295165,0.00157160189183632));
#10630=CARTESIAN_POINT('',(0.0137569374804971,-0.0184283828535612,0.00103798067036808));
#10631=CARTESIAN_POINT('',(0.0140544927360438,-0.018842666075555,0.00103798067036808));
#10632=CARTESIAN_POINT('',(0.0137569374804971,-0.0184283828535612,0.0013937281513469));
#10633=CARTESIAN_POINT('',(0.0140544927360438,-0.018842666075555,0.0013937281513469));
#10634=CARTESIAN_POINT('',(0.0135760007207194,-0.0185583390790012,0.00157160189183631));
#10635=CARTESIAN_POINT('',(0.0138735559762661,-0.018972622300995,0.00157160189183631));
#10636=CARTESIAN_POINT('',(0.0132141272011641,-0.0188182515298813,0.00157160189183632));
#10637=CARTESIAN_POINT('',(0.0135116824567107,-0.019232534751875,0.00157160189183632));
#10638=CARTESIAN_POINT('',(0.0141985237714318,-0.0190431990531965,0.00103798067036808));
#10639=CARTESIAN_POINT('',(0.0135519246569558,-0.0185756366556769,0.000548570841044623));
#10640=CARTESIAN_POINT('',(0.013849067775665,-0.0189893460636522,0.000548570841044623));
#10641=CARTESIAN_POINT('',(0.0136886015016494,-0.018477469722306,0.000643848104736446));
#10642=CARTESIAN_POINT('',(0.0139857446203586,-0.0188911791302813,0.000643848104736446));
#10643=CARTESIAN_POINT('',(0.0137569399239962,-0.0184283862556206,0.000806984714510933));
#10644=CARTESIAN_POINT('',(0.0140540830427054,-0.0188420956635959,0.000806984714510933));
#10645=CARTESIAN_POINT('',(0.0137569399239962,-0.0184283862556206,0.00103798067036808));
#10646=CARTESIAN_POINT('',(0.0140540830427054,-0.0188420956635959,0.00103798067036808));
#10647=CARTESIAN_POINT('',(0.0139935085043914,-0.0191904494532527,0.000548570841044623));
#10648=CARTESIAN_POINT('',(0.0129007286926089,-0.0190375559141863,0.000405654945506888));
#10649=CARTESIAN_POINT('',(0.0132010997211744,-0.0194557595089408,0.000405654945506888));
#10650=CARTESIAN_POINT('',(0.013196351521661,-0.0188252274350828,0.000405654945506888));
#10651=CARTESIAN_POINT('',(0.0134967225502266,-0.0192434310298373,0.000405654945506888));
#10652=CARTESIAN_POINT('',(0.0134125013585339,-0.0186699797288457,0.0004532935773528));
#10653=CARTESIAN_POINT('',(0.0137128723870994,-0.0190881833236002,0.0004532935773528));
#10654=CARTESIAN_POINT('',(0.0135491782032275,-0.0185718127954748,0.000548570841044623));
#10655=CARTESIAN_POINT('',(0.013849549231793,-0.0189900163902293,0.000548570841044623));
#10656=CARTESIAN_POINT('',(0.0133450589937728,-0.0196561925719643,0.000405654945506888));
#10657=CARTESIAN_POINT('',(0.0131976651256154,-0.0197620569125342,0.000405654945506888));
#10658=CARTESIAN_POINT('',(0.0130502712574581,-0.0198679212531042,0.000405654945506888));
#10659=CARTESIAN_POINT('',(0.0130502712574581,-0.0198679212531042,2.47172527246554E-5));
#10660=CARTESIAN_POINT('',(0.0130502712574581,-0.0198679212531042,-0.000356220440057578));
#10661=CARTESIAN_POINT('',(0.0131951598474031,-0.019763856306425,-0.000356220440057578));
#10662=CARTESIAN_POINT('',(0.0133400484373482,-0.0196597913597456,-0.000356220440057578));
#10663=CARTESIAN_POINT('',(0.0135950089864217,-0.0185386856288997,-0.000494509561998766));
#10664=CARTESIAN_POINT('',(0.0138954781672479,-0.0189570258800702,-0.000494509561998766));
#10665=CARTESIAN_POINT('',(0.0134488677573705,-0.0186436502725244,-0.000402316814037974));
#10666=CARTESIAN_POINT('',(0.0137493369381967,-0.0190619905236949,-0.000402316814037974));
#10667=CARTESIAN_POINT('',(0.0132157377015032,-0.0188110938706874,-0.000356220440057578));
#10668=CARTESIAN_POINT('',(0.0135162068823293,-0.0192294341218579,-0.000356220440057578));
#10669=CARTESIAN_POINT('',(0.0128956188188196,-0.019041016423389,-0.000356220440057578));
#10670=CARTESIAN_POINT('',(0.0131960879996458,-0.0194593566745595,-0.000356220440057578));
#10671=CARTESIAN_POINT('',(0.0140394386049503,-0.0191574605652564,-0.000494509561998766));
#10672=CARTESIAN_POINT('',(0.0138161990065887,-0.0183839928590489,-0.00096284186716019));
#10673=CARTESIAN_POINT('',(0.0141139339340396,-0.0187985262364474,-0.00096284186716019));
#10674=CARTESIAN_POINT('',(0.0138161990065887,-0.0183839928590489,-0.0007428130783467));
#10675=CARTESIAN_POINT('',(0.0141139339340396,-0.0187985262364474,-0.0007428130783467));
#10676=CARTESIAN_POINT('',(0.0137431283920631,-0.0184364751808611,-0.000586702309959559));
#10677=CARTESIAN_POINT('',(0.014040863319514,-0.0188510085582597,-0.000586702309959559));
#10678=CARTESIAN_POINT('',(0.0135969871630119,-0.0185414398244858,-0.000494509561998766));
#10679=CARTESIAN_POINT('',(0.0138947220904628,-0.0189559732018843,-0.000494509561998766));
#10680=CARTESIAN_POINT('',(0.0142586504485271,-0.0190000135998195,-0.00096284186716019));
#10681=CARTESIAN_POINT('',(0.0136257991567381,-0.0185207485967624,-0.00150006169031462));
#10682=CARTESIAN_POINT('',(0.0139233157814946,-0.0189349780334914,-0.00150006169031462));
#10683=CARTESIAN_POINT('',(0.0137527332528283,-0.0184295793062999,-0.00138867640002741));
#10684=CARTESIAN_POINT('',(0.0140502498775848,-0.0188438087430288,-0.00138867640002741));
#10685=CARTESIAN_POINT('',(0.0138162003008734,-0.0183839946610686,-0.00120960312564261));
#10686=CARTESIAN_POINT('',(0.0141137169256299,-0.0187982240977976,-0.00120960312564261));
#10687=CARTESIAN_POINT('',(0.0138162003008734,-0.0183839946610686,-0.00096284186716019));
#10688=CARTESIAN_POINT('',(0.0141137169256299,-0.0187982240977976,-0.00096284186716019));
#10689=CARTESIAN_POINT('',(0.0140682493043919,-0.0191367675355133,-0.00150006169031462));
#10690=CARTESIAN_POINT('',(0.0130357868129231,-0.0189453601969107,-0.00166713962574543));
#10691=CARTESIAN_POINT('',(0.0133338072784337,-0.019360291126109,-0.00166713962574543));
#10692=CARTESIAN_POINT('',(0.0133024597604108,-0.0187538247138776,-0.00166713962574543));
#10693=CARTESIAN_POINT('',(0.0136004802259215,-0.0191687556430759,-0.00166713962574543));
#10694=CARTESIAN_POINT('',(0.0134992632821998,-0.0186124723271298,-0.00161144698060182));
#10695=CARTESIAN_POINT('',(0.0137972837477104,-0.0190274032563281,-0.00161144698060182));
#10696=CARTESIAN_POINT('',(0.01362619737829,-0.0185213030366673,-0.00150006169031462));
#10697=CARTESIAN_POINT('',(0.0139242178438006,-0.0189362339658656,-0.00150006169031462));
#10698=CARTESIAN_POINT('',(0.013477838739025,-0.0195608246957567,-0.00166713962574543));
#10699=CARTESIAN_POINT('',(0.0134856691665767,-0.0195552005605097,0.000858726947519904));
#10700=CARTESIAN_POINT('',(0.0129508952217033,-0.019939297210769,-0.0015802590993214));
#10701=CARTESIAN_POINT('',(0.0135741488444598,-0.0194916508153957,0.00139373162326764));
#10702=CARTESIAN_POINT('',(0.0119883647698254,-0.0196284693788606,-0.00135594006316641));
#10703=CARTESIAN_POINT('',(0.012463201063041,-0.0202895792214934,-0.00177818219206252));
#10704=CARTESIAN_POINT('',(0.012463201063041,-0.0202895792214934,-0.00220076084721366));
#10705=CARTESIAN_POINT('',(0.013087887627417,-0.0188346007581204,-0.00245471930906847));
#10706=CARTESIAN_POINT('',(0.0134192274180787,-0.0192959218522408,-0.00245471930906847));
#10707=CARTESIAN_POINT('',(0.012673681629649,-0.0191321005480507,-0.00245471930906847));
#10708=CARTESIAN_POINT('',(0.0130050214203107,-0.0195934216421712,-0.00245471930906847));
#10709=CARTESIAN_POINT('',(0.0123065191894233,-0.0193958117193667,-0.0023700664884502));
#10710=CARTESIAN_POINT('',(0.012637858980085,-0.0198571328134871,-0.0023700664884502));
#10711=CARTESIAN_POINT('',(0.0119864003067397,-0.0196257342720682,-0.00220076084721366));
#10712=CARTESIAN_POINT('',(0.0123177400974014,-0.0200870553661887,-0.00220076084721366));
#10713=CARTESIAN_POINT('',(0.0135646883837183,-0.0194984457075455,-0.00245471930906847));
#10714=CARTESIAN_POINT('',(0.0142513145641277,-0.0180486306487605,-0.00207686613201727));
#10715=CARTESIAN_POINT('',(0.0145610952142587,-0.0184799351660065,-0.00207686613201727));
#10716=CARTESIAN_POINT('',(0.0139851983451317,-0.0182397662664846,-0.00232876825005141));
#10717=CARTESIAN_POINT('',(0.0142949789952626,-0.0186710707837306,-0.00232876825005141));
#10718=CARTESIAN_POINT('',(0.0136052311495985,-0.0185126743399086,-0.00245471930906847));
#10719=CARTESIAN_POINT('',(0.0139150117997294,-0.0189439788571546,-0.00245471930906847));
#10720=CARTESIAN_POINT('',(0.0131114129775284,-0.0188673548690326,-0.00245471930906847));
#10721=CARTESIAN_POINT('',(0.0134211936276593,-0.0192986593862786,-0.00245471930906847));
#10722=CARTESIAN_POINT('',(0.0147045899703177,-0.0186797214872735,-0.00207686613201727));
#10723=CARTESIAN_POINT('',(0.0146343463060607,-0.017739452059504,-0.00102144766604976));
#10724=CARTESIAN_POINT('',(0.0149461810707875,-0.0181736165000659,-0.00102144766604976));
#10725=CARTESIAN_POINT('',(0.0146343463060607,-0.017739452059504,-0.00147315785866063));
#10726=CARTESIAN_POINT('',(0.0149461810707875,-0.0181736165000659,-0.00147315785866063));
#10727=CARTESIAN_POINT('',(0.0145012881965627,-0.017835019868366,-0.00182496401398314));
#10728=CARTESIAN_POINT('',(0.0148131229612895,-0.0182691843089279,-0.00182496401398314));
#10729=CARTESIAN_POINT('',(0.0142351719775666,-0.0180261554860901,-0.00207686613201727));
#10730=CARTESIAN_POINT('',(0.0145470067422934,-0.018460319926652,-0.00207686613201727));
#10731=CARTESIAN_POINT('',(0.0151037642988118,-0.0183930180606874,-0.00102144766604976));
#10732=CARTESIAN_POINT('',(0.0143972140531165,-0.0179098421366503,-0.000280649804647337));
#10733=CARTESIAN_POINT('',(0.0147032999009724,-0.0183360024174475,-0.000280649804647337));
#10734=CARTESIAN_POINT('',(0.0145553249447386,-0.0177962803888804,-0.000464007128659835));
#10735=CARTESIAN_POINT('',(0.0148614107925946,-0.0182224406696776,-0.000464007128659835));
#10736=CARTESIAN_POINT('',(0.0146343803905481,-0.0177394995149966,-0.000710939749126054));
#10737=CARTESIAN_POINT('',(0.0149404662384041,-0.0181656597957939,-0.000710939749126054));
#10738=CARTESIAN_POINT('',(0.0146343803905481,-0.0177394995149966,-0.00102144766604976));
#10739=CARTESIAN_POINT('',(0.0149404662384041,-0.0181656597957939,-0.00102144766604976));
#10740=CARTESIAN_POINT('',(0.0148665979613801,-0.0185633606823411,-0.000280649804647337));
#10741=CARTESIAN_POINT('',(0.013707689492627,-0.018426789962409,6.53300431832198E-5));
#10742=CARTESIAN_POINT('',(0.0140209762476972,-0.0188629759946806,6.53300431832198E-5));
#10743=CARTESIAN_POINT('',(0.0140161170769865,-0.0182052645811974,1.80341353074228E-5));
#10744=CARTESIAN_POINT('',(0.0143294038320567,-0.018641450613469,1.80341353074228E-5));
#10745=CARTESIAN_POINT('',(0.0142493863149768,-0.018037721016707,-9.72924806360963E-5));
#10746=CARTESIAN_POINT('',(0.014562673070047,-0.0184739070489787,-9.72924806360963E-5));
#10747=CARTESIAN_POINT('',(0.0144074972065979,-0.0179241592689379,-0.000280649804647337));
#10748=CARTESIAN_POINT('',(0.0147207839616681,-0.0183603453012095,-0.000280649804647337));
#10749=CARTESIAN_POINT('',(0.0141667902474092,-0.0190659913758121,6.53300431832198E-5));
#10750=CARTESIAN_POINT('',(0.0141667902474092,-0.0190659913758121,7.45835903763105E-5));
#10751=CARTESIAN_POINT('',(0.0141667902474092,-0.0190659913758121,8.38371375694011E-5));
#10752=CARTESIAN_POINT('',(0.0143194757495279,-0.0179946004454408,0.00050847213654123));
#10753=CARTESIAN_POINT('',(0.0146293209021614,-0.0184259947688795,0.00050847213654123));
#10754=CARTESIAN_POINT('',(0.0141750047059515,-0.0180983654931383,0.000302837754472548));
#10755=CARTESIAN_POINT('',(0.0144848498585851,-0.0185297598165769,0.000302837754472548));
#10756=CARTESIAN_POINT('',(0.0139722163528776,-0.0182440164319583,0.000161292754815271));
#10757=CARTESIAN_POINT('',(0.0142820615055112,-0.018675410755397,0.000161292754815271));
#10758=CARTESIAN_POINT('',(0.0137111106903061,-0.018431553261901,8.38371375694011E-5));
#10759=CARTESIAN_POINT('',(0.0140209558429397,-0.0188629475853397,8.38371375694011E-5));
#10760=CARTESIAN_POINT('',(0.014775155306631,-0.0186290385593519,0.00050847213654123));
#10761=CARTESIAN_POINT('',(0.014527631871721,-0.0178270481769334,0.00125698128727123));
#10762=CARTESIAN_POINT('',(0.0148318811630233,-0.0182506514383124,0.00125698128727123));
#10763=CARTESIAN_POINT('',(0.014527631871721,-0.0178270481769334,0.000963609568853245));
#10764=CARTESIAN_POINT('',(0.0148318811630233,-0.0182506514383124,0.000963609568853245));
#10765=CARTESIAN_POINT('',(0.0144553963499328,-0.0178789307007821,0.000714106518609911));
#10766=CARTESIAN_POINT('',(0.0147596456412351,-0.0183025339621612,0.000714106518609911));
#10767=CARTESIAN_POINT('',(0.0143109253063565,-0.0179826957484796,0.00050847213654123));
#10768=CARTESIAN_POINT('',(0.0146151745976588,-0.0184062990098586,0.00050847213654123));
#10769=CARTESIAN_POINT('',(0.0149918618719954,-0.0184733909878057,0.00125698128727123));
#10770=CARTESIAN_POINT('',(0.0141843842513065,-0.0180735310214352,0.00207900472959078));
#10771=CARTESIAN_POINT('',(0.0144927667746941,-0.0185028889407261,0.00207900472959078));
#10772=CARTESIAN_POINT('',(0.0144131996613652,-0.0179091863794161,0.00188193844677371));
#10773=CARTESIAN_POINT('',(0.0147215821847529,-0.0183385442987071,0.00188193844677371));
#10774=CARTESIAN_POINT('',(0.0145276073663924,-0.0178270140584082,0.00160793063266845));
#10775=CARTESIAN_POINT('',(0.0148359898897801,-0.0182563719776992,0.00160793063266845));
#10776=CARTESIAN_POINT('',(0.0145276073663924,-0.0178270140584082,0.00125698128727123));
#10777=CARTESIAN_POINT('',(0.0148359898897801,-0.0182563719776992,0.00125698128727123));
#10778=CARTESIAN_POINT('',(0.0146486387569095,-0.0187199079508326,0.00207900472959078));
#10779=CARTESIAN_POINT('',(0.0132618416969959,-0.018763072187838,0.00237460415381452));
#10780=CARTESIAN_POINT('',(0.0135694673828061,-0.0191913763696996,0.00237460415381452));
#10781=CARTESIAN_POINT('',(0.013656562197557,-0.0184795676837243,0.00237460415381452));
#10782=CARTESIAN_POINT('',(0.0139641878833673,-0.0189078718655858,0.00237460415381452));
#10783=CARTESIAN_POINT('',(0.0139683301528662,-0.0182556431106584,0.00227607101240661));
#10784=CARTESIAN_POINT('',(0.0142759558386765,-0.01868394729252,0.00227607101240661));
#10785=CARTESIAN_POINT('',(0.0141971455629236,-0.0180912984686405,0.00207900472959078));
#10786=CARTESIAN_POINT('',(0.0145047712487338,-0.018519602650502,0.00207900472959078));
#10787=CARTESIAN_POINT('',(0.,1.1327982892113E-18,0.005));
#10788=CARTESIAN_POINT('',(0.,1.1327982892113E-18,0.00230160394818013));
#10789=CARTESIAN_POINT('',(0.0150308327236711,-0.0174089565349425,0.00230160394818013));
#10790=CARTESIAN_POINT('',(0.0174136884219833,-0.0150253504300095,0.00230160394818013));
#10791=CARTESIAN_POINT('',(0.0150308327236711,-0.0174089565349425,0.005));
#10792=CARTESIAN_POINT('',(0.0150308327236711,-0.0174089565349425,0.00146570018507094));
#10793=CARTESIAN_POINT('',(0.,1.1327982892113E-18,0.00146570018507094));
#10794=CARTESIAN_POINT('',(0.0167063823936081,-0.0158080513448383,0.00146570018507094));
#10795=CARTESIAN_POINT('',(0.,1.1327982892113E-18,0.00035911219153044));
#10796=CARTESIAN_POINT('',(0.0154452979342511,-0.0170423141540319,-0.00238994447871684));
#10797=CARTESIAN_POINT('',(0.,1.1327982892113E-18,-0.00238994447871684));
#10798=CARTESIAN_POINT('',(0.0162013941704387,-0.016325211390257,-0.00238994447871684));
#10799=CARTESIAN_POINT('',(0.,1.1327982892113E-18,-0.00189445962902035));
#10800=CARTESIAN_POINT('',(0.0174136884219833,-0.0150253504300095,0.00167750359860169));
#10801=CARTESIAN_POINT('',(0.0174136884219833,-0.0150253504300095,0.005));
#10802=CARTESIAN_POINT('',(0.0179846910778281,-0.0155899894042536,0.00198955377339091));
#10803=CARTESIAN_POINT('',(0.0179846910778281,-0.0155899894042536,0.00230160394818013));
#10804=CARTESIAN_POINT('',(0.0179846910778281,-0.0155899894042536,0.00167750359860169));
#10805=CARTESIAN_POINT('',(0.0167997891244912,-0.0167882456230647,0.00230160394818013));
#10806=CARTESIAN_POINT('',(0.0156148871711543,-0.0179865018418757,0.00230160394818013));
#10807=CARTESIAN_POINT('',(0.0156148871711543,-0.0179865018418757,0.00188365206662554));
#10808=CARTESIAN_POINT('',(0.0156148871711543,-0.0179865018418757,0.00146570018507094));
#10809=CARTESIAN_POINT('',(0.0164292813446955,-0.0171629291570126,0.00146570018507094));
#10810=CARTESIAN_POINT('',(0.0172436755182367,-0.0163393564721495,0.00146570018507094));
#10811=CARTESIAN_POINT('',(0.0166233912742079,-0.016966631539715,-0.00046212214682295));
#10812=CARTESIAN_POINT('',(0.0160031070301793,-0.0175939066072806,-0.00238994447871684));
#10813=CARTESIAN_POINT('',(0.0163692771579188,-0.0172236096122666,-0.00238994447871684));
#10814=CARTESIAN_POINT('',(0.0167354472856584,-0.0168533126172527,-0.00238994447871684));
#10815=CARTESIAN_POINT('',(0.0173600691817433,-0.0162216510107532,-0.000356220440057579));
#10816=CARTESIAN_POINT('',(0.,1.1327982892113E-18,0.005));
#10817=CARTESIAN_POINT('',(0.0106905975536114,-0.0203644008989153,0.000196949569119548));
#10818=CARTESIAN_POINT('',(0.0107019199204522,-0.020358457052698,0.000560988552980497));
#10819=CARTESIAN_POINT('',(0.0107148760395149,-0.0203516437511168,0.000924954086202364));
#10820=CARTESIAN_POINT('',(0.0107294615836158,-0.0203439512909418,0.00128884417410931));
#10821=CARTESIAN_POINT('',(0.0106907894605353,-0.0203643011295515,0.000196942954734234));
#10822=CARTESIAN_POINT('',(0.0107292577548753,-0.0203440587895324,0.00128885461649188));
#10823=CARTESIAN_POINT('',(0.0106863273412764,-0.0203666420393149,-0.000166008519305833));
#10824=CARTESIAN_POINT('',(0.0106865641853946,-0.0203665177677845,-4.50059308757829E-5));
#10825=CARTESIAN_POINT('',(0.0106881154224244,-0.0203657039944984,7.59751660527657E-5));
#10826=CARTESIAN_POINT('',(0.0106909806376238,-0.0203641997880706,0.000196934770529925));
#10827=CARTESIAN_POINT('',(0.0106863501849514,-0.0203666281704909,-0.000166008578262349));
#10828=CARTESIAN_POINT('',(0.0106863743636255,-0.0203666173667339,0.005));
#10829=CARTESIAN_POINT('',(0.0106863743636255,-0.0203666173667339,-0.00238994447871684));
#10830=CARTESIAN_POINT('',(0.,1.1327982892113E-18,-0.00238994447871684));
#10831=CARTESIAN_POINT('',(0.011503108098773,-0.0199167317617737,-0.00238994447871684));
#10832=CARTESIAN_POINT('',(0.011503108098773,-0.0199167317617737,0.005));
#10833=CARTESIAN_POINT('',(0.011503108098773,-0.0199167317617737,0.0023077729796422));
#10834=CARTESIAN_POINT('',(0.,1.1327982892113E-18,0.0023077729796422));
#10835=CARTESIAN_POINT('',(0.0103059517261638,-0.0205617377432084,0.0023077729796422));
#10836=CARTESIAN_POINT('',(0.,1.1327982892113E-18,-0.00146318509909087));
#10837=CARTESIAN_POINT('',(0.00923802616050041,-0.0210631567591472,-0.00128465967509768));
#10838=CARTESIAN_POINT('',(0.,1.1327982892113E-18,-0.00128465967509768));
#10839=CARTESIAN_POINT('',(0.00922013256037602,-0.021070995599914,-0.00128465967509768));
#10840=CARTESIAN_POINT('',(0.,1.1327982892113E-18,-0.00115837619602262));
#10841=CARTESIAN_POINT('',(0.00819116323082329,-0.0214919181305092,0.0023077729796422));
#10842=CARTESIAN_POINT('',(0.,1.1327982892113E-18,0.0023077729796422));
#10843=CARTESIAN_POINT('',(0.00690646754274309,-0.0219385142177754,0.0023077729796422));
#10844=CARTESIAN_POINT('',(0.00690646754274309,-0.0219385142177754,0.005));
#10845=CARTESIAN_POINT('',(0.00690646754274309,-0.0219385142177754,-0.00238994447871684));
#10846=CARTESIAN_POINT('',(0.,1.1327982892113E-18,-0.00238994447871684));
#10847=CARTESIAN_POINT('',(0.00775357467954269,-0.0216536320207778,-0.00238994447871684));
#10848=CARTESIAN_POINT('',(0.00775357467954269,-0.0216536320207778,0.005));
#10849=CARTESIAN_POINT('',(0.00775357467954269,-0.0216536320207778,-0.000205079169237098));
#10850=CARTESIAN_POINT('',(0.00769533187034147,-0.0216743988938057,0.00129502364795394));
#10851=CARTESIAN_POINT('',(0.00772124723464904,-0.0216651978391483,0.000795273562858485));
#10852=CARTESIAN_POINT('',(0.00775357467954269,-0.0216536320207778,0.00029554279176713));
#10853=CARTESIAN_POINT('',(0.00775357467954269,-0.0216536320207778,-0.000205079169237098));
#10854=CARTESIAN_POINT('',(0.00769533187034147,-0.0216743988938057,0.00129502364795394));
#10855=CARTESIAN_POINT('',(0.,1.1327982892113E-18,0.00129502364795394));
#10856=CARTESIAN_POINT('',(0.00772252012823755,-0.0216647266973637,0.00129502364795394));
#10857=CARTESIAN_POINT('',(0.,1.1327982892113E-18,-0.00382373207709419));
#10858=CARTESIAN_POINT('',(0.00877919425210852,-0.0212584912043693,-0.00238994447871684));
#10859=CARTESIAN_POINT('',(0.,1.1327982892113E-18,-0.00238994447871684));
#10860=CARTESIAN_POINT('',(0.00961599795744547,-0.0208933071409221,-0.00238994447871684));
#10861=CARTESIAN_POINT('',(0.,1.1327982892113E-18,-0.00382648741912094));
#10862=CARTESIAN_POINT('',(0.0107037151244174,-0.0203575092419927,0.00128885461649188));
#10863=CARTESIAN_POINT('',(0.,1.1327982892113E-18,0.00128885461649188));
#10864=CARTESIAN_POINT('',(0.0110410766394167,-0.021096022486719,0.00128885461649188));
#10865=CARTESIAN_POINT('',(0.0107294688698525,-0.0203439668379554,0.00128885461649188));
#10866=CARTESIAN_POINT('',(0.011027879676154,-0.0211017704521137,0.00128885461649188));
#10867=CARTESIAN_POINT('',(0.109774243938189,0.0219074183530283,-0.00357701725237389));
#10868=CARTESIAN_POINT('',(0.0110146827128913,-0.0211075184175083,0.000196936047707175));
#10869=CARTESIAN_POINT('',(0.0246090182032942,-0.0151864767046212,-0.000198709810247215));
#10870=CARTESIAN_POINT('',(0.011009969511726,-0.0211095712622921,-0.000166008636644048));
#10871=CARTESIAN_POINT('',(0.011009969511726,-0.0211095712622921,-0.00127797655768044));
#10872=CARTESIAN_POINT('',(0.011009969511726,-0.0211095712622921,-0.00238994447871684));
#10873=CARTESIAN_POINT('',(0.0114355715769482,-0.0209241993783153,-0.00238994447871684));
#10874=CARTESIAN_POINT('',(0.0118611736421704,-0.0207388274943387,-0.00238994447871684));
#10875=CARTESIAN_POINT('',(0.0118611736421704,-0.0207388274943387,-4.10857495373237E-5));
#10876=CARTESIAN_POINT('',(0.0118611736421704,-0.0207388274943387,0.0023077729796422));
#10877=CARTESIAN_POINT('',(0.0112399737285903,-0.0210093924368429,0.0023077729796422));
#10878=CARTESIAN_POINT('',(0.0106187738150102,-0.0212799573793472,0.0023077729796422));
#10879=CARTESIAN_POINT('',(0.0100781696413559,-0.0215154186760484,0.000511556652272259));
#10880=CARTESIAN_POINT('',(0.0095375654677016,-0.0217508799727498,-0.00128465967509768));
#10881=CARTESIAN_POINT('',(0.00952861038548762,-0.021754780377839,-0.00128465967509768));
#10882=CARTESIAN_POINT('',(0.00951965530327365,-0.0217586807829283,-0.00128465967509768));
#10883=CARTESIAN_POINT('',(0.00901015825731001,-0.0219805933040566,0.000511556652272259));
#10884=CARTESIAN_POINT('',(0.00850066121134637,-0.0222025058251849,0.0023077729796422));
#10885=CARTESIAN_POINT('',(0.00787898997764975,-0.0224732760521675,0.0023077729796422));
#10886=CARTESIAN_POINT('',(0.00725731874395314,-0.0227440462791501,0.0023077729796422));
#10887=CARTESIAN_POINT('',(0.00725731874395314,-0.0227440462791501,-4.10857495373237E-5));
#10888=CARTESIAN_POINT('',(0.00725731874395314,-0.0227440462791501,-0.00238994447871684));
#10889=CARTESIAN_POINT('',(0.00766548196486388,-0.0225662699208734,-0.00238994447871684));
#10890=CARTESIAN_POINT('',(0.00807364518577462,-0.0223884935625967,-0.00238994447871684));
#10891=CARTESIAN_POINT('',(0.00807364518577462,-0.0223884935625967,-0.00129751182397697));
#10892=CARTESIAN_POINT('',(0.00807364518577462,-0.0223884935625967,-0.000205079169237098));
#10893=CARTESIAN_POINT('',(0.00769412105529668,-0.0216716189394102,0.00129502364795394));
#10894=CARTESIAN_POINT('',(0.00789834519284959,-0.022140504580782,0.00129502364795394));
#10895=CARTESIAN_POINT('',(0.00773182666461869,-0.0216551961811399,0.000545829049283706));
#10896=CARTESIAN_POINT('',(0.0079360508021716,-0.0221240818225117,0.000545829049283706));
#10897=CARTESIAN_POINT('',(0.00775067946927969,-0.0216469848020047,4.57947768866945E-5));
#10898=CARTESIAN_POINT('',(0.0079549036068326,-0.0221158704433765,4.57947768866945E-5));
#10899=CARTESIAN_POINT('',(0.00775067946927969,-0.0216469848020047,-0.000205079169237098));
#10900=CARTESIAN_POINT('',(0.0079549036068326,-0.0221158704433765,-0.000205079169237098));
#10901=CARTESIAN_POINT('',(0.00801708677179161,-0.0224131277000023,0.00129502364795394));
#10902=CARTESIAN_POINT('',(0.00803028373505431,-0.0224073797346077,0.00129502364795394));
#10903=CARTESIAN_POINT('',(0.00804348069831702,-0.022401631769213,0.00129502364795394));
#10904=CARTESIAN_POINT('',(0.00856193282649463,-0.0221758188429955,-0.000547460415381453));
#10905=CARTESIAN_POINT('',(0.00908038495467225,-0.021950005916778,-0.00238994447871684));
#10906=CARTESIAN_POINT('',(0.00949891721814654,-0.021767713299977,-0.00238994447871684));
#10907=CARTESIAN_POINT('',(0.00991744948162083,-0.0215854206831759,-0.00238994447871684));
#10908=CARTESIAN_POINT('',(0.0104726645788874,-0.0213435955676448,-0.000550544931112483));
#10909=CARTESIAN_POINT('',(0.,1.1327982892113E-18,0.005));
#10910=CARTESIAN_POINT('',(0.,1.1327982892113E-18,-0.000373358477211211));
#10911=CARTESIAN_POINT('',(0.00422420490051349,-0.0226087105550268,0.000505387620810199));
#10912=CARTESIAN_POINT('',(0.00375193691127953,-0.022691863506911,0.00110275550071972));
#10913=CARTESIAN_POINT('',(0.,1.1327982892113E-18,0.00107192209394554));
#10914=CARTESIAN_POINT('',(0.00475401976640489,-0.0225032663398311,0.000938911104859239));
#10915=CARTESIAN_POINT('',(0.0050887016711049,-0.0224299535288193,0.00126360876985653));
#10916=CARTESIAN_POINT('',(0.00498180615281628,-0.0224542050013803,0.00115052586360174));
#10917=CARTESIAN_POINT('',(0.00487036384850983,-0.0224786859128332,0.00104217161363026));
#10918=CARTESIAN_POINT('',(0.00475433186254386,-0.0225032004066822,0.000938546033904632));
#10919=CARTESIAN_POINT('',(0.00508916291686151,-0.0224298488806354,0.00126315031873329));
#10920=CARTESIAN_POINT('',(0.,1.1327982892113E-18,-0.00438579751867844));
#10921=CARTESIAN_POINT('',(0.00507412106109229,-0.0224332564613317,0.000774768661320173));
#10922=CARTESIAN_POINT('',(0.,1.1327982892113E-18,-0.00629792309274111));
#10923=CARTESIAN_POINT('',(0.0050640919293871,-0.0224355225687572,0.000328542052231133));
#10924=CARTESIAN_POINT('',(0.0050640919293871,-0.0224355225687572,0.005));
#10925=CARTESIAN_POINT('',(0.0050640919293871,-0.0224355225687572,-0.00238994447871684));
#10926=CARTESIAN_POINT('',(0.,1.1327982892113E-18,-0.00238994447871684));
#10927=CARTESIAN_POINT('',(0.00602836695496031,-0.022195866548951,-0.00238994447871684));
#10928=CARTESIAN_POINT('',(0.00602836695496031,-0.022195866548951,0.005));
#10929=CARTESIAN_POINT('',(0.00602836695496031,-0.022195866548951,0.0023077729796422));
#10930=CARTESIAN_POINT('',(0.,1.1327982892113E-18,0.0023077729796422));
#10931=CARTESIAN_POINT('',(0.00523645613440646,-0.0223959198774004,0.0023077729796422));
#10932=CARTESIAN_POINT('',(0.,1.1327982892113E-18,0.00204540334513496));
#10933=CARTESIAN_POINT('',(0.00465799104067401,-0.023292662448577,0.00170526424018096));
#10934=CARTESIAN_POINT('',(0.00391873725760825,-0.0234543751168585,0.00110275550071972));
#10935=CARTESIAN_POINT('',(0.00539724482373977,-0.0231309497802956,0.0023077729796422));
#10936=CARTESIAN_POINT('',(0.00415276732751902,-0.0234031807531227,0.00080407156076496));
#10937=CARTESIAN_POINT('',(0.00438679739742977,-0.0233519863893868,0.000505387620810199));
#10938=CARTESIAN_POINT('',(0.00465045788391723,-0.0232943103358218,0.000722331893892659));
#10939=CARTESIAN_POINT('',(0.00491411837040467,-0.0232366342822567,0.000939276166975118));
#10940=CARTESIAN_POINT('',(0.0012508580829287,-0.0240379769460043,0.0052306863864858));
#10941=CARTESIAN_POINT('',(0.00508919309801177,-0.022429842278472,0.00126412865495146));
#10942=CARTESIAN_POINT('',(0.00524206179455002,-0.0231648962575368,0.00101895949002673));
#10943=CARTESIAN_POINT('',(0.00523452863779323,-0.0231665441447815,0.000774768661320173));
#10944=CARTESIAN_POINT('',(0.00522950653328871,-0.023167642736278,0.000551655356775653));
#10945=CARTESIAN_POINT('',(0.00522448442878419,-0.0231687413277744,0.000328542052231133));
#10946=CARTESIAN_POINT('',(0.00522448442878419,-0.0231687413277744,-0.00103070121324285));
#10947=CARTESIAN_POINT('',(0.00522448442878419,-0.0231687413277744,-0.00238994447871684));
#10948=CARTESIAN_POINT('',(0.00570961972392109,-0.0230626173892148,-0.00238994447871684));
#10949=CARTESIAN_POINT('',(0.006194755019058,-0.022956493450655,-0.00238994447871684));
#10950=CARTESIAN_POINT('',(0.006194755019058,-0.022956493450655,-4.10857495373229E-5));
#10951=CARTESIAN_POINT('',(0.006194755019058,-0.022956493450655,0.0023077729796422));
#10952=CARTESIAN_POINT('',(0.00579599992139889,-0.0230437216154754,0.0023077729796422));
#10953=CARTESIAN_POINT('',(0.,1.1327982892113E-18,0.005));
#10954=CARTESIAN_POINT('',(0.0228229758886879,-0.00284771339619546,-0.00193035163479334));
#10955=CARTESIAN_POINT('',(0.0228229758886879,-0.00284771339619546,-0.00207708837721807));
#10956=CARTESIAN_POINT('',(0.0228178678227603,-0.00289025531003108,-0.00222669311182569));
#10957=CARTESIAN_POINT('',(0.0228042346630033,-0.00299409108698762,-0.00233031050791693));
#10958=CARTESIAN_POINT('',(0.0228229758886879,-0.00284771339619546,-0.00193035163479334));
#10959=CARTESIAN_POINT('',(0.0228042346630033,-0.00299409108698762,-0.00233031050791693));
#10960=CARTESIAN_POINT('',(0.0228044354088655,-0.00299256172624426,-0.0015257659880732));
#10961=CARTESIAN_POINT('',(0.0228183371262066,-0.00288662546020294,-0.00162920965615469));
#10962=CARTESIAN_POINT('',(0.0228229758886879,-0.00284771339619546,-0.00178230390532266));
#10963=CARTESIAN_POINT('',(0.0228229758886879,-0.00284771339619546,-0.00193035163479334));
#10964=CARTESIAN_POINT('',(0.0228044354088655,-0.00299256172624426,-0.0015257659880732));
#10965=CARTESIAN_POINT('',(0.0227471269585009,-0.00340086976174405,-0.00138439235040099));
#10966=CARTESIAN_POINT('',(0.0227692572769653,-0.00325284846160323,-0.00138439235040099));
#10967=CARTESIAN_POINT('',(0.0227903649772813,-0.00309978365768284,-0.00142106690530147));
#10968=CARTESIAN_POINT('',(0.0228044354088655,-0.00299256172624426,-0.0015257659880732));
#10969=CARTESIAN_POINT('',(0.0227471269585009,-0.00340086976174405,-0.00138439235040099));
#10970=CARTESIAN_POINT('',(0.0226810584093525,-0.00381671186154282,-0.00152268147234218));
#10971=CARTESIAN_POINT('',(0.022699393216032,-0.00370775608067478,-0.00141693171609057));
#10972=CARTESIAN_POINT('',(0.0227246466514208,-0.0035512320028878,-0.00138439235040099));
#10973=CARTESIAN_POINT('',(0.0227471269585008,-0.00340086976174404,-0.00138439235040099));
#10974=CARTESIAN_POINT('',(0.0226810584093525,-0.00381671186154282,-0.00152268147234218));
#10975=CARTESIAN_POINT('',(0.0226566329131687,-0.0039591268027712,-0.00193035163479334));
#10976=CARTESIAN_POINT('',(0.0226566329131687,-0.0039591268027712,-0.00178144145869609));
#10977=CARTESIAN_POINT('',(0.0226630900903067,-0.00392348976581619,-0.00162631743603322));
#10978=CARTESIAN_POINT('',(0.0226810584093523,-0.00381671186154279,-0.00152268147234218));
#10979=CARTESIAN_POINT('',(0.0226566329131687,-0.0039591268027712,-0.00193035163479334));
#10980=CARTESIAN_POINT('',(0.0226815701574374,-0.00381366951842283,-0.00233339502364796));
#10981=CARTESIAN_POINT('',(0.0226638987896912,-0.00391876891557167,-0.00223018126823651));
#10982=CARTESIAN_POINT('',(0.0226566329131687,-0.0039591268027712,-0.00207811001344994));
#10983=CARTESIAN_POINT('',(0.0226566329131687,-0.0039591268027712,-0.00193035163479334));
#10984=CARTESIAN_POINT('',(0.0226815701574373,-0.00381366951842283,-0.00233339502364796));
#10985=CARTESIAN_POINT('',(0.0227471269585009,-0.00340086976174405,-0.00247631091918569));
#10986=CARTESIAN_POINT('',(0.0227247002200806,-0.00355087370245612,-0.00247631091918569));
#10987=CARTESIAN_POINT('',(0.0226997409051958,-0.0037056000886764,-0.00243952552479161));
#10988=CARTESIAN_POINT('',(0.0226815701574373,-0.00381366951842283,-0.00233339502364796));
#10989=CARTESIAN_POINT('',(0.0227471269585009,-0.00340086976174405,-0.00247631091918569));
#10990=CARTESIAN_POINT('',(0.0228042346630033,-0.00299409108698762,-0.00233031050791693));
#10991=CARTESIAN_POINT('',(0.0227903131725396,-0.00310012290972459,-0.00243611933120342));
#10992=CARTESIAN_POINT('',(0.0227692816499561,-0.00325268543991919,-0.00247631091918569));
#10993=CARTESIAN_POINT('',(0.0227471269585009,-0.00340086976174405,-0.00247631091918569));
#10994=CARTESIAN_POINT('',(0.0228012472008487,-0.0029936473053268,-0.00233031050791693));
#10995=CARTESIAN_POINT('',(0.0233051324842575,-0.00306849847878487,-0.00233031050791693));
#10996=CARTESIAN_POINT('',(0.0227867943429012,-0.00309094147035421,-0.00242764411542944));
#10997=CARTESIAN_POINT('',(0.02329067962631,-0.00316579264381227,-0.00242764411542944));
#10998=CARTESIAN_POINT('',(0.0227666761660719,-0.00322637359205612,-0.00247631091918569));
#10999=CARTESIAN_POINT('',(0.0232705614494807,-0.00330122476551419,-0.00247631091918569));
#11000=CARTESIAN_POINT('',(0.0227408926703608,-0.00339994367043254,-0.00247631091918569));
#11001=CARTESIAN_POINT('',(0.0232447779537695,-0.00347479484389061,-0.00247631091918569));
#11002=CARTESIAN_POINT('',(0.0235494005042766,-0.00310478401547096,-0.00233031050791693));
#11003=CARTESIAN_POINT('',(0.0234890459737887,-0.00351108038057669,-0.00247631091918569));
#11004=CARTESIAN_POINT('',(0.0228199901095763,-0.00284726986454739,-0.00193035163479334));
#11005=CARTESIAN_POINT('',(0.0233235915197272,-0.00292207886918813,-0.00193035163479334));
#11006=CARTESIAN_POINT('',(0.0228199901095763,-0.00284726986454739,-0.00209965727602989));
#11007=CARTESIAN_POINT('',(0.0233235915197272,-0.00292207886918813,-0.00209965727602989));
#11008=CARTESIAN_POINT('',(0.0228127636806026,-0.00289591694706109,-0.00223297690040441));
#11009=CARTESIAN_POINT('',(0.0233163650907535,-0.00297072595170183,-0.00223297690040441));
#11010=CARTESIAN_POINT('',(0.0227983108226552,-0.0029932111120885,-0.00233031050791693));
#11011=CARTESIAN_POINT('',(0.023301912232806,-0.00306802011672924,-0.00233031050791693));
#11012=CARTESIAN_POINT('',(0.0235710797911978,-0.00295884276792985,-0.00193035163479334));
#11013=CARTESIAN_POINT('',(0.0227985375873084,-0.00299168561638566,-0.0015257659880732));
#11014=CARTESIAN_POINT('',(0.0233021133773379,-0.00306649081520749,-0.0015257659880732));
#11015=CARTESIAN_POINT('',(0.0228128393700856,-0.00289540846353624,-0.00162001507985468));
#11016=CARTESIAN_POINT('',(0.0233164151601152,-0.00297021366235807,-0.00162001507985468));
#11017=CARTESIAN_POINT('',(0.0228199902614743,-0.00284726988711153,-0.00175487696209473));
#11018=CARTESIAN_POINT('',(0.0233235660515038,-0.00292207508593336,-0.00175487696209473));
#11019=CARTESIAN_POINT('',(0.0228199902614743,-0.00284726988711153,-0.00193035163479334));
#11020=CARTESIAN_POINT('',(0.0233235660515038,-0.00292207508593336,-0.00193035163479334));
#11021=CARTESIAN_POINT('',(0.0235496271170319,-0.00310325849720397,-0.0015257659880732));
#11022=CARTESIAN_POINT('',(0.0227408666506102,-0.00339993980524948,-0.00138439235040099));
#11023=CARTESIAN_POINT('',(0.0232447777159878,-0.00347479480856859,-0.00138439235040099));
#11024=CARTESIAN_POINT('',(0.0227669522966617,-0.00322433570251708,-0.00138439235040099));
#11025=CARTESIAN_POINT('',(0.0232708633620393,-0.0032991907058362,-0.00138439235040099));
#11026=CARTESIAN_POINT('',(0.0227871460110761,-0.00308839507472618,-0.00143151689629173));
#11027=CARTESIAN_POINT('',(0.0232910570764537,-0.00316325007804529,-0.00143151689629173));
#11028=CARTESIAN_POINT('',(0.0228014477938534,-0.00299211792187676,-0.0015257659880732));
#11029=CARTESIAN_POINT('',(0.023305358859231,-0.00306697292519587,-0.0015257659880732));
#11030=CARTESIAN_POINT('',(0.0234890459737887,-0.00351108038057669,-0.00138439235040099));
#11031=CARTESIAN_POINT('',(0.0226780654535941,-0.0038162672638179,-0.00152268147234218));
#11032=CARTESIAN_POINT('',(0.0231828773248407,-0.00389125608008725,-0.00152268147234218));
#11033=CARTESIAN_POINT('',(0.0226922161612012,-0.00372100712314647,-0.00143048872438138));
#11034=CARTESIAN_POINT('',(0.0231970280324478,-0.00379599593941582,-0.00143048872438138));
#11035=CARTESIAN_POINT('',(0.0227128379219311,-0.00358218496085126,-0.00138439235040099));
#11036=CARTESIAN_POINT('',(0.0232176497931777,-0.00365717377712062,-0.00138439235040099));
#11037=CARTESIAN_POINT('',(0.0227399307357838,-0.00339980077693229,-0.00138439235040099));
#11038=CARTESIAN_POINT('',(0.0232447426070305,-0.00347478959320164,-0.00138439235040099));
#11039=CARTESIAN_POINT('',(0.0234271806915989,-0.0039275468674623,-0.00152268147234218));
#11040=CARTESIAN_POINT('',(0.022653645443666,-0.00395868302001884,-0.00193035163479334));
#11041=CARTESIAN_POINT('',(0.0231575319664509,-0.00403353437758379,-0.00193035163479334));
#11042=CARTESIAN_POINT('',(0.022653645443666,-0.00395868302001884,-0.00175076427445336));
#11043=CARTESIAN_POINT('',(0.0231575319664509,-0.00403353437758379,-0.00175076427445336));
#11044=CARTESIAN_POINT('',(0.0226607207974696,-0.00391105294968312,-0.00161487422030297));
#11045=CARTESIAN_POINT('',(0.0231646073202544,-0.00398590430724808,-0.00161487422030297));
#11046=CARTESIAN_POINT('',(0.0226748715050767,-0.00381579280901169,-0.00152268147234218));
#11047=CARTESIAN_POINT('',(0.0231787580278615,-0.00389064416657664,-0.00152268147234218));
#11048=CARTESIAN_POINT('',(0.0234059546301883,-0.00407043707846946,-0.00193035163479334));
#11049=CARTESIAN_POINT('',(0.0226753243869261,-0.00381274172142755,-0.00233339502364796));
#11050=CARTESIAN_POINT('',(0.0231792688738782,-0.00388760168945619,-0.00233339502364796));
#11051=CARTESIAN_POINT('',(0.0226608715289787,-0.00391003588645495,-0.00223811775995613));
#11052=CARTESIAN_POINT('',(0.0231648160159307,-0.00398489585448359,-0.00223811775995613));
#11053=CARTESIAN_POINT('',(0.0226536451000049,-0.00395868296896866,-0.00210376996367126));
#11054=CARTESIAN_POINT('',(0.023157589586957,-0.0040335429369973,-0.00210376996367126));
#11055=CARTESIAN_POINT('',(0.0226536451000049,-0.00395868296896866,-0.00193035163479334));
#11056=CARTESIAN_POINT('',(0.023157589586957,-0.0040335429369973,-0.00193035163479334));
#11057=CARTESIAN_POINT('',(0.0234276339171095,-0.00392449583092835,-0.00233339502364796));
#11058=CARTESIAN_POINT('',(0.0227399896094936,-0.00339980952250674,-0.00247631091918569));
#11059=CARTESIAN_POINT('',(0.023244742255895,-0.00347478954104116,-0.00247631091918569));
#11060=CARTESIAN_POINT('',(0.0227135010963216,-0.00357812565771377,-0.00247631091918569));
#11061=CARTESIAN_POINT('',(0.023218253742723,-0.00365310567624819,-0.00247631091918569));
#11062=CARTESIAN_POINT('',(0.0226930304107619,-0.00371593080783099,-0.00242867228733978));
#11063=CARTESIAN_POINT('',(0.0231977830571633,-0.0037909108263654,-0.00242867228733978));
#11064=CARTESIAN_POINT('',(0.0226785775528144,-0.00381322497285839,-0.00233339502364796));
#11065=CARTESIAN_POINT('',(0.0231833301992158,-0.00388820499139281,-0.00233339502364796));
#11066=CARTESIAN_POINT('',(0.,1.1327982892113E-18,0.005));
#11067=CARTESIAN_POINT('',(0.0216209220237501,-0.00784432475394927,-4.15998354924945E-5));
#11068=CARTESIAN_POINT('',(0.0216209220237501,-0.00784432475394927,0.000276410811120034));
#11069=CARTESIAN_POINT('',(0.0216338266148589,-0.00780857992258263,0.000912772454341791));
#11070=CARTESIAN_POINT('',(0.0216963544008534,-0.00763535055812038,0.00152746847337651));
#11071=CARTESIAN_POINT('',(0.0217550164899237,-0.00746437924583485,0.00179214476660498));
#11072=CARTESIAN_POINT('',(0.0216209220237501,-0.00784432475394927,-4.15998354924945E-5));
#11073=CARTESIAN_POINT('',(0.0217550164899236,-0.00746437924583485,0.00179214476660498));
#11074=CARTESIAN_POINT('',(0.0217585236095831,-0.00745414987330654,-0.00184398519432449));
#11075=CARTESIAN_POINT('',(0.0216440638427131,-0.00778825578506264,-0.00132235586456628));
#11076=CARTESIAN_POINT('',(0.02162092202375,-0.00784432475394926,-0.000668048151330392));
#11077=CARTESIAN_POINT('',(0.02162092202375,-0.00784432475394926,-4.15998354924945E-5));
#11078=CARTESIAN_POINT('',(0.0217585236095831,-0.00745414987330654,-0.00184398519432449));
#11079=CARTESIAN_POINT('',(0.0221249961434054,-0.0062834899265293,-0.00245471930906847));
#11080=CARTESIAN_POINT('',(0.0220594203831395,-0.00651439082076937,-0.00245471930906847));
#11081=CARTESIAN_POINT('',(0.0219192964441851,-0.0069776317166508,-0.00237300533712568));
#11082=CARTESIAN_POINT('',(0.0218022567117387,-0.00732649376872762,-0.00204329076159519));
#11083=CARTESIAN_POINT('',(0.0217585236095831,-0.00745414987330654,-0.00184398519432449));
#11084=CARTESIAN_POINT('',(0.0221249961434054,-0.0062834899265293,-0.00245471930906847));
#11085=CARTESIAN_POINT('',(0.0224320013665086,-0.00507966678980557,-0.00186300637466584));
#11086=CARTESIAN_POINT('',(0.0224019560851804,-0.00521234789266173,-0.00206248160815804));
#11087=CARTESIAN_POINT('',(0.022315593969804,-0.00558235085019306,-0.00238268163597734));
#11088=CARTESIAN_POINT('',(0.022190719610159,-0.00605206893827947,-0.00245471930906847));
#11089=CARTESIAN_POINT('',(0.0221249961434054,-0.0062834899265293,-0.00245471930906847));
#11090=CARTESIAN_POINT('',(0.0224320013665086,-0.00507966678980557,-0.00186300637466584));
#11091=CARTESIAN_POINT('',(0.0225177090786885,-0.00468513370674211,-4.15998354924945E-5));
#11092=CARTESIAN_POINT('',(0.0225177090786885,-0.00468513370674211,-0.00035762049892173));
#11093=CARTESIAN_POINT('',(0.0225098415176735,-0.00472270580060844,-0.000990120401802941));
#11094=CARTESIAN_POINT('',(0.0224716213854895,-0.00490470328202149,-0.00159996298855772));
#11095=CARTESIAN_POINT('',(0.0224320013665086,-0.00507966678980557,-0.00186300637466584));
#11096=CARTESIAN_POINT('',(0.0225177090786885,-0.00468513370674211,-4.15998354924945E-5));
#11097=CARTESIAN_POINT('',(0.0224291559069575,-0.00509221614858328,0.00176489821098088));
#11098=CARTESIAN_POINT('',(0.0225073442407908,-0.00474782811035389,0.00124169721694788));
#11099=CARTESIAN_POINT('',(0.0225177090786885,-0.00468513370674211,0.000586370164506548));
#11100=CARTESIAN_POINT('',(0.0225177090786885,-0.00468513370674211,-4.15998354924945E-5));
#11101=CARTESIAN_POINT('',(0.0224291559069575,-0.00509221614858328,0.00176489821098088));
#11102=CARTESIAN_POINT('',(0.0221249961434054,-0.0062834899265293,0.00238180135718692));
#11103=CARTESIAN_POINT('',(0.0221908446611289,-0.00605162861733398,0.00238180135718692));
#11104=CARTESIAN_POINT('',(0.0223155687535316,-0.00558200290639534,0.00229812166693336));
#11105=CARTESIAN_POINT('',(0.022399226700934,-0.00522404221575825,0.00196517093165959));
#11106=CARTESIAN_POINT('',(0.0224291559069575,-0.00509221614858328,0.00176489821098088));
#11107=CARTESIAN_POINT('',(0.0221249961434054,-0.0062834899265293,0.00238180135718692));
#11108=CARTESIAN_POINT('',(0.0217550164899236,-0.00746437924583485,0.00179214476660498));
#11109=CARTESIAN_POINT('',(0.02179903580676,-0.00733608445639428,0.00199075463194279));
#11110=CARTESIAN_POINT('',(0.0219194590133333,-0.00697742342373603,0.00230978347541932));
#11111=CARTESIAN_POINT('',(0.0220595273027609,-0.00651401434269133,0.00238180135718692));
#11112=CARTESIAN_POINT('',(0.0221249961434054,-0.0062834899265293,0.00238180135718692));
#11113=CARTESIAN_POINT('',(0.0222951967177989,-0.00564994719596111,-4.15998354924945E-5));
#11114=CARTESIAN_POINT('',(0.0222951967177989,-0.00564994719596111,0.000378261231815719));
#11115=CARTESIAN_POINT('',(0.0222970489422452,-0.00564494727472138,0.000810262414742429));
#11116=CARTESIAN_POINT('',(0.0222562828861897,-0.00580134226644124,0.00120043183220234));
#11117=CARTESIAN_POINT('',(0.0222951967177989,-0.00564994719596111,-4.15998354924945E-5));
#11118=CARTESIAN_POINT('',(0.0222562828861897,-0.00580134226644125,0.00120043183220234));
#11119=CARTESIAN_POINT('',(0.0222568015542671,-0.00579935208247205,-0.00127489204194941));
#11120=CARTESIAN_POINT('',(0.0222966634485599,-0.00564636977371828,-0.000886576699468537));
#11121=CARTESIAN_POINT('',(0.0222951967177989,-0.00564994719596111,-0.000458427494381342));
#11122=CARTESIAN_POINT('',(0.0222951967177989,-0.00564994719596111,-4.15998354924945E-5));
#11123=CARTESIAN_POINT('',(0.0222568015542671,-0.00579935208247205,-0.00127489204194941));
#11124=CARTESIAN_POINT('',(0.0221249961434054,-0.0062834899265293,-0.00165377339091096));
#11125=CARTESIAN_POINT('',(0.0221558597355684,-0.00617481515095697,-0.00165377339091096));
#11126=CARTESIAN_POINT('',(0.0222155071596946,-0.00595759971074938,-0.00158126679369836));
#11127=CARTESIAN_POINT('',(0.0222460837900545,-0.00584048480692018,-0.00137929933002972));
#11128=CARTESIAN_POINT('',(0.0222568015542671,-0.00579935208247205,-0.00127489204194941));
#11129=CARTESIAN_POINT('',(0.0221249961434054,-0.0062834899265293,-0.00165377339091096));
#11130=CARTESIAN_POINT('',(0.0219823447352192,-0.00676566478215433,-0.00127951881554596));
#11131=CARTESIAN_POINT('',(0.0219945758594654,-0.00672592459425876,-0.00138386297045892));
#11132=CARTESIAN_POINT('',(0.0220300377352245,-0.00661057331865911,-0.00158428924047297));
#11133=CARTESIAN_POINT('',(0.0220941596741266,-0.00639206919885214,-0.00165377339091096));
#11134=CARTESIAN_POINT('',(0.0221249961434054,-0.0062834899265293,-0.00165377339091096));
#11135=CARTESIAN_POINT('',(0.0219823447352192,-0.00676566478215433,-0.00127951881554596));
#11136=CARTESIAN_POINT('',(0.0219380090467419,-0.00690807202246556,-4.15998354924945E-5));
#11137=CARTESIAN_POINT('',(0.0219380090467419,-0.00690807202246556,-0.00045960417979584));
#11138=CARTESIAN_POINT('',(0.0219365713858131,-0.00691438712928905,-0.000889024747696444));
#11139=CARTESIAN_POINT('',(0.0219823447352192,-0.00676566478215433,-0.00127951881554596));
#11140=CARTESIAN_POINT('',(0.0219380090467419,-0.00690807202246556,-4.15998354924945E-5));
#11141=CARTESIAN_POINT('',(0.0219827985105881,-0.00676419024313982,0.00120043183220234));
#11142=CARTESIAN_POINT('',(0.0219367749961448,-0.00691376108730435,0.000808534770164684));
#11143=CARTESIAN_POINT('',(0.0219380090467419,-0.00690807202246556,0.000377880135572227));
#11144=CARTESIAN_POINT('',(0.0219380090467419,-0.00690807202246556,-4.15998354924945E-5));
#11145=CARTESIAN_POINT('',(0.0219827985105881,-0.00676419024313982,0.00120043183220234));
#11146=CARTESIAN_POINT('',(0.0221249961434054,-0.0062834899265293,0.00157777092329838));
#11147=CARTESIAN_POINT('',(0.0220941936588558,-0.00639194953414171,0.00157777092329838));
#11148=CARTESIAN_POINT('',(0.0220307647476553,-0.00660812291518695,0.00150766815871148));
#11149=CARTESIAN_POINT('',(0.0219950815986617,-0.00672427169553771,0.00130502415173802));
#11150=CARTESIAN_POINT('',(0.0219827985105881,-0.00676419024313982,0.00120043183220234));
#11151=CARTESIAN_POINT('',(0.0221249961434054,-0.0062834899265293,0.00157777092329838));
#11152=CARTESIAN_POINT('',(0.0222562828861897,-0.00580134226644125,0.00120043183220234));
#11153=CARTESIAN_POINT('',(0.0222454774510361,-0.0058427962628517,0.00130384998807156));
#11154=CARTESIAN_POINT('',(0.0222153117453022,-0.00595830564261633,0.00150331779041286));
#11155=CARTESIAN_POINT('',(0.0221557440629025,-0.00617522244965809,0.00157777092329838));
#11156=CARTESIAN_POINT('',(0.0221249961434054,-0.0062834899265293,0.00157777092329838));
#11157=CARTESIAN_POINT('',(0.0220953200184356,-0.00627519794994047,0.00238180135718692));
#11158=CARTESIAN_POINT('',(0.022610382785577,-0.00641911459711899,0.00238180135718692));
#11159=CARTESIAN_POINT('',(0.0222412275527729,-0.00575301000395972,0.00238180135718692));
#11160=CARTESIAN_POINT('',(0.0227562903199144,-0.00589692665113825,0.00238180135718692));
#11161=CARTESIAN_POINT('',(0.0223514882716733,-0.00535839831658932,0.00217616697511824));
#11162=CARTESIAN_POINT('',(0.0228665510388147,-0.00550231496376784,0.00217616697511824));
#11163=CARTESIAN_POINT('',(0.0224261021751366,-0.00509136288782926,0.00176489821098088));
#11164=CARTESIAN_POINT('',(0.022941164942278,-0.00523527953500778,0.00176489821098088));
#11165=CARTESIAN_POINT('',(0.0228475765400133,-0.00648539026689728,0.00238180135718692));
#11166=CARTESIAN_POINT('',(0.0231783586967143,-0.00530155520478607,0.00176489821098088));
#11167=CARTESIAN_POINT('',(0.0224027549700527,-0.00508483931111004,0.00176489821098088));
#11168=CARTESIAN_POINT('',(0.02291436371708,-0.0052277908506826,0.00176489821098088));
#11169=CARTESIAN_POINT('',(0.0224773688735162,-0.00481780388234891,0.00135362944684187));
#11170=CARTESIAN_POINT('',(0.0229889776205435,-0.00496075542192147,0.00135362944684187));
#11171=CARTESIAN_POINT('',(0.0225146758252476,-0.00468428616796994,0.000751463431352388));
#11172=CARTESIAN_POINT('',(0.0230262845722749,-0.0048272377075425,0.000751463431352388));
#11173=CARTESIAN_POINT('',(0.0225146758252476,-0.00468428616796994,-4.15998354924945E-5));
#11174=CARTESIAN_POINT('',(0.0230262845722749,-0.0048272377075425,-4.15998354924945E-5));
#11175=CARTESIAN_POINT('',(0.0232902795519092,-0.00490100206164597,-4.15998354924945E-5));
#11176=CARTESIAN_POINT('',(0.0225146794257247,-0.00468428717399993,-4.15998354924945E-5));
#11177=CARTESIAN_POINT('',(0.0230256808922816,-0.00482706902984699,-4.15998354924945E-5));
#11178=CARTESIAN_POINT('',(0.0225146794257247,-0.00468428717399993,-0.000861395572006306));
#11179=CARTESIAN_POINT('',(0.0230256808922816,-0.00482706902984699,-0.000861395572006306));
#11180=CARTESIAN_POINT('',(0.0224785253464198,-0.00481367887742879,-0.00146853108506409));
#11181=CARTESIAN_POINT('',(0.0229895268129767,-0.00495646073327585,-0.00146853108506409));
#11182=CARTESIAN_POINT('',(0.0224062171878102,-0.0050724622842865,-0.00186300637466584));
#11183=CARTESIAN_POINT('',(0.0229172186543671,-0.00521524414013356,-0.00186300637466584));
#11184=CARTESIAN_POINT('',(0.0231818173139947,-0.00528917717193254,-0.00186300637466584));
#11185=CARTESIAN_POINT('',(0.0224289468171559,-0.00507881330062031,-0.00186300637466584));
#11186=CARTESIAN_POINT('',(0.0229441474746516,-0.00522276847653498,-0.00186300637466584));
#11187=CARTESIAN_POINT('',(0.0223566386585462,-0.00533759670747802,-0.0022574816642676));
#11188=CARTESIAN_POINT('',(0.0228718393160419,-0.0054815518833927,-0.0022574816642676));
#11189=CARTESIAN_POINT('',(0.0222452250672191,-0.0057363344057996,-0.00245471930906847));
#11190=CARTESIAN_POINT('',(0.0227604257247148,-0.00588028958171428,-0.00245471930906847));
#11191=CARTESIAN_POINT('',(0.0220947060431745,-0.00627502639558505,-0.00245471930906847));
#11192=CARTESIAN_POINT('',(0.0226099067006702,-0.00641898157149972,-0.00245471930906847));
#11193=CARTESIAN_POINT('',(0.0228475765400133,-0.00648539026689728,-0.00245471930906847));
#11194=CARTESIAN_POINT('',(0.0220853669310878,-0.00627241690061689,-0.00245471930906847));
#11195=CARTESIAN_POINT('',(0.0226097123066748,-0.00641892725475653,-0.00245471930906847));
#11196=CARTESIAN_POINT('',(0.0219394593967505,-0.00679460484659764,-0.00245471930906847));
#11197=CARTESIAN_POINT('',(0.0224638047723374,-0.00694111520073728,-0.00245471930906847));
#11198=CARTESIAN_POINT('',(0.0218294753672326,-0.00718822629133976,-0.00225114127082048));
#11199=CARTESIAN_POINT('',(0.0223538207428195,-0.0073347366454794,-0.00225114127082048));
#11200=CARTESIAN_POINT('',(0.0217554148425341,-0.00745328123484326,-0.00184398519432449));
#11201=CARTESIAN_POINT('',(0.0222797602181211,-0.0075997915889829,-0.00184398519432449));
#11202=CARTESIAN_POINT('',(0.0225176244514596,-0.00766625460112365,-0.00184398519432449));
#11203=CARTESIAN_POINT('',(0.0217289594314399,-0.00744588917642379,-0.00184398519432449));
#11204=CARTESIAN_POINT('',(0.0222439627497715,-0.00758978921266877,-0.00184398519432449));
#11205=CARTESIAN_POINT('',(0.0216548989067413,-0.00771094411992831,-0.00143682911782693));
#11206=CARTESIAN_POINT('',(0.0221699022250729,-0.0078548441561733,-0.00143682911782693));
#11207=CARTESIAN_POINT('',(0.0216178686443923,-0.00784347159167904,-0.000836033998217836));
#11208=CARTESIAN_POINT('',(0.0221328719627239,-0.00798737162792402,-0.000836033998217836));
#11209=CARTESIAN_POINT('',(0.0216178686443923,-0.00784347159167904,-4.15998354924945E-5));
#11210=CARTESIAN_POINT('',(0.0221328719627239,-0.00798737162792402,-4.15998354924945E-5));
#11211=CARTESIAN_POINT('',(0.022406533664412,-0.0080638370163789,-4.15998354924945E-5));
#11212=CARTESIAN_POINT('',(0.0216178721785863,-0.00784347257918848,-4.15998354924945E-5));
#11213=CARTESIAN_POINT('',(0.0221322793962004,-0.00798720605550694,-4.15998354924945E-5));
#11214=CARTESIAN_POINT('',(0.0216178721785863,-0.00784347257918848,0.000787792172184522));
#11215=CARTESIAN_POINT('',(0.0221322793962004,-0.00798720605550694,0.000787792172184522));
#11216=CARTESIAN_POINT('',(0.021653934028097,-0.00771441095663572,0.00139904037288368));
#11217=CARTESIAN_POINT('',(0.0221683412457111,-0.00785814443295418,0.00139904037288368));
#11218=CARTESIAN_POINT('',(0.0217260577271184,-0.0074562877115302,0.00179214476660498));
#11219=CARTESIAN_POINT('',(0.0222404649447324,-0.00760002118784866,0.00179214476660498));
#11220=CARTESIAN_POINT('',(0.0225147192129441,-0.00767665214872061,0.00179214476660498));
#11221=CARTESIAN_POINT('',(0.0217519041115879,-0.00746350959832116,0.00179214476660498));
#11222=CARTESIAN_POINT('',(0.0222768585908924,-0.00761019014563028,0.00179214476660498));
#11223=CARTESIAN_POINT('',(0.0218240278106092,-0.00720538635321563,0.00218524916032627));
#11224=CARTESIAN_POINT('',(0.0223489822899138,-0.00735206690052475,0.00218524916032627));
#11225=CARTESIAN_POINT('',(0.0219349802529656,-0.00680829905927452,0.00238180135718692));
#11226=CARTESIAN_POINT('',(0.0224599347322702,-0.00695497960658364,0.00238180135718692));
#11227=CARTESIAN_POINT('',(0.0220847614386571,-0.00627224771649783,0.00238180135718692));
#11228=CARTESIAN_POINT('',(0.0226097159179617,-0.00641892826380695,0.00238180135718692));
#11229=CARTESIAN_POINT('',(0.0222533729148389,-0.00580052917462619,0.00120043183220234));
#11230=CARTESIAN_POINT('',(0.0227441880826834,-0.005937670660765,0.00120043183220234));
#11231=CARTESIAN_POINT('',(0.0222253350574188,-0.00590087376095877,0.00145199122626636));
#11232=CARTESIAN_POINT('',(0.0227161502252633,-0.00603801524709758,0.00145199122626636));
#11233=CARTESIAN_POINT('',(0.0221805113774643,-0.00606129306674047,0.00157777092329838));
#11234=CARTESIAN_POINT('',(0.0226713265453088,-0.00619843455287928,0.00157777092329838));
#11235=CARTESIAN_POINT('',(0.0221189018749755,-0.00628178709197127,0.00157777092329838));
#11236=CARTESIAN_POINT('',(0.02260971704282,-0.00641892857811008,0.00157777092329838));
#11237=CARTESIAN_POINT('',(0.0227379580508034,-0.00593592989176133,0.00120043183220234));
#11238=CARTESIAN_POINT('',(0.0227271372641993,-0.00597737960501035,0.0013038500026647));
#11239=CARTESIAN_POINT('',(0.0226969298722431,-0.00609287751100428,0.00150331794926868));
#11240=CARTESIAN_POINT('',(0.0226373416489262,-0.00630978845360773,0.00157777092329838));
#11241=CARTESIAN_POINT('',(0.0226066035396259,-0.00641805861629326,0.00157777092329838));
#11242=CARTESIAN_POINT('',(0.0227379580508034,-0.00593592989176133,0.00120043183220234));
#11243=CARTESIAN_POINT('',(0.0226066035396259,-0.00641805861629326,0.00157777092329838));
#11244=CARTESIAN_POINT('',(0.0229820475798767,-0.0060041323495522,0.00120043183220234));
#11245=CARTESIAN_POINT('',(0.0228475765400133,-0.00648539026689728,0.00157777092329838));
#11246=CARTESIAN_POINT('',(0.0222922878090841,-0.00564913440106329,-4.15998354924945E-5));
#11247=CARTESIAN_POINT('',(0.0227829237456483,-0.00578622580716026,-4.15998354924945E-5));
#11248=CARTESIAN_POINT('',(0.0222922878090841,-0.00564913440106329,0.000534861882240044));
#11249=CARTESIAN_POINT('',(0.0227829237456483,-0.00578622580716026,0.000534861882240044));
#11250=CARTESIAN_POINT('',(0.0222782688803741,-0.00569930669422958,0.000948872438138323));
#11251=CARTESIAN_POINT('',(0.0227689048169383,-0.00583639810032655,0.000948872438138323));
#11252=CARTESIAN_POINT('',(0.022250231022954,-0.00579965128056217,0.00120043183220234));
#11253=CARTESIAN_POINT('',(0.0227408669595182,-0.00593674268665914,0.00120043183220234));
#11254=CARTESIAN_POINT('',(0.0227769387894565,-0.00578455351616277,-4.15998354924945E-5));
#11255=CARTESIAN_POINT('',(0.0227769387894565,-0.00578455351616277,0.000378261135871304));
#11256=CARTESIAN_POINT('',(0.0227787820466362,-0.00577955097192267,0.000810262141728672));
#11257=CARTESIAN_POINT('',(0.0227379580508034,-0.00593592989176132,0.00120043183220234));
#11258=CARTESIAN_POINT('',(0.0227769387894565,-0.00578455351616277,-4.15998354924945E-5));
#11259=CARTESIAN_POINT('',(0.0230241043660068,-0.00585361547005332,-4.15998354924945E-5));
#11260=CARTESIAN_POINT('',(0.0222507846055501,-0.00579767085225925,-0.00127489204194941));
#11261=CARTESIAN_POINT('',(0.0227413861625832,-0.00593475265217389,-0.00127489204194941));
#11262=CARTESIAN_POINT('',(0.0222784535437936,-0.00569864658943104,-0.00102230447597505));
#11263=CARTESIAN_POINT('',(0.0227690551008267,-0.00583572838934569,-0.00102230447597505));
#11264=CARTESIAN_POINT('',(0.0222922880129153,-0.00564913445801694,-0.000611207073822743));
#11265=CARTESIAN_POINT('',(0.0227828895699484,-0.00578621625793158,-0.000611207073822743));
#11266=CARTESIAN_POINT('',(0.0222922880129153,-0.00564913445801694,-4.15998354924945E-5));
#11267=CARTESIAN_POINT('',(0.0227828895699484,-0.00578621625793158,-4.15998354924945E-5));
#11268=CARTESIAN_POINT('',(0.0227384774576995,-0.00593393991422974,-0.00127489204194941));
#11269=CARTESIAN_POINT('',(0.0227783963155413,-0.00578097340929515,-0.000886576432831604));
#11270=CARTESIAN_POINT('',(0.0227769387894565,-0.00578455351616277,-0.00045842740000094));
#11271=CARTESIAN_POINT('',(0.0227769387894565,-0.00578455351616277,-4.15998354924945E-5));
#11272=CARTESIAN_POINT('',(0.0227384774576995,-0.00593393991422974,-0.00127489204194941));
#11273=CARTESIAN_POINT('',(0.0229826009586416,-0.00600215186429563,-0.00127489204194941));
#11274=CARTESIAN_POINT('',(0.0221188666824234,-0.00628177725861809,-0.00165377339091096));
#11275=CARTESIAN_POINT('',(0.0226097631247622,-0.00641894145413032,-0.00165377339091096));
#11276=CARTESIAN_POINT('',(0.0221812140232654,-0.00605864258637853,-0.00165377339091096));
#11277=CARTESIAN_POINT('',(0.0226721104656042,-0.00619580678189076,-0.00165377339091096));
#11278=CARTESIAN_POINT('',(0.0222262221628082,-0.00589756311884464,-0.00152747960792378));
#11279=CARTESIAN_POINT('',(0.0227171186051469,-0.00603472731435688,-0.00152747960792378));
#11280=CARTESIAN_POINT('',(0.0222538911010517,-0.00579853885601644,-0.00127489204194941));
#11281=CARTESIAN_POINT('',(0.0227447875433904,-0.00593570305152867,-0.00127489204194941));
#11282=CARTESIAN_POINT('',(0.0226066035396259,-0.00641805861629326,-0.00165377339091096));
#11283=CARTESIAN_POINT('',(0.0226374572849051,-0.00630938114403255,-0.00165377339091096));
#11284=CARTESIAN_POINT('',(0.0226971253019309,-0.00609217166653577,-0.00158126701340263));
#11285=CARTESIAN_POINT('',(0.0227277443826684,-0.005975068369889,-0.00137929935202183));
#11286=CARTESIAN_POINT('',(0.0227384774576995,-0.00593393991422974,-0.00127489204194941));
#11287=CARTESIAN_POINT('',(0.0226066035396259,-0.00641805861629326,-0.00165377339091096));
#11288=CARTESIAN_POINT('',(0.0228475765400133,-0.00648539026689728,-0.00165377339091096));
#11289=CARTESIAN_POINT('',(0.0219794109890408,-0.00676484504727812,-0.00127951881554596));
#11290=CARTESIAN_POINT('',(0.0224742361777935,-0.0069031069963994,-0.00127951881554596));
#11291=CARTESIAN_POINT('',(0.0220061576293428,-0.00666912159321085,-0.00152902186578929));
#11292=CARTESIAN_POINT('',(0.0225009828180956,-0.00680738354233213,-0.00152902186578929));
#11293=CARTESIAN_POINT('',(0.0220512579986797,-0.00650771204480087,-0.00165377339091096));
#11294=CARTESIAN_POINT('',(0.0225460831874325,-0.00664597399392215,-0.00165377339091096));
#11295=CARTESIAN_POINT('',(0.0221147120970515,-0.00628061640204819,-0.00165377339091096));
#11296=CARTESIAN_POINT('',(0.0226095372858042,-0.00641887835116947,-0.00165377339091096));
#11297=CARTESIAN_POINT('',(0.0224641085894462,-0.00690027718874889,-0.00127951881554596));
#11298=CARTESIAN_POINT('',(0.0224763174408752,-0.00686053081961771,-0.00138386286857479));
#11299=CARTESIAN_POINT('',(0.0225117155455988,-0.00674516160996807,-0.00158428944543946));
#11300=CARTESIAN_POINT('',(0.0225757769728815,-0.00652664035643336,-0.00165377339091096));
#11301=CARTESIAN_POINT('',(0.0226066035396259,-0.00641805861629326,-0.00165377339091096));
#11302=CARTESIAN_POINT('',(0.0224641085894462,-0.00690027718874889,-0.00127951881554596));
#11303=CARTESIAN_POINT('',(0.0227122754320026,-0.00696961891212721,-0.00127951881554596));
#11304=CARTESIAN_POINT('',(0.0219350931692484,-0.00690725728038125,-4.15998354924945E-5));
#11305=CARTESIAN_POINT('',(0.0224269045064867,-0.0070446771119341,-4.15998354924945E-5));
#11306=CARTESIAN_POINT('',(0.0219350931692484,-0.00690725728038125,-0.000617376105284804));
#11307=CARTESIAN_POINT('',(0.0224269045064867,-0.0070446771119341,-0.000617376105284804));
#11308=CARTESIAN_POINT('',(0.0219484664893994,-0.00685939555334762,-0.00103001576530263));
#11309=CARTESIAN_POINT('',(0.0224402778266377,-0.00699681538490047,-0.00103001576530263));
#11310=CARTESIAN_POINT('',(0.0219752131297014,-0.00676367209928035,-0.00127951881554596));
#11311=CARTESIAN_POINT('',(0.0224670244669398,-0.0069010919308332,-0.00127951881554596));
#11312=CARTESIAN_POINT('',(0.0224198626820708,-0.00704270951531364,-4.15998354924945E-5));
#11313=CARTESIAN_POINT('',(0.0224198626820708,-0.00704270951531364,-0.000459604000502785));
#11314=CARTESIAN_POINT('',(0.0224184184809996,-0.00704902303323222,-0.000889024171032358));
#11315=CARTESIAN_POINT('',(0.0224641085894463,-0.00690027718874889,-0.00127951881554596));
#11316=CARTESIAN_POINT('',(0.0224198626820708,-0.00704270951531364,-4.15998354924945E-5));
#11317=CARTESIAN_POINT('',(0.0226721554715496,-0.00711320409322811,-4.15998354924945E-5));
#11318=CARTESIAN_POINT('',(0.0219756279362768,-0.00676218667177132,0.00120043183220234));
#11319=CARTESIAN_POINT('',(0.0224674776448987,-0.00689961722489293,0.00120043183220234));
#11320=CARTESIAN_POINT('',(0.0219486046065923,-0.00685890036846686,0.000948872438138323));
#11321=CARTESIAN_POINT('',(0.0224404543152142,-0.00699633092158848,0.000948872438138323));
#11322=CARTESIAN_POINT('',(0.0219350929417501,-0.00690725721681464,0.000534861882240044));
#11323=CARTESIAN_POINT('',(0.022426942650372,-0.00704468776993625,0.000534861882240044));
#11324=CARTESIAN_POINT('',(0.0219350929417501,-0.00690725721681464,-4.15998354924945E-5));
#11325=CARTESIAN_POINT('',(0.022426942650372,-0.00704468776993625,-4.15998354924945E-5));
#11326=CARTESIAN_POINT('',(0.0224645615399068,-0.006898802419242,0.00120043183220234));
#11327=CARTESIAN_POINT('',(0.0224186215243175,-0.00704839683355249,0.000808534192921474));
#11328=CARTESIAN_POINT('',(0.0224198626820708,-0.00704270951531364,0.000377879953640194));
#11329=CARTESIAN_POINT('',(0.0224198626820708,-0.00704270951531364,-4.15998354924945E-5));
#11330=CARTESIAN_POINT('',(0.0224645615399068,-0.006898802419242,0.00120043183220234));
#11331=CARTESIAN_POINT('',(0.0227126904660762,-0.00696813354818479,0.00120043183220234));
#11332=CARTESIAN_POINT('',(0.0221147510707945,-0.00628062729192566,0.00157777092329838));
#11333=CARTESIAN_POINT('',(0.0226095370533565,-0.0064188782862199,0.00157777092329838));
#11334=CARTESIAN_POINT('',(0.0220518503511876,-0.00650574244942179,0.00157777092329838));
#11335=CARTESIAN_POINT('',(0.0225466363337496,-0.00664399344371603,0.00157777092329838));
#11336=CARTESIAN_POINT('',(0.0220068883265419,-0.00666665687651762,0.00145199122626636));
#11337=CARTESIAN_POINT('',(0.0225016743091039,-0.00680490787081186,0.00145199122626636));
#11338=CARTESIAN_POINT('',(0.0219798649968574,-0.00676337057321317,0.00120043183220234));
#11339=CARTESIAN_POINT('',(0.0224746509794194,-0.00690162156750741,0.00120043183220234));
#11340=CARTESIAN_POINT('',(0.0226066035396259,-0.00641805861629326,0.00157777092329838));
#11341=CARTESIAN_POINT('',(0.0225758109467217,-0.00652652068891656,0.00157777092329838));
#11342=CARTESIAN_POINT('',(0.0225124417485577,-0.00674271088501545,0.00150766843218597));
#11343=CARTESIAN_POINT('',(0.0224768223155755,-0.00685887767103246,0.00130502407011655));
#11344=CARTESIAN_POINT('',(0.0224645615399068,-0.006898802419242,0.00120043183220234));
#11345=CARTESIAN_POINT('',(0.,1.1327982892113E-18,0.005));
#11346=CARTESIAN_POINT('',(-0.00498387038266119,-0.0224534793742825,0.00029152786345877));
#11347=CARTESIAN_POINT('',(-0.00507074820944667,-0.0224341956000127,0.000424142514793795));
#11348=CARTESIAN_POINT('',(-0.00522928383438452,-0.022398159908854,0.000485852354513674));
#11349=CARTESIAN_POINT('',(-0.00538385326592386,-0.0223609441664143,0.000485852354513674));
#11350=CARTESIAN_POINT('',(-0.00498387038266119,-0.0224534793742825,0.00029152786345877));
#11351=CARTESIAN_POINT('',(-0.00538385326592386,-0.0223609441664143,0.000485852354513674));
#11352=CARTESIAN_POINT('',(-0.00485645928396811,-0.0224813812570683,-0.000291445609705944));
#11353=CARTESIAN_POINT('',(-0.00485645928396811,-0.0224813812570683,-8.9101226358075E-5));
#11354=CARTESIAN_POINT('',(-0.00487306880977275,-0.0224780733656309,0.000122394811912074));
#11355=CARTESIAN_POINT('',(-0.00498387038266119,-0.0224534793742825,0.00029152786345877));
#11356=CARTESIAN_POINT('',(-0.00485645928396811,-0.0224813812570683,-0.000291445609705944));
#11357=CARTESIAN_POINT('',(-0.00485645928396811,-0.0224813812570683,0.005));
#11358=CARTESIAN_POINT('',(-0.00485645928396811,-0.0224813812570683,-0.00238994447871684));
#11359=CARTESIAN_POINT('',(0.,1.1327982892113E-18,-0.00238994447871684));
#11360=CARTESIAN_POINT('',(-0.00388667449320931,-0.0226691742546202,-0.00238994447871684));
#11361=CARTESIAN_POINT('',(-0.00388667449320931,-0.0226691742546202,0.005));
#11362=CARTESIAN_POINT('',(-0.00388667449320931,-0.0226691742546202,-4.77688669545559E-5));
#11363=CARTESIAN_POINT('',(-0.0041968921184995,-0.0226137965973911,0.000956241003495784));
#11364=CARTESIAN_POINT('',(-0.00394256299290796,-0.0226609975129076,0.00069905079404548));
#11365=CARTESIAN_POINT('',(-0.00388667449320931,-0.0226691742546202,0.000313520804338342));
#11366=CARTESIAN_POINT('',(-0.00388667449320931,-0.0226691742546202,-4.77688669545559E-5));
#11367=CARTESIAN_POINT('',(-0.0041968921184995,-0.0226137965973911,0.000956241003495784));
#11368=CARTESIAN_POINT('',(-0.00510504074288452,-0.0224262404119814,0.00126931935019535));
#11369=CARTESIAN_POINT('',(-0.00477721349086984,-0.0225008660044757,0.00126931935019535));
#11370=CARTESIAN_POINT('',(-0.00443296549929497,-0.0225699837636203,0.00119497009954881));
#11371=CARTESIAN_POINT('',(-0.0041968921184995,-0.0226137965973911,0.000956241003495784));
#11372=CARTESIAN_POINT('',(-0.00510504074288452,-0.0224262404119814,0.00126931935019535));
#11373=CARTESIAN_POINT('',(-0.00572277496336848,-0.0222766143460164,0.00113222601974205));
#11374=CARTESIAN_POINT('',(-0.00552992511671327,-0.0223261567161892,0.00122629804983836));
#11375=CARTESIAN_POINT('',(-0.00531973671605974,-0.0223773675163152,0.00127258350420187));
#11376=CARTESIAN_POINT('',(-0.0051050567625584,-0.0224262367653059,0.00126844466599622));
#11377=CARTESIAN_POINT('',(-0.00572246270968416,-0.0222766945202311,0.00113154366925394));
#11378=CARTESIAN_POINT('',(-0.00613430112269114,-0.0221668231359627,0.00074312506879202));
#11379=CARTESIAN_POINT('',(-0.00603828224561171,-0.0221933947696991,0.000912678511958608));
#11380=CARTESIAN_POINT('',(-0.00589480761864731,-0.0222324249516552,0.00104780587949315));
#11381=CARTESIAN_POINT('',(-0.0057221540226752,-0.022276773854023,0.00113085960252253));
#11382=CARTESIAN_POINT('',(-0.00613392431268412,-0.0221669274489895,0.000742895332099526));
#11383=CARTESIAN_POINT('',(0.,1.1327982892113E-18,0.000742895332099526));
#11384=CARTESIAN_POINT('',(-0.00621713392697005,-0.0221437337803863,0.000742895332099526));
#11385=CARTESIAN_POINT('',(-0.00726210174612799,-0.0218233722928283,0.00126931935019535));
#11386=CARTESIAN_POINT('',(-0.00705950263667242,-0.0218907906242759,0.00126931935019535));
#11387=CARTESIAN_POINT('',(-0.00664637266079061,-0.02202151565306,0.00122168580988105));
#11388=CARTESIAN_POINT('',(-0.0063162200275259,-0.0221159141017554,0.000931734764856538));
#11389=CARTESIAN_POINT('',(-0.00621713392697005,-0.0221437337803863,0.000742895332099526));
#11390=CARTESIAN_POINT('',(-0.00726210174612799,-0.0218233722928283,0.00126931935019535));
#11391=CARTESIAN_POINT('',(-0.00785454208426736,-0.0216172123237242,0.00113000205634382));
#11392=CARTESIAN_POINT('',(-0.00767299219362842,-0.0216831778716895,0.0012284188044283));
#11393=CARTESIAN_POINT('',(-0.00746758808938395,-0.0217549931847719,0.00126931935019535));
#11394=CARTESIAN_POINT('',(-0.00726210174612799,-0.0218233722928282,0.00126931935019535));
#11395=CARTESIAN_POINT('',(-0.00785454208426736,-0.0216172123237242,0.00113000205634382));
#11396=CARTESIAN_POINT('',(-0.00824721857314677,-0.0214704700882222,0.000743077581507489));
#11397=CARTESIAN_POINT('',(-0.00815459994595436,-0.0215060466759383,0.000910107117514372));
#11398=CARTESIAN_POINT('',(-0.00801836533696753,-0.0215576899067483,0.00104420975884645));
#11399=CARTESIAN_POINT('',(-0.00785428395980547,-0.021617306110643,0.00112943956265864));
#11400=CARTESIAN_POINT('',(-0.00824693216006975,-0.0214705801027757,0.000742895332099526));
#11401=CARTESIAN_POINT('',(0.,1.1327982892113E-18,0.000742895332099526));
#11402=CARTESIAN_POINT('',(-0.00829793091352327,-0.0214509217181196,0.000742895332099526));
#11403=CARTESIAN_POINT('',(0.,1.1327982892113E-18,-0.00555675814183633));
#11404=CARTESIAN_POINT('',(-0.00842094370224207,-0.0214029298734115,0.00120248817602303));
#11405=CARTESIAN_POINT('',(0.,1.1327982892113E-18,0.00120248817602303));
#11406=CARTESIAN_POINT('',(-0.00911642123844173,-0.0211160735887567,0.00120248817602303));
#11407=CARTESIAN_POINT('',(-0.00911642123844173,-0.0211160735887567,0.005));
#11408=CARTESIAN_POINT('',(-0.00911642123844173,-0.0211160735887567,-0.00238994447871684));
#11409=CARTESIAN_POINT('',(0.,1.1327982892113E-18,-0.00238994447871684));
#11410=CARTESIAN_POINT('',(-0.00820456522269466,-0.0214868054747338,-0.00238994447871684));
#11411=CARTESIAN_POINT('',(-0.00820456522269466,-0.0214868054747338,0.005));
#11412=CARTESIAN_POINT('',(-0.00820456522269466,-0.0214868054747338,-0.000699629858112277));
#11413=CARTESIAN_POINT('',(-0.00804497765991865,-0.0215470655648028,0.000209274110631297));
#11414=CARTESIAN_POINT('',(-0.00820000577641354,-0.0214891830782011,-5.90967586456617E-5));
#11415=CARTESIAN_POINT('',(-0.00820456522269466,-0.0214868054747338,-0.000387325111758637));
#11416=CARTESIAN_POINT('',(-0.00820456522269466,-0.0214868054747338,-0.000699629858112277));
#11417=CARTESIAN_POINT('',(-0.00804497765991865,-0.0215470655648028,0.000209274110631297));
#11418=CARTESIAN_POINT('',(-0.00753001208358755,-0.0217323863858419,0.000485852354513674));
#11419=CARTESIAN_POINT('',(-0.0077336450309011,-0.0216618300039212,0.000485852354513674));
#11420=CARTESIAN_POINT('',(-0.00793838928543528,-0.0215868622178063,0.000393790412329796));
#11421=CARTESIAN_POINT('',(-0.00804497765991865,-0.0215470655648028,0.000209274110631297));
#11422=CARTESIAN_POINT('',(-0.00753001208358755,-0.0217323863858419,0.000485852354513674));
#11423=CARTESIAN_POINT('',(-0.00714146105643399,-0.0218631478516232,0.00029152786345877));
#11424=CARTESIAN_POINT('',(-0.00722572699190016,-0.0218356229087101,0.000423931655623079));
#11425=CARTESIAN_POINT('',(-0.00738005675817625,-0.0217843441134609,0.000485852354513674));
#11426=CARTESIAN_POINT('',(-0.00753001208358755,-0.0217323863858419,0.000485852354513674));
#11427=CARTESIAN_POINT('',(-0.00714146105643399,-0.0218631478516232,0.00029152786345877));
#11428=CARTESIAN_POINT('',(-0.00701768138775063,-0.0219031926426838,-0.000291445609705944));
#11429=CARTESIAN_POINT('',(-0.00701768138775063,-0.0219031926426838,-8.91392253770958E-5));
#11430=CARTESIAN_POINT('',(-0.00703376307865918,-0.0218983267251942,0.00012230621313319));
#11431=CARTESIAN_POINT('',(-0.00714146105643399,-0.0218631478516232,0.00029152786345877));
#11432=CARTESIAN_POINT('',(-0.00701768138775063,-0.0219031926426838,-0.000291445609705944));
#11433=CARTESIAN_POINT('',(-0.00701768138775063,-0.0219031926426838,0.005));
#11434=CARTESIAN_POINT('',(-0.00701768138775063,-0.0219031926426838,-0.00238994447871684));
#11435=CARTESIAN_POINT('',(0.,1.1327982892113E-18,-0.00238994447871684));
#11436=CARTESIAN_POINT('',(-0.00607839958151961,-0.0221822171689369,-0.00238994447871684));
#11437=CARTESIAN_POINT('',(-0.00607839958151961,-0.0221822171689369,0.005));
#11438=CARTESIAN_POINT('',(-0.00607839958151961,-0.022182217168937,-0.000587559119884846));
#11439=CARTESIAN_POINT('',(-0.00590610963372323,-0.0222287104663528,0.000228809376927822));
#11440=CARTESIAN_POINT('',(-0.00606349869294721,-0.0221868926092021,-5.73249857572314E-6));
#11441=CARTESIAN_POINT('',(-0.00607839958151961,-0.0221822171689369,-0.000304424699951462));
#11442=CARTESIAN_POINT('',(-0.00607839958151961,-0.0221822171689369,-0.000587559119884846));
#11443=CARTESIAN_POINT('',(-0.00590610963372323,-0.0222287104663528,0.000228809376927822));
#11444=CARTESIAN_POINT('',(-0.00538385326592386,-0.0223609441664143,0.000485852354513674));
#11445=CARTESIAN_POINT('',(-0.00558666315701197,-0.0223121135496761,0.000485852354513674));
#11446=CARTESIAN_POINT('',(-0.00579033968706702,-0.0222594702352686,0.000401330265924634));
#11447=CARTESIAN_POINT('',(-0.00590610963372323,-0.0222287104663528,0.000228809376927822));
#11448=CARTESIAN_POINT('',(-0.00538295377131183,-0.022357936403484,0.000485852354513674));
#11449=CARTESIAN_POINT('',(-0.00553466852920555,-0.0228652457510752,0.000485852354513674));
#11450=CARTESIAN_POINT('',(-0.00561280231640258,-0.0222891984302212,0.000485852354513674));
#11451=CARTESIAN_POINT('',(-0.00576451707429629,-0.0227965077778125,0.000485852354513674));
#11452=CARTESIAN_POINT('',(-0.00578469619262402,-0.0222377922459312,0.000400171361985057));
#11453=CARTESIAN_POINT('',(-0.00593641095051773,-0.0227451015935224,0.000400171361985057));
#11454=CARTESIAN_POINT('',(-0.00589863539997614,-0.0222037178506138,0.000228809376927822));
#11455=CARTESIAN_POINT('',(-0.00605035015786986,-0.022711027198205,0.000228809376927822));
#11456=CARTESIAN_POINT('',(-0.00560847673232852,-0.0231120483159215,0.000485852354513674));
#11457=CARTESIAN_POINT('',(-0.00612415836099283,-0.0229578297630513,0.000228809376927822));
#11458=CARTESIAN_POINT('',(-0.00498296488906,-0.0224504515517131,0.00029152786345877));
#11459=CARTESIAN_POINT('',(-0.00513569147645937,-0.0229611442917542,0.00029152786345877));
#11460=CARTESIAN_POINT('',(-0.00506603872035709,-0.0224256076842339,0.000421077524162043));
#11461=CARTESIAN_POINT('',(-0.00521876530775645,-0.0229363004242749,0.000421077524162043));
#11462=CARTESIAN_POINT('',(-0.0051968882135266,-0.0223864761380264,0.000485852354513674));
#11463=CARTESIAN_POINT('',(-0.00534961480092597,-0.0228971688780675,0.000485852354513674));
#11464=CARTESIAN_POINT('',(-0.00537551336856855,-0.0223330569130908,0.000485852354513674));
#11465=CARTESIAN_POINT('',(-0.00552823995596792,-0.0228437496531319,0.000485852354513674));
#11466=CARTESIAN_POINT('',(-0.00521592825281997,-0.0232294429545438,0.00029152786345877));
#11467=CARTESIAN_POINT('',(-0.00485558064175196,-0.0224784432211406,-0.000291445609705944));
#11468=CARTESIAN_POINT('',(-0.00500377829554256,-0.0229739919475983,-0.000291445609705944));
#11469=CARTESIAN_POINT('',(-0.00485558064175196,-0.0224784432211406,-3.23462882994046E-5));
#11470=CARTESIAN_POINT('',(-0.00500377829554256,-0.0229739919475983,-3.23462882994046E-5));
#11471=CARTESIAN_POINT('',(-0.0048971175574005,-0.022466021287401,0.0001619782027555));
#11472=CARTESIAN_POINT('',(-0.00504531521119111,-0.0229615700138587,0.0001619782027555));
#11473=CARTESIAN_POINT('',(-0.00498019138869758,-0.0224411774199218,0.00029152786345877));
#11474=CARTESIAN_POINT('',(-0.00512838904248819,-0.0229367261463795,0.00029152786345877));
#11475=CARTESIAN_POINT('',(-0.00509131750587434,-0.0232667087557626,-0.000291445609705944));
#11476=CARTESIAN_POINT('',(-0.00509131750587434,-0.0232667087557626,-0.00134069504421139));
#11477=CARTESIAN_POINT('',(-0.00509131750587434,-0.0232667087557626,-0.00238994447871684));
#11478=CARTESIAN_POINT('',(-0.00462045634350273,-0.0234075234038466,-0.00238994447871684));
#11479=CARTESIAN_POINT('',(-0.00414959518113112,-0.0235483380519305,-0.00238994447871684));
#11480=CARTESIAN_POINT('',(-0.00414959518113112,-0.0235483380519305,-0.0012188566728357));
#11481=CARTESIAN_POINT('',(-0.00414959518113112,-0.0235483380519305,-4.77688669545559E-5));
#11482=CARTESIAN_POINT('',(-0.00418570076171724,-0.0225763745299094,0.000956241003495784));
#11483=CARTESIAN_POINT('',(-0.00434190006663746,-0.0230986794696094,0.000956241003495784));
#11484=CARTESIAN_POINT('',(-0.00398573252748667,-0.0226361765666484,0.000747522105694389));
#11485=CARTESIAN_POINT('',(-0.0041419318324069,-0.0231584815063485,0.000747522105694389));
#11486=CARTESIAN_POINT('',(-0.00388574841037381,-0.0226660775850172,0.000412852148879292));
#11487=CARTESIAN_POINT('',(-0.00404194771529404,-0.0231883825247173,0.000412852148879292));
#11488=CARTESIAN_POINT('',(-0.00388574841037381,-0.0226660775850172,-4.77688669545559E-5));
#11489=CARTESIAN_POINT('',(-0.00404194771529404,-0.0231883825247173,-4.77688669545559E-5));
#11490=CARTESIAN_POINT('',(-0.00444954753247454,-0.0234586349968227,0.000956241003495784));
#11491=CARTESIAN_POINT('',(-0.00508097326606755,-0.0223457627041322,0.00126931935019535));
#11492=CARTESIAN_POINT('',(-0.00524962788378224,-0.0229097161735833,0.00126931935019535));
#11493=CARTESIAN_POINT('',(-0.00469088744954211,-0.0224624208644696,0.00126931935019535));
#11494=CARTESIAN_POINT('',(-0.0048595420672568,-0.0230263743339206,0.00126931935019535));
#11495=CARTESIAN_POINT('',(-0.00439586042416492,-0.0225506509630075,0.00116495990129549));
#11496=CARTESIAN_POINT('',(-0.0045645150418796,-0.0231146044324586,0.00116495990129549));
#11497=CARTESIAN_POINT('',(-0.00419589218993597,-0.0226104529997461,0.000956241003495784));
#11498=CARTESIAN_POINT('',(-0.00436454680765066,-0.0231744064691972,0.000956241003495784));
#11499=CARTESIAN_POINT('',(-0.00533462860860612,-0.0231939447012087,0.00126931935019535));
#11500=CARTESIAN_POINT('',(-0.00536031020733115,-0.0231862644218064,-0.000153464672620159));
#11501=CARTESIAN_POINT('',(-0.00594241383283893,-0.0230121818604812,0.00113154431420933));
#11502=CARTESIAN_POINT('',(-0.00554944627960139,-0.0231297018263215,0.000251877220710308));
#11503=CARTESIAN_POINT('',(-0.00613442805293131,-0.0221667768015985,0.000742895349684471));
#11504=CARTESIAN_POINT('',(-0.00639160356095913,-0.0228778482213048,0.000742895332099526));
#11505=CARTESIAN_POINT('',(-0.00643297629907547,-0.0228654753861176,0.000742895332099526));
#11506=CARTESIAN_POINT('',(-0.00726122329399546,-0.0218204348925092,0.00126931935019535));
#11507=CARTESIAN_POINT('',(-0.00740938888701602,-0.0223158764129932,0.00126931935019535));
#11508=CARTESIAN_POINT('',(-0.00674636255299219,-0.0219744079526177,0.00126931935019535));
#11509=CARTESIAN_POINT('',(-0.00689452814601276,-0.0224698494731018,0.00126931935019535));
#11510=CARTESIAN_POINT('',(-0.00639732111951868,-0.0220787914748724,0.00109384467749674));
#11511=CARTESIAN_POINT('',(-0.00654548671253924,-0.0225742329953565,0.00109384467749674));
#11512=CARTESIAN_POINT('',(-0.00621409899357491,-0.0221335854592733,0.000742895332099526));
#11513=CARTESIAN_POINT('',(-0.00636226458659547,-0.0226290269797574,0.000742895332099526));
#11514=CARTESIAN_POINT('',(-0.00748010059949602,-0.0225523248193534,0.00126931935019535));
#11515=CARTESIAN_POINT('',(-0.00785363430308064,-0.0216141768518427,0.00113000205634382));
#11516=CARTESIAN_POINT('',(-0.00800674672990617,-0.0221261597758466,0.00113000205634382));
#11517=CARTESIAN_POINT('',(-0.00767927776387609,-0.0216663195144178,0.00122288025224484));
#11518=CARTESIAN_POINT('',(-0.00783239019070162,-0.0221783024384217,0.00122288025224484));
#11519=CARTESIAN_POINT('',(-0.00747914535211493,-0.0217261706497087,0.00126931935019535));
#11520=CARTESIAN_POINT('',(-0.00763225777894046,-0.0222381535737126,0.00126931935019535));
#11521=CARTESIAN_POINT('',(-0.00725323706779718,-0.0217937302577155,0.00126931935019535));
#11522=CARTESIAN_POINT('',(-0.0074063494946227,-0.0223057131817194,0.00126931935019535));
#11523=CARTESIAN_POINT('',(-0.00808049783477949,-0.0223727714134807,0.00113000205634382));
#11524=CARTESIAN_POINT('',(-0.00766190341343849,-0.0224979552911103,0.000236574047466227));
#11525=CARTESIAN_POINT('',(-0.00824732865873959,-0.0214704615268023,0.000742895342663608));
#11526=CARTESIAN_POINT('',(-0.00850703106345503,-0.022245213374526,0.000742895332099526));
#11527=CARTESIAN_POINT('',(-0.00853313529107605,-0.0222374067047054,0.000742895332099526));
#11528=CARTESIAN_POINT('',(-0.0085961794634438,-0.0222185528606105,0.000972691754061279));
#11529=CARTESIAN_POINT('',(-0.00865922363581155,-0.0221996990165155,0.00120248817602303));
#11530=CARTESIAN_POINT('',(-0.00901778736615311,-0.0220924677782257,0.00120248817602303));
#11531=CARTESIAN_POINT('',(-0.00937635109649467,-0.0219852365399358,0.00120248817602303));
#11532=CARTESIAN_POINT('',(-0.00937635109649467,-0.0219852365399358,-0.000593728151346906));
#11533=CARTESIAN_POINT('',(-0.00937635109649467,-0.0219852365399358,-0.00238994447871684));
#11534=CARTESIAN_POINT('',(-0.00890696753191293,-0.0221256093010488,-0.00238994447871684));
#11535=CARTESIAN_POINT('',(-0.00843758396733118,-0.0222659820621618,-0.00238994447871684));
#11536=CARTESIAN_POINT('',(-0.00843758396733118,-0.0222659820621618,-0.00154478716841456));
#11537=CARTESIAN_POINT('',(-0.00843758396733118,-0.0222659820621618,-0.000699629858112277));
#11538=CARTESIAN_POINT('',(-0.00804065476684092,-0.021532610517071,0.000209274110631297));
#11539=CARTESIAN_POINT('',(-0.00818944682816906,-0.0220301468451586,0.000209274110631297));
#11540=CARTESIAN_POINT('',(-0.00814934029316246,-0.0215001072754282,2.48886147096034E-5));
#11541=CARTESIAN_POINT('',(-0.00829813235449061,-0.0219976436035158,2.48886147096034E-5));
#11542=CARTESIAN_POINT('',(-0.00820368305632314,-0.0214838556546068,-0.000278079374871479));
#11543=CARTESIAN_POINT('',(-0.00835247511765129,-0.0219813919826944,-0.000278079374871479));
#11544=CARTESIAN_POINT('',(-0.00820368305632314,-0.0214838556546068,-0.000699629858112277));
#11545=CARTESIAN_POINT('',(-0.00835247511765129,-0.0219813919826944,-0.000699629858112277));
#11546=CARTESIAN_POINT('',(-0.00827455567784896,-0.022314736924626,0.000209274110631297));
#11547=CARTESIAN_POINT('',(-0.00752050350915317,-0.0217005912674249,0.000485852354513674));
#11548=CARTESIAN_POINT('',(-0.0076743276027985,-0.0222149538889288,0.000485852354513674));
#11549=CARTESIAN_POINT('',(-0.0077608594163052,-0.021628710986813,0.000485852354513674));
#11550=CARTESIAN_POINT('',(-0.00791468350995054,-0.0221430736083169,0.000485852354513674));
#11551=CARTESIAN_POINT('',(-0.00793538013304196,-0.0215765192256857,0.000393659606552881));
#11552=CARTESIAN_POINT('',(-0.00808920422668729,-0.0220908818471895,0.000393659606552881));
#11553=CARTESIAN_POINT('',(-0.00804406565936344,-0.0215440159840429,0.000209274110631297));
#11554=CARTESIAN_POINT('',(-0.00819788975300877,-0.0220583786055467,0.000209274110631297));
#11555=CARTESIAN_POINT('',(-0.00775099352763869,-0.022471312208008,0.000485852354513674));
#11556=CARTESIAN_POINT('',(-0.00713657970922936,-0.0218468254245889,0.00029152786345877));
#11557=CARTESIAN_POINT('',(-0.00728566330720082,-0.0223453366035504,0.00029152786345877));
#11558=CARTESIAN_POINT('',(-0.00721965354052645,-0.0218219815571097,0.000421077524162039));
#11559=CARTESIAN_POINT('',(-0.00736873713849791,-0.0223204927360712,0.000421077524162039));
#11560=CARTESIAN_POINT('',(-0.00735050303369597,-0.0217828500109022,0.000485852354513674));
#11561=CARTESIAN_POINT('',(-0.00749958663166743,-0.0222813611898637,0.000485852354513674));
#11562=CARTESIAN_POINT('',(-0.00752912818873792,-0.0217294307859666,0.000485852354513674));
#11563=CARTESIAN_POINT('',(-0.00767821178670938,-0.0222279419649281,0.000485852354513674));
#11564=CARTESIAN_POINT('',(-0.00735844504813013,-0.0225887068466303,0.00029152786345877));
#11565=CARTESIAN_POINT('',(-0.00701598551904091,-0.0218975219349644,-0.000291445609705944));
#11566=CARTESIAN_POINT('',(-0.00716184684117729,-0.0223852583503212,-0.000291445609705944));
#11567=CARTESIAN_POINT('',(-0.00701598551904091,-0.0218975219349644,-3.23462882994046E-5));
#11568=CARTESIAN_POINT('',(-0.00716184684117729,-0.0223852583503212,-3.23462882994046E-5));
#11569=CARTESIAN_POINT('',(-0.00705752243468945,-0.0218851000012248,0.0001619782027555));
#11570=CARTESIAN_POINT('',(-0.00720338375682583,-0.0223728364165816,0.0001619782027555));
#11571=CARTESIAN_POINT('',(-0.00714059626598653,-0.0218602561337456,0.00029152786345877));
#11572=CARTESIAN_POINT('',(-0.00728645758812291,-0.0223479925491024,0.00029152786345877));
#11573=CARTESIAN_POINT('',(-0.00723383430118451,-0.0226259726478492,-0.000291445609705944));
#11574=CARTESIAN_POINT('',(-0.00723383430118451,-0.0226259726478492,-0.00134069504421139));
#11575=CARTESIAN_POINT('',(-0.00723383430118451,-0.0226259726478492,-0.00238994447871684));
#11576=CARTESIAN_POINT('',(-0.00676445073660276,-0.0227663454089622,-0.00238994447871684));
#11577=CARTESIAN_POINT('',(-0.00629506717202102,-0.0229067181700752,-0.00238994447871684));
#11578=CARTESIAN_POINT('',(-0.00629506717202102,-0.0229067181700752,-0.00148875179930084));
#11579=CARTESIAN_POINT('',(-0.00629506717202102,-0.0229067181700752,-0.000587559119884846));
#11580=CARTESIAN_POINT('',(-0.00590524147718562,-0.02222580749282,0.000228809376927822));
#11581=CARTESIAN_POINT('',(-0.00605167054652869,-0.0227154423620189,0.000228809376927822));
#11582=CARTESIAN_POINT('',(-0.00601918068453774,-0.0221917330975026,5.74473918705864E-5));
#11583=CARTESIAN_POINT('',(-0.00616560975388082,-0.0226813679667014,5.74473918705864E-5));
#11584=CARTESIAN_POINT('',(-0.00607615028821381,-0.0221746958998439,-0.000214675440400303));
#11585=CARTESIAN_POINT('',(-0.00622257935755688,-0.0226643307690427,-0.000214675440400303));
#11586=CARTESIAN_POINT('',(-0.00607615028821381,-0.0221746958998439,-0.000587559119884846));
#11587=CARTESIAN_POINT('',(-0.00622257935755688,-0.0226643307690427,-0.000587559119884846));
#11588=CARTESIAN_POINT('',(0.,1.1327982892113E-18,0.005));
#11589=CARTESIAN_POINT('',(0.0015235572094104,-0.0229494329653731,0.000874501336623483));
#11590=CARTESIAN_POINT('',(0.0015235572094104,-0.0229494329653731,0.00105996794104357));
#11591=CARTESIAN_POINT('',(0.00145292713701385,-0.0229545635341275,0.00125220994913349));
#11592=CARTESIAN_POINT('',(0.00129416866633999,-0.0229635107826648,0.00135003084515731));
#11593=CARTESIAN_POINT('',(0.0015235572094104,-0.0229494329653731,0.000874501336623483));
#11594=CARTESIAN_POINT('',(0.00129416866634,-0.0229635107826648,0.00135003084515731));
#11595=CARTESIAN_POINT('',(0.00129930157928955,-0.0229632209284446,0.000379950647748303));
#11596=CARTESIAN_POINT('',(0.00145508368396844,-0.0229544064883769,0.000489203221694813));
#11597=CARTESIAN_POINT('',(0.0015235572094104,-0.0229494329653731,0.000684952956006287));
#11598=CARTESIAN_POINT('',(0.0015235572094104,-0.0229494329653731,0.000874501336623483));
#11599=CARTESIAN_POINT('',(0.00129930157928955,-0.0229632209284446,0.000379950647748303));
#11600=CARTESIAN_POINT('',(0.000602272560378501,-0.0229920631472149,0.000222640345465761));
#11601=CARTESIAN_POINT('',(0.000844640354515388,-0.0229857143706395,0.000222640345465761));
#11602=CARTESIAN_POINT('',(0.00109944703621276,-0.0229745290687206,0.000239789341730196));
#11603=CARTESIAN_POINT('',(0.00129930157928955,-0.0229632209284446,0.000379950647748303));
#11604=CARTESIAN_POINT('',(0.000602272560378501,-0.0229920631472149,0.000222640345465761));
#11605=CARTESIAN_POINT('',(0.,1.1327982892113E-18,0.000222640345465761));
#11606=CARTESIAN_POINT('',(0.000281418860889742,-0.0229982282671348,0.000222640345465761));
#11607=CARTESIAN_POINT('',(0.000281418860889742,-0.0229982282671348,0.005));
#11608=CARTESIAN_POINT('',(0.000281418860889742,-0.0229982282671348,0.00149140448282953));
#11609=CARTESIAN_POINT('',(0.,1.1327982892113E-18,0.00149140448282953));
#11610=CARTESIAN_POINT('',(0.000583767481459306,-0.0229925404322813,0.00149140448282953));
#11611=CARTESIAN_POINT('',(0.00129416866634,-0.0229635107826649,0.00135003084515731));
#11612=CARTESIAN_POINT('',(0.00108445311523588,-0.0229753298506485,0.00147924954468282));
#11613=CARTESIAN_POINT('',(0.00082859488267295,-0.0229863244042691,0.00149140448282953));
#11614=CARTESIAN_POINT('',(0.000583767481459306,-0.0229925404322813,0.00149140448282953));
#11615=CARTESIAN_POINT('',(0.00165529219802983,-0.0229403074906288,-0.00034257939441053));
#11616=CARTESIAN_POINT('',(0.00211100101639495,-0.0229074251392514,-0.00102786128310467));
#11617=CARTESIAN_POINT('',(0.0025694943377297,-0.0228607060156303,-0.00171032015265616));
#11618=CARTESIAN_POINT('',(0.00303071211109541,-0.0227993965732025,-0.00238994447871685));
#11619=CARTESIAN_POINT('',(0.00165488108538295,-0.0229403371508734,-0.000342854205223114));
#11620=CARTESIAN_POINT('',(0.00303071211109543,-0.0227993965732025,-0.00238994447871684));
#11621=CARTESIAN_POINT('',(0.00229918834839893,-0.0228847423612565,0.000163006374665843));
#11622=CARTESIAN_POINT('',(0.00213952776764388,-0.0229007831687594,-6.41472271474146E-5));
#11623=CARTESIAN_POINT('',(0.00190868655950821,-0.0229220280093933,-0.000231599840117982));
#11624=CARTESIAN_POINT('',(0.00165488108538295,-0.0229403371508734,-0.000342854205223114));
#11625=CARTESIAN_POINT('',(0.00229918834839893,-0.0228847423612565,0.000163006374665843));
#11626=CARTESIAN_POINT('',(0.00252529025691246,-0.0228608969448017,0.000900192907774226));
#11627=CARTESIAN_POINT('',(0.00252962217926281,-0.0228604184263371,0.000636518392185241));
#11628=CARTESIAN_POINT('',(0.00245055324472093,-0.0228695334152242,0.000378407538358981));
#11629=CARTESIAN_POINT('',(0.00229942664732093,-0.022884718418545,0.000162837627409566));
#11630=CARTESIAN_POINT('',(0.00252605555409109,-0.0228608123945792,0.000900205634382069));
#11631=CARTESIAN_POINT('',(0.00206862755443735,-0.0229067343819131,0.00195922270203578));
#11632=CARTESIAN_POINT('',(0.00238899529793062,-0.0228778030846495,0.00171522447296414));
#11633=CARTESIAN_POINT('',(0.00252605555409109,-0.0228608123945792,0.00130162601506986));
#11634=CARTESIAN_POINT('',(0.00252605555409109,-0.0228608123945792,0.000900205634382069));
#11635=CARTESIAN_POINT('',(0.00206862755443735,-0.0229067343819131,0.00195922270203578));
#11636=CARTESIAN_POINT('',(0.000653671889315617,-0.022990659256829,0.0023077729796422));
#11637=CARTESIAN_POINT('',(0.00114993002152464,-0.0229765496139847,0.0023077729796422));
#11638=CARTESIAN_POINT('',(0.00167116001010741,-0.0229426282941787,0.00226194162083979));
#11639=CARTESIAN_POINT('',(0.00206862755443735,-0.0229067343819131,0.00195922270203578));
#11640=CARTESIAN_POINT('',(0.000653671889315617,-0.022990659256829,0.0023077729796422));
#11641=CARTESIAN_POINT('',(0.,1.1327982892113E-18,0.0023077729796422));
#11642=CARTESIAN_POINT('',(-0.000716421299617933,-0.0229887894532086,0.0023077729796422));
#11643=CARTESIAN_POINT('',(-0.000716421299617933,-0.0229887894532086,0.005));
#11644=CARTESIAN_POINT('',(-0.000716421299617933,-0.0229887894532085,-0.00238994447871684));
#11645=CARTESIAN_POINT('',(0.,1.1327982892113E-18,-0.00238994447871684));
#11646=CARTESIAN_POINT('',(0.000281418860889742,-0.0229982282671348,-0.00238994447871684));
#11647=CARTESIAN_POINT('',(0.000281418860889742,-0.0229982282671348,0.005));
#11648=CARTESIAN_POINT('',(0.000281418860889742,-0.0229982282671348,-0.000587559119884845));
#11649=CARTESIAN_POINT('',(0.,1.1327982892113E-18,-0.000587559119884845));
#11650=CARTESIAN_POINT('',(0.000810920334127577,-0.0229856500498507,-0.000587559119884845));
#11651=CARTESIAN_POINT('',(0.,1.1327982892113E-18,-0.00101874388492165));
#11652=CARTESIAN_POINT('',(0.00193075114673351,-0.0229187674191238,-0.00238994447871684));
#11653=CARTESIAN_POINT('',(0.,1.1327982892113E-18,-0.00238994447871684));
#11654=CARTESIAN_POINT('',(0.000468232025559097,-0.0237541892241951,0.00149140448282953));
#11655=CARTESIAN_POINT('',(0.,1.1327982892113E-18,0.00149140448282953));
#11656=CARTESIAN_POINT('',(0.000607232843972773,-0.0234921533341071,0.00149140448282953));
#11657=CARTESIAN_POINT('',(0.00030489271902618,-0.0234980220535662,0.00149140448282953));
#11658=CARTESIAN_POINT('',(0.000619206869858335,-0.0237470983755822,0.00149140448282953));
#11659=CARTESIAN_POINT('',(0.00031725718125986,-0.0237612800728079,0.00149140448282953));
#11660=CARTESIAN_POINT('',(0.00031725718125986,-0.0237612800728079,0.000857022414147645));
#11661=CARTESIAN_POINT('',(0.00030489271902618,-0.0234980220535662,0.005));
#11662=CARTESIAN_POINT('',(0.00030489271902618,-0.0234980220535662,0.000222640345465761));
#11663=CARTESIAN_POINT('',(0.00031725718125986,-0.0237612800728079,0.000222640345465761));
#11664=CARTESIAN_POINT('',(0.000477475383373336,-0.0237537550906066,0.000222640345465761));
#11665=CARTESIAN_POINT('',(0.,1.1327982892113E-18,0.000222640345465761));
#11666=CARTESIAN_POINT('',(0.000625737531975285,-0.0234916677258359,0.000222640345465761));
#11667=CARTESIAN_POINT('',(0.000637693585486813,-0.0237462301084051,0.000222640345465761));
#11668=CARTESIAN_POINT('',(0.000602130400928627,-0.0229890363584647,0.000222640345465761));
#11669=CARTESIAN_POINT('',(0.000626107961473959,-0.0234995547276518,0.000222640345465761));
#11670=CARTESIAN_POINT('',(0.000917089259784178,-0.0229742436584106,0.000222640345465761));
#11671=CARTESIAN_POINT('',(0.00094106682032951,-0.0234847620275976,0.000222640345465761));
#11672=CARTESIAN_POINT('',(0.00114937141819015,-0.0229633340421207,0.000275077112893275));
#11673=CARTESIAN_POINT('',(0.00117334897873548,-0.0234738524113077,0.000275077112893275));
#11674=CARTESIAN_POINT('',(0.00129897687614654,-0.022956307509595,0.000379950647748303));
#11675=CARTESIAN_POINT('',(0.00132295443669187,-0.023466825878782,0.000379950647748303));
#11676=CARTESIAN_POINT('',(0.000625737531975285,-0.0234916677258359,0.000222640345465762));
#11677=CARTESIAN_POINT('',(0.000868101890754552,-0.0234852119698005,0.000222640345465762));
#11678=CARTESIAN_POINT('',(0.00112290642154381,-0.0234740101098936,0.00023978949276293));
#11679=CARTESIAN_POINT('',(0.00132276266560725,-0.0234627427836235,0.000379950647748303));
#11680=CARTESIAN_POINT('',(0.00132276266560725,-0.0234627427836235,0.000379950647748303));
#11681=CARTESIAN_POINT('',(0.00133454006070472,-0.0237135012595353,0.000379950647748303));
#11682=CARTESIAN_POINT('',(0.00129900734061703,-0.0229569561440449,0.000379950647748303));
#11683=CARTESIAN_POINT('',(0.00132290434746604,-0.0234657594037403,0.000379950647748303));
#11684=CARTESIAN_POINT('',(0.00144861279857342,-0.0229499296115192,0.000484824182603331));
#11685=CARTESIAN_POINT('',(0.00147250980542243,-0.0234587328712146,0.000484824182603331));
#11686=CARTESIAN_POINT('',(0.00152341552755161,-0.0229464163452563,0.000649674412228391));
#11687=CARTESIAN_POINT('',(0.00154731253440062,-0.0234552196049517,0.000649674412228391));
#11688=CARTESIAN_POINT('',(0.00152341552755161,-0.0229464163452563,0.000874501336623483));
#11689=CARTESIAN_POINT('',(0.00154731253440062,-0.0234552196049517,0.000874501336623483));
#11690=CARTESIAN_POINT('',(0.00132276266560725,-0.0234627427836235,0.000379950647748303));
#11691=CARTESIAN_POINT('',(0.00147854633596845,-0.0234539601436327,0.00048920327214344));
#11692=CARTESIAN_POINT('',(0.00154702154267591,-0.0234490239529601,0.000684953131607607));
#11693=CARTESIAN_POINT('',(0.00154702154267591,-0.0234490239529601,0.000874501336623483));
#11694=CARTESIAN_POINT('',(0.00154702154267591,-0.0234490239529601,0.000874501336623483));
#11695=CARTESIAN_POINT('',(0.00155894824763931,-0.0237029614607468,0.000874501336623483));
#11696=CARTESIAN_POINT('',(0.00152341551412846,-0.0229464160594572,0.000874501336623483));
#11697=CARTESIAN_POINT('',(0.001547314785016,-0.0234552675239421,0.000874501336623483));
#11698=CARTESIAN_POINT('',(0.00152341551412846,-0.0229464160594572,0.00109727191719789));
#11699=CARTESIAN_POINT('',(0.001547314785016,-0.0234552675239421,0.00109727191719789));
#11700=CARTESIAN_POINT('',(0.0014469010522217,-0.022950009720829,0.00125578175337583));
#11701=CARTESIAN_POINT('',(0.00147080032310924,-0.0234588611853139,0.00125578175337583));
#11702=CARTESIAN_POINT('',(0.00129387212840819,-0.0229571970435727,0.00135003084515731));
#11703=CARTESIAN_POINT('',(0.00131777139929573,-0.0234660485080576,0.00135003084515731));
#11704=CARTESIAN_POINT('',(0.00154702154267591,-0.0234490239529601,0.000874501336623483));
#11705=CARTESIAN_POINT('',(0.00154702154267591,-0.0234490239529601,0.00105996775725459));
#11706=CARTESIAN_POINT('',(0.0014763897160016,-0.0234541160062736,0.00125220991553053));
#11707=CARTESIAN_POINT('',(0.00131762970401379,-0.0234630316021417,0.00135003084515731));
#11708=CARTESIAN_POINT('',(0.00131762970401379,-0.0234630316021417,0.00135003084515731));
#11709=CARTESIAN_POINT('',(0.00132940486191903,-0.0237137424448624,0.00135003084515731));
#11710=CARTESIAN_POINT('',(0.00129382320055081,-0.0229561552958141,0.00135003084515731));
#11711=CARTESIAN_POINT('',(0.00131781990802096,-0.0234670813318617,0.00135003084515731));
#11712=CARTESIAN_POINT('',(0.0011407942767373,-0.0229633426185578,0.00144427993693879));
#11713=CARTESIAN_POINT('',(0.00116479098420744,-0.0234742686546053,0.00144427993693879));
#11714=CARTESIAN_POINT('',(0.000904061612717067,-0.0229744612621311,0.00149140448282953));
#11715=CARTESIAN_POINT('',(0.000928058320187211,-0.0234853872981786,0.00149140448282953));
#11716=CARTESIAN_POINT('',(0.000583625208490114,-0.022989511226534,0.00149140448282953));
#11717=CARTESIAN_POINT('',(0.000607621915960259,-0.0235004372625815,0.00149140448282953));
#11718=CARTESIAN_POINT('',(0.00131762970401379,-0.0234630316021417,0.00135003084515731));
#11719=CARTESIAN_POINT('',(0.00110791244552979,-0.0234748088393678,0.00147924938656974));
#11720=CARTESIAN_POINT('',(0.000852056702937503,-0.023485825047124,0.00149140448282953));
#11721=CARTESIAN_POINT('',(0.000607232843972773,-0.0234921533341071,0.00149140448282953));
#11722=CARTESIAN_POINT('',(0.00251871690068446,-0.0236578839231362,-0.00238994447871684));
#11723=CARTESIAN_POINT('',(0.00303070836392029,-0.0227993167902011,-0.00238994447871684));
#11724=CARTESIAN_POINT('',(0.00196668303122296,-0.0236838113457854,-0.00238994447871684));
#11725=CARTESIAN_POINT('',(0.19299037012028,-0.014711985259143,0.127301728345974));
#11726=CARTESIAN_POINT('',(0.00169040933655292,-0.0236967871163764,-0.000342854205223114));
#11727=CARTESIAN_POINT('',(0.00229904042152645,-0.0228815927753946,0.000163006374665843));
#11728=CARTESIAN_POINT('',(0.00232399075401758,-0.0234128229240983,0.000163006374665843));
#11729=CARTESIAN_POINT('',(0.00214738088405579,-0.0228887157820511,-5.22242785660432E-5));
#11730=CARTESIAN_POINT('',(0.00217233121654692,-0.0234199459307548,-5.22242785660432E-5));
#11731=CARTESIAN_POINT('',(0.00193221605493545,-0.0228988214472511,-0.000220844471862362));
#11732=CARTESIAN_POINT('',(0.00195716638742658,-0.0234300515959547,-0.000220844471862362));
#11733=CARTESIAN_POINT('',(0.00165354593416543,-0.0229119097709946,-0.000342854205223114));
#11734=CARTESIAN_POINT('',(0.00167849626665656,-0.0234431399196983,-0.000342854205223114));
#11735=CARTESIAN_POINT('',(0.00233590382391395,-0.0236664701207764,0.000163006374665843));
#11736=CARTESIAN_POINT('',(0.0013184749954151,-0.0237142557888509,0.000879646646739835));
#11737=CARTESIAN_POINT('',(0.00256339313011994,-0.0236557856107916,0.000900205634382069));
#11738=CARTESIAN_POINT('',(0.00206733454260524,-0.0228792042130029,0.00195922270203578));
#11739=CARTESIAN_POINT('',(0.00209225671643108,-0.0234098348213214,0.00195922270203578));
#11740=CARTESIAN_POINT('',(0.00237305004364656,-0.0228648456465374,0.00172685585029817));
#11741=CARTESIAN_POINT('',(0.0023979722174724,-0.0233954762548559,0.00172685585029817));
#11742=CARTESIAN_POINT('',(0.00252590779416721,-0.0228576663633046,0.00137385016108027));
#11743=CARTESIAN_POINT('',(0.00255082996799305,-0.0233882969716231,0.00137385016108027));
#11744=CARTESIAN_POINT('',(0.00252590779416721,-0.0228576663633046,0.000900205634382069));
#11745=CARTESIAN_POINT('',(0.00255082996799305,-0.0233882969716231,0.000900205634382069));
#11746=CARTESIAN_POINT('',(0.00210481987855798,-0.02367732346049,0.00195922270203578));
#11747=CARTESIAN_POINT('',(0.000652706383668227,-0.0229701021877471,0.0023077729796422));
#11748=CARTESIAN_POINT('',(0.000677477707252627,-0.0234975209672765,0.0023077729796422));
#11749=CARTESIAN_POINT('',(0.00129084041943643,-0.0229401308911157,0.0023077729796422));
#11750=CARTESIAN_POINT('',(0.00131561174302083,-0.0234675496706452,0.0023077729796422));
#11751=CARTESIAN_POINT('',(0.00176276518784119,-0.0229179659595673,0.00219158955377339));
#11752=CARTESIAN_POINT('',(0.00178753651142559,-0.0234453847390967,0.00219158955377339));
#11753=CARTESIAN_POINT('',(0.00206848068888251,-0.0229036073931017,0.00195922270203578));
#11754=CARTESIAN_POINT('',(0.0020932520124669,-0.0234310261726311,0.00195922270203578));
#11755=CARTESIAN_POINT('',(0.000689045573343697,-0.0237438182551354,0.0023077729796422));
#11756=CARTESIAN_POINT('',(5.55061496857652E-6,-0.023775920022155,0.0023077729796422));
#11757=CARTESIAN_POINT('',(-0.000677944343406544,-0.0238080217891746,0.0023077729796422));
#11758=CARTESIAN_POINT('',(-0.000677944343406544,-0.0238080217891746,-4.10857495373229E-5));
#11759=CARTESIAN_POINT('',(-0.000677944343406544,-0.0238080217891746,-0.00238994447871684));
#11760=CARTESIAN_POINT('',(-0.000180343581073342,-0.0237846509309913,-0.00238994447871684));
#11761=CARTESIAN_POINT('',(0.00031725718125986,-0.0237612800728079,-0.00238994447871684));
#11762=CARTESIAN_POINT('',(0.00031725718125986,-0.0237612800728079,-0.00148875179930084));
#11763=CARTESIAN_POINT('',(0.00031725718125986,-0.0237612800728079,-0.000587559119884845));
#11764=CARTESIAN_POINT('',(0.00058171991872281,-0.0237488590284691,-0.000587559119884845));
#11765=CARTESIAN_POINT('',(0.000846182656185761,-0.0237364379841302,-0.000587559119884845));
#11766=CARTESIAN_POINT('',(0.00140643284370436,-0.0237101246649578,-0.00148875179930084));
#11767=CARTESIAN_POINT('',(0.,1.1327982892113E-18,0.005));
#11768=CARTESIAN_POINT('',(0.,1.1327982892113E-18,0.005));
#11769=CARTESIAN_POINT('',(-0.0206068811919591,-0.0102153877823106,0.00080664199054082));
#11770=CARTESIAN_POINT('',(-0.0206068811919591,-0.0102153877823106,0.000997360752394224));
#11771=CARTESIAN_POINT('',(-0.0206279305559516,-0.0101738454230966,0.00119790429507409));
#11772=CARTESIAN_POINT('',(-0.0206911357903074,-0.0100436347857515,0.00132432654739873));
#11773=CARTESIAN_POINT('',(-0.0206068811919591,-0.0102153877823106,0.00080664199054082));
#11774=CARTESIAN_POINT('',(-0.0206911357903074,-0.0100436347857515,0.00132432654739873));
#11775=CARTESIAN_POINT('',(-0.0207072760221765,-0.0100103156665459,0.00027867571457948));
#11776=CARTESIAN_POINT('',(-0.0206389223555988,-0.0101517116312788,0.000403512226498594));
#11777=CARTESIAN_POINT('',(-0.0206068811919591,-0.0102153877823106,0.000606937463392508));
#11778=CARTESIAN_POINT('',(-0.0206068811919591,-0.0102153877823106,0.00080664199054082));
#11779=CARTESIAN_POINT('',(-0.0207072760221765,-0.0100103156665459,0.00027867571457948));
#11780=CARTESIAN_POINT('',(-0.0209969399963251,-0.00938755616724737,9.72033724038677E-5));
#11781=CARTESIAN_POINT('',(-0.0208981150943823,-0.00960859564751965,9.72033724038677E-5));
#11782=CARTESIAN_POINT('',(-0.0207904606486434,-0.00983824047147406,0.00012675294096171));
#11783=CARTESIAN_POINT('',(-0.0207072760221764,-0.0100103156665459,0.00027867571457948));
#11784=CARTESIAN_POINT('',(-0.0209969399963251,-0.00938755616724737,9.72033724038679E-5));
#11785=CARTESIAN_POINT('',(0.,1.1327982892113E-18,9.72033724038679E-5));
#11786=CARTESIAN_POINT('',(-0.0211286889728924,-0.00908714489205913,9.72033724038677E-5));
#11787=CARTESIAN_POINT('',(-0.0211286889728924,-0.00908714489205913,0.005));
#11788=CARTESIAN_POINT('',(-0.0211286889728923,-0.00908714489205912,0.00149140448282953));
#11789=CARTESIAN_POINT('',(0.,1.1327982892113E-18,0.00149140448282953));
#11790=CARTESIAN_POINT('',(-0.0209458537305371,-0.0095009952900443,0.00149140448282953));
#11791=CARTESIAN_POINT('',(-0.0206911357903074,-0.0100436347857515,0.00132432654739873));
#11792=CARTESIAN_POINT('',(-0.0207617785129322,-0.00989810199830899,0.0014656251628629));
#11793=CARTESIAN_POINT('',(-0.0208580622875232,-0.00969453993121351,0.00149140448282953));
#11794=CARTESIAN_POINT('',(-0.0209458537305371,-0.0095009952900443,0.00149140448282953));
#11795=CARTESIAN_POINT('',(-0.0215027691531175,-0.00816263552722035,0.005));
#11796=CARTESIAN_POINT('',(-0.0215027691531175,-0.00816263552722035,-0.00238994447871684));
#11797=CARTESIAN_POINT('',(-0.0215027691531175,-0.00816263552722035,0.0023077729796422));
#11798=CARTESIAN_POINT('',(0.,1.1327982892113E-18,-0.00238994447871684));
#11799=CARTESIAN_POINT('',(-0.0211286889728924,-0.00908714489205913,-0.00238994447871684));
#11800=CARTESIAN_POINT('',(-0.0211286889728924,-0.00908714489205913,0.005));
#11801=CARTESIAN_POINT('',(-0.0211286889728923,-0.00908714489205912,-0.000719165124408799));
#11802=CARTESIAN_POINT('',(0.,1.1327982892113E-18,-0.000719165124408799));
#11803=CARTESIAN_POINT('',(-0.0209564588853204,-0.00947758043966792,-0.000719165124408799));
#11804=CARTESIAN_POINT('',(-0.0203650820694007,-0.0106892998979857,-0.000317663993419698));
#11805=CARTESIAN_POINT('',(-0.020536635292716,-0.0103624594589084,-0.00062989352470255));
#11806=CARTESIAN_POINT('',(-0.0207584572717492,-0.0099153939407451,-0.000719165124408799));
#11807=CARTESIAN_POINT('',(-0.0209564588853204,-0.00947758043966792,-0.000719165124408799));
#11808=CARTESIAN_POINT('',(-0.0203650820694007,-0.0106892998979857,-0.000317663993419698));
#11809=CARTESIAN_POINT('',(-0.0201400146217707,-0.0111075429793166,0.00084262800740284));
#11810=CARTESIAN_POINT('',(-0.0201400146217707,-0.0111075429793166,0.000407916178738151));
#11811=CARTESIAN_POINT('',(-0.0202102396674087,-0.0109843031493195,-3.58484165255352E-5));
#11812=CARTESIAN_POINT('',(-0.0203650820694007,-0.0106892998979856,-0.000317663993419698));
#11813=CARTESIAN_POINT('',(-0.0201400146217707,-0.0111075429793166,0.00084262800740284));
#11814=CARTESIAN_POINT('',(-0.0203514268717104,-0.010715275278215,0.00193968743573926));
#11815=CARTESIAN_POINT('',(-0.0202034191264366,-0.0109963850701873,0.00167711313326306));
#11816=CARTESIAN_POINT('',(-0.0201400146217707,-0.0111075429793166,0.00125276210889045));
#11817=CARTESIAN_POINT('',(-0.0201400146217707,-0.0111075429793166,0.00084262800740284));
#11818=CARTESIAN_POINT('',(-0.0203514268717104,-0.010715275278215,0.00193968743573926));
#11819=CARTESIAN_POINT('',(-0.0209245650783855,-0.00954778907825851,0.0023077729796422));
#11820=CARTESIAN_POINT('',(-0.0207332921006964,-0.00996697553457687,0.0023077729796422));
#11821=CARTESIAN_POINT('',(-0.0205177032326716,-0.0103994680672256,0.00223467131929831));
#11822=CARTESIAN_POINT('',(-0.0203514268717104,-0.010715275278215,0.00193968743573926));
#11823=CARTESIAN_POINT('',(-0.0209245650783855,-0.00954778907825851,0.0023077729796422));
#11824=CARTESIAN_POINT('',(0.,1.1327982892113E-18,0.0023077729796422));
#11825=CARTESIAN_POINT('',(-0.0217221034408637,-0.00960799972147586,0.00149140448282953));
#11826=CARTESIAN_POINT('',(0.,1.1327982892113E-18,0.00149140448282953));
#11827=CARTESIAN_POINT('',(-0.0214004229835045,-0.00970937156190322,0.00149140448282953));
#11828=CARTESIAN_POINT('',(-0.0215833791541631,-0.00929557659791154,0.00149140448282953));
#11829=CARTESIAN_POINT('',(-0.0216278450799388,-0.00981362271458015,0.00149140448282953));
#11830=CARTESIAN_POINT('',(-0.0218163618017885,-0.00940237672837157,0.00149140448282953));
#11831=CARTESIAN_POINT('',(-0.0218163618017885,-0.00940237672837157,0.000794303927616699));
#11832=CARTESIAN_POINT('',(-0.0215833791541631,-0.00929557659791154,0.005));
#11833=CARTESIAN_POINT('',(-0.0215833791541631,-0.00929557659791154,9.72033724038677E-5));
#11834=CARTESIAN_POINT('',(-0.0218163618017885,-0.00940237672837157,9.72033724038677E-5));
#11835=CARTESIAN_POINT('',(-0.021748024490118,-0.00955145339837218,9.72033724038677E-5));
#11836=CARTESIAN_POINT('',(0.,1.1327982892113E-18,9.72033724038679E-5));
#11837=CARTESIAN_POINT('',(-0.0214515253332573,-0.0095959398120569,9.72033724038679E-5));
#11838=CARTESIAN_POINT('',(-0.0216796871784475,-0.00970053006837279,9.72033724038677E-5));
#11839=CARTESIAN_POINT('',(-0.0209907247765767,-0.00938470708691144,9.72033724038677E-5));
#11840=CARTESIAN_POINT('',(-0.0214552167760598,-0.00959763198345639,9.72033724038677E-5));
#11841=CARTESIAN_POINT('',(-0.0208633331736298,-0.00966260967759178,9.72033724038677E-5));
#11842=CARTESIAN_POINT('',(-0.0213278251731129,-0.00987553457413673,9.72033724038677E-5));
#11843=CARTESIAN_POINT('',(-0.0207679322871179,-0.00987072507061248,0.000157694153129072));
#11844=CARTESIAN_POINT('',(-0.021232424286601,-0.0100836499671574,0.000157694153129072));
#11845=CARTESIAN_POINT('',(-0.0207045221170412,-0.0100090532659735,0.00027867571457948));
#11846=CARTESIAN_POINT('',(-0.0211690141165243,-0.0102219781625185,0.00027867571457948));
#11847=CARTESIAN_POINT('',(-0.0214515253332573,-0.0095959398120569,9.72033724038677E-5));
#11848=CARTESIAN_POINT('',(-0.0213526565178573,-0.00981695900765028,9.72033724038677E-5));
#11849=CARTESIAN_POINT('',(-0.0212450441766517,-0.0100466226691716,0.000126752494391994));
#11850=CARTESIAN_POINT('',(-0.0211619350295609,-0.0102187330821705,0.00027867571457948));
#11851=CARTESIAN_POINT('',(-0.0211619350295609,-0.0102187330821705,0.00027867571457948));
#11852=CARTESIAN_POINT('',(-0.021393484518912,-0.0103248762474349,0.00027867571457948));
#11853=CARTESIAN_POINT('',(-0.0206992368155793,-0.0100066304637116,0.00027867571457948));
#11854=CARTESIAN_POINT('',(-0.0211646946610558,-0.0102199981077279,0.00027867571457948));
#11855=CARTESIAN_POINT('',(-0.0206358266455025,-0.0101449586590728,0.000399657276029927));
#11856=CARTESIAN_POINT('',(-0.021101284490979,-0.010358326303089,0.000399657276029927));
#11857=CARTESIAN_POINT('',(-0.0206041215604642,-0.0102141227567532,0.000575646034683667));
#11858=CARTESIAN_POINT('',(-0.0210695794059407,-0.0104274904007695,0.000575646034683667));
#11859=CARTESIAN_POINT('',(-0.0206041215604642,-0.0102141227567532,0.00080664199054082));
#11860=CARTESIAN_POINT('',(-0.0210695794059407,-0.0104274904007695,0.00080664199054082));
#11861=CARTESIAN_POINT('',(-0.0211619350295609,-0.0102187330821705,0.00027867571457948));
#11862=CARTESIAN_POINT('',(-0.0210936433976325,-0.0103601579600207,0.000403512570660664));
#11863=CARTESIAN_POINT('',(-0.0210616526150729,-0.0104238567297325,0.000606938004495456));
#11864=CARTESIAN_POINT('',(-0.0210616526150729,-0.0104238567297325,0.00080664199054082));
#11865=CARTESIAN_POINT('',(-0.0210616526150729,-0.0104238567297325,0.00080664199054082));
#11866=CARTESIAN_POINT('',(-0.0212983692637969,-0.0105323685404765,0.00080664199054082));
#11867=CARTESIAN_POINT('',(-0.0206041257658119,-0.0102141246845006,0.00080664199054082));
#11868=CARTESIAN_POINT('',(-0.0210688743093109,-0.0104271671817967,0.00080664199054082));
#11869=CARTESIAN_POINT('',(-0.0206041257658119,-0.0102141246845006,0.00104037973815889));
#11870=CARTESIAN_POINT('',(-0.0210688743093109,-0.0104271671817967,0.00104037973815889));
#11871=CARTESIAN_POINT('',(-0.0206306894857089,-0.0101561763864439,0.00121294125711152));
#11872=CARTESIAN_POINT('',(-0.0210954380292079,-0.0103692188837401,0.00121294125711152));
#11873=CARTESIAN_POINT('',(-0.0206838169255029,-0.0100402797903306,0.00132432654739873));
#11874=CARTESIAN_POINT('',(-0.021148565469002,-0.0102533222876267,0.00132432654739873));
#11875=CARTESIAN_POINT('',(-0.0210616526150729,-0.0104238567297325,0.00080664199054082));
#11876=CARTESIAN_POINT('',(-0.0210616526150729,-0.0104238567297325,0.000997360296391845));
#11877=CARTESIAN_POINT('',(-0.0210826664248124,-0.0103822986790569,0.00119790381320568));
#11878=CARTESIAN_POINT('',(-0.0211458100428548,-0.0102520591898167,0.00132432654739873));
#11879=CARTESIAN_POINT('',(-0.0211458100428547,-0.0102520591898167,0.00132432654739873));
#11880=CARTESIAN_POINT('',(-0.0213780604234879,-0.0103585236463065,0.00132432654739873));
#11881=CARTESIAN_POINT('',(-0.0206883777068796,-0.010042370469834,0.00132432654739873));
#11882=CARTESIAN_POINT('',(-0.0211535744450391,-0.0102556184212645,0.00132432654739873));
#11883=CARTESIAN_POINT('',(-0.0207415051466736,-0.00992647387372064,0.00143571183768593));
#11884=CARTESIAN_POINT('',(-0.0212067018848331,-0.0101397218251512,0.00143571183768593));
#11885=CARTESIAN_POINT('',(-0.0208247666988239,-0.00974484022981186,0.00149140448282953));
#11886=CARTESIAN_POINT('',(-0.0212899634369834,-0.00995808818124242,0.00149140448282953));
#11887=CARTESIAN_POINT('',(-0.0209381623633305,-0.00949746953810761,0.00149140448282953));
#11888=CARTESIAN_POINT('',(-0.02140335910149,-0.00971071748953817,0.00149140448282953));
#11889=CARTESIAN_POINT('',(-0.0211458100428547,-0.0102520591898167,0.00132432654739873));
#11890=CARTESIAN_POINT('',(-0.0212163838981587,-0.0101064941564297,0.00146562570045159));
#11891=CARTESIAN_POINT('',(-0.0213126154027433,-0.00990290822464865,0.00149140448282953));
#11892=CARTESIAN_POINT('',(-0.0214004229835045,-0.00970937156190321,0.00149140448282953));
#11893=CARTESIAN_POINT('',(-0.0219189748810681,-0.00917852806087849,0.0023077729796422));
#11894=CARTESIAN_POINT('',(-0.0222315270369531,-0.00849670090874405,0.0023077729796422));
#11895=CARTESIAN_POINT('',(-0.0216064227251831,-0.00986035521301294,0.0023077729796422));
#11896=CARTESIAN_POINT('',(-0.0222315270369531,-0.00849670090874405,-4.10857495373208E-5));
#11897=CARTESIAN_POINT('',(-0.0222315270369531,-0.00849670090874405,-0.00238994447871684));
#11898=CARTESIAN_POINT('',(-0.0220239444193708,-0.00894953881855781,-0.00238994447871684));
#11899=CARTESIAN_POINT('',(-0.0218163618017885,-0.00940237672837157,-0.00238994447871684));
#11900=CARTESIAN_POINT('',(-0.0218163618017885,-0.00940237672837157,-0.00155455480156282));
#11901=CARTESIAN_POINT('',(-0.0218163618017885,-0.00940237672837157,-0.000719165124408799));
#11902=CARTESIAN_POINT('',(-0.0217274590295526,-0.00959631659686766,-0.000719165124408799));
#11903=CARTESIAN_POINT('',(-0.0216385562573167,-0.00979025646536375,-0.000719165124408799));
#11904=CARTESIAN_POINT('',(-0.0203621736263599,-0.0106879666566505,-0.000317663993419698));
#11905=CARTESIAN_POINT('',(-0.0208527310192354,-0.010912840028514,-0.000317663993419698));
#11906=CARTESIAN_POINT('',(-0.020493849700258,-0.0104007175662836,-0.000585331414079099));
#11907=CARTESIAN_POINT('',(-0.0209844070931335,-0.0106255909381471,-0.000585331414079099));
#11908=CARTESIAN_POINT('',(-0.0206810810808224,-0.00999227552998098,-0.000719165124408799));
#11909=CARTESIAN_POINT('',(-0.0211716384736979,-0.0102171489018445,-0.000719165124408799));
#11910=CARTESIAN_POINT('',(-0.0209238677680531,-0.00946264054774267,-0.000719165124408799));
#11911=CARTESIAN_POINT('',(-0.0214144251609287,-0.00968751391960618,-0.000719165124408799));
#11912=CARTESIAN_POINT('',(-0.0210768621156234,-0.0110155825742716,-0.000317663993419698));
#11913=CARTESIAN_POINT('',(-0.020137118077727,-0.0111062151925269,0.00084262800740284));
#11914=CARTESIAN_POINT('',(-0.0206256685064199,-0.0113301685643873,0.00084262800740284));
#11915=CARTESIAN_POINT('',(-0.020137118077727,-0.0111062151925269,0.000336767427513882));
#11916=CARTESIAN_POINT('',(-0.0206256685064199,-0.0113301685643873,0.000336767427513882));
#11917=CARTESIAN_POINT('',(-0.0202029561146761,-0.0109625906473434,-4.99965727602972E-5));
#11918=CARTESIAN_POINT('',(-0.0206915065433689,-0.0111865440192038,-4.99965727602972E-5));
#11919=CARTESIAN_POINT('',(-0.0203346321885741,-0.0106753415569765,-0.000317663993419698));
#11920=CARTESIAN_POINT('',(-0.020823182617267,-0.0108992949288369,-0.000317663993419698));
#11921=CARTESIAN_POINT('',(-0.0208793480047763,-0.0114464562098219,0.00084262800740284));
#11922=CARTESIAN_POINT('',(-0.0203224299281542,-0.0107019829691683,0.00193968743573926));
#11923=CARTESIAN_POINT('',(-0.020809549761474,-0.0109252805506768,0.00193968743573926));
#11924=CARTESIAN_POINT('',(-0.0201988943490632,-0.0109714737101307,0.0016942970731373));
#11925=CARTESIAN_POINT('',(-0.020686014182383,-0.0111947712916392,0.0016942970731373));
#11926=CARTESIAN_POINT('',(-0.0201371265595178,-0.011106219080612,0.00132861059702516));
#11927=CARTESIAN_POINT('',(-0.0206242463928376,-0.0113295166621204,0.00132861059702516));
#11928=CARTESIAN_POINT('',(-0.0201371265595178,-0.011106219080612,0.00084262800740284));
#11929=CARTESIAN_POINT('',(-0.0206242463928376,-0.0113295166621204,0.00084262800740284));
#11930=CARTESIAN_POINT('',(-0.0210646513734127,-0.0110422200983783,0.00193968743573926));
#11931=CARTESIAN_POINT('',(-0.0208902812944596,-0.00953207326150879,0.0023077729796422));
#11932=CARTESIAN_POINT('',(-0.0213822699893766,-0.00975760274766374,0.0023077729796422));
#11933=CARTESIAN_POINT('',(-0.0206526359723702,-0.0100504924441232,0.0023077729796422));
#11934=CARTESIAN_POINT('',(-0.0211446246672873,-0.0102760219302782,0.0023077729796422));
#11935=CARTESIAN_POINT('',(-0.02047204552178,-0.0104444474059117,0.00218507779834122));
#11936=CARTESIAN_POINT('',(-0.0209640342166971,-0.0106699768920666,0.00218507779834122));
#11937=CARTESIAN_POINT('',(-0.0203485099426891,-0.0107139381468741,0.00193968743573926));
#11938=CARTESIAN_POINT('',(-0.0208404986376062,-0.0109394676330291,0.00193968743573926));
#11939=CARTESIAN_POINT('',(0.,1.1327982892113E-18,0.005));
#11940=CARTESIAN_POINT('',(0.,1.1327982892113E-18,0.005));
#11941=CARTESIAN_POINT('',(0.,1.1327982892113E-18,-0.000373358477211209));
#11942=CARTESIAN_POINT('',(0.0227565054423828,0.0033375380227504,0.000505387620810199));
#11943=CARTESIAN_POINT('',(0.0228211409041964,0.00286238149681575,0.00110275550071972));
#11944=CARTESIAN_POINT('',(0.,1.1327982892113E-18,0.00107192209394553));
#11945=CARTESIAN_POINT('',(0.0226718443995982,0.00387106851155469,0.000938911104847385));
#11946=CARTESIAN_POINT('',(0.0226116653545536,0.00420835952553753,0.00126360876986902));
#11947=CARTESIAN_POINT('',(0.0226317213378199,0.00410059801437777,0.00115052586361816));
#11948=CARTESIAN_POINT('',(0.0226518289180036,0.00398828422434612,0.00104217161363462));
#11949=CARTESIAN_POINT('',(0.0226717907120333,0.00387138294570068,0.000938546033880922));
#11950=CARTESIAN_POINT('',(0.0226115788095776,0.00420882450819277,0.00126315031873329));
#11951=CARTESIAN_POINT('',(0.,1.1327982892113E-18,-0.00438579751867855));
#11952=CARTESIAN_POINT('',(0.0226143960237221,0.00419366098829642,0.000774768661320173));
#11953=CARTESIAN_POINT('',(0.,1.1327982892113E-18,-0.0062979230927411));
#11954=CARTESIAN_POINT('',(0.0226162685097546,0.00418355096744171,0.000328542052231133));
#11955=CARTESIAN_POINT('',(0.0226162685097546,0.00418355096744171,0.005));
#11956=CARTESIAN_POINT('',(0.0226162685097546,0.00418355096744171,-0.00238994447871684));
#11957=CARTESIAN_POINT('',(0.,1.1327982892113E-18,-0.00238994447871684));
#11958=CARTESIAN_POINT('',(0.022414474797631,0.00515645416433284,-0.00238994447871684));
#11959=CARTESIAN_POINT('',(0.022414474797631,0.00515645416433284,0.005));
#11960=CARTESIAN_POINT('',(0.022414474797631,0.00515645416433283,0.0023077729796422));
#11961=CARTESIAN_POINT('',(0.,1.1327982892113E-18,0.0023077729796422));
#11962=CARTESIAN_POINT('',(0.0225834312363326,0.00435733101753055,0.0023077729796422));
#11963=CARTESIAN_POINT('',(0.,1.1327982892113E-18,0.00204540334513496));
#11964=CARTESIAN_POINT('',(0.0234568852786097,0.0037442672853971,0.00170526424018096));
#11965=CARTESIAN_POINT('',(0.0235895879252451,0.00299925913078689,0.00110275550071972));
#11966=CARTESIAN_POINT('',(0.0233241826319743,0.0044892754400073,0.0023077729796422));
#11967=CARTESIAN_POINT('',(0.0235475774406445,0.00323511089712409,0.00080407156076496));
#11968=CARTESIAN_POINT('',(0.0235055669560439,0.00347096266346129,0.000505387620810199));
#11969=CARTESIAN_POINT('',(0.0234582375474273,0.00373667549034333,0.000722331893892659));
#11970=CARTESIAN_POINT('',(0.0234109081388107,0.00400238831722536,0.000939276166975118));
#11971=CARTESIAN_POINT('',(0.0240684960312522,0.000310613098976667,0.00523068639963125));
#11972=CARTESIAN_POINT('',(0.0226115733908448,0.00420885492959143,0.00126412865269086));
#11973=CARTESIAN_POINT('',(0.0233520393696172,0.00433288446189958,0.00101895949002673));
#11974=CARTESIAN_POINT('',(0.0233533916384348,0.00432529266684581,0.000774768661320173));
#11975=CARTESIAN_POINT('',(0.0233542931509799,0.0043202314701433,0.000551655356775653));
#11976=CARTESIAN_POINT('',(0.0233551946635249,0.00431517027344078,0.000328542052231133));
#11977=CARTESIAN_POINT('',(0.0233551946635249,0.00431517027344078,-0.00103070121324285));
#11978=CARTESIAN_POINT('',(0.0233551946635249,0.00431517027344078,-0.00238994447871684));
#11979=CARTESIAN_POINT('',(0.0232681085516705,0.00480408187490373,-0.00238994447871684));
#11980=CARTESIAN_POINT('',(0.023181022439816,0.00529299347636668,-0.00238994447871684));
#11981=CARTESIAN_POINT('',(0.023181022439816,0.00529299347636668,-4.10857495373229E-5));
#11982=CARTESIAN_POINT('',(0.023181022439816,0.00529299347636668,0.0023077729796422));
#11983=CARTESIAN_POINT('',(0.0232526025358952,0.00489113445818699,0.0023077729796422));
#11984=CARTESIAN_POINT('',(0.,1.1327982892113E-18,0.005));
#11985=CARTESIAN_POINT('',(0.,1.1327982892113E-18,0.005));
#11986=MECHANICAL_DESIGN_GEOMETRIC_PRESENTATION_REPRESENTATION('',(#6360),
#11988);
#11987=MECHANICAL_DESIGN_GEOMETRIC_PRESENTATION_REPRESENTATION('',(#6361),
#11989);
#11988=(
GEOMETRIC_REPRESENTATION_CONTEXT(3)
GLOBAL_UNCERTAINTY_ASSIGNED_CONTEXT((#11990))
GLOBAL_UNIT_ASSIGNED_CONTEXT((#11996,#11994,#11992))
REPRESENTATION_CONTEXT('Conductor','TOP_LEVEL_ASSEMBLY_PART')
);
#11989=(
GEOMETRIC_REPRESENTATION_CONTEXT(3)
GLOBAL_UNCERTAINTY_ASSIGNED_CONTEXT((#11991))
GLOBAL_UNIT_ASSIGNED_CONTEXT((#11997,#11995,#11993))
REPRESENTATION_CONTEXT('Insulator','TOP_LEVEL_ASSEMBLY_PART')
);
#11990=UNCERTAINTY_MEASURE_WITH_UNIT(LENGTH_MEASURE(1.E-8),#11996,
'DISTANCE_ACCURACY_VALUE','Maximum Tolerance applied to model');
#11991=UNCERTAINTY_MEASURE_WITH_UNIT(LENGTH_MEASURE(2.E-5),#11997,
'DISTANCE_ACCURACY_VALUE','Maximum Tolerance applied to model');
#11992=(
NAMED_UNIT(*)
SI_UNIT($,.STERADIAN.)
SOLID_ANGLE_UNIT()
);
#11993=(
NAMED_UNIT(*)
SI_UNIT($,.STERADIAN.)
SOLID_ANGLE_UNIT()
);
#11994=(
NAMED_UNIT(*)
PLANE_ANGLE_UNIT()
SI_UNIT($,.RADIAN.)
);
#11995=(
NAMED_UNIT(*)
PLANE_ANGLE_UNIT()
SI_UNIT($,.RADIAN.)
);
#11996=(
LENGTH_UNIT()
NAMED_UNIT(*)
SI_UNIT($,.METRE.)
);
#11997=(
LENGTH_UNIT()
NAMED_UNIT(*)
SI_UNIT($,.METRE.)
);
#11998=PRODUCT_DEFINITION_SHAPE('','',#12000);
#11999=PRODUCT_DEFINITION_SHAPE('','',#12001);
#12000=PRODUCT_DEFINITION('','',#12004,#12002);
#12001=PRODUCT_DEFINITION('','',#12005,#12003);
#12002=PRODUCT_DEFINITION_CONTEXT('',#12016,'design');
#12003=PRODUCT_DEFINITION_CONTEXT('',#12017,'design');
#12004=PRODUCT_DEFINITION_FORMATION_WITH_SPECIFIED_SOURCE('','',#12008,
 .NOT_KNOWN.);
#12005=PRODUCT_DEFINITION_FORMATION_WITH_SPECIFIED_SOURCE('','',#12009,
 .NOT_KNOWN.);
#12006=PRODUCT_RELATED_PRODUCT_CATEGORY('','',(#12008));
#12007=PRODUCT_RELATED_PRODUCT_CATEGORY('','',(#12009));
#12008=PRODUCT('Conductor','Conductor','Conductor',(#12012));
#12009=PRODUCT('Insulator','Insulator','Insulator',(#12013));
#12010=PRODUCT_CATEGORY('','');
#12011=PRODUCT_CATEGORY('','');
#12012=PRODUCT_CONTEXT('',#12016,'mechanical');
#12013=PRODUCT_CONTEXT('',#12017,'mechanical');
#12014=APPLICATION_PROTOCOL_DEFINITION('international standard',
'ap242_managed_model_based_3d_engineering',2020,#12016);
#12015=APPLICATION_PROTOCOL_DEFINITION('international standard',
'ap242_managed_model_based_3d_engineering',2020,#12017);
#12016=APPLICATION_CONTEXT('managed model based 3d engineering');
#12017=APPLICATION_CONTEXT('managed model based 3d engineering');
ENDSEC;
END-ISO-10303-21;
