ISO-10303-21;
HEADER;
/* Generated by software containing ST-Developer
 * from STEP Tools, Inc. (www.steptools.com) 
 */
/* OPTION: using custom renumber hook */

FILE_DESCRIPTION(
/* description */ ('STEP AP242 Edition 2',
'CAx-IF Rec.Pracs.---Representation and Presentation of Product Manufa
cturing Information (PMI)---4.0---2014-10-13',
'CAx-IF Rec.Pracs.---3D Tessellated Geometry---0.4---2014-09-14','2;1',
'CAx-IF Rec.Pracs.---User Defined Attributes---1.5---2016-08-15'),
/* implementation_level */ '2;1');

FILE_NAME(
/* name */ '698e23957673a742cfe027f0',
/* time_stamp */ '2026-02-12T19:01:41Z',
/* author */ (''),
/* organization */ (''),
/* preprocessor_version */ 'ST-DEVELOPER v20',
/* originating_system */ 'ONSHAPE BY PTC INC, 1.210',
/* authorisation */ '  ');

FILE_SCHEMA (('AP242_MANAGED_MODEL_BASED_3D_ENGINEERING_MIM_LF { 1 0 10303 442 3 1 4 }'));
ENDSEC;

DATA;
#10=SHAPE_REPRESENTATION_RELATIONSHIP('','',#6643,#12);
#11=SHAPE_REPRESENTATION_RELATIONSHIP('','',#6644,#13);
#12=ADVANCED_BREP_SHAPE_REPRESENTATION('',(#6639),#12547);
#13=ADVANCED_BREP_SHAPE_REPRESENTATION('',(#6640),#12548);
#14=B_SPLINE_SURFACE_WITH_KNOTS('',3,1,((#9466,#9467),(#9468,#9469),(#9470,
#9471),(#9472,#9473)),.SURF_OF_LINEAR_EXTRUSION.,.F.,.F.,.F.,(4,4),(2,2),
(0.,1.),(0.,1.),.PIECEWISE_BEZIER_KNOTS.);
#15=B_SPLINE_SURFACE_WITH_KNOTS('',3,1,((#9476,#9477),(#9478,#9479),(#9480,
#9481),(#9482,#9483)),.SURF_OF_LINEAR_EXTRUSION.,.F.,.F.,.F.,(4,4),(2,2),
(0.,1.),(0.,1.),.PIECEWISE_BEZIER_KNOTS.);
#16=B_SPLINE_SURFACE_WITH_KNOTS('',3,1,((#9485,#9486),(#9487,#9488),(#9489,
#9490),(#9491,#9492)),.SURF_OF_LINEAR_EXTRUSION.,.F.,.F.,.F.,(4,4),(2,2),
(0.,1.),(0.,1.),.PIECEWISE_BEZIER_KNOTS.);
#17=B_SPLINE_SURFACE_WITH_KNOTS('',3,1,((#9494,#9495),(#9496,#9497),(#9498,
#9499),(#9500,#9501)),.SURF_OF_LINEAR_EXTRUSION.,.F.,.F.,.F.,(4,4),(2,2),
(0.,1.),(0.,1.),.PIECEWISE_BEZIER_KNOTS.);
#18=B_SPLINE_SURFACE_WITH_KNOTS('',3,1,((#9503,#9504),(#9505,#9506),(#9507,
#9508),(#9509,#9510)),.SURF_OF_LINEAR_EXTRUSION.,.F.,.F.,.F.,(4,4),(2,2),
(0.,1.),(0.,1.),.PIECEWISE_BEZIER_KNOTS.);
#19=B_SPLINE_SURFACE_WITH_KNOTS('',3,1,((#9582,#9583),(#9584,#9585),(#9586,
#9587),(#9588,#9589)),.SURF_OF_LINEAR_EXTRUSION.,.F.,.F.,.F.,(4,4),(2,2),
(0.,1.),(0.,1.),.PIECEWISE_BEZIER_KNOTS.);
#20=B_SPLINE_SURFACE_WITH_KNOTS('',3,1,((#9596,#9597),(#9598,#9599),(#9600,
#9601),(#9602,#9603)),.SURF_OF_LINEAR_EXTRUSION.,.F.,.F.,.F.,(4,4),(2,2),
(0.,1.00000000000009),(0.,1.),.PIECEWISE_BEZIER_KNOTS.);
#21=B_SPLINE_SURFACE_WITH_KNOTS('',3,1,((#9610,#9611),(#9612,#9613),(#9614,
#9615),(#9616,#9617)),.SURF_OF_LINEAR_EXTRUSION.,.F.,.F.,.F.,(4,4),(2,2),
(0.,1.),(0.,1.),.PIECEWISE_BEZIER_KNOTS.);
#22=B_SPLINE_SURFACE_WITH_KNOTS('',3,1,((#9624,#9625),(#9626,#9627),(#9628,
#9629),(#9630,#9631)),.SURF_OF_LINEAR_EXTRUSION.,.F.,.F.,.F.,(4,4),(2,2),
(0.,1.),(0.,1.),.PIECEWISE_BEZIER_KNOTS.);
#23=B_SPLINE_SURFACE_WITH_KNOTS('',3,1,((#9647,#9648),(#9649,#9650),(#9651,
#9652),(#9653,#9654)),.SURF_OF_LINEAR_EXTRUSION.,.F.,.F.,.F.,(4,4),(2,2),
(0.,1.),(0.,1.),.PIECEWISE_BEZIER_KNOTS.);
#24=B_SPLINE_SURFACE_WITH_KNOTS('',3,1,((#9656,#9657),(#9658,#9659),(#9660,
#9661),(#9662,#9663)),.SURF_OF_LINEAR_EXTRUSION.,.F.,.F.,.F.,(4,4),(2,2),
(0.,1.),(0.,1.),.PIECEWISE_BEZIER_KNOTS.);
#25=B_SPLINE_SURFACE_WITH_KNOTS('',3,1,((#9665,#9666),(#9667,#9668),(#9669,
#9670),(#9671,#9672)),.SURF_OF_LINEAR_EXTRUSION.,.F.,.F.,.F.,(4,4),(2,2),
(0.,1.00000000000914),(0.,1.),.PIECEWISE_BEZIER_KNOTS.);
#26=B_SPLINE_SURFACE_WITH_KNOTS('',3,1,((#9674,#9675),(#9676,#9677),(#9678,
#9679),(#9680,#9681)),.SURF_OF_LINEAR_EXTRUSION.,.F.,.F.,.F.,(4,4),(2,2),
(0.,1.),(0.,1.),.PIECEWISE_BEZIER_KNOTS.);
#27=B_SPLINE_SURFACE_WITH_KNOTS('',3,1,((#9724,#9725),(#9726,#9727),(#9728,
#9729),(#9730,#9731)),.SURF_OF_LINEAR_EXTRUSION.,.F.,.F.,.F.,(4,4),(2,2),
(0.,1.),(0.,1.),.PIECEWISE_BEZIER_KNOTS.);
#28=B_SPLINE_SURFACE_WITH_KNOTS('',3,1,((#9734,#9735),(#9736,#9737),(#9738,
#9739),(#9740,#9741)),.SURF_OF_LINEAR_EXTRUSION.,.F.,.F.,.F.,(4,4),(2,2),
(0.,1.),(0.,1.),.PIECEWISE_BEZIER_KNOTS.);
#29=B_SPLINE_SURFACE_WITH_KNOTS('',3,1,((#9743,#9744),(#9745,#9746),(#9747,
#9748),(#9749,#9750)),.SURF_OF_LINEAR_EXTRUSION.,.F.,.F.,.F.,(4,4),(2,2),
(0.,1.),(0.,1.),.PIECEWISE_BEZIER_KNOTS.);
#30=B_SPLINE_SURFACE_WITH_KNOTS('',3,1,((#9752,#9753),(#9754,#9755),(#9756,
#9757),(#9758,#9759)),.SURF_OF_LINEAR_EXTRUSION.,.F.,.F.,.F.,(4,4),(2,2),
(0.,1.),(0.,1.),.PIECEWISE_BEZIER_KNOTS.);
#31=B_SPLINE_SURFACE_WITH_KNOTS('',3,1,((#9761,#9762),(#9763,#9764),(#9765,
#9766),(#9767,#9768)),.SURF_OF_LINEAR_EXTRUSION.,.F.,.F.,.F.,(4,4),(2,2),
(0.,1.),(0.,1.),.PIECEWISE_BEZIER_KNOTS.);
#32=B_SPLINE_SURFACE_WITH_KNOTS('',3,1,((#9770,#9771),(#9772,#9773),(#9774,
#9775),(#9776,#9777)),.SURF_OF_LINEAR_EXTRUSION.,.F.,.F.,.F.,(4,4),(2,2),
(0.,1.),(0.,1.),.PIECEWISE_BEZIER_KNOTS.);
#33=B_SPLINE_SURFACE_WITH_KNOTS('',3,1,((#9779,#9780),(#9781,#9782),(#9783,
#9784),(#9785,#9786)),.SURF_OF_LINEAR_EXTRUSION.,.F.,.F.,.F.,(4,4),(2,2),
(0.,1.),(0.,1.),.PIECEWISE_BEZIER_KNOTS.);
#34=B_SPLINE_SURFACE_WITH_KNOTS('',3,1,((#9788,#9789),(#9790,#9791),(#9792,
#9793),(#9794,#9795)),.SURF_OF_LINEAR_EXTRUSION.,.F.,.F.,.F.,(4,4),(2,2),
(0.,1.),(0.,1.),.PIECEWISE_BEZIER_KNOTS.);
#35=B_SPLINE_SURFACE_WITH_KNOTS('',3,1,((#9887,#9888),(#9889,#9890),(#9891,
#9892),(#9893,#9894)),.SURF_OF_LINEAR_EXTRUSION.,.F.,.F.,.F.,(4,4),(2,2),
(0.,1.),(0.,1.),.PIECEWISE_BEZIER_KNOTS.);
#36=B_SPLINE_SURFACE_WITH_KNOTS('',3,1,((#9897,#9898),(#9899,#9900),(#9901,
#9902),(#9903,#9904)),.SURF_OF_LINEAR_EXTRUSION.,.F.,.F.,.F.,(4,4),(2,2),
(0.,1.00000000000109),(0.,1.),.PIECEWISE_BEZIER_KNOTS.);
#37=B_SPLINE_SURFACE_WITH_KNOTS('',3,1,((#9906,#9907),(#9908,#9909),(#9910,
#9911),(#9912,#9913)),.SURF_OF_LINEAR_EXTRUSION.,.F.,.F.,.F.,(4,4),(2,2),
(0.,1.),(0.,1.),.PIECEWISE_BEZIER_KNOTS.);
#38=B_SPLINE_SURFACE_WITH_KNOTS('',3,1,((#9915,#9916),(#9917,#9918),(#9919,
#9920),(#9921,#9922)),.SURF_OF_LINEAR_EXTRUSION.,.F.,.F.,.F.,(4,4),(2,2),
(0.,1.),(0.,1.),.PIECEWISE_BEZIER_KNOTS.);
#39=B_SPLINE_SURFACE_WITH_KNOTS('',3,1,((#9924,#9925),(#9926,#9927),(#9928,
#9929),(#9930,#9931)),.SURF_OF_LINEAR_EXTRUSION.,.F.,.F.,.F.,(4,4),(2,2),
(0.,1.),(0.,1.),.PIECEWISE_BEZIER_KNOTS.);
#40=B_SPLINE_SURFACE_WITH_KNOTS('',3,1,((#9933,#9934),(#9935,#9936),(#9937,
#9938),(#9939,#9940)),.SURF_OF_LINEAR_EXTRUSION.,.F.,.F.,.F.,(4,4),(2,2),
(0.,1.00000000000106),(0.,1.),.PIECEWISE_BEZIER_KNOTS.);
#41=B_SPLINE_SURFACE_WITH_KNOTS('',3,1,((#9942,#9943),(#9944,#9945),(#9946,
#9947),(#9948,#9949)),.SURF_OF_LINEAR_EXTRUSION.,.F.,.F.,.F.,(4,4),(2,2),
(0.,1.),(0.,1.),.PIECEWISE_BEZIER_KNOTS.);
#42=B_SPLINE_SURFACE_WITH_KNOTS('',3,1,((#9951,#9952),(#9953,#9954),(#9955,
#9956),(#9957,#9958)),.SURF_OF_LINEAR_EXTRUSION.,.F.,.F.,.F.,(4,4),(2,2),
(0.,1.),(0.,1.),.PIECEWISE_BEZIER_KNOTS.);
#43=B_SPLINE_SURFACE_WITH_KNOTS('',3,1,((#9959,#9960),(#9961,#9962),(#9963,
#9964),(#9965,#9966)),.SURF_OF_LINEAR_EXTRUSION.,.F.,.F.,.F.,(4,4),(2,2),
(0.,1.),(0.,1.),.PIECEWISE_BEZIER_KNOTS.);
#44=B_SPLINE_SURFACE_WITH_KNOTS('',3,1,((#9976,#9977),(#9978,#9979),(#9980,
#9981),(#9982,#9983)),.SURF_OF_LINEAR_EXTRUSION.,.F.,.F.,.F.,(4,4),(2,2),
(0.,1.),(0.,1.),.PIECEWISE_BEZIER_KNOTS.);
#45=B_SPLINE_SURFACE_WITH_KNOTS('',3,1,((#9990,#9991),(#9992,#9993),(#9994,
#9995),(#9996,#9997)),.SURF_OF_LINEAR_EXTRUSION.,.F.,.F.,.F.,(4,4),(2,2),
(0.,1.),(0.,1.),.PIECEWISE_BEZIER_KNOTS.);
#46=B_SPLINE_SURFACE_WITH_KNOTS('',3,1,((#10004,#10005),(#10006,#10007),
(#10008,#10009),(#10010,#10011)),.SURF_OF_LINEAR_EXTRUSION.,.F.,.F.,.F.,
(4,4),(2,2),(0.,1.),(0.,1.),.PIECEWISE_BEZIER_KNOTS.);
#47=B_SPLINE_SURFACE_WITH_KNOTS('',3,1,((#10019,#10020),(#10021,#10022),
(#10023,#10024),(#10025,#10026)),.SURF_OF_LINEAR_EXTRUSION.,.F.,.F.,.F.,
(4,4),(2,2),(0.,1.),(0.,1.),.PIECEWISE_BEZIER_KNOTS.);
#48=B_SPLINE_SURFACE_WITH_KNOTS('',3,1,((#10034,#10035),(#10036,#10037),
(#10038,#10039),(#10040,#10041)),.SURF_OF_LINEAR_EXTRUSION.,.F.,.F.,.F.,
(4,4),(2,2),(0.,1.),(0.,1.),.PIECEWISE_BEZIER_KNOTS.);
#49=B_SPLINE_SURFACE_WITH_KNOTS('',3,1,((#10048,#10049),(#10050,#10051),
(#10052,#10053),(#10054,#10055)),.SURF_OF_LINEAR_EXTRUSION.,.F.,.F.,.F.,
(4,4),(2,2),(0.,1.),(0.,1.),.PIECEWISE_BEZIER_KNOTS.);
#50=B_SPLINE_SURFACE_WITH_KNOTS('',3,1,((#10062,#10063),(#10064,#10065),
(#10066,#10067),(#10068,#10069)),.SURF_OF_LINEAR_EXTRUSION.,.F.,.F.,.F.,
(4,4),(2,2),(0.,1.),(0.,1.),.PIECEWISE_BEZIER_KNOTS.);
#51=B_SPLINE_SURFACE_WITH_KNOTS('',3,1,((#10170,#10171),(#10172,#10173),
(#10174,#10175),(#10176,#10177)),.SURF_OF_LINEAR_EXTRUSION.,.F.,.F.,.F.,
(4,4),(2,2),(0.,1.),(0.,1.),.PIECEWISE_BEZIER_KNOTS.);
#52=B_SPLINE_SURFACE_WITH_KNOTS('',3,1,((#10179,#10180),(#10181,#10182),
(#10183,#10184),(#10185,#10186)),.SURF_OF_LINEAR_EXTRUSION.,.F.,.F.,.F.,
(4,4),(2,2),(0.,1.),(0.,1.),.PIECEWISE_BEZIER_KNOTS.);
#53=B_SPLINE_SURFACE_WITH_KNOTS('',3,1,((#10188,#10189),(#10190,#10191),
(#10192,#10193),(#10194,#10195)),.SURF_OF_LINEAR_EXTRUSION.,.F.,.F.,.F.,
(4,4),(2,2),(0.,1.),(0.,1.),.PIECEWISE_BEZIER_KNOTS.);
#54=B_SPLINE_SURFACE_WITH_KNOTS('',3,1,((#10199,#10200),(#10201,#10202),
(#10203,#10204),(#10205,#10206)),.SURF_OF_LINEAR_EXTRUSION.,.F.,.F.,.F.,
(4,4),(2,2),(0.,1.),(0.,1.),.PIECEWISE_BEZIER_KNOTS.);
#55=B_SPLINE_SURFACE_WITH_KNOTS('',3,1,((#10208,#10209),(#10210,#10211),
(#10212,#10213),(#10214,#10215)),.SURF_OF_LINEAR_EXTRUSION.,.F.,.F.,.F.,
(4,4),(2,2),(0.,1.),(0.,1.),.PIECEWISE_BEZIER_KNOTS.);
#56=B_SPLINE_SURFACE_WITH_KNOTS('',3,1,((#10217,#10218),(#10219,#10220),
(#10221,#10222),(#10223,#10224)),.SURF_OF_LINEAR_EXTRUSION.,.F.,.F.,.F.,
(4,4),(2,2),(0.,1.),(0.,1.),.PIECEWISE_BEZIER_KNOTS.);
#57=B_SPLINE_SURFACE_WITH_KNOTS('',3,1,((#10360,#10361),(#10362,#10363),
(#10364,#10365),(#10366,#10367)),.SURF_OF_LINEAR_EXTRUSION.,.F.,.F.,.F.,
(4,4),(2,2),(0.,1.),(0.,1.),.PIECEWISE_BEZIER_KNOTS.);
#58=B_SPLINE_SURFACE_WITH_KNOTS('',3,1,((#10376,#10377),(#10378,#10379),
(#10380,#10381),(#10382,#10383)),.SURF_OF_LINEAR_EXTRUSION.,.F.,.F.,.F.,
(4,4),(2,2),(0.,1.),(0.,1.),.PIECEWISE_BEZIER_KNOTS.);
#59=B_SPLINE_SURFACE_WITH_KNOTS('',3,1,((#10387,#10388),(#10389,#10390),
(#10391,#10392),(#10393,#10394)),.SURF_OF_LINEAR_EXTRUSION.,.F.,.F.,.F.,
(4,4),(2,2),(0.,1.),(0.,1.),.PIECEWISE_BEZIER_KNOTS.);
#60=B_SPLINE_SURFACE_WITH_KNOTS('',3,1,((#10402,#10403),(#10404,#10405),
(#10406,#10407),(#10408,#10409)),.SURF_OF_LINEAR_EXTRUSION.,.F.,.F.,.F.,
(4,4),(2,2),(0.,1.),(0.,1.),.PIECEWISE_BEZIER_KNOTS.);
#61=B_SPLINE_SURFACE_WITH_KNOTS('',3,1,((#10411,#10412),(#10413,#10414),
(#10415,#10416),(#10417,#10418)),.SURF_OF_LINEAR_EXTRUSION.,.F.,.F.,.F.,
(4,4),(2,2),(0.,1.),(0.,1.),.PIECEWISE_BEZIER_KNOTS.);
#62=B_SPLINE_SURFACE_WITH_KNOTS('',3,1,((#10420,#10421),(#10422,#10423),
(#10424,#10425),(#10426,#10427)),.SURF_OF_LINEAR_EXTRUSION.,.F.,.F.,.F.,
(4,4),(2,2),(0.,1.00000000000133),(0.,1.),.PIECEWISE_BEZIER_KNOTS.);
#63=B_SPLINE_SURFACE_WITH_KNOTS('',3,1,((#10431,#10432),(#10433,#10434),
(#10435,#10436),(#10437,#10438)),.SURF_OF_LINEAR_EXTRUSION.,.F.,.F.,.F.,
(4,4),(2,2),(0.,1.),(0.,1.),.PIECEWISE_BEZIER_KNOTS.);
#64=B_SPLINE_SURFACE_WITH_KNOTS('',3,1,((#10440,#10441),(#10442,#10443),
(#10444,#10445),(#10446,#10447)),.SURF_OF_LINEAR_EXTRUSION.,.F.,.F.,.F.,
(4,4),(2,2),(0.,1.),(0.,1.),.PIECEWISE_BEZIER_KNOTS.);
#65=B_SPLINE_SURFACE_WITH_KNOTS('',3,1,((#10453,#10454),(#10455,#10456),
(#10457,#10458),(#10459,#10460)),.SURF_OF_LINEAR_EXTRUSION.,.F.,.F.,.F.,
(4,4),(2,2),(0.,1.),(0.,1.),.PIECEWISE_BEZIER_KNOTS.);
#66=B_SPLINE_SURFACE_WITH_KNOTS('',3,1,((#10462,#10463),(#10464,#10465),
(#10466,#10467),(#10468,#10469)),.SURF_OF_LINEAR_EXTRUSION.,.F.,.F.,.F.,
(4,4),(2,2),(0.,1.),(0.,1.),.PIECEWISE_BEZIER_KNOTS.);
#67=B_SPLINE_SURFACE_WITH_KNOTS('',3,1,((#10473,#10474),(#10475,#10476),
(#10477,#10478),(#10479,#10480)),.SURF_OF_LINEAR_EXTRUSION.,.F.,.F.,.F.,
(4,4),(2,2),(0.,1.),(0.,1.),.PIECEWISE_BEZIER_KNOTS.);
#68=B_SPLINE_SURFACE_WITH_KNOTS('',3,1,((#10484,#10485),(#10486,#10487),
(#10488,#10489),(#10490,#10491)),.SURF_OF_LINEAR_EXTRUSION.,.F.,.F.,.F.,
(4,4),(2,2),(0.,1.),(0.,1.),.PIECEWISE_BEZIER_KNOTS.);
#69=B_SPLINE_SURFACE_WITH_KNOTS('',3,1,((#10493,#10494),(#10495,#10496),
(#10497,#10498),(#10499,#10500)),.SURF_OF_LINEAR_EXTRUSION.,.F.,.F.,.F.,
(4,4),(2,2),(0.,1.),(0.,1.),.PIECEWISE_BEZIER_KNOTS.);
#70=B_SPLINE_SURFACE_WITH_KNOTS('',3,1,((#10502,#10503),(#10504,#10505),
(#10506,#10507),(#10508,#10509)),.SURF_OF_LINEAR_EXTRUSION.,.F.,.F.,.F.,
(4,4),(2,2),(0.,1.),(0.,1.),.PIECEWISE_BEZIER_KNOTS.);
#71=B_SPLINE_SURFACE_WITH_KNOTS('',3,1,((#10511,#10512),(#10513,#10514),
(#10515,#10516),(#10517,#10518)),.SURF_OF_LINEAR_EXTRUSION.,.F.,.F.,.F.,
(4,4),(2,2),(0.,1.00000000000016),(0.,1.),.PIECEWISE_BEZIER_KNOTS.);
#72=B_SPLINE_SURFACE_WITH_KNOTS('',3,1,((#10520,#10521),(#10522,#10523),
(#10524,#10525),(#10526,#10527)),.SURF_OF_LINEAR_EXTRUSION.,.F.,.F.,.F.,
(4,4),(2,2),(0.,1.),(0.,1.),.PIECEWISE_BEZIER_KNOTS.);
#73=B_SPLINE_SURFACE_WITH_KNOTS('',3,1,((#10692,#10693),(#10694,#10695),
(#10696,#10697),(#10698,#10699)),.SURF_OF_LINEAR_EXTRUSION.,.F.,.F.,.F.,
(4,4),(2,2),(0.,1.),(0.,1.),.PIECEWISE_BEZIER_KNOTS.);
#74=B_SPLINE_SURFACE_WITH_KNOTS('',3,1,((#10702,#10703),(#10704,#10705),
(#10706,#10707),(#10708,#10709)),.SURF_OF_LINEAR_EXTRUSION.,.F.,.F.,.F.,
(4,4),(2,2),(0.,1.),(0.,1.),.PIECEWISE_BEZIER_KNOTS.);
#75=B_SPLINE_SURFACE_WITH_KNOTS('',3,1,((#10711,#10712),(#10713,#10714),
(#10715,#10716),(#10717,#10718)),.SURF_OF_LINEAR_EXTRUSION.,.F.,.F.,.F.,
(4,4),(2,2),(0.,1.),(0.,1.),.PIECEWISE_BEZIER_KNOTS.);
#76=B_SPLINE_SURFACE_WITH_KNOTS('',3,1,((#10726,#10727),(#10728,#10729),
(#10730,#10731),(#10732,#10733)),.SURF_OF_LINEAR_EXTRUSION.,.F.,.F.,.F.,
(4,4),(2,2),(0.,1.00000000000215),(0.,1.),.PIECEWISE_BEZIER_KNOTS.);
#77=B_SPLINE_SURFACE_WITH_KNOTS('',3,1,((#10735,#10736),(#10737,#10738),
(#10739,#10740),(#10741,#10742)),.SURF_OF_LINEAR_EXTRUSION.,.F.,.F.,.F.,
(4,4),(2,2),(0.,1.),(0.,1.),.PIECEWISE_BEZIER_KNOTS.);
#78=B_SPLINE_SURFACE_WITH_KNOTS('',3,1,((#10750,#10751),(#10752,#10753),
(#10754,#10755),(#10756,#10757)),.SURF_OF_LINEAR_EXTRUSION.,.F.,.F.,.F.,
(4,4),(2,2),(0.,1.),(0.,1.),.PIECEWISE_BEZIER_KNOTS.);
#79=B_SPLINE_SURFACE_WITH_KNOTS('',3,1,((#10759,#10760),(#10761,#10762),
(#10763,#10764),(#10765,#10766)),.SURF_OF_LINEAR_EXTRUSION.,.F.,.F.,.F.,
(4,4),(2,2),(0.,1.),(0.,1.),.PIECEWISE_BEZIER_KNOTS.);
#80=B_SPLINE_SURFACE_WITH_KNOTS('',3,1,((#10782,#10783),(#10784,#10785),
(#10786,#10787),(#10788,#10789)),.SURF_OF_LINEAR_EXTRUSION.,.F.,.F.,.F.,
(4,4),(2,2),(0.,1.00000000000016),(0.,1.),.PIECEWISE_BEZIER_KNOTS.);
#81=B_SPLINE_SURFACE_WITH_KNOTS('',3,1,((#10791,#10792),(#10793,#10794),
(#10795,#10796),(#10797,#10798)),.SURF_OF_LINEAR_EXTRUSION.,.F.,.F.,.F.,
(4,4),(2,2),(0.,1.),(0.,1.),.PIECEWISE_BEZIER_KNOTS.);
#82=B_SPLINE_SURFACE_WITH_KNOTS('',3,1,((#10800,#10801),(#10802,#10803),
(#10804,#10805),(#10806,#10807)),.SURF_OF_LINEAR_EXTRUSION.,.F.,.F.,.F.,
(4,4),(2,2),(0.,1.),(0.,1.),.PIECEWISE_BEZIER_KNOTS.);
#83=B_SPLINE_SURFACE_WITH_KNOTS('',3,1,((#10809,#10810),(#10811,#10812),
(#10813,#10814),(#10815,#10816)),.SURF_OF_LINEAR_EXTRUSION.,.F.,.F.,.F.,
(4,4),(2,2),(0.,1.),(0.,1.),.PIECEWISE_BEZIER_KNOTS.);
#84=B_SPLINE_SURFACE_WITH_KNOTS('',3,1,((#10824,#10825),(#10826,#10827),
(#10828,#10829),(#10830,#10831)),.SURF_OF_LINEAR_EXTRUSION.,.F.,.F.,.F.,
(4,4),(2,2),(0.,1.),(0.,1.),.PIECEWISE_BEZIER_KNOTS.);
#85=B_SPLINE_SURFACE_WITH_KNOTS('',3,1,((#10912,#10913),(#10914,#10915),
(#10916,#10917),(#10918,#10919)),.SURF_OF_LINEAR_EXTRUSION.,.F.,.F.,.F.,
(4,4),(2,2),(0.,1.),(0.,1.),.PIECEWISE_BEZIER_KNOTS.);
#86=B_SPLINE_SURFACE_WITH_KNOTS('',3,1,((#10926,#10927),(#10928,#10929),
(#10930,#10931),(#10932,#10933)),.SURF_OF_LINEAR_EXTRUSION.,.F.,.F.,.F.,
(4,4),(2,2),(0.,1.),(0.,1.),.PIECEWISE_BEZIER_KNOTS.);
#87=B_SPLINE_SURFACE_WITH_KNOTS('',3,1,((#10940,#10941),(#10942,#10943),
(#10944,#10945),(#10946,#10947)),.SURF_OF_LINEAR_EXTRUSION.,.F.,.F.,.F.,
(4,4),(2,2),(0.,1.),(0.,1.),.PIECEWISE_BEZIER_KNOTS.);
#88=B_SPLINE_SURFACE_WITH_KNOTS('',3,1,((#10954,#10955),(#10956,#10957),
(#10958,#10959),(#10960,#10961)),.SURF_OF_LINEAR_EXTRUSION.,.F.,.F.,.F.,
(4,4),(2,2),(0.,1.),(0.,1.),.PIECEWISE_BEZIER_KNOTS.);
#89=B_SPLINE_SURFACE_WITH_KNOTS('',3,1,((#10971,#10972),(#10973,#10974),
(#10975,#10976),(#10977,#10978)),.SURF_OF_LINEAR_EXTRUSION.,.F.,.F.,.F.,
(4,4),(2,2),(0.,1.),(0.,1.),.PIECEWISE_BEZIER_KNOTS.);
#90=B_SPLINE_SURFACE_WITH_KNOTS('',3,1,((#10982,#10983),(#10984,#10985),
(#10986,#10987),(#10988,#10989)),.SURF_OF_LINEAR_EXTRUSION.,.F.,.F.,.F.,
(4,4),(2,2),(0.,1.00000000000846),(0.,1.),.PIECEWISE_BEZIER_KNOTS.);
#91=B_SPLINE_SURFACE_WITH_KNOTS('',3,1,((#10991,#10992),(#10993,#10994),
(#10995,#10996),(#10997,#10998)),.SURF_OF_LINEAR_EXTRUSION.,.F.,.F.,.F.,
(4,4),(2,2),(0.,1.),(0.,1.),.PIECEWISE_BEZIER_KNOTS.);
#92=B_SPLINE_SURFACE_WITH_KNOTS('',3,1,((#11122,#11123),(#11124,#11125),
(#11126,#11127),(#11128,#11129)),.SURF_OF_LINEAR_EXTRUSION.,.F.,.F.,.F.,
(4,4),(2,2),(0.,1.),(0.,1.),.PIECEWISE_BEZIER_KNOTS.);
#93=B_SPLINE_SURFACE_WITH_KNOTS('',3,1,((#11131,#11132),(#11133,#11134),
(#11135,#11136),(#11137,#11138)),.SURF_OF_LINEAR_EXTRUSION.,.F.,.F.,.F.,
(4,4),(2,2),(0.,1.),(0.,1.),.PIECEWISE_BEZIER_KNOTS.);
#94=B_SPLINE_SURFACE_WITH_KNOTS('',3,1,((#11140,#11141),(#11142,#11143),
(#11144,#11145),(#11146,#11147)),.SURF_OF_LINEAR_EXTRUSION.,.F.,.F.,.F.,
(4,4),(2,2),(0.,1.),(0.,1.),.PIECEWISE_BEZIER_KNOTS.);
#95=B_SPLINE_SURFACE_WITH_KNOTS('',3,1,((#11149,#11150),(#11151,#11152),
(#11153,#11154),(#11155,#11156)),.SURF_OF_LINEAR_EXTRUSION.,.F.,.F.,.F.,
(4,4),(2,2),(0.,1.00000000000096),(0.,1.),.PIECEWISE_BEZIER_KNOTS.);
#96=B_SPLINE_SURFACE_WITH_KNOTS('',3,1,((#11158,#11159),(#11160,#11161),
(#11162,#11163),(#11164,#11165)),.SURF_OF_LINEAR_EXTRUSION.,.F.,.F.,.F.,
(4,4),(2,2),(0.,1.),(0.,1.),.PIECEWISE_BEZIER_KNOTS.);
#97=B_SPLINE_SURFACE_WITH_KNOTS('',3,1,((#11167,#11168),(#11169,#11170),
(#11171,#11172),(#11173,#11174)),.SURF_OF_LINEAR_EXTRUSION.,.F.,.F.,.F.,
(4,4),(2,2),(0.,1.00000000000001),(0.,1.),.PIECEWISE_BEZIER_KNOTS.);
#98=B_SPLINE_SURFACE_WITH_KNOTS('',3,1,((#11180,#11181),(#11182,#11183),
(#11184,#11185),(#11186,#11187)),.SURF_OF_LINEAR_EXTRUSION.,.F.,.F.,.F.,
(4,4),(2,2),(0.,1.),(0.,1.),.PIECEWISE_BEZIER_KNOTS.);
#99=B_SPLINE_SURFACE_WITH_KNOTS('',3,1,((#11189,#11190),(#11191,#11192),
(#11193,#11194),(#11195,#11196)),.SURF_OF_LINEAR_EXTRUSION.,.F.,.F.,.F.,
(4,4),(2,2),(0.,1.),(0.,1.),.PIECEWISE_BEZIER_KNOTS.);
#100=B_SPLINE_SURFACE_WITH_KNOTS('',3,1,((#11200,#11201),(#11202,#11203),
(#11204,#11205),(#11206,#11207)),.SURF_OF_LINEAR_EXTRUSION.,.F.,.F.,.F.,
(4,4),(2,2),(0.,1.),(0.,1.),.PIECEWISE_BEZIER_KNOTS.);
#101=B_SPLINE_SURFACE_WITH_KNOTS('',3,1,((#11209,#11210),(#11211,#11212),
(#11213,#11214),(#11215,#11216)),.SURF_OF_LINEAR_EXTRUSION.,.F.,.F.,.F.,
(4,4),(2,2),(0.,1.),(0.,1.),.PIECEWISE_BEZIER_KNOTS.);
#102=B_SPLINE_SURFACE_WITH_KNOTS('',3,1,((#11218,#11219),(#11220,#11221),
(#11222,#11223),(#11224,#11225)),.SURF_OF_LINEAR_EXTRUSION.,.F.,.F.,.F.,
(4,4),(2,2),(0.,1.00000000000515),(0.,1.),.PIECEWISE_BEZIER_KNOTS.);
#103=B_SPLINE_SURFACE_WITH_KNOTS('',3,1,((#11226,#11227),(#11228,#11229),
(#11230,#11231),(#11232,#11233)),.SURF_OF_LINEAR_EXTRUSION.,.F.,.F.,.F.,
(4,4),(2,2),(0.,1.),(0.,1.),.PIECEWISE_BEZIER_KNOTS.);
#104=B_SPLINE_SURFACE_WITH_KNOTS('',3,1,((#11242,#11243),(#11244,#11245),
(#11246,#11247),(#11248,#11249)),.SURF_OF_LINEAR_EXTRUSION.,.F.,.F.,.F.,
(4,4),(2,2),(0.,1.),(0.,1.),.PIECEWISE_BEZIER_KNOTS.);
#105=B_SPLINE_SURFACE_WITH_KNOTS('',3,1,((#11257,#11258),(#11259,#11260),
(#11261,#11262),(#11263,#11264)),.SURF_OF_LINEAR_EXTRUSION.,.F.,.F.,.F.,
(4,4),(2,2),(0.,1.00000000000005),(0.,1.),.PIECEWISE_BEZIER_KNOTS.);
#106=B_SPLINE_SURFACE_WITH_KNOTS('',3,1,((#11271,#11272),(#11273,#11274),
(#11275,#11276),(#11277,#11278)),.SURF_OF_LINEAR_EXTRUSION.,.F.,.F.,.F.,
(4,4),(2,2),(0.,1.),(0.,1.),.PIECEWISE_BEZIER_KNOTS.);
#107=B_SPLINE_SURFACE_WITH_KNOTS('',3,1,((#11293,#11294),(#11295,#11296),
(#11297,#11298),(#11299,#11300)),.SURF_OF_LINEAR_EXTRUSION.,.F.,.F.,.F.,
(4,4),(2,2),(0.,1.),(0.,1.),.PIECEWISE_BEZIER_KNOTS.);
#108=B_SPLINE_SURFACE_WITH_KNOTS('',3,1,((#11487,#11488),(#11489,#11490),
(#11491,#11492),(#11493,#11494)),.SURF_OF_LINEAR_EXTRUSION.,.F.,.F.,.F.,
(4,4),(2,2),(0.,1.),(0.,1.),.PIECEWISE_BEZIER_KNOTS.);
#109=B_SPLINE_SURFACE_WITH_KNOTS('',3,1,((#11681,#11682),(#11683,#11684),
(#11685,#11686),(#11687,#11688)),.SURF_OF_LINEAR_EXTRUSION.,.F.,.F.,.F.,
(4,4),(2,2),(0.,1.),(0.,1.),.PIECEWISE_BEZIER_KNOTS.);
#110=B_SPLINE_SURFACE_WITH_KNOTS('',3,1,((#11691,#11692),(#11693,#11694),
(#11695,#11696),(#11697,#11698)),.SURF_OF_LINEAR_EXTRUSION.,.F.,.F.,.F.,
(4,4),(2,2),(0.,1.),(0.,1.),.PIECEWISE_BEZIER_KNOTS.);
#111=B_SPLINE_SURFACE_WITH_KNOTS('',3,1,((#11700,#11701),(#11702,#11703),
(#11704,#11705),(#11706,#11707)),.SURF_OF_LINEAR_EXTRUSION.,.F.,.F.,.F.,
(4,4),(2,2),(0.,1.),(0.,1.),.PIECEWISE_BEZIER_KNOTS.);
#112=B_SPLINE_SURFACE_WITH_KNOTS('',3,1,((#11709,#11710),(#11711,#11712),
(#11713,#11714),(#11715,#11716)),.SURF_OF_LINEAR_EXTRUSION.,.F.,.F.,.F.,
(4,4),(2,2),(0.,1.),(0.,1.),.PIECEWISE_BEZIER_KNOTS.);
#113=B_SPLINE_SURFACE_WITH_KNOTS('',3,1,((#11718,#11719),(#11720,#11721),
(#11722,#11723),(#11724,#11725)),.SURF_OF_LINEAR_EXTRUSION.,.F.,.F.,.F.,
(4,4),(2,2),(0.,1.),(0.,1.),.PIECEWISE_BEZIER_KNOTS.);
#114=B_SPLINE_SURFACE_WITH_KNOTS('',3,1,((#11727,#11728),(#11729,#11730),
(#11731,#11732),(#11733,#11734)),.SURF_OF_LINEAR_EXTRUSION.,.F.,.F.,.F.,
(4,4),(2,2),(0.,1.),(0.,1.),.PIECEWISE_BEZIER_KNOTS.);
#115=B_SPLINE_SURFACE_WITH_KNOTS('',3,1,((#11736,#11737),(#11738,#11739),
(#11740,#11741),(#11742,#11743)),.SURF_OF_LINEAR_EXTRUSION.,.F.,.F.,.F.,
(4,4),(2,2),(0.,1.),(0.,1.),.PIECEWISE_BEZIER_KNOTS.);
#116=B_SPLINE_SURFACE_WITH_KNOTS('',3,1,((#11745,#11746),(#11747,#11748),
(#11749,#11750),(#11751,#11752)),.SURF_OF_LINEAR_EXTRUSION.,.F.,.F.,.F.,
(4,4),(2,2),(0.,1.),(0.,1.),.PIECEWISE_BEZIER_KNOTS.);
#117=B_SPLINE_SURFACE_WITH_KNOTS('',3,1,((#11844,#11845),(#11846,#11847),
(#11848,#11849),(#11850,#11851)),.SURF_OF_LINEAR_EXTRUSION.,.F.,.F.,.F.,
(4,4),(2,2),(0.,1.),(0.,1.),.PIECEWISE_BEZIER_KNOTS.);
#118=B_SPLINE_SURFACE_WITH_KNOTS('',3,1,((#11854,#11855),(#11856,#11857),
(#11858,#11859),(#11860,#11861)),.SURF_OF_LINEAR_EXTRUSION.,.F.,.F.,.F.,
(4,4),(2,2),(0.,1.00000000000109),(0.,1.),.PIECEWISE_BEZIER_KNOTS.);
#119=B_SPLINE_SURFACE_WITH_KNOTS('',3,1,((#11863,#11864),(#11865,#11866),
(#11867,#11868),(#11869,#11870)),.SURF_OF_LINEAR_EXTRUSION.,.F.,.F.,.F.,
(4,4),(2,2),(0.,1.),(0.,1.),.PIECEWISE_BEZIER_KNOTS.);
#120=B_SPLINE_SURFACE_WITH_KNOTS('',3,1,((#11872,#11873),(#11874,#11875),
(#11876,#11877),(#11878,#11879)),.SURF_OF_LINEAR_EXTRUSION.,.F.,.F.,.F.,
(4,4),(2,2),(0.,1.),(0.,1.),.PIECEWISE_BEZIER_KNOTS.);
#121=B_SPLINE_SURFACE_WITH_KNOTS('',3,1,((#11881,#11882),(#11883,#11884),
(#11885,#11886),(#11887,#11888)),.SURF_OF_LINEAR_EXTRUSION.,.F.,.F.,.F.,
(4,4),(2,2),(0.,1.),(0.,1.),.PIECEWISE_BEZIER_KNOTS.);
#122=B_SPLINE_SURFACE_WITH_KNOTS('',3,1,((#11890,#11891),(#11892,#11893),
(#11894,#11895),(#11896,#11897)),.SURF_OF_LINEAR_EXTRUSION.,.F.,.F.,.F.,
(4,4),(2,2),(0.,1.00000000000106),(0.,1.),.PIECEWISE_BEZIER_KNOTS.);
#123=B_SPLINE_SURFACE_WITH_KNOTS('',3,1,((#11899,#11900),(#11901,#11902),
(#11903,#11904),(#11905,#11906)),.SURF_OF_LINEAR_EXTRUSION.,.F.,.F.,.F.,
(4,4),(2,2),(0.,1.),(0.,1.),.PIECEWISE_BEZIER_KNOTS.);
#124=B_SPLINE_SURFACE_WITH_KNOTS('',3,1,((#11908,#11909),(#11910,#11911),
(#11912,#11913),(#11914,#11915)),.SURF_OF_LINEAR_EXTRUSION.,.F.,.F.,.F.,
(4,4),(2,2),(0.,1.),(0.,1.),.PIECEWISE_BEZIER_KNOTS.);
#125=B_SPLINE_SURFACE_WITH_KNOTS('',3,1,((#11916,#11917),(#11918,#11919),
(#11920,#11921),(#11922,#11923)),.SURF_OF_LINEAR_EXTRUSION.,.F.,.F.,.F.,
(4,4),(2,2),(0.,1.),(0.,1.),.PIECEWISE_BEZIER_KNOTS.);
#126=B_SPLINE_SURFACE_WITH_KNOTS('',3,1,((#11933,#11934),(#11935,#11936),
(#11937,#11938),(#11939,#11940)),.SURF_OF_LINEAR_EXTRUSION.,.F.,.F.,.F.,
(4,4),(2,2),(0.,1.),(0.,1.),.PIECEWISE_BEZIER_KNOTS.);
#127=B_SPLINE_SURFACE_WITH_KNOTS('',3,1,((#11947,#11948),(#11949,#11950),
(#11951,#11952),(#11953,#11954)),.SURF_OF_LINEAR_EXTRUSION.,.F.,.F.,.F.,
(4,4),(2,2),(0.,1.),(0.,1.),.PIECEWISE_BEZIER_KNOTS.);
#128=B_SPLINE_SURFACE_WITH_KNOTS('',3,1,((#11961,#11962),(#11963,#11964),
(#11965,#11966),(#11967,#11968)),.SURF_OF_LINEAR_EXTRUSION.,.F.,.F.,.F.,
(4,4),(2,2),(0.,1.),(0.,1.),.PIECEWISE_BEZIER_KNOTS.);
#129=B_SPLINE_SURFACE_WITH_KNOTS('',3,1,((#11976,#11977),(#11978,#11979),
(#11980,#11981),(#11982,#11983)),.SURF_OF_LINEAR_EXTRUSION.,.F.,.F.,.F.,
(4,4),(2,2),(0.,1.),(0.,1.),.PIECEWISE_BEZIER_KNOTS.);
#130=B_SPLINE_SURFACE_WITH_KNOTS('',3,1,((#11991,#11992),(#11993,#11994),
(#11995,#11996),(#11997,#11998)),.SURF_OF_LINEAR_EXTRUSION.,.F.,.F.,.F.,
(4,4),(2,2),(0.,1.),(0.,1.),.PIECEWISE_BEZIER_KNOTS.);
#131=B_SPLINE_SURFACE_WITH_KNOTS('',3,1,((#12005,#12006),(#12007,#12008),
(#12009,#12010),(#12011,#12012)),.SURF_OF_LINEAR_EXTRUSION.,.F.,.F.,.F.,
(4,4),(2,2),(0.,1.),(0.,1.),.PIECEWISE_BEZIER_KNOTS.);
#132=B_SPLINE_SURFACE_WITH_KNOTS('',3,1,((#12019,#12020),(#12021,#12022),
(#12023,#12024),(#12025,#12026)),.SURF_OF_LINEAR_EXTRUSION.,.F.,.F.,.F.,
(4,4),(2,2),(0.,1.),(0.,1.),.PIECEWISE_BEZIER_KNOTS.);
#133=B_SPLINE_SURFACE_WITH_KNOTS('',3,1,((#12189,#12190),(#12191,#12192),
(#12193,#12194),(#12195,#12196)),.SURF_OF_LINEAR_EXTRUSION.,.F.,.F.,.F.,
(4,4),(2,2),(0.,1.),(0.,1.),.PIECEWISE_BEZIER_KNOTS.);
#134=B_SPLINE_SURFACE_WITH_KNOTS('',3,1,((#12199,#12200),(#12201,#12202),
(#12203,#12204),(#12205,#12206)),.SURF_OF_LINEAR_EXTRUSION.,.F.,.F.,.F.,
(4,4),(2,2),(0.,1.),(0.,1.),.PIECEWISE_BEZIER_KNOTS.);
#135=B_SPLINE_SURFACE_WITH_KNOTS('',3,1,((#12208,#12209),(#12210,#12211),
(#12212,#12213),(#12214,#12215)),.SURF_OF_LINEAR_EXTRUSION.,.F.,.F.,.F.,
(4,4),(2,2),(0.,1.),(0.,1.),.PIECEWISE_BEZIER_KNOTS.);
#136=B_SPLINE_SURFACE_WITH_KNOTS('',3,1,((#12217,#12218),(#12219,#12220),
(#12221,#12222),(#12223,#12224)),.SURF_OF_LINEAR_EXTRUSION.,.F.,.F.,.F.,
(4,4),(2,2),(0.,1.00000000000113),(0.,1.),.PIECEWISE_BEZIER_KNOTS.);
#137=B_SPLINE_SURFACE_WITH_KNOTS('',3,1,((#12228,#12229),(#12230,#12231),
(#12232,#12233),(#12234,#12235)),.SURF_OF_LINEAR_EXTRUSION.,.F.,.F.,.F.,
(4,4),(2,2),(0.,1.),(0.,1.),.PIECEWISE_BEZIER_KNOTS.);
#138=B_SPLINE_SURFACE_WITH_KNOTS('',3,1,((#12237,#12238),(#12239,#12240),
(#12241,#12242),(#12243,#12244)),.SURF_OF_LINEAR_EXTRUSION.,.F.,.F.,.F.,
(4,4),(2,2),(0.,1.),(0.,1.),.PIECEWISE_BEZIER_KNOTS.);
#139=B_SPLINE_SURFACE_WITH_KNOTS('',3,1,((#12248,#12249),(#12250,#12251),
(#12252,#12253),(#12254,#12255)),.SURF_OF_LINEAR_EXTRUSION.,.F.,.F.,.F.,
(4,4),(2,2),(0.,1.),(0.,1.),.PIECEWISE_BEZIER_KNOTS.);
#140=B_SPLINE_SURFACE_WITH_KNOTS('',3,1,((#12257,#12258),(#12259,#12260),
(#12261,#12262),(#12263,#12264)),.SURF_OF_LINEAR_EXTRUSION.,.F.,.F.,.F.,
(4,4),(2,2),(0.,1.),(0.,1.),.PIECEWISE_BEZIER_KNOTS.);
#141=B_SPLINE_SURFACE_WITH_KNOTS('',3,1,((#12266,#12267),(#12268,#12269),
(#12270,#12271),(#12272,#12273)),.SURF_OF_LINEAR_EXTRUSION.,.F.,.F.,.F.,
(4,4),(2,2),(0.,1.),(0.,1.),.PIECEWISE_BEZIER_KNOTS.);
#142=B_SPLINE_SURFACE_WITH_KNOTS('',3,1,((#12275,#12276),(#12277,#12278),
(#12279,#12280),(#12281,#12282)),.SURF_OF_LINEAR_EXTRUSION.,.F.,.F.,.F.,
(4,4),(2,2),(0.,1.00000000000003),(0.,1.),.PIECEWISE_BEZIER_KNOTS.);
#143=B_SPLINE_SURFACE_WITH_KNOTS('',3,1,((#12286,#12287),(#12288,#12289),
(#12290,#12291),(#12292,#12293)),.SURF_OF_LINEAR_EXTRUSION.,.F.,.F.,.F.,
(4,4),(2,2),(0.,1.00000000000001),(0.,1.),.PIECEWISE_BEZIER_KNOTS.);
#144=B_SPLINE_SURFACE_WITH_KNOTS('',3,1,((#12295,#12296),(#12297,#12298),
(#12299,#12300),(#12301,#12302)),.SURF_OF_LINEAR_EXTRUSION.,.F.,.F.,.F.,
(4,4),(2,2),(0.,1.),(0.,1.),.PIECEWISE_BEZIER_KNOTS.);
#145=B_SPLINE_SURFACE_WITH_KNOTS('',3,1,((#12305,#12306),(#12307,#12308),
(#12309,#12310),(#12311,#12312)),.SURF_OF_LINEAR_EXTRUSION.,.F.,.F.,.F.,
(4,4),(2,2),(0.,1.),(0.,1.),.PIECEWISE_BEZIER_KNOTS.);
#146=B_SPLINE_SURFACE_WITH_KNOTS('',3,1,((#12321,#12322),(#12323,#12324),
(#12325,#12326),(#12327,#12328)),.SURF_OF_LINEAR_EXTRUSION.,.F.,.F.,.F.,
(4,4),(2,2),(0.,1.),(0.,1.),.PIECEWISE_BEZIER_KNOTS.);
#147=B_SPLINE_SURFACE_WITH_KNOTS('',3,1,((#12336,#12337),(#12338,#12339),
(#12340,#12341),(#12342,#12343)),.SURF_OF_LINEAR_EXTRUSION.,.F.,.F.,.F.,
(4,4),(2,2),(0.,1.),(0.,1.),.PIECEWISE_BEZIER_KNOTS.);
#148=B_SPLINE_SURFACE_WITH_KNOTS('',3,1,((#12350,#12351),(#12352,#12353),
(#12354,#12355),(#12356,#12357)),.SURF_OF_LINEAR_EXTRUSION.,.F.,.F.,.F.,
(4,4),(2,2),(0.,1.),(0.,1.),.PIECEWISE_BEZIER_KNOTS.);
#149=B_SPLINE_SURFACE_WITH_KNOTS('',3,1,((#12364,#12365),(#12366,#12367),
(#12368,#12369),(#12370,#12371)),.SURF_OF_LINEAR_EXTRUSION.,.F.,.F.,.F.,
(4,4),(2,2),(0.,1.),(0.,1.),.PIECEWISE_BEZIER_KNOTS.);
#150=B_SPLINE_SURFACE_WITH_KNOTS('',3,1,((#12378,#12379),(#12380,#12381),
(#12382,#12383),(#12384,#12385)),.SURF_OF_LINEAR_EXTRUSION.,.F.,.F.,.F.,
(4,4),(2,2),(0.,1.00000000000003),(0.,1.),.PIECEWISE_BEZIER_KNOTS.);
#151=B_SPLINE_SURFACE_WITH_KNOTS('',3,1,((#12392,#12393),(#12394,#12395),
(#12396,#12397),(#12398,#12399)),.SURF_OF_LINEAR_EXTRUSION.,.F.,.F.,.F.,
(4,4),(2,2),(0.,1.),(0.,1.),.PIECEWISE_BEZIER_KNOTS.);
#152=B_SPLINE_SURFACE_WITH_KNOTS('',3,1,((#12413,#12414),(#12415,#12416),
(#12417,#12418),(#12419,#12420)),.SURF_OF_LINEAR_EXTRUSION.,.F.,.F.,.F.,
(4,4),(2,2),(0.,1.),(0.,1.),.PIECEWISE_BEZIER_KNOTS.);
#153=B_SPLINE_SURFACE_WITH_KNOTS('',3,1,((#12427,#12428),(#12429,#12430),
(#12431,#12432),(#12433,#12434)),.SURF_OF_LINEAR_EXTRUSION.,.F.,.F.,.F.,
(4,4),(2,2),(0.,1.),(0.,1.),.PIECEWISE_BEZIER_KNOTS.);
#154=B_SPLINE_SURFACE_WITH_KNOTS('',3,1,((#12448,#12449),(#12450,#12451),
(#12452,#12453),(#12454,#12455)),.SURF_OF_LINEAR_EXTRUSION.,.F.,.F.,.F.,
(4,4),(2,2),(0.,1.),(0.,1.),.PIECEWISE_BEZIER_KNOTS.);
#155=B_SPLINE_SURFACE_WITH_KNOTS('',3,1,((#12462,#12463),(#12464,#12465),
(#12466,#12467),(#12468,#12469)),.SURF_OF_LINEAR_EXTRUSION.,.F.,.F.,.F.,
(4,4),(2,2),(0.,1.),(0.,1.),.PIECEWISE_BEZIER_KNOTS.);
#156=B_SPLINE_SURFACE_WITH_KNOTS('',3,1,((#12476,#12477),(#12478,#12479),
(#12480,#12481),(#12482,#12483)),.SURF_OF_LINEAR_EXTRUSION.,.F.,.F.,.F.,
(4,4),(2,2),(0.,1.),(0.,1.),.PIECEWISE_BEZIER_KNOTS.);
#157=B_SPLINE_SURFACE_WITH_KNOTS('',3,1,((#12490,#12491),(#12492,#12493),
(#12494,#12495),(#12496,#12497)),.SURF_OF_LINEAR_EXTRUSION.,.F.,.F.,.F.,
(4,4),(2,2),(0.,1.),(0.,1.),.PIECEWISE_BEZIER_KNOTS.);
#158=TOROIDAL_SURFACE('',#6762,0.003,0.001);
#159=TOROIDAL_SURFACE('',#6769,0.028,0.001);
#160=TOROIDAL_SURFACE('',#6772,0.002,0.001);
#161=TOROIDAL_SURFACE('',#6774,0.002,0.001);
#162=TOROIDAL_SURFACE('',#6780,0.028,0.001);
#163=TOROIDAL_SURFACE('',#6783,0.002,0.001);
#164=TOROIDAL_SURFACE('',#6785,0.002,0.001);
#165=TOROIDAL_SURFACE('',#6791,0.003,0.001);
#166=TOROIDAL_SURFACE('',#6792,0.025,0.001);
#167=TOROIDAL_SURFACE('',#6793,0.025,0.001);
#168=PLANE('',#6734);
#169=PLANE('',#6740);
#170=PLANE('',#6746);
#171=PLANE('',#6750);
#172=PLANE('',#6754);
#173=PLANE('',#6755);
#174=PLANE('',#6756);
#175=PLANE('',#6757);
#176=PLANE('',#6801);
#177=PLANE('',#6803);
#178=PLANE('',#6804);
#179=PLANE('',#6806);
#180=PLANE('',#6807);
#181=PLANE('',#6808);
#182=PLANE('',#6809);
#183=PLANE('',#6810);
#184=PLANE('',#6817);
#185=PLANE('',#6818);
#186=PLANE('',#6819);
#187=PLANE('',#6820);
#188=PLANE('',#6828);
#189=PLANE('',#6829);
#190=PLANE('',#6830);
#191=PLANE('',#6831);
#192=PLANE('',#6832);
#193=PLANE('',#6833);
#194=PLANE('',#6834);
#195=PLANE('',#6835);
#196=PLANE('',#6836);
#197=PLANE('',#6837);
#198=PLANE('',#6838);
#199=PLANE('',#6839);
#200=PLANE('',#6846);
#201=PLANE('',#6853);
#202=PLANE('',#6862);
#203=PLANE('',#6863);
#204=PLANE('',#6864);
#205=PLANE('',#6866);
#206=PLANE('',#6867);
#207=PLANE('',#6868);
#208=PLANE('',#6869);
#209=PLANE('',#6870);
#210=PLANE('',#6871);
#211=PLANE('',#6875);
#212=PLANE('',#6876);
#213=PLANE('',#6877);
#214=PLANE('',#6878);
#215=PLANE('',#6887);
#216=PLANE('',#6888);
#217=PLANE('',#6889);
#218=PLANE('',#6892);
#219=PLANE('',#6894);
#220=PLANE('',#6895);
#221=PLANE('',#6896);
#222=PLANE('',#6897);
#223=PLANE('',#6898);
#224=PLANE('',#6899);
#225=PLANE('',#6900);
#226=PLANE('',#6901);
#227=PLANE('',#6902);
#228=PLANE('',#6911);
#229=PLANE('',#6913);
#230=PLANE('',#6914);
#231=PLANE('',#6916);
#232=PLANE('',#6919);
#233=PLANE('',#6920);
#234=PLANE('',#6921);
#235=PLANE('',#6922);
#236=PLANE('',#6923);
#237=PLANE('',#6924);
#238=PLANE('',#6933);
#239=PLANE('',#6934);
#240=PLANE('',#6935);
#241=PLANE('',#6936);
#242=PLANE('',#6937);
#243=PLANE('',#6938);
#244=PLANE('',#6939);
#245=PLANE('',#6940);
#246=PLANE('',#6942);
#247=PLANE('',#6953);
#248=PLANE('',#6954);
#249=PLANE('',#6955);
#250=PLANE('',#6956);
#251=PLANE('',#6957);
#252=PLANE('',#6958);
#253=PLANE('',#6959);
#254=PLANE('',#6960);
#255=PLANE('',#6961);
#256=PLANE('',#6962);
#257=PLANE('',#6963);
#258=PLANE('',#6965);
#259=PLANE('',#6969);
#260=PLANE('',#6970);
#261=PLANE('',#6972);
#262=PLANE('',#6987);
#263=PLANE('',#6990);
#264=PLANE('',#6991);
#265=PLANE('',#6992);
#266=PLANE('',#6993);
#267=PLANE('',#6994);
#268=PLANE('',#6995);
#269=PLANE('',#6996);
#270=PLANE('',#6997);
#271=PLANE('',#6998);
#272=PLANE('',#6999);
#273=PLANE('',#7000);
#274=PLANE('',#7001);
#275=PLANE('',#7002);
#276=PLANE('',#7003);
#277=PLANE('',#7004);
#278=PLANE('',#7013);
#279=PLANE('',#7014);
#280=PLANE('',#7015);
#281=PLANE('',#7017);
#282=PLANE('',#7018);
#283=PLANE('',#7019);
#284=PLANE('',#7020);
#285=PLANE('',#7021);
#286=PLANE('',#7022);
#287=PLANE('',#7031);
#288=PLANE('',#7032);
#289=PLANE('',#7033);
#290=PLANE('',#7035);
#291=PLANE('',#7036);
#292=PLANE('',#7037);
#293=PLANE('',#7038);
#294=PLANE('',#7039);
#295=PLANE('',#7040);
#296=PLANE('',#7054);
#297=PLANE('',#7055);
#298=PLANE('',#7056);
#299=PLANE('',#7057);
#300=PLANE('',#7058);
#301=PLANE('',#7059);
#302=PLANE('',#7060);
#303=PLANE('',#7061);
#304=PLANE('',#7062);
#305=PLANE('',#7063);
#306=PLANE('',#7064);
#307=PLANE('',#7065);
#308=PLANE('',#7085);
#309=PLANE('',#7089);
#310=PLANE('',#7094);
#311=PLANE('',#7095);
#312=ELLIPSE('',#6648,0.0799075159355795,0.029);
#313=ELLIPSE('',#6650,0.029014203372677,0.029);
#314=ELLIPSE('',#6651,0.0660013056361691,0.029);
#315=ELLIPSE('',#6661,0.0339337289847696,0.029);
#316=ELLIPSE('',#6662,0.0830530034087065,0.029);
#317=ELLIPSE('',#6665,0.0758463816612968,0.029);
#318=ELLIPSE('',#6666,0.0463497951443061,0.029);
#319=ELLIPSE('',#6667,0.0370693005249719,0.029);
#320=ELLIPSE('',#6670,1.25893405704985,0.029);
#321=ELLIPSE('',#6671,0.918791113970483,0.029);
#322=ELLIPSE('',#6672,0.0372072345146311,0.029);
#323=ELLIPSE('',#6678,0.105343766512625,0.029);
#324=ELLIPSE('',#6683,0.0548839910767799,0.029);
#325=ELLIPSE('',#6691,0.0516081749386965,0.029);
#326=ELLIPSE('',#6694,0.0927342907806416,0.029);
#327=ELLIPSE('',#6696,0.0988374661119862,0.029);
#328=ELLIPSE('',#6700,0.0981171953486483,0.029);
#329=ELLIPSE('',#6702,0.0929782699383713,0.029);
#330=ELLIPSE('',#6705,0.046349795144306,0.029);
#331=ELLIPSE('',#6706,0.0370693005249719,0.029);
#332=ELLIPSE('',#6709,1.25893405704985,0.029);
#333=ELLIPSE('',#6710,0.918791113970483,0.029);
#334=ELLIPSE('',#6711,0.0372072345146311,0.029);
#335=ELLIPSE('',#6712,0.0463497951443061,0.029);
#336=ELLIPSE('',#6713,0.0370693005249719,0.029);
#337=ELLIPSE('',#6716,1.25893405704985,0.029);
#338=ELLIPSE('',#6717,0.918791113970483,0.029);
#339=ELLIPSE('',#6718,0.0372072345146311,0.029);
#340=ELLIPSE('',#6719,0.0572435236036392,0.029);
#341=ELLIPSE('',#6721,0.0542309076262428,0.029);
#342=ELLIPSE('',#6722,0.0520775070814837,0.029);
#343=ELLIPSE('',#6724,0.0553477456956858,0.029);
#344=ELLIPSE('',#6725,0.0553855593440674,0.029);
#345=ELLIPSE('',#6727,0.0535927126450735,0.029);
#346=ELLIPSE('',#6728,0.0537259185666814,0.029);
#347=ELLIPSE('',#6730,0.0564669874547856,0.029);
#348=ELLIPSE('',#6825,0.0816209118792401,0.02849995);
#349=ELLIPSE('',#6826,0.0333486061854994,0.02849995);
#350=ELLIPSE('',#6841,0.0745385546561337,0.02849995);
#351=ELLIPSE('',#6855,0.0455505808318264,0.02849995);
#352=ELLIPSE('',#6856,0.0365656663208711,0.02849995);
#353=ELLIPSE('',#6857,0.902948303744933,0.02849995);
#354=ELLIPSE('',#6858,1.23722612686958,0.02849995);
#355=ELLIPSE('',#6861,0.0364301107412645,0.02849995);
#356=ELLIPSE('',#6883,0.103527313049017,0.02849995);
#357=ELLIPSE('',#6909,0.0539376207409887,0.02849995);
#358=ELLIPSE('',#6927,0.0648632382953634,0.02849995);
#359=ELLIPSE('',#6928,0.0285139084624525,0.02849995);
#360=ELLIPSE('',#6930,0.0785296623720076,0.02849995);
#361=ELLIPSE('',#6932,0.0285176312668322,0.02849995);
#362=ELLIPSE('',#6941,0.0290179914960599,0.029);
#363=ELLIPSE('',#6945,0.0507182898394519,0.02849995);
#364=ELLIPSE('',#6952,0.0516339731185338,0.02849995);
#365=ELLIPSE('',#6973,0.052539924471358,0.029);
#366=ELLIPSE('',#6977,0.0913750360113823,0.02849995);
#367=ELLIPSE('',#6979,0.0964253503991968,0.02849995);
#368=ELLIPSE('',#6983,0.0971332014592517,0.02849995);
#369=ELLIPSE('',#6985,0.0911352638115085,0.02849995);
#370=ELLIPSE('',#7006,0.0455505808318264,0.02849995);
#371=ELLIPSE('',#7007,0.0365656663208711,0.02849995);
#372=ELLIPSE('',#7008,0.902948303744933,0.02849995);
#373=ELLIPSE('',#7009,1.23722612686958,0.02849995);
#374=ELLIPSE('',#7012,0.0364301107412645,0.02849995);
#375=ELLIPSE('',#7024,0.0455505808318264,0.02849995);
#376=ELLIPSE('',#7025,0.0365656663208711,0.02849995);
#377=ELLIPSE('',#7026,0.902948303744933,0.02849995);
#378=ELLIPSE('',#7027,1.23722612686958,0.02849995);
#379=ELLIPSE('',#7030,0.0364301107412645,0.02849995);
#380=ELLIPSE('',#7042,0.0562564676043978,0.02849995);
#381=ELLIPSE('',#7043,0.0554933213486903,0.02849995);
#382=ELLIPSE('',#7045,0.0527995169949825,0.02849995);
#383=ELLIPSE('',#7046,0.0526686079568607,0.02849995);
#384=ELLIPSE('',#7048,0.0544305404147571,0.02849995);
#385=ELLIPSE('',#7049,0.0543933787910262,0.02849995);
#386=ELLIPSE('',#7051,0.0511795292395493,0.02849995);
#387=ELLIPSE('',#7052,0.0532957984759496,0.02849995);
#388=CIRCLE('',#6647,0.029);
#389=CIRCLE('',#6649,0.029);
#390=CIRCLE('',#6652,0.029);
#391=CIRCLE('',#6653,0.029);
#392=CIRCLE('',#6654,0.029);
#393=CIRCLE('',#6655,0.029);
#394=CIRCLE('',#6656,0.029);
#395=CIRCLE('',#6657,0.029);
#396=CIRCLE('',#6658,0.029);
#397=CIRCLE('',#6659,0.029);
#398=CIRCLE('',#6660,0.029);
#399=CIRCLE('',#6663,0.029);
#400=CIRCLE('',#6664,0.029);
#401=CIRCLE('',#6668,0.029);
#402=CIRCLE('',#6669,0.029);
#403=CIRCLE('',#6673,0.029);
#404=CIRCLE('',#6674,0.029);
#405=CIRCLE('',#6675,0.029);
#406=CIRCLE('',#6676,0.029);
#407=CIRCLE('',#6677,0.029);
#408=CIRCLE('',#6679,0.029);
#409=CIRCLE('',#6680,0.029);
#410=CIRCLE('',#6681,0.029);
#411=CIRCLE('',#6682,0.029);
#412=CIRCLE('',#6684,0.029);
#413=CIRCLE('',#6685,0.029);
#414=CIRCLE('',#6686,0.029);
#415=CIRCLE('',#6687,0.029);
#416=CIRCLE('',#6688,0.029);
#417=CIRCLE('',#6689,0.029);
#418=CIRCLE('',#6690,0.029);
#419=CIRCLE('',#6692,0.029);
#420=CIRCLE('',#6693,0.029);
#421=CIRCLE('',#6695,0.029);
#422=CIRCLE('',#6697,0.029);
#423=CIRCLE('',#6698,0.029);
#424=CIRCLE('',#6699,0.029);
#425=CIRCLE('',#6701,0.029);
#426=CIRCLE('',#6703,0.029);
#427=CIRCLE('',#6704,0.029);
#428=CIRCLE('',#6707,0.029);
#429=CIRCLE('',#6708,0.029);
#430=CIRCLE('',#6714,0.029);
#431=CIRCLE('',#6715,0.029);
#432=CIRCLE('',#6720,0.029);
#433=CIRCLE('',#6723,0.029);
#434=CIRCLE('',#6726,0.029);
#435=CIRCLE('',#6729,0.029);
#436=CIRCLE('',#6732,0.028);
#437=CIRCLE('',#6733,0.028);
#438=CIRCLE('',#6735,0.025);
#439=CIRCLE('',#6736,0.003);
#440=CIRCLE('',#6737,0.002);
#441=CIRCLE('',#6738,0.028);
#442=CIRCLE('',#6739,0.002);
#443=CIRCLE('',#6741,0.025);
#444=CIRCLE('',#6742,0.003);
#445=CIRCLE('',#6743,0.002);
#446=CIRCLE('',#6744,0.028);
#447=CIRCLE('',#6745,0.002);
#448=CIRCLE('',#6747,0.003);
#449=CIRCLE('',#6748,0.024);
#450=CIRCLE('',#6749,0.002);
#451=CIRCLE('',#6751,0.003);
#452=CIRCLE('',#6752,0.024);
#453=CIRCLE('',#6753,0.002);
#454=CIRCLE('',#6759,0.004);
#455=CIRCLE('',#6760,0.004);
#456=CIRCLE('',#6763,0.001);
#457=CIRCLE('',#6764,0.001);
#458=CIRCLE('',#6766,0.001);
#459=CIRCLE('',#6768,0.001);
#460=CIRCLE('',#6770,0.001);
#461=CIRCLE('',#6771,0.001);
#462=CIRCLE('',#6773,0.001);
#463=CIRCLE('',#6775,0.001);
#464=CIRCLE('',#6777,0.001);
#465=CIRCLE('',#6779,0.001);
#466=CIRCLE('',#6781,0.001);
#467=CIRCLE('',#6782,0.001);
#468=CIRCLE('',#6784,0.001);
#469=CIRCLE('',#6786,0.001);
#470=CIRCLE('',#6788,0.001);
#471=CIRCLE('',#6790,0.001);
#472=CIRCLE('',#6796,0.02849995);
#473=CIRCLE('',#6797,0.02849995);
#474=CIRCLE('',#6798,0.02849995);
#475=CIRCLE('',#6799,0.02849995);
#476=CIRCLE('',#6800,0.02849995);
#477=CIRCLE('',#6802,0.029);
#478=CIRCLE('',#6805,0.029);
#479=CIRCLE('',#6815,0.02849995);
#480=CIRCLE('',#6816,0.02849995);
#481=CIRCLE('',#6822,0.02849995);
#482=CIRCLE('',#6823,0.02849995);
#483=CIRCLE('',#6824,0.02849995);
#484=CIRCLE('',#6827,0.02849995);
#485=CIRCLE('',#6859,0.02849995);
#486=CIRCLE('',#6860,0.02849995);
#487=CIRCLE('',#6873,0.02849995);
#488=CIRCLE('',#6874,0.02849995);
#489=CIRCLE('',#6880,0.02849995);
#490=CIRCLE('',#6881,0.02849995);
#491=CIRCLE('',#6882,0.02849995);
#492=CIRCLE('',#6884,0.02849995);
#493=CIRCLE('',#6885,0.02849995);
#494=CIRCLE('',#6886,0.02849995);
#495=CIRCLE('',#6904,0.02849995);
#496=CIRCLE('',#6905,0.02849995);
#497=CIRCLE('',#6906,0.02849995);
#498=CIRCLE('',#6907,0.02849995);
#499=CIRCLE('',#6908,0.02849995);
#500=CIRCLE('',#6910,0.02849995);
#501=CIRCLE('',#6912,0.029);
#502=CIRCLE('',#6915,0.029);
#503=CIRCLE('',#6929,0.02849995);
#504=CIRCLE('',#6931,0.02849995);
#505=CIRCLE('',#6944,0.02849995);
#506=CIRCLE('',#6946,0.02849995);
#507=CIRCLE('',#6947,0.02849995);
#508=CIRCLE('',#6948,0.02849995);
#509=CIRCLE('',#6949,0.02849995);
#510=CIRCLE('',#6950,0.02849995);
#511=CIRCLE('',#6951,0.02849995);
#512=CIRCLE('',#6966,0.029);
#513=CIRCLE('',#6971,0.029);
#514=CIRCLE('',#6975,0.02849995);
#515=CIRCLE('',#6976,0.02849995);
#516=CIRCLE('',#6978,0.02849995);
#517=CIRCLE('',#6980,0.02849995);
#518=CIRCLE('',#6981,0.02849995);
#519=CIRCLE('',#6982,0.02849995);
#520=CIRCLE('',#6984,0.02849995);
#521=CIRCLE('',#6986,0.02849995);
#522=CIRCLE('',#7010,0.02849995);
#523=CIRCLE('',#7011,0.02849995);
#524=CIRCLE('',#7028,0.02849995);
#525=CIRCLE('',#7029,0.02849995);
#526=CIRCLE('',#7044,0.02849995);
#527=CIRCLE('',#7047,0.02849995);
#528=CIRCLE('',#7050,0.02849995);
#529=CIRCLE('',#7053,0.02849995);
#530=CIRCLE('',#7083,0.028);
#531=CIRCLE('',#7084,0.028);
#532=CIRCLE('',#7086,0.024);
#533=CIRCLE('',#7087,0.003);
#534=CIRCLE('',#7088,0.002);
#535=CIRCLE('',#7090,0.003);
#536=CIRCLE('',#7091,0.024);
#537=CIRCLE('',#7092,0.002);
#538=LINE('',#8557,#957);
#539=LINE('',#8597,#958);
#540=LINE('',#8661,#959);
#541=LINE('',#8688,#960);
#542=LINE('',#8719,#961);
#543=LINE('',#8724,#962);
#544=LINE('',#8776,#963);
#545=LINE('',#8780,#964);
#546=LINE('',#8784,#965);
#547=LINE('',#8801,#966);
#548=LINE('',#8818,#967);
#549=LINE('',#8822,#968);
#550=LINE('',#8830,#969);
#551=LINE('',#8834,#970);
#552=LINE('',#8871,#971);
#553=LINE('',#8976,#972);
#554=LINE('',#8980,#973);
#555=LINE('',#8995,#974);
#556=LINE('',#8999,#975);
#557=LINE('',#9016,#976);
#558=LINE('',#9020,#977);
#559=LINE('',#9042,#978);
#560=LINE('',#9046,#979);
#561=LINE('',#9092,#980);
#562=LINE('',#9096,#981);
#563=LINE('',#9114,#982);
#564=LINE('',#9118,#983);
#565=LINE('',#9141,#984);
#566=LINE('',#9146,#985);
#567=LINE('',#9150,#986);
#568=LINE('',#9154,#987);
#569=LINE('',#9158,#988);
#570=LINE('',#9184,#989);
#571=LINE('',#9188,#990);
#572=LINE('',#9200,#991);
#573=LINE('',#9204,#992);
#574=LINE('',#9217,#993);
#575=LINE('',#9221,#994);
#576=LINE('',#9240,#995);
#577=LINE('',#9244,#996);
#578=LINE('',#9324,#997);
#579=LINE('',#9328,#998);
#580=LINE('',#9332,#999);
#581=LINE('',#9337,#1000);
#582=LINE('',#9347,#1001);
#583=LINE('',#9352,#1002);
#584=LINE('',#9360,#1003);
#585=LINE('',#9364,#1004);
#586=LINE('',#9370,#1005);
#587=LINE('',#9374,#1006);
#588=LINE('',#9380,#1007);
#589=LINE('',#9382,#1008);
#590=LINE('',#9384,#1009);
#591=LINE('',#9387,#1010);
#592=LINE('',#9389,#1011);
#593=LINE('',#9391,#1012);
#594=LINE('',#9393,#1013);
#595=LINE('',#9396,#1014);
#596=LINE('',#9398,#1015);
#597=LINE('',#9400,#1016);
#598=LINE('',#9474,#1017);
#599=LINE('',#9475,#1018);
#600=LINE('',#9484,#1019);
#601=LINE('',#9493,#1020);
#602=LINE('',#9502,#1021);
#603=LINE('',#9530,#1022);
#604=LINE('',#9538,#1023);
#605=LINE('',#9543,#1024);
#606=LINE('',#9572,#1025);
#607=LINE('',#9573,#1026);
#608=LINE('',#9575,#1027);
#609=LINE('',#9577,#1028);
#610=LINE('',#9581,#1029);
#611=LINE('',#9595,#1030);
#612=LINE('',#9609,#1031);
#613=LINE('',#9623,#1032);
#614=LINE('',#9637,#1033);
#615=LINE('',#9638,#1034);
#616=LINE('',#9640,#1035);
#617=LINE('',#9642,#1036);
#618=LINE('',#9644,#1037);
#619=LINE('',#9646,#1038);
#620=LINE('',#9655,#1039);
#621=LINE('',#9664,#1040);
#622=LINE('',#9673,#1041);
#623=LINE('',#9732,#1042);
#624=LINE('',#9733,#1043);
#625=LINE('',#9742,#1044);
#626=LINE('',#9751,#1045);
#627=LINE('',#9760,#1046);
#628=LINE('',#9769,#1047);
#629=LINE('',#9778,#1048);
#630=LINE('',#9787,#1049);
#631=LINE('',#9895,#1050);
#632=LINE('',#9896,#1051);
#633=LINE('',#9905,#1052);
#634=LINE('',#9914,#1053);
#635=LINE('',#9923,#1054);
#636=LINE('',#9932,#1055);
#637=LINE('',#9941,#1056);
#638=LINE('',#9950,#1057);
#639=LINE('',#9974,#1058);
#640=LINE('',#9975,#1059);
#641=LINE('',#9989,#1060);
#642=LINE('',#10003,#1061);
#643=LINE('',#10018,#1062);
#644=LINE('',#10033,#1063);
#645=LINE('',#10047,#1064);
#646=LINE('',#10061,#1065);
#647=LINE('',#10079,#1066);
#648=LINE('',#10083,#1067);
#649=LINE('',#10085,#1068);
#650=LINE('',#10086,#1069);
#651=LINE('',#10088,#1070);
#652=LINE('',#10090,#1071);
#653=LINE('',#10096,#1072);
#654=LINE('',#10100,#1073);
#655=LINE('',#10108,#1074);
#656=LINE('',#10112,#1075);
#657=LINE('',#10129,#1076);
#658=LINE('',#10146,#1077);
#659=LINE('',#10148,#1078);
#660=LINE('',#10149,#1079);
#661=LINE('',#10151,#1080);
#662=LINE('',#10153,#1081);
#663=LINE('',#10155,#1082);
#664=LINE('',#10157,#1083);
#665=LINE('',#10159,#1084);
#666=LINE('',#10161,#1085);
#667=LINE('',#10163,#1086);
#668=LINE('',#10165,#1087);
#669=LINE('',#10167,#1088);
#670=LINE('',#10169,#1089);
#671=LINE('',#10178,#1090);
#672=LINE('',#10187,#1091);
#673=LINE('',#10196,#1092);
#674=LINE('',#10198,#1093);
#675=LINE('',#10207,#1094);
#676=LINE('',#10216,#1095);
#677=LINE('',#10329,#1096);
#678=LINE('',#10368,#1097);
#679=LINE('',#10369,#1098);
#680=LINE('',#10371,#1099);
#681=LINE('',#10373,#1100);
#682=LINE('',#10375,#1101);
#683=LINE('',#10384,#1102);
#684=LINE('',#10386,#1103);
#685=LINE('',#10395,#1104);
#686=LINE('',#10397,#1105);
#687=LINE('',#10399,#1106);
#688=LINE('',#10401,#1107);
#689=LINE('',#10410,#1108);
#690=LINE('',#10419,#1109);
#691=LINE('',#10428,#1110);
#692=LINE('',#10430,#1111);
#693=LINE('',#10439,#1112);
#694=LINE('',#10448,#1113);
#695=LINE('',#10450,#1114);
#696=LINE('',#10452,#1115);
#697=LINE('',#10461,#1116);
#698=LINE('',#10470,#1117);
#699=LINE('',#10472,#1118);
#700=LINE('',#10481,#1119);
#701=LINE('',#10483,#1120);
#702=LINE('',#10492,#1121);
#703=LINE('',#10501,#1122);
#704=LINE('',#10510,#1123);
#705=LINE('',#10519,#1124);
#706=LINE('',#10543,#1125);
#707=LINE('',#10547,#1126);
#708=LINE('',#10553,#1127);
#709=LINE('',#10554,#1128);
#710=LINE('',#10556,#1129);
#711=LINE('',#10558,#1130);
#712=LINE('',#10560,#1131);
#713=LINE('',#10562,#1132);
#714=LINE('',#10564,#1133);
#715=LINE('',#10566,#1134);
#716=LINE('',#10568,#1135);
#717=LINE('',#10570,#1136);
#718=LINE('',#10576,#1137);
#719=LINE('',#10580,#1138);
#720=LINE('',#10582,#1139);
#721=LINE('',#10583,#1140);
#722=LINE('',#10585,#1141);
#723=LINE('',#10587,#1142);
#724=LINE('',#10601,#1143);
#725=LINE('',#10605,#1144);
#726=LINE('',#10651,#1145);
#727=LINE('',#10655,#1146);
#728=LINE('',#10677,#1147);
#729=LINE('',#10681,#1148);
#730=LINE('',#10700,#1149);
#731=LINE('',#10701,#1150);
#732=LINE('',#10710,#1151);
#733=LINE('',#10719,#1152);
#734=LINE('',#10721,#1153);
#735=LINE('',#10723,#1154);
#736=LINE('',#10725,#1155);
#737=LINE('',#10734,#1156);
#738=LINE('',#10743,#1157);
#739=LINE('',#10745,#1158);
#740=LINE('',#10747,#1159);
#741=LINE('',#10749,#1160);
#742=LINE('',#10758,#1161);
#743=LINE('',#10767,#1162);
#744=LINE('',#10769,#1163);
#745=LINE('',#10771,#1164);
#746=LINE('',#10773,#1165);
#747=LINE('',#10775,#1166);
#748=LINE('',#10777,#1167);
#749=LINE('',#10779,#1168);
#750=LINE('',#10781,#1169);
#751=LINE('',#10790,#1170);
#752=LINE('',#10799,#1171);
#753=LINE('',#10808,#1172);
#754=LINE('',#10817,#1173);
#755=LINE('',#10819,#1174);
#756=LINE('',#10821,#1175);
#757=LINE('',#10823,#1176);
#758=LINE('',#10851,#1177);
#759=LINE('',#10887,#1178);
#760=LINE('',#10891,#1179);
#761=LINE('',#10902,#1180);
#762=LINE('',#10903,#1181);
#763=LINE('',#10905,#1182);
#764=LINE('',#10907,#1183);
#765=LINE('',#10911,#1184);
#766=LINE('',#10925,#1185);
#767=LINE('',#10939,#1186);
#768=LINE('',#10953,#1187);
#769=LINE('',#10967,#1188);
#770=LINE('',#10968,#1189);
#771=LINE('',#10970,#1190);
#772=LINE('',#10979,#1191);
#773=LINE('',#10981,#1192);
#774=LINE('',#10990,#1193);
#775=LINE('',#10999,#1194);
#776=LINE('',#11001,#1195);
#777=LINE('',#11003,#1196);
#778=LINE('',#11005,#1197);
#779=LINE('',#11007,#1198);
#780=LINE('',#11009,#1199);
#781=LINE('',#11037,#1200);
#782=LINE('',#11077,#1201);
#783=LINE('',#11102,#1202);
#784=LINE('',#11114,#1203);
#785=LINE('',#11115,#1204);
#786=LINE('',#11117,#1205);
#787=LINE('',#11119,#1206);
#788=LINE('',#11121,#1207);
#789=LINE('',#11130,#1208);
#790=LINE('',#11139,#1209);
#791=LINE('',#11148,#1210);
#792=LINE('',#11157,#1211);
#793=LINE('',#11166,#1212);
#794=LINE('',#11175,#1213);
#795=LINE('',#11177,#1214);
#796=LINE('',#11179,#1215);
#797=LINE('',#11188,#1216);
#798=LINE('',#11197,#1217);
#799=LINE('',#11199,#1218);
#800=LINE('',#11208,#1219);
#801=LINE('',#11217,#1220);
#802=LINE('',#11240,#1221);
#803=LINE('',#11241,#1222);
#804=LINE('',#11256,#1223);
#805=LINE('',#11270,#1224);
#806=LINE('',#11284,#1225);
#807=LINE('',#11288,#1226);
#808=LINE('',#11290,#1227);
#809=LINE('',#11292,#1228);
#810=LINE('',#11311,#1229);
#811=LINE('',#11315,#1230);
#812=LINE('',#11319,#1231);
#813=LINE('',#11323,#1232);
#814=LINE('',#11327,#1233);
#815=LINE('',#11341,#1234);
#816=LINE('',#11352,#1235);
#817=LINE('',#11353,#1236);
#818=LINE('',#11355,#1237);
#819=LINE('',#11357,#1238);
#820=LINE('',#11359,#1239);
#821=LINE('',#11361,#1240);
#822=LINE('',#11363,#1241);
#823=LINE('',#11365,#1242);
#824=LINE('',#11367,#1243);
#825=LINE('',#11369,#1244);
#826=LINE('',#11371,#1245);
#827=LINE('',#11380,#1246);
#828=LINE('',#11381,#1247);
#829=LINE('',#11385,#1248);
#830=LINE('',#11392,#1249);
#831=LINE('',#11399,#1250);
#832=LINE('',#11401,#1251);
#833=LINE('',#11403,#1252);
#834=LINE('',#11407,#1253);
#835=LINE('',#11422,#1254);
#836=LINE('',#11426,#1255);
#837=LINE('',#11438,#1256);
#838=LINE('',#11442,#1257);
#839=LINE('',#11459,#1258);
#840=LINE('',#11460,#1259);
#841=LINE('',#11462,#1260);
#842=LINE('',#11464,#1261);
#843=LINE('',#11466,#1262);
#844=LINE('',#11468,#1263);
#845=LINE('',#11470,#1264);
#846=LINE('',#11472,#1265);
#847=LINE('',#11474,#1266);
#848=LINE('',#11476,#1267);
#849=LINE('',#11478,#1268);
#850=LINE('',#11480,#1269);
#851=LINE('',#11482,#1270);
#852=LINE('',#11484,#1271);
#853=LINE('',#11486,#1272);
#854=LINE('',#11495,#1273);
#855=LINE('',#11497,#1274);
#856=LINE('',#11499,#1275);
#857=LINE('',#11501,#1276);
#858=LINE('',#11518,#1277);
#859=LINE('',#11522,#1278);
#860=LINE('',#11528,#1279);
#861=LINE('',#11529,#1280);
#862=LINE('',#11531,#1281);
#863=LINE('',#11533,#1282);
#864=LINE('',#11535,#1283);
#865=LINE('',#11537,#1284);
#866=LINE('',#11539,#1285);
#867=LINE('',#11541,#1286);
#868=LINE('',#11543,#1287);
#869=LINE('',#11545,#1288);
#870=LINE('',#11562,#1289);
#871=LINE('',#11566,#1290);
#872=LINE('',#11572,#1291);
#873=LINE('',#11573,#1292);
#874=LINE('',#11575,#1293);
#875=LINE('',#11577,#1294);
#876=LINE('',#11579,#1295);
#877=LINE('',#11581,#1296);
#878=LINE('',#11583,#1297);
#879=LINE('',#11585,#1298);
#880=LINE('',#11587,#1299);
#881=LINE('',#11589,#1300);
#882=LINE('',#11617,#1301);
#883=LINE('',#11618,#1302);
#884=LINE('',#11620,#1303);
#885=LINE('',#11622,#1304);
#886=LINE('',#11624,#1305);
#887=LINE('',#11626,#1306);
#888=LINE('',#11628,#1307);
#889=LINE('',#11630,#1308);
#890=LINE('',#11632,#1309);
#891=LINE('',#11634,#1310);
#892=LINE('',#11636,#1311);
#893=LINE('',#11638,#1312);
#894=LINE('',#11689,#1313);
#895=LINE('',#11690,#1314);
#896=LINE('',#11699,#1315);
#897=LINE('',#11708,#1316);
#898=LINE('',#11717,#1317);
#899=LINE('',#11726,#1318);
#900=LINE('',#11735,#1319);
#901=LINE('',#11744,#1320);
#902=LINE('',#11852,#1321);
#903=LINE('',#11853,#1322);
#904=LINE('',#11862,#1323);
#905=LINE('',#11871,#1324);
#906=LINE('',#11880,#1325);
#907=LINE('',#11889,#1326);
#908=LINE('',#11898,#1327);
#909=LINE('',#11907,#1328);
#910=LINE('',#11931,#1329);
#911=LINE('',#11932,#1330);
#912=LINE('',#11946,#1331);
#913=LINE('',#11960,#1332);
#914=LINE('',#11975,#1333);
#915=LINE('',#11990,#1334);
#916=LINE('',#12004,#1335);
#917=LINE('',#12018,#1336);
#918=LINE('',#12197,#1337);
#919=LINE('',#12198,#1338);
#920=LINE('',#12207,#1339);
#921=LINE('',#12216,#1340);
#922=LINE('',#12225,#1341);
#923=LINE('',#12227,#1342);
#924=LINE('',#12236,#1343);
#925=LINE('',#12245,#1344);
#926=LINE('',#12247,#1345);
#927=LINE('',#12256,#1346);
#928=LINE('',#12265,#1347);
#929=LINE('',#12274,#1348);
#930=LINE('',#12283,#1349);
#931=LINE('',#12285,#1350);
#932=LINE('',#12294,#1351);
#933=LINE('',#12303,#1352);
#934=LINE('',#12319,#1353);
#935=LINE('',#12320,#1354);
#936=LINE('',#12335,#1355);
#937=LINE('',#12349,#1356);
#938=LINE('',#12363,#1357);
#939=LINE('',#12377,#1358);
#940=LINE('',#12391,#1359);
#941=LINE('',#12411,#1360);
#942=LINE('',#12412,#1361);
#943=LINE('',#12426,#1362);
#944=LINE('',#12440,#1363);
#945=LINE('',#12447,#1364);
#946=LINE('',#12461,#1365);
#947=LINE('',#12475,#1366);
#948=LINE('',#12489,#1367);
#949=LINE('',#12510,#1368);
#950=LINE('',#12515,#1369);
#951=LINE('',#12521,#1370);
#952=LINE('',#12525,#1371);
#953=LINE('',#12529,#1372);
#954=LINE('',#12533,#1373);
#955=LINE('',#12540,#1374);
#956=LINE('',#12542,#1375);
#957=VECTOR('',#7102,1.);
#958=VECTOR('',#7111,1.);
#959=VECTOR('',#7114,1.);
#960=VECTOR('',#7119,1.);
#961=VECTOR('',#7122,1.);
#962=VECTOR('',#7125,1.);
#963=VECTOR('',#7130,1.);
#964=VECTOR('',#7133,1.);
#965=VECTOR('',#7136,1.);
#966=VECTOR('',#7137,1.);
#967=VECTOR('',#7138,1.);
#968=VECTOR('',#7141,1.);
#969=VECTOR('',#7148,1.);
#970=VECTOR('',#7151,1.);
#971=VECTOR('',#7152,1.);
#972=VECTOR('',#7161,1.);
#973=VECTOR('',#7164,1.);
#974=VECTOR('',#7173,1.);
#975=VECTOR('',#7176,1.);
#976=VECTOR('',#7177,1.);
#977=VECTOR('',#7180,1.);
#978=VECTOR('',#7181,1.);
#979=VECTOR('',#7184,1.);
#980=VECTOR('',#7193,1.);
#981=VECTOR('',#7196,1.);
#982=VECTOR('',#7203,1.);
#983=VECTOR('',#7206,1.);
#984=VECTOR('',#7209,1.);
#985=VECTOR('',#7212,1.);
#986=VECTOR('',#7215,1.);
#987=VECTOR('',#7218,1.);
#988=VECTOR('',#7221,1.);
#989=VECTOR('',#7236,1.);
#990=VECTOR('',#7239,1.);
#991=VECTOR('',#7250,1.);
#992=VECTOR('',#7253,1.);
#993=VECTOR('',#7260,1.);
#994=VECTOR('',#7263,1.);
#995=VECTOR('',#7276,1.);
#996=VECTOR('',#7279,1.);
#997=VECTOR('',#7314,1.);
#998=VECTOR('',#7317,1.);
#999=VECTOR('',#7322,1.);
#1000=VECTOR('',#7325,1.);
#1001=VECTOR('',#7336,1.);
#1002=VECTOR('',#7339,1.);
#1003=VECTOR('',#7348,1.);
#1004=VECTOR('',#7351,1.);
#1005=VECTOR('',#7358,1.);
#1006=VECTOR('',#7361,1.);
#1007=VECTOR('',#7368,1.);
#1008=VECTOR('',#7371,1.);
#1009=VECTOR('',#7374,1.);
#1010=VECTOR('',#7375,1.);
#1011=VECTOR('',#7376,1.);
#1012=VECTOR('',#7377,1.);
#1013=VECTOR('',#7380,1.);
#1014=VECTOR('',#7381,1.);
#1015=VECTOR('',#7382,1.);
#1016=VECTOR('',#7383,1.);
#1017=VECTOR('',#7458,1.);
#1018=VECTOR('',#7459,1.);
#1019=VECTOR('',#7460,1.);
#1020=VECTOR('',#7461,1.);
#1021=VECTOR('',#7462,1.);
#1022=VECTOR('',#7467,1.);
#1023=VECTOR('',#7470,1.);
#1024=VECTOR('',#7473,1.);
#1025=VECTOR('',#7482,1.);
#1026=VECTOR('',#7483,1.);
#1027=VECTOR('',#7486,1.);
#1028=VECTOR('',#7487,1.);
#1029=VECTOR('',#7492,1.);
#1030=VECTOR('',#7493,1.);
#1031=VECTOR('',#7494,1.);
#1032=VECTOR('',#7495,1.);
#1033=VECTOR('',#7498,1.);
#1034=VECTOR('',#7499,1.);
#1035=VECTOR('',#7502,1.);
#1036=VECTOR('',#7505,1.);
#1037=VECTOR('',#7508,1.);
#1038=VECTOR('',#7511,1.);
#1039=VECTOR('',#7512,1.);
#1040=VECTOR('',#7513,1.);
#1041=VECTOR('',#7514,1.);
#1042=VECTOR('',#7519,1.);
#1043=VECTOR('',#7520,1.);
#1044=VECTOR('',#7521,1.);
#1045=VECTOR('',#7522,1.);
#1046=VECTOR('',#7523,1.);
#1047=VECTOR('',#7524,1.);
#1048=VECTOR('',#7525,1.);
#1049=VECTOR('',#7526,1.);
#1050=VECTOR('',#7529,1.);
#1051=VECTOR('',#7530,1.);
#1052=VECTOR('',#7531,1.);
#1053=VECTOR('',#7532,1.);
#1054=VECTOR('',#7533,1.);
#1055=VECTOR('',#7534,1.);
#1056=VECTOR('',#7535,1.);
#1057=VECTOR('',#7536,1.);
#1058=VECTOR('',#7537,1.);
#1059=VECTOR('',#7538,1.);
#1060=VECTOR('',#7539,1.);
#1061=VECTOR('',#7540,1.);
#1062=VECTOR('',#7541,1.);
#1063=VECTOR('',#7542,1.);
#1064=VECTOR('',#7543,1.);
#1065=VECTOR('',#7544,1.);
#1066=VECTOR('',#7549,1.);
#1067=VECTOR('',#7552,1.);
#1068=VECTOR('',#7555,1.);
#1069=VECTOR('',#7556,1.);
#1070=VECTOR('',#7559,1.);
#1071=VECTOR('',#7562,1.);
#1072=VECTOR('',#7569,1.);
#1073=VECTOR('',#7572,1.);
#1074=VECTOR('',#7579,1.);
#1075=VECTOR('',#7582,1.);
#1076=VECTOR('',#7583,1.);
#1077=VECTOR('',#7584,1.);
#1078=VECTOR('',#7587,1.);
#1079=VECTOR('',#7588,1.);
#1080=VECTOR('',#7591,1.);
#1081=VECTOR('',#7594,1.);
#1082=VECTOR('',#7597,1.);
#1083=VECTOR('',#7600,1.);
#1084=VECTOR('',#7603,1.);
#1085=VECTOR('',#7606,1.);
#1086=VECTOR('',#7609,1.);
#1087=VECTOR('',#7612,1.);
#1088=VECTOR('',#7615,1.);
#1089=VECTOR('',#7618,1.);
#1090=VECTOR('',#7619,1.);
#1091=VECTOR('',#7620,1.);
#1092=VECTOR('',#7621,1.);
#1093=VECTOR('',#7624,1.);
#1094=VECTOR('',#7625,1.);
#1095=VECTOR('',#7626,1.);
#1096=VECTOR('',#7631,1.);
#1097=VECTOR('',#7632,1.);
#1098=VECTOR('',#7633,1.);
#1099=VECTOR('',#7636,1.);
#1100=VECTOR('',#7639,1.);
#1101=VECTOR('',#7642,1.);
#1102=VECTOR('',#7643,1.);
#1103=VECTOR('',#7646,1.);
#1104=VECTOR('',#7647,1.);
#1105=VECTOR('',#7650,1.);
#1106=VECTOR('',#7653,1.);
#1107=VECTOR('',#7656,1.);
#1108=VECTOR('',#7657,1.);
#1109=VECTOR('',#7658,1.);
#1110=VECTOR('',#7659,1.);
#1111=VECTOR('',#7662,1.);
#1112=VECTOR('',#7663,1.);
#1113=VECTOR('',#7664,1.);
#1114=VECTOR('',#7667,1.);
#1115=VECTOR('',#7670,1.);
#1116=VECTOR('',#7671,1.);
#1117=VECTOR('',#7672,1.);
#1118=VECTOR('',#7675,1.);
#1119=VECTOR('',#7676,1.);
#1120=VECTOR('',#7679,1.);
#1121=VECTOR('',#7680,1.);
#1122=VECTOR('',#7681,1.);
#1123=VECTOR('',#7682,1.);
#1124=VECTOR('',#7683,1.);
#1125=VECTOR('',#7694,1.);
#1126=VECTOR('',#7697,1.);
#1127=VECTOR('',#7704,1.);
#1128=VECTOR('',#7705,1.);
#1129=VECTOR('',#7708,1.);
#1130=VECTOR('',#7711,1.);
#1131=VECTOR('',#7714,1.);
#1132=VECTOR('',#7717,1.);
#1133=VECTOR('',#7720,1.);
#1134=VECTOR('',#7723,1.);
#1135=VECTOR('',#7726,1.);
#1136=VECTOR('',#7729,1.);
#1137=VECTOR('',#7736,1.);
#1138=VECTOR('',#7739,1.);
#1139=VECTOR('',#7742,1.);
#1140=VECTOR('',#7743,1.);
#1141=VECTOR('',#7746,1.);
#1142=VECTOR('',#7749,1.);
#1143=VECTOR('',#7754,1.);
#1144=VECTOR('',#7757,1.);
#1145=VECTOR('',#7766,1.);
#1146=VECTOR('',#7769,1.);
#1147=VECTOR('',#7770,1.);
#1148=VECTOR('',#7773,1.);
#1149=VECTOR('',#7774,1.);
#1150=VECTOR('',#7775,1.);
#1151=VECTOR('',#7776,1.);
#1152=VECTOR('',#7777,1.);
#1153=VECTOR('',#7780,1.);
#1154=VECTOR('',#7783,1.);
#1155=VECTOR('',#7786,1.);
#1156=VECTOR('',#7787,1.);
#1157=VECTOR('',#7788,1.);
#1158=VECTOR('',#7791,1.);
#1159=VECTOR('',#7794,1.);
#1160=VECTOR('',#7797,1.);
#1161=VECTOR('',#7798,1.);
#1162=VECTOR('',#7799,1.);
#1163=VECTOR('',#7802,1.);
#1164=VECTOR('',#7805,1.);
#1165=VECTOR('',#7808,1.);
#1166=VECTOR('',#7811,1.);
#1167=VECTOR('',#7814,1.);
#1168=VECTOR('',#7817,1.);
#1169=VECTOR('',#7820,1.);
#1170=VECTOR('',#7821,1.);
#1171=VECTOR('',#7822,1.);
#1172=VECTOR('',#7823,1.);
#1173=VECTOR('',#7824,1.);
#1174=VECTOR('',#7827,1.);
#1175=VECTOR('',#7830,1.);
#1176=VECTOR('',#7833,1.);
#1177=VECTOR('',#7838,1.);
#1178=VECTOR('',#7843,1.);
#1179=VECTOR('',#7846,1.);
#1180=VECTOR('',#7857,1.);
#1181=VECTOR('',#7858,1.);
#1182=VECTOR('',#7861,1.);
#1183=VECTOR('',#7862,1.);
#1184=VECTOR('',#7867,1.);
#1185=VECTOR('',#7868,1.);
#1186=VECTOR('',#7869,1.);
#1187=VECTOR('',#7870,1.);
#1188=VECTOR('',#7873,1.);
#1189=VECTOR('',#7874,1.);
#1190=VECTOR('',#7877,1.);
#1191=VECTOR('',#7878,1.);
#1192=VECTOR('',#7881,1.);
#1193=VECTOR('',#7882,1.);
#1194=VECTOR('',#7883,1.);
#1195=VECTOR('',#7886,1.);
#1196=VECTOR('',#7889,1.);
#1197=VECTOR('',#7892,1.);
#1198=VECTOR('',#7895,1.);
#1199=VECTOR('',#7898,1.);
#1200=VECTOR('',#7907,1.);
#1201=VECTOR('',#7916,1.);
#1202=VECTOR('',#7919,1.);
#1203=VECTOR('',#7922,1.);
#1204=VECTOR('',#7923,1.);
#1205=VECTOR('',#7926,1.);
#1206=VECTOR('',#7929,1.);
#1207=VECTOR('',#7932,1.);
#1208=VECTOR('',#7933,1.);
#1209=VECTOR('',#7934,1.);
#1210=VECTOR('',#7935,1.);
#1211=VECTOR('',#7936,1.);
#1212=VECTOR('',#7937,1.);
#1213=VECTOR('',#7938,1.);
#1214=VECTOR('',#7941,1.);
#1215=VECTOR('',#7944,1.);
#1216=VECTOR('',#7945,1.);
#1217=VECTOR('',#7946,1.);
#1218=VECTOR('',#7949,1.);
#1219=VECTOR('',#7950,1.);
#1220=VECTOR('',#7951,1.);
#1221=VECTOR('',#7952,1.);
#1222=VECTOR('',#7953,1.);
#1223=VECTOR('',#7954,1.);
#1224=VECTOR('',#7955,1.);
#1225=VECTOR('',#7956,1.);
#1226=VECTOR('',#7961,1.);
#1227=VECTOR('',#7964,1.);
#1228=VECTOR('',#7965,1.);
#1229=VECTOR('',#7972,1.);
#1230=VECTOR('',#7975,1.);
#1231=VECTOR('',#7978,1.);
#1232=VECTOR('',#7981,1.);
#1233=VECTOR('',#7984,1.);
#1234=VECTOR('',#7987,1.);
#1235=VECTOR('',#7994,1.);
#1236=VECTOR('',#7995,1.);
#1237=VECTOR('',#7998,1.);
#1238=VECTOR('',#8001,1.);
#1239=VECTOR('',#8004,1.);
#1240=VECTOR('',#8007,1.);
#1241=VECTOR('',#8010,1.);
#1242=VECTOR('',#8013,1.);
#1243=VECTOR('',#8016,1.);
#1244=VECTOR('',#8019,1.);
#1245=VECTOR('',#8022,1.);
#1246=VECTOR('',#8027,1.);
#1247=VECTOR('',#8028,1.);
#1248=VECTOR('',#8033,1.);
#1249=VECTOR('',#8036,1.);
#1250=VECTOR('',#8039,1.);
#1251=VECTOR('',#8042,1.);
#1252=VECTOR('',#8043,1.);
#1253=VECTOR('',#8048,1.);
#1254=VECTOR('',#8055,1.);
#1255=VECTOR('',#8058,1.);
#1256=VECTOR('',#8069,1.);
#1257=VECTOR('',#8072,1.);
#1258=VECTOR('',#8085,1.);
#1259=VECTOR('',#8086,1.);
#1260=VECTOR('',#8089,1.);
#1261=VECTOR('',#8092,1.);
#1262=VECTOR('',#8095,1.);
#1263=VECTOR('',#8098,1.);
#1264=VECTOR('',#8101,1.);
#1265=VECTOR('',#8104,1.);
#1266=VECTOR('',#8107,1.);
#1267=VECTOR('',#8110,1.);
#1268=VECTOR('',#8113,1.);
#1269=VECTOR('',#8116,1.);
#1270=VECTOR('',#8119,1.);
#1271=VECTOR('',#8122,1.);
#1272=VECTOR('',#8125,1.);
#1273=VECTOR('',#8126,1.);
#1274=VECTOR('',#8129,1.);
#1275=VECTOR('',#8132,1.);
#1276=VECTOR('',#8135,1.);
#1277=VECTOR('',#8148,1.);
#1278=VECTOR('',#8151,1.);
#1279=VECTOR('',#8158,1.);
#1280=VECTOR('',#8159,1.);
#1281=VECTOR('',#8162,1.);
#1282=VECTOR('',#8165,1.);
#1283=VECTOR('',#8168,1.);
#1284=VECTOR('',#8171,1.);
#1285=VECTOR('',#8174,1.);
#1286=VECTOR('',#8177,1.);
#1287=VECTOR('',#8180,1.);
#1288=VECTOR('',#8183,1.);
#1289=VECTOR('',#8196,1.);
#1290=VECTOR('',#8199,1.);
#1291=VECTOR('',#8206,1.);
#1292=VECTOR('',#8207,1.);
#1293=VECTOR('',#8210,1.);
#1294=VECTOR('',#8213,1.);
#1295=VECTOR('',#8216,1.);
#1296=VECTOR('',#8219,1.);
#1297=VECTOR('',#8222,1.);
#1298=VECTOR('',#8225,1.);
#1299=VECTOR('',#8228,1.);
#1300=VECTOR('',#8231,1.);
#1301=VECTOR('',#8262,1.);
#1302=VECTOR('',#8263,1.);
#1303=VECTOR('',#8266,1.);
#1304=VECTOR('',#8269,1.);
#1305=VECTOR('',#8272,1.);
#1306=VECTOR('',#8275,1.);
#1307=VECTOR('',#8278,1.);
#1308=VECTOR('',#8281,1.);
#1309=VECTOR('',#8284,1.);
#1310=VECTOR('',#8287,1.);
#1311=VECTOR('',#8290,1.);
#1312=VECTOR('',#8293,1.);
#1313=VECTOR('',#8298,1.);
#1314=VECTOR('',#8299,1.);
#1315=VECTOR('',#8300,1.);
#1316=VECTOR('',#8301,1.);
#1317=VECTOR('',#8302,1.);
#1318=VECTOR('',#8303,1.);
#1319=VECTOR('',#8304,1.);
#1320=VECTOR('',#8305,1.);
#1321=VECTOR('',#8308,1.);
#1322=VECTOR('',#8309,1.);
#1323=VECTOR('',#8310,1.);
#1324=VECTOR('',#8311,1.);
#1325=VECTOR('',#8312,1.);
#1326=VECTOR('',#8313,1.);
#1327=VECTOR('',#8314,1.);
#1328=VECTOR('',#8315,1.);
#1329=VECTOR('',#8316,1.);
#1330=VECTOR('',#8317,1.);
#1331=VECTOR('',#8318,1.);
#1332=VECTOR('',#8319,1.);
#1333=VECTOR('',#8320,1.);
#1334=VECTOR('',#8321,1.);
#1335=VECTOR('',#8322,1.);
#1336=VECTOR('',#8323,1.);
#1337=VECTOR('',#8326,1.);
#1338=VECTOR('',#8327,1.);
#1339=VECTOR('',#8328,1.);
#1340=VECTOR('',#8329,1.);
#1341=VECTOR('',#8330,1.);
#1342=VECTOR('',#8333,1.);
#1343=VECTOR('',#8334,1.);
#1344=VECTOR('',#8335,1.);
#1345=VECTOR('',#8338,1.);
#1346=VECTOR('',#8339,1.);
#1347=VECTOR('',#8340,1.);
#1348=VECTOR('',#8341,1.);
#1349=VECTOR('',#8342,1.);
#1350=VECTOR('',#8345,1.);
#1351=VECTOR('',#8346,1.);
#1352=VECTOR('',#8347,1.);
#1353=VECTOR('',#8350,1.);
#1354=VECTOR('',#8351,1.);
#1355=VECTOR('',#8352,1.);
#1356=VECTOR('',#8353,1.);
#1357=VECTOR('',#8354,1.);
#1358=VECTOR('',#8355,1.);
#1359=VECTOR('',#8356,1.);
#1360=VECTOR('',#8359,1.);
#1361=VECTOR('',#8360,1.);
#1362=VECTOR('',#8361,1.);
#1363=VECTOR('',#8362,1.);
#1364=VECTOR('',#8365,1.);
#1365=VECTOR('',#8366,1.);
#1366=VECTOR('',#8367,1.);
#1367=VECTOR('',#8368,1.);
#1368=VECTOR('',#8385,1.);
#1369=VECTOR('',#8388,1.);
#1370=VECTOR('',#8395,1.);
#1371=VECTOR('',#8398,1.);
#1372=VECTOR('',#8403,1.);
#1373=VECTOR('',#8406,1.);
#1374=VECTOR('',#8415,1.);
#1375=VECTOR('',#8418,1.);
#1376=ORIENTED_EDGE('',*,*,#3358,.T.);
#1377=ORIENTED_EDGE('',*,*,#3359,.T.);
#1378=ORIENTED_EDGE('',*,*,#3360,.T.);
#1379=ORIENTED_EDGE('',*,*,#3361,.T.);
#1380=ORIENTED_EDGE('',*,*,#3362,.T.);
#1381=ORIENTED_EDGE('',*,*,#3363,.T.);
#1382=ORIENTED_EDGE('',*,*,#3364,.T.);
#1383=ORIENTED_EDGE('',*,*,#3365,.T.);
#1384=ORIENTED_EDGE('',*,*,#3366,.T.);
#1385=ORIENTED_EDGE('',*,*,#3367,.T.);
#1386=ORIENTED_EDGE('',*,*,#3368,.T.);
#1387=ORIENTED_EDGE('',*,*,#3369,.T.);
#1388=ORIENTED_EDGE('',*,*,#3370,.T.);
#1389=ORIENTED_EDGE('',*,*,#3371,.T.);
#1390=ORIENTED_EDGE('',*,*,#3372,.T.);
#1391=ORIENTED_EDGE('',*,*,#3373,.T.);
#1392=ORIENTED_EDGE('',*,*,#3374,.T.);
#1393=ORIENTED_EDGE('',*,*,#3375,.T.);
#1394=ORIENTED_EDGE('',*,*,#3376,.T.);
#1395=ORIENTED_EDGE('',*,*,#3377,.T.);
#1396=ORIENTED_EDGE('',*,*,#3378,.T.);
#1397=ORIENTED_EDGE('',*,*,#3379,.T.);
#1398=ORIENTED_EDGE('',*,*,#3380,.T.);
#1399=ORIENTED_EDGE('',*,*,#3381,.T.);
#1400=ORIENTED_EDGE('',*,*,#3382,.T.);
#1401=ORIENTED_EDGE('',*,*,#3383,.T.);
#1402=ORIENTED_EDGE('',*,*,#3384,.T.);
#1403=ORIENTED_EDGE('',*,*,#3385,.T.);
#1404=ORIENTED_EDGE('',*,*,#3386,.T.);
#1405=ORIENTED_EDGE('',*,*,#3387,.T.);
#1406=ORIENTED_EDGE('',*,*,#3388,.T.);
#1407=ORIENTED_EDGE('',*,*,#3389,.T.);
#1408=ORIENTED_EDGE('',*,*,#3390,.T.);
#1409=ORIENTED_EDGE('',*,*,#3391,.T.);
#1410=ORIENTED_EDGE('',*,*,#3392,.T.);
#1411=ORIENTED_EDGE('',*,*,#3393,.T.);
#1412=ORIENTED_EDGE('',*,*,#3394,.T.);
#1413=ORIENTED_EDGE('',*,*,#3395,.T.);
#1414=ORIENTED_EDGE('',*,*,#3396,.T.);
#1415=ORIENTED_EDGE('',*,*,#3397,.T.);
#1416=ORIENTED_EDGE('',*,*,#3398,.T.);
#1417=ORIENTED_EDGE('',*,*,#3399,.T.);
#1418=ORIENTED_EDGE('',*,*,#3400,.T.);
#1419=ORIENTED_EDGE('',*,*,#3401,.T.);
#1420=ORIENTED_EDGE('',*,*,#3402,.T.);
#1421=ORIENTED_EDGE('',*,*,#3403,.T.);
#1422=ORIENTED_EDGE('',*,*,#3404,.T.);
#1423=ORIENTED_EDGE('',*,*,#3405,.T.);
#1424=ORIENTED_EDGE('',*,*,#3406,.T.);
#1425=ORIENTED_EDGE('',*,*,#3407,.T.);
#1426=ORIENTED_EDGE('',*,*,#3408,.T.);
#1427=ORIENTED_EDGE('',*,*,#3409,.T.);
#1428=ORIENTED_EDGE('',*,*,#3410,.T.);
#1429=ORIENTED_EDGE('',*,*,#3411,.T.);
#1430=ORIENTED_EDGE('',*,*,#3412,.T.);
#1431=ORIENTED_EDGE('',*,*,#3413,.T.);
#1432=ORIENTED_EDGE('',*,*,#3414,.T.);
#1433=ORIENTED_EDGE('',*,*,#3415,.T.);
#1434=ORIENTED_EDGE('',*,*,#3416,.T.);
#1435=ORIENTED_EDGE('',*,*,#3417,.T.);
#1436=ORIENTED_EDGE('',*,*,#3418,.T.);
#1437=ORIENTED_EDGE('',*,*,#3419,.T.);
#1438=ORIENTED_EDGE('',*,*,#3420,.T.);
#1439=ORIENTED_EDGE('',*,*,#3421,.T.);
#1440=ORIENTED_EDGE('',*,*,#3422,.T.);
#1441=ORIENTED_EDGE('',*,*,#3423,.T.);
#1442=ORIENTED_EDGE('',*,*,#3424,.T.);
#1443=ORIENTED_EDGE('',*,*,#3425,.T.);
#1444=ORIENTED_EDGE('',*,*,#3426,.T.);
#1445=ORIENTED_EDGE('',*,*,#3427,.T.);
#1446=ORIENTED_EDGE('',*,*,#3428,.T.);
#1447=ORIENTED_EDGE('',*,*,#3429,.T.);
#1448=ORIENTED_EDGE('',*,*,#3430,.T.);
#1449=ORIENTED_EDGE('',*,*,#3431,.T.);
#1450=ORIENTED_EDGE('',*,*,#3432,.T.);
#1451=ORIENTED_EDGE('',*,*,#3433,.T.);
#1452=ORIENTED_EDGE('',*,*,#3434,.T.);
#1453=ORIENTED_EDGE('',*,*,#3435,.T.);
#1454=ORIENTED_EDGE('',*,*,#3436,.T.);
#1455=ORIENTED_EDGE('',*,*,#3437,.T.);
#1456=ORIENTED_EDGE('',*,*,#3438,.T.);
#1457=ORIENTED_EDGE('',*,*,#3439,.T.);
#1458=ORIENTED_EDGE('',*,*,#3440,.T.);
#1459=ORIENTED_EDGE('',*,*,#3441,.T.);
#1460=ORIENTED_EDGE('',*,*,#3442,.T.);
#1461=ORIENTED_EDGE('',*,*,#3443,.T.);
#1462=ORIENTED_EDGE('',*,*,#3444,.T.);
#1463=ORIENTED_EDGE('',*,*,#3445,.T.);
#1464=ORIENTED_EDGE('',*,*,#3446,.T.);
#1465=ORIENTED_EDGE('',*,*,#3447,.T.);
#1466=ORIENTED_EDGE('',*,*,#3448,.T.);
#1467=ORIENTED_EDGE('',*,*,#3449,.T.);
#1468=ORIENTED_EDGE('',*,*,#3450,.T.);
#1469=ORIENTED_EDGE('',*,*,#3451,.T.);
#1470=ORIENTED_EDGE('',*,*,#3452,.T.);
#1471=ORIENTED_EDGE('',*,*,#3453,.T.);
#1472=ORIENTED_EDGE('',*,*,#3454,.T.);
#1473=ORIENTED_EDGE('',*,*,#3455,.T.);
#1474=ORIENTED_EDGE('',*,*,#3456,.T.);
#1475=ORIENTED_EDGE('',*,*,#3457,.T.);
#1476=ORIENTED_EDGE('',*,*,#3458,.T.);
#1477=ORIENTED_EDGE('',*,*,#3459,.T.);
#1478=ORIENTED_EDGE('',*,*,#3460,.T.);
#1479=ORIENTED_EDGE('',*,*,#3461,.T.);
#1480=ORIENTED_EDGE('',*,*,#3462,.T.);
#1481=ORIENTED_EDGE('',*,*,#3463,.T.);
#1482=ORIENTED_EDGE('',*,*,#3464,.T.);
#1483=ORIENTED_EDGE('',*,*,#3465,.T.);
#1484=ORIENTED_EDGE('',*,*,#3466,.T.);
#1485=ORIENTED_EDGE('',*,*,#3467,.T.);
#1486=ORIENTED_EDGE('',*,*,#3468,.T.);
#1487=ORIENTED_EDGE('',*,*,#3469,.T.);
#1488=ORIENTED_EDGE('',*,*,#3470,.T.);
#1489=ORIENTED_EDGE('',*,*,#3471,.T.);
#1490=ORIENTED_EDGE('',*,*,#3472,.T.);
#1491=ORIENTED_EDGE('',*,*,#3473,.T.);
#1492=ORIENTED_EDGE('',*,*,#3474,.T.);
#1493=ORIENTED_EDGE('',*,*,#3475,.T.);
#1494=ORIENTED_EDGE('',*,*,#3476,.T.);
#1495=ORIENTED_EDGE('',*,*,#3477,.T.);
#1496=ORIENTED_EDGE('',*,*,#3478,.T.);
#1497=ORIENTED_EDGE('',*,*,#3479,.T.);
#1498=ORIENTED_EDGE('',*,*,#3480,.T.);
#1499=ORIENTED_EDGE('',*,*,#3481,.T.);
#1500=ORIENTED_EDGE('',*,*,#3482,.T.);
#1501=ORIENTED_EDGE('',*,*,#3483,.T.);
#1502=ORIENTED_EDGE('',*,*,#3484,.T.);
#1503=ORIENTED_EDGE('',*,*,#3485,.T.);
#1504=ORIENTED_EDGE('',*,*,#3486,.T.);
#1505=ORIENTED_EDGE('',*,*,#3487,.T.);
#1506=ORIENTED_EDGE('',*,*,#3488,.T.);
#1507=ORIENTED_EDGE('',*,*,#3489,.T.);
#1508=ORIENTED_EDGE('',*,*,#3490,.T.);
#1509=ORIENTED_EDGE('',*,*,#3491,.T.);
#1510=ORIENTED_EDGE('',*,*,#3492,.T.);
#1511=ORIENTED_EDGE('',*,*,#3493,.T.);
#1512=ORIENTED_EDGE('',*,*,#3494,.T.);
#1513=ORIENTED_EDGE('',*,*,#3495,.T.);
#1514=ORIENTED_EDGE('',*,*,#3496,.T.);
#1515=ORIENTED_EDGE('',*,*,#3497,.T.);
#1516=ORIENTED_EDGE('',*,*,#3498,.T.);
#1517=ORIENTED_EDGE('',*,*,#3499,.T.);
#1518=ORIENTED_EDGE('',*,*,#3500,.T.);
#1519=ORIENTED_EDGE('',*,*,#3501,.T.);
#1520=ORIENTED_EDGE('',*,*,#3502,.T.);
#1521=ORIENTED_EDGE('',*,*,#3503,.T.);
#1522=ORIENTED_EDGE('',*,*,#3504,.T.);
#1523=ORIENTED_EDGE('',*,*,#3505,.T.);
#1524=ORIENTED_EDGE('',*,*,#3506,.T.);
#1525=ORIENTED_EDGE('',*,*,#3507,.T.);
#1526=ORIENTED_EDGE('',*,*,#3508,.T.);
#1527=ORIENTED_EDGE('',*,*,#3509,.T.);
#1528=ORIENTED_EDGE('',*,*,#3510,.T.);
#1529=ORIENTED_EDGE('',*,*,#3511,.T.);
#1530=ORIENTED_EDGE('',*,*,#3512,.T.);
#1531=ORIENTED_EDGE('',*,*,#3513,.T.);
#1532=ORIENTED_EDGE('',*,*,#3514,.T.);
#1533=ORIENTED_EDGE('',*,*,#3515,.T.);
#1534=ORIENTED_EDGE('',*,*,#3516,.T.);
#1535=ORIENTED_EDGE('',*,*,#3517,.T.);
#1536=ORIENTED_EDGE('',*,*,#3518,.T.);
#1537=ORIENTED_EDGE('',*,*,#3519,.T.);
#1538=ORIENTED_EDGE('',*,*,#3520,.T.);
#1539=ORIENTED_EDGE('',*,*,#3521,.T.);
#1540=ORIENTED_EDGE('',*,*,#3522,.T.);
#1541=ORIENTED_EDGE('',*,*,#3523,.T.);
#1542=ORIENTED_EDGE('',*,*,#3524,.T.);
#1543=ORIENTED_EDGE('',*,*,#3525,.T.);
#1544=ORIENTED_EDGE('',*,*,#3526,.T.);
#1545=ORIENTED_EDGE('',*,*,#3527,.T.);
#1546=ORIENTED_EDGE('',*,*,#3528,.T.);
#1547=ORIENTED_EDGE('',*,*,#3529,.T.);
#1548=ORIENTED_EDGE('',*,*,#3530,.T.);
#1549=ORIENTED_EDGE('',*,*,#3531,.T.);
#1550=ORIENTED_EDGE('',*,*,#3532,.T.);
#1551=ORIENTED_EDGE('',*,*,#3533,.T.);
#1552=ORIENTED_EDGE('',*,*,#3534,.T.);
#1553=ORIENTED_EDGE('',*,*,#3535,.T.);
#1554=ORIENTED_EDGE('',*,*,#3536,.T.);
#1555=ORIENTED_EDGE('',*,*,#3537,.T.);
#1556=ORIENTED_EDGE('',*,*,#3538,.T.);
#1557=ORIENTED_EDGE('',*,*,#3539,.T.);
#1558=ORIENTED_EDGE('',*,*,#3540,.T.);
#1559=ORIENTED_EDGE('',*,*,#3541,.T.);
#1560=ORIENTED_EDGE('',*,*,#3542,.T.);
#1561=ORIENTED_EDGE('',*,*,#3543,.T.);
#1562=ORIENTED_EDGE('',*,*,#3544,.T.);
#1563=ORIENTED_EDGE('',*,*,#3545,.T.);
#1564=ORIENTED_EDGE('',*,*,#3546,.T.);
#1565=ORIENTED_EDGE('',*,*,#3547,.T.);
#1566=ORIENTED_EDGE('',*,*,#3548,.T.);
#1567=ORIENTED_EDGE('',*,*,#3549,.T.);
#1568=ORIENTED_EDGE('',*,*,#3550,.T.);
#1569=ORIENTED_EDGE('',*,*,#3551,.T.);
#1570=ORIENTED_EDGE('',*,*,#3552,.T.);
#1571=ORIENTED_EDGE('',*,*,#3553,.T.);
#1572=ORIENTED_EDGE('',*,*,#3554,.T.);
#1573=ORIENTED_EDGE('',*,*,#3555,.T.);
#1574=ORIENTED_EDGE('',*,*,#3556,.T.);
#1575=ORIENTED_EDGE('',*,*,#3557,.T.);
#1576=ORIENTED_EDGE('',*,*,#3558,.T.);
#1577=ORIENTED_EDGE('',*,*,#3559,.T.);
#1578=ORIENTED_EDGE('',*,*,#3560,.T.);
#1579=ORIENTED_EDGE('',*,*,#3561,.T.);
#1580=ORIENTED_EDGE('',*,*,#3562,.T.);
#1581=ORIENTED_EDGE('',*,*,#3563,.T.);
#1582=ORIENTED_EDGE('',*,*,#3564,.T.);
#1583=ORIENTED_EDGE('',*,*,#3565,.T.);
#1584=ORIENTED_EDGE('',*,*,#3566,.T.);
#1585=ORIENTED_EDGE('',*,*,#3567,.T.);
#1586=ORIENTED_EDGE('',*,*,#3568,.T.);
#1587=ORIENTED_EDGE('',*,*,#3569,.T.);
#1588=ORIENTED_EDGE('',*,*,#3570,.T.);
#1589=ORIENTED_EDGE('',*,*,#3571,.T.);
#1590=ORIENTED_EDGE('',*,*,#3572,.T.);
#1591=ORIENTED_EDGE('',*,*,#3573,.T.);
#1592=ORIENTED_EDGE('',*,*,#3574,.T.);
#1593=ORIENTED_EDGE('',*,*,#3575,.T.);
#1594=ORIENTED_EDGE('',*,*,#3576,.T.);
#1595=ORIENTED_EDGE('',*,*,#3577,.T.);
#1596=ORIENTED_EDGE('',*,*,#3578,.T.);
#1597=ORIENTED_EDGE('',*,*,#3579,.T.);
#1598=ORIENTED_EDGE('',*,*,#3580,.T.);
#1599=ORIENTED_EDGE('',*,*,#3581,.T.);
#1600=ORIENTED_EDGE('',*,*,#3582,.T.);
#1601=ORIENTED_EDGE('',*,*,#3583,.T.);
#1602=ORIENTED_EDGE('',*,*,#3584,.T.);
#1603=ORIENTED_EDGE('',*,*,#3585,.T.);
#1604=ORIENTED_EDGE('',*,*,#3586,.T.);
#1605=ORIENTED_EDGE('',*,*,#3587,.T.);
#1606=ORIENTED_EDGE('',*,*,#3588,.T.);
#1607=ORIENTED_EDGE('',*,*,#3589,.T.);
#1608=ORIENTED_EDGE('',*,*,#3590,.T.);
#1609=ORIENTED_EDGE('',*,*,#3591,.T.);
#1610=ORIENTED_EDGE('',*,*,#3592,.T.);
#1611=ORIENTED_EDGE('',*,*,#3593,.T.);
#1612=ORIENTED_EDGE('',*,*,#3594,.T.);
#1613=ORIENTED_EDGE('',*,*,#3595,.T.);
#1614=ORIENTED_EDGE('',*,*,#3596,.T.);
#1615=ORIENTED_EDGE('',*,*,#3597,.T.);
#1616=ORIENTED_EDGE('',*,*,#3598,.T.);
#1617=ORIENTED_EDGE('',*,*,#3599,.T.);
#1618=ORIENTED_EDGE('',*,*,#3600,.T.);
#1619=ORIENTED_EDGE('',*,*,#3601,.T.);
#1620=ORIENTED_EDGE('',*,*,#3602,.T.);
#1621=ORIENTED_EDGE('',*,*,#3603,.T.);
#1622=ORIENTED_EDGE('',*,*,#3604,.T.);
#1623=ORIENTED_EDGE('',*,*,#3605,.T.);
#1624=ORIENTED_EDGE('',*,*,#3606,.T.);
#1625=ORIENTED_EDGE('',*,*,#3607,.T.);
#1626=ORIENTED_EDGE('',*,*,#3608,.T.);
#1627=ORIENTED_EDGE('',*,*,#3609,.T.);
#1628=ORIENTED_EDGE('',*,*,#3610,.F.);
#1629=ORIENTED_EDGE('',*,*,#3611,.F.);
#1630=ORIENTED_EDGE('',*,*,#3612,.T.);
#1631=ORIENTED_EDGE('',*,*,#3613,.T.);
#1632=ORIENTED_EDGE('',*,*,#3614,.T.);
#1633=ORIENTED_EDGE('',*,*,#3615,.T.);
#1634=ORIENTED_EDGE('',*,*,#3616,.F.);
#1635=ORIENTED_EDGE('',*,*,#3617,.T.);
#1636=ORIENTED_EDGE('',*,*,#3618,.F.);
#1637=ORIENTED_EDGE('',*,*,#3619,.T.);
#1638=ORIENTED_EDGE('',*,*,#3620,.T.);
#1639=ORIENTED_EDGE('',*,*,#3621,.T.);
#1640=ORIENTED_EDGE('',*,*,#3622,.T.);
#1641=ORIENTED_EDGE('',*,*,#3623,.F.);
#1642=ORIENTED_EDGE('',*,*,#3624,.T.);
#1643=ORIENTED_EDGE('',*,*,#3625,.F.);
#1644=ORIENTED_EDGE('',*,*,#3610,.T.);
#1645=ORIENTED_EDGE('',*,*,#3626,.T.);
#1646=ORIENTED_EDGE('',*,*,#3627,.F.);
#1647=ORIENTED_EDGE('',*,*,#3628,.F.);
#1648=ORIENTED_EDGE('',*,*,#3629,.F.);
#1649=ORIENTED_EDGE('',*,*,#3630,.T.);
#1650=ORIENTED_EDGE('',*,*,#3608,.F.);
#1651=ORIENTED_EDGE('',*,*,#3631,.F.);
#1652=ORIENTED_EDGE('',*,*,#3632,.F.);
#1653=ORIENTED_EDGE('',*,*,#3633,.T.);
#1654=ORIENTED_EDGE('',*,*,#3634,.T.);
#1655=ORIENTED_EDGE('',*,*,#3635,.T.);
#1656=ORIENTED_EDGE('',*,*,#3633,.F.);
#1657=ORIENTED_EDGE('',*,*,#3636,.F.);
#1658=ORIENTED_EDGE('',*,*,#3626,.F.);
#1659=ORIENTED_EDGE('',*,*,#3609,.F.);
#1660=ORIENTED_EDGE('',*,*,#3631,.T.);
#1661=ORIENTED_EDGE('',*,*,#3611,.T.);
#1662=ORIENTED_EDGE('',*,*,#3628,.T.);
#1663=ORIENTED_EDGE('',*,*,#3637,.T.);
#1664=ORIENTED_EDGE('',*,*,#3638,.F.);
#1665=ORIENTED_EDGE('',*,*,#3639,.T.);
#1666=ORIENTED_EDGE('',*,*,#3640,.T.);
#1667=ORIENTED_EDGE('',*,*,#3641,.T.);
#1668=ORIENTED_EDGE('',*,*,#3642,.T.);
#1669=ORIENTED_EDGE('',*,*,#3643,.T.);
#1670=ORIENTED_EDGE('',*,*,#3644,.T.);
#1671=ORIENTED_EDGE('',*,*,#3645,.T.);
#1672=ORIENTED_EDGE('',*,*,#3644,.F.);
#1673=ORIENTED_EDGE('',*,*,#3646,.T.);
#1674=ORIENTED_EDGE('',*,*,#3638,.T.);
#1675=ORIENTED_EDGE('',*,*,#3647,.T.);
#1676=ORIENTED_EDGE('',*,*,#3627,.T.);
#1677=ORIENTED_EDGE('',*,*,#3636,.T.);
#1678=ORIENTED_EDGE('',*,*,#3632,.T.);
#1679=ORIENTED_EDGE('',*,*,#3637,.F.);
#1680=ORIENTED_EDGE('',*,*,#3635,.F.);
#1681=ORIENTED_EDGE('',*,*,#3621,.F.);
#1682=ORIENTED_EDGE('',*,*,#3648,.F.);
#1683=ORIENTED_EDGE('',*,*,#3647,.F.);
#1684=ORIENTED_EDGE('',*,*,#3649,.F.);
#1685=ORIENTED_EDGE('',*,*,#3648,.T.);
#1686=ORIENTED_EDGE('',*,*,#3620,.F.);
#1687=ORIENTED_EDGE('',*,*,#3650,.F.);
#1688=ORIENTED_EDGE('',*,*,#3645,.F.);
#1689=ORIENTED_EDGE('',*,*,#3649,.T.);
#1690=ORIENTED_EDGE('',*,*,#3641,.F.);
#1691=ORIENTED_EDGE('',*,*,#3651,.F.);
#1692=ORIENTED_EDGE('',*,*,#3622,.F.);
#1693=ORIENTED_EDGE('',*,*,#3652,.F.);
#1694=ORIENTED_EDGE('',*,*,#3624,.F.);
#1695=ORIENTED_EDGE('',*,*,#3653,.F.);
#1696=ORIENTED_EDGE('',*,*,#3423,.F.);
#1697=ORIENTED_EDGE('',*,*,#3625,.T.);
#1698=ORIENTED_EDGE('',*,*,#3652,.T.);
#1699=ORIENTED_EDGE('',*,*,#3654,.F.);
#1700=ORIENTED_EDGE('',*,*,#3650,.T.);
#1701=ORIENTED_EDGE('',*,*,#3623,.T.);
#1702=ORIENTED_EDGE('',*,*,#3651,.T.);
#1703=ORIENTED_EDGE('',*,*,#3655,.F.);
#1704=ORIENTED_EDGE('',*,*,#3653,.T.);
#1705=ORIENTED_EDGE('',*,*,#3654,.T.);
#1706=ORIENTED_EDGE('',*,*,#3422,.F.);
#1707=ORIENTED_EDGE('',*,*,#3656,.F.);
#1708=ORIENTED_EDGE('',*,*,#3642,.F.);
#1709=ORIENTED_EDGE('',*,*,#3655,.T.);
#1710=ORIENTED_EDGE('',*,*,#3640,.F.);
#1711=ORIENTED_EDGE('',*,*,#3657,.F.);
#1712=ORIENTED_EDGE('',*,*,#3424,.F.);
#1713=ORIENTED_EDGE('',*,*,#3658,.F.);
#1714=ORIENTED_EDGE('',*,*,#3617,.F.);
#1715=ORIENTED_EDGE('',*,*,#3659,.F.);
#1716=ORIENTED_EDGE('',*,*,#3425,.F.);
#1717=ORIENTED_EDGE('',*,*,#3659,.T.);
#1718=ORIENTED_EDGE('',*,*,#3616,.T.);
#1719=ORIENTED_EDGE('',*,*,#3660,.F.);
#1720=ORIENTED_EDGE('',*,*,#3656,.T.);
#1721=ORIENTED_EDGE('',*,*,#3658,.T.);
#1722=ORIENTED_EDGE('',*,*,#3657,.T.);
#1723=ORIENTED_EDGE('',*,*,#3661,.F.);
#1724=ORIENTED_EDGE('',*,*,#3618,.T.);
#1725=ORIENTED_EDGE('',*,*,#3660,.T.);
#1726=ORIENTED_EDGE('',*,*,#3615,.F.);
#1727=ORIENTED_EDGE('',*,*,#3662,.F.);
#1728=ORIENTED_EDGE('',*,*,#3643,.F.);
#1729=ORIENTED_EDGE('',*,*,#3661,.T.);
#1730=ORIENTED_EDGE('',*,*,#3639,.F.);
#1731=ORIENTED_EDGE('',*,*,#3663,.F.);
#1732=ORIENTED_EDGE('',*,*,#3613,.F.);
#1733=ORIENTED_EDGE('',*,*,#3662,.T.);
#1734=ORIENTED_EDGE('',*,*,#3614,.F.);
#1735=ORIENTED_EDGE('',*,*,#3663,.T.);
#1736=ORIENTED_EDGE('',*,*,#3646,.F.);
#1737=ORIENTED_EDGE('',*,*,#3630,.F.);
#1738=ORIENTED_EDGE('',*,*,#3619,.F.);
#1739=ORIENTED_EDGE('',*,*,#3634,.F.);
#1740=ORIENTED_EDGE('',*,*,#3629,.T.);
#1741=ORIENTED_EDGE('',*,*,#3612,.F.);
#1742=ORIENTED_EDGE('',*,*,#3664,.F.);
#1743=ORIENTED_EDGE('',*,*,#3665,.F.);
#1744=ORIENTED_EDGE('',*,*,#3666,.F.);
#1745=ORIENTED_EDGE('',*,*,#3667,.F.);
#1746=ORIENTED_EDGE('',*,*,#3668,.F.);
#1747=ORIENTED_EDGE('',*,*,#3418,.F.);
#1748=ORIENTED_EDGE('',*,*,#3669,.F.);
#1749=ORIENTED_EDGE('',*,*,#3668,.T.);
#1750=ORIENTED_EDGE('',*,*,#3670,.T.);
#1751=ORIENTED_EDGE('',*,*,#3417,.F.);
#1752=ORIENTED_EDGE('',*,*,#3671,.F.);
#1753=ORIENTED_EDGE('',*,*,#3664,.T.);
#1754=ORIENTED_EDGE('',*,*,#3669,.T.);
#1755=ORIENTED_EDGE('',*,*,#3421,.F.);
#1756=ORIENTED_EDGE('',*,*,#3672,.F.);
#1757=ORIENTED_EDGE('',*,*,#3665,.T.);
#1758=ORIENTED_EDGE('',*,*,#3671,.T.);
#1759=ORIENTED_EDGE('',*,*,#3420,.F.);
#1760=ORIENTED_EDGE('',*,*,#3673,.F.);
#1761=ORIENTED_EDGE('',*,*,#3666,.T.);
#1762=ORIENTED_EDGE('',*,*,#3672,.T.);
#1763=ORIENTED_EDGE('',*,*,#3419,.F.);
#1764=ORIENTED_EDGE('',*,*,#3670,.F.);
#1765=ORIENTED_EDGE('',*,*,#3667,.T.);
#1766=ORIENTED_EDGE('',*,*,#3673,.T.);
#1767=ORIENTED_EDGE('',*,*,#3674,.F.);
#1768=ORIENTED_EDGE('',*,*,#3675,.F.);
#1769=ORIENTED_EDGE('',*,*,#3676,.F.);
#1770=ORIENTED_EDGE('',*,*,#3677,.F.);
#1771=ORIENTED_EDGE('',*,*,#3678,.F.);
#1772=ORIENTED_EDGE('',*,*,#3679,.F.);
#1773=ORIENTED_EDGE('',*,*,#3680,.F.);
#1774=ORIENTED_EDGE('',*,*,#3681,.F.);
#1775=ORIENTED_EDGE('',*,*,#3682,.F.);
#1776=ORIENTED_EDGE('',*,*,#3683,.F.);
#1777=ORIENTED_EDGE('',*,*,#3684,.F.);
#1778=ORIENTED_EDGE('',*,*,#3685,.F.);
#1779=ORIENTED_EDGE('',*,*,#3686,.F.);
#1780=ORIENTED_EDGE('',*,*,#3687,.F.);
#1781=ORIENTED_EDGE('',*,*,#3688,.F.);
#1782=ORIENTED_EDGE('',*,*,#3689,.F.);
#1783=ORIENTED_EDGE('',*,*,#3690,.F.);
#1784=ORIENTED_EDGE('',*,*,#3691,.F.);
#1785=ORIENTED_EDGE('',*,*,#3679,.T.);
#1786=ORIENTED_EDGE('',*,*,#3692,.T.);
#1787=ORIENTED_EDGE('',*,*,#3693,.F.);
#1788=ORIENTED_EDGE('',*,*,#3692,.F.);
#1789=ORIENTED_EDGE('',*,*,#3678,.T.);
#1790=ORIENTED_EDGE('',*,*,#3694,.T.);
#1791=ORIENTED_EDGE('',*,*,#3695,.F.);
#1792=ORIENTED_EDGE('',*,*,#3694,.F.);
#1793=ORIENTED_EDGE('',*,*,#3677,.T.);
#1794=ORIENTED_EDGE('',*,*,#3696,.T.);
#1795=ORIENTED_EDGE('',*,*,#3697,.F.);
#1796=ORIENTED_EDGE('',*,*,#3696,.F.);
#1797=ORIENTED_EDGE('',*,*,#3676,.T.);
#1798=ORIENTED_EDGE('',*,*,#3698,.T.);
#1799=ORIENTED_EDGE('',*,*,#3699,.F.);
#1800=ORIENTED_EDGE('',*,*,#3698,.F.);
#1801=ORIENTED_EDGE('',*,*,#3675,.T.);
#1802=ORIENTED_EDGE('',*,*,#3700,.T.);
#1803=ORIENTED_EDGE('',*,*,#3701,.F.);
#1804=ORIENTED_EDGE('',*,*,#3700,.F.);
#1805=ORIENTED_EDGE('',*,*,#3674,.T.);
#1806=ORIENTED_EDGE('',*,*,#3702,.T.);
#1807=ORIENTED_EDGE('',*,*,#3703,.F.);
#1808=ORIENTED_EDGE('',*,*,#3702,.F.);
#1809=ORIENTED_EDGE('',*,*,#3680,.T.);
#1810=ORIENTED_EDGE('',*,*,#3691,.T.);
#1811=ORIENTED_EDGE('',*,*,#3409,.F.);
#1812=ORIENTED_EDGE('',*,*,#3704,.F.);
#1813=ORIENTED_EDGE('',*,*,#3689,.T.);
#1814=ORIENTED_EDGE('',*,*,#3705,.T.);
#1815=ORIENTED_EDGE('',*,*,#3408,.F.);
#1816=ORIENTED_EDGE('',*,*,#3706,.F.);
#1817=ORIENTED_EDGE('',*,*,#3681,.T.);
#1818=ORIENTED_EDGE('',*,*,#3704,.T.);
#1819=ORIENTED_EDGE('',*,*,#3416,.F.);
#1820=ORIENTED_EDGE('',*,*,#3707,.F.);
#1821=ORIENTED_EDGE('',*,*,#3682,.T.);
#1822=ORIENTED_EDGE('',*,*,#3706,.T.);
#1823=ORIENTED_EDGE('',*,*,#3415,.F.);
#1824=ORIENTED_EDGE('',*,*,#3708,.F.);
#1825=ORIENTED_EDGE('',*,*,#3683,.T.);
#1826=ORIENTED_EDGE('',*,*,#3707,.T.);
#1827=ORIENTED_EDGE('',*,*,#3414,.F.);
#1828=ORIENTED_EDGE('',*,*,#3709,.F.);
#1829=ORIENTED_EDGE('',*,*,#3684,.T.);
#1830=ORIENTED_EDGE('',*,*,#3708,.T.);
#1831=ORIENTED_EDGE('',*,*,#3413,.F.);
#1832=ORIENTED_EDGE('',*,*,#3710,.F.);
#1833=ORIENTED_EDGE('',*,*,#3685,.T.);
#1834=ORIENTED_EDGE('',*,*,#3709,.T.);
#1835=ORIENTED_EDGE('',*,*,#3412,.F.);
#1836=ORIENTED_EDGE('',*,*,#3711,.F.);
#1837=ORIENTED_EDGE('',*,*,#3686,.T.);
#1838=ORIENTED_EDGE('',*,*,#3710,.T.);
#1839=ORIENTED_EDGE('',*,*,#3411,.F.);
#1840=ORIENTED_EDGE('',*,*,#3712,.F.);
#1841=ORIENTED_EDGE('',*,*,#3687,.T.);
#1842=ORIENTED_EDGE('',*,*,#3711,.T.);
#1843=ORIENTED_EDGE('',*,*,#3410,.F.);
#1844=ORIENTED_EDGE('',*,*,#3705,.F.);
#1845=ORIENTED_EDGE('',*,*,#3688,.T.);
#1846=ORIENTED_EDGE('',*,*,#3712,.T.);
#1847=ORIENTED_EDGE('',*,*,#3703,.T.);
#1848=ORIENTED_EDGE('',*,*,#3690,.T.);
#1849=ORIENTED_EDGE('',*,*,#3693,.T.);
#1850=ORIENTED_EDGE('',*,*,#3695,.T.);
#1851=ORIENTED_EDGE('',*,*,#3697,.T.);
#1852=ORIENTED_EDGE('',*,*,#3699,.T.);
#1853=ORIENTED_EDGE('',*,*,#3701,.T.);
#1854=ORIENTED_EDGE('',*,*,#3713,.F.);
#1855=ORIENTED_EDGE('',*,*,#3714,.F.);
#1856=ORIENTED_EDGE('',*,*,#3715,.F.);
#1857=ORIENTED_EDGE('',*,*,#3716,.F.);
#1858=ORIENTED_EDGE('',*,*,#3717,.F.);
#1859=ORIENTED_EDGE('',*,*,#3718,.F.);
#1860=ORIENTED_EDGE('',*,*,#3719,.F.);
#1861=ORIENTED_EDGE('',*,*,#3720,.F.);
#1862=ORIENTED_EDGE('',*,*,#3401,.F.);
#1863=ORIENTED_EDGE('',*,*,#3721,.F.);
#1864=ORIENTED_EDGE('',*,*,#3720,.T.);
#1865=ORIENTED_EDGE('',*,*,#3722,.T.);
#1866=ORIENTED_EDGE('',*,*,#3400,.F.);
#1867=ORIENTED_EDGE('',*,*,#3723,.F.);
#1868=ORIENTED_EDGE('',*,*,#3713,.T.);
#1869=ORIENTED_EDGE('',*,*,#3721,.T.);
#1870=ORIENTED_EDGE('',*,*,#3407,.F.);
#1871=ORIENTED_EDGE('',*,*,#3724,.F.);
#1872=ORIENTED_EDGE('',*,*,#3714,.T.);
#1873=ORIENTED_EDGE('',*,*,#3723,.T.);
#1874=ORIENTED_EDGE('',*,*,#3406,.F.);
#1875=ORIENTED_EDGE('',*,*,#3725,.F.);
#1876=ORIENTED_EDGE('',*,*,#3715,.T.);
#1877=ORIENTED_EDGE('',*,*,#3724,.T.);
#1878=ORIENTED_EDGE('',*,*,#3405,.F.);
#1879=ORIENTED_EDGE('',*,*,#3726,.F.);
#1880=ORIENTED_EDGE('',*,*,#3716,.T.);
#1881=ORIENTED_EDGE('',*,*,#3725,.T.);
#1882=ORIENTED_EDGE('',*,*,#3404,.F.);
#1883=ORIENTED_EDGE('',*,*,#3727,.F.);
#1884=ORIENTED_EDGE('',*,*,#3717,.T.);
#1885=ORIENTED_EDGE('',*,*,#3726,.T.);
#1886=ORIENTED_EDGE('',*,*,#3403,.F.);
#1887=ORIENTED_EDGE('',*,*,#3728,.F.);
#1888=ORIENTED_EDGE('',*,*,#3718,.T.);
#1889=ORIENTED_EDGE('',*,*,#3727,.T.);
#1890=ORIENTED_EDGE('',*,*,#3402,.F.);
#1891=ORIENTED_EDGE('',*,*,#3722,.F.);
#1892=ORIENTED_EDGE('',*,*,#3719,.T.);
#1893=ORIENTED_EDGE('',*,*,#3728,.T.);
#1894=ORIENTED_EDGE('',*,*,#3729,.F.);
#1895=ORIENTED_EDGE('',*,*,#3730,.F.);
#1896=ORIENTED_EDGE('',*,*,#3731,.F.);
#1897=ORIENTED_EDGE('',*,*,#3732,.F.);
#1898=ORIENTED_EDGE('',*,*,#3733,.F.);
#1899=ORIENTED_EDGE('',*,*,#3734,.F.);
#1900=ORIENTED_EDGE('',*,*,#3735,.F.);
#1901=ORIENTED_EDGE('',*,*,#3736,.F.);
#1902=ORIENTED_EDGE('',*,*,#3737,.F.);
#1903=ORIENTED_EDGE('',*,*,#3738,.F.);
#1904=ORIENTED_EDGE('',*,*,#3739,.F.);
#1905=ORIENTED_EDGE('',*,*,#3740,.F.);
#1906=ORIENTED_EDGE('',*,*,#3741,.F.);
#1907=ORIENTED_EDGE('',*,*,#3742,.F.);
#1908=ORIENTED_EDGE('',*,*,#3743,.F.);
#1909=ORIENTED_EDGE('',*,*,#3744,.F.);
#1910=ORIENTED_EDGE('',*,*,#3427,.F.);
#1911=ORIENTED_EDGE('',*,*,#3745,.F.);
#1912=ORIENTED_EDGE('',*,*,#3735,.T.);
#1913=ORIENTED_EDGE('',*,*,#3746,.T.);
#1914=ORIENTED_EDGE('',*,*,#3428,.F.);
#1915=ORIENTED_EDGE('',*,*,#3746,.F.);
#1916=ORIENTED_EDGE('',*,*,#3734,.T.);
#1917=ORIENTED_EDGE('',*,*,#3747,.T.);
#1918=ORIENTED_EDGE('',*,*,#3429,.F.);
#1919=ORIENTED_EDGE('',*,*,#3747,.F.);
#1920=ORIENTED_EDGE('',*,*,#3733,.T.);
#1921=ORIENTED_EDGE('',*,*,#3748,.T.);
#1922=ORIENTED_EDGE('',*,*,#3430,.F.);
#1923=ORIENTED_EDGE('',*,*,#3748,.F.);
#1924=ORIENTED_EDGE('',*,*,#3732,.T.);
#1925=ORIENTED_EDGE('',*,*,#3749,.T.);
#1926=ORIENTED_EDGE('',*,*,#3431,.F.);
#1927=ORIENTED_EDGE('',*,*,#3749,.F.);
#1928=ORIENTED_EDGE('',*,*,#3731,.T.);
#1929=ORIENTED_EDGE('',*,*,#3750,.T.);
#1930=ORIENTED_EDGE('',*,*,#3432,.F.);
#1931=ORIENTED_EDGE('',*,*,#3750,.F.);
#1932=ORIENTED_EDGE('',*,*,#3730,.T.);
#1933=ORIENTED_EDGE('',*,*,#3751,.T.);
#1934=ORIENTED_EDGE('',*,*,#3433,.F.);
#1935=ORIENTED_EDGE('',*,*,#3751,.F.);
#1936=ORIENTED_EDGE('',*,*,#3729,.T.);
#1937=ORIENTED_EDGE('',*,*,#3752,.T.);
#1938=ORIENTED_EDGE('',*,*,#3426,.F.);
#1939=ORIENTED_EDGE('',*,*,#3752,.F.);
#1940=ORIENTED_EDGE('',*,*,#3736,.T.);
#1941=ORIENTED_EDGE('',*,*,#3745,.T.);
#1942=ORIENTED_EDGE('',*,*,#3753,.F.);
#1943=ORIENTED_EDGE('',*,*,#3754,.F.);
#1944=ORIENTED_EDGE('',*,*,#3744,.T.);
#1945=ORIENTED_EDGE('',*,*,#3755,.T.);
#1946=ORIENTED_EDGE('',*,*,#3756,.F.);
#1947=ORIENTED_EDGE('',*,*,#3757,.F.);
#1948=ORIENTED_EDGE('',*,*,#3737,.T.);
#1949=ORIENTED_EDGE('',*,*,#3754,.T.);
#1950=ORIENTED_EDGE('',*,*,#3758,.F.);
#1951=ORIENTED_EDGE('',*,*,#3759,.F.);
#1952=ORIENTED_EDGE('',*,*,#3738,.T.);
#1953=ORIENTED_EDGE('',*,*,#3757,.T.);
#1954=ORIENTED_EDGE('',*,*,#3760,.F.);
#1955=ORIENTED_EDGE('',*,*,#3761,.F.);
#1956=ORIENTED_EDGE('',*,*,#3739,.T.);
#1957=ORIENTED_EDGE('',*,*,#3759,.T.);
#1958=ORIENTED_EDGE('',*,*,#3762,.F.);
#1959=ORIENTED_EDGE('',*,*,#3763,.F.);
#1960=ORIENTED_EDGE('',*,*,#3740,.T.);
#1961=ORIENTED_EDGE('',*,*,#3761,.T.);
#1962=ORIENTED_EDGE('',*,*,#3764,.F.);
#1963=ORIENTED_EDGE('',*,*,#3765,.F.);
#1964=ORIENTED_EDGE('',*,*,#3741,.T.);
#1965=ORIENTED_EDGE('',*,*,#3763,.T.);
#1966=ORIENTED_EDGE('',*,*,#3766,.F.);
#1967=ORIENTED_EDGE('',*,*,#3767,.F.);
#1968=ORIENTED_EDGE('',*,*,#3742,.T.);
#1969=ORIENTED_EDGE('',*,*,#3765,.T.);
#1970=ORIENTED_EDGE('',*,*,#3768,.F.);
#1971=ORIENTED_EDGE('',*,*,#3755,.F.);
#1972=ORIENTED_EDGE('',*,*,#3743,.T.);
#1973=ORIENTED_EDGE('',*,*,#3767,.T.);
#1974=ORIENTED_EDGE('',*,*,#3769,.F.);
#1975=ORIENTED_EDGE('',*,*,#3770,.F.);
#1976=ORIENTED_EDGE('',*,*,#3771,.F.);
#1977=ORIENTED_EDGE('',*,*,#3772,.F.);
#1978=ORIENTED_EDGE('',*,*,#3435,.F.);
#1979=ORIENTED_EDGE('',*,*,#3773,.F.);
#1980=ORIENTED_EDGE('',*,*,#3772,.T.);
#1981=ORIENTED_EDGE('',*,*,#3774,.T.);
#1982=ORIENTED_EDGE('',*,*,#3434,.F.);
#1983=ORIENTED_EDGE('',*,*,#3775,.F.);
#1984=ORIENTED_EDGE('',*,*,#3769,.T.);
#1985=ORIENTED_EDGE('',*,*,#3773,.T.);
#1986=ORIENTED_EDGE('',*,*,#3437,.F.);
#1987=ORIENTED_EDGE('',*,*,#3776,.F.);
#1988=ORIENTED_EDGE('',*,*,#3770,.T.);
#1989=ORIENTED_EDGE('',*,*,#3775,.T.);
#1990=ORIENTED_EDGE('',*,*,#3436,.F.);
#1991=ORIENTED_EDGE('',*,*,#3774,.F.);
#1992=ORIENTED_EDGE('',*,*,#3771,.T.);
#1993=ORIENTED_EDGE('',*,*,#3776,.T.);
#1994=ORIENTED_EDGE('',*,*,#3777,.F.);
#1995=ORIENTED_EDGE('',*,*,#3778,.F.);
#1996=ORIENTED_EDGE('',*,*,#3779,.F.);
#1997=ORIENTED_EDGE('',*,*,#3780,.F.);
#1998=ORIENTED_EDGE('',*,*,#3781,.F.);
#1999=ORIENTED_EDGE('',*,*,#3782,.F.);
#2000=ORIENTED_EDGE('',*,*,#3783,.F.);
#2001=ORIENTED_EDGE('',*,*,#3784,.F.);
#2002=ORIENTED_EDGE('',*,*,#3785,.F.);
#2003=ORIENTED_EDGE('',*,*,#3786,.F.);
#2004=ORIENTED_EDGE('',*,*,#3787,.F.);
#2005=ORIENTED_EDGE('',*,*,#3788,.F.);
#2006=ORIENTED_EDGE('',*,*,#3789,.F.);
#2007=ORIENTED_EDGE('',*,*,#3790,.F.);
#2008=ORIENTED_EDGE('',*,*,#3791,.F.);
#2009=ORIENTED_EDGE('',*,*,#3792,.F.);
#2010=ORIENTED_EDGE('',*,*,#3793,.F.);
#2011=ORIENTED_EDGE('',*,*,#3794,.F.);
#2012=ORIENTED_EDGE('',*,*,#3439,.F.);
#2013=ORIENTED_EDGE('',*,*,#3795,.F.);
#2014=ORIENTED_EDGE('',*,*,#3794,.T.);
#2015=ORIENTED_EDGE('',*,*,#3796,.T.);
#2016=ORIENTED_EDGE('',*,*,#3438,.F.);
#2017=ORIENTED_EDGE('',*,*,#3797,.F.);
#2018=ORIENTED_EDGE('',*,*,#3777,.T.);
#2019=ORIENTED_EDGE('',*,*,#3795,.T.);
#2020=ORIENTED_EDGE('',*,*,#3455,.F.);
#2021=ORIENTED_EDGE('',*,*,#3798,.F.);
#2022=ORIENTED_EDGE('',*,*,#3778,.T.);
#2023=ORIENTED_EDGE('',*,*,#3797,.T.);
#2024=ORIENTED_EDGE('',*,*,#3454,.F.);
#2025=ORIENTED_EDGE('',*,*,#3799,.F.);
#2026=ORIENTED_EDGE('',*,*,#3779,.T.);
#2027=ORIENTED_EDGE('',*,*,#3798,.T.);
#2028=ORIENTED_EDGE('',*,*,#3453,.F.);
#2029=ORIENTED_EDGE('',*,*,#3800,.F.);
#2030=ORIENTED_EDGE('',*,*,#3780,.T.);
#2031=ORIENTED_EDGE('',*,*,#3799,.T.);
#2032=ORIENTED_EDGE('',*,*,#3452,.F.);
#2033=ORIENTED_EDGE('',*,*,#3801,.F.);
#2034=ORIENTED_EDGE('',*,*,#3781,.T.);
#2035=ORIENTED_EDGE('',*,*,#3800,.T.);
#2036=ORIENTED_EDGE('',*,*,#3451,.F.);
#2037=ORIENTED_EDGE('',*,*,#3802,.F.);
#2038=ORIENTED_EDGE('',*,*,#3782,.T.);
#2039=ORIENTED_EDGE('',*,*,#3801,.T.);
#2040=ORIENTED_EDGE('',*,*,#3450,.F.);
#2041=ORIENTED_EDGE('',*,*,#3803,.F.);
#2042=ORIENTED_EDGE('',*,*,#3783,.T.);
#2043=ORIENTED_EDGE('',*,*,#3802,.T.);
#2044=ORIENTED_EDGE('',*,*,#3449,.F.);
#2045=ORIENTED_EDGE('',*,*,#3804,.F.);
#2046=ORIENTED_EDGE('',*,*,#3784,.T.);
#2047=ORIENTED_EDGE('',*,*,#3803,.T.);
#2048=ORIENTED_EDGE('',*,*,#3448,.F.);
#2049=ORIENTED_EDGE('',*,*,#3805,.F.);
#2050=ORIENTED_EDGE('',*,*,#3785,.T.);
#2051=ORIENTED_EDGE('',*,*,#3804,.T.);
#2052=ORIENTED_EDGE('',*,*,#3447,.F.);
#2053=ORIENTED_EDGE('',*,*,#3806,.F.);
#2054=ORIENTED_EDGE('',*,*,#3786,.T.);
#2055=ORIENTED_EDGE('',*,*,#3805,.T.);
#2056=ORIENTED_EDGE('',*,*,#3446,.F.);
#2057=ORIENTED_EDGE('',*,*,#3807,.F.);
#2058=ORIENTED_EDGE('',*,*,#3787,.T.);
#2059=ORIENTED_EDGE('',*,*,#3806,.T.);
#2060=ORIENTED_EDGE('',*,*,#3445,.F.);
#2061=ORIENTED_EDGE('',*,*,#3808,.F.);
#2062=ORIENTED_EDGE('',*,*,#3788,.T.);
#2063=ORIENTED_EDGE('',*,*,#3807,.T.);
#2064=ORIENTED_EDGE('',*,*,#3444,.F.);
#2065=ORIENTED_EDGE('',*,*,#3809,.F.);
#2066=ORIENTED_EDGE('',*,*,#3789,.T.);
#2067=ORIENTED_EDGE('',*,*,#3808,.T.);
#2068=ORIENTED_EDGE('',*,*,#3443,.F.);
#2069=ORIENTED_EDGE('',*,*,#3810,.F.);
#2070=ORIENTED_EDGE('',*,*,#3790,.T.);
#2071=ORIENTED_EDGE('',*,*,#3809,.T.);
#2072=ORIENTED_EDGE('',*,*,#3442,.F.);
#2073=ORIENTED_EDGE('',*,*,#3811,.F.);
#2074=ORIENTED_EDGE('',*,*,#3791,.T.);
#2075=ORIENTED_EDGE('',*,*,#3810,.T.);
#2076=ORIENTED_EDGE('',*,*,#3441,.F.);
#2077=ORIENTED_EDGE('',*,*,#3812,.F.);
#2078=ORIENTED_EDGE('',*,*,#3792,.T.);
#2079=ORIENTED_EDGE('',*,*,#3811,.T.);
#2080=ORIENTED_EDGE('',*,*,#3440,.F.);
#2081=ORIENTED_EDGE('',*,*,#3796,.F.);
#2082=ORIENTED_EDGE('',*,*,#3793,.T.);
#2083=ORIENTED_EDGE('',*,*,#3812,.T.);
#2084=ORIENTED_EDGE('',*,*,#3813,.F.);
#2085=ORIENTED_EDGE('',*,*,#3814,.F.);
#2086=ORIENTED_EDGE('',*,*,#3815,.F.);
#2087=ORIENTED_EDGE('',*,*,#3816,.F.);
#2088=ORIENTED_EDGE('',*,*,#3817,.F.);
#2089=ORIENTED_EDGE('',*,*,#3818,.F.);
#2090=ORIENTED_EDGE('',*,*,#3819,.F.);
#2091=ORIENTED_EDGE('',*,*,#3820,.F.);
#2092=ORIENTED_EDGE('',*,*,#3821,.F.);
#2093=ORIENTED_EDGE('',*,*,#3822,.F.);
#2094=ORIENTED_EDGE('',*,*,#3823,.F.);
#2095=ORIENTED_EDGE('',*,*,#3824,.F.);
#2096=ORIENTED_EDGE('',*,*,#3825,.F.);
#2097=ORIENTED_EDGE('',*,*,#3826,.F.);
#2098=ORIENTED_EDGE('',*,*,#3827,.F.);
#2099=ORIENTED_EDGE('',*,*,#3828,.F.);
#2100=ORIENTED_EDGE('',*,*,#3829,.F.);
#2101=ORIENTED_EDGE('',*,*,#3830,.F.);
#2102=ORIENTED_EDGE('',*,*,#3831,.F.);
#2103=ORIENTED_EDGE('',*,*,#3832,.F.);
#2104=ORIENTED_EDGE('',*,*,#3833,.F.);
#2105=ORIENTED_EDGE('',*,*,#3834,.F.);
#2106=ORIENTED_EDGE('',*,*,#3835,.F.);
#2107=ORIENTED_EDGE('',*,*,#3836,.F.);
#2108=ORIENTED_EDGE('',*,*,#3837,.F.);
#2109=ORIENTED_EDGE('',*,*,#3838,.F.);
#2110=ORIENTED_EDGE('',*,*,#3839,.F.);
#2111=ORIENTED_EDGE('',*,*,#3840,.F.);
#2112=ORIENTED_EDGE('',*,*,#3457,.F.);
#2113=ORIENTED_EDGE('',*,*,#3841,.F.);
#2114=ORIENTED_EDGE('',*,*,#3840,.T.);
#2115=ORIENTED_EDGE('',*,*,#3842,.T.);
#2116=ORIENTED_EDGE('',*,*,#3456,.F.);
#2117=ORIENTED_EDGE('',*,*,#3843,.F.);
#2118=ORIENTED_EDGE('',*,*,#3813,.T.);
#2119=ORIENTED_EDGE('',*,*,#3841,.T.);
#2120=ORIENTED_EDGE('',*,*,#3483,.F.);
#2121=ORIENTED_EDGE('',*,*,#3844,.F.);
#2122=ORIENTED_EDGE('',*,*,#3814,.T.);
#2123=ORIENTED_EDGE('',*,*,#3843,.T.);
#2124=ORIENTED_EDGE('',*,*,#3482,.F.);
#2125=ORIENTED_EDGE('',*,*,#3845,.F.);
#2126=ORIENTED_EDGE('',*,*,#3815,.T.);
#2127=ORIENTED_EDGE('',*,*,#3844,.T.);
#2128=ORIENTED_EDGE('',*,*,#3481,.F.);
#2129=ORIENTED_EDGE('',*,*,#3846,.F.);
#2130=ORIENTED_EDGE('',*,*,#3816,.T.);
#2131=ORIENTED_EDGE('',*,*,#3845,.T.);
#2132=ORIENTED_EDGE('',*,*,#3480,.F.);
#2133=ORIENTED_EDGE('',*,*,#3847,.F.);
#2134=ORIENTED_EDGE('',*,*,#3817,.T.);
#2135=ORIENTED_EDGE('',*,*,#3846,.T.);
#2136=ORIENTED_EDGE('',*,*,#3479,.F.);
#2137=ORIENTED_EDGE('',*,*,#3848,.F.);
#2138=ORIENTED_EDGE('',*,*,#3818,.T.);
#2139=ORIENTED_EDGE('',*,*,#3847,.T.);
#2140=ORIENTED_EDGE('',*,*,#3478,.F.);
#2141=ORIENTED_EDGE('',*,*,#3849,.F.);
#2142=ORIENTED_EDGE('',*,*,#3819,.T.);
#2143=ORIENTED_EDGE('',*,*,#3848,.T.);
#2144=ORIENTED_EDGE('',*,*,#3477,.F.);
#2145=ORIENTED_EDGE('',*,*,#3850,.F.);
#2146=ORIENTED_EDGE('',*,*,#3820,.T.);
#2147=ORIENTED_EDGE('',*,*,#3849,.T.);
#2148=ORIENTED_EDGE('',*,*,#3476,.F.);
#2149=ORIENTED_EDGE('',*,*,#3851,.F.);
#2150=ORIENTED_EDGE('',*,*,#3821,.T.);
#2151=ORIENTED_EDGE('',*,*,#3850,.T.);
#2152=ORIENTED_EDGE('',*,*,#3475,.F.);
#2153=ORIENTED_EDGE('',*,*,#3852,.F.);
#2154=ORIENTED_EDGE('',*,*,#3822,.T.);
#2155=ORIENTED_EDGE('',*,*,#3851,.T.);
#2156=ORIENTED_EDGE('',*,*,#3474,.F.);
#2157=ORIENTED_EDGE('',*,*,#3853,.F.);
#2158=ORIENTED_EDGE('',*,*,#3823,.T.);
#2159=ORIENTED_EDGE('',*,*,#3852,.T.);
#2160=ORIENTED_EDGE('',*,*,#3473,.F.);
#2161=ORIENTED_EDGE('',*,*,#3854,.F.);
#2162=ORIENTED_EDGE('',*,*,#3824,.T.);
#2163=ORIENTED_EDGE('',*,*,#3853,.T.);
#2164=ORIENTED_EDGE('',*,*,#3472,.F.);
#2165=ORIENTED_EDGE('',*,*,#3855,.F.);
#2166=ORIENTED_EDGE('',*,*,#3825,.T.);
#2167=ORIENTED_EDGE('',*,*,#3854,.T.);
#2168=ORIENTED_EDGE('',*,*,#3471,.F.);
#2169=ORIENTED_EDGE('',*,*,#3856,.F.);
#2170=ORIENTED_EDGE('',*,*,#3826,.T.);
#2171=ORIENTED_EDGE('',*,*,#3855,.T.);
#2172=ORIENTED_EDGE('',*,*,#3470,.F.);
#2173=ORIENTED_EDGE('',*,*,#3857,.F.);
#2174=ORIENTED_EDGE('',*,*,#3827,.T.);
#2175=ORIENTED_EDGE('',*,*,#3856,.T.);
#2176=ORIENTED_EDGE('',*,*,#3469,.F.);
#2177=ORIENTED_EDGE('',*,*,#3858,.F.);
#2178=ORIENTED_EDGE('',*,*,#3828,.T.);
#2179=ORIENTED_EDGE('',*,*,#3857,.T.);
#2180=ORIENTED_EDGE('',*,*,#3468,.F.);
#2181=ORIENTED_EDGE('',*,*,#3859,.F.);
#2182=ORIENTED_EDGE('',*,*,#3829,.T.);
#2183=ORIENTED_EDGE('',*,*,#3858,.T.);
#2184=ORIENTED_EDGE('',*,*,#3467,.F.);
#2185=ORIENTED_EDGE('',*,*,#3860,.F.);
#2186=ORIENTED_EDGE('',*,*,#3830,.T.);
#2187=ORIENTED_EDGE('',*,*,#3859,.T.);
#2188=ORIENTED_EDGE('',*,*,#3466,.F.);
#2189=ORIENTED_EDGE('',*,*,#3861,.F.);
#2190=ORIENTED_EDGE('',*,*,#3831,.T.);
#2191=ORIENTED_EDGE('',*,*,#3860,.T.);
#2192=ORIENTED_EDGE('',*,*,#3465,.F.);
#2193=ORIENTED_EDGE('',*,*,#3862,.F.);
#2194=ORIENTED_EDGE('',*,*,#3832,.T.);
#2195=ORIENTED_EDGE('',*,*,#3861,.T.);
#2196=ORIENTED_EDGE('',*,*,#3464,.F.);
#2197=ORIENTED_EDGE('',*,*,#3863,.F.);
#2198=ORIENTED_EDGE('',*,*,#3833,.T.);
#2199=ORIENTED_EDGE('',*,*,#3862,.T.);
#2200=ORIENTED_EDGE('',*,*,#3463,.F.);
#2201=ORIENTED_EDGE('',*,*,#3864,.F.);
#2202=ORIENTED_EDGE('',*,*,#3834,.T.);
#2203=ORIENTED_EDGE('',*,*,#3863,.T.);
#2204=ORIENTED_EDGE('',*,*,#3462,.F.);
#2205=ORIENTED_EDGE('',*,*,#3865,.F.);
#2206=ORIENTED_EDGE('',*,*,#3835,.T.);
#2207=ORIENTED_EDGE('',*,*,#3864,.T.);
#2208=ORIENTED_EDGE('',*,*,#3461,.F.);
#2209=ORIENTED_EDGE('',*,*,#3866,.F.);
#2210=ORIENTED_EDGE('',*,*,#3836,.T.);
#2211=ORIENTED_EDGE('',*,*,#3865,.T.);
#2212=ORIENTED_EDGE('',*,*,#3460,.F.);
#2213=ORIENTED_EDGE('',*,*,#3867,.F.);
#2214=ORIENTED_EDGE('',*,*,#3837,.T.);
#2215=ORIENTED_EDGE('',*,*,#3866,.T.);
#2216=ORIENTED_EDGE('',*,*,#3459,.F.);
#2217=ORIENTED_EDGE('',*,*,#3868,.F.);
#2218=ORIENTED_EDGE('',*,*,#3838,.T.);
#2219=ORIENTED_EDGE('',*,*,#3867,.T.);
#2220=ORIENTED_EDGE('',*,*,#3458,.F.);
#2221=ORIENTED_EDGE('',*,*,#3842,.F.);
#2222=ORIENTED_EDGE('',*,*,#3839,.T.);
#2223=ORIENTED_EDGE('',*,*,#3868,.T.);
#2224=ORIENTED_EDGE('',*,*,#3869,.F.);
#2225=ORIENTED_EDGE('',*,*,#3870,.F.);
#2226=ORIENTED_EDGE('',*,*,#3871,.F.);
#2227=ORIENTED_EDGE('',*,*,#3872,.F.);
#2228=ORIENTED_EDGE('',*,*,#3873,.F.);
#2229=ORIENTED_EDGE('',*,*,#3874,.F.);
#2230=ORIENTED_EDGE('',*,*,#3875,.F.);
#2231=ORIENTED_EDGE('',*,*,#3876,.F.);
#2232=ORIENTED_EDGE('',*,*,#3877,.F.);
#2233=ORIENTED_EDGE('',*,*,#3878,.F.);
#2234=ORIENTED_EDGE('',*,*,#3485,.F.);
#2235=ORIENTED_EDGE('',*,*,#3879,.F.);
#2236=ORIENTED_EDGE('',*,*,#3878,.T.);
#2237=ORIENTED_EDGE('',*,*,#3880,.T.);
#2238=ORIENTED_EDGE('',*,*,#3484,.F.);
#2239=ORIENTED_EDGE('',*,*,#3881,.F.);
#2240=ORIENTED_EDGE('',*,*,#3869,.T.);
#2241=ORIENTED_EDGE('',*,*,#3879,.T.);
#2242=ORIENTED_EDGE('',*,*,#3493,.F.);
#2243=ORIENTED_EDGE('',*,*,#3882,.F.);
#2244=ORIENTED_EDGE('',*,*,#3870,.T.);
#2245=ORIENTED_EDGE('',*,*,#3881,.T.);
#2246=ORIENTED_EDGE('',*,*,#3492,.F.);
#2247=ORIENTED_EDGE('',*,*,#3883,.F.);
#2248=ORIENTED_EDGE('',*,*,#3871,.T.);
#2249=ORIENTED_EDGE('',*,*,#3882,.T.);
#2250=ORIENTED_EDGE('',*,*,#3491,.F.);
#2251=ORIENTED_EDGE('',*,*,#3884,.F.);
#2252=ORIENTED_EDGE('',*,*,#3872,.T.);
#2253=ORIENTED_EDGE('',*,*,#3883,.T.);
#2254=ORIENTED_EDGE('',*,*,#3490,.F.);
#2255=ORIENTED_EDGE('',*,*,#3885,.F.);
#2256=ORIENTED_EDGE('',*,*,#3873,.T.);
#2257=ORIENTED_EDGE('',*,*,#3884,.T.);
#2258=ORIENTED_EDGE('',*,*,#3489,.F.);
#2259=ORIENTED_EDGE('',*,*,#3886,.F.);
#2260=ORIENTED_EDGE('',*,*,#3874,.T.);
#2261=ORIENTED_EDGE('',*,*,#3885,.T.);
#2262=ORIENTED_EDGE('',*,*,#3488,.F.);
#2263=ORIENTED_EDGE('',*,*,#3887,.F.);
#2264=ORIENTED_EDGE('',*,*,#3875,.T.);
#2265=ORIENTED_EDGE('',*,*,#3886,.T.);
#2266=ORIENTED_EDGE('',*,*,#3487,.F.);
#2267=ORIENTED_EDGE('',*,*,#3888,.F.);
#2268=ORIENTED_EDGE('',*,*,#3876,.T.);
#2269=ORIENTED_EDGE('',*,*,#3887,.T.);
#2270=ORIENTED_EDGE('',*,*,#3486,.F.);
#2271=ORIENTED_EDGE('',*,*,#3880,.F.);
#2272=ORIENTED_EDGE('',*,*,#3877,.T.);
#2273=ORIENTED_EDGE('',*,*,#3888,.T.);
#2274=ORIENTED_EDGE('',*,*,#3889,.F.);
#2275=ORIENTED_EDGE('',*,*,#3890,.F.);
#2276=ORIENTED_EDGE('',*,*,#3891,.F.);
#2277=ORIENTED_EDGE('',*,*,#3892,.F.);
#2278=ORIENTED_EDGE('',*,*,#3495,.F.);
#2279=ORIENTED_EDGE('',*,*,#3893,.F.);
#2280=ORIENTED_EDGE('',*,*,#3892,.T.);
#2281=ORIENTED_EDGE('',*,*,#3894,.T.);
#2282=ORIENTED_EDGE('',*,*,#3494,.F.);
#2283=ORIENTED_EDGE('',*,*,#3895,.F.);
#2284=ORIENTED_EDGE('',*,*,#3889,.T.);
#2285=ORIENTED_EDGE('',*,*,#3893,.T.);
#2286=ORIENTED_EDGE('',*,*,#3497,.F.);
#2287=ORIENTED_EDGE('',*,*,#3896,.F.);
#2288=ORIENTED_EDGE('',*,*,#3890,.T.);
#2289=ORIENTED_EDGE('',*,*,#3895,.T.);
#2290=ORIENTED_EDGE('',*,*,#3496,.F.);
#2291=ORIENTED_EDGE('',*,*,#3894,.F.);
#2292=ORIENTED_EDGE('',*,*,#3891,.T.);
#2293=ORIENTED_EDGE('',*,*,#3896,.T.);
#2294=ORIENTED_EDGE('',*,*,#3897,.F.);
#2295=ORIENTED_EDGE('',*,*,#3898,.F.);
#2296=ORIENTED_EDGE('',*,*,#3899,.F.);
#2297=ORIENTED_EDGE('',*,*,#3900,.F.);
#2298=ORIENTED_EDGE('',*,*,#3901,.F.);
#2299=ORIENTED_EDGE('',*,*,#3902,.F.);
#2300=ORIENTED_EDGE('',*,*,#3903,.F.);
#2301=ORIENTED_EDGE('',*,*,#3904,.F.);
#2302=ORIENTED_EDGE('',*,*,#3905,.F.);
#2303=ORIENTED_EDGE('',*,*,#3906,.F.);
#2304=ORIENTED_EDGE('',*,*,#3907,.F.);
#2305=ORIENTED_EDGE('',*,*,#3908,.F.);
#2306=ORIENTED_EDGE('',*,*,#3909,.F.);
#2307=ORIENTED_EDGE('',*,*,#3910,.F.);
#2308=ORIENTED_EDGE('',*,*,#3911,.F.);
#2309=ORIENTED_EDGE('',*,*,#3912,.F.);
#2310=ORIENTED_EDGE('',*,*,#3913,.F.);
#2311=ORIENTED_EDGE('',*,*,#3914,.F.);
#2312=ORIENTED_EDGE('',*,*,#3915,.F.);
#2313=ORIENTED_EDGE('',*,*,#3916,.F.);
#2314=ORIENTED_EDGE('',*,*,#3917,.F.);
#2315=ORIENTED_EDGE('',*,*,#3918,.F.);
#2316=ORIENTED_EDGE('',*,*,#3919,.F.);
#2317=ORIENTED_EDGE('',*,*,#3920,.F.);
#2318=ORIENTED_EDGE('',*,*,#3921,.F.);
#2319=ORIENTED_EDGE('',*,*,#3922,.F.);
#2320=ORIENTED_EDGE('',*,*,#3923,.F.);
#2321=ORIENTED_EDGE('',*,*,#3924,.F.);
#2322=ORIENTED_EDGE('',*,*,#3499,.F.);
#2323=ORIENTED_EDGE('',*,*,#3925,.F.);
#2324=ORIENTED_EDGE('',*,*,#3924,.T.);
#2325=ORIENTED_EDGE('',*,*,#3926,.T.);
#2326=ORIENTED_EDGE('',*,*,#3498,.F.);
#2327=ORIENTED_EDGE('',*,*,#3927,.F.);
#2328=ORIENTED_EDGE('',*,*,#3897,.T.);
#2329=ORIENTED_EDGE('',*,*,#3925,.T.);
#2330=ORIENTED_EDGE('',*,*,#3525,.F.);
#2331=ORIENTED_EDGE('',*,*,#3928,.F.);
#2332=ORIENTED_EDGE('',*,*,#3898,.T.);
#2333=ORIENTED_EDGE('',*,*,#3927,.T.);
#2334=ORIENTED_EDGE('',*,*,#3524,.F.);
#2335=ORIENTED_EDGE('',*,*,#3929,.F.);
#2336=ORIENTED_EDGE('',*,*,#3899,.T.);
#2337=ORIENTED_EDGE('',*,*,#3928,.T.);
#2338=ORIENTED_EDGE('',*,*,#3523,.F.);
#2339=ORIENTED_EDGE('',*,*,#3930,.F.);
#2340=ORIENTED_EDGE('',*,*,#3900,.T.);
#2341=ORIENTED_EDGE('',*,*,#3929,.T.);
#2342=ORIENTED_EDGE('',*,*,#3522,.F.);
#2343=ORIENTED_EDGE('',*,*,#3931,.F.);
#2344=ORIENTED_EDGE('',*,*,#3901,.T.);
#2345=ORIENTED_EDGE('',*,*,#3930,.T.);
#2346=ORIENTED_EDGE('',*,*,#3521,.F.);
#2347=ORIENTED_EDGE('',*,*,#3932,.F.);
#2348=ORIENTED_EDGE('',*,*,#3902,.T.);
#2349=ORIENTED_EDGE('',*,*,#3931,.T.);
#2350=ORIENTED_EDGE('',*,*,#3520,.F.);
#2351=ORIENTED_EDGE('',*,*,#3933,.F.);
#2352=ORIENTED_EDGE('',*,*,#3903,.T.);
#2353=ORIENTED_EDGE('',*,*,#3932,.T.);
#2354=ORIENTED_EDGE('',*,*,#3519,.F.);
#2355=ORIENTED_EDGE('',*,*,#3934,.F.);
#2356=ORIENTED_EDGE('',*,*,#3904,.T.);
#2357=ORIENTED_EDGE('',*,*,#3933,.T.);
#2358=ORIENTED_EDGE('',*,*,#3518,.F.);
#2359=ORIENTED_EDGE('',*,*,#3935,.F.);
#2360=ORIENTED_EDGE('',*,*,#3905,.T.);
#2361=ORIENTED_EDGE('',*,*,#3934,.T.);
#2362=ORIENTED_EDGE('',*,*,#3517,.F.);
#2363=ORIENTED_EDGE('',*,*,#3936,.F.);
#2364=ORIENTED_EDGE('',*,*,#3906,.T.);
#2365=ORIENTED_EDGE('',*,*,#3935,.T.);
#2366=ORIENTED_EDGE('',*,*,#3516,.F.);
#2367=ORIENTED_EDGE('',*,*,#3937,.F.);
#2368=ORIENTED_EDGE('',*,*,#3907,.T.);
#2369=ORIENTED_EDGE('',*,*,#3936,.T.);
#2370=ORIENTED_EDGE('',*,*,#3515,.F.);
#2371=ORIENTED_EDGE('',*,*,#3938,.F.);
#2372=ORIENTED_EDGE('',*,*,#3908,.T.);
#2373=ORIENTED_EDGE('',*,*,#3937,.T.);
#2374=ORIENTED_EDGE('',*,*,#3514,.F.);
#2375=ORIENTED_EDGE('',*,*,#3939,.F.);
#2376=ORIENTED_EDGE('',*,*,#3909,.T.);
#2377=ORIENTED_EDGE('',*,*,#3938,.T.);
#2378=ORIENTED_EDGE('',*,*,#3513,.F.);
#2379=ORIENTED_EDGE('',*,*,#3940,.F.);
#2380=ORIENTED_EDGE('',*,*,#3910,.T.);
#2381=ORIENTED_EDGE('',*,*,#3939,.T.);
#2382=ORIENTED_EDGE('',*,*,#3512,.F.);
#2383=ORIENTED_EDGE('',*,*,#3941,.F.);
#2384=ORIENTED_EDGE('',*,*,#3911,.T.);
#2385=ORIENTED_EDGE('',*,*,#3940,.T.);
#2386=ORIENTED_EDGE('',*,*,#3511,.F.);
#2387=ORIENTED_EDGE('',*,*,#3942,.F.);
#2388=ORIENTED_EDGE('',*,*,#3912,.T.);
#2389=ORIENTED_EDGE('',*,*,#3941,.T.);
#2390=ORIENTED_EDGE('',*,*,#3510,.F.);
#2391=ORIENTED_EDGE('',*,*,#3943,.F.);
#2392=ORIENTED_EDGE('',*,*,#3913,.T.);
#2393=ORIENTED_EDGE('',*,*,#3942,.T.);
#2394=ORIENTED_EDGE('',*,*,#3509,.F.);
#2395=ORIENTED_EDGE('',*,*,#3944,.F.);
#2396=ORIENTED_EDGE('',*,*,#3914,.T.);
#2397=ORIENTED_EDGE('',*,*,#3943,.T.);
#2398=ORIENTED_EDGE('',*,*,#3508,.F.);
#2399=ORIENTED_EDGE('',*,*,#3945,.F.);
#2400=ORIENTED_EDGE('',*,*,#3915,.T.);
#2401=ORIENTED_EDGE('',*,*,#3944,.T.);
#2402=ORIENTED_EDGE('',*,*,#3507,.F.);
#2403=ORIENTED_EDGE('',*,*,#3946,.F.);
#2404=ORIENTED_EDGE('',*,*,#3916,.T.);
#2405=ORIENTED_EDGE('',*,*,#3945,.T.);
#2406=ORIENTED_EDGE('',*,*,#3506,.F.);
#2407=ORIENTED_EDGE('',*,*,#3947,.F.);
#2408=ORIENTED_EDGE('',*,*,#3917,.T.);
#2409=ORIENTED_EDGE('',*,*,#3946,.T.);
#2410=ORIENTED_EDGE('',*,*,#3505,.F.);
#2411=ORIENTED_EDGE('',*,*,#3948,.F.);
#2412=ORIENTED_EDGE('',*,*,#3918,.T.);
#2413=ORIENTED_EDGE('',*,*,#3947,.T.);
#2414=ORIENTED_EDGE('',*,*,#3504,.F.);
#2415=ORIENTED_EDGE('',*,*,#3949,.F.);
#2416=ORIENTED_EDGE('',*,*,#3919,.T.);
#2417=ORIENTED_EDGE('',*,*,#3948,.T.);
#2418=ORIENTED_EDGE('',*,*,#3503,.F.);
#2419=ORIENTED_EDGE('',*,*,#3950,.F.);
#2420=ORIENTED_EDGE('',*,*,#3920,.T.);
#2421=ORIENTED_EDGE('',*,*,#3949,.T.);
#2422=ORIENTED_EDGE('',*,*,#3502,.F.);
#2423=ORIENTED_EDGE('',*,*,#3951,.F.);
#2424=ORIENTED_EDGE('',*,*,#3921,.T.);
#2425=ORIENTED_EDGE('',*,*,#3950,.T.);
#2426=ORIENTED_EDGE('',*,*,#3501,.F.);
#2427=ORIENTED_EDGE('',*,*,#3952,.F.);
#2428=ORIENTED_EDGE('',*,*,#3922,.T.);
#2429=ORIENTED_EDGE('',*,*,#3951,.T.);
#2430=ORIENTED_EDGE('',*,*,#3500,.F.);
#2431=ORIENTED_EDGE('',*,*,#3926,.F.);
#2432=ORIENTED_EDGE('',*,*,#3923,.T.);
#2433=ORIENTED_EDGE('',*,*,#3952,.T.);
#2434=ORIENTED_EDGE('',*,*,#3953,.F.);
#2435=ORIENTED_EDGE('',*,*,#3954,.F.);
#2436=ORIENTED_EDGE('',*,*,#3955,.F.);
#2437=ORIENTED_EDGE('',*,*,#3956,.F.);
#2438=ORIENTED_EDGE('',*,*,#3957,.F.);
#2439=ORIENTED_EDGE('',*,*,#3958,.F.);
#2440=ORIENTED_EDGE('',*,*,#3959,.F.);
#2441=ORIENTED_EDGE('',*,*,#3960,.F.);
#2442=ORIENTED_EDGE('',*,*,#3961,.F.);
#2443=ORIENTED_EDGE('',*,*,#3962,.F.);
#2444=ORIENTED_EDGE('',*,*,#3963,.F.);
#2445=ORIENTED_EDGE('',*,*,#3964,.F.);
#2446=ORIENTED_EDGE('',*,*,#3965,.F.);
#2447=ORIENTED_EDGE('',*,*,#3966,.F.);
#2448=ORIENTED_EDGE('',*,*,#3967,.F.);
#2449=ORIENTED_EDGE('',*,*,#3968,.F.);
#2450=ORIENTED_EDGE('',*,*,#3969,.F.);
#2451=ORIENTED_EDGE('',*,*,#3970,.F.);
#2452=ORIENTED_EDGE('',*,*,#3971,.F.);
#2453=ORIENTED_EDGE('',*,*,#3972,.F.);
#2454=ORIENTED_EDGE('',*,*,#3973,.F.);
#2455=ORIENTED_EDGE('',*,*,#3958,.T.);
#2456=ORIENTED_EDGE('',*,*,#3974,.T.);
#2457=ORIENTED_EDGE('',*,*,#3975,.F.);
#2458=ORIENTED_EDGE('',*,*,#3974,.F.);
#2459=ORIENTED_EDGE('',*,*,#3957,.T.);
#2460=ORIENTED_EDGE('',*,*,#3976,.T.);
#2461=ORIENTED_EDGE('',*,*,#3977,.F.);
#2462=ORIENTED_EDGE('',*,*,#3976,.F.);
#2463=ORIENTED_EDGE('',*,*,#3956,.T.);
#2464=ORIENTED_EDGE('',*,*,#3978,.T.);
#2465=ORIENTED_EDGE('',*,*,#3979,.F.);
#2466=ORIENTED_EDGE('',*,*,#3978,.F.);
#2467=ORIENTED_EDGE('',*,*,#3955,.T.);
#2468=ORIENTED_EDGE('',*,*,#3980,.T.);
#2469=ORIENTED_EDGE('',*,*,#3981,.F.);
#2470=ORIENTED_EDGE('',*,*,#3980,.F.);
#2471=ORIENTED_EDGE('',*,*,#3954,.T.);
#2472=ORIENTED_EDGE('',*,*,#3982,.T.);
#2473=ORIENTED_EDGE('',*,*,#3983,.F.);
#2474=ORIENTED_EDGE('',*,*,#3982,.F.);
#2475=ORIENTED_EDGE('',*,*,#3953,.T.);
#2476=ORIENTED_EDGE('',*,*,#3984,.T.);
#2477=ORIENTED_EDGE('',*,*,#3985,.F.);
#2478=ORIENTED_EDGE('',*,*,#3984,.F.);
#2479=ORIENTED_EDGE('',*,*,#3959,.T.);
#2480=ORIENTED_EDGE('',*,*,#3973,.T.);
#2481=ORIENTED_EDGE('',*,*,#3527,.F.);
#2482=ORIENTED_EDGE('',*,*,#3986,.F.);
#2483=ORIENTED_EDGE('',*,*,#3971,.T.);
#2484=ORIENTED_EDGE('',*,*,#3987,.T.);
#2485=ORIENTED_EDGE('',*,*,#3526,.F.);
#2486=ORIENTED_EDGE('',*,*,#3988,.F.);
#2487=ORIENTED_EDGE('',*,*,#3960,.T.);
#2488=ORIENTED_EDGE('',*,*,#3986,.T.);
#2489=ORIENTED_EDGE('',*,*,#3537,.F.);
#2490=ORIENTED_EDGE('',*,*,#3989,.F.);
#2491=ORIENTED_EDGE('',*,*,#3961,.T.);
#2492=ORIENTED_EDGE('',*,*,#3988,.T.);
#2493=ORIENTED_EDGE('',*,*,#3536,.F.);
#2494=ORIENTED_EDGE('',*,*,#3990,.F.);
#2495=ORIENTED_EDGE('',*,*,#3962,.T.);
#2496=ORIENTED_EDGE('',*,*,#3989,.T.);
#2497=ORIENTED_EDGE('',*,*,#3535,.F.);
#2498=ORIENTED_EDGE('',*,*,#3991,.F.);
#2499=ORIENTED_EDGE('',*,*,#3963,.T.);
#2500=ORIENTED_EDGE('',*,*,#3990,.T.);
#2501=ORIENTED_EDGE('',*,*,#3534,.F.);
#2502=ORIENTED_EDGE('',*,*,#3992,.F.);
#2503=ORIENTED_EDGE('',*,*,#3964,.T.);
#2504=ORIENTED_EDGE('',*,*,#3991,.T.);
#2505=ORIENTED_EDGE('',*,*,#3533,.F.);
#2506=ORIENTED_EDGE('',*,*,#3993,.F.);
#2507=ORIENTED_EDGE('',*,*,#3965,.T.);
#2508=ORIENTED_EDGE('',*,*,#3992,.T.);
#2509=ORIENTED_EDGE('',*,*,#3532,.F.);
#2510=ORIENTED_EDGE('',*,*,#3994,.F.);
#2511=ORIENTED_EDGE('',*,*,#3966,.T.);
#2512=ORIENTED_EDGE('',*,*,#3993,.T.);
#2513=ORIENTED_EDGE('',*,*,#3531,.F.);
#2514=ORIENTED_EDGE('',*,*,#3995,.F.);
#2515=ORIENTED_EDGE('',*,*,#3967,.T.);
#2516=ORIENTED_EDGE('',*,*,#3994,.T.);
#2517=ORIENTED_EDGE('',*,*,#3530,.F.);
#2518=ORIENTED_EDGE('',*,*,#3996,.F.);
#2519=ORIENTED_EDGE('',*,*,#3968,.T.);
#2520=ORIENTED_EDGE('',*,*,#3995,.T.);
#2521=ORIENTED_EDGE('',*,*,#3529,.F.);
#2522=ORIENTED_EDGE('',*,*,#3997,.F.);
#2523=ORIENTED_EDGE('',*,*,#3969,.T.);
#2524=ORIENTED_EDGE('',*,*,#3996,.T.);
#2525=ORIENTED_EDGE('',*,*,#3528,.F.);
#2526=ORIENTED_EDGE('',*,*,#3987,.F.);
#2527=ORIENTED_EDGE('',*,*,#3970,.T.);
#2528=ORIENTED_EDGE('',*,*,#3997,.T.);
#2529=ORIENTED_EDGE('',*,*,#3985,.T.);
#2530=ORIENTED_EDGE('',*,*,#3972,.T.);
#2531=ORIENTED_EDGE('',*,*,#3975,.T.);
#2532=ORIENTED_EDGE('',*,*,#3977,.T.);
#2533=ORIENTED_EDGE('',*,*,#3979,.T.);
#2534=ORIENTED_EDGE('',*,*,#3981,.T.);
#2535=ORIENTED_EDGE('',*,*,#3983,.T.);
#2536=ORIENTED_EDGE('',*,*,#3998,.F.);
#2537=ORIENTED_EDGE('',*,*,#3999,.F.);
#2538=ORIENTED_EDGE('',*,*,#4000,.F.);
#2539=ORIENTED_EDGE('',*,*,#4001,.F.);
#2540=ORIENTED_EDGE('',*,*,#4002,.F.);
#2541=ORIENTED_EDGE('',*,*,#4003,.F.);
#2542=ORIENTED_EDGE('',*,*,#4004,.F.);
#2543=ORIENTED_EDGE('',*,*,#4005,.F.);
#2544=ORIENTED_EDGE('',*,*,#4006,.F.);
#2545=ORIENTED_EDGE('',*,*,#4007,.F.);
#2546=ORIENTED_EDGE('',*,*,#4008,.F.);
#2547=ORIENTED_EDGE('',*,*,#4009,.F.);
#2548=ORIENTED_EDGE('',*,*,#4010,.F.);
#2549=ORIENTED_EDGE('',*,*,#4011,.F.);
#2550=ORIENTED_EDGE('',*,*,#4012,.F.);
#2551=ORIENTED_EDGE('',*,*,#4013,.F.);
#2552=ORIENTED_EDGE('',*,*,#4014,.F.);
#2553=ORIENTED_EDGE('',*,*,#4015,.F.);
#2554=ORIENTED_EDGE('',*,*,#4016,.F.);
#2555=ORIENTED_EDGE('',*,*,#4017,.F.);
#2556=ORIENTED_EDGE('',*,*,#4018,.F.);
#2557=ORIENTED_EDGE('',*,*,#4019,.F.);
#2558=ORIENTED_EDGE('',*,*,#4020,.F.);
#2559=ORIENTED_EDGE('',*,*,#4021,.F.);
#2560=ORIENTED_EDGE('',*,*,#4022,.F.);
#2561=ORIENTED_EDGE('',*,*,#3383,.F.);
#2562=ORIENTED_EDGE('',*,*,#4023,.F.);
#2563=ORIENTED_EDGE('',*,*,#4014,.T.);
#2564=ORIENTED_EDGE('',*,*,#4024,.T.);
#2565=ORIENTED_EDGE('',*,*,#3384,.F.);
#2566=ORIENTED_EDGE('',*,*,#4024,.F.);
#2567=ORIENTED_EDGE('',*,*,#4013,.T.);
#2568=ORIENTED_EDGE('',*,*,#4025,.T.);
#2569=ORIENTED_EDGE('',*,*,#3385,.F.);
#2570=ORIENTED_EDGE('',*,*,#4025,.F.);
#2571=ORIENTED_EDGE('',*,*,#4012,.T.);
#2572=ORIENTED_EDGE('',*,*,#4026,.T.);
#2573=ORIENTED_EDGE('',*,*,#3386,.F.);
#2574=ORIENTED_EDGE('',*,*,#4026,.F.);
#2575=ORIENTED_EDGE('',*,*,#4011,.T.);
#2576=ORIENTED_EDGE('',*,*,#4027,.T.);
#2577=ORIENTED_EDGE('',*,*,#3387,.F.);
#2578=ORIENTED_EDGE('',*,*,#4027,.F.);
#2579=ORIENTED_EDGE('',*,*,#4010,.T.);
#2580=ORIENTED_EDGE('',*,*,#4028,.T.);
#2581=ORIENTED_EDGE('',*,*,#3388,.F.);
#2582=ORIENTED_EDGE('',*,*,#4028,.F.);
#2583=ORIENTED_EDGE('',*,*,#4009,.T.);
#2584=ORIENTED_EDGE('',*,*,#4029,.T.);
#2585=ORIENTED_EDGE('',*,*,#3389,.F.);
#2586=ORIENTED_EDGE('',*,*,#4029,.F.);
#2587=ORIENTED_EDGE('',*,*,#4008,.T.);
#2588=ORIENTED_EDGE('',*,*,#4030,.T.);
#2589=ORIENTED_EDGE('',*,*,#3390,.F.);
#2590=ORIENTED_EDGE('',*,*,#4030,.F.);
#2591=ORIENTED_EDGE('',*,*,#4007,.T.);
#2592=ORIENTED_EDGE('',*,*,#4031,.T.);
#2593=ORIENTED_EDGE('',*,*,#3391,.F.);
#2594=ORIENTED_EDGE('',*,*,#4031,.F.);
#2595=ORIENTED_EDGE('',*,*,#4006,.T.);
#2596=ORIENTED_EDGE('',*,*,#4032,.T.);
#2597=ORIENTED_EDGE('',*,*,#3392,.F.);
#2598=ORIENTED_EDGE('',*,*,#4032,.F.);
#2599=ORIENTED_EDGE('',*,*,#4005,.T.);
#2600=ORIENTED_EDGE('',*,*,#4033,.T.);
#2601=ORIENTED_EDGE('',*,*,#3393,.F.);
#2602=ORIENTED_EDGE('',*,*,#4033,.F.);
#2603=ORIENTED_EDGE('',*,*,#4004,.T.);
#2604=ORIENTED_EDGE('',*,*,#4034,.T.);
#2605=ORIENTED_EDGE('',*,*,#3394,.F.);
#2606=ORIENTED_EDGE('',*,*,#4034,.F.);
#2607=ORIENTED_EDGE('',*,*,#4003,.T.);
#2608=ORIENTED_EDGE('',*,*,#4035,.T.);
#2609=ORIENTED_EDGE('',*,*,#3395,.F.);
#2610=ORIENTED_EDGE('',*,*,#4035,.F.);
#2611=ORIENTED_EDGE('',*,*,#4002,.T.);
#2612=ORIENTED_EDGE('',*,*,#4036,.T.);
#2613=ORIENTED_EDGE('',*,*,#3396,.F.);
#2614=ORIENTED_EDGE('',*,*,#4036,.F.);
#2615=ORIENTED_EDGE('',*,*,#4001,.T.);
#2616=ORIENTED_EDGE('',*,*,#4037,.T.);
#2617=ORIENTED_EDGE('',*,*,#3397,.F.);
#2618=ORIENTED_EDGE('',*,*,#4037,.F.);
#2619=ORIENTED_EDGE('',*,*,#4000,.T.);
#2620=ORIENTED_EDGE('',*,*,#4038,.T.);
#2621=ORIENTED_EDGE('',*,*,#3398,.F.);
#2622=ORIENTED_EDGE('',*,*,#4038,.F.);
#2623=ORIENTED_EDGE('',*,*,#3999,.T.);
#2624=ORIENTED_EDGE('',*,*,#4039,.T.);
#2625=ORIENTED_EDGE('',*,*,#3399,.F.);
#2626=ORIENTED_EDGE('',*,*,#4039,.F.);
#2627=ORIENTED_EDGE('',*,*,#3998,.T.);
#2628=ORIENTED_EDGE('',*,*,#4040,.T.);
#2629=ORIENTED_EDGE('',*,*,#3382,.F.);
#2630=ORIENTED_EDGE('',*,*,#4040,.F.);
#2631=ORIENTED_EDGE('',*,*,#4015,.T.);
#2632=ORIENTED_EDGE('',*,*,#4023,.T.);
#2633=ORIENTED_EDGE('',*,*,#4041,.F.);
#2634=ORIENTED_EDGE('',*,*,#4042,.F.);
#2635=ORIENTED_EDGE('',*,*,#4022,.T.);
#2636=ORIENTED_EDGE('',*,*,#4043,.T.);
#2637=ORIENTED_EDGE('',*,*,#4044,.F.);
#2638=ORIENTED_EDGE('',*,*,#4045,.F.);
#2639=ORIENTED_EDGE('',*,*,#4016,.T.);
#2640=ORIENTED_EDGE('',*,*,#4042,.T.);
#2641=ORIENTED_EDGE('',*,*,#4046,.F.);
#2642=ORIENTED_EDGE('',*,*,#4047,.F.);
#2643=ORIENTED_EDGE('',*,*,#4017,.T.);
#2644=ORIENTED_EDGE('',*,*,#4045,.T.);
#2645=ORIENTED_EDGE('',*,*,#4048,.F.);
#2646=ORIENTED_EDGE('',*,*,#4049,.F.);
#2647=ORIENTED_EDGE('',*,*,#4018,.T.);
#2648=ORIENTED_EDGE('',*,*,#4047,.T.);
#2649=ORIENTED_EDGE('',*,*,#4050,.F.);
#2650=ORIENTED_EDGE('',*,*,#4051,.F.);
#2651=ORIENTED_EDGE('',*,*,#4019,.T.);
#2652=ORIENTED_EDGE('',*,*,#4049,.T.);
#2653=ORIENTED_EDGE('',*,*,#4052,.F.);
#2654=ORIENTED_EDGE('',*,*,#4053,.F.);
#2655=ORIENTED_EDGE('',*,*,#4020,.T.);
#2656=ORIENTED_EDGE('',*,*,#4051,.T.);
#2657=ORIENTED_EDGE('',*,*,#4054,.F.);
#2658=ORIENTED_EDGE('',*,*,#4043,.F.);
#2659=ORIENTED_EDGE('',*,*,#4021,.T.);
#2660=ORIENTED_EDGE('',*,*,#4053,.T.);
#2661=ORIENTED_EDGE('',*,*,#4055,.F.);
#2662=ORIENTED_EDGE('',*,*,#4056,.F.);
#2663=ORIENTED_EDGE('',*,*,#4057,.F.);
#2664=ORIENTED_EDGE('',*,*,#4058,.F.);
#2665=ORIENTED_EDGE('',*,*,#4059,.F.);
#2666=ORIENTED_EDGE('',*,*,#4060,.F.);
#2667=ORIENTED_EDGE('',*,*,#4061,.F.);
#2668=ORIENTED_EDGE('',*,*,#4062,.F.);
#2669=ORIENTED_EDGE('',*,*,#4063,.F.);
#2670=ORIENTED_EDGE('',*,*,#4064,.F.);
#2671=ORIENTED_EDGE('',*,*,#4065,.F.);
#2672=ORIENTED_EDGE('',*,*,#4066,.F.);
#2673=ORIENTED_EDGE('',*,*,#4067,.F.);
#2674=ORIENTED_EDGE('',*,*,#4068,.F.);
#2675=ORIENTED_EDGE('',*,*,#4069,.F.);
#2676=ORIENTED_EDGE('',*,*,#4070,.F.);
#2677=ORIENTED_EDGE('',*,*,#4071,.F.);
#2678=ORIENTED_EDGE('',*,*,#4072,.F.);
#2679=ORIENTED_EDGE('',*,*,#3539,.F.);
#2680=ORIENTED_EDGE('',*,*,#4073,.F.);
#2681=ORIENTED_EDGE('',*,*,#4064,.T.);
#2682=ORIENTED_EDGE('',*,*,#4074,.T.);
#2683=ORIENTED_EDGE('',*,*,#3540,.F.);
#2684=ORIENTED_EDGE('',*,*,#4074,.F.);
#2685=ORIENTED_EDGE('',*,*,#4063,.T.);
#2686=ORIENTED_EDGE('',*,*,#4075,.T.);
#2687=ORIENTED_EDGE('',*,*,#3541,.F.);
#2688=ORIENTED_EDGE('',*,*,#4075,.F.);
#2689=ORIENTED_EDGE('',*,*,#4062,.T.);
#2690=ORIENTED_EDGE('',*,*,#4076,.T.);
#2691=ORIENTED_EDGE('',*,*,#3542,.F.);
#2692=ORIENTED_EDGE('',*,*,#4076,.F.);
#2693=ORIENTED_EDGE('',*,*,#4061,.T.);
#2694=ORIENTED_EDGE('',*,*,#4077,.T.);
#2695=ORIENTED_EDGE('',*,*,#3543,.F.);
#2696=ORIENTED_EDGE('',*,*,#4077,.F.);
#2697=ORIENTED_EDGE('',*,*,#4060,.T.);
#2698=ORIENTED_EDGE('',*,*,#4078,.T.);
#2699=ORIENTED_EDGE('',*,*,#3544,.F.);
#2700=ORIENTED_EDGE('',*,*,#4078,.F.);
#2701=ORIENTED_EDGE('',*,*,#4059,.T.);
#2702=ORIENTED_EDGE('',*,*,#4079,.T.);
#2703=ORIENTED_EDGE('',*,*,#3545,.F.);
#2704=ORIENTED_EDGE('',*,*,#4079,.F.);
#2705=ORIENTED_EDGE('',*,*,#4058,.T.);
#2706=ORIENTED_EDGE('',*,*,#4080,.T.);
#2707=ORIENTED_EDGE('',*,*,#3546,.F.);
#2708=ORIENTED_EDGE('',*,*,#4080,.F.);
#2709=ORIENTED_EDGE('',*,*,#4057,.T.);
#2710=ORIENTED_EDGE('',*,*,#4081,.T.);
#2711=ORIENTED_EDGE('',*,*,#3547,.F.);
#2712=ORIENTED_EDGE('',*,*,#4081,.F.);
#2713=ORIENTED_EDGE('',*,*,#4056,.T.);
#2714=ORIENTED_EDGE('',*,*,#4082,.T.);
#2715=ORIENTED_EDGE('',*,*,#3548,.F.);
#2716=ORIENTED_EDGE('',*,*,#4082,.F.);
#2717=ORIENTED_EDGE('',*,*,#4055,.T.);
#2718=ORIENTED_EDGE('',*,*,#4083,.T.);
#2719=ORIENTED_EDGE('',*,*,#3538,.F.);
#2720=ORIENTED_EDGE('',*,*,#4083,.F.);
#2721=ORIENTED_EDGE('',*,*,#4065,.T.);
#2722=ORIENTED_EDGE('',*,*,#4073,.T.);
#2723=ORIENTED_EDGE('',*,*,#4084,.F.);
#2724=ORIENTED_EDGE('',*,*,#4085,.F.);
#2725=ORIENTED_EDGE('',*,*,#4072,.T.);
#2726=ORIENTED_EDGE('',*,*,#4086,.T.);
#2727=ORIENTED_EDGE('',*,*,#4087,.F.);
#2728=ORIENTED_EDGE('',*,*,#4088,.F.);
#2729=ORIENTED_EDGE('',*,*,#4066,.T.);
#2730=ORIENTED_EDGE('',*,*,#4085,.T.);
#2731=ORIENTED_EDGE('',*,*,#4089,.F.);
#2732=ORIENTED_EDGE('',*,*,#4090,.F.);
#2733=ORIENTED_EDGE('',*,*,#4067,.T.);
#2734=ORIENTED_EDGE('',*,*,#4088,.T.);
#2735=ORIENTED_EDGE('',*,*,#4091,.F.);
#2736=ORIENTED_EDGE('',*,*,#4092,.F.);
#2737=ORIENTED_EDGE('',*,*,#4068,.T.);
#2738=ORIENTED_EDGE('',*,*,#4090,.T.);
#2739=ORIENTED_EDGE('',*,*,#4093,.F.);
#2740=ORIENTED_EDGE('',*,*,#4094,.F.);
#2741=ORIENTED_EDGE('',*,*,#4069,.T.);
#2742=ORIENTED_EDGE('',*,*,#4092,.T.);
#2743=ORIENTED_EDGE('',*,*,#4095,.F.);
#2744=ORIENTED_EDGE('',*,*,#4096,.F.);
#2745=ORIENTED_EDGE('',*,*,#4070,.T.);
#2746=ORIENTED_EDGE('',*,*,#4094,.T.);
#2747=ORIENTED_EDGE('',*,*,#4097,.F.);
#2748=ORIENTED_EDGE('',*,*,#4086,.F.);
#2749=ORIENTED_EDGE('',*,*,#4071,.T.);
#2750=ORIENTED_EDGE('',*,*,#4096,.T.);
#2751=ORIENTED_EDGE('',*,*,#4098,.F.);
#2752=ORIENTED_EDGE('',*,*,#4099,.F.);
#2753=ORIENTED_EDGE('',*,*,#4100,.F.);
#2754=ORIENTED_EDGE('',*,*,#4101,.F.);
#2755=ORIENTED_EDGE('',*,*,#4102,.F.);
#2756=ORIENTED_EDGE('',*,*,#4103,.F.);
#2757=ORIENTED_EDGE('',*,*,#4104,.F.);
#2758=ORIENTED_EDGE('',*,*,#4105,.F.);
#2759=ORIENTED_EDGE('',*,*,#4106,.F.);
#2760=ORIENTED_EDGE('',*,*,#4107,.F.);
#2761=ORIENTED_EDGE('',*,*,#4108,.F.);
#2762=ORIENTED_EDGE('',*,*,#4109,.F.);
#2763=ORIENTED_EDGE('',*,*,#4110,.F.);
#2764=ORIENTED_EDGE('',*,*,#4111,.F.);
#2765=ORIENTED_EDGE('',*,*,#4112,.F.);
#2766=ORIENTED_EDGE('',*,*,#4113,.F.);
#2767=ORIENTED_EDGE('',*,*,#4114,.F.);
#2768=ORIENTED_EDGE('',*,*,#4115,.F.);
#2769=ORIENTED_EDGE('',*,*,#4116,.F.);
#2770=ORIENTED_EDGE('',*,*,#3550,.F.);
#2771=ORIENTED_EDGE('',*,*,#4117,.F.);
#2772=ORIENTED_EDGE('',*,*,#4116,.T.);
#2773=ORIENTED_EDGE('',*,*,#4118,.T.);
#2774=ORIENTED_EDGE('',*,*,#3549,.F.);
#2775=ORIENTED_EDGE('',*,*,#4119,.F.);
#2776=ORIENTED_EDGE('',*,*,#4098,.T.);
#2777=ORIENTED_EDGE('',*,*,#4117,.T.);
#2778=ORIENTED_EDGE('',*,*,#3567,.F.);
#2779=ORIENTED_EDGE('',*,*,#4120,.F.);
#2780=ORIENTED_EDGE('',*,*,#4099,.T.);
#2781=ORIENTED_EDGE('',*,*,#4119,.T.);
#2782=ORIENTED_EDGE('',*,*,#3566,.F.);
#2783=ORIENTED_EDGE('',*,*,#4121,.F.);
#2784=ORIENTED_EDGE('',*,*,#4100,.T.);
#2785=ORIENTED_EDGE('',*,*,#4120,.T.);
#2786=ORIENTED_EDGE('',*,*,#3565,.F.);
#2787=ORIENTED_EDGE('',*,*,#4122,.F.);
#2788=ORIENTED_EDGE('',*,*,#4101,.T.);
#2789=ORIENTED_EDGE('',*,*,#4121,.T.);
#2790=ORIENTED_EDGE('',*,*,#3564,.F.);
#2791=ORIENTED_EDGE('',*,*,#4123,.F.);
#2792=ORIENTED_EDGE('',*,*,#4102,.T.);
#2793=ORIENTED_EDGE('',*,*,#4122,.T.);
#2794=ORIENTED_EDGE('',*,*,#3563,.F.);
#2795=ORIENTED_EDGE('',*,*,#4124,.F.);
#2796=ORIENTED_EDGE('',*,*,#4103,.T.);
#2797=ORIENTED_EDGE('',*,*,#4123,.T.);
#2798=ORIENTED_EDGE('',*,*,#3562,.F.);
#2799=ORIENTED_EDGE('',*,*,#4125,.F.);
#2800=ORIENTED_EDGE('',*,*,#4104,.T.);
#2801=ORIENTED_EDGE('',*,*,#4124,.T.);
#2802=ORIENTED_EDGE('',*,*,#3561,.F.);
#2803=ORIENTED_EDGE('',*,*,#4126,.F.);
#2804=ORIENTED_EDGE('',*,*,#4105,.T.);
#2805=ORIENTED_EDGE('',*,*,#4125,.T.);
#2806=ORIENTED_EDGE('',*,*,#3560,.F.);
#2807=ORIENTED_EDGE('',*,*,#4127,.F.);
#2808=ORIENTED_EDGE('',*,*,#4106,.T.);
#2809=ORIENTED_EDGE('',*,*,#4126,.T.);
#2810=ORIENTED_EDGE('',*,*,#3559,.F.);
#2811=ORIENTED_EDGE('',*,*,#4128,.F.);
#2812=ORIENTED_EDGE('',*,*,#4107,.T.);
#2813=ORIENTED_EDGE('',*,*,#4127,.T.);
#2814=ORIENTED_EDGE('',*,*,#3558,.F.);
#2815=ORIENTED_EDGE('',*,*,#4129,.F.);
#2816=ORIENTED_EDGE('',*,*,#4108,.T.);
#2817=ORIENTED_EDGE('',*,*,#4128,.T.);
#2818=ORIENTED_EDGE('',*,*,#3557,.F.);
#2819=ORIENTED_EDGE('',*,*,#4130,.F.);
#2820=ORIENTED_EDGE('',*,*,#4109,.T.);
#2821=ORIENTED_EDGE('',*,*,#4129,.T.);
#2822=ORIENTED_EDGE('',*,*,#3556,.F.);
#2823=ORIENTED_EDGE('',*,*,#4131,.F.);
#2824=ORIENTED_EDGE('',*,*,#4110,.T.);
#2825=ORIENTED_EDGE('',*,*,#4130,.T.);
#2826=ORIENTED_EDGE('',*,*,#3555,.F.);
#2827=ORIENTED_EDGE('',*,*,#4132,.F.);
#2828=ORIENTED_EDGE('',*,*,#4111,.T.);
#2829=ORIENTED_EDGE('',*,*,#4131,.T.);
#2830=ORIENTED_EDGE('',*,*,#3554,.F.);
#2831=ORIENTED_EDGE('',*,*,#4133,.F.);
#2832=ORIENTED_EDGE('',*,*,#4112,.T.);
#2833=ORIENTED_EDGE('',*,*,#4132,.T.);
#2834=ORIENTED_EDGE('',*,*,#3553,.F.);
#2835=ORIENTED_EDGE('',*,*,#4134,.F.);
#2836=ORIENTED_EDGE('',*,*,#4113,.T.);
#2837=ORIENTED_EDGE('',*,*,#4133,.T.);
#2838=ORIENTED_EDGE('',*,*,#3552,.F.);
#2839=ORIENTED_EDGE('',*,*,#4135,.F.);
#2840=ORIENTED_EDGE('',*,*,#4114,.T.);
#2841=ORIENTED_EDGE('',*,*,#4134,.T.);
#2842=ORIENTED_EDGE('',*,*,#3551,.F.);
#2843=ORIENTED_EDGE('',*,*,#4118,.F.);
#2844=ORIENTED_EDGE('',*,*,#4115,.T.);
#2845=ORIENTED_EDGE('',*,*,#4135,.T.);
#2846=ORIENTED_EDGE('',*,*,#4136,.F.);
#2847=ORIENTED_EDGE('',*,*,#4137,.F.);
#2848=ORIENTED_EDGE('',*,*,#4138,.F.);
#2849=ORIENTED_EDGE('',*,*,#4139,.F.);
#2850=ORIENTED_EDGE('',*,*,#4140,.F.);
#2851=ORIENTED_EDGE('',*,*,#4141,.F.);
#2852=ORIENTED_EDGE('',*,*,#4142,.F.);
#2853=ORIENTED_EDGE('',*,*,#4143,.F.);
#2854=ORIENTED_EDGE('',*,*,#4144,.F.);
#2855=ORIENTED_EDGE('',*,*,#4145,.F.);
#2856=ORIENTED_EDGE('',*,*,#3569,.F.);
#2857=ORIENTED_EDGE('',*,*,#4146,.F.);
#2858=ORIENTED_EDGE('',*,*,#4145,.T.);
#2859=ORIENTED_EDGE('',*,*,#4147,.T.);
#2860=ORIENTED_EDGE('',*,*,#3568,.F.);
#2861=ORIENTED_EDGE('',*,*,#4148,.F.);
#2862=ORIENTED_EDGE('',*,*,#4136,.T.);
#2863=ORIENTED_EDGE('',*,*,#4146,.T.);
#2864=ORIENTED_EDGE('',*,*,#3577,.F.);
#2865=ORIENTED_EDGE('',*,*,#4149,.F.);
#2866=ORIENTED_EDGE('',*,*,#4137,.T.);
#2867=ORIENTED_EDGE('',*,*,#4148,.T.);
#2868=ORIENTED_EDGE('',*,*,#3576,.F.);
#2869=ORIENTED_EDGE('',*,*,#4150,.F.);
#2870=ORIENTED_EDGE('',*,*,#4138,.T.);
#2871=ORIENTED_EDGE('',*,*,#4149,.T.);
#2872=ORIENTED_EDGE('',*,*,#3575,.F.);
#2873=ORIENTED_EDGE('',*,*,#4151,.F.);
#2874=ORIENTED_EDGE('',*,*,#4139,.T.);
#2875=ORIENTED_EDGE('',*,*,#4150,.T.);
#2876=ORIENTED_EDGE('',*,*,#3574,.F.);
#2877=ORIENTED_EDGE('',*,*,#4152,.F.);
#2878=ORIENTED_EDGE('',*,*,#4140,.T.);
#2879=ORIENTED_EDGE('',*,*,#4151,.T.);
#2880=ORIENTED_EDGE('',*,*,#3573,.F.);
#2881=ORIENTED_EDGE('',*,*,#4153,.F.);
#2882=ORIENTED_EDGE('',*,*,#4141,.T.);
#2883=ORIENTED_EDGE('',*,*,#4152,.T.);
#2884=ORIENTED_EDGE('',*,*,#3572,.F.);
#2885=ORIENTED_EDGE('',*,*,#4154,.F.);
#2886=ORIENTED_EDGE('',*,*,#4142,.T.);
#2887=ORIENTED_EDGE('',*,*,#4153,.T.);
#2888=ORIENTED_EDGE('',*,*,#3571,.F.);
#2889=ORIENTED_EDGE('',*,*,#4155,.F.);
#2890=ORIENTED_EDGE('',*,*,#4143,.T.);
#2891=ORIENTED_EDGE('',*,*,#4154,.T.);
#2892=ORIENTED_EDGE('',*,*,#3570,.F.);
#2893=ORIENTED_EDGE('',*,*,#4147,.F.);
#2894=ORIENTED_EDGE('',*,*,#4144,.T.);
#2895=ORIENTED_EDGE('',*,*,#4155,.T.);
#2896=ORIENTED_EDGE('',*,*,#4156,.F.);
#2897=ORIENTED_EDGE('',*,*,#4157,.F.);
#2898=ORIENTED_EDGE('',*,*,#4158,.F.);
#2899=ORIENTED_EDGE('',*,*,#4159,.F.);
#2900=ORIENTED_EDGE('',*,*,#4160,.F.);
#2901=ORIENTED_EDGE('',*,*,#4161,.F.);
#2902=ORIENTED_EDGE('',*,*,#4162,.F.);
#2903=ORIENTED_EDGE('',*,*,#4163,.F.);
#2904=ORIENTED_EDGE('',*,*,#4164,.F.);
#2905=ORIENTED_EDGE('',*,*,#4165,.F.);
#2906=ORIENTED_EDGE('',*,*,#3579,.F.);
#2907=ORIENTED_EDGE('',*,*,#4166,.F.);
#2908=ORIENTED_EDGE('',*,*,#4165,.T.);
#2909=ORIENTED_EDGE('',*,*,#4167,.T.);
#2910=ORIENTED_EDGE('',*,*,#3578,.F.);
#2911=ORIENTED_EDGE('',*,*,#4168,.F.);
#2912=ORIENTED_EDGE('',*,*,#4156,.T.);
#2913=ORIENTED_EDGE('',*,*,#4166,.T.);
#2914=ORIENTED_EDGE('',*,*,#3587,.F.);
#2915=ORIENTED_EDGE('',*,*,#4169,.F.);
#2916=ORIENTED_EDGE('',*,*,#4157,.T.);
#2917=ORIENTED_EDGE('',*,*,#4168,.T.);
#2918=ORIENTED_EDGE('',*,*,#3586,.F.);
#2919=ORIENTED_EDGE('',*,*,#4170,.F.);
#2920=ORIENTED_EDGE('',*,*,#4158,.T.);
#2921=ORIENTED_EDGE('',*,*,#4169,.T.);
#2922=ORIENTED_EDGE('',*,*,#3585,.F.);
#2923=ORIENTED_EDGE('',*,*,#4171,.F.);
#2924=ORIENTED_EDGE('',*,*,#4159,.T.);
#2925=ORIENTED_EDGE('',*,*,#4170,.T.);
#2926=ORIENTED_EDGE('',*,*,#3584,.F.);
#2927=ORIENTED_EDGE('',*,*,#4172,.F.);
#2928=ORIENTED_EDGE('',*,*,#4160,.T.);
#2929=ORIENTED_EDGE('',*,*,#4171,.T.);
#2930=ORIENTED_EDGE('',*,*,#3583,.F.);
#2931=ORIENTED_EDGE('',*,*,#4173,.F.);
#2932=ORIENTED_EDGE('',*,*,#4161,.T.);
#2933=ORIENTED_EDGE('',*,*,#4172,.T.);
#2934=ORIENTED_EDGE('',*,*,#3582,.F.);
#2935=ORIENTED_EDGE('',*,*,#4174,.F.);
#2936=ORIENTED_EDGE('',*,*,#4162,.T.);
#2937=ORIENTED_EDGE('',*,*,#4173,.T.);
#2938=ORIENTED_EDGE('',*,*,#3581,.F.);
#2939=ORIENTED_EDGE('',*,*,#4175,.F.);
#2940=ORIENTED_EDGE('',*,*,#4163,.T.);
#2941=ORIENTED_EDGE('',*,*,#4174,.T.);
#2942=ORIENTED_EDGE('',*,*,#3580,.F.);
#2943=ORIENTED_EDGE('',*,*,#4167,.F.);
#2944=ORIENTED_EDGE('',*,*,#4164,.T.);
#2945=ORIENTED_EDGE('',*,*,#4175,.T.);
#2946=ORIENTED_EDGE('',*,*,#4176,.F.);
#2947=ORIENTED_EDGE('',*,*,#4177,.F.);
#2948=ORIENTED_EDGE('',*,*,#4178,.F.);
#2949=ORIENTED_EDGE('',*,*,#4179,.F.);
#2950=ORIENTED_EDGE('',*,*,#4180,.F.);
#2951=ORIENTED_EDGE('',*,*,#4181,.F.);
#2952=ORIENTED_EDGE('',*,*,#4182,.F.);
#2953=ORIENTED_EDGE('',*,*,#4183,.F.);
#2954=ORIENTED_EDGE('',*,*,#4184,.F.);
#2955=ORIENTED_EDGE('',*,*,#4185,.F.);
#2956=ORIENTED_EDGE('',*,*,#4186,.F.);
#2957=ORIENTED_EDGE('',*,*,#4187,.F.);
#2958=ORIENTED_EDGE('',*,*,#3589,.F.);
#2959=ORIENTED_EDGE('',*,*,#4188,.F.);
#2960=ORIENTED_EDGE('',*,*,#4187,.T.);
#2961=ORIENTED_EDGE('',*,*,#4189,.T.);
#2962=ORIENTED_EDGE('',*,*,#3588,.F.);
#2963=ORIENTED_EDGE('',*,*,#4190,.F.);
#2964=ORIENTED_EDGE('',*,*,#4176,.T.);
#2965=ORIENTED_EDGE('',*,*,#4188,.T.);
#2966=ORIENTED_EDGE('',*,*,#3599,.F.);
#2967=ORIENTED_EDGE('',*,*,#4191,.F.);
#2968=ORIENTED_EDGE('',*,*,#4177,.T.);
#2969=ORIENTED_EDGE('',*,*,#4190,.T.);
#2970=ORIENTED_EDGE('',*,*,#3598,.F.);
#2971=ORIENTED_EDGE('',*,*,#4192,.F.);
#2972=ORIENTED_EDGE('',*,*,#4178,.T.);
#2973=ORIENTED_EDGE('',*,*,#4191,.T.);
#2974=ORIENTED_EDGE('',*,*,#3597,.F.);
#2975=ORIENTED_EDGE('',*,*,#4193,.F.);
#2976=ORIENTED_EDGE('',*,*,#4179,.T.);
#2977=ORIENTED_EDGE('',*,*,#4192,.T.);
#2978=ORIENTED_EDGE('',*,*,#3596,.F.);
#2979=ORIENTED_EDGE('',*,*,#4194,.F.);
#2980=ORIENTED_EDGE('',*,*,#4180,.T.);
#2981=ORIENTED_EDGE('',*,*,#4193,.T.);
#2982=ORIENTED_EDGE('',*,*,#3595,.F.);
#2983=ORIENTED_EDGE('',*,*,#4195,.F.);
#2984=ORIENTED_EDGE('',*,*,#4181,.T.);
#2985=ORIENTED_EDGE('',*,*,#4194,.T.);
#2986=ORIENTED_EDGE('',*,*,#3594,.F.);
#2987=ORIENTED_EDGE('',*,*,#4196,.F.);
#2988=ORIENTED_EDGE('',*,*,#4182,.T.);
#2989=ORIENTED_EDGE('',*,*,#4195,.T.);
#2990=ORIENTED_EDGE('',*,*,#3593,.F.);
#2991=ORIENTED_EDGE('',*,*,#4197,.F.);
#2992=ORIENTED_EDGE('',*,*,#4183,.T.);
#2993=ORIENTED_EDGE('',*,*,#4196,.T.);
#2994=ORIENTED_EDGE('',*,*,#3592,.F.);
#2995=ORIENTED_EDGE('',*,*,#4198,.F.);
#2996=ORIENTED_EDGE('',*,*,#4184,.T.);
#2997=ORIENTED_EDGE('',*,*,#4197,.T.);
#2998=ORIENTED_EDGE('',*,*,#3591,.F.);
#2999=ORIENTED_EDGE('',*,*,#4199,.F.);
#3000=ORIENTED_EDGE('',*,*,#4185,.T.);
#3001=ORIENTED_EDGE('',*,*,#4198,.T.);
#3002=ORIENTED_EDGE('',*,*,#3590,.F.);
#3003=ORIENTED_EDGE('',*,*,#4189,.F.);
#3004=ORIENTED_EDGE('',*,*,#4186,.T.);
#3005=ORIENTED_EDGE('',*,*,#4199,.T.);
#3006=ORIENTED_EDGE('',*,*,#4200,.F.);
#3007=ORIENTED_EDGE('',*,*,#4201,.F.);
#3008=ORIENTED_EDGE('',*,*,#4202,.F.);
#3009=ORIENTED_EDGE('',*,*,#4203,.F.);
#3010=ORIENTED_EDGE('',*,*,#4204,.F.);
#3011=ORIENTED_EDGE('',*,*,#4205,.F.);
#3012=ORIENTED_EDGE('',*,*,#4206,.F.);
#3013=ORIENTED_EDGE('',*,*,#4207,.F.);
#3014=ORIENTED_EDGE('',*,*,#3601,.F.);
#3015=ORIENTED_EDGE('',*,*,#4208,.F.);
#3016=ORIENTED_EDGE('',*,*,#4207,.T.);
#3017=ORIENTED_EDGE('',*,*,#4209,.T.);
#3018=ORIENTED_EDGE('',*,*,#3600,.F.);
#3019=ORIENTED_EDGE('',*,*,#4210,.F.);
#3020=ORIENTED_EDGE('',*,*,#4200,.T.);
#3021=ORIENTED_EDGE('',*,*,#4208,.T.);
#3022=ORIENTED_EDGE('',*,*,#3607,.F.);
#3023=ORIENTED_EDGE('',*,*,#4211,.F.);
#3024=ORIENTED_EDGE('',*,*,#4201,.T.);
#3025=ORIENTED_EDGE('',*,*,#4210,.T.);
#3026=ORIENTED_EDGE('',*,*,#3606,.F.);
#3027=ORIENTED_EDGE('',*,*,#4212,.F.);
#3028=ORIENTED_EDGE('',*,*,#4202,.T.);
#3029=ORIENTED_EDGE('',*,*,#4211,.T.);
#3030=ORIENTED_EDGE('',*,*,#3605,.F.);
#3031=ORIENTED_EDGE('',*,*,#4213,.F.);
#3032=ORIENTED_EDGE('',*,*,#4203,.T.);
#3033=ORIENTED_EDGE('',*,*,#4212,.T.);
#3034=ORIENTED_EDGE('',*,*,#3604,.F.);
#3035=ORIENTED_EDGE('',*,*,#4214,.F.);
#3036=ORIENTED_EDGE('',*,*,#4204,.T.);
#3037=ORIENTED_EDGE('',*,*,#4213,.T.);
#3038=ORIENTED_EDGE('',*,*,#3603,.F.);
#3039=ORIENTED_EDGE('',*,*,#4215,.F.);
#3040=ORIENTED_EDGE('',*,*,#4205,.T.);
#3041=ORIENTED_EDGE('',*,*,#4214,.T.);
#3042=ORIENTED_EDGE('',*,*,#3602,.F.);
#3043=ORIENTED_EDGE('',*,*,#4209,.F.);
#3044=ORIENTED_EDGE('',*,*,#4206,.T.);
#3045=ORIENTED_EDGE('',*,*,#4215,.T.);
#3046=ORIENTED_EDGE('',*,*,#4216,.F.);
#3047=ORIENTED_EDGE('',*,*,#4217,.F.);
#3048=ORIENTED_EDGE('',*,*,#4218,.F.);
#3049=ORIENTED_EDGE('',*,*,#4219,.F.);
#3050=ORIENTED_EDGE('',*,*,#4220,.F.);
#3051=ORIENTED_EDGE('',*,*,#4221,.F.);
#3052=ORIENTED_EDGE('',*,*,#4222,.F.);
#3053=ORIENTED_EDGE('',*,*,#4223,.F.);
#3054=ORIENTED_EDGE('',*,*,#4224,.F.);
#3055=ORIENTED_EDGE('',*,*,#4225,.F.);
#3056=ORIENTED_EDGE('',*,*,#4226,.F.);
#3057=ORIENTED_EDGE('',*,*,#4227,.F.);
#3058=ORIENTED_EDGE('',*,*,#4228,.F.);
#3059=ORIENTED_EDGE('',*,*,#4229,.F.);
#3060=ORIENTED_EDGE('',*,*,#4230,.F.);
#3061=ORIENTED_EDGE('',*,*,#4231,.F.);
#3062=ORIENTED_EDGE('',*,*,#3375,.F.);
#3063=ORIENTED_EDGE('',*,*,#4232,.F.);
#3064=ORIENTED_EDGE('',*,*,#4222,.T.);
#3065=ORIENTED_EDGE('',*,*,#4233,.T.);
#3066=ORIENTED_EDGE('',*,*,#3376,.F.);
#3067=ORIENTED_EDGE('',*,*,#4233,.F.);
#3068=ORIENTED_EDGE('',*,*,#4221,.T.);
#3069=ORIENTED_EDGE('',*,*,#4234,.T.);
#3070=ORIENTED_EDGE('',*,*,#3377,.F.);
#3071=ORIENTED_EDGE('',*,*,#4234,.F.);
#3072=ORIENTED_EDGE('',*,*,#4220,.T.);
#3073=ORIENTED_EDGE('',*,*,#4235,.T.);
#3074=ORIENTED_EDGE('',*,*,#3378,.F.);
#3075=ORIENTED_EDGE('',*,*,#4235,.F.);
#3076=ORIENTED_EDGE('',*,*,#4219,.T.);
#3077=ORIENTED_EDGE('',*,*,#4236,.T.);
#3078=ORIENTED_EDGE('',*,*,#3379,.F.);
#3079=ORIENTED_EDGE('',*,*,#4236,.F.);
#3080=ORIENTED_EDGE('',*,*,#4218,.T.);
#3081=ORIENTED_EDGE('',*,*,#4237,.T.);
#3082=ORIENTED_EDGE('',*,*,#3380,.F.);
#3083=ORIENTED_EDGE('',*,*,#4237,.F.);
#3084=ORIENTED_EDGE('',*,*,#4217,.T.);
#3085=ORIENTED_EDGE('',*,*,#4238,.T.);
#3086=ORIENTED_EDGE('',*,*,#3381,.F.);
#3087=ORIENTED_EDGE('',*,*,#4238,.F.);
#3088=ORIENTED_EDGE('',*,*,#4216,.T.);
#3089=ORIENTED_EDGE('',*,*,#4239,.T.);
#3090=ORIENTED_EDGE('',*,*,#3374,.F.);
#3091=ORIENTED_EDGE('',*,*,#4239,.F.);
#3092=ORIENTED_EDGE('',*,*,#4223,.T.);
#3093=ORIENTED_EDGE('',*,*,#4232,.T.);
#3094=ORIENTED_EDGE('',*,*,#4240,.F.);
#3095=ORIENTED_EDGE('',*,*,#4241,.F.);
#3096=ORIENTED_EDGE('',*,*,#4231,.T.);
#3097=ORIENTED_EDGE('',*,*,#4242,.T.);
#3098=ORIENTED_EDGE('',*,*,#4243,.F.);
#3099=ORIENTED_EDGE('',*,*,#4244,.F.);
#3100=ORIENTED_EDGE('',*,*,#4224,.T.);
#3101=ORIENTED_EDGE('',*,*,#4241,.T.);
#3102=ORIENTED_EDGE('',*,*,#4245,.F.);
#3103=ORIENTED_EDGE('',*,*,#4246,.F.);
#3104=ORIENTED_EDGE('',*,*,#4225,.T.);
#3105=ORIENTED_EDGE('',*,*,#4244,.T.);
#3106=ORIENTED_EDGE('',*,*,#4247,.F.);
#3107=ORIENTED_EDGE('',*,*,#4248,.F.);
#3108=ORIENTED_EDGE('',*,*,#4226,.T.);
#3109=ORIENTED_EDGE('',*,*,#4246,.T.);
#3110=ORIENTED_EDGE('',*,*,#4249,.F.);
#3111=ORIENTED_EDGE('',*,*,#4250,.F.);
#3112=ORIENTED_EDGE('',*,*,#4227,.T.);
#3113=ORIENTED_EDGE('',*,*,#4248,.T.);
#3114=ORIENTED_EDGE('',*,*,#4251,.F.);
#3115=ORIENTED_EDGE('',*,*,#4252,.F.);
#3116=ORIENTED_EDGE('',*,*,#4228,.T.);
#3117=ORIENTED_EDGE('',*,*,#4250,.T.);
#3118=ORIENTED_EDGE('',*,*,#4253,.F.);
#3119=ORIENTED_EDGE('',*,*,#4254,.F.);
#3120=ORIENTED_EDGE('',*,*,#4229,.T.);
#3121=ORIENTED_EDGE('',*,*,#4252,.T.);
#3122=ORIENTED_EDGE('',*,*,#4255,.F.);
#3123=ORIENTED_EDGE('',*,*,#4242,.F.);
#3124=ORIENTED_EDGE('',*,*,#4230,.T.);
#3125=ORIENTED_EDGE('',*,*,#4254,.T.);
#3126=ORIENTED_EDGE('',*,*,#4256,.F.);
#3127=ORIENTED_EDGE('',*,*,#4257,.F.);
#3128=ORIENTED_EDGE('',*,*,#4258,.F.);
#3129=ORIENTED_EDGE('',*,*,#4259,.F.);
#3130=ORIENTED_EDGE('',*,*,#4260,.F.);
#3131=ORIENTED_EDGE('',*,*,#4261,.F.);
#3132=ORIENTED_EDGE('',*,*,#4262,.F.);
#3133=ORIENTED_EDGE('',*,*,#4263,.F.);
#3134=ORIENTED_EDGE('',*,*,#4264,.F.);
#3135=ORIENTED_EDGE('',*,*,#4265,.F.);
#3136=ORIENTED_EDGE('',*,*,#4266,.F.);
#3137=ORIENTED_EDGE('',*,*,#4267,.F.);
#3138=ORIENTED_EDGE('',*,*,#4268,.F.);
#3139=ORIENTED_EDGE('',*,*,#4269,.F.);
#3140=ORIENTED_EDGE('',*,*,#4270,.F.);
#3141=ORIENTED_EDGE('',*,*,#4271,.F.);
#3142=ORIENTED_EDGE('',*,*,#4272,.F.);
#3143=ORIENTED_EDGE('',*,*,#4273,.F.);
#3144=ORIENTED_EDGE('',*,*,#4274,.F.);
#3145=ORIENTED_EDGE('',*,*,#4275,.F.);
#3146=ORIENTED_EDGE('',*,*,#4276,.F.);
#3147=ORIENTED_EDGE('',*,*,#4277,.F.);
#3148=ORIENTED_EDGE('',*,*,#4278,.F.);
#3149=ORIENTED_EDGE('',*,*,#4279,.F.);
#3150=ORIENTED_EDGE('',*,*,#4280,.F.);
#3151=ORIENTED_EDGE('',*,*,#4281,.F.);
#3152=ORIENTED_EDGE('',*,*,#4282,.F.);
#3153=ORIENTED_EDGE('',*,*,#4283,.F.);
#3154=ORIENTED_EDGE('',*,*,#4284,.F.);
#3155=ORIENTED_EDGE('',*,*,#4285,.F.);
#3156=ORIENTED_EDGE('',*,*,#4286,.F.);
#3157=ORIENTED_EDGE('',*,*,#3359,.F.);
#3158=ORIENTED_EDGE('',*,*,#4287,.F.);
#3159=ORIENTED_EDGE('',*,*,#4270,.T.);
#3160=ORIENTED_EDGE('',*,*,#4288,.T.);
#3161=ORIENTED_EDGE('',*,*,#3360,.F.);
#3162=ORIENTED_EDGE('',*,*,#4288,.F.);
#3163=ORIENTED_EDGE('',*,*,#4269,.T.);
#3164=ORIENTED_EDGE('',*,*,#4289,.T.);
#3165=ORIENTED_EDGE('',*,*,#3361,.F.);
#3166=ORIENTED_EDGE('',*,*,#4289,.F.);
#3167=ORIENTED_EDGE('',*,*,#4268,.T.);
#3168=ORIENTED_EDGE('',*,*,#4290,.T.);
#3169=ORIENTED_EDGE('',*,*,#3362,.F.);
#3170=ORIENTED_EDGE('',*,*,#4290,.F.);
#3171=ORIENTED_EDGE('',*,*,#4267,.T.);
#3172=ORIENTED_EDGE('',*,*,#4291,.T.);
#3173=ORIENTED_EDGE('',*,*,#3363,.F.);
#3174=ORIENTED_EDGE('',*,*,#4291,.F.);
#3175=ORIENTED_EDGE('',*,*,#4266,.T.);
#3176=ORIENTED_EDGE('',*,*,#4292,.T.);
#3177=ORIENTED_EDGE('',*,*,#3364,.F.);
#3178=ORIENTED_EDGE('',*,*,#4292,.F.);
#3179=ORIENTED_EDGE('',*,*,#4265,.T.);
#3180=ORIENTED_EDGE('',*,*,#4293,.T.);
#3181=ORIENTED_EDGE('',*,*,#3365,.F.);
#3182=ORIENTED_EDGE('',*,*,#4293,.F.);
#3183=ORIENTED_EDGE('',*,*,#4264,.T.);
#3184=ORIENTED_EDGE('',*,*,#4294,.T.);
#3185=ORIENTED_EDGE('',*,*,#3366,.F.);
#3186=ORIENTED_EDGE('',*,*,#4294,.F.);
#3187=ORIENTED_EDGE('',*,*,#4263,.T.);
#3188=ORIENTED_EDGE('',*,*,#4295,.T.);
#3189=ORIENTED_EDGE('',*,*,#3367,.F.);
#3190=ORIENTED_EDGE('',*,*,#4295,.F.);
#3191=ORIENTED_EDGE('',*,*,#4262,.T.);
#3192=ORIENTED_EDGE('',*,*,#4296,.T.);
#3193=ORIENTED_EDGE('',*,*,#3368,.F.);
#3194=ORIENTED_EDGE('',*,*,#4296,.F.);
#3195=ORIENTED_EDGE('',*,*,#4261,.T.);
#3196=ORIENTED_EDGE('',*,*,#4297,.T.);
#3197=ORIENTED_EDGE('',*,*,#3369,.F.);
#3198=ORIENTED_EDGE('',*,*,#4297,.F.);
#3199=ORIENTED_EDGE('',*,*,#4260,.T.);
#3200=ORIENTED_EDGE('',*,*,#4298,.T.);
#3201=ORIENTED_EDGE('',*,*,#3370,.F.);
#3202=ORIENTED_EDGE('',*,*,#4298,.F.);
#3203=ORIENTED_EDGE('',*,*,#4259,.T.);
#3204=ORIENTED_EDGE('',*,*,#4299,.T.);
#3205=ORIENTED_EDGE('',*,*,#3371,.F.);
#3206=ORIENTED_EDGE('',*,*,#4299,.F.);
#3207=ORIENTED_EDGE('',*,*,#4258,.T.);
#3208=ORIENTED_EDGE('',*,*,#4300,.T.);
#3209=ORIENTED_EDGE('',*,*,#3372,.F.);
#3210=ORIENTED_EDGE('',*,*,#4300,.F.);
#3211=ORIENTED_EDGE('',*,*,#4257,.T.);
#3212=ORIENTED_EDGE('',*,*,#4301,.T.);
#3213=ORIENTED_EDGE('',*,*,#3373,.F.);
#3214=ORIENTED_EDGE('',*,*,#4301,.F.);
#3215=ORIENTED_EDGE('',*,*,#4256,.T.);
#3216=ORIENTED_EDGE('',*,*,#4302,.T.);
#3217=ORIENTED_EDGE('',*,*,#3358,.F.);
#3218=ORIENTED_EDGE('',*,*,#4302,.F.);
#3219=ORIENTED_EDGE('',*,*,#4271,.T.);
#3220=ORIENTED_EDGE('',*,*,#4287,.T.);
#3221=ORIENTED_EDGE('',*,*,#4303,.F.);
#3222=ORIENTED_EDGE('',*,*,#4304,.F.);
#3223=ORIENTED_EDGE('',*,*,#4277,.T.);
#3224=ORIENTED_EDGE('',*,*,#4305,.T.);
#3225=ORIENTED_EDGE('',*,*,#4306,.F.);
#3226=ORIENTED_EDGE('',*,*,#4305,.F.);
#3227=ORIENTED_EDGE('',*,*,#4276,.T.);
#3228=ORIENTED_EDGE('',*,*,#4307,.T.);
#3229=ORIENTED_EDGE('',*,*,#4308,.F.);
#3230=ORIENTED_EDGE('',*,*,#4307,.F.);
#3231=ORIENTED_EDGE('',*,*,#4275,.T.);
#3232=ORIENTED_EDGE('',*,*,#4309,.T.);
#3233=ORIENTED_EDGE('',*,*,#4310,.F.);
#3234=ORIENTED_EDGE('',*,*,#4309,.F.);
#3235=ORIENTED_EDGE('',*,*,#4274,.T.);
#3236=ORIENTED_EDGE('',*,*,#4311,.T.);
#3237=ORIENTED_EDGE('',*,*,#4312,.F.);
#3238=ORIENTED_EDGE('',*,*,#4311,.F.);
#3239=ORIENTED_EDGE('',*,*,#4273,.T.);
#3240=ORIENTED_EDGE('',*,*,#4313,.T.);
#3241=ORIENTED_EDGE('',*,*,#4314,.F.);
#3242=ORIENTED_EDGE('',*,*,#4313,.F.);
#3243=ORIENTED_EDGE('',*,*,#4272,.T.);
#3244=ORIENTED_EDGE('',*,*,#4315,.T.);
#3245=ORIENTED_EDGE('',*,*,#4316,.F.);
#3246=ORIENTED_EDGE('',*,*,#4315,.F.);
#3247=ORIENTED_EDGE('',*,*,#4278,.T.);
#3248=ORIENTED_EDGE('',*,*,#4304,.T.);
#3249=ORIENTED_EDGE('',*,*,#4317,.F.);
#3250=ORIENTED_EDGE('',*,*,#4318,.F.);
#3251=ORIENTED_EDGE('',*,*,#4286,.T.);
#3252=ORIENTED_EDGE('',*,*,#4319,.T.);
#3253=ORIENTED_EDGE('',*,*,#4320,.F.);
#3254=ORIENTED_EDGE('',*,*,#4321,.F.);
#3255=ORIENTED_EDGE('',*,*,#4279,.T.);
#3256=ORIENTED_EDGE('',*,*,#4318,.T.);
#3257=ORIENTED_EDGE('',*,*,#4322,.F.);
#3258=ORIENTED_EDGE('',*,*,#4323,.F.);
#3259=ORIENTED_EDGE('',*,*,#4280,.T.);
#3260=ORIENTED_EDGE('',*,*,#4321,.T.);
#3261=ORIENTED_EDGE('',*,*,#4324,.F.);
#3262=ORIENTED_EDGE('',*,*,#4325,.F.);
#3263=ORIENTED_EDGE('',*,*,#4281,.T.);
#3264=ORIENTED_EDGE('',*,*,#4323,.T.);
#3265=ORIENTED_EDGE('',*,*,#4326,.F.);
#3266=ORIENTED_EDGE('',*,*,#4327,.F.);
#3267=ORIENTED_EDGE('',*,*,#4282,.T.);
#3268=ORIENTED_EDGE('',*,*,#4325,.T.);
#3269=ORIENTED_EDGE('',*,*,#4328,.F.);
#3270=ORIENTED_EDGE('',*,*,#4329,.F.);
#3271=ORIENTED_EDGE('',*,*,#4283,.T.);
#3272=ORIENTED_EDGE('',*,*,#4327,.T.);
#3273=ORIENTED_EDGE('',*,*,#4330,.F.);
#3274=ORIENTED_EDGE('',*,*,#4331,.F.);
#3275=ORIENTED_EDGE('',*,*,#4284,.T.);
#3276=ORIENTED_EDGE('',*,*,#4329,.T.);
#3277=ORIENTED_EDGE('',*,*,#4332,.F.);
#3278=ORIENTED_EDGE('',*,*,#4319,.F.);
#3279=ORIENTED_EDGE('',*,*,#4285,.T.);
#3280=ORIENTED_EDGE('',*,*,#4331,.T.);
#3281=ORIENTED_EDGE('',*,*,#4316,.T.);
#3282=ORIENTED_EDGE('',*,*,#4303,.T.);
#3283=ORIENTED_EDGE('',*,*,#4306,.T.);
#3284=ORIENTED_EDGE('',*,*,#4308,.T.);
#3285=ORIENTED_EDGE('',*,*,#4310,.T.);
#3286=ORIENTED_EDGE('',*,*,#4312,.T.);
#3287=ORIENTED_EDGE('',*,*,#4314,.T.);
#3288=ORIENTED_EDGE('',*,*,#3756,.T.);
#3289=ORIENTED_EDGE('',*,*,#3753,.T.);
#3290=ORIENTED_EDGE('',*,*,#3768,.T.);
#3291=ORIENTED_EDGE('',*,*,#3766,.T.);
#3292=ORIENTED_EDGE('',*,*,#3764,.T.);
#3293=ORIENTED_EDGE('',*,*,#3762,.T.);
#3294=ORIENTED_EDGE('',*,*,#3760,.T.);
#3295=ORIENTED_EDGE('',*,*,#3758,.T.);
#3296=ORIENTED_EDGE('',*,*,#4044,.T.);
#3297=ORIENTED_EDGE('',*,*,#4041,.T.);
#3298=ORIENTED_EDGE('',*,*,#4054,.T.);
#3299=ORIENTED_EDGE('',*,*,#4052,.T.);
#3300=ORIENTED_EDGE('',*,*,#4050,.T.);
#3301=ORIENTED_EDGE('',*,*,#4048,.T.);
#3302=ORIENTED_EDGE('',*,*,#4046,.T.);
#3303=ORIENTED_EDGE('',*,*,#4087,.T.);
#3304=ORIENTED_EDGE('',*,*,#4084,.T.);
#3305=ORIENTED_EDGE('',*,*,#4097,.T.);
#3306=ORIENTED_EDGE('',*,*,#4095,.T.);
#3307=ORIENTED_EDGE('',*,*,#4093,.T.);
#3308=ORIENTED_EDGE('',*,*,#4091,.T.);
#3309=ORIENTED_EDGE('',*,*,#4089,.T.);
#3310=ORIENTED_EDGE('',*,*,#4243,.T.);
#3311=ORIENTED_EDGE('',*,*,#4240,.T.);
#3312=ORIENTED_EDGE('',*,*,#4255,.T.);
#3313=ORIENTED_EDGE('',*,*,#4253,.T.);
#3314=ORIENTED_EDGE('',*,*,#4251,.T.);
#3315=ORIENTED_EDGE('',*,*,#4249,.T.);
#3316=ORIENTED_EDGE('',*,*,#4247,.T.);
#3317=ORIENTED_EDGE('',*,*,#4245,.T.);
#3318=ORIENTED_EDGE('',*,*,#4320,.T.);
#3319=ORIENTED_EDGE('',*,*,#4317,.T.);
#3320=ORIENTED_EDGE('',*,*,#4332,.T.);
#3321=ORIENTED_EDGE('',*,*,#4330,.T.);
#3322=ORIENTED_EDGE('',*,*,#4328,.T.);
#3323=ORIENTED_EDGE('',*,*,#4326,.T.);
#3324=ORIENTED_EDGE('',*,*,#4324,.T.);
#3325=ORIENTED_EDGE('',*,*,#4322,.T.);
#3326=ORIENTED_EDGE('',*,*,#4333,.F.);
#3327=ORIENTED_EDGE('',*,*,#4334,.F.);
#3328=ORIENTED_EDGE('',*,*,#4335,.T.);
#3329=ORIENTED_EDGE('',*,*,#4336,.T.);
#3330=ORIENTED_EDGE('',*,*,#4337,.F.);
#3331=ORIENTED_EDGE('',*,*,#4334,.T.);
#3332=ORIENTED_EDGE('',*,*,#4338,.F.);
#3333=ORIENTED_EDGE('',*,*,#4339,.T.);
#3334=ORIENTED_EDGE('',*,*,#4340,.T.);
#3335=ORIENTED_EDGE('',*,*,#4341,.F.);
#3336=ORIENTED_EDGE('',*,*,#4336,.F.);
#3337=ORIENTED_EDGE('',*,*,#4342,.T.);
#3338=ORIENTED_EDGE('',*,*,#4343,.T.);
#3339=ORIENTED_EDGE('',*,*,#4344,.F.);
#3340=ORIENTED_EDGE('',*,*,#4345,.T.);
#3341=ORIENTED_EDGE('',*,*,#4346,.F.);
#3342=ORIENTED_EDGE('',*,*,#4337,.T.);
#3343=ORIENTED_EDGE('',*,*,#4345,.F.);
#3344=ORIENTED_EDGE('',*,*,#4335,.F.);
#3345=ORIENTED_EDGE('',*,*,#4340,.F.);
#3346=ORIENTED_EDGE('',*,*,#4347,.F.);
#3347=ORIENTED_EDGE('',*,*,#4342,.F.);
#3348=ORIENTED_EDGE('',*,*,#4338,.T.);
#3349=ORIENTED_EDGE('',*,*,#4333,.T.);
#3350=ORIENTED_EDGE('',*,*,#4344,.T.);
#3351=ORIENTED_EDGE('',*,*,#4348,.T.);
#3352=ORIENTED_EDGE('',*,*,#4346,.T.);
#3353=ORIENTED_EDGE('',*,*,#4341,.T.);
#3354=ORIENTED_EDGE('',*,*,#4343,.F.);
#3355=ORIENTED_EDGE('',*,*,#4347,.T.);
#3356=ORIENTED_EDGE('',*,*,#4339,.F.);
#3357=ORIENTED_EDGE('',*,*,#4348,.F.);
#3358=EDGE_CURVE('',#4349,#4350,#5009,.T.);
#3359=EDGE_CURVE('',#4350,#4351,#5010,.T.);
#3360=EDGE_CURVE('',#4351,#4352,#5011,.T.);
#3361=EDGE_CURVE('',#4352,#4353,#5012,.T.);
#3362=EDGE_CURVE('',#4353,#4354,#5013,.T.);
#3363=EDGE_CURVE('',#4354,#4355,#5014,.T.);
#3364=EDGE_CURVE('',#4355,#4356,#5015,.T.);
#3365=EDGE_CURVE('',#4356,#4357,#5016,.T.);
#3366=EDGE_CURVE('',#4357,#4358,#5017,.T.);
#3367=EDGE_CURVE('',#4358,#4359,#5018,.T.);
#3368=EDGE_CURVE('',#4359,#4360,#5019,.T.);
#3369=EDGE_CURVE('',#4360,#4361,#5020,.T.);
#3370=EDGE_CURVE('',#4361,#4362,#5021,.T.);
#3371=EDGE_CURVE('',#4362,#4363,#5022,.T.);
#3372=EDGE_CURVE('',#4363,#4364,#5023,.T.);
#3373=EDGE_CURVE('',#4364,#4349,#5024,.T.);
#3374=EDGE_CURVE('',#4365,#4366,#5025,.T.);
#3375=EDGE_CURVE('',#4366,#4367,#5026,.T.);
#3376=EDGE_CURVE('',#4367,#4368,#5027,.T.);
#3377=EDGE_CURVE('',#4368,#4369,#5028,.T.);
#3378=EDGE_CURVE('',#4369,#4370,#5029,.T.);
#3379=EDGE_CURVE('',#4370,#4371,#5030,.T.);
#3380=EDGE_CURVE('',#4371,#4372,#5031,.T.);
#3381=EDGE_CURVE('',#4372,#4365,#5032,.T.);
#3382=EDGE_CURVE('',#4373,#4374,#5033,.T.);
#3383=EDGE_CURVE('',#4374,#4375,#538,.T.);
#3384=EDGE_CURVE('',#4375,#4376,#388,.F.);
#3385=EDGE_CURVE('',#4376,#4377,#312,.F.);
#3386=EDGE_CURVE('',#4377,#4378,#389,.F.);
#3387=EDGE_CURVE('',#4378,#4379,#5034,.T.);
#3388=EDGE_CURVE('',#4379,#4380,#5035,.T.);
#3389=EDGE_CURVE('',#4380,#4381,#5036,.T.);
#3390=EDGE_CURVE('',#4381,#4382,#5037,.T.);
#3391=EDGE_CURVE('',#4382,#4383,#5038,.T.);
#3392=EDGE_CURVE('',#4383,#4384,#5039,.T.);
#3393=EDGE_CURVE('',#4384,#4385,#313,.F.);
#3394=EDGE_CURVE('',#4385,#4386,#539,.F.);
#3395=EDGE_CURVE('',#4386,#4387,#5040,.T.);
#3396=EDGE_CURVE('',#4387,#4388,#5041,.T.);
#3397=EDGE_CURVE('',#4388,#4389,#314,.F.);
#3398=EDGE_CURVE('',#4389,#4390,#5042,.T.);
#3399=EDGE_CURVE('',#4390,#4373,#5043,.T.);
#3400=EDGE_CURVE('',#4391,#4392,#5044,.T.);
#3401=EDGE_CURVE('',#4392,#4393,#5045,.T.);
#3402=EDGE_CURVE('',#4393,#4394,#5046,.T.);
#3403=EDGE_CURVE('',#4394,#4395,#5047,.T.);
#3404=EDGE_CURVE('',#4395,#4396,#5048,.T.);
#3405=EDGE_CURVE('',#4396,#4397,#5049,.T.);
#3406=EDGE_CURVE('',#4397,#4398,#5050,.T.);
#3407=EDGE_CURVE('',#4398,#4391,#5051,.T.);
#3408=EDGE_CURVE('',#4399,#4400,#540,.F.);
#3409=EDGE_CURVE('',#4400,#4401,#390,.F.);
#3410=EDGE_CURVE('',#4401,#4402,#5052,.T.);
#3411=EDGE_CURVE('',#4402,#4403,#5053,.T.);
#3412=EDGE_CURVE('',#4403,#4404,#5054,.T.);
#3413=EDGE_CURVE('',#4404,#4405,#5055,.T.);
#3414=EDGE_CURVE('',#4405,#4406,#391,.F.);
#3415=EDGE_CURVE('',#4406,#4407,#541,.T.);
#3416=EDGE_CURVE('',#4407,#4399,#392,.F.);
#3417=EDGE_CURVE('',#4408,#4409,#5056,.T.);
#3418=EDGE_CURVE('',#4409,#4410,#5057,.T.);
#3419=EDGE_CURVE('',#4410,#4411,#5058,.T.);
#3420=EDGE_CURVE('',#4411,#4412,#5059,.T.);
#3421=EDGE_CURVE('',#4412,#4408,#5060,.T.);
#3422=EDGE_CURVE('',#4413,#4414,#542,.F.);
#3423=EDGE_CURVE('',#4414,#4415,#393,.F.);
#3424=EDGE_CURVE('',#4415,#4416,#543,.T.);
#3425=EDGE_CURVE('',#4416,#4413,#394,.T.);
#3426=EDGE_CURVE('',#4417,#4418,#5061,.T.);
#3427=EDGE_CURVE('',#4418,#4419,#5062,.T.);
#3428=EDGE_CURVE('',#4419,#4420,#5063,.T.);
#3429=EDGE_CURVE('',#4420,#4421,#5064,.T.);
#3430=EDGE_CURVE('',#4421,#4422,#5065,.T.);
#3431=EDGE_CURVE('',#4422,#4423,#5066,.T.);
#3432=EDGE_CURVE('',#4423,#4424,#5067,.T.);
#3433=EDGE_CURVE('',#4424,#4417,#5068,.T.);
#3434=EDGE_CURVE('',#4425,#4426,#395,.F.);
#3435=EDGE_CURVE('',#4426,#4427,#544,.F.);
#3436=EDGE_CURVE('',#4427,#4428,#396,.F.);
#3437=EDGE_CURVE('',#4428,#4425,#545,.T.);
#3438=EDGE_CURVE('',#4429,#4430,#397,.F.);
#3439=EDGE_CURVE('',#4430,#4431,#546,.T.);
#3440=EDGE_CURVE('',#4431,#4432,#5069,.T.);
#3441=EDGE_CURVE('',#4432,#4433,#5070,.T.);
#3442=EDGE_CURVE('',#4433,#4434,#5071,.T.);
#3443=EDGE_CURVE('',#4434,#4435,#547,.T.);
#3444=EDGE_CURVE('',#4435,#4436,#5072,.T.);
#3445=EDGE_CURVE('',#4436,#4437,#5073,.T.);
#3446=EDGE_CURVE('',#4437,#4438,#5074,.T.);
#3447=EDGE_CURVE('',#4438,#4439,#548,.F.);
#3448=EDGE_CURVE('',#4439,#4440,#398,.F.);
#3449=EDGE_CURVE('',#4440,#4441,#549,.F.);
#3450=EDGE_CURVE('',#4441,#4442,#315,.F.);
#3451=EDGE_CURVE('',#4442,#4443,#316,.F.);
#3452=EDGE_CURVE('',#4443,#4444,#399,.F.);
#3453=EDGE_CURVE('',#4444,#4445,#550,.T.);
#3454=EDGE_CURVE('',#4445,#4446,#400,.F.);
#3455=EDGE_CURVE('',#4446,#4429,#551,.T.);
#3456=EDGE_CURVE('',#4447,#4448,#5075,.T.);
#3457=EDGE_CURVE('',#4448,#4449,#5076,.T.);
#3458=EDGE_CURVE('',#4449,#4450,#5077,.T.);
#3459=EDGE_CURVE('',#4450,#4451,#5078,.T.);
#3460=EDGE_CURVE('',#4451,#4452,#5079,.T.);
#3461=EDGE_CURVE('',#4452,#4453,#5080,.T.);
#3462=EDGE_CURVE('',#4453,#4454,#5081,.T.);
#3463=EDGE_CURVE('',#4454,#4455,#552,.F.);
#3464=EDGE_CURVE('',#4455,#4456,#5082,.T.);
#3465=EDGE_CURVE('',#4456,#4457,#5083,.T.);
#3466=EDGE_CURVE('',#4457,#4458,#5084,.T.);
#3467=EDGE_CURVE('',#4458,#4459,#5085,.T.);
#3468=EDGE_CURVE('',#4459,#4460,#5086,.T.);
#3469=EDGE_CURVE('',#4460,#4461,#5087,.T.);
#3470=EDGE_CURVE('',#4461,#4462,#5088,.T.);
#3471=EDGE_CURVE('',#4462,#4463,#5089,.T.);
#3472=EDGE_CURVE('',#4463,#4464,#5090,.T.);
#3473=EDGE_CURVE('',#4464,#4465,#5091,.T.);
#3474=EDGE_CURVE('',#4465,#4466,#5092,.T.);
#3475=EDGE_CURVE('',#4466,#4467,#5093,.T.);
#3476=EDGE_CURVE('',#4467,#4468,#5094,.T.);
#3477=EDGE_CURVE('',#4468,#4469,#5095,.T.);
#3478=EDGE_CURVE('',#4469,#4470,#317,.F.);
#3479=EDGE_CURVE('',#4470,#4471,#5096,.T.);
#3480=EDGE_CURVE('',#4471,#4472,#5097,.T.);
#3481=EDGE_CURVE('',#4472,#4473,#5098,.T.);
#3482=EDGE_CURVE('',#4473,#4474,#5099,.T.);
#3483=EDGE_CURVE('',#4474,#4447,#5100,.T.);
#3484=EDGE_CURVE('',#4475,#4476,#318,.F.);
#3485=EDGE_CURVE('',#4476,#4477,#319,.F.);
#3486=EDGE_CURVE('',#4477,#4478,#401,.F.);
#3487=EDGE_CURVE('',#4478,#4479,#553,.T.);
#3488=EDGE_CURVE('',#4479,#4480,#402,.F.);
#3489=EDGE_CURVE('',#4480,#4481,#554,.F.);
#3490=EDGE_CURVE('',#4481,#4482,#320,.F.);
#3491=EDGE_CURVE('',#4482,#4483,#321,.F.);
#3492=EDGE_CURVE('',#4483,#4484,#5101,.T.);
#3493=EDGE_CURVE('',#4484,#4475,#322,.F.);
#3494=EDGE_CURVE('',#4485,#4486,#403,.F.);
#3495=EDGE_CURVE('',#4486,#4487,#555,.F.);
#3496=EDGE_CURVE('',#4487,#4488,#404,.F.);
#3497=EDGE_CURVE('',#4488,#4485,#556,.T.);
#3498=EDGE_CURVE('',#4489,#4490,#5102,.T.);
#3499=EDGE_CURVE('',#4490,#4491,#5103,.T.);
#3500=EDGE_CURVE('',#4491,#4492,#5104,.T.);
#3501=EDGE_CURVE('',#4492,#4493,#557,.T.);
#3502=EDGE_CURVE('',#4493,#4494,#405,.F.);
#3503=EDGE_CURVE('',#4494,#4495,#558,.F.);
#3504=EDGE_CURVE('',#4495,#4496,#5105,.T.);
#3505=EDGE_CURVE('',#4496,#4497,#5106,.T.);
#3506=EDGE_CURVE('',#4497,#4498,#5107,.T.);
#3507=EDGE_CURVE('',#4498,#4499,#5108,.T.);
#3508=EDGE_CURVE('',#4499,#4500,#559,.T.);
#3509=EDGE_CURVE('',#4500,#4501,#406,.F.);
#3510=EDGE_CURVE('',#4501,#4502,#560,.F.);
#3511=EDGE_CURVE('',#4502,#4503,#407,.F.);
#3512=EDGE_CURVE('',#4503,#4504,#323,.F.);
#3513=EDGE_CURVE('',#4504,#4505,#408,.F.);
#3514=EDGE_CURVE('',#4505,#4506,#5109,.T.);
#3515=EDGE_CURVE('',#4506,#4507,#5110,.T.);
#3516=EDGE_CURVE('',#4507,#4508,#5111,.T.);
#3517=EDGE_CURVE('',#4508,#4509,#409,.F.);
#3518=EDGE_CURVE('',#4509,#4510,#5112,.T.);
#3519=EDGE_CURVE('',#4510,#4511,#5113,.T.);
#3520=EDGE_CURVE('',#4511,#4512,#5114,.T.);
#3521=EDGE_CURVE('',#4512,#4513,#5115,.T.);
#3522=EDGE_CURVE('',#4513,#4514,#561,.T.);
#3523=EDGE_CURVE('',#4514,#4515,#410,.F.);
#3524=EDGE_CURVE('',#4515,#4516,#562,.F.);
#3525=EDGE_CURVE('',#4516,#4489,#5116,.T.);
#3526=EDGE_CURVE('',#4517,#4518,#5117,.T.);
#3527=EDGE_CURVE('',#4518,#4519,#411,.F.);
#3528=EDGE_CURVE('',#4519,#4520,#324,.F.);
#3529=EDGE_CURVE('',#4520,#4521,#412,.F.);
#3530=EDGE_CURVE('',#4521,#4522,#563,.T.);
#3531=EDGE_CURVE('',#4522,#4523,#413,.F.);
#3532=EDGE_CURVE('',#4523,#4524,#564,.F.);
#3533=EDGE_CURVE('',#4524,#4525,#414,.F.);
#3534=EDGE_CURVE('',#4525,#4526,#5118,.T.);
#3535=EDGE_CURVE('',#4526,#4527,#5119,.T.);
#3536=EDGE_CURVE('',#4527,#4528,#5120,.T.);
#3537=EDGE_CURVE('',#4528,#4517,#5121,.T.);
#3538=EDGE_CURVE('',#4529,#4530,#565,.T.);
#3539=EDGE_CURVE('',#4530,#4531,#415,.F.);
#3540=EDGE_CURVE('',#4531,#4532,#566,.T.);
#3541=EDGE_CURVE('',#4532,#4533,#416,.F.);
#3542=EDGE_CURVE('',#4533,#4534,#567,.T.);
#3543=EDGE_CURVE('',#4534,#4535,#417,.F.);
#3544=EDGE_CURVE('',#4535,#4536,#568,.F.);
#3545=EDGE_CURVE('',#4536,#4537,#418,.F.);
#3546=EDGE_CURVE('',#4537,#4538,#569,.F.);
#3547=EDGE_CURVE('',#4538,#4539,#325,.F.);
#3548=EDGE_CURVE('',#4539,#4529,#419,.F.);
#3549=EDGE_CURVE('',#4540,#4541,#5122,.T.);
#3550=EDGE_CURVE('',#4541,#4542,#420,.F.);
#3551=EDGE_CURVE('',#4542,#4543,#326,.F.);
#3552=EDGE_CURVE('',#4543,#4544,#421,.F.);
#3553=EDGE_CURVE('',#4544,#4545,#327,.F.);
#3554=EDGE_CURVE('',#4545,#4546,#422,.F.);
#3555=EDGE_CURVE('',#4546,#4547,#5123,.T.);
#3556=EDGE_CURVE('',#4547,#4548,#570,.T.);
#3557=EDGE_CURVE('',#4548,#4549,#423,.F.);
#3558=EDGE_CURVE('',#4549,#4550,#571,.F.);
#3559=EDGE_CURVE('',#4550,#4551,#424,.F.);
#3560=EDGE_CURVE('',#4551,#4552,#328,.F.);
#3561=EDGE_CURVE('',#4552,#4553,#425,.F.);
#3562=EDGE_CURVE('',#4553,#4554,#329,.F.);
#3563=EDGE_CURVE('',#4554,#4555,#426,.F.);
#3564=EDGE_CURVE('',#4555,#4556,#572,.T.);
#3565=EDGE_CURVE('',#4556,#4557,#427,.F.);
#3566=EDGE_CURVE('',#4557,#4558,#573,.F.);
#3567=EDGE_CURVE('',#4558,#4540,#5124,.T.);
#3568=EDGE_CURVE('',#4559,#4560,#330,.F.);
#3569=EDGE_CURVE('',#4560,#4561,#331,.F.);
#3570=EDGE_CURVE('',#4561,#4562,#428,.F.);
#3571=EDGE_CURVE('',#4562,#4563,#574,.T.);
#3572=EDGE_CURVE('',#4563,#4564,#429,.F.);
#3573=EDGE_CURVE('',#4564,#4565,#575,.F.);
#3574=EDGE_CURVE('',#4565,#4566,#332,.F.);
#3575=EDGE_CURVE('',#4566,#4567,#333,.F.);
#3576=EDGE_CURVE('',#4567,#4568,#5125,.T.);
#3577=EDGE_CURVE('',#4568,#4559,#334,.F.);
#3578=EDGE_CURVE('',#4569,#4570,#335,.F.);
#3579=EDGE_CURVE('',#4570,#4571,#336,.F.);
#3580=EDGE_CURVE('',#4571,#4572,#430,.F.);
#3581=EDGE_CURVE('',#4572,#4573,#576,.T.);
#3582=EDGE_CURVE('',#4573,#4574,#431,.F.);
#3583=EDGE_CURVE('',#4574,#4575,#577,.F.);
#3584=EDGE_CURVE('',#4575,#4576,#337,.F.);
#3585=EDGE_CURVE('',#4576,#4577,#338,.F.);
#3586=EDGE_CURVE('',#4577,#4578,#5126,.T.);
#3587=EDGE_CURVE('',#4578,#4569,#339,.F.);
#3588=EDGE_CURVE('',#4579,#4580,#340,.F.);
#3589=EDGE_CURVE('',#4580,#4581,#432,.F.);
#3590=EDGE_CURVE('',#4581,#4582,#341,.F.);
#3591=EDGE_CURVE('',#4582,#4583,#342,.F.);
#3592=EDGE_CURVE('',#4583,#4584,#433,.F.);
#3593=EDGE_CURVE('',#4584,#4585,#343,.F.);
#3594=EDGE_CURVE('',#4585,#4586,#344,.F.);
#3595=EDGE_CURVE('',#4586,#4587,#434,.F.);
#3596=EDGE_CURVE('',#4587,#4588,#345,.F.);
#3597=EDGE_CURVE('',#4588,#4589,#346,.F.);
#3598=EDGE_CURVE('',#4589,#4590,#435,.F.);
#3599=EDGE_CURVE('',#4590,#4579,#347,.F.);
#3600=EDGE_CURVE('',#4591,#4592,#5127,.T.);
#3601=EDGE_CURVE('',#4592,#4593,#5128,.T.);
#3602=EDGE_CURVE('',#4593,#4594,#5129,.T.);
#3603=EDGE_CURVE('',#4594,#4595,#5130,.T.);
#3604=EDGE_CURVE('',#4595,#4596,#5131,.T.);
#3605=EDGE_CURVE('',#4596,#4597,#5132,.T.);
#3606=EDGE_CURVE('',#4597,#4598,#5133,.T.);
#3607=EDGE_CURVE('',#4598,#4591,#5134,.T.);
#3608=EDGE_CURVE('',#4599,#4600,#436,.T.);
#3609=EDGE_CURVE('',#4600,#4601,#578,.T.);
#3610=EDGE_CURVE('',#4602,#4601,#437,.T.);
#3611=EDGE_CURVE('',#4599,#4602,#579,.T.);
#3612=EDGE_CURVE('',#4603,#4603,#438,.T.);
#3613=EDGE_CURVE('',#4604,#4605,#580,.T.);
#3614=EDGE_CURVE('',#4605,#4606,#439,.T.);
#3615=EDGE_CURVE('',#4606,#4607,#581,.F.);
#3616=EDGE_CURVE('',#4608,#4607,#440,.F.);
#3617=EDGE_CURVE('',#4608,#4609,#441,.F.);
#3618=EDGE_CURVE('',#4604,#4609,#442,.F.);
#3619=EDGE_CURVE('',#4610,#4610,#443,.F.);
#3620=EDGE_CURVE('',#4611,#4612,#582,.F.);
#3621=EDGE_CURVE('',#4612,#4613,#444,.F.);
#3622=EDGE_CURVE('',#4613,#4614,#583,.T.);
#3623=EDGE_CURVE('',#4615,#4614,#445,.T.);
#3624=EDGE_CURVE('',#4615,#4616,#446,.T.);
#3625=EDGE_CURVE('',#4611,#4616,#447,.T.);
#3626=EDGE_CURVE('',#4601,#4617,#584,.T.);
#3627=EDGE_CURVE('',#4618,#4617,#448,.F.);
#3628=EDGE_CURVE('',#4602,#4618,#585,.T.);
#3629=EDGE_CURVE('',#4619,#4619,#449,.T.);
#3630=EDGE_CURVE('',#4620,#4620,#450,.F.);
#3631=EDGE_CURVE('',#4621,#4599,#586,.T.);
#3632=EDGE_CURVE('',#4622,#4621,#451,.T.);
#3633=EDGE_CURVE('',#4622,#4600,#587,.T.);
#3634=EDGE_CURVE('',#4623,#4623,#452,.T.);
#3635=EDGE_CURVE('',#4624,#4624,#453,.T.);
#3636=EDGE_CURVE('',#4617,#4622,#588,.T.);
#3637=EDGE_CURVE('',#4618,#4621,#589,.T.);
#3638=EDGE_CURVE('',#4625,#4626,#590,.T.);
#3639=EDGE_CURVE('',#4625,#4627,#591,.F.);
#3640=EDGE_CURVE('',#4627,#4628,#592,.F.);
#3641=EDGE_CURVE('',#4628,#4626,#593,.F.);
#3642=EDGE_CURVE('',#4629,#4630,#594,.F.);
#3643=EDGE_CURVE('',#4630,#4631,#595,.T.);
#3644=EDGE_CURVE('',#4631,#4632,#596,.T.);
#3645=EDGE_CURVE('',#4632,#4629,#597,.T.);
#3646=EDGE_CURVE('',#4631,#4625,#454,.T.);
#3647=EDGE_CURVE('',#4626,#4632,#455,.F.);
#3648=EDGE_CURVE('',#4632,#4612,#456,.T.);
#3649=EDGE_CURVE('',#4613,#4626,#457,.T.);
#3650=EDGE_CURVE('',#4629,#4611,#458,.T.);
#3651=EDGE_CURVE('',#4614,#4628,#459,.T.);
#3652=EDGE_CURVE('',#4616,#4414,#460,.T.);
#3653=EDGE_CURVE('',#4415,#4615,#461,.T.);
#3654=EDGE_CURVE('',#4629,#4414,#462,.T.);
#3655=EDGE_CURVE('',#4415,#4628,#463,.T.);
#3656=EDGE_CURVE('',#4630,#4413,#464,.T.);
#3657=EDGE_CURVE('',#4416,#4627,#465,.T.);
#3658=EDGE_CURVE('',#4609,#4416,#466,.T.);
#3659=EDGE_CURVE('',#4413,#4608,#467,.T.);
#3660=EDGE_CURVE('',#4630,#4607,#468,.F.);
#3661=EDGE_CURVE('',#4604,#4627,#469,.F.);
#3662=EDGE_CURVE('',#4631,#4606,#470,.T.);
#3663=EDGE_CURVE('',#4605,#4625,#471,.T.);
#3664=EDGE_CURVE('',#4633,#4634,#5135,.T.);
#3665=EDGE_CURVE('',#4635,#4633,#5136,.T.);
#3666=EDGE_CURVE('',#4636,#4635,#5137,.T.);
#3667=EDGE_CURVE('',#4637,#4636,#5138,.T.);
#3668=EDGE_CURVE('',#4634,#4637,#5139,.T.);
#3669=EDGE_CURVE('',#4634,#4409,#598,.T.);
#3670=EDGE_CURVE('',#4637,#4410,#599,.T.);
#3671=EDGE_CURVE('',#4633,#4408,#600,.T.);
#3672=EDGE_CURVE('',#4635,#4412,#601,.T.);
#3673=EDGE_CURVE('',#4636,#4411,#602,.T.);
#3674=EDGE_CURVE('',#4638,#4639,#5140,.T.);
#3675=EDGE_CURVE('',#4640,#4638,#5141,.T.);
#3676=EDGE_CURVE('',#4641,#4640,#5142,.T.);
#3677=EDGE_CURVE('',#4642,#4641,#472,.F.);
#3678=EDGE_CURVE('',#4643,#4642,#603,.T.);
#3679=EDGE_CURVE('',#4644,#4643,#473,.F.);
#3680=EDGE_CURVE('',#4639,#4644,#5143,.T.);
#3681=EDGE_CURVE('',#4645,#4646,#604,.F.);
#3682=EDGE_CURVE('',#4647,#4645,#474,.F.);
#3683=EDGE_CURVE('',#4648,#4647,#605,.T.);
#3684=EDGE_CURVE('',#4649,#4648,#475,.F.);
#3685=EDGE_CURVE('',#4650,#4649,#5144,.T.);
#3686=EDGE_CURVE('',#4651,#4650,#5145,.T.);
#3687=EDGE_CURVE('',#4652,#4651,#5146,.T.);
#3688=EDGE_CURVE('',#4653,#4652,#5147,.T.);
#3689=EDGE_CURVE('',#4646,#4653,#476,.F.);
#3690=EDGE_CURVE('',#4654,#4655,#477,.F.);
#3691=EDGE_CURVE('',#4644,#4654,#606,.T.);
#3692=EDGE_CURVE('',#4643,#4655,#607,.T.);
#3693=EDGE_CURVE('',#4655,#4656,#608,.T.);
#3694=EDGE_CURVE('',#4642,#4656,#609,.T.);
#3695=EDGE_CURVE('',#4656,#4657,#478,.F.);
#3696=EDGE_CURVE('',#4641,#4657,#610,.T.);
#3697=EDGE_CURVE('',#4657,#4658,#5148,.T.);
#3698=EDGE_CURVE('',#4640,#4658,#611,.T.);
#3699=EDGE_CURVE('',#4658,#4659,#5149,.T.);
#3700=EDGE_CURVE('',#4638,#4659,#612,.T.);
#3701=EDGE_CURVE('',#4659,#4660,#5150,.T.);
#3702=EDGE_CURVE('',#4639,#4660,#613,.T.);
#3703=EDGE_CURVE('',#4660,#4654,#5151,.T.);
#3704=EDGE_CURVE('',#4646,#4400,#614,.T.);
#3705=EDGE_CURVE('',#4653,#4401,#615,.T.);
#3706=EDGE_CURVE('',#4645,#4399,#616,.T.);
#3707=EDGE_CURVE('',#4647,#4407,#617,.T.);
#3708=EDGE_CURVE('',#4648,#4406,#618,.T.);
#3709=EDGE_CURVE('',#4649,#4405,#619,.T.);
#3710=EDGE_CURVE('',#4650,#4404,#620,.T.);
#3711=EDGE_CURVE('',#4651,#4403,#621,.T.);
#3712=EDGE_CURVE('',#4652,#4402,#622,.T.);
#3713=EDGE_CURVE('',#4661,#4662,#5152,.T.);
#3714=EDGE_CURVE('',#4663,#4661,#5153,.T.);
#3715=EDGE_CURVE('',#4664,#4663,#5154,.T.);
#3716=EDGE_CURVE('',#4665,#4664,#5155,.T.);
#3717=EDGE_CURVE('',#4666,#4665,#5156,.T.);
#3718=EDGE_CURVE('',#4667,#4666,#5157,.T.);
#3719=EDGE_CURVE('',#4668,#4667,#5158,.T.);
#3720=EDGE_CURVE('',#4662,#4668,#5159,.T.);
#3721=EDGE_CURVE('',#4662,#4392,#623,.T.);
#3722=EDGE_CURVE('',#4668,#4393,#624,.T.);
#3723=EDGE_CURVE('',#4661,#4391,#625,.T.);
#3724=EDGE_CURVE('',#4663,#4398,#626,.T.);
#3725=EDGE_CURVE('',#4664,#4397,#627,.T.);
#3726=EDGE_CURVE('',#4665,#4396,#628,.T.);
#3727=EDGE_CURVE('',#4666,#4395,#629,.T.);
#3728=EDGE_CURVE('',#4667,#4394,#630,.T.);
#3729=EDGE_CURVE('',#4669,#4670,#5160,.T.);
#3730=EDGE_CURVE('',#4671,#4669,#5161,.T.);
#3731=EDGE_CURVE('',#4672,#4671,#5162,.T.);
#3732=EDGE_CURVE('',#4673,#4672,#5163,.T.);
#3733=EDGE_CURVE('',#4674,#4673,#5164,.T.);
#3734=EDGE_CURVE('',#4675,#4674,#5165,.T.);
#3735=EDGE_CURVE('',#4676,#4675,#5166,.T.);
#3736=EDGE_CURVE('',#4670,#4676,#5167,.T.);
#3737=EDGE_CURVE('',#4677,#4678,#5168,.T.);
#3738=EDGE_CURVE('',#4679,#4677,#5169,.T.);
#3739=EDGE_CURVE('',#4680,#4679,#5170,.T.);
#3740=EDGE_CURVE('',#4681,#4680,#5171,.T.);
#3741=EDGE_CURVE('',#4682,#4681,#5172,.T.);
#3742=EDGE_CURVE('',#4683,#4682,#5173,.T.);
#3743=EDGE_CURVE('',#4684,#4683,#5174,.T.);
#3744=EDGE_CURVE('',#4678,#4684,#5175,.T.);
#3745=EDGE_CURVE('',#4676,#4418,#631,.T.);
#3746=EDGE_CURVE('',#4675,#4419,#632,.T.);
#3747=EDGE_CURVE('',#4674,#4420,#633,.T.);
#3748=EDGE_CURVE('',#4673,#4421,#634,.T.);
#3749=EDGE_CURVE('',#4672,#4422,#635,.T.);
#3750=EDGE_CURVE('',#4671,#4423,#636,.T.);
#3751=EDGE_CURVE('',#4669,#4424,#637,.T.);
#3752=EDGE_CURVE('',#4670,#4417,#638,.T.);
#3753=EDGE_CURVE('',#4685,#4686,#5176,.T.);
#3754=EDGE_CURVE('',#4678,#4685,#639,.T.);
#3755=EDGE_CURVE('',#4684,#4686,#640,.T.);
#3756=EDGE_CURVE('',#4687,#4685,#5177,.T.);
#3757=EDGE_CURVE('',#4677,#4687,#641,.T.);
#3758=EDGE_CURVE('',#4688,#4687,#5178,.T.);
#3759=EDGE_CURVE('',#4679,#4688,#642,.T.);
#3760=EDGE_CURVE('',#4689,#4688,#5179,.T.);
#3761=EDGE_CURVE('',#4680,#4689,#643,.T.);
#3762=EDGE_CURVE('',#4690,#4689,#5180,.T.);
#3763=EDGE_CURVE('',#4681,#4690,#644,.T.);
#3764=EDGE_CURVE('',#4691,#4690,#5181,.T.);
#3765=EDGE_CURVE('',#4682,#4691,#645,.T.);
#3766=EDGE_CURVE('',#4692,#4691,#5182,.T.);
#3767=EDGE_CURVE('',#4683,#4692,#646,.T.);
#3768=EDGE_CURVE('',#4686,#4692,#5183,.T.);
#3769=EDGE_CURVE('',#4693,#4694,#479,.F.);
#3770=EDGE_CURVE('',#4695,#4693,#647,.T.);
#3771=EDGE_CURVE('',#4696,#4695,#480,.F.);
#3772=EDGE_CURVE('',#4694,#4696,#648,.F.);
#3773=EDGE_CURVE('',#4694,#4426,#649,.T.);
#3774=EDGE_CURVE('',#4696,#4427,#650,.T.);
#3775=EDGE_CURVE('',#4693,#4425,#651,.T.);
#3776=EDGE_CURVE('',#4695,#4428,#652,.T.);
#3777=EDGE_CURVE('',#4697,#4698,#481,.F.);
#3778=EDGE_CURVE('',#4699,#4697,#653,.T.);
#3779=EDGE_CURVE('',#4700,#4699,#482,.F.);
#3780=EDGE_CURVE('',#4701,#4700,#654,.T.);
#3781=EDGE_CURVE('',#4702,#4701,#483,.F.);
#3782=EDGE_CURVE('',#4703,#4702,#348,.F.);
#3783=EDGE_CURVE('',#4704,#4703,#349,.F.);
#3784=EDGE_CURVE('',#4705,#4704,#655,.F.);
#3785=EDGE_CURVE('',#4706,#4705,#484,.F.);
#3786=EDGE_CURVE('',#4707,#4706,#656,.F.);
#3787=EDGE_CURVE('',#4708,#4707,#5184,.T.);
#3788=EDGE_CURVE('',#4709,#4708,#5185,.T.);
#3789=EDGE_CURVE('',#4710,#4709,#5186,.T.);
#3790=EDGE_CURVE('',#4711,#4710,#657,.T.);
#3791=EDGE_CURVE('',#4712,#4711,#5187,.T.);
#3792=EDGE_CURVE('',#4713,#4712,#5188,.T.);
#3793=EDGE_CURVE('',#4714,#4713,#5189,.T.);
#3794=EDGE_CURVE('',#4698,#4714,#658,.T.);
#3795=EDGE_CURVE('',#4698,#4430,#659,.T.);
#3796=EDGE_CURVE('',#4714,#4431,#660,.T.);
#3797=EDGE_CURVE('',#4697,#4429,#661,.T.);
#3798=EDGE_CURVE('',#4699,#4446,#662,.T.);
#3799=EDGE_CURVE('',#4700,#4445,#663,.T.);
#3800=EDGE_CURVE('',#4701,#4444,#664,.T.);
#3801=EDGE_CURVE('',#4702,#4443,#665,.T.);
#3802=EDGE_CURVE('',#4703,#4442,#666,.T.);
#3803=EDGE_CURVE('',#4704,#4441,#667,.T.);
#3804=EDGE_CURVE('',#4705,#4440,#668,.T.);
#3805=EDGE_CURVE('',#4706,#4439,#669,.T.);
#3806=EDGE_CURVE('',#4707,#4438,#670,.T.);
#3807=EDGE_CURVE('',#4708,#4437,#671,.T.);
#3808=EDGE_CURVE('',#4709,#4436,#672,.T.);
#3809=EDGE_CURVE('',#4710,#4435,#673,.T.);
#3810=EDGE_CURVE('',#4711,#4434,#674,.T.);
#3811=EDGE_CURVE('',#4712,#4433,#675,.T.);
#3812=EDGE_CURVE('',#4713,#4432,#676,.T.);
#3813=EDGE_CURVE('',#4715,#4716,#5190,.T.);
#3814=EDGE_CURVE('',#4717,#4715,#5191,.T.);
#3815=EDGE_CURVE('',#4718,#4717,#5192,.T.);
#3816=EDGE_CURVE('',#4719,#4718,#5193,.T.);
#3817=EDGE_CURVE('',#4720,#4719,#5194,.T.);
#3818=EDGE_CURVE('',#4721,#4720,#5195,.T.);
#3819=EDGE_CURVE('',#4722,#4721,#350,.F.);
#3820=EDGE_CURVE('',#4723,#4722,#5196,.T.);
#3821=EDGE_CURVE('',#4724,#4723,#5197,.T.);
#3822=EDGE_CURVE('',#4725,#4724,#5198,.T.);
#3823=EDGE_CURVE('',#4726,#4725,#5199,.T.);
#3824=EDGE_CURVE('',#4727,#4726,#5200,.T.);
#3825=EDGE_CURVE('',#4728,#4727,#5201,.T.);
#3826=EDGE_CURVE('',#4729,#4728,#5202,.T.);
#3827=EDGE_CURVE('',#4730,#4729,#5203,.T.);
#3828=EDGE_CURVE('',#4731,#4730,#5204,.T.);
#3829=EDGE_CURVE('',#4732,#4731,#5205,.T.);
#3830=EDGE_CURVE('',#4733,#4732,#5206,.T.);
#3831=EDGE_CURVE('',#4734,#4733,#5207,.T.);
#3832=EDGE_CURVE('',#4735,#4734,#5208,.T.);
#3833=EDGE_CURVE('',#4736,#4735,#5209,.T.);
#3834=EDGE_CURVE('',#4737,#4736,#677,.F.);
#3835=EDGE_CURVE('',#4738,#4737,#5210,.T.);
#3836=EDGE_CURVE('',#4739,#4738,#5211,.T.);
#3837=EDGE_CURVE('',#4740,#4739,#5212,.T.);
#3838=EDGE_CURVE('',#4741,#4740,#5213,.T.);
#3839=EDGE_CURVE('',#4742,#4741,#5214,.T.);
#3840=EDGE_CURVE('',#4716,#4742,#5215,.T.);
#3841=EDGE_CURVE('',#4716,#4448,#678,.T.);
#3842=EDGE_CURVE('',#4742,#4449,#679,.T.);
#3843=EDGE_CURVE('',#4715,#4447,#680,.T.);
#3844=EDGE_CURVE('',#4717,#4474,#681,.T.);
#3845=EDGE_CURVE('',#4718,#4473,#682,.T.);
#3846=EDGE_CURVE('',#4719,#4472,#683,.T.);
#3847=EDGE_CURVE('',#4720,#4471,#684,.T.);
#3848=EDGE_CURVE('',#4721,#4470,#685,.T.);
#3849=EDGE_CURVE('',#4722,#4469,#686,.T.);
#3850=EDGE_CURVE('',#4723,#4468,#687,.T.);
#3851=EDGE_CURVE('',#4724,#4467,#688,.T.);
#3852=EDGE_CURVE('',#4725,#4466,#689,.T.);
#3853=EDGE_CURVE('',#4726,#4465,#690,.T.);
#3854=EDGE_CURVE('',#4727,#4464,#691,.T.);
#3855=EDGE_CURVE('',#4728,#4463,#692,.T.);
#3856=EDGE_CURVE('',#4729,#4462,#693,.T.);
#3857=EDGE_CURVE('',#4730,#4461,#694,.T.);
#3858=EDGE_CURVE('',#4731,#4460,#695,.T.);
#3859=EDGE_CURVE('',#4732,#4459,#696,.T.);
#3860=EDGE_CURVE('',#4733,#4458,#697,.T.);
#3861=EDGE_CURVE('',#4734,#4457,#698,.T.);
#3862=EDGE_CURVE('',#4735,#4456,#699,.T.);
#3863=EDGE_CURVE('',#4736,#4455,#700,.T.);
#3864=EDGE_CURVE('',#4737,#4454,#701,.T.);
#3865=EDGE_CURVE('',#4738,#4453,#702,.T.);
#3866=EDGE_CURVE('',#4739,#4452,#703,.T.);
#3867=EDGE_CURVE('',#4740,#4451,#704,.T.);
#3868=EDGE_CURVE('',#4741,#4450,#705,.T.);
#3869=EDGE_CURVE('',#4743,#4744,#351,.F.);
#3870=EDGE_CURVE('',#4745,#4743,#352,.F.);
#3871=EDGE_CURVE('',#4746,#4745,#5216,.T.);
#3872=EDGE_CURVE('',#4747,#4746,#353,.F.);
#3873=EDGE_CURVE('',#4748,#4747,#354,.F.);
#3874=EDGE_CURVE('',#4749,#4748,#706,.F.);
#3875=EDGE_CURVE('',#4750,#4749,#485,.F.);
#3876=EDGE_CURVE('',#4751,#4750,#707,.T.);
#3877=EDGE_CURVE('',#4752,#4751,#486,.F.);
#3878=EDGE_CURVE('',#4744,#4752,#355,.F.);
#3879=EDGE_CURVE('',#4744,#4476,#708,.T.);
#3880=EDGE_CURVE('',#4752,#4477,#709,.T.);
#3881=EDGE_CURVE('',#4743,#4475,#710,.T.);
#3882=EDGE_CURVE('',#4745,#4484,#711,.T.);
#3883=EDGE_CURVE('',#4746,#4483,#712,.T.);
#3884=EDGE_CURVE('',#4747,#4482,#713,.T.);
#3885=EDGE_CURVE('',#4748,#4481,#714,.T.);
#3886=EDGE_CURVE('',#4749,#4480,#715,.T.);
#3887=EDGE_CURVE('',#4750,#4479,#716,.T.);
#3888=EDGE_CURVE('',#4751,#4478,#717,.T.);
#3889=EDGE_CURVE('',#4753,#4754,#487,.F.);
#3890=EDGE_CURVE('',#4755,#4753,#718,.T.);
#3891=EDGE_CURVE('',#4756,#4755,#488,.F.);
#3892=EDGE_CURVE('',#4754,#4756,#719,.F.);
#3893=EDGE_CURVE('',#4754,#4486,#720,.T.);
#3894=EDGE_CURVE('',#4756,#4487,#721,.T.);
#3895=EDGE_CURVE('',#4753,#4485,#722,.T.);
#3896=EDGE_CURVE('',#4755,#4488,#723,.T.);
#3897=EDGE_CURVE('',#4757,#4758,#5217,.T.);
#3898=EDGE_CURVE('',#4759,#4757,#5218,.T.);
#3899=EDGE_CURVE('',#4760,#4759,#724,.F.);
#3900=EDGE_CURVE('',#4761,#4760,#489,.F.);
#3901=EDGE_CURVE('',#4762,#4761,#725,.T.);
#3902=EDGE_CURVE('',#4763,#4762,#5219,.T.);
#3903=EDGE_CURVE('',#4764,#4763,#5220,.T.);
#3904=EDGE_CURVE('',#4765,#4764,#5221,.T.);
#3905=EDGE_CURVE('',#4766,#4765,#5222,.T.);
#3906=EDGE_CURVE('',#4767,#4766,#490,.F.);
#3907=EDGE_CURVE('',#4768,#4767,#5223,.T.);
#3908=EDGE_CURVE('',#4769,#4768,#5224,.T.);
#3909=EDGE_CURVE('',#4770,#4769,#5225,.T.);
#3910=EDGE_CURVE('',#4771,#4770,#491,.F.);
#3911=EDGE_CURVE('',#4772,#4771,#356,.F.);
#3912=EDGE_CURVE('',#4773,#4772,#492,.F.);
#3913=EDGE_CURVE('',#4774,#4773,#726,.F.);
#3914=EDGE_CURVE('',#4775,#4774,#493,.F.);
#3915=EDGE_CURVE('',#4776,#4775,#727,.T.);
#3916=EDGE_CURVE('',#4777,#4776,#5226,.T.);
#3917=EDGE_CURVE('',#4778,#4777,#5227,.T.);
#3918=EDGE_CURVE('',#4779,#4778,#5228,.T.);
#3919=EDGE_CURVE('',#4780,#4779,#5229,.T.);
#3920=EDGE_CURVE('',#4781,#4780,#728,.F.);
#3921=EDGE_CURVE('',#4782,#4781,#494,.F.);
#3922=EDGE_CURVE('',#4783,#4782,#729,.T.);
#3923=EDGE_CURVE('',#4784,#4783,#5230,.T.);
#3924=EDGE_CURVE('',#4758,#4784,#5231,.T.);
#3925=EDGE_CURVE('',#4758,#4490,#730,.T.);
#3926=EDGE_CURVE('',#4784,#4491,#731,.T.);
#3927=EDGE_CURVE('',#4757,#4489,#732,.T.);
#3928=EDGE_CURVE('',#4759,#4516,#733,.T.);
#3929=EDGE_CURVE('',#4760,#4515,#734,.T.);
#3930=EDGE_CURVE('',#4761,#4514,#735,.T.);
#3931=EDGE_CURVE('',#4762,#4513,#736,.T.);
#3932=EDGE_CURVE('',#4763,#4512,#737,.T.);
#3933=EDGE_CURVE('',#4764,#4511,#738,.T.);
#3934=EDGE_CURVE('',#4765,#4510,#739,.T.);
#3935=EDGE_CURVE('',#4766,#4509,#740,.T.);
#3936=EDGE_CURVE('',#4767,#4508,#741,.T.);
#3937=EDGE_CURVE('',#4768,#4507,#742,.T.);
#3938=EDGE_CURVE('',#4769,#4506,#743,.T.);
#3939=EDGE_CURVE('',#4770,#4505,#744,.T.);
#3940=EDGE_CURVE('',#4771,#4504,#745,.T.);
#3941=EDGE_CURVE('',#4772,#4503,#746,.T.);
#3942=EDGE_CURVE('',#4773,#4502,#747,.T.);
#3943=EDGE_CURVE('',#4774,#4501,#748,.T.);
#3944=EDGE_CURVE('',#4775,#4500,#749,.T.);
#3945=EDGE_CURVE('',#4776,#4499,#750,.T.);
#3946=EDGE_CURVE('',#4777,#4498,#751,.T.);
#3947=EDGE_CURVE('',#4778,#4497,#752,.T.);
#3948=EDGE_CURVE('',#4779,#4496,#753,.T.);
#3949=EDGE_CURVE('',#4780,#4495,#754,.T.);
#3950=EDGE_CURVE('',#4781,#4494,#755,.T.);
#3951=EDGE_CURVE('',#4782,#4493,#756,.T.);
#3952=EDGE_CURVE('',#4783,#4492,#757,.T.);
#3953=EDGE_CURVE('',#4785,#4786,#5232,.T.);
#3954=EDGE_CURVE('',#4787,#4785,#5233,.T.);
#3955=EDGE_CURVE('',#4788,#4787,#5234,.T.);
#3956=EDGE_CURVE('',#4789,#4788,#495,.F.);
#3957=EDGE_CURVE('',#4790,#4789,#758,.T.);
#3958=EDGE_CURVE('',#4791,#4790,#496,.F.);
#3959=EDGE_CURVE('',#4786,#4791,#5235,.T.);
#3960=EDGE_CURVE('',#4792,#4793,#5236,.T.);
#3961=EDGE_CURVE('',#4794,#4792,#5237,.T.);
#3962=EDGE_CURVE('',#4795,#4794,#5238,.T.);
#3963=EDGE_CURVE('',#4796,#4795,#5239,.T.);
#3964=EDGE_CURVE('',#4797,#4796,#5240,.T.);
#3965=EDGE_CURVE('',#4798,#4797,#497,.F.);
#3966=EDGE_CURVE('',#4799,#4798,#759,.F.);
#3967=EDGE_CURVE('',#4800,#4799,#498,.F.);
#3968=EDGE_CURVE('',#4801,#4800,#760,.T.);
#3969=EDGE_CURVE('',#4802,#4801,#499,.F.);
#3970=EDGE_CURVE('',#4803,#4802,#357,.F.);
#3971=EDGE_CURVE('',#4793,#4803,#500,.F.);
#3972=EDGE_CURVE('',#4804,#4805,#501,.F.);
#3973=EDGE_CURVE('',#4791,#4804,#761,.T.);
#3974=EDGE_CURVE('',#4790,#4805,#762,.T.);
#3975=EDGE_CURVE('',#4805,#4806,#763,.T.);
#3976=EDGE_CURVE('',#4789,#4806,#764,.T.);
#3977=EDGE_CURVE('',#4806,#4807,#502,.F.);
#3978=EDGE_CURVE('',#4788,#4807,#765,.T.);
#3979=EDGE_CURVE('',#4807,#4808,#5241,.T.);
#3980=EDGE_CURVE('',#4787,#4808,#766,.T.);
#3981=EDGE_CURVE('',#4808,#4809,#5242,.T.);
#3982=EDGE_CURVE('',#4785,#4809,#767,.T.);
#3983=EDGE_CURVE('',#4809,#4810,#5243,.T.);
#3984=EDGE_CURVE('',#4786,#4810,#768,.T.);
#3985=EDGE_CURVE('',#4810,#4804,#5244,.T.);
#3986=EDGE_CURVE('',#4793,#4518,#769,.T.);
#3987=EDGE_CURVE('',#4803,#4519,#770,.T.);
#3988=EDGE_CURVE('',#4792,#4517,#771,.T.);
#3989=EDGE_CURVE('',#4794,#4528,#772,.T.);
#3990=EDGE_CURVE('',#4795,#4527,#773,.T.);
#3991=EDGE_CURVE('',#4796,#4526,#774,.T.);
#3992=EDGE_CURVE('',#4797,#4525,#775,.T.);
#3993=EDGE_CURVE('',#4798,#4524,#776,.T.);
#3994=EDGE_CURVE('',#4799,#4523,#777,.T.);
#3995=EDGE_CURVE('',#4800,#4522,#778,.T.);
#3996=EDGE_CURVE('',#4801,#4521,#779,.T.);
#3997=EDGE_CURVE('',#4802,#4520,#780,.T.);
#3998=EDGE_CURVE('',#4811,#4812,#5245,.T.);
#3999=EDGE_CURVE('',#4813,#4811,#5246,.T.);
#4000=EDGE_CURVE('',#4814,#4813,#358,.F.);
#4001=EDGE_CURVE('',#4815,#4814,#5247,.T.);
#4002=EDGE_CURVE('',#4816,#4815,#5248,.T.);
#4003=EDGE_CURVE('',#4817,#4816,#781,.F.);
#4004=EDGE_CURVE('',#4818,#4817,#359,.F.);
#4005=EDGE_CURVE('',#4819,#4818,#5249,.T.);
#4006=EDGE_CURVE('',#4820,#4819,#5250,.T.);
#4007=EDGE_CURVE('',#4821,#4820,#5251,.T.);
#4008=EDGE_CURVE('',#4822,#4821,#5252,.T.);
#4009=EDGE_CURVE('',#4823,#4822,#5253,.T.);
#4010=EDGE_CURVE('',#4824,#4823,#5254,.T.);
#4011=EDGE_CURVE('',#4825,#4824,#503,.F.);
#4012=EDGE_CURVE('',#4826,#4825,#360,.F.);
#4013=EDGE_CURVE('',#4827,#4826,#504,.F.);
#4014=EDGE_CURVE('',#4828,#4827,#782,.T.);
#4015=EDGE_CURVE('',#4812,#4828,#5255,.T.);
#4016=EDGE_CURVE('',#4829,#4830,#5256,.T.);
#4017=EDGE_CURVE('',#4831,#4829,#5257,.T.);
#4018=EDGE_CURVE('',#4832,#4831,#5258,.T.);
#4019=EDGE_CURVE('',#4833,#4832,#361,.F.);
#4020=EDGE_CURVE('',#4834,#4833,#783,.F.);
#4021=EDGE_CURVE('',#4835,#4834,#5259,.T.);
#4022=EDGE_CURVE('',#4830,#4835,#5260,.T.);
#4023=EDGE_CURVE('',#4828,#4374,#784,.T.);
#4024=EDGE_CURVE('',#4827,#4375,#785,.T.);
#4025=EDGE_CURVE('',#4826,#4376,#786,.T.);
#4026=EDGE_CURVE('',#4825,#4377,#787,.T.);
#4027=EDGE_CURVE('',#4824,#4378,#788,.T.);
#4028=EDGE_CURVE('',#4823,#4379,#789,.T.);
#4029=EDGE_CURVE('',#4822,#4380,#790,.T.);
#4030=EDGE_CURVE('',#4821,#4381,#791,.T.);
#4031=EDGE_CURVE('',#4820,#4382,#792,.T.);
#4032=EDGE_CURVE('',#4819,#4383,#793,.T.);
#4033=EDGE_CURVE('',#4818,#4384,#794,.T.);
#4034=EDGE_CURVE('',#4817,#4385,#795,.T.);
#4035=EDGE_CURVE('',#4816,#4386,#796,.T.);
#4036=EDGE_CURVE('',#4815,#4387,#797,.T.);
#4037=EDGE_CURVE('',#4814,#4388,#798,.T.);
#4038=EDGE_CURVE('',#4813,#4389,#799,.T.);
#4039=EDGE_CURVE('',#4811,#4390,#800,.T.);
#4040=EDGE_CURVE('',#4812,#4373,#801,.T.);
#4041=EDGE_CURVE('',#4836,#4837,#5261,.T.);
#4042=EDGE_CURVE('',#4830,#4836,#802,.T.);
#4043=EDGE_CURVE('',#4835,#4837,#803,.T.);
#4044=EDGE_CURVE('',#4838,#4836,#5262,.T.);
#4045=EDGE_CURVE('',#4829,#4838,#804,.T.);
#4046=EDGE_CURVE('',#4839,#4838,#5263,.T.);
#4047=EDGE_CURVE('',#4831,#4839,#805,.T.);
#4048=EDGE_CURVE('',#4840,#4839,#5264,.T.);
#4049=EDGE_CURVE('',#4832,#4840,#806,.T.);
#4050=EDGE_CURVE('',#4841,#4840,#362,.F.);
#4051=EDGE_CURVE('',#4833,#4841,#807,.T.);
#4052=EDGE_CURVE('',#4842,#4841,#808,.F.);
#4053=EDGE_CURVE('',#4834,#4842,#809,.T.);
#4054=EDGE_CURVE('',#4837,#4842,#5265,.T.);
#4055=EDGE_CURVE('',#4843,#4844,#505,.F.);
#4056=EDGE_CURVE('',#4845,#4843,#363,.F.);
#4057=EDGE_CURVE('',#4846,#4845,#810,.F.);
#4058=EDGE_CURVE('',#4847,#4846,#506,.F.);
#4059=EDGE_CURVE('',#4848,#4847,#811,.F.);
#4060=EDGE_CURVE('',#4849,#4848,#507,.F.);
#4061=EDGE_CURVE('',#4850,#4849,#812,.T.);
#4062=EDGE_CURVE('',#4851,#4850,#508,.F.);
#4063=EDGE_CURVE('',#4852,#4851,#813,.T.);
#4064=EDGE_CURVE('',#4853,#4852,#509,.F.);
#4065=EDGE_CURVE('',#4844,#4853,#814,.T.);
#4066=EDGE_CURVE('',#4854,#4855,#510,.F.);
#4067=EDGE_CURVE('',#4856,#4854,#5266,.T.);
#4068=EDGE_CURVE('',#4857,#4856,#5267,.T.);
#4069=EDGE_CURVE('',#4858,#4857,#815,.F.);
#4070=EDGE_CURVE('',#4859,#4858,#511,.F.);
#4071=EDGE_CURVE('',#4860,#4859,#364,.F.);
#4072=EDGE_CURVE('',#4855,#4860,#5268,.T.);
#4073=EDGE_CURVE('',#4853,#4530,#816,.T.);
#4074=EDGE_CURVE('',#4852,#4531,#817,.T.);
#4075=EDGE_CURVE('',#4851,#4532,#818,.T.);
#4076=EDGE_CURVE('',#4850,#4533,#819,.T.);
#4077=EDGE_CURVE('',#4849,#4534,#820,.T.);
#4078=EDGE_CURVE('',#4848,#4535,#821,.T.);
#4079=EDGE_CURVE('',#4847,#4536,#822,.T.);
#4080=EDGE_CURVE('',#4846,#4537,#823,.T.);
#4081=EDGE_CURVE('',#4845,#4538,#824,.T.);
#4082=EDGE_CURVE('',#4843,#4539,#825,.T.);
#4083=EDGE_CURVE('',#4844,#4529,#826,.T.);
#4084=EDGE_CURVE('',#4861,#4862,#5269,.T.);
#4085=EDGE_CURVE('',#4855,#4861,#827,.T.);
#4086=EDGE_CURVE('',#4860,#4862,#828,.T.);
#4087=EDGE_CURVE('',#4863,#4861,#512,.F.);
#4088=EDGE_CURVE('',#4854,#4863,#829,.T.);
#4089=EDGE_CURVE('',#4864,#4863,#5270,.T.);
#4090=EDGE_CURVE('',#4856,#4864,#830,.T.);
#4091=EDGE_CURVE('',#4865,#4864,#5271,.T.);
#4092=EDGE_CURVE('',#4857,#4865,#831,.T.);
#4093=EDGE_CURVE('',#4866,#4865,#832,.F.);
#4094=EDGE_CURVE('',#4858,#4866,#833,.T.);
#4095=EDGE_CURVE('',#4867,#4866,#513,.F.);
#4096=EDGE_CURVE('',#4859,#4867,#834,.T.);
#4097=EDGE_CURVE('',#4862,#4867,#365,.F.);
#4098=EDGE_CURVE('',#4868,#4869,#5272,.T.);
#4099=EDGE_CURVE('',#4870,#4868,#5273,.T.);
#4100=EDGE_CURVE('',#4871,#4870,#835,.F.);
#4101=EDGE_CURVE('',#4872,#4871,#514,.F.);
#4102=EDGE_CURVE('',#4873,#4872,#836,.T.);
#4103=EDGE_CURVE('',#4874,#4873,#515,.F.);
#4104=EDGE_CURVE('',#4875,#4874,#366,.F.);
#4105=EDGE_CURVE('',#4876,#4875,#516,.F.);
#4106=EDGE_CURVE('',#4877,#4876,#367,.F.);
#4107=EDGE_CURVE('',#4878,#4877,#517,.F.);
#4108=EDGE_CURVE('',#4879,#4878,#837,.F.);
#4109=EDGE_CURVE('',#4880,#4879,#518,.F.);
#4110=EDGE_CURVE('',#4881,#4880,#838,.T.);
#4111=EDGE_CURVE('',#4882,#4881,#5274,.T.);
#4112=EDGE_CURVE('',#4883,#4882,#519,.F.);
#4113=EDGE_CURVE('',#4884,#4883,#368,.F.);
#4114=EDGE_CURVE('',#4885,#4884,#520,.F.);
#4115=EDGE_CURVE('',#4886,#4885,#369,.F.);
#4116=EDGE_CURVE('',#4869,#4886,#521,.F.);
#4117=EDGE_CURVE('',#4869,#4541,#839,.T.);
#4118=EDGE_CURVE('',#4886,#4542,#840,.T.);
#4119=EDGE_CURVE('',#4868,#4540,#841,.T.);
#4120=EDGE_CURVE('',#4870,#4558,#842,.T.);
#4121=EDGE_CURVE('',#4871,#4557,#843,.T.);
#4122=EDGE_CURVE('',#4872,#4556,#844,.T.);
#4123=EDGE_CURVE('',#4873,#4555,#845,.T.);
#4124=EDGE_CURVE('',#4874,#4554,#846,.T.);
#4125=EDGE_CURVE('',#4875,#4553,#847,.T.);
#4126=EDGE_CURVE('',#4876,#4552,#848,.T.);
#4127=EDGE_CURVE('',#4877,#4551,#849,.T.);
#4128=EDGE_CURVE('',#4878,#4550,#850,.T.);
#4129=EDGE_CURVE('',#4879,#4549,#851,.T.);
#4130=EDGE_CURVE('',#4880,#4548,#852,.T.);
#4131=EDGE_CURVE('',#4881,#4547,#853,.T.);
#4132=EDGE_CURVE('',#4882,#4546,#854,.T.);
#4133=EDGE_CURVE('',#4883,#4545,#855,.T.);
#4134=EDGE_CURVE('',#4884,#4544,#856,.T.);
#4135=EDGE_CURVE('',#4885,#4543,#857,.T.);
#4136=EDGE_CURVE('',#4887,#4888,#370,.F.);
#4137=EDGE_CURVE('',#4889,#4887,#371,.F.);
#4138=EDGE_CURVE('',#4890,#4889,#5275,.T.);
#4139=EDGE_CURVE('',#4891,#4890,#372,.F.);
#4140=EDGE_CURVE('',#4892,#4891,#373,.F.);
#4141=EDGE_CURVE('',#4893,#4892,#858,.F.);
#4142=EDGE_CURVE('',#4894,#4893,#522,.F.);
#4143=EDGE_CURVE('',#4895,#4894,#859,.T.);
#4144=EDGE_CURVE('',#4896,#4895,#523,.F.);
#4145=EDGE_CURVE('',#4888,#4896,#374,.F.);
#4146=EDGE_CURVE('',#4888,#4560,#860,.T.);
#4147=EDGE_CURVE('',#4896,#4561,#861,.T.);
#4148=EDGE_CURVE('',#4887,#4559,#862,.T.);
#4149=EDGE_CURVE('',#4889,#4568,#863,.T.);
#4150=EDGE_CURVE('',#4890,#4567,#864,.T.);
#4151=EDGE_CURVE('',#4891,#4566,#865,.T.);
#4152=EDGE_CURVE('',#4892,#4565,#866,.T.);
#4153=EDGE_CURVE('',#4893,#4564,#867,.T.);
#4154=EDGE_CURVE('',#4894,#4563,#868,.T.);
#4155=EDGE_CURVE('',#4895,#4562,#869,.T.);
#4156=EDGE_CURVE('',#4897,#4898,#375,.F.);
#4157=EDGE_CURVE('',#4899,#4897,#376,.F.);
#4158=EDGE_CURVE('',#4900,#4899,#5276,.T.);
#4159=EDGE_CURVE('',#4901,#4900,#377,.F.);
#4160=EDGE_CURVE('',#4902,#4901,#378,.F.);
#4161=EDGE_CURVE('',#4903,#4902,#870,.F.);
#4162=EDGE_CURVE('',#4904,#4903,#524,.F.);
#4163=EDGE_CURVE('',#4905,#4904,#871,.T.);
#4164=EDGE_CURVE('',#4906,#4905,#525,.F.);
#4165=EDGE_CURVE('',#4898,#4906,#379,.F.);
#4166=EDGE_CURVE('',#4898,#4570,#872,.T.);
#4167=EDGE_CURVE('',#4906,#4571,#873,.T.);
#4168=EDGE_CURVE('',#4897,#4569,#874,.T.);
#4169=EDGE_CURVE('',#4899,#4578,#875,.T.);
#4170=EDGE_CURVE('',#4900,#4577,#876,.T.);
#4171=EDGE_CURVE('',#4901,#4576,#877,.T.);
#4172=EDGE_CURVE('',#4902,#4575,#878,.T.);
#4173=EDGE_CURVE('',#4903,#4574,#879,.T.);
#4174=EDGE_CURVE('',#4904,#4573,#880,.T.);
#4175=EDGE_CURVE('',#4905,#4572,#881,.T.);
#4176=EDGE_CURVE('',#4907,#4908,#380,.F.);
#4177=EDGE_CURVE('',#4909,#4907,#381,.F.);
#4178=EDGE_CURVE('',#4910,#4909,#526,.F.);
#4179=EDGE_CURVE('',#4911,#4910,#382,.F.);
#4180=EDGE_CURVE('',#4912,#4911,#383,.F.);
#4181=EDGE_CURVE('',#4913,#4912,#527,.F.);
#4182=EDGE_CURVE('',#4914,#4913,#384,.F.);
#4183=EDGE_CURVE('',#4915,#4914,#385,.F.);
#4184=EDGE_CURVE('',#4916,#4915,#528,.F.);
#4185=EDGE_CURVE('',#4917,#4916,#386,.F.);
#4186=EDGE_CURVE('',#4918,#4917,#387,.F.);
#4187=EDGE_CURVE('',#4908,#4918,#529,.F.);
#4188=EDGE_CURVE('',#4908,#4580,#882,.T.);
#4189=EDGE_CURVE('',#4918,#4581,#883,.T.);
#4190=EDGE_CURVE('',#4907,#4579,#884,.T.);
#4191=EDGE_CURVE('',#4909,#4590,#885,.T.);
#4192=EDGE_CURVE('',#4910,#4589,#886,.T.);
#4193=EDGE_CURVE('',#4911,#4588,#887,.T.);
#4194=EDGE_CURVE('',#4912,#4587,#888,.T.);
#4195=EDGE_CURVE('',#4913,#4586,#889,.T.);
#4196=EDGE_CURVE('',#4914,#4585,#890,.T.);
#4197=EDGE_CURVE('',#4915,#4584,#891,.T.);
#4198=EDGE_CURVE('',#4916,#4583,#892,.T.);
#4199=EDGE_CURVE('',#4917,#4582,#893,.T.);
#4200=EDGE_CURVE('',#4919,#4920,#5277,.T.);
#4201=EDGE_CURVE('',#4921,#4919,#5278,.T.);
#4202=EDGE_CURVE('',#4922,#4921,#5279,.T.);
#4203=EDGE_CURVE('',#4923,#4922,#5280,.T.);
#4204=EDGE_CURVE('',#4924,#4923,#5281,.T.);
#4205=EDGE_CURVE('',#4925,#4924,#5282,.T.);
#4206=EDGE_CURVE('',#4926,#4925,#5283,.T.);
#4207=EDGE_CURVE('',#4920,#4926,#5284,.T.);
#4208=EDGE_CURVE('',#4920,#4592,#894,.T.);
#4209=EDGE_CURVE('',#4926,#4593,#895,.T.);
#4210=EDGE_CURVE('',#4919,#4591,#896,.T.);
#4211=EDGE_CURVE('',#4921,#4598,#897,.T.);
#4212=EDGE_CURVE('',#4922,#4597,#898,.T.);
#4213=EDGE_CURVE('',#4923,#4596,#899,.T.);
#4214=EDGE_CURVE('',#4924,#4595,#900,.T.);
#4215=EDGE_CURVE('',#4925,#4594,#901,.T.);
#4216=EDGE_CURVE('',#4927,#4928,#5285,.T.);
#4217=EDGE_CURVE('',#4929,#4927,#5286,.T.);
#4218=EDGE_CURVE('',#4930,#4929,#5287,.T.);
#4219=EDGE_CURVE('',#4931,#4930,#5288,.T.);
#4220=EDGE_CURVE('',#4932,#4931,#5289,.T.);
#4221=EDGE_CURVE('',#4933,#4932,#5290,.T.);
#4222=EDGE_CURVE('',#4934,#4933,#5291,.T.);
#4223=EDGE_CURVE('',#4928,#4934,#5292,.T.);
#4224=EDGE_CURVE('',#4935,#4936,#5293,.T.);
#4225=EDGE_CURVE('',#4937,#4935,#5294,.T.);
#4226=EDGE_CURVE('',#4938,#4937,#5295,.T.);
#4227=EDGE_CURVE('',#4939,#4938,#5296,.T.);
#4228=EDGE_CURVE('',#4940,#4939,#5297,.T.);
#4229=EDGE_CURVE('',#4941,#4940,#5298,.T.);
#4230=EDGE_CURVE('',#4942,#4941,#5299,.T.);
#4231=EDGE_CURVE('',#4936,#4942,#5300,.T.);
#4232=EDGE_CURVE('',#4934,#4366,#902,.T.);
#4233=EDGE_CURVE('',#4933,#4367,#903,.T.);
#4234=EDGE_CURVE('',#4932,#4368,#904,.T.);
#4235=EDGE_CURVE('',#4931,#4369,#905,.T.);
#4236=EDGE_CURVE('',#4930,#4370,#906,.T.);
#4237=EDGE_CURVE('',#4929,#4371,#907,.T.);
#4238=EDGE_CURVE('',#4927,#4372,#908,.T.);
#4239=EDGE_CURVE('',#4928,#4365,#909,.T.);
#4240=EDGE_CURVE('',#4943,#4944,#5301,.T.);
#4241=EDGE_CURVE('',#4936,#4943,#910,.T.);
#4242=EDGE_CURVE('',#4942,#4944,#911,.T.);
#4243=EDGE_CURVE('',#4945,#4943,#5302,.T.);
#4244=EDGE_CURVE('',#4935,#4945,#912,.T.);
#4245=EDGE_CURVE('',#4946,#4945,#5303,.T.);
#4246=EDGE_CURVE('',#4937,#4946,#913,.T.);
#4247=EDGE_CURVE('',#4947,#4946,#5304,.T.);
#4248=EDGE_CURVE('',#4938,#4947,#914,.T.);
#4249=EDGE_CURVE('',#4948,#4947,#5305,.T.);
#4250=EDGE_CURVE('',#4939,#4948,#915,.T.);
#4251=EDGE_CURVE('',#4949,#4948,#5306,.T.);
#4252=EDGE_CURVE('',#4940,#4949,#916,.T.);
#4253=EDGE_CURVE('',#4950,#4949,#5307,.T.);
#4254=EDGE_CURVE('',#4941,#4950,#917,.T.);
#4255=EDGE_CURVE('',#4944,#4950,#5308,.T.);
#4256=EDGE_CURVE('',#4951,#4952,#5309,.T.);
#4257=EDGE_CURVE('',#4953,#4951,#5310,.T.);
#4258=EDGE_CURVE('',#4954,#4953,#5311,.T.);
#4259=EDGE_CURVE('',#4955,#4954,#5312,.T.);
#4260=EDGE_CURVE('',#4956,#4955,#5313,.T.);
#4261=EDGE_CURVE('',#4957,#4956,#5314,.T.);
#4262=EDGE_CURVE('',#4958,#4957,#5315,.T.);
#4263=EDGE_CURVE('',#4959,#4958,#5316,.T.);
#4264=EDGE_CURVE('',#4960,#4959,#5317,.T.);
#4265=EDGE_CURVE('',#4961,#4960,#5318,.T.);
#4266=EDGE_CURVE('',#4962,#4961,#5319,.T.);
#4267=EDGE_CURVE('',#4963,#4962,#5320,.T.);
#4268=EDGE_CURVE('',#4964,#4963,#5321,.T.);
#4269=EDGE_CURVE('',#4965,#4964,#5322,.T.);
#4270=EDGE_CURVE('',#4966,#4965,#5323,.T.);
#4271=EDGE_CURVE('',#4952,#4966,#5324,.T.);
#4272=EDGE_CURVE('',#4967,#4968,#5325,.T.);
#4273=EDGE_CURVE('',#4969,#4967,#5326,.T.);
#4274=EDGE_CURVE('',#4970,#4969,#5327,.T.);
#4275=EDGE_CURVE('',#4971,#4970,#5328,.T.);
#4276=EDGE_CURVE('',#4972,#4971,#5329,.T.);
#4277=EDGE_CURVE('',#4973,#4972,#5330,.T.);
#4278=EDGE_CURVE('',#4968,#4973,#5331,.T.);
#4279=EDGE_CURVE('',#4974,#4975,#5332,.T.);
#4280=EDGE_CURVE('',#4976,#4974,#5333,.T.);
#4281=EDGE_CURVE('',#4977,#4976,#5334,.T.);
#4282=EDGE_CURVE('',#4978,#4977,#5335,.T.);
#4283=EDGE_CURVE('',#4979,#4978,#5336,.T.);
#4284=EDGE_CURVE('',#4980,#4979,#5337,.T.);
#4285=EDGE_CURVE('',#4981,#4980,#5338,.T.);
#4286=EDGE_CURVE('',#4975,#4981,#5339,.T.);
#4287=EDGE_CURVE('',#4966,#4350,#918,.T.);
#4288=EDGE_CURVE('',#4965,#4351,#919,.T.);
#4289=EDGE_CURVE('',#4964,#4352,#920,.T.);
#4290=EDGE_CURVE('',#4963,#4353,#921,.T.);
#4291=EDGE_CURVE('',#4962,#4354,#922,.T.);
#4292=EDGE_CURVE('',#4961,#4355,#923,.T.);
#4293=EDGE_CURVE('',#4960,#4356,#924,.T.);
#4294=EDGE_CURVE('',#4959,#4357,#925,.T.);
#4295=EDGE_CURVE('',#4958,#4358,#926,.T.);
#4296=EDGE_CURVE('',#4957,#4359,#927,.T.);
#4297=EDGE_CURVE('',#4956,#4360,#928,.T.);
#4298=EDGE_CURVE('',#4955,#4361,#929,.T.);
#4299=EDGE_CURVE('',#4954,#4362,#930,.T.);
#4300=EDGE_CURVE('',#4953,#4363,#931,.T.);
#4301=EDGE_CURVE('',#4951,#4364,#932,.T.);
#4302=EDGE_CURVE('',#4952,#4349,#933,.T.);
#4303=EDGE_CURVE('',#4982,#4983,#5340,.T.);
#4304=EDGE_CURVE('',#4973,#4982,#934,.T.);
#4305=EDGE_CURVE('',#4972,#4983,#935,.T.);
#4306=EDGE_CURVE('',#4983,#4984,#5341,.T.);
#4307=EDGE_CURVE('',#4971,#4984,#936,.T.);
#4308=EDGE_CURVE('',#4984,#4985,#5342,.T.);
#4309=EDGE_CURVE('',#4970,#4985,#937,.T.);
#4310=EDGE_CURVE('',#4985,#4986,#5343,.T.);
#4311=EDGE_CURVE('',#4969,#4986,#938,.T.);
#4312=EDGE_CURVE('',#4986,#4987,#5344,.T.);
#4313=EDGE_CURVE('',#4967,#4987,#939,.T.);
#4314=EDGE_CURVE('',#4987,#4988,#5345,.T.);
#4315=EDGE_CURVE('',#4968,#4988,#940,.T.);
#4316=EDGE_CURVE('',#4988,#4982,#5346,.T.);
#4317=EDGE_CURVE('',#4989,#4990,#5347,.T.);
#4318=EDGE_CURVE('',#4975,#4989,#941,.T.);
#4319=EDGE_CURVE('',#4981,#4990,#942,.T.);
#4320=EDGE_CURVE('',#4991,#4989,#5348,.T.);
#4321=EDGE_CURVE('',#4974,#4991,#943,.T.);
#4322=EDGE_CURVE('',#4992,#4991,#5349,.T.);
#4323=EDGE_CURVE('',#4976,#4992,#944,.T.);
#4324=EDGE_CURVE('',#4993,#4992,#5350,.T.);
#4325=EDGE_CURVE('',#4977,#4993,#945,.T.);
#4326=EDGE_CURVE('',#4994,#4993,#5351,.T.);
#4327=EDGE_CURVE('',#4978,#4994,#946,.T.);
#4328=EDGE_CURVE('',#4995,#4994,#5352,.T.);
#4329=EDGE_CURVE('',#4979,#4995,#947,.T.);
#4330=EDGE_CURVE('',#4996,#4995,#5353,.T.);
#4331=EDGE_CURVE('',#4980,#4996,#948,.T.);
#4332=EDGE_CURVE('',#4990,#4996,#5354,.T.);
#4333=EDGE_CURVE('',#4997,#4998,#949,.T.);
#4334=EDGE_CURVE('',#4999,#4997,#530,.T.);
#4335=EDGE_CURVE('',#4999,#5000,#950,.T.);
#4336=EDGE_CURVE('',#5000,#4998,#531,.T.);
#4337=EDGE_CURVE('',#5001,#5001,#532,.T.);
#4338=EDGE_CURVE('',#5002,#4997,#951,.T.);
#4339=EDGE_CURVE('',#5002,#5003,#533,.T.);
#4340=EDGE_CURVE('',#5003,#4999,#952,.T.);
#4341=EDGE_CURVE('',#5004,#5004,#534,.T.);
#4342=EDGE_CURVE('',#5000,#5005,#953,.T.);
#4343=EDGE_CURVE('',#5005,#5006,#535,.F.);
#4344=EDGE_CURVE('',#4998,#5006,#954,.T.);
#4345=EDGE_CURVE('',#5007,#5007,#536,.T.);
#4346=EDGE_CURVE('',#5008,#5008,#537,.F.);
#4347=EDGE_CURVE('',#5005,#5003,#955,.T.);
#4348=EDGE_CURVE('',#5006,#5002,#956,.T.);
#4349=VERTEX_POINT('',#8429);
#4350=VERTEX_POINT('',#8430);
#4351=VERTEX_POINT('',#8435);
#4352=VERTEX_POINT('',#8440);
#4353=VERTEX_POINT('',#8445);
#4354=VERTEX_POINT('',#8450);
#4355=VERTEX_POINT('',#8455);
#4356=VERTEX_POINT('',#8460);
#4357=VERTEX_POINT('',#8465);
#4358=VERTEX_POINT('',#8470);
#4359=VERTEX_POINT('',#8475);
#4360=VERTEX_POINT('',#8480);
#4361=VERTEX_POINT('',#8485);
#4362=VERTEX_POINT('',#8490);
#4363=VERTEX_POINT('',#8495);
#4364=VERTEX_POINT('',#8500);
#4365=VERTEX_POINT('',#8510);
#4366=VERTEX_POINT('',#8511);
#4367=VERTEX_POINT('',#8517);
#4368=VERTEX_POINT('',#8522);
#4369=VERTEX_POINT('',#8528);
#4370=VERTEX_POINT('',#8534);
#4371=VERTEX_POINT('',#8540);
#4372=VERTEX_POINT('',#8545);
#4373=VERTEX_POINT('',#8555);
#4374=VERTEX_POINT('',#8556);
#4375=VERTEX_POINT('',#8558);
#4376=VERTEX_POINT('',#8560);
#4377=VERTEX_POINT('',#8562);
#4378=VERTEX_POINT('',#8564);
#4379=VERTEX_POINT('',#8569);
#4380=VERTEX_POINT('',#8574);
#4381=VERTEX_POINT('',#8579);
#4382=VERTEX_POINT('',#8584);
#4383=VERTEX_POINT('',#8589);
#4384=VERTEX_POINT('',#8594);
#4385=VERTEX_POINT('',#8596);
#4386=VERTEX_POINT('',#8598);
#4387=VERTEX_POINT('',#8604);
#4388=VERTEX_POINT('',#8609);
#4389=VERTEX_POINT('',#8611);
#4390=VERTEX_POINT('',#8616);
#4391=VERTEX_POINT('',#8625);
#4392=VERTEX_POINT('',#8626);
#4393=VERTEX_POINT('',#8631);
#4394=VERTEX_POINT('',#8636);
#4395=VERTEX_POINT('',#8641);
#4396=VERTEX_POINT('',#8646);
#4397=VERTEX_POINT('',#8651);
#4398=VERTEX_POINT('',#8656);
#4399=VERTEX_POINT('',#8662);
#4400=VERTEX_POINT('',#8663);
#4401=VERTEX_POINT('',#8665);
#4402=VERTEX_POINT('',#8670);
#4403=VERTEX_POINT('',#8675);
#4404=VERTEX_POINT('',#8680);
#4405=VERTEX_POINT('',#8685);
#4406=VERTEX_POINT('',#8687);
#4407=VERTEX_POINT('',#8689);
#4408=VERTEX_POINT('',#8696);
#4409=VERTEX_POINT('',#8697);
#4410=VERTEX_POINT('',#8702);
#4411=VERTEX_POINT('',#8707);
#4412=VERTEX_POINT('',#8713);
#4413=VERTEX_POINT('',#8720);
#4414=VERTEX_POINT('',#8721);
#4415=VERTEX_POINT('',#8723);
#4416=VERTEX_POINT('',#8725);
#4417=VERTEX_POINT('',#8732);
#4418=VERTEX_POINT('',#8733);
#4419=VERTEX_POINT('',#8739);
#4420=VERTEX_POINT('',#8744);
#4421=VERTEX_POINT('',#8750);
#4422=VERTEX_POINT('',#8756);
#4423=VERTEX_POINT('',#8762);
#4424=VERTEX_POINT('',#8767);
#4425=VERTEX_POINT('',#8774);
#4426=VERTEX_POINT('',#8775);
#4427=VERTEX_POINT('',#8777);
#4428=VERTEX_POINT('',#8779);
#4429=VERTEX_POINT('',#8782);
#4430=VERTEX_POINT('',#8783);
#4431=VERTEX_POINT('',#8785);
#4432=VERTEX_POINT('',#8790);
#4433=VERTEX_POINT('',#8795);
#4434=VERTEX_POINT('',#8800);
#4435=VERTEX_POINT('',#8802);
#4436=VERTEX_POINT('',#8807);
#4437=VERTEX_POINT('',#8812);
#4438=VERTEX_POINT('',#8817);
#4439=VERTEX_POINT('',#8819);
#4440=VERTEX_POINT('',#8821);
#4441=VERTEX_POINT('',#8823);
#4442=VERTEX_POINT('',#8825);
#4443=VERTEX_POINT('',#8827);
#4444=VERTEX_POINT('',#8829);
#4445=VERTEX_POINT('',#8831);
#4446=VERTEX_POINT('',#8833);
#4447=VERTEX_POINT('',#8839);
#4448=VERTEX_POINT('',#8840);
#4449=VERTEX_POINT('',#8845);
#4450=VERTEX_POINT('',#8850);
#4451=VERTEX_POINT('',#8855);
#4452=VERTEX_POINT('',#8860);
#4453=VERTEX_POINT('',#8865);
#4454=VERTEX_POINT('',#8870);
#4455=VERTEX_POINT('',#8872);
#4456=VERTEX_POINT('',#8877);
#4457=VERTEX_POINT('',#8882);
#4458=VERTEX_POINT('',#8887);
#4459=VERTEX_POINT('',#8892);
#4460=VERTEX_POINT('',#8897);
#4461=VERTEX_POINT('',#8902);
#4462=VERTEX_POINT('',#8907);
#4463=VERTEX_POINT('',#8912);
#4464=VERTEX_POINT('',#8917);
#4465=VERTEX_POINT('',#8922);
#4466=VERTEX_POINT('',#8927);
#4467=VERTEX_POINT('',#8932);
#4468=VERTEX_POINT('',#8937);
#4469=VERTEX_POINT('',#8942);
#4470=VERTEX_POINT('',#8944);
#4471=VERTEX_POINT('',#8949);
#4472=VERTEX_POINT('',#8954);
#4473=VERTEX_POINT('',#8959);
#4474=VERTEX_POINT('',#8964);
#4475=VERTEX_POINT('',#8970);
#4476=VERTEX_POINT('',#8971);
#4477=VERTEX_POINT('',#8973);
#4478=VERTEX_POINT('',#8975);
#4479=VERTEX_POINT('',#8977);
#4480=VERTEX_POINT('',#8979);
#4481=VERTEX_POINT('',#8981);
#4482=VERTEX_POINT('',#8983);
#4483=VERTEX_POINT('',#8985);
#4484=VERTEX_POINT('',#8990);
#4485=VERTEX_POINT('',#8993);
#4486=VERTEX_POINT('',#8994);
#4487=VERTEX_POINT('',#8996);
#4488=VERTEX_POINT('',#8998);
#4489=VERTEX_POINT('',#9004);
#4490=VERTEX_POINT('',#9005);
#4491=VERTEX_POINT('',#9010);
#4492=VERTEX_POINT('',#9015);
#4493=VERTEX_POINT('',#9017);
#4494=VERTEX_POINT('',#9019);
#4495=VERTEX_POINT('',#9021);
#4496=VERTEX_POINT('',#9026);
#4497=VERTEX_POINT('',#9031);
#4498=VERTEX_POINT('',#9036);
#4499=VERTEX_POINT('',#9041);
#4500=VERTEX_POINT('',#9043);
#4501=VERTEX_POINT('',#9045);
#4502=VERTEX_POINT('',#9047);
#4503=VERTEX_POINT('',#9049);
#4504=VERTEX_POINT('',#9051);
#4505=VERTEX_POINT('',#9053);
#4506=VERTEX_POINT('',#9058);
#4507=VERTEX_POINT('',#9063);
#4508=VERTEX_POINT('',#9069);
#4509=VERTEX_POINT('',#9071);
#4510=VERTEX_POINT('',#9076);
#4511=VERTEX_POINT('',#9081);
#4512=VERTEX_POINT('',#9086);
#4513=VERTEX_POINT('',#9091);
#4514=VERTEX_POINT('',#9093);
#4515=VERTEX_POINT('',#9095);
#4516=VERTEX_POINT('',#9097);
#4517=VERTEX_POINT('',#9106);
#4518=VERTEX_POINT('',#9107);
#4519=VERTEX_POINT('',#9109);
#4520=VERTEX_POINT('',#9111);
#4521=VERTEX_POINT('',#9113);
#4522=VERTEX_POINT('',#9115);
#4523=VERTEX_POINT('',#9117);
#4524=VERTEX_POINT('',#9119);
#4525=VERTEX_POINT('',#9121);
#4526=VERTEX_POINT('',#9126);
#4527=VERTEX_POINT('',#9131);
#4528=VERTEX_POINT('',#9136);
#4529=VERTEX_POINT('',#9142);
#4530=VERTEX_POINT('',#9143);
#4531=VERTEX_POINT('',#9145);
#4532=VERTEX_POINT('',#9147);
#4533=VERTEX_POINT('',#9149);
#4534=VERTEX_POINT('',#9151);
#4535=VERTEX_POINT('',#9153);
#4536=VERTEX_POINT('',#9155);
#4537=VERTEX_POINT('',#9157);
#4538=VERTEX_POINT('',#9159);
#4539=VERTEX_POINT('',#9161);
#4540=VERTEX_POINT('',#9167);
#4541=VERTEX_POINT('',#9168);
#4542=VERTEX_POINT('',#9170);
#4543=VERTEX_POINT('',#9172);
#4544=VERTEX_POINT('',#9174);
#4545=VERTEX_POINT('',#9176);
#4546=VERTEX_POINT('',#9178);
#4547=VERTEX_POINT('',#9183);
#4548=VERTEX_POINT('',#9185);
#4549=VERTEX_POINT('',#9187);
#4550=VERTEX_POINT('',#9189);
#4551=VERTEX_POINT('',#9191);
#4552=VERTEX_POINT('',#9193);
#4553=VERTEX_POINT('',#9195);
#4554=VERTEX_POINT('',#9197);
#4555=VERTEX_POINT('',#9199);
#4556=VERTEX_POINT('',#9201);
#4557=VERTEX_POINT('',#9203);
#4558=VERTEX_POINT('',#9205);
#4559=VERTEX_POINT('',#9211);
#4560=VERTEX_POINT('',#9212);
#4561=VERTEX_POINT('',#9214);
#4562=VERTEX_POINT('',#9216);
#4563=VERTEX_POINT('',#9218);
#4564=VERTEX_POINT('',#9220);
#4565=VERTEX_POINT('',#9222);
#4566=VERTEX_POINT('',#9224);
#4567=VERTEX_POINT('',#9226);
#4568=VERTEX_POINT('',#9231);
#4569=VERTEX_POINT('',#9234);
#4570=VERTEX_POINT('',#9235);
#4571=VERTEX_POINT('',#9237);
#4572=VERTEX_POINT('',#9239);
#4573=VERTEX_POINT('',#9241);
#4574=VERTEX_POINT('',#9243);
#4575=VERTEX_POINT('',#9245);
#4576=VERTEX_POINT('',#9247);
#4577=VERTEX_POINT('',#9249);
#4578=VERTEX_POINT('',#9254);
#4579=VERTEX_POINT('',#9257);
#4580=VERTEX_POINT('',#9258);
#4581=VERTEX_POINT('',#9260);
#4582=VERTEX_POINT('',#9262);
#4583=VERTEX_POINT('',#9264);
#4584=VERTEX_POINT('',#9266);
#4585=VERTEX_POINT('',#9268);
#4586=VERTEX_POINT('',#9270);
#4587=VERTEX_POINT('',#9272);
#4588=VERTEX_POINT('',#9274);
#4589=VERTEX_POINT('',#9276);
#4590=VERTEX_POINT('',#9278);
#4591=VERTEX_POINT('',#9284);
#4592=VERTEX_POINT('',#9285);
#4593=VERTEX_POINT('',#9290);
#4594=VERTEX_POINT('',#9295);
#4595=VERTEX_POINT('',#9300);
#4596=VERTEX_POINT('',#9305);
#4597=VERTEX_POINT('',#9310);
#4598=VERTEX_POINT('',#9315);
#4599=VERTEX_POINT('',#9322);
#4600=VERTEX_POINT('',#9323);
#4601=VERTEX_POINT('',#9325);
#4602=VERTEX_POINT('',#9327);
#4603=VERTEX_POINT('',#9331);
#4604=VERTEX_POINT('',#9333);
#4605=VERTEX_POINT('',#9334);
#4606=VERTEX_POINT('',#9336);
#4607=VERTEX_POINT('',#9338);
#4608=VERTEX_POINT('',#9340);
#4609=VERTEX_POINT('',#9342);
#4610=VERTEX_POINT('',#9346);
#4611=VERTEX_POINT('',#9348);
#4612=VERTEX_POINT('',#9349);
#4613=VERTEX_POINT('',#9351);
#4614=VERTEX_POINT('',#9353);
#4615=VERTEX_POINT('',#9355);
#4616=VERTEX_POINT('',#9357);
#4617=VERTEX_POINT('',#9361);
#4618=VERTEX_POINT('',#9363);
#4619=VERTEX_POINT('',#9366);
#4620=VERTEX_POINT('',#9368);
#4621=VERTEX_POINT('',#9371);
#4622=VERTEX_POINT('',#9373);
#4623=VERTEX_POINT('',#9376);
#4624=VERTEX_POINT('',#9378);
#4625=VERTEX_POINT('',#9385);
#4626=VERTEX_POINT('',#9386);
#4627=VERTEX_POINT('',#9388);
#4628=VERTEX_POINT('',#9390);
#4629=VERTEX_POINT('',#9394);
#4630=VERTEX_POINT('',#9395);
#4631=VERTEX_POINT('',#9397);
#4632=VERTEX_POINT('',#9399);
#4633=VERTEX_POINT('',#9443);
#4634=VERTEX_POINT('',#9444);
#4635=VERTEX_POINT('',#9450);
#4636=VERTEX_POINT('',#9456);
#4637=VERTEX_POINT('',#9461);
#4638=VERTEX_POINT('',#9516);
#4639=VERTEX_POINT('',#9517);
#4640=VERTEX_POINT('',#9522);
#4641=VERTEX_POINT('',#9527);
#4642=VERTEX_POINT('',#9529);
#4643=VERTEX_POINT('',#9531);
#4644=VERTEX_POINT('',#9533);
#4645=VERTEX_POINT('',#9539);
#4646=VERTEX_POINT('',#9540);
#4647=VERTEX_POINT('',#9542);
#4648=VERTEX_POINT('',#9544);
#4649=VERTEX_POINT('',#9546);
#4650=VERTEX_POINT('',#9551);
#4651=VERTEX_POINT('',#9556);
#4652=VERTEX_POINT('',#9561);
#4653=VERTEX_POINT('',#9566);
#4654=VERTEX_POINT('',#9570);
#4655=VERTEX_POINT('',#9571);
#4656=VERTEX_POINT('',#9576);
#4657=VERTEX_POINT('',#9580);
#4658=VERTEX_POINT('',#9594);
#4659=VERTEX_POINT('',#9608);
#4660=VERTEX_POINT('',#9622);
#4661=VERTEX_POINT('',#9688);
#4662=VERTEX_POINT('',#9689);
#4663=VERTEX_POINT('',#9694);
#4664=VERTEX_POINT('',#9699);
#4665=VERTEX_POINT('',#9704);
#4666=VERTEX_POINT('',#9709);
#4667=VERTEX_POINT('',#9714);
#4668=VERTEX_POINT('',#9719);
#4669=VERTEX_POINT('',#9802);
#4670=VERTEX_POINT('',#9803);
#4671=VERTEX_POINT('',#9808);
#4672=VERTEX_POINT('',#9814);
#4673=VERTEX_POINT('',#9820);
#4674=VERTEX_POINT('',#9826);
#4675=VERTEX_POINT('',#9831);
#4676=VERTEX_POINT('',#9837);
#4677=VERTEX_POINT('',#9847);
#4678=VERTEX_POINT('',#9848);
#4679=VERTEX_POINT('',#9853);
#4680=VERTEX_POINT('',#9859);
#4681=VERTEX_POINT('',#9865);
#4682=VERTEX_POINT('',#9870);
#4683=VERTEX_POINT('',#9875);
#4684=VERTEX_POINT('',#9881);
#4685=VERTEX_POINT('',#9972);
#4686=VERTEX_POINT('',#9973);
#4687=VERTEX_POINT('',#9988);
#4688=VERTEX_POINT('',#10002);
#4689=VERTEX_POINT('',#10017);
#4690=VERTEX_POINT('',#10032);
#4691=VERTEX_POINT('',#10046);
#4692=VERTEX_POINT('',#10060);
#4693=VERTEX_POINT('',#10077);
#4694=VERTEX_POINT('',#10078);
#4695=VERTEX_POINT('',#10080);
#4696=VERTEX_POINT('',#10082);
#4697=VERTEX_POINT('',#10094);
#4698=VERTEX_POINT('',#10095);
#4699=VERTEX_POINT('',#10097);
#4700=VERTEX_POINT('',#10099);
#4701=VERTEX_POINT('',#10101);
#4702=VERTEX_POINT('',#10103);
#4703=VERTEX_POINT('',#10105);
#4704=VERTEX_POINT('',#10107);
#4705=VERTEX_POINT('',#10109);
#4706=VERTEX_POINT('',#10111);
#4707=VERTEX_POINT('',#10113);
#4708=VERTEX_POINT('',#10118);
#4709=VERTEX_POINT('',#10123);
#4710=VERTEX_POINT('',#10128);
#4711=VERTEX_POINT('',#10130);
#4712=VERTEX_POINT('',#10135);
#4713=VERTEX_POINT('',#10140);
#4714=VERTEX_POINT('',#10145);
#4715=VERTEX_POINT('',#10230);
#4716=VERTEX_POINT('',#10231);
#4717=VERTEX_POINT('',#10236);
#4718=VERTEX_POINT('',#10241);
#4719=VERTEX_POINT('',#10246);
#4720=VERTEX_POINT('',#10251);
#4721=VERTEX_POINT('',#10256);
#4722=VERTEX_POINT('',#10258);
#4723=VERTEX_POINT('',#10263);
#4724=VERTEX_POINT('',#10268);
#4725=VERTEX_POINT('',#10273);
#4726=VERTEX_POINT('',#10278);
#4727=VERTEX_POINT('',#10283);
#4728=VERTEX_POINT('',#10288);
#4729=VERTEX_POINT('',#10293);
#4730=VERTEX_POINT('',#10298);
#4731=VERTEX_POINT('',#10303);
#4732=VERTEX_POINT('',#10308);
#4733=VERTEX_POINT('',#10313);
#4734=VERTEX_POINT('',#10318);
#4735=VERTEX_POINT('',#10323);
#4736=VERTEX_POINT('',#10328);
#4737=VERTEX_POINT('',#10330);
#4738=VERTEX_POINT('',#10335);
#4739=VERTEX_POINT('',#10340);
#4740=VERTEX_POINT('',#10345);
#4741=VERTEX_POINT('',#10350);
#4742=VERTEX_POINT('',#10355);
#4743=VERTEX_POINT('',#10530);
#4744=VERTEX_POINT('',#10531);
#4745=VERTEX_POINT('',#10533);
#4746=VERTEX_POINT('',#10538);
#4747=VERTEX_POINT('',#10540);
#4748=VERTEX_POINT('',#10542);
#4749=VERTEX_POINT('',#10544);
#4750=VERTEX_POINT('',#10546);
#4751=VERTEX_POINT('',#10548);
#4752=VERTEX_POINT('',#10550);
#4753=VERTEX_POINT('',#10574);
#4754=VERTEX_POINT('',#10575);
#4755=VERTEX_POINT('',#10577);
#4756=VERTEX_POINT('',#10579);
#4757=VERTEX_POINT('',#10594);
#4758=VERTEX_POINT('',#10595);
#4759=VERTEX_POINT('',#10600);
#4760=VERTEX_POINT('',#10602);
#4761=VERTEX_POINT('',#10604);
#4762=VERTEX_POINT('',#10606);
#4763=VERTEX_POINT('',#10611);
#4764=VERTEX_POINT('',#10616);
#4765=VERTEX_POINT('',#10621);
#4766=VERTEX_POINT('',#10626);
#4767=VERTEX_POINT('',#10628);
#4768=VERTEX_POINT('',#10634);
#4769=VERTEX_POINT('',#10639);
#4770=VERTEX_POINT('',#10644);
#4771=VERTEX_POINT('',#10646);
#4772=VERTEX_POINT('',#10648);
#4773=VERTEX_POINT('',#10650);
#4774=VERTEX_POINT('',#10652);
#4775=VERTEX_POINT('',#10654);
#4776=VERTEX_POINT('',#10656);
#4777=VERTEX_POINT('',#10661);
#4778=VERTEX_POINT('',#10666);
#4779=VERTEX_POINT('',#10671);
#4780=VERTEX_POINT('',#10676);
#4781=VERTEX_POINT('',#10678);
#4782=VERTEX_POINT('',#10680);
#4783=VERTEX_POINT('',#10682);
#4784=VERTEX_POINT('',#10687);
#4785=VERTEX_POINT('',#10837);
#4786=VERTEX_POINT('',#10838);
#4787=VERTEX_POINT('',#10843);
#4788=VERTEX_POINT('',#10848);
#4789=VERTEX_POINT('',#10850);
#4790=VERTEX_POINT('',#10852);
#4791=VERTEX_POINT('',#10854);
#4792=VERTEX_POINT('',#10863);
#4793=VERTEX_POINT('',#10864);
#4794=VERTEX_POINT('',#10869);
#4795=VERTEX_POINT('',#10874);
#4796=VERTEX_POINT('',#10879);
#4797=VERTEX_POINT('',#10884);
#4798=VERTEX_POINT('',#10886);
#4799=VERTEX_POINT('',#10888);
#4800=VERTEX_POINT('',#10890);
#4801=VERTEX_POINT('',#10892);
#4802=VERTEX_POINT('',#10894);
#4803=VERTEX_POINT('',#10896);
#4804=VERTEX_POINT('',#10900);
#4805=VERTEX_POINT('',#10901);
#4806=VERTEX_POINT('',#10906);
#4807=VERTEX_POINT('',#10910);
#4808=VERTEX_POINT('',#10924);
#4809=VERTEX_POINT('',#10938);
#4810=VERTEX_POINT('',#10952);
#4811=VERTEX_POINT('',#11017);
#4812=VERTEX_POINT('',#11018);
#4813=VERTEX_POINT('',#11023);
#4814=VERTEX_POINT('',#11025);
#4815=VERTEX_POINT('',#11030);
#4816=VERTEX_POINT('',#11036);
#4817=VERTEX_POINT('',#11038);
#4818=VERTEX_POINT('',#11040);
#4819=VERTEX_POINT('',#11045);
#4820=VERTEX_POINT('',#11050);
#4821=VERTEX_POINT('',#11055);
#4822=VERTEX_POINT('',#11060);
#4823=VERTEX_POINT('',#11065);
#4824=VERTEX_POINT('',#11070);
#4825=VERTEX_POINT('',#11072);
#4826=VERTEX_POINT('',#11074);
#4827=VERTEX_POINT('',#11076);
#4828=VERTEX_POINT('',#11078);
#4829=VERTEX_POINT('',#11088);
#4830=VERTEX_POINT('',#11089);
#4831=VERTEX_POINT('',#11094);
#4832=VERTEX_POINT('',#11099);
#4833=VERTEX_POINT('',#11101);
#4834=VERTEX_POINT('',#11103);
#4835=VERTEX_POINT('',#11108);
#4836=VERTEX_POINT('',#11238);
#4837=VERTEX_POINT('',#11239);
#4838=VERTEX_POINT('',#11255);
#4839=VERTEX_POINT('',#11269);
#4840=VERTEX_POINT('',#11283);
#4841=VERTEX_POINT('',#11287);
#4842=VERTEX_POINT('',#11291);
#4843=VERTEX_POINT('',#11307);
#4844=VERTEX_POINT('',#11308);
#4845=VERTEX_POINT('',#11310);
#4846=VERTEX_POINT('',#11312);
#4847=VERTEX_POINT('',#11314);
#4848=VERTEX_POINT('',#11316);
#4849=VERTEX_POINT('',#11318);
#4850=VERTEX_POINT('',#11320);
#4851=VERTEX_POINT('',#11322);
#4852=VERTEX_POINT('',#11324);
#4853=VERTEX_POINT('',#11326);
#4854=VERTEX_POINT('',#11329);
#4855=VERTEX_POINT('',#11330);
#4856=VERTEX_POINT('',#11335);
#4857=VERTEX_POINT('',#11340);
#4858=VERTEX_POINT('',#11342);
#4859=VERTEX_POINT('',#11344);
#4860=VERTEX_POINT('',#11346);
#4861=VERTEX_POINT('',#11378);
#4862=VERTEX_POINT('',#11379);
#4863=VERTEX_POINT('',#11384);
#4864=VERTEX_POINT('',#11391);
#4865=VERTEX_POINT('',#11398);
#4866=VERTEX_POINT('',#11402);
#4867=VERTEX_POINT('',#11406);
#4868=VERTEX_POINT('',#11415);
#4869=VERTEX_POINT('',#11416);
#4870=VERTEX_POINT('',#11421);
#4871=VERTEX_POINT('',#11423);
#4872=VERTEX_POINT('',#11425);
#4873=VERTEX_POINT('',#11427);
#4874=VERTEX_POINT('',#11429);
#4875=VERTEX_POINT('',#11431);
#4876=VERTEX_POINT('',#11433);
#4877=VERTEX_POINT('',#11435);
#4878=VERTEX_POINT('',#11437);
#4879=VERTEX_POINT('',#11439);
#4880=VERTEX_POINT('',#11441);
#4881=VERTEX_POINT('',#11443);
#4882=VERTEX_POINT('',#11448);
#4883=VERTEX_POINT('',#11450);
#4884=VERTEX_POINT('',#11452);
#4885=VERTEX_POINT('',#11454);
#4886=VERTEX_POINT('',#11456);
#4887=VERTEX_POINT('',#11505);
#4888=VERTEX_POINT('',#11506);
#4889=VERTEX_POINT('',#11508);
#4890=VERTEX_POINT('',#11513);
#4891=VERTEX_POINT('',#11515);
#4892=VERTEX_POINT('',#11517);
#4893=VERTEX_POINT('',#11519);
#4894=VERTEX_POINT('',#11521);
#4895=VERTEX_POINT('',#11523);
#4896=VERTEX_POINT('',#11525);
#4897=VERTEX_POINT('',#11549);
#4898=VERTEX_POINT('',#11550);
#4899=VERTEX_POINT('',#11552);
#4900=VERTEX_POINT('',#11557);
#4901=VERTEX_POINT('',#11559);
#4902=VERTEX_POINT('',#11561);
#4903=VERTEX_POINT('',#11563);
#4904=VERTEX_POINT('',#11565);
#4905=VERTEX_POINT('',#11567);
#4906=VERTEX_POINT('',#11569);
#4907=VERTEX_POINT('',#11593);
#4908=VERTEX_POINT('',#11594);
#4909=VERTEX_POINT('',#11596);
#4910=VERTEX_POINT('',#11598);
#4911=VERTEX_POINT('',#11600);
#4912=VERTEX_POINT('',#11602);
#4913=VERTEX_POINT('',#11604);
#4914=VERTEX_POINT('',#11606);
#4915=VERTEX_POINT('',#11608);
#4916=VERTEX_POINT('',#11610);
#4917=VERTEX_POINT('',#11612);
#4918=VERTEX_POINT('',#11614);
#4919=VERTEX_POINT('',#11645);
#4920=VERTEX_POINT('',#11646);
#4921=VERTEX_POINT('',#11651);
#4922=VERTEX_POINT('',#11656);
#4923=VERTEX_POINT('',#11661);
#4924=VERTEX_POINT('',#11666);
#4925=VERTEX_POINT('',#11671);
#4926=VERTEX_POINT('',#11676);
#4927=VERTEX_POINT('',#11759);
#4928=VERTEX_POINT('',#11760);
#4929=VERTEX_POINT('',#11765);
#4930=VERTEX_POINT('',#11771);
#4931=VERTEX_POINT('',#11777);
#4932=VERTEX_POINT('',#11783);
#4933=VERTEX_POINT('',#11788);
#4934=VERTEX_POINT('',#11794);
#4935=VERTEX_POINT('',#11804);
#4936=VERTEX_POINT('',#11805);
#4937=VERTEX_POINT('',#11810);
#4938=VERTEX_POINT('',#11816);
#4939=VERTEX_POINT('',#11822);
#4940=VERTEX_POINT('',#11827);
#4941=VERTEX_POINT('',#11832);
#4942=VERTEX_POINT('',#11838);
#4943=VERTEX_POINT('',#11929);
#4944=VERTEX_POINT('',#11930);
#4945=VERTEX_POINT('',#11945);
#4946=VERTEX_POINT('',#11959);
#4947=VERTEX_POINT('',#11974);
#4948=VERTEX_POINT('',#11989);
#4949=VERTEX_POINT('',#12003);
#4950=VERTEX_POINT('',#12017);
#4951=VERTEX_POINT('',#12037);
#4952=VERTEX_POINT('',#12038);
#4953=VERTEX_POINT('',#12043);
#4954=VERTEX_POINT('',#12048);
#4955=VERTEX_POINT('',#12053);
#4956=VERTEX_POINT('',#12058);
#4957=VERTEX_POINT('',#12063);
#4958=VERTEX_POINT('',#12068);
#4959=VERTEX_POINT('',#12073);
#4960=VERTEX_POINT('',#12078);
#4961=VERTEX_POINT('',#12083);
#4962=VERTEX_POINT('',#12088);
#4963=VERTEX_POINT('',#12093);
#4964=VERTEX_POINT('',#12098);
#4965=VERTEX_POINT('',#12103);
#4966=VERTEX_POINT('',#12108);
#4967=VERTEX_POINT('',#12117);
#4968=VERTEX_POINT('',#12118);
#4969=VERTEX_POINT('',#12123);
#4970=VERTEX_POINT('',#12128);
#4971=VERTEX_POINT('',#12133);
#4972=VERTEX_POINT('',#12139);
#4973=VERTEX_POINT('',#12144);
#4974=VERTEX_POINT('',#12153);
#4975=VERTEX_POINT('',#12154);
#4976=VERTEX_POINT('',#12159);
#4977=VERTEX_POINT('',#12164);
#4978=VERTEX_POINT('',#12169);
#4979=VERTEX_POINT('',#12174);
#4980=VERTEX_POINT('',#12179);
#4981=VERTEX_POINT('',#12184);
#4982=VERTEX_POINT('',#12317);
#4983=VERTEX_POINT('',#12318);
#4984=VERTEX_POINT('',#12334);
#4985=VERTEX_POINT('',#12348);
#4986=VERTEX_POINT('',#12362);
#4987=VERTEX_POINT('',#12376);
#4988=VERTEX_POINT('',#12390);
#4989=VERTEX_POINT('',#12409);
#4990=VERTEX_POINT('',#12410);
#4991=VERTEX_POINT('',#12425);
#4992=VERTEX_POINT('',#12439);
#4993=VERTEX_POINT('',#12446);
#4994=VERTEX_POINT('',#12460);
#4995=VERTEX_POINT('',#12474);
#4996=VERTEX_POINT('',#12488);
#4997=VERTEX_POINT('',#12511);
#4998=VERTEX_POINT('',#12512);
#4999=VERTEX_POINT('',#12514);
#5000=VERTEX_POINT('',#12516);
#5001=VERTEX_POINT('',#12520);
#5002=VERTEX_POINT('',#12522);
#5003=VERTEX_POINT('',#12524);
#5004=VERTEX_POINT('',#12527);
#5005=VERTEX_POINT('',#12530);
#5006=VERTEX_POINT('',#12532);
#5007=VERTEX_POINT('',#12535);
#5008=VERTEX_POINT('',#12537);
#5009=B_SPLINE_CURVE_WITH_KNOTS('',3,(#8425,#8426,#8427,#8428),
 .UNSPECIFIED.,.F.,.F.,(4,4),(1.89344204459411E-15,0.000660981262097097),
 .UNSPECIFIED.);
#5010=B_SPLINE_CURVE_WITH_KNOTS('',3,(#8431,#8432,#8433,#8434),
 .UNSPECIFIED.,.F.,.F.,(4,4),(8.67361737988404E-19,0.000955066556067695),
 .UNSPECIFIED.);
#5011=B_SPLINE_CURVE_WITH_KNOTS('',3,(#8436,#8437,#8438,#8439),
 .UNSPECIFIED.,.F.,.F.,(4,4),(0.,0.00115302791389466),.UNSPECIFIED.);
#5012=B_SPLINE_CURVE_WITH_KNOTS('',3,(#8441,#8442,#8443,#8444),
 .UNSPECIFIED.,.F.,.F.,(4,4),(0.,0.00115305236784283),.UNSPECIFIED.);
#5013=B_SPLINE_CURVE_WITH_KNOTS('',3,(#8446,#8447,#8448,#8449),
 .UNSPECIFIED.,.F.,.F.,(4,4),(3.12731722069275E-18,0.00095748048166842),
 .UNSPECIFIED.);
#5014=B_SPLINE_CURVE_WITH_KNOTS('',3,(#8451,#8452,#8453,#8454),
 .UNSPECIFIED.,.F.,.F.,(4,4),(2.37761128740007E-14,0.000678705403546671),
 .UNSPECIFIED.);
#5015=B_SPLINE_CURVE_WITH_KNOTS('',3,(#8456,#8457,#8458,#8459),
 .UNSPECIFIED.,.F.,.F.,(4,4),(3.03770154128989E-18,0.000821951257405615),
 .UNSPECIFIED.);
#5016=B_SPLINE_CURVE_WITH_KNOTS('',3,(#8461,#8462,#8463,#8464),
 .UNSPECIFIED.,.F.,.F.,(4,4),(4.60785923306339E-19,0.00096700441584446),
 .UNSPECIFIED.);
#5017=B_SPLINE_CURVE_WITH_KNOTS('',3,(#8466,#8467,#8468,#8469),
 .UNSPECIFIED.,.F.,.F.,(4,4),(0.,0.000721411399787332),.UNSPECIFIED.);
#5018=B_SPLINE_CURVE_WITH_KNOTS('',3,(#8471,#8472,#8473,#8474),
 .UNSPECIFIED.,.F.,.F.,(4,4),(3.68628738645072E-18,0.00107600759491294),
 .UNSPECIFIED.);
#5019=B_SPLINE_CURVE_WITH_KNOTS('',3,(#8476,#8477,#8478,#8479),
 .UNSPECIFIED.,.F.,.F.,(4,4),(0.,0.00126643990108848),.UNSPECIFIED.);
#5020=B_SPLINE_CURVE_WITH_KNOTS('',3,(#8481,#8482,#8483,#8484),
 .UNSPECIFIED.,.F.,.F.,(4,4),(0.,0.00127942330700849),.UNSPECIFIED.);
#5021=B_SPLINE_CURVE_WITH_KNOTS('',3,(#8486,#8487,#8488,#8489),
 .UNSPECIFIED.,.F.,.F.,(4,4),(4.9065389333868E-18,0.00106935316529594),
 .UNSPECIFIED.);
#5022=B_SPLINE_CURVE_WITH_KNOTS('',3,(#8491,#8492,#8493,#8494),
 .UNSPECIFIED.,.F.,.F.,(4,4),(6.73527005801029E-14,0.000752178314004693),
 .UNSPECIFIED.);
#5023=B_SPLINE_CURVE_WITH_KNOTS('',3,(#8496,#8497,#8498,#8499),
 .UNSPECIFIED.,.F.,.F.,(4,4),(8.13151629364128E-19,0.000886745063454301),
 .UNSPECIFIED.);
#5024=B_SPLINE_CURVE_WITH_KNOTS('',3,(#8501,#8502,#8503,#8504),
 .UNSPECIFIED.,.F.,.F.,(4,4),(3.65918233213858E-19,0.000800852193561238),
 .UNSPECIFIED.);
#5025=B_SPLINE_CURVE_WITH_KNOTS('',3,(#8505,#8506,#8507,#8508,#8509),
 .UNSPECIFIED.,.F.,.F.,(4,1,4),(0.,0.000716263977991008,0.00143252795598202),
 .UNSPECIFIED.);
#5026=B_SPLINE_CURVE_WITH_KNOTS('',3,(#8512,#8513,#8514,#8515,#8516),
 .UNSPECIFIED.,.F.,.F.,(4,1,4),(0.,0.000714877909716903,0.00142975581943381),
 .UNSPECIFIED.);
#5027=B_SPLINE_CURVE_WITH_KNOTS('',3,(#8518,#8519,#8520,#8521),
 .UNSPECIFIED.,.F.,.F.,(4,4),(0.,0.00187025446680999),.UNSPECIFIED.);
#5028=B_SPLINE_CURVE_WITH_KNOTS('',3,(#8523,#8524,#8525,#8526,#8527),
 .UNSPECIFIED.,.F.,.F.,(4,1,4),(0.,0.000946956667340523,0.00189391333468105),
 .UNSPECIFIED.);
#5029=B_SPLINE_CURVE_WITH_KNOTS('',3,(#8529,#8530,#8531,#8532,#8533),
 .UNSPECIFIED.,.F.,.F.,(4,1,4),(0.,0.000719088327467825,0.00143817665493565),
 .UNSPECIFIED.);
#5030=B_SPLINE_CURVE_WITH_KNOTS('',3,(#8535,#8536,#8537,#8538,#8539),
 .UNSPECIFIED.,.F.,.F.,(4,1,4),(0.,0.000711891744588043,0.00142378348917609),
 .UNSPECIFIED.);
#5031=B_SPLINE_CURVE_WITH_KNOTS('',3,(#8541,#8542,#8543,#8544),
 .UNSPECIFIED.,.F.,.F.,(4,4),(0.,0.00186555878685718),.UNSPECIFIED.);
#5032=B_SPLINE_CURVE_WITH_KNOTS('',3,(#8546,#8547,#8548,#8549,#8550),
 .UNSPECIFIED.,.F.,.F.,(4,1,4),(0.,0.000952931500195774,0.00190586300039155),
 .UNSPECIFIED.);
#5033=B_SPLINE_CURVE_WITH_KNOTS('',3,(#8551,#8552,#8553,#8554),
 .UNSPECIFIED.,.F.,.F.,(4,4),(0.,0.00106753839296747),.UNSPECIFIED.);
#5034=B_SPLINE_CURVE_WITH_KNOTS('',3,(#8565,#8566,#8567,#8568),
 .UNSPECIFIED.,.F.,.F.,(4,4),(2.61110460050326E-17,0.000674519741847601),
 .UNSPECIFIED.);
#5035=B_SPLINE_CURVE_WITH_KNOTS('',3,(#8570,#8571,#8572,#8573),
 .UNSPECIFIED.,.F.,.F.,(4,4),(0.,0.000697265995146751),.UNSPECIFIED.);
#5036=B_SPLINE_CURVE_WITH_KNOTS('',3,(#8575,#8576,#8577,#8578),
 .UNSPECIFIED.,.F.,.F.,(4,4),(0.,0.000891703732298092),.UNSPECIFIED.);
#5037=B_SPLINE_CURVE_WITH_KNOTS('',3,(#8580,#8581,#8582,#8583),
 .UNSPECIFIED.,.F.,.F.,(4,4),(0.,0.00091466792585382),.UNSPECIFIED.);
#5038=B_SPLINE_CURVE_WITH_KNOTS('',3,(#8585,#8586,#8587,#8588),
 .UNSPECIFIED.,.F.,.F.,(4,4),(0.,0.000964654583415978),.UNSPECIFIED.);
#5039=B_SPLINE_CURVE_WITH_KNOTS('',3,(#8590,#8591,#8592,#8593),
 .UNSPECIFIED.,.F.,.F.,(4,4),(0.,0.00125235655187214),.UNSPECIFIED.);
#5040=B_SPLINE_CURVE_WITH_KNOTS('',3,(#8599,#8600,#8601,#8602,#8603),
 .UNSPECIFIED.,.F.,.F.,(4,1,4),(0.,0.000443199314623224,0.000886398629246448),
 .UNSPECIFIED.);
#5041=B_SPLINE_CURVE_WITH_KNOTS('',3,(#8605,#8606,#8607,#8608),
 .UNSPECIFIED.,.F.,.F.,(4,4),(0.,0.00105126783791728),.UNSPECIFIED.);
#5042=B_SPLINE_CURVE_WITH_KNOTS('',3,(#8612,#8613,#8614,#8615),
 .UNSPECIFIED.,.F.,.F.,(4,4),(0.,0.00142775867086273),.UNSPECIFIED.);
#5043=B_SPLINE_CURVE_WITH_KNOTS('',3,(#8617,#8618,#8619,#8620),
 .UNSPECIFIED.,.F.,.F.,(4,4),(0.,0.00117843060331157),.UNSPECIFIED.);
#5044=B_SPLINE_CURVE_WITH_KNOTS('',3,(#8621,#8622,#8623,#8624),
 .UNSPECIFIED.,.F.,.F.,(4,4),(0.,0.000438748158568982),.UNSPECIFIED.);
#5045=B_SPLINE_CURVE_WITH_KNOTS('',3,(#8627,#8628,#8629,#8630),
 .UNSPECIFIED.,.F.,.F.,(4,4),(0.,0.000446580524169814),.UNSPECIFIED.);
#5046=B_SPLINE_CURVE_WITH_KNOTS('',3,(#8632,#8633,#8634,#8635),
 .UNSPECIFIED.,.F.,.F.,(4,4),(0.,0.000453734229856209),.UNSPECIFIED.);
#5047=B_SPLINE_CURVE_WITH_KNOTS('',3,(#8637,#8638,#8639,#8640),
 .UNSPECIFIED.,.F.,.F.,(4,4),(0.,0.000440277681705337),.UNSPECIFIED.);
#5048=B_SPLINE_CURVE_WITH_KNOTS('',3,(#8642,#8643,#8644,#8645),
 .UNSPECIFIED.,.F.,.F.,(4,4),(0.,0.000445518822544704),.UNSPECIFIED.);
#5049=B_SPLINE_CURVE_WITH_KNOTS('',3,(#8647,#8648,#8649,#8650),
 .UNSPECIFIED.,.F.,.F.,(4,4),(0.,0.000452662631492284),.UNSPECIFIED.);
#5050=B_SPLINE_CURVE_WITH_KNOTS('',3,(#8652,#8653,#8654,#8655),
 .UNSPECIFIED.,.F.,.F.,(4,4),(0.,0.000447730454774557),.UNSPECIFIED.);
#5051=B_SPLINE_CURVE_WITH_KNOTS('',3,(#8657,#8658,#8659,#8660),
 .UNSPECIFIED.,.F.,.F.,(4,4),(0.,0.000441011707022465),.UNSPECIFIED.);
#5052=B_SPLINE_CURVE_WITH_KNOTS('',3,(#8666,#8667,#8668,#8669),
 .UNSPECIFIED.,.F.,.F.,(4,4),(0.,0.00137943323592689),.UNSPECIFIED.);
#5053=B_SPLINE_CURVE_WITH_KNOTS('',3,(#8671,#8672,#8673,#8674),
 .UNSPECIFIED.,.F.,.F.,(4,4),(0.,0.00122395872156986),.UNSPECIFIED.);
#5054=B_SPLINE_CURVE_WITH_KNOTS('',3,(#8676,#8677,#8678,#8679),
 .UNSPECIFIED.,.F.,.F.,(4,4),(0.,0.00129987767595191),.UNSPECIFIED.);
#5055=B_SPLINE_CURVE_WITH_KNOTS('',3,(#8681,#8682,#8683,#8684),
 .UNSPECIFIED.,.F.,.F.,(4,4),(0.,0.00143295007914125),.UNSPECIFIED.);
#5056=B_SPLINE_CURVE_WITH_KNOTS('',3,(#8691,#8692,#8693,#8694,#8695),
 .UNSPECIFIED.,.F.,.F.,(4,1,4),(0.,0.000408597112828216,0.000817194225656431),
 .UNSPECIFIED.);
#5057=B_SPLINE_CURVE_WITH_KNOTS('',3,(#8698,#8699,#8700,#8701),
 .UNSPECIFIED.,.F.,.F.,(4,4),(0.,0.000391008480037065),.UNSPECIFIED.);
#5058=B_SPLINE_CURVE_WITH_KNOTS('',3,(#8703,#8704,#8705,#8706),
 .UNSPECIFIED.,.F.,.F.,(4,4),(0.,0.000428546745376558),.UNSPECIFIED.);
#5059=B_SPLINE_CURVE_WITH_KNOTS('',3,(#8708,#8709,#8710,#8711,#8712),
 .UNSPECIFIED.,.F.,.F.,(4,1,4),(0.,0.000409793712846763,0.000819587425693526),
 .UNSPECIFIED.);
#5060=B_SPLINE_CURVE_WITH_KNOTS('',3,(#8714,#8715,#8716,#8717,#8718),
 .UNSPECIFIED.,.F.,.F.,(4,1,4),(0.,0.00040986093917139,0.00081972187834278),
 .UNSPECIFIED.);
#5061=B_SPLINE_CURVE_WITH_KNOTS('',3,(#8727,#8728,#8729,#8730,#8731),
 .UNSPECIFIED.,.F.,.F.,(4,1,4),(0.,0.000716263977990987,0.00143252795598197),
 .UNSPECIFIED.);
#5062=B_SPLINE_CURVE_WITH_KNOTS('',3,(#8734,#8735,#8736,#8737,#8738),
 .UNSPECIFIED.,.F.,.F.,(4,1,4),(0.,0.000714877909716909,0.00142975581943382),
 .UNSPECIFIED.);
#5063=B_SPLINE_CURVE_WITH_KNOTS('',3,(#8740,#8741,#8742,#8743),
 .UNSPECIFIED.,.F.,.F.,(4,4),(0.,0.00187025446680998),.UNSPECIFIED.);
#5064=B_SPLINE_CURVE_WITH_KNOTS('',3,(#8745,#8746,#8747,#8748,#8749),
 .UNSPECIFIED.,.F.,.F.,(4,1,4),(0.,0.000946956667340534,0.00189391333468107),
 .UNSPECIFIED.);
#5065=B_SPLINE_CURVE_WITH_KNOTS('',3,(#8751,#8752,#8753,#8754,#8755),
 .UNSPECIFIED.,.F.,.F.,(4,1,4),(0.,0.000719088327467823,0.00143817665493565),
 .UNSPECIFIED.);
#5066=B_SPLINE_CURVE_WITH_KNOTS('',3,(#8757,#8758,#8759,#8760,#8761),
 .UNSPECIFIED.,.F.,.F.,(4,1,4),(0.,0.000711891744588027,0.00142378348917605),
 .UNSPECIFIED.);
#5067=B_SPLINE_CURVE_WITH_KNOTS('',3,(#8763,#8764,#8765,#8766),
 .UNSPECIFIED.,.F.,.F.,(4,4),(0.,0.0018655587868572),.UNSPECIFIED.);
#5068=B_SPLINE_CURVE_WITH_KNOTS('',3,(#8768,#8769,#8770,#8771,#8772),
 .UNSPECIFIED.,.F.,.F.,(4,1,4),(0.,0.000952931500195774,0.00190586300039155),
 .UNSPECIFIED.);
#5069=B_SPLINE_CURVE_WITH_KNOTS('',3,(#8786,#8787,#8788,#8789),
 .UNSPECIFIED.,.F.,.F.,(4,4),(0.,0.000341764882723001),.UNSPECIFIED.);
#5070=B_SPLINE_CURVE_WITH_KNOTS('',3,(#8791,#8792,#8793,#8794),
 .UNSPECIFIED.,.F.,.F.,(4,4),(0.,0.000332967523202261),.UNSPECIFIED.);
#5071=B_SPLINE_CURVE_WITH_KNOTS('',3,(#8796,#8797,#8798,#8799),
 .UNSPECIFIED.,.F.,.F.,(4,4),(0.,0.000628952964894943),.UNSPECIFIED.);
#5072=B_SPLINE_CURVE_WITH_KNOTS('',3,(#8803,#8804,#8805,#8806),
 .UNSPECIFIED.,.F.,.F.,(4,4),(0.,0.000920519596191233),.UNSPECIFIED.);
#5073=B_SPLINE_CURVE_WITH_KNOTS('',3,(#8808,#8809,#8810,#8811),
 .UNSPECIFIED.,.F.,.F.,(4,4),(0.,0.000935777995367302),.UNSPECIFIED.);
#5074=B_SPLINE_CURVE_WITH_KNOTS('',3,(#8813,#8814,#8815,#8816),
 .UNSPECIFIED.,.F.,.F.,(4,4),(0.,0.000948707846526805),.UNSPECIFIED.);
#5075=B_SPLINE_CURVE_WITH_KNOTS('',3,(#8835,#8836,#8837,#8838),
 .UNSPECIFIED.,.F.,.F.,(4,4),(0.,0.000271728799642028),.UNSPECIFIED.);
#5076=B_SPLINE_CURVE_WITH_KNOTS('',3,(#8841,#8842,#8843,#8844),
 .UNSPECIFIED.,.F.,.F.,(4,4),(6.20273569503114E-18,0.000711652549590187),
 .UNSPECIFIED.);
#5077=B_SPLINE_CURVE_WITH_KNOTS('',3,(#8846,#8847,#8848,#8849),
 .UNSPECIFIED.,.F.,.F.,(4,4),(0.,0.00111232604791078),.UNSPECIFIED.);
#5078=B_SPLINE_CURVE_WITH_KNOTS('',3,(#8851,#8852,#8853,#8854),
 .UNSPECIFIED.,.F.,.F.,(4,4),(0.,0.000829679401501846),.UNSPECIFIED.);
#5079=B_SPLINE_CURVE_WITH_KNOTS('',3,(#8856,#8857,#8858,#8859),
 .UNSPECIFIED.,.F.,.F.,(4,4),(0.,0.00114753033710555),.UNSPECIFIED.);
#5080=B_SPLINE_CURVE_WITH_KNOTS('',3,(#8861,#8862,#8863,#8864),
 .UNSPECIFIED.,.F.,.F.,(4,4),(0.,0.00134891321819862),.UNSPECIFIED.);
#5081=B_SPLINE_CURVE_WITH_KNOTS('',3,(#8866,#8867,#8868,#8869),
 .UNSPECIFIED.,.F.,.F.,(4,4),(0.,0.00137450307224266),.UNSPECIFIED.);
#5082=B_SPLINE_CURVE_WITH_KNOTS('',3,(#8873,#8874,#8875,#8876),
 .UNSPECIFIED.,.F.,.F.,(4,4),(5.13596078961397E-18,0.000860041455332059),
 .UNSPECIFIED.);
#5083=B_SPLINE_CURVE_WITH_KNOTS('',3,(#8878,#8879,#8880,#8881),
 .UNSPECIFIED.,.F.,.F.,(4,4),(5.2591389661254E-12,0.000609263680498696),
 .UNSPECIFIED.);
#5084=B_SPLINE_CURVE_WITH_KNOTS('',3,(#8883,#8884,#8885,#8886),
 .UNSPECIFIED.,.F.,.F.,(4,4),(1.47451495458029E-17,0.00052655712066337),
 .UNSPECIFIED.);
#5085=B_SPLINE_CURVE_WITH_KNOTS('',3,(#8888,#8889,#8890,#8891),
 .UNSPECIFIED.,.F.,.F.,(4,4),(6.84336868338685E-18,0.000429762720130506),
 .UNSPECIFIED.);
#5086=B_SPLINE_CURVE_WITH_KNOTS('',3,(#8893,#8894,#8895,#8896),
 .UNSPECIFIED.,.F.,.F.,(4,4),(9.61540905773341E-16,0.000260418516135526),
 .UNSPECIFIED.);
#5087=B_SPLINE_CURVE_WITH_KNOTS('',3,(#8898,#8899,#8900,#8901),
 .UNSPECIFIED.,.F.,.F.,(4,4),(0.,0.000307131282641668),.UNSPECIFIED.);
#5088=B_SPLINE_CURVE_WITH_KNOTS('',3,(#8903,#8904,#8905,#8906),
 .UNSPECIFIED.,.F.,.F.,(4,4),(1.68690151593701E-17,0.000687358598724958),
 .UNSPECIFIED.);
#5089=B_SPLINE_CURVE_WITH_KNOTS('',3,(#8908,#8909,#8910,#8911),
 .UNSPECIFIED.,.F.,.F.,(4,4),(5.60544057122005E-18,0.000755679966989222),
 .UNSPECIFIED.);
#5090=B_SPLINE_CURVE_WITH_KNOTS('',3,(#8913,#8914,#8915,#8916),
 .UNSPECIFIED.,.F.,.F.,(4,4),(1.44184810381175E-14,0.000553843008862168),
 .UNSPECIFIED.);
#5091=B_SPLINE_CURVE_WITH_KNOTS('',3,(#8918,#8919,#8920,#8921),
 .UNSPECIFIED.,.F.,.F.,(4,4),(2.00975524352108E-17,0.000597507770246588),
 .UNSPECIFIED.);
#5092=B_SPLINE_CURVE_WITH_KNOTS('',3,(#8923,#8924,#8925,#8926),
 .UNSPECIFIED.,.F.,.F.,(4,4),(0.,0.00110769161980561),.UNSPECIFIED.);
#5093=B_SPLINE_CURVE_WITH_KNOTS('',3,(#8928,#8929,#8930,#8931),
 .UNSPECIFIED.,.F.,.F.,(4,4),(1.77809156287623E-17,0.00124502101165574),
 .UNSPECIFIED.);
#5094=B_SPLINE_CURVE_WITH_KNOTS('',3,(#8933,#8934,#8935,#8936),
 .UNSPECIFIED.,.F.,.F.,(4,4),(0.,0.000704024114832688),.UNSPECIFIED.);
#5095=B_SPLINE_CURVE_WITH_KNOTS('',3,(#8938,#8939,#8940,#8941),
 .UNSPECIFIED.,.F.,.F.,(4,4),(-1.91955728005497E-10,0.000737479332420507),
 .UNSPECIFIED.);
#5096=B_SPLINE_CURVE_WITH_KNOTS('',3,(#8945,#8946,#8947,#8948),
 .UNSPECIFIED.,.F.,.F.,(4,4),(1.56125112837913E-17,0.000659110441074469),
 .UNSPECIFIED.);
#5097=B_SPLINE_CURVE_WITH_KNOTS('',3,(#8950,#8951,#8952,#8953),
 .UNSPECIFIED.,.F.,.F.,(4,4),(3.51158974778718E-13,0.000487115445099201),
 .UNSPECIFIED.);
#5098=B_SPLINE_CURVE_WITH_KNOTS('',3,(#8955,#8956,#8957,#8958),
 .UNSPECIFIED.,.F.,.F.,(4,4),(3.20601350645784E-17,0.000463959944559089),
 .UNSPECIFIED.);
#5099=B_SPLINE_CURVE_WITH_KNOTS('',3,(#8960,#8961,#8962,#8963),
 .UNSPECIFIED.,.F.,.F.,(4,4),(6.26466798366333E-15,0.000385439706124614),
 .UNSPECIFIED.);
#5100=B_SPLINE_CURVE_WITH_KNOTS('',3,(#8965,#8966,#8967,#8968),
 .UNSPECIFIED.,.F.,.F.,(4,4),(0.00266233316302812,0.00290170150766387),
 .UNSPECIFIED.);
#5101=B_SPLINE_CURVE_WITH_KNOTS('',3,(#8986,#8987,#8988,#8989),
 .UNSPECIFIED.,.F.,.F.,(4,4),(3.43954465603646E-14,0.000472053000067007),
 .UNSPECIFIED.);
#5102=B_SPLINE_CURVE_WITH_KNOTS('',3,(#9000,#9001,#9002,#9003),
 .UNSPECIFIED.,.F.,.F.,(4,4),(0.,0.000474641343981144),.UNSPECIFIED.);
#5103=B_SPLINE_CURVE_WITH_KNOTS('',3,(#9006,#9007,#9008,#9009),
 .UNSPECIFIED.,.F.,.F.,(4,4),(0.,0.000615669608769581),.UNSPECIFIED.);
#5104=B_SPLINE_CURVE_WITH_KNOTS('',3,(#9011,#9012,#9013,#9014),
 .UNSPECIFIED.,.F.,.F.,(4,4),(0.,0.00084156878935838),.UNSPECIFIED.);
#5105=B_SPLINE_CURVE_WITH_KNOTS('',3,(#9022,#9023,#9024,#9025),
 .UNSPECIFIED.,.F.,.F.,(4,4),(0.,0.000606214897867076),.UNSPECIFIED.);
#5106=B_SPLINE_CURVE_WITH_KNOTS('',3,(#9027,#9028,#9029,#9030),
 .UNSPECIFIED.,.F.,.F.,(4,4),(0.,0.000474322145686974),.UNSPECIFIED.);
#5107=B_SPLINE_CURVE_WITH_KNOTS('',3,(#9032,#9033,#9034,#9035),
 .UNSPECIFIED.,.F.,.F.,(4,4),(0.,0.000637004338385435),.UNSPECIFIED.);
#5108=B_SPLINE_CURVE_WITH_KNOTS('',3,(#9037,#9038,#9039,#9040),
 .UNSPECIFIED.,.F.,.F.,(4,4),(0.,0.000929015831324968),.UNSPECIFIED.);
#5109=B_SPLINE_CURVE_WITH_KNOTS('',3,(#9054,#9055,#9056,#9057),
 .UNSPECIFIED.,.F.,.F.,(4,4),(3.00426204114507E-13,0.000574286078553452),
 .UNSPECIFIED.);
#5110=B_SPLINE_CURVE_WITH_KNOTS('',3,(#9059,#9060,#9061,#9062),
 .UNSPECIFIED.,.F.,.F.,(4,4),(8.33073745070314E-18,0.000648322641902884),
 .UNSPECIFIED.);
#5111=B_SPLINE_CURVE_WITH_KNOTS('',3,(#9064,#9065,#9066,#9067,#9068),
 .UNSPECIFIED.,.F.,.F.,(4,1,4),(0.,0.000634562846600116,0.00126912569320023),
 .UNSPECIFIED.);
#5112=B_SPLINE_CURVE_WITH_KNOTS('',3,(#9072,#9073,#9074,#9075),
 .UNSPECIFIED.,.F.,.F.,(4,4),(-6.48428272881363E-12,0.000581539794222405),
 .UNSPECIFIED.);
#5113=B_SPLINE_CURVE_WITH_KNOTS('',3,(#9077,#9078,#9079,#9080),
 .UNSPECIFIED.,.F.,.F.,(4,4),(-1.99491364470368E-9,0.000650925452502764),
 .UNSPECIFIED.);
#5114=B_SPLINE_CURVE_WITH_KNOTS('',3,(#9082,#9083,#9084,#9085),
 .UNSPECIFIED.,.F.,.F.,(4,4),(6.26965159251272E-18,0.00100476923663835),
 .UNSPECIFIED.);
#5115=B_SPLINE_CURVE_WITH_KNOTS('',3,(#9087,#9088,#9089,#9090),
 .UNSPECIFIED.,.F.,.F.,(4,4),(0.,0.00107249555417013),.UNSPECIFIED.);
#5116=B_SPLINE_CURVE_WITH_KNOTS('',3,(#9098,#9099,#9100,#9101),
 .UNSPECIFIED.,.F.,.F.,(4,4),(0.,0.000606283883690579),.UNSPECIFIED.);
#5117=B_SPLINE_CURVE_WITH_KNOTS('',3,(#9102,#9103,#9104,#9105),
 .UNSPECIFIED.,.F.,.F.,(4,4),(0.,0.00247005633745475),.UNSPECIFIED.);
#5118=B_SPLINE_CURVE_WITH_KNOTS('',3,(#9122,#9123,#9124,#9125),
 .UNSPECIFIED.,.F.,.F.,(4,4),(0.,0.00148712899282921),.UNSPECIFIED.);
#5119=B_SPLINE_CURVE_WITH_KNOTS('',3,(#9127,#9128,#9129,#9130),
 .UNSPECIFIED.,.F.,.F.,(4,4),(0.,0.00120032924945123),.UNSPECIFIED.);
#5120=B_SPLINE_CURVE_WITH_KNOTS('',3,(#9132,#9133,#9134,#9135),
 .UNSPECIFIED.,.F.,.F.,(4,4),(3.599294849291E-14,0.000779832674262348),
 .UNSPECIFIED.);
#5121=B_SPLINE_CURVE_WITH_KNOTS('',3,(#9137,#9138,#9139,#9140),
 .UNSPECIFIED.,.F.,.F.,(4,4),(2.41524133700043E-18,0.000831079210806626),
 .UNSPECIFIED.);
#5122=B_SPLINE_CURVE_WITH_KNOTS('',3,(#9163,#9164,#9165,#9166),
 .UNSPECIFIED.,.F.,.F.,(4,4),(0.,0.00109277566349247),.UNSPECIFIED.);
#5123=B_SPLINE_CURVE_WITH_KNOTS('',3,(#9179,#9180,#9181,#9182),
 .UNSPECIFIED.,.F.,.F.,(4,4),(0.,0.00150151019642845),.UNSPECIFIED.);
#5124=B_SPLINE_CURVE_WITH_KNOTS('',3,(#9206,#9207,#9208,#9209),
 .UNSPECIFIED.,.F.,.F.,(4,4),(-2.60945778873811E-15,0.000362981263065508),
 .UNSPECIFIED.);
#5125=B_SPLINE_CURVE_WITH_KNOTS('',3,(#9227,#9228,#9229,#9230),
 .UNSPECIFIED.,.F.,.F.,(4,4),(3.43954465603646E-14,0.000472053000638789),
 .UNSPECIFIED.);
#5126=B_SPLINE_CURVE_WITH_KNOTS('',3,(#9250,#9251,#9252,#9253),
 .UNSPECIFIED.,.F.,.F.,(4,4),(3.43967476029716E-14,0.000472053000635118),
 .UNSPECIFIED.);
#5127=B_SPLINE_CURVE_WITH_KNOTS('',3,(#9280,#9281,#9282,#9283),
 .UNSPECIFIED.,.F.,.F.,(4,4),(0.,0.000438748158569021),.UNSPECIFIED.);
#5128=B_SPLINE_CURVE_WITH_KNOTS('',3,(#9286,#9287,#9288,#9289),
 .UNSPECIFIED.,.F.,.F.,(4,4),(0.,0.000446580524169794),.UNSPECIFIED.);
#5129=B_SPLINE_CURVE_WITH_KNOTS('',3,(#9291,#9292,#9293,#9294),
 .UNSPECIFIED.,.F.,.F.,(4,4),(0.,0.000453734229856188),.UNSPECIFIED.);
#5130=B_SPLINE_CURVE_WITH_KNOTS('',3,(#9296,#9297,#9298,#9299),
 .UNSPECIFIED.,.F.,.F.,(4,4),(0.,0.00044027768170536),.UNSPECIFIED.);
#5131=B_SPLINE_CURVE_WITH_KNOTS('',3,(#9301,#9302,#9303,#9304),
 .UNSPECIFIED.,.F.,.F.,(4,4),(0.,0.000445518822544671),.UNSPECIFIED.);
#5132=B_SPLINE_CURVE_WITH_KNOTS('',3,(#9306,#9307,#9308,#9309),
 .UNSPECIFIED.,.F.,.F.,(4,4),(0.,0.000452662631492293),.UNSPECIFIED.);
#5133=B_SPLINE_CURVE_WITH_KNOTS('',3,(#9311,#9312,#9313,#9314),
 .UNSPECIFIED.,.F.,.F.,(4,4),(0.,0.000447730454774583),.UNSPECIFIED.);
#5134=B_SPLINE_CURVE_WITH_KNOTS('',3,(#9316,#9317,#9318,#9319),
 .UNSPECIFIED.,.F.,.F.,(4,4),(0.,0.000441011707022462),.UNSPECIFIED.);
#5135=B_SPLINE_CURVE_WITH_KNOTS('',3,(#9438,#9439,#9440,#9441,#9442),
 .UNSPECIFIED.,.F.,.F.,(4,1,4),(0.,0.000408597413920856,0.000817194827841711),
 .UNSPECIFIED.);
#5136=B_SPLINE_CURVE_WITH_KNOTS('',3,(#9445,#9446,#9447,#9448,#9449),
 .UNSPECIFIED.,.F.,.F.,(4,1,4),(0.,0.000409861214218291,0.000819722428436582),
 .UNSPECIFIED.);
#5137=B_SPLINE_CURVE_WITH_KNOTS('',3,(#9451,#9452,#9453,#9454,#9455),
 .UNSPECIFIED.,.F.,.F.,(4,1,4),(0.,0.000409793922286539,0.000819587844573079),
 .UNSPECIFIED.);
#5138=B_SPLINE_CURVE_WITH_KNOTS('',3,(#9457,#9458,#9459,#9460),
 .UNSPECIFIED.,.F.,.F.,(4,4),(0.,0.000428547226018075),.UNSPECIFIED.);
#5139=B_SPLINE_CURVE_WITH_KNOTS('',3,(#9462,#9463,#9464,#9465),
 .UNSPECIFIED.,.F.,.F.,(4,4),(0.,0.000391008786652776),.UNSPECIFIED.);
#5140=B_SPLINE_CURVE_WITH_KNOTS('',3,(#9512,#9513,#9514,#9515),
 .UNSPECIFIED.,.F.,.F.,(4,4),(0.,0.000570774617565495),.UNSPECIFIED.);
#5141=B_SPLINE_CURVE_WITH_KNOTS('',3,(#9518,#9519,#9520,#9521),
 .UNSPECIFIED.,.F.,.F.,(4,4),(0.,0.000596929453923592),.UNSPECIFIED.);
#5142=B_SPLINE_CURVE_WITH_KNOTS('',3,(#9523,#9524,#9525,#9526),
 .UNSPECIFIED.,.F.,.F.,(4,4),(1.71144541119521E-17,0.000725184773462094),
 .UNSPECIFIED.);
#5143=B_SPLINE_CURVE_WITH_KNOTS('',3,(#9534,#9535,#9536,#9537),
 .UNSPECIFIED.,.F.,.F.,(4,4),(0.,0.000632311365426015),.UNSPECIFIED.);
#5144=B_SPLINE_CURVE_WITH_KNOTS('',3,(#9547,#9548,#9549,#9550),
 .UNSPECIFIED.,.F.,.F.,(4,4),(0.,0.00143296161965859),.UNSPECIFIED.);
#5145=B_SPLINE_CURVE_WITH_KNOTS('',3,(#9552,#9553,#9554,#9555),
 .UNSPECIFIED.,.F.,.F.,(4,4),(0.,0.00129988839232417),.UNSPECIFIED.);
#5146=B_SPLINE_CURVE_WITH_KNOTS('',3,(#9557,#9558,#9559,#9560),
 .UNSPECIFIED.,.F.,.F.,(4,4),(0.,0.00122396962537377),.UNSPECIFIED.);
#5147=B_SPLINE_CURVE_WITH_KNOTS('',3,(#9562,#9563,#9564,#9565),
 .UNSPECIFIED.,.F.,.F.,(4,4),(0.,0.00137944507473029),.UNSPECIFIED.);
#5148=B_SPLINE_CURVE_WITH_KNOTS('',3,(#9590,#9591,#9592,#9593),
 .UNSPECIFIED.,.F.,.F.,(4,4),(1.87157652208178E-17,0.000725184039601174),
 .UNSPECIFIED.);
#5149=B_SPLINE_CURVE_WITH_KNOTS('',3,(#9604,#9605,#9606,#9607),
 .UNSPECIFIED.,.F.,.F.,(4,4),(0.,0.000596928559134428),.UNSPECIFIED.);
#5150=B_SPLINE_CURVE_WITH_KNOTS('',3,(#9618,#9619,#9620,#9621),
 .UNSPECIFIED.,.F.,.F.,(4,4),(0.,0.000570773923835008),.UNSPECIFIED.);
#5151=B_SPLINE_CURVE_WITH_KNOTS('',3,(#9632,#9633,#9634,#9635),
 .UNSPECIFIED.,.F.,.F.,(4,4),(0.,0.000632310563032109),.UNSPECIFIED.);
#5152=B_SPLINE_CURVE_WITH_KNOTS('',3,(#9684,#9685,#9686,#9687),
 .UNSPECIFIED.,.F.,.F.,(4,4),(0.,0.000438748452407738),.UNSPECIFIED.);
#5153=B_SPLINE_CURVE_WITH_KNOTS('',3,(#9690,#9691,#9692,#9693),
 .UNSPECIFIED.,.F.,.F.,(4,4),(0.,0.000441012010462295),.UNSPECIFIED.);
#5154=B_SPLINE_CURVE_WITH_KNOTS('',3,(#9695,#9696,#9697,#9698),
 .UNSPECIFIED.,.F.,.F.,(4,4),(0.,0.000447730800500334),.UNSPECIFIED.);
#5155=B_SPLINE_CURVE_WITH_KNOTS('',3,(#9700,#9701,#9702,#9703),
 .UNSPECIFIED.,.F.,.F.,(4,4),(0.,0.000452663179385909),.UNSPECIFIED.);
#5156=B_SPLINE_CURVE_WITH_KNOTS('',3,(#9705,#9706,#9707,#9708),
 .UNSPECIFIED.,.F.,.F.,(4,4),(0.,0.000445519181830465),.UNSPECIFIED.);
#5157=B_SPLINE_CURVE_WITH_KNOTS('',3,(#9710,#9711,#9712,#9713),
 .UNSPECIFIED.,.F.,.F.,(4,4),(0.,0.000440278061714072),.UNSPECIFIED.);
#5158=B_SPLINE_CURVE_WITH_KNOTS('',3,(#9715,#9716,#9717,#9718),
 .UNSPECIFIED.,.F.,.F.,(4,4),(0.,0.000453734733820964),.UNSPECIFIED.);
#5159=B_SPLINE_CURVE_WITH_KNOTS('',3,(#9720,#9721,#9722,#9723),
 .UNSPECIFIED.,.F.,.F.,(4,4),(0.,0.000446580889180712),.UNSPECIFIED.);
#5160=B_SPLINE_CURVE_WITH_KNOTS('',3,(#9797,#9798,#9799,#9800,#9801),
 .UNSPECIFIED.,.F.,.F.,(4,1,4),(0.,0.000952934644527168,0.00190586928905434),
 .UNSPECIFIED.);
#5161=B_SPLINE_CURVE_WITH_KNOTS('',3,(#9804,#9805,#9806,#9807),
 .UNSPECIFIED.,.F.,.F.,(4,4),(0.,0.00186556522829546),.UNSPECIFIED.);
#5162=B_SPLINE_CURVE_WITH_KNOTS('',3,(#9809,#9810,#9811,#9812,#9813),
 .UNSPECIFIED.,.F.,.F.,(4,1,4),(0.,0.000711898376237162,0.00142379675247432),
 .UNSPECIFIED.);
#5163=B_SPLINE_CURVE_WITH_KNOTS('',3,(#9815,#9816,#9817,#9818,#9819),
 .UNSPECIFIED.,.F.,.F.,(4,1,4),(0.,0.000719092323525086,0.00143818464705017),
 .UNSPECIFIED.);
#5164=B_SPLINE_CURVE_WITH_KNOTS('',3,(#9821,#9822,#9823,#9824,#9825),
 .UNSPECIFIED.,.F.,.F.,(4,1,4),(0.,0.000946959067740739,0.00189391813548148),
 .UNSPECIFIED.);
#5165=B_SPLINE_CURVE_WITH_KNOTS('',3,(#9827,#9828,#9829,#9830),
 .UNSPECIFIED.,.F.,.F.,(4,4),(0.,0.00187025938170114),.UNSPECIFIED.);
#5166=B_SPLINE_CURVE_WITH_KNOTS('',3,(#9832,#9833,#9834,#9835,#9836),
 .UNSPECIFIED.,.F.,.F.,(4,1,4),(0.,0.000714882157152629,0.00142976431430526),
 .UNSPECIFIED.);
#5167=B_SPLINE_CURVE_WITH_KNOTS('',3,(#9838,#9839,#9840,#9841,#9842),
 .UNSPECIFIED.,.F.,.F.,(4,1,4),(0.,0.000716270602744696,0.00143254120548939),
 .UNSPECIFIED.);
#5168=B_SPLINE_CURVE_WITH_KNOTS('',3,(#9843,#9844,#9845,#9846),
 .UNSPECIFIED.,.F.,.F.,(4,4),(0.,0.00125913938643228),.UNSPECIFIED.);
#5169=B_SPLINE_CURVE_WITH_KNOTS('',3,(#9849,#9850,#9851,#9852),
 .UNSPECIFIED.,.F.,.F.,(4,4),(0.,0.00124527559634585),.UNSPECIFIED.);
#5170=B_SPLINE_CURVE_WITH_KNOTS('',3,(#9854,#9855,#9856,#9857,#9858),
 .UNSPECIFIED.,.F.,.F.,(4,1,4),(0.,0.000335000567632467,0.000670001135264934),
 .UNSPECIFIED.);
#5171=B_SPLINE_CURVE_WITH_KNOTS('',3,(#9860,#9861,#9862,#9863,#9864),
 .UNSPECIFIED.,.F.,.F.,(4,1,4),(0.,0.000333313831143957,0.000666627662287914),
 .UNSPECIFIED.);
#5172=B_SPLINE_CURVE_WITH_KNOTS('',3,(#9866,#9867,#9868,#9869),
 .UNSPECIFIED.,.F.,.F.,(4,4),(0.,0.00125360676978956),.UNSPECIFIED.);
#5173=B_SPLINE_CURVE_WITH_KNOTS('',3,(#9871,#9872,#9873,#9874),
 .UNSPECIFIED.,.F.,.F.,(4,4),(0.,0.00125330511524335),.UNSPECIFIED.);
#5174=B_SPLINE_CURVE_WITH_KNOTS('',3,(#9876,#9877,#9878,#9879,#9880),
 .UNSPECIFIED.,.F.,.F.,(4,1,4),(0.,0.000334359058631439,0.000668718117262878),
 .UNSPECIFIED.);
#5175=B_SPLINE_CURVE_WITH_KNOTS('',3,(#9882,#9883,#9884,#9885,#9886),
 .UNSPECIFIED.,.F.,.F.,(4,1,4),(0.,0.000332466107495289,0.000664932214990578),
 .UNSPECIFIED.);
#5176=B_SPLINE_CURVE_WITH_KNOTS('',3,(#9967,#9968,#9969,#9970,#9971),
 .UNSPECIFIED.,.F.,.F.,(4,1,4),(0.,0.00033246596022005,0.0006649319204401),
 .UNSPECIFIED.);
#5177=B_SPLINE_CURVE_WITH_KNOTS('',3,(#9984,#9985,#9986,#9987),
 .UNSPECIFIED.,.F.,.F.,(4,4),(0.,0.00125913923998322),.UNSPECIFIED.);
#5178=B_SPLINE_CURVE_WITH_KNOTS('',3,(#9998,#9999,#10000,#10001),
 .UNSPECIFIED.,.F.,.F.,(4,4),(0.,0.00124527547204765),.UNSPECIFIED.);
#5179=B_SPLINE_CURVE_WITH_KNOTS('',3,(#10012,#10013,#10014,#10015,#10016),
 .UNSPECIFIED.,.F.,.F.,(4,1,4),(0.,0.0003350004299847,0.0006700008599694),
 .UNSPECIFIED.);
#5180=B_SPLINE_CURVE_WITH_KNOTS('',3,(#10027,#10028,#10029,#10030,#10031),
 .UNSPECIFIED.,.F.,.F.,(4,1,4),(0.,0.000333313306331564,0.000666626612663127),
 .UNSPECIFIED.);
#5181=B_SPLINE_CURVE_WITH_KNOTS('',3,(#10042,#10043,#10044,#10045),
 .UNSPECIFIED.,.F.,.F.,(4,4),(0.,0.00125360649495175),.UNSPECIFIED.);
#5182=B_SPLINE_CURVE_WITH_KNOTS('',3,(#10056,#10057,#10058,#10059),
 .UNSPECIFIED.,.F.,.F.,(4,4),(0.,0.00125330488799161),.UNSPECIFIED.);
#5183=B_SPLINE_CURVE_WITH_KNOTS('',3,(#10070,#10071,#10072,#10073,#10074),
 .UNSPECIFIED.,.F.,.F.,(4,1,4),(0.,0.000334358564042973,0.000668717128085946),
 .UNSPECIFIED.);
#5184=B_SPLINE_CURVE_WITH_KNOTS('',3,(#10114,#10115,#10116,#10117),
 .UNSPECIFIED.,.F.,.F.,(4,4),(0.,0.000948709180500222),.UNSPECIFIED.);
#5185=B_SPLINE_CURVE_WITH_KNOTS('',3,(#10119,#10120,#10121,#10122),
 .UNSPECIFIED.,.F.,.F.,(4,4),(0.,0.0009357796438939),.UNSPECIFIED.);
#5186=B_SPLINE_CURVE_WITH_KNOTS('',3,(#10124,#10125,#10126,#10127),
 .UNSPECIFIED.,.F.,.F.,(4,4),(0.,0.000920528946171738),.UNSPECIFIED.);
#5187=B_SPLINE_CURVE_WITH_KNOTS('',3,(#10131,#10132,#10133,#10134),
 .UNSPECIFIED.,.F.,.F.,(4,4),(0.,0.000628961474575099),.UNSPECIFIED.);
#5188=B_SPLINE_CURVE_WITH_KNOTS('',3,(#10136,#10137,#10138,#10139),
 .UNSPECIFIED.,.F.,.F.,(4,4),(0.,0.000332968282596877),.UNSPECIFIED.);
#5189=B_SPLINE_CURVE_WITH_KNOTS('',3,(#10141,#10142,#10143,#10144),
 .UNSPECIFIED.,.F.,.F.,(4,4),(0.,0.00034176490775968),.UNSPECIFIED.);
#5190=B_SPLINE_CURVE_WITH_KNOTS('',3,(#10226,#10227,#10228,#10229),
 .UNSPECIFIED.,.F.,.F.,(4,4),(0.,0.000271729282171799),.UNSPECIFIED.);
#5191=B_SPLINE_CURVE_WITH_KNOTS('',3,(#10232,#10233,#10234,#10235),
 .UNSPECIFIED.,.F.,.F.,(4,4),(0.0026623349558715,0.00290170342903019),
 .UNSPECIFIED.);
#5192=B_SPLINE_CURVE_WITH_KNOTS('',3,(#10237,#10238,#10239,#10240),
 .UNSPECIFIED.,.F.,.F.,(4,4),(6.48840941852451E-15,0.000385440096749901),
 .UNSPECIFIED.);
#5193=B_SPLINE_CURVE_WITH_KNOTS('',3,(#10242,#10243,#10244,#10245),
 .UNSPECIFIED.,.F.,.F.,(4,4),(1.73810830548999E-17,0.000463960358405118),
 .UNSPECIFIED.);
#5194=B_SPLINE_CURVE_WITH_KNOTS('',3,(#10247,#10248,#10249,#10250),
 .UNSPECIFIED.,.F.,.F.,(4,4),(0.,1.),.UNSPECIFIED.);
#5195=B_SPLINE_CURVE_WITH_KNOTS('',3,(#10252,#10253,#10254,#10255),
 .UNSPECIFIED.,.F.,.F.,(4,4),(4.2007202949975E-17,0.000659118992915774),
 .UNSPECIFIED.);
#5196=B_SPLINE_CURVE_WITH_KNOTS('',3,(#10259,#10260,#10261,#10262),
 .UNSPECIFIED.,.F.,.F.,(4,4),(-1.91954790387458E-10,0.000737496042953012),
 .UNSPECIFIED.);
#5197=B_SPLINE_CURVE_WITH_KNOTS('',3,(#10264,#10265,#10266,#10267),
 .UNSPECIFIED.,.F.,.F.,(4,4),(0.,0.000704026464983828),.UNSPECIFIED.);
#5198=B_SPLINE_CURVE_WITH_KNOTS('',3,(#10269,#10270,#10271,#10272),
 .UNSPECIFIED.,.F.,.F.,(4,4),(0.,0.00124502967825293),.UNSPECIFIED.);
#5199=B_SPLINE_CURVE_WITH_KNOTS('',3,(#10274,#10275,#10276,#10277),
 .UNSPECIFIED.,.F.,.F.,(4,4),(0.,0.00110769955904332),.UNSPECIFIED.);
#5200=B_SPLINE_CURVE_WITH_KNOTS('',3,(#10279,#10280,#10281,#10282),
 .UNSPECIFIED.,.F.,.F.,(4,4),(1.17525965198119E-17,0.00059750955645079),
 .UNSPECIFIED.);
#5201=B_SPLINE_CURVE_WITH_KNOTS('',3,(#10284,#10285,#10286,#10287),
 .UNSPECIFIED.,.F.,.F.,(4,4),(1.49292709149234E-14,0.000553849925998983),
 .UNSPECIFIED.);
#5202=B_SPLINE_CURVE_WITH_KNOTS('',3,(#10289,#10290,#10291,#10292),
 .UNSPECIFIED.,.F.,.F.,(4,4),(1.61371392612712E-17,0.000755686609836665),
 .UNSPECIFIED.);
#5203=B_SPLINE_CURVE_WITH_KNOTS('',3,(#10294,#10295,#10296,#10297),
 .UNSPECIFIED.,.F.,.F.,(4,4),(8.67361737988404E-19,0.000687359053566556),
 .UNSPECIFIED.);
#5204=B_SPLINE_CURVE_WITH_KNOTS('',3,(#10299,#10300,#10301,#10302),
 .UNSPECIFIED.,.F.,.F.,(4,4),(0.,0.000307131602830066),.UNSPECIFIED.);
#5205=B_SPLINE_CURVE_WITH_KNOTS('',3,(#10304,#10305,#10306,#10307),
 .UNSPECIFIED.,.F.,.F.,(4,4),(9.96362920127799E-16,0.000260418650245198),
 .UNSPECIFIED.);
#5206=B_SPLINE_CURVE_WITH_KNOTS('',3,(#10309,#10310,#10311,#10312),
 .UNSPECIFIED.,.F.,.F.,(4,4),(5.55382496713543E-18,0.00042976303635977),
 .UNSPECIFIED.);
#5207=B_SPLINE_CURVE_WITH_KNOTS('',3,(#10314,#10315,#10316,#10317),
 .UNSPECIFIED.,.F.,.F.,(4,4),(1.96560800575361E-17,0.000526557376293739),
 .UNSPECIFIED.);
#5208=B_SPLINE_CURVE_WITH_KNOTS('',3,(#10319,#10320,#10321,#10322),
 .UNSPECIFIED.,.F.,.F.,(4,4),(5.26576770099647E-12,0.000609266664838329),
 .UNSPECIFIED.);
#5209=B_SPLINE_CURVE_WITH_KNOTS('',3,(#10324,#10325,#10326,#10327),
 .UNSPECIFIED.,.F.,.F.,(4,4),(1.04826147460864E-17,0.000860064731809904),
 .UNSPECIFIED.);
#5210=B_SPLINE_CURVE_WITH_KNOTS('',3,(#10331,#10332,#10333,#10334),
 .UNSPECIFIED.,.F.,.F.,(4,4),(0.,0.00137452993694282),.UNSPECIFIED.);
#5211=B_SPLINE_CURVE_WITH_KNOTS('',3,(#10336,#10337,#10338,#10339),
 .UNSPECIFIED.,.F.,.F.,(4,4),(0.,0.00134891944709958),.UNSPECIFIED.);
#5212=B_SPLINE_CURVE_WITH_KNOTS('',3,(#10341,#10342,#10343,#10344),
 .UNSPECIFIED.,.F.,.F.,(4,4),(0.,0.00114753809013615),.UNSPECIFIED.);
#5213=B_SPLINE_CURVE_WITH_KNOTS('',3,(#10346,#10347,#10348,#10349),
 .UNSPECIFIED.,.F.,.F.,(4,4),(0.,0.000829683030981761),.UNSPECIFIED.);
#5214=B_SPLINE_CURVE_WITH_KNOTS('',3,(#10351,#10352,#10353,#10354),
 .UNSPECIFIED.,.F.,.F.,(4,4),(0.,0.00111233566191417),.UNSPECIFIED.);
#5215=B_SPLINE_CURVE_WITH_KNOTS('',3,(#10356,#10357,#10358,#10359),
 .UNSPECIFIED.,.F.,.F.,(4,4),(1.11076499342709E-17,0.000711653008039429),
 .UNSPECIFIED.);
#5216=B_SPLINE_CURVE_WITH_KNOTS('',3,(#10534,#10535,#10536,#10537),
 .UNSPECIFIED.,.F.,.F.,(4,4),(3.56134392809349E-14,0.000472052997870305),
 .UNSPECIFIED.);
#5217=B_SPLINE_CURVE_WITH_KNOTS('',3,(#10590,#10591,#10592,#10593),
 .UNSPECIFIED.,.F.,.F.,(4,4),(0.,0.000474657669108526),.UNSPECIFIED.);
#5218=B_SPLINE_CURVE_WITH_KNOTS('',3,(#10596,#10597,#10598,#10599),
 .UNSPECIFIED.,.F.,.F.,(4,4),(0.,0.000606286601238326),.UNSPECIFIED.);
#5219=B_SPLINE_CURVE_WITH_KNOTS('',3,(#10607,#10608,#10609,#10610),
 .UNSPECIFIED.,.F.,.F.,(4,4),(0.,0.00107251433144932),.UNSPECIFIED.);
#5220=B_SPLINE_CURVE_WITH_KNOTS('',3,(#10612,#10613,#10614,#10615),
 .UNSPECIFIED.,.F.,.F.,(4,4),(9.36439419136885E-18,0.00100484232487396),
 .UNSPECIFIED.);
#5221=B_SPLINE_CURVE_WITH_KNOTS('',3,(#10617,#10618,#10619,#10620),
 .UNSPECIFIED.,.F.,.F.,(4,4),(-1.99488759783069E-9,0.000650945017106078),
 .UNSPECIFIED.);
#5222=B_SPLINE_CURVE_WITH_KNOTS('',3,(#10622,#10623,#10624,#10625),
 .UNSPECIFIED.,.F.,.F.,(4,4),(-6.48138438535603E-12,0.000581543271892198),
 .UNSPECIFIED.);
#5223=B_SPLINE_CURVE_WITH_KNOTS('',3,(#10629,#10630,#10631,#10632,#10633),
 .UNSPECIFIED.,.F.,.F.,(4,1,4),(0.,0.000634563434331028,0.00126912686866206),
 .UNSPECIFIED.);
#5224=B_SPLINE_CURVE_WITH_KNOTS('',3,(#10635,#10636,#10637,#10638),
 .UNSPECIFIED.,.F.,.F.,(4,4),(6.69401558508386E-18,0.000648336389518178),
 .UNSPECIFIED.);
#5225=B_SPLINE_CURVE_WITH_KNOTS('',3,(#10640,#10641,#10642,#10643),
 .UNSPECIFIED.,.F.,.F.,(4,4),(3.11117919497726E-13,0.000574301099092049),
 .UNSPECIFIED.);
#5226=B_SPLINE_CURVE_WITH_KNOTS('',3,(#10657,#10658,#10659,#10660),
 .UNSPECIFIED.,.F.,.F.,(4,4),(0.,0.00092901816258406),.UNSPECIFIED.);
#5227=B_SPLINE_CURVE_WITH_KNOTS('',3,(#10662,#10663,#10664,#10665),
 .UNSPECIFIED.,.F.,.F.,(4,4),(0.,0.00063702092961437),.UNSPECIFIED.);
#5228=B_SPLINE_CURVE_WITH_KNOTS('',3,(#10667,#10668,#10669,#10670),
 .UNSPECIFIED.,.F.,.F.,(4,4),(0.,0.000474327139843546),.UNSPECIFIED.);
#5229=B_SPLINE_CURVE_WITH_KNOTS('',3,(#10672,#10673,#10674,#10675),
 .UNSPECIFIED.,.F.,.F.,(4,4),(0.,0.000606215164186453),.UNSPECIFIED.);
#5230=B_SPLINE_CURVE_WITH_KNOTS('',3,(#10683,#10684,#10685,#10686),
 .UNSPECIFIED.,.F.,.F.,(4,4),(0.,0.000841569197325485),.UNSPECIFIED.);
#5231=B_SPLINE_CURVE_WITH_KNOTS('',3,(#10688,#10689,#10690,#10691),
 .UNSPECIFIED.,.F.,.F.,(4,4),(0.,0.000615680425820534),.UNSPECIFIED.);
#5232=B_SPLINE_CURVE_WITH_KNOTS('',3,(#10833,#10834,#10835,#10836),
 .UNSPECIFIED.,.F.,.F.,(4,4),(0.,0.000549547380433465),.UNSPECIFIED.);
#5233=B_SPLINE_CURVE_WITH_KNOTS('',3,(#10839,#10840,#10841,#10842),
 .UNSPECIFIED.,.F.,.F.,(4,4),(0.,0.000566599316977479),.UNSPECIFIED.);
#5234=B_SPLINE_CURVE_WITH_KNOTS('',3,(#10844,#10845,#10846,#10847),
 .UNSPECIFIED.,.F.,.F.,(4,4),(0.,0.00072649057678325),.UNSPECIFIED.);
#5235=B_SPLINE_CURVE_WITH_KNOTS('',3,(#10855,#10856,#10857,#10858),
 .UNSPECIFIED.,.F.,.F.,(4,4),(0.,0.000729269416972157),.UNSPECIFIED.);
#5236=B_SPLINE_CURVE_WITH_KNOTS('',3,(#10859,#10860,#10861,#10862),
 .UNSPECIFIED.,.F.,.F.,(4,4),(0.,0.0024700825594544),.UNSPECIFIED.);
#5237=B_SPLINE_CURVE_WITH_KNOTS('',3,(#10865,#10866,#10867,#10868),
 .UNSPECIFIED.,.F.,.F.,(4,4),(2.69310232716351E-18,0.000831088005685062),
 .UNSPECIFIED.);
#5238=B_SPLINE_CURVE_WITH_KNOTS('',3,(#10870,#10871,#10872,#10873),
 .UNSPECIFIED.,.F.,.F.,(4,4),(3.72735241030287E-14,0.000779836053327743),
 .UNSPECIFIED.);
#5239=B_SPLINE_CURVE_WITH_KNOTS('',3,(#10875,#10876,#10877,#10878),
 .UNSPECIFIED.,.F.,.F.,(4,4),(1.2266347333467E-18,0.00120033732065707),
 .UNSPECIFIED.);
#5240=B_SPLINE_CURVE_WITH_KNOTS('',3,(#10880,#10881,#10882,#10883),
 .UNSPECIFIED.,.F.,.F.,(4,4),(9.35183295943518E-18,0.00148713574677246),
 .UNSPECIFIED.);
#5241=B_SPLINE_CURVE_WITH_KNOTS('',3,(#10920,#10921,#10922,#10923),
 .UNSPECIFIED.,.F.,.F.,(4,4),(8.6778515111491E-19,0.000726489816009555),
 .UNSPECIFIED.);
#5242=B_SPLINE_CURVE_WITH_KNOTS('',3,(#10934,#10935,#10936,#10937),
 .UNSPECIFIED.,.F.,.F.,(4,4),(0.,0.000566599054207884),.UNSPECIFIED.);
#5243=B_SPLINE_CURVE_WITH_KNOTS('',3,(#10948,#10949,#10950,#10951),
 .UNSPECIFIED.,.F.,.F.,(4,4),(0.,0.000549547143890394),.UNSPECIFIED.);
#5244=B_SPLINE_CURVE_WITH_KNOTS('',3,(#10962,#10963,#10964,#10965),
 .UNSPECIFIED.,.F.,.F.,(4,4),(0.,0.000729268540889886),.UNSPECIFIED.);
#5245=B_SPLINE_CURVE_WITH_KNOTS('',3,(#11013,#11014,#11015,#11016),
 .UNSPECIFIED.,.F.,.F.,(4,4),(0.,0.00117843991449205),.UNSPECIFIED.);
#5246=B_SPLINE_CURVE_WITH_KNOTS('',3,(#11019,#11020,#11021,#11022),
 .UNSPECIFIED.,.F.,.F.,(4,4),(1.54246574226603E-17,0.00142777546151105),
 .UNSPECIFIED.);
#5247=B_SPLINE_CURVE_WITH_KNOTS('',3,(#11026,#11027,#11028,#11029),
 .UNSPECIFIED.,.F.,.F.,(4,4),(0.,0.00105127463572387),.UNSPECIFIED.);
#5248=B_SPLINE_CURVE_WITH_KNOTS('',3,(#11031,#11032,#11033,#11034,#11035),
 .UNSPECIFIED.,.F.,.F.,(4,1,4),(0.,0.000443199746257184,0.000886399492514369),
 .UNSPECIFIED.);
#5249=B_SPLINE_CURVE_WITH_KNOTS('',3,(#11041,#11042,#11043,#11044),
 .UNSPECIFIED.,.F.,.F.,(4,4),(0.,0.00125237064531988),.UNSPECIFIED.);
#5250=B_SPLINE_CURVE_WITH_KNOTS('',3,(#11046,#11047,#11048,#11049),
 .UNSPECIFIED.,.F.,.F.,(4,4),(0.,0.000964663368110261),.UNSPECIFIED.);
#5251=B_SPLINE_CURVE_WITH_KNOTS('',3,(#11051,#11052,#11053,#11054),
 .UNSPECIFIED.,.F.,.F.,(4,4),(0.,0.000914674560135907),.UNSPECIFIED.);
#5252=B_SPLINE_CURVE_WITH_KNOTS('',3,(#11056,#11057,#11058,#11059),
 .UNSPECIFIED.,.F.,.F.,(4,4),(0.,0.000891719021629843),.UNSPECIFIED.);
#5253=B_SPLINE_CURVE_WITH_KNOTS('',3,(#11061,#11062,#11063,#11064),
 .UNSPECIFIED.,.F.,.F.,(4,4),(0.,0.000697267259599275),.UNSPECIFIED.);
#5254=B_SPLINE_CURVE_WITH_KNOTS('',3,(#11066,#11067,#11068,#11069),
 .UNSPECIFIED.,.F.,.F.,(4,4),(2.61110460050326E-17,0.000674520979666215),
 .UNSPECIFIED.);
#5255=B_SPLINE_CURVE_WITH_KNOTS('',3,(#11079,#11080,#11081,#11082),
 .UNSPECIFIED.,.F.,.F.,(4,4),(0.,0.00106754607435991),.UNSPECIFIED.);
#5256=B_SPLINE_CURVE_WITH_KNOTS('',3,(#11083,#11084,#11085,#11086,#11087),
 .UNSPECIFIED.,.F.,.F.,(4,1,4),(0.,0.000360119433284211,0.000720238866568422),
 .UNSPECIFIED.);
#5257=B_SPLINE_CURVE_WITH_KNOTS('',3,(#11090,#11091,#11092,#11093),
 .UNSPECIFIED.,.F.,.F.,(4,4),(0.,0.000497643977016148),.UNSPECIFIED.);
#5258=B_SPLINE_CURVE_WITH_KNOTS('',3,(#11095,#11096,#11097,#11098),
 .UNSPECIFIED.,.F.,.F.,(4,4),(2.80473274041179E-17,0.000663662848139323),
 .UNSPECIFIED.);
#5259=B_SPLINE_CURVE_WITH_KNOTS('',3,(#11104,#11105,#11106,#11107),
 .UNSPECIFIED.,.F.,.F.,(4,4),(0.,0.000574724511272962),.UNSPECIFIED.);
#5260=B_SPLINE_CURVE_WITH_KNOTS('',3,(#11109,#11110,#11111,#11112),
 .UNSPECIFIED.,.F.,.F.,(4,4),(0.,0.000595668819892592),.UNSPECIFIED.);
#5261=B_SPLINE_CURVE_WITH_KNOTS('',3,(#11234,#11235,#11236,#11237),
 .UNSPECIFIED.,.F.,.F.,(4,4),(0.,0.000595668555456),.UNSPECIFIED.);
#5262=B_SPLINE_CURVE_WITH_KNOTS('',3,(#11250,#11251,#11252,#11253,#11254),
 .UNSPECIFIED.,.F.,.F.,(4,1,4),(0.,0.000360118743342524,0.000720237486685048),
 .UNSPECIFIED.);
#5263=B_SPLINE_CURVE_WITH_KNOTS('',3,(#11265,#11266,#11267,#11268),
 .UNSPECIFIED.,.F.,.F.,(4,4),(0.,0.000497643198469461),.UNSPECIFIED.);
#5264=B_SPLINE_CURVE_WITH_KNOTS('',3,(#11279,#11280,#11281,#11282),
 .UNSPECIFIED.,.F.,.F.,(4,4),(0.,0.000663662242341785),.UNSPECIFIED.);
#5265=B_SPLINE_CURVE_WITH_KNOTS('',3,(#11301,#11302,#11303,#11304),
 .UNSPECIFIED.,.F.,.F.,(4,4),(0.,0.000574724096188584),.UNSPECIFIED.);
#5266=B_SPLINE_CURVE_WITH_KNOTS('',3,(#11331,#11332,#11333,#11334),
 .UNSPECIFIED.,.F.,.F.,(4,4),(-1.35424707309751E-10,0.000441260836656),
 .UNSPECIFIED.);
#5267=B_SPLINE_CURVE_WITH_KNOTS('',3,(#11336,#11337,#11338,#11339),
 .UNSPECIFIED.,.F.,.F.,(4,4),(-3.17948792294409E-14,0.000578581733477313),
 .UNSPECIFIED.);
#5268=B_SPLINE_CURVE_WITH_KNOTS('',3,(#11347,#11348,#11349,#11350),
 .UNSPECIFIED.,.F.,.F.,(4,4),(1.95590071916385E-16,0.000588203928532301),
 .UNSPECIFIED.);
#5269=B_SPLINE_CURVE_WITH_KNOTS('',3,(#11374,#11375,#11376,#11377),
 .UNSPECIFIED.,.F.,.F.,(4,4),(1.88651178012478E-16,0.000588203921503658),
 .UNSPECIFIED.);
#5270=B_SPLINE_CURVE_WITH_KNOTS('',3,(#11387,#11388,#11389,#11390),
 .UNSPECIFIED.,.F.,.F.,(4,4),(-1.35424808845284E-10,0.000441260836330913),
 .UNSPECIFIED.);
#5271=B_SPLINE_CURVE_WITH_KNOTS('',3,(#11394,#11395,#11396,#11397),
 .UNSPECIFIED.,.F.,.F.,(4,4),(-1.28328771220598E-13,0.00057858173341235),
 .UNSPECIFIED.);
#5272=B_SPLINE_CURVE_WITH_KNOTS('',3,(#11411,#11412,#11413,#11414),
 .UNSPECIFIED.,.F.,.F.,(4,4),(9.88733362759063E-10,0.00109277576701811),
 .UNSPECIFIED.);
#5273=B_SPLINE_CURVE_WITH_KNOTS('',3,(#11417,#11418,#11419,#11420),
 .UNSPECIFIED.,.F.,.F.,(4,4),(-6.07153216591882E-18,0.000362981267391041),
 .UNSPECIFIED.);
#5274=B_SPLINE_CURVE_WITH_KNOTS('',3,(#11444,#11445,#11446,#11447),
 .UNSPECIFIED.,.F.,.F.,(4,4),(0.,0.0015015103431098),.UNSPECIFIED.);
#5275=B_SPLINE_CURVE_WITH_KNOTS('',3,(#11509,#11510,#11511,#11512),
 .UNSPECIFIED.,.F.,.F.,(4,4),(3.56130056000659E-14,0.00047205299786384),
 .UNSPECIFIED.);
#5276=B_SPLINE_CURVE_WITH_KNOTS('',3,(#11553,#11554,#11555,#11556),
 .UNSPECIFIED.,.F.,.F.,(4,4),(3.56143066426728E-14,0.000472052997860176),
 .UNSPECIFIED.);
#5277=B_SPLINE_CURVE_WITH_KNOTS('',3,(#11641,#11642,#11643,#11644),
 .UNSPECIFIED.,.F.,.F.,(4,4),(0.,0.000438748452407732),.UNSPECIFIED.);
#5278=B_SPLINE_CURVE_WITH_KNOTS('',3,(#11647,#11648,#11649,#11650),
 .UNSPECIFIED.,.F.,.F.,(4,4),(0.,0.000441012010462301),.UNSPECIFIED.);
#5279=B_SPLINE_CURVE_WITH_KNOTS('',3,(#11652,#11653,#11654,#11655),
 .UNSPECIFIED.,.F.,.F.,(4,4),(0.,0.000447730800500352),.UNSPECIFIED.);
#5280=B_SPLINE_CURVE_WITH_KNOTS('',3,(#11657,#11658,#11659,#11660),
 .UNSPECIFIED.,.F.,.F.,(4,4),(0.,0.00045266317938589),.UNSPECIFIED.);
#5281=B_SPLINE_CURVE_WITH_KNOTS('',3,(#11662,#11663,#11664,#11665),
 .UNSPECIFIED.,.F.,.F.,(4,4),(0.,0.000445519181830462),.UNSPECIFIED.);
#5282=B_SPLINE_CURVE_WITH_KNOTS('',3,(#11667,#11668,#11669,#11670),
 .UNSPECIFIED.,.F.,.F.,(4,4),(0.,0.000440278061714072),.UNSPECIFIED.);
#5283=B_SPLINE_CURVE_WITH_KNOTS('',3,(#11672,#11673,#11674,#11675),
 .UNSPECIFIED.,.F.,.F.,(4,4),(0.,0.000453734733820993),.UNSPECIFIED.);
#5284=B_SPLINE_CURVE_WITH_KNOTS('',3,(#11677,#11678,#11679,#11680),
 .UNSPECIFIED.,.F.,.F.,(4,4),(0.,0.000446580889180724),.UNSPECIFIED.);
#5285=B_SPLINE_CURVE_WITH_KNOTS('',3,(#11754,#11755,#11756,#11757,#11758),
 .UNSPECIFIED.,.F.,.F.,(4,1,4),(0.,0.000952934644527172,0.00190586928905434),
 .UNSPECIFIED.);
#5286=B_SPLINE_CURVE_WITH_KNOTS('',3,(#11761,#11762,#11763,#11764),
 .UNSPECIFIED.,.F.,.F.,(4,4),(0.,0.00186556522829544),.UNSPECIFIED.);
#5287=B_SPLINE_CURVE_WITH_KNOTS('',3,(#11766,#11767,#11768,#11769,#11770),
 .UNSPECIFIED.,.F.,.F.,(4,1,4),(0.,0.00071189837623716,0.00142379675247432),
 .UNSPECIFIED.);
#5288=B_SPLINE_CURVE_WITH_KNOTS('',3,(#11772,#11773,#11774,#11775,#11776),
 .UNSPECIFIED.,.F.,.F.,(4,1,4),(0.,0.000719092323525098,0.0014381846470502),
 .UNSPECIFIED.);
#5289=B_SPLINE_CURVE_WITH_KNOTS('',3,(#11778,#11779,#11780,#11781,#11782),
 .UNSPECIFIED.,.F.,.F.,(4,1,4),(0.,0.000946959067740734,0.00189391813548147),
 .UNSPECIFIED.);
#5290=B_SPLINE_CURVE_WITH_KNOTS('',3,(#11784,#11785,#11786,#11787),
 .UNSPECIFIED.,.F.,.F.,(4,4),(0.,0.00187025938170114),.UNSPECIFIED.);
#5291=B_SPLINE_CURVE_WITH_KNOTS('',3,(#11789,#11790,#11791,#11792,#11793),
 .UNSPECIFIED.,.F.,.F.,(4,1,4),(0.,0.000714882157152635,0.00142976431430527),
 .UNSPECIFIED.);
#5292=B_SPLINE_CURVE_WITH_KNOTS('',3,(#11795,#11796,#11797,#11798,#11799),
 .UNSPECIFIED.,.F.,.F.,(4,1,4),(0.,0.000716270602744682,0.00143254120548936),
 .UNSPECIFIED.);
#5293=B_SPLINE_CURVE_WITH_KNOTS('',3,(#11800,#11801,#11802,#11803),
 .UNSPECIFIED.,.F.,.F.,(4,4),(0.,0.00125913938643229),.UNSPECIFIED.);
#5294=B_SPLINE_CURVE_WITH_KNOTS('',3,(#11806,#11807,#11808,#11809),
 .UNSPECIFIED.,.F.,.F.,(4,4),(0.,0.00124527559634586),.UNSPECIFIED.);
#5295=B_SPLINE_CURVE_WITH_KNOTS('',3,(#11811,#11812,#11813,#11814,#11815),
 .UNSPECIFIED.,.F.,.F.,(4,1,4),(0.,0.000335000567632482,0.000670001135264964),
 .UNSPECIFIED.);
#5296=B_SPLINE_CURVE_WITH_KNOTS('',3,(#11817,#11818,#11819,#11820,#11821),
 .UNSPECIFIED.,.F.,.F.,(4,1,4),(0.,0.000333313831143963,0.000666627662287926),
 .UNSPECIFIED.);
#5297=B_SPLINE_CURVE_WITH_KNOTS('',3,(#11823,#11824,#11825,#11826),
 .UNSPECIFIED.,.F.,.F.,(4,4),(0.,0.00125360676978954),.UNSPECIFIED.);
#5298=B_SPLINE_CURVE_WITH_KNOTS('',3,(#11828,#11829,#11830,#11831),
 .UNSPECIFIED.,.F.,.F.,(4,4),(0.,0.00125330511524334),.UNSPECIFIED.);
#5299=B_SPLINE_CURVE_WITH_KNOTS('',3,(#11833,#11834,#11835,#11836,#11837),
 .UNSPECIFIED.,.F.,.F.,(4,1,4),(0.,0.00033435905863142,0.00066871811726284),
 .UNSPECIFIED.);
#5300=B_SPLINE_CURVE_WITH_KNOTS('',3,(#11839,#11840,#11841,#11842,#11843),
 .UNSPECIFIED.,.F.,.F.,(4,1,4),(0.,0.000332466107495295,0.00066493221499059),
 .UNSPECIFIED.);
#5301=B_SPLINE_CURVE_WITH_KNOTS('',3,(#11924,#11925,#11926,#11927,#11928),
 .UNSPECIFIED.,.F.,.F.,(4,1,4),(0.,0.000332465960220044,0.000664931920440088),
 .UNSPECIFIED.);
#5302=B_SPLINE_CURVE_WITH_KNOTS('',3,(#11941,#11942,#11943,#11944),
 .UNSPECIFIED.,.F.,.F.,(4,4),(0.,0.00125913923998321),.UNSPECIFIED.);
#5303=B_SPLINE_CURVE_WITH_KNOTS('',3,(#11955,#11956,#11957,#11958),
 .UNSPECIFIED.,.F.,.F.,(4,4),(0.,0.00124527547204766),.UNSPECIFIED.);
#5304=B_SPLINE_CURVE_WITH_KNOTS('',3,(#11969,#11970,#11971,#11972,#11973),
 .UNSPECIFIED.,.F.,.F.,(4,1,4),(0.,0.000335000429984695,0.000670000859969389),
 .UNSPECIFIED.);
#5305=B_SPLINE_CURVE_WITH_KNOTS('',3,(#11984,#11985,#11986,#11987,#11988),
 .UNSPECIFIED.,.F.,.F.,(4,1,4),(0.,0.000333313306331587,0.000666626612663175),
 .UNSPECIFIED.);
#5306=B_SPLINE_CURVE_WITH_KNOTS('',3,(#11999,#12000,#12001,#12002),
 .UNSPECIFIED.,.F.,.F.,(4,4),(0.,0.00125360649495175),.UNSPECIFIED.);
#5307=B_SPLINE_CURVE_WITH_KNOTS('',3,(#12013,#12014,#12015,#12016),
 .UNSPECIFIED.,.F.,.F.,(4,4),(0.,0.0012533048879916),.UNSPECIFIED.);
#5308=B_SPLINE_CURVE_WITH_KNOTS('',3,(#12027,#12028,#12029,#12030,#12031),
 .UNSPECIFIED.,.F.,.F.,(4,1,4),(0.,0.000334358564042986,0.000668717128085971),
 .UNSPECIFIED.);
#5309=B_SPLINE_CURVE_WITH_KNOTS('',3,(#12033,#12034,#12035,#12036),
 .UNSPECIFIED.,.F.,.F.,(4,4),(9.20810198731426E-18,0.000800863638214832),
 .UNSPECIFIED.);
#5310=B_SPLINE_CURVE_WITH_KNOTS('',3,(#12039,#12040,#12041,#12042),
 .UNSPECIFIED.,.F.,.F.,(4,4),(7.87391330903792E-18,0.000886761124433253),
 .UNSPECIFIED.);
#5311=B_SPLINE_CURVE_WITH_KNOTS('',3,(#12044,#12045,#12046,#12047),
 .UNSPECIFIED.,.F.,.F.,(4,4),(6.9755305241278E-14,0.000752183001596447),
 .UNSPECIFIED.);
#5312=B_SPLINE_CURVE_WITH_KNOTS('',3,(#12049,#12050,#12051,#12052),
 .UNSPECIFIED.,.F.,.F.,(4,4),(2.16840434497101E-18,0.00106936510865549),
 .UNSPECIFIED.);
#5313=B_SPLINE_CURVE_WITH_KNOTS('',3,(#12054,#12055,#12056,#12057),
 .UNSPECIFIED.,.F.,.F.,(4,4),(0.,0.00127943753677757),.UNSPECIFIED.);
#5314=B_SPLINE_CURVE_WITH_KNOTS('',3,(#12059,#12060,#12061,#12062),
 .UNSPECIFIED.,.F.,.F.,(4,4),(0.,0.00126644806933109),.UNSPECIFIED.);
#5315=B_SPLINE_CURVE_WITH_KNOTS('',3,(#12064,#12065,#12066,#12067),
 .UNSPECIFIED.,.F.,.F.,(4,4),(1.0842021724855E-18,0.00107601588029816),
 .UNSPECIFIED.);
#5316=B_SPLINE_CURVE_WITH_KNOTS('',3,(#12069,#12070,#12071,#12072),
 .UNSPECIFIED.,.F.,.F.,(4,4),(0.,0.00072141589843213),.UNSPECIFIED.);
#5317=B_SPLINE_CURVE_WITH_KNOTS('',3,(#12074,#12075,#12076,#12077),
 .UNSPECIFIED.,.F.,.F.,(4,4),(7.26010789801855E-18,0.000967015648094291),
 .UNSPECIFIED.);
#5318=B_SPLINE_CURVE_WITH_KNOTS('',3,(#12079,#12080,#12081,#12082),
 .UNSPECIFIED.,.F.,.F.,(4,4),(3.49644694633735E-18,0.000821959778821427),
 .UNSPECIFIED.);
#5319=B_SPLINE_CURVE_WITH_KNOTS('',3,(#12084,#12085,#12086,#12087),
 .UNSPECIFIED.,.F.,.F.,(4,4),(2.46218848454635E-14,0.000678708267379027),
 .UNSPECIFIED.);
#5320=B_SPLINE_CURVE_WITH_KNOTS('',3,(#12089,#12090,#12091,#12092),
 .UNSPECIFIED.,.F.,.F.,(4,4),(2.16840434497101E-18,0.000957487362520559),
 .UNSPECIFIED.);
#5321=B_SPLINE_CURVE_WITH_KNOTS('',3,(#12094,#12095,#12096,#12097),
 .UNSPECIFIED.,.F.,.F.,(4,4),(0.,0.00115305864614973),.UNSPECIFIED.);
#5322=B_SPLINE_CURVE_WITH_KNOTS('',3,(#12099,#12100,#12101,#12102),
 .UNSPECIFIED.,.F.,.F.,(4,4),(0.,0.00115303848323831),.UNSPECIFIED.);
#5323=B_SPLINE_CURVE_WITH_KNOTS('',3,(#12104,#12105,#12106,#12107),
 .UNSPECIFIED.,.F.,.F.,(4,4),(4.33680868994202E-19,0.000955075364558035),
 .UNSPECIFIED.);
#5324=B_SPLINE_CURVE_WITH_KNOTS('',3,(#12109,#12110,#12111,#12112),
 .UNSPECIFIED.,.F.,.F.,(4,4),(1.96152330395744E-15,0.000660984418783266),
 .UNSPECIFIED.);
#5325=B_SPLINE_CURVE_WITH_KNOTS('',3,(#12113,#12114,#12115,#12116),
 .UNSPECIFIED.,.F.,.F.,(4,4),(0.,0.000472949969274507),.UNSPECIFIED.);
#5326=B_SPLINE_CURVE_WITH_KNOTS('',3,(#12119,#12120,#12121,#12122),
 .UNSPECIFIED.,.F.,.F.,(4,4),(0.,0.00058749105889812),.UNSPECIFIED.);
#5327=B_SPLINE_CURVE_WITH_KNOTS('',3,(#12124,#12125,#12126,#12127),
 .UNSPECIFIED.,.F.,.F.,(4,4),(0.,0.000559146529053339),.UNSPECIFIED.);
#5328=B_SPLINE_CURVE_WITH_KNOTS('',3,(#12129,#12130,#12131,#12132),
 .UNSPECIFIED.,.F.,.F.,(4,4),(0.,0.000491140415504195),.UNSPECIFIED.);
#5329=B_SPLINE_CURVE_WITH_KNOTS('',3,(#12134,#12135,#12136,#12137,#12138),
 .UNSPECIFIED.,.F.,.F.,(4,1,4),(0.,0.000548991948879189,0.00109798389775838),
 .UNSPECIFIED.);
#5330=B_SPLINE_CURVE_WITH_KNOTS('',3,(#12140,#12141,#12142,#12143),
 .UNSPECIFIED.,.F.,.F.,(4,4),(0.,0.000714363463439208),.UNSPECIFIED.);
#5331=B_SPLINE_CURVE_WITH_KNOTS('',3,(#12145,#12146,#12147,#12148),
 .UNSPECIFIED.,.F.,.F.,(4,4),(0.,0.000453514299398988),.UNSPECIFIED.);
#5332=B_SPLINE_CURVE_WITH_KNOTS('',3,(#12149,#12150,#12151,#12152),
 .UNSPECIFIED.,.F.,.F.,(4,4),(1.05897195934758E-17,0.000538266972450826),
 .UNSPECIFIED.);
#5333=B_SPLINE_CURVE_WITH_KNOTS('',3,(#12155,#12156,#12157,#12158),
 .UNSPECIFIED.,.F.,.F.,(4,4),(5.06219091381645E-18,0.000548271208627021),
 .UNSPECIFIED.);
#5334=B_SPLINE_CURVE_WITH_KNOTS('',3,(#12160,#12161,#12162,#12163),
 .UNSPECIFIED.,.F.,.F.,(4,4),(6.94228120891928E-18,0.000372644424901922),
 .UNSPECIFIED.);
#5335=B_SPLINE_CURVE_WITH_KNOTS('',3,(#12165,#12166,#12167,#12168),
 .UNSPECIFIED.,.F.,.F.,(4,4),(4.33680868994202E-19,0.000395858447067413),
 .UNSPECIFIED.);
#5336=B_SPLINE_CURVE_WITH_KNOTS('',3,(#12170,#12171,#12172,#12173),
 .UNSPECIFIED.,.F.,.F.,(4,4),(0.,0.000440304734020172),.UNSPECIFIED.);
#5337=B_SPLINE_CURVE_WITH_KNOTS('',3,(#12175,#12176,#12177,#12178),
 .UNSPECIFIED.,.F.,.F.,(4,4),(0.,0.000439521982696767),.UNSPECIFIED.);
#5338=B_SPLINE_CURVE_WITH_KNOTS('',3,(#12180,#12181,#12182,#12183),
 .UNSPECIFIED.,.F.,.F.,(4,4),(8.67361737988404E-19,0.000401152504825797),
 .UNSPECIFIED.);
#5339=B_SPLINE_CURVE_WITH_KNOTS('',3,(#12185,#12186,#12187,#12188),
 .UNSPECIFIED.,.F.,.F.,(4,4),(4.20529640738202E-16,0.000384283998855028),
 .UNSPECIFIED.);
#5340=B_SPLINE_CURVE_WITH_KNOTS('',3,(#12313,#12314,#12315,#12316),
 .UNSPECIFIED.,.F.,.F.,(4,4),(0.,0.000714362949588576),.UNSPECIFIED.);
#5341=B_SPLINE_CURVE_WITH_KNOTS('',3,(#12329,#12330,#12331,#12332,#12333),
 .UNSPECIFIED.,.F.,.F.,(4,1,4),(0.,0.000548990088041908,0.00109798017608382),
 .UNSPECIFIED.);
#5342=B_SPLINE_CURVE_WITH_KNOTS('',3,(#12344,#12345,#12346,#12347),
 .UNSPECIFIED.,.F.,.F.,(4,4),(0.,0.000491139267101142),.UNSPECIFIED.);
#5343=B_SPLINE_CURVE_WITH_KNOTS('',3,(#12358,#12359,#12360,#12361),
 .UNSPECIFIED.,.F.,.F.,(4,4),(0.,0.000559144891389518),.UNSPECIFIED.);
#5344=B_SPLINE_CURVE_WITH_KNOTS('',3,(#12372,#12373,#12374,#12375),
 .UNSPECIFIED.,.F.,.F.,(4,4),(0.,0.000587490556964213),.UNSPECIFIED.);
#5345=B_SPLINE_CURVE_WITH_KNOTS('',3,(#12386,#12387,#12388,#12389),
 .UNSPECIFIED.,.F.,.F.,(4,4),(0.,0.00047294938530958),.UNSPECIFIED.);
#5346=B_SPLINE_CURVE_WITH_KNOTS('',3,(#12400,#12401,#12402,#12403),
 .UNSPECIFIED.,.F.,.F.,(4,4),(0.,0.0004535138015598),.UNSPECIFIED.);
#5347=B_SPLINE_CURVE_WITH_KNOTS('',3,(#12405,#12406,#12407,#12408),
 .UNSPECIFIED.,.F.,.F.,(4,4),(4.07121019664159E-16,0.000384283795916616),
 .UNSPECIFIED.);
#5348=B_SPLINE_CURVE_WITH_KNOTS('',3,(#12421,#12422,#12423,#12424),
 .UNSPECIFIED.,.F.,.F.,(4,4),(1.89347769197526E-18,0.000538266775568978),
 .UNSPECIFIED.);
#5349=B_SPLINE_CURVE_WITH_KNOTS('',3,(#12435,#12436,#12437,#12438),
 .UNSPECIFIED.,.F.,.F.,(4,4),(1.52730186596224E-17,0.000548270323059415),
 .UNSPECIFIED.);
#5350=B_SPLINE_CURVE_WITH_KNOTS('',3,(#12442,#12443,#12444,#12445),
 .UNSPECIFIED.,.F.,.F.,(4,4),(6.73253757269185E-18,0.000372643992134152),
 .UNSPECIFIED.);
#5351=B_SPLINE_CURVE_WITH_KNOTS('',3,(#12456,#12457,#12458,#12459),
 .UNSPECIFIED.,.F.,.F.,(4,4),(2.77691248356771E-18,0.000395857852556351),
 .UNSPECIFIED.);
#5352=B_SPLINE_CURVE_WITH_KNOTS('',3,(#12470,#12471,#12472,#12473),
 .UNSPECIFIED.,.F.,.F.,(4,4),(0.,0.000440303908369089),.UNSPECIFIED.);
#5353=B_SPLINE_CURVE_WITH_KNOTS('',3,(#12484,#12485,#12486,#12487),
 .UNSPECIFIED.,.F.,.F.,(4,4),(0.,0.0004395218013705),.UNSPECIFIED.);
#5354=B_SPLINE_CURVE_WITH_KNOTS('',3,(#12498,#12499,#12500,#12501),
 .UNSPECIFIED.,.F.,.F.,(4,4),(8.67361737988404E-19,0.000401152238028569),
 .UNSPECIFIED.);
#5355=EDGE_LOOP('',(#1376,#1377,#1378,#1379,#1380,#1381,#1382,#1383,#1384,
#1385,#1386,#1387,#1388,#1389,#1390,#1391));
#5356=EDGE_LOOP('',(#1392,#1393,#1394,#1395,#1396,#1397,#1398,#1399));
#5357=EDGE_LOOP('',(#1400,#1401,#1402,#1403,#1404,#1405,#1406,#1407,#1408,
#1409,#1410,#1411,#1412,#1413,#1414,#1415,#1416,#1417));
#5358=EDGE_LOOP('',(#1418,#1419,#1420,#1421,#1422,#1423,#1424,#1425));
#5359=EDGE_LOOP('',(#1426,#1427,#1428,#1429,#1430,#1431,#1432,#1433,#1434));
#5360=EDGE_LOOP('',(#1435,#1436,#1437,#1438,#1439));
#5361=EDGE_LOOP('',(#1440,#1441,#1442,#1443));
#5362=EDGE_LOOP('',(#1444,#1445,#1446,#1447,#1448,#1449,#1450,#1451));
#5363=EDGE_LOOP('',(#1452,#1453,#1454,#1455));
#5364=EDGE_LOOP('',(#1456,#1457,#1458,#1459,#1460,#1461,#1462,#1463,#1464,
#1465,#1466,#1467,#1468,#1469,#1470,#1471,#1472,#1473));
#5365=EDGE_LOOP('',(#1474,#1475,#1476,#1477,#1478,#1479,#1480,#1481,#1482,
#1483,#1484,#1485,#1486,#1487,#1488,#1489,#1490,#1491,#1492,#1493,#1494,
#1495,#1496,#1497,#1498,#1499,#1500,#1501));
#5366=EDGE_LOOP('',(#1502,#1503,#1504,#1505,#1506,#1507,#1508,#1509,#1510,
#1511));
#5367=EDGE_LOOP('',(#1512,#1513,#1514,#1515));
#5368=EDGE_LOOP('',(#1516,#1517,#1518,#1519,#1520,#1521,#1522,#1523,#1524,
#1525,#1526,#1527,#1528,#1529,#1530,#1531,#1532,#1533,#1534,#1535,#1536,
#1537,#1538,#1539,#1540,#1541,#1542,#1543));
#5369=EDGE_LOOP('',(#1544,#1545,#1546,#1547,#1548,#1549,#1550,#1551,#1552,
#1553,#1554,#1555));
#5370=EDGE_LOOP('',(#1556,#1557,#1558,#1559,#1560,#1561,#1562,#1563,#1564,
#1565,#1566));
#5371=EDGE_LOOP('',(#1567,#1568,#1569,#1570,#1571,#1572,#1573,#1574,#1575,
#1576,#1577,#1578,#1579,#1580,#1581,#1582,#1583,#1584,#1585));
#5372=EDGE_LOOP('',(#1586,#1587,#1588,#1589,#1590,#1591,#1592,#1593,#1594,
#1595));
#5373=EDGE_LOOP('',(#1596,#1597,#1598,#1599,#1600,#1601,#1602,#1603,#1604,
#1605));
#5374=EDGE_LOOP('',(#1606,#1607,#1608,#1609,#1610,#1611,#1612,#1613,#1614,
#1615,#1616,#1617));
#5375=EDGE_LOOP('',(#1618,#1619,#1620,#1621,#1622,#1623,#1624,#1625));
#5376=EDGE_LOOP('',(#1626,#1627,#1628,#1629));
#5377=EDGE_LOOP('',(#1630));
#5378=EDGE_LOOP('',(#1631,#1632,#1633,#1634,#1635,#1636));
#5379=EDGE_LOOP('',(#1637));
#5380=EDGE_LOOP('',(#1638,#1639,#1640,#1641,#1642,#1643));
#5381=EDGE_LOOP('',(#1644,#1645,#1646,#1647));
#5382=EDGE_LOOP('',(#1648));
#5383=EDGE_LOOP('',(#1649));
#5384=EDGE_LOOP('',(#1650,#1651,#1652,#1653));
#5385=EDGE_LOOP('',(#1654));
#5386=EDGE_LOOP('',(#1655));
#5387=EDGE_LOOP('',(#1656,#1657,#1658,#1659));
#5388=EDGE_LOOP('',(#1660,#1661,#1662,#1663));
#5389=EDGE_LOOP('',(#1664,#1665,#1666,#1667));
#5390=EDGE_LOOP('',(#1668,#1669,#1670,#1671));
#5391=EDGE_LOOP('',(#1672,#1673,#1674,#1675));
#5392=EDGE_LOOP('',(#1676,#1677,#1678,#1679));
#5393=EDGE_LOOP('',(#1680));
#5394=EDGE_LOOP('',(#1681,#1682,#1683,#1684));
#5395=EDGE_LOOP('',(#1685,#1686,#1687,#1688));
#5396=EDGE_LOOP('',(#1689,#1690,#1691,#1692));
#5397=EDGE_LOOP('',(#1693,#1694,#1695,#1696));
#5398=EDGE_LOOP('',(#1697,#1698,#1699,#1700));
#5399=EDGE_LOOP('',(#1701,#1702,#1703,#1704));
#5400=EDGE_LOOP('',(#1705,#1706,#1707,#1708));
#5401=EDGE_LOOP('',(#1709,#1710,#1711,#1712));
#5402=EDGE_LOOP('',(#1713,#1714,#1715,#1716));
#5403=EDGE_LOOP('',(#1717,#1718,#1719,#1720));
#5404=EDGE_LOOP('',(#1721,#1722,#1723,#1724));
#5405=EDGE_LOOP('',(#1725,#1726,#1727,#1728));
#5406=EDGE_LOOP('',(#1729,#1730,#1731,#1732));
#5407=EDGE_LOOP('',(#1733,#1734,#1735,#1736));
#5408=EDGE_LOOP('',(#1737));
#5409=EDGE_LOOP('',(#1738));
#5410=EDGE_LOOP('',(#1739));
#5411=EDGE_LOOP('',(#1740));
#5412=EDGE_LOOP('',(#1741));
#5413=EDGE_LOOP('',(#1742,#1743,#1744,#1745,#1746));
#5414=EDGE_LOOP('',(#1747,#1748,#1749,#1750));
#5415=EDGE_LOOP('',(#1751,#1752,#1753,#1754));
#5416=EDGE_LOOP('',(#1755,#1756,#1757,#1758));
#5417=EDGE_LOOP('',(#1759,#1760,#1761,#1762));
#5418=EDGE_LOOP('',(#1763,#1764,#1765,#1766));
#5419=EDGE_LOOP('',(#1767,#1768,#1769,#1770,#1771,#1772,#1773));
#5420=EDGE_LOOP('',(#1774,#1775,#1776,#1777,#1778,#1779,#1780,#1781,#1782));
#5421=EDGE_LOOP('',(#1783,#1784,#1785,#1786));
#5422=EDGE_LOOP('',(#1787,#1788,#1789,#1790));
#5423=EDGE_LOOP('',(#1791,#1792,#1793,#1794));
#5424=EDGE_LOOP('',(#1795,#1796,#1797,#1798));
#5425=EDGE_LOOP('',(#1799,#1800,#1801,#1802));
#5426=EDGE_LOOP('',(#1803,#1804,#1805,#1806));
#5427=EDGE_LOOP('',(#1807,#1808,#1809,#1810));
#5428=EDGE_LOOP('',(#1811,#1812,#1813,#1814));
#5429=EDGE_LOOP('',(#1815,#1816,#1817,#1818));
#5430=EDGE_LOOP('',(#1819,#1820,#1821,#1822));
#5431=EDGE_LOOP('',(#1823,#1824,#1825,#1826));
#5432=EDGE_LOOP('',(#1827,#1828,#1829,#1830));
#5433=EDGE_LOOP('',(#1831,#1832,#1833,#1834));
#5434=EDGE_LOOP('',(#1835,#1836,#1837,#1838));
#5435=EDGE_LOOP('',(#1839,#1840,#1841,#1842));
#5436=EDGE_LOOP('',(#1843,#1844,#1845,#1846));
#5437=EDGE_LOOP('',(#1847,#1848,#1849,#1850,#1851,#1852,#1853));
#5438=EDGE_LOOP('',(#1854,#1855,#1856,#1857,#1858,#1859,#1860,#1861));
#5439=EDGE_LOOP('',(#1862,#1863,#1864,#1865));
#5440=EDGE_LOOP('',(#1866,#1867,#1868,#1869));
#5441=EDGE_LOOP('',(#1870,#1871,#1872,#1873));
#5442=EDGE_LOOP('',(#1874,#1875,#1876,#1877));
#5443=EDGE_LOOP('',(#1878,#1879,#1880,#1881));
#5444=EDGE_LOOP('',(#1882,#1883,#1884,#1885));
#5445=EDGE_LOOP('',(#1886,#1887,#1888,#1889));
#5446=EDGE_LOOP('',(#1890,#1891,#1892,#1893));
#5447=EDGE_LOOP('',(#1894,#1895,#1896,#1897,#1898,#1899,#1900,#1901));
#5448=EDGE_LOOP('',(#1902,#1903,#1904,#1905,#1906,#1907,#1908,#1909));
#5449=EDGE_LOOP('',(#1910,#1911,#1912,#1913));
#5450=EDGE_LOOP('',(#1914,#1915,#1916,#1917));
#5451=EDGE_LOOP('',(#1918,#1919,#1920,#1921));
#5452=EDGE_LOOP('',(#1922,#1923,#1924,#1925));
#5453=EDGE_LOOP('',(#1926,#1927,#1928,#1929));
#5454=EDGE_LOOP('',(#1930,#1931,#1932,#1933));
#5455=EDGE_LOOP('',(#1934,#1935,#1936,#1937));
#5456=EDGE_LOOP('',(#1938,#1939,#1940,#1941));
#5457=EDGE_LOOP('',(#1942,#1943,#1944,#1945));
#5458=EDGE_LOOP('',(#1946,#1947,#1948,#1949));
#5459=EDGE_LOOP('',(#1950,#1951,#1952,#1953));
#5460=EDGE_LOOP('',(#1954,#1955,#1956,#1957));
#5461=EDGE_LOOP('',(#1958,#1959,#1960,#1961));
#5462=EDGE_LOOP('',(#1962,#1963,#1964,#1965));
#5463=EDGE_LOOP('',(#1966,#1967,#1968,#1969));
#5464=EDGE_LOOP('',(#1970,#1971,#1972,#1973));
#5465=EDGE_LOOP('',(#1974,#1975,#1976,#1977));
#5466=EDGE_LOOP('',(#1978,#1979,#1980,#1981));
#5467=EDGE_LOOP('',(#1982,#1983,#1984,#1985));
#5468=EDGE_LOOP('',(#1986,#1987,#1988,#1989));
#5469=EDGE_LOOP('',(#1990,#1991,#1992,#1993));
#5470=EDGE_LOOP('',(#1994,#1995,#1996,#1997,#1998,#1999,#2000,#2001,#2002,
#2003,#2004,#2005,#2006,#2007,#2008,#2009,#2010,#2011));
#5471=EDGE_LOOP('',(#2012,#2013,#2014,#2015));
#5472=EDGE_LOOP('',(#2016,#2017,#2018,#2019));
#5473=EDGE_LOOP('',(#2020,#2021,#2022,#2023));
#5474=EDGE_LOOP('',(#2024,#2025,#2026,#2027));
#5475=EDGE_LOOP('',(#2028,#2029,#2030,#2031));
#5476=EDGE_LOOP('',(#2032,#2033,#2034,#2035));
#5477=EDGE_LOOP('',(#2036,#2037,#2038,#2039));
#5478=EDGE_LOOP('',(#2040,#2041,#2042,#2043));
#5479=EDGE_LOOP('',(#2044,#2045,#2046,#2047));
#5480=EDGE_LOOP('',(#2048,#2049,#2050,#2051));
#5481=EDGE_LOOP('',(#2052,#2053,#2054,#2055));
#5482=EDGE_LOOP('',(#2056,#2057,#2058,#2059));
#5483=EDGE_LOOP('',(#2060,#2061,#2062,#2063));
#5484=EDGE_LOOP('',(#2064,#2065,#2066,#2067));
#5485=EDGE_LOOP('',(#2068,#2069,#2070,#2071));
#5486=EDGE_LOOP('',(#2072,#2073,#2074,#2075));
#5487=EDGE_LOOP('',(#2076,#2077,#2078,#2079));
#5488=EDGE_LOOP('',(#2080,#2081,#2082,#2083));
#5489=EDGE_LOOP('',(#2084,#2085,#2086,#2087,#2088,#2089,#2090,#2091,#2092,
#2093,#2094,#2095,#2096,#2097,#2098,#2099,#2100,#2101,#2102,#2103,#2104,
#2105,#2106,#2107,#2108,#2109,#2110,#2111));
#5490=EDGE_LOOP('',(#2112,#2113,#2114,#2115));
#5491=EDGE_LOOP('',(#2116,#2117,#2118,#2119));
#5492=EDGE_LOOP('',(#2120,#2121,#2122,#2123));
#5493=EDGE_LOOP('',(#2124,#2125,#2126,#2127));
#5494=EDGE_LOOP('',(#2128,#2129,#2130,#2131));
#5495=EDGE_LOOP('',(#2132,#2133,#2134,#2135));
#5496=EDGE_LOOP('',(#2136,#2137,#2138,#2139));
#5497=EDGE_LOOP('',(#2140,#2141,#2142,#2143));
#5498=EDGE_LOOP('',(#2144,#2145,#2146,#2147));
#5499=EDGE_LOOP('',(#2148,#2149,#2150,#2151));
#5500=EDGE_LOOP('',(#2152,#2153,#2154,#2155));
#5501=EDGE_LOOP('',(#2156,#2157,#2158,#2159));
#5502=EDGE_LOOP('',(#2160,#2161,#2162,#2163));
#5503=EDGE_LOOP('',(#2164,#2165,#2166,#2167));
#5504=EDGE_LOOP('',(#2168,#2169,#2170,#2171));
#5505=EDGE_LOOP('',(#2172,#2173,#2174,#2175));
#5506=EDGE_LOOP('',(#2176,#2177,#2178,#2179));
#5507=EDGE_LOOP('',(#2180,#2181,#2182,#2183));
#5508=EDGE_LOOP('',(#2184,#2185,#2186,#2187));
#5509=EDGE_LOOP('',(#2188,#2189,#2190,#2191));
#5510=EDGE_LOOP('',(#2192,#2193,#2194,#2195));
#5511=EDGE_LOOP('',(#2196,#2197,#2198,#2199));
#5512=EDGE_LOOP('',(#2200,#2201,#2202,#2203));
#5513=EDGE_LOOP('',(#2204,#2205,#2206,#2207));
#5514=EDGE_LOOP('',(#2208,#2209,#2210,#2211));
#5515=EDGE_LOOP('',(#2212,#2213,#2214,#2215));
#5516=EDGE_LOOP('',(#2216,#2217,#2218,#2219));
#5517=EDGE_LOOP('',(#2220,#2221,#2222,#2223));
#5518=EDGE_LOOP('',(#2224,#2225,#2226,#2227,#2228,#2229,#2230,#2231,#2232,
#2233));
#5519=EDGE_LOOP('',(#2234,#2235,#2236,#2237));
#5520=EDGE_LOOP('',(#2238,#2239,#2240,#2241));
#5521=EDGE_LOOP('',(#2242,#2243,#2244,#2245));
#5522=EDGE_LOOP('',(#2246,#2247,#2248,#2249));
#5523=EDGE_LOOP('',(#2250,#2251,#2252,#2253));
#5524=EDGE_LOOP('',(#2254,#2255,#2256,#2257));
#5525=EDGE_LOOP('',(#2258,#2259,#2260,#2261));
#5526=EDGE_LOOP('',(#2262,#2263,#2264,#2265));
#5527=EDGE_LOOP('',(#2266,#2267,#2268,#2269));
#5528=EDGE_LOOP('',(#2270,#2271,#2272,#2273));
#5529=EDGE_LOOP('',(#2274,#2275,#2276,#2277));
#5530=EDGE_LOOP('',(#2278,#2279,#2280,#2281));
#5531=EDGE_LOOP('',(#2282,#2283,#2284,#2285));
#5532=EDGE_LOOP('',(#2286,#2287,#2288,#2289));
#5533=EDGE_LOOP('',(#2290,#2291,#2292,#2293));
#5534=EDGE_LOOP('',(#2294,#2295,#2296,#2297,#2298,#2299,#2300,#2301,#2302,
#2303,#2304,#2305,#2306,#2307,#2308,#2309,#2310,#2311,#2312,#2313,#2314,
#2315,#2316,#2317,#2318,#2319,#2320,#2321));
#5535=EDGE_LOOP('',(#2322,#2323,#2324,#2325));
#5536=EDGE_LOOP('',(#2326,#2327,#2328,#2329));
#5537=EDGE_LOOP('',(#2330,#2331,#2332,#2333));
#5538=EDGE_LOOP('',(#2334,#2335,#2336,#2337));
#5539=EDGE_LOOP('',(#2338,#2339,#2340,#2341));
#5540=EDGE_LOOP('',(#2342,#2343,#2344,#2345));
#5541=EDGE_LOOP('',(#2346,#2347,#2348,#2349));
#5542=EDGE_LOOP('',(#2350,#2351,#2352,#2353));
#5543=EDGE_LOOP('',(#2354,#2355,#2356,#2357));
#5544=EDGE_LOOP('',(#2358,#2359,#2360,#2361));
#5545=EDGE_LOOP('',(#2362,#2363,#2364,#2365));
#5546=EDGE_LOOP('',(#2366,#2367,#2368,#2369));
#5547=EDGE_LOOP('',(#2370,#2371,#2372,#2373));
#5548=EDGE_LOOP('',(#2374,#2375,#2376,#2377));
#5549=EDGE_LOOP('',(#2378,#2379,#2380,#2381));
#5550=EDGE_LOOP('',(#2382,#2383,#2384,#2385));
#5551=EDGE_LOOP('',(#2386,#2387,#2388,#2389));
#5552=EDGE_LOOP('',(#2390,#2391,#2392,#2393));
#5553=EDGE_LOOP('',(#2394,#2395,#2396,#2397));
#5554=EDGE_LOOP('',(#2398,#2399,#2400,#2401));
#5555=EDGE_LOOP('',(#2402,#2403,#2404,#2405));
#5556=EDGE_LOOP('',(#2406,#2407,#2408,#2409));
#5557=EDGE_LOOP('',(#2410,#2411,#2412,#2413));
#5558=EDGE_LOOP('',(#2414,#2415,#2416,#2417));
#5559=EDGE_LOOP('',(#2418,#2419,#2420,#2421));
#5560=EDGE_LOOP('',(#2422,#2423,#2424,#2425));
#5561=EDGE_LOOP('',(#2426,#2427,#2428,#2429));
#5562=EDGE_LOOP('',(#2430,#2431,#2432,#2433));
#5563=EDGE_LOOP('',(#2434,#2435,#2436,#2437,#2438,#2439,#2440));
#5564=EDGE_LOOP('',(#2441,#2442,#2443,#2444,#2445,#2446,#2447,#2448,#2449,
#2450,#2451,#2452));
#5565=EDGE_LOOP('',(#2453,#2454,#2455,#2456));
#5566=EDGE_LOOP('',(#2457,#2458,#2459,#2460));
#5567=EDGE_LOOP('',(#2461,#2462,#2463,#2464));
#5568=EDGE_LOOP('',(#2465,#2466,#2467,#2468));
#5569=EDGE_LOOP('',(#2469,#2470,#2471,#2472));
#5570=EDGE_LOOP('',(#2473,#2474,#2475,#2476));
#5571=EDGE_LOOP('',(#2477,#2478,#2479,#2480));
#5572=EDGE_LOOP('',(#2481,#2482,#2483,#2484));
#5573=EDGE_LOOP('',(#2485,#2486,#2487,#2488));
#5574=EDGE_LOOP('',(#2489,#2490,#2491,#2492));
#5575=EDGE_LOOP('',(#2493,#2494,#2495,#2496));
#5576=EDGE_LOOP('',(#2497,#2498,#2499,#2500));
#5577=EDGE_LOOP('',(#2501,#2502,#2503,#2504));
#5578=EDGE_LOOP('',(#2505,#2506,#2507,#2508));
#5579=EDGE_LOOP('',(#2509,#2510,#2511,#2512));
#5580=EDGE_LOOP('',(#2513,#2514,#2515,#2516));
#5581=EDGE_LOOP('',(#2517,#2518,#2519,#2520));
#5582=EDGE_LOOP('',(#2521,#2522,#2523,#2524));
#5583=EDGE_LOOP('',(#2525,#2526,#2527,#2528));
#5584=EDGE_LOOP('',(#2529,#2530,#2531,#2532,#2533,#2534,#2535));
#5585=EDGE_LOOP('',(#2536,#2537,#2538,#2539,#2540,#2541,#2542,#2543,#2544,
#2545,#2546,#2547,#2548,#2549,#2550,#2551,#2552,#2553));
#5586=EDGE_LOOP('',(#2554,#2555,#2556,#2557,#2558,#2559,#2560));
#5587=EDGE_LOOP('',(#2561,#2562,#2563,#2564));
#5588=EDGE_LOOP('',(#2565,#2566,#2567,#2568));
#5589=EDGE_LOOP('',(#2569,#2570,#2571,#2572));
#5590=EDGE_LOOP('',(#2573,#2574,#2575,#2576));
#5591=EDGE_LOOP('',(#2577,#2578,#2579,#2580));
#5592=EDGE_LOOP('',(#2581,#2582,#2583,#2584));
#5593=EDGE_LOOP('',(#2585,#2586,#2587,#2588));
#5594=EDGE_LOOP('',(#2589,#2590,#2591,#2592));
#5595=EDGE_LOOP('',(#2593,#2594,#2595,#2596));
#5596=EDGE_LOOP('',(#2597,#2598,#2599,#2600));
#5597=EDGE_LOOP('',(#2601,#2602,#2603,#2604));
#5598=EDGE_LOOP('',(#2605,#2606,#2607,#2608));
#5599=EDGE_LOOP('',(#2609,#2610,#2611,#2612));
#5600=EDGE_LOOP('',(#2613,#2614,#2615,#2616));
#5601=EDGE_LOOP('',(#2617,#2618,#2619,#2620));
#5602=EDGE_LOOP('',(#2621,#2622,#2623,#2624));
#5603=EDGE_LOOP('',(#2625,#2626,#2627,#2628));
#5604=EDGE_LOOP('',(#2629,#2630,#2631,#2632));
#5605=EDGE_LOOP('',(#2633,#2634,#2635,#2636));
#5606=EDGE_LOOP('',(#2637,#2638,#2639,#2640));
#5607=EDGE_LOOP('',(#2641,#2642,#2643,#2644));
#5608=EDGE_LOOP('',(#2645,#2646,#2647,#2648));
#5609=EDGE_LOOP('',(#2649,#2650,#2651,#2652));
#5610=EDGE_LOOP('',(#2653,#2654,#2655,#2656));
#5611=EDGE_LOOP('',(#2657,#2658,#2659,#2660));
#5612=EDGE_LOOP('',(#2661,#2662,#2663,#2664,#2665,#2666,#2667,#2668,#2669,
#2670,#2671));
#5613=EDGE_LOOP('',(#2672,#2673,#2674,#2675,#2676,#2677,#2678));
#5614=EDGE_LOOP('',(#2679,#2680,#2681,#2682));
#5615=EDGE_LOOP('',(#2683,#2684,#2685,#2686));
#5616=EDGE_LOOP('',(#2687,#2688,#2689,#2690));
#5617=EDGE_LOOP('',(#2691,#2692,#2693,#2694));
#5618=EDGE_LOOP('',(#2695,#2696,#2697,#2698));
#5619=EDGE_LOOP('',(#2699,#2700,#2701,#2702));
#5620=EDGE_LOOP('',(#2703,#2704,#2705,#2706));
#5621=EDGE_LOOP('',(#2707,#2708,#2709,#2710));
#5622=EDGE_LOOP('',(#2711,#2712,#2713,#2714));
#5623=EDGE_LOOP('',(#2715,#2716,#2717,#2718));
#5624=EDGE_LOOP('',(#2719,#2720,#2721,#2722));
#5625=EDGE_LOOP('',(#2723,#2724,#2725,#2726));
#5626=EDGE_LOOP('',(#2727,#2728,#2729,#2730));
#5627=EDGE_LOOP('',(#2731,#2732,#2733,#2734));
#5628=EDGE_LOOP('',(#2735,#2736,#2737,#2738));
#5629=EDGE_LOOP('',(#2739,#2740,#2741,#2742));
#5630=EDGE_LOOP('',(#2743,#2744,#2745,#2746));
#5631=EDGE_LOOP('',(#2747,#2748,#2749,#2750));
#5632=EDGE_LOOP('',(#2751,#2752,#2753,#2754,#2755,#2756,#2757,#2758,#2759,
#2760,#2761,#2762,#2763,#2764,#2765,#2766,#2767,#2768,#2769));
#5633=EDGE_LOOP('',(#2770,#2771,#2772,#2773));
#5634=EDGE_LOOP('',(#2774,#2775,#2776,#2777));
#5635=EDGE_LOOP('',(#2778,#2779,#2780,#2781));
#5636=EDGE_LOOP('',(#2782,#2783,#2784,#2785));
#5637=EDGE_LOOP('',(#2786,#2787,#2788,#2789));
#5638=EDGE_LOOP('',(#2790,#2791,#2792,#2793));
#5639=EDGE_LOOP('',(#2794,#2795,#2796,#2797));
#5640=EDGE_LOOP('',(#2798,#2799,#2800,#2801));
#5641=EDGE_LOOP('',(#2802,#2803,#2804,#2805));
#5642=EDGE_LOOP('',(#2806,#2807,#2808,#2809));
#5643=EDGE_LOOP('',(#2810,#2811,#2812,#2813));
#5644=EDGE_LOOP('',(#2814,#2815,#2816,#2817));
#5645=EDGE_LOOP('',(#2818,#2819,#2820,#2821));
#5646=EDGE_LOOP('',(#2822,#2823,#2824,#2825));
#5647=EDGE_LOOP('',(#2826,#2827,#2828,#2829));
#5648=EDGE_LOOP('',(#2830,#2831,#2832,#2833));
#5649=EDGE_LOOP('',(#2834,#2835,#2836,#2837));
#5650=EDGE_LOOP('',(#2838,#2839,#2840,#2841));
#5651=EDGE_LOOP('',(#2842,#2843,#2844,#2845));
#5652=EDGE_LOOP('',(#2846,#2847,#2848,#2849,#2850,#2851,#2852,#2853,#2854,
#2855));
#5653=EDGE_LOOP('',(#2856,#2857,#2858,#2859));
#5654=EDGE_LOOP('',(#2860,#2861,#2862,#2863));
#5655=EDGE_LOOP('',(#2864,#2865,#2866,#2867));
#5656=EDGE_LOOP('',(#2868,#2869,#2870,#2871));
#5657=EDGE_LOOP('',(#2872,#2873,#2874,#2875));
#5658=EDGE_LOOP('',(#2876,#2877,#2878,#2879));
#5659=EDGE_LOOP('',(#2880,#2881,#2882,#2883));
#5660=EDGE_LOOP('',(#2884,#2885,#2886,#2887));
#5661=EDGE_LOOP('',(#2888,#2889,#2890,#2891));
#5662=EDGE_LOOP('',(#2892,#2893,#2894,#2895));
#5663=EDGE_LOOP('',(#2896,#2897,#2898,#2899,#2900,#2901,#2902,#2903,#2904,
#2905));
#5664=EDGE_LOOP('',(#2906,#2907,#2908,#2909));
#5665=EDGE_LOOP('',(#2910,#2911,#2912,#2913));
#5666=EDGE_LOOP('',(#2914,#2915,#2916,#2917));
#5667=EDGE_LOOP('',(#2918,#2919,#2920,#2921));
#5668=EDGE_LOOP('',(#2922,#2923,#2924,#2925));
#5669=EDGE_LOOP('',(#2926,#2927,#2928,#2929));
#5670=EDGE_LOOP('',(#2930,#2931,#2932,#2933));
#5671=EDGE_LOOP('',(#2934,#2935,#2936,#2937));
#5672=EDGE_LOOP('',(#2938,#2939,#2940,#2941));
#5673=EDGE_LOOP('',(#2942,#2943,#2944,#2945));
#5674=EDGE_LOOP('',(#2946,#2947,#2948,#2949,#2950,#2951,#2952,#2953,#2954,
#2955,#2956,#2957));
#5675=EDGE_LOOP('',(#2958,#2959,#2960,#2961));
#5676=EDGE_LOOP('',(#2962,#2963,#2964,#2965));
#5677=EDGE_LOOP('',(#2966,#2967,#2968,#2969));
#5678=EDGE_LOOP('',(#2970,#2971,#2972,#2973));
#5679=EDGE_LOOP('',(#2974,#2975,#2976,#2977));
#5680=EDGE_LOOP('',(#2978,#2979,#2980,#2981));
#5681=EDGE_LOOP('',(#2982,#2983,#2984,#2985));
#5682=EDGE_LOOP('',(#2986,#2987,#2988,#2989));
#5683=EDGE_LOOP('',(#2990,#2991,#2992,#2993));
#5684=EDGE_LOOP('',(#2994,#2995,#2996,#2997));
#5685=EDGE_LOOP('',(#2998,#2999,#3000,#3001));
#5686=EDGE_LOOP('',(#3002,#3003,#3004,#3005));
#5687=EDGE_LOOP('',(#3006,#3007,#3008,#3009,#3010,#3011,#3012,#3013));
#5688=EDGE_LOOP('',(#3014,#3015,#3016,#3017));
#5689=EDGE_LOOP('',(#3018,#3019,#3020,#3021));
#5690=EDGE_LOOP('',(#3022,#3023,#3024,#3025));
#5691=EDGE_LOOP('',(#3026,#3027,#3028,#3029));
#5692=EDGE_LOOP('',(#3030,#3031,#3032,#3033));
#5693=EDGE_LOOP('',(#3034,#3035,#3036,#3037));
#5694=EDGE_LOOP('',(#3038,#3039,#3040,#3041));
#5695=EDGE_LOOP('',(#3042,#3043,#3044,#3045));
#5696=EDGE_LOOP('',(#3046,#3047,#3048,#3049,#3050,#3051,#3052,#3053));
#5697=EDGE_LOOP('',(#3054,#3055,#3056,#3057,#3058,#3059,#3060,#3061));
#5698=EDGE_LOOP('',(#3062,#3063,#3064,#3065));
#5699=EDGE_LOOP('',(#3066,#3067,#3068,#3069));
#5700=EDGE_LOOP('',(#3070,#3071,#3072,#3073));
#5701=EDGE_LOOP('',(#3074,#3075,#3076,#3077));
#5702=EDGE_LOOP('',(#3078,#3079,#3080,#3081));
#5703=EDGE_LOOP('',(#3082,#3083,#3084,#3085));
#5704=EDGE_LOOP('',(#3086,#3087,#3088,#3089));
#5705=EDGE_LOOP('',(#3090,#3091,#3092,#3093));
#5706=EDGE_LOOP('',(#3094,#3095,#3096,#3097));
#5707=EDGE_LOOP('',(#3098,#3099,#3100,#3101));
#5708=EDGE_LOOP('',(#3102,#3103,#3104,#3105));
#5709=EDGE_LOOP('',(#3106,#3107,#3108,#3109));
#5710=EDGE_LOOP('',(#3110,#3111,#3112,#3113));
#5711=EDGE_LOOP('',(#3114,#3115,#3116,#3117));
#5712=EDGE_LOOP('',(#3118,#3119,#3120,#3121));
#5713=EDGE_LOOP('',(#3122,#3123,#3124,#3125));
#5714=EDGE_LOOP('',(#3126,#3127,#3128,#3129,#3130,#3131,#3132,#3133,#3134,
#3135,#3136,#3137,#3138,#3139,#3140,#3141));
#5715=EDGE_LOOP('',(#3142,#3143,#3144,#3145,#3146,#3147,#3148));
#5716=EDGE_LOOP('',(#3149,#3150,#3151,#3152,#3153,#3154,#3155,#3156));
#5717=EDGE_LOOP('',(#3157,#3158,#3159,#3160));
#5718=EDGE_LOOP('',(#3161,#3162,#3163,#3164));
#5719=EDGE_LOOP('',(#3165,#3166,#3167,#3168));
#5720=EDGE_LOOP('',(#3169,#3170,#3171,#3172));
#5721=EDGE_LOOP('',(#3173,#3174,#3175,#3176));
#5722=EDGE_LOOP('',(#3177,#3178,#3179,#3180));
#5723=EDGE_LOOP('',(#3181,#3182,#3183,#3184));
#5724=EDGE_LOOP('',(#3185,#3186,#3187,#3188));
#5725=EDGE_LOOP('',(#3189,#3190,#3191,#3192));
#5726=EDGE_LOOP('',(#3193,#3194,#3195,#3196));
#5727=EDGE_LOOP('',(#3197,#3198,#3199,#3200));
#5728=EDGE_LOOP('',(#3201,#3202,#3203,#3204));
#5729=EDGE_LOOP('',(#3205,#3206,#3207,#3208));
#5730=EDGE_LOOP('',(#3209,#3210,#3211,#3212));
#5731=EDGE_LOOP('',(#3213,#3214,#3215,#3216));
#5732=EDGE_LOOP('',(#3217,#3218,#3219,#3220));
#5733=EDGE_LOOP('',(#3221,#3222,#3223,#3224));
#5734=EDGE_LOOP('',(#3225,#3226,#3227,#3228));
#5735=EDGE_LOOP('',(#3229,#3230,#3231,#3232));
#5736=EDGE_LOOP('',(#3233,#3234,#3235,#3236));
#5737=EDGE_LOOP('',(#3237,#3238,#3239,#3240));
#5738=EDGE_LOOP('',(#3241,#3242,#3243,#3244));
#5739=EDGE_LOOP('',(#3245,#3246,#3247,#3248));
#5740=EDGE_LOOP('',(#3249,#3250,#3251,#3252));
#5741=EDGE_LOOP('',(#3253,#3254,#3255,#3256));
#5742=EDGE_LOOP('',(#3257,#3258,#3259,#3260));
#5743=EDGE_LOOP('',(#3261,#3262,#3263,#3264));
#5744=EDGE_LOOP('',(#3265,#3266,#3267,#3268));
#5745=EDGE_LOOP('',(#3269,#3270,#3271,#3272));
#5746=EDGE_LOOP('',(#3273,#3274,#3275,#3276));
#5747=EDGE_LOOP('',(#3277,#3278,#3279,#3280));
#5748=EDGE_LOOP('',(#3281,#3282,#3283,#3284,#3285,#3286,#3287));
#5749=EDGE_LOOP('',(#3288,#3289,#3290,#3291,#3292,#3293,#3294,#3295));
#5750=EDGE_LOOP('',(#3296,#3297,#3298,#3299,#3300,#3301,#3302));
#5751=EDGE_LOOP('',(#3303,#3304,#3305,#3306,#3307,#3308,#3309));
#5752=EDGE_LOOP('',(#3310,#3311,#3312,#3313,#3314,#3315,#3316,#3317));
#5753=EDGE_LOOP('',(#3318,#3319,#3320,#3321,#3322,#3323,#3324,#3325));
#5754=EDGE_LOOP('',(#3326,#3327,#3328,#3329));
#5755=EDGE_LOOP('',(#3330));
#5756=EDGE_LOOP('',(#3331,#3332,#3333,#3334));
#5757=EDGE_LOOP('',(#3335));
#5758=EDGE_LOOP('',(#3336,#3337,#3338,#3339));
#5759=EDGE_LOOP('',(#3340));
#5760=EDGE_LOOP('',(#3341));
#5761=EDGE_LOOP('',(#3342));
#5762=EDGE_LOOP('',(#3343));
#5763=EDGE_LOOP('',(#3344,#3345,#3346,#3347));
#5764=EDGE_LOOP('',(#3348,#3349,#3350,#3351));
#5765=EDGE_LOOP('',(#3352));
#5766=EDGE_LOOP('',(#3353));
#5767=EDGE_LOOP('',(#3354,#3355,#3356,#3357));
#5768=FACE_BOUND('',#5355,.T.);
#5769=FACE_BOUND('',#5356,.T.);
#5770=FACE_BOUND('',#5357,.T.);
#5771=FACE_BOUND('',#5358,.T.);
#5772=FACE_BOUND('',#5359,.T.);
#5773=FACE_BOUND('',#5360,.T.);
#5774=FACE_BOUND('',#5361,.T.);
#5775=FACE_BOUND('',#5362,.T.);
#5776=FACE_BOUND('',#5363,.T.);
#5777=FACE_BOUND('',#5364,.T.);
#5778=FACE_BOUND('',#5365,.T.);
#5779=FACE_BOUND('',#5366,.T.);
#5780=FACE_BOUND('',#5367,.T.);
#5781=FACE_BOUND('',#5368,.T.);
#5782=FACE_BOUND('',#5369,.T.);
#5783=FACE_BOUND('',#5370,.T.);
#5784=FACE_BOUND('',#5371,.T.);
#5785=FACE_BOUND('',#5372,.T.);
#5786=FACE_BOUND('',#5373,.T.);
#5787=FACE_BOUND('',#5374,.T.);
#5788=FACE_BOUND('',#5375,.T.);
#5789=FACE_BOUND('',#5376,.T.);
#5790=FACE_BOUND('',#5377,.T.);
#5791=FACE_BOUND('',#5378,.T.);
#5792=FACE_BOUND('',#5379,.T.);
#5793=FACE_BOUND('',#5380,.T.);
#5794=FACE_BOUND('',#5381,.T.);
#5795=FACE_BOUND('',#5382,.T.);
#5796=FACE_BOUND('',#5383,.T.);
#5797=FACE_BOUND('',#5384,.T.);
#5798=FACE_BOUND('',#5385,.T.);
#5799=FACE_BOUND('',#5386,.T.);
#5800=FACE_BOUND('',#5387,.T.);
#5801=FACE_BOUND('',#5388,.T.);
#5802=FACE_BOUND('',#5389,.T.);
#5803=FACE_BOUND('',#5390,.T.);
#5804=FACE_BOUND('',#5391,.T.);
#5805=FACE_BOUND('',#5392,.T.);
#5806=FACE_BOUND('',#5393,.T.);
#5807=FACE_BOUND('',#5394,.T.);
#5808=FACE_BOUND('',#5395,.T.);
#5809=FACE_BOUND('',#5396,.T.);
#5810=FACE_BOUND('',#5397,.T.);
#5811=FACE_BOUND('',#5398,.T.);
#5812=FACE_BOUND('',#5399,.T.);
#5813=FACE_BOUND('',#5400,.T.);
#5814=FACE_BOUND('',#5401,.T.);
#5815=FACE_BOUND('',#5402,.T.);
#5816=FACE_BOUND('',#5403,.T.);
#5817=FACE_BOUND('',#5404,.T.);
#5818=FACE_BOUND('',#5405,.T.);
#5819=FACE_BOUND('',#5406,.T.);
#5820=FACE_BOUND('',#5407,.T.);
#5821=FACE_BOUND('',#5408,.T.);
#5822=FACE_BOUND('',#5409,.T.);
#5823=FACE_BOUND('',#5410,.T.);
#5824=FACE_BOUND('',#5411,.T.);
#5825=FACE_BOUND('',#5412,.T.);
#5826=FACE_BOUND('',#5413,.T.);
#5827=FACE_BOUND('',#5414,.T.);
#5828=FACE_BOUND('',#5415,.T.);
#5829=FACE_BOUND('',#5416,.T.);
#5830=FACE_BOUND('',#5417,.T.);
#5831=FACE_BOUND('',#5418,.T.);
#5832=FACE_BOUND('',#5419,.T.);
#5833=FACE_BOUND('',#5420,.T.);
#5834=FACE_BOUND('',#5421,.T.);
#5835=FACE_BOUND('',#5422,.T.);
#5836=FACE_BOUND('',#5423,.T.);
#5837=FACE_BOUND('',#5424,.T.);
#5838=FACE_BOUND('',#5425,.T.);
#5839=FACE_BOUND('',#5426,.T.);
#5840=FACE_BOUND('',#5427,.T.);
#5841=FACE_BOUND('',#5428,.T.);
#5842=FACE_BOUND('',#5429,.T.);
#5843=FACE_BOUND('',#5430,.T.);
#5844=FACE_BOUND('',#5431,.T.);
#5845=FACE_BOUND('',#5432,.T.);
#5846=FACE_BOUND('',#5433,.T.);
#5847=FACE_BOUND('',#5434,.T.);
#5848=FACE_BOUND('',#5435,.T.);
#5849=FACE_BOUND('',#5436,.T.);
#5850=FACE_BOUND('',#5437,.T.);
#5851=FACE_BOUND('',#5438,.T.);
#5852=FACE_BOUND('',#5439,.T.);
#5853=FACE_BOUND('',#5440,.T.);
#5854=FACE_BOUND('',#5441,.T.);
#5855=FACE_BOUND('',#5442,.T.);
#5856=FACE_BOUND('',#5443,.T.);
#5857=FACE_BOUND('',#5444,.T.);
#5858=FACE_BOUND('',#5445,.T.);
#5859=FACE_BOUND('',#5446,.T.);
#5860=FACE_BOUND('',#5447,.T.);
#5861=FACE_BOUND('',#5448,.T.);
#5862=FACE_BOUND('',#5449,.T.);
#5863=FACE_BOUND('',#5450,.T.);
#5864=FACE_BOUND('',#5451,.T.);
#5865=FACE_BOUND('',#5452,.T.);
#5866=FACE_BOUND('',#5453,.T.);
#5867=FACE_BOUND('',#5454,.T.);
#5868=FACE_BOUND('',#5455,.T.);
#5869=FACE_BOUND('',#5456,.T.);
#5870=FACE_BOUND('',#5457,.T.);
#5871=FACE_BOUND('',#5458,.T.);
#5872=FACE_BOUND('',#5459,.T.);
#5873=FACE_BOUND('',#5460,.T.);
#5874=FACE_BOUND('',#5461,.T.);
#5875=FACE_BOUND('',#5462,.T.);
#5876=FACE_BOUND('',#5463,.T.);
#5877=FACE_BOUND('',#5464,.T.);
#5878=FACE_BOUND('',#5465,.T.);
#5879=FACE_BOUND('',#5466,.T.);
#5880=FACE_BOUND('',#5467,.T.);
#5881=FACE_BOUND('',#5468,.T.);
#5882=FACE_BOUND('',#5469,.T.);
#5883=FACE_BOUND('',#5470,.T.);
#5884=FACE_BOUND('',#5471,.T.);
#5885=FACE_BOUND('',#5472,.T.);
#5886=FACE_BOUND('',#5473,.T.);
#5887=FACE_BOUND('',#5474,.T.);
#5888=FACE_BOUND('',#5475,.T.);
#5889=FACE_BOUND('',#5476,.T.);
#5890=FACE_BOUND('',#5477,.T.);
#5891=FACE_BOUND('',#5478,.T.);
#5892=FACE_BOUND('',#5479,.T.);
#5893=FACE_BOUND('',#5480,.T.);
#5894=FACE_BOUND('',#5481,.T.);
#5895=FACE_BOUND('',#5482,.T.);
#5896=FACE_BOUND('',#5483,.T.);
#5897=FACE_BOUND('',#5484,.T.);
#5898=FACE_BOUND('',#5485,.T.);
#5899=FACE_BOUND('',#5486,.T.);
#5900=FACE_BOUND('',#5487,.T.);
#5901=FACE_BOUND('',#5488,.T.);
#5902=FACE_BOUND('',#5489,.T.);
#5903=FACE_BOUND('',#5490,.T.);
#5904=FACE_BOUND('',#5491,.T.);
#5905=FACE_BOUND('',#5492,.T.);
#5906=FACE_BOUND('',#5493,.T.);
#5907=FACE_BOUND('',#5494,.T.);
#5908=FACE_BOUND('',#5495,.T.);
#5909=FACE_BOUND('',#5496,.T.);
#5910=FACE_BOUND('',#5497,.T.);
#5911=FACE_BOUND('',#5498,.T.);
#5912=FACE_BOUND('',#5499,.T.);
#5913=FACE_BOUND('',#5500,.T.);
#5914=FACE_BOUND('',#5501,.T.);
#5915=FACE_BOUND('',#5502,.T.);
#5916=FACE_BOUND('',#5503,.T.);
#5917=FACE_BOUND('',#5504,.T.);
#5918=FACE_BOUND('',#5505,.T.);
#5919=FACE_BOUND('',#5506,.T.);
#5920=FACE_BOUND('',#5507,.T.);
#5921=FACE_BOUND('',#5508,.T.);
#5922=FACE_BOUND('',#5509,.T.);
#5923=FACE_BOUND('',#5510,.T.);
#5924=FACE_BOUND('',#5511,.T.);
#5925=FACE_BOUND('',#5512,.T.);
#5926=FACE_BOUND('',#5513,.T.);
#5927=FACE_BOUND('',#5514,.T.);
#5928=FACE_BOUND('',#5515,.T.);
#5929=FACE_BOUND('',#5516,.T.);
#5930=FACE_BOUND('',#5517,.T.);
#5931=FACE_BOUND('',#5518,.T.);
#5932=FACE_BOUND('',#5519,.T.);
#5933=FACE_BOUND('',#5520,.T.);
#5934=FACE_BOUND('',#5521,.T.);
#5935=FACE_BOUND('',#5522,.T.);
#5936=FACE_BOUND('',#5523,.T.);
#5937=FACE_BOUND('',#5524,.T.);
#5938=FACE_BOUND('',#5525,.T.);
#5939=FACE_BOUND('',#5526,.T.);
#5940=FACE_BOUND('',#5527,.T.);
#5941=FACE_BOUND('',#5528,.T.);
#5942=FACE_BOUND('',#5529,.T.);
#5943=FACE_BOUND('',#5530,.T.);
#5944=FACE_BOUND('',#5531,.T.);
#5945=FACE_BOUND('',#5532,.T.);
#5946=FACE_BOUND('',#5533,.T.);
#5947=FACE_BOUND('',#5534,.T.);
#5948=FACE_BOUND('',#5535,.T.);
#5949=FACE_BOUND('',#5536,.T.);
#5950=FACE_BOUND('',#5537,.T.);
#5951=FACE_BOUND('',#5538,.T.);
#5952=FACE_BOUND('',#5539,.T.);
#5953=FACE_BOUND('',#5540,.T.);
#5954=FACE_BOUND('',#5541,.T.);
#5955=FACE_BOUND('',#5542,.T.);
#5956=FACE_BOUND('',#5543,.T.);
#5957=FACE_BOUND('',#5544,.T.);
#5958=FACE_BOUND('',#5545,.T.);
#5959=FACE_BOUND('',#5546,.T.);
#5960=FACE_BOUND('',#5547,.T.);
#5961=FACE_BOUND('',#5548,.T.);
#5962=FACE_BOUND('',#5549,.T.);
#5963=FACE_BOUND('',#5550,.T.);
#5964=FACE_BOUND('',#5551,.T.);
#5965=FACE_BOUND('',#5552,.T.);
#5966=FACE_BOUND('',#5553,.T.);
#5967=FACE_BOUND('',#5554,.T.);
#5968=FACE_BOUND('',#5555,.T.);
#5969=FACE_BOUND('',#5556,.T.);
#5970=FACE_BOUND('',#5557,.T.);
#5971=FACE_BOUND('',#5558,.T.);
#5972=FACE_BOUND('',#5559,.T.);
#5973=FACE_BOUND('',#5560,.T.);
#5974=FACE_BOUND('',#5561,.T.);
#5975=FACE_BOUND('',#5562,.T.);
#5976=FACE_BOUND('',#5563,.T.);
#5977=FACE_BOUND('',#5564,.T.);
#5978=FACE_BOUND('',#5565,.T.);
#5979=FACE_BOUND('',#5566,.T.);
#5980=FACE_BOUND('',#5567,.T.);
#5981=FACE_BOUND('',#5568,.T.);
#5982=FACE_BOUND('',#5569,.T.);
#5983=FACE_BOUND('',#5570,.T.);
#5984=FACE_BOUND('',#5571,.T.);
#5985=FACE_BOUND('',#5572,.T.);
#5986=FACE_BOUND('',#5573,.T.);
#5987=FACE_BOUND('',#5574,.T.);
#5988=FACE_BOUND('',#5575,.T.);
#5989=FACE_BOUND('',#5576,.T.);
#5990=FACE_BOUND('',#5577,.T.);
#5991=FACE_BOUND('',#5578,.T.);
#5992=FACE_BOUND('',#5579,.T.);
#5993=FACE_BOUND('',#5580,.T.);
#5994=FACE_BOUND('',#5581,.T.);
#5995=FACE_BOUND('',#5582,.T.);
#5996=FACE_BOUND('',#5583,.T.);
#5997=FACE_BOUND('',#5584,.T.);
#5998=FACE_BOUND('',#5585,.T.);
#5999=FACE_BOUND('',#5586,.T.);
#6000=FACE_BOUND('',#5587,.T.);
#6001=FACE_BOUND('',#5588,.T.);
#6002=FACE_BOUND('',#5589,.T.);
#6003=FACE_BOUND('',#5590,.T.);
#6004=FACE_BOUND('',#5591,.T.);
#6005=FACE_BOUND('',#5592,.T.);
#6006=FACE_BOUND('',#5593,.T.);
#6007=FACE_BOUND('',#5594,.T.);
#6008=FACE_BOUND('',#5595,.T.);
#6009=FACE_BOUND('',#5596,.T.);
#6010=FACE_BOUND('',#5597,.T.);
#6011=FACE_BOUND('',#5598,.T.);
#6012=FACE_BOUND('',#5599,.T.);
#6013=FACE_BOUND('',#5600,.T.);
#6014=FACE_BOUND('',#5601,.T.);
#6015=FACE_BOUND('',#5602,.T.);
#6016=FACE_BOUND('',#5603,.T.);
#6017=FACE_BOUND('',#5604,.T.);
#6018=FACE_BOUND('',#5605,.T.);
#6019=FACE_BOUND('',#5606,.T.);
#6020=FACE_BOUND('',#5607,.T.);
#6021=FACE_BOUND('',#5608,.T.);
#6022=FACE_BOUND('',#5609,.T.);
#6023=FACE_BOUND('',#5610,.T.);
#6024=FACE_BOUND('',#5611,.T.);
#6025=FACE_BOUND('',#5612,.T.);
#6026=FACE_BOUND('',#5613,.T.);
#6027=FACE_BOUND('',#5614,.T.);
#6028=FACE_BOUND('',#5615,.T.);
#6029=FACE_BOUND('',#5616,.T.);
#6030=FACE_BOUND('',#5617,.T.);
#6031=FACE_BOUND('',#5618,.T.);
#6032=FACE_BOUND('',#5619,.T.);
#6033=FACE_BOUND('',#5620,.T.);
#6034=FACE_BOUND('',#5621,.T.);
#6035=FACE_BOUND('',#5622,.T.);
#6036=FACE_BOUND('',#5623,.T.);
#6037=FACE_BOUND('',#5624,.T.);
#6038=FACE_BOUND('',#5625,.T.);
#6039=FACE_BOUND('',#5626,.T.);
#6040=FACE_BOUND('',#5627,.T.);
#6041=FACE_BOUND('',#5628,.T.);
#6042=FACE_BOUND('',#5629,.T.);
#6043=FACE_BOUND('',#5630,.T.);
#6044=FACE_BOUND('',#5631,.T.);
#6045=FACE_BOUND('',#5632,.T.);
#6046=FACE_BOUND('',#5633,.T.);
#6047=FACE_BOUND('',#5634,.T.);
#6048=FACE_BOUND('',#5635,.T.);
#6049=FACE_BOUND('',#5636,.T.);
#6050=FACE_BOUND('',#5637,.T.);
#6051=FACE_BOUND('',#5638,.T.);
#6052=FACE_BOUND('',#5639,.T.);
#6053=FACE_BOUND('',#5640,.T.);
#6054=FACE_BOUND('',#5641,.T.);
#6055=FACE_BOUND('',#5642,.T.);
#6056=FACE_BOUND('',#5643,.T.);
#6057=FACE_BOUND('',#5644,.T.);
#6058=FACE_BOUND('',#5645,.T.);
#6059=FACE_BOUND('',#5646,.T.);
#6060=FACE_BOUND('',#5647,.T.);
#6061=FACE_BOUND('',#5648,.T.);
#6062=FACE_BOUND('',#5649,.T.);
#6063=FACE_BOUND('',#5650,.T.);
#6064=FACE_BOUND('',#5651,.T.);
#6065=FACE_BOUND('',#5652,.T.);
#6066=FACE_BOUND('',#5653,.T.);
#6067=FACE_BOUND('',#5654,.T.);
#6068=FACE_BOUND('',#5655,.T.);
#6069=FACE_BOUND('',#5656,.T.);
#6070=FACE_BOUND('',#5657,.T.);
#6071=FACE_BOUND('',#5658,.T.);
#6072=FACE_BOUND('',#5659,.T.);
#6073=FACE_BOUND('',#5660,.T.);
#6074=FACE_BOUND('',#5661,.T.);
#6075=FACE_BOUND('',#5662,.T.);
#6076=FACE_BOUND('',#5663,.T.);
#6077=FACE_BOUND('',#5664,.T.);
#6078=FACE_BOUND('',#5665,.T.);
#6079=FACE_BOUND('',#5666,.T.);
#6080=FACE_BOUND('',#5667,.T.);
#6081=FACE_BOUND('',#5668,.T.);
#6082=FACE_BOUND('',#5669,.T.);
#6083=FACE_BOUND('',#5670,.T.);
#6084=FACE_BOUND('',#5671,.T.);
#6085=FACE_BOUND('',#5672,.T.);
#6086=FACE_BOUND('',#5673,.T.);
#6087=FACE_BOUND('',#5674,.T.);
#6088=FACE_BOUND('',#5675,.T.);
#6089=FACE_BOUND('',#5676,.T.);
#6090=FACE_BOUND('',#5677,.T.);
#6091=FACE_BOUND('',#5678,.T.);
#6092=FACE_BOUND('',#5679,.T.);
#6093=FACE_BOUND('',#5680,.T.);
#6094=FACE_BOUND('',#5681,.T.);
#6095=FACE_BOUND('',#5682,.T.);
#6096=FACE_BOUND('',#5683,.T.);
#6097=FACE_BOUND('',#5684,.T.);
#6098=FACE_BOUND('',#5685,.T.);
#6099=FACE_BOUND('',#5686,.T.);
#6100=FACE_BOUND('',#5687,.T.);
#6101=FACE_BOUND('',#5688,.T.);
#6102=FACE_BOUND('',#5689,.T.);
#6103=FACE_BOUND('',#5690,.T.);
#6104=FACE_BOUND('',#5691,.T.);
#6105=FACE_BOUND('',#5692,.T.);
#6106=FACE_BOUND('',#5693,.T.);
#6107=FACE_BOUND('',#5694,.T.);
#6108=FACE_BOUND('',#5695,.T.);
#6109=FACE_BOUND('',#5696,.T.);
#6110=FACE_BOUND('',#5697,.T.);
#6111=FACE_BOUND('',#5698,.T.);
#6112=FACE_BOUND('',#5699,.T.);
#6113=FACE_BOUND('',#5700,.T.);
#6114=FACE_BOUND('',#5701,.T.);
#6115=FACE_BOUND('',#5702,.T.);
#6116=FACE_BOUND('',#5703,.T.);
#6117=FACE_BOUND('',#5704,.T.);
#6118=FACE_BOUND('',#5705,.T.);
#6119=FACE_BOUND('',#5706,.T.);
#6120=FACE_BOUND('',#5707,.T.);
#6121=FACE_BOUND('',#5708,.T.);
#6122=FACE_BOUND('',#5709,.T.);
#6123=FACE_BOUND('',#5710,.T.);
#6124=FACE_BOUND('',#5711,.T.);
#6125=FACE_BOUND('',#5712,.T.);
#6126=FACE_BOUND('',#5713,.T.);
#6127=FACE_BOUND('',#5714,.T.);
#6128=FACE_BOUND('',#5715,.T.);
#6129=FACE_BOUND('',#5716,.T.);
#6130=FACE_BOUND('',#5717,.T.);
#6131=FACE_BOUND('',#5718,.T.);
#6132=FACE_BOUND('',#5719,.T.);
#6133=FACE_BOUND('',#5720,.T.);
#6134=FACE_BOUND('',#5721,.T.);
#6135=FACE_BOUND('',#5722,.T.);
#6136=FACE_BOUND('',#5723,.T.);
#6137=FACE_BOUND('',#5724,.T.);
#6138=FACE_BOUND('',#5725,.T.);
#6139=FACE_BOUND('',#5726,.T.);
#6140=FACE_BOUND('',#5727,.T.);
#6141=FACE_BOUND('',#5728,.T.);
#6142=FACE_BOUND('',#5729,.T.);
#6143=FACE_BOUND('',#5730,.T.);
#6144=FACE_BOUND('',#5731,.T.);
#6145=FACE_BOUND('',#5732,.T.);
#6146=FACE_BOUND('',#5733,.T.);
#6147=FACE_BOUND('',#5734,.T.);
#6148=FACE_BOUND('',#5735,.T.);
#6149=FACE_BOUND('',#5736,.T.);
#6150=FACE_BOUND('',#5737,.T.);
#6151=FACE_BOUND('',#5738,.T.);
#6152=FACE_BOUND('',#5739,.T.);
#6153=FACE_BOUND('',#5740,.T.);
#6154=FACE_BOUND('',#5741,.T.);
#6155=FACE_BOUND('',#5742,.T.);
#6156=FACE_BOUND('',#5743,.T.);
#6157=FACE_BOUND('',#5744,.T.);
#6158=FACE_BOUND('',#5745,.T.);
#6159=FACE_BOUND('',#5746,.T.);
#6160=FACE_BOUND('',#5747,.T.);
#6161=FACE_BOUND('',#5748,.T.);
#6162=FACE_BOUND('',#5749,.T.);
#6163=FACE_BOUND('',#5750,.T.);
#6164=FACE_BOUND('',#5751,.T.);
#6165=FACE_BOUND('',#5752,.T.);
#6166=FACE_BOUND('',#5753,.T.);
#6167=FACE_BOUND('',#5754,.T.);
#6168=FACE_BOUND('',#5755,.T.);
#6169=FACE_BOUND('',#5756,.T.);
#6170=FACE_BOUND('',#5757,.T.);
#6171=FACE_BOUND('',#5758,.T.);
#6172=FACE_BOUND('',#5759,.T.);
#6173=FACE_BOUND('',#5760,.T.);
#6174=FACE_BOUND('',#5761,.T.);
#6175=FACE_BOUND('',#5762,.T.);
#6176=FACE_BOUND('',#5763,.T.);
#6177=FACE_BOUND('',#5764,.T.);
#6178=FACE_BOUND('',#5765,.T.);
#6179=FACE_BOUND('',#5766,.T.);
#6180=FACE_BOUND('',#5767,.T.);
#6181=CYLINDRICAL_SURFACE('',#6646,0.029);
#6182=CYLINDRICAL_SURFACE('',#6731,0.028);
#6183=CYLINDRICAL_SURFACE('',#6758,0.004);
#6184=CYLINDRICAL_SURFACE('',#6761,0.003);
#6185=CYLINDRICAL_SURFACE('',#6765,0.001);
#6186=CYLINDRICAL_SURFACE('',#6767,0.001);
#6187=CYLINDRICAL_SURFACE('',#6776,0.001);
#6188=CYLINDRICAL_SURFACE('',#6778,0.001);
#6189=CYLINDRICAL_SURFACE('',#6787,0.001);
#6190=CYLINDRICAL_SURFACE('',#6789,0.001);
#6191=CYLINDRICAL_SURFACE('',#6794,0.02849995);
#6192=CYLINDRICAL_SURFACE('',#6795,0.02849995);
#6193=CYLINDRICAL_SURFACE('',#6811,0.029);
#6194=CYLINDRICAL_SURFACE('',#6812,0.02849995);
#6195=CYLINDRICAL_SURFACE('',#6813,0.02849995);
#6196=CYLINDRICAL_SURFACE('',#6814,0.02849995);
#6197=CYLINDRICAL_SURFACE('',#6821,0.02849995);
#6198=CYLINDRICAL_SURFACE('',#6840,0.02849995);
#6199=CYLINDRICAL_SURFACE('',#6842,0.000679736514980618);
#6200=CYLINDRICAL_SURFACE('',#6843,0.000425834997991489);
#6201=CYLINDRICAL_SURFACE('',#6844,0.000432448825063125);
#6202=CYLINDRICAL_SURFACE('',#6845,0.00199589288548575);
#6203=CYLINDRICAL_SURFACE('',#6847,0.00478198302495761);
#6204=CYLINDRICAL_SURFACE('',#6848,0.00276988217862972);
#6205=CYLINDRICAL_SURFACE('',#6849,0.00145294074887683);
#6206=CYLINDRICAL_SURFACE('',#6850,0.000862204854423098);
#6207=CYLINDRICAL_SURFACE('',#6851,0.000411676423211439);
#6208=CYLINDRICAL_SURFACE('',#6852,0.00240708941718888);
#6209=CYLINDRICAL_SURFACE('',#6854,0.02849995);
#6210=CYLINDRICAL_SURFACE('',#6865,0.00569990167558618);
#6211=CYLINDRICAL_SURFACE('',#6872,0.02849995);
#6212=CYLINDRICAL_SURFACE('',#6879,0.02849995);
#6213=CYLINDRICAL_SURFACE('',#6890,0.00142216167176308);
#6214=CYLINDRICAL_SURFACE('',#6891,0.0009698375608226);
#6215=CYLINDRICAL_SURFACE('',#6893,0.000993912277425856);
#6216=CYLINDRICAL_SURFACE('',#6903,0.02849995);
#6217=CYLINDRICAL_SURFACE('',#6917,0.230150630419843);
#6218=CYLINDRICAL_SURFACE('',#6918,0.00124569149842376);
#6219=CYLINDRICAL_SURFACE('',#6925,0.029);
#6220=CYLINDRICAL_SURFACE('',#6926,0.02849995);
#6221=CYLINDRICAL_SURFACE('',#6943,0.02849995);
#6222=CYLINDRICAL_SURFACE('',#6964,0.00358519187856279);
#6223=CYLINDRICAL_SURFACE('',#6967,0.0095665426739917);
#6224=CYLINDRICAL_SURFACE('',#6968,0.0150254472784932);
#6225=CYLINDRICAL_SURFACE('',#6974,0.02849995);
#6226=CYLINDRICAL_SURFACE('',#6988,0.107787108224313);
#6227=CYLINDRICAL_SURFACE('',#6989,0.0148330648104245);
#6228=CYLINDRICAL_SURFACE('',#7005,0.02849995);
#6229=CYLINDRICAL_SURFACE('',#7016,0.00569990176568791);
#6230=CYLINDRICAL_SURFACE('',#7023,0.02849995);
#6231=CYLINDRICAL_SURFACE('',#7034,0.00569990179737463);
#6232=CYLINDRICAL_SURFACE('',#7041,0.02849995);
#6233=CYLINDRICAL_SURFACE('',#7066,0.02849995);
#6234=CYLINDRICAL_SURFACE('',#7067,0.02849995);
#6235=CYLINDRICAL_SURFACE('',#7068,0.02849995);
#6236=CYLINDRICAL_SURFACE('',#7069,0.00107912812240073);
#6237=CYLINDRICAL_SURFACE('',#7070,0.00109791500690611);
#6238=CYLINDRICAL_SURFACE('',#7071,0.00122918412976524);
#6239=CYLINDRICAL_SURFACE('',#7072,0.00119214530985013);
#6240=CYLINDRICAL_SURFACE('',#7073,0.000549354894983499);
#6241=CYLINDRICAL_SURFACE('',#7074,0.000531978764104799);
#6242=CYLINDRICAL_SURFACE('',#7075,0.029);
#6243=CYLINDRICAL_SURFACE('',#7076,0.029);
#6244=CYLINDRICAL_SURFACE('',#7077,0.029);
#6245=CYLINDRICAL_SURFACE('',#7078,0.029);
#6246=CYLINDRICAL_SURFACE('',#7079,0.029);
#6247=CYLINDRICAL_SURFACE('',#7080,0.029);
#6248=CYLINDRICAL_SURFACE('',#7082,0.028);
#6249=CYLINDRICAL_SURFACE('',#7093,0.024);
#6250=CYLINDRICAL_SURFACE('',#7096,0.002);
#6251=CYLINDRICAL_SURFACE('',#7097,0.003);
#6252=ADVANCED_FACE('',(#5768,#5769,#5770,#5771,#5772,#5773,#5774,#5775,
#5776,#5777,#5778,#5779,#5780,#5781,#5782,#5783,#5784,#5785,#5786,#5787,
#5788),#6181,.T.);
#6253=ADVANCED_FACE('',(#5789),#6182,.F.);
#6254=ADVANCED_FACE('',(#5790,#5791),#168,.F.);
#6255=ADVANCED_FACE('',(#5792,#5793),#169,.T.);
#6256=ADVANCED_FACE('',(#5794,#5795,#5796),#170,.T.);
#6257=ADVANCED_FACE('',(#5797,#5798,#5799),#171,.F.);
#6258=ADVANCED_FACE('',(#5800),#172,.T.);
#6259=ADVANCED_FACE('',(#5801),#173,.F.);
#6260=ADVANCED_FACE('',(#5802),#174,.T.);
#6261=ADVANCED_FACE('',(#5803),#175,.F.);
#6262=ADVANCED_FACE('',(#5804),#6183,.T.);
#6263=ADVANCED_FACE('',(#5805),#6184,.F.);
#6264=ADVANCED_FACE('',(#5806,#5807),#158,.T.);
#6265=ADVANCED_FACE('',(#5808),#6185,.T.);
#6266=ADVANCED_FACE('',(#5809),#6186,.T.);
#6267=ADVANCED_FACE('',(#5810),#159,.T.);
#6268=ADVANCED_FACE('',(#5811),#160,.T.);
#6269=ADVANCED_FACE('',(#5812),#161,.T.);
#6270=ADVANCED_FACE('',(#5813),#6187,.F.);
#6271=ADVANCED_FACE('',(#5814),#6188,.F.);
#6272=ADVANCED_FACE('',(#5815),#162,.T.);
#6273=ADVANCED_FACE('',(#5816),#163,.T.);
#6274=ADVANCED_FACE('',(#5817),#164,.T.);
#6275=ADVANCED_FACE('',(#5818),#6189,.T.);
#6276=ADVANCED_FACE('',(#5819),#6190,.T.);
#6277=ADVANCED_FACE('',(#5820,#5821),#165,.T.);
#6278=ADVANCED_FACE('',(#5822,#5823),#166,.T.);
#6279=ADVANCED_FACE('',(#5824,#5825),#167,.T.);
#6280=ADVANCED_FACE('',(#5826),#6191,.T.);
#6281=ADVANCED_FACE('',(#5827),#14,.T.);
#6282=ADVANCED_FACE('',(#5828),#15,.T.);
#6283=ADVANCED_FACE('',(#5829),#16,.T.);
#6284=ADVANCED_FACE('',(#5830),#17,.T.);
#6285=ADVANCED_FACE('',(#5831),#18,.T.);
#6286=ADVANCED_FACE('',(#5832,#5833),#6192,.T.);
#6287=ADVANCED_FACE('',(#5834),#176,.T.);
#6288=ADVANCED_FACE('',(#5835),#177,.T.);
#6289=ADVANCED_FACE('',(#5836),#178,.T.);
#6290=ADVANCED_FACE('',(#5837),#19,.T.);
#6291=ADVANCED_FACE('',(#5838),#20,.T.);
#6292=ADVANCED_FACE('',(#5839),#21,.T.);
#6293=ADVANCED_FACE('',(#5840),#22,.T.);
#6294=ADVANCED_FACE('',(#5841),#179,.T.);
#6295=ADVANCED_FACE('',(#5842),#180,.T.);
#6296=ADVANCED_FACE('',(#5843),#181,.T.);
#6297=ADVANCED_FACE('',(#5844),#182,.T.);
#6298=ADVANCED_FACE('',(#5845),#183,.T.);
#6299=ADVANCED_FACE('',(#5846),#23,.T.);
#6300=ADVANCED_FACE('',(#5847),#24,.T.);
#6301=ADVANCED_FACE('',(#5848),#25,.T.);
#6302=ADVANCED_FACE('',(#5849),#26,.T.);
#6303=ADVANCED_FACE('',(#5850),#6193,.T.);
#6304=ADVANCED_FACE('',(#5851),#6194,.T.);
#6305=ADVANCED_FACE('',(#5852),#27,.T.);
#6306=ADVANCED_FACE('',(#5853),#28,.T.);
#6307=ADVANCED_FACE('',(#5854),#29,.T.);
#6308=ADVANCED_FACE('',(#5855),#30,.T.);
#6309=ADVANCED_FACE('',(#5856),#31,.T.);
#6310=ADVANCED_FACE('',(#5857),#32,.T.);
#6311=ADVANCED_FACE('',(#5858),#33,.T.);
#6312=ADVANCED_FACE('',(#5859),#34,.T.);
#6313=ADVANCED_FACE('',(#5860,#5861),#6195,.T.);
#6314=ADVANCED_FACE('',(#5862),#35,.T.);
#6315=ADVANCED_FACE('',(#5863),#36,.T.);
#6316=ADVANCED_FACE('',(#5864),#37,.T.);
#6317=ADVANCED_FACE('',(#5865),#38,.T.);
#6318=ADVANCED_FACE('',(#5866),#39,.T.);
#6319=ADVANCED_FACE('',(#5867),#40,.T.);
#6320=ADVANCED_FACE('',(#5868),#41,.T.);
#6321=ADVANCED_FACE('',(#5869),#42,.T.);
#6322=ADVANCED_FACE('',(#5870),#43,.T.);
#6323=ADVANCED_FACE('',(#5871),#44,.T.);
#6324=ADVANCED_FACE('',(#5872),#45,.T.);
#6325=ADVANCED_FACE('',(#5873),#46,.T.);
#6326=ADVANCED_FACE('',(#5874),#47,.T.);
#6327=ADVANCED_FACE('',(#5875),#48,.T.);
#6328=ADVANCED_FACE('',(#5876),#49,.T.);
#6329=ADVANCED_FACE('',(#5877),#50,.T.);
#6330=ADVANCED_FACE('',(#5878),#6196,.T.);
#6331=ADVANCED_FACE('',(#5879),#184,.T.);
#6332=ADVANCED_FACE('',(#5880),#185,.T.);
#6333=ADVANCED_FACE('',(#5881),#186,.T.);
#6334=ADVANCED_FACE('',(#5882),#187,.T.);
#6335=ADVANCED_FACE('',(#5883),#6197,.T.);
#6336=ADVANCED_FACE('',(#5884),#188,.T.);
#6337=ADVANCED_FACE('',(#5885),#189,.T.);
#6338=ADVANCED_FACE('',(#5886),#190,.T.);
#6339=ADVANCED_FACE('',(#5887),#191,.T.);
#6340=ADVANCED_FACE('',(#5888),#192,.T.);
#6341=ADVANCED_FACE('',(#5889),#193,.T.);
#6342=ADVANCED_FACE('',(#5890),#194,.T.);
#6343=ADVANCED_FACE('',(#5891),#195,.T.);
#6344=ADVANCED_FACE('',(#5892),#196,.T.);
#6345=ADVANCED_FACE('',(#5893),#197,.T.);
#6346=ADVANCED_FACE('',(#5894),#198,.T.);
#6347=ADVANCED_FACE('',(#5895),#51,.T.);
#6348=ADVANCED_FACE('',(#5896),#52,.T.);
#6349=ADVANCED_FACE('',(#5897),#53,.T.);
#6350=ADVANCED_FACE('',(#5898),#199,.T.);
#6351=ADVANCED_FACE('',(#5899),#54,.T.);
#6352=ADVANCED_FACE('',(#5900),#55,.T.);
#6353=ADVANCED_FACE('',(#5901),#56,.T.);
#6354=ADVANCED_FACE('',(#5902),#6198,.T.);
#6355=ADVANCED_FACE('',(#5903),#57,.T.);
#6356=ADVANCED_FACE('',(#5904),#6199,.T.);
#6357=ADVANCED_FACE('',(#5905),#6200,.T.);
#6358=ADVANCED_FACE('',(#5906),#6201,.T.);
#6359=ADVANCED_FACE('',(#5907),#58,.T.);
#6360=ADVANCED_FACE('',(#5908),#6202,.T.);
#6361=ADVANCED_FACE('',(#5909),#59,.T.);
#6362=ADVANCED_FACE('',(#5910),#200,.T.);
#6363=ADVANCED_FACE('',(#5911),#6203,.F.);
#6364=ADVANCED_FACE('',(#5912),#6204,.F.);
#6365=ADVANCED_FACE('',(#5913),#60,.T.);
#6366=ADVANCED_FACE('',(#5914),#61,.T.);
#6367=ADVANCED_FACE('',(#5915),#62,.T.);
#6368=ADVANCED_FACE('',(#5916),#6205,.F.);
#6369=ADVANCED_FACE('',(#5917),#63,.T.);
#6370=ADVANCED_FACE('',(#5918),#64,.T.);
#6371=ADVANCED_FACE('',(#5919),#6206,.T.);
#6372=ADVANCED_FACE('',(#5920),#6207,.T.);
#6373=ADVANCED_FACE('',(#5921),#65,.T.);
#6374=ADVANCED_FACE('',(#5922),#66,.T.);
#6375=ADVANCED_FACE('',(#5923),#6208,.T.);
#6376=ADVANCED_FACE('',(#5924),#67,.T.);
#6377=ADVANCED_FACE('',(#5925),#201,.T.);
#6378=ADVANCED_FACE('',(#5926),#68,.T.);
#6379=ADVANCED_FACE('',(#5927),#69,.T.);
#6380=ADVANCED_FACE('',(#5928),#70,.T.);
#6381=ADVANCED_FACE('',(#5929),#71,.T.);
#6382=ADVANCED_FACE('',(#5930),#72,.T.);
#6383=ADVANCED_FACE('',(#5931),#6209,.T.);
#6384=ADVANCED_FACE('',(#5932),#202,.T.);
#6385=ADVANCED_FACE('',(#5933),#203,.T.);
#6386=ADVANCED_FACE('',(#5934),#204,.T.);
#6387=ADVANCED_FACE('',(#5935),#6210,.F.);
#6388=ADVANCED_FACE('',(#5936),#205,.T.);
#6389=ADVANCED_FACE('',(#5937),#206,.T.);
#6390=ADVANCED_FACE('',(#5938),#207,.T.);
#6391=ADVANCED_FACE('',(#5939),#208,.T.);
#6392=ADVANCED_FACE('',(#5940),#209,.T.);
#6393=ADVANCED_FACE('',(#5941),#210,.T.);
#6394=ADVANCED_FACE('',(#5942),#6211,.T.);
#6395=ADVANCED_FACE('',(#5943),#211,.T.);
#6396=ADVANCED_FACE('',(#5944),#212,.T.);
#6397=ADVANCED_FACE('',(#5945),#213,.T.);
#6398=ADVANCED_FACE('',(#5946),#214,.T.);
#6399=ADVANCED_FACE('',(#5947),#6212,.T.);
#6400=ADVANCED_FACE('',(#5948),#73,.T.);
#6401=ADVANCED_FACE('',(#5949),#74,.T.);
#6402=ADVANCED_FACE('',(#5950),#75,.T.);
#6403=ADVANCED_FACE('',(#5951),#215,.T.);
#6404=ADVANCED_FACE('',(#5952),#216,.T.);
#6405=ADVANCED_FACE('',(#5953),#217,.T.);
#6406=ADVANCED_FACE('',(#5954),#76,.T.);
#6407=ADVANCED_FACE('',(#5955),#77,.T.);
#6408=ADVANCED_FACE('',(#5956),#6213,.F.);
#6409=ADVANCED_FACE('',(#5957),#6214,.F.);
#6410=ADVANCED_FACE('',(#5958),#218,.T.);
#6411=ADVANCED_FACE('',(#5959),#78,.T.);
#6412=ADVANCED_FACE('',(#5960),#79,.T.);
#6413=ADVANCED_FACE('',(#5961),#6215,.F.);
#6414=ADVANCED_FACE('',(#5962),#219,.T.);
#6415=ADVANCED_FACE('',(#5963),#220,.T.);
#6416=ADVANCED_FACE('',(#5964),#221,.T.);
#6417=ADVANCED_FACE('',(#5965),#222,.T.);
#6418=ADVANCED_FACE('',(#5966),#223,.T.);
#6419=ADVANCED_FACE('',(#5967),#224,.T.);
#6420=ADVANCED_FACE('',(#5968),#80,.T.);
#6421=ADVANCED_FACE('',(#5969),#81,.T.);
#6422=ADVANCED_FACE('',(#5970),#82,.T.);
#6423=ADVANCED_FACE('',(#5971),#83,.T.);
#6424=ADVANCED_FACE('',(#5972),#225,.T.);
#6425=ADVANCED_FACE('',(#5973),#226,.T.);
#6426=ADVANCED_FACE('',(#5974),#227,.T.);
#6427=ADVANCED_FACE('',(#5975),#84,.T.);
#6428=ADVANCED_FACE('',(#5976,#5977),#6216,.T.);
#6429=ADVANCED_FACE('',(#5978),#228,.T.);
#6430=ADVANCED_FACE('',(#5979),#229,.T.);
#6431=ADVANCED_FACE('',(#5980),#230,.T.);
#6432=ADVANCED_FACE('',(#5981),#85,.T.);
#6433=ADVANCED_FACE('',(#5982),#86,.T.);
#6434=ADVANCED_FACE('',(#5983),#87,.T.);
#6435=ADVANCED_FACE('',(#5984),#88,.T.);
#6436=ADVANCED_FACE('',(#5985),#231,.T.);
#6437=ADVANCED_FACE('',(#5986),#6217,.T.);
#6438=ADVANCED_FACE('',(#5987),#89,.T.);
#6439=ADVANCED_FACE('',(#5988),#6218,.F.);
#6440=ADVANCED_FACE('',(#5989),#90,.T.);
#6441=ADVANCED_FACE('',(#5990),#91,.T.);
#6442=ADVANCED_FACE('',(#5991),#232,.T.);
#6443=ADVANCED_FACE('',(#5992),#233,.T.);
#6444=ADVANCED_FACE('',(#5993),#234,.T.);
#6445=ADVANCED_FACE('',(#5994),#235,.T.);
#6446=ADVANCED_FACE('',(#5995),#236,.T.);
#6447=ADVANCED_FACE('',(#5996),#237,.T.);
#6448=ADVANCED_FACE('',(#5997),#6219,.T.);
#6449=ADVANCED_FACE('',(#5998,#5999),#6220,.T.);
#6450=ADVANCED_FACE('',(#6000),#238,.T.);
#6451=ADVANCED_FACE('',(#6001),#239,.T.);
#6452=ADVANCED_FACE('',(#6002),#240,.T.);
#6453=ADVANCED_FACE('',(#6003),#241,.T.);
#6454=ADVANCED_FACE('',(#6004),#92,.T.);
#6455=ADVANCED_FACE('',(#6005),#93,.T.);
#6456=ADVANCED_FACE('',(#6006),#94,.T.);
#6457=ADVANCED_FACE('',(#6007),#95,.T.);
#6458=ADVANCED_FACE('',(#6008),#96,.T.);
#6459=ADVANCED_FACE('',(#6009),#97,.T.);
#6460=ADVANCED_FACE('',(#6010),#242,.T.);
#6461=ADVANCED_FACE('',(#6011),#243,.T.);
#6462=ADVANCED_FACE('',(#6012),#98,.T.);
#6463=ADVANCED_FACE('',(#6013),#99,.T.);
#6464=ADVANCED_FACE('',(#6014),#244,.T.);
#6465=ADVANCED_FACE('',(#6015),#100,.T.);
#6466=ADVANCED_FACE('',(#6016),#101,.T.);
#6467=ADVANCED_FACE('',(#6017),#102,.T.);
#6468=ADVANCED_FACE('',(#6018),#103,.T.);
#6469=ADVANCED_FACE('',(#6019),#104,.T.);
#6470=ADVANCED_FACE('',(#6020),#105,.T.);
#6471=ADVANCED_FACE('',(#6021),#106,.T.);
#6472=ADVANCED_FACE('',(#6022),#245,.T.);
#6473=ADVANCED_FACE('',(#6023),#246,.T.);
#6474=ADVANCED_FACE('',(#6024),#107,.T.);
#6475=ADVANCED_FACE('',(#6025,#6026),#6221,.T.);
#6476=ADVANCED_FACE('',(#6027),#247,.T.);
#6477=ADVANCED_FACE('',(#6028),#248,.T.);
#6478=ADVANCED_FACE('',(#6029),#249,.T.);
#6479=ADVANCED_FACE('',(#6030),#250,.T.);
#6480=ADVANCED_FACE('',(#6031),#251,.T.);
#6481=ADVANCED_FACE('',(#6032),#252,.T.);
#6482=ADVANCED_FACE('',(#6033),#253,.T.);
#6483=ADVANCED_FACE('',(#6034),#254,.T.);
#6484=ADVANCED_FACE('',(#6035),#255,.T.);
#6485=ADVANCED_FACE('',(#6036),#256,.T.);
#6486=ADVANCED_FACE('',(#6037),#257,.T.);
#6487=ADVANCED_FACE('',(#6038),#6222,.F.);
#6488=ADVANCED_FACE('',(#6039),#258,.T.);
#6489=ADVANCED_FACE('',(#6040),#6223,.F.);
#6490=ADVANCED_FACE('',(#6041),#6224,.F.);
#6491=ADVANCED_FACE('',(#6042),#259,.T.);
#6492=ADVANCED_FACE('',(#6043),#260,.T.);
#6493=ADVANCED_FACE('',(#6044),#261,.T.);
#6494=ADVANCED_FACE('',(#6045),#6225,.T.);
#6495=ADVANCED_FACE('',(#6046),#262,.T.);
#6496=ADVANCED_FACE('',(#6047),#6226,.F.);
#6497=ADVANCED_FACE('',(#6048),#6227,.F.);
#6498=ADVANCED_FACE('',(#6049),#263,.T.);
#6499=ADVANCED_FACE('',(#6050),#264,.T.);
#6500=ADVANCED_FACE('',(#6051),#265,.T.);
#6501=ADVANCED_FACE('',(#6052),#266,.T.);
#6502=ADVANCED_FACE('',(#6053),#267,.T.);
#6503=ADVANCED_FACE('',(#6054),#268,.T.);
#6504=ADVANCED_FACE('',(#6055),#269,.T.);
#6505=ADVANCED_FACE('',(#6056),#270,.T.);
#6506=ADVANCED_FACE('',(#6057),#271,.T.);
#6507=ADVANCED_FACE('',(#6058),#272,.T.);
#6508=ADVANCED_FACE('',(#6059),#273,.T.);
#6509=ADVANCED_FACE('',(#6060),#108,.T.);
#6510=ADVANCED_FACE('',(#6061),#274,.T.);
#6511=ADVANCED_FACE('',(#6062),#275,.T.);
#6512=ADVANCED_FACE('',(#6063),#276,.T.);
#6513=ADVANCED_FACE('',(#6064),#277,.T.);
#6514=ADVANCED_FACE('',(#6065),#6228,.T.);
#6515=ADVANCED_FACE('',(#6066),#278,.T.);
#6516=ADVANCED_FACE('',(#6067),#279,.T.);
#6517=ADVANCED_FACE('',(#6068),#280,.T.);
#6518=ADVANCED_FACE('',(#6069),#6229,.F.);
#6519=ADVANCED_FACE('',(#6070),#281,.T.);
#6520=ADVANCED_FACE('',(#6071),#282,.T.);
#6521=ADVANCED_FACE('',(#6072),#283,.T.);
#6522=ADVANCED_FACE('',(#6073),#284,.T.);
#6523=ADVANCED_FACE('',(#6074),#285,.T.);
#6524=ADVANCED_FACE('',(#6075),#286,.T.);
#6525=ADVANCED_FACE('',(#6076),#6230,.T.);
#6526=ADVANCED_FACE('',(#6077),#287,.T.);
#6527=ADVANCED_FACE('',(#6078),#288,.T.);
#6528=ADVANCED_FACE('',(#6079),#289,.T.);
#6529=ADVANCED_FACE('',(#6080),#6231,.F.);
#6530=ADVANCED_FACE('',(#6081),#290,.T.);
#6531=ADVANCED_FACE('',(#6082),#291,.T.);
#6532=ADVANCED_FACE('',(#6083),#292,.T.);
#6533=ADVANCED_FACE('',(#6084),#293,.T.);
#6534=ADVANCED_FACE('',(#6085),#294,.T.);
#6535=ADVANCED_FACE('',(#6086),#295,.T.);
#6536=ADVANCED_FACE('',(#6087),#6232,.T.);
#6537=ADVANCED_FACE('',(#6088),#296,.T.);
#6538=ADVANCED_FACE('',(#6089),#297,.T.);
#6539=ADVANCED_FACE('',(#6090),#298,.T.);
#6540=ADVANCED_FACE('',(#6091),#299,.T.);
#6541=ADVANCED_FACE('',(#6092),#300,.T.);
#6542=ADVANCED_FACE('',(#6093),#301,.T.);
#6543=ADVANCED_FACE('',(#6094),#302,.T.);
#6544=ADVANCED_FACE('',(#6095),#303,.T.);
#6545=ADVANCED_FACE('',(#6096),#304,.T.);
#6546=ADVANCED_FACE('',(#6097),#305,.T.);
#6547=ADVANCED_FACE('',(#6098),#306,.T.);
#6548=ADVANCED_FACE('',(#6099),#307,.T.);
#6549=ADVANCED_FACE('',(#6100),#6233,.T.);
#6550=ADVANCED_FACE('',(#6101),#109,.T.);
#6551=ADVANCED_FACE('',(#6102),#110,.T.);
#6552=ADVANCED_FACE('',(#6103),#111,.T.);
#6553=ADVANCED_FACE('',(#6104),#112,.T.);
#6554=ADVANCED_FACE('',(#6105),#113,.T.);
#6555=ADVANCED_FACE('',(#6106),#114,.T.);
#6556=ADVANCED_FACE('',(#6107),#115,.T.);
#6557=ADVANCED_FACE('',(#6108),#116,.T.);
#6558=ADVANCED_FACE('',(#6109,#6110),#6234,.T.);
#6559=ADVANCED_FACE('',(#6111),#117,.T.);
#6560=ADVANCED_FACE('',(#6112),#118,.T.);
#6561=ADVANCED_FACE('',(#6113),#119,.T.);
#6562=ADVANCED_FACE('',(#6114),#120,.T.);
#6563=ADVANCED_FACE('',(#6115),#121,.T.);
#6564=ADVANCED_FACE('',(#6116),#122,.T.);
#6565=ADVANCED_FACE('',(#6117),#123,.T.);
#6566=ADVANCED_FACE('',(#6118),#124,.T.);
#6567=ADVANCED_FACE('',(#6119),#125,.T.);
#6568=ADVANCED_FACE('',(#6120),#126,.T.);
#6569=ADVANCED_FACE('',(#6121),#127,.T.);
#6570=ADVANCED_FACE('',(#6122),#128,.T.);
#6571=ADVANCED_FACE('',(#6123),#129,.T.);
#6572=ADVANCED_FACE('',(#6124),#130,.T.);
#6573=ADVANCED_FACE('',(#6125),#131,.T.);
#6574=ADVANCED_FACE('',(#6126),#132,.T.);
#6575=ADVANCED_FACE('',(#6127,#6128,#6129),#6235,.T.);
#6576=ADVANCED_FACE('',(#6130),#133,.T.);
#6577=ADVANCED_FACE('',(#6131),#134,.T.);
#6578=ADVANCED_FACE('',(#6132),#135,.T.);
#6579=ADVANCED_FACE('',(#6133),#136,.T.);
#6580=ADVANCED_FACE('',(#6134),#6236,.F.);
#6581=ADVANCED_FACE('',(#6135),#137,.T.);
#6582=ADVANCED_FACE('',(#6136),#138,.T.);
#6583=ADVANCED_FACE('',(#6137),#6237,.F.);
#6584=ADVANCED_FACE('',(#6138),#139,.T.);
#6585=ADVANCED_FACE('',(#6139),#140,.T.);
#6586=ADVANCED_FACE('',(#6140),#141,.T.);
#6587=ADVANCED_FACE('',(#6141),#142,.T.);
#6588=ADVANCED_FACE('',(#6142),#6238,.F.);
#6589=ADVANCED_FACE('',(#6143),#143,.T.);
#6590=ADVANCED_FACE('',(#6144),#144,.T.);
#6591=ADVANCED_FACE('',(#6145),#6239,.F.);
#6592=ADVANCED_FACE('',(#6146),#145,.T.);
#6593=ADVANCED_FACE('',(#6147),#146,.T.);
#6594=ADVANCED_FACE('',(#6148),#147,.T.);
#6595=ADVANCED_FACE('',(#6149),#148,.T.);
#6596=ADVANCED_FACE('',(#6150),#149,.T.);
#6597=ADVANCED_FACE('',(#6151),#150,.T.);
#6598=ADVANCED_FACE('',(#6152),#151,.T.);
#6599=ADVANCED_FACE('',(#6153),#6240,.T.);
#6600=ADVANCED_FACE('',(#6154),#152,.T.);
#6601=ADVANCED_FACE('',(#6155),#153,.T.);
#6602=ADVANCED_FACE('',(#6156),#6241,.T.);
#6603=ADVANCED_FACE('',(#6157),#154,.T.);
#6604=ADVANCED_FACE('',(#6158),#155,.T.);
#6605=ADVANCED_FACE('',(#6159),#156,.T.);
#6606=ADVANCED_FACE('',(#6160),#157,.T.);
#6607=ADVANCED_FACE('',(#6161),#6242,.T.);
#6608=ADVANCED_FACE('',(#6162),#6243,.T.);
#6609=ADVANCED_FACE('',(#6163),#6244,.T.);
#6610=ADVANCED_FACE('',(#6164),#6245,.T.);
#6611=ADVANCED_FACE('',(#6165),#6246,.T.);
#6612=ADVANCED_FACE('',(#6166),#6247,.T.);
#6613=ADVANCED_FACE('',(#6167),#6248,.T.);
#6614=ADVANCED_FACE('',(#6168,#6169,#6170),#308,.T.);
#6615=ADVANCED_FACE('',(#6171,#6172,#6173),#309,.F.);
#6616=ADVANCED_FACE('',(#6174,#6175),#6249,.F.);
#6617=ADVANCED_FACE('',(#6176),#310,.T.);
#6618=ADVANCED_FACE('',(#6177),#311,.F.);
#6619=ADVANCED_FACE('',(#6178,#6179),#6250,.F.);
#6620=ADVANCED_FACE('',(#6180),#6251,.T.);
#6621=CLOSED_SHELL('',(#6252,#6253,#6254,#6255,#6256,#6257,#6258,#6259,
#6260,#6261,#6262,#6263,#6264,#6265,#6266,#6267,#6268,#6269,#6270,#6271,
#6272,#6273,#6274,#6275,#6276,#6277,#6278,#6279,#6280,#6281,#6282,#6283,
#6284,#6285,#6286,#6287,#6288,#6289,#6290,#6291,#6292,#6293,#6294,#6295,
#6296,#6297,#6298,#6299,#6300,#6301,#6302,#6303,#6304,#6305,#6306,#6307,
#6308,#6309,#6310,#6311,#6312,#6313,#6314,#6315,#6316,#6317,#6318,#6319,
#6320,#6321,#6322,#6323,#6324,#6325,#6326,#6327,#6328,#6329,#6330,#6331,
#6332,#6333,#6334,#6335,#6336,#6337,#6338,#6339,#6340,#6341,#6342,#6343,
#6344,#6345,#6346,#6347,#6348,#6349,#6350,#6351,#6352,#6353,#6354,#6355,
#6356,#6357,#6358,#6359,#6360,#6361,#6362,#6363,#6364,#6365,#6366,#6367,
#6368,#6369,#6370,#6371,#6372,#6373,#6374,#6375,#6376,#6377,#6378,#6379,
#6380,#6381,#6382,#6383,#6384,#6385,#6386,#6387,#6388,#6389,#6390,#6391,
#6392,#6393,#6394,#6395,#6396,#6397,#6398,#6399,#6400,#6401,#6402,#6403,
#6404,#6405,#6406,#6407,#6408,#6409,#6410,#6411,#6412,#6413,#6414,#6415,
#6416,#6417,#6418,#6419,#6420,#6421,#6422,#6423,#6424,#6425,#6426,#6427,
#6428,#6429,#6430,#6431,#6432,#6433,#6434,#6435,#6436,#6437,#6438,#6439,
#6440,#6441,#6442,#6443,#6444,#6445,#6446,#6447,#6448,#6449,#6450,#6451,
#6452,#6453,#6454,#6455,#6456,#6457,#6458,#6459,#6460,#6461,#6462,#6463,
#6464,#6465,#6466,#6467,#6468,#6469,#6470,#6471,#6472,#6473,#6474,#6475,
#6476,#6477,#6478,#6479,#6480,#6481,#6482,#6483,#6484,#6485,#6486,#6487,
#6488,#6489,#6490,#6491,#6492,#6493,#6494,#6495,#6496,#6497,#6498,#6499,
#6500,#6501,#6502,#6503,#6504,#6505,#6506,#6507,#6508,#6509,#6510,#6511,
#6512,#6513,#6514,#6515,#6516,#6517,#6518,#6519,#6520,#6521,#6522,#6523,
#6524,#6525,#6526,#6527,#6528,#6529,#6530,#6531,#6532,#6533,#6534,#6535,
#6536,#6537,#6538,#6539,#6540,#6541,#6542,#6543,#6544,#6545,#6546,#6547,
#6548,#6549,#6550,#6551,#6552,#6553,#6554,#6555,#6556,#6557,#6558,#6559,
#6560,#6561,#6562,#6563,#6564,#6565,#6566,#6567,#6568,#6569,#6570,#6571,
#6572,#6573,#6574,#6575,#6576,#6577,#6578,#6579,#6580,#6581,#6582,#6583,
#6584,#6585,#6586,#6587,#6588,#6589,#6590,#6591,#6592,#6593,#6594,#6595,
#6596,#6597,#6598,#6599,#6600,#6601,#6602,#6603,#6604,#6605,#6606,#6607,
#6608,#6609,#6610,#6611,#6612));
#6622=CLOSED_SHELL('',(#6613,#6614,#6615,#6616,#6617,#6618,#6619,#6620));
#6623=STYLED_ITEM('',(#6625),#6639);
#6624=STYLED_ITEM('',(#6626),#6640);
#6625=PRESENTATION_STYLE_ASSIGNMENT((#6627));
#6626=PRESENTATION_STYLE_ASSIGNMENT((#6628));
#6627=SURFACE_STYLE_USAGE(.BOTH.,#6629);
#6628=SURFACE_STYLE_USAGE(.BOTH.,#6630);
#6629=SURFACE_SIDE_STYLE('',(#6631));
#6630=SURFACE_SIDE_STYLE('',(#6632));
#6631=SURFACE_STYLE_FILL_AREA(#6633);
#6632=SURFACE_STYLE_FILL_AREA(#6634);
#6633=FILL_AREA_STYLE('',(#6635));
#6634=FILL_AREA_STYLE('',(#6636));
#6635=FILL_AREA_STYLE_COLOUR('',#6637);
#6636=FILL_AREA_STYLE_COLOUR('',#6638);
#6637=COLOUR_RGB('',0.764705882352941,0.545098039215686,0.803921568627451);
#6638=COLOUR_RGB('',0.6,0.580392156862745,0.529411764705882);
#6639=MANIFOLD_SOLID_BREP('Insulator',#6621);
#6640=MANIFOLD_SOLID_BREP('Conductor',#6622);
#6641=SHAPE_DEFINITION_REPRESENTATION(#12557,#6643);
#6642=SHAPE_DEFINITION_REPRESENTATION(#12558,#6644);
#6643=SHAPE_REPRESENTATION('Insulator',(#6645),#12547);
#6644=SHAPE_REPRESENTATION('Conductor',(#7081),#12548);
#6645=AXIS2_PLACEMENT_3D('',#8423,#7098,#7099);
#6646=AXIS2_PLACEMENT_3D('',#8424,#7100,#7101);
#6647=AXIS2_PLACEMENT_3D('',#8559,#7103,#7104);
#6648=AXIS2_PLACEMENT_3D('',#8561,#7105,#7106);
#6649=AXIS2_PLACEMENT_3D('',#8563,#7107,#7108);
#6650=AXIS2_PLACEMENT_3D('',#8595,#7109,#7110);
#6651=AXIS2_PLACEMENT_3D('',#8610,#7112,#7113);
#6652=AXIS2_PLACEMENT_3D('',#8664,#7115,#7116);
#6653=AXIS2_PLACEMENT_3D('',#8686,#7117,#7118);
#6654=AXIS2_PLACEMENT_3D('',#8690,#7120,#7121);
#6655=AXIS2_PLACEMENT_3D('',#8722,#7123,#7124);
#6656=AXIS2_PLACEMENT_3D('',#8726,#7126,#7127);
#6657=AXIS2_PLACEMENT_3D('',#8773,#7128,#7129);
#6658=AXIS2_PLACEMENT_3D('',#8778,#7131,#7132);
#6659=AXIS2_PLACEMENT_3D('',#8781,#7134,#7135);
#6660=AXIS2_PLACEMENT_3D('',#8820,#7139,#7140);
#6661=AXIS2_PLACEMENT_3D('',#8824,#7142,#7143);
#6662=AXIS2_PLACEMENT_3D('',#8826,#7144,#7145);
#6663=AXIS2_PLACEMENT_3D('',#8828,#7146,#7147);
#6664=AXIS2_PLACEMENT_3D('',#8832,#7149,#7150);
#6665=AXIS2_PLACEMENT_3D('',#8943,#7153,#7154);
#6666=AXIS2_PLACEMENT_3D('',#8969,#7155,#7156);
#6667=AXIS2_PLACEMENT_3D('',#8972,#7157,#7158);
#6668=AXIS2_PLACEMENT_3D('',#8974,#7159,#7160);
#6669=AXIS2_PLACEMENT_3D('',#8978,#7162,#7163);
#6670=AXIS2_PLACEMENT_3D('',#8982,#7165,#7166);
#6671=AXIS2_PLACEMENT_3D('',#8984,#7167,#7168);
#6672=AXIS2_PLACEMENT_3D('',#8991,#7169,#7170);
#6673=AXIS2_PLACEMENT_3D('',#8992,#7171,#7172);
#6674=AXIS2_PLACEMENT_3D('',#8997,#7174,#7175);
#6675=AXIS2_PLACEMENT_3D('',#9018,#7178,#7179);
#6676=AXIS2_PLACEMENT_3D('',#9044,#7182,#7183);
#6677=AXIS2_PLACEMENT_3D('',#9048,#7185,#7186);
#6678=AXIS2_PLACEMENT_3D('',#9050,#7187,#7188);
#6679=AXIS2_PLACEMENT_3D('',#9052,#7189,#7190);
#6680=AXIS2_PLACEMENT_3D('',#9070,#7191,#7192);
#6681=AXIS2_PLACEMENT_3D('',#9094,#7194,#7195);
#6682=AXIS2_PLACEMENT_3D('',#9108,#7197,#7198);
#6683=AXIS2_PLACEMENT_3D('',#9110,#7199,#7200);
#6684=AXIS2_PLACEMENT_3D('',#9112,#7201,#7202);
#6685=AXIS2_PLACEMENT_3D('',#9116,#7204,#7205);
#6686=AXIS2_PLACEMENT_3D('',#9120,#7207,#7208);
#6687=AXIS2_PLACEMENT_3D('',#9144,#7210,#7211);
#6688=AXIS2_PLACEMENT_3D('',#9148,#7213,#7214);
#6689=AXIS2_PLACEMENT_3D('',#9152,#7216,#7217);
#6690=AXIS2_PLACEMENT_3D('',#9156,#7219,#7220);
#6691=AXIS2_PLACEMENT_3D('',#9160,#7222,#7223);
#6692=AXIS2_PLACEMENT_3D('',#9162,#7224,#7225);
#6693=AXIS2_PLACEMENT_3D('',#9169,#7226,#7227);
#6694=AXIS2_PLACEMENT_3D('',#9171,#7228,#7229);
#6695=AXIS2_PLACEMENT_3D('',#9173,#7230,#7231);
#6696=AXIS2_PLACEMENT_3D('',#9175,#7232,#7233);
#6697=AXIS2_PLACEMENT_3D('',#9177,#7234,#7235);
#6698=AXIS2_PLACEMENT_3D('',#9186,#7237,#7238);
#6699=AXIS2_PLACEMENT_3D('',#9190,#7240,#7241);
#6700=AXIS2_PLACEMENT_3D('',#9192,#7242,#7243);
#6701=AXIS2_PLACEMENT_3D('',#9194,#7244,#7245);
#6702=AXIS2_PLACEMENT_3D('',#9196,#7246,#7247);
#6703=AXIS2_PLACEMENT_3D('',#9198,#7248,#7249);
#6704=AXIS2_PLACEMENT_3D('',#9202,#7251,#7252);
#6705=AXIS2_PLACEMENT_3D('',#9210,#7254,#7255);
#6706=AXIS2_PLACEMENT_3D('',#9213,#7256,#7257);
#6707=AXIS2_PLACEMENT_3D('',#9215,#7258,#7259);
#6708=AXIS2_PLACEMENT_3D('',#9219,#7261,#7262);
#6709=AXIS2_PLACEMENT_3D('',#9223,#7264,#7265);
#6710=AXIS2_PLACEMENT_3D('',#9225,#7266,#7267);
#6711=AXIS2_PLACEMENT_3D('',#9232,#7268,#7269);
#6712=AXIS2_PLACEMENT_3D('',#9233,#7270,#7271);
#6713=AXIS2_PLACEMENT_3D('',#9236,#7272,#7273);
#6714=AXIS2_PLACEMENT_3D('',#9238,#7274,#7275);
#6715=AXIS2_PLACEMENT_3D('',#9242,#7277,#7278);
#6716=AXIS2_PLACEMENT_3D('',#9246,#7280,#7281);
#6717=AXIS2_PLACEMENT_3D('',#9248,#7282,#7283);
#6718=AXIS2_PLACEMENT_3D('',#9255,#7284,#7285);
#6719=AXIS2_PLACEMENT_3D('',#9256,#7286,#7287);
#6720=AXIS2_PLACEMENT_3D('',#9259,#7288,#7289);
#6721=AXIS2_PLACEMENT_3D('',#9261,#7290,#7291);
#6722=AXIS2_PLACEMENT_3D('',#9263,#7292,#7293);
#6723=AXIS2_PLACEMENT_3D('',#9265,#7294,#7295);
#6724=AXIS2_PLACEMENT_3D('',#9267,#7296,#7297);
#6725=AXIS2_PLACEMENT_3D('',#9269,#7298,#7299);
#6726=AXIS2_PLACEMENT_3D('',#9271,#7300,#7301);
#6727=AXIS2_PLACEMENT_3D('',#9273,#7302,#7303);
#6728=AXIS2_PLACEMENT_3D('',#9275,#7304,#7305);
#6729=AXIS2_PLACEMENT_3D('',#9277,#7306,#7307);
#6730=AXIS2_PLACEMENT_3D('',#9279,#7308,#7309);
#6731=AXIS2_PLACEMENT_3D('',#9320,#7310,#7311);
#6732=AXIS2_PLACEMENT_3D('',#9321,#7312,#7313);
#6733=AXIS2_PLACEMENT_3D('',#9326,#7315,#7316);
#6734=AXIS2_PLACEMENT_3D('',#9329,#7318,#7319);
#6735=AXIS2_PLACEMENT_3D('',#9330,#7320,#7321);
#6736=AXIS2_PLACEMENT_3D('',#9335,#7323,#7324);
#6737=AXIS2_PLACEMENT_3D('',#9339,#7326,#7327);
#6738=AXIS2_PLACEMENT_3D('',#9341,#7328,#7329);
#6739=AXIS2_PLACEMENT_3D('',#9343,#7330,#7331);
#6740=AXIS2_PLACEMENT_3D('',#9344,#7332,#7333);
#6741=AXIS2_PLACEMENT_3D('',#9345,#7334,#7335);
#6742=AXIS2_PLACEMENT_3D('',#9350,#7337,#7338);
#6743=AXIS2_PLACEMENT_3D('',#9354,#7340,#7341);
#6744=AXIS2_PLACEMENT_3D('',#9356,#7342,#7343);
#6745=AXIS2_PLACEMENT_3D('',#9358,#7344,#7345);
#6746=AXIS2_PLACEMENT_3D('',#9359,#7346,#7347);
#6747=AXIS2_PLACEMENT_3D('',#9362,#7349,#7350);
#6748=AXIS2_PLACEMENT_3D('',#9365,#7352,#7353);
#6749=AXIS2_PLACEMENT_3D('',#9367,#7354,#7355);
#6750=AXIS2_PLACEMENT_3D('',#9369,#7356,#7357);
#6751=AXIS2_PLACEMENT_3D('',#9372,#7359,#7360);
#6752=AXIS2_PLACEMENT_3D('',#9375,#7362,#7363);
#6753=AXIS2_PLACEMENT_3D('',#9377,#7364,#7365);
#6754=AXIS2_PLACEMENT_3D('',#9379,#7366,#7367);
#6755=AXIS2_PLACEMENT_3D('',#9381,#7369,#7370);
#6756=AXIS2_PLACEMENT_3D('',#9383,#7372,#7373);
#6757=AXIS2_PLACEMENT_3D('',#9392,#7378,#7379);
#6758=AXIS2_PLACEMENT_3D('',#9401,#7384,#7385);
#6759=AXIS2_PLACEMENT_3D('',#9402,#7386,#7387);
#6760=AXIS2_PLACEMENT_3D('',#9403,#7388,#7389);
#6761=AXIS2_PLACEMENT_3D('',#9404,#7390,#7391);
#6762=AXIS2_PLACEMENT_3D('',#9405,#7392,#7393);
#6763=AXIS2_PLACEMENT_3D('',#9406,#7394,#7395);
#6764=AXIS2_PLACEMENT_3D('',#9407,#7396,#7397);
#6765=AXIS2_PLACEMENT_3D('',#9408,#7398,#7399);
#6766=AXIS2_PLACEMENT_3D('',#9409,#7400,#7401);
#6767=AXIS2_PLACEMENT_3D('',#9410,#7402,#7403);
#6768=AXIS2_PLACEMENT_3D('',#9411,#7404,#7405);
#6769=AXIS2_PLACEMENT_3D('',#9412,#7406,#7407);
#6770=AXIS2_PLACEMENT_3D('',#9413,#7408,#7409);
#6771=AXIS2_PLACEMENT_3D('',#9414,#7410,#7411);
#6772=AXIS2_PLACEMENT_3D('',#9415,#7412,#7413);
#6773=AXIS2_PLACEMENT_3D('',#9416,#7414,#7415);
#6774=AXIS2_PLACEMENT_3D('',#9417,#7416,#7417);
#6775=AXIS2_PLACEMENT_3D('',#9418,#7418,#7419);
#6776=AXIS2_PLACEMENT_3D('',#9419,#7420,#7421);
#6777=AXIS2_PLACEMENT_3D('',#9420,#7422,#7423);
#6778=AXIS2_PLACEMENT_3D('',#9421,#7424,#7425);
#6779=AXIS2_PLACEMENT_3D('',#9422,#7426,#7427);
#6780=AXIS2_PLACEMENT_3D('',#9423,#7428,#7429);
#6781=AXIS2_PLACEMENT_3D('',#9424,#7430,#7431);
#6782=AXIS2_PLACEMENT_3D('',#9425,#7432,#7433);
#6783=AXIS2_PLACEMENT_3D('',#9426,#7434,#7435);
#6784=AXIS2_PLACEMENT_3D('',#9427,#7436,#7437);
#6785=AXIS2_PLACEMENT_3D('',#9428,#7438,#7439);
#6786=AXIS2_PLACEMENT_3D('',#9429,#7440,#7441);
#6787=AXIS2_PLACEMENT_3D('',#9430,#7442,#7443);
#6788=AXIS2_PLACEMENT_3D('',#9431,#7444,#7445);
#6789=AXIS2_PLACEMENT_3D('',#9432,#7446,#7447);
#6790=AXIS2_PLACEMENT_3D('',#9433,#7448,#7449);
#6791=AXIS2_PLACEMENT_3D('',#9434,#7450,#7451);
#6792=AXIS2_PLACEMENT_3D('',#9435,#7452,#7453);
#6793=AXIS2_PLACEMENT_3D('',#9436,#7454,#7455);
#6794=AXIS2_PLACEMENT_3D('',#9437,#7456,#7457);
#6795=AXIS2_PLACEMENT_3D('',#9511,#7463,#7464);
#6796=AXIS2_PLACEMENT_3D('',#9528,#7465,#7466);
#6797=AXIS2_PLACEMENT_3D('',#9532,#7468,#7469);
#6798=AXIS2_PLACEMENT_3D('',#9541,#7471,#7472);
#6799=AXIS2_PLACEMENT_3D('',#9545,#7474,#7475);
#6800=AXIS2_PLACEMENT_3D('',#9567,#7476,#7477);
#6801=AXIS2_PLACEMENT_3D('',#9568,#7478,#7479);
#6802=AXIS2_PLACEMENT_3D('',#9569,#7480,#7481);
#6803=AXIS2_PLACEMENT_3D('',#9574,#7484,#7485);
#6804=AXIS2_PLACEMENT_3D('',#9578,#7488,#7489);
#6805=AXIS2_PLACEMENT_3D('',#9579,#7490,#7491);
#6806=AXIS2_PLACEMENT_3D('',#9636,#7496,#7497);
#6807=AXIS2_PLACEMENT_3D('',#9639,#7500,#7501);
#6808=AXIS2_PLACEMENT_3D('',#9641,#7503,#7504);
#6809=AXIS2_PLACEMENT_3D('',#9643,#7506,#7507);
#6810=AXIS2_PLACEMENT_3D('',#9645,#7509,#7510);
#6811=AXIS2_PLACEMENT_3D('',#9682,#7515,#7516);
#6812=AXIS2_PLACEMENT_3D('',#9683,#7517,#7518);
#6813=AXIS2_PLACEMENT_3D('',#9796,#7527,#7528);
#6814=AXIS2_PLACEMENT_3D('',#10075,#7545,#7546);
#6815=AXIS2_PLACEMENT_3D('',#10076,#7547,#7548);
#6816=AXIS2_PLACEMENT_3D('',#10081,#7550,#7551);
#6817=AXIS2_PLACEMENT_3D('',#10084,#7553,#7554);
#6818=AXIS2_PLACEMENT_3D('',#10087,#7557,#7558);
#6819=AXIS2_PLACEMENT_3D('',#10089,#7560,#7561);
#6820=AXIS2_PLACEMENT_3D('',#10091,#7563,#7564);
#6821=AXIS2_PLACEMENT_3D('',#10092,#7565,#7566);
#6822=AXIS2_PLACEMENT_3D('',#10093,#7567,#7568);
#6823=AXIS2_PLACEMENT_3D('',#10098,#7570,#7571);
#6824=AXIS2_PLACEMENT_3D('',#10102,#7573,#7574);
#6825=AXIS2_PLACEMENT_3D('',#10104,#7575,#7576);
#6826=AXIS2_PLACEMENT_3D('',#10106,#7577,#7578);
#6827=AXIS2_PLACEMENT_3D('',#10110,#7580,#7581);
#6828=AXIS2_PLACEMENT_3D('',#10147,#7585,#7586);
#6829=AXIS2_PLACEMENT_3D('',#10150,#7589,#7590);
#6830=AXIS2_PLACEMENT_3D('',#10152,#7592,#7593);
#6831=AXIS2_PLACEMENT_3D('',#10154,#7595,#7596);
#6832=AXIS2_PLACEMENT_3D('',#10156,#7598,#7599);
#6833=AXIS2_PLACEMENT_3D('',#10158,#7601,#7602);
#6834=AXIS2_PLACEMENT_3D('',#10160,#7604,#7605);
#6835=AXIS2_PLACEMENT_3D('',#10162,#7607,#7608);
#6836=AXIS2_PLACEMENT_3D('',#10164,#7610,#7611);
#6837=AXIS2_PLACEMENT_3D('',#10166,#7613,#7614);
#6838=AXIS2_PLACEMENT_3D('',#10168,#7616,#7617);
#6839=AXIS2_PLACEMENT_3D('',#10197,#7622,#7623);
#6840=AXIS2_PLACEMENT_3D('',#10225,#7627,#7628);
#6841=AXIS2_PLACEMENT_3D('',#10257,#7629,#7630);
#6842=AXIS2_PLACEMENT_3D('',#10370,#7634,#7635);
#6843=AXIS2_PLACEMENT_3D('',#10372,#7637,#7638);
#6844=AXIS2_PLACEMENT_3D('',#10374,#7640,#7641);
#6845=AXIS2_PLACEMENT_3D('',#10385,#7644,#7645);
#6846=AXIS2_PLACEMENT_3D('',#10396,#7648,#7649);
#6847=AXIS2_PLACEMENT_3D('',#10398,#7651,#7652);
#6848=AXIS2_PLACEMENT_3D('',#10400,#7654,#7655);
#6849=AXIS2_PLACEMENT_3D('',#10429,#7660,#7661);
#6850=AXIS2_PLACEMENT_3D('',#10449,#7665,#7666);
#6851=AXIS2_PLACEMENT_3D('',#10451,#7668,#7669);
#6852=AXIS2_PLACEMENT_3D('',#10471,#7673,#7674);
#6853=AXIS2_PLACEMENT_3D('',#10482,#7677,#7678);
#6854=AXIS2_PLACEMENT_3D('',#10528,#7684,#7685);
#6855=AXIS2_PLACEMENT_3D('',#10529,#7686,#7687);
#6856=AXIS2_PLACEMENT_3D('',#10532,#7688,#7689);
#6857=AXIS2_PLACEMENT_3D('',#10539,#7690,#7691);
#6858=AXIS2_PLACEMENT_3D('',#10541,#7692,#7693);
#6859=AXIS2_PLACEMENT_3D('',#10545,#7695,#7696);
#6860=AXIS2_PLACEMENT_3D('',#10549,#7698,#7699);
#6861=AXIS2_PLACEMENT_3D('',#10551,#7700,#7701);
#6862=AXIS2_PLACEMENT_3D('',#10552,#7702,#7703);
#6863=AXIS2_PLACEMENT_3D('',#10555,#7706,#7707);
#6864=AXIS2_PLACEMENT_3D('',#10557,#7709,#7710);
#6865=AXIS2_PLACEMENT_3D('',#10559,#7712,#7713);
#6866=AXIS2_PLACEMENT_3D('',#10561,#7715,#7716);
#6867=AXIS2_PLACEMENT_3D('',#10563,#7718,#7719);
#6868=AXIS2_PLACEMENT_3D('',#10565,#7721,#7722);
#6869=AXIS2_PLACEMENT_3D('',#10567,#7724,#7725);
#6870=AXIS2_PLACEMENT_3D('',#10569,#7727,#7728);
#6871=AXIS2_PLACEMENT_3D('',#10571,#7730,#7731);
#6872=AXIS2_PLACEMENT_3D('',#10572,#7732,#7733);
#6873=AXIS2_PLACEMENT_3D('',#10573,#7734,#7735);
#6874=AXIS2_PLACEMENT_3D('',#10578,#7737,#7738);
#6875=AXIS2_PLACEMENT_3D('',#10581,#7740,#7741);
#6876=AXIS2_PLACEMENT_3D('',#10584,#7744,#7745);
#6877=AXIS2_PLACEMENT_3D('',#10586,#7747,#7748);
#6878=AXIS2_PLACEMENT_3D('',#10588,#7750,#7751);
#6879=AXIS2_PLACEMENT_3D('',#10589,#7752,#7753);
#6880=AXIS2_PLACEMENT_3D('',#10603,#7755,#7756);
#6881=AXIS2_PLACEMENT_3D('',#10627,#7758,#7759);
#6882=AXIS2_PLACEMENT_3D('',#10645,#7760,#7761);
#6883=AXIS2_PLACEMENT_3D('',#10647,#7762,#7763);
#6884=AXIS2_PLACEMENT_3D('',#10649,#7764,#7765);
#6885=AXIS2_PLACEMENT_3D('',#10653,#7767,#7768);
#6886=AXIS2_PLACEMENT_3D('',#10679,#7771,#7772);
#6887=AXIS2_PLACEMENT_3D('',#10720,#7778,#7779);
#6888=AXIS2_PLACEMENT_3D('',#10722,#7781,#7782);
#6889=AXIS2_PLACEMENT_3D('',#10724,#7784,#7785);
#6890=AXIS2_PLACEMENT_3D('',#10744,#7789,#7790);
#6891=AXIS2_PLACEMENT_3D('',#10746,#7792,#7793);
#6892=AXIS2_PLACEMENT_3D('',#10748,#7795,#7796);
#6893=AXIS2_PLACEMENT_3D('',#10768,#7800,#7801);
#6894=AXIS2_PLACEMENT_3D('',#10770,#7803,#7804);
#6895=AXIS2_PLACEMENT_3D('',#10772,#7806,#7807);
#6896=AXIS2_PLACEMENT_3D('',#10774,#7809,#7810);
#6897=AXIS2_PLACEMENT_3D('',#10776,#7812,#7813);
#6898=AXIS2_PLACEMENT_3D('',#10778,#7815,#7816);
#6899=AXIS2_PLACEMENT_3D('',#10780,#7818,#7819);
#6900=AXIS2_PLACEMENT_3D('',#10818,#7825,#7826);
#6901=AXIS2_PLACEMENT_3D('',#10820,#7828,#7829);
#6902=AXIS2_PLACEMENT_3D('',#10822,#7831,#7832);
#6903=AXIS2_PLACEMENT_3D('',#10832,#7834,#7835);
#6904=AXIS2_PLACEMENT_3D('',#10849,#7836,#7837);
#6905=AXIS2_PLACEMENT_3D('',#10853,#7839,#7840);
#6906=AXIS2_PLACEMENT_3D('',#10885,#7841,#7842);
#6907=AXIS2_PLACEMENT_3D('',#10889,#7844,#7845);
#6908=AXIS2_PLACEMENT_3D('',#10893,#7847,#7848);
#6909=AXIS2_PLACEMENT_3D('',#10895,#7849,#7850);
#6910=AXIS2_PLACEMENT_3D('',#10897,#7851,#7852);
#6911=AXIS2_PLACEMENT_3D('',#10898,#7853,#7854);
#6912=AXIS2_PLACEMENT_3D('',#10899,#7855,#7856);
#6913=AXIS2_PLACEMENT_3D('',#10904,#7859,#7860);
#6914=AXIS2_PLACEMENT_3D('',#10908,#7863,#7864);
#6915=AXIS2_PLACEMENT_3D('',#10909,#7865,#7866);
#6916=AXIS2_PLACEMENT_3D('',#10966,#7871,#7872);
#6917=AXIS2_PLACEMENT_3D('',#10969,#7875,#7876);
#6918=AXIS2_PLACEMENT_3D('',#10980,#7879,#7880);
#6919=AXIS2_PLACEMENT_3D('',#11000,#7884,#7885);
#6920=AXIS2_PLACEMENT_3D('',#11002,#7887,#7888);
#6921=AXIS2_PLACEMENT_3D('',#11004,#7890,#7891);
#6922=AXIS2_PLACEMENT_3D('',#11006,#7893,#7894);
#6923=AXIS2_PLACEMENT_3D('',#11008,#7896,#7897);
#6924=AXIS2_PLACEMENT_3D('',#11010,#7899,#7900);
#6925=AXIS2_PLACEMENT_3D('',#11011,#7901,#7902);
#6926=AXIS2_PLACEMENT_3D('',#11012,#7903,#7904);
#6927=AXIS2_PLACEMENT_3D('',#11024,#7905,#7906);
#6928=AXIS2_PLACEMENT_3D('',#11039,#7908,#7909);
#6929=AXIS2_PLACEMENT_3D('',#11071,#7910,#7911);
#6930=AXIS2_PLACEMENT_3D('',#11073,#7912,#7913);
#6931=AXIS2_PLACEMENT_3D('',#11075,#7914,#7915);
#6932=AXIS2_PLACEMENT_3D('',#11100,#7917,#7918);
#6933=AXIS2_PLACEMENT_3D('',#11113,#7920,#7921);
#6934=AXIS2_PLACEMENT_3D('',#11116,#7924,#7925);
#6935=AXIS2_PLACEMENT_3D('',#11118,#7927,#7928);
#6936=AXIS2_PLACEMENT_3D('',#11120,#7930,#7931);
#6937=AXIS2_PLACEMENT_3D('',#11176,#7939,#7940);
#6938=AXIS2_PLACEMENT_3D('',#11178,#7942,#7943);
#6939=AXIS2_PLACEMENT_3D('',#11198,#7947,#7948);
#6940=AXIS2_PLACEMENT_3D('',#11285,#7957,#7958);
#6941=AXIS2_PLACEMENT_3D('',#11286,#7959,#7960);
#6942=AXIS2_PLACEMENT_3D('',#11289,#7962,#7963);
#6943=AXIS2_PLACEMENT_3D('',#11305,#7966,#7967);
#6944=AXIS2_PLACEMENT_3D('',#11306,#7968,#7969);
#6945=AXIS2_PLACEMENT_3D('',#11309,#7970,#7971);
#6946=AXIS2_PLACEMENT_3D('',#11313,#7973,#7974);
#6947=AXIS2_PLACEMENT_3D('',#11317,#7976,#7977);
#6948=AXIS2_PLACEMENT_3D('',#11321,#7979,#7980);
#6949=AXIS2_PLACEMENT_3D('',#11325,#7982,#7983);
#6950=AXIS2_PLACEMENT_3D('',#11328,#7985,#7986);
#6951=AXIS2_PLACEMENT_3D('',#11343,#7988,#7989);
#6952=AXIS2_PLACEMENT_3D('',#11345,#7990,#7991);
#6953=AXIS2_PLACEMENT_3D('',#11351,#7992,#7993);
#6954=AXIS2_PLACEMENT_3D('',#11354,#7996,#7997);
#6955=AXIS2_PLACEMENT_3D('',#11356,#7999,#8000);
#6956=AXIS2_PLACEMENT_3D('',#11358,#8002,#8003);
#6957=AXIS2_PLACEMENT_3D('',#11360,#8005,#8006);
#6958=AXIS2_PLACEMENT_3D('',#11362,#8008,#8009);
#6959=AXIS2_PLACEMENT_3D('',#11364,#8011,#8012);
#6960=AXIS2_PLACEMENT_3D('',#11366,#8014,#8015);
#6961=AXIS2_PLACEMENT_3D('',#11368,#8017,#8018);
#6962=AXIS2_PLACEMENT_3D('',#11370,#8020,#8021);
#6963=AXIS2_PLACEMENT_3D('',#11372,#8023,#8024);
#6964=AXIS2_PLACEMENT_3D('',#11373,#8025,#8026);
#6965=AXIS2_PLACEMENT_3D('',#11382,#8029,#8030);
#6966=AXIS2_PLACEMENT_3D('',#11383,#8031,#8032);
#6967=AXIS2_PLACEMENT_3D('',#11386,#8034,#8035);
#6968=AXIS2_PLACEMENT_3D('',#11393,#8037,#8038);
#6969=AXIS2_PLACEMENT_3D('',#11400,#8040,#8041);
#6970=AXIS2_PLACEMENT_3D('',#11404,#8044,#8045);
#6971=AXIS2_PLACEMENT_3D('',#11405,#8046,#8047);
#6972=AXIS2_PLACEMENT_3D('',#11408,#8049,#8050);
#6973=AXIS2_PLACEMENT_3D('',#11409,#8051,#8052);
#6974=AXIS2_PLACEMENT_3D('',#11410,#8053,#8054);
#6975=AXIS2_PLACEMENT_3D('',#11424,#8056,#8057);
#6976=AXIS2_PLACEMENT_3D('',#11428,#8059,#8060);
#6977=AXIS2_PLACEMENT_3D('',#11430,#8061,#8062);
#6978=AXIS2_PLACEMENT_3D('',#11432,#8063,#8064);
#6979=AXIS2_PLACEMENT_3D('',#11434,#8065,#8066);
#6980=AXIS2_PLACEMENT_3D('',#11436,#8067,#8068);
#6981=AXIS2_PLACEMENT_3D('',#11440,#8070,#8071);
#6982=AXIS2_PLACEMENT_3D('',#11449,#8073,#8074);
#6983=AXIS2_PLACEMENT_3D('',#11451,#8075,#8076);
#6984=AXIS2_PLACEMENT_3D('',#11453,#8077,#8078);
#6985=AXIS2_PLACEMENT_3D('',#11455,#8079,#8080);
#6986=AXIS2_PLACEMENT_3D('',#11457,#8081,#8082);
#6987=AXIS2_PLACEMENT_3D('',#11458,#8083,#8084);
#6988=AXIS2_PLACEMENT_3D('',#11461,#8087,#8088);
#6989=AXIS2_PLACEMENT_3D('',#11463,#8090,#8091);
#6990=AXIS2_PLACEMENT_3D('',#11465,#8093,#8094);
#6991=AXIS2_PLACEMENT_3D('',#11467,#8096,#8097);
#6992=AXIS2_PLACEMENT_3D('',#11469,#8099,#8100);
#6993=AXIS2_PLACEMENT_3D('',#11471,#8102,#8103);
#6994=AXIS2_PLACEMENT_3D('',#11473,#8105,#8106);
#6995=AXIS2_PLACEMENT_3D('',#11475,#8108,#8109);
#6996=AXIS2_PLACEMENT_3D('',#11477,#8111,#8112);
#6997=AXIS2_PLACEMENT_3D('',#11479,#8114,#8115);
#6998=AXIS2_PLACEMENT_3D('',#11481,#8117,#8118);
#6999=AXIS2_PLACEMENT_3D('',#11483,#8120,#8121);
#7000=AXIS2_PLACEMENT_3D('',#11485,#8123,#8124);
#7001=AXIS2_PLACEMENT_3D('',#11496,#8127,#8128);
#7002=AXIS2_PLACEMENT_3D('',#11498,#8130,#8131);
#7003=AXIS2_PLACEMENT_3D('',#11500,#8133,#8134);
#7004=AXIS2_PLACEMENT_3D('',#11502,#8136,#8137);
#7005=AXIS2_PLACEMENT_3D('',#11503,#8138,#8139);
#7006=AXIS2_PLACEMENT_3D('',#11504,#8140,#8141);
#7007=AXIS2_PLACEMENT_3D('',#11507,#8142,#8143);
#7008=AXIS2_PLACEMENT_3D('',#11514,#8144,#8145);
#7009=AXIS2_PLACEMENT_3D('',#11516,#8146,#8147);
#7010=AXIS2_PLACEMENT_3D('',#11520,#8149,#8150);
#7011=AXIS2_PLACEMENT_3D('',#11524,#8152,#8153);
#7012=AXIS2_PLACEMENT_3D('',#11526,#8154,#8155);
#7013=AXIS2_PLACEMENT_3D('',#11527,#8156,#8157);
#7014=AXIS2_PLACEMENT_3D('',#11530,#8160,#8161);
#7015=AXIS2_PLACEMENT_3D('',#11532,#8163,#8164);
#7016=AXIS2_PLACEMENT_3D('',#11534,#8166,#8167);
#7017=AXIS2_PLACEMENT_3D('',#11536,#8169,#8170);
#7018=AXIS2_PLACEMENT_3D('',#11538,#8172,#8173);
#7019=AXIS2_PLACEMENT_3D('',#11540,#8175,#8176);
#7020=AXIS2_PLACEMENT_3D('',#11542,#8178,#8179);
#7021=AXIS2_PLACEMENT_3D('',#11544,#8181,#8182);
#7022=AXIS2_PLACEMENT_3D('',#11546,#8184,#8185);
#7023=AXIS2_PLACEMENT_3D('',#11547,#8186,#8187);
#7024=AXIS2_PLACEMENT_3D('',#11548,#8188,#8189);
#7025=AXIS2_PLACEMENT_3D('',#11551,#8190,#8191);
#7026=AXIS2_PLACEMENT_3D('',#11558,#8192,#8193);
#7027=AXIS2_PLACEMENT_3D('',#11560,#8194,#8195);
#7028=AXIS2_PLACEMENT_3D('',#11564,#8197,#8198);
#7029=AXIS2_PLACEMENT_3D('',#11568,#8200,#8201);
#7030=AXIS2_PLACEMENT_3D('',#11570,#8202,#8203);
#7031=AXIS2_PLACEMENT_3D('',#11571,#8204,#8205);
#7032=AXIS2_PLACEMENT_3D('',#11574,#8208,#8209);
#7033=AXIS2_PLACEMENT_3D('',#11576,#8211,#8212);
#7034=AXIS2_PLACEMENT_3D('',#11578,#8214,#8215);
#7035=AXIS2_PLACEMENT_3D('',#11580,#8217,#8218);
#7036=AXIS2_PLACEMENT_3D('',#11582,#8220,#8221);
#7037=AXIS2_PLACEMENT_3D('',#11584,#8223,#8224);
#7038=AXIS2_PLACEMENT_3D('',#11586,#8226,#8227);
#7039=AXIS2_PLACEMENT_3D('',#11588,#8229,#8230);
#7040=AXIS2_PLACEMENT_3D('',#11590,#8232,#8233);
#7041=AXIS2_PLACEMENT_3D('',#11591,#8234,#8235);
#7042=AXIS2_PLACEMENT_3D('',#11592,#8236,#8237);
#7043=AXIS2_PLACEMENT_3D('',#11595,#8238,#8239);
#7044=AXIS2_PLACEMENT_3D('',#11597,#8240,#8241);
#7045=AXIS2_PLACEMENT_3D('',#11599,#8242,#8243);
#7046=AXIS2_PLACEMENT_3D('',#11601,#8244,#8245);
#7047=AXIS2_PLACEMENT_3D('',#11603,#8246,#8247);
#7048=AXIS2_PLACEMENT_3D('',#11605,#8248,#8249);
#7049=AXIS2_PLACEMENT_3D('',#11607,#8250,#8251);
#7050=AXIS2_PLACEMENT_3D('',#11609,#8252,#8253);
#7051=AXIS2_PLACEMENT_3D('',#11611,#8254,#8255);
#7052=AXIS2_PLACEMENT_3D('',#11613,#8256,#8257);
#7053=AXIS2_PLACEMENT_3D('',#11615,#8258,#8259);
#7054=AXIS2_PLACEMENT_3D('',#11616,#8260,#8261);
#7055=AXIS2_PLACEMENT_3D('',#11619,#8264,#8265);
#7056=AXIS2_PLACEMENT_3D('',#11621,#8267,#8268);
#7057=AXIS2_PLACEMENT_3D('',#11623,#8270,#8271);
#7058=AXIS2_PLACEMENT_3D('',#11625,#8273,#8274);
#7059=AXIS2_PLACEMENT_3D('',#11627,#8276,#8277);
#7060=AXIS2_PLACEMENT_3D('',#11629,#8279,#8280);
#7061=AXIS2_PLACEMENT_3D('',#11631,#8282,#8283);
#7062=AXIS2_PLACEMENT_3D('',#11633,#8285,#8286);
#7063=AXIS2_PLACEMENT_3D('',#11635,#8288,#8289);
#7064=AXIS2_PLACEMENT_3D('',#11637,#8291,#8292);
#7065=AXIS2_PLACEMENT_3D('',#11639,#8294,#8295);
#7066=AXIS2_PLACEMENT_3D('',#11640,#8296,#8297);
#7067=AXIS2_PLACEMENT_3D('',#11753,#8306,#8307);
#7068=AXIS2_PLACEMENT_3D('',#12032,#8324,#8325);
#7069=AXIS2_PLACEMENT_3D('',#12226,#8331,#8332);
#7070=AXIS2_PLACEMENT_3D('',#12246,#8336,#8337);
#7071=AXIS2_PLACEMENT_3D('',#12284,#8343,#8344);
#7072=AXIS2_PLACEMENT_3D('',#12304,#8348,#8349);
#7073=AXIS2_PLACEMENT_3D('',#12404,#8357,#8358);
#7074=AXIS2_PLACEMENT_3D('',#12441,#8363,#8364);
#7075=AXIS2_PLACEMENT_3D('',#12502,#8369,#8370);
#7076=AXIS2_PLACEMENT_3D('',#12503,#8371,#8372);
#7077=AXIS2_PLACEMENT_3D('',#12504,#8373,#8374);
#7078=AXIS2_PLACEMENT_3D('',#12505,#8375,#8376);
#7079=AXIS2_PLACEMENT_3D('',#12506,#8377,#8378);
#7080=AXIS2_PLACEMENT_3D('',#12507,#8379,#8380);
#7081=AXIS2_PLACEMENT_3D('',#12508,#8381,#8382);
#7082=AXIS2_PLACEMENT_3D('',#12509,#8383,#8384);
#7083=AXIS2_PLACEMENT_3D('',#12513,#8386,#8387);
#7084=AXIS2_PLACEMENT_3D('',#12517,#8389,#8390);
#7085=AXIS2_PLACEMENT_3D('',#12518,#8391,#8392);
#7086=AXIS2_PLACEMENT_3D('',#12519,#8393,#8394);
#7087=AXIS2_PLACEMENT_3D('',#12523,#8396,#8397);
#7088=AXIS2_PLACEMENT_3D('',#12526,#8399,#8400);
#7089=AXIS2_PLACEMENT_3D('',#12528,#8401,#8402);
#7090=AXIS2_PLACEMENT_3D('',#12531,#8404,#8405);
#7091=AXIS2_PLACEMENT_3D('',#12534,#8407,#8408);
#7092=AXIS2_PLACEMENT_3D('',#12536,#8409,#8410);
#7093=AXIS2_PLACEMENT_3D('',#12538,#8411,#8412);
#7094=AXIS2_PLACEMENT_3D('',#12539,#8413,#8414);
#7095=AXIS2_PLACEMENT_3D('',#12541,#8416,#8417);
#7096=AXIS2_PLACEMENT_3D('',#12543,#8419,#8420);
#7097=AXIS2_PLACEMENT_3D('',#12544,#8421,#8422);
#7098=DIRECTION('',(0.,0.,1.));
#7099=DIRECTION('',(1.,0.,0.));
#7100=DIRECTION('',(0.,0.,-1.));
#7101=DIRECTION('',(-1.,0.,0.));
#7102=DIRECTION('',(0.,0.,-1.));
#7103=DIRECTION('',(-4.90628550115254E-19,7.15262222601121E-19,1.));
#7104=DIRECTION('',(0.,-1.,7.15262222601121E-19));
#7105=DIRECTION('',(0.527090021909005,-0.768417533983592,0.362919553442));
#7106=DIRECTION('',(0.205287692743507,-0.299278407972557,-0.931820475053784));
#7107=DIRECTION('',(-4.90628550115254E-19,7.15262222601121E-19,1.));
#7108=DIRECTION('',(0.,-1.,7.15262222601121E-19));
#7109=DIRECTION('',(0.017697209932684,-0.0257998555267864,-0.999510468287049));
#7110=DIRECTION('',(-0.565379285744169,0.824237489724175,-0.0312861596333673));
#7111=DIRECTION('',(0.,0.,-1.));
#7112=DIRECTION('',(0.508128238019023,-0.740774120883305,0.439385247314074));
#7113=DIRECTION('',(0.248540985987565,-0.362335167823356,-0.898298727842108));
#7114=DIRECTION('',(0.,0.,-1.));
#7115=DIRECTION('',(0.,0.,-1.));
#7116=DIRECTION('',(-1.,0.,0.));
#7117=DIRECTION('',(0.,0.,1.));
#7118=DIRECTION('',(1.,0.,0.));
#7119=DIRECTION('',(0.,0.,-1.));
#7120=DIRECTION('',(0.,0.,1.));
#7121=DIRECTION('',(1.,0.,0.));
#7122=DIRECTION('',(0.,0.,-1.));
#7123=DIRECTION('',(0.,0.,1.));
#7124=DIRECTION('',(1.,0.,0.));
#7125=DIRECTION('',(0.,0.,-1.));
#7126=DIRECTION('',(0.,0.,1.));
#7127=DIRECTION('',(1.,0.,0.));
#7128=DIRECTION('',(0.,0.,1.));
#7129=DIRECTION('',(1.,0.,0.));
#7130=DIRECTION('',(0.,0.,-1.));
#7131=DIRECTION('',(0.,0.,-1.));
#7132=DIRECTION('',(-1.,0.,0.));
#7133=DIRECTION('',(0.,0.,-1.));
#7134=DIRECTION('',(0.,0.,1.));
#7135=DIRECTION('',(1.,0.,0.));
#7136=DIRECTION('',(0.,0.,-1.));
#7137=DIRECTION('',(0.,0.,-1.));
#7138=DIRECTION('',(0.,0.,-1.));
#7139=DIRECTION('',(0.,0.,1.));
#7140=DIRECTION('',(1.,0.,0.));
#7141=DIRECTION('',(0.,0.,-1.));
#7142=DIRECTION('',(0.390890075003673,-0.341836133253717,-0.854606931440279));
#7143=DIRECTION('',(-0.64331438676153,0.562582977925396,-0.519275449770379));
#7144=DIRECTION('',(0.705380056565374,-0.616859844825505,-0.349174609102215));
#7145=DIRECTION('',(-0.262844872026393,0.229859698275087,-0.937057678245216));
#7146=DIRECTION('',(0.,0.,-1.));
#7147=DIRECTION('',(-1.,0.,0.));
#7148=DIRECTION('',(0.,0.,-1.));
#7149=DIRECTION('',(0.,0.,-1.));
#7150=DIRECTION('',(-1.,0.,0.));
#7151=DIRECTION('',(0.,0.,-1.));
#7152=DIRECTION('',(0.,0.,-1.));
#7153=DIRECTION('',(-0.618905080143348,0.686122152660691,0.3823517927263));
#7154=DIRECTION('',(-0.25609865385242,0.283912614894079,-0.924016832421891));
#7155=DIRECTION('',(0.605449654594746,0.491893309962836,0.625676983246874));
#7156=DIRECTION('',(0.48561022210181,0.394530606613909,-0.780082247352862));
#7157=DIRECTION('',(0.483438294943516,0.392766039682896,-0.782318511256074));
#7158=DIRECTION('',(-0.607185298768648,-0.493303421854286,-0.622878597277255));
#7159=DIRECTION('',(0.,0.,-1.));
#7160=DIRECTION('',(-1.,0.,0.));
#7161=DIRECTION('',(0.,0.,-1.));
#7162=DIRECTION('',(0.,0.,1.));
#7163=DIRECTION('',(1.,0.,0.));
#7164=DIRECTION('',(0.,0.,-1.));
#7165=DIRECTION('',(0.775929719094312,0.63039863831338,-0.023035360619251));
#7166=DIRECTION('',(-0.0178785649560902,-0.0145253142468521,-0.999734650875492));
#7167=DIRECTION('',(0.775748962361243,0.630251783777991,-0.0315632133997017));
#7168=DIRECTION('',(-0.0244973356535128,-0.0199026879087786,-0.999501757657226));
#7169=DIRECTION('',(-0.486251993710508,-0.395052009439804,0.779418314161356));
#7170=DIRECTION('',(-0.604934352364968,-0.491474656293594,-0.626503863954461));
#7171=DIRECTION('',(0.,0.,1.));
#7172=DIRECTION('',(1.,0.,0.));
#7173=DIRECTION('',(0.,0.,-1.));
#7174=DIRECTION('',(0.,0.,-1.));
#7175=DIRECTION('',(-1.,0.,0.));
#7176=DIRECTION('',(0.,0.,-1.));
#7177=DIRECTION('',(0.,0.,-1.));
#7178=DIRECTION('',(0.,0.,1.));
#7179=DIRECTION('',(1.,0.,0.));
#7180=DIRECTION('',(0.,0.,-1.));
#7181=DIRECTION('',(0.,0.,-1.));
#7182=DIRECTION('',(0.,0.,1.));
#7183=DIRECTION('',(1.,0.,0.));
#7184=DIRECTION('',(0.,0.,-1.));
#7185=DIRECTION('',(0.,0.,-1.));
#7186=DIRECTION('',(-1.,0.,0.));
#7187=DIRECTION('',(-0.849356331517174,0.450343962755074,-0.275289188530434));
#7188=DIRECTION('',(0.243216130725276,-0.128957555330312,-0.961361463071126));
#7189=DIRECTION('',(0.,0.,-1.));
#7190=DIRECTION('',(-1.,0.,0.));
#7191=DIRECTION('',(0.,0.,-1.));
#7192=DIRECTION('',(-1.,0.,0.));
#7193=DIRECTION('',(0.,0.,-1.));
#7194=DIRECTION('',(0.,0.,1.));
#7195=DIRECTION('',(1.,0.,0.));
#7196=DIRECTION('',(0.,0.,-1.));
#7197=DIRECTION('',(-8.47572827821379E-19,1.84219176624992E-19,1.));
#7198=DIRECTION('',(1.,0.,8.47572827821379E-19));
#7199=DIRECTION('',(0.829633419345567,-0.18032006264909,0.528387229701107));
#7200=DIRECTION('',(0.516332036797498,-0.112224294552286,-0.849003495569241));
#7201=DIRECTION('',(-8.47572827821379E-19,1.84219176624992E-19,1.));
#7202=DIRECTION('',(1.,0.,8.47572827821379E-19));
#7203=DIRECTION('',(0.,0.,-1.));
#7204=DIRECTION('',(-8.47572827821379E-19,1.84219176624992E-19,1.));
#7205=DIRECTION('',(1.,0.,8.47572827821379E-19));
#7206=DIRECTION('',(0.,0.,-1.));
#7207=DIRECTION('',(8.47572827821379E-19,-1.84219176624992E-19,-1.));
#7208=DIRECTION('',(-1.,0.,-8.47572827821379E-19));
#7209=DIRECTION('',(0.,0.,-1.));
#7210=DIRECTION('',(0.,0.,-1.));
#7211=DIRECTION('',(-1.,0.,0.));
#7212=DIRECTION('',(0.,0.,-1.));
#7213=DIRECTION('',(0.,0.,1.));
#7214=DIRECTION('',(1.,0.,0.));
#7215=DIRECTION('',(0.,0.,-1.));
#7216=DIRECTION('',(0.,0.,1.));
#7217=DIRECTION('',(1.,0.,0.));
#7218=DIRECTION('',(0.,0.,-1.));
#7219=DIRECTION('',(0.,0.,1.));
#7220=DIRECTION('',(1.,0.,0.));
#7221=DIRECTION('',(0.,0.,-1.));
#7222=DIRECTION('',(0.800378123220239,0.20888631535454,-0.561926478400913));
#7223=DIRECTION('',(-0.543714494553681,-0.141901076600169,-0.827187181278789));
#7224=DIRECTION('',(0.,0.,-1.));
#7225=DIRECTION('',(-1.,0.,0.));
#7226=DIRECTION('',(-8.64530889536413E-19,-7.00203727282118E-20,1.));
#7227=DIRECTION('',(1.,0.,8.64530889536413E-19));
#7228=DIRECTION('',(-0.946744753521531,-0.0766790652854567,0.312721429752432));
#7229=DIRECTION('',(-0.311700760102952,-0.02524537141036,-0.94984488595433));
#7230=DIRECTION('',(-8.64530889536413E-19,-7.00203727282118E-20,1.));
#7231=DIRECTION('',(1.,0.,8.64530889536413E-19));
#7232=DIRECTION('',(0.952866215787603,0.0771748567889182,0.293411002333285));
#7233=DIRECTION('',(0.292453358640168,0.0236864794832059,-0.955986393056814));
#7234=DIRECTION('',(-8.64530889536413E-19,-7.00203727282118E-20,1.));
#7235=DIRECTION('',(1.,0.,8.64530889536413E-19));
#7236=DIRECTION('',(0.,0.,-1.));
#7237=DIRECTION('',(-8.64530889536413E-19,-7.00203727282118E-20,1.));
#7238=DIRECTION('',(1.,0.,8.64530889536413E-19));
#7239=DIRECTION('',(0.,0.,-1.));
#7240=DIRECTION('',(8.64530889536413E-19,7.00203727282118E-20,-1.));
#7241=DIRECTION('',(-1.,0.,-8.64530889536413E-19));
#7242=DIRECTION('',(-0.952204648700355,-0.077121274927825,-0.295564909870811));
#7243=DIRECTION('',(0.294600236189205,0.0238603601021691,-0.955322659656443));
#7244=DIRECTION('',(8.64530889536413E-19,7.00203727282118E-20,-1.));
#7245=DIRECTION('',(-1.,0.,-8.64530889536413E-19));
#7246=DIRECTION('',(0.947013648216582,0.0767008436938398,-0.311900834670532));
#7247=DIRECTION('',(-0.31088284330407,-0.0251791264215325,-0.950114661149814));
#7248=DIRECTION('',(8.64530889536413E-19,7.00203727282118E-20,-1.));
#7249=DIRECTION('',(-1.,0.,-8.64530889536413E-19));
#7250=DIRECTION('',(0.,0.,-1.));
#7251=DIRECTION('',(-8.64530889536413E-19,-7.00203727282118E-20,1.));
#7252=DIRECTION('',(1.,0.,8.64530889536413E-19));
#7253=DIRECTION('',(0.,0.,-1.));
#7254=DIRECTION('',(0.777738532039423,-0.0604242369935742,0.625676983246874));
#7255=DIRECTION('',(0.623797170276026,-0.0484641900843469,-0.780082247352862));
#7256=DIRECTION('',(0.621007191907108,-0.0482474304572672,-0.782318511256074));
#7257=DIRECTION('',(-0.779968077207562,0.0605974553183424,-0.622878597277255));
#7258=DIRECTION('',(0.,0.,-1.));
#7259=DIRECTION('',(-1.,0.,0.));
#7260=DIRECTION('',(0.,0.,-1.));
#7261=DIRECTION('',(0.,0.,1.));
#7262=DIRECTION('',(1.,0.,0.));
#7263=DIRECTION('',(0.,0.,-1.));
#7264=DIRECTION('',(0.996731001685187,-0.0774382492104885,-0.023035360619251));
#7265=DIRECTION('',(-0.022966152112562,0.00178429145646288,-0.999734650875492));
#7266=DIRECTION('',(0.996498808182117,-0.0774202095806131,-0.0315632133997017));
#7267=DIRECTION('',(-0.0314683834162772,0.00244484872359829,-0.999501757657226));
#7268=DIRECTION('',(-0.624621566664834,0.0485282392740449,0.779418314161356));
#7269=DIRECTION('',(-0.777076593599615,0.060372809523397,-0.626503863954461));
#7270=DIRECTION('',(0.285644666856461,0.725903187023968,0.625676983246874));
#7271=DIRECTION('',(0.229105705258366,0.582221833310101,-0.780082247352862));
#7272=DIRECTION('',(0.228081013271412,0.579617803669941,-0.782318511256074));
#7273=DIRECTION('',(-0.286463525200954,-0.727984135667366,-0.622878597277255));
#7274=DIRECTION('',(-3.17604042976528E-19,-8.07120922457876E-19,-1.));
#7275=DIRECTION('',(0.,1.,-8.07120922457876E-19));
#7276=DIRECTION('',(0.,0.,-1.));
#7277=DIRECTION('',(3.17604042976528E-19,8.07120922457876E-19,1.));
#7278=DIRECTION('',(0.,-1.,8.07120922457876E-19));
#7279=DIRECTION('',(0.,0.,-1.));
#7280=DIRECTION('',(0.366075336624108,0.930300069911148,-0.023035360619251));
#7281=DIRECTION('',(-0.00843491559041726,-0.0214354854818237,-0.999734650875492));
#7282=DIRECTION('',(0.365990057532102,0.930083351827961,-0.0315632133997017));
#7283=DIRECTION('',(-0.0115575807641716,-0.0293710532156197,-0.999501757657226));
#7284=DIRECTION('',(-0.229408486234411,-0.582991284663421,0.779418314161356));
#7285=DIRECTION('',(-0.285401552779777,-0.725285365991223,-0.626503863954461));
#7286=DIRECTION('',(0.737262294948836,0.446982237664693,-0.506607528229733));
#7287=DIRECTION('',(-0.43320886674001,-0.262642847678889,-0.862176787173582));
#7288=DIRECTION('',(7.41696038099496E-19,4.49670296511986E-19,-1.));
#7289=DIRECTION('',(-1.,0.,-7.41696038099496E-19));
#7290=DIRECTION('',(-0.722582729000581,-0.438082412893439,0.534750408380896));
#7291=DIRECTION('',(-0.457274330709106,-0.277233089183226,-0.845010059547497));
#7292=DIRECTION('',(-0.710264569491308,-0.430614245134029,-0.556862292863305));
#7293=DIRECTION('',(0.476182585885619,0.288696654141095,-0.83060483190686));
#7294=DIRECTION('',(-7.41696038099496E-19,-4.49670296511986E-19,1.));
#7295=DIRECTION('',(1.,0.,7.41696038099496E-19));
#7296=DIRECTION('',(0.728340118618822,0.44157296288128,0.523959912648448));
#7297=DIRECTION('',(0.448047191025352,0.271638923346527,-0.851742924794466));
#7298=DIRECTION('',(-0.728528206566887,-0.441686995529469,0.523602186986062));
#7299=DIRECTION('',(-0.447741293619232,-0.271453466002486,-0.851962880519693));
#7300=DIRECTION('',(-7.41696038099496E-19,-4.49670296511986E-19,1.));
#7301=DIRECTION('',(1.,0.,7.41696038099496E-19));
#7302=DIRECTION('',(0.719107868343432,0.435975698630758,-0.541118345549278));
#7303=DIRECTION('',(-0.46271966401046,-0.280534447845598,-0.840946452581859));
#7304=DIRECTION('',(0.719844788378375,0.436422473365415,0.53977671808453));
#7305=DIRECTION('',(0.46157241514185,0.279838901809997,-0.841808229119848));
#7306=DIRECTION('',(7.41696038099496E-19,4.49670296511986E-19,-1.));
#7307=DIRECTION('',(-1.,0.,-7.41696038099496E-19));
#7308=DIRECTION('',(-0.733729181607563,-0.444840206371319,-0.513574414133939));
#7309=DIRECTION('',(0.43916637147314,0.266254722061666,-0.858045057760361));
#7310=DIRECTION('',(0.,0.,-1.));
#7311=DIRECTION('',(-1.,0.,0.));
#7312=DIRECTION('',(0.,0.,1.));
#7313=DIRECTION('',(1.,0.,0.));
#7314=DIRECTION('',(0.,0.,-1.));
#7315=DIRECTION('',(0.,0.,1.));
#7316=DIRECTION('',(1.,0.,0.));
#7317=DIRECTION('',(0.,0.,-1.));
#7318=DIRECTION('',(0.,0.,1.));
#7319=DIRECTION('',(1.,0.,0.));
#7320=DIRECTION('',(0.,0.,1.));
#7321=DIRECTION('',(1.,0.,0.));
#7322=DIRECTION('',(-8.13281860924775E-17,1.,0.));
#7323=DIRECTION('',(0.,0.,1.));
#7324=DIRECTION('',(1.,0.,0.));
#7325=DIRECTION('',(-8.13281860924775E-17,1.,0.));
#7326=DIRECTION('',(0.,0.,1.));
#7327=DIRECTION('',(1.,0.,0.));
#7328=DIRECTION('',(0.,0.,1.));
#7329=DIRECTION('',(1.,0.,0.));
#7330=DIRECTION('',(0.,0.,1.));
#7331=DIRECTION('',(1.,0.,0.));
#7332=DIRECTION('',(0.,0.,1.));
#7333=DIRECTION('',(1.,0.,0.));
#7334=DIRECTION('',(0.,0.,1.));
#7335=DIRECTION('',(1.,0.,0.));
#7336=DIRECTION('',(8.13281860924775E-17,-1.,0.));
#7337=DIRECTION('',(0.,0.,1.));
#7338=DIRECTION('',(1.,0.,0.));
#7339=DIRECTION('',(8.13281860924775E-17,-1.,0.));
#7340=DIRECTION('',(0.,0.,1.));
#7341=DIRECTION('',(1.,0.,0.));
#7342=DIRECTION('',(0.,0.,1.));
#7343=DIRECTION('',(1.,0.,0.));
#7344=DIRECTION('',(0.,0.,1.));
#7345=DIRECTION('',(1.,0.,0.));
#7346=DIRECTION('',(0.,0.,1.));
#7347=DIRECTION('',(1.,0.,0.));
#7348=DIRECTION('',(-8.13281860924775E-17,1.,0.));
#7349=DIRECTION('',(0.,0.,1.));
#7350=DIRECTION('',(1.,0.,0.));
#7351=DIRECTION('',(-8.13281860924775E-17,1.,0.));
#7352=DIRECTION('',(0.,0.,1.));
#7353=DIRECTION('',(1.,0.,0.));
#7354=DIRECTION('',(0.,0.,1.));
#7355=DIRECTION('',(1.,0.,0.));
#7356=DIRECTION('',(0.,0.,1.));
#7357=DIRECTION('',(1.,0.,0.));
#7358=DIRECTION('',(8.13281860924775E-17,-1.,0.));
#7359=DIRECTION('',(0.,0.,1.));
#7360=DIRECTION('',(1.,0.,0.));
#7361=DIRECTION('',(8.13281860924775E-17,-1.,0.));
#7362=DIRECTION('',(0.,0.,1.));
#7363=DIRECTION('',(1.,0.,0.));
#7364=DIRECTION('',(0.,0.,1.));
#7365=DIRECTION('',(1.,0.,0.));
#7366=DIRECTION('',(-1.,-8.13281860924775E-17,0.));
#7367=DIRECTION('',(8.13281860924775E-17,-1.,0.));
#7368=DIRECTION('',(0.,0.,1.));
#7369=DIRECTION('',(-1.,-8.13281860924775E-17,0.));
#7370=DIRECTION('',(8.13281860924775E-17,-1.,0.));
#7371=DIRECTION('',(0.,0.,1.));
#7372=DIRECTION('',(-1.,-8.13281860924775E-17,0.));
#7373=DIRECTION('',(8.13281860924775E-17,-1.,0.));
#7374=DIRECTION('',(0.,0.,1.));
#7375=DIRECTION('',(-8.13281860924775E-17,1.,0.));
#7376=DIRECTION('',(0.,0.,-1.));
#7377=DIRECTION('',(8.13281860924775E-17,-1.,0.));
#7378=DIRECTION('',(-1.,-8.13281860924775E-17,0.));
#7379=DIRECTION('',(8.13281860924775E-17,-1.,0.));
#7380=DIRECTION('',(0.,0.,1.));
#7381=DIRECTION('',(-8.13281860924775E-17,1.,0.));
#7382=DIRECTION('',(0.,0.,1.));
#7383=DIRECTION('',(8.13281860924775E-17,-1.,0.));
#7384=DIRECTION('',(0.,0.,1.));
#7385=DIRECTION('',(1.,0.,0.));
#7386=DIRECTION('',(0.,0.,1.));
#7387=DIRECTION('',(1.,0.,0.));
#7388=DIRECTION('',(0.,0.,1.));
#7389=DIRECTION('',(1.,0.,0.));
#7390=DIRECTION('',(0.,0.,1.));
#7391=DIRECTION('',(1.,0.,0.));
#7392=DIRECTION('',(0.,0.,1.));
#7393=DIRECTION('',(1.,0.,0.));
#7394=DIRECTION('',(0.,-1.,0.));
#7395=DIRECTION('',(0.,0.,-1.));
#7396=DIRECTION('',(0.,-1.,0.));
#7397=DIRECTION('',(0.,0.,-1.));
#7398=DIRECTION('',(-8.13281860924775E-17,1.,0.));
#7399=DIRECTION('',(-1.,-8.13281860924775E-17,0.));
#7400=DIRECTION('',(0.,-1.,0.));
#7401=DIRECTION('',(0.,0.,-1.));
#7402=DIRECTION('',(8.13281860924775E-17,-1.,0.));
#7403=DIRECTION('',(1.,8.13281860924775E-17,0.));
#7404=DIRECTION('',(0.,-1.,0.));
#7405=DIRECTION('',(0.,0.,-1.));
#7406=DIRECTION('',(0.,0.,1.));
#7407=DIRECTION('',(1.,0.,0.));
#7408=DIRECTION('',(-0.986013297183269,0.166666666666667,0.));
#7409=DIRECTION('',(-0.166666666666667,-0.986013297183269,0.));
#7410=DIRECTION('',(0.986013297183269,0.166666666666667,-2.76989048465621E-16));
#7411=DIRECTION('',(-0.166666666666667,0.986013297183269,0.));
#7412=DIRECTION('',(0.,0.,1.));
#7413=DIRECTION('',(1.,0.,0.));
#7414=DIRECTION('',(0.,0.,1.));
#7415=DIRECTION('',(1.,0.,0.));
#7416=DIRECTION('',(0.,0.,1.));
#7417=DIRECTION('',(1.,0.,0.));
#7418=DIRECTION('',(0.,0.,1.));
#7419=DIRECTION('',(1.,0.,0.));
#7420=DIRECTION('',(0.,0.,-1.));
#7421=DIRECTION('',(-1.,0.,0.));
#7422=DIRECTION('',(0.,0.,1.));
#7423=DIRECTION('',(1.,0.,0.));
#7424=DIRECTION('',(0.,0.,-1.));
#7425=DIRECTION('',(-1.,0.,0.));
#7426=DIRECTION('',(0.,0.,1.));
#7427=DIRECTION('',(1.,0.,0.));
#7428=DIRECTION('',(0.,0.,1.));
#7429=DIRECTION('',(1.,0.,0.));
#7430=DIRECTION('',(0.986013297183269,0.166666666666667,0.));
#7431=DIRECTION('',(-0.166666666666667,0.986013297183269,0.));
#7432=DIRECTION('',(-0.986013297183269,0.166666666666667,2.76989048465621E-16));
#7433=DIRECTION('',(-0.166666666666667,-0.986013297183269,0.));
#7434=DIRECTION('',(0.,0.,1.));
#7435=DIRECTION('',(1.,0.,0.));
#7436=DIRECTION('',(0.,-1.,0.));
#7437=DIRECTION('',(0.,0.,-1.));
#7438=DIRECTION('',(0.,0.,1.));
#7439=DIRECTION('',(1.,0.,0.));
#7440=DIRECTION('',(0.,-1.,0.));
#7441=DIRECTION('',(0.,0.,-1.));
#7442=DIRECTION('',(-8.13281860924775E-17,1.,0.));
#7443=DIRECTION('',(-1.,-8.13281860924775E-17,0.));
#7444=DIRECTION('',(0.,1.,0.));
#7445=DIRECTION('',(0.,0.,1.));
#7446=DIRECTION('',(8.13281860924775E-17,-1.,0.));
#7447=DIRECTION('',(1.,8.13281860924775E-17,0.));
#7448=DIRECTION('',(0.,1.,0.));
#7449=DIRECTION('',(0.,0.,1.));
#7450=DIRECTION('',(0.,0.,1.));
#7451=DIRECTION('',(1.,0.,0.));
#7452=DIRECTION('',(0.,0.,1.));
#7453=DIRECTION('',(1.,0.,0.));
#7454=DIRECTION('',(0.,0.,1.));
#7455=DIRECTION('',(1.,0.,0.));
#7456=DIRECTION('',(0.,0.,-1.));
#7457=DIRECTION('',(-1.,0.,0.));
#7458=DIRECTION('',(-0.590523488678251,-0.807020451611524,0.));
#7459=DIRECTION('',(-0.590523488678251,-0.807020451611524,0.));
#7460=DIRECTION('',(-0.590523488678251,-0.807020451611524,0.));
#7461=DIRECTION('',(-0.590523488678251,-0.807020451611524,0.));
#7462=DIRECTION('',(-0.590523488678251,-0.807020451611524,0.));
#7463=DIRECTION('',(0.,0.,-1.));
#7464=DIRECTION('',(-1.,0.,0.));
#7465=DIRECTION('',(0.,0.,-1.));
#7466=DIRECTION('',(-1.,0.,0.));
#7467=DIRECTION('',(0.,0.,-1.));
#7468=DIRECTION('',(0.,0.,1.));
#7469=DIRECTION('',(1.,0.,0.));
#7470=DIRECTION('',(0.,0.,-1.));
#7471=DIRECTION('',(0.,0.,1.));
#7472=DIRECTION('',(1.,0.,0.));
#7473=DIRECTION('',(0.,0.,-1.));
#7474=DIRECTION('',(0.,0.,1.));
#7475=DIRECTION('',(1.,0.,0.));
#7476=DIRECTION('',(0.,0.,-1.));
#7477=DIRECTION('',(-1.,0.,0.));
#7478=DIRECTION('',(0.,0.,1.));
#7479=DIRECTION('',(-0.384034063424053,0.923318925469423,0.));
#7480=DIRECTION('',(0.,0.,1.));
#7481=DIRECTION('',(1.,0.,0.));
#7482=DIRECTION('',(-0.923318925469423,-0.384034063424053,0.));
#7483=DIRECTION('',(-0.923318925469423,-0.384034063424053,0.));
#7484=DIRECTION('',(-0.384034063424053,0.923318925469423,0.));
#7485=DIRECTION('',(0.,0.,-1.));
#7486=DIRECTION('',(0.,0.,-1.));
#7487=DIRECTION('',(-0.923318925469423,-0.384034063424053,0.));
#7488=DIRECTION('',(0.,0.,-1.));
#7489=DIRECTION('',(0.384034063424053,-0.923318925469423,0.));
#7490=DIRECTION('',(0.,0.,-1.));
#7491=DIRECTION('',(-1.,0.,0.));
#7492=DIRECTION('',(-0.923318925469423,-0.384034063424053,0.));
#7493=DIRECTION('',(-0.923318925469423,-0.384034063424053,0.));
#7494=DIRECTION('',(-0.923318925469423,-0.384034063424053,0.));
#7495=DIRECTION('',(-0.923318925469423,-0.384034063424053,0.));
#7496=DIRECTION('',(0.,0.,-1.));
#7497=DIRECTION('',(0.384034063424053,-0.923318925469423,0.));
#7498=DIRECTION('',(-0.923318925469423,-0.384034063424053,0.));
#7499=DIRECTION('',(-0.923318925469423,-0.384034063424053,0.));
#7500=DIRECTION('',(0.384034063424053,-0.923318925469423,0.));
#7501=DIRECTION('',(0.,0.,1.));
#7502=DIRECTION('',(-0.923318925469423,-0.384034063424053,0.));
#7503=DIRECTION('',(0.,0.,1.));
#7504=DIRECTION('',(-0.384034063424053,0.923318925469423,0.));
#7505=DIRECTION('',(-0.923318925469423,-0.384034063424053,0.));
#7506=DIRECTION('',(-0.384034063424053,0.923318925469423,0.));
#7507=DIRECTION('',(0.,0.,-1.));
#7508=DIRECTION('',(-0.923318925469423,-0.384034063424053,0.));
#7509=DIRECTION('',(0.,0.,1.));
#7510=DIRECTION('',(-0.384034063424053,0.923318925469423,0.));
#7511=DIRECTION('',(-0.923318925469423,-0.384034063424053,0.));
#7512=DIRECTION('',(-0.923318925469423,-0.384034063424053,0.));
#7513=DIRECTION('',(-0.923318925469423,-0.384034063424053,0.));
#7514=DIRECTION('',(-0.923318925469423,-0.384034063424053,0.));
#7515=DIRECTION('',(0.,0.,-1.));
#7516=DIRECTION('',(-1.,0.,0.));
#7517=DIRECTION('',(0.,0.,-1.));
#7518=DIRECTION('',(-1.,0.,0.));
#7519=DIRECTION('',(0.895011950017639,-0.446042160928339,0.));
#7520=DIRECTION('',(0.895011950017639,-0.446042160928339,0.));
#7521=DIRECTION('',(0.895011950017639,-0.446042160928339,0.));
#7522=DIRECTION('',(0.895011950017639,-0.446042160928339,0.));
#7523=DIRECTION('',(0.895011950017639,-0.446042160928339,0.));
#7524=DIRECTION('',(0.895011950017639,-0.446042160928339,0.));
#7525=DIRECTION('',(0.895011950017639,-0.446042160928339,0.));
#7526=DIRECTION('',(0.895011950017639,-0.446042160928339,0.));
#7527=DIRECTION('',(0.,0.,-1.));
#7528=DIRECTION('',(-1.,0.,0.));
#7529=DIRECTION('',(0.845321898427348,-0.53425732380491,0.));
#7530=DIRECTION('',(0.845321898427348,-0.53425732380491,0.));
#7531=DIRECTION('',(0.845321898427348,-0.53425732380491,0.));
#7532=DIRECTION('',(0.845321898427348,-0.53425732380491,0.));
#7533=DIRECTION('',(0.845321898427348,-0.53425732380491,0.));
#7534=DIRECTION('',(0.845321898427348,-0.53425732380491,0.));
#7535=DIRECTION('',(0.845321898427348,-0.53425732380491,0.));
#7536=DIRECTION('',(0.845321898427348,-0.53425732380491,0.));
#7537=DIRECTION('',(0.845321898427348,-0.53425732380491,0.));
#7538=DIRECTION('',(0.845321898427348,-0.53425732380491,0.));
#7539=DIRECTION('',(0.845321898427348,-0.53425732380491,0.));
#7540=DIRECTION('',(0.845321898427348,-0.53425732380491,0.));
#7541=DIRECTION('',(0.845321898427348,-0.53425732380491,0.));
#7542=DIRECTION('',(0.845321898427348,-0.53425732380491,0.));
#7543=DIRECTION('',(0.845321898427348,-0.53425732380491,0.));
#7544=DIRECTION('',(0.845321898427348,-0.53425732380491,0.));
#7545=DIRECTION('',(0.,0.,-1.));
#7546=DIRECTION('',(-1.,0.,0.));
#7547=DIRECTION('',(0.,0.,1.));
#7548=DIRECTION('',(1.,0.,0.));
#7549=DIRECTION('',(0.,0.,-1.));
#7550=DIRECTION('',(0.,0.,-1.));
#7551=DIRECTION('',(-1.,0.,0.));
#7552=DIRECTION('',(0.,0.,-1.));
#7553=DIRECTION('',(0.480100880375304,-0.877213283450985,0.));
#7554=DIRECTION('',(0.,0.,1.));
#7555=DIRECTION('',(-0.877213283450985,-0.480100880375304,0.));
#7556=DIRECTION('',(-0.877213283450985,-0.480100880375304,0.));
#7557=DIRECTION('',(0.,0.,1.));
#7558=DIRECTION('',(-0.480100880375304,0.877213283450985,0.));
#7559=DIRECTION('',(-0.877213283450985,-0.480100880375304,0.));
#7560=DIRECTION('',(-0.480100880375304,0.877213283450985,0.));
#7561=DIRECTION('',(0.,0.,-1.));
#7562=DIRECTION('',(-0.877213283450985,-0.480100880375304,0.));
#7563=DIRECTION('',(0.,0.,-1.));
#7564=DIRECTION('',(0.480100880375304,-0.877213283450985,0.));
#7565=DIRECTION('',(0.,0.,-1.));
#7566=DIRECTION('',(-1.,0.,0.));
#7567=DIRECTION('',(0.,0.,1.));
#7568=DIRECTION('',(1.,0.,0.));
#7569=DIRECTION('',(0.,0.,-1.));
#7570=DIRECTION('',(0.,0.,-1.));
#7571=DIRECTION('',(-1.,0.,0.));
#7572=DIRECTION('',(0.,0.,-1.));
#7573=DIRECTION('',(0.,0.,-1.));
#7574=DIRECTION('',(-1.,0.,0.));
#7575=DIRECTION('',(0.705380056565374,-0.616859844825505,-0.349174609102215));
#7576=DIRECTION('',(-0.262844872026393,0.229859698275087,-0.937057678245216));
#7577=DIRECTION('',(0.390890075003673,-0.341836133253717,-0.854606931440279));
#7578=DIRECTION('',(-0.64331438676153,0.562582977925396,-0.519275449770379));
#7579=DIRECTION('',(0.,0.,-1.));
#7580=DIRECTION('',(0.,0.,1.));
#7581=DIRECTION('',(1.,0.,0.));
#7582=DIRECTION('',(0.,0.,-1.));
#7583=DIRECTION('',(0.,0.,-1.));
#7584=DIRECTION('',(0.,0.,-1.));
#7585=DIRECTION('',(-0.752760553529966,0.658294424288448,0.));
#7586=DIRECTION('',(0.,0.,-1.));
#7587=DIRECTION('',(-0.658294424288448,-0.752760553529966,0.));
#7588=DIRECTION('',(-0.658294424288448,-0.752760553529966,0.));
#7589=DIRECTION('',(0.,0.,1.));
#7590=DIRECTION('',(-0.752760553529966,0.658294424288448,0.));
#7591=DIRECTION('',(-0.658294424288448,-0.752760553529966,0.));
#7592=DIRECTION('',(-0.752760553529966,0.658294424288448,0.));
#7593=DIRECTION('',(0.,0.,-1.));
#7594=DIRECTION('',(-0.658294424288448,-0.752760553529966,0.));
#7595=DIRECTION('',(0.,0.,-1.));
#7596=DIRECTION('',(0.752760553529966,-0.658294424288448,0.));
#7597=DIRECTION('',(-0.658294424288448,-0.752760553529966,0.));
#7598=DIRECTION('',(-0.752760553529966,0.658294424288448,0.));
#7599=DIRECTION('',(0.,0.,-1.));
#7600=DIRECTION('',(-0.658294424288448,-0.752760553529966,0.));
#7601=DIRECTION('',(0.,0.,-1.));
#7602=DIRECTION('',(0.752760553529966,-0.658294424288448,0.));
#7603=DIRECTION('',(-0.658294424288448,-0.752760553529966,0.));
#7604=DIRECTION('',(0.705380056565374,-0.616859844825505,-0.349174609102215));
#7605=DIRECTION('',(0.262844872026393,-0.229859698275087,0.937057678245216));
#7606=DIRECTION('',(-0.658294424288448,-0.752760553529966,0.));
#7607=DIRECTION('',(0.390890075003673,-0.341836133253717,-0.854606931440279));
#7608=DIRECTION('',(0.64331438676153,-0.562582977925396,0.519275449770379));
#7609=DIRECTION('',(-0.658294424288448,-0.752760553529966,0.));
#7610=DIRECTION('',(0.752760553529966,-0.658294424288448,0.));
#7611=DIRECTION('',(0.,0.,1.));
#7612=DIRECTION('',(-0.658294424288448,-0.752760553529966,0.));
#7613=DIRECTION('',(0.,0.,1.));
#7614=DIRECTION('',(-0.752760553529966,0.658294424288448,0.));
#7615=DIRECTION('',(-0.658294424288448,-0.752760553529966,0.));
#7616=DIRECTION('',(0.752760553529966,-0.658294424288448,0.));
#7617=DIRECTION('',(0.,0.,1.));
#7618=DIRECTION('',(-0.658294424288448,-0.752760553529966,0.));
#7619=DIRECTION('',(-0.658294424288448,-0.752760553529966,0.));
#7620=DIRECTION('',(-0.658294424288448,-0.752760553529966,0.));
#7621=DIRECTION('',(-0.658294424288448,-0.752760553529966,0.));
#7622=DIRECTION('',(-0.752760553529966,0.658294424288448,0.));
#7623=DIRECTION('',(0.,0.,-1.));
#7624=DIRECTION('',(-0.658294424288448,-0.752760553529966,0.));
#7625=DIRECTION('',(-0.658294424288448,-0.752760553529966,0.));
#7626=DIRECTION('',(-0.658294424288448,-0.752760553529966,0.));
#7627=DIRECTION('',(0.,0.,-1.));
#7628=DIRECTION('',(-1.,0.,0.));
#7629=DIRECTION('',(-0.618905080143348,0.686122152660691,0.3823517927263));
#7630=DIRECTION('',(-0.25609865385242,0.283912614894079,-0.924016832421891));
#7631=DIRECTION('',(0.,0.,-1.));
#7632=DIRECTION('',(-0.742542915438383,-0.669798491139138,0.));
#7633=DIRECTION('',(-0.742542915438383,-0.669798491139138,0.));
#7634=DIRECTION('',(-0.742542915438383,-0.669798491139138,0.));
#7635=DIRECTION('',(-0.473294903470278,0.524697774232437,-0.707590404163728));
#7636=DIRECTION('',(-0.742542915438383,-0.669798491139138,0.));
#7637=DIRECTION('',(-0.742542915438383,-0.669798491139138,0.));
#7638=DIRECTION('',(-0.646135176259401,0.71630961235964,-0.263457535935898));
#7639=DIRECTION('',(-0.742542915438383,-0.669798491139138,0.));
#7640=DIRECTION('',(-0.742542915438383,-0.669798491139138,0.));
#7641=DIRECTION('',(-0.611753398809361,0.678193752734029,0.407198984278853));
#7642=DIRECTION('',(-0.742542915438383,-0.669798491139138,0.));
#7643=DIRECTION('',(-0.742542915438383,-0.669798491139138,0.));
#7644=DIRECTION('',(-0.742542915438383,-0.669798491139138,0.));
#7645=DIRECTION('',(0.0832506289185429,-0.0922921826893344,0.992245678145844));
#7646=DIRECTION('',(-0.742542915438383,-0.669798491139138,0.));
#7647=DIRECTION('',(-0.742542915438383,-0.669798491139138,0.));
#7648=DIRECTION('',(-0.618905080143348,0.686122152660691,0.3823517927263));
#7649=DIRECTION('',(-0.25609865385242,0.283912614894079,-0.92401683242189));
#7650=DIRECTION('',(-0.742542915438383,-0.669798491139138,0.));
#7651=DIRECTION('',(-0.742542915438383,-0.669798491139138,0.));
#7652=DIRECTION('',(0.220317911908359,-0.244245854232219,0.944353736892439));
#7653=DIRECTION('',(-0.742542915438383,-0.669798491139138,0.));
#7654=DIRECTION('',(-0.742542915438383,-0.669798491139138,0.));
#7655=DIRECTION('',(0.0830699302843735,-0.0920918590212367,0.992279434526667));
#7656=DIRECTION('',(-0.742542915438383,-0.669798491139138,0.));
#7657=DIRECTION('',(-0.742542915438383,-0.669798491139138,0.));
#7658=DIRECTION('',(-0.742542915438383,-0.669798491139138,0.));
#7659=DIRECTION('',(-0.742542915438383,-0.669798491139138,0.));
#7660=DIRECTION('',(-0.742542915438383,-0.669798491139138,0.));
#7661=DIRECTION('',(-0.525166363094236,0.582202808010146,-0.620677195826844));
#7662=DIRECTION('',(-0.742542915438383,-0.669798491139138,0.));
#7663=DIRECTION('',(-0.742542915438383,-0.669798491139138,0.));
#7664=DIRECTION('',(-0.742542915438383,-0.669798491139138,0.));
#7665=DIRECTION('',(-0.742542915438383,-0.669798491139138,0.));
#7666=DIRECTION('',(0.456323362334162,-0.505883014567535,0.732018691400779));
#7667=DIRECTION('',(-0.742542915438383,-0.669798491139138,0.));
#7668=DIRECTION('',(-0.742542915438383,-0.669798491139138,0.));
#7669=DIRECTION('',(0.638638053380182,-0.707998253714047,0.301462948822291));
#7670=DIRECTION('',(-0.742542915438383,-0.669798491139138,0.));
#7671=DIRECTION('',(-0.742542915438383,-0.669798491139138,0.));
#7672=DIRECTION('',(-0.742542915438383,-0.669798491139138,0.));
#7673=DIRECTION('',(-0.742542915438383,-0.669798491139138,0.));
#7674=DIRECTION('',(-0.0918806074570621,0.101859432405387,-0.990546621822201));
#7675=DIRECTION('',(-0.742542915438383,-0.669798491139138,0.));
#7676=DIRECTION('',(-0.742542915438383,-0.669798491139138,0.));
#7677=DIRECTION('',(0.669798491139138,-0.742542915438384,0.));
#7678=DIRECTION('',(0.,0.,1.));
#7679=DIRECTION('',(-0.742542915438383,-0.669798491139138,0.));
#7680=DIRECTION('',(-0.742542915438383,-0.669798491139138,0.));
#7681=DIRECTION('',(-0.742542915438383,-0.669798491139138,0.));
#7682=DIRECTION('',(-0.742542915438383,-0.669798491139138,0.));
#7683=DIRECTION('',(-0.742542915438383,-0.669798491139138,0.));
#7684=DIRECTION('',(0.,0.,-1.));
#7685=DIRECTION('',(-1.,0.,0.));
#7686=DIRECTION('',(0.605449654594746,0.491893309962836,0.625676983246874));
#7687=DIRECTION('',(0.48561022210181,0.394530606613909,-0.780082247352862));
#7688=DIRECTION('',(-0.486251993710508,-0.395052009439804,0.779418314161356));
#7689=DIRECTION('',(-0.604934352364968,-0.491474656293594,-0.626503863954461));
#7690=DIRECTION('',(0.775748962361243,0.630251783777991,-0.0315632133997017));
#7691=DIRECTION('',(-0.0244973356535128,-0.0199026879087786,-0.999501757657226));
#7692=DIRECTION('',(0.775929719094312,0.63039863831338,-0.023035360619251));
#7693=DIRECTION('',(-0.0178785649560902,-0.0145253142468521,-0.999734650875492));
#7694=DIRECTION('',(0.,0.,-1.));
#7695=DIRECTION('',(0.,0.,1.));
#7696=DIRECTION('',(1.,0.,0.));
#7697=DIRECTION('',(0.,0.,-1.));
#7698=DIRECTION('',(0.,0.,-1.));
#7699=DIRECTION('',(-1.,0.,0.));
#7700=DIRECTION('',(0.483438294943516,0.392766039682896,-0.782318511256074));
#7701=DIRECTION('',(-0.607185298768648,-0.493303421854286,-0.622878597277255));
#7702=DIRECTION('',(0.483438294943516,0.392766039682896,-0.782318511256074));
#7703=DIRECTION('',(0.607185298768648,0.493303421854286,0.622878597277254));
#7704=DIRECTION('',(0.630565958438396,-0.776135666013788,0.));
#7705=DIRECTION('',(0.630565958438396,-0.776135666013788,0.));
#7706=DIRECTION('',(0.605449654594746,0.491893309962836,0.625676983246874));
#7707=DIRECTION('',(-0.48561022210181,-0.394530606613909,0.780082247352862));
#7708=DIRECTION('',(0.630565958438396,-0.776135666013788,0.));
#7709=DIRECTION('',(-0.486251993710508,-0.395052009439804,0.779418314161356));
#7710=DIRECTION('',(-0.604934352364968,-0.491474656293594,-0.626503863954461));
#7711=DIRECTION('',(0.630565958438396,-0.776135666013788,0.));
#7712=DIRECTION('',(0.630565958438396,-0.776135666013788,0.));
#7713=DIRECTION('',(0.528865264429002,0.429672861269495,-0.731903521216374));
#7714=DIRECTION('',(0.630565958438396,-0.776135666013788,0.));
#7715=DIRECTION('',(0.775748962361243,0.630251783777991,-0.0315632133997017));
#7716=DIRECTION('',(0.0244973356535128,0.0199026879087786,0.999501757657226));
#7717=DIRECTION('',(0.630565958438396,-0.776135666013788,0.));
#7718=DIRECTION('',(0.775929719094312,0.63039863831338,-0.023035360619251));
#7719=DIRECTION('',(0.0178785649560901,0.0145253142468521,0.999734650875491));
#7720=DIRECTION('',(0.630565958438396,-0.776135666013788,0.));
#7721=DIRECTION('',(0.776135666013788,0.630565958438397,0.));
#7722=DIRECTION('',(0.,0.,1.));
#7723=DIRECTION('',(0.630565958438396,-0.776135666013788,0.));
#7724=DIRECTION('',(0.,0.,1.));
#7725=DIRECTION('',(-0.776135666013788,-0.630565958438396,0.));
#7726=DIRECTION('',(0.630565958438396,-0.776135666013788,0.));
#7727=DIRECTION('',(-0.776135666013788,-0.630565958438397,0.));
#7728=DIRECTION('',(0.,0.,-1.));
#7729=DIRECTION('',(0.630565958438396,-0.776135666013788,0.));
#7730=DIRECTION('',(0.,0.,-1.));
#7731=DIRECTION('',(0.776135666013788,0.630565958438396,0.));
#7732=DIRECTION('',(0.,0.,-1.));
#7733=DIRECTION('',(-1.,0.,0.));
#7734=DIRECTION('',(0.,0.,1.));
#7735=DIRECTION('',(1.,0.,0.));
#7736=DIRECTION('',(0.,0.,-1.));
#7737=DIRECTION('',(0.,0.,-1.));
#7738=DIRECTION('',(-1.,0.,0.));
#7739=DIRECTION('',(0.,0.,-1.));
#7740=DIRECTION('',(0.807020451611524,-0.590523488678251,0.));
#7741=DIRECTION('',(0.,0.,1.));
#7742=DIRECTION('',(-0.590523488678251,-0.807020451611524,0.));
#7743=DIRECTION('',(-0.590523488678251,-0.807020451611524,0.));
#7744=DIRECTION('',(0.,0.,1.));
#7745=DIRECTION('',(-0.807020451611524,0.59052348867825,0.));
#7746=DIRECTION('',(-0.590523488678251,-0.807020451611524,0.));
#7747=DIRECTION('',(-0.807020451611524,0.590523488678251,0.));
#7748=DIRECTION('',(0.,0.,-1.));
#7749=DIRECTION('',(-0.590523488678251,-0.807020451611524,0.));
#7750=DIRECTION('',(0.,0.,-1.));
#7751=DIRECTION('',(0.807020451611524,-0.59052348867825,0.));
#7752=DIRECTION('',(0.,0.,-1.));
#7753=DIRECTION('',(-1.,0.,0.));
#7754=DIRECTION('',(0.,0.,-1.));
#7755=DIRECTION('',(0.,0.,1.));
#7756=DIRECTION('',(1.,0.,0.));
#7757=DIRECTION('',(0.,0.,-1.));
#7758=DIRECTION('',(0.,0.,-1.));
#7759=DIRECTION('',(-1.,0.,0.));
#7760=DIRECTION('',(0.,0.,-1.));
#7761=DIRECTION('',(-1.,0.,0.));
#7762=DIRECTION('',(-0.849356331517174,0.450343962755074,-0.275289188530434));
#7763=DIRECTION('',(0.243216130725276,-0.128957555330312,-0.961361463071126));
#7764=DIRECTION('',(0.,0.,-1.));
#7765=DIRECTION('',(-1.,0.,0.));
#7766=DIRECTION('',(0.,0.,-1.));
#7767=DIRECTION('',(0.,0.,1.));
#7768=DIRECTION('',(1.,0.,0.));
#7769=DIRECTION('',(0.,0.,-1.));
#7770=DIRECTION('',(0.,0.,-1.));
#7771=DIRECTION('',(0.,0.,1.));
#7772=DIRECTION('',(1.,0.,0.));
#7773=DIRECTION('',(0.,0.,-1.));
#7774=DIRECTION('',(-0.468443951681217,-0.883493216800947,0.));
#7775=DIRECTION('',(-0.468443951681217,-0.883493216800947,0.));
#7776=DIRECTION('',(-0.468443951681217,-0.883493216800947,0.));
#7777=DIRECTION('',(-0.468443951681217,-0.883493216800947,0.));
#7778=DIRECTION('',(0.883493216800948,-0.468443951681217,0.));
#7779=DIRECTION('',(0.,0.,1.));
#7780=DIRECTION('',(-0.468443951681217,-0.883493216800947,0.));
#7781=DIRECTION('',(0.,0.,1.));
#7782=DIRECTION('',(-0.883493216800947,0.468443951681217,0.));
#7783=DIRECTION('',(-0.468443951681217,-0.883493216800947,0.));
#7784=DIRECTION('',(-0.883493216800948,0.468443951681217,0.));
#7785=DIRECTION('',(0.,0.,-1.));
#7786=DIRECTION('',(-0.468443951681217,-0.883493216800947,0.));
#7787=DIRECTION('',(-0.468443951681217,-0.883493216800947,0.));
#7788=DIRECTION('',(-0.468443951681217,-0.883493216800947,0.));
#7789=DIRECTION('',(-0.468443951681217,-0.883493216800947,0.));
#7790=DIRECTION('',(-0.191725015838109,0.101656042567651,0.976169845524518));
#7791=DIRECTION('',(-0.468443951681217,-0.883493216800947,0.));
#7792=DIRECTION('',(-0.468443951681217,-0.883493216800947,0.));
#7793=DIRECTION('',(-0.598370788625046,0.317266925725902,0.735726917518093));
#7794=DIRECTION('',(-0.468443951681217,-0.883493216800947,0.));
#7795=DIRECTION('',(0.,0.,-1.));
#7796=DIRECTION('',(0.883493216800947,-0.468443951681217,0.));
#7797=DIRECTION('',(-0.468443951681217,-0.883493216800947,0.));
#7798=DIRECTION('',(-0.468443951681217,-0.883493216800947,0.));
#7799=DIRECTION('',(-0.468443951681217,-0.883493216800947,0.));
#7800=DIRECTION('',(-0.468443951681217,-0.883493216800947,0.));
#7801=DIRECTION('',(-0.602521135525236,0.319467514101454,0.731374588483369));
#7802=DIRECTION('',(-0.468443951681217,-0.883493216800947,0.));
#7803=DIRECTION('',(0.,0.,-1.));
#7804=DIRECTION('',(0.883493216800947,-0.468443951681217,0.));
#7805=DIRECTION('',(-0.468443951681217,-0.883493216800947,0.));
#7806=DIRECTION('',(-0.849356331517174,0.450343962755074,-0.275289188530434));
#7807=DIRECTION('',(0.243216130725276,-0.128957555330312,-0.961361463071125));
#7808=DIRECTION('',(-0.468443951681217,-0.883493216800947,0.));
#7809=DIRECTION('',(0.,0.,-1.));
#7810=DIRECTION('',(0.883493216800947,-0.468443951681217,0.));
#7811=DIRECTION('',(-0.468443951681217,-0.883493216800947,0.));
#7812=DIRECTION('',(0.883493216800948,-0.468443951681217,0.));
#7813=DIRECTION('',(0.,0.,1.));
#7814=DIRECTION('',(-0.468443951681217,-0.883493216800947,0.));
#7815=DIRECTION('',(0.,0.,1.));
#7816=DIRECTION('',(-0.883493216800947,0.468443951681217,0.));
#7817=DIRECTION('',(-0.468443951681217,-0.883493216800947,0.));
#7818=DIRECTION('',(-0.883493216800948,0.468443951681217,0.));
#7819=DIRECTION('',(0.,0.,-1.));
#7820=DIRECTION('',(-0.468443951681217,-0.883493216800947,0.));
#7821=DIRECTION('',(-0.468443951681217,-0.883493216800947,0.));
#7822=DIRECTION('',(-0.468443951681217,-0.883493216800947,0.));
#7823=DIRECTION('',(-0.468443951681217,-0.883493216800947,0.));
#7824=DIRECTION('',(-0.468443951681217,-0.883493216800947,0.));
#7825=DIRECTION('',(0.883493216800948,-0.468443951681217,0.));
#7826=DIRECTION('',(0.,0.,1.));
#7827=DIRECTION('',(-0.468443951681217,-0.883493216800947,0.));
#7828=DIRECTION('',(0.,0.,1.));
#7829=DIRECTION('',(-0.883493216800947,0.468443951681217,0.));
#7830=DIRECTION('',(-0.468443951681217,-0.883493216800947,0.));
#7831=DIRECTION('',(-0.883493216800948,0.468443951681217,0.));
#7832=DIRECTION('',(0.,0.,-1.));
#7833=DIRECTION('',(-0.468443951681217,-0.883493216800947,0.));
#7834=DIRECTION('',(0.,0.,-1.));
#7835=DIRECTION('',(-1.,0.,0.));
#7836=DIRECTION('',(8.47572827821379E-19,-1.84219176624992E-19,-1.));
#7837=DIRECTION('',(-1.,0.,-8.47572827821379E-19));
#7838=DIRECTION('',(0.,0.,-1.));
#7839=DIRECTION('',(-8.47572827821379E-19,1.84219176624992E-19,1.));
#7840=DIRECTION('',(1.,0.,8.47572827821379E-19));
#7841=DIRECTION('',(8.47572827821379E-19,-1.84219176624992E-19,-1.));
#7842=DIRECTION('',(-1.,0.,-8.47572827821379E-19));
#7843=DIRECTION('',(0.,0.,-1.));
#7844=DIRECTION('',(-8.47572827821379E-19,1.84219176624992E-19,1.));
#7845=DIRECTION('',(1.,0.,8.47572827821379E-19));
#7846=DIRECTION('',(0.,0.,-1.));
#7847=DIRECTION('',(-8.47572827821379E-19,1.84219176624992E-19,1.));
#7848=DIRECTION('',(1.,0.,8.47572827821379E-19));
#7849=DIRECTION('',(0.829633419345567,-0.18032006264909,0.528387229701107));
#7850=DIRECTION('',(0.516332036797498,-0.112224294552286,-0.849003495569241));
#7851=DIRECTION('',(-8.47572827821379E-19,1.84219176624992E-19,1.));
#7852=DIRECTION('',(1.,0.,8.47572827821379E-19));
#7853=DIRECTION('',(-8.47572827821379E-19,1.84219176624992E-19,1.));
#7854=DIRECTION('',(-0.977184927594808,0.212390247613985,-8.67361748924587E-19));
#7855=DIRECTION('',(-8.47572827821379E-19,1.84219176624992E-19,1.));
#7856=DIRECTION('',(1.,0.,8.47572827821379E-19));
#7857=DIRECTION('',(-0.212390247613985,-0.977184927594808,0.));
#7858=DIRECTION('',(-0.212390247613985,-0.977184927594808,0.));
#7859=DIRECTION('',(-0.977184927594808,0.212390247613985,-8.67361748924587E-19));
#7860=DIRECTION('',(8.47572827821379E-19,-1.84219176624992E-19,-1.));
#7861=DIRECTION('',(0.,0.,-1.));
#7862=DIRECTION('',(-0.212390247613985,-0.977184927594808,0.));
#7863=DIRECTION('',(8.47572827821379E-19,-1.84219176624992E-19,-1.));
#7864=DIRECTION('',(0.977184927594808,-0.212390247613985,8.67361748924587E-19));
#7865=DIRECTION('',(8.47572827821379E-19,-1.84219176624992E-19,-1.));
#7866=DIRECTION('',(-1.,0.,-8.47572827821379E-19));
#7867=DIRECTION('',(-0.212390247613985,-0.977184927594808,0.));
#7868=DIRECTION('',(-0.212390247613985,-0.977184927594808,0.));
#7869=DIRECTION('',(-0.212390247613985,-0.977184927594808,0.));
#7870=DIRECTION('',(-0.212390247613985,-0.977184927594808,0.));
#7871=DIRECTION('',(-8.47572827821379E-19,1.84219176624992E-19,1.));
#7872=DIRECTION('',(-0.977184927594808,0.212390247613985,-8.67361748924587E-19));
#7873=DIRECTION('',(-0.212390247613985,-0.977184927594808,0.));
#7874=DIRECTION('',(-0.212390247613985,-0.977184927594808,0.));
#7875=DIRECTION('',(-0.212390247613985,-0.977184927594808,0.));
#7876=DIRECTION('',(-0.809406360054045,0.175923729866918,-0.560278667783964));
#7877=DIRECTION('',(-0.212390247613985,-0.977184927594808,0.));
#7878=DIRECTION('',(-0.212390247613985,-0.977184927594808,0.));
#7879=DIRECTION('',(-0.212390247613985,-0.977184927594808,0.));
#7880=DIRECTION('',(0.932872133109535,-0.202758902381962,-0.297722036088241));
#7881=DIRECTION('',(-0.212390247613985,-0.977184927594808,0.));
#7882=DIRECTION('',(-0.212390247613985,-0.977184927594808,0.));
#7883=DIRECTION('',(-0.212390247613985,-0.977184927594808,0.));
#7884=DIRECTION('',(8.47572827821379E-19,-1.84219176624992E-19,-1.));
#7885=DIRECTION('',(0.977184927594808,-0.212390247613985,8.67361748924587E-19));
#7886=DIRECTION('',(-0.212390247613985,-0.977184927594808,0.));
#7887=DIRECTION('',(0.977184927594808,-0.212390247613985,8.67361748924587E-19));
#7888=DIRECTION('',(-8.47572827821379E-19,1.84219176624992E-19,1.));
#7889=DIRECTION('',(-0.212390247613985,-0.977184927594808,0.));
#7890=DIRECTION('',(-8.47572827821379E-19,1.84219176624992E-19,1.));
#7891=DIRECTION('',(-0.977184927594808,0.212390247613985,-8.67361748924587E-19));
#7892=DIRECTION('',(-0.212390247613985,-0.977184927594808,0.));
#7893=DIRECTION('',(-0.977184927594808,0.212390247613985,-8.67361748924587E-19));
#7894=DIRECTION('',(8.47572827821379E-19,-1.84219176624992E-19,-1.));
#7895=DIRECTION('',(-0.212390247613985,-0.977184927594808,0.));
#7896=DIRECTION('',(-8.47572827821379E-19,1.84219176624992E-19,1.));
#7897=DIRECTION('',(-0.977184927594808,0.212390247613985,-8.67361748924587E-19));
#7898=DIRECTION('',(-0.212390247613985,-0.977184927594808,0.));
#7899=DIRECTION('',(0.829633419345567,-0.18032006264909,0.528387229701107));
#7900=DIRECTION('',(-0.516332036797498,0.112224294552286,0.84900349556924));
#7901=DIRECTION('',(0.,0.,-1.));
#7902=DIRECTION('',(-1.,0.,0.));
#7903=DIRECTION('',(0.,0.,-1.));
#7904=DIRECTION('',(-1.,0.,0.));
#7905=DIRECTION('',(0.508128238019023,-0.740774120883305,0.439385247314074));
#7906=DIRECTION('',(0.248540985987565,-0.362335167823356,-0.898298727842108));
#7907=DIRECTION('',(0.,0.,-1.));
#7908=DIRECTION('',(0.017697209932684,-0.0257998555267864,-0.999510468287049));
#7909=DIRECTION('',(-0.565379285744169,0.824237489724175,-0.0312861596333673));
#7910=DIRECTION('',(-4.90628550115254E-19,7.15262222601121E-19,1.));
#7911=DIRECTION('',(0.,-1.,7.15262222601121E-19));
#7912=DIRECTION('',(0.527090021909005,-0.768417533983592,0.362919553442));
#7913=DIRECTION('',(0.205287692743507,-0.299278407972557,-0.931820475053784));
#7914=DIRECTION('',(-4.90628550115254E-19,7.15262222601121E-19,1.));
#7915=DIRECTION('',(0.,-1.,7.15262222601121E-19));
#7916=DIRECTION('',(0.,0.,-1.));
#7917=DIRECTION('',(-0.019915911180618,0.029034386386257,0.999379988237217));
#7918=DIRECTION('',(-0.565305478895998,0.824129890502211,-0.0352085090706882));
#7919=DIRECTION('',(0.,0.,-1.));
#7920=DIRECTION('',(-0.56565619238897,0.824641177732481,-8.67361759168855E-19));
#7921=DIRECTION('',(4.90628550115253E-19,-7.15262222601121E-19,-1.));
#7922=DIRECTION('',(-0.82464117773248,-0.56565619238897,0.));
#7923=DIRECTION('',(-0.82464117773248,-0.56565619238897,0.));
#7924=DIRECTION('',(-4.90628550115254E-19,7.15262222601121E-19,1.));
#7925=DIRECTION('',(-0.56565619238897,0.82464117773248,-8.67361759168855E-19));
#7926=DIRECTION('',(-0.82464117773248,-0.56565619238897,0.));
#7927=DIRECTION('',(0.527090021909005,-0.768417533983592,0.362919553442));
#7928=DIRECTION('',(-0.205287692743507,0.299278407972557,0.931820475053784));
#7929=DIRECTION('',(-0.82464117773248,-0.56565619238897,0.));
#7930=DIRECTION('',(-4.90628550115254E-19,7.15262222601121E-19,1.));
#7931=DIRECTION('',(-0.56565619238897,0.82464117773248,-8.67361759168855E-19));
#7932=DIRECTION('',(-0.82464117773248,-0.56565619238897,0.));
#7933=DIRECTION('',(-0.82464117773248,-0.56565619238897,0.));
#7934=DIRECTION('',(-0.82464117773248,-0.56565619238897,0.));
#7935=DIRECTION('',(-0.82464117773248,-0.56565619238897,0.));
#7936=DIRECTION('',(-0.82464117773248,-0.56565619238897,0.));
#7937=DIRECTION('',(-0.82464117773248,-0.56565619238897,0.));
#7938=DIRECTION('',(-0.82464117773248,-0.56565619238897,0.));
#7939=DIRECTION('',(0.017697209932684,-0.0257998555267864,-0.999510468287049));
#7940=DIRECTION('',(0.565379285744168,-0.824237489724174,0.0312861596333673));
#7941=DIRECTION('',(-0.82464117773248,-0.56565619238897,0.));
#7942=DIRECTION('',(0.56565619238897,-0.824641177732481,8.67361759168855E-19));
#7943=DIRECTION('',(-4.90628550115253E-19,7.15262222601121E-19,1.));
#7944=DIRECTION('',(-0.82464117773248,-0.56565619238897,0.));
#7945=DIRECTION('',(-0.82464117773248,-0.56565619238897,0.));
#7946=DIRECTION('',(-0.82464117773248,-0.56565619238897,0.));
#7947=DIRECTION('',(0.508128238019023,-0.740774120883305,0.439385247314074));
#7948=DIRECTION('',(-0.248540985987565,0.362335167823356,0.898298727842108));
#7949=DIRECTION('',(-0.82464117773248,-0.56565619238897,0.));
#7950=DIRECTION('',(-0.82464117773248,-0.56565619238897,0.));
#7951=DIRECTION('',(-0.82464117773248,-0.56565619238897,0.));
#7952=DIRECTION('',(-0.82464117773248,-0.56565619238897,0.));
#7953=DIRECTION('',(-0.82464117773248,-0.56565619238897,0.));
#7954=DIRECTION('',(-0.82464117773248,-0.56565619238897,0.));
#7955=DIRECTION('',(-0.82464117773248,-0.56565619238897,0.));
#7956=DIRECTION('',(-0.82464117773248,-0.56565619238897,0.));
#7957=DIRECTION('',(-0.019915911180618,0.029034386386257,0.999379988237217));
#7958=DIRECTION('',(-0.565305478895998,0.82412989050221,-0.0352085090706881));
#7959=DIRECTION('',(-0.019915911180618,0.029034386386257,0.999379988237217));
#7960=DIRECTION('',(-0.565305478895998,0.824129890502211,-0.0352085090706882));
#7961=DIRECTION('',(-0.82464117773248,-0.56565619238897,0.));
#7962=DIRECTION('',(0.56565619238897,-0.824641177732481,8.67361759168855E-19));
#7963=DIRECTION('',(-4.90628550115253E-19,7.15262222601121E-19,1.));
#7964=DIRECTION('',(0.,0.,-1.));
#7965=DIRECTION('',(-0.82464117773248,-0.56565619238897,0.));
#7966=DIRECTION('',(0.,0.,-1.));
#7967=DIRECTION('',(-1.,0.,0.));
#7968=DIRECTION('',(0.,0.,-1.));
#7969=DIRECTION('',(-1.,0.,0.));
#7970=DIRECTION('',(0.800378123220239,0.20888631535454,-0.561926478400913));
#7971=DIRECTION('',(-0.543714494553681,-0.141901076600169,-0.827187181278789));
#7972=DIRECTION('',(0.,0.,-1.));
#7973=DIRECTION('',(0.,0.,1.));
#7974=DIRECTION('',(1.,0.,0.));
#7975=DIRECTION('',(0.,0.,-1.));
#7976=DIRECTION('',(0.,0.,1.));
#7977=DIRECTION('',(1.,0.,0.));
#7978=DIRECTION('',(0.,0.,-1.));
#7979=DIRECTION('',(0.,0.,1.));
#7980=DIRECTION('',(1.,0.,0.));
#7981=DIRECTION('',(0.,0.,-1.));
#7982=DIRECTION('',(0.,0.,-1.));
#7983=DIRECTION('',(-1.,0.,0.));
#7984=DIRECTION('',(0.,0.,-1.));
#7985=DIRECTION('',(0.,0.,1.));
#7986=DIRECTION('',(1.,0.,0.));
#7987=DIRECTION('',(0.,0.,-1.));
#7988=DIRECTION('',(0.,0.,-1.));
#7989=DIRECTION('',(-1.,0.,0.));
#7990=DIRECTION('',(-0.806844150363302,-0.210573848466343,0.551961204584701));
#7991=DIRECTION('',(-0.534072194316309,-0.139384585319744,-0.833869791174501));
#7992=DIRECTION('',(0.,0.,-1.));
#7993=DIRECTION('',(0.967590094883839,0.252526054661065,0.));
#7994=DIRECTION('',(0.252526054661065,-0.967590094883839,0.));
#7995=DIRECTION('',(0.252526054661065,-0.967590094883839,0.));
#7996=DIRECTION('',(-0.967590094883839,-0.252526054661065,0.));
#7997=DIRECTION('',(0.,0.,-1.));
#7998=DIRECTION('',(0.252526054661065,-0.967590094883839,0.));
#7999=DIRECTION('',(0.,0.,1.));
#8000=DIRECTION('',(-0.967590094883839,-0.252526054661065,0.));
#8001=DIRECTION('',(0.252526054661065,-0.967590094883839,0.));
#8002=DIRECTION('',(-0.967590094883839,-0.252526054661065,0.));
#8003=DIRECTION('',(0.,0.,-1.));
#8004=DIRECTION('',(0.252526054661065,-0.967590094883839,0.));
#8005=DIRECTION('',(0.,0.,1.));
#8006=DIRECTION('',(-0.967590094883839,-0.252526054661065,0.));
#8007=DIRECTION('',(0.252526054661065,-0.967590094883839,0.));
#8008=DIRECTION('',(0.967590094883839,0.252526054661065,0.));
#8009=DIRECTION('',(0.,0.,1.));
#8010=DIRECTION('',(0.252526054661065,-0.967590094883839,0.));
#8011=DIRECTION('',(0.,0.,1.));
#8012=DIRECTION('',(-0.967590094883839,-0.252526054661065,0.));
#8013=DIRECTION('',(0.252526054661065,-0.967590094883839,0.));
#8014=DIRECTION('',(0.967590094883839,0.252526054661065,0.));
#8015=DIRECTION('',(0.,0.,1.));
#8016=DIRECTION('',(0.252526054661065,-0.967590094883839,0.));
#8017=DIRECTION('',(0.800378123220239,0.20888631535454,-0.561926478400913));
#8018=DIRECTION('',(0.543714494553681,0.141901076600169,0.827187181278789));
#8019=DIRECTION('',(0.252526054661065,-0.967590094883839,0.));
#8020=DIRECTION('',(0.,0.,-1.));
#8021=DIRECTION('',(0.967590094883839,0.252526054661065,0.));
#8022=DIRECTION('',(0.252526054661065,-0.967590094883839,0.));
#8023=DIRECTION('',(-0.967590094883839,-0.252526054661065,0.));
#8024=DIRECTION('',(0.,0.,-1.));
#8025=DIRECTION('',(0.252526054661065,-0.967590094883839,0.));
#8026=DIRECTION('',(0.845891633622426,0.220764637876041,-0.485520667769194));
#8027=DIRECTION('',(0.252526054661065,-0.967590094883839,0.));
#8028=DIRECTION('',(0.252526054661065,-0.967590094883839,0.));
#8029=DIRECTION('',(0.,0.,1.));
#8030=DIRECTION('',(-0.967590094883839,-0.252526054661065,0.));
#8031=DIRECTION('',(0.,0.,1.));
#8032=DIRECTION('',(1.,0.,0.));
#8033=DIRECTION('',(0.252526054661065,-0.967590094883839,0.));
#8034=DIRECTION('',(0.252526054661065,-0.967590094883839,0.));
#8035=DIRECTION('',(-0.965635746528555,-0.252015999956906,0.063525906463119));
#8036=DIRECTION('',(0.252526054661065,-0.967590094883839,0.));
#8037=DIRECTION('',(0.252526054661065,-0.967590094883839,0.));
#8038=DIRECTION('',(-0.967251105529762,-0.252437583680833,0.0264681921716693));
#8039=DIRECTION('',(0.252526054661065,-0.967590094883839,0.));
#8040=DIRECTION('',(0.967590094883839,0.252526054661065,0.));
#8041=DIRECTION('',(0.,0.,1.));
#8042=DIRECTION('',(0.,0.,-1.));
#8043=DIRECTION('',(0.252526054661065,-0.967590094883839,0.));
#8044=DIRECTION('',(0.,0.,-1.));
#8045=DIRECTION('',(0.967590094883839,0.252526054661065,0.));
#8046=DIRECTION('',(0.,0.,-1.));
#8047=DIRECTION('',(-1.,0.,0.));
#8048=DIRECTION('',(0.252526054661065,-0.967590094883839,0.));
#8049=DIRECTION('',(-0.806844150363302,-0.210573848466343,0.551961204584701));
#8050=DIRECTION('',(-0.534072194316309,-0.139384585319744,-0.833869791174501));
#8051=DIRECTION('',(-0.806844150363302,-0.210573848466343,0.551961204584701));
#8052=DIRECTION('',(-0.534072194316309,-0.139384585319744,-0.833869791174501));
#8053=DIRECTION('',(0.,0.,-1.));
#8054=DIRECTION('',(-1.,0.,0.));
#8055=DIRECTION('',(0.,0.,-1.));
#8056=DIRECTION('',(-8.64530889536413E-19,-7.00203727282118E-20,1.));
#8057=DIRECTION('',(1.,0.,8.64530889536413E-19));
#8058=DIRECTION('',(0.,0.,-1.));
#8059=DIRECTION('',(8.64530889536413E-19,7.00203727282118E-20,-1.));
#8060=DIRECTION('',(-1.,0.,-8.64530889536413E-19));
#8061=DIRECTION('',(0.947013648216582,0.0767008436938398,-0.311900834670532));
#8062=DIRECTION('',(-0.31088284330407,-0.0251791264215325,-0.950114661149814));
#8063=DIRECTION('',(8.64530889536413E-19,7.00203727282118E-20,-1.));
#8064=DIRECTION('',(-1.,0.,-8.64530889536413E-19));
#8065=DIRECTION('',(-0.952204648700355,-0.077121274927825,-0.295564909870811));
#8066=DIRECTION('',(0.294600236189205,0.0238603601021691,-0.955322659656443));
#8067=DIRECTION('',(8.64530889536413E-19,7.00203727282118E-20,-1.));
#8068=DIRECTION('',(-1.,0.,-8.64530889536413E-19));
#8069=DIRECTION('',(0.,0.,-1.));
#8070=DIRECTION('',(-8.64530889536413E-19,-7.00203727282118E-20,1.));
#8071=DIRECTION('',(1.,0.,8.64530889536413E-19));
#8072=DIRECTION('',(0.,0.,-1.));
#8073=DIRECTION('',(-8.64530889536413E-19,-7.00203727282118E-20,1.));
#8074=DIRECTION('',(1.,0.,8.64530889536413E-19));
#8075=DIRECTION('',(0.952866215787603,0.0771748567889182,0.293411002333285));
#8076=DIRECTION('',(0.292453358640168,0.0236864794832059,-0.955986393056814));
#8077=DIRECTION('',(-8.64530889536413E-19,-7.00203727282118E-20,1.));
#8078=DIRECTION('',(1.,0.,8.64530889536413E-19));
#8079=DIRECTION('',(-0.946744753521531,-0.0766790652854567,0.312721429752432));
#8080=DIRECTION('',(-0.311700760102952,-0.02524537141036,-0.94984488595433));
#8081=DIRECTION('',(-8.64530889536413E-19,-7.00203727282118E-20,1.));
#8082=DIRECTION('',(1.,0.,8.64530889536413E-19));
#8083=DIRECTION('',(-8.64530889536413E-19,-7.00203727282118E-20,1.));
#8084=DIRECTION('',(-0.996736169790833,-0.0807279866632282,-8.67361811218143E-19));
#8085=DIRECTION('',(0.0807279866632282,-0.996736169790833,0.));
#8086=DIRECTION('',(0.0807279866632282,-0.996736169790833,0.));
#8087=DIRECTION('',(0.0807279866632282,-0.996736169790833,0.));
#8088=DIRECTION('',(-0.995997209851307,-0.0806681365745581,0.0384994767496832));
#8089=DIRECTION('',(0.0807279866632282,-0.996736169790833,0.));
#8090=DIRECTION('',(0.0807279866632282,-0.996736169790833,0.));
#8091=DIRECTION('',(-0.996643655502326,-0.0807204937152696,0.0136244574689518));
#8092=DIRECTION('',(0.0807279866632282,-0.996736169790833,0.));
#8093=DIRECTION('',(0.996736169790834,0.0807279866632283,8.67361811218144E-19));
#8094=DIRECTION('',(-8.64530889536412E-19,-7.00203727282118E-20,1.));
#8095=DIRECTION('',(0.0807279866632282,-0.996736169790833,0.));
#8096=DIRECTION('',(-8.64530889536413E-19,-7.00203727282118E-20,1.));
#8097=DIRECTION('',(-0.996736169790833,-0.0807279866632282,-8.67361811218143E-19));
#8098=DIRECTION('',(0.0807279866632282,-0.996736169790833,0.));
#8099=DIRECTION('',(-0.996736169790834,-0.0807279866632283,-8.67361811218144E-19));
#8100=DIRECTION('',(8.64530889536412E-19,7.00203727282118E-20,-1.));
#8101=DIRECTION('',(0.0807279866632282,-0.996736169790833,0.));
#8102=DIRECTION('',(8.64530889536413E-19,7.00203727282118E-20,-1.));
#8103=DIRECTION('',(0.996736169790833,0.0807279866632282,8.67361811218143E-19));
#8104=DIRECTION('',(0.0807279866632282,-0.996736169790833,0.));
#8105=DIRECTION('',(0.947013648216582,0.0767008436938398,-0.311900834670532));
#8106=DIRECTION('',(0.31088284330407,0.0251791264215324,0.950114661149814));
#8107=DIRECTION('',(0.0807279866632282,-0.996736169790833,0.));
#8108=DIRECTION('',(8.64530889536413E-19,7.00203727282118E-20,-1.));
#8109=DIRECTION('',(0.996736169790833,0.0807279866632282,8.67361811218143E-19));
#8110=DIRECTION('',(0.0807279866632282,-0.996736169790833,0.));
#8111=DIRECTION('',(-0.952204648700355,-0.077121274927825,-0.295564909870811));
#8112=DIRECTION('',(0.294600236189205,0.0238603601021691,-0.955322659656442));
#8113=DIRECTION('',(0.0807279866632282,-0.996736169790833,0.));
#8114=DIRECTION('',(8.64530889536413E-19,7.00203727282118E-20,-1.));
#8115=DIRECTION('',(0.996736169790833,0.0807279866632282,8.67361811218143E-19));
#8116=DIRECTION('',(0.0807279866632282,-0.996736169790833,0.));
#8117=DIRECTION('',(0.996736169790834,0.0807279866632283,8.67361811218144E-19));
#8118=DIRECTION('',(-8.64530889536412E-19,-7.00203727282118E-20,1.));
#8119=DIRECTION('',(0.0807279866632282,-0.996736169790833,0.));
#8120=DIRECTION('',(-8.64530889536413E-19,-7.00203727282118E-20,1.));
#8121=DIRECTION('',(-0.996736169790833,-0.0807279866632282,-8.67361811218143E-19));
#8122=DIRECTION('',(0.0807279866632282,-0.996736169790833,0.));
#8123=DIRECTION('',(-0.996736169790834,-0.0807279866632283,-8.67361811218144E-19));
#8124=DIRECTION('',(8.64530889536412E-19,7.00203727282118E-20,-1.));
#8125=DIRECTION('',(0.0807279866632282,-0.996736169790833,0.));
#8126=DIRECTION('',(0.0807279866632282,-0.996736169790833,0.));
#8127=DIRECTION('',(-8.64530889536413E-19,-7.00203727282118E-20,1.));
#8128=DIRECTION('',(-0.996736169790833,-0.0807279866632282,-8.67361811218143E-19));
#8129=DIRECTION('',(0.0807279866632282,-0.996736169790833,0.));
#8130=DIRECTION('',(0.952866215787603,0.0771748567889182,0.293411002333285));
#8131=DIRECTION('',(-0.292453358640168,-0.0236864794832059,0.955986393056813));
#8132=DIRECTION('',(0.0807279866632282,-0.996736169790833,0.));
#8133=DIRECTION('',(-8.64530889536413E-19,-7.00203727282118E-20,1.));
#8134=DIRECTION('',(-0.996736169790833,-0.0807279866632282,-8.67361811218143E-19));
#8135=DIRECTION('',(0.0807279866632282,-0.996736169790833,0.));
#8136=DIRECTION('',(-0.946744753521531,-0.0766790652854567,0.312721429752432));
#8137=DIRECTION('',(-0.311700760102952,-0.02524537141036,-0.94984488595433));
#8138=DIRECTION('',(0.,0.,-1.));
#8139=DIRECTION('',(-1.,0.,0.));
#8140=DIRECTION('',(0.777738532039423,-0.0604242369935742,0.625676983246874));
#8141=DIRECTION('',(0.623797170276026,-0.0484641900843469,-0.780082247352862));
#8142=DIRECTION('',(-0.624621566664834,0.0485282392740449,0.779418314161356));
#8143=DIRECTION('',(-0.777076593599615,0.060372809523397,-0.626503863954461));
#8144=DIRECTION('',(0.996498808182117,-0.0774202095806131,-0.0315632133997017));
#8145=DIRECTION('',(-0.0314683834162772,0.00244484872359829,-0.999501757657226));
#8146=DIRECTION('',(0.996731001685187,-0.0774382492104885,-0.023035360619251));
#8147=DIRECTION('',(-0.022966152112562,0.00178429145646288,-0.999734650875492));
#8148=DIRECTION('',(0.,0.,-1.));
#8149=DIRECTION('',(0.,0.,1.));
#8150=DIRECTION('',(1.,0.,0.));
#8151=DIRECTION('',(0.,0.,-1.));
#8152=DIRECTION('',(0.,0.,-1.));
#8153=DIRECTION('',(-1.,0.,0.));
#8154=DIRECTION('',(0.621007191907108,-0.0482474304572672,-0.782318511256074));
#8155=DIRECTION('',(-0.779968077207562,0.0605974553183424,-0.622878597277255));
#8156=DIRECTION('',(0.621007191907108,-0.0482474304572672,-0.782318511256074));
#8157=DIRECTION('',(0.779968077207562,-0.0605974553183423,0.622878597277254));
#8158=DIRECTION('',(-0.0774588028360065,-0.996995553582468,0.));
#8159=DIRECTION('',(-0.0774588028360065,-0.996995553582468,0.));
#8160=DIRECTION('',(0.777738532039423,-0.0604242369935742,0.625676983246874));
#8161=DIRECTION('',(-0.623797170276026,0.0484641900843469,0.780082247352862));
#8162=DIRECTION('',(-0.0774588028360065,-0.996995553582468,0.));
#8163=DIRECTION('',(-0.624621566664834,0.0485282392740449,0.779418314161356));
#8164=DIRECTION('',(-0.777076593599615,0.060372809523397,-0.626503863954461));
#8165=DIRECTION('',(-0.0774588028360065,-0.996995553582468,0.));
#8166=DIRECTION('',(-0.0774588028360065,-0.996995553582468,0.));
#8167=DIRECTION('',(0.679361019289623,-0.0527810691417195,-0.731903521107817));
#8168=DIRECTION('',(-0.0774588028360065,-0.996995553582468,0.));
#8169=DIRECTION('',(0.996498808182117,-0.0774202095806131,-0.0315632133997017));
#8170=DIRECTION('',(0.0314683834162772,-0.00244484872359829,0.999501757657226));
#8171=DIRECTION('',(-0.0774588028360065,-0.996995553582468,0.));
#8172=DIRECTION('',(0.996731001685187,-0.0774382492104885,-0.023035360619251));
#8173=DIRECTION('',(0.022966152112562,-0.00178429145646288,0.999734650875491));
#8174=DIRECTION('',(-0.0774588028360065,-0.996995553582468,0.));
#8175=DIRECTION('',(0.996995553582468,-0.0774588028360065,0.));
#8176=DIRECTION('',(0.,0.,1.));
#8177=DIRECTION('',(-0.0774588028360065,-0.996995553582468,0.));
#8178=DIRECTION('',(0.,0.,1.));
#8179=DIRECTION('',(-0.996995553582468,0.0774588028360065,0.));
#8180=DIRECTION('',(-0.0774588028360065,-0.996995553582468,0.));
#8181=DIRECTION('',(-0.996995553582468,0.0774588028360065,0.));
#8182=DIRECTION('',(0.,0.,-1.));
#8183=DIRECTION('',(-0.0774588028360065,-0.996995553582468,0.));
#8184=DIRECTION('',(0.,0.,-1.));
#8185=DIRECTION('',(0.996995553582468,-0.0774588028360065,0.));
#8186=DIRECTION('',(0.,0.,-1.));
#8187=DIRECTION('',(-1.,0.,0.));
#8188=DIRECTION('',(0.285644666856461,0.725903187023968,0.625676983246874));
#8189=DIRECTION('',(0.229105705258366,0.582221833310101,-0.780082247352862));
#8190=DIRECTION('',(-0.229408486234411,-0.582991284663421,0.779418314161356));
#8191=DIRECTION('',(-0.285401552779777,-0.725285365991223,-0.626503863954461));
#8192=DIRECTION('',(0.365990057532102,0.930083351827961,-0.0315632133997017));
#8193=DIRECTION('',(-0.0115575807641716,-0.0293710532156197,-0.999501757657226));
#8194=DIRECTION('',(0.366075336624108,0.930300069911148,-0.023035360619251));
#8195=DIRECTION('',(-0.00843491559041726,-0.0214354854818237,-0.999734650875492));
#8196=DIRECTION('',(0.,0.,-1.));
#8197=DIRECTION('',(3.17604042976528E-19,8.07120922457876E-19,1.));
#8198=DIRECTION('',(0.,-1.,8.07120922457876E-19));
#8199=DIRECTION('',(0.,0.,-1.));
#8200=DIRECTION('',(-3.17604042976528E-19,-8.07120922457876E-19,-1.));
#8201=DIRECTION('',(0.,1.,-8.07120922457876E-19));
#8202=DIRECTION('',(0.228081013271412,0.579617803669941,-0.782318511256074));
#8203=DIRECTION('',(-0.286463525200954,-0.727984135667366,-0.622878597277255));
#8204=DIRECTION('',(0.228081013271412,0.579617803669941,-0.782318511256074));
#8205=DIRECTION('',(0.286463525200954,0.727984135667366,0.622878597277254));
#8206=DIRECTION('',(0.930546989740189,-0.366172500176449,0.));
#8207=DIRECTION('',(0.930546989740189,-0.366172500176449,0.));
#8208=DIRECTION('',(0.285644666856461,0.725903187023968,0.625676983246874));
#8209=DIRECTION('',(-0.229105705258366,-0.582221833310101,0.780082247352862));
#8210=DIRECTION('',(0.930546989740189,-0.366172500176449,0.));
#8211=DIRECTION('',(-0.229408486234411,-0.582991284663421,0.779418314161356));
#8212=DIRECTION('',(-0.285401552779777,-0.725285365991223,-0.626503863954461));
#8213=DIRECTION('',(0.930546989740189,-0.366172500176449,0.));
#8214=DIRECTION('',(0.930546989740189,-0.366172500176449,0.));
#8215=DIRECTION('',(0.249512971322223,0.634082418131187,-0.731903521072868));
#8216=DIRECTION('',(0.930546989740189,-0.366172500176449,0.));
#8217=DIRECTION('',(0.365990057532102,0.930083351827961,-0.0315632133997017));
#8218=DIRECTION('',(0.0115575807641716,0.0293710532156197,0.999501757657226));
#8219=DIRECTION('',(0.930546989740189,-0.366172500176449,0.));
#8220=DIRECTION('',(0.366075336624108,0.930300069911148,-0.023035360619251));
#8221=DIRECTION('',(0.00843491559041726,0.0214354854818237,0.999734650875491));
#8222=DIRECTION('',(0.930546989740189,-0.366172500176449,0.));
#8223=DIRECTION('',(0.366172500176449,0.93054698974019,-8.67361811232366E-19));
#8224=DIRECTION('',(3.17604042976528E-19,8.07120922457876E-19,1.));
#8225=DIRECTION('',(0.930546989740189,-0.366172500176449,0.));
#8226=DIRECTION('',(3.17604042976528E-19,8.07120922457876E-19,1.));
#8227=DIRECTION('',(-0.366172500176449,-0.930546989740189,8.67361811232365E-19));
#8228=DIRECTION('',(0.930546989740189,-0.366172500176449,0.));
#8229=DIRECTION('',(-0.366172500176449,-0.93054698974019,8.67361811232366E-19));
#8230=DIRECTION('',(-3.17604042976528E-19,-8.07120922457876E-19,-1.));
#8231=DIRECTION('',(0.930546989740189,-0.366172500176449,0.));
#8232=DIRECTION('',(-3.17604042976528E-19,-8.07120922457876E-19,-1.));
#8233=DIRECTION('',(0.366172500176449,0.930546989740189,-8.67361811232365E-19));
#8234=DIRECTION('',(0.,0.,-1.));
#8235=DIRECTION('',(-1.,0.,0.));
#8236=DIRECTION('',(0.737262294948836,0.446982237664693,-0.506607528229733));
#8237=DIRECTION('',(-0.43320886674001,-0.262642847678889,-0.862176787173582));
#8238=DIRECTION('',(-0.733729181607563,-0.444840206371319,-0.513574414133939));
#8239=DIRECTION('',(0.43916637147314,0.266254722061666,-0.858045057760361));
#8240=DIRECTION('',(7.41696038099496E-19,4.49670296511986E-19,-1.));
#8241=DIRECTION('',(-1.,0.,-7.41696038099496E-19));
#8242=DIRECTION('',(0.719844788378375,0.436422473365415,0.53977671808453));
#8243=DIRECTION('',(0.46157241514185,0.279838901809997,-0.841808229119848));
#8244=DIRECTION('',(0.719107868343432,0.435975698630758,-0.541118345549278));
#8245=DIRECTION('',(-0.46271966401046,-0.280534447845598,-0.840946452581859));
#8246=DIRECTION('',(-7.41696038099496E-19,-4.49670296511986E-19,1.));
#8247=DIRECTION('',(1.,0.,7.41696038099496E-19));
#8248=DIRECTION('',(-0.728528206566887,-0.441686995529469,0.523602186986062));
#8249=DIRECTION('',(-0.447741293619232,-0.271453466002486,-0.851962880519693));
#8250=DIRECTION('',(0.728340118618822,0.44157296288128,0.523959912648448));
#8251=DIRECTION('',(0.448047191025352,0.271638923346527,-0.851742924794466));
#8252=DIRECTION('',(-7.41696038099496E-19,-4.49670296511986E-19,1.));
#8253=DIRECTION('',(1.,0.,7.41696038099496E-19));
#8254=DIRECTION('',(-0.710264569491308,-0.430614245134029,-0.556862292863305));
#8255=DIRECTION('',(0.476182585885619,0.288696654141095,-0.83060483190686));
#8256=DIRECTION('',(-0.722582729000581,-0.438082412893439,0.534750408380896));
#8257=DIRECTION('',(-0.457274330709106,-0.277233089183226,-0.845010059547497));
#8258=DIRECTION('',(7.41696038099496E-19,4.49670296511986E-19,-1.));
#8259=DIRECTION('',(-1.,0.,-7.41696038099496E-19));
#8260=DIRECTION('',(7.41696038099496E-19,4.49670296511986E-19,-1.));
#8261=DIRECTION('',(0.855117309949569,0.518434553463224,8.67361740277761E-19));
#8262=DIRECTION('',(0.518434553463224,-0.855117309949569,0.));
#8263=DIRECTION('',(0.518434553463224,-0.855117309949569,0.));
#8264=DIRECTION('',(0.737262294948836,0.446982237664693,-0.506607528229733));
#8265=DIRECTION('',(0.43320886674001,0.262642847678889,0.862176787173582));
#8266=DIRECTION('',(0.518434553463224,-0.855117309949569,0.));
#8267=DIRECTION('',(-0.733729181607563,-0.444840206371319,-0.513574414133939));
#8268=DIRECTION('',(0.43916637147314,0.266254722061666,-0.858045057760361));
#8269=DIRECTION('',(0.518434553463224,-0.855117309949569,0.));
#8270=DIRECTION('',(7.41696038099496E-19,4.49670296511986E-19,-1.));
#8271=DIRECTION('',(0.855117309949569,0.518434553463224,8.67361740277761E-19));
#8272=DIRECTION('',(0.518434553463224,-0.855117309949569,0.));
#8273=DIRECTION('',(0.719844788378375,0.436422473365415,0.53977671808453));
#8274=DIRECTION('',(-0.46157241514185,-0.279838901809997,0.841808229119847));
#8275=DIRECTION('',(0.518434553463224,-0.855117309949569,0.));
#8276=DIRECTION('',(0.719107868343432,0.435975698630758,-0.541118345549278));
#8277=DIRECTION('',(0.46271966401046,0.280534447845598,0.840946452581859));
#8278=DIRECTION('',(0.518434553463224,-0.855117309949569,0.));
#8279=DIRECTION('',(-7.41696038099496E-19,-4.49670296511986E-19,1.));
#8280=DIRECTION('',(-0.855117309949569,-0.518434553463224,-8.67361740277761E-19));
#8281=DIRECTION('',(0.518434553463224,-0.855117309949569,0.));
#8282=DIRECTION('',(-0.728528206566887,-0.441686995529469,0.523602186986062));
#8283=DIRECTION('',(-0.447741293619232,-0.271453466002486,-0.851962880519693));
#8284=DIRECTION('',(0.518434553463224,-0.855117309949569,0.));
#8285=DIRECTION('',(0.728340118618822,0.44157296288128,0.523959912648448));
#8286=DIRECTION('',(-0.448047191025352,-0.271638923346527,0.851742924794466));
#8287=DIRECTION('',(0.518434553463224,-0.855117309949569,0.));
#8288=DIRECTION('',(-7.41696038099496E-19,-4.49670296511986E-19,1.));
#8289=DIRECTION('',(-0.855117309949569,-0.518434553463224,-8.67361740277761E-19));
#8290=DIRECTION('',(0.518434553463224,-0.855117309949569,0.));
#8291=DIRECTION('',(-0.710264569491308,-0.430614245134029,-0.556862292863305));
#8292=DIRECTION('',(0.476182585885619,0.288696654141095,-0.83060483190686));
#8293=DIRECTION('',(0.518434553463224,-0.855117309949569,0.));
#8294=DIRECTION('',(-0.722582729000581,-0.438082412893439,0.534750408380896));
#8295=DIRECTION('',(-0.457274330709106,-0.277233089183226,-0.845010059547497));
#8296=DIRECTION('',(0.,0.,-1.));
#8297=DIRECTION('',(-1.,0.,0.));
#8298=DIRECTION('',(0.786963311372302,-0.61699979461418,0.));
#8299=DIRECTION('',(0.786963311372302,-0.61699979461418,0.));
#8300=DIRECTION('',(0.786963311372302,-0.61699979461418,0.));
#8301=DIRECTION('',(0.786963311372302,-0.61699979461418,0.));
#8302=DIRECTION('',(0.786963311372302,-0.61699979461418,0.));
#8303=DIRECTION('',(0.786963311372302,-0.61699979461418,0.));
#8304=DIRECTION('',(0.786963311372302,-0.61699979461418,0.));
#8305=DIRECTION('',(0.786963311372302,-0.61699979461418,0.));
#8306=DIRECTION('',(0.,0.,-1.));
#8307=DIRECTION('',(-1.,0.,0.));
#8308=DIRECTION('',(0.720538421567494,-0.693415015012671,0.));
#8309=DIRECTION('',(0.720538421567494,-0.693415015012671,0.));
#8310=DIRECTION('',(0.720538421567494,-0.693415015012671,0.));
#8311=DIRECTION('',(0.720538421567494,-0.693415015012671,0.));
#8312=DIRECTION('',(0.720538421567494,-0.693415015012671,0.));
#8313=DIRECTION('',(0.720538421567494,-0.693415015012671,0.));
#8314=DIRECTION('',(0.720538421567494,-0.693415015012671,0.));
#8315=DIRECTION('',(0.720538421567494,-0.693415015012671,0.));
#8316=DIRECTION('',(0.720538421567494,-0.693415015012671,0.));
#8317=DIRECTION('',(0.720538421567494,-0.693415015012671,0.));
#8318=DIRECTION('',(0.720538421567494,-0.693415015012671,0.));
#8319=DIRECTION('',(0.720538421567494,-0.693415015012671,0.));
#8320=DIRECTION('',(0.720538421567494,-0.693415015012671,0.));
#8321=DIRECTION('',(0.720538421567494,-0.693415015012671,0.));
#8322=DIRECTION('',(0.720538421567494,-0.693415015012671,0.));
#8323=DIRECTION('',(0.720538421567494,-0.693415015012671,0.));
#8324=DIRECTION('',(0.,0.,-1.));
#8325=DIRECTION('',(-1.,0.,0.));
#8326=DIRECTION('',(0.383707008401672,-0.923454888829681,0.));
#8327=DIRECTION('',(0.383707008401672,-0.923454888829681,0.));
#8328=DIRECTION('',(0.383707008401672,-0.923454888829681,0.));
#8329=DIRECTION('',(0.383707008401672,-0.923454888829681,0.));
#8330=DIRECTION('',(0.383707008401672,-0.923454888829681,0.));
#8331=DIRECTION('',(0.383707008401672,-0.923454888829681,0.));
#8332=DIRECTION('',(0.881090293456105,0.366103991351707,-0.299412361624873));
#8333=DIRECTION('',(0.383707008401672,-0.923454888829681,0.));
#8334=DIRECTION('',(0.383707008401672,-0.923454888829681,0.));
#8335=DIRECTION('',(0.383707008401672,-0.923454888829681,0.));
#8336=DIRECTION('',(0.383707008401672,-0.923454888829681,0.));
#8337=DIRECTION('',(0.874815142849297,0.363496588114436,0.320263479452041));
#8338=DIRECTION('',(0.383707008401672,-0.923454888829681,0.));
#8339=DIRECTION('',(0.383707008401672,-0.923454888829681,0.));
#8340=DIRECTION('',(0.383707008401672,-0.923454888829681,0.));
#8341=DIRECTION('',(0.383707008401672,-0.923454888829681,0.));
#8342=DIRECTION('',(0.383707008401672,-0.923454888829681,0.));
#8343=DIRECTION('',(0.383707008401672,-0.923454888829681,0.));
#8344=DIRECTION('',(-0.883673989414427,-0.367177549203616,0.290346220559554));
#8345=DIRECTION('',(0.383707008401672,-0.923454888829681,0.));
#8346=DIRECTION('',(0.383707008401672,-0.923454888829681,0.));
#8347=DIRECTION('',(0.383707008401672,-0.923454888829681,0.));
#8348=DIRECTION('',(0.383707008401672,-0.923454888829681,0.));
#8349=DIRECTION('',(-0.889407771734337,-0.369560007174668,-0.269033857861087));
#8350=DIRECTION('',(0.383707008401672,-0.923454888829681,0.));
#8351=DIRECTION('',(0.383707008401672,-0.923454888829681,0.));
#8352=DIRECTION('',(0.383707008401672,-0.923454888829681,0.));
#8353=DIRECTION('',(0.383707008401672,-0.923454888829681,0.));
#8354=DIRECTION('',(0.383707008401672,-0.923454888829681,0.));
#8355=DIRECTION('',(0.383707008401672,-0.923454888829681,0.));
#8356=DIRECTION('',(0.383707008401672,-0.923454888829681,0.));
#8357=DIRECTION('',(0.383707008401672,-0.923454888829681,0.));
#8358=DIRECTION('',(0.871173820660135,0.361983573390346,-0.331698759105276));
#8359=DIRECTION('',(0.383707008401672,-0.923454888829681,0.));
#8360=DIRECTION('',(0.383707008401672,-0.923454888829681,0.));
#8361=DIRECTION('',(0.383707008401672,-0.923454888829681,0.));
#8362=DIRECTION('',(0.383707008401672,-0.923454888829681,0.));
#8363=DIRECTION('',(0.383707008401672,-0.923454888829681,0.));
#8364=DIRECTION('',(-0.869545328118709,-0.361306914455693,-0.336672297514114));
#8365=DIRECTION('',(0.383707008401672,-0.923454888829681,0.));
#8366=DIRECTION('',(0.383707008401672,-0.923454888829681,0.));
#8367=DIRECTION('',(0.383707008401672,-0.923454888829681,0.));
#8368=DIRECTION('',(0.383707008401672,-0.923454888829681,0.));
#8369=DIRECTION('',(0.,0.,-1.));
#8370=DIRECTION('',(-1.,0.,0.));
#8371=DIRECTION('',(0.,0.,-1.));
#8372=DIRECTION('',(-1.,0.,0.));
#8373=DIRECTION('',(0.,0.,-1.));
#8374=DIRECTION('',(-1.,0.,0.));
#8375=DIRECTION('',(0.,0.,-1.));
#8376=DIRECTION('',(-1.,0.,0.));
#8377=DIRECTION('',(0.,0.,-1.));
#8378=DIRECTION('',(-1.,0.,0.));
#8379=DIRECTION('',(0.,0.,-1.));
#8380=DIRECTION('',(-1.,0.,0.));
#8381=DIRECTION('',(0.,0.,1.));
#8382=DIRECTION('',(1.,0.,0.));
#8383=DIRECTION('',(0.,0.,-1.));
#8384=DIRECTION('',(-1.,0.,0.));
#8385=DIRECTION('',(0.,0.,-1.));
#8386=DIRECTION('',(0.,0.,1.));
#8387=DIRECTION('',(1.,0.,0.));
#8388=DIRECTION('',(0.,0.,-1.));
#8389=DIRECTION('',(0.,0.,1.));
#8390=DIRECTION('',(1.,0.,0.));
#8391=DIRECTION('',(0.,0.,1.));
#8392=DIRECTION('',(1.,0.,0.));
#8393=DIRECTION('',(0.,0.,1.));
#8394=DIRECTION('',(1.,0.,0.));
#8395=DIRECTION('',(8.13281860924775E-17,-1.,0.));
#8396=DIRECTION('',(0.,0.,1.));
#8397=DIRECTION('',(1.,0.,0.));
#8398=DIRECTION('',(8.13281860924775E-17,-1.,0.));
#8399=DIRECTION('',(0.,0.,1.));
#8400=DIRECTION('',(1.,0.,0.));
#8401=DIRECTION('',(0.,0.,1.));
#8402=DIRECTION('',(1.,0.,0.));
#8403=DIRECTION('',(-8.13281860924775E-17,1.,0.));
#8404=DIRECTION('',(0.,0.,1.));
#8405=DIRECTION('',(1.,0.,0.));
#8406=DIRECTION('',(-8.13281860924775E-17,1.,0.));
#8407=DIRECTION('',(0.,0.,1.));
#8408=DIRECTION('',(1.,0.,0.));
#8409=DIRECTION('',(0.,0.,1.));
#8410=DIRECTION('',(1.,0.,0.));
#8411=DIRECTION('',(0.,0.,-1.));
#8412=DIRECTION('',(-1.,0.,0.));
#8413=DIRECTION('',(-1.,-8.13281860924775E-17,0.));
#8414=DIRECTION('',(8.13281860924775E-17,-1.,0.));
#8415=DIRECTION('',(0.,0.,1.));
#8416=DIRECTION('',(-1.,-8.13281860924775E-17,0.));
#8417=DIRECTION('',(8.13281860924775E-17,-1.,0.));
#8418=DIRECTION('',(0.,0.,1.));
#8419=DIRECTION('',(0.,0.,1.));
#8420=DIRECTION('',(1.,0.,0.));
#8421=DIRECTION('',(0.,0.,1.));
#8422=DIRECTION('',(1.,0.,0.));
#8423=CARTESIAN_POINT('',(0.,0.,0.));
#8424=CARTESIAN_POINT('',(0.,1.46957615897682E-18,0.005));
#8425=CARTESIAN_POINT('',(0.00979860711343286,-0.0272944554559453,0.000607709170416396));
#8426=CARTESIAN_POINT('',(0.00968846731819547,-0.0273339952292457,0.000798119555571088));
#8427=CARTESIAN_POINT('',(0.00963082754258812,-0.0273541068909825,0.00101703625660012));
#8428=CARTESIAN_POINT('',(0.00963244988181021,-0.0273535355900186,0.00124052858442385));
#8429=CARTESIAN_POINT('',(0.00979857886679317,-0.0272944655963665,0.000607690725889368));
#8430=CARTESIAN_POINT('',(0.00963221060831467,-0.0273536198481493,0.00124053053670574));
#8431=CARTESIAN_POINT('',(0.00963221060831467,-0.0273536198481493,0.00124053053670574));
#8432=CARTESIAN_POINT('',(0.00963221060831467,-0.0273536198481493,0.00156056670327955));
#8433=CARTESIAN_POINT('',(0.00978481544365104,-0.02730060659726,0.00186571606502404));
#8434=CARTESIAN_POINT('',(0.0100253937991792,-0.0272119730848643,0.00205689903351841));
#8435=CARTESIAN_POINT('',(0.0100253937991792,-0.0272119730848643,0.00205689903351841));
#8436=CARTESIAN_POINT('',(0.0100253937991792,-0.0272119730848643,0.00205689903351841));
#8437=CARTESIAN_POINT('',(0.0103166799290608,-0.0271046578912473,0.00228837849005444));
#8438=CARTESIAN_POINT('',(0.0106835292840624,-0.0269631394352994,0.00236843512235246));
#8439=CARTESIAN_POINT('',(0.0110400927746319,-0.026816344857708,0.00236843512235246));
#8440=CARTESIAN_POINT('',(0.0110400927746319,-0.0268163448577079,0.00236843512235245));
#8441=CARTESIAN_POINT('',(0.0110400927746319,-0.0268163448577079,0.00236843512235245));
#8442=CARTESIAN_POINT('',(0.0113962152642837,-0.0266697318369644,0.00236843512235245));
#8443=CARTESIAN_POINT('',(0.0117563974111742,-0.0265119475173535,0.00229203290149643));
#8444=CARTESIAN_POINT('',(0.012038631530579,-0.0263831641557821,0.00206152580711495));
#8445=CARTESIAN_POINT('',(0.012038631530579,-0.0263831641557822,0.00206152580711495));
#8446=CARTESIAN_POINT('',(0.012038631530579,-0.0263831641557822,0.00206152580711495));
#8447=CARTESIAN_POINT('',(0.0122744871628173,-0.0262755432868765,0.00186889708952614));
#8448=CARTESIAN_POINT('',(0.0124132829497437,-0.0262089756840973,0.00155755424933444));
#8449=CARTESIAN_POINT('',(0.0124132829497437,-0.0262089756840973,0.00123436150524368));
#8450=CARTESIAN_POINT('',(0.0124132829497437,-0.0262089756840973,0.00123436150524368));
#8451=CARTESIAN_POINT('',(0.0124127142728424,-0.0262092450173746,0.00123435155630087));
#8452=CARTESIAN_POINT('',(0.0124159932584745,-0.0262076920877984,0.00100488551309425));
#8453=CARTESIAN_POINT('',(0.0123531055149152,-0.0262377289798871,0.000780335718624896));
#8454=CARTESIAN_POINT('',(0.0122326912961525,-0.0262937495168155,0.000593176441354595));
#8455=CARTESIAN_POINT('',(0.0122325381231589,-0.0262938207772371,0.000593296319144561));
#8456=CARTESIAN_POINT('',(0.0122325381231589,-0.0262938207772371,0.000593296319144561));
#8457=CARTESIAN_POINT('',(0.0120878468332373,-0.0263611347570139,0.000368512132302879));
#8458=CARTESIAN_POINT('',(0.0118720232410109,-0.0264596980850947,0.000213768875785735));
#8459=CARTESIAN_POINT('',(0.0116466543912524,-0.0265585286017641,9.10343409418049E-5));
#8460=CARTESIAN_POINT('',(0.0116466543912524,-0.0265585286017641,9.10343409418049E-5));
#8461=CARTESIAN_POINT('',(0.0116466543912524,-0.0265585286017641,9.10343409418049E-5));
#8462=CARTESIAN_POINT('',(0.0119069133024796,-0.0264443978215255,-6.15746232206772E-5));
#8463=CARTESIAN_POINT('',(0.0121599258737674,-0.0263281951777642,-0.000239712790554962));
#8464=CARTESIAN_POINT('',(0.0123355528675662,-0.0262456498386205,-0.00049862224964014));
#8465=CARTESIAN_POINT('',(0.0123355528675662,-0.0262456498386205,-0.00049862224964014));
#8466=CARTESIAN_POINT('',(0.0123350322539539,-0.0262458945226471,-0.000499069192863144));
#8467=CARTESIAN_POINT('',(0.0124704785640131,-0.0261822375342439,-0.000691691505652808));
#8468=CARTESIAN_POINT('',(0.0125436562791658,-0.0261468293901193,-0.000928655582991012));
#8469=CARTESIAN_POINT('',(0.0125435872417365,-0.026146862509849,-0.00117258900581602));
#8470=CARTESIAN_POINT('',(0.0125433892082007,-0.0261469575127126,-0.00117258893687024));
#8471=CARTESIAN_POINT('',(0.0125433892082007,-0.0261469575127126,-0.00117258893687024));
#8472=CARTESIAN_POINT('',(0.0125433892082007,-0.0261469575127126,-0.00153300466867723));
#8473=CARTESIAN_POINT('',(0.0123915316152301,-0.0262208105973789,-0.00188149026129719));
#8474=CARTESIAN_POINT('',(0.0121330903702789,-0.0263398579735473,-0.00210257042977586));
#8475=CARTESIAN_POINT('',(0.0121330903702789,-0.0263398579735473,-0.00210257042977586));
#8476=CARTESIAN_POINT('',(0.0121330903702789,-0.0263398579735474,-0.00210257042977586));
#8477=CARTESIAN_POINT('',(0.0118278983659823,-0.0264804404388035,-0.00236364292128545));
#8478=CARTESIAN_POINT('',(0.0114319138859827,-0.0266550349758682,-0.00245471930906848));
#8479=CARTESIAN_POINT('',(0.0110400927746319,-0.026816344857708,-0.00245471930906848));
#8480=CARTESIAN_POINT('',(0.0110400927746319,-0.0268163448577079,-0.00245471930906847));
#8481=CARTESIAN_POINT('',(0.0110400927746319,-0.0268163448577079,-0.00245471930906847));
#8482=CARTESIAN_POINT('',(0.0106450186490609,-0.0269789939816771,-0.00245471930906847));
#8483=CARTESIAN_POINT('',(0.0102340228150019,-0.0271363845109047,-0.002383136774812));
#8484=CARTESIAN_POINT('',(0.00991039010125747,-0.0272540670000075,-0.00212673246966893));
#8485=CARTESIAN_POINT('',(0.00991039010125746,-0.0272540670000075,-0.00212673246966893));
#8486=CARTESIAN_POINT('',(0.00991039010125746,-0.0272540670000075,-0.00212673246966893));
#8487=CARTESIAN_POINT('',(0.00964003052538133,-0.0273523777902665,-0.00191253484301601));
#8488=CARTESIAN_POINT('',(0.00949512015264308,-0.0274015089600349,-0.00155643604307503));
#8489=CARTESIAN_POINT('',(0.00949512015264308,-0.0274015089600348,-0.00119829323462883));
#8490=CARTESIAN_POINT('',(0.00949512015264308,-0.0274015089600348,-0.00119829323462883));
#8491=CARTESIAN_POINT('',(0.00949593446934602,-0.0274012267709657,-0.00119827746443681));
#8492=CARTESIAN_POINT('',(0.00949153774106139,-0.0274027504634638,-0.000943980241316075));
#8493=CARTESIAN_POINT('',(0.009561971652889,-0.0273786266934419,-0.000694697243184698));
#8494=CARTESIAN_POINT('',(0.00969691344189611,-0.0273307495268676,-0.000484495091130196));
#8495=CARTESIAN_POINT('',(0.0096972549563326,-0.0273306283555992,-0.000484741928850504));
#8496=CARTESIAN_POINT('',(0.0096972549563326,-0.0273306283555992,-0.000484741928850504));
#8497=CARTESIAN_POINT('',(0.00985599494770041,-0.0272743053853392,-0.000239718736207458));
#8498=CARTESIAN_POINT('',(0.0100939880067174,-0.0271878926930514,-6.84399008791917E-5));
#8499=CARTESIAN_POINT('',(0.0103413511200669,-0.0270934762814131,6.53300431832198E-5));
#8500=CARTESIAN_POINT('',(0.0103413511200669,-0.0270934762814131,6.53300431832198E-5));
#8501=CARTESIAN_POINT('',(0.0103413511200669,-0.0270934762814131,6.53300431832198E-5));
#8502=CARTESIAN_POINT('',(0.0101300266944766,-0.0271741370302434,0.000207581379418786));
#8503=CARTESIAN_POINT('',(0.00992989728573488,-0.0272473229300219,0.000378952513100406));
#8504=CARTESIAN_POINT('',(0.00979857886679317,-0.0272944655963665,0.000607690725889368));
#8505=CARTESIAN_POINT('',(0.0199480672435199,-0.0210493375964188,0.00179214476660498));
#8506=CARTESIAN_POINT('',(0.0200464608517919,-0.0209560917968704,0.00199076466457033));
#8507=CARTESIAN_POINT('',(0.0203196280563479,-0.0206944939907009,0.00230982402258363));
#8508=CARTESIAN_POINT('',(0.0206610415067737,-0.0203513825778543,0.00238180135718693));
#8509=CARTESIAN_POINT('',(0.0208277654658421,-0.0201793009219814,0.00238180135718693));
#8510=CARTESIAN_POINT('',(0.0199480672435199,-0.0210493375964188,0.00179214476660498));
#8511=CARTESIAN_POINT('',(0.0208277654658421,-0.0201793009219813,0.00238180135718693));
#8512=CARTESIAN_POINT('',(0.0208277654658421,-0.0201793009219813,0.00238180135718693));
#8513=CARTESIAN_POINT('',(0.0209954660412027,-0.0200062112661205,0.00238180135718693));
#8514=CARTESIAN_POINT('',(0.0213287697716217,-0.0196527151753264,0.00229815512912782));
#8515=CARTESIAN_POINT('',(0.0215744749864863,-0.0193793779186945,0.00196518201891779));
#8516=CARTESIAN_POINT('',(0.0216643042092892,-0.0192784315525765,0.00176489821098088));
#8517=CARTESIAN_POINT('',(0.0216643042092892,-0.0192784315525764,0.00176489821098088));
#8518=CARTESIAN_POINT('',(0.0216643042092892,-0.0192784315525764,0.00176489821098088));
#8519=CARTESIAN_POINT('',(0.021898988015858,-0.0190147035950071,0.00124164569944758));
#8520=CARTESIAN_POINT('',(0.0219388361868293,-0.0189654281988957,0.000586341829553945));
#8521=CARTESIAN_POINT('',(0.0219388361868293,-0.0189654281988957,-4.15998354924921E-5));
#8522=CARTESIAN_POINT('',(0.0219388361868293,-0.0189654281988957,-4.15998354924921E-5));
#8523=CARTESIAN_POINT('',(0.0219388361868293,-0.0189654281988957,-4.15998354924921E-5));
#8524=CARTESIAN_POINT('',(0.0219388361868293,-0.0189654281988957,-0.000357606551882899));
#8525=CARTESIAN_POINT('',(0.0219137243669338,-0.018994417180832,-0.000990075005313383));
#8526=CARTESIAN_POINT('',(0.0217920065436527,-0.0191348010152525,-0.00159993550611792));
#8527=CARTESIAN_POINT('',(0.0216728524313126,-0.0192688211235288,-0.00186300637466584));
#8528=CARTESIAN_POINT('',(0.0216728524313126,-0.0192688211235288,-0.00186300637466584));
#8529=CARTESIAN_POINT('',(0.0216728524313126,-0.0192688211235288,-0.00186300637466584));
#8530=CARTESIAN_POINT('',(0.0215824978194216,-0.0193704486261896,-0.00206249312137278));
#8531=CARTESIAN_POINT('',(0.0213286072481287,-0.0196530189479062,-0.00238271325864659));
#8532=CARTESIAN_POINT('',(0.0209951478311368,-0.0200065397019096,-0.00245471930906847));
#8533=CARTESIAN_POINT('',(0.0208277654658421,-0.0201793009219813,-0.00245471930906847));
#8534=CARTESIAN_POINT('',(0.0208277654658421,-0.0201793009219813,-0.00245471930906847));
#8535=CARTESIAN_POINT('',(0.0208277654658421,-0.0201793009219813,-0.00245471930906847));
#8536=CARTESIAN_POINT('',(0.0206607692055529,-0.0203516636295113,-0.00245471930906847));
#8537=CARTESIAN_POINT('',(0.0203193978134734,-0.020694618174645,-0.00237304690172822));
#8538=CARTESIAN_POINT('',(0.020053764433335,-0.0209490983121932,-0.00204330062797091));
#8539=CARTESIAN_POINT('',(0.0199559101205958,-0.021041902272815,-0.00184398519432449));
#8540=CARTESIAN_POINT('',(0.0199559101205958,-0.021041902272815,-0.00184398519432449));
#8541=CARTESIAN_POINT('',(0.0199559101205958,-0.021041902272815,-0.00184398519432449));
#8542=CARTESIAN_POINT('',(0.0196997800594006,-0.0212848132232664,-0.00132228438433476));
#8543=CARTESIAN_POINT('',(0.0196539438004236,-0.0213242231532544,-0.000668010792164105));
#8544=CARTESIAN_POINT('',(0.0196539438004236,-0.0213242231532544,-4.15998354924921E-5));
#8545=CARTESIAN_POINT('',(0.0196539438004236,-0.0213242231532544,-4.15998354924921E-5));
#8546=CARTESIAN_POINT('',(0.0196539438004236,-0.0213242231532544,-4.15998354924921E-5));
#8547=CARTESIAN_POINT('',(0.0196539438004236,-0.0213242231532544,0.000276392575832342));
#8548=CARTESIAN_POINT('',(0.0196818250313753,-0.0212984604943732,0.000912713127109831));
#8549=CARTESIAN_POINT('',(0.0198169312384156,-0.0211736127588026,0.00152743021440147));
#8550=CARTESIAN_POINT('',(0.0199480672435199,-0.0210493375964188,0.00179214476660498));
#8551=CARTESIAN_POINT('',(-0.0232508086917263,-0.0173320482107782,0.0009613818630475));
#8552=CARTESIAN_POINT('',(-0.023084324650923,-0.0175553852645338,0.000733880677223125));
#8553=CARTESIAN_POINT('',(-0.0230180752036086,-0.0176399607120032,0.000361372567465652));
#8554=CARTESIAN_POINT('',(-0.0230180752036087,-0.0176399607120032,3.63972856261342E-6));
#8555=CARTESIAN_POINT('',(-0.0232508086917263,-0.0173320482107782,0.0009613818630475));
#8556=CARTESIAN_POINT('',(-0.0230180752036087,-0.0176399607120032,3.63972856261342E-6));
#8557=CARTESIAN_POINT('',(-0.0230180752036087,-0.0176399607120032,0.005));
#8558=CARTESIAN_POINT('',(-0.0230180752036087,-0.0176399607120032,-0.00238994447871684));
#8559=CARTESIAN_POINT('',(0.,1.46957615897682E-18,-0.00238994447871684));
#8560=CARTESIAN_POINT('',(-0.0234278834642024,-0.0170919360046705,-0.00238994447871684));
#8561=CARTESIAN_POINT('',(0.,1.46957615897682E-18,-0.000226545731419265));
#8562=CARTESIAN_POINT('',(-0.0235395223223799,-0.0169378537257288,-0.00190156282130372));
#8563=CARTESIAN_POINT('',(0.,1.46957615897682E-18,-0.00190156282130372));
#8564=CARTESIAN_POINT('',(-0.0235545296745658,-0.0169169776204261,-0.00190156282130372));
#8565=CARTESIAN_POINT('',(-0.0235545296745658,-0.0169169776204261,-0.00190156282130372));
#8566=CARTESIAN_POINT('',(-0.0236360610715818,-0.016803456532114,-0.00207797561204754));
#8567=CARTESIAN_POINT('',(-0.0237311912755491,-0.0166695099843401,-0.00223947442218051));
#8568=CARTESIAN_POINT('',(-0.023847804840049,-0.0165009758593525,-0.00233390910960313));
#8569=CARTESIAN_POINT('',(-0.023847804840049,-0.0165009758593525,-0.00233390910960313));
#8570=CARTESIAN_POINT('',(-0.023847804840049,-0.0165009758593525,-0.00233390910960313));
#8571=CARTESIAN_POINT('',(-0.0239685100575676,-0.0163265283300007,-0.00243165725353068));
#8572=CARTESIAN_POINT('',(-0.0241015553067665,-0.0161297665069155,-0.00245471930906848));
#8573=CARTESIAN_POINT('',(-0.0242296400103124,-0.0159350100398672,-0.00245471930906848));
#8574=CARTESIAN_POINT('',(-0.0242296400103124,-0.0159350100398672,-0.00245471930906848));
#8575=CARTESIAN_POINT('',(-0.0242296400103124,-0.0159350100398672,-0.00245471930906848));
#8576=CARTESIAN_POINT('',(-0.0243934930868516,-0.0156858667353324,-0.00245471930906848));
#8577=CARTESIAN_POINT('',(-0.0245561491073904,-0.0154285637710199,-0.00236985610364486));
#8578=CARTESIAN_POINT('',(-0.0246677353353608,-0.0152480435933464,-0.00215860579888957));
#8579=CARTESIAN_POINT('',(-0.0246677353353608,-0.0152480435933464,-0.00215860579888957));
#8580=CARTESIAN_POINT('',(-0.0246677353353608,-0.0152480435933464,-0.00215860579888957));
#8581=CARTESIAN_POINT('',(-0.0247826903017977,-0.0150620735920022,-0.00194097794162942));
#8582=CARTESIAN_POINT('',(-0.024822887573154,-0.0149941406066022,-0.00162360906010586));
#8583=CARTESIAN_POINT('',(-0.024822887573154,-0.0149941406066022,-0.00131653300431832));
#8584=CARTESIAN_POINT('',(-0.024822887573154,-0.0149941406066022,-0.00131653300431832));
#8585=CARTESIAN_POINT('',(-0.024822887573154,-0.0149941406066022,-0.00131653300431832));
#8586=CARTESIAN_POINT('',(-0.024822887573154,-0.0149941406066022,-0.000990152787730599));
#8587=CARTESIAN_POINT('',(-0.0247573196983516,-0.0151046061416731,-0.000657876126324994));
#8588=CARTESIAN_POINT('',(-0.0246134625710791,-0.0153354967399848,-0.000473432037836728));
#8589=CARTESIAN_POINT('',(-0.0246134625710791,-0.0153354967399848,-0.000473432037836728));
#8590=CARTESIAN_POINT('',(-0.0246134625710791,-0.0153354967399848,-0.000473432037836728));
#8591=CARTESIAN_POINT('',(-0.0244284647588823,-0.0156324181115871,-0.000236240085724698));
#8592=CARTESIAN_POINT('',(-0.0241911199988153,-0.015998942100829,-0.000188207289866262));
#8593=CARTESIAN_POINT('',(-0.0239543626669187,-0.0163459019090944,-0.000173205840016453));
#8594=CARTESIAN_POINT('',(-0.0239543626669187,-0.0163459019090944,-0.000173205840016453));
#8595=CARTESIAN_POINT('',(0.,1.46957615897682E-18,-0.000171001283605725));
#8596=CARTESIAN_POINT('',(-0.023597048039739,-0.0168576191619769,-0.000153670573719928));
#8597=CARTESIAN_POINT('',(-0.023597048039739,-0.0168576191619769,0.005));
#8598=CARTESIAN_POINT('',(-0.023597048039739,-0.0168576191619769,3.63972856261342E-6));
#8599=CARTESIAN_POINT('',(-0.023597048039739,-0.0168576191619769,3.63972856261342E-6));
#8600=CARTESIAN_POINT('',(-0.023597048039739,-0.0168576191619769,0.000153407517404083));
#8601=CARTESIAN_POINT('',(-0.0236437029622546,-0.0167932605514714,0.000478816508223715));
#8602=CARTESIAN_POINT('',(-0.0238327082428877,-0.0165234577465597,0.000549599012954964));
#8603=CARTESIAN_POINT('',(-0.023917792454518,-0.0163993659664817,0.000549599012954964));
#8604=CARTESIAN_POINT('',(-0.023917792454518,-0.0163993659664817,0.000549599012954964));
#8605=CARTESIAN_POINT('',(-0.023917792454518,-0.0163993659664817,0.000549599012954964));
#8606=CARTESIAN_POINT('',(-0.0241169300263702,-0.016108932109271,0.000549599012954964));
#8607=CARTESIAN_POINT('',(-0.0243038131542865,-0.0158249051357907,0.000432810000119343));
#8608=CARTESIAN_POINT('',(-0.0244759101814043,-0.0155540933773664,0.000289471519638082));
#8609=CARTESIAN_POINT('',(-0.0244759101814043,-0.0155540933773664,0.000289471519638082));
#8610=CARTESIAN_POINT('',(0.,1.46957615897682E-18,-0.00179259944707199));
#8611=CARTESIAN_POINT('',(-0.0246482318801148,-0.0152795505556968,0.000951614229899237));
#8612=CARTESIAN_POINT('',(-0.0246482318801148,-0.0152795505556968,0.000951614229899237));
#8613=CARTESIAN_POINT('',(-0.0244255597124991,-0.0156387545257765,0.00117285105748102));
#8614=CARTESIAN_POINT('',(-0.0241663276512947,-0.0160379493522532,0.00127651655356775));
#8615=CARTESIAN_POINT('',(-0.0238962590984435,-0.016430727345436,0.00127651655356775));
#8616=CARTESIAN_POINT('',(-0.0238962590984435,-0.016430727345436,0.00127651655356775));
#8617=CARTESIAN_POINT('',(-0.0238962590984435,-0.016430727345436,0.00127651655356775));
#8618=CARTESIAN_POINT('',(-0.0236732707726088,-0.0167550335491752,0.00127651655356775));
#8619=CARTESIAN_POINT('',(-0.0234342025280217,-0.017086026797089,0.00121199035998669));
#8620=CARTESIAN_POINT('',(-0.0232508086917263,-0.0173320482107782,0.0009613818630475));
#8621=CARTESIAN_POINT('',(0.0261902945407601,-0.0124526491907638,-0.00193035163479334));
#8622=CARTESIAN_POINT('',(0.0261902945407601,-0.0124526491907638,-0.00207708664355625));
#8623=CARTESIAN_POINT('',(0.0261720414813573,-0.0124914055103847,-0.0022266914099777));
#8624=CARTESIAN_POINT('',(0.0261265925522507,-0.0125857523258914,-0.00233031050791693));
#8625=CARTESIAN_POINT('',(0.0261902945407601,-0.0124526491907638,-0.00193035163479334));
#8626=CARTESIAN_POINT('',(0.0261265925522507,-0.0125857523258914,-0.00233031050791693));
#8627=CARTESIAN_POINT('',(0.0261265925522507,-0.0125857523258914,-0.00233031050791693));
#8628=CARTESIAN_POINT('',(0.0260801825110529,-0.0126820943009527,-0.00243612084709914));
#8629=CARTESIAN_POINT('',(0.0260126385585979,-0.012820494686778,-0.00247631091918569));
#8630=CARTESIAN_POINT('',(0.0259457085880683,-0.0129545438307585,-0.00247631091918569));
#8631=CARTESIAN_POINT('',(0.0259457085880683,-0.0129545438307585,-0.00247631091918569));
#8632=CARTESIAN_POINT('',(0.0259457085880683,-0.0129545438307585,-0.00247631091918569));
#8633=CARTESIAN_POINT('',(0.025877957166471,-0.0130902381990167,-0.00247631091918569));
#8634=CARTESIAN_POINT('',(0.0258066687612875,-0.0132298093494292,-0.0024395274111689));
#8635=CARTESIAN_POINT('',(0.0257563101581965,-0.0133271334890436,-0.00233339502364796));
#8636=CARTESIAN_POINT('',(0.0257563101581965,-0.0133271334890436,-0.00233339502364796));
#8637=CARTESIAN_POINT('',(0.0257563101581965,-0.0133271334890436,-0.00233339502364796));
#8638=CARTESIAN_POINT('',(0.0257073353468567,-0.0134217832824027,-0.00223017902207459));
#8639=CARTESIAN_POINT('',(0.0256881621374969,-0.0134580208796713,-0.00207810790603485));
#8640=CARTESIAN_POINT('',(0.0256881621374969,-0.0134580208796713,-0.00193035163479334));
#8641=CARTESIAN_POINT('',(0.0256881621374969,-0.0134580208796713,-0.00193035163479334));
#8642=CARTESIAN_POINT('',(0.0256881621374969,-0.0134580208796713,-0.00193035163479334));
#8643=CARTESIAN_POINT('',(0.0256881621374969,-0.0134580208796713,-0.00178144355529824));
#8644=CARTESIAN_POINT('',(0.0257051239632098,-0.0134260316312646,-0.00162631990112171));
#8645=CARTESIAN_POINT('',(0.0257548923397619,-0.0133298732389795,-0.00152268147234218));
#8646=CARTESIAN_POINT('',(0.0257548923397621,-0.0133298732389796,-0.00152268147234218));
#8647=CARTESIAN_POINT('',(0.0257548923397621,-0.0133298732389796,-0.00152268147234218));
#8648=CARTESIAN_POINT('',(0.0258056754956017,-0.0132317541730384,-0.00141692985164835));
#8649=CARTESIAN_POINT('',(0.0258777953594032,-0.0130905622705615,-0.00138439235040099));
#8650=CARTESIAN_POINT('',(0.0259457085880683,-0.0129545438307585,-0.00138439235040099));
#8651=CARTESIAN_POINT('',(0.0259457085880683,-0.0129545438307585,-0.00138439235040099));
#8652=CARTESIAN_POINT('',(0.0259457085880683,-0.0129545438307585,-0.00138439235040099));
#8653=CARTESIAN_POINT('',(0.0260125649004634,-0.0128206422112696,-0.00138439235040099));
#8654=CARTESIAN_POINT('',(0.0260803364900796,-0.0126817878157891,-0.00142106523528785));
#8655=CARTESIAN_POINT('',(0.0261272619025531,-0.0125843627361657,-0.00152576598807321));
#8656=CARTESIAN_POINT('',(0.0261272619025531,-0.0125843627361657,-0.00152576598807321));
#8657=CARTESIAN_POINT('',(0.0261272619025531,-0.0125843627361657,-0.00152576598807321));
#8658=CARTESIAN_POINT('',(0.0261736247043462,-0.0124881057313115,-0.00162921143464664));
#8659=CARTESIAN_POINT('',(0.0261902945407601,-0.0124526491907638,-0.00178230558705044));
#8660=CARTESIAN_POINT('',(0.0261902945407601,-0.0124526491907638,-0.00193035163479334));
#8661=CARTESIAN_POINT('',(-0.0273299479454231,-0.00969917240286314,0.005));
#8662=CARTESIAN_POINT('',(-0.0273299479454231,-0.00969917240286314,-0.00238994447871684));
#8663=CARTESIAN_POINT('',(-0.0273299479454231,-0.00969917240286314,0.0023077729796422));
#8664=CARTESIAN_POINT('',(0.,1.46957615897682E-18,0.0023077729796422));
#8665=CARTESIAN_POINT('',(-0.0267916225103031,-0.011099953300146,0.0023077729796422));
#8666=CARTESIAN_POINT('',(-0.0267916225103031,-0.011099953300146,0.0023077729796422));
#8667=CARTESIAN_POINT('',(-0.0266152902564412,-0.0115255611431804,0.0023077729796422));
#8668=CARTESIAN_POINT('',(-0.0264182664944899,-0.0119667239661304,0.0022347259491087));
#8669=CARTESIAN_POINT('',(-0.0262670700448816,-0.0122898751522252,0.00193968743573926));
#8670=CARTESIAN_POINT('',(-0.0262670700448816,-0.0122898751522252,0.00193968743573926));
#8671=CARTESIAN_POINT('',(-0.0262670700448816,-0.0122898751522252,0.00193968743573926));
#8672=CARTESIAN_POINT('',(-0.0261324841065837,-0.0125775248007807,0.00167706198878784));
#8673=CARTESIAN_POINT('',(-0.0260752804854436,-0.0126917196472914,0.00125270444457412));
#8674=CARTESIAN_POINT('',(-0.0260752804854436,-0.0126917196472914,0.000842628007402838));
#8675=CARTESIAN_POINT('',(-0.0260752804854436,-0.0126917196472914,0.000842628007402838));
#8676=CARTESIAN_POINT('',(-0.0260752804854436,-0.0126917196472914,0.000842628007402838));
#8677=CARTESIAN_POINT('',(-0.0260752804854436,-0.0126917196472914,0.000407978689411769));
#8678=CARTESIAN_POINT('',(-0.0261386463954674,-0.0125651140236546,-3.57965070483226E-5));
#8679=CARTESIAN_POINT('',(-0.026279486316333,-0.0122633029380206,-0.0003176639934197));
#8680=CARTESIAN_POINT('',(-0.026279486316333,-0.0122633029380206,-0.0003176639934197));
#8681=CARTESIAN_POINT('',(-0.026279486316333,-0.0122633029380206,-0.0003176639934197));
#8682=CARTESIAN_POINT('',(-0.0264355266069311,-0.0119289184167955,-0.000629952471098503));
#8683=CARTESIAN_POINT('',(-0.0266383345571861,-0.0114730096045008,-0.000719165124408801));
#8684=CARTESIAN_POINT('',(-0.0268210433757713,-0.0110286731856102,-0.000719165124408801));
#8685=CARTESIAN_POINT('',(-0.0268210433757713,-0.0110286731856102,-0.000719165124408801));
#8686=CARTESIAN_POINT('',(0.,1.46957615897682E-18,-0.000719165124408801));
#8687=CARTESIAN_POINT('',(-0.0269804162701646,-0.0106328330132958,-0.000719165124408801));
#8688=CARTESIAN_POINT('',(-0.0269804162701646,-0.0106328330132958,0.005));
#8689=CARTESIAN_POINT('',(-0.0269804162701646,-0.0106328330132958,-0.00238994447871684));
#8690=CARTESIAN_POINT('',(0.,1.46957615897682E-18,-0.00238994447871684));
#8691=CARTESIAN_POINT('',(-0.0171069213355815,-0.0234169434900934,0.00261005552128316));
#8692=CARTESIAN_POINT('',(-0.0169959762250783,-0.0234979928925805,0.00261005552128316));
#8693=CARTESIAN_POINT('',(-0.0167497512885312,-0.0236744829217381,0.00256224297929941));
#8694=CARTESIAN_POINT('',(-0.016673132837388,-0.023727760985538,0.00226877449054589));
#8695=CARTESIAN_POINT('',(-0.016673132837388,-0.023727760985538,0.00213092741106313));
#8696=CARTESIAN_POINT('',(-0.0171069213355815,-0.0234169434900934,0.00261005552128316));
#8697=CARTESIAN_POINT('',(-0.016673132837388,-0.0237277609855379,0.00213092741106313));
#8698=CARTESIAN_POINT('',(-0.016673132837388,-0.0237277609855379,0.00213092741106313));
#8699=CARTESIAN_POINT('',(-0.016673132837388,-0.0237277609855379,0.00200016602943888));
#8700=CARTESIAN_POINT('',(-0.0167044022782883,-0.0237059481473551,0.00186632317094446));
#8701=CARTESIAN_POINT('',(-0.0167819140259808,-0.0236509484297055,0.00177569401603948));
#8702=CARTESIAN_POINT('',(-0.0167819140259808,-0.0236509484297055,0.00177569401603948));
#8703=CARTESIAN_POINT('',(-0.0167819140259808,-0.0236509484297055,0.00177569401603948));
#8704=CARTESIAN_POINT('',(-0.0168675630867956,-0.0235901747495602,0.00167555046062843));
#8705=CARTESIAN_POINT('',(-0.0169906019992584,-0.0235019189582679,0.00164871478511207));
#8706=CARTESIAN_POINT('',(-0.0171069213355815,-0.0234169434900934,0.00164871478511207));
#8707=CARTESIAN_POINT('',(-0.0171069213355815,-0.0234169434900934,0.00164871478511207));
#8708=CARTESIAN_POINT('',(-0.0171069213355816,-0.0234169434900934,0.00164871478511207));
#8709=CARTESIAN_POINT('',(-0.0172181997473875,-0.0233356505989901,0.00164871478511207));
#8710=CARTESIAN_POINT('',(-0.0174618601362894,-0.0231542376313845,0.00169779714631584));
#8711=CARTESIAN_POINT('',(-0.0175349109750699,-0.0230982011658132,0.00199268066582583));
#8712=CARTESIAN_POINT('',(-0.0175349109750699,-0.0230982011658132,0.00213092741106313));
#8713=CARTESIAN_POINT('',(-0.0175349109750699,-0.0230982011658132,0.00213092741106313));
#8714=CARTESIAN_POINT('',(-0.0175349109750699,-0.0230982011658132,0.00213092741106313));
#8715=CARTESIAN_POINT('',(-0.0175349109750699,-0.0230982011658132,0.00226871303688546));
#8716=CARTESIAN_POINT('',(-0.0174609239464224,-0.0231549440276585,0.00256219057358482));
#8717=CARTESIAN_POINT('',(-0.017217904790391,-0.0233358660757083,0.00261005552128316));
#8718=CARTESIAN_POINT('',(-0.0171069213355815,-0.0234169434900934,0.00261005552128316));
#8719=CARTESIAN_POINT('',(0.00483333333333333,0.0285943856183148,0.005));
#8720=CARTESIAN_POINT('',(0.00483333333333333,0.0285943856183148,-0.005));
#8721=CARTESIAN_POINT('',(0.00483333333333333,0.0285943856183148,0.005));
#8722=CARTESIAN_POINT('',(0.,1.46957615897682E-18,0.005));
#8723=CARTESIAN_POINT('',(-0.00483333333333333,0.0285943856183148,0.005));
#8724=CARTESIAN_POINT('',(-0.00483333333333333,0.0285943856183148,0.005));
#8725=CARTESIAN_POINT('',(-0.00483333333333333,0.0285943856183148,-0.005));
#8726=CARTESIAN_POINT('',(0.,1.46957615897682E-18,-0.005));
#8727=CARTESIAN_POINT('',(0.0237753608034967,-0.0166051864989092,0.00179214476660498));
#8728=CARTESIAN_POINT('',(0.0238529805484494,-0.0164940502920472,0.00199076466457032));
#8729=CARTESIAN_POINT('',(0.0240679261588152,-0.0161828395621195,0.00230982402258362));
#8730=CARTESIAN_POINT('',(0.0243333212839722,-0.0157780507118529,0.00238180135718693));
#8731=CARTESIAN_POINT('',(0.0244620117079613,-0.0155759424498028,0.00238180135718693));
#8732=CARTESIAN_POINT('',(0.0237753608034967,-0.0166051864989092,0.00179214476660498));
#8733=CARTESIAN_POINT('',(0.0244620117079613,-0.0155759424498028,0.00238180135718693));
#8734=CARTESIAN_POINT('',(0.0244620117079613,-0.0155759424498028,0.00238180135718693));
#8735=CARTESIAN_POINT('',(0.024591455959807,-0.0153726503013897,0.00238180135718693));
#8736=CARTESIAN_POINT('',(0.0248468177580133,-0.0149593208747397,0.00229815512912784));
#8737=CARTESIAN_POINT('',(0.0250325009575351,-0.0146421362945817,0.00196518201891778));
#8738=CARTESIAN_POINT('',(0.0251001820676861,-0.0145251802112404,0.00176489821098088));
#8739=CARTESIAN_POINT('',(0.0251001820676861,-0.0145251802112404,0.00176489821098088));
#8740=CARTESIAN_POINT('',(0.0251001820676861,-0.0145251802112404,0.00176489821098088));
#8741=CARTESIAN_POINT('',(0.0252770027065319,-0.0142196259830787,0.00124164569944758));
#8742=CARTESIAN_POINT('',(0.0253061214370526,-0.0141633406304143,0.000586341829553949));
#8743=CARTESIAN_POINT('',(0.0253061214370526,-0.0141633406304143,-4.15998354924924E-5));
#8744=CARTESIAN_POINT('',(0.0253061214370526,-0.0141633406304143,-4.15998354924924E-5));
#8745=CARTESIAN_POINT('',(0.0253061214370527,-0.0141633406304143,-4.15998354924924E-5));
#8746=CARTESIAN_POINT('',(0.0253061214370527,-0.0141633406304143,-0.000357606551882902));
#8747=CARTESIAN_POINT('',(0.0252873559362496,-0.0141967894054557,-0.000990075005313394));
#8748=CARTESIAN_POINT('',(0.0251963734347607,-0.0143587925964544,-0.00159993550611792));
#8749=CARTESIAN_POINT('',(0.0251066217939698,-0.0145140463722065,-0.00186300637466584));
#8750=CARTESIAN_POINT('',(0.0251066217939698,-0.0145140463722065,-0.00186300637466584));
#8751=CARTESIAN_POINT('',(0.0251066217939698,-0.0145140463722065,-0.00186300637466584));
#8752=CARTESIAN_POINT('',(0.0250385630882233,-0.0146317753735577,-0.00206249312137278));
#8753=CARTESIAN_POINT('',(0.0248467196791513,-0.0149596511355501,-0.00238271325864662));
#8754=CARTESIAN_POINT('',(0.0245912103407098,-0.0153730360460886,-0.00245471930906847));
#8755=CARTESIAN_POINT('',(0.0244620117079613,-0.0155759424498028,-0.00245471930906847));
#8756=CARTESIAN_POINT('',(0.0244620117079613,-0.0155759424498028,-0.00245471930906847));
#8757=CARTESIAN_POINT('',(0.0244620117079613,-0.0155759424498028,-0.00245471930906847));
#8758=CARTESIAN_POINT('',(0.0243331111008662,-0.0157783808043411,-0.00245471930906847));
#8759=CARTESIAN_POINT('',(0.0240677256111984,-0.0161830075326128,-0.00237304690172821));
#8760=CARTESIAN_POINT('',(0.0238587276332748,-0.0164857303072336,-0.00204330062797092));
#8761=CARTESIAN_POINT('',(0.0237815472540696,-0.0165963252017564,-0.00184398519432449));
#8762=CARTESIAN_POINT('',(0.0237815472540696,-0.0165963252017564,-0.00184398519432449));
#8763=CARTESIAN_POINT('',(0.0237815472540696,-0.0165963252017564,-0.00184398519432449));
#8764=CARTESIAN_POINT('',(0.0235795304528114,-0.0168858032667397,-0.00132228438433478));
#8765=CARTESIAN_POINT('',(0.0235425611062706,-0.0169336297514005,-0.000668010792164104));
#8766=CARTESIAN_POINT('',(0.0235425611062706,-0.0169336297514005,-4.15998354924924E-5));
#8767=CARTESIAN_POINT('',(0.0235425611062706,-0.0169336297514005,-4.15998354924924E-5));
#8768=CARTESIAN_POINT('',(0.0235425611062706,-0.0169336297514005,-4.15998354924924E-5));
#8769=CARTESIAN_POINT('',(0.0235425611062706,-0.0169336297514005,0.000276392575832342));
#8770=CARTESIAN_POINT('',(0.0235646885362378,-0.0169027840957088,0.000912713127109844));
#8771=CARTESIAN_POINT('',(0.0236719115708781,-0.0167533054514131,0.00152743021440147));
#8772=CARTESIAN_POINT('',(0.0237753608034967,-0.0166051864989092,0.00179214476660498));
#8773=CARTESIAN_POINT('',(0.,1.46957615897682E-18,-0.00238994447871684));
#8774=CARTESIAN_POINT('',(-0.0251786861494452,-0.0143886678948308,-0.00238994447871684));
#8775=CARTESIAN_POINT('',(-0.0256504072931498,-0.0135298413034125,-0.00238994447871684));
#8776=CARTESIAN_POINT('',(-0.0256504072931498,-0.0135298413034126,0.005));
#8777=CARTESIAN_POINT('',(-0.0256504072931498,-0.0135298413034125,0.00261005552128316));
#8778=CARTESIAN_POINT('',(0.,1.46957615897682E-18,0.00261005552128316));
#8779=CARTESIAN_POINT('',(-0.0251786861494452,-0.0143886678948308,0.00261005552128316));
#8780=CARTESIAN_POINT('',(-0.0251786861494452,-0.0143886678948308,0.005));
#8781=CARTESIAN_POINT('',(0.,1.46957615897682E-18,0.00046631708821715));
#8782=CARTESIAN_POINT('',(-0.0182722309914379,-0.0225194488075427,0.000466317088217149));
#8783=CARTESIAN_POINT('',(-0.0190421184820012,-0.0218723049475227,0.00046631708821715));
#8784=CARTESIAN_POINT('',(-0.0190421184820012,-0.0218723049475227,0.005));
#8785=CARTESIAN_POINT('',(-0.0190421184820012,-0.0218723049475227,-0.00126512440880115));
#8786=CARTESIAN_POINT('',(-0.0190421184820012,-0.0218723049475227,-0.00126512440880115));
#8787=CARTESIAN_POINT('',(-0.0190421184820012,-0.0218723049475227,-0.00137932514853814));
#8788=CARTESIAN_POINT('',(-0.0190198605437042,-0.0218918381736937,-0.00149904076842078));
#8789=CARTESIAN_POINT('',(-0.0189535593025306,-0.0219490908642125,-0.00157357598190417));
#8790=CARTESIAN_POINT('',(-0.0189535593025306,-0.0219490908642125,-0.00157357598190417));
#8791=CARTESIAN_POINT('',(-0.0189535593025306,-0.0219490908642125,-0.00157357598190417));
#8792=CARTESIAN_POINT('',(-0.0188890458819461,-0.0220047997293506,-0.00164610134478871));
#8793=CARTESIAN_POINT('',(-0.0188026094283236,-0.0220788203882877,-0.00167330865720749));
#8794=CARTESIAN_POINT('',(-0.0187174475918457,-0.0221507822806895,-0.00167330865720749));
#8795=CARTESIAN_POINT('',(-0.0187174475918457,-0.0221507822806895,-0.00167330865720749));
#8796=CARTESIAN_POINT('',(-0.0187174475918457,-0.0221507822806895,-0.00167330865720749));
#8797=CARTESIAN_POINT('',(-0.0185569197523895,-0.022286428570016,-0.00167330865720749));
#8798=CARTESIAN_POINT('',(-0.0183976904196343,-0.0224179654080925,-0.00162362247982969));
#8799=CARTESIAN_POINT('',(-0.0182418534172605,-0.0225440631631297,-0.00156123791898006));
#8800=CARTESIAN_POINT('',(-0.0182418534172605,-0.0225440631631297,-0.00156123791898006));
#8801=CARTESIAN_POINT('',(-0.0182418534172605,-0.0225440631631297,0.005));
#8802=CARTESIAN_POINT('',(-0.0182418534172605,-0.0225440631631297,-0.00229021180341353));
#8803=CARTESIAN_POINT('',(-0.0182418534172605,-0.0225440631631297,-0.00229021180341353));
#8804=CARTESIAN_POINT('',(-0.0184602266373098,-0.0223673633268327,-0.00241637057330453));
#8805=CARTESIAN_POINT('',(-0.0186996051238684,-0.0221679798138683,-0.00245471930906847));
#8806=CARTESIAN_POINT('',(-0.0189325390801281,-0.0219672247673533,-0.00245471930906847));
#8807=CARTESIAN_POINT('',(-0.0189325390801281,-0.0219672247673533,-0.00245471930906847));
#8808=CARTESIAN_POINT('',(-0.0189325390801281,-0.0219672247673533,-0.00245471930906847));
#8809=CARTESIAN_POINT('',(-0.0191693306753189,-0.0217631449995504,-0.00245471930906847));
#8810=CARTESIAN_POINT('',(-0.019417041131897,-0.0215411973749499,-0.00239143842805836));
#8811=CARTESIAN_POINT('',(-0.0195729954875788,-0.0213985477928578,-0.00215706354102406));
#8812=CARTESIAN_POINT('',(-0.0195729954875788,-0.0213985477928578,-0.00215706354102406));
#8813=CARTESIAN_POINT('',(-0.0195729954875788,-0.0213985477928578,-0.00215706354102406));
#8814=CARTESIAN_POINT('',(-0.0197317053527623,-0.0212533777792129,-0.00191854755626052));
#8815=CARTESIAN_POINT('',(-0.0197702391528011,-0.0212164474839935,-0.00158379030138002));
#8816=CARTESIAN_POINT('',(-0.0197702391528011,-0.0212164474839935,-0.00126512440880115));
#8817=CARTESIAN_POINT('',(-0.0197702391528011,-0.0212164474839935,-0.00126512440880115));
#8818=CARTESIAN_POINT('',(-0.0197702391528011,-0.0212164474839935,0.005));
#8819=CARTESIAN_POINT('',(-0.0197702391528011,-0.0212164474839935,0.000466317088217149));
#8820=CARTESIAN_POINT('',(0.,1.46957615897682E-18,0.00046631708821715));
#8821=CARTESIAN_POINT('',(-0.0201109189445812,-0.0208938014541271,0.00046631708821715));
#8822=CARTESIAN_POINT('',(-0.0201109189445812,-0.0208938014541272,0.005));
#8823=CARTESIAN_POINT('',(-0.0201109189445812,-0.0208938014541272,0.000880670368085544));
#8824=CARTESIAN_POINT('',(0.,1.46957615897682E-18,0.00172187851904076));
#8825=CARTESIAN_POINT('',(-0.0197182534143783,-0.0212647709201477,0.00120865720748509));
#8826=CARTESIAN_POINT('',(0.,1.46957615897682E-18,0.00347537247864206));
#8827=CARTESIAN_POINT('',(-0.019509927601823,-0.0214560649927154,0.00196744807731852));
#8828=CARTESIAN_POINT('',(0.,1.46957615897682E-18,0.00196744807731852));
#8829=CARTESIAN_POINT('',(-0.0190421184820012,-0.0218723049475227,0.00196744807731852));
#8830=CARTESIAN_POINT('',(-0.0190421184820012,-0.0218723049475227,0.005));
#8831=CARTESIAN_POINT('',(-0.0190421184820012,-0.0218723049475227,0.00120248817602303));
#8832=CARTESIAN_POINT('',(0.,1.46957615897682E-18,0.00120248817602303));
#8833=CARTESIAN_POINT('',(-0.0182722309914379,-0.0225194488075427,0.00120248817602303));
#8834=CARTESIAN_POINT('',(-0.0182722309914379,-0.0225194488075427,0.005));
#8835=CARTESIAN_POINT('',(-0.0218683896253538,-0.0190466147961709,0.000840617458417377));
#8836=CARTESIAN_POINT('',(-0.0218342095223359,-0.0190858587152731,0.000764896696499118));
#8837=CARTESIAN_POINT('',(-0.0217908479581554,-0.0191354371779911,0.000701341364868735));
#8838=CARTESIAN_POINT('',(-0.0217395357160818,-0.0191935558677698,0.000652033425997975));
#8839=CARTESIAN_POINT('',(-0.0218681685096613,-0.0190468686654141,0.00084085722433918));
#8840=CARTESIAN_POINT('',(-0.021739807388325,-0.0191932481544561,0.000651388032078963));
#8841=CARTESIAN_POINT('',(-0.021739807388325,-0.0191932481544561,0.000651388032078963));
#8842=CARTESIAN_POINT('',(-0.0216101788218826,-0.0193400758328044,0.000516787819879795));
#8843=CARTESIAN_POINT('',(-0.0214624150943048,-0.0195041176493625,0.000424582209512548));
#8844=CARTESIAN_POINT('',(-0.0213172140827429,-0.0196615458128426,0.000322373020769072));
#8845=CARTESIAN_POINT('',(-0.0213172140827429,-0.0196615458128426,0.000322373020769072));
#8846=CARTESIAN_POINT('',(-0.0213172140827429,-0.0196615458128426,0.000322373020769072));
#8847=CARTESIAN_POINT('',(-0.0210903481684841,-0.0199075157537804,0.0001621210878151));
#8848=CARTESIAN_POINT('',(-0.0208541975309359,-0.0201532756139632,-1.42505875492625E-5));
#8849=CARTESIAN_POINT('',(-0.0206943347299146,-0.0203161145420637,-0.000309438618136953));
#8850=CARTESIAN_POINT('',(-0.0206943347299146,-0.0203161145420637,-0.000309438618136953));
#8851=CARTESIAN_POINT('',(-0.0206943347299146,-0.0203161145420637,-0.000309438618136953));
#8852=CARTESIAN_POINT('',(-0.0205752022629552,-0.0204374648693299,-0.000529417738208215));
#8853=CARTESIAN_POINT('',(-0.0205223470112899,-0.020489833409479,-0.000807785592523558));
#8854=CARTESIAN_POINT('',(-0.0205223470112899,-0.020489833409479,-0.00108519432449105));
#8855=CARTESIAN_POINT('',(-0.0205223470112899,-0.020489833409479,-0.00108519432449105));
#8856=CARTESIAN_POINT('',(-0.0205223470112899,-0.020489833409479,-0.00108519432449105));
#8857=CARTESIAN_POINT('',(-0.0205223470112899,-0.020489833409479,-0.00146925813584804));
#8858=CARTESIAN_POINT('',(-0.020635087532822,-0.0203784982641291,-0.00184821588789385));
#8859=CARTESIAN_POINT('',(-0.0208437022148079,-0.0201628390357214,-0.00208817602303105));
#8860=CARTESIAN_POINT('',(-0.0208437022148079,-0.0201628390357214,-0.00208817602303105));
#8861=CARTESIAN_POINT('',(-0.0208437022148079,-0.0201628390357214,-0.00208817602303105));
#8862=CARTESIAN_POINT('',(-0.0210904536880041,-0.0199077552045578,-0.00237200320283347));
#8863=CARTESIAN_POINT('',(-0.0214092498330365,-0.0195665057676684,-0.00245471930906847));
#8864=CARTESIAN_POINT('',(-0.0217088157015111,-0.0192282947979749,-0.00245471930906847));
#8865=CARTESIAN_POINT('',(-0.0217088157015111,-0.0192282947979749,-0.00245471930906847));
#8866=CARTESIAN_POINT('',(-0.0217088157015111,-0.0192282947979749,-0.00245471930906847));
#8867=CARTESIAN_POINT('',(-0.0220129883351025,-0.018884882773484,-0.00245471930906847));
#8868=CARTESIAN_POINT('',(-0.0223093904135913,-0.0185327034215857,-0.00237312317678371));
#8869=CARTESIAN_POINT('',(-0.0225683166750674,-0.0182118390739066,-0.00217094386181369));
#8870=CARTESIAN_POINT('',(-0.0225683166750674,-0.0182118390739066,-0.00217094386181369));
#8871=CARTESIAN_POINT('',(-0.0225683166750674,-0.0182118390739066,0.005));
#8872=CARTESIAN_POINT('',(-0.0225683166750674,-0.0182118390739066,-0.00124558914250463));
#8873=CARTESIAN_POINT('',(-0.0225683166750675,-0.0182118390739067,-0.00124558914250463));
#8874=CARTESIAN_POINT('',(-0.0224039601758263,-0.0184155115041004,-0.00136267464001414));
#8875=CARTESIAN_POINT('',(-0.0222341824712034,-0.0186203687559841,-0.00147208559743448));
#8876=CARTESIAN_POINT('',(-0.0220539895443163,-0.0188313978551564,-0.00154478716841456));
#8877=CARTESIAN_POINT('',(-0.0220539895443162,-0.0188313978551564,-0.00154478716841456));
#8878=CARTESIAN_POINT('',(-0.0220538663016177,-0.0188315422460728,-0.00154410497854429));
#8879=CARTESIAN_POINT('',(-0.0219257809075012,-0.0189815447323335,-0.00159899380432184));
#8880=CARTESIAN_POINT('',(-0.0217937570458215,-0.019133061981415,-0.00162826713583584));
#8881=CARTESIAN_POINT('',(-0.0216576169784534,-0.0192859437626113,-0.0016319000941476));
#8882=CARTESIAN_POINT('',(-0.0216576081761992,-0.0192859536473111,-0.0016311536088834));
#8883=CARTESIAN_POINT('',(-0.0216576081761992,-0.0192859536473111,-0.0016311536088834));
#8884=CARTESIAN_POINT('',(-0.0215407100885812,-0.0194172270613447,-0.0016311536088834));
#8885=CARTESIAN_POINT('',(-0.0214179683009158,-0.0195522728039621,-0.00160884523801709));
#8886=CARTESIAN_POINT('',(-0.0213203508812157,-0.0196581443249826,-0.00150623072177668));
#8887=CARTESIAN_POINT('',(-0.0213203508812157,-0.0196581443249826,-0.00150623072177668));
#8888=CARTESIAN_POINT('',(-0.0213203508812157,-0.0196581443249826,-0.00150623072177668));
#8889=CARTESIAN_POINT('',(-0.0212407105468254,-0.0197445186971221,-0.00142251354904464));
#8890=CARTESIAN_POINT('',(-0.0212011179225288,-0.0197866773065876,-0.00127726844451836));
#8891=CARTESIAN_POINT('',(-0.0212011179225288,-0.0197866773065876,-0.0011335184042772));
#8892=CARTESIAN_POINT('',(-0.0212011179225288,-0.0197866773065876,-0.0011335184042772));
#8893=CARTESIAN_POINT('',(-0.0212012712609584,-0.0197865130055616,-0.00113351502104779));
#8894=CARTESIAN_POINT('',(-0.0212003669143224,-0.0197874820140139,-0.00104546888943848));
#8895=CARTESIAN_POINT('',(-0.0212187701506112,-0.0197678127205656,-0.000959340982524438));
#8896=CARTESIAN_POINT('',(-0.02125363758885,-0.0197302531469271,-0.000887735972692748));
#8897=CARTESIAN_POINT('',(-0.0212534655410745,-0.0197304413578312,-0.000887553471684445));
#8898=CARTESIAN_POINT('',(-0.0212532608600091,-0.0197306589554532,-0.000887329903450101));
#8899=CARTESIAN_POINT('',(-0.0212964368928179,-0.019684151056743,-0.000804884405778168));
#8900=CARTESIAN_POINT('',(-0.0213479261442312,-0.0196283940125687,-0.000736174174057172));
#8901=CARTESIAN_POINT('',(-0.0214075128580321,-0.0195631897509887,-0.000681198791355151));
#8902=CARTESIAN_POINT('',(-0.0214072650610692,-0.0195634609056047,-0.000680608677770924));
#8903=CARTESIAN_POINT('',(-0.0214072650610692,-0.0195634609056047,-0.000680608677770924));
#8904=CARTESIAN_POINT('',(-0.0215363711173505,-0.0194221869469152,-0.000553681651520029));
#8905=CARTESIAN_POINT('',(-0.0216771054176106,-0.01926514820172,-0.000460999993625848));
#8906=CARTESIAN_POINT('',(-0.021813484457821,-0.019109471363918,-0.000362389471519638));
#8907=CARTESIAN_POINT('',(-0.021813484457821,-0.019109471363918,-0.000362389471519638));
#8908=CARTESIAN_POINT('',(-0.021813484457821,-0.019109471363918,-0.000362389471519638));
#8909=CARTESIAN_POINT('',(-0.0219636714364642,-0.0189380327478511,-0.000254984156517371));
#8910=CARTESIAN_POINT('',(-0.0221107006771041,-0.0187657506738386,-0.000138649663031983));
#8911=CARTESIAN_POINT('',(-0.022233334330112,-0.0186193137511957,2.62595105901702E-5));
#8912=CARTESIAN_POINT('',(-0.022233334330112,-0.0186193137511957,2.62595105901702E-5));
#8913=CARTESIAN_POINT('',(-0.0222332799854162,-0.0186193786440389,2.63583467468157E-5));
#8914=CARTESIAN_POINT('',(-0.0223249874866755,-0.0185098713080938,0.000148682623667345));
#8915=CARTESIAN_POINT('',(-0.0223979154313227,-0.0184212080783891,0.000293261014109744));
#8916=CARTESIAN_POINT('',(-0.0224528090625864,-0.0183540558242324,0.000460124256006562));
#8917=CARTESIAN_POINT('',(-0.022452780082617,-0.0183540912758338,0.000460148056755089));
#8918=CARTESIAN_POINT('',(-0.022452780082617,-0.0183540912758338,0.000460148056755089));
#8919=CARTESIAN_POINT('',(-0.022511055175489,-0.0182828026554992,0.000637461260363568));
#8920=CARTESIAN_POINT('',(-0.0225340053606953,-0.0182542762771949,0.000838421958656107));
#8921=CARTESIAN_POINT('',(-0.0225340053606953,-0.0182542762771949,0.00103798067036808));
#8922=CARTESIAN_POINT('',(-0.0225340053606953,-0.0182542762771949,0.00103798067036808));
#8923=CARTESIAN_POINT('',(-0.0225340053606953,-0.0182542762771949,0.00103798067036808));
#8924=CARTESIAN_POINT('',(-0.0225340053606953,-0.0182542762771949,0.00140861220382559));
#8925=CARTESIAN_POINT('',(-0.0224472648723034,-0.018363031309723,0.00177914400233959));
#8926=CARTESIAN_POINT('',(-0.0222653405368574,-0.0185810282486674,0.00201834258688052));
#8927=CARTESIAN_POINT('',(-0.0222653405368574,-0.0185810282486674,0.00201834258688052));
#8928=CARTESIAN_POINT('',(-0.0222653405368574,-0.0185810282486674,0.00201834258688052));
#8929=CARTESIAN_POINT('',(-0.022059855804286,-0.0188272572239747,0.00228851896023559));
#8930=CARTESIAN_POINT('',(-0.021778910192625,-0.0191534097868522,0.00237460415381452));
#8931=CARTESIAN_POINT('',(-0.0214989322989863,-0.0194626799286122,0.00237460415381452));
#8932=CARTESIAN_POINT('',(-0.0214989322989863,-0.0194626799286122,0.00237460415381452));
#8933=CARTESIAN_POINT('',(-0.0214989314254902,-0.0194626808934964,0.0023743492963225));
#8934=CARTESIAN_POINT('',(-0.0213401384734339,-0.0196380872933542,0.00237555762600639));
#8935=CARTESIAN_POINT('',(-0.0211816853648476,-0.0198088053871818,0.00234691901817535));
#8936=CARTESIAN_POINT('',(-0.0210237640809506,-0.019975017994198,0.00228846190380328));
#8937=CARTESIAN_POINT('',(-0.021023773242456,-0.0199750091979618,0.00228840519458216));
#8938=CARTESIAN_POINT('',(-0.0210237419429029,-0.0199750413010636,0.00228857252383165));
#8939=CARTESIAN_POINT('',(-0.020859641268174,-0.0201477573513666,0.00222502341501763));
#8940=CARTESIAN_POINT('',(-0.0206977681863967,-0.0203138702644796,0.00214357277684357));
#8941=CARTESIAN_POINT('',(-0.0205384379717895,-0.0204737042490839,0.00204425492968129));
#8942=CARTESIAN_POINT('',(-0.0205383428886077,-0.0204737996324566,0.00204456097059429));
#8943=CARTESIAN_POINT('',(0.,1.46957615897682E-18,-0.00145023819315922));
#8944=CARTESIAN_POINT('',(-0.0207637785746537,-0.0202451352009008,0.00126931935019535));
#8945=CARTESIAN_POINT('',(-0.0207637785746537,-0.0202451352009008,0.00126931935019535));
#8946=CARTESIAN_POINT('',(-0.0209057258580064,-0.020099551487502,0.00135258911707993));
#8947=CARTESIAN_POINT('',(-0.021047795797637,-0.0199508344081678,0.00143162477789426));
#8948=CARTESIAN_POINT('',(-0.0211933984437136,-0.019794945375171,0.0014847213654123));
#8949=CARTESIAN_POINT('',(-0.0211933984437136,-0.019794945375171,0.0014847213654123));
#8950=CARTESIAN_POINT('',(-0.0211934271754606,-0.0197949146175103,0.00148455576009411));
#8951=CARTESIAN_POINT('',(-0.0213016563879093,-0.0196790390011406,0.00152485445134989));
#8952=CARTESIAN_POINT('',(-0.0214106479859459,-0.0195604426654213,0.00154535686754409));
#8953=CARTESIAN_POINT('',(-0.0215203099273837,-0.0194390396015171,0.00154605451555525));
#8954=CARTESIAN_POINT('',(-0.021520310375536,-0.0194390391053827,0.00154589759407773));
#8955=CARTESIAN_POINT('',(-0.021520310375536,-0.0194390391053827,0.00154589759407773));
#8956=CARTESIAN_POINT('',(-0.0216242030478238,-0.0193240230008697,0.00154589759407773));
#8957=CARTESIAN_POINT('',(-0.0217313009821322,-0.019203238290493,0.00151658286066891));
#8958=CARTESIAN_POINT('',(-0.0218087407168878,-0.0191148849942542,0.00141429158955377));
#8959=CARTESIAN_POINT('',(-0.0218087407168878,-0.0191148849942541,0.00141429158955377));
#8960=CARTESIAN_POINT('',(-0.0218087954586528,-0.0191148225375661,0.00141438821184793));
#8961=CARTESIAN_POINT('',(-0.0218739415189396,-0.0190404950306829,0.00132943411838707));
#8962=CARTESIAN_POINT('',(-0.0219106327582952,-0.0189980050035452,0.00120114249861926));
#8963=CARTESIAN_POINT('',(-0.021907560622487,-0.0190015469783926,0.00107089764095999));
#8964=CARTESIAN_POINT('',(-0.0219078171816095,-0.0190012452650331,0.0010708833843849));
#8965=CARTESIAN_POINT('',(-0.0219077947115921,-0.019001277085363,0.00107088237794337));
#8966=CARTESIAN_POINT('',(-0.0219091712352841,-0.0189996900026461,0.00098997156184891));
#8967=CARTESIAN_POINT('',(-0.0218954661931912,-0.019015527661916,0.000910308569428868));
#8968=CARTESIAN_POINT('',(-0.021868131745216,-0.0190469108774594,0.000840890784694632));
#8969=CARTESIAN_POINT('',(0.,1.46957615897682E-18,-0.000373358477211207));
#8970=CARTESIAN_POINT('',(0.0177339817007374,-0.0229457162241215,0.000505387620810199));
#8971=CARTESIAN_POINT('',(0.0173522692242984,-0.023235721481535,0.00110275550071972));
#8972=CARTESIAN_POINT('',(0.,1.46957615897682E-18,0.00204540334513495));
#8973=CARTESIAN_POINT('',(0.0185409914765405,-0.0222986913308124,0.0023077729796422));
#8974=CARTESIAN_POINT('',(0.,1.46957615897682E-18,0.0023077729796422));
#8975=CARTESIAN_POINT('',(0.0191615036179657,-0.0217677922421794,0.0023077729796422));
#8976=CARTESIAN_POINT('',(0.0191615036179657,-0.0217677922421794,0.005));
#8977=CARTESIAN_POINT('',(0.0191615036179657,-0.0217677922421794,-0.00238994447871684));
#8978=CARTESIAN_POINT('',(0.,1.46957615897682E-18,-0.00238994447871684));
#8979=CARTESIAN_POINT('',(0.0184046624783292,-0.0224113453201449,-0.00238994447871684));
#8980=CARTESIAN_POINT('',(0.0184046624783292,-0.0224113453201449,0.005));
#8981=CARTESIAN_POINT('',(0.0184046624783292,-0.0224113453201449,0.000328542052231133));
#8982=CARTESIAN_POINT('',(0.,1.46957615897682E-18,-0.00629792309274137));
#8983=CARTESIAN_POINT('',(0.0184126072031523,-0.0224048185884739,0.000774768661320173));
#8984=CARTESIAN_POINT('',(0.,1.46957615897682E-18,-0.00438579751867852));
#8985=CARTESIAN_POINT('',(0.0184245199802973,-0.0223950231858694,0.00126315031873329));
#8986=CARTESIAN_POINT('',(0.0184241547320368,-0.0223953236728109,0.00126360876453878));
#8987=CARTESIAN_POINT('',(0.0183395075102682,-0.022464961135269,0.00115052581467074));
#8988=CARTESIAN_POINT('',(0.0182510010395953,-0.0225369701857899,0.00104217157135025));
#8989=CARTESIAN_POINT('',(0.0181585350223856,-0.0226112274288858,0.000938546039798317));
#8990=CARTESIAN_POINT('',(0.0181582857358271,-0.0226114264586636,0.000938911106312533));
#8991=CARTESIAN_POINT('',(0.,1.46957615897682E-18,0.00107192209394553));
#8992=CARTESIAN_POINT('',(0.,1.46957615897682E-18,-0.00238994447871684));
#8993=CARTESIAN_POINT('',(-0.0167101337502068,-0.0237017178712895,-0.00238994447871684));
#8994=CARTESIAN_POINT('',(-0.0175013115988511,-0.0231236695254001,-0.00238994447871684));
#8995=CARTESIAN_POINT('',(-0.0175013115988511,-0.0231236695254001,0.005));
#8996=CARTESIAN_POINT('',(-0.0175013115988511,-0.0231236695254001,0.00120248817602303));
#8997=CARTESIAN_POINT('',(0.,1.46957615897682E-18,0.00120248817602303));
#8998=CARTESIAN_POINT('',(-0.0167101337502068,-0.0237017178712895,0.00120248817602303));
#8999=CARTESIAN_POINT('',(-0.0167101337502068,-0.0237017178712895,0.005));
#9000=CARTESIAN_POINT('',(-0.0120974206176625,-0.0263562594918049,0.00029152786345877));
#9001=CARTESIAN_POINT('',(-0.012178099513567,-0.0263192281923131,0.000423941929127869));
#9002=CARTESIAN_POINT('',(-0.0123256922755438,-0.0262507622805699,0.000485852354513675));
#9003=CARTESIAN_POINT('',(-0.0124690439320883,-0.0261824930711277,0.000485852354513675));
#9004=CARTESIAN_POINT('',(-0.0120974206176625,-0.0263562594918049,0.00029152786345877));
#9005=CARTESIAN_POINT('',(-0.0124690439320883,-0.0261824930711277,0.000485852354513675));
#9006=CARTESIAN_POINT('',(-0.0124690439320883,-0.0261824930711277,0.000485852354513675));
#9007=CARTESIAN_POINT('',(-0.0126573316321648,-0.0260928237032127,0.000485852354513675));
#9008=CARTESIAN_POINT('',(-0.0128459723711551,-0.0259999102229047,0.000401294167992832));
#9009=CARTESIAN_POINT('',(-0.0129531046177367,-0.0259464271290282,0.000228809376927822));
#9010=CARTESIAN_POINT('',(-0.0129531046177367,-0.0259464271290282,0.000228809376927822));
#9011=CARTESIAN_POINT('',(-0.0129531046177367,-0.0259464271290282,0.000228809376927822));
#9012=CARTESIAN_POINT('',(-0.0130987877175098,-0.025873698486159,-5.74296214733557E-6));
#9013=CARTESIAN_POINT('',(-0.0131124996952609,-0.0258662396134766,-0.000304427783665481));
#9014=CARTESIAN_POINT('',(-0.0131124996952609,-0.0258662396134766,-0.000587559119884845));
#9015=CARTESIAN_POINT('',(-0.0131124996952609,-0.0258662396134766,-0.000587559119884845));
#9016=CARTESIAN_POINT('',(-0.0131124996952609,-0.0258662396134766,0.005));
#9017=CARTESIAN_POINT('',(-0.0131124996952609,-0.0258662396134766,-0.00238994447871684));
#9018=CARTESIAN_POINT('',(0.,1.46957615897682E-18,-0.00238994447871684));
#9019=CARTESIAN_POINT('',(-0.0139788559211651,-0.025408494389383,-0.00238994447871684));
#9020=CARTESIAN_POINT('',(-0.0139788559211651,-0.025408494389383,0.005));
#9021=CARTESIAN_POINT('',(-0.0139788559211651,-0.025408494389383,-0.000291445609705943));
#9022=CARTESIAN_POINT('',(-0.0139788559211651,-0.025408494389383,-0.000291445609705943));
#9023=CARTESIAN_POINT('',(-0.0139788559211651,-0.025408494389383,-8.91407399141858E-5));
#9024=CARTESIAN_POINT('',(-0.0139936771664411,-0.0254005872662381,0.000122301546990389));
#9025=CARTESIAN_POINT('',(-0.0140926888187373,-0.0253455345545963,0.00029152786345877));
#9026=CARTESIAN_POINT('',(-0.0140926888187373,-0.0253455345545963,0.00029152786345877));
#9027=CARTESIAN_POINT('',(-0.0140926888187373,-0.0253455345545964,0.00029152786345877));
#9028=CARTESIAN_POINT('',(-0.0141701453584047,-0.025302466971699,0.000423913139235031));
#9029=CARTESIAN_POINT('',(-0.0143119221394065,-0.0252228876652671,0.000485852354513675));
#9030=CARTESIAN_POINT('',(-0.0144494971880059,-0.0251438268967516,0.000485852354513675));
#9031=CARTESIAN_POINT('',(-0.0144494971880059,-0.0251438268967516,0.000485852354513675));
#9032=CARTESIAN_POINT('',(-0.0144494971880059,-0.0251438268967516,0.000485852354513675));
#9033=CARTESIAN_POINT('',(-0.0146362735437861,-0.0250364914287374,0.000485852354513675));
#9034=CARTESIAN_POINT('',(-0.0148236998350249,-0.0249253052583187,0.000393758910713362));
#9035=CARTESIAN_POINT('',(-0.0149211622323112,-0.024866823633851,0.000209274110631297));
#9036=CARTESIAN_POINT('',(-0.0149211622323112,-0.024866823633851,0.000209274110631297));
#9037=CARTESIAN_POINT('',(-0.0149211622323112,-0.024866823633851,0.000209274110631297));
#9038=CARTESIAN_POINT('',(-0.0150629659670417,-0.0247817353024172,-5.91436010303796E-5));
#9039=CARTESIAN_POINT('',(-0.0150670422146077,-0.0247787053516367,-0.000387341103103118));
#9040=CARTESIAN_POINT('',(-0.0150670422146077,-0.0247787053516367,-0.000699629858112277));
#9041=CARTESIAN_POINT('',(-0.0150670422146077,-0.0247787053516367,-0.000699629858112277));
#9042=CARTESIAN_POINT('',(-0.0150670422146077,-0.0247787053516367,0.005));
#9043=CARTESIAN_POINT('',(-0.0150670422146077,-0.0247787053516367,-0.00238994447871684));
#9044=CARTESIAN_POINT('',(0.,1.46957615897682E-18,-0.00238994447871684));
#9045=CARTESIAN_POINT('',(-0.0158978983801727,-0.0242540064132445,-0.00238994447871684));
#9046=CARTESIAN_POINT('',(-0.0158978983801727,-0.0242540064132445,0.005));
#9047=CARTESIAN_POINT('',(-0.0158978983801727,-0.0242540064132445,0.00120248817602303));
#9048=CARTESIAN_POINT('',(0.,1.46957615897682E-18,0.00120248817602303));
#9049=CARTESIAN_POINT('',(-0.0152646142894516,-0.024657484676955,0.00120248817602303));
#9050=CARTESIAN_POINT('',(0.,1.46957615897682E-18,-0.00555675814183633));
#9051=CARTESIAN_POINT('',(-0.0151523243663887,-0.0247266468874319,0.000742895332099527));
#9052=CARTESIAN_POINT('',(0.,1.46957615897682E-18,0.000742895332099527));
#9053=CARTESIAN_POINT('',(-0.0151057469224434,-0.0247551289617947,0.000742895332099527));
#9054=CARTESIAN_POINT('',(-0.015106008691706,-0.0247549692265231,0.000743077291136068));
#9055=CARTESIAN_POINT('',(-0.0150214209340456,-0.0248065864751949,0.000910079225199923));
#9056=CARTESIAN_POINT('',(-0.0148969041844972,-0.0248819751740066,0.00104420434916519));
#9057=CARTESIAN_POINT('',(-0.0147466677416959,-0.0249706986389253,0.0011294396977044));
#9058=CARTESIAN_POINT('',(-0.0147469043082838,-0.0249705589309154,0.00113000205634382));
#9059=CARTESIAN_POINT('',(-0.0147469043082838,-0.0249705589309154,0.00113000205634382));
#9060=CARTESIAN_POINT('',(-0.014580660200023,-0.0250687379890263,0.00122843320035603));
#9061=CARTESIAN_POINT('',(-0.0143923035367819,-0.0251775389249214,0.00126931935019535));
#9062=CARTESIAN_POINT('',(-0.0142035583503332,-0.0252835703607833,0.00126931935019535));
#9063=CARTESIAN_POINT('',(-0.0142035583503332,-0.0252835703607833,0.00126931935019535));
#9064=CARTESIAN_POINT('',(-0.0142035583503332,-0.0252835703607833,0.00126931935019535));
#9065=CARTESIAN_POINT('',(-0.014017406766133,-0.025388144787989,0.00126931935019535));
#9066=CARTESIAN_POINT('',(-0.013637174348394,-0.0255959212208301,0.00122166891988622));
#9067=CARTESIAN_POINT('',(-0.0133323006164412,-0.0257538414754216,0.00093173117836355));
#9068=CARTESIAN_POINT('',(-0.0132407432640431,-0.0258008278513636,0.000742895332099527));
#9069=CARTESIAN_POINT('',(-0.0132407432640431,-0.0258008278513635,0.000742895332099527));
#9070=CARTESIAN_POINT('',(0.,1.46957615897682E-18,0.000742895332099527));
#9071=CARTESIAN_POINT('',(-0.0131638373015352,-0.0258401506864551,0.000742895332099527));
#9072=CARTESIAN_POINT('',(-0.0131641856498093,-0.0258399731792208,0.000743125041894151));
#9073=CARTESIAN_POINT('',(-0.0130754280889004,-0.0258851907574871,0.000912665022642945));
#9074=CARTESIAN_POINT('',(-0.0129427380345654,-0.0259522118271605,0.00104779480419814));
#9075=CARTESIAN_POINT('',(-0.0127827549282281,-0.0260307736428416,0.00113085967150512));
#9076=CARTESIAN_POINT('',(-0.0127830410520399,-0.0260306331016126,0.00113154366887121));
#9077=CARTESIAN_POINT('',(-0.012783330490005,-0.0260304909977378,0.00113222594851631));
#9078=CARTESIAN_POINT('',(-0.0126047076532857,-0.0261182110009849,0.00122627181825212));
#9079=CARTESIAN_POINT('',(-0.0124097006986206,-0.0262115958223556,0.00127258485051744));
#9080=CARTESIAN_POINT('',(-0.012210095597765,-0.0263042499511664,0.00126844466651053));
#9081=CARTESIAN_POINT('',(-0.0122100806830666,-0.0263042568743731,0.00126931935019535));
#9082=CARTESIAN_POINT('',(-0.0122100806830666,-0.0263042568743731,0.00126931935019535));
#9083=CARTESIAN_POINT('',(-0.0119054892888353,-0.0264456440846902,0.00126931935019535));
#9084=CARTESIAN_POINT('',(-0.0115844316081175,-0.0265868074953166,0.0011949376216993));
#9085=CARTESIAN_POINT('',(-0.0113640317694701,-0.0266806818117993,0.000956241003495784));
#9086=CARTESIAN_POINT('',(-0.0113640317694701,-0.0266806818117993,0.000956241003495784));
#9087=CARTESIAN_POINT('',(-0.0113640317694701,-0.0266806818117993,0.000956241003495784));
#9088=CARTESIAN_POINT('',(-0.0111263643560589,-0.0267819108604279,0.0006988433203278));
#9089=CARTESIAN_POINT('',(-0.0110741507475765,-0.0268022981331816,0.000313407701919154));
#9090=CARTESIAN_POINT('',(-0.0110741507475765,-0.0268022981331816,-4.77688669545551E-5));
#9091=CARTESIAN_POINT('',(-0.0110741507475766,-0.0268022981331816,-4.77688669545551E-5));
#9092=CARTESIAN_POINT('',(-0.0110741507475766,-0.0268022981331816,0.005));
#9093=CARTESIAN_POINT('',(-0.0110741507475766,-0.0268022981331816,-0.00238994447871684));
#9094=CARTESIAN_POINT('',(0.,1.46957615897682E-18,-0.00238994447871684));
#9095=CARTESIAN_POINT('',(-0.0119788828266517,-0.026410345817981,-0.00238994447871684));
#9096=CARTESIAN_POINT('',(-0.0119788828266517,-0.026410345817981,0.005));
#9097=CARTESIAN_POINT('',(-0.0119788828266517,-0.026410345817981,-0.000291445609705943));
#9098=CARTESIAN_POINT('',(-0.0119788828266517,-0.0264103458179811,-0.000291445609705943));
#9099=CARTESIAN_POINT('',(-0.0119788828266517,-0.0264103458179811,-8.91168896233703E-5));
#9100=CARTESIAN_POINT('',(-0.0119943461929263,-0.0264035702519431,0.00012235718390486));
#9101=CARTESIAN_POINT('',(-0.0120974206176625,-0.0263562594918049,0.00029152786345877));
#9102=CARTESIAN_POINT('',(-0.00559404970598513,-0.0284553441010245,-0.000342579438925185));
#9103=CARTESIAN_POINT('',(-0.0051458767198069,-0.0285434506427222,-0.00102772801701246));
#9104=CARTESIAN_POINT('',(-0.00469196203381256,-0.0286216958638932,-0.00171018525485191));
#9105=CARTESIAN_POINT('',(-0.00423219916204361,-0.0286895188222598,-0.00238994447871683));
#9106=CARTESIAN_POINT('',(-0.00559445412696464,-0.0284552645923613,-0.000342854205223116));
#9107=CARTESIAN_POINT('',(-0.00423219916204362,-0.0286895188222598,-0.00238994447871684));
#9108=CARTESIAN_POINT('',(0.,1.46957615897682E-18,-0.00238994447871684));
#9109=CARTESIAN_POINT('',(-0.00532273708215388,-0.0285073406327961,-0.00238994447871684));
#9110=CARTESIAN_POINT('',(0.,1.46957615897682E-18,-0.00101874388492165));
#9111=CARTESIAN_POINT('',(-0.00642128384820903,-0.0282801540614744,-0.000587559119884816));
#9112=CARTESIAN_POINT('',(0.,1.46957615897682E-18,-0.000587559119884847));
#9113=CARTESIAN_POINT('',(-0.0069366437731337,-0.0281581777316048,-0.000587559119884847));
#9114=CARTESIAN_POINT('',(-0.0069366437731337,-0.0281581777316048,0.005));
#9115=CARTESIAN_POINT('',(-0.0069366437731337,-0.0281581777316048,-0.00238994447871684));
#9116=CARTESIAN_POINT('',(0.,1.46957615897682E-18,-0.00238994447871684));
#9117=CARTESIAN_POINT('',(-0.00790074427761236,-0.0279030148883553,-0.00238994447871684));
#9118=CARTESIAN_POINT('',(-0.00790074427761237,-0.0279030148883553,0.005));
#9119=CARTESIAN_POINT('',(-0.00790074427761237,-0.0279030148883553,0.0023077729796422));
#9120=CARTESIAN_POINT('',(0.,1.46957615897682E-18,0.0023077729796422));
#9121=CARTESIAN_POINT('',(-0.00657460528324088,-0.028244903352102,0.0023077729796422));
#9122=CARTESIAN_POINT('',(-0.00657460528324088,-0.028244903352102,0.0023077729796422));
#9123=CARTESIAN_POINT('',(-0.00609111962637763,-0.0283574449782622,0.0023077729796422));
#9124=CARTESIAN_POINT('',(-0.00557922900795187,-0.028461050576967,0.00226197720340156));
#9125=CARTESIAN_POINT('',(-0.00518666822323483,-0.0285324109170972,0.00195922270203578));
#9126=CARTESIAN_POINT('',(-0.00518666822323483,-0.0285324109170972,0.00195922270203578));
#9127=CARTESIAN_POINT('',(-0.00518666822323483,-0.0285324109170972,0.00195922270203578));
#9128=CARTESIAN_POINT('',(-0.00487025623983947,-0.0285899288038435,0.0017151964111059));
#9129=CARTESIAN_POINT('',(-0.00473395364734545,-0.0286110063238745,0.00130158380406648));
#9130=CARTESIAN_POINT('',(-0.00473395364734545,-0.0286110063238744,0.000900205634382067));
#9131=CARTESIAN_POINT('',(-0.00473395364734545,-0.0286110063238744,0.000900205634382067));
#9132=CARTESIAN_POINT('',(-0.00473471270985312,-0.0286108807196695,0.000900192926595024));
#9133=CARTESIAN_POINT('',(-0.00473041642976013,-0.0286115916957545,0.000636539125218228));
#9134=CARTESIAN_POINT('',(-0.00480890640451755,-0.0285989067893727,0.000378430038753829));
#9135=CARTESIAN_POINT('',(-0.00495849409363126,-0.0285729476309922,0.000162837745981619));
#9136=CARTESIAN_POINT('',(-0.00495873002351081,-0.0285729066871736,0.000163006374665842));
#9137=CARTESIAN_POINT('',(-0.00495873002351081,-0.0285729066871737,0.000163006374665842));
#9138=CARTESIAN_POINT('',(-0.00511674821457309,-0.0285454831717134,-6.41474370493174E-5));
#9139=CARTESIAN_POINT('',(-0.00534481764038279,-0.0285043444337405,-0.000231608538570176));
#9140=CARTESIAN_POINT('',(-0.00559445412696464,-0.0284552645923613,-0.000342854205223116));
#9141=CARTESIAN_POINT('',(0.00833222587995201,-0.0277772210972491,0.005));
#9142=CARTESIAN_POINT('',(0.00833222587995201,-0.0277772210972491,0.0023077729796422));
#9143=CARTESIAN_POINT('',(0.00833222587995201,-0.0277772210972491,-0.000645136746864076));
#9144=CARTESIAN_POINT('',(0.,1.46957615897682E-18,-0.000645136746864076));
#9145=CARTESIAN_POINT('',(0.00887283414938782,-0.0276092885485566,-0.000645136746864076));
#9146=CARTESIAN_POINT('',(0.00887283414938783,-0.0276092885485566,0.005));
#9147=CARTESIAN_POINT('',(0.00887283414938783,-0.0276092885485566,-0.00141626567962163));
#9148=CARTESIAN_POINT('',(0.,1.46957615897682E-18,-0.00141626567962163));
#9149=CARTESIAN_POINT('',(0.00833222587995201,-0.0277772210972491,-0.00141626567962163));
#9150=CARTESIAN_POINT('',(0.00833222587995201,-0.0277772210972491,0.005));
#9151=CARTESIAN_POINT('',(0.00833222587995201,-0.0277772210972491,-0.00238994447871684));
#9152=CARTESIAN_POINT('',(0.,1.46957615897682E-18,-0.00238994447871684));
#9153=CARTESIAN_POINT('',(0.00739784336683789,-0.0280405405354414,-0.00238994447871684));
#9154=CARTESIAN_POINT('',(0.00739784336683789,-0.0280405405354414,0.005));
#9155=CARTESIAN_POINT('',(0.00739784336683789,-0.0280405405354414,-0.00141626567962163));
#9156=CARTESIAN_POINT('',(0.,1.46957615897682E-18,-0.00141626567962163));
#9157=CARTESIAN_POINT('',(0.00544171462026959,-0.0284848686497155,-0.00141626567962163));
#9158=CARTESIAN_POINT('',(0.00544171462026959,-0.0284848686497155,0.005));
#9159=CARTESIAN_POINT('',(0.00544171462026959,-0.0284848686497155,-0.000725334155870862));
#9160=CARTESIAN_POINT('',(0.,1.46957615897682E-18,0.0021125280592424));
#9161=CARTESIAN_POINT('',(0.00745151450712953,-0.0280263256876466,0.0023077729796422));
#9162=CARTESIAN_POINT('',(0.,1.46957615897682E-18,0.0023077729796422));
#9163=CARTESIAN_POINT('',(0.00400114831184304,-0.0287226532932904,0.000196949542632662));
#9164=CARTESIAN_POINT('',(0.0040138012977235,-0.0287208906959225,0.000560988706808878));
#9165=CARTESIAN_POINT('',(0.00402828400579202,-0.0287188648682334,0.000924953597594073));
#9166=CARTESIAN_POINT('',(0.00404459574910003,-0.0287165674346075,0.00128884419563233));
#9167=CARTESIAN_POINT('',(0.00400136199483528,-0.0287226186389745,0.000196942948737758));
#9168=CARTESIAN_POINT('',(0.00404436779707722,-0.0287165995396733,0.00128885461649188));
#9169=CARTESIAN_POINT('',(0.,1.46957615897682E-18,0.00128885461649188));
#9170=CARTESIAN_POINT('',(0.00401580930065507,-0.0287206071603783,0.00128885461649188));
#9171=CARTESIAN_POINT('',(0.,1.46957615897682E-18,-0.00382648741912092));
#9172=CARTESIAN_POINT('',(0.00281221566717817,-0.0288633234926486,-0.00238994447871684));
#9173=CARTESIAN_POINT('',(0.,1.46957615897682E-18,-0.00238994447871684));
#9174=CARTESIAN_POINT('',(0.0019022207583246,-0.0289375457872052,-0.00238994447871684));
#9175=CARTESIAN_POINT('',(0.,1.46957615897682E-18,-0.0038237320770942));
#9176=CARTESIAN_POINT('',(0.000771754663351403,-0.028989729124978,0.00129502364795394));
#9177=CARTESIAN_POINT('',(0.,1.46957615897682E-18,0.00129502364795394));
#9178=CARTESIAN_POINT('',(0.000742932563930689,-0.0289904820795628,0.00129502364795394));
#9179=CARTESIAN_POINT('',(0.000742932563930688,-0.0289904820795628,0.00129502364795394));
#9180=CARTESIAN_POINT('',(0.000770399090359718,-0.0289897782010676,0.000795273024167143));
#9181=CARTESIAN_POINT('',(0.000804691368017662,-0.0289888335709155,0.000295541777608591));
#9182=CARTESIAN_POINT('',(0.000804691368017662,-0.0289888335709155,-0.000205079169237099));
#9183=CARTESIAN_POINT('',(0.000804691368017662,-0.0289888335709155,-0.000205079169237099));
#9184=CARTESIAN_POINT('',(0.000804691368017662,-0.0289888335709155,0.005));
#9185=CARTESIAN_POINT('',(0.000804691368017662,-0.0289888335709155,-0.00238994447871684));
#9186=CARTESIAN_POINT('',(0.,1.46957615897682E-18,-0.00238994447871684));
#9187=CARTESIAN_POINT('',(-8.77274785391503E-5,-0.0289998673081362,-0.00238994447871684));
#9188=CARTESIAN_POINT('',(-8.77274785391511E-5,-0.0289998673081362,0.005));
#9189=CARTESIAN_POINT('',(-8.7727478539151E-5,-0.0289998673081362,0.0023077729796422));
#9190=CARTESIAN_POINT('',(0.,1.46957615897682E-18,0.0023077729796422));
#9191=CARTESIAN_POINT('',(0.00127062719080383,-0.0289721505336071,0.0023077729796422));
#9192=CARTESIAN_POINT('',(0.,1.46957615897682E-18,-0.00115837619602264));
#9193=CARTESIAN_POINT('',(0.00238005250155497,-0.0289021686053113,-0.00128465967509768));
#9194=CARTESIAN_POINT('',(0.,1.46957615897682E-18,-0.00128465967509768));
#9195=CARTESIAN_POINT('',(0.00239952135219758,-0.0289005587710748,-0.00128465967509768));
#9196=CARTESIAN_POINT('',(0.,1.46957615897682E-18,-0.00146318509909085));
#9197=CARTESIAN_POINT('',(0.00357285631389852,-0.0287790670064239,0.0023077729796422));
#9198=CARTESIAN_POINT('',(0.,1.46957615897682E-18,0.0023077729796422));
#9199=CARTESIAN_POINT('',(0.00491632036819337,-0.0285802343243943,0.0023077729796422));
#9200=CARTESIAN_POINT('',(0.00491632036819337,-0.0285802343243943,0.005));
#9201=CARTESIAN_POINT('',(0.00491632036819337,-0.0285802343243943,-0.00238994447871684));
#9202=CARTESIAN_POINT('',(0.,1.46957615897682E-18,-0.00238994447871684));
#9203=CARTESIAN_POINT('',(0.00399642900028931,-0.0287233103114116,-0.00238994447871684));
#9204=CARTESIAN_POINT('',(0.00399642900028932,-0.0287233103114116,0.005));
#9205=CARTESIAN_POINT('',(0.00399640266673885,-0.0287233132079792,-0.000166008578165876));
#9206=CARTESIAN_POINT('',(0.00399637645608667,-0.0287233176220966,-0.000166008519494691));
#9207=CARTESIAN_POINT('',(0.00399664111270352,-0.0287232807994883,-4.50059722086545E-5));
#9208=CARTESIAN_POINT('',(0.00399837445715497,-0.0287230397442877,7.59751254967852E-5));
#9209=CARTESIAN_POINT('',(0.00400157641908558,-0.0287225936531195,0.000196934773032339));
#9210=CARTESIAN_POINT('',(0.,1.46957615897682E-18,-0.00037335847721121));
#9211=CARTESIAN_POINT('',(-0.00294833603842831,-0.0288497368203682,0.000505387620810199));
#9212=CARTESIAN_POINT('',(-0.00342481538814172,-0.0287970595644268,0.00110275550071972));
#9213=CARTESIAN_POINT('',(0.,1.46957615897682E-18,0.00204540334513496));
#9214=CARTESIAN_POINT('',(-0.00191762121200411,-0.028936529316545,0.0023077729796422));
#9215=CARTESIAN_POINT('',(0.,1.46957615897682E-18,0.0023077729796422));
#9216=CARTESIAN_POINT('',(-0.00110209617545105,-0.0289790507784513,0.0023077729796422));
#9217=CARTESIAN_POINT('',(-0.00110209617545105,-0.0289790507784513,0.005));
#9218=CARTESIAN_POINT('',(-0.00110209617545105,-0.0289790507784513,-0.00238994447871684));
#9219=CARTESIAN_POINT('',(0.,1.46957615897682E-18,-0.00238994447871684));
#9220=CARTESIAN_POINT('',(-0.00209404934937932,-0.028924297006537,-0.00238994447871684));
#9221=CARTESIAN_POINT('',(-0.00209404934937932,-0.028924297006537,0.005));
#9222=CARTESIAN_POINT('',(-0.00209404934937932,-0.028924297006537,0.000328542052231133));
#9223=CARTESIAN_POINT('',(0.,1.46957615897682E-18,-0.00629792309274109));
#9224=CARTESIAN_POINT('',(-0.00208379418684899,-0.0289250376280975,0.000774768661320173));
#9225=CARTESIAN_POINT('',(0.,1.46957615897682E-18,-0.00438579751867848));
#9226=CARTESIAN_POINT('',(-0.00206841091360155,-0.0289261417457029,0.00126315031873329));
#9227=CARTESIAN_POINT('',(-0.0020688826767713,-0.0289261080076417,0.00126360876459192));
#9228=CARTESIAN_POINT('',(-0.00217821419257107,-0.0289182882871663,0.00115052581466155));
#9229=CARTESIAN_POINT('',(-0.00229197703867077,-0.0289095296633604,0.00104217157160766));
#9230=CARTESIAN_POINT('',(-0.00241015893419351,-0.0288996735952489,0.000938546039854944));
#9231=CARTESIAN_POINT('',(-0.00241047674690293,-0.0288996461779749,0.000938911106340847));
#9232=CARTESIAN_POINT('',(0.,1.46957615897682E-18,0.00107192209394554));
#9233=CARTESIAN_POINT('',(0.,1.46957615897682E-18,-0.000373358477211209));
#9234=CARTESIAN_POINT('',(0.0267198088396324,-0.0112717263794641,0.000505387620810201));
#9235=CARTESIAN_POINT('',(0.0265298380952469,-0.0117118611091486,0.00110275550071972));
#9236=CARTESIAN_POINT('',(0.,1.46957615897682E-18,0.00204540334513496));
#9237=CARTESIAN_POINT('',(0.0271047849402809,-0.0103116746138114,0.0023077729796422));
#9238=CARTESIAN_POINT('',(0.,1.46957615897682E-18,0.0023077729796422));
#9239=CARTESIAN_POINT('',(0.0273843836969858,-0.00954439780899026,0.0023077729796422));
#9240=CARTESIAN_POINT('',(0.0273843836969858,-0.00954439780899027,0.005));
#9241=CARTESIAN_POINT('',(0.0273843836969858,-0.00954439780899027,-0.00238994447871684));
#9242=CARTESIAN_POINT('',(0.,1.46957615897682E-18,-0.00238994447871684));
#9243=CARTESIAN_POINT('',(0.0270413971894237,-0.0104767761283626,-0.00238994447871684));
#9244=CARTESIAN_POINT('',(0.0270413971894237,-0.0104767761283626,0.005));
#9245=CARTESIAN_POINT('',(0.0270413971894237,-0.0104767761283626,0.000328542052231135));
#9246=CARTESIAN_POINT('',(0.,1.46957615897682E-18,-0.00629792309274107));
#9247=CARTESIAN_POINT('',(0.0270451100023314,-0.0104671880159763,0.000774768661320175));
#9248=CARTESIAN_POINT('',(0.,1.46957615897682E-18,-0.00438579751867847));
#9249=CARTESIAN_POINT('',(0.0270506728611515,-0.0104528033445084,0.00126315031873329));
#9250=CARTESIAN_POINT('',(0.0270505023802438,-0.0104532445191157,0.00126360876462175));
#9251=CARTESIAN_POINT('',(0.0270109924306766,-0.0105554868404214,0.00115052581471904));
#9252=CARTESIAN_POINT('',(0.0269692864319527,-0.0106616909284501,0.00104217157166643));
#9253=CARTESIAN_POINT('',(0.026925236398963,-0.0107717985898344,0.000938546039888598));
#9254=CARTESIAN_POINT('',(0.0269251170679212,-0.0107720944220814,0.00093891110635767));
#9255=CARTESIAN_POINT('',(0.,1.46957615897682E-18,0.00107192209394554));
#9256=CARTESIAN_POINT('',(0.,1.46957615897682E-18,0.000953421513443503));
#9257=CARTESIAN_POINT('',(0.0148654458503425,-0.0249001710771339,0.00061745835903763));
#9258=CARTESIAN_POINT('',(0.0157094468454029,-0.0243764903095475,0.0023077729796422));
#9259=CARTESIAN_POINT('',(0.,1.46957615897682E-18,0.0023077729796422));
#9260=CARTESIAN_POINT('',(0.0166008932222554,-0.023778358736954,0.0023077729796422));
#9261=CARTESIAN_POINT('',(0.,1.46957615897682E-18,-0.00064432940964577));
#9262=CARTESIAN_POINT('',(0.0153699523953436,-0.0245919613566074,-2.20645691959723E-5));
#9263=CARTESIAN_POINT('',(0.,1.46957615897682E-18,0.000565304605251242));
#9264=CARTESIAN_POINT('',(0.0166937058711176,-0.02371329130021,-0.00238994447871684));
#9265=CARTESIAN_POINT('',(0.,1.46957615897682E-18,-0.00238994447871684));
#9266=CARTESIAN_POINT('',(0.0157500609557948,-0.0243502685793966,-0.00238994447871684));
#9267=CARTESIAN_POINT('',(0.,1.46957615897682E-18,-0.001017738315837));
#9268=CARTESIAN_POINT('',(0.0148212804155253,-0.0249264848473339,-0.000613263417643432));
#9269=CARTESIAN_POINT('',(0.,1.46957615897682E-18,-0.000208407657963798));
#9270=CARTESIAN_POINT('',(0.0138720390887223,-0.025466969421605,-0.00238994447871684));
#9271=CARTESIAN_POINT('',(0.,1.46957615897682E-18,-0.00238994447871684));
#9272=CARTESIAN_POINT('',(0.0129235794063876,-0.0259611458785392,-0.00238994447871684));
#9273=CARTESIAN_POINT('',(0.,1.46957615897682E-18,0.00135227030666651));
#9274=CARTESIAN_POINT('',(0.0143019281938856,-0.0252280568006523,3.24285420522286E-5));
#9275=CARTESIAN_POINT('',(0.,1.46957615897682E-18,-0.00129204961541734));
#9276=CARTESIAN_POINT('',(0.0130130808591721,-0.0259163987959872,0.0023077729796422));
#9277=CARTESIAN_POINT('',(0.,1.46957615897682E-18,0.0023077729796422));
#9278=CARTESIAN_POINT('',(0.0139875801424283,-0.0254036926795918,0.0023077729796422));
#9279=CARTESIAN_POINT('',(0.,1.46957615897682E-18,0.000287640872090392));
#9280=CARTESIAN_POINT('',(0.0231491746250222,-0.0174675617697557,-0.00193035163479334));
#9281=CARTESIAN_POINT('',(0.0231491746250222,-0.0174675617697557,-0.00207708664355627));
#9282=CARTESIAN_POINT('',(0.0231234969477538,-0.0175018529257326,-0.0022266914099777));
#9283=CARTESIAN_POINT('',(0.0230599945748993,-0.0175851258228543,-0.00233031050791693));
#9284=CARTESIAN_POINT('',(0.0231491746250222,-0.0174675617697557,-0.00193035163479334));
#9285=CARTESIAN_POINT('',(0.0230599945748993,-0.0175851258228543,-0.00233031050791693));
#9286=CARTESIAN_POINT('',(0.0230599945748993,-0.0175851258228543,-0.00233031050791693));
#9287=CARTESIAN_POINT('',(0.0229951493123536,-0.0176701596985043,-0.00243612084709913));
#9288=CARTESIAN_POINT('',(0.0229011400436991,-0.0177921396547138,-0.00247631091918569));
#9289=CARTESIAN_POINT('',(0.0228086076852635,-0.0179099808894297,-0.00247631091918569));
#9290=CARTESIAN_POINT('',(0.0228086076852635,-0.0179099808894297,-0.00247631091918569));
#9291=CARTESIAN_POINT('',(0.0228086076852635,-0.0179099808894297,-0.00247631091918569));
#9292=CARTESIAN_POINT('',(0.0227149396501795,-0.0180292684240213,-0.00247631091918569));
#9293=CARTESIAN_POINT('',(0.0226170269429815,-0.0181516418055642,-0.0024395274111689));
#9294=CARTESIAN_POINT('',(0.0225481162538274,-0.018236843296028,-0.00233339502364796));
#9295=CARTESIAN_POINT('',(0.0225481162538274,-0.018236843296028,-0.00233339502364796));
#9296=CARTESIAN_POINT('',(0.0225481162538274,-0.018236843296028,-0.00233339502364796));
#9297=CARTESIAN_POINT('',(0.0224810991446651,-0.018319703555551,-0.0022301790220746));
#9298=CARTESIAN_POINT('',(0.0224550269104101,-0.018351342361058,-0.00207810790603485));
#9299=CARTESIAN_POINT('',(0.0224550269104101,-0.018351342361058,-0.00193035163479334));
#9300=CARTESIAN_POINT('',(0.0224550269104101,-0.018351342361058,-0.00193035163479334));
#9301=CARTESIAN_POINT('',(0.0224550269104101,-0.018351342361058,-0.00193035163479334));
#9302=CARTESIAN_POINT('',(0.0224550269104101,-0.018351342361058,-0.00178144355529825));
#9303=CARTESIAN_POINT('',(0.0224780782028204,-0.0183234200856607,-0.00162631990112171));
#9304=CARTESIAN_POINT('',(0.0225461761835744,-0.0182392417468276,-0.00152268147234218));
#9305=CARTESIAN_POINT('',(0.0225461761835744,-0.0182392417468276,-0.00152268147234218));
#9306=CARTESIAN_POINT('',(0.0225461761835745,-0.0182392417468277,-0.00152268147234218));
#9307=CARTESIAN_POINT('',(0.0226156626850153,-0.0181533470081312,-0.00141692985164834));
#9308=CARTESIAN_POINT('',(0.0227147159478607,-0.0180295533120096,-0.00138439235040099));
#9309=CARTESIAN_POINT('',(0.0228086076852636,-0.0179099808894297,-0.00138439235040099));
#9310=CARTESIAN_POINT('',(0.0228086076852635,-0.0179099808894297,-0.00138439235040099));
#9311=CARTESIAN_POINT('',(0.0228086076852635,-0.0179099808894297,-0.00138439235040099));
#9312=CARTESIAN_POINT('',(0.0229010382094857,-0.0177922693419892,-0.00138439235040099));
#9313=CARTESIAN_POINT('',(0.0229953618082795,-0.0176698904622184,-0.00142106523528783));
#9314=CARTESIAN_POINT('',(0.0230609298267869,-0.0175838993264865,-0.00152576598807321));
#9315=CARTESIAN_POINT('',(0.0230609298267869,-0.0175838993264865,-0.00152576598807321));
#9316=CARTESIAN_POINT('',(0.0230609298267869,-0.0175838993264865,-0.00152576598807321));
#9317=CARTESIAN_POINT('',(0.0231257117197054,-0.0174989391786318,-0.00162921143464663));
#9318=CARTESIAN_POINT('',(0.0231491746250222,-0.0174675617697557,-0.00178230558705044));
#9319=CARTESIAN_POINT('',(0.0231491746250222,-0.0174675617697557,-0.00193035163479334));
#9320=CARTESIAN_POINT('',(0.,1.46957615897682E-18,0.005));
#9321=CARTESIAN_POINT('',(0.,1.46957615897682E-18,0.005));
#9322=CARTESIAN_POINT('',(-0.003,0.0278388218141501,0.005));
#9323=CARTESIAN_POINT('',(0.003,0.0278388218141501,0.005));
#9324=CARTESIAN_POINT('',(0.003,0.0278388218141501,0.005));
#9325=CARTESIAN_POINT('',(0.003,0.0278388218141501,-0.005));
#9326=CARTESIAN_POINT('',(0.,1.46957615897682E-18,-0.005));
#9327=CARTESIAN_POINT('',(-0.003,0.0278388218141501,-0.005));
#9328=CARTESIAN_POINT('',(-0.003,0.0278388218141501,0.005));
#9329=CARTESIAN_POINT('',(0.,1.46957615897682E-18,-0.006));
#9330=CARTESIAN_POINT('',(0.,1.46957615897682E-18,-0.006));
#9331=CARTESIAN_POINT('',(0.025,1.46957615897682E-18,-0.006));
#9332=CARTESIAN_POINT('',(-0.003,0.032,-0.006));
#9333=CARTESIAN_POINT('',(-0.003,0.0295803989154981,-0.006));
#9334=CARTESIAN_POINT('',(-0.003,0.032,-0.006));
#9335=CARTESIAN_POINT('',(0.,0.032,-0.006));
#9336=CARTESIAN_POINT('',(0.003,0.032,-0.006));
#9337=CARTESIAN_POINT('',(0.003,1.71356071725425E-18,-0.006));
#9338=CARTESIAN_POINT('',(0.003,0.0295803989154981,-0.006));
#9339=CARTESIAN_POINT('',(0.005,0.0295803989154981,-0.006));
#9340=CARTESIAN_POINT('',(0.00466666666666666,0.0276083723211316,-0.006));
#9341=CARTESIAN_POINT('',(0.,1.46957615897682E-18,-0.006));
#9342=CARTESIAN_POINT('',(-0.00466666666666666,0.0276083723211316,-0.006));
#9343=CARTESIAN_POINT('',(-0.005,0.0295803989154981,-0.006));
#9344=CARTESIAN_POINT('',(0.,1.46957615897682E-18,0.006));
#9345=CARTESIAN_POINT('',(0.,1.46957615897682E-18,0.006));
#9346=CARTESIAN_POINT('',(0.025,1.46957615897682E-18,0.006));
#9347=CARTESIAN_POINT('',(0.003,0.032,0.006));
#9348=CARTESIAN_POINT('',(0.003,0.0295803989154981,0.006));
#9349=CARTESIAN_POINT('',(0.003,0.032,0.006));
#9350=CARTESIAN_POINT('',(0.,0.032,0.006));
#9351=CARTESIAN_POINT('',(-0.003,0.032,0.006));
#9352=CARTESIAN_POINT('',(-0.003,1.22559160069939E-18,0.006));
#9353=CARTESIAN_POINT('',(-0.003,0.0295803989154981,0.006));
#9354=CARTESIAN_POINT('',(-0.005,0.0295803989154981,0.006));
#9355=CARTESIAN_POINT('',(-0.00466666666666666,0.0276083723211316,0.006));
#9356=CARTESIAN_POINT('',(0.,1.46957615897682E-18,0.006));
#9357=CARTESIAN_POINT('',(0.00466666666666666,0.0276083723211316,0.006));
#9358=CARTESIAN_POINT('',(0.005,0.0295803989154981,0.006));
#9359=CARTESIAN_POINT('',(0.,1.46957615897682E-18,-0.005));
#9360=CARTESIAN_POINT('',(0.003,0.0293337603490808,-0.005));
#9361=CARTESIAN_POINT('',(0.003,0.032,-0.005));
#9362=CARTESIAN_POINT('',(0.,0.032,-0.005));
#9363=CARTESIAN_POINT('',(-0.003,0.032,-0.005));
#9364=CARTESIAN_POINT('',(-0.003,0.0293337603490808,-0.005));
#9365=CARTESIAN_POINT('',(0.,1.46957615897682E-18,-0.005));
#9366=CARTESIAN_POINT('',(0.024,1.46957615897682E-18,-0.005));
#9367=CARTESIAN_POINT('',(0.,0.032,-0.005));
#9368=CARTESIAN_POINT('',(0.002,0.032,-0.005));
#9369=CARTESIAN_POINT('',(0.,1.46957615897682E-18,0.005));
#9370=CARTESIAN_POINT('',(-0.003,0.0293337603490808,0.005));
#9371=CARTESIAN_POINT('',(-0.003,0.032,0.005));
#9372=CARTESIAN_POINT('',(0.,0.032,0.005));
#9373=CARTESIAN_POINT('',(0.003,0.032,0.005));
#9374=CARTESIAN_POINT('',(0.003,0.0293337603490808,0.005));
#9375=CARTESIAN_POINT('',(0.,1.46957615897682E-18,0.005));
#9376=CARTESIAN_POINT('',(0.024,1.46957615897682E-18,0.005));
#9377=CARTESIAN_POINT('',(0.,0.032,0.005));
#9378=CARTESIAN_POINT('',(0.002,0.032,0.005));
#9379=CARTESIAN_POINT('',(0.003,0.0293337603490808,-0.005002));
#9380=CARTESIAN_POINT('',(0.003,0.032,-0.005002));
#9381=CARTESIAN_POINT('',(-0.003,0.0293337603490808,-0.005002));
#9382=CARTESIAN_POINT('',(-0.003,0.032,-0.005002));
#9383=CARTESIAN_POINT('',(-0.004,0.0293337603490808,-0.005002));
#9384=CARTESIAN_POINT('',(-0.004,0.032,-0.005002));
#9385=CARTESIAN_POINT('',(-0.004,0.032,-0.005));
#9386=CARTESIAN_POINT('',(-0.004,0.032,0.005));
#9387=CARTESIAN_POINT('',(-0.004,0.0287228132326901,-0.005));
#9388=CARTESIAN_POINT('',(-0.004,0.0295803989154981,-0.005));
#9389=CARTESIAN_POINT('',(-0.004,0.0295803989154981,-0.005002));
#9390=CARTESIAN_POINT('',(-0.004,0.0295803989154981,0.005));
#9391=CARTESIAN_POINT('',(-0.004,0.0293337603490808,0.005));
#9392=CARTESIAN_POINT('',(0.004,0.0293337603490808,-0.005002));
#9393=CARTESIAN_POINT('',(0.004,0.0295803989154981,-0.006));
#9394=CARTESIAN_POINT('',(0.004,0.0295803989154981,0.005));
#9395=CARTESIAN_POINT('',(0.004,0.0295803989154981,-0.005));
#9396=CARTESIAN_POINT('',(0.004,0.0293337603490808,-0.005));
#9397=CARTESIAN_POINT('',(0.004,0.032,-0.005));
#9398=CARTESIAN_POINT('',(0.004,0.032,-0.005002));
#9399=CARTESIAN_POINT('',(0.004,0.032,0.005));
#9400=CARTESIAN_POINT('',(0.004,0.0287228132326901,0.005));
#9401=CARTESIAN_POINT('',(0.,0.032,-0.005002));
#9402=CARTESIAN_POINT('',(0.,0.032,-0.005));
#9403=CARTESIAN_POINT('',(0.,0.032,0.005));
#9404=CARTESIAN_POINT('',(0.,0.032,-0.005002));
#9405=CARTESIAN_POINT('',(0.,0.032,0.005));
#9406=CARTESIAN_POINT('',(0.003,0.032,0.005));
#9407=CARTESIAN_POINT('',(-0.003,0.032,0.005));
#9408=CARTESIAN_POINT('',(0.003,0.0293337603490808,0.005));
#9409=CARTESIAN_POINT('',(0.003,0.0295803989154981,0.005));
#9410=CARTESIAN_POINT('',(-0.003,1.22559160069939E-18,0.005));
#9411=CARTESIAN_POINT('',(-0.003,0.0295803989154981,0.005));
#9412=CARTESIAN_POINT('',(0.,1.46957615897682E-18,0.005));
#9413=CARTESIAN_POINT('',(0.00466666666666666,0.0276083723211316,0.005));
#9414=CARTESIAN_POINT('',(-0.00466666666666667,0.0276083723211316,0.005));
#9415=CARTESIAN_POINT('',(0.005,0.0295803989154981,0.005));
#9416=CARTESIAN_POINT('',(0.005,0.0295803989154981,0.005));
#9417=CARTESIAN_POINT('',(-0.005,0.0295803989154981,0.005));
#9418=CARTESIAN_POINT('',(-0.005,0.0295803989154981,0.005));
#9419=CARTESIAN_POINT('',(0.005,0.0295803989154981,0.005));
#9420=CARTESIAN_POINT('',(0.005,0.0295803989154981,-0.005));
#9421=CARTESIAN_POINT('',(-0.005,0.0295803989154981,0.005));
#9422=CARTESIAN_POINT('',(-0.005,0.0295803989154981,-0.005));
#9423=CARTESIAN_POINT('',(0.,1.46957615897682E-18,-0.005));
#9424=CARTESIAN_POINT('',(-0.00466666666666666,0.0276083723211316,-0.005));
#9425=CARTESIAN_POINT('',(0.00466666666666667,0.0276083723211316,-0.005));
#9426=CARTESIAN_POINT('',(0.005,0.0295803989154981,-0.005));
#9427=CARTESIAN_POINT('',(0.003,0.0295803989154981,-0.005));
#9428=CARTESIAN_POINT('',(-0.005,0.0295803989154981,-0.005));
#9429=CARTESIAN_POINT('',(-0.003,0.0295803989154981,-0.005));
#9430=CARTESIAN_POINT('',(0.003,0.0293337603490808,-0.005));
#9431=CARTESIAN_POINT('',(0.003,0.032,-0.005));
#9432=CARTESIAN_POINT('',(-0.003,1.22559160069939E-18,-0.005));
#9433=CARTESIAN_POINT('',(-0.003,0.032,-0.005));
#9434=CARTESIAN_POINT('',(0.,0.032,-0.005));
#9435=CARTESIAN_POINT('',(0.,1.46957615897682E-18,0.005));
#9436=CARTESIAN_POINT('',(0.,1.46957615897682E-18,-0.005));
#9437=CARTESIAN_POINT('',(0.,1.46957615897682E-18,0.005));
#9438=CARTESIAN_POINT('',(-0.016811629973666,-0.0230133927883534,0.00261005552128316));
#9439=CARTESIAN_POINT('',(-0.0167006836370833,-0.0230944407578864,0.00261005552128316));
#9440=CARTESIAN_POINT('',(-0.0164544281807192,-0.0232708885360328,0.00256224299332198));
#9441=CARTESIAN_POINT('',(-0.0163777862794339,-0.0233241348518586,0.00226877463508654));
#9442=CARTESIAN_POINT('',(-0.0163777862794339,-0.0233241348518586,0.00213092741106313));
#9443=CARTESIAN_POINT('',(-0.016811629973666,-0.0230133927883534,0.00261005552128316));
#9444=CARTESIAN_POINT('',(-0.0163777862794339,-0.0233241348518586,0.00213092741106313));
#9445=CARTESIAN_POINT('',(-0.0172395730466017,-0.0226945868253508,0.00213092741106313));
#9446=CARTESIAN_POINT('',(-0.0172395730466017,-0.0226945868253508,0.0022687131415252));
#9447=CARTESIAN_POINT('',(-0.0171656077283174,-0.0227513595075538,0.00256219054839176));
#9448=CARTESIAN_POINT('',(-0.0169226146294595,-0.0229323168260599,0.00261005552128316));
#9449=CARTESIAN_POINT('',(-0.016811629973666,-0.0230133927883534,0.00261005552128316));
#9450=CARTESIAN_POINT('',(-0.0172395730466017,-0.0226945868253508,0.00213092741106313));
#9451=CARTESIAN_POINT('',(-0.016811629973666,-0.0230133927883534,0.00164871478511207));
#9452=CARTESIAN_POINT('',(-0.0169229095888518,-0.0229321013537822,0.00164871478511207));
#9453=CARTESIAN_POINT('',(-0.0171665437259952,-0.022750652877436,0.00169779715916599));
#9454=CARTESIAN_POINT('',(-0.0172395730466017,-0.0226945868253508,0.00199268055644536));
#9455=CARTESIAN_POINT('',(-0.0172395730466017,-0.0226945868253508,0.00213092741106313));
#9456=CARTESIAN_POINT('',(-0.016811629973666,-0.0230133927883534,0.00164871478511207));
#9457=CARTESIAN_POINT('',(-0.0164865907723916,-0.0232473541442074,0.00177569401603948));
#9458=CARTESIAN_POINT('',(-0.0165722556281405,-0.0231866022232985,0.00167555055838452));
#9459=CARTESIAN_POINT('',(-0.0166953093418776,-0.0230983667614618,0.00164871478511207));
#9460=CARTESIAN_POINT('',(-0.016811629973666,-0.0230133927883534,0.00164871478511207));
#9461=CARTESIAN_POINT('',(-0.0164865907723915,-0.0232473541442073,0.00177569401603948));
#9462=CARTESIAN_POINT('',(-0.0163777862794339,-0.0233241348518586,0.00213092741106313));
#9463=CARTESIAN_POINT('',(-0.0163777862794339,-0.0233241348518586,0.00200016592145919));
#9464=CARTESIAN_POINT('',(-0.0164090647511385,-0.0233023341552092,0.00186632305823698));
#9465=CARTESIAN_POINT('',(-0.0164865907723915,-0.0232473541442073,0.00177569401603948));
#9466=CARTESIAN_POINT('',(-0.0163760062331797,-0.0233217022073331,0.00213092741106313));
#9467=CARTESIAN_POINT('',(-0.0166762407013901,-0.0237320082506488,0.00213092741106313));
#9468=CARTESIAN_POINT('',(-0.0163760062331797,-0.0233217022073331,0.0019787579683323));
#9469=CARTESIAN_POINT('',(-0.0166762407013901,-0.0237320082506488,0.0019787579683323));
#9470=CARTESIAN_POINT('',(-0.0164118240234613,-0.0232954931485272,0.00186034683665775));
#9471=CARTESIAN_POINT('',(-0.0167120584916718,-0.0237057991918429,0.00186034683665775));
#9472=CARTESIAN_POINT('',(-0.0164834596040245,-0.0232430750309154,0.00177569401603948));
#9473=CARTESIAN_POINT('',(-0.016783694072235,-0.0236533810742311,0.00177569401603948));
#9474=CARTESIAN_POINT('',(-0.0168239141779928,-0.0239338215875673,0.00213092741106313));
#9475=CARTESIAN_POINT('',(-0.0169313675488376,-0.0238551944111496,0.00177569401603948));
#9476=CARTESIAN_POINT('',(-0.0168066385676706,-0.0230065714395031,0.00261005552128316));
#9477=CARTESIAN_POINT('',(-0.0171087122864836,-0.0234193910371148,0.00261005552128316));
#9478=CARTESIAN_POINT('',(-0.0165195430749114,-0.0232166486830592,0.00261005552128316));
#9479=CARTESIAN_POINT('',(-0.0168216167937244,-0.0236294682806709,0.00261005552128316));
#9480=CARTESIAN_POINT('',(-0.0163759953285318,-0.0233216873048372,0.00245034615120981));
#9481=CARTESIAN_POINT('',(-0.0166780690473448,-0.0237345069024489,0.00245034615120981));
#9482=CARTESIAN_POINT('',(-0.0163759953285318,-0.0233216873048372,0.00213092741106313));
#9483=CARTESIAN_POINT('',(-0.0166780690473448,-0.0237345069024489,0.00213092741106313));
#9484=CARTESIAN_POINT('',(-0.0172545574171316,-0.0236187057222331,0.00261005552128316));
#9485=CARTESIAN_POINT('',(-0.0172377848873815,-0.0226921430934942,0.00213092741106313));
#9486=CARTESIAN_POINT('',(-0.0175393877425053,-0.0231043191999758,0.00213092741106313));
#9487=CARTESIAN_POINT('',(-0.0172377848873815,-0.0226921430934942,0.00245034615120981));
#9488=CARTESIAN_POINT('',(-0.0175393877425053,-0.0231043191999758,0.00245034615120981));
#9489=CARTESIAN_POINT('',(-0.0170942371410019,-0.0227971817152723,0.00261005552128316));
#9490=CARTESIAN_POINT('',(-0.0173958399961257,-0.0232093578217538,0.00261005552128316));
#9491=CARTESIAN_POINT('',(-0.0168071416482427,-0.0230072589588284,0.00261005552128316));
#9492=CARTESIAN_POINT('',(-0.0171087445033665,-0.02341943506531,0.00261005552128316));
#9493=CARTESIAN_POINT('',(-0.0176852006562704,-0.023303589856899,0.00213092741106313));
#9494=CARTESIAN_POINT('',(-0.0168071416359281,-0.023007258941999,0.00164871478511207));
#9495=CARTESIAN_POINT('',(-0.017108746568123,-0.0234194378870448,0.00164871478511207));
#9496=CARTESIAN_POINT('',(-0.0170942371286873,-0.0227971816984428,0.00164871478511207));
#9497=CARTESIAN_POINT('',(-0.0173958420608822,-0.0232093606434887,0.00164871478511207));
#9498=CARTESIAN_POINT('',(-0.0172377848750669,-0.0226921430766648,0.00180945232709576));
#9499=CARTESIAN_POINT('',(-0.0175393898072618,-0.0231043220217106,0.00180945232709576));
#9500=CARTESIAN_POINT('',(-0.0172377848750669,-0.0226921430766648,0.00213092741106313));
#9501=CARTESIAN_POINT('',(-0.0175393898072618,-0.0231043220217106,0.00213092741106313));
#9502=CARTESIAN_POINT('',(-0.0172545574171316,-0.0236187057222331,0.00164871478511207));
#9503=CARTESIAN_POINT('',(-0.0164848079282221,-0.0232449176759985,0.00177569401603948));
#9504=CARTESIAN_POINT('',(-0.016785514311457,-0.0236558686472186,0.00177569401603948));
#9505=CARTESIAN_POINT('',(-0.0165564435087854,-0.0231924995583867,0.00169104119542121));
#9506=CARTESIAN_POINT('',(-0.0168571498920202,-0.0236034505296069,0.00169104119542121));
#9507=CARTESIAN_POINT('',(-0.0166641734648834,-0.0231136699954146,0.00164871478511207));
#9508=CARTESIAN_POINT('',(-0.0169648798481182,-0.0235246209666347,0.00164871478511207));
#9509=CARTESIAN_POINT('',(-0.0168079977965161,-0.0230084289870821,0.00164871478511207));
#9510=CARTESIAN_POINT('',(-0.0171087041797509,-0.0234193799583022,0.00164871478511207));
#9511=CARTESIAN_POINT('',(0.,1.46957615897682E-18,0.005));
#9512=CARTESIAN_POINT('',(-0.0260381237447496,-0.0115872025034348,0.000806641990540818));
#9513=CARTESIAN_POINT('',(-0.0260381237447496,-0.0115872025034348,0.000997356976386913));
#9514=CARTESIAN_POINT('',(-0.0260573516351712,-0.0115448050322993,0.00119790030423631));
#9515=CARTESIAN_POINT('',(-0.0261153065680333,-0.0114121826510154,0.00132432654739872));
#9516=CARTESIAN_POINT('',(-0.0260381237447496,-0.0115872025034348,0.000806641990540818));
#9517=CARTESIAN_POINT('',(-0.0261153065680333,-0.0114121826510154,0.00132432654739872));
#9518=CARTESIAN_POINT('',(-0.0261301082430169,-0.0113782508853831,0.000278675714579477));
#9519=CARTESIAN_POINT('',(-0.0260674107024813,-0.0115222355397267,0.000403515076966216));
#9520=CARTESIAN_POINT('',(-0.0260381237447497,-0.0115872025034348,0.000606941944116112));
#9521=CARTESIAN_POINT('',(-0.0260381237447496,-0.0115872025034348,0.000806641990540818));
#9522=CARTESIAN_POINT('',(-0.0261301082430169,-0.0113782508853831,0.000278675714579477));
#9523=CARTESIAN_POINT('',(-0.0263967071616165,-0.0107452780804576,9.72033724038656E-5));
#9524=CARTESIAN_POINT('',(-0.0263054208762326,-0.010969530754526,9.72033724038656E-5));
#9525=CARTESIAN_POINT('',(-0.0262064096267688,-0.0112030250587939,0.000126749243214909));
#9526=CARTESIAN_POINT('',(-0.0261301082430169,-0.0113782508853831,0.000278675714579477));
#9527=CARTESIAN_POINT('',(-0.0263967071616165,-0.0107452780804576,9.72033724038653E-5));
#9528=CARTESIAN_POINT('',(0.,1.46957615897682E-18,9.72033724038653E-5));
#9529=CARTESIAN_POINT('',(-0.0265186279896472,-0.0104407624026793,9.72033724038656E-5));
#9530=CARTESIAN_POINT('',(-0.0265186279896472,-0.0104407624026793,0.005));
#9531=CARTESIAN_POINT('',(-0.0265186279896472,-0.0104407624026793,0.00149140448282953));
#9532=CARTESIAN_POINT('',(0.,1.46957615897682E-18,0.00149140448282953));
#9533=CARTESIAN_POINT('',(-0.0263495494894223,-0.0108604047671798,0.00149140448282953));
#9534=CARTESIAN_POINT('',(-0.0261153065680333,-0.0114121826510154,0.00132432654739872));
#9535=CARTESIAN_POINT('',(-0.0261800811716434,-0.0112639543337136,0.00146562961483974));
#9536=CARTESIAN_POINT('',(-0.0262685650174057,-0.0110568895574822,0.00149140448282953));
#9537=CARTESIAN_POINT('',(-0.0263495494894223,-0.0108604047671798,0.00149140448282953));
#9538=CARTESIAN_POINT('',(-0.0268675782918096,-0.00950685998297973,0.005));
#9539=CARTESIAN_POINT('',(-0.0268675782918096,-0.00950685998297973,-0.00238994447871684));
#9540=CARTESIAN_POINT('',(-0.0268675782918096,-0.00950685998297973,0.0023077729796422));
#9541=CARTESIAN_POINT('',(0.,1.46957615897682E-18,-0.00238994447871684));
#9542=CARTESIAN_POINT('',(-0.0265186279896472,-0.0104407624026793,-0.00238994447871684));
#9543=CARTESIAN_POINT('',(-0.0265186279896472,-0.0104407624026793,0.005));
#9544=CARTESIAN_POINT('',(-0.0265186279896472,-0.0104407624026793,-0.000719165124408801));
#9545=CARTESIAN_POINT('',(0.,1.46957615897682E-18,-0.000719165124408801));
#9546=CARTESIAN_POINT('',(-0.0263593339096674,-0.0108366353561039,-0.000719165124408801));
#9547=CARTESIAN_POINT('',(-0.0258173570345995,-0.0120710904954985,-0.0003176639934197));
#9548=CARTESIAN_POINT('',(-0.0259736497197417,-0.0117368154723997,-0.000629948935769106));
#9549=CARTESIAN_POINT('',(-0.0261766549892684,-0.011280988654228,-0.000719165124408801));
#9550=CARTESIAN_POINT('',(-0.0263593339096674,-0.0108366353561039,-0.000719165124408801));
#9551=CARTESIAN_POINT('',(-0.0258173570345995,-0.0120710904954985,-0.0003176639934197));
#9552=CARTESIAN_POINT('',(-0.0256127610134015,-0.0124993449137497,0.000842628007402838));
#9553=CARTESIAN_POINT('',(-0.0256127610134015,-0.0124993449137497,0.000407974942444114));
#9554=CARTESIAN_POINT('',(-0.0256762892676762,-0.0123728028309409,-3.57996219621809E-5));
#9555=CARTESIAN_POINT('',(-0.0258173570345995,-0.0120710904954985,-0.0003176639934197));
#9556=CARTESIAN_POINT('',(-0.0256127610134015,-0.0124993449137497,0.000842628007402838));
#9557=CARTESIAN_POINT('',(-0.0258049203195616,-0.012097654206646,0.00193968743573926));
#9558=CARTESIAN_POINT('',(-0.0256701119840853,-0.012385207338514,0.00167706505773106));
#9559=CARTESIAN_POINT('',(-0.0256127610134015,-0.0124993449137497,0.00125270790087744));
#9560=CARTESIAN_POINT('',(-0.0256127610134015,-0.0124993449137497,0.000842628007402838));
#9561=CARTESIAN_POINT('',(-0.0258049203195615,-0.012097654206646,0.00193968743573926));
#9562=CARTESIAN_POINT('',(-0.0263299164325104,-0.0109079168799328,0.0023077729796422));
#9563=CARTESIAN_POINT('',(-0.0261535928213792,-0.0113335330628635,0.0023077729796422));
#9564=CARTESIAN_POINT('',(-0.0259563667026505,-0.0117746112611674,0.00223472267318984));
#9565=CARTESIAN_POINT('',(-0.0258049203195616,-0.012097654206646,0.00193968743573926));
#9566=CARTESIAN_POINT('',(-0.0263299164325103,-0.0109079168799328,0.0023077729796422));
#9567=CARTESIAN_POINT('',(0.,1.46957615897682E-18,0.0023077729796422));
#9568=CARTESIAN_POINT('',(-0.0271290881582986,-0.0109396532048656,0.00149140448282953));
#9569=CARTESIAN_POINT('',(0.,1.46957615897682E-18,0.00149140448282953));
#9570=CARTESIAN_POINT('',(-0.0268112574569829,-0.0110524419734002,0.00149140448282953));
#9571=CARTESIAN_POINT('',(-0.0269804162701646,-0.0106328330132958,0.00149140448282953));
#9572=CARTESIAN_POINT('',(-0.0270422204902405,-0.011148505933226,0.00149140448282953));
#9573=CARTESIAN_POINT('',(-0.0272159558263566,-0.0107308004765053,0.00149140448282953));
#9574=CARTESIAN_POINT('',(-0.0272159558263566,-0.0107308004765053,0.000794303927616697));
#9575=CARTESIAN_POINT('',(-0.0269804162701646,-0.0106328330132958,0.005));
#9576=CARTESIAN_POINT('',(-0.0269804162701646,-0.0106328330132958,9.72033724038656E-5));
#9577=CARTESIAN_POINT('',(-0.0272159558263566,-0.0107308004765053,9.72033724038656E-5));
#9578=CARTESIAN_POINT('',(-0.0271529767670146,-0.0108822187045665,9.72033724038656E-5));
#9579=CARTESIAN_POINT('',(0.,1.46957615897682E-18,9.72033724038653E-5));
#9580=CARTESIAN_POINT('',(-0.026858425812412,-0.010937319730133,9.72033724038653E-5));
#9581=CARTESIAN_POINT('',(-0.0270899977076724,-0.0110336369326278,9.72033724038656E-5));
#9582=CARTESIAN_POINT('',(-0.0263910781071026,-0.010742936799868,9.72033724038656E-5));
#9583=CARTESIAN_POINT('',(-0.0268619894327887,-0.010938801939125,9.72033724038656E-5));
#9584=CARTESIAN_POINT('',(-0.0262736751375453,-0.0110252044266823,9.72033724038656E-5));
#9585=CARTESIAN_POINT('',(-0.0267445864632314,-0.0112210695659393,9.72033724038656E-5));
#9586=CARTESIAN_POINT('',(-0.0261857545280562,-0.0112365887032652,0.000157694153129069));
#9587=CARTESIAN_POINT('',(-0.0266566658537423,-0.0114324538425222,0.000157694153129069));
#9588=CARTESIAN_POINT('',(-0.0261273162786353,-0.0113770896296167,0.000278675714579477));
#9589=CARTESIAN_POINT('',(-0.0265982276043214,-0.0115729547688737,0.000278675714579477));
#9590=CARTESIAN_POINT('',(-0.0268584258124121,-0.0109373197301331,9.72033724038656E-5));
#9591=CARTESIAN_POINT('',(-0.0267671103495716,-0.0111615601880095,9.72033724038656E-5));
#9592=CARTESIAN_POINT('',(-0.0266681270353967,-0.0113950658702743,0.000126749007176664));
#9593=CARTESIAN_POINT('',(-0.0265918758219265,-0.0115703128856242,0.000278675714579477));
#9594=CARTESIAN_POINT('',(-0.0265918758219265,-0.0115703128856242,0.000278675714579477));
#9595=CARTESIAN_POINT('',(-0.0268262358792052,-0.0116677897623765,0.000278675714579477));
#9596=CARTESIAN_POINT('',(-0.0261229845506626,-0.0113752879432772,0.000278675714579477));
#9597=CARTESIAN_POINT('',(-0.0265946723901448,-0.0115714760562545,0.000278675714579477));
#9598=CARTESIAN_POINT('',(-0.0260645463012418,-0.0115157888696288,0.000399657276029896));
#9599=CARTESIAN_POINT('',(-0.0265362341407239,-0.011711976982606,0.000399657276029896));
#9600=CARTESIAN_POINT('',(-0.0260353271765313,-0.0115860393328045,0.000575646034683665));
#9601=CARTESIAN_POINT('',(-0.0265070150160135,-0.0117822274457818,0.000575646034683665));
#9602=CARTESIAN_POINT('',(-0.0260353271765313,-0.0115860393328045,0.000806641990540818));
#9603=CARTESIAN_POINT('',(-0.0265070150160135,-0.0117822274457818,0.000806641990540818));
#9604=CARTESIAN_POINT('',(-0.0265918758219265,-0.0115703128856242,0.000278675714579477));
#9605=CARTESIAN_POINT('',(-0.0265292195127638,-0.0117143149371837,0.000403515258973449));
#9606=CARTESIAN_POINT('',(-0.02649996596852,-0.0117792955505531,0.000606942230150355));
#9607=CARTESIAN_POINT('',(-0.02649996596852,-0.0117792955505531,0.000806641990540818));
#9608=CARTESIAN_POINT('',(-0.02649996596852,-0.0117792955505531,0.000806641990540818));
#9609=CARTESIAN_POINT('',(-0.0267385785050738,-0.0118785411519037,0.000806641990540818));
#9610=CARTESIAN_POINT('',(-0.0260353306375812,-0.0115860407723516,0.000806641990540818));
#9611=CARTESIAN_POINT('',(-0.0265064347133211,-0.0117819860817256,0.000806641990540818));
#9612=CARTESIAN_POINT('',(-0.0260353306375812,-0.0115860407723516,0.00104037973815889));
#9613=CARTESIAN_POINT('',(-0.0265064347133211,-0.0117819860817256,0.00104037973815889));
#9614=CARTESIAN_POINT('',(-0.0260598115258521,-0.0115271822761773,0.00121294125711152));
#9615=CARTESIAN_POINT('',(-0.026530915601592,-0.0117231275855513,0.00121294125711152));
#9616=CARTESIAN_POINT('',(-0.0261087733023939,-0.0114094652838287,0.00132432654739872));
#9617=CARTESIAN_POINT('',(-0.0265798773781338,-0.0116054105932028,0.00132432654739872));
#9618=CARTESIAN_POINT('',(-0.02649996596852,-0.0117792955505531,0.000806641990540818));
#9619=CARTESIAN_POINT('',(-0.02649996596852,-0.0117792955505531,0.000997356735341077));
#9620=CARTESIAN_POINT('',(-0.0265191703000099,-0.0117368885964824,0.00119790004942691));
#9621=CARTESIAN_POINT('',(-0.0265770842709654,-0.0116042488621195,0.00132432654739872));
#9622=CARTESIAN_POINT('',(-0.0265770842709654,-0.0116042488621195,0.00132432654739872));
#9623=CARTESIAN_POINT('',(-0.0268120211698866,-0.0117019656633809,0.00132432654739872));
#9624=CARTESIAN_POINT('',(-0.0261125111797983,-0.0114110199711731,0.00132432654739872));
#9625=CARTESIAN_POINT('',(-0.0265839999954306,-0.0116071253045866,0.00132432654739872));
#9626=CARTESIAN_POINT('',(-0.0261614729563401,-0.0112933029788245,0.00143571183768593));
#9627=CARTESIAN_POINT('',(-0.0266329617719724,-0.0114894083122381,0.00143571183768593));
#9628=CARTESIAN_POINT('',(-0.0262382060631248,-0.0111088164021062,0.00149140448282953));
#9629=CARTESIAN_POINT('',(-0.026709694878757,-0.0113049217355197,0.00149140448282953));
#9630=CARTESIAN_POINT('',(-0.0263427105001523,-0.0108575602410181,0.00149140448282953));
#9631=CARTESIAN_POINT('',(-0.0268141993157845,-0.0110536655744317,0.00149140448282953));
#9632=CARTESIAN_POINT('',(-0.0265770842709654,-0.0116042488621195,0.00132432654739872));
#9633=CARTESIAN_POINT('',(-0.0266418130923413,-0.0114560011503626,0.00146562989906622));
#9634=CARTESIAN_POINT('',(-0.0267302622275548,-0.0112489219869766,0.00149140448282953));
#9635=CARTESIAN_POINT('',(-0.0268112574569829,-0.0110524419734002,0.00149140448282953));
#9636=CARTESIAN_POINT('',(-0.027310523128629,-0.0105034358017675,0.0023077729796422));
#9637=CARTESIAN_POINT('',(-0.0275985684188488,-0.0098108991411363,0.0023077729796422));
#9638=CARTESIAN_POINT('',(-0.0270224778384091,-0.0111959724623988,0.0023077729796422));
#9639=CARTESIAN_POINT('',(-0.0275985684188488,-0.0098108991411363,-4.10857495373229E-5));
#9640=CARTESIAN_POINT('',(-0.0275985684188488,-0.0098108991411363,-0.00238994447871684));
#9641=CARTESIAN_POINT('',(-0.0274072621226027,-0.0102708498088208,-0.00238994447871684));
#9642=CARTESIAN_POINT('',(-0.0272159558263566,-0.0107308004765053,-0.00238994447871684));
#9643=CARTESIAN_POINT('',(-0.0272159558263566,-0.0107308004765053,-0.00155455480156282));
#9644=CARTESIAN_POINT('',(-0.0272159558263566,-0.0107308004765053,-0.000719165124408801));
#9645=CARTESIAN_POINT('',(-0.0271340238212564,-0.0109277865725724,-0.000719165124408801));
#9646=CARTESIAN_POINT('',(-0.0270520918161562,-0.0111247726686396,-0.000719165124408801));
#9647=CARTESIAN_POINT('',(-0.0258144384336557,-0.012069876568058,-0.0003176639934197));
#9648=CARTESIAN_POINT('',(-0.0263067091261841,-0.0122746256630256,-0.0003176639934197));
#9649=CARTESIAN_POINT('',(-0.0259357899335792,-0.0117781156354092,-0.000585331414079101));
#9650=CARTESIAN_POINT('',(-0.0264280606261077,-0.0119828647303767,-0.000585331414079101));
#9651=CARTESIAN_POINT('',(-0.0261083407105855,-0.0113632581704388,-0.000719165124408801));
#9652=CARTESIAN_POINT('',(-0.026600611403114,-0.0115680072654064,-0.000719165124408801));
#9653=CARTESIAN_POINT('',(-0.0263320907646745,-0.010825304173147,-0.000719165124408801));
#9654=CARTESIAN_POINT('',(-0.026824361457203,-0.0110300532681146,-0.000719165124408801));
#9655=CARTESIAN_POINT('',(-0.0265344394851373,-0.0123693450635505,-0.0003176639934197));
#9656=CARTESIAN_POINT('',(-0.0256098528250832,-0.0124981353172103,0.000842628007402838));
#9657=CARTESIAN_POINT('',(-0.026100367254766,-0.0127021539335334,0.000842628007402838));
#9658=CARTESIAN_POINT('',(-0.0256098528250832,-0.0124981353172103,0.00033676742751388));
#9659=CARTESIAN_POINT('',(-0.026100367254766,-0.0127021539335334,0.00033676742751388));
#9660=CARTESIAN_POINT('',(-0.025670528575045,-0.0123522548508858,-4.99965727602993E-5));
#9661=CARTESIAN_POINT('',(-0.0261610430047277,-0.012556273467209,-4.99965727602993E-5));
#9662=CARTESIAN_POINT('',(-0.0257918800749685,-0.012060493918237,-0.0003176639934197));
#9663=CARTESIAN_POINT('',(-0.0262823945046513,-0.0122645125345601,-0.0003176639934197));
#9664=CARTESIAN_POINT('',(-0.026352412235252,-0.0128069864625238,0.000842628007402838));
#9665=CARTESIAN_POINT('',(-0.0257806337411841,-0.01208755274211,0.00193968743573926));
#9666=CARTESIAN_POINT('',(-0.0262699712554405,-0.0122910818465202,0.00193968743573926));
#9667=CARTESIAN_POINT('',(-0.0256667844489554,-0.0123612763936757,0.00169429707313505));
#9668=CARTESIAN_POINT('',(-0.0261561219632118,-0.0125648054980858,0.00169429707313505));
#9669=CARTESIAN_POINT('',(-0.0256098598028426,-0.0124981382194548,0.00132861059702516));
#9670=CARTESIAN_POINT('',(-0.026099197317099,-0.0127016673238649,0.00132861059702516));
#9671=CARTESIAN_POINT('',(-0.0256098598028426,-0.0124981382194548,0.000842628007402838));
#9672=CARTESIAN_POINT('',(-0.026099197317099,-0.0127016673238649,0.000842628007402838));
#9673=CARTESIAN_POINT('',(-0.0265231861735934,-0.012396400985179,0.00193968743573926));
#9674=CARTESIAN_POINT('',(-0.0263012864270075,-0.0108960088630539,0.0023077729796422));
#9675=CARTESIAN_POINT('',(-0.0267947304366934,-0.0111012459733141,0.0023077729796422));
#9676=CARTESIAN_POINT('',(-0.0260822746093581,-0.0114225708933442,0.0023077729796422));
#9677=CARTESIAN_POINT('',(-0.026575718619044,-0.0116278080036044,0.0023077729796422));
#9678=CARTESIAN_POINT('',(-0.0259158440544195,-0.0118227137342709,0.00218507779834121));
#9679=CARTESIAN_POINT('',(-0.0264092880641054,-0.0120279508445312,0.00218507779834121));
#9680=CARTESIAN_POINT('',(-0.0258019947621919,-0.0120964373858341,0.00193968743573926));
#9681=CARTESIAN_POINT('',(-0.0262954387718778,-0.0123016744960944,0.00193968743573926));
#9682=CARTESIAN_POINT('',(0.,1.46957615897682E-18,0.005));
#9683=CARTESIAN_POINT('',(0.,1.46957615897682E-18,0.005));
#9684=CARTESIAN_POINT('',(0.0257426658040901,-0.0122295669302487,-0.00193035163479334));
#9685=CARTESIAN_POINT('',(0.0257426658040901,-0.0122295669302487,-0.00207708674759514));
#9686=CARTESIAN_POINT('',(0.0257244276280036,-0.0122683307825132,-0.00222669151211815));
#9687=CARTESIAN_POINT('',(0.0256790008163291,-0.012362688505235,-0.00233031050791693));
#9688=CARTESIAN_POINT('',(0.0257426658040901,-0.0122295669302487,-0.00193035163479334));
#9689=CARTESIAN_POINT('',(0.0256790008163291,-0.012362688505235,-0.00233031050791693));
#9690=CARTESIAN_POINT('',(0.0256796698408936,-0.012361298753173,-0.00152576598807321));
#9691=CARTESIAN_POINT('',(0.0257260099866247,-0.0122650305805065,-0.00162921132790662));
#9692=CARTESIAN_POINT('',(0.0257426658040901,-0.0122295669302487,-0.00178230548612784));
#9693=CARTESIAN_POINT('',(0.0257426658040901,-0.0122295669302487,-0.00193035163479334));
#9694=CARTESIAN_POINT('',(0.0256796698408936,-0.012361298753173,-0.00152576598807321));
#9695=CARTESIAN_POINT('',(0.0254981577362383,-0.0127315003852809,-0.00138439235040099));
#9696=CARTESIAN_POINT('',(0.0255650158557074,-0.0125975995232787,-0.00138439235040099));
#9697=CARTESIAN_POINT('',(0.0256327673559147,-0.012458735143396,-0.00142106533551516));
#9698=CARTESIAN_POINT('',(0.0256796698408936,-0.012361298753173,-0.00152576598807321));
#9699=CARTESIAN_POINT('',(0.0254981577362383,-0.0127315003852809,-0.00138439235040099));
#9700=CARTESIAN_POINT('',(0.0253072885592946,-0.0131068034157493,-0.00152268147234218));
#9701=CARTESIAN_POINT('',(0.0253580981484871,-0.0130086976538419,-0.00141692996353648));
#9702=CARTESIAN_POINT('',(0.025430242647376,-0.0128675181048017,-0.00138439235040099));
#9703=CARTESIAN_POINT('',(0.0254981577362384,-0.0127315003852809,-0.00138439235040099));
#9704=CARTESIAN_POINT('',(0.0253072885592946,-0.0131068034157493,-0.00152268147234218));
#9705=CARTESIAN_POINT('',(0.025240518062877,-0.0132349309752669,-0.00193035163479334));
#9706=CARTESIAN_POINT('',(0.025240518062877,-0.0132349309752669,-0.0017814434294829));
#9707=CARTESIAN_POINT('',(0.0252574942959952,-0.0132029487343246,-0.00162631975317581));
#9708=CARTESIAN_POINT('',(0.0253072885592945,-0.0131068034157492,-0.00152268147234218));
#9709=CARTESIAN_POINT('',(0.025240518062877,-0.0132349309752669,-0.00193035163479334));
#9710=CARTESIAN_POINT('',(0.0253087071147223,-0.0131040640331046,-0.00233339502364796));
#9711=CARTESIAN_POINT('',(0.0252597069963283,-0.0131987010588309,-0.00223017915688118));
#9712=CARTESIAN_POINT('',(0.025240518062877,-0.0132349309752669,-0.0020781080324998));
#9713=CARTESIAN_POINT('',(0.025240518062877,-0.0132349309752669,-0.00193035163479334));
#9714=CARTESIAN_POINT('',(0.0253087071147223,-0.0131040640331046,-0.00233339502364796));
#9715=CARTESIAN_POINT('',(0.0254981577362383,-0.0127315003852809,-0.00247631091918569));
#9716=CARTESIAN_POINT('',(0.0254304044603393,-0.0128671940320421,-0.00247631091918569));
#9717=CARTESIAN_POINT('',(0.0253590917519848,-0.0130067529985785,-0.00243952729796131));
#9718=CARTESIAN_POINT('',(0.0253087071147223,-0.0131040640331046,-0.00233339502364796));
#9719=CARTESIAN_POINT('',(0.0254981577362383,-0.0127315003852809,-0.00247631091918569));
#9720=CARTESIAN_POINT('',(0.0256790008163291,-0.012362688505235,-0.00233031050791693));
#9721=CARTESIAN_POINT('',(0.0256326133544404,-0.0124590416303019,-0.00243612075612467));
#9722=CARTESIAN_POINT('',(0.0255650895142337,-0.0125974520028243,-0.00247631091918569));
#9723=CARTESIAN_POINT('',(0.0254981577362383,-0.0127315003852809,-0.00247631091918569));
#9724=CARTESIAN_POINT('',(0.0256763011066149,-0.0123613430658196,-0.00233031050791693));
#9725=CARTESIAN_POINT('',(0.0261316521450687,-0.0125882738472119,-0.00233031050791693));
#9726=CARTESIAN_POINT('',(0.0256324276059684,-0.0124493780338281,-0.00242764411542944));
#9727=CARTESIAN_POINT('',(0.0260877786444222,-0.0126763088152203,-0.00242764411542944));
#9728=CARTESIAN_POINT('',(0.0255713563045458,-0.0125719214823277,-0.00247631091918569));
#9729=CARTESIAN_POINT('',(0.0260267073429996,-0.0127988522637199,-0.00247631091918569));
#9730=CARTESIAN_POINT('',(0.0254930872023471,-0.0127289734113183,-0.00247631091918569));
#9731=CARTESIAN_POINT('',(0.0259484382408009,-0.0129559041927106,-0.00247631091918569));
#9732=CARTESIAN_POINT('',(0.0263526826738491,-0.0126984276107302,-0.00233031050791693));
#9733=CARTESIAN_POINT('',(0.0261694687695814,-0.0130660579562289,-0.00247631091918569));
#9734=CARTESIAN_POINT('',(0.0257399673820953,-0.0122282221325869,-0.00193035163479334));
#9735=CARTESIAN_POINT('',(0.0261951012252152,-0.0124550446715406,-0.00193035163479334));
#9736=CARTESIAN_POINT('',(0.0257399673820953,-0.0122282221325869,-0.00209965727602989));
#9737=CARTESIAN_POINT('',(0.0261951012252152,-0.0124550446715406,-0.00209965727602989));
#9738=CARTESIAN_POINT('',(0.025718030631772,-0.0122722396165912,-0.00223297690040441));
#9739=CARTESIAN_POINT('',(0.026173164474892,-0.0124990621555448,-0.00223297690040441));
#9740=CARTESIAN_POINT('',(0.0256741571311255,-0.0123602745845996,-0.00233031050791693));
#9741=CARTESIAN_POINT('',(0.0261292909742454,-0.0125870971235532,-0.00233031050791693));
#9742=CARTESIAN_POINT('',(0.0264184929248189,-0.0125663751587176,-0.00193035163479334));
#9743=CARTESIAN_POINT('',(0.0256748451545269,-0.012358894300883,-0.00152576598807321));
#9744=CARTESIAN_POINT('',(0.0261299602131776,-0.0125857074783245,-0.00152576598807321));
#9745=CARTESIAN_POINT('',(0.0257182600471527,-0.012271779559021,-0.00162001507985469));
#9746=CARTESIAN_POINT('',(0.0261733751058034,-0.0124985927364624,-0.00162001507985469));
#9747=CARTESIAN_POINT('',(0.0257399674934656,-0.01222822218809,-0.00175487696209473));
#9748=CARTESIAN_POINT('',(0.0261950825521163,-0.0124550353655314,-0.00175487696209473));
#9749=CARTESIAN_POINT('',(0.0257399674934656,-0.01222822218809,-0.00193035163479334));
#9750=CARTESIAN_POINT('',(0.0261950825521163,-0.0124550353655314,-0.00193035163479334));
#9751=CARTESIAN_POINT('',(0.0263533705858802,-0.0126970472715106,-0.00152576598807321));
#9752=CARTESIAN_POINT('',(0.0254930682032614,-0.0127289639428489,-0.00138439235040099));
#9753=CARTESIAN_POINT('',(0.025948438068164,-0.0129559041066745,-0.00138439235040099));
#9754=CARTESIAN_POINT('',(0.0255722545215014,-0.0125700715615654,-0.00138439235040099));
#9755=CARTESIAN_POINT('',(0.0260276243864041,-0.0127970117253909,-0.00138439235040099));
#9756=CARTESIAN_POINT('',(0.0256335551269344,-0.0124470679999926,-0.00143151689629173));
#9757=CARTESIAN_POINT('',(0.026088924991837,-0.0126740081638181,-0.00143151689629173));
#9758=CARTESIAN_POINT('',(0.0256769700195602,-0.0123599532581306,-0.00152576598807321));
#9759=CARTESIAN_POINT('',(0.0261323398844628,-0.0125868934219561,-0.00152576598807321));
#9760=CARTESIAN_POINT('',(0.0261694687695814,-0.0130660579562289,-0.00138439235040099));
#9761=CARTESIAN_POINT('',(0.0253045848390288,-0.0131054559776175,-0.00152268147234218));
#9762=CARTESIAN_POINT('',(0.0257606123238593,-0.0133327238758533,-0.00152268147234218));
#9763=CARTESIAN_POINT('',(0.0253475411236339,-0.0130192614619019,-0.00143048872438139));
#9764=CARTESIAN_POINT('',(0.0258035686084644,-0.0132465293601377,-0.00143048872438139));
#9765=CARTESIAN_POINT('',(0.0254101411184589,-0.0128936505929142,-0.00138439235040099));
#9766=CARTESIAN_POINT('',(0.0258661686032893,-0.0131209184911501,-0.00138439235040099));
#9767=CARTESIAN_POINT('',(0.0254923848235036,-0.0127286233706544,-0.00138439235040099));
#9768=CARTESIAN_POINT('',(0.025948412308334,-0.0129558912688903,-0.00138439235040099));
#9769=CARTESIAN_POINT('',(0.0259816687851066,-0.013442890563192,-0.00152268147234218));
#9770=CARTESIAN_POINT('',(0.0252378184237771,-0.0132335855710432,-0.00193035163479334));
#9771=CARTESIAN_POINT('',(0.0256931575519543,-0.0134605104167767,-0.00193035163479334));
#9772=CARTESIAN_POINT('',(0.0252378184237771,-0.0132335855710432,-0.00175076427445336));
#9773=CARTESIAN_POINT('',(0.0256931575519543,-0.0134605104167767,-0.00175076427445336));
#9774=CARTESIAN_POINT('',(0.0252592965660797,-0.0131904883131854,-0.00161487422030297));
#9775=CARTESIAN_POINT('',(0.0257146356942568,-0.0134174131589189,-0.00161487422030297));
#9776=CARTESIAN_POINT('',(0.0253022528506848,-0.0131042937974698,-0.00152268147234218));
#9777=CARTESIAN_POINT('',(0.025757591978862,-0.0133312186432033,-0.00152268147234218));
#9778=CARTESIAN_POINT('',(0.0259172343581989,-0.0135721823367653,-0.00193035163479334));
#9779=CARTESIAN_POINT('',(0.0253036284227807,-0.0131015329934595,-0.00233339502364796));
#9780=CARTESIAN_POINT('',(0.0257590100492625,-0.0133284790188383,-0.00233339502364796));
#9781=CARTESIAN_POINT('',(0.0252597549221342,-0.013189567961468,-0.00223811775995613));
#9782=CARTESIAN_POINT('',(0.025715136548616,-0.0134165139868468,-0.00223811775995613));
#9783=CARTESIAN_POINT('',(0.0252378181718109,-0.0132335854454722,-0.00210376996367126));
#9784=CARTESIAN_POINT('',(0.0256931997982928,-0.013460531470851,-0.00210376996367126));
#9785=CARTESIAN_POINT('',(0.0252378181718109,-0.0132335854454722,-0.00193035163479334));
#9786=CARTESIAN_POINT('',(0.0256931997982928,-0.013460531470851,-0.00193035163479334));
#9787=CARTESIAN_POINT('',(0.0259830446091686,-0.0134401298847527,-0.00233339502364796));
#9788=CARTESIAN_POINT('',(0.0254924278112574,-0.0127286447942238,-0.00247631091918569));
#9789=CARTESIAN_POINT('',(0.0259484120519458,-0.0129558911411156,-0.00247631091918569));
#9790=CARTESIAN_POINT('',(0.0254120185382954,-0.0128899911118979,-0.00247631091918569));
#9791=CARTESIAN_POINT('',(0.0258680027789839,-0.0131172374587896,-0.00247631091918569));
#9792=CARTESIAN_POINT('',(0.0253498771514912,-0.0130146817547391,-0.00242867228733978));
#9793=CARTESIAN_POINT('',(0.0258058613921797,-0.0132419281016308,-0.00242867228733978));
#9794=CARTESIAN_POINT('',(0.0253060036508447,-0.0131027167227475,-0.00233339502364796));
#9795=CARTESIAN_POINT('',(0.0257619878915331,-0.0133299630696393,-0.00233339502364796));
#9796=CARTESIAN_POINT('',(0.,1.46957615897682E-18,0.005));
#9797=CARTESIAN_POINT('',(0.0231190845966287,-0.0166659856419123,-4.15998354924924E-5));
#9798=CARTESIAN_POINT('',(0.0231190845966287,-0.0166659856419123,0.000276393668737698));
#9799=CARTESIAN_POINT('',(0.0231412452609038,-0.0166351608010063,0.000912716682808337));
#9800=CARTESIAN_POINT('',(0.0232486294784804,-0.0164857823663057,0.0015274325088081));
#9801=CARTESIAN_POINT('',(0.0233522013968928,-0.0163377428037491,0.00179214476660498));
#9802=CARTESIAN_POINT('',(0.0231190845966287,-0.0166659856419123,-4.15998354924924E-5));
#9803=CARTESIAN_POINT('',(0.0233522013968928,-0.0163377428037491,0.00179214476660498));
#9804=CARTESIAN_POINT('',(0.0233583952099253,-0.0163288861597918,-0.00184398519432449));
#9805=CARTESIAN_POINT('',(0.0231561405682501,-0.0166182104778782,-0.00132228867124554));
#9806=CARTESIAN_POINT('',(0.0231190845966287,-0.0166659856419123,-0.000668013031240776));
#9807=CARTESIAN_POINT('',(0.0231190845966287,-0.0166659856419123,-4.15998354924924E-5));
#9808=CARTESIAN_POINT('',(0.0233583952099253,-0.0163288861597918,-0.00184398519432449));
#9809=CARTESIAN_POINT('',(0.0240393060528994,-0.01530878553307,-0.00245471930906847));
#9810=CARTESIAN_POINT('',(0.0239103922239061,-0.0155112182461633,-0.00245471930906847));
#9811=CARTESIAN_POINT('',(0.0236448844194481,-0.0159157702551394,-0.00237304440816891));
#9812=CARTESIAN_POINT('',(0.0234356668617864,-0.0162183494235422,-0.00204330003711184));
#9813=CARTESIAN_POINT('',(0.0233583952099253,-0.0163288861597918,-0.00184398519432449));
#9814=CARTESIAN_POINT('',(0.0240393060528994,-0.01530878553307,-0.00245471930906847));
#9815=CARTESIAN_POINT('',(0.024683583303195,-0.0142466790978365,-0.00186300637466584));
#9816=CARTESIAN_POINT('',(0.0246156045480382,-0.0143644580731499,-0.0020624924312081));
#9817=CARTESIAN_POINT('',(0.0244239559859576,-0.0146924527213669,-0.00238271136136687));
#9818=CARTESIAN_POINT('',(0.0241685174772235,-0.0151058855075815,-0.00245471930906847));
#9819=CARTESIAN_POINT('',(0.0240393060528994,-0.01530878553307,-0.00245471930906847));
#9820=CARTESIAN_POINT('',(0.024683583303195,-0.0142466790978365,-0.00186300637466584));
#9821=CARTESIAN_POINT('',(0.0248828045827865,-0.0138957974257457,-4.15998354924924E-5));
#9822=CARTESIAN_POINT('',(0.0248828045827865,-0.0138957974257457,-0.000357607388056203));
#9823=CARTESIAN_POINT('',(0.0248640688746651,-0.0139292652211018,-0.000990077727034059));
#9824=CARTESIAN_POINT('',(0.0247732292584406,-0.0140913598554431,-0.00159993715464807));
#9825=CARTESIAN_POINT('',(0.0246835833031951,-0.0142466790978365,-0.00186300637466584));
#9826=CARTESIAN_POINT('',(0.0248828045827865,-0.0138957974257457,-4.15998354924924E-5));
#9827=CARTESIAN_POINT('',(0.024677151074231,-0.0142578176752995,0.00176489821098088));
#9828=CARTESIAN_POINT('',(0.0248537660547529,-0.0139521359324432,0.00124164878993253));
#9829=CARTESIAN_POINT('',(0.0248828045827865,-0.0138957974257457,0.000586343528348419));
#9830=CARTESIAN_POINT('',(0.0248828045827865,-0.0138957974257457,-4.15998354924924E-5));
#9831=CARTESIAN_POINT('',(0.024677151074231,-0.0142578176752995,0.00176489821098088));
#9832=CARTESIAN_POINT('',(0.0240393060528994,-0.01530878553307,0.00238180135718693));
#9833=CARTESIAN_POINT('',(0.0241687631329523,-0.0151054997556724,0.00238180135718693));
#9834=CARTESIAN_POINT('',(0.0244240525742543,-0.0146921217486167,0.0022981531212114));
#9835=CARTESIAN_POINT('',(0.0246095485084064,-0.0143748228697725,0.00196518135414654));
#9836=CARTESIAN_POINT('',(0.024677151074231,-0.0142578176752995,0.00176489821098088));
#9837=CARTESIAN_POINT('',(0.0240393060528994,-0.01530878553307,0.00238180135718693));
#9838=CARTESIAN_POINT('',(0.0233522013968928,-0.0163377428037492,0.00179214476660498));
#9839=CARTESIAN_POINT('',(0.0234299136336713,-0.0162266655376877,0.00199076406391478));
#9840=CARTESIAN_POINT('',(0.023645085994548,-0.0159156032717312,0.00230982159046963));
#9841=CARTESIAN_POINT('',(0.0239106024278005,-0.0155108881640846,0.00238180135718693));
#9842=CARTESIAN_POINT('',(0.0240393060528995,-0.01530878553307,0.00238180135718693));
#9843=CARTESIAN_POINT('',(0.0243852833184093,-0.0147514442507644,-4.15998354924924E-5));
#9844=CARTESIAN_POINT('',(0.0243852833184093,-0.0147514442507644,0.000378260437273792));
#9845=CARTESIAN_POINT('',(0.024388421794414,-0.0147471404402417,0.000810260153739918));
#9846=CARTESIAN_POINT('',(0.0243040144870791,-0.014884959852628,0.00120043183220235));
#9847=CARTESIAN_POINT('',(0.0243852833184093,-0.0147514442507644,-4.15998354924924E-5));
#9848=CARTESIAN_POINT('',(0.0243040144870792,-0.014884959852628,0.00120043183220235));
#9849=CARTESIAN_POINT('',(0.024305088518895,-0.0148832060420858,-0.00127489204194941));
#9850=CARTESIAN_POINT('',(0.0243876422747793,-0.0147483912489114,-0.000886574491280878));
#9851=CARTESIAN_POINT('',(0.0243852833184093,-0.0147514442507644,-0.000458426712791642));
#9852=CARTESIAN_POINT('',(0.0243852833184093,-0.0147514442507644,-4.15998354924924E-5));
#9853=CARTESIAN_POINT('',(0.024305088518895,-0.0148832060420858,-0.00127489204194941));
#9854=CARTESIAN_POINT('',(0.0240393060528994,-0.01530878553307,-0.00165377339091096));
#9855=CARTESIAN_POINT('',(0.024099988912549,-0.0152134955551596,-0.00165377339091096));
#9856=CARTESIAN_POINT('',(0.0242196443717497,-0.0150226505137519,-0.00158126861314469));
#9857=CARTESIAN_POINT('',(0.0242828921778034,-0.0149194538796486,-0.00137929951213869));
#9858=CARTESIAN_POINT('',(0.024305088518895,-0.0148832060420858,-0.00127489204194941));
#9859=CARTESIAN_POINT('',(0.0240393060528994,-0.01530878553307,-0.00165377339091096));
#9860=CARTESIAN_POINT('',(0.0237654882171213,-0.0157305028465198,-0.00127951881554596));
#9861=CARTESIAN_POINT('',(0.0237884352294529,-0.0156958347271021,-0.00138386212651402));
#9862=CARTESIAN_POINT('',(0.0238550106183363,-0.0155951966461373,-0.0015842909376019));
#9863=CARTESIAN_POINT('',(0.0239786775686378,-0.0154039901255924,-0.00165377339091096));
#9864=CARTESIAN_POINT('',(0.0240393060528994,-0.01530878553307,-0.00165377339091096));
#9865=CARTESIAN_POINT('',(0.0237654882171213,-0.0157305028465198,-0.00127951881554596));
#9866=CARTESIAN_POINT('',(0.0236828528759948,-0.0158546406347316,-4.15998354924924E-5));
#9867=CARTESIAN_POINT('',(0.0236828528759948,-0.0158546406347316,-0.000459602695204471));
#9868=CARTESIAN_POINT('',(0.0236796103425921,-0.0158602462905247,-0.000889019972479915));
#9869=CARTESIAN_POINT('',(0.0237654882171213,-0.0157305028465198,-0.00127951881554596));
#9870=CARTESIAN_POINT('',(0.0236828528759948,-0.0158546406347316,-4.15998354924924E-5));
#9871=CARTESIAN_POINT('',(0.0237663396176311,-0.0157292164834081,0.00120043183220235));
#9872=CARTESIAN_POINT('',(0.0236799805844509,-0.0158597022017385,0.000808529990154511));
#9873=CARTESIAN_POINT('',(0.0236828528759948,-0.0158546406347316,0.000377878629127463));
#9874=CARTESIAN_POINT('',(0.0236828528759948,-0.0158546406347316,-4.15998354924924E-5));
#9875=CARTESIAN_POINT('',(0.0237663396176311,-0.0157292164834081,0.00120043183220235));
#9876=CARTESIAN_POINT('',(0.0240393060528995,-0.01530878553307,0.00157777092329838));
#9877=CARTESIAN_POINT('',(0.0239787443874121,-0.0154038852004197,0.00157777092329838));
#9878=CARTESIAN_POINT('',(0.0238564042213604,-0.015593053237261,0.00150767042316999));
#9879=CARTESIAN_POINT('',(0.0237893873102806,-0.0156943921619623,0.00130502347561987));
#9880=CARTESIAN_POINT('',(0.0237663396176312,-0.0157292164834081,0.00120043183220235));
#9881=CARTESIAN_POINT('',(0.0240393060528994,-0.01530878553307,0.00157777092329838));
#9882=CARTESIAN_POINT('',(0.0243040144870792,-0.014884959852628,0.00120043183220235));
#9883=CARTESIAN_POINT('',(0.0242816416221415,-0.0149214900441062,0.00130385010889365));
#9884=CARTESIAN_POINT('',(0.0242192545955881,-0.0150232698919376,0.00150331910603186));
#9885=CARTESIAN_POINT('',(0.0240997614776522,-0.0152138526949916,0.00157777092329838));
#9886=CARTESIAN_POINT('',(0.0240393060528994,-0.01530878553307,0.00157777092329838));
#9887=CARTESIAN_POINT('',(0.0240178004632086,-0.0152951936471666,0.00238180135718693));
#9888=CARTESIAN_POINT('',(0.0244651805022196,-0.01557794517982,0.00238180135718693));
#9889=CARTESIAN_POINT('',(0.0243074690786926,-0.0148368691412676,0.00238180135718693));
#9890=CARTESIAN_POINT('',(0.0247548491177037,-0.015119620673921,0.00238180135718693));
#9891=CARTESIAN_POINT('',(0.0245263684654253,-0.0144905183531499,0.00217616697511824));
#9892=CARTESIAN_POINT('',(0.0249737485044364,-0.0147732698858032,0.00217616697511824));
#9893=CARTESIAN_POINT('',(0.0246744986234068,-0.0142561412828134,0.00176489821098088));
#9894=CARTESIAN_POINT('',(0.0251218786624178,-0.0145388928154668,0.00176489821098088));
#9895=CARTESIAN_POINT('',(0.0246734812335429,-0.0157095946632539,0.00238180135718693));
#9896=CARTESIAN_POINT('',(0.0253301793937411,-0.0146705422989008,0.00176489821098088));
#9897=CARTESIAN_POINT('',(0.0246579719094831,-0.0142456961281705,0.00176489821098088));
#9898=CARTESIAN_POINT('',(0.0251028195040174,-0.0145268471143203,0.00176489821098088));
#9899=CARTESIAN_POINT('',(0.0248061020674647,-0.0140113190578337,0.00135362944684307));
#9900=CARTESIAN_POINT('',(0.0252509496619989,-0.0142924700439836,0.00135362944684307));
#9901=CARTESIAN_POINT('',(0.0248801671464552,-0.0138941305226658,0.00075146343135239));
#9902=CARTESIAN_POINT('',(0.0253250147409895,-0.0141752815088156,0.00075146343135239));
#9903=CARTESIAN_POINT('',(0.0248801671464552,-0.0138941305226658,-4.15998354924924E-5));
#9904=CARTESIAN_POINT('',(0.0253250147409895,-0.0141752815088156,-4.15998354924924E-5));
#9905=CARTESIAN_POINT('',(0.0255523746307133,-0.0143189766933961,-4.15998354924924E-5));
#9906=CARTESIAN_POINT('',(0.0248801697062255,-0.0138941321404826,-4.15998354924924E-5));
#9907=CARTESIAN_POINT('',(0.0253245855528375,-0.0141750102548544,-4.15998354924924E-5));
#9908=CARTESIAN_POINT('',(0.0248801697062255,-0.0138941321404826,-0.000861395572006304));
#9909=CARTESIAN_POINT('',(0.0253245855528375,-0.0141750102548544,-0.000861395572006304));
#9910=CARTESIAN_POINT('',(0.0248083934121233,-0.0140076992746877,-0.00146853108506409));
#9911=CARTESIAN_POINT('',(0.0252528092587352,-0.0142885773890594,-0.00146853108506409));
#9912=CARTESIAN_POINT('',(0.0246648408239188,-0.0142348335430978,-0.00186300637466584));
#9913=CARTESIAN_POINT('',(0.0251092566705308,-0.0145157116574695,-0.00186300637466584));
#9914=CARTESIAN_POINT('',(0.0253370457484066,-0.0146596780960112,-0.00186300637466584));
#9915=CARTESIAN_POINT('',(0.0246809302854476,-0.0142450023470456,-0.00186300637466584));
#9916=CARTESIAN_POINT('',(0.0251284059455132,-0.0145278143137759,-0.00186300637466584));
#9917=CARTESIAN_POINT('',(0.0245373776972431,-0.0144721366154557,-0.0022574816642676));
#9918=CARTESIAN_POINT('',(0.0249848533573087,-0.014754948582186,-0.0022574816642676));
#9919=CARTESIAN_POINT('',(0.0243161895256219,-0.0148221088045366,-0.00245471930906847));
#9920=CARTESIAN_POINT('',(0.0247636651856875,-0.0151049207712669,-0.00245471930906847));
#9921=CARTESIAN_POINT('',(0.024017365770584,-0.0152949189142883,-0.00245471930906847));
#9922=CARTESIAN_POINT('',(0.0244648414306496,-0.0155777308810186,-0.00245471930906847));
#9923=CARTESIAN_POINT('',(0.0246734812335429,-0.0157095946632539,-0.00245471930906847));
#9924=CARTESIAN_POINT('',(0.0240107540474261,-0.0152907401966581,-0.00245471930906847));
#9925=CARTESIAN_POINT('',(0.024464703105539,-0.0155776434572768,-0.00245471930906847));
#9926=CARTESIAN_POINT('',(0.023721085431942,-0.0157490647025571,-0.00245471930906847));
#9927=CARTESIAN_POINT('',(0.0241750344900549,-0.0160359679631758,-0.00245471930906847));
#9928=CARTESIAN_POINT('',(0.0235027353535825,-0.0160945463544436,-0.00225114127082048));
#9929=CARTESIAN_POINT('',(0.0239566844116954,-0.0163814496150623,-0.00225114127082048));
#9930=CARTESIAN_POINT('',(0.0233557038123475,-0.0163271851523178,-0.00184398519432449));
#9931=CARTESIAN_POINT('',(0.0238096528704605,-0.0166140884129364,-0.00184398519432449));
#9932=CARTESIAN_POINT('',(0.0240184309984644,-0.0167460396189136,-0.00184398519432449));
#9933=CARTESIAN_POINT('',(0.0233369804164076,-0.0163153516585611,-0.00184398519432449));
#9934=CARTESIAN_POINT('',(0.0237841987461431,-0.0165980009882963,-0.00184398519432449));
#9935=CARTESIAN_POINT('',(0.0231899488751725,-0.0165479904564355,-0.00143682911782807));
#9936=CARTESIAN_POINT('',(0.023637167204908,-0.0168306397861707,-0.00143682911782807));
#9937=CARTESIAN_POINT('',(0.0231164331045552,-0.0166643098553723,-0.000836033998217833));
#9938=CARTESIAN_POINT('',(0.0235636514342907,-0.0169469591851076,-0.000836033998217833));
#9939=CARTESIAN_POINT('',(0.0231164331045552,-0.0166643098553723,-4.15998354924924E-5));
#9940=CARTESIAN_POINT('',(0.0235636514342907,-0.0169469591851076,-4.15998354924924E-5));
#9941=CARTESIAN_POINT('',(0.023797883686612,-0.0170949978157248,-4.15998354924924E-5));
#9942=CARTESIAN_POINT('',(0.0231164356168311,-0.016664311443172,-4.15998354924924E-5));
#9943=CARTESIAN_POINT('',(0.0235632302093608,-0.0169466929640335,-4.15998354924924E-5));
#9944=CARTESIAN_POINT('',(0.0231164356168311,-0.016664311443172,0.000787792172184525));
#9945=CARTESIAN_POINT('',(0.0235632302093608,-0.0169466929640335,0.000787792172184525));
#9946=CARTESIAN_POINT('',(0.0231880288081422,-0.016551034021044,0.00139904037288368));
#9947=CARTESIAN_POINT('',(0.023634823400672,-0.0168334155419055,0.00139904037288368));
#9948=CARTESIAN_POINT('',(0.0233312151907646,-0.0163244791767879,0.00179214476660498));
#9949=CARTESIAN_POINT('',(0.0237780097832943,-0.0166068606976494,0.00179214476660498));
#9950=CARTESIAN_POINT('',(0.0240126632605455,-0.0167551655493408,0.00179214476660498));
#9951=CARTESIAN_POINT('',(0.0233495074428644,-0.0163360401805563,0.00179214476660498));
#9952=CARTESIAN_POINT('',(0.0238038876889922,-0.0166232159590825,0.00179214476660498));
#9953=CARTESIAN_POINT('',(0.0234926938254867,-0.0161094853363003,0.00218524916032628));
#9954=CARTESIAN_POINT('',(0.0239470740716146,-0.0163966611148265,0.00218524916032628));
#9955=CARTESIAN_POINT('',(0.0237129664831525,-0.0157609617076047,0.00238180135718693));
#9956=CARTESIAN_POINT('',(0.0241673467292804,-0.0160481374861308,0.00238180135718693));
#9957=CARTESIAN_POINT('',(0.0240103254158618,-0.0152904692944695,0.00238180135718693));
#9958=CARTESIAN_POINT('',(0.0244647056619897,-0.0155776450729956,0.00238180135718693));
#9959=CARTESIAN_POINT('',(0.0243014638520026,-0.0148833478093667,0.00120043183220235));
#9960=CARTESIAN_POINT('',(0.0247316709682432,-0.0151552457727723,0.00120043183220235));
#9961=CARTESIAN_POINT('',(0.0242458006035152,-0.0149714202807911,0.00145199122626637));
#9962=CARTESIAN_POINT('',(0.0246760077197558,-0.0152433182441967,0.00145199122626637));
#9963=CARTESIAN_POINT('',(0.0241568126470517,-0.0151122203502392,0.00157777092329838));
#9964=CARTESIAN_POINT('',(0.0245870197632923,-0.0153841183136448,0.00157777092329838));
#9965=CARTESIAN_POINT('',(0.0240344999826121,-0.0153057480177111,0.00157777092329838));
#9966=CARTESIAN_POINT('',(0.0244647070988527,-0.0155776459811167,0.00157777092329838));
#9967=CARTESIAN_POINT('',(0.0247267590368364,-0.0151521413514471,0.00120043183220235));
#9968=CARTESIAN_POINT('',(0.0247043773609952,-0.0151886659780678,0.001303850116605));
#9969=CARTESIAN_POINT('',(0.0246419663875165,-0.0152904307958863,0.00150331919003028));
#9970=CARTESIAN_POINT('',(0.0245224614951254,-0.0154810060819959,0.00157777092329838));
#9971=CARTESIAN_POINT('',(0.0244620117079613,-0.0155759424498028,0.00157777092329838));
#9972=CARTESIAN_POINT('',(0.0247267590368364,-0.0151521413514471,0.00120043183220235));
#9973=CARTESIAN_POINT('',(0.0244620117079613,-0.0155759424498028,0.00157777092329838));
#9974=CARTESIAN_POINT('',(0.0249404451029334,-0.0152871944549096,0.00120043183220235));
#9975=CARTESIAN_POINT('',(0.0246734812335429,-0.0157095946632539,0.00157777092329838));
#9976=CARTESIAN_POINT('',(0.0243827334948623,-0.0147498327204031,-4.15998354924924E-5));
#9977=CARTESIAN_POINT('',(0.0248128037331145,-0.0150216441746719,-4.15998354924924E-5));
#9978=CARTESIAN_POINT('',(0.0243827334948623,-0.0147498327204031,0.000534861882240046));
#9979=CARTESIAN_POINT('',(0.0248128037331145,-0.0150216441746719,0.000534861882240046));
#9980=CARTESIAN_POINT('',(0.0243549018706186,-0.0147938689561153,0.000948872438138325));
#9981=CARTESIAN_POINT('',(0.0247849721088707,-0.015065680410384,0.000948872438138325));
#9982=CARTESIAN_POINT('',(0.0242992386221312,-0.0148819414275397,0.00120043183220235));
#9983=CARTESIAN_POINT('',(0.0247293088603833,-0.0151537528818084,0.00120043183220235));
#9984=CARTESIAN_POINT('',(0.0248080662629278,-0.0150186500157033,-4.15998354924924E-5));
#9985=CARTESIAN_POINT('',(0.0248080662629278,-0.0150186500157033,0.000378260386548847));
#9986=CARTESIAN_POINT('',(0.0248111996104842,-0.01501434289319,0.000810260009385755));
#9987=CARTESIAN_POINT('',(0.0247267590368364,-0.0151521413514471,0.00120043183220235));
#9988=CARTESIAN_POINT('',(0.0248080662629278,-0.0150186500157033,-4.15998354924924E-5));
#9989=CARTESIAN_POINT('',(0.0250239399756646,-0.0151550857477731,-4.15998354924924E-5));
#9990=CARTESIAN_POINT('',(0.0243003373838432,-0.014880203246698,-0.00127489204194941));
#9991=CARTESIAN_POINT('',(0.0247303831712367,-0.0151519992476225,-0.00127489204194941));
#9992=CARTESIAN_POINT('',(0.0243552682211663,-0.0147932896235818,-0.00102230447597505));
#9993=CARTESIAN_POINT('',(0.0247853140085599,-0.0150650856245063,-0.00102230447597505));
#9994=CARTESIAN_POINT('',(0.0243827336398279,-0.0147498328120238,-0.000611207073822742));
#9995=CARTESIAN_POINT('',(0.0248127794272214,-0.0150216288129483,-0.000611207073822742));
#9996=CARTESIAN_POINT('',(0.0243827336398279,-0.0147498328120238,-4.15998354924924E-5));
#9997=CARTESIAN_POINT('',(0.0248127794272214,-0.0150216288129483,-4.15998354924924E-5));
#9998=CARTESIAN_POINT('',(0.0247278334926553,-0.0151503878088818,-0.00127489204194941));
#9999=CARTESIAN_POINT('',(0.0248104199539483,-0.0150155936181746,-0.000886574350299021));
#10000=CARTESIAN_POINT('',(0.0248080662629278,-0.0150186500157032,-0.000458426662893604));
#10001=CARTESIAN_POINT('',(0.0248080662629278,-0.0150186500157033,-4.15998354924924E-5));
#10002=CARTESIAN_POINT('',(0.0247278334926553,-0.0151503878088818,-0.00127489204194941));
#10003=CARTESIAN_POINT('',(0.0249415437196799,-0.0152854561824473,-0.00127489204194941));
#10004=CARTESIAN_POINT('',(0.0240344750555459,-0.0153057322633958,-0.00165377339091096));
#10005=CARTESIAN_POINT('',(0.0244647398786623,-0.0155776666984947,-0.00165377339091096));
#10006=CARTESIAN_POINT('',(0.024158252542314,-0.0151098868993075,-0.00165377339091096));
#10007=CARTESIAN_POINT('',(0.0245885173654304,-0.0153818213344063,-0.00165377339091096));
#10008=CARTESIAN_POINT('',(0.0242476067043597,-0.0149685074057053,-0.00152747960792378));
#10009=CARTESIAN_POINT('',(0.024677871527476,-0.0152404418408041,-0.00152747960792378));
#10010=CARTESIAN_POINT('',(0.0243025375416828,-0.0148815937825892,-0.00127489204194941));
#10011=CARTESIAN_POINT('',(0.0247328023647992,-0.015153528217688,-0.00127489204194941));
#10012=CARTESIAN_POINT('',(0.0244620117079613,-0.0155759424498028,-0.00165377339091096));
#10013=CARTESIAN_POINT('',(0.024522688909042,-0.0154806489285261,-0.00165377339091096));
#10014=CARTESIAN_POINT('',(0.0246423561620235,-0.0152898114667133,-0.00158126872930252));
#10015=CARTESIAN_POINT('',(0.0247056283636052,-0.0151866300979084,-0.0013792995237638));
#10016=CARTESIAN_POINT('',(0.0247278334926553,-0.0151503878088818,-0.00127489204194941));
#10017=CARTESIAN_POINT('',(0.0244620117079613,-0.0155759424498028,-0.00165377339091096));
#10018=CARTESIAN_POINT('',(0.0246734812335429,-0.0157095946632539,-0.00165377339091096));
#10019=CARTESIAN_POINT('',(0.0237629207469433,-0.0157288801631979,-0.00127951881554596));
#10020=CARTESIAN_POINT('',(0.024195967383629,-0.0160025727501625,-0.00127951881554596));
#10021=CARTESIAN_POINT('',(0.0238160205563557,-0.0156448636608523,-0.00152902186578929));
#10022=CARTESIAN_POINT('',(0.0242490671930414,-0.0159185562478169,-0.00152902186578929));
#10023=CARTESIAN_POINT('',(0.0239055578211925,-0.015503194455173,-0.00165377339091096));
#10024=CARTESIAN_POINT('',(0.0243386044578781,-0.0157768870421376,-0.00165377339091096));
#10025=CARTESIAN_POINT('',(0.0240315325414535,-0.0153038725461601,-0.00165377339091096));
#10026=CARTESIAN_POINT('',(0.0244645791781392,-0.0155775651331247,-0.00165377339091096));
#10027=CARTESIAN_POINT('',(0.0241882836604224,-0.0159977165108945,-0.00127951881554596));
#10028=CARTESIAN_POINT('',(0.0242112178880659,-0.0159630403367419,-0.00138386207261852));
#10029=CARTESIAN_POINT('',(0.024277756696723,-0.0158623790670065,-0.00158429104592991));
#10030=CARTESIAN_POINT('',(0.0244013889440589,-0.0156711504775113,-0.00165377339091096));
#10031=CARTESIAN_POINT('',(0.0244620117079613,-0.0155759424498028,-0.00165377339091096));
#10032=CARTESIAN_POINT('',(0.0241882836604224,-0.0159977165108945,-0.00127951881554596));
#10033=CARTESIAN_POINT('',(0.0244048694390328,-0.0161346022802917,-0.00127951881554596));
#10034=CARTESIAN_POINT('',(0.0236802981895729,-0.0158530260309536,-4.15998354924924E-5));
#10035=CARTESIAN_POINT('',(0.0241111886327257,-0.0161253558681909,-4.15998354924924E-5));
#10036=CARTESIAN_POINT('',(0.0236802981895729,-0.0158530260309536,-0.000617376105284802));
#10037=CARTESIAN_POINT('',(0.0241111886327257,-0.0161253558681909,-0.000617376105284802));
#10038=CARTESIAN_POINT('',(0.0237068480942791,-0.0158110177797808,-0.00103001576530262));
#10039=CARTESIAN_POINT('',(0.0241377385374318,-0.0160833476170181,-0.00103001576530262));
#10040=CARTESIAN_POINT('',(0.0237599479036915,-0.0157270012774352,-0.00127951881554596));
#10041=CARTESIAN_POINT('',(0.0241908383468442,-0.0159993311146726,-0.00127951881554596));
#10042=CARTESIAN_POINT('',(0.0241056998292656,-0.0161218868542532,-4.15998354924924E-5));
#10043=CARTESIAN_POINT('',(0.0241056998292656,-0.0161218868542532,-0.000459602600439724));
#10044=CARTESIAN_POINT('',(0.0241024535205183,-0.0161274902676178,-0.000889019667644616));
#10045=CARTESIAN_POINT('',(0.0241882836604224,-0.0159977165108945,-0.00127951881554596));
#10046=CARTESIAN_POINT('',(0.0241056998292656,-0.0161218868542532,-4.15998354924924E-5));
#10047=CARTESIAN_POINT('',(0.0243252197249142,-0.0162606270338101,-4.15998354924924E-5));
#10048=CARTESIAN_POINT('',(0.0237607717044636,-0.0157256974708359,0.00120043183220235));
#10049=CARTESIAN_POINT('',(0.0241916894358222,-0.0159980445546676,0.00120043183220235));
#10050=CARTESIAN_POINT('',(0.023707122586678,-0.0158105831094127,0.000948872438138325));
#10051=CARTESIAN_POINT('',(0.0241380403180366,-0.0160829301932444,0.000948872438138325));
#10052=CARTESIAN_POINT('',(0.0236802980277852,-0.015853025928701,0.000534861882240046));
#10053=CARTESIAN_POINT('',(0.0241112157591438,-0.0161253730125327,0.000534861882240046));
#10054=CARTESIAN_POINT('',(0.0236802980277852,-0.015853025928701,-4.15998354924924E-5));
#10055=CARTESIAN_POINT('',(0.0241112157591438,-0.0161253730125327,-4.15998354924924E-5));
#10056=CARTESIAN_POINT('',(0.0241891345876126,-0.015996429848637,0.00120043183220235));
#10057=CARTESIAN_POINT('',(0.0241028234370286,-0.0161269459736501,0.000808529685013357));
#10058=CARTESIAN_POINT('',(0.0241056998292656,-0.0161218868542533,0.000377878532967615));
#10059=CARTESIAN_POINT('',(0.0241056998292656,-0.0161218868542533,-4.15998354924924E-5));
#10060=CARTESIAN_POINT('',(0.0241891345876126,-0.015996429848637,0.00120043183220235));
#10061=CARTESIAN_POINT('',(0.0244056934015926,-0.016133298575945,0.00120043183220235));
#10062=CARTESIAN_POINT('',(0.0240315601440312,-0.0153038899914425,0.00157777092329838));
#10063=CARTESIAN_POINT('',(0.0244645790135115,-0.0155775650290773,0.00157777092329838));
#10064=CARTESIAN_POINT('',(0.0239066840405166,-0.0155014736279932,0.00157777092329838));
#10065=CARTESIAN_POINT('',(0.0243397029099969,-0.0157751486656279,0.00157777092329838));
#10066=CARTESIAN_POINT('',(0.0238174214298665,-0.0156427082655568,0.00145199122626637));
#10067=CARTESIAN_POINT('',(0.0242504402993468,-0.0159163833031916,0.00145199122626637));
#10068=CARTESIAN_POINT('',(0.0237637723120809,-0.0157275939041336,0.00120043183220235));
#10069=CARTESIAN_POINT('',(0.0241967911815612,-0.0160012689417683,0.00120043183220235));
#10070=CARTESIAN_POINT('',(0.0244620117079613,-0.0155759424498028,0.00157777092329838));
#10071=CARTESIAN_POINT('',(0.0244014557565549,-0.0156710455485117,0.00157777092329838));
#10072=CARTESIAN_POINT('',(0.0242791498464667,-0.0158602353142419,0.00150767056771702));
#10073=CARTESIAN_POINT('',(0.0242121694738023,-0.0159615974536886,0.00130502343244074));
#10074=CARTESIAN_POINT('',(0.0241891345876126,-0.015996429848637,0.00120043183220235));
#10075=CARTESIAN_POINT('',(0.,1.46957615897682E-18,0.005));
#10076=CARTESIAN_POINT('',(0.,1.46957615897682E-18,-0.00238994447871684));
#10077=CARTESIAN_POINT('',(-0.024739960063908,-0.0141485520827659,-0.00238994447871684));
#10078=CARTESIAN_POINT('',(-0.0252117039418596,-0.0132897379338541,-0.00238994447871684));
#10079=CARTESIAN_POINT('',(-0.024739960063908,-0.0141485520827659,0.005));
#10080=CARTESIAN_POINT('',(-0.024739960063908,-0.0141485520827658,0.00261005552128316));
#10081=CARTESIAN_POINT('',(0.,1.46957615897682E-18,0.00261005552128316));
#10082=CARTESIAN_POINT('',(-0.0252117039418596,-0.0132897379338541,0.00261005552128316));
#10083=CARTESIAN_POINT('',(-0.0252117039418596,-0.0132897379338541,0.005));
#10084=CARTESIAN_POINT('',(-0.0258727223288119,-0.0136515148420554,0.000110055521283158));
#10085=CARTESIAN_POINT('',(-0.0258727223288119,-0.0136515148420554,-0.00238994447871684));
#10086=CARTESIAN_POINT('',(-0.0258727223288119,-0.0136515148420554,0.00261005552128316));
#10087=CARTESIAN_POINT('',(-0.0256375094257697,-0.0140812826084182,-0.00238994447871684));
#10088=CARTESIAN_POINT('',(-0.0254022965227274,-0.0145110503747809,-0.00238994447871684));
#10089=CARTESIAN_POINT('',(-0.0254022965227274,-0.0145110503747809,0.000110055521283158));
#10090=CARTESIAN_POINT('',(-0.0254022965227274,-0.0145110503747809,0.00261005552128316));
#10091=CARTESIAN_POINT('',(-0.0256375094257697,-0.0140812826084182,0.00261005552128316));
#10092=CARTESIAN_POINT('',(0.,1.46957615897682E-18,0.005));
#10093=CARTESIAN_POINT('',(0.,1.46957615897682E-18,0.00046631708821715));
#10094=CARTESIAN_POINT('',(-0.017942822710339,-0.0221427699980794,0.000466317088217149));
#10095=CARTESIAN_POINT('',(-0.0187129375327897,-0.0214958860923762,0.00046631708821715));
#10096=CARTESIAN_POINT('',(-0.017942822710339,-0.0221427699980794,0.005));
#10097=CARTESIAN_POINT('',(-0.017942822710339,-0.0221427699980794,0.00120248817602303));
#10098=CARTESIAN_POINT('',(0.,1.46957615897682E-18,0.00120248817602303));
#10099=CARTESIAN_POINT('',(-0.0187129375327897,-0.0214958860923762,0.00120248817602303));
#10100=CARTESIAN_POINT('',(-0.0187129375327897,-0.0214958860923762,0.005));
#10101=CARTESIAN_POINT('',(-0.0187129375327897,-0.0214958860923762,0.00196744807731852));
#10102=CARTESIAN_POINT('',(0.,1.46957615897682E-18,0.00196744807731852));
#10103=CARTESIAN_POINT('',(-0.0191806845826136,-0.0210795751604436,0.00196744807731852));
#10104=CARTESIAN_POINT('',(0.,1.46957615897682E-18,0.00347537247864206));
#10105=CARTESIAN_POINT('',(-0.0193889311235833,-0.0208881904407118,0.00120865720748509));
#10106=CARTESIAN_POINT('',(0.,1.46957615897682E-18,0.00172187851904076));
#10107=CARTESIAN_POINT('',(-0.0197813564669791,-0.0205169463207565,0.000880670368085544));
#10108=CARTESIAN_POINT('',(-0.0197813564669791,-0.0205169463207565,0.005));
#10109=CARTESIAN_POINT('',(-0.0197813564669791,-0.0205169463207565,0.00046631708821715));
#10110=CARTESIAN_POINT('',(0.,1.46957615897682E-18,0.00046631708821715));
#10111=CARTESIAN_POINT('',(-0.0194408919586593,-0.0208398385275471,0.000466317088217149));
#10112=CARTESIAN_POINT('',(-0.0194408919586593,-0.0208398385275471,0.005));
#10113=CARTESIAN_POINT('',(-0.0194408919586593,-0.0208398385275471,-0.00126512440880115));
#10114=CARTESIAN_POINT('',(-0.0192437319062436,-0.0210220344477675,-0.00215706354102406));
#10115=CARTESIAN_POINT('',(-0.0194023858679437,-0.0208768013918325,-0.00191854820131204));
#10116=CARTESIAN_POINT('',(-0.0194408919586593,-0.0208398385275471,-0.0015837907710194));
#10117=CARTESIAN_POINT('',(-0.0194408919586593,-0.0208398385275471,-0.00126512440880115));
#10118=CARTESIAN_POINT('',(-0.0192437319062436,-0.0210220344477675,-0.00215706354102406));
#10119=CARTESIAN_POINT('',(-0.0186033502348169,-0.0215907968830063,-0.00245471930906847));
#10120=CARTESIAN_POINT('',(-0.0188401681690029,-0.0213867466575599,-0.00245471930906847));
#10121=CARTESIAN_POINT('',(-0.0190878324915338,-0.0211647459702164,-0.00239143778205742));
#10122=CARTESIAN_POINT('',(-0.0192437319062436,-0.0210220344477675,-0.00215706354102406));
#10123=CARTESIAN_POINT('',(-0.0186033502348169,-0.0215907968830063,-0.00245471930906847));
#10124=CARTESIAN_POINT('',(-0.0179124281480955,-0.0221673649277901,-0.00229021180341353));
#10125=CARTESIAN_POINT('',(-0.0181309231003535,-0.0219908092051865,-0.00241636911980517));
#10126=CARTESIAN_POINT('',(-0.0183703884786913,-0.0217915244969063,-0.00245471930906847));
#10127=CARTESIAN_POINT('',(-0.0186033502348169,-0.0215907968830063,-0.00245471930906847));
#10128=CARTESIAN_POINT('',(-0.0179124281480955,-0.0221673649277901,-0.00229021180341353));
#10129=CARTESIAN_POINT('',(-0.0179124281480955,-0.0221673649277901,0.005));
#10130=CARTESIAN_POINT('',(-0.0179124281480955,-0.0221673649277901,-0.00156123791898006));
#10131=CARTESIAN_POINT('',(-0.0183882192532984,-0.0217743092357743,-0.00167330865720749));
#10132=CARTESIAN_POINT('',(-0.0182276488467276,-0.0219099095806415,-0.00167330865720749));
#10133=CARTESIAN_POINT('',(-0.0180683522584092,-0.0220413698250051,-0.00162362185573175));
#10134=CARTESIAN_POINT('',(-0.0179124281480955,-0.0221673649277901,-0.00156123791898006));
#10135=CARTESIAN_POINT('',(-0.0183882192532984,-0.0217743092357743,-0.00167330865720749));
#10136=CARTESIAN_POINT('',(-0.0186243726173031,-0.0215726654499241,-0.00157357598190417));
#10137=CARTESIAN_POINT('',(-0.0185598529126866,-0.0216283673761754,-0.00164610148309109));
#10138=CARTESIAN_POINT('',(-0.018473402705526,-0.0217023725337025,-0.00167330865720749));
#10139=CARTESIAN_POINT('',(-0.0183882192532984,-0.0217743092357743,-0.00167330865720749));
#10140=CARTESIAN_POINT('',(-0.0186243726173031,-0.0215726654499241,-0.00157357598190417));
#10141=CARTESIAN_POINT('',(-0.0187129375327897,-0.0214958860923762,-0.00126512440880115));
#10142=CARTESIAN_POINT('',(-0.0187129375327897,-0.0214958860923762,-0.00137932515695757));
#10143=CARTESIAN_POINT('',(-0.0186906801691428,-0.0215154200179366,-0.00149904079210081));
#10144=CARTESIAN_POINT('',(-0.0186243726173031,-0.0215726654499241,-0.00157357598190417));
#10145=CARTESIAN_POINT('',(-0.0187129375327897,-0.0214958860923762,-0.00126512440880115));
#10146=CARTESIAN_POINT('',(-0.0187129375327897,-0.0214958860923762,0.005));
#10147=CARTESIAN_POINT('',(-0.019206738956915,-0.0220605486804883,-0.000399403660292002));
#10148=CARTESIAN_POINT('',(-0.019206738956915,-0.0220605486804883,0.000466317088217149));
#10149=CARTESIAN_POINT('',(-0.019206738956915,-0.0220605486804883,-0.00126512440880115));
#10150=CARTESIAN_POINT('',(-0.0188282689685578,-0.0223915233601892,0.000466317088217149));
#10151=CARTESIAN_POINT('',(-0.0184497989802007,-0.0227224980398901,0.000466317088217149));
#10152=CARTESIAN_POINT('',(-0.0184497989802007,-0.0227224980398901,0.000834402632120091));
#10153=CARTESIAN_POINT('',(-0.0184497989802007,-0.0227224980398901,0.00120248817602303));
#10154=CARTESIAN_POINT('',(-0.0188282689685578,-0.0223915233601892,0.00120248817602303));
#10155=CARTESIAN_POINT('',(-0.019206738956915,-0.0220605486804883,0.00120248817602303));
#10156=CARTESIAN_POINT('',(-0.019206738956915,-0.0220605486804883,0.00158496812667078));
#10157=CARTESIAN_POINT('',(-0.019206738956915,-0.0220605486804883,0.00196744807731852));
#10158=CARTESIAN_POINT('',(-0.0194424119864748,-0.0218544509504905,0.00196744807731852));
#10159=CARTESIAN_POINT('',(-0.0196780850160346,-0.0216483532204928,0.00196744807731852));
#10160=CARTESIAN_POINT('',(-0.0197845055137833,-0.0215552877430718,0.00158805264240181));
#10161=CARTESIAN_POINT('',(-0.019890926011532,-0.0214622222656508,0.00120865720748509));
#10162=CARTESIAN_POINT('',(-0.0200940924163249,-0.0212845518087561,0.00104466378778532));
#10163=CARTESIAN_POINT('',(-0.0202972588211178,-0.0211068813518615,0.000880670368085544));
#10164=CARTESIAN_POINT('',(-0.0202972588211178,-0.0211068813518615,0.000673493728151347));
#10165=CARTESIAN_POINT('',(-0.0202972588211178,-0.0211068813518615,0.000466317088217149));
#10166=CARTESIAN_POINT('',(-0.0201207942866692,-0.0212612008344214,0.000466317088217149));
#10167=CARTESIAN_POINT('',(-0.0199443297522204,-0.0214155203169813,0.000466317088217149));
#10168=CARTESIAN_POINT('',(-0.0199443297522204,-0.0214155203169813,-0.000399403660292002));
#10169=CARTESIAN_POINT('',(-0.0199443297522204,-0.0214155203169813,-0.00126512440880115));
#10170=CARTESIAN_POINT('',(-0.0192368818508539,-0.021014201400279,-0.00215706354102406));
#10171=CARTESIAN_POINT('',(-0.0195750001414758,-0.0214008401172668,-0.00215706354102406));
#10172=CARTESIAN_POINT('',(-0.0193715521534595,-0.0208964312688517,-0.00195862636232778));
#10173=CARTESIAN_POINT('',(-0.0197096704440814,-0.0212830699858395,-0.00195862636232778));
#10174=CARTESIAN_POINT('',(-0.0194388873047623,-0.0208375462031381,-0.00166131331825348));
#10175=CARTESIAN_POINT('',(-0.0197770055953842,-0.0212241849201259,-0.00166131331825348));
#10176=CARTESIAN_POINT('',(-0.0194388873047623,-0.0208375462031381,-0.00126512440880115));
#10177=CARTESIAN_POINT('',(-0.0197770055953842,-0.0212241849201259,-0.00126512440880115));
#10178=CARTESIAN_POINT('',(-0.019742324298312,-0.0215921755141223,-0.00215706354102406));
#10179=CARTESIAN_POINT('',(-0.0185970126071683,-0.0215835497973243,-0.00245471930906847));
#10180=CARTESIAN_POINT('',(-0.0189351175116209,-0.0219701732072097,-0.00245471930906847));
#10181=CARTESIAN_POINT('',(-0.0188921521209247,-0.0213254482066101,-0.00245471930906847));
#10182=CARTESIAN_POINT('',(-0.0192302570253773,-0.0217120716164955,-0.00245471930906847));
#10183=CARTESIAN_POINT('',(-0.0191070570291057,-0.0211375123455393,-0.00235550071972034));
#10184=CARTESIAN_POINT('',(-0.0194451619335582,-0.0215241357554247,-0.00235550071972034));
#10185=CARTESIAN_POINT('',(-0.0192417273317113,-0.021019742214112,-0.00215706354102406));
#10186=CARTESIAN_POINT('',(-0.0195798322361638,-0.0214063656239974,-0.00215706354102406));
#10187=CARTESIAN_POINT('',(-0.0190976095737691,-0.0221559830973346,-0.00245471930906847));
#10188=CARTESIAN_POINT('',(-0.0179103708105992,-0.0221650123596148,-0.00229021180341353));
#10189=CARTESIAN_POINT('',(-0.0182573750683146,-0.0225618121918441,-0.00229021180341353));
#10190=CARTESIAN_POINT('',(-0.0180940590394405,-0.0220043757052542,-0.00239988347385016));
#10191=CARTESIAN_POINT('',(-0.018441063297156,-0.0224011755374835,-0.00239988347385016));
#10192=CARTESIAN_POINT('',(-0.0183197994892105,-0.0218069640864824,-0.00245471930906847));
#10193=CARTESIAN_POINT('',(-0.0186668037469259,-0.0222037639187117,-0.00245471930906847));
#10194=CARTESIAN_POINT('',(-0.018587592159909,-0.0215727775032994,-0.00245471930906847));
#10195=CARTESIAN_POINT('',(-0.0189345964176244,-0.0219695773355287,-0.00245471930906847));
#10196=CARTESIAN_POINT('',(-0.0184203882244592,-0.02274821795365,-0.00229021180341353));
#10197=CARTESIAN_POINT('',(-0.0184203882244592,-0.02274821795365,-0.00192572486119679));
#10198=CARTESIAN_POINT('',(-0.0184203882244592,-0.02274821795365,-0.00156123791898006));
#10199=CARTESIAN_POINT('',(-0.0183747646673683,-0.0217589238987903,-0.00167330865720749));
#10200=CARTESIAN_POINT('',(-0.0187194914263854,-0.0221531194082157,-0.00167330865720749));
#10201=CARTESIAN_POINT('',(-0.0182457701246426,-0.0218717305380885,-0.00167330865720749));
#10202=CARTESIAN_POINT('',(-0.0185904968836597,-0.0222659260475139,-0.00167330865720749));
#10203=CARTESIAN_POINT('',(-0.0180909766733718,-0.0220070985052464,-0.00163595174446501));
#10204=CARTESIAN_POINT('',(-0.0184357034323889,-0.0224012940146717,-0.00163595174446501));
#10205=CARTESIAN_POINT('',(-0.0179103843135559,-0.0221650278002638,-0.00156123791898006));
#10206=CARTESIAN_POINT('',(-0.0182551110725729,-0.0225592233096892,-0.00156123791898006));
#10207=CARTESIAN_POINT('',(-0.0188847685782717,-0.0223421140521766,-0.00167330865720749));
#10208=CARTESIAN_POINT('',(-0.0186199677530905,-0.0215676284818129,-0.00157357598190417));
#10209=CARTESIAN_POINT('',(-0.0189555489141575,-0.0219513659877656,-0.00157357598190417));
#10210=CARTESIAN_POINT('',(-0.0185611462416076,-0.0216190683093329,-0.00164006443210638));
#10211=CARTESIAN_POINT('',(-0.0188967274026746,-0.0220028058152855,-0.00164006443210638));
#10212=CARTESIAN_POINT('',(-0.0184832335378013,-0.021687203519469,-0.00167330865720749));
#10213=CARTESIAN_POINT('',(-0.0188188146988683,-0.0220709410254216,-0.00167330865720749));
#10214=CARTESIAN_POINT('',(-0.0183862296416716,-0.0217720341122212,-0.00167330865720749));
#10215=CARTESIAN_POINT('',(-0.0187218108027386,-0.0221557716181738,-0.00167330865720749));
#10216=CARTESIAN_POINT('',(-0.0191185066896906,-0.0221377084217683,-0.00157357598190417));
#10217=CARTESIAN_POINT('',(-0.0187106278029426,-0.0214932449132108,-0.00126512440880115));
#10218=CARTESIAN_POINT('',(-0.019044095563586,-0.021874565742956,-0.00126512440880115));
#10219=CARTESIAN_POINT('',(-0.0187106278029426,-0.0214932449132108,-0.00140427034066763));
#10220=CARTESIAN_POINT('',(-0.019044095563586,-0.021874565742956,-0.00140427034066763));
#10221=CARTESIAN_POINT('',(-0.0186812170472012,-0.0215189648269708,-0.00150708753170197));
#10222=CARTESIAN_POINT('',(-0.0190146848078446,-0.021900285656716,-0.00150708753170197));
#10223=CARTESIAN_POINT('',(-0.0186223955357183,-0.0215704046544908,-0.00157357598190417));
#10224=CARTESIAN_POINT('',(-0.0189558632963617,-0.021951725484236,-0.00157357598190417));
#10225=CARTESIAN_POINT('',(0.,1.46957615897682E-18,0.005));
#10226=CARTESIAN_POINT('',(-0.0214970238567896,-0.0187116304822194,0.000840617455016031));
#10227=CARTESIAN_POINT('',(-0.0214628555504435,-0.0187508850462385,0.000764896689841254));
#10228=CARTESIAN_POINT('',(-0.021419507166106,-0.0188004753535693,0.000701341382553372));
#10229=CARTESIAN_POINT('',(-0.021368205672858,-0.0188586037745358,0.000652033426746103));
#10230=CARTESIAN_POINT('',(-0.0214968028271652,-0.018711884410038,0.000840857208262748));
#10231=CARTESIAN_POINT('',(-0.0213684772872829,-0.0188582960106521,0.000651388032078963));
#10232=CARTESIAN_POINT('',(-0.0215364145149845,-0.0186662797536432,0.00107088237668944));
#10233=CARTESIAN_POINT('',(-0.0215377905063302,-0.018664692189309,0.0009899715106997));
#10234=CARTESIAN_POINT('',(-0.0215240910617528,-0.0186805349511672,0.000910308502307271));
#10235=CARTESIAN_POINT('',(-0.0214967660646676,-0.0187119266448824,0.000840890778341154));
#10236=CARTESIAN_POINT('',(-0.0215364388706853,-0.0186662495174579,0.00107088338415761));
#10237=CARTESIAN_POINT('',(-0.0214374483817849,-0.0187798550814645,0.00141438821214396));
#10238=CARTESIAN_POINT('',(-0.0215025759861683,-0.0187055110755527,0.00132943421385248));
#10239=CARTESIAN_POINT('',(-0.0215392514663921,-0.0186630066777562,0.00120114263634706));
#10240=CARTESIAN_POINT('',(-0.0215361805165085,-0.0186665497284009,0.00107089764232787));
#10241=CARTESIAN_POINT('',(-0.0214373936556924,-0.0187799175518259,0.00141429158955377));
#10242=CARTESIAN_POINT('',(-0.021149001700376,-0.0191041062884395,0.00154589759407773));
#10243=CARTESIAN_POINT('',(-0.0212528958714365,-0.018989091329496,0.00154589759407773));
#10244=CARTESIAN_POINT('',(-0.0213599758568863,-0.018868290454656,0.00151658274404921));
#10245=CARTESIAN_POINT('',(-0.0214373936556924,-0.0187799175518259,0.00141429158955377));
#10246=CARTESIAN_POINT('',(-0.021149001700376,-0.0191041062884395,0.00154589759407773));
#10247=CARTESIAN_POINT('',(-0.0208220611432275,-0.019459930045583,0.00148455576052446));
#10248=CARTESIAN_POINT('',(-0.0209313603323529,-0.0193429858054378,0.0015252383282469));
#10249=CARTESIAN_POINT('',(-0.0210405267558123,-0.0192241923425477,0.00154536443105324));
#10250=CARTESIAN_POINT('',(-0.0211490012521636,-0.0191041067853307,0.00154605451555268));
#10251=CARTESIAN_POINT('',(-0.0208220329474039,-0.0194599613036544,0.0014847213654123));
#10252=CARTESIAN_POINT('',(-0.020392185199368,-0.0199099455749426,0.00126931935019535));
#10253=CARTESIAN_POINT('',(-0.0205342340539188,-0.0197644561491451,0.00135258830545898));
#10254=CARTESIAN_POINT('',(-0.0206763808727987,-0.0196158080830474,0.0014316243466961));
#10255=CARTESIAN_POINT('',(-0.0208220329474039,-0.0194599613036544,0.0014847213654123));
#10256=CARTESIAN_POINT('',(-0.0203921851993681,-0.0199099455749426,0.00126931935019535));
#10257=CARTESIAN_POINT('',(0.,1.46957615897682E-18,-0.00145023819315922));
#10258=CARTESIAN_POINT('',(-0.0201665636526756,-0.0201384423539926,0.00204456097059429));
#10259=CARTESIAN_POINT('',(-0.0206523067209565,-0.0196399943320333,0.00228857252435535));
#10260=CARTESIAN_POINT('',(-0.020488123425787,-0.0198126401950093,0.00222502255593978));
#10261=CARTESIAN_POINT('',(-0.0203261339840484,-0.0199786476890236,0.00214357150868349));
#10262=CARTESIAN_POINT('',(-0.02016665881654,-0.0201383470567912,0.00204425492529935));
#10263=CARTESIAN_POINT('',(-0.0206523380422024,-0.0196399622505232,0.00228840519476104));
#10264=CARTESIAN_POINT('',(-0.0211276222350057,-0.019127747611713,0.0023743492963225));
#10265=CARTESIAN_POINT('',(-0.0209688228425056,-0.0193031500503062,0.0023755576330151));
#10266=CARTESIAN_POINT('',(-0.020810326633476,-0.0194738291516986,0.00234691868969199));
#10267=CARTESIAN_POINT('',(-0.0206523288693687,-0.0196399710354659,0.00228846190412778));
#10268=CARTESIAN_POINT('',(-0.021127623108532,-0.0191277466468563,0.00237460415381452));
#10269=CARTESIAN_POINT('',(-0.0218937518312203,-0.0182458428348881,0.00201834258688052));
#10270=CARTESIAN_POINT('',(-0.0216884299854902,-0.0184922148757208,0.00228851654142259));
#10271=CARTESIAN_POINT('',(-0.0214076128069815,-0.0188184829927351,0.00237460415381452));
#10272=CARTESIAN_POINT('',(-0.021127623108532,-0.0191277466468563,0.00237460415381452));
#10273=CARTESIAN_POINT('',(-0.0218937518312203,-0.0182458428348881,0.00201834258688052));
#10274=CARTESIAN_POINT('',(-0.0221621638311311,-0.0179188628077958,0.00103798067036808));
#10275=CARTESIAN_POINT('',(-0.0221621638311311,-0.0179188628077958,0.00140861499775687));
#10276=CARTESIAN_POINT('',(-0.0220755320128126,-0.0180277191658623,0.00177914606912325));
#10277=CARTESIAN_POINT('',(-0.0218937518312204,-0.0182458428348881,0.00201834258688053));
#10278=CARTESIAN_POINT('',(-0.0221621638311311,-0.0179188628077958,0.00103798067036808));
#10279=CARTESIAN_POINT('',(-0.0220810240208785,-0.0180187549012657,0.000460148056755089));
#10280=CARTESIAN_POINT('',(-0.0221392403001886,-0.017947413952965,0.000637460224112694));
#10281=CARTESIAN_POINT('',(-0.0221621638311311,-0.0179188628077958,0.000838421349956706));
#10282=CARTESIAN_POINT('',(-0.0221621638311311,-0.0179188628077958,0.00103798067036808));
#10283=CARTESIAN_POINT('',(-0.0220810240208785,-0.0180187549012657,0.000460148056755089));
#10284=CARTESIAN_POINT('',(-0.0218617158194766,-0.018284215362737,2.63583487504745E-5));
#10285=CARTESIAN_POINT('',(-0.0219533546484249,-0.0181746464259927,0.000148682407346946));
#10286=CARTESIAN_POINT('',(-0.0220262142317886,-0.0180859215976774,0.000293260433477078));
#10287=CARTESIAN_POINT('',(-0.0220810529712521,-0.0180187194240672,0.000460124254434366));
#10288=CARTESIAN_POINT('',(-0.0218617701220724,-0.0182841504350671,2.62595105901702E-5));
#10289=CARTESIAN_POINT('',(-0.0214421360464639,-0.0187745027035987,-0.000362389471519638));
#10290=CARTESIAN_POINT('',(-0.0215922807910277,-0.0186030241781525,-0.000254983522109324));
#10291=CARTESIAN_POINT('',(-0.0217392286871408,-0.0184306692842975,-0.00013864885650538));
#10292=CARTESIAN_POINT('',(-0.0218617701220724,-0.0182841504350671,2.62595105901702E-5));
#10293=CARTESIAN_POINT('',(-0.0214421360464639,-0.0187745027035987,-0.000362389471519638));
#10294=CARTESIAN_POINT('',(-0.0210359485235793,-0.0192285209965775,-0.000680608677770924));
#10295=CARTESIAN_POINT('',(-0.021165070798302,-0.0190872615869329,-0.000553681611860651));
#10296=CARTESIAN_POINT('',(-0.0213057964595723,-0.0189302145228038,-0.000460999778919767));
#10297=CARTESIAN_POINT('',(-0.0214421360464639,-0.0187745027035987,-0.000362389471519638));
#10298=CARTESIAN_POINT('',(-0.0210359485235793,-0.0192285209965775,-0.000680608677770924));
#10299=CARTESIAN_POINT('',(-0.0208819134980691,-0.0193956912395939,-0.000887329901376378));
#10300=CARTESIAN_POINT('',(-0.020925101363899,-0.0193491940424956,-0.00080488443107425));
#10301=CARTESIAN_POINT('',(-0.0209766021513263,-0.0192934474467403,-0.000736174205656341));
#10302=CARTESIAN_POINT('',(-0.0210361963513006,-0.0192282498702308,-0.000681198791597398));
#10303=CARTESIAN_POINT('',(-0.020882118343061,-0.0193954737914254,-0.000887553471180592));
#10304=CARTESIAN_POINT('',(-0.0208299083439584,-0.0194515312606692,-0.00113351502101332));
#10305=CARTESIAN_POINT('',(-0.0208290037039127,-0.0194525000054423,-0.00104546884025949));
#10306=CARTESIAN_POINT('',(-0.0208474133617802,-0.0194328364527836,-0.000959340929510448));
#10307=CARTESIAN_POINT('',(-0.0208822903295649,-0.0193952855249482,-0.000887735971793165));
#10308=CARTESIAN_POINT('',(-0.0208297549558531,-0.0194516955168852,-0.0011335184042772));
#10309=CARTESIAN_POINT('',(-0.0209490197676924,-0.0193231912678867,-0.00150623072177668));
#10310=CARTESIAN_POINT('',(-0.0208693627728226,-0.019409550500015,-0.00142251360815144));
#10311=CARTESIAN_POINT('',(-0.0208297549558531,-0.0194516955168852,-0.00127726855521846));
#10312=CARTESIAN_POINT('',(-0.0208297549558531,-0.0194516955168852,-0.0011335184042772));
#10313=CARTESIAN_POINT('',(-0.0209490197676924,-0.0193231912678867,-0.00150623072177668));
#10314=CARTESIAN_POINT('',(-0.0212862918545167,-0.0189510139329493,-0.00163115360888341));
#10315=CARTESIAN_POINT('',(-0.0211694084346563,-0.0190823005541773,-0.00163115360888341));
#10316=CARTESIAN_POINT('',(-0.0210466576032211,-0.0192173383102562,-0.00160884515989901));
#10317=CARTESIAN_POINT('',(-0.0209490197676924,-0.0193231912678867,-0.00150623072177668));
#10318=CARTESIAN_POINT('',(-0.0212862918545167,-0.0189510139329493,-0.0016311536088834));
#10319=CARTESIAN_POINT('',(-0.0216824180117879,-0.0184964834858083,-0.00154410497724077));
#10320=CARTESIAN_POINT('',(-0.0215544032726823,-0.0186465481771367,-0.00159899348757203));
#10321=CARTESIAN_POINT('',(-0.0214224244689847,-0.0187981059522803,-0.00162826711406722));
#10322=CARTESIAN_POINT('',(-0.0212863006556483,-0.0189510040472754,-0.0016319000941481));
#10323=CARTESIAN_POINT('',(-0.0216825411841956,-0.0184963390377168,-0.00154478716841456));
#10324=CARTESIAN_POINT('',(-0.022196436638786,-0.0178763908701634,-0.00124558914250463));
#10325=CARTESIAN_POINT('',(-0.0220322708949586,-0.0180802292488153,-0.0013626726041394));
#10326=CARTESIAN_POINT('',(-0.0218626384377645,-0.0182852180094037,-0.00147208450203044));
#10327=CARTESIAN_POINT('',(-0.0216825411841956,-0.0184963390377168,-0.00154478716841456));
#10328=CARTESIAN_POINT('',(-0.022196436638786,-0.0178763908701634,-0.00124558914250463));
#10329=CARTESIAN_POINT('',(-0.022196436638786,-0.0178763908701634,0.005));
#10330=CARTESIAN_POINT('',(-0.022196436638786,-0.0178763908701634,-0.00217094386181369));
#10331=CARTESIAN_POINT('',(-0.0213374916140876,-0.0188933480786556,-0.00245471930906847));
#10332=CARTESIAN_POINT('',(-0.0216416158248157,-0.0185498807498881,-0.00245471930906847));
#10333=CARTESIAN_POINT('',(-0.0219378125010479,-0.0181975146545031,-0.00237311840366843));
#10334=CARTESIAN_POINT('',(-0.022196436638786,-0.0178763908701634,-0.00217094386181369));
#10335=CARTESIAN_POINT('',(-0.0213374916140876,-0.0188933480786556,-0.00245471930906847));
#10336=CARTESIAN_POINT('',(-0.0204721639599572,-0.0198276991302352,-0.00208817602303105));
#10337=CARTESIAN_POINT('',(-0.0207190745855887,-0.0195727631047194,-0.00237200068054551));
#10338=CARTESIAN_POINT('',(-0.0210379778375152,-0.0192316085430959,-0.00245471930906847));
#10339=CARTESIAN_POINT('',(-0.0213374916140876,-0.0188933480786556,-0.00245471930906847));
#10340=CARTESIAN_POINT('',(-0.0204721639599572,-0.0198276991302352,-0.00208817602303105));
#10341=CARTESIAN_POINT('',(-0.0201505529075564,-0.0201544627197619,-0.00108519432449105));
#10342=CARTESIAN_POINT('',(-0.0201505529075564,-0.0201544627197619,-0.00146926086937146));
#10343=CARTESIAN_POINT('',(-0.0202634142824291,-0.0200432338524878,-0.00184821751343219));
#10344=CARTESIAN_POINT('',(-0.0204721639599572,-0.0198276991302352,-0.00208817602303105));
#10345=CARTESIAN_POINT('',(-0.0201505529075564,-0.0201544627197619,-0.00108519432449105));
#10346=CARTESIAN_POINT('',(-0.0203226888504377,-0.0199808775555728,-0.000309438618136953));
#10347=CARTESIAN_POINT('',(-0.0202034635606976,-0.0201021424229318,-0.000529416074354627));
#10348=CARTESIAN_POINT('',(-0.0201505529075564,-0.0201544627197619,-0.000807784307646831));
#10349=CARTESIAN_POINT('',(-0.0201505529075564,-0.0201544627197619,-0.00108519432449105));
#10350=CARTESIAN_POINT('',(-0.0203226888504377,-0.0199808775555728,-0.000309438618136953));
#10351=CARTESIAN_POINT('',(-0.0209458823060434,-0.0193265921575397,0.000322373020769072));
#10352=CARTESIAN_POINT('',(-0.0207189664346504,-0.0195725203117031,0.00016211992268077));
#10353=CARTESIAN_POINT('',(-0.0204826769333593,-0.0198181525691477,-1.42514847449849E-5));
#10354=CARTESIAN_POINT('',(-0.0203226888504377,-0.0199808775555728,-0.000309438618136953));
#10355=CARTESIAN_POINT('',(-0.0209458823060434,-0.0193265921575397,0.000322373020769072));
#10356=CARTESIAN_POINT('',(-0.0213684772872829,-0.0188582960106521,0.000651388032078963));
#10357=CARTESIAN_POINT('',(-0.0212388760460496,-0.0190051481535038,0.000516787913649461));
#10358=CARTESIAN_POINT('',(-0.02109111408153,-0.0191691920503898,0.00042458210098124));
#10359=CARTESIAN_POINT('',(-0.0209458823060434,-0.0193265921575397,0.000322373020769072));
#10360=CARTESIAN_POINT('',(-0.0213661436757576,-0.018856191015175,0.000651388032078963));
#10361=CARTESIAN_POINT('',(-0.0217433573510342,-0.0191964503392953,0.000651388032078963));
#10362=CARTESIAN_POINT('',(-0.0213066886722601,-0.0189221032144685,0.000590383165398588));
#10363=CARTESIAN_POINT('',(-0.0216839023475367,-0.0192623625385887,0.000590383165398588));
#10364=CARTESIAN_POINT('',(-0.0211658560674503,-0.0190782311459996,0.000480711494961957));
#10365=CARTESIAN_POINT('',(-0.021543069742727,-0.0194184904701198,0.000480711494961957));
#10366=CARTESIAN_POINT('',(-0.0209436458613284,-0.0193245748097683,0.000322373020769072));
#10367=CARTESIAN_POINT('',(-0.021320859536605,-0.0196648341338886,0.000322373020769072));
#10368=CARTESIAN_POINT('',(-0.0219266693428208,-0.0193618038736884,0.000651388032078963));
#10369=CARTESIAN_POINT('',(-0.0215041715283916,-0.0198301876682818,0.000322373020769072));
#10370=CARTESIAN_POINT('',(-0.021682053348926,-0.0196329867378974,0.0012255874643599));
#10371=CARTESIAN_POINT('',(-0.0220568275937208,-0.0192175095995595,0.000841085749537322));
#10372=CARTESIAN_POINT('',(-0.0218123835256364,-0.0194885018657084,0.00105983128920638));
#10373=CARTESIAN_POINT('',(-0.0220978033393745,-0.0191720836243707,0.00107088217149907));
#10374=CARTESIAN_POINT('',(-0.021807805710052,-0.0194935768615099,0.00108645229174262));
#10375=CARTESIAN_POINT('',(-0.02199656914423,-0.0192843125042488,0.00141429158955377));
#10376=CARTESIAN_POINT('',(-0.021144534408999,-0.0191000766425273,0.00154589759407773));
#10377=CARTESIAN_POINT('',(-0.0215225759735619,-0.0194410827504135,0.00154589759407773));
#10378=CARTESIAN_POINT('',(-0.0212707902079319,-0.0189601086517496,0.00154589759407773));
#10379=CARTESIAN_POINT('',(-0.0216488317724948,-0.0193011147596359,0.00154589759407773));
#10380=CARTESIAN_POINT('',(-0.0213676628391132,-0.0188527150297348,0.00150202892590308));
#10381=CARTESIAN_POINT('',(-0.0217457044036761,-0.019193721137621,0.00150202892590308));
#10382=CARTESIAN_POINT('',(-0.0214351523025428,-0.0187778957764827,0.00141429158955377));
#10383=CARTESIAN_POINT('',(-0.0218131938671058,-0.0191189018843689,0.00141429158955377));
#10384=CARTESIAN_POINT('',(-0.0217059512506862,-0.0196064933702934,0.00154589759407773));
#10385=CARTESIAN_POINT('',(-0.0217116515895114,-0.0196001739380075,-0.00044982022246446));
#10386=CARTESIAN_POINT('',(-0.0213822772934218,-0.0199653204011962,0.0014847213654123));
#10387=CARTESIAN_POINT('',(-0.0203898777847208,-0.0199078642099238,0.00126931935019535));
#10388=CARTESIAN_POINT('',(-0.0207790617218821,-0.020258921109756,0.00126931935019535));
#10389=CARTESIAN_POINT('',(-0.0205579127753007,-0.0197215795385615,0.00137213654122969));
#10390=CARTESIAN_POINT('',(-0.0209470967124619,-0.0200726364383937,0.00137213654122969));
#10391=CARTESIAN_POINT('',(-0.0206967941541269,-0.0195676147487061,0.00144393721296867));
#10392=CARTESIAN_POINT('',(-0.0210859780912881,-0.0199186716485383,0.00144393721296867));
#10393=CARTESIAN_POINT('',(-0.0208065219211995,-0.0194459698403575,0.0014847213654123));
#10394=CARTESIAN_POINT('',(-0.0211957058583608,-0.0197970267401897,0.0014847213654123));
#10395=CARTESIAN_POINT('',(-0.0209656331569431,-0.0204272147707625,0.00126931935019535));
#10396=CARTESIAN_POINT('',(-0.020858200949851,-0.0205463148065516,0.00165694016039482));
#10397=CARTESIAN_POINT('',(-0.0201666492877919,-0.0201383474183519,0.00204425199478458));
#10398=CARTESIAN_POINT('',(-0.0220423486122806,-0.0192335610915181,-0.00233175885856464));
#10399=CARTESIAN_POINT('',(-0.0212166526408216,-0.0201489329563709,0.00228823771334567));
#10400=CARTESIAN_POINT('',(-0.0216751271039121,-0.0196406652176677,-0.000395496762787246));
#10401=CARTESIAN_POINT('',(-0.0216846025428667,-0.0196301606850977,0.00237460415381452));
#10402=CARTESIAN_POINT('',(-0.0218914260001478,-0.018243744857639,0.00201834258688052));
#10403=CARTESIAN_POINT('',(-0.022283716174383,-0.0185976036869787,0.00201834258688052));
#10404=CARTESIAN_POINT('',(-0.0217027309697426,-0.0184529333820377,0.00225585029816985));
#10405=CARTESIAN_POINT('',(-0.0220950211439778,-0.0188067922113773,0.00225585029816985));
#10406=CARTESIAN_POINT('',(-0.0214419553559465,-0.0187420309048076,0.00237460415381452));
#10407=CARTESIAN_POINT('',(-0.0218342455301818,-0.0190958897341472,0.00237460415381452));
#10408=CARTESIAN_POINT('',(-0.0211090991587597,-0.0191110374259487,0.00237460415381452));
#10409=CARTESIAN_POINT('',(-0.0215013893329949,-0.0194648962552884,0.00237460415381452));
#10410=CARTESIAN_POINT('',(-0.0224669293842547,-0.0187628681167879,0.00201834258688052));
#10411=CARTESIAN_POINT('',(-0.0221598465156231,-0.0179167725118701,0.00103798067036808));
#10412=CARTESIAN_POINT('',(-0.0225507003979733,-0.018269335757995,0.00103798067036808));
#10413=CARTESIAN_POINT('',(-0.0221598465156231,-0.0179167725118701,0.00145404757008705));
#10414=CARTESIAN_POINT('',(-0.0225507003979733,-0.018269335757995,0.00145404757008705));
#10415=CARTESIAN_POINT('',(-0.0220654990004205,-0.0180213667740694,0.0017808348755912));
#10416=CARTESIAN_POINT('',(-0.0224563528827707,-0.0183739300201944,0.0017808348755912));
#10417=CARTESIAN_POINT('',(-0.0218768039700152,-0.0182305552984681,0.00201834258688052));
#10418=CARTESIAN_POINT('',(-0.0222676578523654,-0.018583118544593,0.00201834258688052));
#10419=CARTESIAN_POINT('',(-0.0227499719298626,-0.01844908533019,0.00103798067036808));
#10420=CARTESIAN_POINT('',(-0.0220738201333541,-0.0180122567542982,0.000460148056755089));
#10421=CARTESIAN_POINT('',(-0.0224550402811216,-0.018356130050316,0.000460148056755089));
#10422=CARTESIAN_POINT('',(-0.0221312091328691,-0.0179486349403083,0.000625341010350483));
#10423=CARTESIAN_POINT('',(-0.0225124292806366,-0.0182925082363261,0.000625341010350483));
#10424=CARTESIAN_POINT('',(-0.0221599036326266,-0.0179168240333134,0.000817951881554595));
#10425=CARTESIAN_POINT('',(-0.022541123780394,-0.0182606973293313,0.000817951881554595));
#10426=CARTESIAN_POINT('',(-0.0221599036326266,-0.0179168240333134,0.00103798067036808));
#10427=CARTESIAN_POINT('',(-0.022541123780394,-0.0182606973293313,0.00103798067036808));
#10428=CARTESIAN_POINT('',(-0.0226638884305901,-0.0185445180511748,0.000460148056755089));
#10429=CARTESIAN_POINT('',(-0.021800207875478,-0.0195019998697892,0.00112960415562985));
#10430=CARTESIAN_POINT('',(-0.022433528986537,-0.01879989601253,2.62595105901702E-5));
#10431=CARTESIAN_POINT('',(-0.0214273278347121,-0.0187611452023936,-0.000362389471519638));
#10432=CARTESIAN_POINT('',(-0.0218157875788336,-0.019111548855935,-0.000362389471519638));
#10433=CARTESIAN_POINT('',(-0.0216192366490902,-0.0185483938564115,-0.000227356227294537));
#10434=CARTESIAN_POINT('',(-0.0220076963932117,-0.0188987975099529,-0.000227356227294537));
#10435=CARTESIAN_POINT('',(-0.0217632830378727,-0.018388703103297,-9.78065665912676E-5));
#10436=CARTESIAN_POINT('',(-0.0221517427819943,-0.0187391067568384,-9.78065665912676E-5));
#10437=CARTESIAN_POINT('',(-0.0218594670010598,-0.01828207294305,2.62595105901702E-5));
#10438=CARTESIAN_POINT('',(-0.0222479267451814,-0.0186324765965914,2.62595105901702E-5));
#10439=CARTESIAN_POINT('',(-0.0220013898201893,-0.0192789682718736,-0.000362389471519638));
#10440=CARTESIAN_POINT('',(-0.0210318582500158,-0.0192248314333156,-0.000680608677770924));
#10441=CARTESIAN_POINT('',(-0.0214100105859052,-0.0195659374606352,-0.000680608677770924));
#10442=CARTESIAN_POINT('',(-0.0210986590454513,-0.0191507756418314,-0.000614462951538831));
#10443=CARTESIAN_POINT('',(-0.0214768113813407,-0.019491881669151,-0.000614462951538831));
#10444=CARTESIAN_POINT('',(-0.0212346709743017,-0.0189999919426755,-0.000508389882788403));
#10445=CARTESIAN_POINT('',(-0.0216128233101911,-0.019341097969995,-0.000508389882788403));
#10446=CARTESIAN_POINT('',(-0.0214398940365673,-0.0187724803358478,-0.000362389471519638));
#10447=CARTESIAN_POINT('',(-0.0218180463724567,-0.0191135863631673,-0.000362389471519638));
#10448=CARTESIAN_POINT('',(-0.0215933540336378,-0.0197313193693415,-0.000680608677770924));
#10449=CARTESIAN_POINT('',(-0.0218987590990878,-0.0193927453494105,-0.00141320113001642));
#10450=CARTESIAN_POINT('',(-0.0214415027409212,-0.0198996626891586,-0.000887785317705121));
#10451=CARTESIAN_POINT('',(-0.0216657121660277,-0.0196511026783647,-0.00112731921609888));
#10452=CARTESIAN_POINT('',(-0.0213898526413577,-0.0199569223217495,-0.0011335184042772));
#10453=CARTESIAN_POINT('',(-0.0209449337806666,-0.0193195055712249,-0.00150623072177668));
#10454=CARTESIAN_POINT('',(-0.0213225899494099,-0.0196601640392197,-0.00150623072177668));
#10455=CARTESIAN_POINT('',(-0.0208666551853282,-0.0194062857255071,-0.00142294879703886));
#10456=CARTESIAN_POINT('',(-0.0212443113540714,-0.0197469441935019,-0.00142294879703886));
#10457=CARTESIAN_POINT('',(-0.020827515887659,-0.0194496758026481,-0.00129871135787237));
#10458=CARTESIAN_POINT('',(-0.0212051720564022,-0.0197903342706429,-0.00129871135787237));
#10459=CARTESIAN_POINT('',(-0.020827515887659,-0.0194496758026481,-0.0011335184042772));
#10460=CARTESIAN_POINT('',(-0.0212051720564022,-0.0197903342706429,-0.0011335184042772));
#10461=CARTESIAN_POINT('',(-0.0215072705343654,-0.0198267520903263,-0.00150623072177668));
#10462=CARTESIAN_POINT('',(-0.0212831982533591,-0.0189482234014602,-0.0016311536088834));
#10463=CARTESIAN_POINT('',(-0.0216603081606844,-0.0192883891234253,-0.0016311536088834));
#10464=CARTESIAN_POINT('',(-0.021137200638593,-0.0191100772962504,-0.0016311536088834));
#10465=CARTESIAN_POINT('',(-0.0215143105459183,-0.0194502430182155,-0.0016311536088834));
#10466=CARTESIAN_POINT('',(-0.0210250625335407,-0.0192343943207866,-0.0015895126465145));
#10467=CARTESIAN_POINT('',(-0.0214021724408661,-0.0195745600427516,-0.0015895126465145));
#10468=CARTESIAN_POINT('',(-0.0209467839382023,-0.0193211744750687,-0.00150623072177668));
#10469=CARTESIAN_POINT('',(-0.0213238938455277,-0.0196613401970338,-0.00150623072177668));
#10470=CARTESIAN_POINT('',(-0.0218436848495221,-0.0194538010167178,-0.0016311536088834));
#10471=CARTESIAN_POINT('',(-0.0218150852696709,-0.0194855066948917,0.00077481034665903));
#10472=CARTESIAN_POINT('',(-0.0222475886281085,-0.0190060306898572,-0.00154478716841456));
#10473=CARTESIAN_POINT('',(-0.0221940580251201,-0.0178742452812536,-0.00124558914250463));
#10474=CARTESIAN_POINT('',(-0.0225952508634277,-0.0182361346107015,-0.00124558914250463));
#10475=CARTESIAN_POINT('',(-0.0219819482829128,-0.0181093915057601,-0.00138747686613202));
#10476=CARTESIAN_POINT('',(-0.0223831411212204,-0.018471280835208,-0.00138747686613202));
#10477=CARTESIAN_POINT('',(-0.0218023207144309,-0.0183085277835483,-0.00148720954143533));
#10478=CARTESIAN_POINT('',(-0.0222035135527385,-0.0186704171129962,-0.00148720954143533));
#10479=CARTESIAN_POINT('',(-0.0216551753196745,-0.0184716541146183,-0.00154478716841456));
#10480=CARTESIAN_POINT('',(-0.0220563681579821,-0.0188335434440662,-0.00154478716841456));
#10481=CARTESIAN_POINT('',(-0.0227864713335541,-0.0184086218564924,-0.00124558914250463));
#10482=CARTESIAN_POINT('',(-0.0227864713335541,-0.0184086218564924,-0.00170826650215916));
#10483=CARTESIAN_POINT('',(-0.0227864713335541,-0.0184086218564924,-0.00217094386181369));
#10484=CARTESIAN_POINT('',(-0.0213028791616343,-0.0188621264913967,-0.00245471930906847));
#10485=CARTESIAN_POINT('',(-0.0217112367941942,-0.019230478704376,-0.00245471930906847));
#10486=CARTESIAN_POINT('',(-0.021638949142794,-0.0184895571486721,-0.00245471930906847));
#10487=CARTESIAN_POINT('',(-0.0220473067753539,-0.0188579093616514,-0.00245471930906847));
#10488=CARTESIAN_POINT('',(-0.0219359946042835,-0.0181602506394607,-0.00236012749331688));
#10489=CARTESIAN_POINT('',(-0.0223443522368434,-0.0185286028524399,-0.00236012749331688));
#10490=CARTESIAN_POINT('',(-0.0221940155461028,-0.0178742069637623,-0.00217094386181369));
#10491=CARTESIAN_POINT('',(-0.0226023731786627,-0.0182425591767415,-0.00217094386181369));
#10492=CARTESIAN_POINT('',(-0.0218953349490856,-0.0193965413841269,-0.00245471930906847));
#10493=CARTESIAN_POINT('',(-0.0204698559791008,-0.0198256172544769,-0.00208817602303105));
#10494=CARTESIAN_POINT('',(-0.0208591354168744,-0.0201767602990486,-0.00208817602303105));
#10495=CARTESIAN_POINT('',(-0.0206743903733722,-0.019598869109417,-0.00233253821372267));
#10496=CARTESIAN_POINT('',(-0.0210636698111457,-0.0199500121539888,-0.00233253821372267));
#10497=CARTESIAN_POINT('',(-0.0209586954769694,-0.0192836866429113,-0.00245471930906847));
#10498=CARTESIAN_POINT('',(-0.0213479749147429,-0.019634829687483,-0.00245471930906847));
#10499=CARTESIAN_POINT('',(-0.0213227712898923,-0.0188800698549597,-0.00245471930906847));
#10500=CARTESIAN_POINT('',(-0.0217120507276659,-0.0192312128995314,-0.00245471930906847));
#10501=CARTESIAN_POINT('',(-0.0210424196382941,-0.0203420887836441,-0.00208817602303105));
#10502=CARTESIAN_POINT('',(-0.0201482348212613,-0.0201523717285606,-0.00108519432449105));
#10503=CARTESIAN_POINT('',(-0.020539218709696,-0.0205050522445125,-0.00108519432449105));
#10504=CARTESIAN_POINT('',(-0.0201482348212613,-0.0201523717285606,-0.00150948659949277));
#10505=CARTESIAN_POINT('',(-0.020539218709696,-0.0205050522445125,-0.00150948659949277));
#10506=CARTESIAN_POINT('',(-0.020250502018397,-0.0200389976560306,-0.00184381383233943));
#10507=CARTESIAN_POINT('',(-0.0206414859068316,-0.0203916781719825,-0.00184381383233943));
#10508=CARTESIAN_POINT('',(-0.0204550364126683,-0.0198122495109708,-0.00208817602303105));
#10509=CARTESIAN_POINT('',(-0.020846020301103,-0.0201649300269227,-0.00208817602303105));
#10510=CARTESIAN_POINT('',(-0.0207356180468871,-0.0206822110012338,-0.00108519432449105));
#10511=CARTESIAN_POINT('',(-0.0203118302171316,-0.0199710827059377,-0.000309438618136953));
#10512=CARTESIAN_POINT('',(-0.0206966160689571,-0.0203181723860167,-0.000309438618136953));
#10513=CARTESIAN_POINT('',(-0.0202027911180532,-0.0200919641525185,-0.000520213859757385));
#10514=CARTESIAN_POINT('',(-0.0205875769698786,-0.0204390538325974,-0.000520213859757385));
#10515=CARTESIAN_POINT('',(-0.020148271568514,-0.0201524048758088,-0.000778799095208719));
#10516=CARTESIAN_POINT('',(-0.0205330574203394,-0.0204994945558877,-0.000778799095208719));
#10517=CARTESIAN_POINT('',(-0.020148271568514,-0.0201524048758088,-0.00108519432449105));
#10518=CARTESIAN_POINT('',(-0.0205330574203394,-0.0204994945558877,-0.00108519432449105));
#10519=CARTESIAN_POINT('',(-0.0208991766955047,-0.0205008888313628,-0.000309438618136953));
#10520=CARTESIAN_POINT('',(-0.0209253465009281,-0.0193080681759697,0.000322373020769072));
#10521=CARTESIAN_POINT('',(-0.0213195512651394,-0.0196636540293647,0.000322373020769072));
#10522=CARTESIAN_POINT('',(-0.0206310557114153,-0.0196343208381096,0.000111940503118788));
#10523=CARTESIAN_POINT('',(-0.0210252604756266,-0.0199899066915047,0.000111940503118788));
#10524=CARTESIAN_POINT('',(-0.0204293907671197,-0.01985788789247,-9.86633765165539E-5));
#10525=CARTESIAN_POINT('',(-0.020823595531331,-0.020213473745865,-9.86633765165539E-5));
#10526=CARTESIAN_POINT('',(-0.0203203516680413,-0.0199787693390507,-0.000309438618136953));
#10527=CARTESIAN_POINT('',(-0.0207145564322526,-0.0203343551924457,-0.000309438618136953));
#10528=CARTESIAN_POINT('',(0.,1.46957615897682E-18,0.005));
#10529=CARTESIAN_POINT('',(0.,1.46957615897682E-18,-0.000373358477211207));
#10530=CARTESIAN_POINT('',(0.0174185723919637,-0.0225574928976698,0.000505387620810199));
#10531=CARTESIAN_POINT('',(0.0170366869947491,-0.0228472853145718,0.00110275550071972));
#10532=CARTESIAN_POINT('',(0.,1.46957615897682E-18,0.00107192209394553));
#10533=CARTESIAN_POINT('',(0.0178429666247322,-0.0222233141526964,0.000938911106222991));
#10534=CARTESIAN_POINT('',(0.018108834186538,-0.0220072096006508,0.00126360876485499));
#10535=CARTESIAN_POINT('',(0.0180241944074877,-0.0220768562188373,0.00115052581834157));
#10536=CARTESIAN_POINT('',(0.0179356888166593,-0.0221488663545915,0.00104217157320239));
#10537=CARTESIAN_POINT('',(0.0178432153598938,-0.0222231144447161,0.000938546039440147));
#10538=CARTESIAN_POINT('',(0.0181091994024149,-0.0220069090743357,0.00126315031873329));
#10539=CARTESIAN_POINT('',(0.,1.46957615897682E-18,-0.00438579751867852));
#10540=CARTESIAN_POINT('',(0.0180972876295518,-0.0220167057130665,0.000774768661320173));
#10541=CARTESIAN_POINT('',(0.,1.46957615897682E-18,-0.00629792309274137));
#10542=CARTESIAN_POINT('',(0.0180893435238295,-0.0220232332067611,0.000328542052231133));
#10543=CARTESIAN_POINT('',(0.0180893435238295,-0.0220232332067611,0.005));
#10544=CARTESIAN_POINT('',(0.0180893435238295,-0.0220232332067611,-0.00238994447871684));
#10545=CARTESIAN_POINT('',(0.,1.46957615897682E-18,-0.00238994447871684));
#10546=CARTESIAN_POINT('',(0.018845938337095,-0.0213793769365927,-0.00238994447871684));
#10547=CARTESIAN_POINT('',(0.018845938337095,-0.0213793769365927,0.005));
#10548=CARTESIAN_POINT('',(0.018845938337095,-0.0213793769365927,0.0023077729796422));
#10549=CARTESIAN_POINT('',(0.,1.46957615897682E-18,0.0023077729796422));
#10550=CARTESIAN_POINT('',(0.0182256562532001,-0.0219105591928342,0.0023077729796422));
#10551=CARTESIAN_POINT('',(0.,1.46957615897682E-18,0.00204540334513495));
#10552=CARTESIAN_POINT('',(0.0181124849143573,-0.0229713494315316,0.00170526424018096));
#10553=CARTESIAN_POINT('',(0.0175251562590148,-0.0234485204632103,0.00110275550071972));
#10554=CARTESIAN_POINT('',(0.0186998135696998,-0.022494178399853,0.0023077729796422));
#10555=CARTESIAN_POINT('',(0.0177110904664805,-0.0232974595251925,0.00080407156076496));
#10556=CARTESIAN_POINT('',(0.0178970246739463,-0.0231463985871746,0.000505387620810199));
#10557=CARTESIAN_POINT('',(0.0181064999076792,-0.0229762119080773,0.000722331893892659));
#10558=CARTESIAN_POINT('',(0.0183159751414121,-0.02280602522898,0.000939276166975118));
#10559=CARTESIAN_POINT('',(0.0154055568725257,-0.0251705740643712,0.00523068634320986));
#10560=CARTESIAN_POINT('',(0.0181092233851816,-0.0220068895897057,0.00126412865255993));
#10561=CARTESIAN_POINT('',(0.0185765224321313,-0.0225943454166932,0.00101895949002673));
#10562=CARTESIAN_POINT('',(0.0185705374254533,-0.0225992078932388,0.000774768661320173));
#10563=CARTESIAN_POINT('',(0.0185665474210012,-0.0226024495442693,0.000551655356775653));
#10564=CARTESIAN_POINT('',(0.0185625574165491,-0.0226056911952996,0.000328542052231133));
#10565=CARTESIAN_POINT('',(0.0185625574165491,-0.0226056911952996,-0.00103070121324285));
#10566=CARTESIAN_POINT('',(0.0185625574165491,-0.0226056911952996,-0.00238994447871684));
#10567=CARTESIAN_POINT('',(0.0189479918466177,-0.0222925477057605,-0.00238994447871684));
#10568=CARTESIAN_POINT('',(0.0193334262766862,-0.0219794042162215,-0.00238994447871684));
#10569=CARTESIAN_POINT('',(0.0193334262766862,-0.0219794042162215,-4.10857495373229E-5));
#10570=CARTESIAN_POINT('',(0.0193334262766862,-0.0219794042162215,0.0023077729796422));
#10571=CARTESIAN_POINT('',(0.019016619923193,-0.0222367913080372,0.0023077729796422));
#10572=CARTESIAN_POINT('',(0.,1.46957615897682E-18,0.005));
#10573=CARTESIAN_POINT('',(0.,1.46957615897682E-18,-0.00238994447871684));
#10574=CARTESIAN_POINT('',(-0.0164147958217386,-0.023298103530827,-0.00238994447871684));
#10575=CARTESIAN_POINT('',(-0.0172059810524218,-0.0227200652733702,-0.00238994447871684));
#10576=CARTESIAN_POINT('',(-0.0164147958217386,-0.023298103530827,0.005));
#10577=CARTESIAN_POINT('',(-0.0164147958217386,-0.023298103530827,0.00120248817602303));
#10578=CARTESIAN_POINT('',(0.,1.46957615897682E-18,0.00120248817602303));
#10579=CARTESIAN_POINT('',(-0.0172059810524218,-0.0227200652733702,0.00120248817602303));
#10580=CARTESIAN_POINT('',(-0.0172059810524218,-0.0227200652733702,0.005));
#10581=CARTESIAN_POINT('',(-0.0176511806701342,-0.0233284834031007,-0.000593728151346906));
#10582=CARTESIAN_POINT('',(-0.0176511806701342,-0.0233284834031007,-0.00238994447871684));
#10583=CARTESIAN_POINT('',(-0.0176511806701342,-0.0233284834031007,0.00120248817602303));
#10584=CARTESIAN_POINT('',(-0.0172558020507708,-0.0236177949827379,-0.00238994447871684));
#10585=CARTESIAN_POINT('',(-0.0168604234314073,-0.0239071065623752,-0.00238994447871684));
#10586=CARTESIAN_POINT('',(-0.0168604234314073,-0.0239071065623752,-0.000593728151346906));
#10587=CARTESIAN_POINT('',(-0.0168604234314073,-0.0239071065623752,0.00120248817602303));
#10588=CARTESIAN_POINT('',(-0.0172558020507708,-0.0236177949827379,0.00120248817602303));
#10589=CARTESIAN_POINT('',(0.,1.46957615897682E-18,0.005));
#10590=CARTESIAN_POINT('',(-0.0118627844823136,-0.0259137317715662,0.00029152786345877));
#10591=CARTESIAN_POINT('',(-0.0119435065430624,-0.0258767788379605,0.000423944059406962));
#10592=CARTESIAN_POINT('',(-0.0120911692056827,-0.0258084480222037,0.000485852354513675));
#10593=CARTESIAN_POINT('',(-0.0122345772548518,-0.0257402849517554,0.000485852354513675));
#10594=CARTESIAN_POINT('',(-0.0118627844823136,-0.0259137317715662,0.00029152786345877));
#10595=CARTESIAN_POINT('',(-0.0122345772548518,-0.0257402849517554,0.000485852354513675));
#10596=CARTESIAN_POINT('',(-0.0117441828151429,-0.025967697626224,-0.000291445609705943));
#10597=CARTESIAN_POINT('',(-0.0117441828151429,-0.0259676976262241,-8.91159512655674E-5));
#10598=CARTESIAN_POINT('',(-0.0117596579446178,-0.0259609410234747,0.000122359439160176));
#10599=CARTESIAN_POINT('',(-0.0118627844823136,-0.0259137317715662,0.00029152786345877));
#10600=CARTESIAN_POINT('',(-0.0117441828151429,-0.025967697626224,-0.000291445609705943));
#10601=CARTESIAN_POINT('',(-0.0117441828151429,-0.025967697626224,0.005));
#10602=CARTESIAN_POINT('',(-0.0117441828151429,-0.025967697626224,-0.00238994447871684));
#10603=CARTESIAN_POINT('',(0.,1.46957615897682E-18,-0.00238994447871684));
#10604=CARTESIAN_POINT('',(-0.010838809251485,-0.0263584400906507,-0.00238994447871684));
#10605=CARTESIAN_POINT('',(-0.010838809251485,-0.0263584400906507,0.005));
#10606=CARTESIAN_POINT('',(-0.010838809251485,-0.0263584400906507,-4.77688669545551E-5));
#10607=CARTESIAN_POINT('',(-0.011128925219859,-0.0262372668823047,0.000956241003495784));
#10608=CARTESIAN_POINT('',(-0.0108910879605965,-0.0263381490772644,0.000698855744173622));
#10609=CARTESIAN_POINT('',(-0.010838809251485,-0.0263584400906507,0.000313414462887086));
#10610=CARTESIAN_POINT('',(-0.010838809251485,-0.0263584400906507,-4.77688669545551E-5));
#10611=CARTESIAN_POINT('',(-0.011128925219859,-0.0262372668823047,0.000956241003495784));
#10612=CARTESIAN_POINT('',(-0.011975500867936,-0.0258618353750187,0.00126931935019535));
#10613=CARTESIAN_POINT('',(-0.0116707560402137,-0.0260029495649424,0.00126931935019535));
#10614=CARTESIAN_POINT('',(-0.0113494950286446,-0.0261437089321286,0.00119493958928063));
#10615=CARTESIAN_POINT('',(-0.011128925219859,-0.0262372668823047,0.000956241003495784));
#10616=CARTESIAN_POINT('',(-0.011975500867936,-0.0258618353750187,0.00126931935019535));
#10617=CARTESIAN_POINT('',(-0.0125489702554922,-0.0255884836504485,0.00113222595279231));
#10618=CARTESIAN_POINT('',(-0.0123702936337907,-0.0256761093043057,0.0012262733911787));
#10619=CARTESIAN_POINT('',(-0.0121752129682358,-0.0257693571725101,0.00127258476978631));
#10620=CARTESIAN_POINT('',(-0.0119755157883175,-0.025861828466028,0.00126844466647966));
#10621=CARTESIAN_POINT('',(-0.0125486807430536,-0.0255886255945942,0.00113154366889353));
#10622=CARTESIAN_POINT('',(-0.0129299083908639,-0.0253981223079898,0.000743125043502696));
#10623=CARTESIAN_POINT('',(-0.0128411370179255,-0.0254433148504111,0.000912665831968014));
#10624=CARTESIAN_POINT('',(-0.0127084218921098,-0.0255102906714133,0.00104779546873987));
#10625=CARTESIAN_POINT('',(-0.0125483945460693,-0.0255887659788173,0.00113085966736242));
#10626=CARTESIAN_POINT('',(-0.0129295599908663,-0.0253982997156324,0.000742895332099527));
#10627=CARTESIAN_POINT('',(0.,1.46957615897682E-18,0.000742895332099527));
#10628=CARTESIAN_POINT('',(-0.0130064765147336,-0.0253589967994435,0.000742895332099527));
#10629=CARTESIAN_POINT('',(-0.0139692425249674,-0.0248416467505909,0.00126931935019535));
#10630=CARTESIAN_POINT('',(-0.013783135147363,-0.0249463008067226,0.00126931935019535));
#10631=CARTESIAN_POINT('',(-0.0134029475489808,-0.0251541617865621,0.00122166993436344));
#10632=CARTESIAN_POINT('',(-0.0130980452940413,-0.0253120317248008,0.00093173139331591));
#10633=CARTESIAN_POINT('',(-0.0130064765147336,-0.0253589967994435,0.000742895332099527));
#10634=CARTESIAN_POINT('',(-0.0139692425249674,-0.0248416467505909,0.00126931935019535));
#10635=CARTESIAN_POINT('',(-0.0145124072761915,-0.0245282935617715,0.00113000205634382));
#10636=CARTESIAN_POINT('',(-0.0143462376413186,-0.0246266094683445,0.00122843233739265));
#10637=CARTESIAN_POINT('',(-0.0141579464414845,-0.0247355325786237,0.00126931935019535));
#10638=CARTESIAN_POINT('',(-0.0139692425249674,-0.0248416467505909,0.00126931935019535));
#10639=CARTESIAN_POINT('',(-0.0145124072761915,-0.0245282935617715,0.00113000205634382));
#10640=CARTESIAN_POINT('',(-0.0148713282189462,-0.0243123579071812,0.000743077308539143));
#10641=CARTESIAN_POINT('',(-0.0147867889444182,-0.0243640686998446,0.000910080898917213));
#10642=CARTESIAN_POINT('',(-0.0146623407039369,-0.0244395859204016,0.00104420467468695));
#10643=CARTESIAN_POINT('',(-0.0145121708277716,-0.0245284334572772,0.00112943968960148));
#10644=CARTESIAN_POINT('',(-0.0148710666111245,-0.0243125179249291,0.000742895332099527));
#10645=CARTESIAN_POINT('',(0.,1.46957615897682E-18,0.000742895332099527));
#10646=CARTESIAN_POINT('',(-0.0149176164573202,-0.0242839838007438,0.000742895332099527));
#10647=CARTESIAN_POINT('',(0.,1.46957615897682E-18,-0.00555675814183633));
#10648=CARTESIAN_POINT('',(-0.0150298361946668,-0.0242146892188188,0.00120248817602303));
#10649=CARTESIAN_POINT('',(0.,1.46957615897682E-18,0.00120248817602303));
#10650=CARTESIAN_POINT('',(-0.0156626253713636,-0.0238102775388868,0.00120248817602303));
#10651=CARTESIAN_POINT('',(-0.0156626253713636,-0.0238102775388868,0.005));
#10652=CARTESIAN_POINT('',(-0.0156626253713636,-0.0238102775388868,-0.00238994447871684));
#10653=CARTESIAN_POINT('',(0.,1.46957615897682E-18,-0.00238994447871684));
#10654=CARTESIAN_POINT('',(-0.0148323841644764,-0.0243361362997476,-0.00238994447871684));
#10655=CARTESIAN_POINT('',(-0.0148323841644764,-0.0243361362997476,0.005));
#10656=CARTESIAN_POINT('',(-0.0148323841644764,-0.0243361362997476,-0.000699629858112277));
#10657=CARTESIAN_POINT('',(-0.0146865826416878,-0.024424402557921,0.000209274110631297));
#10658=CARTESIAN_POINT('',(-0.0148283127866632,-0.0243391791227903,-5.91407931257507E-5));
#10659=CARTESIAN_POINT('',(-0.0148323841644764,-0.0243361362997476,-0.000387340144870937));
#10660=CARTESIAN_POINT('',(-0.0148323841644764,-0.0243361362997476,-0.000699629858112277));
#10661=CARTESIAN_POINT('',(-0.0146865826416878,-0.024424402557921,0.000209274110631297));
#10662=CARTESIAN_POINT('',(-0.014215113462068,-0.0247017752249314,0.000485852354513675));
#10663=CARTESIAN_POINT('',(-0.0144018302299743,-0.0245943254559618,0.000485852354513675));
#10664=CARTESIAN_POINT('',(-0.0145891688057066,-0.0244829782528305,0.00039376080126449));
#10665=CARTESIAN_POINT('',(-0.0146865826416878,-0.024424402557921,0.000209274110631297));
#10666=CARTESIAN_POINT('',(-0.014215113462068,-0.0247017752249314,0.000485852354513675));
#10667=CARTESIAN_POINT('',(-0.0138583960908958,-0.0249036545067254,0.00029152786345877));
#10668=CARTESIAN_POINT('',(-0.0139358387605639,-0.0248605591774713,0.000423914250170551));
#10669=CARTESIAN_POINT('',(-0.0140775842779236,-0.0247809190491771,0.000485852354513675));
#10670=CARTESIAN_POINT('',(-0.014215113462068,-0.0247017752249314,0.000485852354513675));
#10671=CARTESIAN_POINT('',(-0.0138583960908958,-0.0249036545067254,0.00029152786345877));
#10672=CARTESIAN_POINT('',(-0.0137445821056317,-0.024966650010445,-0.000291445609705943));
#10673=CARTESIAN_POINT('',(-0.0137445821056317,-0.024966650010445,-8.91406490296327E-5));
#10674=CARTESIAN_POINT('',(-0.0137594031629493,-0.0249587421327326,0.000122301826998208));
#10675=CARTESIAN_POINT('',(-0.0138583960908958,-0.0249036545067254,0.00029152786345877));
#10676=CARTESIAN_POINT('',(-0.0137445821056317,-0.024966650010445,-0.000291445609705943));
#10677=CARTESIAN_POINT('',(-0.0137445821056317,-0.024966650010445,0.005));
#10678=CARTESIAN_POINT('',(-0.0137445821056317,-0.0249666500104449,-0.00238994447871684));
#10679=CARTESIAN_POINT('',(0.,1.46957615897682E-18,-0.00238994447871684));
#10680=CARTESIAN_POINT('',(-0.0128782141678145,-0.0254243731456727,-0.00238994447871684));
#10681=CARTESIAN_POINT('',(-0.0128782141678145,-0.0254243731456727,0.005));
#10682=CARTESIAN_POINT('',(-0.0128782141678145,-0.0254243731456727,-0.000587559119884845));
#10683=CARTESIAN_POINT('',(-0.0127187876571923,-0.0255045013778697,0.000228809376927822));
#10684=CARTESIAN_POINT('',(-0.0128645031741781,-0.0254318348045678,-5.74233430020774E-6));
#10685=CARTESIAN_POINT('',(-0.0128782141678145,-0.0254243731456727,-0.000304427598633561));
#10686=CARTESIAN_POINT('',(-0.0128782141678145,-0.0254243731456727,-0.000587559119884845));
#10687=CARTESIAN_POINT('',(-0.0127187876571923,-0.0255045013778697,0.000228809376927822));
#10688=CARTESIAN_POINT('',(-0.0122345772548518,-0.0257402849517554,0.000485852354513675));
#10689=CARTESIAN_POINT('',(-0.0124229357527171,-0.0256507565491732,0.000485852354513675));
#10690=CARTESIAN_POINT('',(-0.0126116299397114,-0.0255579396409541,0.000401296333199364));
#10691=CARTESIAN_POINT('',(-0.0127187876571923,-0.0255045013778697,0.000228809376927822));
#10692=CARTESIAN_POINT('',(-0.0122331193213901,-0.025737535264585,0.000485852354513675));
#10693=CARTESIAN_POINT('',(-0.012479024098602,-0.0262013158339912,0.000485852354513675));
#10694=CARTESIAN_POINT('',(-0.012445075333372,-0.0256251523849575,0.000485852354513675));
#10695=CARTESIAN_POINT('',(-0.0126909801105838,-0.0260889329543638,0.000485852354513675));
#10696=CARTESIAN_POINT('',(-0.0126035881509041,-0.0255411060456933,0.000400171361985057));
#10697=CARTESIAN_POINT('',(-0.012849492928116,-0.0260048866150996,0.000400171361985057));
#10698=CARTESIAN_POINT('',(-0.0127086577739865,-0.0254853962467923,0.000228809376927822));
#10699=CARTESIAN_POINT('',(-0.0129545625511984,-0.0259491768161986,0.000228809376927822));
#10700=CARTESIAN_POINT('',(-0.01259875454431,-0.0264271294798884,0.000485852354513675));
#10701=CARTESIAN_POINT('',(-0.0130742929969065,-0.0261749904620957,0.000228809376927822));
#10702=CARTESIAN_POINT('',(-0.0118613188691492,-0.0259109676003466,0.00029152786345877));
#10703=CARTESIAN_POINT('',(-0.0121085189562181,-0.0263771911460538,0.00029152786345877));
#10704=CARTESIAN_POINT('',(-0.0119379258277655,-0.0258703492167098,0.00042107752416204));
#10705=CARTESIAN_POINT('',(-0.0121851259148344,-0.0263365727624171,0.00042107752416204));
#10706=CARTESIAN_POINT('',(-0.0120585893574437,-0.0258063712488077,0.000485852354513675));
#10707=CARTESIAN_POINT('',(-0.0123057894445126,-0.0262725947945149,0.000485852354513675));
#10708=CARTESIAN_POINT('',(-0.0122233094581839,-0.0257190336966401,0.000485852354513675));
#10709=CARTESIAN_POINT('',(-0.0124705095452528,-0.0261852572423473,0.000485852354513675));
#10710=CARTESIAN_POINT('',(-0.0122367639552753,-0.0266190633835949,0.00029152786345877));
#10711=CARTESIAN_POINT('',(-0.0117427528509553,-0.0259650006895778,-0.000291445609705943));
#10712=CARTESIAN_POINT('',(-0.0119839401439256,-0.0264198840039063,-0.000291445609705943));
#10713=CARTESIAN_POINT('',(-0.0117427528509553,-0.0259650006895778,-3.23462882994039E-5));
#10714=CARTESIAN_POINT('',(-0.0119839401439256,-0.0264198840039063,-3.23462882994039E-5));
#10715=CARTESIAN_POINT('',(-0.0117810563302635,-0.0259446914977595,0.0001619782027555));
#10716=CARTESIAN_POINT('',(-0.0120222436232338,-0.0263995748120879,0.0001619782027555));
#10717=CARTESIAN_POINT('',(-0.0118576632888798,-0.0259040731141227,0.00029152786345877));
#10718=CARTESIAN_POINT('',(-0.0120988505818501,-0.0263589564284511,0.00029152786345877));
#10719=CARTESIAN_POINT('',(-0.0121218535173508,-0.02667999095905,-0.000291445609705943));
#10720=CARTESIAN_POINT('',(-0.0121218535173508,-0.02667999095905,-0.00134069504421139));
#10721=CARTESIAN_POINT('',(-0.0121218535173508,-0.02667999095905,-0.00238994447871684));
#10722=CARTESIAN_POINT('',(-0.0116876464870909,-0.0269102153153153,-0.00238994447871684));
#10723=CARTESIAN_POINT('',(-0.0112534394568309,-0.0271404396715807,-0.00238994447871684));
#10724=CARTESIAN_POINT('',(-0.0112534394568309,-0.0271404396715807,-0.0012188566728357));
#10725=CARTESIAN_POINT('',(-0.0112534394568309,-0.0271404396715807,-4.77688669545551E-5));
#10726=CARTESIAN_POINT('',(-0.0111139201275872,-0.0262089670244625,0.000956241003495784));
#10727=CARTESIAN_POINT('',(-0.0113655234890042,-0.0266834952200736,0.000956241003495784));
#10728=CARTESIAN_POINT('',(-0.0109295183971626,-0.0263067401297386,0.000747522105695624));
#10729=CARTESIAN_POINT('',(-0.0111811217585796,-0.0267812683253497,0.000747522105695624));
#10730=CARTESIAN_POINT('',(-0.0108373175319509,-0.0263556266823763,0.000412852148879292));
#10731=CARTESIAN_POINT('',(-0.0110889208933679,-0.0268301548779874,0.000412852148879292));
#10732=CARTESIAN_POINT('',(-0.0108373175319509,-0.0263556266823763,-4.77688669545551E-5));
#10733=CARTESIAN_POINT('',(-0.0110889208933679,-0.0268301548779874,-4.77688669545551E-5));
#10734=CARTESIAN_POINT('',(-0.0115300420524672,-0.0269937800136668,0.000956241003495784));
#10735=CARTESIAN_POINT('',(-0.0119435174226211,-0.0258015140561411,0.00126931935019535));
#10736=CARTESIAN_POINT('',(-0.0122116705235862,-0.0263072553404858,0.00126931935019535));
#10737=CARTESIAN_POINT('',(-0.0115837977908576,-0.0259922438575659,0.00126931935019535));
#10738=CARTESIAN_POINT('',(-0.0118519508918227,-0.0264979851419106,0.00126931935019535));
#10739=CARTESIAN_POINT('',(-0.0113117371097637,-0.0261364953109162,0.0011649599012955));
#10740=CARTESIAN_POINT('',(-0.0115798902107288,-0.0266422365952609,0.0011649599012955));
#10741=CARTESIAN_POINT('',(-0.0111273353793395,-0.026234268416192,0.000956241003495784));
#10742=CARTESIAN_POINT('',(-0.0113954884803046,-0.0267400097005368,0.000956241003495784));
#10743=CARTESIAN_POINT('',(-0.0123462240957488,-0.0265610256536159,0.00126931935019535));
#10744=CARTESIAN_POINT('',(-0.01236990651343,-0.0265484688109457,-0.000153464672883766));
#10745=CARTESIAN_POINT('',(-0.0129066963502894,-0.0262638532104869,0.00113154431420934));
#10746=CARTESIAN_POINT('',(-0.0125443193113399,-0.0264559920168707,0.000251877222287753));
#10747=CARTESIAN_POINT('',(-0.0129300245084636,-0.0253980534200697,0.000742895332099527));
#10748=CARTESIAN_POINT('',(-0.0133209189565625,-0.0260442249543007,0.000742895332099527));
#10749=CARTESIAN_POINT('',(-0.0133590710387192,-0.0260239960359678,0.000742895332099527));
#10750=CARTESIAN_POINT('',(-0.013967812237571,-0.0248389492043672,0.00126931935019535));
#10751=CARTESIAN_POINT('',(-0.0142090540451076,-0.0252939353340899,0.00126931935019535));
#10752=CARTESIAN_POINT('',(-0.0134930307707316,-0.0250906868547326,0.00126931935019535));
#10753=CARTESIAN_POINT('',(-0.0137342725782682,-0.0255456729844552,0.00126931935019535));
#10754=CARTESIAN_POINT('',(-0.013171160426822,-0.0252613482847954,0.00109384467749674));
#10755=CARTESIAN_POINT('',(-0.0134124022343586,-0.025716334414518,0.00109384467749674));
#10756=CARTESIAN_POINT('',(-0.0130022012058422,-0.0253509334945555,0.000742895332099527));
#10757=CARTESIAN_POINT('',(-0.0132434430133788,-0.0258059196242781,0.000742895332099527));
#10758=CARTESIAN_POINT('',(-0.014324682070448,-0.0255120117457795,0.00126931935019535));
#10759=CARTESIAN_POINT('',(-0.0145109384134503,-0.0245255232617952,0.00113000205634382));
#10760=CARTESIAN_POINT('',(-0.0147586865958013,-0.0249927805244758,0.00113000205634382));
#10761=CARTESIAN_POINT('',(-0.0143501546386469,-0.0246107737033411,0.00122288025224484));
#10762=CARTESIAN_POINT('',(-0.0145979028209979,-0.0250780309660217,0.00122288025224484));
#10763=CARTESIAN_POINT('',(-0.0141656015110713,-0.0247086270821024,0.00126931935019535));
#10764=CARTESIAN_POINT('',(-0.0144133496934223,-0.025175884344783,0.00126931935019535));
#10765=CARTESIAN_POINT('',(-0.0139572790307234,-0.0248190833980791,0.00126931935019535));
#10766=CARTESIAN_POINT('',(-0.0142050272130744,-0.0252863406607597,0.00126931935019535));
#10767=CARTESIAN_POINT('',(-0.0148783414531749,-0.0252184516094956,0.00113000205634382));
#10768=CARTESIAN_POINT('',(-0.0144923324659205,-0.0254231204987812,0.000236574047767789));
#10769=CARTESIAN_POINT('',(-0.014871432239127,-0.0243123240624035,0.000742895332099527));
#10770=CARTESIAN_POINT('',(-0.0152716712525527,-0.0250099010943013,0.000742895332099527));
#10771=CARTESIAN_POINT('',(-0.0152957433996277,-0.0249971376101151,0.000742895332099527));
#10772=CARTESIAN_POINT('',(-0.0153538799057714,-0.024966312591703,0.000972691754061279));
#10773=CARTESIAN_POINT('',(-0.015412016411915,-0.0249354875732908,0.00120248817602303));
#10774=CARTESIAN_POINT('',(-0.0157426677906067,-0.0247601702810721,0.00120248817602303));
#10775=CARTESIAN_POINT('',(-0.0160733191692983,-0.0245848529888533,0.00120248817602303));
#10776=CARTESIAN_POINT('',(-0.0160733191692983,-0.0245848529888533,-0.000593728151346905));
#10777=CARTESIAN_POINT('',(-0.0160733191692983,-0.0245848529888533,-0.00238994447871684));
#10778=CARTESIAN_POINT('',(-0.0156404747134011,-0.0248143548837496,-0.00238994447871684));
#10779=CARTESIAN_POINT('',(-0.0152076302575038,-0.0250438567786459,-0.00238994447871684));
#10780=CARTESIAN_POINT('',(-0.0152076302575038,-0.0250438567786459,-0.00154478716841456));
#10781=CARTESIAN_POINT('',(-0.0152076302575038,-0.0250438567786459,-0.000699629858112277));
#10782=CARTESIAN_POINT('',(-0.0146806121004855,-0.0244131420162192,0.000209274110631297));
#10783=CARTESIAN_POINT('',(-0.0149225969249463,-0.0248695294884293,0.000209274110631297));
#10784=CARTESIAN_POINT('',(-0.0147808370147226,-0.0243600009688526,2.48886147096826E-5));
#10785=CARTESIAN_POINT('',(-0.0150228218391835,-0.0248163884410627,2.48886147096826E-5));
#10786=CARTESIAN_POINT('',(-0.0148309494718412,-0.0243334304451692,-0.000278079374871479));
#10787=CARTESIAN_POINT('',(-0.015072934296302,-0.0247898179173793,-0.000278079374871479));
#10788=CARTESIAN_POINT('',(-0.0148309494718412,-0.0243334304451692,-0.000699629858112277));
#10789=CARTESIAN_POINT('',(-0.015072934296302,-0.0247898179173793,-0.000699629858112277));
#10790=CARTESIAN_POINT('',(-0.0150572928861481,-0.0251235683496959,0.000209274110631297));
#10791=CARTESIAN_POINT('',(-0.0142023028054503,-0.0246776141098527,0.000485852354513675));
#10792=CARTESIAN_POINT('',(-0.014450971508379,-0.025146607489914,0.000485852354513675));
#10793=CARTESIAN_POINT('',(-0.0144239482351227,-0.0245600937271566,0.000485852354513675));
#10794=CARTESIAN_POINT('',(-0.0146726169380515,-0.0250290871072179,0.000485852354513675));
#10795=CARTESIAN_POINT('',(-0.0145848834070775,-0.0244747630121252,0.000393659606552882));
#10796=CARTESIAN_POINT('',(-0.0148335521100063,-0.0249437563921865,0.000393659606552882));
#10797=CARTESIAN_POINT('',(-0.0146851083213147,-0.0244216219647585,0.000209274110631297));
#10798=CARTESIAN_POINT('',(-0.0149337770242434,-0.0248906153448199,0.000209274110631297));
#10799=CARTESIAN_POINT('',(-0.0145744873702838,-0.0253795604947901,0.000485852354513675));
#10800=CARTESIAN_POINT('',(-0.013851685477359,-0.0248909981760822,0.00029152786345877));
#10801=CARTESIAN_POINT('',(-0.0140941262144115,-0.0253482455071521,0.00029152786345877));
#10802=CARTESIAN_POINT('',(-0.0139282924359753,-0.0248503797924454,0.00042107752416204));
#10803=CARTESIAN_POINT('',(-0.0141707331730278,-0.0253076271235153,0.00042107752416204));
#10804=CARTESIAN_POINT('',(-0.0140489559656536,-0.0247864018245432,0.000485852354513675));
#10805=CARTESIAN_POINT('',(-0.0142913967027061,-0.0252436491556132,0.000485852354513675));
#10806=CARTESIAN_POINT('',(-0.0142136760663937,-0.0246990642723757,0.000485852354513675));
#10807=CARTESIAN_POINT('',(-0.0144561168034462,-0.0251563116034456,0.000485852354513675));
#10808=CARTESIAN_POINT('',(-0.014212496781249,-0.0255714943984966,0.00029152786345877));
#10809=CARTESIAN_POINT('',(-0.0137420734313622,-0.0249619186083373,-0.000291445609705943));
#10810=CARTESIAN_POINT('',(-0.0139802681427743,-0.0254111578632262,-0.000291445609705943));
#10811=CARTESIAN_POINT('',(-0.0137420734313622,-0.0249619186083373,-3.23462882994039E-5));
#10812=CARTESIAN_POINT('',(-0.0139802681427743,-0.0254111578632262,-3.23462882994039E-5));
#10813=CARTESIAN_POINT('',(-0.0137803769106703,-0.024941609416519,0.0001619782027555));
#10814=CARTESIAN_POINT('',(-0.0140185716220824,-0.0253908486714078,0.0001619782027555));
#10815=CARTESIAN_POINT('',(-0.0138569838692866,-0.0249009910328822,0.00029152786345877));
#10816=CARTESIAN_POINT('',(-0.0140951785806987,-0.0253502302877711,0.00029152786345877));
#10817=CARTESIAN_POINT('',(-0.0140975863433246,-0.0256324219739517,-0.000291445609705943));
#10818=CARTESIAN_POINT('',(-0.0140975863433246,-0.0256324219739517,-0.00134069504421139));
#10819=CARTESIAN_POINT('',(-0.0140975863433246,-0.0256324219739517,-0.00238994447871684));
#10820=CARTESIAN_POINT('',(-0.0136647418874273,-0.025861923868848,-0.00238994447871684));
#10821=CARTESIAN_POINT('',(-0.0132318974315301,-0.0260914257637442,-0.00238994447871684));
#10822=CARTESIAN_POINT('',(-0.0132318974315301,-0.0260914257637442,-0.00148875179930084));
#10823=CARTESIAN_POINT('',(-0.0132318974315301,-0.0260914257637442,-0.000587559119884845));
#10824=CARTESIAN_POINT('',(-0.0127173710115716,-0.0255018295602659,0.000228809376927822));
#10825=CARTESIAN_POINT('',(-0.0129563119062579,-0.0259524761294318,0.000228809376927822));
#10826=CARTESIAN_POINT('',(-0.012822440634654,-0.0254461197613648,5.74473918705871E-5));
#10827=CARTESIAN_POINT('',(-0.0130613815293403,-0.0258967663305308,5.74473918705871E-5));
#10828=CARTESIAN_POINT('',(-0.0128749754461953,-0.0254182648619143,-0.000214675440400302));
#10829=CARTESIAN_POINT('',(-0.0131139163408815,-0.0258689114310803,-0.000214675440400302));
#10830=CARTESIAN_POINT('',(-0.0128749754461953,-0.0254182648619143,-0.000587559119884845));
#10831=CARTESIAN_POINT('',(-0.0131139163408815,-0.0258689114310803,-0.000587559119884845));
#10832=CARTESIAN_POINT('',(0.,1.46957615897682E-18,0.005));
#10833=CARTESIAN_POINT('',(-0.00561733166051095,-0.0279408792814099,0.000874501336623482));
#10834=CARTESIAN_POINT('',(-0.00561733166051095,-0.0279408792814099,0.00105996641894819));
#10835=CARTESIAN_POINT('',(-0.00568681951183877,-0.0279272719311791,0.00125220967079534));
#10836=CARTESIAN_POINT('',(-0.00584245094630384,-0.0278946754227851,0.00135003084515731));
#10837=CARTESIAN_POINT('',(-0.00561733166051095,-0.0279408792814099,0.000874501336623482));
#10838=CARTESIAN_POINT('',(-0.00584245094630384,-0.0278946754227851,0.00135003084515731));
#10839=CARTESIAN_POINT('',(-0.00583741902479602,-0.0278957288689765,0.000379950647748301));
#10840=CARTESIAN_POINT('',(-0.00568469759970906,-0.0279276871288407,0.000489203639549547));
#10841=CARTESIAN_POINT('',(-0.00561733166051095,-0.0279408792814099,0.000684954410297185));
#10842=CARTESIAN_POINT('',(-0.00561733166051095,-0.0279408792814099,0.000874501336623482));
#10843=CARTESIAN_POINT('',(-0.00583741902479602,-0.0278957288689765,0.000379950647748301));
#10844=CARTESIAN_POINT('',(-0.00651845065498167,-0.0277444940674915,0.00022264034546576));
#10845=CARTESIAN_POINT('',(-0.00628243134711914,-0.0277999457981369,0.00022264034546576));
#10846=CARTESIAN_POINT('',(-0.00603334449119796,-0.0278547297952334,0.000239790592521737));
#10847=CARTESIAN_POINT('',(-0.00583741902479602,-0.0278957288689765,0.000379950647748301));
#10848=CARTESIAN_POINT('',(-0.00651845065498167,-0.0277444940674915,0.00022264034546576));
#10849=CARTESIAN_POINT('',(0.,1.46957615897682E-18,0.00022264034546576));
#10850=CARTESIAN_POINT('',(-0.00683039710546221,-0.027669348119972,0.00022264034546576));
#10851=CARTESIAN_POINT('',(-0.00683039710546221,-0.027669348119972,0.005));
#10852=CARTESIAN_POINT('',(-0.0068303971054622,-0.0276693481199719,0.00149140448282953));
#10853=CARTESIAN_POINT('',(0.,1.46957615897682E-18,0.00149140448282953));
#10854=CARTESIAN_POINT('',(-0.00653646842468488,-0.0277402546948581,0.00149140448282953));
#10855=CARTESIAN_POINT('',(-0.00584245094630384,-0.0278946754227851,0.00135003084515731));
#10856=CARTESIAN_POINT('',(-0.00604803310080949,-0.0278516168951296,0.00147924823527344));
#10857=CARTESIAN_POINT('',(-0.00629809572258287,-0.0277964227314438,0.00149140448282953));
#10858=CARTESIAN_POINT('',(-0.00653646842468489,-0.0277402546948581,0.00149140448282953));
#10859=CARTESIAN_POINT('',(-0.00548782255104667,-0.0279666042570715,-0.000342579436254044));
#10860=CARTESIAN_POINT('',(-0.00503961044733969,-0.0280545558892313,-0.00102773600187226));
#10861=CARTESIAN_POINT('',(-0.00458562117687034,-0.0281324588358755,-0.00171019333122838));
#10862=CARTESIAN_POINT('',(-0.00412574630516762,-0.0281997405560387,-0.00238994447871684));
#10863=CARTESIAN_POINT('',(-0.00548822700086081,-0.0279665248894016,-0.000342854205223116));
#10864=CARTESIAN_POINT('',(-0.00412574630516762,-0.0281997405560387,-0.00238994447871684));
#10865=CARTESIAN_POINT('',(-0.00485242804668829,-0.0280838226040226,0.000163006374665842));
#10866=CARTESIAN_POINT('',(-0.00501047148070333,-0.0280565152676026,-6.4147425336823E-5));
#10867=CARTESIAN_POINT('',(-0.00523857047884347,-0.0280155181651302,-0.000231608016979624));
#10868=CARTESIAN_POINT('',(-0.00548822700086081,-0.0279665248894016,-0.000342854205223116));
#10869=CARTESIAN_POINT('',(-0.00485242804668829,-0.0280838226040226,0.000163006374665842));
#10870=CARTESIAN_POINT('',(-0.00462837162506067,-0.0281216167049982,0.00090019292546693));
#10871=CARTESIAN_POINT('',(-0.00462407451149006,-0.028122323941667,0.000636537882275873));
#10872=CARTESIAN_POINT('',(-0.00470258141576385,-0.0281097123705192,0.000378428689152175));
#10873=CARTESIAN_POINT('',(-0.00485219208403831,-0.0280838633735121,0.000162837738870886));
#10874=CARTESIAN_POINT('',(-0.0046276124188096,-0.0281217416477674,0.000900205634382067));
#10875=CARTESIAN_POINT('',(-0.00508039923878044,-0.0280434786283211,0.00195922270203578));
#10876=CARTESIAN_POINT('',(-0.0047639484089137,-0.0281008073419402,0.00171519809535585));
#10877=CARTESIAN_POINT('',(-0.0046276124188096,-0.0281217416477674,0.00130158633515));
#10878=CARTESIAN_POINT('',(-0.0046276124188096,-0.0281217416477674,0.000900205634382067));
#10879=CARTESIAN_POINT('',(-0.00508039923878044,-0.0280434786283211,0.00195922270203578));
#10880=CARTESIAN_POINT('',(-0.00646838789653047,-0.027756208459055,0.0023077729796422));
#10881=CARTESIAN_POINT('',(-0.00598492846286522,-0.0278688752576849,0.0023077729796422));
#10882=CARTESIAN_POINT('',(-0.00547300816261931,-0.0279723529985714,0.00226197507041844));
#10883=CARTESIAN_POINT('',(-0.00508039923878044,-0.0280434786283211,0.00195922270203578));
#10884=CARTESIAN_POINT('',(-0.00646838789653046,-0.027756208459055,0.0023077729796422));
#10885=CARTESIAN_POINT('',(0.,1.46957615897682E-18,0.0023077729796422));
#10886=CARTESIAN_POINT('',(-0.00779433110540193,-0.0274134192070574,0.0023077729796422));
#10887=CARTESIAN_POINT('',(-0.00779433110540193,-0.0274134192070574,0.005));
#10888=CARTESIAN_POINT('',(-0.00779433110540193,-0.0274134192070574,-0.00238994447871684));
#10889=CARTESIAN_POINT('',(0.,1.46957615897682E-18,-0.00238994447871684));
#10890=CARTESIAN_POINT('',(-0.00683039710546221,-0.027669348119972,-0.00238994447871684));
#10891=CARTESIAN_POINT('',(-0.00683039710546221,-0.027669348119972,0.005));
#10892=CARTESIAN_POINT('',(-0.0068303971054622,-0.0276693481199719,-0.000587559119884847));
#10893=CARTESIAN_POINT('',(0.,1.46957615897682E-18,-0.000587559119884847));
#10894=CARTESIAN_POINT('',(-0.00631507347770553,-0.027791491449249,-0.000587559119884846));
#10895=CARTESIAN_POINT('',(0.,1.46957615897682E-18,-0.00101874388492165));
#10896=CARTESIAN_POINT('',(-0.00521648451675301,-0.0280184838863379,-0.00238994447871684));
#10897=CARTESIAN_POINT('',(0.,1.46957615897682E-18,-0.00238994447871684));
#10898=CARTESIAN_POINT('',(-0.00684437990768658,-0.0284453020832594,0.00149140448282953));
#10899=CARTESIAN_POINT('',(0.,1.46957615897682E-18,0.00149140448282953));
#10900=CARTESIAN_POINT('',(-0.00664268995132092,-0.0282289686352623,0.00149140448282953));
#10901=CARTESIAN_POINT('',(-0.0069366437731337,-0.0281581777316048,0.00149140448282953));
#10902=CARTESIAN_POINT('',(-0.00669668693590328,-0.0284774030151936,0.00149140448282953));
#10903=CARTESIAN_POINT('',(-0.00699207287946988,-0.0284132011513251,0.00149140448282953));
#10904=CARTESIAN_POINT('',(-0.00699207287946988,-0.0284132011513251,0.000857022414147644));
#10905=CARTESIAN_POINT('',(-0.0069366437731337,-0.0281581777316048,0.005));
#10906=CARTESIAN_POINT('',(-0.0069366437731337,-0.0281581777316048,0.00022264034546576));
#10907=CARTESIAN_POINT('',(-0.00699207287946988,-0.0284132011513251,0.00022264034546576));
#10908=CARTESIAN_POINT('',(-0.0068353374808427,-0.0284472674464391,0.00022264034546576));
#10909=CARTESIAN_POINT('',(0.,1.46957615897682E-18,0.00022264034546576));
#10910=CARTESIAN_POINT('',(-0.00662467102455324,-0.0282332026843652,0.00022264034546576));
#10911=CARTESIAN_POINT('',(-0.00667860208221553,-0.0284813337415529,0.00022264034546576));
#10912=CARTESIAN_POINT('',(-0.00651780830850741,-0.0277415386997192,0.00022264034546576));
#10913=CARTESIAN_POINT('',(-0.00662615074716598,-0.0282400107306405,0.00022264034546576));
#10914=CARTESIAN_POINT('',(-0.0062096959864198,-0.027808506630285,0.00022264034546576));
#10915=CARTESIAN_POINT('',(-0.00631803842507838,-0.0283069786612063,0.00022264034546576));
#10916=CARTESIAN_POINT('',(-0.00598246314888019,-0.0278578954790773,0.000275077112893274));
#10917=CARTESIAN_POINT('',(-0.00609080558753877,-0.0283563675099986,0.000275077112893274));
#10918=CARTESIAN_POINT('',(-0.00583610979588858,-0.027889705246096,0.000379950647748301));
#10919=CARTESIAN_POINT('',(-0.00594445223454715,-0.0283881772770173,0.000379950647748301));
#10920=CARTESIAN_POINT('',(-0.00662467102455325,-0.0282332026843652,0.00022264034546576));
#10921=CARTESIAN_POINT('',(-0.00638863603240129,-0.0282885862053483,0.00022264034546576));
#10922=CARTESIAN_POINT('',(-0.00613954757500111,-0.028343359419078,0.000239790672378185));
#10923=CARTESIAN_POINT('',(-0.00594362789333935,-0.0283843845708432,0.000379950647748302));
#10924=CARTESIAN_POINT('',(-0.00594362789333935,-0.0283843845708431,0.000379950647748301));
#10925=CARTESIAN_POINT('',(-0.0059969035695967,-0.0286295002879298,0.000379950647748301));
#10926=CARTESIAN_POINT('',(-0.00583622109277832,-0.027890217311242,0.000379950647748301));
#10927=CARTESIAN_POINT('',(-0.0059442684905594,-0.0283873318904829,0.000379950647748301));
#10928=CARTESIAN_POINT('',(-0.00568986773978671,-0.0279220270782607,0.000484824182603329));
#10929=CARTESIAN_POINT('',(-0.00579791513756778,-0.0284191416575017,0.000484824182603329));
#10930=CARTESIAN_POINT('',(-0.0056166910632909,-0.0279379319617701,0.000649674412228389));
#10931=CARTESIAN_POINT('',(-0.00572473846107198,-0.0284350465410111,0.000649674412228389));
#10932=CARTESIAN_POINT('',(-0.0056166910632909,-0.0279379319617701,0.000874501336623482));
#10933=CARTESIAN_POINT('',(-0.00572473846107198,-0.0284350465410111,0.000874501336623482));
#10934=CARTESIAN_POINT('',(-0.00594362789333935,-0.0283843845708431,0.000379950647748301));
#10935=CARTESIAN_POINT('',(-0.00579091085307598,-0.0284163631842259,0.000489203666231987));
#10936=CARTESIAN_POINT('',(-0.00572355014065881,-0.0284295792052461,0.000684954503148494));
#10937=CARTESIAN_POINT('',(-0.00572355014065881,-0.0284295792052461,0.000874501336623482));
#10938=CARTESIAN_POINT('',(-0.00572355014065881,-0.0284295792052461,0.000874501336623482));
#10939=CARTESIAN_POINT('',(-0.00577737354010928,-0.0286772149384579,0.000874501336623482));
#10940=CARTESIAN_POINT('',(-0.00561669101404871,-0.027937931735212,0.000874501336623482));
#10941=CARTESIAN_POINT('',(-0.00572474671734715,-0.0284350845272545,0.000874501336623482));
#10942=CARTESIAN_POINT('',(-0.00561669101404871,-0.027937931735212,0.00109727191719789));
#10943=CARTESIAN_POINT('',(-0.00572474671734715,-0.0284350845272545,0.00109727191719789));
#10944=CARTESIAN_POINT('',(-0.00569154221403412,-0.0279216628955583,0.00125578175337583));
#10945=CARTESIAN_POINT('',(-0.00579959791733256,-0.0284188156876008,0.00125578175337583));
#10946=CARTESIAN_POINT('',(-0.00584124461400495,-0.0278891252162507,0.00135003084515731));
#10947=CARTESIAN_POINT('',(-0.00594930031730339,-0.0283862780082932,0.00135003084515731));
#10948=CARTESIAN_POINT('',(-0.00572355014065881,-0.0284295792052461,0.000874501336623482));
#10949=CARTESIAN_POINT('',(-0.00572355014065881,-0.0284295792052461,0.00105996632176811));
#10950=CARTESIAN_POINT('',(-0.00579303260959038,-0.0284159472272135,0.00125220965302089));
#10951=CARTESIAN_POINT('',(-0.00594865967084113,-0.0283833304620953,0.00135003084515731));
#10952=CARTESIAN_POINT('',(-0.00594865967084113,-0.0283833304620953,0.00135003084515731));
#10953=CARTESIAN_POINT('',(-0.00600192714006552,-0.0286284084194966,0.00135003084515731));
#10954=CARTESIAN_POINT('',(-0.00584106586759028,-0.0278883028230183,0.00135003084515731));
#10955=CARTESIAN_POINT('',(-0.00594947826624357,-0.0283870967324304,0.00135003084515731));
#10956=CARTESIAN_POINT('',(-0.00599076826756111,-0.0278557651437108,0.00144427993693879));
#10957=CARTESIAN_POINT('',(-0.0060991806662144,-0.0283545590531229,0.00144427993693879));
#10958=CARTESIAN_POINT('',(-0.00622235486617369,-0.0278054300089431,0.00149140448282953));
#10959=CARTESIAN_POINT('',(-0.00633076726482698,-0.0283042239183553,0.00149140448282953));
#10960=CARTESIAN_POINT('',(-0.00653582566342804,-0.0277372974187153,0.00149140448282953));
#10961=CARTESIAN_POINT('',(-0.00664423806208133,-0.0282360913281275,0.00149140448282953));
#10962=CARTESIAN_POINT('',(-0.00594865967084113,-0.0283833304620953,0.00135003084515731));
#10963=CARTESIAN_POINT('',(-0.00615423587817458,-0.0283402452119172,0.00147924815167601));
#10964=CARTESIAN_POINT('',(-0.00640430075905831,-0.028285065105254,0.00149140448282953));
#10965=CARTESIAN_POINT('',(-0.00664268995132092,-0.0282289686352623,0.00149140448282953));
#10966=CARTESIAN_POINT('',(-0.00483846821948687,-0.0288812851486114,-0.00238994447871684));
#10967=CARTESIAN_POINT('',(-0.00412573263247603,-0.0281996776494397,-0.00238994447871684));
#10968=CARTESIAN_POINT('',(-0.00537850204488499,-0.028763909292049,-0.00238994447871684));
#10969=CARTESIAN_POINT('',(0.181492734935132,-0.0693802012275081,0.12730172779737));
#10970=CARTESIAN_POINT('',(-0.00564877013610749,-0.0287051667703462,-0.000342854205223116));
#10971=CARTESIAN_POINT('',(-0.00485176466705421,-0.0280807704649203,0.000163006374665842));
#10972=CARTESIAN_POINT('',(-0.00496365469866807,-0.028595564593509,0.000163006374665842));
#10973=CARTESIAN_POINT('',(-0.00500012744823336,-0.0280485239505283,-5.22242785660447E-5));
#10974=CARTESIAN_POINT('',(-0.00511201747984722,-0.028563318079117,-5.22242785660447E-5));
#10975=CARTESIAN_POINT('',(-0.0052106150508769,-0.0280027746631799,-0.000220844471862364));
#10976=CARTESIAN_POINT('',(-0.00532250508249077,-0.0285175687917685,-0.000220844471862364));
#10977=CARTESIAN_POINT('',(-0.00548322747498485,-0.0279435226028749,-0.000342854205223116));
#10978=CARTESIAN_POINT('',(-0.00559511750659871,-0.0284583167314636,-0.000342854205223116));
#10979=CARTESIAN_POINT('',(-0.00501730732817685,-0.0288424146323916,0.000163006374665842));
#10980=CARTESIAN_POINT('',(-0.0060126194137793,-0.0286260844636133,0.000879646646491834));
#10981=CARTESIAN_POINT('',(-0.00479476315640814,-0.0288907844039797,0.000900205634382067));
#10982=CARTESIAN_POINT('',(-0.00507555455590584,-0.0280211887579658,0.00195922270203578));
#10983=CARTESIAN_POINT('',(-0.00518733092900419,-0.0285354599558197,0.00195922270203578));
#10984=CARTESIAN_POINT('',(-0.00477648466065958,-0.0280861913253525,0.0017268558502962));
#10985=CARTESIAN_POINT('',(-0.00488826103375792,-0.0286004625232063,0.0017268558502962));
#10986=CARTESIAN_POINT('',(-0.00462694971304024,-0.028118692609045,0.00137385016108027));
#10987=CARTESIAN_POINT('',(-0.00473872608613859,-0.0286329638068989,0.00137385016108027));
#10988=CARTESIAN_POINT('',(-0.00462694971304024,-0.028118692609045,0.000900205634382067));
#10989=CARTESIAN_POINT('',(-0.00473872608613859,-0.0286329638068989,0.000900205634382067));
#10990=CARTESIAN_POINT('',(-0.00524336799927374,-0.0287932805529005,0.00195922270203578));
#10991=CARTESIAN_POINT('',(-0.00646473807927133,-0.0277394160382439,0.0023077729796422));
#10992=CARTESIAN_POINT('',(-0.00657598011524693,-0.028251228807858,0.0023077729796422));
#10993=CARTESIAN_POINT('',(-0.005840475722346,-0.0278750988888686,0.0023077729796422));
#10994=CARTESIAN_POINT('',(-0.0059517177583216,-0.0283869116584826,0.0023077729796422));
#10995=CARTESIAN_POINT('',(-0.00537880959626147,-0.027975441597874,0.00219158955377339));
#10996=CARTESIAN_POINT('',(-0.00549005163223707,-0.028487254367488,0.00219158955377339));
#10997=CARTESIAN_POINT('',(-0.00507973970101774,-0.0280404441652601,0.00195922270203578));
#10998=CARTESIAN_POINT('',(-0.00519098173699334,-0.0285522569348741,0.00195922270203578));
#10999=CARTESIAN_POINT('',(-0.00662836637752733,-0.0284922524258843,0.0023077729796422));
#11000=CARTESIAN_POINT('',(-0.00729700360692724,-0.0283469247374337,0.0023077729796422));
#11001=CARTESIAN_POINT('',(-0.00796564083632714,-0.028201597048983,0.0023077729796422));
#11002=CARTESIAN_POINT('',(-0.00796564083632714,-0.028201597048983,-4.10857495373245E-5));
#11003=CARTESIAN_POINT('',(-0.00796564083632714,-0.028201597048983,-0.00238994447871684));
#11004=CARTESIAN_POINT('',(-0.00747885685789851,-0.0283073991001541,-0.00238994447871684));
#11005=CARTESIAN_POINT('',(-0.00699207287946988,-0.0284132011513251,-0.00238994447871684));
#11006=CARTESIAN_POINT('',(-0.00699207287946988,-0.0284132011513251,-0.00148875179930084));
#11007=CARTESIAN_POINT('',(-0.00699207287946988,-0.0284132011513251,-0.000587559119884846));
#11008=CARTESIAN_POINT('',(-0.00673335900032566,-0.0284694323756318,-0.000587559119884846));
#11009=CARTESIAN_POINT('',(-0.00647464512118145,-0.0285256635999383,-0.000587559119884846));
#11010=CARTESIAN_POINT('',(-0.00592657358303322,-0.0286447864459937,-0.00148875179930084));
#11011=CARTESIAN_POINT('',(0.,1.46957615897682E-18,0.005));
#11012=CARTESIAN_POINT('',(0.,1.46957615897682E-18,0.005));
#11013=CARTESIAN_POINT('',(-0.0234838970158451,-0.0161478707869392,0.00127651655356775));
#11014=CARTESIAN_POINT('',(-0.0232609004210912,-0.016472175404878,0.00127651655356775));
#11015=CARTESIAN_POINT('',(-0.0230216890898722,-0.0168030695079049,0.00121198827698639));
#11016=CARTESIAN_POINT('',(-0.0228381218540753,-0.0170489688890827,0.0009613818630475));
#11017=CARTESIAN_POINT('',(-0.0234838970158451,-0.0161478707869392,0.00127651655356775));
#11018=CARTESIAN_POINT('',(-0.0228381218540753,-0.0170489688890827,0.0009613818630475));
#11019=CARTESIAN_POINT('',(-0.0242354198623822,-0.0149963853676994,0.000951614229899237));
#11020=CARTESIAN_POINT('',(-0.0240130353528974,-0.0153557774362617,0.00117284707375926));
#11021=CARTESIAN_POINT('',(-0.0237539765550784,-0.0157550933013419,0.00127651655356775));
#11022=CARTESIAN_POINT('',(-0.0234838970158451,-0.0161478707869392,0.00127651655356775));
#11023=CARTESIAN_POINT('',(-0.0242354198623822,-0.0149963853676995,0.000951614229899237));
#11024=CARTESIAN_POINT('',(0.,1.46957615897682E-18,-0.00179259944707199));
#11025=CARTESIAN_POINT('',(-0.0240632893866966,-0.0152710593573135,0.000289471519638082));
#11026=CARTESIAN_POINT('',(-0.0235054306256155,-0.0161165095820055,0.000549599012954964));
#11027=CARTESIAN_POINT('',(-0.0237045685967253,-0.0158260730119139,0.000549599012954964));
#11028=CARTESIAN_POINT('',(-0.0238913575546883,-0.0155419800139359,0.000432808372293113));
#11029=CARTESIAN_POINT('',(-0.0240632893866966,-0.0152710593573135,0.000289471519638082));
#11030=CARTESIAN_POINT('',(-0.0235054306256155,-0.0161165095820055,0.000549599012954964));
#11031=CARTESIAN_POINT('',(-0.0231846097243358,-0.0165747103121815,3.63972856261342E-6));
#11032=CARTESIAN_POINT('',(-0.0231846097243358,-0.0165747103121815,0.000153407655966614));
#11033=CARTESIAN_POINT('',(-0.0232312947045448,-0.0165103720809163,0.000478816569089501));
#11034=CARTESIAN_POINT('',(-0.0234203467690494,-0.0162406017545506,0.000549599012954964));
#11035=CARTESIAN_POINT('',(-0.0235054306256155,-0.0161165095820055,0.000549599012954964));
#11036=CARTESIAN_POINT('',(-0.0231846097243358,-0.0165747103121815,3.63972856261342E-6));
#11037=CARTESIAN_POINT('',(-0.0231846097243358,-0.0165747103121815,0.005));
#11038=CARTESIAN_POINT('',(-0.0231846097243358,-0.0165747103121815,-0.000153670573719928));
#11039=CARTESIAN_POINT('',(0.,1.46957615897682E-18,-0.000171001283605725));
#11040=CARTESIAN_POINT('',(-0.0235419996085627,-0.0160630446812842,-0.000173205840016453));
#11041=CARTESIAN_POINT('',(-0.0242006936755038,-0.0150523611312953,-0.000473432037836728));
#11042=CARTESIAN_POINT('',(-0.0240159215431998,-0.0153494317194014,-0.000236243212431753));
#11043=CARTESIAN_POINT('',(-0.0237787448039368,-0.0157160709034349,-0.000188207456108941));
#11044=CARTESIAN_POINT('',(-0.0235419996085627,-0.0160630446812842,-0.000173205840016453));
#11045=CARTESIAN_POINT('',(-0.0242006936755038,-0.0150523611312953,-0.000473432037836728));
#11046=CARTESIAN_POINT('',(-0.0244098228598105,-0.0147108020840188,-0.00131653300431832));
#11047=CARTESIAN_POINT('',(-0.0244098228598105,-0.0147108020840188,-0.000990149272531864));
#11048=CARTESIAN_POINT('',(-0.0243443753238578,-0.0148213544786994,-0.000657873711915863));
#11049=CARTESIAN_POINT('',(-0.0242006936755038,-0.0150523611312953,-0.000473432037836728));
#11050=CARTESIAN_POINT('',(-0.0244098228598105,-0.0147108020840188,-0.00131653300431832));
#11051=CARTESIAN_POINT('',(-0.0242548981028093,-0.0149648611094403,-0.00215860579888958));
#11052=CARTESIAN_POINT('',(-0.0243697007209321,-0.0147787901673753,-0.00194098086835953));
#11053=CARTESIAN_POINT('',(-0.0244098228598105,-0.0147108020840188,-0.00162361130559604));
#11054=CARTESIAN_POINT('',(-0.0244098228598105,-0.0147108020840188,-0.00131653300431832));
#11055=CARTESIAN_POINT('',(-0.0242548981028092,-0.0149648611094403,-0.00215860579888957));
#11056=CARTESIAN_POINT('',(-0.0238171985369531,-0.0156520990238964,-0.00245471930906848));
#11057=CARTESIAN_POINT('',(-0.0239809692672409,-0.0154028953872563,-0.00245471930906848));
#11058=CARTESIAN_POINT('',(-0.0241434586280334,-0.0151454811022055,-0.00236985540584925));
#11059=CARTESIAN_POINT('',(-0.0242548981028092,-0.0149648611094403,-0.00215860579888957));
#11060=CARTESIAN_POINT('',(-0.0238171985369531,-0.0156520990238964,-0.00245471930906848));
#11061=CARTESIAN_POINT('',(-0.023435439561687,-0.0162181171087465,-0.00233390910960313));
#11062=CARTESIAN_POINT('',(-0.0235561574501258,-0.0160436778221418,-0.00243165742405579));
#11063=CARTESIAN_POINT('',(-0.02368918016983,-0.0158468996612736,-0.00245471930906848));
#11064=CARTESIAN_POINT('',(-0.0238171985369531,-0.0156520990238964,-0.00245471930906848));
#11065=CARTESIAN_POINT('',(-0.023435439561687,-0.0162181171087465,-0.00233390910960313));
#11066=CARTESIAN_POINT('',(-0.0231420698504841,-0.0166340540169201,-0.00190156282130372));
#11067=CARTESIAN_POINT('',(-0.0232236448572129,-0.0165205630722682,-0.00207797537267837));
#11068=CARTESIAN_POINT('',(-0.0233188137631744,-0.01638664325972,-0.00223947426341971));
#11069=CARTESIAN_POINT('',(-0.023435439561687,-0.0162181171087465,-0.00233390910960313));
#11070=CARTESIAN_POINT('',(-0.0231420698504841,-0.0166340540169201,-0.00190156282130372));
#11071=CARTESIAN_POINT('',(0.,1.46957615897682E-18,-0.00190156282130372));
#11072=CARTESIAN_POINT('',(-0.0231270542906104,-0.0166549244922233,-0.00190156282130372));
#11073=CARTESIAN_POINT('',(0.,1.46957615897682E-18,-0.000226545731419265));
#11074=CARTESIAN_POINT('',(-0.0230153444220779,-0.0168089580621652,-0.00238994447871684));
#11075=CARTESIAN_POINT('',(0.,1.46957615897682E-18,-0.00238994447871684));
#11076=CARTESIAN_POINT('',(-0.0226051309877032,-0.0173567048436989,-0.00238994447871684));
#11077=CARTESIAN_POINT('',(-0.0226051309877032,-0.0173567048436989,0.005));
#11078=CARTESIAN_POINT('',(-0.0226051309877032,-0.0173567048436989,3.63972856261342E-6));
#11079=CARTESIAN_POINT('',(-0.0228381218540753,-0.0170489688890827,0.0009613818630475));
#11080=CARTESIAN_POINT('',(-0.0226714806618784,-0.0172721948142434,0.000733882922892577));
#11081=CARTESIAN_POINT('',(-0.0226051309877032,-0.0173567048436989,0.000361374986134891));
#11082=CARTESIAN_POINT('',(-0.0226051309877032,-0.0173567048436989,3.63972856261342E-6));
#11083=CARTESIAN_POINT('',(-0.02387520855001,-0.015563468980148,-0.00132270203578038));
#11084=CARTESIAN_POINT('',(-0.02387520855001,-0.015563468980148,-0.00144387154606305));
#11085=CARTESIAN_POINT('',(-0.0238276954138588,-0.0156370120854959,-0.0016999024392105));
#11086=CARTESIAN_POINT('',(-0.0236801629815851,-0.0158591186472538,-0.00173808348755912));
#11087=CARTESIAN_POINT('',(-0.023612470541419,-0.0159592726943655,-0.00173808348755912));
#11088=CARTESIAN_POINT('',(-0.02387520855001,-0.015563468980148,-0.00132270203578038));
#11089=CARTESIAN_POINT('',(-0.023612470541419,-0.0159592726943655,-0.00173808348755912));
#11090=CARTESIAN_POINT('',(-0.0237605674819757,-0.0157379345194018,-0.000892412091301668));
#11091=CARTESIAN_POINT('',(-0.0238373863141422,-0.0156219562095844,-0.000986625694698849));
#11092=CARTESIAN_POINT('',(-0.02387520855001,-0.015563468980148,-0.00115523179686243));
#11093=CARTESIAN_POINT('',(-0.02387520855001,-0.015563468980148,-0.00132270203578038));
#11094=CARTESIAN_POINT('',(-0.0237605674819757,-0.0157379345194018,-0.000892412091301668));
#11095=CARTESIAN_POINT('',(-0.0234032131159998,-0.016264586248952,-0.000738700390705328));
#11096=CARTESIAN_POINT('',(-0.0235295399440369,-0.0160828137996828,-0.000745085619528078));
#11097=CARTESIAN_POINT('',(-0.0236586509319911,-0.0158918044608769,-0.000767417670675158));
#11098=CARTESIAN_POINT('',(-0.0237605674819757,-0.0157379345194018,-0.000892412091301668));
#11099=CARTESIAN_POINT('',(-0.0234032131159998,-0.016264586248952,-0.000738700390705328));
#11100=CARTESIAN_POINT('',(0.,1.46957615897682E-18,-0.000744840165243111));
#11101=CARTESIAN_POINT('',(-0.0231846097243358,-0.0165747103121815,-0.000725334155870863));
#11102=CARTESIAN_POINT('',(-0.0231846097243358,-0.0165747103121815,0.005));
#11103=CARTESIAN_POINT('',(-0.0231846097243358,-0.0165747103121815,-0.00102144766604976));
#11104=CARTESIAN_POINT('',(-0.0233027230603961,-0.0164082371988275,-0.00154170265268353));
#11105=CARTESIAN_POINT('',(-0.023222621180515,-0.0165219966417748,-0.00140783826241194));
#11106=CARTESIAN_POINT('',(-0.0231846097243358,-0.0165747103121815,-0.00121405350981583));
#11107=CARTESIAN_POINT('',(-0.0231846097243358,-0.0165747103121815,-0.00102144766604976));
#11108=CARTESIAN_POINT('',(-0.0233027230603961,-0.0164082371988275,-0.00154170265268353));
#11109=CARTESIAN_POINT('',(-0.023612470541419,-0.0159592726943655,-0.00173808348755912));
#11110=CARTESIAN_POINT('',(-0.0235009263938831,-0.0161243073390013,-0.00173808348755912));
#11111=CARTESIAN_POINT('',(-0.0233856703278977,-0.0162904367806725,-0.00168032218827116));
#11112=CARTESIAN_POINT('',(-0.0233027230603961,-0.0164082371988276,-0.00154170265268353));
#11113=CARTESIAN_POINT('',(-0.0232573814098087,-0.0178041109400895,-0.00119315237507711));
#11114=CARTESIAN_POINT('',(-0.0232573814098087,-0.0178041109400895,3.63972856261342E-6));
#11115=CARTESIAN_POINT('',(-0.0232573814098087,-0.0178041109400895,-0.00238994447871684));
#11116=CARTESIAN_POINT('',(-0.0234507606859441,-0.0175221932024831,-0.00238994447871684));
#11117=CARTESIAN_POINT('',(-0.0236441399620796,-0.0172402754648766,-0.00238994447871684));
#11118=CARTESIAN_POINT('',(-0.0236979372043128,-0.0171618472220838,-0.00214575365001028));
#11119=CARTESIAN_POINT('',(-0.0237517344465459,-0.0170834189792911,-0.00190156282130372));
#11120=CARTESIAN_POINT('',(-0.023759004344145,-0.0170728205681029,-0.00190156282130372));
#11121=CARTESIAN_POINT('',(-0.023766274241744,-0.0170622221569146,-0.00190156282130372));
#11122=CARTESIAN_POINT('',(-0.0231395627682162,-0.0166323343033672,-0.00190156282130372));
#11123=CARTESIAN_POINT('',(-0.0235624239773934,-0.0169223926559587,-0.00190156282130372));
#11124=CARTESIAN_POINT('',(-0.0232326174574844,-0.0164966746401581,-0.00210925354719309));
#11125=CARTESIAN_POINT('',(-0.0236554786666616,-0.0167867329927496,-0.00210925354719309));
#11126=CARTESIAN_POINT('',(-0.0233285801057922,-0.0163567756124737,-0.00225336897662623));
#11127=CARTESIAN_POINT('',(-0.0237514413149694,-0.0166468339650651,-0.00225336897662623));
#11128=CARTESIAN_POINT('',(-0.0234274507131396,-0.016212637220314,-0.00233390910960313));
#11129=CARTESIAN_POINT('',(-0.0238503119223169,-0.0165026955729054,-0.00233390910960313));
#11130=CARTESIAN_POINT('',(-0.0240541621866675,-0.0166425250738614,-0.00233390910960313));
#11131=CARTESIAN_POINT('',(-0.0234285193121802,-0.0162133702175021,-0.00233390910960313));
#11132=CARTESIAN_POINT('',(-0.0238505678924514,-0.0165028711536254,-0.00233390910960313));
#11133=CARTESIAN_POINT('',(-0.0235273899195277,-0.0160692318253424,-0.00241444924258003));
#11134=CARTESIAN_POINT('',(-0.0239494384997989,-0.0163587327614657,-0.00241444924258003));
#11135=CARTESIAN_POINT('',(-0.0236561155730153,-0.0158815692912364,-0.00245471930906848));
#11136=CARTESIAN_POINT('',(-0.0240781641532865,-0.0161710702273597,-0.00245471930906848));
#11137=CARTESIAN_POINT('',(-0.0238146962726432,-0.0156503826151842,-0.00245471930906848));
#11138=CARTESIAN_POINT('',(-0.0242367448529144,-0.0159398835513075,-0.00245471930906848));
#11139=CARTESIAN_POINT('',(-0.0244403391471305,-0.0160795374715435,-0.00245471930906848));
#11140=CARTESIAN_POINT('',(-0.0237916652152155,-0.0156345846407402,-0.00245471930906848));
#11141=CARTESIAN_POINT('',(-0.0242322521860287,-0.0159368018414525,-0.00245471930906848));
#11142=CARTESIAN_POINT('',(-0.0239866923348067,-0.0153502645965978,-0.00245471930906848));
#11143=CARTESIAN_POINT('',(-0.0244272793056199,-0.0156524817973101,-0.00245471930906848));
#11144=CARTESIAN_POINT('',(-0.0241402325720992,-0.0151264261523027,-0.00235601480567551));
#11145=CARTESIAN_POINT('',(-0.0245808195429124,-0.015428643353015,-0.00235601480567551));
#11146=CARTESIAN_POINT('',(-0.024252285927093,-0.0149630693078551,-0.00215860579888957));
#11147=CARTESIAN_POINT('',(-0.0246928728979062,-0.0152652865085673,-0.00215860579888957));
#11148=CARTESIAN_POINT('',(-0.024900959859008,-0.0154080221386584,-0.00215860579888957));
#11149=CARTESIAN_POINT('',(-0.0242391868722716,-0.0149540841132344,-0.00215860579888957));
#11150=CARTESIAN_POINT('',(-0.0246702912904091,-0.0152497968308023,-0.00215860579888957));
#11151=CARTESIAN_POINT('',(-0.0243512402272655,-0.0147907272687866,-0.00196119679210345));
#11152=CARTESIAN_POINT('',(-0.0247823446454029,-0.0150864399863545,-0.00196119679210345));
#11153=CARTESIAN_POINT('',(-0.0244072669047623,-0.0147090488465629,-0.00168050586057989));
#11154=CARTESIAN_POINT('',(-0.0248383713228997,-0.0150047615641308,-0.00168050586057989));
#11155=CARTESIAN_POINT('',(-0.0244072669047623,-0.0147090488465629,-0.00131653300431832));
#11156=CARTESIAN_POINT('',(-0.0248383713228997,-0.0150047615641308,-0.00131653300431832));
#11157=CARTESIAN_POINT('',(-0.0250690398914987,-0.0151629868719869,-0.00131653300431832));
#11158=CARTESIAN_POINT('',(-0.0244072435862632,-0.0147090328514201,-0.00131653300431832));
#11159=CARTESIAN_POINT('',(-0.0248422810579098,-0.0150074434164064,-0.00131653300431832));
#11160=CARTESIAN_POINT('',(-0.0244072435862632,-0.0147090328514201,-0.000935423949551034));
#11161=CARTESIAN_POINT('',(-0.0248422810579098,-0.0150074434164064,-0.000935423949551034));
#11162=CARTESIAN_POINT('',(-0.0243318305151688,-0.0148189737034792,-0.000654390294057168));
#11163=CARTESIAN_POINT('',(-0.0247668679868153,-0.0151173842684654,-0.000654390294057168));
#11164=CARTESIAN_POINT('',(-0.0241810043729799,-0.0150388554075973,-0.000473432037836728));
#11165=CARTESIAN_POINT('',(-0.0246160418446265,-0.0153372659725836,-0.000473432037836728));
#11166=CARTESIAN_POINT('',(-0.0248428006782154,-0.015492809428164,-0.000473432037836728));
#11167=CARTESIAN_POINT('',(-0.0241980784184111,-0.0150505672160639,-0.000473432037836728));
#11168=CARTESIAN_POINT('',(-0.0246391851147087,-0.0153531409184238,-0.000473432037836728));
#11169=CARTESIAN_POINT('',(-0.0240472522762223,-0.0152704489201821,-0.000292473781616286));
#11170=CARTESIAN_POINT('',(-0.0244883589725198,-0.015573022622542,-0.000292473781616286));
#11171=CARTESIAN_POINT('',(-0.0238198498793232,-0.0156019672221494,-0.000192398382342863));
#11172=CARTESIAN_POINT('',(-0.0242609565756207,-0.0159045409245093,-0.000192398382342863));
#11173=CARTESIAN_POINT('',(-0.0235158712277138,-0.0160451221219658,-0.000173205840016453));
#11174=CARTESIAN_POINT('',(-0.0239569779240113,-0.0163476958243257,-0.000173205840016453));
#11175=CARTESIAN_POINT('',(-0.024160593487518,-0.0164873643340659,-0.000173205840016453));
#11176=CARTESIAN_POINT('',(-0.0239840803738124,-0.0167446937577158,-0.00016343820686819));
#11177=CARTESIAN_POINT('',(-0.0238075672601069,-0.0170020231813656,-0.000153670573719928));
#11178=CARTESIAN_POINT('',(-0.0238075672601069,-0.0170020231813656,-7.50154225786572E-5));
#11179=CARTESIAN_POINT('',(-0.0238075672601069,-0.0170020231813656,3.63972856261342E-6));
#11180=CARTESIAN_POINT('',(-0.0231821088874295,-0.0165729948825856,3.63972856261342E-6));
#11181=CARTESIAN_POINT('',(-0.02360391671229,-0.0168623306744103,3.63972856261342E-6));
#11182=CARTESIAN_POINT('',(-0.0231821088874295,-0.0165729948825856,0.00036761258482418));
#11183=CARTESIAN_POINT('',(-0.02360391671229,-0.0168623306744103,0.00036761258482418));
#11184=CARTESIAN_POINT('',(-0.0232875708686001,-0.016419247264282,0.000549599012954964));
#11185=CARTESIAN_POINT('',(-0.0237093786934606,-0.0167085830561066,0.000549599012954964));
#11186=CARTESIAN_POINT('',(-0.0234984948309413,-0.0161117520276746,0.000549599012954964));
#11187=CARTESIAN_POINT('',(-0.0239203026558018,-0.0164010878194993,0.000549599012954964));
#11188=CARTESIAN_POINT('',(-0.0241239532036186,-0.0165407803264545,0.000549599012954964));
#11189=CARTESIAN_POINT('',(-0.0234878572298976,-0.0161044552480994,0.000549599012954964));
#11190=CARTESIAN_POINT('',(-0.0239203566805098,-0.0164011248773269,0.000549599012954964));
#11191=CARTESIAN_POINT('',(-0.023650315208245,-0.0158676160860802,0.000549599012954964));
#11192=CARTESIAN_POINT('',(-0.0240828146588572,-0.0161642857153077,0.000549599012954964));
#11193=CARTESIAN_POINT('',(-0.0238412711851807,-0.0155892311522031,0.000462889848516003));
#11194=CARTESIAN_POINT('',(-0.024273770635793,-0.0158859007814306,0.000462889848516003));
#11195=CARTESIAN_POINT('',(-0.0240607251607049,-0.0152693004464683,0.000289471519638082));
#11196=CARTESIAN_POINT('',(-0.0244932246113171,-0.0155659700756958,0.000289471519638082));
#11197=CARTESIAN_POINT('',(-0.0246968211344259,-0.0157056255248234,0.000289471519638082));
#11198=CARTESIAN_POINT('',(-0.0247884218441743,-0.0155720855438519,0.00062054287476866));
#11199=CARTESIAN_POINT('',(-0.0248800225539227,-0.0154385455628804,0.000951614229899237));
#11200=CARTESIAN_POINT('',(-0.0242327880655685,-0.0149945801071752,0.000951614229899237));
#11201=CARTESIAN_POINT('',(-0.0246766844614887,-0.0152990673822612,0.000951614229899237));
#11202=CARTESIAN_POINT('',(-0.0239989881587822,-0.0153354250109882,0.00116821577901158));
#11203=CARTESIAN_POINT('',(-0.0244428845547024,-0.0156399122860741,0.00116821577901158));
#11204=CARTESIAN_POINT('',(-0.0237397920763831,-0.0157132936978852,0.00127651655356775));
#11205=CARTESIAN_POINT('',(-0.0241836884723033,-0.0160177809729712,0.00127651655356775));
#11206=CARTESIAN_POINT('',(-0.0234551998183712,-0.0161281861678665,0.00127651655356775));
#11207=CARTESIAN_POINT('',(-0.0238990962142914,-0.0164326734429524,0.00127651655356775));
#11208=CARTESIAN_POINT('',(-0.0241024343067254,-0.0165721516235716,0.00127651655356775));
#11209=CARTESIAN_POINT('',(-0.0234624907353671,-0.0161331873155878,0.00127651655356775));
#11210=CARTESIAN_POINT('',(-0.023898846186096,-0.0164325019380593,0.00127651655356775));
#11211=CARTESIAN_POINT('',(-0.0231899180413857,-0.0165305570790713,0.00127651655356775));
#11212=CARTESIAN_POINT('',(-0.0236262734921146,-0.0168298717015428,0.00127651655356775));
#11213=CARTESIAN_POINT('',(-0.0229809327184043,-0.0168352260726951,0.00117147165672767));
#11214=CARTESIAN_POINT('',(-0.0234172881691331,-0.0171345406951666,0.00117147165672767));
#11215=CARTESIAN_POINT('',(-0.0228355347664227,-0.0170471942964593,0.0009613818630475));
#11216=CARTESIAN_POINT('',(-0.0232718902171516,-0.0173465089189308,0.0009613818630475));
#11217=CARTESIAN_POINT('',(-0.023475478337781,-0.0174861586044431,0.0009613818630475));
#11218=CARTESIAN_POINT('',(-0.0228206624310192,-0.0170369927338361,0.0009613818630475));
#11219=CARTESIAN_POINT('',(-0.0232533741763827,-0.0173338079849946,0.0009613818630475));
#11220=CARTESIAN_POINT('',(-0.0226752644790369,-0.0172489609576015,0.000751292069366247));
#11221=CARTESIAN_POINT('',(-0.0231079762244004,-0.01754577620876,0.000751292069366247));
#11222=CARTESIAN_POINT('',(-0.0226025655030469,-0.0173549450694825,0.000432044691205701));
#11223=CARTESIAN_POINT('',(-0.0230352772484104,-0.017651760320641,0.000432044691205701));
#11224=CARTESIAN_POINT('',(-0.0226025655030469,-0.0173549450694825,3.63972856261342E-6));
#11225=CARTESIAN_POINT('',(-0.0230352772484104,-0.017651760320641,3.63972856261342E-6));
#11226=CARTESIAN_POINT('',(-0.0236087724194389,-0.0159567359963994,-0.00173808348755912));
#11227=CARTESIAN_POINT('',(-0.0240279251198954,-0.0162442505263211,-0.00173808348755912));
#11228=CARTESIAN_POINT('',(-0.0234800467659512,-0.0161443985305054,-0.00173808348755912));
#11229=CARTESIAN_POINT('',(-0.0238991994664078,-0.0164319130604271,-0.00173808348755912));
#11230=CARTESIAN_POINT('',(-0.0233772019479162,-0.0162943307207813,-0.00167262320926726));
#11231=CARTESIAN_POINT('',(-0.0237963546483728,-0.016581845250703,-0.00167262320926726));
#11232=CARTESIAN_POINT('',(-0.023300237965334,-0.0164065325672272,-0.00154170265268353));
#11233=CARTESIAN_POINT('',(-0.0237193906657906,-0.0166940470971488,-0.00154170265268353));
#11234=CARTESIAN_POINT('',(-0.0240248419330266,-0.0162421356383047,-0.00173808348755912));
#11235=CARTESIAN_POINT('',(-0.0239132782949579,-0.0164071569649184,-0.00173808348755912));
#11236=CARTESIAN_POINT('',(-0.0237980375839904,-0.0165732967230743,-0.00168032231904769));
#11237=CARTESIAN_POINT('',(-0.0237151153703667,-0.0166911144915549,-0.00154170265268353));
#11238=CARTESIAN_POINT('',(-0.0240248419330266,-0.0162421356383047,-0.00173808348755912));
#11239=CARTESIAN_POINT('',(-0.0237151153703667,-0.0166911144915549,-0.00154170265268353));
#11240=CARTESIAN_POINT('',(-0.024231547688085,-0.016383923840869,-0.00173808348755912));
#11241=CARTESIAN_POINT('',(-0.0239230132339801,-0.0168337204116967,-0.00154170265268353));
#11242=CARTESIAN_POINT('',(-0.0238726985772203,-0.0155617472838642,-0.00132270203578038));
#11243=CARTESIAN_POINT('',(-0.0242960473210781,-0.0158521400570722,-0.00132270203578038));
#11244=CARTESIAN_POINT('',(-0.0238726985772203,-0.0155617472838641,-0.00159962300363287));
#11245=CARTESIAN_POINT('',(-0.0242960473210781,-0.0158521400570722,-0.00159962300363287));
#11246=CARTESIAN_POINT('',(-0.0237831334387997,-0.0156923197097029,-0.00173808348755912));
#11247=CARTESIAN_POINT('',(-0.0242064821826575,-0.015982712482911,-0.00173808348755912));
#11248=CARTESIAN_POINT('',(-0.0236040031619585,-0.0159534645613805,-0.00173808348755912));
#11249=CARTESIAN_POINT('',(-0.0240273519058163,-0.0162438573345885,-0.00173808348755912));
#11250=CARTESIAN_POINT('',(-0.0242876826959015,-0.0158464024075879,-0.00132270203578038));
#11251=CARTESIAN_POINT('',(-0.0242876826959015,-0.0158464024075879,-0.00144387129329455));
#11252=CARTESIAN_POINT('',(-0.0242401353899757,-0.0159199215361725,-0.00169990228153506));
#11253=CARTESIAN_POINT('',(-0.0240925460963506,-0.0161419898287702,-0.00173808348755912));
#11254=CARTESIAN_POINT('',(-0.0240248419330266,-0.0162421356383047,-0.00173808348755912));
#11255=CARTESIAN_POINT('',(-0.0242876826959015,-0.0158464024075879,-0.00132270203578038));
#11256=CARTESIAN_POINT('',(-0.0245002431033468,-0.0159922065633527,-0.00132270203578038));
#11257=CARTESIAN_POINT('',(-0.0237546503898953,-0.01573387573618,-0.000892412091301668));
#11258=CARTESIAN_POINT('',(-0.0241754776203865,-0.0160225388969354,-0.000892412091301668));
#11259=CARTESIAN_POINT('',(-0.0238333591479013,-0.015619130271049,-0.000986661183083152));
#11260=CARTESIAN_POINT('',(-0.0242541863783925,-0.0159077934318043,-0.000986661183083152));
#11261=CARTESIAN_POINT('',(-0.0238727135269043,-0.0155617575384834,-0.00113009116457605));
#11262=CARTESIAN_POINT('',(-0.0242935407573955,-0.0158504206992388,-0.00113009116457605));
#11263=CARTESIAN_POINT('',(-0.0238727135269043,-0.0155617575384834,-0.00132270203578038));
#11264=CARTESIAN_POINT('',(-0.0242935407573955,-0.0158504206992388,-0.00132270203578038));
#11265=CARTESIAN_POINT('',(-0.0241729825972808,-0.0160208274552708,-0.000892412091301668));
#11266=CARTESIAN_POINT('',(-0.0242498336352064,-0.015904870972527,-0.000986625842279867));
#11267=CARTESIAN_POINT('',(-0.0242876826959015,-0.0158464024075879,-0.00115523206590559));
#11268=CARTESIAN_POINT('',(-0.0242876826959015,-0.0158464024075879,-0.00132270203578038));
#11269=CARTESIAN_POINT('',(-0.0241729825972808,-0.0160208274552708,-0.000892412091301668));
#11270=CARTESIAN_POINT('',(-0.0243821799663378,-0.0161643247610493,-0.000892412091301668));
#11271=CARTESIAN_POINT('',(-0.0233980690965984,-0.0162610577489125,-0.000738700390705328));
#11272=CARTESIAN_POINT('',(-0.0238185645876527,-0.0165494933555851,-0.000738700390705328));
#11273=CARTESIAN_POINT('',(-0.0235593638913299,-0.0160259143326833,-0.000746925765988075));
#11274=CARTESIAN_POINT('',(-0.0239798593823842,-0.0163143499393559,-0.000746925765988075));
#11275=CARTESIAN_POINT('',(-0.0236793656676986,-0.0158509698920032,-0.000798162999520188));
#11276=CARTESIAN_POINT('',(-0.0240998611587529,-0.0161394054986758,-0.000798162999520188));
#11277=CARTESIAN_POINT('',(-0.0237580744257046,-0.0157362244268722,-0.000892412091301668));
#11278=CARTESIAN_POINT('',(-0.0241785699167589,-0.0160246600335448,-0.000892412091301668));
#11279=CARTESIAN_POINT('',(-0.0238155825137839,-0.0165474478252434,-0.000738700390705328));
#11280=CARTESIAN_POINT('',(-0.0239418900288972,-0.016365662266524,-0.000745085616243007));
#11281=CARTESIAN_POINT('',(-0.0240710232669914,-0.0161746685177002,-0.000767417410512857));
#11282=CARTESIAN_POINT('',(-0.0241729825972808,-0.0160208274552707,-0.000892412091301668));
#11283=CARTESIAN_POINT('',(-0.0238155825137839,-0.0165474478252434,-0.000738700390705328));
#11284=CARTESIAN_POINT('',(-0.0240221746372316,-0.0166891580830895,-0.000738700390705328));
#11285=CARTESIAN_POINT('',(-0.0239148709486692,-0.0168455906322276,-0.000732017273288096));
#11286=CARTESIAN_POINT('',(0.,1.46957615897682E-18,-0.000744840165243111));
#11287=CARTESIAN_POINT('',(-0.023597048039739,-0.0168576191619769,-0.000725334155870863));
#11288=CARTESIAN_POINT('',(-0.0238075672601069,-0.0170020231813656,-0.000725334155870863));
#11289=CARTESIAN_POINT('',(-0.0238075672601069,-0.0170020231813656,-0.000873390910960314));
#11290=CARTESIAN_POINT('',(-0.023597048039739,-0.0168576191619769,0.005));
#11291=CARTESIAN_POINT('',(-0.023597048039739,-0.0168576191619769,-0.00102144766604976));
#11292=CARTESIAN_POINT('',(-0.0238075672601069,-0.0170020231813656,-0.00102144766604976));
#11293=CARTESIAN_POINT('',(-0.0232975653401762,-0.0164046993008183,-0.00154170265268353));
#11294=CARTESIAN_POINT('',(-0.0237176057283997,-0.0166928227332492,-0.00154170265268353));
#11295=CARTESIAN_POINT('',(-0.023220601357594,-0.0165169011472642,-0.0014107820960998));
#11296=CARTESIAN_POINT('',(-0.0236406417458175,-0.0168050245796951,-0.0014107820960998));
#11297=CARTESIAN_POINT('',(-0.0231821193663029,-0.0165730020704872,-0.00123736376722188));
#11298=CARTESIAN_POINT('',(-0.0236021597545264,-0.0168611255029181,-0.00123736376722188));
#11299=CARTESIAN_POINT('',(-0.0231821193663029,-0.0165730020704872,-0.00102144766604976));
#11300=CARTESIAN_POINT('',(-0.0236021597545264,-0.0168611255029181,-0.00102144766604976));
#11301=CARTESIAN_POINT('',(-0.0237151153703667,-0.0166911144915549,-0.00154170265268353));
#11302=CARTESIAN_POINT('',(-0.0236350377078783,-0.0168048906570388,-0.0014078381744902));
#11303=CARTESIAN_POINT('',(-0.023597048039739,-0.0168576191619769,-0.00121405337078203));
#11304=CARTESIAN_POINT('',(-0.023597048039739,-0.0168576191619769,-0.00102144766604976));
#11305=CARTESIAN_POINT('',(0.,1.46957615897682E-18,0.005));
#11306=CARTESIAN_POINT('',(0.,1.46957615897682E-18,0.0023077729796422));
#11307=CARTESIAN_POINT('',(0.0073252375096012,-0.0275424771113717,0.0023077729796422));
#11308=CARTESIAN_POINT('',(0.00820586628799826,-0.0272930560484896,0.0023077729796422));
#11309=CARTESIAN_POINT('',(0.,1.46957615897682E-18,0.0021125280592424));
#11310=CARTESIAN_POINT('',(0.00531515409488491,-0.0279999336954595,-0.000725334155870862));
#11311=CARTESIAN_POINT('',(0.00531515409488491,-0.0279999336954595,0.005));
#11312=CARTESIAN_POINT('',(0.00531515409488491,-0.0279999336954595,-0.00141626567962163));
#11313=CARTESIAN_POINT('',(0.,1.46957615897682E-18,-0.00141626567962163));
#11314=CARTESIAN_POINT('',(0.00727156725894527,-0.0275566953679343,-0.00141626567962163));
#11315=CARTESIAN_POINT('',(0.00727156725894528,-0.0275566953679343,0.005));
#11316=CARTESIAN_POINT('',(0.00727156725894527,-0.0275566953679343,-0.00238994447871684));
#11317=CARTESIAN_POINT('',(0.,1.46957615897682E-18,-0.00238994447871684));
#11318=CARTESIAN_POINT('',(0.00820586628799826,-0.0272930560484896,-0.00238994447871684));
#11319=CARTESIAN_POINT('',(0.00820586628799826,-0.0272930560484896,0.005));
#11320=CARTESIAN_POINT('',(0.00820586628799826,-0.0272930560484896,-0.00141626567962163));
#11321=CARTESIAN_POINT('',(0.,1.46957615897682E-18,-0.00141626567962163));
#11322=CARTESIAN_POINT('',(0.00874635922109125,-0.0271246815719214,-0.00141626567962163));
#11323=CARTESIAN_POINT('',(0.00874635922109125,-0.0271246815719214,0.005));
#11324=CARTESIAN_POINT('',(0.00874635922109125,-0.0271246815719214,-0.000645136746864076));
#11325=CARTESIAN_POINT('',(0.,1.46957615897682E-18,-0.000645136746864076));
#11326=CARTESIAN_POINT('',(0.00820586628799826,-0.0272930560484896,-0.000645136746864076));
#11327=CARTESIAN_POINT('',(0.00820586628799826,-0.0272930560484896,0.005));
#11328=CARTESIAN_POINT('',(0.,1.46957615897682E-18,0.00117061484680239));
#11329=CARTESIAN_POINT('',(0.00731149319105037,-0.0275461288989891,0.00117061484680239));
#11330=CARTESIAN_POINT('',(0.00728747240301278,-0.0275524934620776,0.00117061484680239));
#11331=CARTESIAN_POINT('',(0.00728792579847432,-0.0275523735341847,0.000730028069303134));
#11332=CARTESIAN_POINT('',(0.00729250715699651,-0.0275511617111479,0.00087707786528567));
#11333=CARTESIAN_POINT('',(0.00730036368503143,-0.0275490829731451,0.001023940034741));
#11334=CARTESIAN_POINT('',(0.00731149319105038,-0.0275461288989892,0.00117061484680239));
#11335=CARTESIAN_POINT('',(0.00728769926549661,-0.0275524338558159,0.000730035488619684));
#11336=CARTESIAN_POINT('',(0.00727124461397198,-0.0275567805041413,0.000151699890162721));
#11337=CARTESIAN_POINT('',(0.00727314856261353,-0.0275562781204792,0.000344586173586103));
#11338=CARTESIAN_POINT('',(0.00727864209986409,-0.0275548291126469,0.000537363049535535));
#11339=CARTESIAN_POINT('',(0.00728772354309626,-0.0275524270357785,0.00073003051750468));
#11340=CARTESIAN_POINT('',(0.0072714058859755,-0.0275567377421583,0.000151698186897277));
#11341=CARTESIAN_POINT('',(0.00727156725894528,-0.0275566953679343,0.005));
#11342=CARTESIAN_POINT('',(0.00727156725894527,-0.0275566953679343,-0.000645136746864076));
#11343=CARTESIAN_POINT('',(0.,1.46957615897682E-18,-0.000645136746864076));
#11344=CARTESIAN_POINT('',(0.00617233754474511,-0.0278235403792586,-0.000645136746864076));
#11345=CARTESIAN_POINT('',(0.,1.46957615897682E-18,0.000946996044850867));
#11346=CARTESIAN_POINT('',(0.00701074916029308,-0.0276242022910638,0.000656549790462036));
#11347=CARTESIAN_POINT('',(0.00728753361991235,-0.0275524772704951,0.00117058614555477));
#11348=CARTESIAN_POINT('',(0.00720901671430957,-0.0275732447166922,0.000991401624615247));
#11349=CARTESIAN_POINT('',(0.00711678075044866,-0.0275972925378255,0.000820063069145301));
#11350=CARTESIAN_POINT('',(0.00701071886763434,-0.0276242098703564,0.000656570689931574));
#11351=CARTESIAN_POINT('',(0.00867372164827035,-0.0279660358616865,-0.000645136746864076));
#11352=CARTESIAN_POINT('',(0.00840013818529167,-0.0280374369155954,-0.000645136746864076));
#11353=CARTESIAN_POINT('',(0.00894730511124902,-0.0278946348077775,-0.000645136746864076));
#11354=CARTESIAN_POINT('',(0.00894730511124902,-0.0278946348077775,-0.00103070121324285));
#11355=CARTESIAN_POINT('',(0.00894730511124902,-0.0278946348077775,-0.00141626567962163));
#11356=CARTESIAN_POINT('',(0.00867372164827035,-0.0279660358616865,-0.00141626567962163));
#11357=CARTESIAN_POINT('',(0.00840013818529167,-0.0280374369155954,-0.00141626567962163));
#11358=CARTESIAN_POINT('',(0.00840013818529167,-0.0280374369155954,-0.00190310507916924));
#11359=CARTESIAN_POINT('',(0.00840013818529167,-0.0280374369155954,-0.00238994447871684));
#11360=CARTESIAN_POINT('',(0.00793056947792465,-0.0281599870881226,-0.00238994447871684));
#11361=CARTESIAN_POINT('',(0.00746100077055762,-0.0282825372606498,-0.00238994447871684));
#11362=CARTESIAN_POINT('',(0.00746100077055762,-0.0282825372606498,-0.00190310507916924));
#11363=CARTESIAN_POINT('',(0.00746100077055762,-0.0282825372606498,-0.00141626567962163));
#11364=CARTESIAN_POINT('',(0.00649102303817869,-0.0285356864517814,-0.00141626567962163));
#11365=CARTESIAN_POINT('',(0.00552104530579977,-0.028788835642913,-0.00141626567962163));
#11366=CARTESIAN_POINT('',(0.00552104530579977,-0.028788835642913,-0.00107079991774625));
#11367=CARTESIAN_POINT('',(0.00552104530579977,-0.028788835642913,-0.000725334155870862));
#11368=CARTESIAN_POINT('',(0.00651788395999842,-0.0285286761664886,0.000791219411885667));
#11369=CARTESIAN_POINT('',(0.00751472261419707,-0.0282685166900641,0.0023077729796422));
#11370=CARTESIAN_POINT('',(0.00795743039974437,-0.0281529768028298,0.0023077729796422));
#11371=CARTESIAN_POINT('',(0.00840013818529167,-0.0280374369155954,0.0023077729796422));
#11372=CARTESIAN_POINT('',(0.00840013818529167,-0.0280374369155954,0.00083131811638906));
#11373=CARTESIAN_POINT('',(0.00431738912052541,-0.0291029712973026,0.00265065927168971));
#11374=CARTESIAN_POINT('',(0.00741380994320719,-0.0280363232633311,0.00117058614556355));
#11375=CARTESIAN_POINT('',(0.00733529188077429,-0.028057086256628,0.000991401635953988));
#11376=CARTESIAN_POINT('',(0.00724305602333808,-0.0280811344694608,0.000820063082887801));
#11377=CARTESIAN_POINT('',(0.007136997347152,-0.0281080641252069,0.000656570689886598));
#11378=CARTESIAN_POINT('',(0.00741374872539827,-0.028036339451445,0.00117061484680239));
#11379=CARTESIAN_POINT('',(0.00713702761231226,-0.0281080564404606,0.000656549790450792));
#11380=CARTESIAN_POINT('',(0.00728754625967707,-0.0275524741866301,0.00117061484680239));
#11381=CARTESIAN_POINT('',(0.00720035034401067,-0.0283505629920104,0.000656528891630681));
#11382=CARTESIAN_POINT('',(0.00748935396581177,-0.0282751375150629,0.00117061484680239));
#11383=CARTESIAN_POINT('',(0.,1.46957615897682E-18,0.00117061484680239));
#11384=CARTESIAN_POINT('',(0.00743776991583993,-0.028029976430226,0.00117061484680239));
#11385=CARTESIAN_POINT('',(0.00731149229093823,-0.0275461254500793,0.00117061484680239));
#11386=CARTESIAN_POINT('',(0.0167290611777985,-0.0258637167896739,0.000421892252052345));
#11387=CARTESIAN_POINT('',(0.00741420212756091,-0.0280362195492931,0.000730028069309249));
#11388=CARTESIAN_POINT('',(0.00741878355416315,-0.0280350079871279,0.000877077865187045));
#11389=CARTESIAN_POINT('',(0.00742664020148546,-0.0280329297061521,0.00102394003461956));
#11390=CARTESIAN_POINT('',(0.00743776991583994,-0.0280299764302261,0.00117061484680239));
#11391=CARTESIAN_POINT('',(0.00741397558955897,-0.02803627985162,0.000730035488621435));
#11392=CARTESIAN_POINT('',(0.00747691835385819,-0.0282783830175133,0.000730043183220234));
#11393=CARTESIAN_POINT('',(0.0219983943420918,-0.0244885023040377,-1.68151393938153E-6));
#11394=CARTESIAN_POINT('',(0.00739752071710605,-0.0280406256561288,0.000151699890175789));
#11395=CARTESIAN_POINT('',(0.00739942468884684,-0.0280401233609743,0.000344586173604441));
#11396=CARTESIAN_POINT('',(0.00740491829130688,-0.028038674600302,0.000537363049466737));
#11397=CARTESIAN_POINT('',(0.00741399986920068,-0.0280362730393947,0.000730030517509539));
#11398=CARTESIAN_POINT('',(0.00739768198635433,-0.0280405828817765,0.000151698186905601));
#11399=CARTESIAN_POINT('',(0.00746100077055762,-0.0282825372606498,0.000151696483652066));
#11400=CARTESIAN_POINT('',(0.00746100077055762,-0.0282825372606498,-0.000246720131606005));
#11401=CARTESIAN_POINT('',(0.00739784336683789,-0.0280405405354414,0.005));
#11402=CARTESIAN_POINT('',(0.00739784336683789,-0.0280405405354414,-0.000645136746864076));
#11403=CARTESIAN_POINT('',(0.00746100077055762,-0.0282825372606498,-0.000645136746864076));
#11404=CARTESIAN_POINT('',(0.00691383384460028,-0.0284253393684677,-0.000645136746864076));
#11405=CARTESIAN_POINT('',(0.,1.46957615897682E-18,-0.000645136746864076));
#11406=CARTESIAN_POINT('',(0.00629869812908827,-0.0283077092305015,-0.000645136746864073));
#11407=CARTESIAN_POINT('',(0.00636666691864293,-0.0285681414762855,-0.000645136746864076));
#11408=CARTESIAN_POINT('',(0.0067835086313268,-0.0284593522341479,5.6960723833024E-6));
#11409=CARTESIAN_POINT('',(0.,1.46957615897682E-18,0.000946996044850867));
#11410=CARTESIAN_POINT('',(0.,1.46957615897682E-18,0.005));
#11411=CARTESIAN_POINT('',(0.00396071205312728,-0.0282233929578792,0.000196949544219354));
#11412=CARTESIAN_POINT('',(0.00397336398268592,-0.0282216174573229,0.00056098838782395));
#11413=CARTESIAN_POINT('',(0.00398784550879174,-0.0282195767081084,0.000924953936504641));
#11414=CARTESIAN_POINT('',(0.00400415585353916,-0.0282172621971563,0.00128884419434317));
#11415=CARTESIAN_POINT('',(0.00396092616626216,-0.0282233636140254,0.000196942949096623));
#11416=CARTESIAN_POINT('',(0.00400392792090414,-0.0282172945408787,0.00128885461649188));
#11417=CARTESIAN_POINT('',(0.00395594059092841,-0.0282240621463946,-0.000166008519513284));
#11418=CARTESIAN_POINT('',(0.00395620522575277,-0.0282240250546522,-4.5005969753414E-5));
#11419=CARTESIAN_POINT('',(0.00395793842763462,-0.0282237822387139,7.59751279172473E-5));
#11420=CARTESIAN_POINT('',(0.00396114012493207,-0.0282233328810251,0.000196934772882336));
#11421=CARTESIAN_POINT('',(0.00395596675595943,-0.0282240571692318,-0.000166008578262382));
#11422=CARTESIAN_POINT('',(0.00395599313077758,-0.0282240547822552,0.005));
#11423=CARTESIAN_POINT('',(0.00395599313077758,-0.0282240547822552,-0.00238994447871684));
#11424=CARTESIAN_POINT('',(0.,1.46957615897682E-18,-0.00238994447871684));
#11425=CARTESIAN_POINT('',(0.00487578712433846,-0.0280797765290366,-0.00238994447871684));
#11426=CARTESIAN_POINT('',(0.00487578712433846,-0.0280797765290366,0.005));
#11427=CARTESIAN_POINT('',(0.00487578712433846,-0.0280797765290366,0.0023077729796422));
#11428=CARTESIAN_POINT('',(0.,1.46957615897682E-18,0.0023077729796422));
#11429=CARTESIAN_POINT('',(0.00353245080806564,-0.0282801863729908,0.0023077729796422));
#11430=CARTESIAN_POINT('',(0.,1.46957615897682E-18,-0.00146318509909085));
#11431=CARTESIAN_POINT('',(0.00235915323858866,-0.0284021398137421,-0.00128465967509768));
#11432=CARTESIAN_POINT('',(0.,1.46957615897682E-18,-0.00128465967509768));
#11433=CARTESIAN_POINT('',(0.00233968443454498,-0.0284037502233287,-0.00128465967509768));
#11434=CARTESIAN_POINT('',(0.,1.46957615897682E-18,-0.00115837619602264));
#11435=CARTESIAN_POINT('',(0.00123023104730226,-0.0284733854954544,0.0023077729796422));
#11436=CARTESIAN_POINT('',(0.,1.46957615897682E-18,0.0023077729796422));
#11437=CARTESIAN_POINT('',(-0.000128240315052999,-0.028499661479114,0.0023077729796422));
#11438=CARTESIAN_POINT('',(-0.000128240315053,-0.028499661479114,0.005));
#11439=CARTESIAN_POINT('',(-0.000128240315052999,-0.028499661479114,-0.00238994447871684));
#11440=CARTESIAN_POINT('',(0.,1.46957615897682E-18,-0.00238994447871684));
#11441=CARTESIAN_POINT('',(0.0007642654362515,-0.0284897007415917,-0.00238994447871684));
#11442=CARTESIAN_POINT('',(0.000764265436251499,-0.0284897007415917,0.005));
#11443=CARTESIAN_POINT('',(0.0007642654362515,-0.0284897007415917,-0.000205079169237099));
#11444=CARTESIAN_POINT('',(0.000702501883441039,-0.0284912906184725,0.00129502364795394));
#11445=CARTESIAN_POINT('',(0.000729970561750036,-0.0284906133308584,0.000795273056441532));
#11446=CARTESIAN_POINT('',(0.0007642654362515,-0.0284897007415917,0.000295541838378555));
#11447=CARTESIAN_POINT('',(0.0007642654362515,-0.0284897007415917,-0.000205079169237099));
#11448=CARTESIAN_POINT('',(0.000702501883441039,-0.0284912906184725,0.00129502364795394));
#11449=CARTESIAN_POINT('',(0.,1.46957615897682E-18,0.00129502364795394));
#11450=CARTESIAN_POINT('',(0.000731326222376574,-0.0284905653148365,0.00129502364795394));
#11451=CARTESIAN_POINT('',(0.,1.46957615897682E-18,-0.0038237320770942));
#11452=CARTESIAN_POINT('',(0.00186184799859735,-0.0284390694649564,-0.00238994447871684));
#11453=CARTESIAN_POINT('',(0.,1.46957615897682E-18,-0.00238994447871684));
#11454=CARTESIAN_POINT('',(0.00277184217357204,-0.028364838109309,-0.00238994447871684));
#11455=CARTESIAN_POINT('',(0.,1.46957615897682E-18,-0.00382648741912092));
#11456=CARTESIAN_POINT('',(0.00397537182537798,-0.0282213318050813,0.00128885461649188));
#11457=CARTESIAN_POINT('',(0.,1.46957615897682E-18,0.00128885461649188));
#11458=CARTESIAN_POINT('',(0.00405428985963668,-0.029017413252247,0.00128885461649188));
#11459=CARTESIAN_POINT('',(0.00400415744005522,-0.0282172759515875,0.00128885461649188));
#11460=CARTESIAN_POINT('',(0.00403994243379146,-0.0290185752837227,0.00128885461649188));
#11461=CARTESIAN_POINT('',(0.111394647957797,-0.0203236673452439,-0.00357701714174647));
#11462=CARTESIAN_POINT('',(0.00402559500794623,-0.0290197373151984,0.000196936047707174));
#11463=CARTESIAN_POINT('',(0.0188050344133244,-0.0278227160539133,-0.000198709809657095));
#11464=CARTESIAN_POINT('',(0.00402047092728721,-0.0290201523264397,-0.000166008636644049));
#11465=CARTESIAN_POINT('',(0.00402047092728721,-0.0290201523264397,-0.00127797655768045));
#11466=CARTESIAN_POINT('',(0.00402047092728721,-0.0290201523264397,-0.00238994447871684));
#11467=CARTESIAN_POINT('',(0.00448317541079591,-0.0289826768113477,-0.00238994447871684));
#11468=CARTESIAN_POINT('',(0.00494587989430461,-0.0289452012962557,-0.00238994447871684));
#11469=CARTESIAN_POINT('',(0.00494587989430461,-0.0289452012962557,-4.10857495373245E-5));
#11470=CARTESIAN_POINT('',(0.00494587989430461,-0.0289452012962557,0.0023077729796422));
#11471=CARTESIAN_POINT('',(0.00427052606344695,-0.0289998997778629,0.0023077729796422));
#11472=CARTESIAN_POINT('',(0.0035951722325893,-0.0290545982594699,0.0023077729796422));
#11473=CARTESIAN_POINT('',(0.00300744018100072,-0.0291022000488504,0.000511556652272258));
#11474=CARTESIAN_POINT('',(0.00241970812941216,-0.0291498018382307,-0.00128465967509768));
#11475=CARTESIAN_POINT('',(0.00240997237616003,-0.0291505903595893,-0.00128465967509768));
#11476=CARTESIAN_POINT('',(0.00240023662290791,-0.0291513788809478,-0.00128465967509768));
#11477=CARTESIAN_POINT('',(0.00184632350366881,-0.0291962415961354,0.000511556652272258));
#11478=CARTESIAN_POINT('',(0.00129241038442972,-0.029241104311323,0.0023077729796422));
#11479=CARTESIAN_POINT('',(0.000616544145506157,-0.0292958442940543,0.0023077729796422));
#11480=CARTESIAN_POINT('',(-5.93220934174035E-5,-0.0293505842767855,0.0023077729796422));
#11481=CARTESIAN_POINT('',(-5.93220934174035E-5,-0.0293505842767855,-4.10857495373245E-5));
#11482=CARTESIAN_POINT('',(-5.93220934174035E-5,-0.0293505842767855,-0.00238994447871684));
#11483=CARTESIAN_POINT('',(0.000384423291652955,-0.0293146443032865,-0.00238994447871684));
#11484=CARTESIAN_POINT('',(0.000828168676723314,-0.0292787043297874,-0.00238994447871684));
#11485=CARTESIAN_POINT('',(0.000828168676723314,-0.0292787043297874,-0.00129751182397697));
#11486=CARTESIAN_POINT('',(0.000828168676723314,-0.0292787043297874,-0.000205079169237099));
#11487=CARTESIAN_POINT('',(0.000702257680341026,-0.0284882754799485,0.00129502364795394));
#11488=CARTESIAN_POINT('',(0.00074344660320954,-0.0289968288443355,0.00129502364795394));
#11489=CARTESIAN_POINT('',(0.000743250325613115,-0.0284849553900179,0.000545829049283705));
#11490=CARTESIAN_POINT('',(0.000784439248481628,-0.0289935087544049,0.000545829049283705));
#11491=CARTESIAN_POINT('',(0.000763746648249159,-0.0284832953450526,4.57947768866935E-5));
#11492=CARTESIAN_POINT('',(0.000804935571117672,-0.0289918487094396,4.57947768866935E-5));
#11493=CARTESIAN_POINT('',(0.000763746648249159,-0.0284832953450526,-0.000205079169237099));
#11494=CARTESIAN_POINT('',(0.000804935571117672,-0.0289918487094396,-0.000205079169237099));
#11495=CARTESIAN_POINT('',(0.000766679708815181,-0.0292836844646833,0.00129502364795394));
#11496=CARTESIAN_POINT('',(0.000781027134660412,-0.0292825224332076,0.00129502364795394));
#11497=CARTESIAN_POINT('',(0.000795374560505643,-0.0292813604017319,0.00129502364795394));
#11498=CARTESIAN_POINT('',(0.00135902343299686,-0.0292357091651857,-0.000547460415381454));
#11499=CARTESIAN_POINT('',(0.00192267230548808,-0.0291900579286396,-0.00238994447871684));
#11500=CARTESIAN_POINT('',(0.00237769066800826,-0.0291532049304097,-0.00238994447871684));
#11501=CARTESIAN_POINT('',(0.00283270903052844,-0.0291163519321797,-0.00238994447871684));
#11502=CARTESIAN_POINT('',(0.00343632573215995,-0.0290674636079511,-0.000550544931112484));
#11503=CARTESIAN_POINT('',(0.,1.46957615897682E-18,0.005));
#11504=CARTESIAN_POINT('',(0.,1.46957615897682E-18,-0.00037335847721121));
#11505=CARTESIAN_POINT('',(-0.00290959111867169,-0.0283510393023721,0.000505387620810199));
#11506=CARTESIAN_POINT('',(-0.00338604922677497,-0.0282980886392767,0.00110275550071972));
#11507=CARTESIAN_POINT('',(0.,1.46957615897682E-18,0.00107192209394554));
#11508=CARTESIAN_POINT('',(-0.00237174290715264,-0.0284010912727507,0.000938911106251304));
#11509=CARTESIAN_POINT('',(-0.00203014866037192,-0.0284275508339936,0.00126360876490812));
#11510=CARTESIAN_POINT('',(-0.00213948108673194,-0.028419742877543,0.00115052581847088));
#11511=CARTESIAN_POINT('',(-0.00225324404275533,-0.0284109856464953,0.00104217157333287));
#11512=CARTESIAN_POINT('',(-0.00237142502704537,-0.0284011178185578,0.000938546039496773));
#11513=CARTESIAN_POINT('',(-0.00202967689355895,-0.028427584521205,0.00126315031873329));
#11514=CARTESIAN_POINT('',(0.,1.46957615897682E-18,-0.00438579751867848));
#11515=CARTESIAN_POINT('',(-0.00204506029017253,-0.0284264819914822,0.000774768661320173));
#11516=CARTESIAN_POINT('',(0.,1.46957615897682E-18,-0.00629792309274109));
#11517=CARTESIAN_POINT('',(-0.00205531552875327,-0.0284257423487895,0.000328542052231133));
#11518=CARTESIAN_POINT('',(-0.00205531552875327,-0.0284257423487895,0.005));
#11519=CARTESIAN_POINT('',(-0.00205531552875327,-0.0284257423487895,-0.00238994447871684));
#11520=CARTESIAN_POINT('',(0.,1.46957615897682E-18,-0.00238994447871684));
#11521=CARTESIAN_POINT('',(-0.00106333209606214,-0.0284801066510641,-0.00238994447871684));
#11522=CARTESIAN_POINT('',(-0.00106333209606214,-0.0284801066510641,0.005));
#11523=CARTESIAN_POINT('',(-0.00106333209606214,-0.028480106651064,0.0023077729796422));
#11524=CARTESIAN_POINT('',(0.,1.46957615897682E-18,0.0023077729796422));
#11525=CARTESIAN_POINT('',(-0.00187888539291158,-0.0284379489359342,0.0023077729796422));
#11526=CARTESIAN_POINT('',(0.,1.46957615897682E-18,0.00204540334513496));
#11527=CARTESIAN_POINT('',(-0.00269159189588093,-0.0291290291212113,0.00170526424018096));
#11528=CARTESIAN_POINT('',(-0.00344605285355797,-0.0290704133707618,0.00110275550071972));
#11529=CARTESIAN_POINT('',(-0.00193713093820387,-0.029187644871661,0.0023077729796422));
#11530=CARTESIAN_POINT('',(-0.0032072085558151,-0.0290889697156731,0.00080407156076496));
#11531=CARTESIAN_POINT('',(-0.00296836425807224,-0.0291075260605845,0.000505387620810199));
#11532=CARTESIAN_POINT('',(-0.00269928001705291,-0.0291284318139718,0.000722331893892659));
#11533=CARTESIAN_POINT('',(-0.00243019577603358,-0.029149337567359,0.000939276166975118));
#11534=CARTESIAN_POINT('',(-0.00616881293835297,-0.0288588760817426,0.00523068640864526));
#11535=CARTESIAN_POINT('',(-0.00202964608616847,-0.0284275869146997,0.00126412865267195));
#11536=CARTESIAN_POINT('',(-0.00209550623434668,-0.0291753403425245,0.00101895949002673));
#11537=CARTESIAN_POINT('',(-0.00210319435551866,-0.0291747430352849,0.000774768661320173));
#11538=CARTESIAN_POINT('',(-0.00210831976963331,-0.0291743448304584,0.000551655356775653));
#11539=CARTESIAN_POINT('',(-0.00211344518374797,-0.029173946625632,0.000328542052231133));
#11540=CARTESIAN_POINT('',(-0.00211344518374797,-0.029173946625632,-0.00103070121324285));
#11541=CARTESIAN_POINT('',(-0.00211344518374797,-0.029173946625632,-0.00238994447871684));
#11542=CARTESIAN_POINT('',(-0.0016183301802724,-0.0292124132118645,-0.00238994447871684));
#11543=CARTESIAN_POINT('',(-0.00112321517679684,-0.0292508797980971,-0.00238994447871684));
#11544=CARTESIAN_POINT('',(-0.00112321517679684,-0.0292508797980971,-4.10857495373229E-5));
#11545=CARTESIAN_POINT('',(-0.00112321517679684,-0.0292508797980971,0.0023077729796422));
#11546=CARTESIAN_POINT('',(-0.00153017305750036,-0.0292192623348791,0.0023077729796422));
#11547=CARTESIAN_POINT('',(0.,1.46957615897682E-18,0.005));
#11548=CARTESIAN_POINT('',(0.,1.46957615897682E-18,-0.000373358477211209));
#11549=CARTESIAN_POINT('',(0.0262543489160703,-0.0110885667692329,0.000505387620810201));
#11550=CARTESIAN_POINT('',(0.0260641229867913,-0.011528601083042,0.00110275550071972));
#11551=CARTESIAN_POINT('',(0.,1.46957615897682E-18,0.00107192209394554));
#11552=CARTESIAN_POINT('',(0.0264597902521299,-0.0105889871901913,0.000938911106268126));
#11553=CARTESIAN_POINT('',(0.0265851734473365,-0.0102701364536958,0.00126360876493794));
#11554=CARTESIAN_POINT('',(0.026545674478736,-0.0103723830923819,0.00115052581852837));
#11555=CARTESIAN_POINT('',(0.0265039697794414,-0.010478587693579,0.00104217157339163));
#11556=CARTESIAN_POINT('',(0.0264599087696967,-0.0105886910381703,0.000938546039530417));
#11557=CARTESIAN_POINT('',(0.0265853438806934,-0.0102696952607066,0.00126315031873329));
#11558=CARTESIAN_POINT('',(0.,1.46957615897682E-18,-0.00438579751867847));
#11559=CARTESIAN_POINT('',(0.0265797825039254,-0.0102840805153656,0.000774768661320175));
#11560=CARTESIAN_POINT('',(0.,1.46957615897682E-18,-0.00629792309274107));
#11561=CARTESIAN_POINT('',(0.0265760706046453,-0.0102936689872665,0.000328542052231135));
#11562=CARTESIAN_POINT('',(0.0265760706046453,-0.0102936689872665,0.005));
#11563=CARTESIAN_POINT('',(0.0265760706046453,-0.0102936689872665,-0.00238994447871684));
#11564=CARTESIAN_POINT('',(0.,1.46957615897682E-18,-0.00238994447871684));
#11565=CARTESIAN_POINT('',(0.0269186936002543,-0.00936114762505792,-0.00238994447871684));
#11566=CARTESIAN_POINT('',(0.0269186936002543,-0.00936114762505792,0.005));
#11567=CARTESIAN_POINT('',(0.0269186936002543,-0.00936114762505792,0.0023077729796422));
#11568=CARTESIAN_POINT('',(0.,1.46957615897682E-18,0.0023077729796422));
#11569=CARTESIAN_POINT('',(0.0266394343470372,-0.010128558025326,0.0023077729796422));
#11570=CARTESIAN_POINT('',(0.,1.46957615897682E-18,0.00204540334513496));
#11571=CARTESIAN_POINT('',(0.0270620685699671,-0.011108080355883,0.00170526424018096));
#11572=CARTESIAN_POINT('',(0.0267849731966071,-0.0118122573910966,0.00110275550071972));
#11573=CARTESIAN_POINT('',(0.027339163943327,-0.0104039033206693,0.0023077729796422));
#11574=CARTESIAN_POINT('',(0.0268726949656191,-0.011589331780764,0.000804071560764962));
#11575=CARTESIAN_POINT('',(0.0269604167346312,-0.0113664061704314,0.000505387620810201));
#11576=CARTESIAN_POINT('',(0.0270592449078744,-0.0111152560729537,0.000722331893892661));
#11577=CARTESIAN_POINT('',(0.0271580730811176,-0.0108641059754761,0.00093927616697512));
#11578=CARTESIAN_POINT('',(0.0257849688615555,-0.014353548785887,0.00523068643168853));
#11579=CARTESIAN_POINT('',(0.0265853551935306,-0.0102696665116153,0.00126412865502229));
#11580=CARTESIAN_POINT('',(0.0272809965042182,-0.0105517230923276,0.00101895949002673));
#11581=CARTESIAN_POINT('',(0.0272781728421255,-0.0105588988093984,0.000774768661320175));
#11582=CARTESIAN_POINT('',(0.0272762904007303,-0.0105636826207789,0.000551655356775655));
#11583=CARTESIAN_POINT('',(0.0272744079593352,-0.0105684664321595,0.000328542052231135));
#11584=CARTESIAN_POINT('',(0.0272744079593352,-0.0105684664321595,-0.00103070121324285));
#11585=CARTESIAN_POINT('',(0.0272744079593352,-0.0105684664321595,-0.00238994447871684));
#11586=CARTESIAN_POINT('',(0.0274562517981027,-0.0101063502528005,-0.00238994447871684));
#11587=CARTESIAN_POINT('',(0.0276380956368701,-0.00964423407344157,-0.00238994447871684));
#11588=CARTESIAN_POINT('',(0.0276380956368701,-0.00964423407344157,-4.10857495373208E-5));
#11589=CARTESIAN_POINT('',(0.0276380956368701,-0.00964423407344157,0.0023077729796422));
#11590=CARTESIAN_POINT('',(0.0274886297900986,-0.0100240686970554,0.0023077729796422));
#11591=CARTESIAN_POINT('',(0.,1.46957615897682E-18,0.005));
#11592=CARTESIAN_POINT('',(0.,1.46957615897682E-18,0.000953421513443503));
#11593=CARTESIAN_POINT('',(0.014606196539866,-0.0244725595849986,0.00061745835903763));
#11594=CARTESIAN_POINT('',(0.0154501042670867,-0.023948724979394,0.0023077729796422));
#11595=CARTESIAN_POINT('',(0.,1.46957615897682E-18,0.000287640872090392));
#11596=CARTESIAN_POINT('',(0.0137281073512629,-0.0249757125735123,0.0023077729796422));
#11597=CARTESIAN_POINT('',(0.,1.46957615897682E-18,0.0023077729796422));
#11598=CARTESIAN_POINT('',(0.0127529979965195,-0.0254874124246317,0.0023077729796422));
#11599=CARTESIAN_POINT('',(0.,1.46957615897682E-18,-0.00129204961541734));
#11600=CARTESIAN_POINT('',(0.0140425718045995,-0.0248002686903826,3.24285420522286E-5));
#11601=CARTESIAN_POINT('',(0.,1.46957615897682E-18,0.00135227030666651));
#11602=CARTESIAN_POINT('',(0.0126634220246717,-0.0255320365938082,-0.00238994447871684));
#11603=CARTESIAN_POINT('',(0.,1.46957615897682E-18,-0.00238994447871684));
#11604=CARTESIAN_POINT('',(0.0136125135120865,-0.0250389022500142,-0.00238994447871684));
#11605=CARTESIAN_POINT('',(0.,1.46957615897682E-18,-0.000208407657963798));
#11606=CARTESIAN_POINT('',(0.0145620275070067,-0.024498867420509,-0.000613263417643432));
#11607=CARTESIAN_POINT('',(0.,1.46957615897682E-18,-0.001017738315837));
#11608=CARTESIAN_POINT('',(0.0154907059335942,-0.0239224827240277,-0.00238994447871684));
#11609=CARTESIAN_POINT('',(0.,1.46957615897682E-18,-0.00238994447871684));
#11610=CARTESIAN_POINT('',(0.0164338448259431,-0.0232846707994621,-0.00238994447871684));
#11611=CARTESIAN_POINT('',(0.,1.46957615897682E-18,0.000565304605251242));
#11612=CARTESIAN_POINT('',(0.0151106848734205,-0.0241643198261131,-2.20645691959715E-5));
#11613=CARTESIAN_POINT('',(0.,1.46957615897682E-18,-0.00064432940964577));
#11614=CARTESIAN_POINT('',(0.0163411009194736,-0.0233498516214147,0.0023077729796422));
#11615=CARTESIAN_POINT('',(0.,1.46957615897682E-18,0.0023077729796422));
#11616=CARTESIAN_POINT('',(0.0163032241321878,-0.0243216281965394,0.0023077729796422));
#11617=CARTESIAN_POINT('',(0.0158447173697586,-0.0245996084758229,0.0023077729796422));
#11618=CARTESIAN_POINT('',(0.016761730894617,-0.0240436479172559,0.0023077729796422));
#11619=CARTESIAN_POINT('',(0.0154200600998576,-0.0248570667210652,0.00146261566933991));
#11620=CARTESIAN_POINT('',(0.0149954028299567,-0.0251145249663076,0.00061745835903763));
#11621=CARTESIAN_POINT('',(0.0145628326916725,-0.025376780570157,0.00146261566933991));
#11622=CARTESIAN_POINT('',(0.0141302625533883,-0.0256390361740063,0.0023077729796422));
#11623=CARTESIAN_POINT('',(0.0136603260921833,-0.0259239459712777,0.0023077729796422));
#11624=CARTESIAN_POINT('',(0.0131903896309782,-0.026208855768549,0.0023077729796422));
#11625=CARTESIAN_POINT('',(0.0138141874218575,-0.0258306639983638,0.00117010076084721));
#11626=CARTESIAN_POINT('',(0.0144379852127368,-0.0254524722281785,3.24285420522286E-5));
#11627=CARTESIAN_POINT('',(0.0137715458533478,-0.0258565164308571,-0.00117875796833231));
#11628=CARTESIAN_POINT('',(0.0131051064939588,-0.0262605606335355,-0.00238994447871684));
#11629=CARTESIAN_POINT('',(0.0135614152373927,-0.0259839129538652,-0.00238994447871684));
#11630=CARTESIAN_POINT('',(0.0140177239808266,-0.0257072652741948,-0.00238994447871684));
#11631=CARTESIAN_POINT('',(0.0144845832154382,-0.0254242211163818,-0.00150160394818014));
#11632=CARTESIAN_POINT('',(0.0149514424500498,-0.0251411769585687,-0.000613263417643432));
#11633=CARTESIAN_POINT('',(0.0154187412884604,-0.024857866280833,-0.00150160394818014));
#11634=CARTESIAN_POINT('',(0.015886040126871,-0.0245745556030974,-0.00238994447871684));
#11635=CARTESIAN_POINT('',(0.0163722419286417,-0.0242797845686894,-0.00238994447871684));
#11636=CARTESIAN_POINT('',(0.0168584437304123,-0.0239850135342815,-0.00238994447871684));
#11637=CARTESIAN_POINT('',(0.0161796954646494,-0.0243965202947931,-0.00120600452395641));
#11638=CARTESIAN_POINT('',(0.0155009471988863,-0.0248080270553048,-2.20645691959715E-5));
#11639=CARTESIAN_POINT('',(0.0161313390467517,-0.0244258374862804,0.00114285420522311));
#11640=CARTESIAN_POINT('',(0.,1.46957615897682E-18,0.005));
#11641=CARTESIAN_POINT('',(0.022755585027846,-0.0171589772435007,-0.00193035163479334));
#11642=CARTESIAN_POINT('',(0.022755585027846,-0.0171589772435007,-0.00207708674759514));
#11643=CARTESIAN_POINT('',(0.0227299204139294,-0.0171932787726482,-0.00222669151211815));
#11644=CARTESIAN_POINT('',(0.0226664375116257,-0.0172765668040288,-0.00233031050791693));
#11645=CARTESIAN_POINT('',(0.022755585027846,-0.0171589772435007,-0.00193035163479334));
#11646=CARTESIAN_POINT('',(0.0226664375116257,-0.0172765668040287,-0.00233031050791693));
#11647=CARTESIAN_POINT('',(0.0226673724770994,-0.017275340083105,-0.00152576598807321));
#11648=CARTESIAN_POINT('',(0.0227321344242856,-0.0171903644373493,-0.00162921132790661));
#11649=CARTESIAN_POINT('',(0.022755585027846,-0.0171589772435007,-0.00178230548612784));
#11650=CARTESIAN_POINT('',(0.022755585027846,-0.0171589772435007,-0.00193035163479334));
#11651=CARTESIAN_POINT('',(0.0226673724770994,-0.017275340083105,-0.00152576598807321));
#11652=CARTESIAN_POINT('',(0.0224150865704263,-0.0176014500551173,-0.00138439235040099));
#11653=CARTESIAN_POINT('',(0.0225075187123579,-0.0174837396132618,-0.00138439235040099));
#11654=CARTESIAN_POINT('',(0.0226018246414769,-0.0173613469112182,-0.00142106533551514));
#11655=CARTESIAN_POINT('',(0.0226673724770994,-0.0172753400831051,-0.00152576598807321));
#11656=CARTESIAN_POINT('',(0.0224150865704263,-0.0176014500551173,-0.00138439235040099));
#11657=CARTESIAN_POINT('',(0.0221526085298102,-0.0179306744247807,-0.00152268147234218));
#11658=CARTESIAN_POINT('',(0.0222221182472117,-0.0178447980365235,-0.00141692996353648));
#11659=CARTESIAN_POINT('',(0.0223211931557914,-0.0177210213978672,-0.00138439235040099));
#11660=CARTESIAN_POINT('',(0.0224150865704263,-0.0176014500551173,-0.00138439235040099));
#11661=CARTESIAN_POINT('',(0.0221526085298102,-0.0179306744247807,-0.00152268147234218));
#11662=CARTESIAN_POINT('',(0.0220614238269293,-0.0180427472611877,-0.00193035163479334));
#11663=CARTESIAN_POINT('',(0.0220614238269293,-0.0180427472611877,-0.0017814434294829));
#11664=CARTESIAN_POINT('',(0.0220844878221805,-0.0180148347487673,-0.00162631975317581));
#11665=CARTESIAN_POINT('',(0.02215260852981,-0.0179306744247806,-0.00152268147234218));
#11666=CARTESIAN_POINT('',(0.0220614238269293,-0.0180427472611877,-0.00193035163479334));
#11667=CARTESIAN_POINT('',(0.0221545492480843,-0.0179282764820467,-0.00233339502364796));
#11668=CARTESIAN_POINT('',(0.0220875099183007,-0.0180111191431767,-0.00223017915688119));
#11669=CARTESIAN_POINT('',(0.0220614238269293,-0.0180427472611877,-0.00207810803249978));
#11670=CARTESIAN_POINT('',(0.0220614238269293,-0.0180427472611877,-0.00193035163479334));
#11671=CARTESIAN_POINT('',(0.0221545492480843,-0.0179282764820467,-0.00233339502364796));
#11672=CARTESIAN_POINT('',(0.0224150865704264,-0.0176014500551174,-0.00247631091918569));
#11673=CARTESIAN_POINT('',(0.0223214168641295,-0.0177207365098751,-0.00247631091918569));
#11674=CARTESIAN_POINT('',(0.0222234828022098,-0.0178430930668284,-0.00243952729796134));
#11675=CARTESIAN_POINT('',(0.0221545492480844,-0.0179282764820467,-0.00233339502364796));
#11676=CARTESIAN_POINT('',(0.0224150865704263,-0.0176014500551173,-0.00247631091918569));
#11677=CARTESIAN_POINT('',(0.0226664375116257,-0.0172765668040287,-0.00233031050791693));
#11678=CARTESIAN_POINT('',(0.0226016121232119,-0.0173616161446943,-0.00243612075612468));
#11679=CARTESIAN_POINT('',(0.0225076205461428,-0.01748360993002,-0.00247631091918569));
#11680=CARTESIAN_POINT('',(0.0224150865704263,-0.0176014500551173,-0.00247631091918569));
#11681=CARTESIAN_POINT('',(0.0226640637193022,-0.0172747056888345,-0.00233031050791693));
#11682=CARTESIAN_POINT('',(0.023064443357866,-0.0175886137849195,-0.00233031050791693));
#11683=CARTESIAN_POINT('',(0.0226033745216004,-0.0173521128004816,-0.00242764411542944));
#11684=CARTESIAN_POINT('',(0.0230037541601643,-0.0176660208965666,-0.00242764411542944));
#11685=CARTESIAN_POINT('',(0.022518896004242,-0.0174598624210496,-0.00247631091918569));
#11686=CARTESIAN_POINT('',(0.0229192756428059,-0.0177737705171346,-0.00247631091918569));
#11687=CARTESIAN_POINT('',(0.022410628167227,-0.0175979545505385,-0.00247631091918569));
#11688=CARTESIAN_POINT('',(0.0228110078057908,-0.0179118626466234,-0.00247631091918569));
#11689=CARTESIAN_POINT('',(0.0232587903907073,-0.0177409869357566,-0.00233031050791693));
#11690=CARTESIAN_POINT('',(0.0230053548386321,-0.0180642357974605,-0.00247631091918569));
#11691=CARTESIAN_POINT('',(0.0227532123677844,-0.0171571170160293,-0.00193035163479334));
#11692=CARTESIAN_POINT('',(0.0231534010315136,-0.017470875382855,-0.00193035163479334));
#11693=CARTESIAN_POINT('',(0.0227532123677844,-0.0171571170160293,-0.00209965727602989));
#11694=CARTESIAN_POINT('',(0.0231534010315136,-0.017470875382855,-0.00209965727602989));
#11695=CARTESIAN_POINT('',(0.0227228677689335,-0.0171958205718529,-0.00223297690040441));
#11696=CARTESIAN_POINT('',(0.0231230564326627,-0.0175095789386785,-0.00223297690040441));
#11697=CARTESIAN_POINT('',(0.0226621785712317,-0.0172732276834999,-0.00233031050791693));
#11698=CARTESIAN_POINT('',(0.0230623672349609,-0.0175869860503256,-0.00233031050791693));
#11699=CARTESIAN_POINT('',(0.02334982418726,-0.0176248762682859,-0.00193035163479334));
#11700=CARTESIAN_POINT('',(0.0226631302419433,-0.0172720140599192,-0.00152576598807321));
#11701=CARTESIAN_POINT('',(0.0230633023889231,-0.0175857594771818,-0.00152576598807321));
#11702=CARTESIAN_POINT('',(0.0227231850577876,-0.0171954160818433,-0.00162001507985469));
#11703=CARTESIAN_POINT('',(0.0231233572047674,-0.0175091614991059,-0.00162001507985469));
#11704=CARTESIAN_POINT('',(0.0227532124657097,-0.0171571170928054,-0.00175487696209473));
#11705=CARTESIAN_POINT('',(0.0231533846126895,-0.017470862510068,-0.00175487696209473));
#11706=CARTESIAN_POINT('',(0.0227532124657097,-0.0171571170928054,-0.00193035163479334));
#11707=CARTESIAN_POINT('',(0.0231533846126895,-0.017470862510068,-0.00193035163479334));
#11708=CARTESIAN_POINT('',(0.0232597419634936,-0.0177397732353997,-0.00152576598807321));
#11709=CARTESIAN_POINT('',(0.0224106114617702,-0.017597941453024,-0.00138439235040099));
#11710=CARTESIAN_POINT('',(0.0228110076539952,-0.0179118625276117,-0.00138439235040099));
#11711=CARTESIAN_POINT('',(0.0225201480625003,-0.0174582310563926,-0.00138439235040099));
#11712=CARTESIAN_POINT('',(0.0229205442547252,-0.0177721521309804,-0.00138439235040099));
#11713=CARTESIAN_POINT('',(0.0226049437707874,-0.0173500768690391,-0.00143151689629173));
#11714=CARTESIAN_POINT('',(0.0230053399630124,-0.0176639979436268,-0.00143151689629173));
#11715=CARTESIAN_POINT('',(0.0226649985866317,-0.0172734788909632,-0.00152576598807321));
#11716=CARTESIAN_POINT('',(0.0230653947788567,-0.0175873999655509,-0.00152576598807321));
#11717=CARTESIAN_POINT('',(0.0230053548386321,-0.0180642357974605,-0.00138439235040099));
#11718=CARTESIAN_POINT('',(0.0221502312111013,-0.0179288105448083,-0.00152268147234218));
#11719=CARTESIAN_POINT('',(0.022551205633322,-0.0182431849668183,-0.00152268147234218));
#11720=CARTESIAN_POINT('',(0.0222096516450881,-0.0178530217003036,-0.00143048872438139));
#11721=CARTESIAN_POINT('',(0.0226106260673088,-0.0181673961223136,-0.00143048872438139));
#11722=CARTESIAN_POINT('',(0.0222962447686382,-0.0177425749678316,-0.00138439235040099));
#11723=CARTESIAN_POINT('',(0.0226972191908589,-0.0180569493898416,-0.00138439235040099));
#11724=CARTESIAN_POINT('',(0.0224100105817517,-0.0175974703473921,-0.00138439235040099));
#11725=CARTESIAN_POINT('',(0.0228109850039724,-0.0179118447694021,-0.00138439235040099));
#11726=CARTESIAN_POINT('',(0.0227455754679818,-0.0183955759948767,-0.00152268147234218));
#11727=CARTESIAN_POINT('',(0.0220590500966953,-0.0180408861946734,-0.00193035163479334));
#11728=CARTESIAN_POINT('',(0.0224594192628283,-0.018354786080099,-0.00193035163479334));
#11729=CARTESIAN_POINT('',(0.0220590500966953,-0.0180408861946734,-0.00175076427445336));
#11730=CARTESIAN_POINT('',(0.0224594192628283,-0.018354786080099,-0.00175076427445336));
#11731=CARTESIAN_POINT('',(0.0220887603136887,-0.018002991772421,-0.00161487422030297));
#11732=CARTESIAN_POINT('',(0.0224891294798217,-0.0183168916578467,-0.00161487422030297));
#11733=CARTESIAN_POINT('',(0.0221481807476754,-0.0179272029279164,-0.00152268147234218));
#11734=CARTESIAN_POINT('',(0.0225485499138084,-0.018241102813342,-0.00152268147234218));
#11735=CARTESIAN_POINT('',(0.0226564448170017,-0.0185092592616336,-0.00193035163479334));
#11736=CARTESIAN_POINT('',(0.0221500836716999,-0.0179247753535032,-0.00233339502364796));
#11737=CARTESIAN_POINT('',(0.0225504902056095,-0.0182387045362419,-0.00233339502364796));
#11738=CARTESIAN_POINT('',(0.0220893944739981,-0.0180021824651503,-0.00223811775995613));
#11739=CARTESIAN_POINT('',(0.0224898010079077,-0.018316111647889,-0.00223811775995613));
#11740=CARTESIAN_POINT('',(0.0220590498751472,-0.0180408860209739,-0.00210376996367126));
#11741=CARTESIAN_POINT('',(0.0224594564090568,-0.0183548152037126,-0.00210376996367126));
#11742=CARTESIAN_POINT('',(0.0220590498751472,-0.0180408860209739,-0.00193035163479334));
#11743=CARTESIAN_POINT('',(0.0224594564090568,-0.0183548152037126,-0.00193035163479334));
#11744=CARTESIAN_POINT('',(0.0227474786135543,-0.0183931485941629,-0.00233339502364796));
#11745=CARTESIAN_POINT('',(0.0224100483798895,-0.0175974999821196,-0.00247631091918569));
#11746=CARTESIAN_POINT('',(0.0228109847785362,-0.0179118445926542,-0.00247631091918569));
#11747=CARTESIAN_POINT('',(0.0222988200942061,-0.0177393680682742,-0.00247631091918569));
#11748=CARTESIAN_POINT('',(0.0226997564928527,-0.0180537126788088,-0.00247631091918569));
#11749=CARTESIAN_POINT('',(0.0222128613525135,-0.017849005667175,-0.00242867228733978));
#11750=CARTESIAN_POINT('',(0.0226137977511601,-0.0181633502777096,-0.00242867228733978));
#11751=CARTESIAN_POINT('',(0.0221521721548117,-0.0179264127788221,-0.00233339502364796));
#11752=CARTESIAN_POINT('',(0.0225531085534584,-0.0182407573893567,-0.00233339502364796));
#11753=CARTESIAN_POINT('',(0.,1.46957615897682E-18,0.005));
#11754=CARTESIAN_POINT('',(0.0192929794194039,-0.0209768466439777,-4.15998354924921E-5));
#11755=CARTESIAN_POINT('',(0.0192929794194039,-0.0209768466439777,0.0002763936687377));
#11756=CARTESIAN_POINT('',(0.019320889016928,-0.0209511110611392,0.000912716682808338));
#11757=CARTESIAN_POINT('',(0.0194561329477769,-0.0208263939167417,0.00152743250880809));
#11758=CARTESIAN_POINT('',(0.0195873731558913,-0.020702221205812,0.00179214476660498));
#11759=CARTESIAN_POINT('',(0.0192929794194039,-0.0209768466439777,-4.15998354924921E-5));
#11760=CARTESIAN_POINT('',(0.0195873731558912,-0.020702221205812,0.00179214476660498));
#11761=CARTESIAN_POINT('',(0.0195952223086061,-0.0206947919216117,-0.00184398519432449));
#11762=CARTESIAN_POINT('',(0.0193388902058718,-0.0209375044145393,-0.00132228867124552));
#11763=CARTESIAN_POINT('',(0.0192929794194039,-0.0209768466439777,-0.000668013031240776));
#11764=CARTESIAN_POINT('',(0.0192929794194039,-0.0209768466439777,-4.15998354924921E-5));
#11765=CARTESIAN_POINT('',(0.0195952223086061,-0.0206947919216117,-0.00184398519432449));
#11766=CARTESIAN_POINT('',(0.0204674581485319,-0.019832556742402,-0.00245471930906847));
#11767=CARTESIAN_POINT('',(0.0203004500718384,-0.0200049112635356,-0.00245471930906847));
#11768=CARTESIAN_POINT('',(0.0199589739004021,-0.0203477680069954,-0.00237304440816889));
#11769=CARTESIAN_POINT('',(0.0196931543255885,-0.0206020632944688,-0.00204330003711182));
#11770=CARTESIAN_POINT('',(0.0195952223086061,-0.0206947919216117,-0.00184398519432449));
#11771=CARTESIAN_POINT('',(0.0204674581485319,-0.019832556742402,-0.00245471930906847));
#11772=CARTESIAN_POINT('',(0.0213122614103391,-0.0189218039198135,-0.00186300637466584));
#11773=CARTESIAN_POINT('',(0.0212219750589053,-0.0190234964609526,-0.0020624924312081));
#11774=CARTESIAN_POINT('',(0.0209682514291617,-0.0193062224419241,-0.00238271136136687));
#11775=CARTESIAN_POINT('',(0.020634851760464,-0.0196598043438559,-0.00245471930906847));
#11776=CARTESIAN_POINT('',(0.0204674581485319,-0.019832556742402,-0.00245471930906847));
#11777=CARTESIAN_POINT('',(0.0213122614103391,-0.0189218039198135,-0.00186300637466584));
#11778=CARTESIAN_POINT('',(0.0215780078934143,-0.0186181826544443,-4.15998354924921E-5));
#11779=CARTESIAN_POINT('',(0.0215780078934143,-0.0186181826544443,-0.000357607388056201));
#11780=CARTESIAN_POINT('',(0.0215529214299084,-0.0186471962621753,-0.000990077727034055));
#11781=CARTESIAN_POINT('',(0.0214313251707924,-0.0187876984191946,-0.00159993715464807));
#11782=CARTESIAN_POINT('',(0.0213122614103391,-0.0189218039198135,-0.00186300637466584));
#11783=CARTESIAN_POINT('',(0.0215780078934143,-0.0186181826544443,-4.15998354924921E-5));
#11784=CARTESIAN_POINT('',(0.0213037195789071,-0.01893142049889,0.00176489821098088));
#11785=CARTESIAN_POINT('',(0.021538227589797,-0.0186675262547524,0.00124164878993253));
#11786=CARTESIAN_POINT('',(0.0215780078934143,-0.0186181826544443,0.000586343528348415));
#11787=CARTESIAN_POINT('',(0.0215780078934143,-0.0186181826544443,-4.15998354924921E-5));
#11788=CARTESIAN_POINT('',(0.0213037195789071,-0.01893142049889,0.00176489821098088));
#11789=CARTESIAN_POINT('',(0.0204674581485319,-0.019832556742402,0.00238180135718693));
#11790=CARTESIAN_POINT('',(0.020635170007863,-0.0196594759083745,0.00238180135718693));
#11791=CARTESIAN_POINT('',(0.0209684126358196,-0.0193059176720537,0.0022981531212114));
#11792=CARTESIAN_POINT('',(0.0212139574126644,-0.019032430775353,0.00196518135414655));
#11793=CARTESIAN_POINT('',(0.0213037195789071,-0.01893142049889,0.00176489821098088));
#11794=CARTESIAN_POINT('',(0.0204674581485319,-0.019832556742402,0.00238180135718693));
#11795=CARTESIAN_POINT('',(0.0195873731558912,-0.020702221205812,0.00179214476660498));
#11796=CARTESIAN_POINT('',(0.0196858455051939,-0.0206090517515706,0.00199076406391478));
#11797=CARTESIAN_POINT('',(0.0199592049511392,-0.0203476449966853,0.00230982159046964));
#11798=CARTESIAN_POINT('',(0.020300722391328,-0.0200046302262579,0.00238180135718693));
#11799=CARTESIAN_POINT('',(0.0204674581485319,-0.019832556742402,0.00238180135718693));
#11800=CARTESIAN_POINT('',(0.020918500210234,-0.0193562263614822,-4.15998354924921E-5));
#11801=CARTESIAN_POINT('',(0.020918500210234,-0.0193562263614822,0.000378260437273796));
#11802=CARTESIAN_POINT('',(0.0209224404534926,-0.019352642048478,0.000810260153739921));
#11803=CARTESIAN_POINT('',(0.020812029275372,-0.0194706596560969,0.00120043183220235));
#11804=CARTESIAN_POINT('',(0.020918500210234,-0.0193562263614822,-4.15998354924921E-5));
#11805=CARTESIAN_POINT('',(0.020812029275372,-0.0194706596560969,0.00120043183220235));
#11806=CARTESIAN_POINT('',(0.0208134342192646,-0.0194691578144214,-0.00127489204194941));
#11807=CARTESIAN_POINT('',(0.0209214252056784,-0.0193537104328027,-0.000886574491280881));
#11808=CARTESIAN_POINT('',(0.020918500210234,-0.0193562263614822,-0.000458426712791645));
#11809=CARTESIAN_POINT('',(0.020918500210234,-0.0193562263614822,-4.15998354924921E-5));
#11810=CARTESIAN_POINT('',(0.0208134342192646,-0.0194691578144214,-0.00127489204194941));
#11811=CARTESIAN_POINT('',(0.0204674581485319,-0.019832556742402,-0.00165377339091096));
#11812=CARTESIAN_POINT('',(0.0205460728926402,-0.0197514252974857,-0.00165377339091096));
#11813=CARTESIAN_POINT('',(0.020701680434164,-0.0195885586288044,-0.00158126861314471));
#11814=CARTESIAN_POINT('',(0.0207843985352599,-0.0195001983095884,-0.0013792995121387));
#11815=CARTESIAN_POINT('',(0.0208134342192646,-0.0194691578144214,-0.00127489204194941));
#11816=CARTESIAN_POINT('',(0.0204674581485319,-0.019832556742402,-0.00165377339091096));
#11817=CARTESIAN_POINT('',(0.0201143881328825,-0.0201905557140525,-0.00127951881554596));
#11818=CARTESIAN_POINT('',(0.0201438412873983,-0.0201612136696799,-0.00138386212651402));
#11819=CARTESIAN_POINT('',(0.020229304122622,-0.0200760291080458,-0.00158429093760188));
#11820=CARTESIAN_POINT('',(0.0203889138478278,-0.0199136154888031,-0.00165377339091096));
#11821=CARTESIAN_POINT('',(0.0204674581485319,-0.019832556742402,-0.00165377339091096));
#11822=CARTESIAN_POINT('',(0.0201143881328825,-0.0201905557140525,-0.00127951881554596));
#11823=CARTESIAN_POINT('',(0.0200084655068495,-0.0202955280311628,-4.15998354924921E-5));
#11824=CARTESIAN_POINT('',(0.0200084655068495,-0.0202955280311628,-0.000459602695204467));
#11825=CARTESIAN_POINT('',(0.0200041613952374,-0.0203003666283737,-0.000889019972479918));
#11826=CARTESIAN_POINT('',(0.0201143881328825,-0.0201905557140525,-0.00127951881554596));
#11827=CARTESIAN_POINT('',(0.0200084655068495,-0.0202955280311628,-4.15998354924921E-5));
#11828=CARTESIAN_POINT('',(0.0201154809452987,-0.0201894669652724,0.00120043183220235));
#11829=CARTESIAN_POINT('',(0.0200046335391749,-0.0202999081616425,0.000808529990154511));
#11830=CARTESIAN_POINT('',(0.0200084655068495,-0.0202955280311628,0.000377878629127463));
#11831=CARTESIAN_POINT('',(0.0200084655068495,-0.0202955280311628,-4.15998354924921E-5));
#11832=CARTESIAN_POINT('',(0.0201154809452987,-0.0201894669652724,0.00120043183220235));
#11833=CARTESIAN_POINT('',(0.0204674581485319,-0.019832556742402,0.00157777092329838));
#11834=CARTESIAN_POINT('',(0.0203890004116594,-0.0199135261537958,0.00157777092329838));
#11835=CARTESIAN_POINT('',(0.0202311004916681,-0.0200742099353629,0.00150767042316998));
#11836=CARTESIAN_POINT('',(0.0201450641498952,-0.0201599921708469,0.00130502347561986));
#11837=CARTESIAN_POINT('',(0.0201154809452987,-0.0201894669652724,0.00120043183220235));
#11838=CARTESIAN_POINT('',(0.0204674581485319,-0.019832556742402,0.00157777092329838));
#11839=CARTESIAN_POINT('',(0.020812029275372,-0.0194706596560969,0.00120043183220235));
#11840=CARTESIAN_POINT('',(0.0207827638663252,-0.0195019412130958,0.00130385010889365));
#11841=CARTESIAN_POINT('',(0.0207011740067442,-0.01958908691477,0.00150331910603186));
#11842=CARTESIAN_POINT('',(0.0205457782503587,-0.0197517293721769,0.00157777092329838));
#11843=CARTESIAN_POINT('',(0.0204674581485319,-0.019832556742402,0.00157777092329838));
#11844=CARTESIAN_POINT('',(0.0204491271391501,-0.0198149157717539,0.00238180135718693));
#11845=CARTESIAN_POINT('',(0.0208304664937197,-0.0201819002743965,0.00238180135718693));
#11846=CARTESIAN_POINT('',(0.0208250893551176,-0.0194242475344108,0.00238180135718693));
#11847=CARTESIAN_POINT('',(0.0212064287096872,-0.0197912320370533,0.00238180135718693));
#11848=CARTESIAN_POINT('',(0.0211091998666152,-0.0191290238443073,0.00217616697511824));
#11849=CARTESIAN_POINT('',(0.0214905392211848,-0.0194960083469498,0.00217616697511824));
#11850=CARTESIAN_POINT('',(0.0213014586736428,-0.0189292447014435,0.00176489821098088));
#11851=CARTESIAN_POINT('',(0.0216827980282124,-0.019296229204086,0.00176489821098088));
#11852=CARTESIAN_POINT('',(0.0210080185959878,-0.0203527687388317,0.00238180135718693));
#11853=CARTESIAN_POINT('',(0.0218603501304805,-0.0194670976685212,0.00176489821098088));
#11854=CARTESIAN_POINT('',(0.0212873715757143,-0.018915687887637,0.00176489821098088));
#11855=CARTESIAN_POINT('',(0.0216665523164477,-0.0192805950336795,0.00176489821098088));
#11856=CARTESIAN_POINT('',(0.0214796303827422,-0.018715908744773,0.00135362944684307));
#11857=CARTESIAN_POINT('',(0.0218588111234756,-0.0190808158908154,0.00135362944684307));
#11858=CARTESIAN_POINT('',(0.0215757597862558,-0.0186160191733413,0.00075146343135239));
#11859=CARTESIAN_POINT('',(0.0219549405269892,-0.0189809263193837,0.00075146343135239));
#11860=CARTESIAN_POINT('',(0.0215757597862558,-0.0186160191733413,-4.15998354924921E-5));
#11861=CARTESIAN_POINT('',(0.0219549405269892,-0.0189809263193837,-4.15998354924921E-5));
#11862=CARTESIAN_POINT('',(0.0221487383410221,-0.0191674289542254,-4.15998354924921E-5));
#11863=CARTESIAN_POINT('',(0.0215757619681617,-0.0186160212731131,-4.15998354924921E-5));
#11864=CARTESIAN_POINT('',(0.0219545746940986,-0.0189805742576314,-4.15998354924921E-5));
#11865=CARTESIAN_POINT('',(0.0215757619681617,-0.0186160212731131,-0.000861395572006304));
#11866=CARTESIAN_POINT('',(0.0219545746940986,-0.0189805742576314,-0.000861395572006304));
#11867=CARTESIAN_POINT('',(0.0214826031889839,-0.0187128240221893,-0.00146853108506409));
#11868=CARTESIAN_POINT('',(0.0218614159149208,-0.0190773770067076,-0.00146853108506409));
#11869=CARTESIAN_POINT('',(0.0212962856306283,-0.0189064295203417,-0.00186300637466584));
#11870=CARTESIAN_POINT('',(0.0216750983565652,-0.0192709825048599,-0.00186300637466584));
#11871=CARTESIAN_POINT('',(0.0218692620034887,-0.019457837201454,-0.00186300637466584));
#11872=CARTESIAN_POINT('',(0.0213100000218388,-0.0189196276573216,-0.00186300637466584));
#11873=CARTESIAN_POINT('',(0.0216914208822156,-0.019286690597628,-0.00186300637466584));
#11874=CARTESIAN_POINT('',(0.0211236824634833,-0.0191132331554739,-0.0022574816642676));
#11875=CARTESIAN_POINT('',(0.0215051033238601,-0.0194802960957803,-0.0022574816642676));
#11876=CARTESIAN_POINT('',(0.0208366013276496,-0.0194115436679331,-0.00245471930906847));
#11877=CARTESIAN_POINT('',(0.0212180221880264,-0.0197786066082396,-0.00245471930906847));
#11878=CARTESIAN_POINT('',(0.020448756614338,-0.0198145591946993,-0.00245471930906847));
#11879=CARTESIAN_POINT('',(0.0208301774747148,-0.0201816221350057,-0.00245471930906847));
#11880=CARTESIAN_POINT('',(0.0210080185959878,-0.0203527687388317,-0.00245471930906847));
#11881=CARTESIAN_POINT('',(0.0204431208907433,-0.0198091356180459,-0.00245471930906847));
#11882=CARTESIAN_POINT('',(0.0208300595686757,-0.0201815086673328,-0.00245471930906847));
#11883=CARTESIAN_POINT('',(0.0200671586747758,-0.020199803855389,-0.00245471930906847));
#11884=CARTESIAN_POINT('',(0.0204540973527082,-0.0205721769046759,-0.00245471930906847));
#11885=CARTESIAN_POINT('',(0.0197837611131189,-0.0204942867081271,-0.00225114127082048));
#11886=CARTESIAN_POINT('',(0.0201706997910512,-0.020866659757414,-0.00225114127082048));
#11887=CARTESIAN_POINT('',(0.0195929282057725,-0.0206925841762602,-0.00184398519432449));
#11888=CARTESIAN_POINT('',(0.0199798668837049,-0.0210649572255471,-0.00184398519432449));
#11889=CARTESIAN_POINT('',(0.020157825911017,-0.021236217297046,-0.00184398519432449));
#11890=CARTESIAN_POINT('',(0.0195769686923823,-0.0206772254307919,-0.00184398519432449));
#11891=CARTESIAN_POINT('',(0.0199581702086369,-0.0210440772838013,-0.00184398519432449));
#11892=CARTESIAN_POINT('',(0.0193861357850358,-0.0208755228989251,-0.00143682911782807));
#11893=CARTESIAN_POINT('',(0.0197673373012904,-0.0212423747519346,-0.00143682911782807));
#11894=CARTESIAN_POINT('',(0.0192907193313628,-0.0209746716329915,-0.000836033998217833));
#11895=CARTESIAN_POINT('',(0.0196719208476174,-0.0213415234860009,-0.000836033998217833));
#11896=CARTESIAN_POINT('',(0.0192907193313628,-0.0209746716329915,-4.15998354924921E-5));
#11897=CARTESIAN_POINT('',(0.0196719208476174,-0.0213415234860009,-4.15998354924921E-5));
#11898=CARTESIAN_POINT('',(0.0198715765499975,-0.0215336634992455,-4.15998354924921E-5));
#11899=CARTESIAN_POINT('',(0.0192907214727853,-0.0209746736938039,-4.15998354924921E-5));
#11900=CARTESIAN_POINT('',(0.0196715618024458,-0.0213411779564557,-4.15998354924921E-5));
#11901=CARTESIAN_POINT('',(0.0192907214727853,-0.0209746736938039,0.000787792172184525));
#11902=CARTESIAN_POINT('',(0.0196715618024458,-0.0213411779564557,0.000787792172184525));
#11903=CARTESIAN_POINT('',(0.0193836426020162,-0.0208781178905162,0.00139904037288368));
#11904=CARTESIAN_POINT('',(0.0197644829316767,-0.021244622153168,0.00139904037288368));
#11905=CARTESIAN_POINT('',(0.019569484860478,-0.0206850062839407,0.00179214476660498));
#11906=CARTESIAN_POINT('',(0.0199503251901385,-0.0210515105465926,0.00179214476660498));
#11907=CARTESIAN_POINT('',(0.0201503399376902,-0.0212439960893824,0.00179214476660498));
#11908=CARTESIAN_POINT('',(0.0195850768739813,-0.0207000113634116,0.00179214476660498));
#11909=CARTESIAN_POINT('',(0.0199723830894544,-0.0210727381149324,0.00179214476660498));
#11910=CARTESIAN_POINT('',(0.0197709191324432,-0.0205068997568362,0.00218524916032628));
#11911=CARTESIAN_POINT('',(0.0201582253479162,-0.020879626508357,0.00218524916032628));
#11912=CARTESIAN_POINT('',(0.0200568120185424,-0.0202098239733193,0.00238180135718693));
#11913=CARTESIAN_POINT('',(0.0204441182340154,-0.0205825507248401,0.00238180135718693));
#11914=CARTESIAN_POINT('',(0.0204427555322789,-0.0198087840128609,0.00238180135718693));
#11915=CARTESIAN_POINT('',(0.020830061747752,-0.0201815107643817,0.00238180135718693));
#11916=CARTESIAN_POINT('',(0.0208098551561691,-0.0194685673778025,0.00120043183220235));
#11917=CARTESIAN_POINT('',(0.0211765565950645,-0.019821464983462,0.00120043183220235));
#11918=CARTESIAN_POINT('',(0.0207376095723169,-0.0195436388974942,0.00145199122626637));
#11919=CARTESIAN_POINT('',(0.0211043110112123,-0.0198965365031537,0.00145199122626637));
#11920=CARTESIAN_POINT('',(0.0206221116981322,-0.0196636545506856,0.00157777092329838));
#11921=CARTESIAN_POINT('',(0.0209888131370276,-0.0200165521563451,0.00157777092329838));
#11922=CARTESIAN_POINT('',(0.0204633615336149,-0.0198286143373766,0.00157777092329838));
#11923=CARTESIAN_POINT('',(0.0208300629725103,-0.0201815119430361,0.00157777092329838));
#11924=CARTESIAN_POINT('',(0.021172369745878,-0.0198174357408781,0.00120043183220235));
#11925=CARTESIAN_POINT('',(0.0211430968258024,-0.0198487100740202,0.001303850116605));
#11926=CARTESIAN_POINT('',(0.0210614865331639,-0.0199358362347967,0.00150331919003025));
#11927=CARTESIAN_POINT('',(0.0209060807555773,-0.0200984689598979,0.00157777092329838));
#11928=CARTESIAN_POINT('',(0.0208277654658421,-0.0201793009219813,0.00157777092329838));
#11929=CARTESIAN_POINT('',(0.021172369745878,-0.0198174357408781,0.00120043183220235));
#11930=CARTESIAN_POINT('',(0.0208277654658421,-0.0201793009219813,0.00157777092329838));
#11931=CARTESIAN_POINT('',(0.0213545122185419,-0.0199927217792575,0.00120043183220235));
#11932=CARTESIAN_POINT('',(0.0210080185959878,-0.0203527687388317,0.00157777092329838));
#11933=CARTESIAN_POINT('',(0.0209163267827655,-0.0193541347488831,-4.15998354924921E-5));
#11934=CARTESIAN_POINT('',(0.0212829115491248,-0.0197069200739396,-4.15998354924921E-5));
#11935=CARTESIAN_POINT('',(0.0209163267827655,-0.0193541347488831,0.000534861882240047));
#11936=CARTESIAN_POINT('',(0.0212829115491248,-0.0197069200739396,0.000534861882240047));
#11937=CARTESIAN_POINT('',(0.0208802039908394,-0.0193916705087289,0.000948872438138326));
#11938=CARTESIAN_POINT('',(0.0212467887571987,-0.0197444558337855,0.000948872438138326));
#11939=CARTESIAN_POINT('',(0.0208079584069872,-0.0194667420284207,0.00120043183220235));
#11940=CARTESIAN_POINT('',(0.0211745431733465,-0.0198195273534772,0.00120043183220235));
#11941=CARTESIAN_POINT('',(0.0212788734078003,-0.0197030339413708,-4.15998354924921E-5));
#11942=CARTESIAN_POINT('',(0.0212788734078003,-0.0197030339413708,0.000378260386548844));
#11943=CARTESIAN_POINT('',(0.0212828092938848,-0.0196994453522353,0.000810260009385761));
#11944=CARTESIAN_POINT('',(0.0211723697458779,-0.0198174357408781,0.00120043183220235));
#11945=CARTESIAN_POINT('',(0.0212788734078003,-0.0197030339413708,-4.15998354924921E-5));
#11946=CARTESIAN_POINT('',(0.0214628805943202,-0.0198801144997199,-4.15998354924921E-5));
#11947=CARTESIAN_POINT('',(0.0208093844302348,-0.0194652604726047,-0.00127489204194941));
#11948=CARTESIAN_POINT('',(0.0211759483550861,-0.0198180257406954,-0.00127489204194941));
#11949=CARTESIAN_POINT('',(0.0208806794142994,-0.0193911767360668,-0.00102230447597505));
#11950=CARTESIAN_POINT('',(0.0212472433391508,-0.0197439420041575,-0.00102230447597505));
#11951=CARTESIAN_POINT('',(0.0209163269063317,-0.0193541348677979,-0.000611207073822741));
#11952=CARTESIAN_POINT('',(0.0212828908311831,-0.0197069001358885,-0.000611207073822741));
#11953=CARTESIAN_POINT('',(0.0209163269063317,-0.0193541348677979,-4.15998354924921E-5));
#11954=CARTESIAN_POINT('',(0.0212828908311831,-0.0197069001358885,-4.15998354924921E-5));
#11955=CARTESIAN_POINT('',(0.0211737750511839,-0.0198159342470111,-0.00127489204194941));
#11956=CARTESIAN_POINT('',(0.0212817939288072,-0.0197005136270409,-0.000886574350299023));
#11957=CARTESIAN_POINT('',(0.0212788734078003,-0.0197030339413708,-0.000458426662893603));
#11958=CARTESIAN_POINT('',(0.0212788734078003,-0.0197030339413708,-4.15998354924921E-5));
#11959=CARTESIAN_POINT('',(0.0211737750511839,-0.0198159342470111,-0.00127489204194941));
#11960=CARTESIAN_POINT('',(0.0213559381182232,-0.0199912401045268,-0.00127489204194941));
#11961=CARTESIAN_POINT('',(0.0204633402861955,-0.0198285938897791,-0.00165377339091096));
#11962=CARTESIAN_POINT('',(0.0208300909134784,-0.0201815388322154,-0.00165377339091096));
#11963=CARTESIAN_POINT('',(0.0206239916502878,-0.0196616585367803,-0.00165377339091096));
#11964=CARTESIAN_POINT('',(0.0209907422775708,-0.0200146034792167,-0.00165377339091096));
#11965=CARTESIAN_POINT('',(0.0207399648243663,-0.019541148992012,-0.00152747960792378));
#11966=CARTESIAN_POINT('',(0.0211067154516493,-0.0198940939344484,-0.00152747960792378));
#11967=CARTESIAN_POINT('',(0.0208112598084309,-0.0194670652554742,-0.00127489204194941));
#11968=CARTESIAN_POINT('',(0.0211780104357139,-0.0198200101979105,-0.00127489204194941));
#11969=CARTESIAN_POINT('',(0.0208277654658421,-0.0201793009219813,-0.00165377339091096));
#11970=CARTESIAN_POINT('',(0.0209063753800517,-0.0200981648676265,-0.00165377339091096));
#11971=CARTESIAN_POINT('',(0.0210619929491014,-0.0199353079965086,-0.00158126872930251));
#11972=CARTESIAN_POINT('',(0.0211447318753421,-0.0198469675389255,-0.0013792995237638));
#11973=CARTESIAN_POINT('',(0.0211737750511839,-0.0198159342470111,-0.00127489204194941));
#11974=CARTESIAN_POINT('',(0.0208277654658421,-0.0201793009219813,-0.00165377339091096));
#11975=CARTESIAN_POINT('',(0.0210080185959878,-0.0203527687388317,-0.00165377339091096));
#11976=CARTESIAN_POINT('',(0.0201121996637172,-0.0201884496259749,-0.00127951881554596));
#11977=CARTESIAN_POINT('',(0.0204813214629313,-0.0205436764817292,-0.00127951881554596));
#11978=CARTESIAN_POINT('',(0.020181118148313,-0.0201168353473216,-0.00152902186578929));
#11979=CARTESIAN_POINT('',(0.0205502399475271,-0.0204720622030759,-0.00152902186578929));
#11980=CARTESIAN_POINT('',(0.0202973289723383,-0.0199960788567648,-0.00165377339091096));
#11981=CARTESIAN_POINT('',(0.0206664507715525,-0.0203513057125191,-0.00165377339091096));
#11982=CARTESIAN_POINT('',(0.0204608321357932,-0.0198261801543046,-0.00165377339091096));
#11983=CARTESIAN_POINT('',(0.0208299539350074,-0.0201814070100589,-0.00165377339091096));
#11984=CARTESIAN_POINT('',(0.0204747719842044,-0.0205373735466549,-0.00127951881554596));
#11985=CARTESIAN_POINT('',(0.0205042142361533,-0.0205080210399195,-0.00138386207261853));
#11986=CARTESIAN_POINT('',(0.0205896459049734,-0.0204228064035895,-0.00158429104592992));
#11987=CARTESIAN_POINT('',(0.02074922607733,-0.0202603641842858,-0.00165377339091096));
#11988=CARTESIAN_POINT('',(0.0208277654658421,-0.0201793009219813,-0.00165377339091096));
#11989=CARTESIAN_POINT('',(0.0204747719842044,-0.0205373735466549,-0.00127951881554596));
#11990=CARTESIAN_POINT('',(0.0206593861239118,-0.0207150382105019,-0.00127951881554596));
#11991=CARTESIAN_POINT('',(0.0200062879343467,-0.020293432429562,-4.15998354924921E-5));
#11992=CARTESIAN_POINT('',(0.0203735718298135,-0.0206468905662356,-4.15998354924921E-5));
#11993=CARTESIAN_POINT('',(0.0200062879343467,-0.020293432429562,-0.000617376105284801));
#11994=CARTESIAN_POINT('',(0.0203735718298135,-0.0206468905662356,-0.000617376105284801));
#11995=CARTESIAN_POINT('',(0.0200407471766446,-0.0202576252902353,-0.00103001576530262));
#11996=CARTESIAN_POINT('',(0.0204080310721114,-0.020611083426909,-0.00103001576530262));
#11997=CARTESIAN_POINT('',(0.0201096656612404,-0.020186011011582,-0.00127951881554596));
#11998=CARTESIAN_POINT('',(0.0204769495567072,-0.0205394691482557,-0.00127951881554596));
#11999=CARTESIAN_POINT('',(0.0203688932644188,-0.0206423881172387,-4.15998354924921E-5));
#12000=CARTESIAN_POINT('',(0.0203688932644188,-0.0206423881172387,-0.000459602600439723));
#12001=CARTESIAN_POINT('',(0.0203645859058618,-0.0206472237582593,-0.000889019667644627));
#12002=CARTESIAN_POINT('',(0.0204747719842045,-0.0205373735466549,-0.00127951881554596));
#12003=CARTESIAN_POINT('',(0.0203688932644187,-0.0206423881172387,-4.15998354924921E-5));
#12004=CARTESIAN_POINT('',(0.020556008397018,-0.0208224596284819,-4.15998354924921E-5));
#12005=CARTESIAN_POINT('',(0.0201107349480961,-0.0201848996228199,0.00120043183220235));
#12006=CARTESIAN_POINT('',(0.0204780421035789,-0.020538380143927,0.00120043183220235));
#12007=CARTESIAN_POINT('',(0.0200411035136597,-0.0202572547388386,0.000948872438138326));
#12008=CARTESIAN_POINT('',(0.0204084106691424,-0.0206107352599456,0.000948872438138326));
#12009=CARTESIAN_POINT('',(0.0200062877964414,-0.0202934322968479,0.000534861882240047));
#12010=CARTESIAN_POINT('',(0.0203735949519242,-0.020646912817955,0.000534861882240047));
#12011=CARTESIAN_POINT('',(0.0200062877964414,-0.0202934322968479,-4.15998354924921E-5));
#12012=CARTESIAN_POINT('',(0.0203735949519242,-0.020646912817955,-4.15998354924921E-5));
#12013=CARTESIAN_POINT('',(0.0204758643931709,-0.0205362844096121,0.00120043183220235));
#12014=CARTESIAN_POINT('',(0.0203650577723883,-0.0206467650250806,0.000808529685013356));
#12015=CARTESIAN_POINT('',(0.0203688932644187,-0.0206423881172387,0.000377878532967614));
#12016=CARTESIAN_POINT('',(0.0203688932644187,-0.0206423881172387,-4.15998354924921E-5));
#12017=CARTESIAN_POINT('',(0.0204758643931709,-0.0205362844096121,0.00120043183220235));
#12018=CARTESIAN_POINT('',(0.0206604555486727,-0.0207139269544538,0.00120043183220235));
#12019=CARTESIAN_POINT('',(0.0204608556637744,-0.0198262027966162,0.00157777092329838));
#12020=CARTESIAN_POINT('',(0.0208299537946814,-0.0201814068750153,0.00157777092329838));
#12021=CARTESIAN_POINT('',(0.0202987784000008,-0.0199946198243457,0.00157777092329838));
#12022=CARTESIAN_POINT('',(0.0206678765309078,-0.0203498239027448,0.00157777092329838));
#12023=CARTESIAN_POINT('',(0.0201829240508958,-0.0201150058962197,0.00145199122626637));
#12024=CARTESIAN_POINT('',(0.0205520221818028,-0.0204702099746189,0.00145199122626637));
#12025=CARTESIAN_POINT('',(0.0201132926164593,-0.0201873610122384,0.00120043183220235));
#12026=CARTESIAN_POINT('',(0.0204823907473663,-0.0205425650906375,0.00120043183220235));
#12027=CARTESIAN_POINT('',(0.0208277654658421,-0.0201793009219813,0.00157777092329838));
#12028=CARTESIAN_POINT('',(0.0207493126357817,-0.0202602748442667,0.00157777092329838));
#12029=CARTESIAN_POINT('',(0.0205914418992016,-0.0204209868028486,0.00150767056771703));
#12030=CARTESIAN_POINT('',(0.02050543667765,-0.0205067991300594,0.00130502343244074));
#12031=CARTESIAN_POINT('',(0.0204758643931709,-0.0205362844096121,0.00120043183220235));
#12032=CARTESIAN_POINT('',(0.,1.46957615897682E-18,0.005));
#12033=CARTESIAN_POINT('',(0.010149395262845,-0.0266315025073885,6.53300431832198E-5));
#12034=CARTESIAN_POINT('',(0.00993802562221789,-0.026712056506499,0.000207581878610802));
#12035=CARTESIAN_POINT('',(0.00973783523933401,-0.0267850925626507,0.000378951863518406));
#12036=CARTESIAN_POINT('',(0.00960647019119665,-0.0268321240394448,0.000607690725889368));
#12037=CARTESIAN_POINT('',(0.010149395262845,-0.0266315025073885,6.53300431832198E-5));
#12038=CARTESIAN_POINT('',(0.00960647019119665,-0.0268321240394448,0.000607690725889368));
#12039=CARTESIAN_POINT('',(0.00950510926133901,-0.0268681977053264,-0.000484741928850504));
#12040=CARTESIAN_POINT('',(0.00966390963461014,-0.0268120192107642,-0.000239718264771489));
#12041=CARTESIAN_POINT('',(0.0099019786288104,-0.0267257941911838,-6.84406918985339E-5));
#12042=CARTESIAN_POINT('',(0.010149395262845,-0.0266315025073885,6.53300431832198E-5));
#12043=CARTESIAN_POINT('',(0.00950510926133901,-0.0268681977053264,-0.000484741928850504));
#12044=CARTESIAN_POINT('',(0.00930370735670459,-0.0269386001756457,-0.00119827746240716));
#12045=CARTESIAN_POINT('',(0.00929930870712583,-0.0269401193246802,-0.000943978526224308));
#12046=CARTESIAN_POINT('',(0.00936977604705143,-0.0269160723356986,-0.000694695211390977));
#12047=CARTESIAN_POINT('',(0.00950476762836726,-0.0268683185617046,-0.000484495074424367));
#12048=CARTESIAN_POINT('',(0.00930289268952353,-0.0269388815211343,-0.00119829323462883));
#12049=CARTESIAN_POINT('',(0.00971831918934474,-0.026791816327687,-0.00212673246966893));
#12050=CARTESIAN_POINT('',(0.0094478756149383,-0.026889915573615,-0.00191253752782504));
#12051=CARTESIAN_POINT('',(0.00930289268952353,-0.0269388815211343,-0.00155644005835946));
#12052=CARTESIAN_POINT('',(0.00930289268952353,-0.0269388815211343,-0.00119829323462883));
#12053=CARTESIAN_POINT('',(0.00971831918934474,-0.026791816327687,-0.00212673246966893));
#12054=CARTESIAN_POINT('',(0.0108482190464725,-0.0263545687409651,-0.00245471930906847));
#12055=CARTESIAN_POINT('',(0.0104531309138337,-0.0265171971887175,-0.00245471930906847));
#12056=CARTESIAN_POINT('',(0.0100420527025575,-0.0266743869763056,-0.00238313375850608));
#12057=CARTESIAN_POINT('',(0.00971831918934475,-0.026791816327687,-0.00212673246966893));
#12058=CARTESIAN_POINT('',(0.0108482190464725,-0.0263545687409651,-0.00245471930906847));
#12059=CARTESIAN_POINT('',(0.011941077695106,-0.0258777474576506,-0.00210257042977586));
#12060=CARTESIAN_POINT('',(0.0116359744118855,-0.0260185349050871,-0.00236364037348024));
#12061=CARTESIAN_POINT('',(0.0112400521854477,-0.0261932801324111,-0.00245471930906847));
#12062=CARTESIAN_POINT('',(0.0108482190464725,-0.0263545687409651,-0.00245471930906847));
#12063=CARTESIAN_POINT('',(0.011941077695106,-0.0258777474576506,-0.00210257042977586));
#12064=CARTESIAN_POINT('',(0.0123512368627439,-0.0256845108569912,-0.00117258893687024));
#12065=CARTESIAN_POINT('',(0.0123512368627439,-0.0256845108569912,-0.00153300761777587));
#12066=CARTESIAN_POINT('',(0.012199444260742,-0.0257585262913135,-0.00188149203286809));
#12067=CARTESIAN_POINT('',(0.011941077695106,-0.0258777474576506,-0.00210257042977586));
#12068=CARTESIAN_POINT('',(0.0123512368627439,-0.0256845108569912,-0.00117258893687024));
#12069=CARTESIAN_POINT('',(0.0121429569737629,-0.0257836332958689,-0.000499069213363528));
#12070=CARTESIAN_POINT('',(0.0122783562104854,-0.0257198662120397,-0.00069168995633076));
#12071=CARTESIAN_POINT('',(0.0123515038272035,-0.0256843824768076,-0.000928654036794119));
#12072=CARTESIAN_POINT('',(0.0123514348169818,-0.025684415663284,-0.00117258900582302));
#12073=CARTESIAN_POINT('',(0.012143477396257,-0.0257833881933522,-0.00049862224964014));
#12074=CARTESIAN_POINT('',(0.011454744706718,-0.0260966659500101,9.10343409418049E-5));
#12075=CARTESIAN_POINT('',(0.0117149680814311,-0.025982444756783,-6.15756306926241E-5));
#12076=CARTESIAN_POINT('',(0.0119679103000297,-0.0258660769016234,-0.000239713192516552));
#12077=CARTESIAN_POINT('',(0.012143477396257,-0.0257833881933522,-0.00049862224964014));
#12078=CARTESIAN_POINT('',(0.011454744706718,-0.0260966659500101,9.10343409418049E-5));
#12079=CARTESIAN_POINT('',(0.0120404960842834,-0.0258316395926944,0.000593296319144561));
#12080=CARTESIAN_POINT('',(0.01189584961389,-0.0258990613780645,0.000368512164799798));
#12081=CARTESIAN_POINT('',(0.0116800823994042,-0.0259977573098235,0.000213769476583666));
#12082=CARTESIAN_POINT('',(0.011454744706718,-0.0260966659500101,9.10343409418049E-5));
#12083=CARTESIAN_POINT('',(0.0120404960842834,-0.0258316395926944,0.000593296319144561));
#12084=CARTESIAN_POINT('',(0.0122206117375767,-0.0257469182381485,0.00123435155547077));
#12085=CARTESIAN_POINT('',(0.0122238895509749,-0.0257453624447709,0.00100488446543088));
#12086=CARTESIAN_POINT('',(0.0121610253959369,-0.025775458290261,0.000780334557672653));
#12087=CARTESIAN_POINT('',(0.0120406492066981,-0.0258315682195979,0.000593176436455758));
#12088=CARTESIAN_POINT('',(0.0122211802085517,-0.0257466484093096,0.00123436150524368));
#12089=CARTESIAN_POINT('',(0.0118466441140165,-0.0259211144289427,0.00206152580711495));
#12090=CARTESIAN_POINT('',(0.0120824383649557,-0.0258133501357574,0.00186889831620835));
#12091=CARTESIAN_POINT('',(0.0122211802085517,-0.0257466484093096,0.00155755670683646));
#12092=CARTESIAN_POINT('',(0.0122211802085517,-0.0257466484093096,0.00123436150524368));
#12093=CARTESIAN_POINT('',(0.0118466441140165,-0.0259211144289427,0.00206152580711495));
#12094=CARTESIAN_POINT('',(0.0108482190464725,-0.0263545687409651,0.00236843512235245));
#12095=CARTESIAN_POINT('',(0.0112043520797622,-0.0262079752150841,0.00236843512235245));
#12096=CARTESIAN_POINT('',(0.0115644838387586,-0.0260500692380909,0.00229203111265125));
#12097=CARTESIAN_POINT('',(0.0118466441140165,-0.0259211144289427,0.00206152580711495));
#12098=CARTESIAN_POINT('',(0.0108482190464725,-0.0263545687409651,0.00236843512235245));
#12099=CARTESIAN_POINT('',(0.00983335833916252,-0.0267498077334422,0.00205689903351841));
#12100=CARTESIAN_POINT('',(0.0101247269033432,-0.0266426992439567,0.00228837610973763));
#12101=CARTESIAN_POINT('',(0.0104916437012801,-0.0265013443338135,0.00236843512235245));
#12102=CARTESIAN_POINT('',(0.0108482190464725,-0.0263545687409651,0.00236843512235245));
#12103=CARTESIAN_POINT('',(0.00983335833916252,-0.0267498077334422,0.00205689903351841));
#12104=CARTESIAN_POINT('',(0.00944003975058954,-0.0268911286395679,0.00124053053670574));
#12105=CARTESIAN_POINT('',(0.00944003975058954,-0.0268911286395679,0.0015605698336751));
#12106=CARTESIAN_POINT('',(0.00959271173246254,-0.0268382705867219,0.00186571789811477));
#12107=CARTESIAN_POINT('',(0.00983335833916252,-0.0267498077334422,0.00205689903351841));
#12108=CARTESIAN_POINT('',(0.00944003975058954,-0.0268911286395679,0.00124053053670574));
#12109=CARTESIAN_POINT('',(0.00960649844712261,-0.0268321139232065,0.000607709171562764));
#12110=CARTESIAN_POINT('',(0.00949632068913548,-0.0268715600311069,0.000798118118406175));
#12111=CARTESIAN_POINT('',(0.00943865613069275,-0.0268916143696832,0.00101703520356289));
#12112=CARTESIAN_POINT('',(0.00944027911864843,-0.0268910446090238,0.00124052858421262));
#12113=CARTESIAN_POINT('',(0.0113454169092507,-0.0261443811393153,-0.0015658646925766));
#12114=CARTESIAN_POINT('',(0.0114553447740446,-0.0260966776786985,-0.00146186572885526));
#12115=CARTESIAN_POINT('',(0.0115130999500387,-0.0260709738894219,-0.00130523122264293));
#12116=CARTESIAN_POINT('',(0.0115130999500387,-0.0260709738894219,-0.00114688463911166));
#12117=CARTESIAN_POINT('',(0.0113454169092507,-0.0261443811393153,-0.0015658646925766));
#12118=CARTESIAN_POINT('',(0.0115130999500387,-0.0260709738894219,-0.00114688463911166));
#12119=CARTESIAN_POINT('',(0.0108368086641938,-0.0263592626599864,-0.00172471725272465));
#12120=CARTESIAN_POINT('',(0.0110182771755782,-0.0262846574040726,-0.00172471725272465));
#12121=CARTESIAN_POINT('',(0.0112085889303898,-0.0262037579689582,-0.00169531292698284));
#12122=CARTESIAN_POINT('',(0.0113454169092507,-0.0261443811393153,-0.0015658646925766));
#12123=CARTESIAN_POINT('',(0.0108368086641938,-0.0263592626599864,-0.00172471725272465));
#12124=CARTESIAN_POINT('',(0.0103475770060516,-0.026555127567126,-0.00157049146617314));
#12125=CARTESIAN_POINT('',(0.0104845272639742,-0.0265017629829691,-0.00168804646629036));
#12126=CARTESIAN_POINT('',(0.0106636473136202,-0.0264304526795406,-0.00172471725272465));
#12127=CARTESIAN_POINT('',(0.0108368086641938,-0.0263592626599864,-0.00172471725272465));
#12128=CARTESIAN_POINT('',(0.0103475770060516,-0.026555127567126,-0.00157049146617314));
#12129=CARTESIAN_POINT('',(0.010167655282454,-0.0266245363538914,-0.00113968743573926));
#12130=CARTESIAN_POINT('',(0.010167655282454,-0.0266245363538914,-0.001304011237039));
#12131=CARTESIAN_POINT('',(0.0102278609001537,-0.0266017766228125,-0.00146772987188091));
#12132=CARTESIAN_POINT('',(0.0103475770060516,-0.026555127567126,-0.00157049146617314));
#12133=CARTESIAN_POINT('',(0.010167655282454,-0.0266245363538914,-0.00113968743573926));
#12134=CARTESIAN_POINT('',(0.0108035166758696,-0.0263729250830602,-0.000342854205223114));
#12135=CARTESIAN_POINT('',(0.0106476654643864,-0.0264367686330992,-0.00042060543183209));
#12136=CARTESIAN_POINT('',(0.0103457136718468,-0.0265568796185481,-0.000600279747912668));
#12137=CARTESIAN_POINT('',(0.010167655282454,-0.0266245363538914,-0.000951076365240149));
#12138=CARTESIAN_POINT('',(0.010167655282454,-0.0266245363538914,-0.00113968743573926));
#12139=CARTESIAN_POINT('',(0.0108035166758696,-0.0263729250830602,-0.000342854205223114));
#12140=CARTESIAN_POINT('',(0.0113468318535362,-0.0261437670753485,-0.000743327164301872));
#12141=CARTESIAN_POINT('',(0.0111942699694555,-0.0262099814828183,-0.000571383264256703));
#12142=CARTESIAN_POINT('',(0.0109993487276318,-0.026292703612358,-0.000453196992294347));
#12143=CARTESIAN_POINT('',(0.0108035166758696,-0.0263729250830602,-0.000342854205223114));
#12144=CARTESIAN_POINT('',(0.0113468318535362,-0.0261437670753485,-0.000743327164301872));
#12145=CARTESIAN_POINT('',(0.0115130999500387,-0.0260709738894219,-0.00114688463911166));
#12146=CARTESIAN_POINT('',(0.0115130999500387,-0.0260709738894219,-0.000994395207514577));
#12147=CARTESIAN_POINT('',(0.0114437737999899,-0.0261016926503893,-0.000852584967793636));
#12148=CARTESIAN_POINT('',(0.0113468318535362,-0.0261437670753486,-0.000743327164301872));
#12149=CARTESIAN_POINT('',(0.0108482190464725,-0.0263545687409651,0.000505387620810199));
#12150=CARTESIAN_POINT('',(0.0109987161300683,-0.0262926202664994,0.000581195009709575));
#12151=CARTESIAN_POINT('',(0.0111499998360821,-0.0262285635760907,0.000666467110040522));
#12152=CARTESIAN_POINT('',(0.0112543215063571,-0.0261837239031053,0.000806641990540818));
#12153=CARTESIAN_POINT('',(0.0108482190464725,-0.0263545687409651,0.000505387620810199));
#12154=CARTESIAN_POINT('',(0.0112543215063571,-0.0261837239031053,0.000806641990540818));
#12155=CARTESIAN_POINT('',(0.0104328045828431,-0.0265217597179884,0.000818465967509768));
#12156=CARTESIAN_POINT('',(0.010540968668938,-0.0264792114562927,0.000675251926300269));
#12157=CARTESIAN_POINT('',(0.0106960933075294,-0.0264171876119047,0.000586858525220121));
#12158=CARTESIAN_POINT('',(0.0108482190464725,-0.0263545687409651,0.000505387620810199));
#12159=CARTESIAN_POINT('',(0.0104328045828431,-0.0265217597179884,0.000818465967509768));
#12160=CARTESIAN_POINT('',(0.0103174083075418,-0.02656686349229,0.0011634174923945));
#12161=CARTESIAN_POINT('',(0.0103166939445039,-0.0265671409196627,0.00103741627979755));
#12162=CARTESIAN_POINT('',(0.0103577288345832,-0.0265512927840153,0.000915255791061461));
#12163=CARTESIAN_POINT('',(0.0104330150355173,-0.0265216769317321,0.000818655365996189));
#12164=CARTESIAN_POINT('',(0.010317385158812,-0.0265668724822329,0.00116341764342998));
#12165=CARTESIAN_POINT('',(0.0104624641044313,-0.0265100734602149,0.00151248200699157));
#12166=CARTESIAN_POINT('',(0.0103676390895015,-0.0265474970952868,0.00142737519948882));
#12167=CARTESIAN_POINT('',(0.010317385158812,-0.0265668724822329,0.0012959968643056));
#12168=CARTESIAN_POINT('',(0.010317385158812,-0.0265668724822329,0.00116341764342998));
#12169=CARTESIAN_POINT('',(0.0104624641044313,-0.0265100734602149,0.00151248200699157));
#12170=CARTESIAN_POINT('',(0.0108425141115264,-0.0263569163170476,0.00164254575365001));
#12171=CARTESIAN_POINT('',(0.0107064393074296,-0.0264128937677439,0.00164254575365001));
#12172=CARTESIAN_POINT('',(0.0105678569657493,-0.0264684791194803,0.00160707360781545));
#12173=CARTESIAN_POINT('',(0.0104624641044313,-0.0265100734602149,0.00151248200699157));
#12174=CARTESIAN_POINT('',(0.0108425141115264,-0.0263569163170476,0.00164254575365001));
#12175=CARTESIAN_POINT('',(0.0112217215494409,-0.0261977120273759,0.00151402426485708));
#12176=CARTESIAN_POINT('',(0.011115892187265,-0.0262430437583626,0.00160627005393211));
#12177=CARTESIAN_POINT('',(0.0109785027688801,-0.026300974304764,0.00164254575365001));
#12178=CARTESIAN_POINT('',(0.0108425141115264,-0.0263569163170476,0.00164254575365001));
#12179=CARTESIAN_POINT('',(0.0112217215494409,-0.0261977120273759,0.00151402426485708));
#12180=CARTESIAN_POINT('',(0.0113689951315605,-0.0261341366741099,0.00116341764342998));
#12181=CARTESIAN_POINT('',(0.0113689951315605,-0.0261341366741099,0.00129768330736806));
#12182=CARTESIAN_POINT('',(0.0113180653526718,-0.0261564434107982,0.00143004652967287));
#12183=CARTESIAN_POINT('',(0.0112217215494409,-0.0261977120273759,0.00151402426485708));
#12184=CARTESIAN_POINT('',(0.0113689951315605,-0.0261341366741099,0.00116341764342998));
#12185=CARTESIAN_POINT('',(0.0112542943793486,-0.026183735562854,0.000806666227847264));
#12186=CARTESIAN_POINT('',(0.0113300373919914,-0.026151179697805,0.000907101258035478));
#12187=CARTESIAN_POINT('',(0.0113705094697219,-0.0261334779195693,0.00103348877011966));
#12188=CARTESIAN_POINT('',(0.0113687287188362,-0.0261342525686121,0.00116341330096723));
#12189=CARTESIAN_POINT('',(0.00943884053613677,-0.0268882425300497,0.00124053053670574));
#12190=CARTESIAN_POINT('',(0.00964110804050343,-0.0273750330021258,0.00124053053670574));
#12191=CARTESIAN_POINT('',(0.00943884053613677,-0.0268882425300497,0.00157708547535815));
#12192=CARTESIAN_POINT('',(0.00964110804050343,-0.0273750330021258,0.00157708547535815));
#12193=CARTESIAN_POINT('',(0.00956733552717962,-0.0268348512608019,0.00184920830762903));
#12194=CARTESIAN_POINT('',(0.00976960303154628,-0.027321641732878,0.00184920830762903));
#12195=CARTESIAN_POINT('',(0.00982432550926533,-0.0267280687223064,0.00205689903351841));
#12196=CARTESIAN_POINT('',(0.010026593013632,-0.0272148591943825,0.00205689903351841));
#12197=CARTESIAN_POINT('',(0.0097451046185046,-0.0276253181057959,0.00124053053670574));
#12198=CARTESIAN_POINT('',(0.0101305895916332,-0.0274651442980526,0.00205689903351841));
#12199=CARTESIAN_POINT('',(0.00983215086732619,-0.0267469017511537,0.00205689903351841));
#12200=CARTESIAN_POINT('',(0.0100358111170516,-0.0272370440971395,0.00205689903351841));
#12201=CARTESIAN_POINT('',(0.0100891408494119,-0.0266401192126582,0.00226458975940777));
#12202=CARTESIAN_POINT('',(0.0102928010991373,-0.027130261558644,0.00226458975940777));
#12203=CARTESIAN_POINT('',(0.0104243038925508,-0.0265008547936105,0.00236843512235245));
#12204=CARTESIAN_POINT('',(0.0106279641422762,-0.0269909971395963,0.00236843512235245));
#12205=CARTESIAN_POINT('',(0.0108376399967429,-0.0263291084940106,0.00236843512235245));
#12206=CARTESIAN_POINT('',(0.0110413002464682,-0.0268192508399964,0.00236843512235245));
#12207=CARTESIAN_POINT('',(0.0111360787210498,-0.0270473510409095,0.00236843512235245));
#12208=CARTESIAN_POINT('',(0.0108404380943169,-0.0263358425823322,0.00236843512235245));
#12209=CARTESIAN_POINT('',(0.0110414255905102,-0.0268195525013311,0.00236843512235245));
#12210=CARTESIAN_POINT('',(0.0112563061195147,-0.0261630442380181,0.00236843512235245));
#12211=CARTESIAN_POINT('',(0.011457293615708,-0.026646754157017,0.00236843512235245));
#12212=CARTESIAN_POINT('',(0.0115913109175908,-0.0260238455717651,0.00226613201727329));
#12213=CARTESIAN_POINT('',(0.011792298413784,-0.0265075554907639,0.00226613201727329));
#12214=CARTESIAN_POINT('',(0.011845452488545,-0.0259182465835731,0.00206152580711495));
#12215=CARTESIAN_POINT('',(0.0120464399847382,-0.026401956502572,0.00206152580711495));
#12216=CARTESIAN_POINT('',(0.0121410931152779,-0.0266297550421504,0.00206152580711495));
#12217=CARTESIAN_POINT('',(0.0118387758700496,-0.0259021781880125,0.00206152580711495));
#12218=CARTESIAN_POINT('',(0.0120398235126497,-0.0263860328593673,0.00206152580711495));
#12219=CARTESIAN_POINT('',(0.0120929174410041,-0.0257965791998203,0.00185691959695638));
#12220=CARTESIAN_POINT('',(0.0122939650836042,-0.0262804338711752,0.00185691959695638));
#12221=CARTESIAN_POINT('',(0.012219988226481,-0.0257437797057245,0.00158119816299952));
#12222=CARTESIAN_POINT('',(0.0124210358690811,-0.0262276343770793,0.00158119816299952));
#12223=CARTESIAN_POINT('',(0.012219988226481,-0.0257437797057245,0.00123436150524368));
#12224=CARTESIAN_POINT('',(0.0124210358690811,-0.0262276343770793,0.00123436150524368));
#12225=CARTESIAN_POINT('',(0.0125223054717092,-0.0264713565598624,0.00123436150524368));
#12226=CARTESIAN_POINT('',(0.0115253231935596,-0.0268856151143472,0.00121731144308861));
#12227=CARTESIAN_POINT('',(0.0123381082185394,-0.0265478928128235,0.000593296319144561));
#12228=CARTESIAN_POINT('',(0.0120392986205272,-0.0258287576965194,0.000593296319144561));
#12229=CARTESIAN_POINT('',(0.012241270840736,-0.0263148375180388,0.000593296319144561));
#12230=CARTESIAN_POINT('',(0.0119165004517473,-0.0258797818651601,0.000405826307491946));
#12231=CARTESIAN_POINT('',(0.0121184726719562,-0.0263658616866795,0.000405826307491946));
#12232=CARTESIAN_POINT('',(0.0117186941231715,-0.0259619728584602,0.000238405648091027));
#12233=CARTESIAN_POINT('',(0.0119206663433803,-0.0264480526799796,0.000238405648091027));
#12234=CARTESIAN_POINT('',(0.0114458796347997,-0.0260753306764197,9.10343409418049E-5));
#12235=CARTESIAN_POINT('',(0.0116478518550085,-0.0265614104979391,9.10343409418049E-5));
#12236=CARTESIAN_POINT('',(0.0117446892328119,-0.0267944657927237,9.10343409418049E-5));
#12237=CARTESIAN_POINT('',(0.0114439328591085,-0.0260706454361449,9.10343409418049E-5));
#12238=CARTESIAN_POINT('',(0.0116478634659968,-0.0265614384417181,9.10343409418049E-5));
#12239=CARTESIAN_POINT('',(0.0117680187478472,-0.025935983712722,-9.74638426211534E-5));
#12240=CARTESIAN_POINT('',(0.0119719493547354,-0.0264267767182952,-9.74638426211534E-5));
#12241=CARTESIAN_POINT('',(0.0120007972353152,-0.0258392613518065,-0.000294016039481802));
#12242=CARTESIAN_POINT('',(0.0122047278422035,-0.0263300543573796,-0.000294016039481802));
#12243=CARTESIAN_POINT('',(0.0121422683215126,-0.0257804783533982,-0.00049862224964014));
#12244=CARTESIAN_POINT('',(0.0123461989284009,-0.0262712713589714,-0.00049862224964014));
#12245=CARTESIAN_POINT('',(0.012443024695216,-0.0265042987099771,-0.00049862224964014));
#12246=CARTESIAN_POINT('',(0.0116415589334649,-0.026837317716642,-0.00117224486305707));
#12247=CARTESIAN_POINT('',(0.0126552313245122,-0.0264161242123647,-0.00117258893687024));
#12248=CARTESIAN_POINT('',(0.0123500362914918,-0.0256816214821092,-0.00117258893687024));
#12249=CARTESIAN_POINT('',(0.0125525326426717,-0.0261689627121955,-0.00117258893687024));
#12250=CARTESIAN_POINT('',(0.0123500362914918,-0.0256816214821092,-0.00155781067927891));
#12251=CARTESIAN_POINT('',(0.0125525326426717,-0.0261689627121955,-0.00155781067927891));
#12252=CARTESIAN_POINT('',(0.0122106223911116,-0.0257395496941871,-0.00186780451024745));
#12253=CARTESIAN_POINT('',(0.0124131187422914,-0.0262268909242735,-0.00186780451024745));
#12254=CARTESIAN_POINT('',(0.0119317945903511,-0.025855406118343,-0.00210257042977586));
#12255=CARTESIAN_POINT('',(0.0121342909415309,-0.0263427473484293,-0.00210257042977586));
#12256=CARTESIAN_POINT('',(0.0122369896233714,-0.0265899088485985,-0.00210257042977586));
#12257=CARTESIAN_POINT('',(0.0119398774276579,-0.0258748588139237,-0.00210257042977586));
#12258=CARTESIAN_POINT('',(0.012142322537224,-0.0263620767225233,-0.00210257042977586));
#12259=CARTESIAN_POINT('',(0.0116610496268975,-0.0259907152380796,-0.00233733634930427));
#12260=CARTESIAN_POINT('',(0.0118634947364636,-0.0264779331466792,-0.00233733634930427));
#12261=CARTESIAN_POINT('',(0.0112940793261236,-0.0261431959688499,-0.00245471930906847));
#12262=CARTESIAN_POINT('',(0.0114965244356897,-0.0266304138774495,-0.00245471930906847));
#12263=CARTESIAN_POINT('',(0.0108389665253363,-0.0263323010062348,-0.00245471930906847));
#12264=CARTESIAN_POINT('',(0.0110414116349024,-0.0268195189148344,-0.00245471930906847));
#12265=CARTESIAN_POINT('',(0.0111360787210498,-0.0270473510409095,-0.00245471930906847));
#12266=CARTESIAN_POINT('',(0.010835575508758,-0.0263241399594756,-0.00245471930906847));
#12267=CARTESIAN_POINT('',(0.0110413125595178,-0.0268192804734032,-0.00245471930906847));
#12268=CARTESIAN_POINT('',(0.010360840320176,-0.0265213983433959,-0.00245471930906847));
#12269=CARTESIAN_POINT('',(0.0105665773709359,-0.0270165388573234,-0.00245471930906847));
#12270=CARTESIAN_POINT('',(0.00998801495207626,-0.0266763119275679,-0.00234539036260196));
#12271=CARTESIAN_POINT('',(0.0101937520028361,-0.0271714524414955,-0.00234539036260196));
#12272=CARTESIAN_POINT('',(0.00971709940445881,-0.0267888807119917,-0.00212673246966893));
#12273=CARTESIAN_POINT('',(0.00992283645521869,-0.0272840212259193,-0.00212673246966893));
#12274=CARTESIAN_POINT('',(0.0100176026167507,-0.0275120917934256,-0.00212673246966893));
#12275=CARTESIAN_POINT('',(0.00970805926640786,-0.0267671241125655,-0.00212673246966893));
#12276=CARTESIAN_POINT('',(0.00991159684579931,-0.0272569712319406,-0.00212673246966893));
#12277=CARTESIAN_POINT('',(0.0094371437187904,-0.0268796928969893,-0.00190807457673589));
#12278=CARTESIAN_POINT('',(0.00964068129818185,-0.0273695400163644,-0.00190807457673589));
#12279=CARTESIAN_POINT('',(0.00930168594498168,-0.0269359772892012,-0.00159859483172253));
#12280=CARTESIAN_POINT('',(0.00950522352437313,-0.0274258244085763,-0.00159859483172253));
#12281=CARTESIAN_POINT('',(0.00930168594498168,-0.0269359772892012,-0.00119829323462883));
#12282=CARTESIAN_POINT('',(0.00950522352437313,-0.0274258244085763,-0.00119829323462883));
#12283=CARTESIAN_POINT('',(0.00961122929532448,-0.0276809449700613,-0.00119829323462883));
#12284=CARTESIAN_POINT('',(0.0107469305029468,-0.0272090469725673,-0.00117582971130863));
#12285=CARTESIAN_POINT('',(0.00980871913377459,-0.0275988854823505,-0.000484741928850504));
#12286=CARTESIAN_POINT('',(0.00950389159063604,-0.026865267177765,-0.000484741928850504));
#12287=CARTESIAN_POINT('',(0.00970927204920145,-0.0273595494931241,-0.000484741928850504));
#12288=CARTESIAN_POINT('',(0.00963555148293612,-0.0268105608526244,-0.000277051202961133));
#12289=CARTESIAN_POINT('',(0.00984093194150152,-0.0273048431679836,-0.000277051202961133));
#12290=CARTESIAN_POINT('',(0.00984665039679224,-0.0267228466245745,-9.3693878949894E-5));
#12291=CARTESIAN_POINT('',(0.0100520308553576,-0.0272171289399337,-9.3693878949894E-5));
#12292=CARTESIAN_POINT('',(0.0101371883322044,-0.0266021244936153,6.53300431832198E-5));
#12293=CARTESIAN_POINT('',(0.0103425687907698,-0.0270964068089745,6.53300431832198E-5));
#12294=CARTESIAN_POINT('',(0.010442015875343,-0.0273357427982009,6.53300431832198E-5));
#12295=CARTESIAN_POINT('',(0.0101393424553011,-0.0266073087499912,6.53300431832198E-5));
#12296=CARTESIAN_POINT('',(0.0103425559431172,-0.0270963758889563,6.53300431832198E-5));
#12297=CARTESIAN_POINT('',(0.00989184717698702,-0.0267101461208083,0.000233950236479539));
#12298=CARTESIAN_POINT('',(0.0100950606648031,-0.0271992132597734,0.000233950236479539));
#12299=CARTESIAN_POINT('',(0.00971382148126877,-0.0267841180147784,0.000414737130714922));
#12300=CARTESIAN_POINT('',(0.00991703496908483,-0.0272731851537435,0.000414737130714922));
#12301=CARTESIAN_POINT('',(0.00960526536814636,-0.0268292244319015,0.000607690725889368));
#12302=CARTESIAN_POINT('',(0.00980847885596241,-0.0273182915708666,0.000607690725889368));
#12303=CARTESIAN_POINT('',(0.00990793878818822,-0.0275576584801112,0.000607690725889368));
#12304=CARTESIAN_POINT('',(0.0108461984327031,-0.0271677999113217,0.00123136812107747));
#12305=CARTESIAN_POINT('',(0.0113456723643985,-0.0261409765714243,-0.000743327164301872));
#12306=CARTESIAN_POINT('',(0.0115412395322798,-0.0266116415666424,-0.000743327164301872));
#12307=CARTESIAN_POINT('',(0.0112339513500189,-0.0261873980444402,-0.00061823291521009));
#12308=CARTESIAN_POINT('',(0.0114295185179002,-0.0266580630396583,-0.00061823291521009));
#12309=CARTESIAN_POINT('',(0.0110524442629177,-0.0262628164998923,-0.000484741928850504));
#12310=CARTESIAN_POINT('',(0.011248011430799,-0.0267334814951105,-0.000484741928850504));
#12311=CARTESIAN_POINT('',(0.010801151103095,-0.0263672319377808,-0.000342854205223114));
#12312=CARTESIAN_POINT('',(0.0109967182709763,-0.0268378969329989,-0.000342854205223114));
#12313=CARTESIAN_POINT('',(0.0115387277133402,-0.0266055964555842,-0.000743327164301872));
#12314=CARTESIAN_POINT('',(0.0113861483769836,-0.0266717694286217,-0.000571383039148363));
#12315=CARTESIAN_POINT('',(0.0111912166757246,-0.0267544660741679,-0.00045319694112452));
#12316=CARTESIAN_POINT('',(0.0109953917363042,-0.0268347044061456,-0.000342854205223114));
#12317=CARTESIAN_POINT('',(0.0115387277133402,-0.0266055964555842,-0.000743327164301872));
#12318=CARTESIAN_POINT('',(0.0109953917363042,-0.0268347044061456,-0.000342854205223114));
#12319=CARTESIAN_POINT('',(0.0116359748746267,-0.0268396379626415,-0.000743327164301872));
#12320=CARTESIAN_POINT('',(0.0110914536133231,-0.027065893328998,-0.000342854205223114));
#12321=CARTESIAN_POINT('',(0.0107978750513499,-0.0263593475730602,-0.000342854205223114));
#12322=CARTESIAN_POINT('',(0.0109965697682224,-0.0268375395363629,-0.000342854205223114));
#12323=CARTESIAN_POINT('',(0.0103769431841405,-0.0265342500068029,-0.000553286722873398));
#12324=CARTESIAN_POINT('',(0.010575637901013,-0.0270124419701055,-0.000553286722873398));
#12325=CARTESIAN_POINT('',(0.0101664772505358,-0.0266217012236742,-0.000818897799712112));
#12326=CARTESIAN_POINT('',(0.0103651719674084,-0.0270998931869768,-0.000818897799712112));
#12327=CARTESIAN_POINT('',(0.0101664772505358,-0.0266217012236742,-0.00113968743573926));
#12328=CARTESIAN_POINT('',(0.0103651719674084,-0.0270998931869768,-0.00113968743573926));
#12329=CARTESIAN_POINT('',(0.0109953917363042,-0.0268347044061456,-0.000342854205223114));
#12330=CARTESIAN_POINT('',(0.0108395465471642,-0.0268985612267343,-0.000420605215150413));
#12331=CARTESIAN_POINT('',(0.0105376277247973,-0.0270187508512954,-0.000600278754942535));
#12332=CARTESIAN_POINT('',(0.0103596073415839,-0.0270865009871744,-0.000951076640257838));
#12333=CARTESIAN_POINT('',(0.0103596073415839,-0.0270865009871744,-0.00113968743573926));
#12334=CARTESIAN_POINT('',(0.0103596073415839,-0.0270865009871744,-0.00113968743573926));
#12335=CARTESIAN_POINT('',(0.0104600558125091,-0.0273282469796119,-0.00113968743573926));
#12336=CARTESIAN_POINT('',(0.0101664923902202,-0.0266217376598487,-0.00113968743573926));
#12337=CARTESIAN_POINT('',(0.0103626335470008,-0.0270937840550508,-0.00113968743573926));
#12338=CARTESIAN_POINT('',(0.0101664923902202,-0.0266217376598487,-0.00132407293166084));
#12339=CARTESIAN_POINT('',(0.0103626335470008,-0.0270937840550508,-0.00132407293166084));
#12340=CARTESIAN_POINT('',(0.0102258342887929,-0.0265970803618587,-0.0014676742751388));
#12341=CARTESIAN_POINT('',(0.0104219754455735,-0.0270691267570607,-0.0014676742751388));
#12342=CARTESIAN_POINT('',(0.0103445180859384,-0.0265477657658786,-0.00157049146617314));
#12343=CARTESIAN_POINT('',(0.010540659242719,-0.0270198121610807,-0.00157049146617314));
#12344=CARTESIAN_POINT('',(0.0103596073415839,-0.0270865009871744,-0.00113968743573926));
#12345=CARTESIAN_POINT('',(0.0103596073415839,-0.0270865009871744,-0.00130401083549944));
#12346=CARTESIAN_POINT('',(0.0104197988021568,-0.0270637081868414,-0.00146772956423022));
#12347=CARTESIAN_POINT('',(0.0105394963504852,-0.027017013467038,-0.00157049146617314));
#12348=CARTESIAN_POINT('',(0.0105394963504852,-0.027017013467038,-0.00157049146617314));
#12349=CARTESIAN_POINT('',(0.0106380815082273,-0.0272542750856419,-0.00157049146617314));
#12350=CARTESIAN_POINT('',(0.0103464099934119,-0.0265523189566396,-0.00157049146617314));
#12351=CARTESIAN_POINT('',(0.0105432461253107,-0.0270260379253325,-0.00157049146617314));
#12352=CARTESIAN_POINT('',(0.0104650937905574,-0.0265030043606596,-0.00167330865720748));
#12353=CARTESIAN_POINT('',(0.0106619299224562,-0.0269767233293524,-0.00167330865720748));
#12354=CARTESIAN_POINT('',(0.0106272949799896,-0.0264356077461535,-0.00172471725272465));
#12355=CARTESIAN_POINT('',(0.0108241311118883,-0.0269093267148463,-0.00172471725272465));
#12356=CARTESIAN_POINT('',(0.0108330135617084,-0.0263501291131214,-0.00172471725272465));
#12357=CARTESIAN_POINT('',(0.0110298496936072,-0.0268238480818142,-0.00172471725272465));
#12358=CARTESIAN_POINT('',(0.0105394963504852,-0.027017013467038,-0.00157049146617314));
#12359=CARTESIAN_POINT('',(0.0106764253008804,-0.0269635966756251,-0.00168804675089017));
#12360=CARTESIAN_POINT('',(0.0108555264546629,-0.0268922404803786,-0.00172471725272465));
#12361=CARTESIAN_POINT('',(0.0110286826809675,-0.0268210394713278,-0.00172471725272465));
#12362=CARTESIAN_POINT('',(0.0110286826809675,-0.0268210394713278,-0.00172471725272465));
#12363=CARTESIAN_POINT('',(0.0111246850765239,-0.0270520852421236,-0.00172471725272465));
#12364=CARTESIAN_POINT('',(0.0108343919373534,-0.0263534464039191,-0.00172471725272465));
#12365=CARTESIAN_POINT('',(0.0110299405894448,-0.0268240668378018,-0.00172471725272465));
#12366=CARTESIAN_POINT('',(0.0110616318476213,-0.026259025390816,-0.00172471725272465));
#12367=CARTESIAN_POINT('',(0.0112571804997127,-0.0267296458246986,-0.00172471725272465));
#12368=CARTESIAN_POINT('',(0.0112315870451337,-0.0261884068893725,-0.00167176639934197));
#12369=CARTESIAN_POINT('',(0.011427135697225,-0.0266590273232552,-0.00167176639934197));
#12370=CARTESIAN_POINT('',(0.0113442575298905,-0.0261415908995888,-0.0015658646925766));
#12371=CARTESIAN_POINT('',(0.0115398061819818,-0.0266122113334715,-0.0015658646925766));
#12372=CARTESIAN_POINT('',(0.0110286826809675,-0.0268210394713278,-0.00172471725272465));
#12373=CARTESIAN_POINT('',(0.0112101461776602,-0.0267464225525711,-0.00172471725272465));
#12374=CARTESIAN_POINT('',(0.0114004690107013,-0.0266655499421862,-0.00169531311647844));
#12375=CARTESIAN_POINT('',(0.0115373126093234,-0.026606210135131,-0.0015658646925766));
#12376=CARTESIAN_POINT('',(0.0115373126093234,-0.026606210135131,-0.0015658646925766));
#12377=CARTESIAN_POINT('',(0.0116345506690609,-0.0268402297377933,-0.0015658646925766));
#12378=CARTESIAN_POINT('',(0.011342934912585,-0.0261384078005313,-0.0015658646925766));
#12379=CARTESIAN_POINT('',(0.0115384719196419,-0.0266090002086972,-0.0015658646925766));
#12380=CARTESIAN_POINT('',(0.0114556053973418,-0.0260915918107476,-0.00145996298581122));
#12381=CARTESIAN_POINT('',(0.0116511424043988,-0.0265621842189135,-0.00145996298581122));
#12382=CARTESIAN_POINT('',(0.0115119406397202,-0.0260681838158557,-0.00132030296798958));
#12383=CARTESIAN_POINT('',(0.0117074776467772,-0.0265387762240216,-0.00132030296798958));
#12384=CARTESIAN_POINT('',(0.0115119406397202,-0.0260681838158557,-0.00114688463911166));
#12385=CARTESIAN_POINT('',(0.0117074776467772,-0.0265387762240216,-0.00114688463911166));
#12386=CARTESIAN_POINT('',(0.0115373126093234,-0.026606210135131,-0.0015658646925766));
#12387=CARTESIAN_POINT('',(0.0116472529947906,-0.0265585364307935,-0.00146186560335959));
#12388=CARTESIAN_POINT('',(0.0117050184654414,-0.0265328577941328,-0.0013052310288561));
#12389=CARTESIAN_POINT('',(0.0117050184654414,-0.0265328577941328,-0.00114688463911166));
#12390=CARTESIAN_POINT('',(0.0117050184654414,-0.0265328577941328,-0.00114688463911166));
#12391=CARTESIAN_POINT('',(0.0118035563961961,-0.0267700057531176,-0.00114688463911166));
#12392=CARTESIAN_POINT('',(0.0115119406943295,-0.0260681839472821,-0.00114688463911166));
#12393=CARTESIAN_POINT('',(0.0117074684906189,-0.0265387541882002,-0.00114688463911166));
#12394=CARTESIAN_POINT('',(0.0115119406943295,-0.0260681839472821,-0.00100294057166358));
#12395=CARTESIAN_POINT('',(0.0117074684906189,-0.0265387541882002,-0.00100294057166358));
#12396=CARTESIAN_POINT('',(0.0114560801871397,-0.02609139468379,-0.000868421413393653));
#12397=CARTESIAN_POINT('',(0.0116516079834291,-0.0265619649247082,-0.000868421413393653));
#12398=CARTESIAN_POINT('',(0.01134435917276,-0.0261378161568059,-0.000743327164301872));
#12399=CARTESIAN_POINT('',(0.0115398869690495,-0.0266083863977241,-0.000743327164301872));
#12400=CARTESIAN_POINT('',(0.0117050184654414,-0.0265328577941329,-0.00114688463911166));
#12401=CARTESIAN_POINT('',(0.0117050184654414,-0.0265328577941329,-0.000994395396121744));
#12402=CARTESIAN_POINT('',(0.0116356807078958,-0.026563548377202,-0.000852585064014442));
#12403=CARTESIAN_POINT('',(0.0115387277133402,-0.0266055964555842,-0.000743327164301872));
#12404=CARTESIAN_POINT('',(0.0111507713530416,-0.0270412460693128,0.00115520428096721));
#12405=CARTESIAN_POINT('',(0.0114461809624747,-0.0266455426173738,0.000806666227774303));
#12406=CARTESIAN_POINT('',(0.0115219306379381,-0.026613002672301,0.000907101311786679));
#12407=CARTESIAN_POINT('',(0.0115624080836462,-0.0265953139308102,0.00103348884151515));
#12408=CARTESIAN_POINT('',(0.0115606271215095,-0.0265960880686882,0.00116341330100775));
#12409=CARTESIAN_POINT('',(0.0114462080919101,-0.0266455309633096,0.000806641990540818));
#12410=CARTESIAN_POINT('',(0.0115608935659939,-0.0265959722506203,0.00116341764342998));
#12411=CARTESIAN_POINT('',(0.0115429267776646,-0.0268783006058898,0.000806641990540818));
#12412=CARTESIAN_POINT('',(0.01165828742849,-0.0268303668185973,0.00116341764342998));
#12413=CARTESIAN_POINT('',(0.0108463172809352,-0.0263499918251298,0.000505387620810199));
#12414=CARTESIAN_POINT('',(0.0110413244197297,-0.0268193090169805,0.000505387620810199));
#12415=CARTESIAN_POINT('',(0.0110406422181281,-0.0262692473933118,0.000603406676262938));
#12416=CARTESIAN_POINT('',(0.0112356493569226,-0.0267385645851625,0.000603406676262938));
#12417=CARTESIAN_POINT('',(0.0111762582369997,-0.0262128972483052,0.000703824799506477));
#12418=CARTESIAN_POINT('',(0.0113712653757942,-0.0266822144401559,0.000703824799506477));
#12419=CARTESIAN_POINT('',(0.01125316533755,-0.0261809413901102,0.000806641990540818));
#12420=CARTESIAN_POINT('',(0.0114481724763445,-0.0266502585819608,0.000806641990540818));
#12421=CARTESIAN_POINT('',(0.0110400927746319,-0.0268163448577079,0.000505387620810199));
#12422=CARTESIAN_POINT('',(0.0111905862367356,-0.0267543878015761,0.000581194985749359));
#12423=CARTESIAN_POINT('',(0.0113418772390555,-0.0266903487098137,0.000666467028122647));
#12424=CARTESIAN_POINT('',(0.0114462080919101,-0.0266455309633096,0.000806641990540818));
#12425=CARTESIAN_POINT('',(0.0110400927746319,-0.0268163448577079,0.000505387620810199));
#12426=CARTESIAN_POINT('',(0.0111360787210498,-0.0270473510409095,0.000505387620810199));
#12427=CARTESIAN_POINT('',(0.0104316418197878,-0.0265189613348357,0.000818465967509768));
#12428=CARTESIAN_POINT('',(0.0106277611884322,-0.0269909552932552,0.000818465967509768));
#12429=CARTESIAN_POINT('',(0.0105079159400867,-0.0264872684878191,0.00071667694838577));
#12430=CARTESIAN_POINT('',(0.010704035308731,-0.0269592624462387,0.00071667694838577));
#12431=CARTESIAN_POINT('',(0.0106457473898383,-0.0264299978036876,0.000612317499485914));
#12432=CARTESIAN_POINT('',(0.0108418667584827,-0.0269019917621071,0.000612317499485914));
#12433=CARTESIAN_POINT('',(0.0108451361690428,-0.0263471492824411,0.000505387620810199));
#12434=CARTESIAN_POINT('',(0.0110412555376871,-0.0268191432408606,0.000505387620810199));
#12435=CARTESIAN_POINT('',(0.0106247114257535,-0.0269836155309006,0.000818465967509768));
#12436=CARTESIAN_POINT('',(0.0107328609721879,-0.0269410319964452,0.000675251793593539));
#12437=CARTESIAN_POINT('',(0.0108879708705041,-0.0268789723314944,0.000586858406211269));
#12438=CARTESIAN_POINT('',(0.0110400927746319,-0.0268163448577079,0.000505387620810199));
#12439=CARTESIAN_POINT('',(0.0106247114257535,-0.0269836155309006,0.000818465967509768));
#12440=CARTESIAN_POINT('',(0.0107225843717949,-0.027219163093304,0.000818465967509768));
#12441=CARTESIAN_POINT('',(0.011099445426938,-0.0270625726308991,0.00116018292922259));
#12442=CARTESIAN_POINT('',(0.0105093325395566,-0.0270287611549811,0.00116341749239732));
#12443=CARTESIAN_POINT('',(0.0105086182959967,-0.0270290388674165,0.00103741643648623));
#12444=CARTESIAN_POINT('',(0.0105496457257232,-0.0270131730848233,0.00091525593023474));
#12445=CARTESIAN_POINT('',(0.0106249218510234,-0.0269835326756829,0.000818655364617673));
#12446=CARTESIAN_POINT('',(0.0105093093946698,-0.0270287701541728,0.00116341764342998));
#12447=CARTESIAN_POINT('',(0.0106081731913467,-0.0272667023638288,0.00116341764342998));
#12448=CARTESIAN_POINT('',(0.0104600710981773,-0.0265043142916934,0.00151248200699157));
#12449=CARTESIAN_POINT('',(0.0106555258729152,-0.0269747087940734,0.00151248200699157));
#12450=CARTESIAN_POINT('',(0.0103641745900837,-0.0265441604852452,0.00142577284255261));
#12451=CARTESIAN_POINT('',(0.0105596293648216,-0.0270145549876253,0.00142577284255261));
#12452=CARTESIAN_POINT('',(0.0103162263360369,-0.0265640835820212,0.00130941805469875));
#12453=CARTESIAN_POINT('',(0.0105116811107748,-0.0270344780844012,0.00130941805469875));
#12454=CARTESIAN_POINT('',(0.0103162263360369,-0.0265640835820212,0.00116341764342998));
#12455=CARTESIAN_POINT('',(0.0105116811107748,-0.0270344780844012,0.00116341764342998));
#12456=CARTESIAN_POINT('',(0.01065436705014,-0.0269719198938617,0.00151248200699157));
#12457=CARTESIAN_POINT('',(0.0105595539488019,-0.0270093726813085,0.00142737504559624));
#12458=CARTESIAN_POINT('',(0.0105093093946698,-0.0270287701541728,0.00129599666267544));
#12459=CARTESIAN_POINT('',(0.0105093093946698,-0.0270287701541728,0.00116341764342998));
#12460=CARTESIAN_POINT('',(0.01065436705014,-0.0269719198938617,0.00151248200699157));
#12461=CARTESIAN_POINT('',(0.010752017953487,-0.027206933073501,0.00151248200699157));
#12462=CARTESIAN_POINT('',(0.010839666690152,-0.026350063522777,0.00164254575365001));
#12463=CARTESIAN_POINT('',(0.0110355493391543,-0.0268214877759112,0.00164254575365001));
#12464=CARTESIAN_POINT('',(0.0106833205680457,-0.0264150272838814,0.00164254575365001));
#12465=CARTESIAN_POINT('',(0.010879203217048,-0.0268864515370156,0.00164254575365001));
#12466=CARTESIAN_POINT('',(0.0105571992529458,-0.0264674322612096,0.00159919117143053));
#12467=CARTESIAN_POINT('',(0.0107530819019481,-0.0269388565143437,0.00159919117143053));
#12468=CARTESIAN_POINT('',(0.0104613027448522,-0.0265072784547615,0.00151248200699157));
#12469=CARTESIAN_POINT('',(0.0106571853938545,-0.0269787027078956,0.00151248200699157));
#12470=CARTESIAN_POINT('',(0.0110343879795753,-0.0268186927704578,0.00164254575365001));
#12471=CARTESIAN_POINT('',(0.0108983168542268,-0.0268746784071465,0.00164254575365001));
#12472=CARTESIAN_POINT('',(0.0107597466239714,-0.0269302931700836,0.00160707373741013));
#12473=CARTESIAN_POINT('',(0.01065436705014,-0.0269719198938617,0.00151248200699157));
#12474=CARTESIAN_POINT('',(0.0110343879795753,-0.0268186927704578,0.00164254575365001));
#12475=CARTESIAN_POINT('',(0.0111303818987868,-0.0270497181415166,0.00164254575365001));
#12476=CARTESIAN_POINT('',(0.011220566399088,-0.0261949319654604,0.00151402426485708));
#12477=CARTESIAN_POINT('',(0.0114154017586165,-0.0266638357418678,0.00151402426485708));
#12478=CARTESIAN_POINT('',(0.0111218214798629,-0.0262359617093158,0.0015997052573857));
#12479=CARTESIAN_POINT('',(0.0113166568393915,-0.0267048654857232,0.0015997052573857));
#12480=CARTESIAN_POINT('',(0.0109952254295744,-0.0262885639450279,0.00164254575365001));
#12481=CARTESIAN_POINT('',(0.011190060789103,-0.0267574677214353,0.00164254575365001));
#12482=CARTESIAN_POINT('',(0.0108407782482224,-0.0263527386725966,0.00164254575365001));
#12483=CARTESIAN_POINT('',(0.011035613607751,-0.026821642449004,0.00164254575365001));
#12484=CARTESIAN_POINT('',(0.0114136054314233,-0.0266595125809867,0.00151402426485708));
#12485=CARTESIAN_POINT('',(0.0113077676802491,-0.0267048243745906,0.00160627013145451));
#12486=CARTESIAN_POINT('',(0.0111703731588861,-0.0267627424957434,0.00164254575365001));
#12487=CARTESIAN_POINT('',(0.0110343879795753,-0.0268186927704578,0.00164254575365001));
#12488=CARTESIAN_POINT('',(0.0114136054314233,-0.0266595125809867,0.00151402426485708));
#12489=CARTESIAN_POINT('',(0.0115101700496524,-0.0268919114343803,0.00151402426485708));
#12490=CARTESIAN_POINT('',(0.0113678387654883,-0.0261313536863633,0.00116341764342998));
#12491=CARTESIAN_POINT('',(0.0115628791763331,-0.0266007509529501,0.00116341764342998));
#12492=CARTESIAN_POINT('',(0.0113678387654883,-0.0261313536863633,0.00131147439851943));
#12493=CARTESIAN_POINT('',(0.0115628791763331,-0.0266007509529501,0.00131147439851943));
#12494=CARTESIAN_POINT('',(0.0113184663058758,-0.026151868558291,0.00142834327232847));
#12495=CARTESIAN_POINT('',(0.0115135067167205,-0.0266212658248778,0.00142834327232847));
#12496=CARTESIAN_POINT('',(0.0112197213866507,-0.0261928983021464,0.00151402426485708));
#12497=CARTESIAN_POINT('',(0.0114147617974955,-0.0266622955687332,0.00151402426485708));
#12498=CARTESIAN_POINT('',(0.0115608935659939,-0.0265959722506203,0.00116341764342998));
#12499=CARTESIAN_POINT('',(0.0115608935659939,-0.0265959722506203,0.00129768321306212));
#12500=CARTESIAN_POINT('',(0.0115099568492763,-0.0266182621244079,0.00143004647867837));
#12501=CARTESIAN_POINT('',(0.0114136054314233,-0.0266595125809867,0.00151402426485708));
#12502=CARTESIAN_POINT('',(0.,1.46957615897682E-18,0.005));
#12503=CARTESIAN_POINT('',(0.,1.46957615897682E-18,0.005));
#12504=CARTESIAN_POINT('',(0.,1.46957615897682E-18,0.005));
#12505=CARTESIAN_POINT('',(0.,1.46957615897682E-18,0.005));
#12506=CARTESIAN_POINT('',(0.,1.46957615897682E-18,0.005));
#12507=CARTESIAN_POINT('',(0.,1.46957615897682E-18,0.005));
#12508=CARTESIAN_POINT('',(0.,0.,0.));
#12509=CARTESIAN_POINT('',(0.,1.46957615897682E-18,0.005));
#12510=CARTESIAN_POINT('',(0.003,0.0278388218141501,0.005));
#12511=CARTESIAN_POINT('',(0.003,0.0278388218141501,0.005));
#12512=CARTESIAN_POINT('',(0.003,0.0278388218141501,-0.005));
#12513=CARTESIAN_POINT('',(0.,1.46957615897682E-18,0.005));
#12514=CARTESIAN_POINT('',(-0.003,0.0278388218141501,0.005));
#12515=CARTESIAN_POINT('',(-0.003,0.0278388218141501,0.005));
#12516=CARTESIAN_POINT('',(-0.003,0.0278388218141501,-0.005));
#12517=CARTESIAN_POINT('',(0.,1.46957615897682E-18,-0.005));
#12518=CARTESIAN_POINT('',(0.,1.46957615897682E-18,0.005));
#12519=CARTESIAN_POINT('',(0.,1.46957615897682E-18,0.005));
#12520=CARTESIAN_POINT('',(0.024,1.46957615897682E-18,0.005));
#12521=CARTESIAN_POINT('',(0.003,0.0293337603490808,0.005));
#12522=CARTESIAN_POINT('',(0.003,0.032,0.005));
#12523=CARTESIAN_POINT('',(0.,0.032,0.005));
#12524=CARTESIAN_POINT('',(-0.003,0.032,0.005));
#12525=CARTESIAN_POINT('',(-0.003,0.0293337603490808,0.005));
#12526=CARTESIAN_POINT('',(0.,0.032,0.005));
#12527=CARTESIAN_POINT('',(0.002,0.032,0.005));
#12528=CARTESIAN_POINT('',(0.,1.46957615897682E-18,-0.005));
#12529=CARTESIAN_POINT('',(-0.003,0.0293337603490808,-0.005));
#12530=CARTESIAN_POINT('',(-0.003,0.032,-0.005));
#12531=CARTESIAN_POINT('',(0.,0.032,-0.005));
#12532=CARTESIAN_POINT('',(0.003,0.032,-0.005));
#12533=CARTESIAN_POINT('',(0.003,0.0293337603490808,-0.005));
#12534=CARTESIAN_POINT('',(0.,1.46957615897682E-18,-0.005));
#12535=CARTESIAN_POINT('',(0.024,1.46957615897682E-18,-0.005));
#12536=CARTESIAN_POINT('',(0.,0.032,-0.005));
#12537=CARTESIAN_POINT('',(0.002,0.032,-0.005));
#12538=CARTESIAN_POINT('',(0.,1.46957615897682E-18,0.005));
#12539=CARTESIAN_POINT('',(-0.003,0.0293337603490808,-0.005002));
#12540=CARTESIAN_POINT('',(-0.003,0.032,-0.005002));
#12541=CARTESIAN_POINT('',(0.003,0.0293337603490808,-0.005002));
#12542=CARTESIAN_POINT('',(0.003,0.032,-0.005002));
#12543=CARTESIAN_POINT('',(0.,0.032,-0.005002));
#12544=CARTESIAN_POINT('',(0.,0.032,-0.005002));
#12545=MECHANICAL_DESIGN_GEOMETRIC_PRESENTATION_REPRESENTATION('',(#6623),
#12547);
#12546=MECHANICAL_DESIGN_GEOMETRIC_PRESENTATION_REPRESENTATION('',(#6624),
#12548);
#12547=(
GEOMETRIC_REPRESENTATION_CONTEXT(3)
GLOBAL_UNCERTAINTY_ASSIGNED_CONTEXT((#12549))
GLOBAL_UNIT_ASSIGNED_CONTEXT((#12555,#12553,#12551))
REPRESENTATION_CONTEXT('Insulator','TOP_LEVEL_ASSEMBLY_PART')
);
#12548=(
GEOMETRIC_REPRESENTATION_CONTEXT(3)
GLOBAL_UNCERTAINTY_ASSIGNED_CONTEXT((#12550))
GLOBAL_UNIT_ASSIGNED_CONTEXT((#12556,#12554,#12552))
REPRESENTATION_CONTEXT('Conductor','TOP_LEVEL_ASSEMBLY_PART')
);
#12549=UNCERTAINTY_MEASURE_WITH_UNIT(LENGTH_MEASURE(2.E-5),#12555,
'DISTANCE_ACCURACY_VALUE','Maximum Tolerance applied to model');
#12550=UNCERTAINTY_MEASURE_WITH_UNIT(LENGTH_MEASURE(1.E-8),#12556,
'DISTANCE_ACCURACY_VALUE','Maximum Tolerance applied to model');
#12551=(
NAMED_UNIT(*)
SI_UNIT($,.STERADIAN.)
SOLID_ANGLE_UNIT()
);
#12552=(
NAMED_UNIT(*)
SI_UNIT($,.STERADIAN.)
SOLID_ANGLE_UNIT()
);
#12553=(
NAMED_UNIT(*)
PLANE_ANGLE_UNIT()
SI_UNIT($,.RADIAN.)
);
#12554=(
NAMED_UNIT(*)
PLANE_ANGLE_UNIT()
SI_UNIT($,.RADIAN.)
);
#12555=(
LENGTH_UNIT()
NAMED_UNIT(*)
SI_UNIT($,.METRE.)
);
#12556=(
LENGTH_UNIT()
NAMED_UNIT(*)
SI_UNIT($,.METRE.)
);
#12557=PRODUCT_DEFINITION_SHAPE('','',#12559);
#12558=PRODUCT_DEFINITION_SHAPE('','',#12560);
#12559=PRODUCT_DEFINITION('','',#12563,#12561);
#12560=PRODUCT_DEFINITION('','',#12564,#12562);
#12561=PRODUCT_DEFINITION_CONTEXT('',#12575,'design');
#12562=PRODUCT_DEFINITION_CONTEXT('',#12576,'design');
#12563=PRODUCT_DEFINITION_FORMATION_WITH_SPECIFIED_SOURCE('','',#12567,
 .NOT_KNOWN.);
#12564=PRODUCT_DEFINITION_FORMATION_WITH_SPECIFIED_SOURCE('','',#12568,
 .NOT_KNOWN.);
#12565=PRODUCT_RELATED_PRODUCT_CATEGORY('','',(#12567));
#12566=PRODUCT_RELATED_PRODUCT_CATEGORY('','',(#12568));
#12567=PRODUCT('Insulator','Insulator','Insulator',(#12571));
#12568=PRODUCT('Conductor','Conductor','Conductor',(#12572));
#12569=PRODUCT_CATEGORY('','');
#12570=PRODUCT_CATEGORY('','');
#12571=PRODUCT_CONTEXT('',#12575,'mechanical');
#12572=PRODUCT_CONTEXT('',#12576,'mechanical');
#12573=APPLICATION_PROTOCOL_DEFINITION('international standard',
'ap242_managed_model_based_3d_engineering',2020,#12575);
#12574=APPLICATION_PROTOCOL_DEFINITION('international standard',
'ap242_managed_model_based_3d_engineering',2020,#12576);
#12575=APPLICATION_CONTEXT('managed model based 3d engineering');
#12576=APPLICATION_CONTEXT('managed model based 3d engineering');
ENDSEC;
END-ISO-10303-21;
