ISO-10303-21;
HEADER;
/* Generated by software containing ST-Developer
 * from STEP Tools, Inc. (www.steptools.com) 
 */
/* OPTION: using custom renumber hook */

FILE_DESCRIPTION(
/* description */ ('STEP AP242 Edition 2',
'CAx-IF Rec.Pracs.---Representation and Presentation of Product Manufa
cturing Information (PMI)---4.0---2014-10-13',
'CAx-IF Rec.Pracs.---3D Tessellated Geometry---0.4---2014-09-14','2;1',
'CAx-IF Rec.Pracs.---User Defined Attributes---1.5---2016-08-15'),
/* implementation_level */ '2;1');

FILE_NAME(
/* name */ '698e25a4e375d8acb3fb7aeb',
/* time_stamp */ '2026-02-12T19:11:13Z',
/* author */ (''),
/* organization */ (''),
/* preprocessor_version */ 'ST-DEVELOPER v20',
/* originating_system */ 'ONSHAPE BY PTC INC, 1.210',
/* authorisation */ '  ');

FILE_SCHEMA (('AP242_MANAGED_MODEL_BASED_3D_ENGINEERING_MIM_LF { 1 0 10303 442 3 1 4 }'));
ENDSEC;

DATA;
#10=SHAPE_REPRESENTATION_RELATIONSHIP('','',#2045,#13);
#11=SHAPE_REPRESENTATION_RELATIONSHIP('','',#2046,#14);
#12=SHAPE_REPRESENTATION_RELATIONSHIP('','',#2047,#15);
#13=ADVANCED_BREP_SHAPE_REPRESENTATION('',(#2039),#6456);
#14=ADVANCED_BREP_SHAPE_REPRESENTATION('',(#2040),#6457);
#15=ADVANCED_BREP_SHAPE_REPRESENTATION('',(#2041),#6458);
#16=ELLIPSE('',#2105,0.00116619037896906,0.001);
#17=ELLIPSE('',#2106,0.00116619037896906,0.001);
#18=ELLIPSE('',#2109,0.00116619037896906,0.001);
#19=ELLIPSE('',#2110,0.00116619037896906,0.001);
#20=TOROIDAL_SURFACE('',#2090,0.004,0.0004);
#21=TOROIDAL_SURFACE('',#2098,0.004,0.0004);
#22=TOROIDAL_SURFACE('',#2113,0.0014,0.001);
#23=TOROIDAL_SURFACE('',#2117,0.0034,0.001);
#24=TOROIDAL_SURFACE('',#2121,0.0014,0.001);
#25=TOROIDAL_SURFACE('',#2138,0.00159,0.0004);
#26=TOROIDAL_SURFACE('',#2163,0.00159,0.0004);
#27=CYLINDRICAL_SURFACE('',#2073,0.0044);
#28=CYLINDRICAL_SURFACE('',#2078,0.003);
#29=CYLINDRICAL_SURFACE('',#2083,0.0044);
#30=CYLINDRICAL_SURFACE('',#2086,0.003);
#31=CYLINDRICAL_SURFACE('',#2088,0.0004);
#32=CYLINDRICAL_SURFACE('',#2092,0.0004);
#33=CYLINDRICAL_SURFACE('',#2093,0.0004);
#34=CYLINDRICAL_SURFACE('',#2095,0.0004);
#35=CYLINDRICAL_SURFACE('',#2100,0.0004);
#36=CYLINDRICAL_SURFACE('',#2102,0.0004);
#37=CYLINDRICAL_SURFACE('',#2104,0.001);
#38=CYLINDRICAL_SURFACE('',#2107,0.001);
#39=CYLINDRICAL_SURFACE('',#2108,0.001);
#40=CYLINDRICAL_SURFACE('',#2111,0.001);
#41=CYLINDRICAL_SURFACE('',#2115,0.001);
#42=CYLINDRICAL_SURFACE('',#2119,0.001);
#43=CYLINDRICAL_SURFACE('',#2129,0.0284358961986696);
#44=CYLINDRICAL_SURFACE('',#2130,0.003);
#45=CYLINDRICAL_SURFACE('',#2133,0.00119);
#46=CYLINDRICAL_SURFACE('',#2152,0.003);
#47=CYLINDRICAL_SURFACE('',#2153,0.00119);
#48=(
BOUNDED_SURFACE()
B_SPLINE_SURFACE(3,2,((#3165,#3166,#3167),(#3168,#3169,#3170),(#3171,#3172,
#3173),(#3174,#3175,#3176),(#3177,#3178,#3179),(#3180,#3181,#3182),(#3183,
#3184,#3185)),.UNSPECIFIED.,.F.,.F.,.F.)
B_SPLINE_SURFACE_WITH_KNOTS((4,1,1,1,4),(3,3),(0.00738998686042333,0.007970324793072,
0.00855066272572069,0.00971133859101804,0.0120326903216128),(0.,1.),
 .UNSPECIFIED.)
GEOMETRIC_REPRESENTATION_ITEM()
RATIONAL_B_SPLINE_SURFACE(((1.,0.837062646550303,1.),(1.,0.837182546399786,
1.),(1.,0.843317317635594,1.),(1.,0.848631792361159,1.),(1.,0.857955471716644,
1.),(1.,0.861243404712599,1.),(1.,0.859803501829495,1.)))
REPRESENTATION_ITEM('')
SURFACE()
);
#49=(
BOUNDED_SURFACE()
B_SPLINE_SURFACE(3,2,((#3186,#3187,#3188),(#3189,#3190,#3191),(#3192,#3193,
#3194),(#3195,#3196,#3197)),.UNSPECIFIED.,.F.,.F.,.F.)
B_SPLINE_SURFACE_WITH_KNOTS((4,4),(3,3),(0.00465023704048892,0.0087507952272064),
(0.,1.),.PIECEWISE_BEZIER_KNOTS.)
GEOMETRIC_REPRESENTATION_ITEM()
RATIONAL_B_SPLINE_SURFACE(((1.,0.509169988267902,1.),(1.,0.509069262469198,
1.),(1.,0.513937955302621,1.),(1.,0.527550793955536,1.)))
REPRESENTATION_ITEM('')
SURFACE()
);
#50=(
BOUNDED_SURFACE()
B_SPLINE_SURFACE(3,2,((#3402,#3403,#3404),(#3405,#3406,#3407),(#3408,#3409,
#3410),(#3411,#3412,#3413),(#3414,#3415,#3416),(#3417,#3418,#3419),(#3420,
#3421,#3422)),.UNSPECIFIED.,.F.,.F.,.F.)
B_SPLINE_SURFACE_WITH_KNOTS((4,1,1,1,4),(3,3),(0.00683257974887528,0.00915374431278543,
0.0103143265947405,0.010894617735718,0.0114749088766956),(0.,1.),
 .UNSPECIFIED.)
GEOMETRIC_REPRESENTATION_ITEM()
RATIONAL_B_SPLINE_SURFACE(((1.,0.859803519335088,1.),(1.,0.861242925687438,
1.),(1.,0.85795300978166,1.),(1.,0.848639926265674,1.),(1.,0.843323654782887,
1.),(1.,0.837182527971552,1.),(1.,0.837062649551562,1.)))
REPRESENTATION_ITEM('')
SURFACE()
);
#51=(
BOUNDED_SURFACE()
B_SPLINE_SURFACE(3,2,((#3423,#3424,#3425),(#3426,#3427,#3428),(#3429,#3430,
#3431),(#3432,#3433,#3434)),.UNSPECIFIED.,.F.,.F.,.F.)
B_SPLINE_SURFACE_WITH_KNOTS((4,4),(3,3),(0.00465017339706223,0.00875079560655385),
(0.,1.),.PIECEWISE_BEZIER_KNOTS.)
GEOMETRIC_REPRESENTATION_ITEM()
RATIONAL_B_SPLINE_SURFACE(((1.,0.50916999296147,1.),(1.,0.509069111442528,
1.),(1.,0.513937744969172,1.),(1.,0.527550797735887,1.)))
REPRESENTATION_ITEM('')
SURFACE()
);
#52=(
BOUNDED_SURFACE()
B_SPLINE_SURFACE(3,2,((#4733,#4734,#4735),(#4736,#4737,#4738),(#4739,#4740,
#4741),(#4742,#4743,#4744),(#4745,#4746,#4747),(#4748,#4749,#4750)),
 .UNSPECIFIED.,.F.,.F.,.F.)
B_SPLINE_SURFACE_WITH_KNOTS((4,1,1,4),(3,3),(6.28318530717959,6.67588438887831,
7.06858347057703,7.85398163397448),(0.,1.),.UNSPECIFIED.)
GEOMETRIC_REPRESENTATION_ITEM()
RATIONAL_B_SPLINE_SURFACE(((1.,0.707106781186548,1.),(1.,0.707106781936492,
1.),(1.,0.746332197290242,1.),(1.,0.911046408464624,1.),(1.,0.999999999866105,
1.),(1.,1.,1.)))
REPRESENTATION_ITEM('')
SURFACE()
);
#53=(
BOUNDED_SURFACE()
B_SPLINE_SURFACE(3,2,((#4755,#4756,#4757),(#4758,#4759,#4760),(#4761,#4762,
#4763),(#4764,#4765,#4766),(#4767,#4768,#4769),(#4770,#4771,#4772)),
 .UNSPECIFIED.,.F.,.F.,.F.)
B_SPLINE_SURFACE_WITH_KNOTS((4,1,1,4),(3,3),(6.28318530717959,6.67588438887831,
7.06858347057703,7.85398163397448),(0.,1.),.UNSPECIFIED.)
GEOMETRIC_REPRESENTATION_ITEM()
RATIONAL_B_SPLINE_SURFACE(((1.,0.707106781186548,1.),(1.,0.707106781936492,
1.),(1.,0.746332197290242,1.),(1.,0.911046408464624,1.),(1.,0.999999999866105,
1.),(1.,1.,1.)))
REPRESENTATION_ITEM('')
SURFACE()
);
#54=(
BOUNDED_SURFACE()
B_SPLINE_SURFACE(3,2,((#4775,#4776,#4777),(#4778,#4779,#4780),(#4781,#4782,
#4783),(#4784,#4785,#4786),(#4787,#4788,#4789),(#4790,#4791,#4792),(#4793,
#4794,#4795),(#4796,#4797,#4798),(#4799,#4800,#4801),(#4802,#4803,#4804),
(#4805,#4806,#4807),(#4808,#4809,#4810),(#4811,#4812,#4813),(#4814,#4815,
#4816),(#4817,#4818,#4819)),.UNSPECIFIED.,.F.,.F.,.F.)
B_SPLINE_SURFACE_WITH_KNOTS((4,1,1,1,1,1,1,1,1,1,1,1,4),(3,3),(0.0540700801326895,
0.0583063396099248,0.0604244693485425,0.0625425990871601,0.0646607288257778,
0.0667788585643955,0.0710151180416308,0.0752513775188661,0.0794876369961014,
0.0816057667347191,0.0837238964733367,0.0858420262119544,0.087960155950572),
(0.,1.),.UNSPECIFIED.)
GEOMETRIC_REPRESENTATION_ITEM()
RATIONAL_B_SPLINE_SURFACE(((1.,0.707106781186545,1.),(1.,0.707106781186545,
1.),(1.,0.707106781186548,1.),(1.,0.707106781186547,1.),(1.,0.707106781186547,
1.),(1.,0.707106781186548,1.),(1.,0.707106781186546,1.),(1.,0.707106781186547,
1.),(1.,0.707106781186547,1.),(1.,0.707106781186547,1.),(1.,0.707106781186547,
1.),(1.,0.707106781186547,1.),(1.,0.707106781186546,1.),(1.,0.707106781186547,
1.),(1.,0.707106781186547,1.)))
REPRESENTATION_ITEM('')
SURFACE()
);
#55=(
BOUNDED_SURFACE()
B_SPLINE_SURFACE(3,2,((#4831,#4832,#4833),(#4834,#4835,#4836),(#4837,#4838,
#4839),(#4840,#4841,#4842),(#4843,#4844,#4845),(#4846,#4847,#4848),(#4849,
#4850,#4851),(#4852,#4853,#4854),(#4855,#4856,#4857),(#4858,#4859,#4860),
(#4861,#4862,#4863),(#4864,#4865,#4866),(#4867,#4868,#4869),(#4870,#4871,
#4872),(#4873,#4874,#4875),(#4876,#4877,#4878),(#4879,#4880,#4881),(#4882,
#4883,#4884),(#4885,#4886,#4887)),.UNSPECIFIED.,.F.,.F.,.F.)
B_SPLINE_SURFACE_WITH_KNOTS((4,1,1,1,1,1,1,1,1,1,1,1,1,1,1,1,4),(3,3),(0.0540700801326905,
0.0573267469130255,0.0605834136933605,0.0638400804736955,0.0670967472540305,
0.0703534140343655,0.0736100808147005,0.0768667475950355,0.0801234143753705,
0.0833800811557055,0.0866367479360405,0.0898934147163755,0.0931500814967106,
0.0964067482770456,0.0996634150573806,0.102920081837716,0.106176748618051),
(0.,1.),.UNSPECIFIED.)
GEOMETRIC_REPRESENTATION_ITEM()
RATIONAL_B_SPLINE_SURFACE(((1.,0.707106781186545,1.),(1.,0.707106781186545,
1.),(1.,0.707106781186548,1.),(1.,0.707106781186547,1.),(1.,0.707106781186547,
1.),(1.,0.707106781186547,1.),(1.,0.707106781186547,1.),(1.,0.707106781186547,
1.),(1.,0.707106781186547,1.),(1.,0.707106781186547,1.),(1.,0.707106781186548,
1.),(1.,0.707106781186546,1.),(1.,0.707106781186547,1.),(1.,0.707106781186547,
1.),(1.,0.707106781186547,1.),(1.,0.707106781186546,1.),(1.,0.707106781186548,
1.),(1.,0.707106781186547,1.),(1.,0.707106781186547,1.)))
REPRESENTATION_ITEM('')
SURFACE()
);
#56=(
BOUNDED_SURFACE()
B_SPLINE_SURFACE(3,2,((#5397,#5398,#5399),(#5400,#5401,#5402),(#5403,#5404,
#5405),(#5406,#5407,#5408),(#5409,#5410,#5411),(#5412,#5413,#5414),(#5415,
#5416,#5417),(#5418,#5419,#5420),(#5421,#5422,#5423),(#5424,#5425,#5426),
(#5427,#5428,#5429),(#5430,#5431,#5432),(#5433,#5434,#5435),(#5436,#5437,
#5438),(#5439,#5440,#5441),(#5442,#5443,#5444),(#5445,#5446,#5447),(#5448,
#5449,#5450),(#5451,#5452,#5453),(#5454,#5455,#5456),(#5457,#5458,#5459),
(#5460,#5461,#5462),(#5463,#5464,#5465),(#5466,#5467,#5468),(#5469,#5470,
#5471),(#5472,#5473,#5474),(#5475,#5476,#5477),(#5478,#5479,#5480),(#5481,
#5482,#5483),(#5484,#5485,#5486),(#5487,#5488,#5489)),.UNSPECIFIED.,.F.,
 .F.,.F.)
B_SPLINE_SURFACE_WITH_KNOTS((4,1,1,1,1,1,1,1,1,1,1,1,1,1,1,1,1,1,1,1,1,
1,1,1,1,1,1,1,4),(3,3),(0.0926139036812911,0.09497959303626,0.0973452823912288,
0.0997109717461976,0.102076661101166,0.104442350456135,0.106808039811104,
0.109173729166073,0.111539418521042,0.113905107876011,0.116270797230979,
0.118636486585948,0.121002175940917,0.125733554650855,0.130464933360792,
0.13519631207073,0.137562001425699,0.139927690780667,0.142293380135636,
0.144659069490605,0.147024758845574,0.149390448200543,0.151756137555512,
0.15412182691048,0.158853205620418,0.161218894975387,0.163584584330356,
0.165950273685325,0.168315963040293),(0.,1.),.UNSPECIFIED.)
GEOMETRIC_REPRESENTATION_ITEM()
RATIONAL_B_SPLINE_SURFACE(((1.,0.516662682012054,1.),(1.,0.521444764510791,
1.),(1.,0.536088343509938,1.),(1.,0.577270143192616,1.),(1.,0.620931229688608,
1.),(1.,0.657983791355162,1.),(1.,0.68513082524385,1.),(1.,0.702635258428942,
1.),(1.,0.716067460636377,1.),(1.,0.725368089814073,1.),(1.,0.723011679906185,
1.),(1.,0.692539211427189,1.),(1.,0.66533354375651,1.),(1.,0.652886790233838,
1.),(1.,0.653140912760928,1.),(1.,0.653783759103533,1.),(1.,0.653073754481984,
1.),(1.,0.653297821918789,1.),(1.,0.656032575378,1.),(1.,0.665885130816574,
1.),(1.,0.693554930315953,1.),(1.,0.723441689136102,1.),(1.,0.725208667855776,
1.),(1.,0.715710119770396,1.),(1.,0.69804699789912,1.),(1.,0.670373021810418,
1.),(1.,0.619947948537021,1.),(1.,0.57733604188219,1.),(1.,0.535860882733769,
1.),(1.,0.521438212261178,1.),(1.,0.51669046515912,1.)))
REPRESENTATION_ITEM('')
SURFACE()
);
#57=(
BOUNDED_SURFACE()
B_SPLINE_SURFACE(3,2,((#5490,#5491,#5492),(#5493,#5494,#5495),(#5496,#5497,
#5498),(#5499,#5500,#5501),(#5502,#5503,#5504),(#5505,#5506,#5507),(#5508,
#5509,#5510),(#5511,#5512,#5513),(#5514,#5515,#5516),(#5517,#5518,#5519),
(#5520,#5521,#5522),(#5523,#5524,#5525),(#5526,#5527,#5528),(#5529,#5530,
#5531),(#5532,#5533,#5534),(#5535,#5536,#5537),(#5538,#5539,#5540),(#5541,
#5542,#5543),(#5544,#5545,#5546),(#5547,#5548,#5549),(#5550,#5551,#5552),
(#5553,#5554,#5555),(#5556,#5557,#5558),(#5559,#5560,#5561),(#5562,#5563,
#5564),(#5565,#5566,#5567),(#5568,#5569,#5570),(#5571,#5572,#5573),(#5574,
#5575,#5576)),.UNSPECIFIED.,.F.,.F.,.F.)
B_SPLINE_SURFACE_WITH_KNOTS((4,1,1,1,1,1,1,1,1,1,1,1,1,1,1,1,1,1,1,1,1,
1,1,1,1,1,4),(3,3),(0.0113377550406704,0.0135268994018094,0.0157160437629484,
0.0200943324852265,0.0244726212075045,0.0266617655686436,0.0288509099297826,
0.0310400542909216,0.0332291986520607,0.0354183430131997,0.0376074873743387,
0.0419857760966168,0.0463640648188948,0.0507423535411729,0.055120642263451,
0.05730978662459,0.059498930985729,0.061688075346868,0.0638772197080071,
0.0660663640691461,0.0682555084302851,0.0704446527914242,0.0726337971525632,
0.0748229415137022,0.0770120858748412,0.0792012302359803,0.0813903745971193),
(0.,1.),.UNSPECIFIED.)
GEOMETRIC_REPRESENTATION_ITEM()
RATIONAL_B_SPLINE_SURFACE(((1.,0.849920947674005,1.),(1.,0.8448512540758,
1.),(1.,0.831089863283882,1.),(1.,0.78871338555791,1.),(1.,0.73731877466827,
1.),(1.,0.710792374191775,1.),(1.,0.69434588611361,1.),(1.,0.686618135928724,
1.),(1.,0.693809910278264,1.),(1.,0.723745613943981,1.),(1.,0.745585676031623,
1.),(1.,0.757039064799295,1.),(1.,0.758213114274021,1.),(1.,0.758123117959884,
1.),(1.,0.758182683811264,1.),(1.,0.757132261625223,1.),(1.,0.745718370191318,
1.),(1.,0.724060608718935,1.),(1.,0.694045777240727,1.),(1.,0.686580192674535,
1.),(1.,0.694238059961085,1.),(1.,0.706689575468971,1.),(1.,0.720892973422715,
1.),(1.,0.741079758743728,1.),(1.,0.768375395349,1.),(1.,0.799142533516096,
1.),(1.,0.830942899559683,1.),(1.,0.844833372077887,1.),(1.,0.849949080096158,
1.)))
REPRESENTATION_ITEM('')
SURFACE()
);
#58=(
BOUNDED_SURFACE()
B_SPLINE_SURFACE(3,2,((#5578,#5579,#5580),(#5581,#5582,#5583),(#5584,#5585,
#5586),(#5587,#5588,#5589),(#5590,#5591,#5592),(#5593,#5594,#5595),(#5596,
#5597,#5598)),.UNSPECIFIED.,.F.,.F.,.F.)
B_SPLINE_SURFACE_WITH_KNOTS((4,1,1,1,4),(3,3),(0.00624389491309683,0.00781879448881787,
0.00939369406453891,0.01096859364026,0.012543493215981),(0.,1.),
 .UNSPECIFIED.)
GEOMETRIC_REPRESENTATION_ITEM()
RATIONAL_B_SPLINE_SURFACE(((1.,0.707106781186547,1.),(1.,0.707106781186547,
1.),(1.,0.707106781186546,1.),(1.,0.707106781186549,1.),(1.,0.707106781186546,
1.),(1.,0.707106781186547,1.),(1.,0.707106781186547,1.)))
REPRESENTATION_ITEM('')
SURFACE()
);
#59=(
BOUNDED_SURFACE()
B_SPLINE_SURFACE(3,2,((#6117,#6118,#6119),(#6120,#6121,#6122),(#6123,#6124,
#6125),(#6126,#6127,#6128)),.UNSPECIFIED.,.F.,.F.,.F.)
B_SPLINE_SURFACE_WITH_KNOTS((4,4),(3,3),(0.014354630551965,0.0156426612595252),
(0.,1.),.PIECEWISE_BEZIER_KNOTS.)
GEOMETRIC_REPRESENTATION_ITEM()
RATIONAL_B_SPLINE_SURFACE(((1.,0.718421933179878,1.),(1.,0.71898964786253,
1.),(1.,0.719570508844701,1.),(1.,0.720169862466105,1.)))
REPRESENTATION_ITEM('')
SURFACE()
);
#60=(
BOUNDED_SURFACE()
B_SPLINE_SURFACE(3,2,((#6141,#6142,#6143),(#6144,#6145,#6146),(#6147,#6148,
#6149),(#6150,#6151,#6152)),.UNSPECIFIED.,.F.,.F.,.F.)
B_SPLINE_SURFACE_WITH_KNOTS((4,4),(3,3),(0.0143553086669302,0.015643105022789),
(0.,1.),.PIECEWISE_BEZIER_KNOTS.)
GEOMETRIC_REPRESENTATION_ITEM()
RATIONAL_B_SPLINE_SURFACE(((1.,0.718657543702354,1.),(1.,0.7192409885361,
1.),(1.,0.719836408447055,1.),(1.,0.720449200413432,1.)))
REPRESENTATION_ITEM('')
SURFACE()
);
#61=(
BOUNDED_SURFACE()
B_SPLINE_SURFACE(3,2,((#6165,#6166,#6167),(#6168,#6169,#6170),(#6171,#6172,
#6173),(#6174,#6175,#6176),(#6177,#6178,#6179)),.UNSPECIFIED.,.F.,.F.,.F.)
B_SPLINE_SURFACE_WITH_KNOTS((4,1,4),(3,3),(-1.30104260698261E-18,0.00231790102073189,
0.00463580204146377),(0.,1.),.UNSPECIFIED.)
GEOMETRIC_REPRESENTATION_ITEM()
RATIONAL_B_SPLINE_SURFACE(((1.,0.514032334691047,1.),(1.,0.513735160349796,
1.),(1.,0.511480300452495,1.),(1.,0.5086173068589,1.),(1.,0.50953071939209,
1.)))
REPRESENTATION_ITEM('')
SURFACE()
);
#62=(
BOUNDED_SURFACE()
B_SPLINE_SURFACE(3,2,((#6181,#6182,#6183),(#6184,#6185,#6186),(#6187,#6188,
#6189),(#6190,#6191,#6192),(#6193,#6194,#6195),(#6196,#6197,#6198),(#6199,
#6200,#6201),(#6202,#6203,#6204)),.UNSPECIFIED.,.F.,.F.,.F.)
B_SPLINE_SURFACE_WITH_KNOTS((4,1,1,1,1,4),(3,3),(-9.32413868337534E-18,
0.000804484410214351,0.00120672661532153,0.00160896882042871,0.00241345323064307,
0.00321793764085743),(0.,1.),.UNSPECIFIED.)
GEOMETRIC_REPRESENTATION_ITEM()
RATIONAL_B_SPLINE_SURFACE(((1.,0.514032334691056,1.),(1.,0.494084244748153,
1.),(1.,0.472638379076321,1.),(1.,0.475438842944016,1.),(1.,0.498100636912872,
1.),(1.,0.552982904759191,1.),(1.,0.601688569109505,1.),(1.,0.625235582111696,
1.)))
REPRESENTATION_ITEM('')
SURFACE()
);
#63=(
BOUNDED_SURFACE()
B_SPLINE_SURFACE(3,2,((#6206,#6207,#6208),(#6209,#6210,#6211),(#6212,#6213,
#6214),(#6215,#6216,#6217),(#6218,#6219,#6220),(#6221,#6222,#6223),(#6224,
#6225,#6226),(#6227,#6228,#6229),(#6230,#6231,#6232),(#6233,#6234,#6235),
(#6236,#6237,#6238),(#6239,#6240,#6241),(#6242,#6243,#6244),(#6245,#6246,
#6247),(#6248,#6249,#6250),(#6251,#6252,#6253),(#6254,#6255,#6256),(#6257,
#6258,#6259),(#6260,#6261,#6262),(#6263,#6264,#6265),(#6266,#6267,#6268)),
 .UNSPECIFIED.,.F.,.F.,.F.)
B_SPLINE_SURFACE_WITH_KNOTS((4,1,1,1,1,1,1,1,1,1,1,1,1,1,1,1,1,1,4),(3,
3),(-2.21288265489505E-13,0.00282965100246565,0.00424447650380912,0.00565930200515258,
0.00707412750649605,0.00848895300783952,0.00919636575851126,0.00990377850918299,
0.0106111912598547,0.0113186040105265,0.0120260167611982,0.0127334295118699,
0.0134408422625417,0.0141482550132134,0.0155630805145569,0.0169779060159003,
0.0183927315172438,0.0198075570185873,0.0226372080212742),(0.,1.),
 .UNSPECIFIED.)
GEOMETRIC_REPRESENTATION_ITEM()
RATIONAL_B_SPLINE_SURFACE(((1.,0.62523558211194,1.),(1.,0.626443908672231,
1.),(1.,0.62890623737694,1.),(1.,0.633824658780738,1.),(1.,0.638518055552825,
1.),(1.,0.644715918919298,1.),(1.,0.651606323395102,1.),(1.,0.660547167209659,
1.),(1.,0.670549458008925,1.),(1.,0.695878826214505,1.),(1.,0.713439079877978,
1.),(1.,0.692757448258459,1.),(1.,0.668750297006232,1.),(1.,0.659451334134009,
1.),(1.,0.650859645157527,1.),(1.,0.644141023758607,1.),(1.,0.638125636413402,
1.),(1.,0.633568177654644,1.),(1.,0.628796401630774,1.),(1.,0.626410139341232,
1.),(1.,0.625236044953028,1.)))
REPRESENTATION_ITEM('')
SURFACE()
);
#64=(
BOUNDED_SURFACE()
B_SPLINE_SURFACE(3,2,((#6270,#6271,#6272),(#6273,#6274,#6275),(#6276,#6277,
#6278),(#6279,#6280,#6281),(#6282,#6283,#6284),(#6285,#6286,#6287),(#6288,
#6289,#6290),(#6291,#6292,#6293),(#6294,#6295,#6296)),.UNSPECIFIED.,.F.,
 .F.,.F.)
B_SPLINE_SURFACE_WITH_KNOTS((4,1,1,1,1,1,4),(3,3),(-4.3832125429244E-15,
0.000804389012438807,0.001608778024882,0.00201097253110359,0.00241316703732519,
0.00281536154354678,0.00321755604976838),(0.,1.),.UNSPECIFIED.)
GEOMETRIC_REPRESENTATION_ITEM()
RATIONAL_B_SPLINE_SURFACE(((1.,0.625236044952923,1.),(1.,0.601654656785988,
1.),(1.,0.553214747947038,1.),(1.,0.498154977040718,1.),(1.,0.475485172530808,
1.),(1.,0.473198639125341,1.),(1.,0.486864619436943,1.),(1.,0.504015316093266,
1.),(1.,0.514032437430716,1.)))
REPRESENTATION_ITEM('')
SURFACE()
);
#65=(
BOUNDED_SURFACE()
B_SPLINE_SURFACE(3,2,((#6298,#6299,#6300),(#6301,#6302,#6303),(#6304,#6305,
#6306),(#6307,#6308,#6309),(#6310,#6311,#6312)),.UNSPECIFIED.,.F.,.F.,.F.)
B_SPLINE_SURFACE_WITH_KNOTS((4,1,4),(3,3),(-6.50521303491303E-18,0.00231803631150615,
0.00463607262301232),(0.,1.),.UNSPECIFIED.)
GEOMETRIC_REPRESENTATION_ITEM()
RATIONAL_B_SPLINE_SURFACE(((1.,0.514032437430711,1.),(1.,0.513735383515837,
1.),(1.,0.511480755775398,1.),(1.,0.508617252651465,1.),(1.,0.509530721310489,
1.)))
REPRESENTATION_ITEM('')
SURFACE()
);
#66=(
BOUNDED_SURFACE()
B_SPLINE_SURFACE(3,2,((#6313,#6314,#6315),(#6316,#6317,#6318),(#6319,#6320,
#6321),(#6322,#6323,#6324),(#6325,#6326,#6327)),.UNSPECIFIED.,.F.,.F.,.F.)
B_SPLINE_SURFACE_WITH_KNOTS((4,1,4),(3,3),(1.73472347597681E-18,0.00265038117994171,
0.00530076235988341),(0.,1.),.UNSPECIFIED.)
GEOMETRIC_REPRESENTATION_ITEM()
RATIONAL_B_SPLINE_SURFACE(((1.,0.861294493497991,1.),(1.,0.861289319429124,
1.),(1.,0.863198489625103,1.),(1.,0.862944448865609,1.),(1.,0.8608547018767,
1.)))
REPRESENTATION_ITEM('')
SURFACE()
);
#67=(
BOUNDED_SURFACE()
B_SPLINE_SURFACE(3,2,((#6329,#6330,#6331),(#6332,#6333,#6334),(#6335,#6336,
#6337),(#6338,#6339,#6340),(#6341,#6342,#6343),(#6344,#6345,#6346),(#6347,
#6348,#6349)),.UNSPECIFIED.,.F.,.F.,.F.)
B_SPLINE_SURFACE_WITH_KNOTS((4,1,1,1,4),(3,3),(-3.70797142990043E-17,0.000805850372314245,
0.00161170074462853,0.00241755111694281,0.00322340148925709),(0.,1.),
 .UNSPECIFIED.)
GEOMETRIC_REPRESENTATION_ITEM()
RATIONAL_B_SPLINE_SURFACE(((1.,0.782807961706501,1.),(1.,0.801978711870027,
1.),(1.,0.837765463412429,1.),(1.,0.87808342364032,1.),(1.,0.889462593082494,
1.),(1.,0.873514002376898,1.),(1.,0.861294493498015,1.)))
REPRESENTATION_ITEM('')
SURFACE()
);
#68=(
BOUNDED_SURFACE()
B_SPLINE_SURFACE(3,2,((#6351,#6352,#6353),(#6354,#6355,#6356),(#6357,#6358,
#6359),(#6360,#6361,#6362),(#6363,#6364,#6365),(#6366,#6367,#6368),(#6369,
#6370,#6371),(#6372,#6373,#6374),(#6375,#6376,#6377),(#6378,#6379,#6380),
(#6381,#6382,#6383),(#6384,#6385,#6386),(#6387,#6388,#6389),(#6390,#6391,
#6392),(#6393,#6394,#6395),(#6396,#6397,#6398),(#6399,#6400,#6401),(#6402,
#6403,#6404),(#6405,#6406,#6407),(#6408,#6409,#6410),(#6411,#6412,#6413)),
 .UNSPECIFIED.,.F.,.F.,.F.)
B_SPLINE_SURFACE_WITH_KNOTS((4,1,1,1,1,1,1,1,1,1,1,1,1,1,1,1,1,1,4),(3,
3),(-3.56249751920501E-13,0.00274224783197012,0.0041133717481333,0.00548449566429649,
0.00685561958045967,0.00822674349662286,0.00891230545470445,0.00959786741278604,
0.0102834293708676,0.0109689913289492,0.0116545532870308,0.0123401152451124,
0.013025677203194,0.0137112391612756,0.0150823630774388,0.016453486993602,
0.0178246109097652,0.0191957348259283,0.0219379826582547),(0.,1.),
 .UNSPECIFIED.)
GEOMETRIC_REPRESENTATION_ITEM()
RATIONAL_B_SPLINE_SURFACE(((1.,0.782801292947557,1.),(1.,0.781770508185434,
1.),(1.,0.779715556934083,1.),(1.,0.775613846760768,1.),(1.,0.771678960799429,
1.),(1.,0.766406216312787,1.),(1.,0.760457461708024,1.),(1.,0.752530315300958,
1.),(1.,0.743523221199485,1.),(1.,0.719928881307523,1.),(1.,0.700637328772617,
1.),(1.,0.720161455911516,1.),(1.,0.74394410237359,1.),(1.,0.752941420526434,
1.),(1.,0.760797120163428,1.),(1.,0.766716639810843,1.),(1.,0.771903100310744,
1.),(1.,0.775771205215076,1.),(1.,0.779791832948152,1.),(1.,0.78180010547796,
1.),(1.,0.782807961706323,1.)))
REPRESENTATION_ITEM('')
SURFACE()
);
#69=(
BOUNDED_SURFACE()
B_SPLINE_SURFACE(3,2,((#6415,#6416,#6417),(#6418,#6419,#6420),(#6421,#6422,
#6423),(#6424,#6425,#6426),(#6427,#6428,#6429),(#6430,#6431,#6432),(#6433,
#6434,#6435)),.UNSPECIFIED.,.F.,.F.,.F.)
B_SPLINE_SURFACE_WITH_KNOTS((4,1,1,1,4),(3,3),(-7.80625564189563E-18,0.000805963688178688,
0.00161192737635738,0.00241789106453608,0.00322385475271477),(0.,1.),
 .UNSPECIFIED.)
GEOMETRIC_REPRESENTATION_ITEM()
RATIONAL_B_SPLINE_SURFACE(((1.,0.861294493500042,1.),(1.,0.873458018635789,
1.),(1.,0.889379408288949,1.),(1.,0.878102856996058,1.),(1.,0.837929279963321,
1.),(1.,0.801943086608432,1.),(1.,0.782801292948583,1.)))
REPRESENTATION_ITEM('')
SURFACE()
);
#70=(
BOUNDED_SURFACE()
B_SPLINE_SURFACE(3,2,((#6437,#6438,#6439),(#6440,#6441,#6442),(#6443,#6444,
#6445),(#6446,#6447,#6448),(#6449,#6450,#6451)),.UNSPECIFIED.,.F.,.F.,.F.)
B_SPLINE_SURFACE_WITH_KNOTS((4,1,4),(3,3),(-4.33680868994202E-18,0.00265038135718215,
0.00530076271436431),(0.,1.),.UNSPECIFIED.)
GEOMETRIC_REPRESENTATION_ITEM()
RATIONAL_B_SPLINE_SURFACE(((1.,0.861294493500048,1.),(1.,0.861289319300446,
1.),(1.,0.863198489354688,1.),(1.,0.862944449007106,1.),(1.,0.860854701871626,
1.)))
REPRESENTATION_ITEM('')
SURFACE()
);
#71=CIRCLE('',#2051,0.0044);
#72=CIRCLE('',#2052,0.0014);
#73=CIRCLE('',#2053,0.0034);
#74=CIRCLE('',#2054,0.0014);
#75=CIRCLE('',#2055,0.003);
#76=CIRCLE('',#2056,0.003);
#77=CIRCLE('',#2059,0.004);
#78=CIRCLE('',#2060,0.003);
#79=CIRCLE('',#2069,0.003);
#80=CIRCLE('',#2070,0.004);
#81=CIRCLE('',#2074,0.0044);
#82=CIRCLE('',#2075,0.0044);
#83=CIRCLE('',#2077,0.001);
#84=CIRCLE('',#2080,0.001);
#85=CIRCLE('',#2084,0.0044);
#86=CIRCLE('',#2089,0.0004);
#87=CIRCLE('',#2091,0.0004);
#88=CIRCLE('',#2094,0.0004);
#89=CIRCLE('',#2096,0.0004);
#90=CIRCLE('',#2097,0.0004);
#91=CIRCLE('',#2099,0.0004);
#92=CIRCLE('',#2101,0.0004);
#93=CIRCLE('',#2103,0.0004);
#94=CIRCLE('',#2112,0.001);
#95=CIRCLE('',#2114,0.001);
#96=CIRCLE('',#2116,0.001);
#97=CIRCLE('',#2118,0.001);
#98=CIRCLE('',#2120,0.001);
#99=CIRCLE('',#2122,0.001);
#100=CIRCLE('',#2125,0.003);
#101=CIRCLE('',#2126,0.00119);
#102=CIRCLE('',#2131,0.003);
#103=CIRCLE('',#2134,0.00119);
#104=CIRCLE('',#2137,0.00159);
#105=CIRCLE('',#2141,0.003);
#106=CIRCLE('',#2142,0.00119);
#107=CIRCLE('',#2146,0.00159);
#108=CIRCLE('',#2147,0.003);
#109=CIRCLE('',#2154,0.00119);
#110=CIRCLE('',#2155,0.001);
#111=CIRCLE('',#2156,0.001);
#112=CIRCLE('',#2157,0.001);
#113=CIRCLE('',#2158,0.001);
#114=CIRCLE('',#2159,0.001);
#115=CIRCLE('',#2160,0.001);
#116=CIRCLE('',#2161,0.001);
#117=CIRCLE('',#2162,0.001);
#118=PLANE('',#2049);
#119=PLANE('',#2050);
#120=PLANE('',#2057);
#121=PLANE('',#2058);
#122=PLANE('',#2061);
#123=PLANE('',#2062);
#124=PLANE('',#2063);
#125=PLANE('',#2064);
#126=PLANE('',#2065);
#127=PLANE('',#2066);
#128=PLANE('',#2067);
#129=PLANE('',#2068);
#130=PLANE('',#2071);
#131=PLANE('',#2072);
#132=PLANE('',#2076);
#133=PLANE('',#2079);
#134=PLANE('',#2081);
#135=PLANE('',#2082);
#136=PLANE('',#2085);
#137=PLANE('',#2087);
#138=PLANE('',#2124);
#139=PLANE('',#2127);
#140=PLANE('',#2128);
#141=PLANE('',#2132);
#142=PLANE('',#2135);
#143=PLANE('',#2136);
#144=PLANE('',#2140);
#145=PLANE('',#2143);
#146=PLANE('',#2144);
#147=PLANE('',#2145);
#148=PLANE('',#2148);
#149=PLANE('',#2149);
#150=PLANE('',#2150);
#151=PLANE('',#2151);
#152=B_SPLINE_CURVE_WITH_KNOTS('',3,(#2600,#2601,#2602,#2603,#2604,#2605,
#2606,#2607,#2608,#2609,#2610,#2611,#2612,#2613,#2614,#2615,#2616,#2617,
#2618),.UNSPECIFIED.,.F.,.F.,(4,1,1,1,1,1,1,1,1,1,1,1,1,1,1,1,4),(0.,0.00348688986136389,
0.00697377972272778,0.0104606695840917,0.0139475594454556,0.0174344493068194,
0.0209213391681833,0.0244082290295472,0.0278951188909111,0.031382008752275,
0.0348688986136389,0.0383557884750028,0.0418426783363667,0.0453295681977305,
0.0488164580590944,0.0523033479204583,0.0557902377818222),.UNSPECIFIED.);
#153=B_SPLINE_CURVE_WITH_KNOTS('',3,(#2622,#2623,#2624,#2625,#2626,#2627,
#2628,#2629,#2630,#2631,#2632,#2633,#2634,#2635),.UNSPECIFIED.,.F.,.F.,
(4,1,1,1,1,1,1,1,1,1,1,4),(0.,0.11991297297058,0.23982594594116,0.35973891891174,
0.41969540539703,0.479651891882319,0.599564864852899,0.659521351338189,
0.719477837823479,0.779434324308769,0.839390810794059,0.959303783764639),
 .UNSPECIFIED.);
#154=B_SPLINE_CURVE_WITH_KNOTS('',3,(#2637,#2638,#2639,#2640),
 .UNSPECIFIED.,.F.,.F.,(4,4),(0.,1.),.UNSPECIFIED.);
#155=B_SPLINE_CURVE_WITH_KNOTS('',3,(#2642,#2643,#2644,#2645),
 .UNSPECIFIED.,.F.,.F.,(4,4),(0.,1.),.UNSPECIFIED.);
#156=B_SPLINE_CURVE_WITH_KNOTS('',3,(#2647,#2648,#2649,#2650,#2651),
 .UNSPECIFIED.,.F.,.F.,(4,1,4),(0.,0.5,1.),.UNSPECIFIED.);
#157=B_SPLINE_CURVE_WITH_KNOTS('',3,(#2653,#2654,#2655,#2656,#2657,#2658,
#2659,#2660,#2661,#2662,#2663,#2664,#2665,#2666,#2667,#2668,#2669),
 .UNSPECIFIED.,.F.,.F.,(4,1,1,1,1,1,1,1,1,1,1,1,1,1,4),(0.,0.125,0.1875,
0.25,0.3125,0.375,0.4375,0.5,0.5625,0.625,0.6875,0.75,0.8125,0.875,1.),
 .UNSPECIFIED.);
#158=B_SPLINE_CURVE_WITH_KNOTS('',3,(#2671,#2672,#2673,#2674,#2675),
 .UNSPECIFIED.,.F.,.F.,(4,1,4),(0.,0.5,1.),.UNSPECIFIED.);
#159=B_SPLINE_CURVE_WITH_KNOTS('',3,(#2677,#2678,#2679,#2680),
 .UNSPECIFIED.,.F.,.F.,(4,4),(0.,1.),.UNSPECIFIED.);
#160=B_SPLINE_CURVE_WITH_KNOTS('',3,(#2682,#2683,#2684,#2685),
 .UNSPECIFIED.,.F.,.F.,(4,4),(0.,1.),.UNSPECIFIED.);
#161=B_SPLINE_CURVE_WITH_KNOTS('',3,(#2687,#2688,#2689,#2690,#2691,#2692,
#2693,#2694,#2695,#2696,#2697,#2698,#2699,#2700),.UNSPECIFIED.,.F.,.F.,
(4,1,1,1,1,1,1,1,1,1,1,4),(0.0406959555434479,0.160608961100517,0.220565463879051,
0.280521966657586,0.34047846943612,0.400434972214655,0.520347977771724,
0.580304480550258,0.640260983328793,0.760173988885862,0.880086994442931,
1.),.UNSPECIFIED.);
#162=B_SPLINE_CURVE_WITH_KNOTS('',3,(#2704,#2705,#2706,#2707,#2708,#2709,
#2710,#2711,#2712,#2713,#2714,#2715,#2716),.UNSPECIFIED.,.F.,.F.,(4,1,1,
1,1,1,1,1,1,1,4),(0.,0.00445560420820215,0.00668340631230322,0.0089112084164043,
0.0111390105205054,0.0133668126246064,0.0178224168328086,0.0222780210410107,
0.0267336252492129,0.031189229457415,0.0356448336656172),.UNSPECIFIED.);
#163=B_SPLINE_CURVE_WITH_KNOTS('',3,(#2720,#2721,#2722,#2723),
 .UNSPECIFIED.,.F.,.F.,(4,4),(0.,0.000633988368469378),.UNSPECIFIED.);
#164=B_SPLINE_CURVE_WITH_KNOTS('',3,(#2725,#2726,#2727,#2728),
 .UNSPECIFIED.,.F.,.F.,(4,4),(0.000407086647654703,0.00116241432809981),
 .UNSPECIFIED.);
#165=B_SPLINE_CURVE_WITH_KNOTS('',3,(#2730,#2731,#2732,#2733),
 .UNSPECIFIED.,.F.,.F.,(4,4),(0.360416844800342,0.395482362239693),
 .UNSPECIFIED.);
#166=B_SPLINE_CURVE_WITH_KNOTS('',3,(#2735,#2736,#2737,#2738),
 .UNSPECIFIED.,.F.,.F.,(4,4),(0.395482362239693,0.430507919778832),
 .UNSPECIFIED.);
#167=B_SPLINE_CURVE_WITH_KNOTS('',3,(#2740,#2741,#2742,#2743),
 .UNSPECIFIED.,.F.,.F.,(4,4),(0.430507919778832,0.431156114107717),
 .UNSPECIFIED.);
#168=B_SPLINE_CURVE_WITH_KNOTS('',3,(#2745,#2746,#2747,#2748),
 .UNSPECIFIED.,.F.,.F.,(4,4),(0.00748083499325558,0.0084204530568801),
 .UNSPECIFIED.);
#169=B_SPLINE_CURVE_WITH_KNOTS('',3,(#2750,#2751,#2752,#2753),
 .UNSPECIFIED.,.F.,.F.,(4,4),(0.,0.000625955411466825),.UNSPECIFIED.);
#170=B_SPLINE_CURVE_WITH_KNOTS('',3,(#2755,#2756,#2757,#2758,#2759,#2760),
 .UNSPECIFIED.,.F.,.F.,(4,1,1,4),(0.,0.38122701159667,0.722524402439287,
1.),.UNSPECIFIED.);
#171=B_SPLINE_CURVE_WITH_KNOTS('',3,(#2763,#2764,#2765,#2766,#2767),
 .UNSPECIFIED.,.F.,.F.,(4,1,4),(2.01235269483589E-15,0.000773505281538542,
0.00154701056307507),.UNSPECIFIED.);
#172=B_SPLINE_CURVE_WITH_KNOTS('',3,(#2775,#2776,#2777,#2778,#2779,#2780,
#2781),.UNSPECIFIED.,.F.,.F.,(4,1,1,1,4),(0.,0.00058822057780806,0.00117644115561612,
0.00176466173342418,0.00235288231123224),.UNSPECIFIED.);
#173=B_SPLINE_CURVE_WITH_KNOTS('',3,(#2783,#2784,#2785,#2786,#2787,#2788,
#2789,#2790,#2791,#2792,#2793,#2794,#2795,#2796,#2797,#2798,#2799,#2800,
#2801),.UNSPECIFIED.,.F.,.F.,(4,1,1,1,1,1,1,1,1,1,1,1,1,1,1,1,4),(0.,0.00320273152546743,
0.00640546305093487,0.0096081945764023,0.0128109261018697,0.0160136576273372,
0.0192163891528046,0.022419120678272,0.0256218522037395,0.0288245837292069,
0.0320273152546744,0.0352300467801418,0.0384327783056092,0.0416355098310767,
0.0448382413565441,0.0480409728820115,0.051243704407479),.UNSPECIFIED.);
#174=B_SPLINE_CURVE_WITH_KNOTS('',3,(#2810,#2811,#2812,#2813,#2814,#2815,
#2816,#2817,#2818,#2819,#2820,#2821,#2822),.UNSPECIFIED.,.F.,.F.,(4,1,1,
1,1,1,1,1,1,1,4),(0.,0.00421920503559378,0.00843841007118755,0.0126576151067813,
0.0168768201423751,0.0210960251779689,0.0232056276957658,0.0253152302135627,
0.0274248327313595,0.0295344352491564,0.0337536402847502),.UNSPECIFIED.);
#175=B_SPLINE_CURVE_WITH_KNOTS('',3,(#2836,#2837,#2838,#2839,#2840,#2841,
#2842,#2843,#2844,#2845,#2846,#2847,#2848,#2849,#2850,#2851,#2852,#2853,
#2854,#2855,#2856,#2857,#2858,#2859,#2860,#2861,#2862,#2863,#2864,#2865,
#2866,#2867,#2868,#2869,#2870,#2871,#2872,#2873,#2874,#2875,#2876,#2877,
#2878,#2879,#2880,#2881,#2882,#2883,#2884,#2885,#2886,#2887,#2888,#2889,
#2890,#2891,#2892,#2893,#2894,#2895,#2896,#2897,#2898,#2899,#2900,#2901,
#2902,#2903,#2904,#2905,#2906,#2907,#2908,#2909,#2910),.UNSPECIFIED.,.T.,
 .F.,(1,1,1,1,1,1,1,1,1,1,1,1,1,1,1,1,1,1,1,1,1,1,1,1,1,1,1,1,1,1,1,1,1,
1,1,1,1,1,1,1,1,1,1,1,1,1,1,1,1,1,1,1,1,1,1,1,1,1,1,1,1,1,1,1,1,1,1,1,1,
1,1,1,1,1,1,1,1,1,1),(-0.078125,-0.0625,-0.03125,0.,0.03125,0.0625,0.078125,
0.09375,0.109375,0.1171875,0.125,0.1328125,0.140625,0.15625,0.171875,0.1875,
0.203125,0.21875,0.2265625,0.234375,0.25,0.265625,0.28125,0.296875,0.3125,
0.3203125,0.328125,0.34375,0.359375,0.375,0.390625,0.40625,0.4140625,0.421875,
0.4375,0.453125,0.46875,0.484375,0.4921875,0.5,0.5078125,0.515625,0.53125,
0.546875,0.5625,0.578125,0.5859375,0.59375,0.609375,0.625,0.640625,0.65625,
0.671875,0.6796875,0.6875,0.703125,0.71875,0.734375,0.75,0.765625,0.7734375,
0.78125,0.796875,0.8125,0.828125,0.84375,0.859375,0.8671875,0.875,0.8828125,
0.890625,0.90625,0.921875,0.9375,0.96875,1.,1.03125,1.0625,1.078125),
 .UNSPECIFIED.);
#176=B_SPLINE_CURVE_WITH_KNOTS('',3,(#2911,#2912,#2913,#2914),
 .UNSPECIFIED.,.F.,.F.,(4,4),(0.333880525303018,0.377991241870989),
 .PIECEWISE_BEZIER_KNOTS.);
#177=B_SPLINE_CURVE_WITH_KNOTS('',3,(#2928,#2929,#2930,#2931,#2932,#2933,
#2934,#2935,#2936,#2937,#2938,#2939,#2940,#2941,#2942,#2943,#2944,#2945,
#2946,#2947,#2948,#2949,#2950,#2951,#2952,#2953,#2954,#2955,#2956,#2957,
#2958,#2959,#2960,#2961,#2962,#2963,#2964,#2965,#2966,#2967,#2968,#2969,
#2970,#2971,#2972,#2973,#2974,#2975,#2976,#2977,#2978,#2979,#2980,#2981,
#2982,#2983,#2984,#2985,#2986,#2987,#2988,#2989,#2990,#2991,#2992,#2993,
#2994,#2995,#2996,#2997,#2998,#2999,#3000,#3001,#3002),.UNSPECIFIED.,.T.,
 .F.,(1,1,1,1,1,1,1,1,1,1,1,1,1,1,1,1,1,1,1,1,1,1,1,1,1,1,1,1,1,1,1,1,1,
1,1,1,1,1,1,1,1,1,1,1,1,1,1,1,1,1,1,1,1,1,1,1,1,1,1,1,1,1,1,1,1,1,1,1,1,
1,1,1,1,1,1,1,1,1,1),(-0.078125,-0.0625,-0.03125,0.,0.03125,0.0625,0.078125,
0.09375,0.109375,0.1171875,0.125,0.1328125,0.140625,0.15625,0.171875,0.1875,
0.203125,0.21875,0.2265625,0.234375,0.25,0.265625,0.28125,0.296875,0.3125,
0.3203125,0.328125,0.34375,0.359375,0.375,0.390625,0.40625,0.4140625,0.421875,
0.4375,0.453125,0.46875,0.484375,0.4921875,0.5,0.5078125,0.515625,0.53125,
0.546875,0.5625,0.578125,0.5859375,0.59375,0.609375,0.625,0.640625,0.65625,
0.671875,0.6796875,0.6875,0.703125,0.71875,0.734375,0.75,0.765625,0.7734375,
0.78125,0.796875,0.8125,0.828125,0.84375,0.859375,0.8671875,0.875,0.8828125,
0.890625,0.90625,0.921875,0.9375,0.96875,1.,1.03125,1.0625,1.078125),
 .UNSPECIFIED.);
#178=B_SPLINE_CURVE_WITH_KNOTS('',3,(#3006,#3007,#3008,#3009),
 .UNSPECIFIED.,.F.,.F.,(4,4),(0.622008758128989,0.666119474662657),
 .PIECEWISE_BEZIER_KNOTS.);
#179=B_SPLINE_CURVE_WITH_KNOTS('',3,(#3013,#3014,#3015,#3016,#3017,#3018,
#3019,#3020,#3021,#3022,#3023,#3024,#3025,#3026,#3027,#3028,#3029,#3030,
#3031,#3032,#3033,#3034,#3035,#3036,#3037,#3038,#3039,#3040,#3041,#3042,
#3043,#3044,#3045,#3046,#3047,#3048,#3049,#3050,#3051,#3052,#3053,#3054,
#3055,#3056,#3057,#3058,#3059,#3060,#3061,#3062,#3063,#3064,#3065,#3066,
#3067,#3068,#3069,#3070,#3071,#3072,#3073,#3074,#3075,#3076,#3077,#3078,
#3079,#3080,#3081,#3082,#3083,#3084,#3085,#3086,#3087),.UNSPECIFIED.,.T.,
 .F.,(1,1,1,1,1,1,1,1,1,1,1,1,1,1,1,1,1,1,1,1,1,1,1,1,1,1,1,1,1,1,1,1,1,
1,1,1,1,1,1,1,1,1,1,1,1,1,1,1,1,1,1,1,1,1,1,1,1,1,1,1,1,1,1,1,1,1,1,1,1,
1,1,1,1,1,1,1,1,1,1),(-0.078125,-0.0625,-0.03125,0.,0.03125,0.0625,0.078125,
0.09375,0.109375,0.1171875,0.125,0.1328125,0.140625,0.15625,0.171875,0.1875,
0.203125,0.21875,0.2265625,0.234375,0.25,0.265625,0.28125,0.296875,0.3125,
0.3203125,0.328125,0.34375,0.359375,0.375,0.390625,0.40625,0.4140625,0.421875,
0.4375,0.453125,0.46875,0.484375,0.4921875,0.5,0.5078125,0.515625,0.53125,
0.546875,0.5625,0.578125,0.5859375,0.59375,0.609375,0.625,0.640625,0.65625,
0.671875,0.6796875,0.6875,0.703125,0.71875,0.734375,0.75,0.765625,0.7734375,
0.78125,0.796875,0.8125,0.828125,0.84375,0.859375,0.8671875,0.875,0.8828125,
0.890625,0.90625,0.921875,0.9375,0.96875,1.,1.03125,1.0625,1.078125),
 .UNSPECIFIED.);
#180=B_SPLINE_CURVE_WITH_KNOTS('',3,(#3095,#3096,#3097,#3098),
 .UNSPECIFIED.,.F.,.F.,(4,4),(0.,0.00123791050128141),.UNSPECIFIED.);
#181=B_SPLINE_CURVE_WITH_KNOTS('',3,(#3100,#3101,#3102,#3103,#3104,#3105),
 .UNSPECIFIED.,.F.,.F.,(4,1,1,4),(0.,0.38122701159667,0.722524402439287,
1.),.UNSPECIFIED.);
#182=B_SPLINE_CURVE_WITH_KNOTS('',3,(#3107,#3108,#3109,#3110,#3111,#3112),
 .UNSPECIFIED.,.F.,.F.,(4,1,1,4),(2.60208521396521E-18,0.00110484148216281,
0.00165726222324422,0.00220968296432562),.UNSPECIFIED.);
#183=B_SPLINE_CURVE_WITH_KNOTS('',3,(#3125,#3126,#3127,#3128),
 .UNSPECIFIED.,.F.,.F.,(4,4),(4.14394912615999E-15,0.00352650835173359),
 .UNSPECIFIED.);
#184=B_SPLINE_CURVE_WITH_KNOTS('',3,(#3129,#3130,#3131,#3132),
 .UNSPECIFIED.,.F.,.F.,(4,4),(0.,0.0034496111540703),.UNSPECIFIED.);
#185=B_SPLINE_CURVE_WITH_KNOTS('',3,(#3141,#3142,#3143,#3144),
 .UNSPECIFIED.,.F.,.F.,(4,4),(-5.99999999937209E-8,0.00372381034563769),
 .UNSPECIFIED.);
#186=B_SPLINE_CURVE_WITH_KNOTS('',3,(#3198,#3199,#3200,#3201),
 .UNSPECIFIED.,.F.,.F.,(4,4),(0.,0.00332496196632378),.UNSPECIFIED.);
#187=B_SPLINE_CURVE_WITH_KNOTS('',3,(#3205,#3206,#3207,#3208,#3209,#3210,
#3211,#3212,#3213,#3214,#3215,#3216,#3217,#3218,#3219,#3220,#3221,#3222,
#3223,#3224,#3225,#3226,#3227,#3228,#3229,#3230,#3231,#3232,#3233,#3234,
#3235,#3236,#3237,#3238,#3239,#3240,#3241,#3242,#3243,#3244,#3245,#3246,
#3247,#3248,#3249,#3250,#3251,#3252,#3253,#3254,#3255,#3256,#3257,#3258,
#3259,#3260,#3261,#3262,#3263,#3264,#3265,#3266,#3267,#3268,#3269,#3270,
#3271,#3272,#3273,#3274,#3275,#3276,#3277,#3278,#3279),.UNSPECIFIED.,.T.,
 .F.,(1,1,1,1,1,1,1,1,1,1,1,1,1,1,1,1,1,1,1,1,1,1,1,1,1,1,1,1,1,1,1,1,1,
1,1,1,1,1,1,1,1,1,1,1,1,1,1,1,1,1,1,1,1,1,1,1,1,1,1,1,1,1,1,1,1,1,1,1,1,
1,1,1,1,1,1,1,1,1,1),(-0.078125,-0.0625,-0.03125,0.,0.03125,0.0625,0.078125,
0.09375,0.109375,0.1171875,0.125,0.1328125,0.140625,0.15625,0.171875,0.1875,
0.203125,0.21875,0.2265625,0.234375,0.25,0.265625,0.28125,0.296875,0.3125,
0.3203125,0.328125,0.34375,0.359375,0.375,0.390625,0.40625,0.4140625,0.421875,
0.4375,0.453125,0.46875,0.484375,0.4921875,0.5,0.5078125,0.515625,0.53125,
0.546875,0.5625,0.578125,0.5859375,0.59375,0.609375,0.625,0.640625,0.65625,
0.671875,0.6796875,0.6875,0.703125,0.71875,0.734375,0.75,0.765625,0.7734375,
0.78125,0.796875,0.8125,0.828125,0.84375,0.859375,0.8671875,0.875,0.8828125,
0.890625,0.90625,0.921875,0.9375,0.96875,1.,1.03125,1.0625,1.078125),
 .UNSPECIFIED.);
#188=B_SPLINE_CURVE_WITH_KNOTS('',3,(#3312,#3313,#3314,#3315,#3316,#3317,
#3318,#3319,#3320,#3321,#3322,#3323,#3324,#3325),.UNSPECIFIED.,.F.,.F.,
(4,1,1,1,1,1,1,1,1,1,1,4),(0.,0.00463170754142045,0.00694756131213068,0.0092634150828409,
0.0115792688535511,0.0138951226242614,0.0185268301656818,0.0231585377071023,
0.0254743914778125,0.0277902452485227,0.0324219527899431,0.0370536603313636),
 .UNSPECIFIED.);
#189=B_SPLINE_CURVE_WITH_KNOTS('',3,(#3327,#3328,#3329,#3330,#3331,#3332),
 .UNSPECIFIED.,.F.,.F.,(4,1,1,4),(0.,0.38122701159667,0.722524402439287,
1.),.UNSPECIFIED.);
#190=B_SPLINE_CURVE_WITH_KNOTS('',3,(#3335,#3336,#3337,#3338),
 .UNSPECIFIED.,.F.,.F.,(4,4),(6.2546344413855E-18,0.00123762486836918),
 .UNSPECIFIED.);
#191=B_SPLINE_CURVE_WITH_KNOTS('',3,(#3343,#3344,#3345,#3346,#3347,#3348),
 .UNSPECIFIED.,.F.,.F.,(4,1,1,4),(8.05085520293906E-16,0.000555153707954251,
0.0011103074159077,0.00222061483181459),.UNSPECIFIED.);
#192=B_SPLINE_CURVE_WITH_KNOTS('',3,(#3352,#3353,#3354,#3355,#3356),
 .UNSPECIFIED.,.F.,.F.,(4,1,4),(0.,0.000776265630847013,0.00155253126169403),
 .UNSPECIFIED.);
#193=B_SPLINE_CURVE_WITH_KNOTS('',3,(#3358,#3359,#3360,#3361,#3362,#3363),
 .UNSPECIFIED.,.F.,.F.,(4,1,1,4),(0.,0.38122701159667,0.722524402439287,
1.),.UNSPECIFIED.);
#194=B_SPLINE_CURVE_WITH_KNOTS('',3,(#3365,#3366,#3367,#3368,#3369,#3370,
#3371),.UNSPECIFIED.,.F.,.F.,(4,1,1,1,4),(1.73472347597681E-18,0.000586563330250873,
0.00117312666050174,0.00175968999075261,0.00234625332100349),
 .UNSPECIFIED.);
#195=B_SPLINE_CURVE_WITH_KNOTS('',3,(#3382,#3383,#3384,#3385),
 .UNSPECIFIED.,.F.,.F.,(4,4),(9.93872797395499E-16,0.00352515487924716),
 .UNSPECIFIED.);
#196=B_SPLINE_CURVE_WITH_KNOTS('',3,(#3386,#3387,#3388,#3389),
 .UNSPECIFIED.,.F.,.F.,(4,4),(1.44364876874908E-15,0.00346069249831985),
 .UNSPECIFIED.);
#197=B_SPLINE_CURVE_WITH_KNOTS('',3,(#3398,#3399,#3400,#3401),
 .UNSPECIFIED.,.F.,.F.,(4,4),(-5.99999999951859E-8,0.00372562112450119),
 .UNSPECIFIED.);
#198=B_SPLINE_CURVE_WITH_KNOTS('',3,(#3435,#3436,#3437,#3438),
 .UNSPECIFIED.,.F.,.F.,(4,4),(0.,0.00332061196499306),.UNSPECIFIED.);
#199=B_SPLINE_CURVE_WITH_KNOTS('',3,(#3461,#3462,#3463,#3464),
 .UNSPECIFIED.,.F.,.F.,(4,4),(0.,0.00419649307813959),.UNSPECIFIED.);
#200=B_SPLINE_CURVE_WITH_KNOTS('',3,(#3466,#3467,#3468,#3469,#3470,#3471),
 .UNSPECIFIED.,.F.,.F.,(4,1,1,4),(0.,0.00167263950641967,0.00250895925962951,
0.00334527901283935),.UNSPECIFIED.);
#201=B_SPLINE_CURVE_WITH_KNOTS('',3,(#3473,#3474,#3475,#3476,#3477,#3478,
#3479,#3480,#3481,#3482,#3483,#3484,#3485,#3486,#3487,#3488,#3489,#3490,
#3491,#3492,#3493),.UNSPECIFIED.,.F.,.F.,(4,1,1,1,1,1,1,1,1,1,1,1,1,1,1,
1,1,1,4),(0.,0.00283462276314397,0.00425193414471595,0.00566924552628794,
0.00708655690785992,0.00850386828943191,0.0092125239802179,0.00992117967100389,
0.0106298353617899,0.0113384910525759,0.0120471467433619,0.0127558024341479,
0.0134644581249339,0.0141731138157198,0.0155904251972918,0.0170077365788638,
0.0184250479604358,0.0198423593420078,0.0226769821051518),.UNSPECIFIED.);
#202=B_SPLINE_CURVE_WITH_KNOTS('',3,(#3495,#3496,#3497,#3498,#3499),
 .UNSPECIFIED.,.F.,.F.,(4,1,4),(0.,0.00166566646580575,0.00333133293161151),
 .UNSPECIFIED.);
#203=B_SPLINE_CURVE_WITH_KNOTS('',3,(#3501,#3502,#3503,#3504),
 .UNSPECIFIED.,.F.,.F.,(4,4),(0.,0.00419677447101854),.UNSPECIFIED.);
#204=B_SPLINE_CURVE_WITH_KNOTS('',3,(#3514,#3515,#3516,#3517),
 .UNSPECIFIED.,.F.,.F.,(4,4),(0.,1.),.UNSPECIFIED.);
#205=B_SPLINE_CURVE_WITH_KNOTS('',3,(#3519,#3520,#3521,#3522),
 .UNSPECIFIED.,.F.,.F.,(4,4),(2.31948204256252E-7,0.99999888126665),
 .UNSPECIFIED.);
#206=B_SPLINE_CURVE_WITH_KNOTS('',3,(#3524,#3525,#3526,#3527),
 .UNSPECIFIED.,.F.,.F.,(4,4),(0.,1.),.UNSPECIFIED.);
#207=B_SPLINE_CURVE_WITH_KNOTS('',3,(#3558,#3559,#3560,#3561,#3562,#3563,
#3564,#3565,#3566,#3567,#3568,#3569,#3570,#3571,#3572),.UNSPECIFIED.,.F.,
 .F.,(4,1,1,1,1,1,1,1,1,1,1,1,4),(0.,0.0045967145039047,0.0091934290078094,
0.0114917862597618,0.0137901435117141,0.0160885007636664,0.0183868580156188,
0.0206852152675712,0.0229835725195235,0.0275802870234282,0.0298786442753805,
0.0321770015273329,0.0367737160312376),.UNSPECIFIED.);
#208=B_SPLINE_CURVE_WITH_KNOTS('',3,(#3583,#3584,#3585,#3586),
 .UNSPECIFIED.,.F.,.F.,(4,4),(0.,1.),.UNSPECIFIED.);
#209=B_SPLINE_CURVE_WITH_KNOTS('',3,(#3588,#3589,#3590,#3591),
 .UNSPECIFIED.,.F.,.F.,(4,4),(0.,0.999998405729371),.UNSPECIFIED.);
#210=B_SPLINE_CURVE_WITH_KNOTS('',3,(#3593,#3594,#3595,#3596),
 .UNSPECIFIED.,.F.,.F.,(4,4),(0.,1.),.UNSPECIFIED.);
#211=B_SPLINE_CURVE_WITH_KNOTS('',3,(#3705,#3706,#3707,#3708),
 .UNSPECIFIED.,.F.,.F.,(4,4),(0.,0.000400052213177091),.UNSPECIFIED.);
#212=B_SPLINE_CURVE_WITH_KNOTS('',3,(#3710,#3711,#3712,#3713),
 .UNSPECIFIED.,.F.,.F.,(4,4),(0.,0.000356557999825406),.UNSPECIFIED.);
#213=B_SPLINE_CURVE_WITH_KNOTS('',3,(#3715,#3716,#3717,#3718),
 .UNSPECIFIED.,.F.,.F.,(4,4),(0.968570156213985,0.980482241540443),
 .UNSPECIFIED.);
#214=B_SPLINE_CURVE_WITH_KNOTS('',3,(#3720,#3721,#3722,#3723,#3724,#3725,
#3726,#3727,#3728,#3729,#3730,#3731,#3732,#3733,#3734,#3735,#3736,#3737,
#3738,#3739,#3740,#3741,#3742,#3743,#3744,#3745,#3746,#3747,#3748,#3749,
#3750,#3751,#3752,#3753,#3754,#3755,#3756,#3757,#3758,#3759,#3760,#3761,
#3762,#3763,#3764,#3765,#3766,#3767,#3768,#3769,#3770,#3771,#3772,#3773,
#3774,#3775,#3776,#3777,#3778,#3779,#3780,#3781,#3782),.UNSPECIFIED.,.F.,
 .F.,(4,1,1,1,1,1,1,1,1,1,1,1,1,1,1,1,1,1,1,1,1,1,1,1,1,1,1,1,1,1,1,1,1,
1,1,1,1,1,1,1,1,1,1,1,1,1,1,1,1,1,1,1,1,1,1,1,1,1,1,1,4),(0.0303804549506732,
0.151582898081839,0.212184119647422,0.272785341213005,0.333386562778588,
0.393987784344171,0.424288395126962,0.454589005909754,0.469739311301149,
0.484889616692545,0.492464769388243,0.496252345736092,0.500039922083941,
0.50382749843179,0.507615074779639,0.515190227475337,0.530340532866732,
0.545490838258128,0.57579144904092,0.606092059823711,0.636392670606502,
0.666693281389294,0.696993892172085,0.727294502954877,0.734869655650575,
0.742444808346272,0.746232384694121,0.75001996104197,0.753807537389819,
0.757595113737668,0.765170266433366,0.772745419129064,0.78789572452046,
0.803046029911856,0.818196335303251,0.848496946086043,0.863647251477438,
0.867434827825287,0.871222404173136,0.873116192347061,0.875009980520985,
0.87690376869491,0.878797556868834,0.882585133216683,0.886372709564532,
0.89394786226023,0.909098167651626,0.924248473043021,0.931823625738719,
0.935611202086568,0.93655809617353,0.937504990260493,0.938451884347455,
0.939398778434417,0.943186354782266,0.946973931130115,0.954549083825813,
0.962124236521511,0.969699389217209,0.984849694608604,1.),.UNSPECIFIED.);
#215=B_SPLINE_CURVE_WITH_KNOTS('',3,(#3823,#3824,#3825,#3826),
 .UNSPECIFIED.,.F.,.F.,(4,4),(0.,1.),.UNSPECIFIED.);
#216=B_SPLINE_CURVE_WITH_KNOTS('',3,(#3828,#3829,#3830,#3831,#3832,#3833,
#3834,#3835,#3836),.UNSPECIFIED.,.F.,.F.,(4,1,1,1,1,1,4),(0.,0.25,0.375,
0.5,0.625,0.75,1.),.UNSPECIFIED.);
#217=B_SPLINE_CURVE_WITH_KNOTS('',3,(#3838,#3839,#3840,#3841),
 .UNSPECIFIED.,.F.,.F.,(4,4),(0.,1.),.UNSPECIFIED.);
#218=B_SPLINE_CURVE_WITH_KNOTS('',3,(#3938,#3939,#3940,#3941),
 .UNSPECIFIED.,.F.,.F.,(4,4),(0.,1.),.UNSPECIFIED.);
#219=B_SPLINE_CURVE_WITH_KNOTS('',3,(#3943,#3944,#3945,#3946,#3947,#3948,
#3949,#3950,#3951,#3952,#3953,#3954,#3955,#3956,#3957,#3958,#3959,#3960,
#3961,#3962,#3963,#3964,#3965,#3966,#3967,#3968,#3969,#3970,#3971,#3972,
#3973,#3974,#3975,#3976,#3977,#3978,#3979,#3980,#3981),.UNSPECIFIED.,.F.,
 .F.,(4,1,1,1,1,1,1,1,1,1,1,1,1,1,1,1,1,1,1,1,1,1,1,1,1,1,1,1,1,1,1,1,1,
1,1,1,4),(0.,0.0625,0.125,0.15625,0.1875,0.21875,0.234375,0.25,0.265625,
0.28125,0.3125,0.34375,0.359375,0.3671875,0.375,0.390625,0.40625,0.4375,
0.46875,0.5,0.53125,0.5625,0.59375,0.609375,0.6171875,0.625,0.6328125,0.640625,
0.65625,0.6875,0.71875,0.75,0.78125,0.8125,0.875,0.9375,1.),
 .UNSPECIFIED.);
#220=B_SPLINE_CURVE_WITH_KNOTS('',3,(#4014,#4015,#4016,#4017),
 .UNSPECIFIED.,.F.,.F.,(4,4),(0.,1.),.UNSPECIFIED.);
#221=B_SPLINE_CURVE_WITH_KNOTS('',3,(#4019,#4020,#4021,#4022,#4023,#4024,
#4025,#4026,#4027),.UNSPECIFIED.,.F.,.F.,(4,1,1,1,1,1,4),(4.15341449347599E-7,
0.250000311506087,0.375000259588406,0.500000207670725,0.625000155753044,
0.750000103835362,1.),.UNSPECIFIED.);
#222=B_SPLINE_CURVE_WITH_KNOTS('',3,(#4044,#4045,#4046,#4047),
 .UNSPECIFIED.,.F.,.F.,(4,4),(0.,1.),.UNSPECIFIED.);
#223=B_SPLINE_CURVE_WITH_KNOTS('',3,(#4064,#4065,#4066,#4067),
 .UNSPECIFIED.,.F.,.F.,(4,4),(0.,1.),.UNSPECIFIED.);
#224=B_SPLINE_CURVE_WITH_KNOTS('',3,(#4168,#4169,#4170,#4171),
 .UNSPECIFIED.,.F.,.F.,(4,4),(0.,0.000400052214458424),.UNSPECIFIED.);
#225=B_SPLINE_CURVE_WITH_KNOTS('',3,(#4173,#4174,#4175,#4176,#4177,#4178,
#4179,#4180,#4181,#4182,#4183,#4184,#4185,#4186,#4187,#4188,#4189,#4190,
#4191,#4192,#4193,#4194,#4195,#4196,#4197,#4198,#4199,#4200,#4201,#4202,
#4203,#4204,#4205,#4206,#4207,#4208,#4209,#4210,#4211,#4212,#4213,#4214,
#4215,#4216,#4217,#4218,#4219,#4220,#4221,#4222,#4223,#4224,#4225,#4226,
#4227,#4228,#4229,#4230,#4231,#4232,#4233,#4234,#4235,#4236),
 .UNSPECIFIED.,.F.,.F.,(4,1,1,1,1,1,1,1,1,1,1,1,1,1,1,1,1,1,1,1,1,1,1,1,
1,1,1,1,1,1,1,1,1,1,1,1,1,1,1,1,1,1,1,1,1,1,1,1,1,1,1,1,1,1,1,1,1,1,1,1,
1,4),(1.34060368922449E-6,0.0151512546811783,0.0303011687586674,0.0378761257974119,
0.0454510828361564,0.0530260398749009,0.0568135183942732,0.0606009969136455,
0.0615478665434885,0.0624947361733316,0.0634416058031747,0.0643884754330177,
0.0662822146927039,0.06817595395239,0.0757509109911345,0.0909008250686236,
0.106050739146113,0.113625696184857,0.117413174704229,0.121200653223602,
0.123094392483288,0.124988131742974,0.12688187100266,0.128775610262346,
0.132563088781719,0.136350567301091,0.15150048137858,0.181800309533558,
0.196950223611047,0.212100137688536,0.227250051766025,0.23482500880477,
0.242399965843514,0.246187444362886,0.249974922882259,0.253762401401631,
0.257549879921003,0.265124836959748,0.272699793998492,0.30299962215347,
0.333299450308449,0.363599278463427,0.393899106618405,0.424198934773383,
0.454498762928361,0.46964867700585,0.484798591083339,0.492373548122084,
0.496161026641456,0.499948505160828,0.503735983680201,0.507523462199573,
0.515098419238317,0.530248333315806,0.545398247393295,0.575698075548274,
0.605997903703252,0.666597560013208,0.727197216323164,0.787796872633121,
0.848396528943077,0.969595841562989),.UNSPECIFIED.);
#226=B_SPLINE_CURVE_WITH_KNOTS('',3,(#4238,#4239,#4240,#4241),
 .UNSPECIFIED.,.F.,.F.,(4,4),(0.969595841562989,0.981052010453523),
 .UNSPECIFIED.);
#227=B_SPLINE_CURVE_WITH_KNOTS('',3,(#4243,#4244,#4245,#4246),
 .UNSPECIFIED.,.F.,.F.,(4,4),(0.,0.000356729012775646),.UNSPECIFIED.);
#228=B_SPLINE_CURVE_WITH_KNOTS('',3,(#4359,#4360,#4361,#4362),
 .UNSPECIFIED.,.F.,.F.,(4,4),(0.0014025707229203,0.00220502922005603),
 .UNSPECIFIED.);
#229=B_SPLINE_CURVE_WITH_KNOTS('',3,(#4365,#4366,#4367,#4368,#4369),
 .UNSPECIFIED.,.F.,.F.,(4,1,4),(3.97475081924031E-18,0.000793924274385788,
0.00158784854877157),.UNSPECIFIED.);
#230=B_SPLINE_CURVE_WITH_KNOTS('',3,(#4370,#4371,#4372,#4373),
 .UNSPECIFIED.,.F.,.F.,(4,4),(0.00131738699292049,1.),.UNSPECIFIED.);
#231=B_SPLINE_CURVE_WITH_KNOTS('',3,(#4374,#4375,#4376,#4377,#4378),
 .UNSPECIFIED.,.F.,.F.,(4,1,4),(0.,0.00033343529891451,0.00066687059782902),
 .UNSPECIFIED.);
#232=B_SPLINE_CURVE_WITH_KNOTS('',3,(#4387,#4388,#4389,#4390),
 .UNSPECIFIED.,.F.,.F.,(4,4),(0.,1.),.UNSPECIFIED.);
#233=B_SPLINE_CURVE_WITH_KNOTS('',3,(#4399,#4400,#4401,#4402),
 .UNSPECIFIED.,.F.,.F.,(4,4),(0.,1.),.UNSPECIFIED.);
#234=B_SPLINE_CURVE_WITH_KNOTS('',3,(#4423,#4424,#4425,#4426),
 .UNSPECIFIED.,.F.,.F.,(4,4),(0.,1.),.UNSPECIFIED.);
#235=B_SPLINE_CURVE_WITH_KNOTS('',3,(#4479,#4480,#4481,#4482),
 .UNSPECIFIED.,.F.,.F.,(4,4),(0.,1.),.UNSPECIFIED.);
#236=B_SPLINE_CURVE_WITH_KNOTS('',3,(#4503,#4504,#4505,#4506),
 .UNSPECIFIED.,.F.,.F.,(4,4),(0.000111136877359437,1.),.UNSPECIFIED.);
#237=B_SPLINE_CURVE_WITH_KNOTS('',3,(#4515,#4516,#4517,#4518),
 .UNSPECIFIED.,.F.,.F.,(4,4),(0.,1.),.UNSPECIFIED.);
#238=B_SPLINE_CURVE_WITH_KNOTS('',3,(#4527,#4528,#4529,#4530),
 .UNSPECIFIED.,.F.,.F.,(4,4),(0.,1.),.UNSPECIFIED.);
#239=B_SPLINE_CURVE_WITH_KNOTS('',3,(#4615,#4616,#4617,#4618,#4619),
 .UNSPECIFIED.,.F.,.F.,(4,1,4),(8.59722555000702E-14,0.000795439345947705,
0.00159087869180944),.UNSPECIFIED.);
#240=B_SPLINE_CURVE_WITH_KNOTS('',3,(#4621,#4622,#4623,#4624),
 .UNSPECIFIED.,.F.,.F.,(4,4),(0.00140257061330164,0.00220502411285316),
 .UNSPECIFIED.);
#241=B_SPLINE_CURVE_WITH_KNOTS('',3,(#4626,#4627,#4628,#4629,#4630),
 .UNSPECIFIED.,.F.,.F.,(4,1,4),(0.,0.000333099453267415,0.00066619890653483),
 .UNSPECIFIED.);
#242=B_SPLINE_CURVE_WITH_KNOTS('',3,(#4691,#4692,#4693,#4694,#4695),
 .UNSPECIFIED.,.F.,.F.,(4,1,4),(0.,0.000782893187234285,0.00156578637446857),
 .UNSPECIFIED.);
#243=B_SPLINE_CURVE_WITH_KNOTS('',3,(#4703,#4704,#4705,#4706,#4707),
 .UNSPECIFIED.,.F.,.F.,(4,1,4),(0.,0.000795049223708282,0.00159009844741656),
 .UNSPECIFIED.);
#244=B_SPLINE_CURVE_WITH_KNOTS('',3,(#4922,#4923,#4924,#4925,#4926,#4927,
#4928,#4929,#4930,#4931,#4932,#4933,#4934,#4935,#4936),.UNSPECIFIED.,.F.,
 .F.,(4,1,1,1,1,1,1,1,1,1,1,1,4),(9.72363891920331E-15,0.0045967145039132,
0.00919342900781667,0.0114917862597684,0.0137901435117201,0.0160885007636719,
0.0183868580156236,0.0206852152675753,0.0229835725195271,0.0275802870234306,
0.0298786442753823,0.032177001527334,0.0367737160312375),.UNSPECIFIED.);
#245=B_SPLINE_CURVE_WITH_KNOTS('',3,(#4940,#4941,#4942,#4943,#4944,#4945,
#4946,#4947,#4948,#4949,#4950,#4951,#4952,#4953,#4954,#4955,#4956,#4957,
#4958,#4959,#4960,#4961,#4962,#4963,#4964,#4965,#4966,#4967,#4968,#4969,
#4970,#4971,#4972,#4973,#4974,#4975,#4976,#4977,#4978,#4979,#4980,#4981,
#4982,#4983,#4984,#4985,#4986,#4987,#4988,#4989,#4990,#4991,#4992,#4993,
#4994,#4995,#4996,#4997,#4998,#4999,#5000,#5001,#5002,#5003,#5004,#5005,
#5006,#5007,#5008,#5009,#5010,#5011,#5012,#5013,#5014),.UNSPECIFIED.,.T.,
 .F.,(1,1,1,1,1,1,1,1,1,1,1,1,1,1,1,1,1,1,1,1,1,1,1,1,1,1,1,1,1,1,1,1,1,
1,1,1,1,1,1,1,1,1,1,1,1,1,1,1,1,1,1,1,1,1,1,1,1,1,1,1,1,1,1,1,1,1,1,1,1,
1,1,1,1,1,1,1,1,1,1),(-0.078125,-0.0625,-0.03125,0.,0.03125,0.0625,0.078125,
0.09375,0.109375,0.1171875,0.125,0.1328125,0.140625,0.15625,0.171875,0.1875,
0.203125,0.21875,0.2265625,0.234375,0.25,0.265625,0.28125,0.296875,0.3125,
0.3203125,0.328125,0.34375,0.359375,0.375,0.390625,0.40625,0.4140625,0.421875,
0.4375,0.453125,0.46875,0.484375,0.4921875,0.5,0.5078125,0.515625,0.53125,
0.546875,0.5625,0.578125,0.5859375,0.59375,0.609375,0.625,0.640625,0.65625,
0.671875,0.6796875,0.6875,0.703125,0.71875,0.734375,0.75,0.765625,0.7734375,
0.78125,0.796875,0.8125,0.828125,0.84375,0.859375,0.8671875,0.875,0.8828125,
0.890625,0.90625,0.921875,0.9375,0.96875,1.,1.03125,1.0625,1.078125),
 .UNSPECIFIED.);
#246=B_SPLINE_CURVE_WITH_KNOTS('',3,(#5056,#5057,#5058,#5059,#5060,#5061,
#5062,#5063,#5064,#5065,#5066,#5067,#5068,#5069,#5070,#5071,#5072,#5073,
#5074,#5075,#5076,#5077,#5078,#5079,#5080),.UNSPECIFIED.,.F.,.F.,(4,1,1,
1,1,1,1,1,1,1,1,1,1,1,1,1,1,1,1,1,1,1,4),(0.,0.00395309606883332,0.00790619213766663,
0.0118592882064999,0.0138358362409166,0.0158123842753333,0.0177889323097499,
0.0197654803441666,0.0217420283785832,0.0237185764129999,0.0276716724818332,
0.0316247685506665,0.0355778646194998,0.0395309606883332,0.0415075087227498,
0.0434840567571665,0.0454606047915831,0.0474371528259998,0.0494137008604165,
0.0513902488948331,0.0553433449636664,0.0592964410324997,0.0632495371013331),
 .UNSPECIFIED.);
#247=B_SPLINE_CURVE_WITH_KNOTS('',3,(#5084,#5085,#5086,#5087,#5088,#5089,
#5090,#5091,#5092,#5093,#5094,#5095,#5096),.UNSPECIFIED.,.T.,.F.,(1,3,1,
1,1,1,1,1,1,1,1,3,1),(-0.123293985334321,0.,0.123293985334321,0.221200252144362,
0.319106518954403,0.411820639321714,0.5,0.588179360678286,0.680893481045598,
0.778799747855639,0.876706014665679,1.,1.12329398533432),.UNSPECIFIED.);
#248=B_SPLINE_CURVE_WITH_KNOTS('',3,(#5100,#5101,#5102,#5103,#5104,#5105,
#5106,#5107,#5108,#5109,#5110,#5111,#5112,#5113,#5114,#5115,#5116,#5117,
#5118,#5119,#5120,#5121,#5122,#5123,#5124,#5125,#5126,#5127,#5128,#5129,
#5130,#5131,#5132,#5133,#5134,#5135,#5136,#5137,#5138,#5139,#5140,#5141,
#5142,#5143,#5144,#5145,#5146,#5147,#5148,#5149,#5150,#5151,#5152,#5153,
#5154,#5155,#5156,#5157,#5158,#5159,#5160,#5161,#5162,#5163,#5164,#5165,
#5166,#5167,#5168,#5169,#5170,#5171,#5172,#5173,#5174),.UNSPECIFIED.,.T.,
 .F.,(1,1,1,1,1,1,1,1,1,1,1,1,1,1,1,1,1,1,1,1,1,1,1,1,1,1,1,1,1,1,1,1,1,
1,1,1,1,1,1,1,1,1,1,1,1,1,1,1,1,1,1,1,1,1,1,1,1,1,1,1,1,1,1,1,1,1,1,1,1,
1,1,1,1,1,1,1,1,1,1),(-0.078125,-0.0625,-0.03125,0.,0.03125,0.0625,0.078125,
0.09375,0.109375,0.1171875,0.125,0.1328125,0.140625,0.15625,0.171875,0.1875,
0.203125,0.21875,0.2265625,0.234375,0.25,0.265625,0.28125,0.296875,0.3125,
0.3203125,0.328125,0.34375,0.359375,0.375,0.390625,0.40625,0.4140625,0.421875,
0.4375,0.453125,0.46875,0.484375,0.4921875,0.5,0.5078125,0.515625,0.53125,
0.546875,0.5625,0.578125,0.5859375,0.59375,0.609375,0.625,0.640625,0.65625,
0.671875,0.6796875,0.6875,0.703125,0.71875,0.734375,0.75,0.765625,0.7734375,
0.78125,0.796875,0.8125,0.828125,0.84375,0.859375,0.8671875,0.875,0.8828125,
0.890625,0.90625,0.921875,0.9375,0.96875,1.,1.03125,1.0625,1.078125),
 .UNSPECIFIED.);
#249=B_SPLINE_CURVE_WITH_KNOTS('',3,(#5216,#5217,#5218,#5219,#5220,#5221,
#5222,#5223,#5224,#5225,#5226,#5227,#5228,#5229),.UNSPECIFIED.,.F.,.F.,
(4,1,1,1,1,1,1,1,1,1,1,4),(1.93947980722443E-18,0.00463170754240795,0.00694756131361193,
0.0092634150848159,0.0115792688560199,0.0138951226272239,0.0185268301696318,
0.0231585377120398,0.0254743914832437,0.0277902452544477,0.0324219527968557,
0.0370536603392636),.UNSPECIFIED.);
#250=B_SPLINE_CURVE_WITH_KNOTS('',3,(#5233,#5234,#5235,#5236,#5237,#5238,
#5239),.UNSPECIFIED.,.F.,.F.,(4,1,1,1,4),(0.,0.000588220577808057,0.00117644115561611,
0.00176466173342417,0.00235288231123223),.UNSPECIFIED.);
#251=B_SPLINE_CURVE_WITH_KNOTS('',3,(#5241,#5242,#5243,#5244,#5245,#5246),
 .UNSPECIFIED.,.F.,.F.,(4,1,1,4),(0.,0.38122701159667,0.722524402439287,
1.),.UNSPECIFIED.);
#252=B_SPLINE_CURVE_WITH_KNOTS('',3,(#5248,#5249,#5250,#5251,#5252),
 .UNSPECIFIED.,.F.,.F.,(4,1,4),(2.01849538153071E-15,0.000773505281536089,
0.00154701056307016),.UNSPECIFIED.);
#253=B_SPLINE_CURVE_WITH_KNOTS('',3,(#5254,#5255,#5256,#5257,#5258,#5259),
 .UNSPECIFIED.,.F.,.F.,(4,1,1,4),(0.,0.38122701159667,0.722524402439287,
1.),.UNSPECIFIED.);
#254=B_SPLINE_CURVE_WITH_KNOTS('',3,(#5262,#5263,#5264,#5265,#5266,#5267,
#5268),.UNSPECIFIED.,.F.,.F.,(4,1,1,1,4),(0.,0.0005865633302507,0.0011731266605014,
0.0017596899907521,0.0023462533210028),.UNSPECIFIED.);
#255=B_SPLINE_CURVE_WITH_KNOTS('',3,(#5269,#5270,#5271,#5272,#5273),
 .UNSPECIFIED.,.F.,.F.,(4,1,4),(0.,0.000776265632123668,0.00155253126424734),
 .UNSPECIFIED.);
#256=B_SPLINE_CURVE_WITH_KNOTS('',3,(#5296,#5297,#5298,#5299,#5300,#5301,
#5302,#5303,#5304,#5305,#5306,#5307,#5308,#5309,#5310,#5311,#5312,#5313,
#5314,#5315,#5316,#5317,#5318,#5319,#5320,#5321,#5322,#5323),
 .UNSPECIFIED.,.F.,.F.,(4,1,1,1,1,1,1,1,1,1,1,1,1,1,1,1,1,1,1,1,1,1,1,1,
1,4),(6.00925839494864E-18,0.00226756653565167,0.00453513307130333,0.00907026614260666,
0.0113378326782583,0.01360539921391,0.0158729657495617,0.0181405322852133,
0.020408098820865,0.0226756653565166,0.0249432318921683,0.02721079842782,
0.0317459314991233,0.0362810645704266,0.04081619764173,0.0453513307130333,
0.047618897248685,0.0498864637843366,0.0521540303199883,0.05442159685564,
0.0566891633912916,0.0589567299269433,0.0634918629982466,0.0680269960695499,
0.0702945626052016,0.0725621291408533),.UNSPECIFIED.);
#257=B_SPLINE_CURVE_WITH_KNOTS('',3,(#5324,#5325,#5326,#5327,#5328,#5329,
#5330,#5331,#5332,#5333,#5334,#5335,#5336,#5337,#5338,#5339,#5340,#5341,
#5342,#5343,#5344,#5345,#5346,#5347,#5348,#5349,#5350,#5351),
 .UNSPECIFIED.,.F.,.F.,(4,1,1,1,1,1,1,1,1,1,1,1,1,1,1,1,1,1,1,1,1,1,1,1,
1,4),(1.18223568499649E-15,0.0021300094552493,0.00426001891049741,0.00852003782099364,
0.0106500472762418,0.0127800567314899,0.014910066186738,0.0170400756419861,
0.0191700850972342,0.0213000945524823,0.0234301040077304,0.0255601134629786,
0.0298201323734748,0.034080151283971,0.0383401701944673,0.0426001891049635,
0.0447301985602116,0.0468602080154597,0.0489902174707078,0.0511202269259559,
0.0532502363812041,0.0553802458364522,0.0596402647469484,0.0617702742021965,
0.0639002836574446,0.0681603025679409),.UNSPECIFIED.);
#258=B_SPLINE_CURVE_WITH_KNOTS('',3,(#5355,#5356,#5357,#5358),
 .UNSPECIFIED.,.F.,.F.,(4,4),(-6.00000000067539E-8,0.00601262486890215),
 .UNSPECIFIED.);
#259=B_SPLINE_CURVE_WITH_KNOTS('',3,(#5361,#5362,#5363,#5364),
 .UNSPECIFIED.,.F.,.F.,(4,4),(0.,1.),.UNSPECIFIED.);
#260=B_SPLINE_CURVE_WITH_KNOTS('',3,(#5372,#5373,#5374,#5375,#5376),
 .UNSPECIFIED.,.F.,.F.,(4,1,4),(0.,0.000783214397262972,0.00156642879452594),
 .UNSPECIFIED.);
#261=B_SPLINE_CURVE_WITH_KNOTS('',3,(#5385,#5386,#5387,#5388,#5389),
 .UNSPECIFIED.,.F.,.F.,(4,1,4),(0.,0.000783217223976766,0.00156643444795353),
 .UNSPECIFIED.);
#262=B_SPLINE_CURVE_WITH_KNOTS('',3,(#5393,#5394,#5395,#5396),
 .UNSPECIFIED.,.F.,.F.,(4,4),(0.,0.00601063305730639),.UNSPECIFIED.);
#263=B_SPLINE_CURVE_WITH_KNOTS('',3,(#5625,#5626,#5627,#5628),
 .UNSPECIFIED.,.F.,.F.,(4,4),(0.,0.00419677447101856),.UNSPECIFIED.);
#264=B_SPLINE_CURVE_WITH_KNOTS('',3,(#5630,#5631,#5632,#5633,#5634),
 .UNSPECIFIED.,.F.,.F.,(4,1,4),(0.,0.00166566646580576,0.00333133293161152),
 .UNSPECIFIED.);
#265=B_SPLINE_CURVE_WITH_KNOTS('',3,(#5636,#5637,#5638,#5639,#5640,#5641,
#5642,#5643,#5644,#5645,#5646,#5647,#5648,#5649,#5650,#5651,#5652,#5653,
#5654,#5655,#5656),.UNSPECIFIED.,.F.,.F.,(4,1,1,1,1,1,1,1,1,1,1,1,1,1,1,
1,1,1,4),(0.,0.00283462276314396,0.00425193414471594,0.00566924552628792,
0.0070865569078599,0.00850386828943188,0.00921252398021787,0.00992117967100386,
0.0106298353617898,0.0113384910525758,0.0120471467433618,0.0127558024341478,
0.0134644581249338,0.0141731138157198,0.0155904251972918,0.0170077365788638,
0.0184250479604357,0.0198423593420077,0.0226769821051517),.UNSPECIFIED.);
#266=B_SPLINE_CURVE_WITH_KNOTS('',3,(#5658,#5659,#5660,#5661,#5662,#5663),
 .UNSPECIFIED.,.F.,.F.,(4,1,1,4),(0.,0.00167263950641901,0.00250895925962851,
0.00334527901283801),.UNSPECIFIED.);
#267=B_SPLINE_CURVE_WITH_KNOTS('',3,(#5665,#5666,#5667,#5668),
 .UNSPECIFIED.,.F.,.F.,(4,4),(5.95697575552298E-16,0.00419649307813959),
 .UNSPECIFIED.);
#268=B_SPLINE_CURVE_WITH_KNOTS('',3,(#5672,#5673,#5674,#5675,#5676,#5677,
#5678,#5679,#5680,#5681,#5682,#5683,#5684,#5685,#5686,#5687,#5688,#5689,
#5690,#5691,#5692,#5693,#5694,#5695,#5696,#5697,#5698,#5699,#5700,#5701,
#5702,#5703,#5704,#5705,#5706,#5707,#5708,#5709,#5710,#5711,#5712,#5713,
#5714,#5715,#5716,#5717,#5718,#5719,#5720,#5721,#5722,#5723,#5724,#5725,
#5726,#5727,#5728,#5729,#5730,#5731,#5732,#5733,#5734,#5735,#5736,#5737,
#5738,#5739,#5740,#5741,#5742,#5743,#5744,#5745,#5746),.UNSPECIFIED.,.T.,
 .F.,(1,1,1,1,1,1,1,1,1,1,1,1,1,1,1,1,1,1,1,1,1,1,1,1,1,1,1,1,1,1,1,1,1,
1,1,1,1,1,1,1,1,1,1,1,1,1,1,1,1,1,1,1,1,1,1,1,1,1,1,1,1,1,1,1,1,1,1,1,1,
1,1,1,1,1,1,1,1,1,1),(-0.078125,-0.0625,-0.03125,0.,0.03125,0.0625,0.078125,
0.09375,0.109375,0.1171875,0.125,0.1328125,0.140625,0.15625,0.171875,0.1875,
0.203125,0.21875,0.2265625,0.234375,0.25,0.265625,0.28125,0.296875,0.3125,
0.3203125,0.328125,0.34375,0.359375,0.375,0.390625,0.40625,0.4140625,0.421875,
0.4375,0.453125,0.46875,0.484375,0.4921875,0.5,0.5078125,0.515625,0.53125,
0.546875,0.5625,0.578125,0.5859375,0.59375,0.609375,0.625,0.640625,0.65625,
0.671875,0.6796875,0.6875,0.703125,0.71875,0.734375,0.75,0.765625,0.7734375,
0.78125,0.796875,0.8125,0.828125,0.84375,0.859375,0.8671875,0.875,0.8828125,
0.890625,0.90625,0.921875,0.9375,0.96875,1.,1.03125,1.0625,1.078125),
 .UNSPECIFIED.);
#269=B_SPLINE_CURVE_WITH_KNOTS('',3,(#5750,#5751,#5752,#5753,#5754,#5755,
#5756,#5757,#5758,#5759,#5760,#5761,#5762,#5763,#5764,#5765,#5766,#5767,
#5768,#5769,#5770,#5771,#5772,#5773,#5774,#5775,#5776,#5777,#5778,#5779,
#5780,#5781,#5782,#5783,#5784,#5785,#5786,#5787,#5788,#5789,#5790,#5791,
#5792,#5793,#5794,#5795,#5796,#5797,#5798,#5799,#5800,#5801,#5802,#5803,
#5804,#5805,#5806,#5807,#5808,#5809,#5810,#5811,#5812,#5813,#5814,#5815,
#5816,#5817,#5818,#5819,#5820,#5821,#5822,#5823,#5824),.UNSPECIFIED.,.T.,
 .F.,(1,1,1,1,1,1,1,1,1,1,1,1,1,1,1,1,1,1,1,1,1,1,1,1,1,1,1,1,1,1,1,1,1,
1,1,1,1,1,1,1,1,1,1,1,1,1,1,1,1,1,1,1,1,1,1,1,1,1,1,1,1,1,1,1,1,1,1,1,1,
1,1,1,1,1,1,1,1,1,1),(-0.078125,-0.0625,-0.03125,0.,0.03125,0.0625,0.078125,
0.09375,0.109375,0.1171875,0.125,0.1328125,0.140625,0.15625,0.171875,0.1875,
0.203125,0.21875,0.2265625,0.234375,0.25,0.265625,0.28125,0.296875,0.3125,
0.3203125,0.328125,0.34375,0.359375,0.375,0.390625,0.40625,0.4140625,0.421875,
0.4375,0.453125,0.46875,0.484375,0.4921875,0.5,0.5078125,0.515625,0.53125,
0.546875,0.5625,0.578125,0.5859375,0.59375,0.609375,0.625,0.640625,0.65625,
0.671875,0.6796875,0.6875,0.703125,0.71875,0.734375,0.75,0.765625,0.7734375,
0.78125,0.796875,0.8125,0.828125,0.84375,0.859375,0.8671875,0.875,0.8828125,
0.890625,0.90625,0.921875,0.9375,0.96875,1.,1.03125,1.0625,1.078125),
 .UNSPECIFIED.);
#270=B_SPLINE_CURVE_WITH_KNOTS('',3,(#5846,#5847,#5848,#5849,#5850),
 .UNSPECIFIED.,.F.,.F.,(4,1,4),(0.,0.00255102480986192,0.00510204961972384),
 .UNSPECIFIED.);
#271=B_SPLINE_CURVE_WITH_KNOTS('',3,(#5852,#5853,#5854,#5855,#5856,#5857,
#5858),.UNSPECIFIED.,.F.,.F.,(4,1,1,1,4),(0.,0.000780751078385893,0.00156150215677179,
0.00234225323515768,0.00312300431354357),.UNSPECIFIED.);
#272=B_SPLINE_CURVE_WITH_KNOTS('',3,(#5860,#5861,#5862,#5863,#5864,#5865,
#5866,#5867,#5868,#5869,#5870,#5871,#5872,#5873,#5874,#5875,#5876,#5877,
#5878,#5879,#5880),.UNSPECIFIED.,.F.,.F.,(4,1,1,1,1,1,1,1,1,1,1,1,1,1,1,
1,1,1,4),(0.,0.00271334554412914,0.0040700183161937,0.00542669108825827,
0.00678336386032284,0.00814003663238741,0.00881837301841969,0.00949670940445198,
0.0101750457904843,0.0108533821765165,0.0115317185625488,0.0122100549485811,
0.0128883913346134,0.0135667277206457,0.0149234004927102,0.0162800732647748,
0.0176367460368394,0.018993418808904,0.0217067643530331),.UNSPECIFIED.);
#273=B_SPLINE_CURVE_WITH_KNOTS('',3,(#5882,#5883,#5884,#5885,#5886,#5887,
#5888),.UNSPECIFIED.,.F.,.F.,(4,1,1,1,4),(3.49644694633735E-18,0.000781336868356422,
0.00156267373671284,0.00234401060506926,0.00312534747342568),
 .UNSPECIFIED.);
#274=B_SPLINE_CURVE_WITH_KNOTS('',3,(#5890,#5891,#5892,#5893,#5894),
 .UNSPECIFIED.,.F.,.F.,(4,1,4),(0.,0.00255102464205121,0.00510204928410243),
 .UNSPECIFIED.);
#275=B_SPLINE_CURVE_WITH_KNOTS('',3,(#5898,#5899,#5900,#5901,#5902,#5903,
#5904,#5905,#5906,#5907,#5908,#5909,#5910),.UNSPECIFIED.,.T.,.F.,(1,3,1,
1,1,1,1,1,1,1,1,3,1),(-0.123293985334321,0.,0.123293985334321,0.221200252144362,
0.319106518954403,0.411820639321714,0.5,0.588179360678286,0.680893481045598,
0.778799747855639,0.876706014665679,1.,1.12329398533432),.UNSPECIFIED.);
#276=B_SPLINE_CURVE_WITH_KNOTS('',3,(#5936,#5937,#5938,#5939),
 .UNSPECIFIED.,.F.,.F.,(4,4),(0.000962175493857079,0.00155438016633596),
 .UNSPECIFIED.);
#277=B_SPLINE_CURVE_WITH_KNOTS('',3,(#5942,#5943,#5944,#5945,#5946,#5947,
#5948,#5949,#5950,#5951,#5952,#5953,#5954,#5955,#5956,#5957,#5958,#5959,
#5960,#5961,#5962,#5963,#5964,#5965,#5966,#5967,#5968,#5969,#5970),
 .UNSPECIFIED.,.F.,.F.,(4,1,1,1,1,1,1,1,1,1,1,1,1,1,1,1,1,1,1,1,1,1,1,1,
1,1,4),(1.00931244730609E-16,0.00244997205754944,0.0036749580863241,0.00489994411509877,
0.00612493014387344,0.00673742315826077,0.00734991617264811,0.00796240918703544,
0.00857490220142277,0.00888114870861644,0.00918739521581011,0.00949364172300378,
0.00964676497660061,0.00979988823019744,0.00995301148379428,0.0101061347373911,
0.0104123812445848,0.0107186277517784,0.0110248742589721,0.0116373672733594,
0.0122498602877468,0.0128623533021341,0.0134748463165214,0.0146998323452961,
0.0159248183740708,0.0171498044028454,0.0195997764603948),.UNSPECIFIED.);
#278=B_SPLINE_CURVE_WITH_KNOTS('',3,(#5972,#5973,#5974,#5975),
 .UNSPECIFIED.,.F.,.F.,(4,4),(0.00135703712864769,0.00194942365554101),
 .UNSPECIFIED.);
#279=B_SPLINE_CURVE_WITH_KNOTS('',3,(#5977,#5978,#5979,#5980,#5981,#5982,
#5983,#5984,#5985,#5986,#5987,#5988,#5989,#5990,#5991,#5992,#5993,#5994,
#5995,#5996,#5997,#5998,#5999,#6000,#6001,#6002,#6003,#6004,#6005),
 .UNSPECIFIED.,.F.,.F.,(4,1,1,1,1,1,1,1,1,1,1,1,1,1,1,1,1,1,1,1,1,1,1,1,
1,1,4),(0.,0.00236555958394014,0.00354833937591022,0.00473111916788029,
0.00591389895985036,0.0065052888558354,0.00709667875182043,0.00768806864780547,
0.00827945854379051,0.00857515349178302,0.00887084843977554,0.00916654338776806,
0.00931439086176432,0.00946223833576058,0.00961008580975684,0.0097579332837531,
0.0100536282317456,0.0103493231797381,0.0106450181277307,0.0112364080237157,
0.0118277979197007,0.0124191878156858,0.0130105777116708,0.0141933575036409,
0.0153761372956109,0.016558917087581,0.0189244766715212),.UNSPECIFIED.);
#280=B_SPLINE_CURVE_WITH_KNOTS('',3,(#6007,#6008,#6009,#6010,#6011,#6012),
 .UNSPECIFIED.,.F.,.F.,(4,1,1,4),(0.,0.38122701159667,0.722524402439287,
1.),.UNSPECIFIED.);
#281=B_SPLINE_CURVE_WITH_KNOTS('',3,(#6015,#6016,#6017,#6018,#6019,#6020),
 .UNSPECIFIED.,.F.,.F.,(4,1,1,4),(1.86835436258807E-17,0.00110484148216277,
0.00165726222324414,0.00220968296432551),.UNSPECIFIED.);
#282=B_SPLINE_CURVE_WITH_KNOTS('',3,(#6021,#6022,#6023,#6024),
 .UNSPECIFIED.,.F.,.F.,(4,4),(0.,0.00122717983440994),.UNSPECIFIED.);
#283=B_SPLINE_CURVE_WITH_KNOTS('',3,(#6026,#6027,#6028,#6029,#6030,#6031),
 .UNSPECIFIED.,.F.,.F.,(4,1,1,4),(0.,0.000555153707953569,0.00111030741590714,
0.00222061483181428),.UNSPECIFIED.);
#284=B_SPLINE_CURVE_WITH_KNOTS('',3,(#6033,#6034,#6035,#6036,#6037,#6038),
 .UNSPECIFIED.,.F.,.F.,(4,1,1,4),(0.,0.38122701159667,0.722524402439287,
1.),.UNSPECIFIED.);
#285=B_SPLINE_CURVE_WITH_KNOTS('',3,(#6040,#6041,#6042,#6043),
 .UNSPECIFIED.,.F.,.F.,(4,4),(6.2546344413855E-18,0.00122581486728446),
 .UNSPECIFIED.);
#286=B_SPLINE_CURVE_WITH_KNOTS('',3,(#6053,#6054,#6055,#6056,#6057),
 .UNSPECIFIED.,.F.,.F.,(4,1,4),(1.52630924358679E-15,0.00231890273618865,
0.00463780547237578),.UNSPECIFIED.);
#287=B_SPLINE_CURVE_WITH_KNOTS('',3,(#6059,#6060,#6061,#6062),
 .UNSPECIFIED.,.F.,.F.,(4,4),(0.00177062914815456,0.00240193048217317),
 .UNSPECIFIED.);
#288=B_SPLINE_CURVE_WITH_KNOTS('',3,(#6064,#6065,#6066,#6067,#6068),
 .UNSPECIFIED.,.F.,.F.,(4,1,4),(2.65503380826141E-17,0.00233967901195363,
0.00467935802390724),.UNSPECIFIED.);
#289=B_SPLINE_CURVE_WITH_KNOTS('',3,(#6077,#6078,#6079,#6080),
 .UNSPECIFIED.,.F.,.F.,(4,4),(0.000644726901793217,0.00127578462870506),
 .UNSPECIFIED.);
#290=B_SPLINE_CURVE_WITH_KNOTS('',3,(#6083,#6084,#6085,#6086,#6087),
 .UNSPECIFIED.,.F.,.F.,(4,1,4),(8.33389756473312E-17,0.0023190376180419,
0.00463807523608371),.UNSPECIFIED.);
#291=B_SPLINE_CURVE_WITH_KNOTS('',3,(#6088,#6089,#6090,#6091,#6092),
 .UNSPECIFIED.,.F.,.F.,(4,1,4),(3.15432645581902E-15,0.00233967883517878,
0.0046793576703544),.UNSPECIFIED.);
#292=B_SPLINE_CURVE_WITH_KNOTS('',3,(#6129,#6130,#6131,#6132,#6133,#6134),
 .UNSPECIFIED.,.F.,.F.,(4,1,1,4),(1.04243736877403E-14,0.0023457084725446,
0.00351856270881169,0.00469141694507877),.UNSPECIFIED.);
#293=B_SPLINE_CURVE_WITH_KNOTS('',3,(#6135,#6136,#6137,#6138,#6139,#6140),
 .UNSPECIFIED.,.F.,.F.,(4,1,1,4),(7.70061575757174E-15,0.0011780762124111,
0.0023561524248145,0.00471230484962131),.UNSPECIFIED.);
#294=B_SPLINE_CURVE_WITH_KNOTS('',3,(#6153,#6154,#6155,#6156,#6157,#6158),
 .UNSPECIFIED.,.F.,.F.,(4,1,1,4),(6.31448876631291E-18,0.00117476861578426,
0.00234953723156851,0.00469907446313701),.UNSPECIFIED.);
#295=B_SPLINE_CURVE_WITH_KNOTS('',3,(#6159,#6160,#6161,#6162,#6163,#6164),
 .UNSPECIFIED.,.F.,.F.,(4,1,1,4),(6.27697576099319E-15,0.00236486257820921,
0.00354729386731068,0.00472972515641214),.UNSPECIFIED.);
#296=ORIENTED_EDGE('',*,*,#898,.F.);
#297=ORIENTED_EDGE('',*,*,#899,.T.);
#298=ORIENTED_EDGE('',*,*,#900,.T.);
#299=ORIENTED_EDGE('',*,*,#901,.T.);
#300=ORIENTED_EDGE('',*,*,#902,.T.);
#301=ORIENTED_EDGE('',*,*,#903,.T.);
#302=ORIENTED_EDGE('',*,*,#904,.T.);
#303=ORIENTED_EDGE('',*,*,#905,.T.);
#304=ORIENTED_EDGE('',*,*,#906,.T.);
#305=ORIENTED_EDGE('',*,*,#907,.T.);
#306=ORIENTED_EDGE('',*,*,#908,.T.);
#307=ORIENTED_EDGE('',*,*,#909,.T.);
#308=ORIENTED_EDGE('',*,*,#910,.T.);
#309=ORIENTED_EDGE('',*,*,#911,.T.);
#310=ORIENTED_EDGE('',*,*,#912,.T.);
#311=ORIENTED_EDGE('',*,*,#913,.T.);
#312=ORIENTED_EDGE('',*,*,#914,.T.);
#313=ORIENTED_EDGE('',*,*,#915,.T.);
#314=ORIENTED_EDGE('',*,*,#916,.T.);
#315=ORIENTED_EDGE('',*,*,#917,.T.);
#316=ORIENTED_EDGE('',*,*,#918,.T.);
#317=ORIENTED_EDGE('',*,*,#919,.T.);
#318=ORIENTED_EDGE('',*,*,#920,.T.);
#319=ORIENTED_EDGE('',*,*,#921,.T.);
#320=ORIENTED_EDGE('',*,*,#922,.T.);
#321=ORIENTED_EDGE('',*,*,#923,.F.);
#322=ORIENTED_EDGE('',*,*,#924,.T.);
#323=ORIENTED_EDGE('',*,*,#925,.T.);
#324=ORIENTED_EDGE('',*,*,#926,.T.);
#325=ORIENTED_EDGE('',*,*,#927,.F.);
#326=ORIENTED_EDGE('',*,*,#928,.F.);
#327=ORIENTED_EDGE('',*,*,#929,.T.);
#328=ORIENTED_EDGE('',*,*,#930,.T.);
#329=ORIENTED_EDGE('',*,*,#931,.T.);
#330=ORIENTED_EDGE('',*,*,#932,.T.);
#331=ORIENTED_EDGE('',*,*,#933,.T.);
#332=ORIENTED_EDGE('',*,*,#934,.T.);
#333=ORIENTED_EDGE('',*,*,#935,.T.);
#334=ORIENTED_EDGE('',*,*,#936,.T.);
#335=ORIENTED_EDGE('',*,*,#937,.T.);
#336=ORIENTED_EDGE('',*,*,#923,.T.);
#337=ORIENTED_EDGE('',*,*,#938,.T.);
#338=ORIENTED_EDGE('',*,*,#939,.F.);
#339=ORIENTED_EDGE('',*,*,#940,.T.);
#340=ORIENTED_EDGE('',*,*,#941,.T.);
#341=ORIENTED_EDGE('',*,*,#942,.F.);
#342=ORIENTED_EDGE('',*,*,#943,.T.);
#343=ORIENTED_EDGE('',*,*,#944,.T.);
#344=ORIENTED_EDGE('',*,*,#945,.F.);
#345=ORIENTED_EDGE('',*,*,#946,.T.);
#346=ORIENTED_EDGE('',*,*,#947,.T.);
#347=ORIENTED_EDGE('',*,*,#948,.F.);
#348=ORIENTED_EDGE('',*,*,#949,.F.);
#349=ORIENTED_EDGE('',*,*,#950,.F.);
#350=ORIENTED_EDGE('',*,*,#951,.T.);
#351=ORIENTED_EDGE('',*,*,#952,.F.);
#352=ORIENTED_EDGE('',*,*,#953,.T.);
#353=ORIENTED_EDGE('',*,*,#954,.F.);
#354=ORIENTED_EDGE('',*,*,#955,.T.);
#355=ORIENTED_EDGE('',*,*,#956,.F.);
#356=ORIENTED_EDGE('',*,*,#957,.T.);
#357=ORIENTED_EDGE('',*,*,#939,.T.);
#358=ORIENTED_EDGE('',*,*,#954,.T.);
#359=ORIENTED_EDGE('',*,*,#958,.T.);
#360=ORIENTED_EDGE('',*,*,#920,.F.);
#361=ORIENTED_EDGE('',*,*,#959,.T.);
#362=ORIENTED_EDGE('',*,*,#922,.F.);
#363=ORIENTED_EDGE('',*,*,#960,.T.);
#364=ORIENTED_EDGE('',*,*,#952,.T.);
#365=ORIENTED_EDGE('',*,*,#938,.F.);
#366=ORIENTED_EDGE('',*,*,#961,.T.);
#367=ORIENTED_EDGE('',*,*,#962,.T.);
#368=ORIENTED_EDGE('',*,*,#918,.F.);
#369=ORIENTED_EDGE('',*,*,#917,.F.);
#370=ORIENTED_EDGE('',*,*,#963,.F.);
#371=ORIENTED_EDGE('',*,*,#964,.F.);
#372=ORIENTED_EDGE('',*,*,#965,.T.);
#373=ORIENTED_EDGE('',*,*,#966,.F.);
#374=ORIENTED_EDGE('',*,*,#967,.F.);
#375=ORIENTED_EDGE('',*,*,#915,.F.);
#376=ORIENTED_EDGE('',*,*,#914,.F.);
#377=ORIENTED_EDGE('',*,*,#968,.T.);
#378=ORIENTED_EDGE('',*,*,#969,.F.);
#379=ORIENTED_EDGE('',*,*,#966,.T.);
#380=ORIENTED_EDGE('',*,*,#970,.T.);
#381=ORIENTED_EDGE('',*,*,#941,.F.);
#382=ORIENTED_EDGE('',*,*,#957,.F.);
#383=ORIENTED_EDGE('',*,*,#971,.T.);
#384=ORIENTED_EDGE('',*,*,#967,.T.);
#385=ORIENTED_EDGE('',*,*,#969,.T.);
#386=ORIENTED_EDGE('',*,*,#940,.F.);
#387=ORIENTED_EDGE('',*,*,#953,.F.);
#388=ORIENTED_EDGE('',*,*,#960,.F.);
#389=ORIENTED_EDGE('',*,*,#921,.F.);
#390=ORIENTED_EDGE('',*,*,#958,.F.);
#391=ORIENTED_EDGE('',*,*,#955,.F.);
#392=ORIENTED_EDGE('',*,*,#959,.F.);
#393=ORIENTED_EDGE('',*,*,#925,.F.);
#394=ORIENTED_EDGE('',*,*,#972,.F.);
#395=ORIENTED_EDGE('',*,*,#973,.F.);
#396=ORIENTED_EDGE('',*,*,#916,.F.);
#397=ORIENTED_EDGE('',*,*,#971,.F.);
#398=ORIENTED_EDGE('',*,*,#974,.T.);
#399=ORIENTED_EDGE('',*,*,#924,.F.);
#400=ORIENTED_EDGE('',*,*,#937,.F.);
#401=ORIENTED_EDGE('',*,*,#975,.F.);
#402=ORIENTED_EDGE('',*,*,#976,.F.);
#403=ORIENTED_EDGE('',*,*,#977,.T.);
#404=ORIENTED_EDGE('',*,*,#978,.T.);
#405=ORIENTED_EDGE('',*,*,#979,.T.);
#406=ORIENTED_EDGE('',*,*,#946,.F.);
#407=ORIENTED_EDGE('',*,*,#980,.T.);
#408=ORIENTED_EDGE('',*,*,#981,.T.);
#409=ORIENTED_EDGE('',*,*,#982,.F.);
#410=ORIENTED_EDGE('',*,*,#983,.T.);
#411=ORIENTED_EDGE('',*,*,#984,.F.);
#412=ORIENTED_EDGE('',*,*,#985,.T.);
#413=ORIENTED_EDGE('',*,*,#986,.F.);
#414=ORIENTED_EDGE('',*,*,#948,.T.);
#415=ORIENTED_EDGE('',*,*,#984,.T.);
#416=ORIENTED_EDGE('',*,*,#987,.T.);
#417=ORIENTED_EDGE('',*,*,#977,.F.);
#418=ORIENTED_EDGE('',*,*,#988,.T.);
#419=ORIENTED_EDGE('',*,*,#979,.F.);
#420=ORIENTED_EDGE('',*,*,#989,.T.);
#421=ORIENTED_EDGE('',*,*,#982,.T.);
#422=ORIENTED_EDGE('',*,*,#947,.F.);
#423=ORIENTED_EDGE('',*,*,#983,.F.);
#424=ORIENTED_EDGE('',*,*,#989,.F.);
#425=ORIENTED_EDGE('',*,*,#978,.F.);
#426=ORIENTED_EDGE('',*,*,#987,.F.);
#427=ORIENTED_EDGE('',*,*,#985,.F.);
#428=ORIENTED_EDGE('',*,*,#988,.F.);
#429=ORIENTED_EDGE('',*,*,#981,.F.);
#430=ORIENTED_EDGE('',*,*,#990,.F.);
#431=ORIENTED_EDGE('',*,*,#974,.F.);
#432=ORIENTED_EDGE('',*,*,#956,.T.);
#433=ORIENTED_EDGE('',*,*,#991,.F.);
#434=ORIENTED_EDGE('',*,*,#992,.F.);
#435=ORIENTED_EDGE('',*,*,#993,.F.);
#436=ORIENTED_EDGE('',*,*,#994,.F.);
#437=ORIENTED_EDGE('',*,*,#995,.F.);
#438=ORIENTED_EDGE('',*,*,#980,.F.);
#439=ORIENTED_EDGE('',*,*,#945,.T.);
#440=ORIENTED_EDGE('',*,*,#996,.T.);
#441=ORIENTED_EDGE('',*,*,#997,.T.);
#442=ORIENTED_EDGE('',*,*,#998,.T.);
#443=ORIENTED_EDGE('',*,*,#999,.F.);
#444=ORIENTED_EDGE('',*,*,#990,.T.);
#445=ORIENTED_EDGE('',*,*,#949,.T.);
#446=ORIENTED_EDGE('',*,*,#986,.T.);
#447=ORIENTED_EDGE('',*,*,#1000,.F.);
#448=ORIENTED_EDGE('',*,*,#1001,.T.);
#449=ORIENTED_EDGE('',*,*,#1002,.T.);
#450=ORIENTED_EDGE('',*,*,#1003,.T.);
#451=ORIENTED_EDGE('',*,*,#1004,.F.);
#452=ORIENTED_EDGE('',*,*,#972,.T.);
#453=ORIENTED_EDGE('',*,*,#1005,.F.);
#454=ORIENTED_EDGE('',*,*,#1006,.T.);
#455=ORIENTED_EDGE('',*,*,#1007,.F.);
#456=ORIENTED_EDGE('',*,*,#1008,.T.);
#457=ORIENTED_EDGE('',*,*,#1002,.F.);
#458=ORIENTED_EDGE('',*,*,#976,.T.);
#459=ORIENTED_EDGE('',*,*,#1009,.T.);
#460=ORIENTED_EDGE('',*,*,#1010,.T.);
#461=ORIENTED_EDGE('',*,*,#1011,.F.);
#462=ORIENTED_EDGE('',*,*,#994,.T.);
#463=ORIENTED_EDGE('',*,*,#1012,.T.);
#464=ORIENTED_EDGE('',*,*,#1013,.T.);
#465=ORIENTED_EDGE('',*,*,#1009,.F.);
#466=ORIENTED_EDGE('',*,*,#993,.T.);
#467=ORIENTED_EDGE('',*,*,#1014,.T.);
#468=ORIENTED_EDGE('',*,*,#1015,.T.);
#469=ORIENTED_EDGE('',*,*,#1012,.F.);
#470=ORIENTED_EDGE('',*,*,#992,.T.);
#471=ORIENTED_EDGE('',*,*,#1004,.T.);
#472=ORIENTED_EDGE('',*,*,#1016,.T.);
#473=ORIENTED_EDGE('',*,*,#1014,.F.);
#474=ORIENTED_EDGE('',*,*,#991,.T.);
#475=ORIENTED_EDGE('',*,*,#1011,.T.);
#476=ORIENTED_EDGE('',*,*,#1017,.T.);
#477=ORIENTED_EDGE('',*,*,#997,.F.);
#478=ORIENTED_EDGE('',*,*,#995,.T.);
#479=ORIENTED_EDGE('',*,*,#1018,.F.);
#480=ORIENTED_EDGE('',*,*,#1000,.T.);
#481=ORIENTED_EDGE('',*,*,#999,.T.);
#482=ORIENTED_EDGE('',*,*,#1019,.T.);
#483=ORIENTED_EDGE('',*,*,#1020,.T.);
#484=ORIENTED_EDGE('',*,*,#1021,.T.);
#485=ORIENTED_EDGE('',*,*,#1022,.F.);
#486=ORIENTED_EDGE('',*,*,#1023,.T.);
#487=ORIENTED_EDGE('',*,*,#1020,.F.);
#488=ORIENTED_EDGE('',*,*,#1019,.F.);
#489=ORIENTED_EDGE('',*,*,#1024,.F.);
#490=ORIENTED_EDGE('',*,*,#901,.F.);
#491=ORIENTED_EDGE('',*,*,#1025,.T.);
#492=ORIENTED_EDGE('',*,*,#1024,.T.);
#493=ORIENTED_EDGE('',*,*,#998,.F.);
#494=ORIENTED_EDGE('',*,*,#1026,.F.);
#495=ORIENTED_EDGE('',*,*,#902,.F.);
#496=ORIENTED_EDGE('',*,*,#1026,.T.);
#497=ORIENTED_EDGE('',*,*,#1017,.F.);
#498=ORIENTED_EDGE('',*,*,#1027,.F.);
#499=ORIENTED_EDGE('',*,*,#903,.F.);
#500=ORIENTED_EDGE('',*,*,#1027,.T.);
#501=ORIENTED_EDGE('',*,*,#1010,.F.);
#502=ORIENTED_EDGE('',*,*,#1028,.F.);
#503=ORIENTED_EDGE('',*,*,#904,.F.);
#504=ORIENTED_EDGE('',*,*,#1028,.T.);
#505=ORIENTED_EDGE('',*,*,#1013,.F.);
#506=ORIENTED_EDGE('',*,*,#1029,.F.);
#507=ORIENTED_EDGE('',*,*,#905,.F.);
#508=ORIENTED_EDGE('',*,*,#1029,.T.);
#509=ORIENTED_EDGE('',*,*,#1015,.F.);
#510=ORIENTED_EDGE('',*,*,#1030,.F.);
#511=ORIENTED_EDGE('',*,*,#906,.F.);
#512=ORIENTED_EDGE('',*,*,#1030,.T.);
#513=ORIENTED_EDGE('',*,*,#1016,.F.);
#514=ORIENTED_EDGE('',*,*,#1031,.F.);
#515=ORIENTED_EDGE('',*,*,#907,.F.);
#516=ORIENTED_EDGE('',*,*,#1031,.T.);
#517=ORIENTED_EDGE('',*,*,#1003,.F.);
#518=ORIENTED_EDGE('',*,*,#1032,.F.);
#519=ORIENTED_EDGE('',*,*,#908,.F.);
#520=ORIENTED_EDGE('',*,*,#1008,.F.);
#521=ORIENTED_EDGE('',*,*,#1007,.T.);
#522=ORIENTED_EDGE('',*,*,#1033,.T.);
#523=ORIENTED_EDGE('',*,*,#1034,.T.);
#524=ORIENTED_EDGE('',*,*,#1035,.T.);
#525=ORIENTED_EDGE('',*,*,#909,.F.);
#526=ORIENTED_EDGE('',*,*,#1032,.T.);
#527=ORIENTED_EDGE('',*,*,#1036,.T.);
#528=ORIENTED_EDGE('',*,*,#1037,.T.);
#529=ORIENTED_EDGE('',*,*,#1022,.T.);
#530=ORIENTED_EDGE('',*,*,#1038,.T.);
#531=ORIENTED_EDGE('',*,*,#1039,.T.);
#532=ORIENTED_EDGE('',*,*,#1040,.F.);
#533=ORIENTED_EDGE('',*,*,#1034,.F.);
#534=ORIENTED_EDGE('',*,*,#1041,.T.);
#535=ORIENTED_EDGE('',*,*,#1042,.T.);
#536=ORIENTED_EDGE('',*,*,#1043,.T.);
#537=ORIENTED_EDGE('',*,*,#1044,.T.);
#538=ORIENTED_EDGE('',*,*,#1045,.T.);
#539=ORIENTED_EDGE('',*,*,#1046,.T.);
#540=ORIENTED_EDGE('',*,*,#1047,.T.);
#541=ORIENTED_EDGE('',*,*,#1048,.F.);
#542=ORIENTED_EDGE('',*,*,#1049,.F.);
#543=ORIENTED_EDGE('',*,*,#1050,.T.);
#544=ORIENTED_EDGE('',*,*,#1051,.T.);
#545=ORIENTED_EDGE('',*,*,#1052,.T.);
#546=ORIENTED_EDGE('',*,*,#1053,.T.);
#547=ORIENTED_EDGE('',*,*,#1054,.T.);
#548=ORIENTED_EDGE('',*,*,#1055,.T.);
#549=ORIENTED_EDGE('',*,*,#1056,.T.);
#550=ORIENTED_EDGE('',*,*,#1018,.T.);
#551=ORIENTED_EDGE('',*,*,#1057,.F.);
#552=ORIENTED_EDGE('',*,*,#1058,.T.);
#553=ORIENTED_EDGE('',*,*,#1059,.T.);
#554=ORIENTED_EDGE('',*,*,#1005,.T.);
#555=ORIENTED_EDGE('',*,*,#1040,.T.);
#556=ORIENTED_EDGE('',*,*,#1060,.T.);
#557=ORIENTED_EDGE('',*,*,#1043,.F.);
#558=ORIENTED_EDGE('',*,*,#1061,.T.);
#559=ORIENTED_EDGE('',*,*,#1048,.T.);
#560=ORIENTED_EDGE('',*,*,#1062,.T.);
#561=ORIENTED_EDGE('',*,*,#1057,.T.);
#562=ORIENTED_EDGE('',*,*,#975,.T.);
#563=ORIENTED_EDGE('',*,*,#936,.F.);
#564=ORIENTED_EDGE('',*,*,#1063,.F.);
#565=ORIENTED_EDGE('',*,*,#951,.F.);
#566=ORIENTED_EDGE('',*,*,#1064,.F.);
#567=ORIENTED_EDGE('',*,*,#1049,.T.);
#568=ORIENTED_EDGE('',*,*,#1063,.T.);
#569=ORIENTED_EDGE('',*,*,#1056,.F.);
#570=ORIENTED_EDGE('',*,*,#1065,.T.);
#571=ORIENTED_EDGE('',*,*,#1050,.F.);
#572=ORIENTED_EDGE('',*,*,#1064,.T.);
#573=ORIENTED_EDGE('',*,*,#950,.T.);
#574=ORIENTED_EDGE('',*,*,#1001,.F.);
#575=ORIENTED_EDGE('',*,*,#927,.T.);
#576=ORIENTED_EDGE('',*,*,#1066,.T.);
#577=ORIENTED_EDGE('',*,*,#898,.T.);
#578=ORIENTED_EDGE('',*,*,#1067,.T.);
#579=ORIENTED_EDGE('',*,*,#1068,.T.);
#580=ORIENTED_EDGE('',*,*,#1069,.F.);
#581=ORIENTED_EDGE('',*,*,#1070,.T.);
#582=ORIENTED_EDGE('',*,*,#912,.F.);
#583=ORIENTED_EDGE('',*,*,#1071,.T.);
#584=ORIENTED_EDGE('',*,*,#929,.F.);
#585=ORIENTED_EDGE('',*,*,#1068,.F.);
#586=ORIENTED_EDGE('',*,*,#1072,.T.);
#587=ORIENTED_EDGE('',*,*,#1069,.T.);
#588=ORIENTED_EDGE('',*,*,#928,.T.);
#589=ORIENTED_EDGE('',*,*,#944,.F.);
#590=ORIENTED_EDGE('',*,*,#1073,.F.);
#591=ORIENTED_EDGE('',*,*,#963,.T.);
#592=ORIENTED_EDGE('',*,*,#973,.T.);
#593=ORIENTED_EDGE('',*,*,#996,.F.);
#594=ORIENTED_EDGE('',*,*,#943,.F.);
#595=ORIENTED_EDGE('',*,*,#1074,.F.);
#596=ORIENTED_EDGE('',*,*,#964,.T.);
#597=ORIENTED_EDGE('',*,*,#1073,.T.);
#598=ORIENTED_EDGE('',*,*,#970,.F.);
#599=ORIENTED_EDGE('',*,*,#965,.F.);
#600=ORIENTED_EDGE('',*,*,#1074,.T.);
#601=ORIENTED_EDGE('',*,*,#942,.T.);
#602=ORIENTED_EDGE('',*,*,#913,.F.);
#603=ORIENTED_EDGE('',*,*,#1070,.F.);
#604=ORIENTED_EDGE('',*,*,#1075,.F.);
#605=ORIENTED_EDGE('',*,*,#968,.F.);
#606=ORIENTED_EDGE('',*,*,#1075,.T.);
#607=ORIENTED_EDGE('',*,*,#1072,.F.);
#608=ORIENTED_EDGE('',*,*,#1076,.F.);
#609=ORIENTED_EDGE('',*,*,#961,.F.);
#610=ORIENTED_EDGE('',*,*,#1076,.T.);
#611=ORIENTED_EDGE('',*,*,#1067,.F.);
#612=ORIENTED_EDGE('',*,*,#919,.F.);
#613=ORIENTED_EDGE('',*,*,#962,.F.);
#614=ORIENTED_EDGE('',*,*,#900,.F.);
#615=ORIENTED_EDGE('',*,*,#1077,.T.);
#616=ORIENTED_EDGE('',*,*,#1038,.F.);
#617=ORIENTED_EDGE('',*,*,#1025,.F.);
#618=ORIENTED_EDGE('',*,*,#1042,.F.);
#619=ORIENTED_EDGE('',*,*,#1078,.T.);
#620=ORIENTED_EDGE('',*,*,#1046,.F.);
#621=ORIENTED_EDGE('',*,*,#1079,.F.);
#622=ORIENTED_EDGE('',*,*,#1079,.T.);
#623=ORIENTED_EDGE('',*,*,#1053,.F.);
#624=ORIENTED_EDGE('',*,*,#1080,.F.);
#625=ORIENTED_EDGE('',*,*,#1061,.F.);
#626=ORIENTED_EDGE('',*,*,#1052,.F.);
#627=ORIENTED_EDGE('',*,*,#1081,.T.);
#628=ORIENTED_EDGE('',*,*,#1036,.F.);
#629=ORIENTED_EDGE('',*,*,#1080,.T.);
#630=ORIENTED_EDGE('',*,*,#1045,.F.);
#631=ORIENTED_EDGE('',*,*,#1082,.T.);
#632=ORIENTED_EDGE('',*,*,#910,.F.);
#633=ORIENTED_EDGE('',*,*,#1035,.F.);
#634=ORIENTED_EDGE('',*,*,#1006,.F.);
#635=ORIENTED_EDGE('',*,*,#1059,.F.);
#636=ORIENTED_EDGE('',*,*,#1083,.F.);
#637=ORIENTED_EDGE('',*,*,#1041,.F.);
#638=ORIENTED_EDGE('',*,*,#1033,.F.);
#639=ORIENTED_EDGE('',*,*,#1078,.F.);
#640=ORIENTED_EDGE('',*,*,#1083,.T.);
#641=ORIENTED_EDGE('',*,*,#1084,.F.);
#642=ORIENTED_EDGE('',*,*,#1062,.F.);
#643=ORIENTED_EDGE('',*,*,#1047,.F.);
#644=ORIENTED_EDGE('',*,*,#1084,.T.);
#645=ORIENTED_EDGE('',*,*,#1058,.F.);
#646=ORIENTED_EDGE('',*,*,#1023,.F.);
#647=ORIENTED_EDGE('',*,*,#1037,.F.);
#648=ORIENTED_EDGE('',*,*,#1085,.F.);
#649=ORIENTED_EDGE('',*,*,#1054,.F.);
#650=ORIENTED_EDGE('',*,*,#1021,.F.);
#651=ORIENTED_EDGE('',*,*,#1085,.T.);
#652=ORIENTED_EDGE('',*,*,#1081,.F.);
#653=ORIENTED_EDGE('',*,*,#1086,.F.);
#654=ORIENTED_EDGE('',*,*,#1065,.F.);
#655=ORIENTED_EDGE('',*,*,#1055,.F.);
#656=ORIENTED_EDGE('',*,*,#1086,.T.);
#657=ORIENTED_EDGE('',*,*,#1051,.F.);
#658=ORIENTED_EDGE('',*,*,#1071,.F.);
#659=ORIENTED_EDGE('',*,*,#911,.F.);
#660=ORIENTED_EDGE('',*,*,#1087,.F.);
#661=ORIENTED_EDGE('',*,*,#930,.F.);
#662=ORIENTED_EDGE('',*,*,#1087,.T.);
#663=ORIENTED_EDGE('',*,*,#1082,.F.);
#664=ORIENTED_EDGE('',*,*,#1088,.F.);
#665=ORIENTED_EDGE('',*,*,#931,.F.);
#666=ORIENTED_EDGE('',*,*,#1088,.T.);
#667=ORIENTED_EDGE('',*,*,#1044,.F.);
#668=ORIENTED_EDGE('',*,*,#1089,.F.);
#669=ORIENTED_EDGE('',*,*,#932,.F.);
#670=ORIENTED_EDGE('',*,*,#1089,.T.);
#671=ORIENTED_EDGE('',*,*,#1060,.F.);
#672=ORIENTED_EDGE('',*,*,#1090,.F.);
#673=ORIENTED_EDGE('',*,*,#933,.F.);
#674=ORIENTED_EDGE('',*,*,#1090,.T.);
#675=ORIENTED_EDGE('',*,*,#1039,.F.);
#676=ORIENTED_EDGE('',*,*,#1091,.F.);
#677=ORIENTED_EDGE('',*,*,#934,.F.);
#678=ORIENTED_EDGE('',*,*,#1091,.T.);
#679=ORIENTED_EDGE('',*,*,#1077,.F.);
#680=ORIENTED_EDGE('',*,*,#1092,.F.);
#681=ORIENTED_EDGE('',*,*,#935,.F.);
#682=ORIENTED_EDGE('',*,*,#1092,.T.);
#683=ORIENTED_EDGE('',*,*,#899,.F.);
#684=ORIENTED_EDGE('',*,*,#1066,.F.);
#685=ORIENTED_EDGE('',*,*,#926,.F.);
#686=ORIENTED_EDGE('',*,*,#1093,.F.);
#687=ORIENTED_EDGE('',*,*,#1094,.T.);
#688=ORIENTED_EDGE('',*,*,#1095,.F.);
#689=ORIENTED_EDGE('',*,*,#1096,.T.);
#690=ORIENTED_EDGE('',*,*,#1097,.F.);
#691=ORIENTED_EDGE('',*,*,#1098,.T.);
#692=ORIENTED_EDGE('',*,*,#1099,.T.);
#693=ORIENTED_EDGE('',*,*,#1100,.F.);
#694=ORIENTED_EDGE('',*,*,#1101,.F.);
#695=ORIENTED_EDGE('',*,*,#1102,.F.);
#696=ORIENTED_EDGE('',*,*,#1103,.F.);
#697=ORIENTED_EDGE('',*,*,#1104,.F.);
#698=ORIENTED_EDGE('',*,*,#1105,.T.);
#699=ORIENTED_EDGE('',*,*,#1096,.F.);
#700=ORIENTED_EDGE('',*,*,#1106,.T.);
#701=ORIENTED_EDGE('',*,*,#1100,.T.);
#702=ORIENTED_EDGE('',*,*,#1107,.T.);
#703=ORIENTED_EDGE('',*,*,#1108,.T.);
#704=ORIENTED_EDGE('',*,*,#1109,.T.);
#705=ORIENTED_EDGE('',*,*,#1110,.T.);
#706=ORIENTED_EDGE('',*,*,#1102,.T.);
#707=ORIENTED_EDGE('',*,*,#1095,.T.);
#708=ORIENTED_EDGE('',*,*,#1111,.T.);
#709=ORIENTED_EDGE('',*,*,#1112,.T.);
#710=ORIENTED_EDGE('',*,*,#1113,.T.);
#711=ORIENTED_EDGE('',*,*,#1097,.T.);
#712=ORIENTED_EDGE('',*,*,#1106,.F.);
#713=ORIENTED_EDGE('',*,*,#1114,.F.);
#714=ORIENTED_EDGE('',*,*,#1115,.T.);
#715=ORIENTED_EDGE('',*,*,#1108,.F.);
#716=ORIENTED_EDGE('',*,*,#1101,.T.);
#717=ORIENTED_EDGE('',*,*,#1099,.F.);
#718=ORIENTED_EDGE('',*,*,#1116,.T.);
#719=ORIENTED_EDGE('',*,*,#1112,.F.);
#720=ORIENTED_EDGE('',*,*,#1117,.T.);
#721=ORIENTED_EDGE('',*,*,#1114,.T.);
#722=ORIENTED_EDGE('',*,*,#1118,.T.);
#723=ORIENTED_EDGE('',*,*,#1119,.F.);
#724=ORIENTED_EDGE('',*,*,#1120,.T.);
#725=ORIENTED_EDGE('',*,*,#1121,.T.);
#726=ORIENTED_EDGE('',*,*,#1122,.T.);
#727=ORIENTED_EDGE('',*,*,#1104,.T.);
#728=ORIENTED_EDGE('',*,*,#1123,.F.);
#729=ORIENTED_EDGE('',*,*,#1124,.F.);
#730=ORIENTED_EDGE('',*,*,#1125,.T.);
#731=ORIENTED_EDGE('',*,*,#1121,.F.);
#732=ORIENTED_EDGE('',*,*,#1126,.T.);
#733=ORIENTED_EDGE('',*,*,#1127,.F.);
#734=ORIENTED_EDGE('',*,*,#1123,.T.);
#735=ORIENTED_EDGE('',*,*,#1103,.T.);
#736=ORIENTED_EDGE('',*,*,#1110,.F.);
#737=ORIENTED_EDGE('',*,*,#1128,.T.);
#738=ORIENTED_EDGE('',*,*,#1107,.F.);
#739=ORIENTED_EDGE('',*,*,#1129,.T.);
#740=ORIENTED_EDGE('',*,*,#1130,.T.);
#741=ORIENTED_EDGE('',*,*,#1119,.T.);
#742=ORIENTED_EDGE('',*,*,#1093,.T.);
#743=ORIENTED_EDGE('',*,*,#1105,.F.);
#744=ORIENTED_EDGE('',*,*,#1125,.F.);
#745=ORIENTED_EDGE('',*,*,#1131,.T.);
#746=ORIENTED_EDGE('',*,*,#1127,.T.);
#747=ORIENTED_EDGE('',*,*,#1132,.T.);
#748=ORIENTED_EDGE('',*,*,#1129,.F.);
#749=ORIENTED_EDGE('',*,*,#1124,.T.);
#750=ORIENTED_EDGE('',*,*,#1115,.F.);
#751=ORIENTED_EDGE('',*,*,#1117,.F.);
#752=ORIENTED_EDGE('',*,*,#1111,.F.);
#753=ORIENTED_EDGE('',*,*,#1094,.F.);
#754=ORIENTED_EDGE('',*,*,#1122,.F.);
#755=ORIENTED_EDGE('',*,*,#1109,.F.);
#756=ORIENTED_EDGE('',*,*,#1116,.F.);
#757=ORIENTED_EDGE('',*,*,#1098,.F.);
#758=ORIENTED_EDGE('',*,*,#1113,.F.);
#759=ORIENTED_EDGE('',*,*,#1118,.F.);
#760=ORIENTED_EDGE('',*,*,#1131,.F.);
#761=ORIENTED_EDGE('',*,*,#1128,.F.);
#762=ORIENTED_EDGE('',*,*,#1126,.F.);
#763=ORIENTED_EDGE('',*,*,#1120,.F.);
#764=ORIENTED_EDGE('',*,*,#1130,.F.);
#765=ORIENTED_EDGE('',*,*,#1132,.F.);
#766=ORIENTED_EDGE('',*,*,#1133,.T.);
#767=ORIENTED_EDGE('',*,*,#1134,.T.);
#768=ORIENTED_EDGE('',*,*,#1135,.T.);
#769=ORIENTED_EDGE('',*,*,#1136,.T.);
#770=ORIENTED_EDGE('',*,*,#1137,.T.);
#771=ORIENTED_EDGE('',*,*,#1138,.T.);
#772=ORIENTED_EDGE('',*,*,#1139,.F.);
#773=ORIENTED_EDGE('',*,*,#1140,.T.);
#774=ORIENTED_EDGE('',*,*,#1141,.F.);
#775=ORIENTED_EDGE('',*,*,#1142,.T.);
#776=ORIENTED_EDGE('',*,*,#1143,.F.);
#777=ORIENTED_EDGE('',*,*,#1144,.T.);
#778=ORIENTED_EDGE('',*,*,#1145,.T.);
#779=ORIENTED_EDGE('',*,*,#1146,.T.);
#780=ORIENTED_EDGE('',*,*,#1147,.T.);
#781=ORIENTED_EDGE('',*,*,#1148,.T.);
#782=ORIENTED_EDGE('',*,*,#1149,.T.);
#783=ORIENTED_EDGE('',*,*,#1150,.F.);
#784=ORIENTED_EDGE('',*,*,#1151,.F.);
#785=ORIENTED_EDGE('',*,*,#1152,.T.);
#786=ORIENTED_EDGE('',*,*,#1150,.T.);
#787=ORIENTED_EDGE('',*,*,#1153,.F.);
#788=ORIENTED_EDGE('',*,*,#1142,.F.);
#789=ORIENTED_EDGE('',*,*,#1154,.F.);
#790=ORIENTED_EDGE('',*,*,#1155,.F.);
#791=ORIENTED_EDGE('',*,*,#1156,.T.);
#792=ORIENTED_EDGE('',*,*,#1157,.F.);
#793=ORIENTED_EDGE('',*,*,#1158,.T.);
#794=ORIENTED_EDGE('',*,*,#1159,.T.);
#795=ORIENTED_EDGE('',*,*,#1160,.T.);
#796=ORIENTED_EDGE('',*,*,#1161,.T.);
#797=ORIENTED_EDGE('',*,*,#1162,.T.);
#798=ORIENTED_EDGE('',*,*,#1163,.F.);
#799=ORIENTED_EDGE('',*,*,#1164,.T.);
#800=ORIENTED_EDGE('',*,*,#1133,.F.);
#801=ORIENTED_EDGE('',*,*,#1153,.T.);
#802=ORIENTED_EDGE('',*,*,#1149,.F.);
#803=ORIENTED_EDGE('',*,*,#1165,.T.);
#804=ORIENTED_EDGE('',*,*,#1139,.T.);
#805=ORIENTED_EDGE('',*,*,#1166,.T.);
#806=ORIENTED_EDGE('',*,*,#1167,.T.);
#807=ORIENTED_EDGE('',*,*,#1168,.T.);
#808=ORIENTED_EDGE('',*,*,#1143,.T.);
#809=ORIENTED_EDGE('',*,*,#1152,.F.);
#810=ORIENTED_EDGE('',*,*,#1169,.F.);
#811=ORIENTED_EDGE('',*,*,#1167,.F.);
#812=ORIENTED_EDGE('',*,*,#1170,.T.);
#813=ORIENTED_EDGE('',*,*,#1171,.T.);
#814=ORIENTED_EDGE('',*,*,#1172,.T.);
#815=ORIENTED_EDGE('',*,*,#1173,.T.);
#816=ORIENTED_EDGE('',*,*,#1174,.T.);
#817=ORIENTED_EDGE('',*,*,#1163,.T.);
#818=ORIENTED_EDGE('',*,*,#1175,.T.);
#819=ORIENTED_EDGE('',*,*,#1176,.T.);
#820=ORIENTED_EDGE('',*,*,#1140,.F.);
#821=ORIENTED_EDGE('',*,*,#1177,.T.);
#822=ORIENTED_EDGE('',*,*,#1178,.T.);
#823=ORIENTED_EDGE('',*,*,#1179,.F.);
#824=ORIENTED_EDGE('',*,*,#1180,.T.);
#825=ORIENTED_EDGE('',*,*,#1181,.T.);
#826=ORIENTED_EDGE('',*,*,#1154,.T.);
#827=ORIENTED_EDGE('',*,*,#1141,.T.);
#828=ORIENTED_EDGE('',*,*,#1181,.F.);
#829=ORIENTED_EDGE('',*,*,#1182,.T.);
#830=ORIENTED_EDGE('',*,*,#1151,.T.);
#831=ORIENTED_EDGE('',*,*,#1183,.F.);
#832=ORIENTED_EDGE('',*,*,#1177,.F.);
#833=ORIENTED_EDGE('',*,*,#1169,.T.);
#834=ORIENTED_EDGE('',*,*,#1157,.T.);
#835=ORIENTED_EDGE('',*,*,#1184,.F.);
#836=ORIENTED_EDGE('',*,*,#1178,.F.);
#837=ORIENTED_EDGE('',*,*,#1183,.T.);
#838=ORIENTED_EDGE('',*,*,#1156,.F.);
#839=ORIENTED_EDGE('',*,*,#1185,.F.);
#840=ORIENTED_EDGE('',*,*,#1179,.T.);
#841=ORIENTED_EDGE('',*,*,#1184,.T.);
#842=ORIENTED_EDGE('',*,*,#1155,.T.);
#843=ORIENTED_EDGE('',*,*,#1182,.F.);
#844=ORIENTED_EDGE('',*,*,#1180,.F.);
#845=ORIENTED_EDGE('',*,*,#1185,.T.);
#846=ORIENTED_EDGE('',*,*,#1186,.T.);
#847=ORIENTED_EDGE('',*,*,#1158,.F.);
#848=ORIENTED_EDGE('',*,*,#1161,.F.);
#849=ORIENTED_EDGE('',*,*,#1187,.T.);
#850=ORIENTED_EDGE('',*,*,#1173,.F.);
#851=ORIENTED_EDGE('',*,*,#1188,.T.);
#852=ORIENTED_EDGE('',*,*,#1171,.F.);
#853=ORIENTED_EDGE('',*,*,#1189,.T.);
#854=ORIENTED_EDGE('',*,*,#1159,.F.);
#855=ORIENTED_EDGE('',*,*,#1190,.T.);
#856=ORIENTED_EDGE('',*,*,#1166,.F.);
#857=ORIENTED_EDGE('',*,*,#1138,.F.);
#858=ORIENTED_EDGE('',*,*,#1191,.F.);
#859=ORIENTED_EDGE('',*,*,#1170,.F.);
#860=ORIENTED_EDGE('',*,*,#1191,.T.);
#861=ORIENTED_EDGE('',*,*,#1137,.F.);
#862=ORIENTED_EDGE('',*,*,#1192,.F.);
#863=ORIENTED_EDGE('',*,*,#1189,.F.);
#864=ORIENTED_EDGE('',*,*,#1192,.T.);
#865=ORIENTED_EDGE('',*,*,#1136,.F.);
#866=ORIENTED_EDGE('',*,*,#1193,.F.);
#867=ORIENTED_EDGE('',*,*,#1160,.F.);
#868=ORIENTED_EDGE('',*,*,#1193,.T.);
#869=ORIENTED_EDGE('',*,*,#1135,.F.);
#870=ORIENTED_EDGE('',*,*,#1194,.F.);
#871=ORIENTED_EDGE('',*,*,#1187,.F.);
#872=ORIENTED_EDGE('',*,*,#1164,.F.);
#873=ORIENTED_EDGE('',*,*,#1174,.F.);
#874=ORIENTED_EDGE('',*,*,#1194,.T.);
#875=ORIENTED_EDGE('',*,*,#1134,.F.);
#876=ORIENTED_EDGE('',*,*,#1165,.F.);
#877=ORIENTED_EDGE('',*,*,#1148,.F.);
#878=ORIENTED_EDGE('',*,*,#1195,.F.);
#879=ORIENTED_EDGE('',*,*,#1175,.F.);
#880=ORIENTED_EDGE('',*,*,#1195,.T.);
#881=ORIENTED_EDGE('',*,*,#1147,.F.);
#882=ORIENTED_EDGE('',*,*,#1196,.F.);
#883=ORIENTED_EDGE('',*,*,#1188,.F.);
#884=ORIENTED_EDGE('',*,*,#1196,.T.);
#885=ORIENTED_EDGE('',*,*,#1146,.F.);
#886=ORIENTED_EDGE('',*,*,#1197,.F.);
#887=ORIENTED_EDGE('',*,*,#1162,.F.);
#888=ORIENTED_EDGE('',*,*,#1197,.T.);
#889=ORIENTED_EDGE('',*,*,#1145,.F.);
#890=ORIENTED_EDGE('',*,*,#1198,.F.);
#891=ORIENTED_EDGE('',*,*,#1190,.F.);
#892=ORIENTED_EDGE('',*,*,#1198,.T.);
#893=ORIENTED_EDGE('',*,*,#1144,.F.);
#894=ORIENTED_EDGE('',*,*,#1168,.F.);
#895=ORIENTED_EDGE('',*,*,#1172,.F.);
#896=ORIENTED_EDGE('',*,*,#1176,.F.);
#897=ORIENTED_EDGE('',*,*,#1186,.F.);
#898=EDGE_CURVE('',#1199,#1200,#1387,.F.);
#899=EDGE_CURVE('',#1199,#1201,#152,.T.);
#900=EDGE_CURVE('',#1201,#1202,#1388,.F.);
#901=EDGE_CURVE('',#1202,#1203,#153,.F.);
#902=EDGE_CURVE('',#1203,#1204,#154,.F.);
#903=EDGE_CURVE('',#1204,#1205,#155,.F.);
#904=EDGE_CURVE('',#1205,#1206,#156,.F.);
#905=EDGE_CURVE('',#1206,#1207,#157,.F.);
#906=EDGE_CURVE('',#1207,#1208,#158,.F.);
#907=EDGE_CURVE('',#1208,#1209,#159,.F.);
#908=EDGE_CURVE('',#1209,#1210,#160,.F.);
#909=EDGE_CURVE('',#1210,#1211,#161,.F.);
#910=EDGE_CURVE('',#1211,#1212,#1389,.T.);
#911=EDGE_CURVE('',#1212,#1213,#162,.T.);
#912=EDGE_CURVE('',#1213,#1214,#1390,.F.);
#913=EDGE_CURVE('',#1214,#1215,#163,.T.);
#914=EDGE_CURVE('',#1215,#1216,#164,.T.);
#915=EDGE_CURVE('',#1216,#1217,#165,.T.);
#916=EDGE_CURVE('',#1217,#1218,#166,.T.);
#917=EDGE_CURVE('',#1218,#1219,#167,.T.);
#918=EDGE_CURVE('',#1219,#1220,#168,.T.);
#919=EDGE_CURVE('',#1220,#1200,#169,.T.);
#920=EDGE_CURVE('',#1221,#1222,#170,.T.);
#921=EDGE_CURVE('',#1222,#1223,#171,.T.);
#922=EDGE_CURVE('',#1223,#1224,#1391,.T.);
#923=EDGE_CURVE('',#1225,#1224,#1392,.T.);
#924=EDGE_CURVE('',#1225,#1226,#1393,.F.);
#925=EDGE_CURVE('',#1226,#1221,#172,.T.);
#926=EDGE_CURVE('',#1227,#1228,#173,.T.);
#927=EDGE_CURVE('',#1229,#1228,#1394,.F.);
#928=EDGE_CURVE('',#1230,#1229,#71,.F.);
#929=EDGE_CURVE('',#1230,#1231,#1395,.F.);
#930=EDGE_CURVE('',#1231,#1232,#174,.T.);
#931=EDGE_CURVE('',#1232,#1233,#72,.F.);
#932=EDGE_CURVE('',#1233,#1234,#1396,.F.);
#933=EDGE_CURVE('',#1234,#1235,#73,.T.);
#934=EDGE_CURVE('',#1235,#1236,#1397,.T.);
#935=EDGE_CURVE('',#1236,#1227,#74,.F.);
#936=EDGE_CURVE('',#1237,#1238,#1398,.T.);
#937=EDGE_CURVE('',#1238,#1225,#175,.T.);
#938=EDGE_CURVE('',#1224,#1239,#176,.T.);
#939=EDGE_CURVE('',#1240,#1239,#1399,.T.);
#940=EDGE_CURVE('',#1240,#1241,#1400,.T.);
#941=EDGE_CURVE('',#1241,#1242,#1401,.T.);
#942=EDGE_CURVE('',#1243,#1242,#1402,.T.);
#943=EDGE_CURVE('',#1243,#1244,#75,.T.);
#944=EDGE_CURVE('',#1244,#1245,#1403,.T.);
#945=EDGE_CURVE('',#1246,#1245,#177,.F.);
#946=EDGE_CURVE('',#1246,#1247,#1404,.T.);
#947=EDGE_CURVE('',#1247,#1248,#178,.T.);
#948=EDGE_CURVE('',#1249,#1248,#1405,.T.);
#949=EDGE_CURVE('',#1250,#1249,#179,.F.);
#950=EDGE_CURVE('',#1251,#1250,#1406,.T.);
#951=EDGE_CURVE('',#1251,#1237,#76,.T.);
#952=EDGE_CURVE('',#1252,#1239,#1407,.T.);
#953=EDGE_CURVE('',#1252,#1253,#180,.T.);
#954=EDGE_CURVE('',#1254,#1253,#181,.T.);
#955=EDGE_CURVE('',#1254,#1255,#182,.T.);
#956=EDGE_CURVE('',#1256,#1255,#1408,.F.);
#957=EDGE_CURVE('',#1256,#1240,#1409,.T.);
#958=EDGE_CURVE('',#1253,#1222,#183,.T.);
#959=EDGE_CURVE('',#1221,#1254,#184,.T.);
#960=EDGE_CURVE('',#1223,#1252,#185,.T.);
#961=EDGE_CURVE('',#1257,#1258,#77,.T.);
#962=EDGE_CURVE('',#1258,#1220,#1410,.T.);
#963=EDGE_CURVE('',#1259,#1218,#1411,.T.);
#964=EDGE_CURVE('',#1260,#1259,#78,.T.);
#965=EDGE_CURVE('',#1260,#1261,#1412,.T.);
#966=EDGE_CURVE('',#1262,#1261,#1413,.T.);
#967=EDGE_CURVE('',#1217,#1262,#1414,.T.);
#968=EDGE_CURVE('',#1215,#1257,#1415,.F.);
#969=EDGE_CURVE('',#1262,#1241,#1416,.T.);
#970=EDGE_CURVE('',#1261,#1242,#1417,.T.);
#971=EDGE_CURVE('',#1256,#1217,#1418,.T.);
#972=EDGE_CURVE('',#1255,#1226,#186,.T.);
#973=EDGE_CURVE('',#1218,#1263,#1419,.T.);
#974=EDGE_CURVE('',#1256,#1263,#187,.T.);
#975=EDGE_CURVE('',#1264,#1238,#1420,.T.);
#976=EDGE_CURVE('',#1226,#1264,#188,.T.);
#977=EDGE_CURVE('',#1265,#1266,#189,.T.);
#978=EDGE_CURVE('',#1266,#1267,#190,.T.);
#979=EDGE_CURVE('',#1267,#1247,#1421,.T.);
#980=EDGE_CURVE('',#1246,#1268,#1422,.F.);
#981=EDGE_CURVE('',#1268,#1265,#191,.T.);
#982=EDGE_CURVE('',#1269,#1248,#1423,.T.);
#983=EDGE_CURVE('',#1269,#1270,#192,.T.);
#984=EDGE_CURVE('',#1271,#1270,#193,.T.);
#985=EDGE_CURVE('',#1271,#1272,#194,.T.);
#986=EDGE_CURVE('',#1249,#1272,#1424,.F.);
#987=EDGE_CURVE('',#1270,#1266,#195,.T.);
#988=EDGE_CURVE('',#1265,#1271,#196,.T.);
#989=EDGE_CURVE('',#1267,#1269,#197,.T.);
#990=EDGE_CURVE('',#1272,#1268,#198,.T.);
#991=EDGE_CURVE('',#1273,#1255,#199,.T.);
#992=EDGE_CURVE('',#1274,#1273,#200,.T.);
#993=EDGE_CURVE('',#1275,#1274,#201,.T.);
#994=EDGE_CURVE('',#1276,#1275,#202,.T.);
#995=EDGE_CURVE('',#1268,#1276,#203,.T.);
#996=EDGE_CURVE('',#1245,#1263,#1425,.F.);
#997=EDGE_CURVE('',#1268,#1277,#204,.T.);
#998=EDGE_CURVE('',#1277,#1278,#205,.T.);
#999=EDGE_CURVE('',#1272,#1278,#206,.F.);
#1000=EDGE_CURVE('',#1279,#1272,#207,.T.);
#1001=EDGE_CURVE('',#1279,#1250,#1426,.T.);
#1002=EDGE_CURVE('',#1226,#1280,#208,.T.);
#1003=EDGE_CURVE('',#1280,#1281,#209,.T.);
#1004=EDGE_CURVE('',#1255,#1281,#210,.F.);
#1005=EDGE_CURVE('',#1282,#1264,#211,.T.);
#1006=EDGE_CURVE('',#1282,#1283,#212,.T.);
#1007=EDGE_CURVE('',#1284,#1283,#213,.T.);
#1008=EDGE_CURVE('',#1284,#1280,#214,.T.);
#1009=EDGE_CURVE('',#1275,#1285,#215,.T.);
#1010=EDGE_CURVE('',#1285,#1286,#216,.T.);
#1011=EDGE_CURVE('',#1276,#1286,#217,.F.);
#1012=EDGE_CURVE('',#1274,#1287,#218,.T.);
#1013=EDGE_CURVE('',#1287,#1285,#219,.T.);
#1014=EDGE_CURVE('',#1273,#1288,#220,.T.);
#1015=EDGE_CURVE('',#1288,#1287,#221,.T.);
#1016=EDGE_CURVE('',#1281,#1288,#222,.T.);
#1017=EDGE_CURVE('',#1286,#1277,#223,.T.);
#1018=EDGE_CURVE('',#1279,#1289,#224,.T.);
#1019=EDGE_CURVE('',#1278,#1290,#225,.T.);
#1020=EDGE_CURVE('',#1290,#1291,#226,.T.);
#1021=EDGE_CURVE('',#1291,#1289,#227,.T.);
#1022=EDGE_CURVE('',#1292,#1293,#228,.T.);
#1023=EDGE_CURVE('',#1292,#1291,#229,.T.);
#1024=EDGE_CURVE('',#1203,#1278,#230,.F.);
#1025=EDGE_CURVE('',#1202,#1293,#231,.T.);
#1026=EDGE_CURVE('',#1204,#1277,#232,.F.);
#1027=EDGE_CURVE('',#1205,#1286,#233,.F.);
#1028=EDGE_CURVE('',#1206,#1285,#234,.F.);
#1029=EDGE_CURVE('',#1207,#1287,#235,.F.);
#1030=EDGE_CURVE('',#1208,#1288,#236,.F.);
#1031=EDGE_CURVE('',#1209,#1281,#237,.F.);
#1032=EDGE_CURVE('',#1210,#1280,#238,.F.);
#1033=EDGE_CURVE('',#1283,#1294,#239,.T.);
#1034=EDGE_CURVE('',#1294,#1295,#240,.T.);
#1035=EDGE_CURVE('',#1295,#1211,#241,.T.);
#1036=EDGE_CURVE('',#1296,#1297,#1427,.T.);
#1037=EDGE_CURVE('',#1297,#1292,#1428,.T.);
#1038=EDGE_CURVE('',#1293,#1298,#1429,.T.);
#1039=EDGE_CURVE('',#1298,#1299,#1430,.F.);
#1040=EDGE_CURVE('',#1296,#1299,#1431,.T.);
#1041=EDGE_CURVE('',#1294,#1300,#1432,.F.);
#1042=EDGE_CURVE('',#1300,#1301,#1433,.F.);
#1043=EDGE_CURVE('',#1301,#1302,#1434,.T.);
#1044=EDGE_CURVE('',#1302,#1303,#1435,.T.);
#1045=EDGE_CURVE('',#1303,#1295,#1436,.T.);
#1046=EDGE_CURVE('',#1304,#1305,#1437,.T.);
#1047=EDGE_CURVE('',#1305,#1306,#1438,.F.);
#1048=EDGE_CURVE('',#1307,#1306,#1439,.T.);
#1049=EDGE_CURVE('',#1308,#1307,#79,.T.);
#1050=EDGE_CURVE('',#1308,#1309,#1440,.T.);
#1051=EDGE_CURVE('',#1309,#1310,#1441,.T.);
#1052=EDGE_CURVE('',#1310,#1311,#1442,.F.);
#1053=EDGE_CURVE('',#1311,#1304,#80,.T.);
#1054=EDGE_CURVE('',#1289,#1312,#1443,.F.);
#1055=EDGE_CURVE('',#1312,#1313,#1444,.F.);
#1056=EDGE_CURVE('',#1313,#1279,#1445,.T.);
#1057=EDGE_CURVE('',#1314,#1264,#1446,.T.);
#1058=EDGE_CURVE('',#1314,#1315,#1447,.T.);
#1059=EDGE_CURVE('',#1315,#1282,#1448,.T.);
#1060=EDGE_CURVE('',#1299,#1302,#81,.F.);
#1061=EDGE_CURVE('',#1301,#1296,#82,.F.);
#1062=EDGE_CURVE('',#1306,#1314,#83,.T.);
#1063=EDGE_CURVE('',#1307,#1237,#1449,.T.);
#1064=EDGE_CURVE('',#1308,#1251,#1450,.T.);
#1065=EDGE_CURVE('',#1313,#1309,#84,.F.);
#1066=EDGE_CURVE('',#1228,#1199,#242,.T.);
#1067=EDGE_CURVE('',#1200,#1316,#1451,.F.);
#1068=EDGE_CURVE('',#1316,#1229,#1452,.F.);
#1069=EDGE_CURVE('',#1317,#1230,#1453,.T.);
#1070=EDGE_CURVE('',#1317,#1214,#1454,.T.);
#1071=EDGE_CURVE('',#1213,#1231,#243,.T.);
#1072=EDGE_CURVE('',#1316,#1317,#85,.F.);
#1073=EDGE_CURVE('',#1259,#1244,#1455,.T.);
#1074=EDGE_CURVE('',#1260,#1243,#1456,.T.);
#1075=EDGE_CURVE('',#1257,#1317,#86,.T.);
#1076=EDGE_CURVE('',#1258,#1316,#87,.T.);
#1077=EDGE_CURVE('',#1201,#1298,#88,.T.);
#1078=EDGE_CURVE('',#1300,#1305,#89,.T.);
#1079=EDGE_CURVE('',#1301,#1304,#90,.T.);
#1080=EDGE_CURVE('',#1296,#1311,#91,.T.);
#1081=EDGE_CURVE('',#1310,#1297,#92,.T.);
#1082=EDGE_CURVE('',#1303,#1212,#93,.T.);
#1083=EDGE_CURVE('',#1300,#1315,#16,.F.);
#1084=EDGE_CURVE('',#1305,#1315,#17,.F.);
#1085=EDGE_CURVE('',#1312,#1297,#18,.T.);
#1086=EDGE_CURVE('',#1312,#1310,#19,.T.);
#1087=EDGE_CURVE('',#1232,#1212,#94,.T.);
#1088=EDGE_CURVE('',#1233,#1303,#95,.T.);
#1089=EDGE_CURVE('',#1234,#1302,#96,.T.);
#1090=EDGE_CURVE('',#1235,#1299,#97,.T.);
#1091=EDGE_CURVE('',#1236,#1298,#98,.T.);
#1092=EDGE_CURVE('',#1227,#1201,#99,.T.);
#1093=EDGE_CURVE('',#1318,#1319,#1457,.T.);
#1094=EDGE_CURVE('',#1318,#1320,#244,.T.);
#1095=EDGE_CURVE('',#1321,#1320,#1458,.F.);
#1096=EDGE_CURVE('',#1321,#1319,#245,.T.);
#1097=EDGE_CURVE('',#1322,#1323,#1459,.T.);
#1098=EDGE_CURVE('',#1322,#1324,#246,.T.);
#1099=EDGE_CURVE('',#1324,#1325,#1460,.T.);
#1100=EDGE_CURVE('',#1323,#1325,#247,.T.);
#1101=EDGE_CURVE('',#1326,#1325,#1461,.T.);
#1102=EDGE_CURVE('',#1327,#1326,#248,.T.);
#1103=EDGE_CURVE('',#1328,#1327,#1462,.T.);
#1104=EDGE_CURVE('',#1329,#1328,#100,.T.);
#1105=EDGE_CURVE('',#1329,#1319,#1463,.T.);
#1106=EDGE_CURVE('',#1321,#1323,#1464,.T.);
#1107=EDGE_CURVE('',#1330,#1330,#101,.T.);
#1108=EDGE_CURVE('',#1326,#1331,#1465,.F.);
#1109=EDGE_CURVE('',#1331,#1332,#249,.T.);
#1110=EDGE_CURVE('',#1332,#1327,#1466,.T.);
#1111=EDGE_CURVE('',#1320,#1333,#250,.T.);
#1112=EDGE_CURVE('',#1333,#1334,#251,.T.);
#1113=EDGE_CURVE('',#1334,#1322,#252,.T.);
#1114=EDGE_CURVE('',#1335,#1336,#253,.T.);
#1115=EDGE_CURVE('',#1335,#1331,#254,.T.);
#1116=EDGE_CURVE('',#1324,#1336,#255,.T.);
#1117=EDGE_CURVE('',#1333,#1335,#256,.T.);
#1118=EDGE_CURVE('',#1336,#1334,#257,.T.);
#1119=EDGE_CURVE('',#1337,#1318,#1467,.T.);
#1120=EDGE_CURVE('',#1337,#1338,#258,.T.);
#1121=EDGE_CURVE('',#1338,#1332,#1468,.T.);
#1122=EDGE_CURVE('',#1332,#1318,#259,.T.);
#1123=EDGE_CURVE('',#1339,#1328,#1469,.T.);
#1124=EDGE_CURVE('',#1340,#1339,#102,.T.);
#1125=EDGE_CURVE('',#1340,#1329,#1470,.T.);
#1126=EDGE_CURVE('',#1338,#1341,#260,.T.);
#1127=EDGE_CURVE('',#1339,#1341,#1471,.T.);
#1128=EDGE_CURVE('',#1342,#1342,#103,.T.);
#1129=EDGE_CURVE('',#1340,#1343,#1472,.T.);
#1130=EDGE_CURVE('',#1343,#1337,#261,.T.);
#1131=EDGE_CURVE('',#1344,#1344,#104,.F.);
#1132=EDGE_CURVE('',#1341,#1343,#262,.T.);
#1133=EDGE_CURVE('',#1345,#1346,#1473,.F.);
#1134=EDGE_CURVE('',#1346,#1347,#263,.T.);
#1135=EDGE_CURVE('',#1347,#1348,#264,.T.);
#1136=EDGE_CURVE('',#1348,#1349,#265,.T.);
#1137=EDGE_CURVE('',#1349,#1350,#266,.T.);
#1138=EDGE_CURVE('',#1350,#1351,#267,.T.);
#1139=EDGE_CURVE('',#1352,#1351,#1474,.F.);
#1140=EDGE_CURVE('',#1352,#1353,#268,.T.);
#1141=EDGE_CURVE('',#1354,#1353,#1475,.F.);
#1142=EDGE_CURVE('',#1354,#1345,#269,.T.);
#1143=EDGE_CURVE('',#1355,#1356,#1476,.T.);
#1144=EDGE_CURVE('',#1355,#1357,#270,.T.);
#1145=EDGE_CURVE('',#1357,#1358,#271,.T.);
#1146=EDGE_CURVE('',#1358,#1359,#272,.T.);
#1147=EDGE_CURVE('',#1359,#1360,#273,.T.);
#1148=EDGE_CURVE('',#1360,#1361,#274,.T.);
#1149=EDGE_CURVE('',#1361,#1362,#1477,.T.);
#1150=EDGE_CURVE('',#1356,#1362,#275,.T.);
#1151=EDGE_CURVE('',#1363,#1364,#1478,.T.);
#1152=EDGE_CURVE('',#1363,#1356,#1479,.T.);
#1153=EDGE_CURVE('',#1345,#1362,#1480,.T.);
#1154=EDGE_CURVE('',#1365,#1354,#1481,.T.);
#1155=EDGE_CURVE('',#1366,#1365,#105,.T.);
#1156=EDGE_CURVE('',#1366,#1367,#1482,.T.);
#1157=EDGE_CURVE('',#1364,#1367,#1483,.T.);
#1158=EDGE_CURVE('',#1368,#1368,#106,.T.);
#1159=EDGE_CURVE('',#1369,#1370,#276,.T.);
#1160=EDGE_CURVE('',#1370,#1371,#277,.T.);
#1161=EDGE_CURVE('',#1371,#1372,#278,.T.);
#1162=EDGE_CURVE('',#1372,#1369,#279,.T.);
#1163=EDGE_CURVE('',#1373,#1374,#280,.T.);
#1164=EDGE_CURVE('',#1373,#1346,#281,.T.);
#1165=EDGE_CURVE('',#1361,#1374,#282,.T.);
#1166=EDGE_CURVE('',#1351,#1375,#283,.T.);
#1167=EDGE_CURVE('',#1375,#1376,#284,.T.);
#1168=EDGE_CURVE('',#1376,#1355,#285,.T.);
#1169=EDGE_CURVE('',#1352,#1363,#1484,.T.);
#1170=EDGE_CURVE('',#1375,#1377,#286,.T.);
#1171=EDGE_CURVE('',#1377,#1378,#287,.T.);
#1172=EDGE_CURVE('',#1378,#1376,#288,.T.);
#1173=EDGE_CURVE('',#1379,#1380,#289,.T.);
#1174=EDGE_CURVE('',#1380,#1373,#290,.T.);
#1175=EDGE_CURVE('',#1374,#1379,#291,.T.);
#1176=EDGE_CURVE('',#1381,#1381,#107,.F.);
#1177=EDGE_CURVE('',#1352,#1382,#1485,.T.);
#1178=EDGE_CURVE('',#1382,#1383,#1486,.T.);
#1179=EDGE_CURVE('',#1384,#1383,#1487,.T.);
#1180=EDGE_CURVE('',#1384,#1385,#108,.T.);
#1181=EDGE_CURVE('',#1385,#1353,#1488,.T.);
#1182=EDGE_CURVE('',#1385,#1365,#1489,.T.);
#1183=EDGE_CURVE('',#1382,#1364,#1490,.T.);
#1184=EDGE_CURVE('',#1383,#1367,#1491,.T.);
#1185=EDGE_CURVE('',#1384,#1366,#1492,.T.);
#1186=EDGE_CURVE('',#1386,#1386,#109,.T.);
#1187=EDGE_CURVE('',#1371,#1380,#292,.T.);
#1188=EDGE_CURVE('',#1379,#1372,#293,.T.);
#1189=EDGE_CURVE('',#1377,#1370,#294,.T.);
#1190=EDGE_CURVE('',#1369,#1378,#295,.T.);
#1191=EDGE_CURVE('',#1377,#1350,#110,.T.);
#1192=EDGE_CURVE('',#1370,#1349,#111,.T.);
#1193=EDGE_CURVE('',#1371,#1348,#112,.T.);
#1194=EDGE_CURVE('',#1380,#1347,#113,.T.);
#1195=EDGE_CURVE('',#1379,#1360,#114,.T.);
#1196=EDGE_CURVE('',#1372,#1359,#115,.T.);
#1197=EDGE_CURVE('',#1369,#1358,#116,.T.);
#1198=EDGE_CURVE('',#1378,#1357,#117,.T.);
#1199=VERTEX_POINT('',#2598);
#1200=VERTEX_POINT('',#2599);
#1201=VERTEX_POINT('',#2619);
#1202=VERTEX_POINT('',#2621);
#1203=VERTEX_POINT('',#2636);
#1204=VERTEX_POINT('',#2641);
#1205=VERTEX_POINT('',#2646);
#1206=VERTEX_POINT('',#2652);
#1207=VERTEX_POINT('',#2670);
#1208=VERTEX_POINT('',#2676);
#1209=VERTEX_POINT('',#2681);
#1210=VERTEX_POINT('',#2686);
#1211=VERTEX_POINT('',#2701);
#1212=VERTEX_POINT('',#2703);
#1213=VERTEX_POINT('',#2717);
#1214=VERTEX_POINT('',#2719);
#1215=VERTEX_POINT('',#2724);
#1216=VERTEX_POINT('',#2729);
#1217=VERTEX_POINT('',#2734);
#1218=VERTEX_POINT('',#2739);
#1219=VERTEX_POINT('',#2744);
#1220=VERTEX_POINT('',#2749);
#1221=VERTEX_POINT('',#2761);
#1222=VERTEX_POINT('',#2762);
#1223=VERTEX_POINT('',#2768);
#1224=VERTEX_POINT('',#2770);
#1225=VERTEX_POINT('',#2772);
#1226=VERTEX_POINT('',#2774);
#1227=VERTEX_POINT('',#2802);
#1228=VERTEX_POINT('',#2803);
#1229=VERTEX_POINT('',#2805);
#1230=VERTEX_POINT('',#2807);
#1231=VERTEX_POINT('',#2809);
#1232=VERTEX_POINT('',#2823);
#1233=VERTEX_POINT('',#2825);
#1234=VERTEX_POINT('',#2827);
#1235=VERTEX_POINT('',#2829);
#1236=VERTEX_POINT('',#2831);
#1237=VERTEX_POINT('',#2834);
#1238=VERTEX_POINT('',#2835);
#1239=VERTEX_POINT('',#2915);
#1240=VERTEX_POINT('',#2917);
#1241=VERTEX_POINT('',#2919);
#1242=VERTEX_POINT('',#2921);
#1243=VERTEX_POINT('',#2923);
#1244=VERTEX_POINT('',#2925);
#1245=VERTEX_POINT('',#2927);
#1246=VERTEX_POINT('',#3003);
#1247=VERTEX_POINT('',#3005);
#1248=VERTEX_POINT('',#3010);
#1249=VERTEX_POINT('',#3012);
#1250=VERTEX_POINT('',#3088);
#1251=VERTEX_POINT('',#3090);
#1252=VERTEX_POINT('',#3094);
#1253=VERTEX_POINT('',#3099);
#1254=VERTEX_POINT('',#3106);
#1255=VERTEX_POINT('',#3113);
#1256=VERTEX_POINT('',#3115);
#1257=VERTEX_POINT('',#3147);
#1258=VERTEX_POINT('',#3148);
#1259=VERTEX_POINT('',#3151);
#1260=VERTEX_POINT('',#3153);
#1261=VERTEX_POINT('',#3155);
#1262=VERTEX_POINT('',#3157);
#1263=VERTEX_POINT('',#3204);
#1264=VERTEX_POINT('',#3311);
#1265=VERTEX_POINT('',#3333);
#1266=VERTEX_POINT('',#3334);
#1267=VERTEX_POINT('',#3339);
#1268=VERTEX_POINT('',#3342);
#1269=VERTEX_POINT('',#3351);
#1270=VERTEX_POINT('',#3357);
#1271=VERTEX_POINT('',#3364);
#1272=VERTEX_POINT('',#3372);
#1273=VERTEX_POINT('',#3465);
#1274=VERTEX_POINT('',#3472);
#1275=VERTEX_POINT('',#3494);
#1276=VERTEX_POINT('',#3500);
#1277=VERTEX_POINT('',#3518);
#1278=VERTEX_POINT('',#3523);
#1279=VERTEX_POINT('',#3573);
#1280=VERTEX_POINT('',#3587);
#1281=VERTEX_POINT('',#3592);
#1282=VERTEX_POINT('',#3709);
#1283=VERTEX_POINT('',#3714);
#1284=VERTEX_POINT('',#3719);
#1285=VERTEX_POINT('',#3827);
#1286=VERTEX_POINT('',#3837);
#1287=VERTEX_POINT('',#3942);
#1288=VERTEX_POINT('',#4018);
#1289=VERTEX_POINT('',#4172);
#1290=VERTEX_POINT('',#4237);
#1291=VERTEX_POINT('',#4242);
#1292=VERTEX_POINT('',#4363);
#1293=VERTEX_POINT('',#4364);
#1294=VERTEX_POINT('',#4620);
#1295=VERTEX_POINT('',#4625);
#1296=VERTEX_POINT('',#4633);
#1297=VERTEX_POINT('',#4634);
#1298=VERTEX_POINT('',#4637);
#1299=VERTEX_POINT('',#4639);
#1300=VERTEX_POINT('',#4643);
#1301=VERTEX_POINT('',#4645);
#1302=VERTEX_POINT('',#4647);
#1303=VERTEX_POINT('',#4649);
#1304=VERTEX_POINT('',#4653);
#1305=VERTEX_POINT('',#4654);
#1306=VERTEX_POINT('',#4656);
#1307=VERTEX_POINT('',#4658);
#1308=VERTEX_POINT('',#4660);
#1309=VERTEX_POINT('',#4662);
#1310=VERTEX_POINT('',#4664);
#1311=VERTEX_POINT('',#4666);
#1312=VERTEX_POINT('',#4670);
#1313=VERTEX_POINT('',#4672);
#1314=VERTEX_POINT('',#4676);
#1315=VERTEX_POINT('',#4678);
#1316=VERTEX_POINT('',#4697);
#1317=VERTEX_POINT('',#4701);
#1318=VERTEX_POINT('',#4920);
#1319=VERTEX_POINT('',#4921);
#1320=VERTEX_POINT('',#4937);
#1321=VERTEX_POINT('',#4939);
#1322=VERTEX_POINT('',#5054);
#1323=VERTEX_POINT('',#5055);
#1324=VERTEX_POINT('',#5081);
#1325=VERTEX_POINT('',#5083);
#1326=VERTEX_POINT('',#5099);
#1327=VERTEX_POINT('',#5175);
#1328=VERTEX_POINT('',#5177);
#1329=VERTEX_POINT('',#5179);
#1330=VERTEX_POINT('',#5183);
#1331=VERTEX_POINT('',#5215);
#1332=VERTEX_POINT('',#5230);
#1333=VERTEX_POINT('',#5240);
#1334=VERTEX_POINT('',#5247);
#1335=VERTEX_POINT('',#5260);
#1336=VERTEX_POINT('',#5261);
#1337=VERTEX_POINT('',#5354);
#1338=VERTEX_POINT('',#5359);
#1339=VERTEX_POINT('',#5367);
#1340=VERTEX_POINT('',#5369);
#1341=VERTEX_POINT('',#5377);
#1342=VERTEX_POINT('',#5381);
#1343=VERTEX_POINT('',#5384);
#1344=VERTEX_POINT('',#5392);
#1345=VERTEX_POINT('',#5623);
#1346=VERTEX_POINT('',#5624);
#1347=VERTEX_POINT('',#5629);
#1348=VERTEX_POINT('',#5635);
#1349=VERTEX_POINT('',#5657);
#1350=VERTEX_POINT('',#5664);
#1351=VERTEX_POINT('',#5669);
#1352=VERTEX_POINT('',#5671);
#1353=VERTEX_POINT('',#5747);
#1354=VERTEX_POINT('',#5749);
#1355=VERTEX_POINT('',#5844);
#1356=VERTEX_POINT('',#5845);
#1357=VERTEX_POINT('',#5851);
#1358=VERTEX_POINT('',#5859);
#1359=VERTEX_POINT('',#5881);
#1360=VERTEX_POINT('',#5889);
#1361=VERTEX_POINT('',#5895);
#1362=VERTEX_POINT('',#5897);
#1363=VERTEX_POINT('',#5913);
#1364=VERTEX_POINT('',#5914);
#1365=VERTEX_POINT('',#5918);
#1366=VERTEX_POINT('',#5920);
#1367=VERTEX_POINT('',#5922);
#1368=VERTEX_POINT('',#5925);
#1369=VERTEX_POINT('',#5940);
#1370=VERTEX_POINT('',#5941);
#1371=VERTEX_POINT('',#5971);
#1372=VERTEX_POINT('',#5976);
#1373=VERTEX_POINT('',#6013);
#1374=VERTEX_POINT('',#6014);
#1375=VERTEX_POINT('',#6032);
#1376=VERTEX_POINT('',#6039);
#1377=VERTEX_POINT('',#6058);
#1378=VERTEX_POINT('',#6063);
#1379=VERTEX_POINT('',#6081);
#1380=VERTEX_POINT('',#6082);
#1381=VERTEX_POINT('',#6095);
#1382=VERTEX_POINT('',#6097);
#1383=VERTEX_POINT('',#6099);
#1384=VERTEX_POINT('',#6101);
#1385=VERTEX_POINT('',#6103);
#1386=VERTEX_POINT('',#6116);
#1387=LINE('',#2597,#1493);
#1388=LINE('',#2620,#1494);
#1389=LINE('',#2702,#1495);
#1390=LINE('',#2718,#1496);
#1391=LINE('',#2769,#1497);
#1392=LINE('',#2771,#1498);
#1393=LINE('',#2773,#1499);
#1394=LINE('',#2804,#1500);
#1395=LINE('',#2808,#1501);
#1396=LINE('',#2826,#1502);
#1397=LINE('',#2830,#1503);
#1398=LINE('',#2833,#1504);
#1399=LINE('',#2916,#1505);
#1400=LINE('',#2918,#1506);
#1401=LINE('',#2920,#1507);
#1402=LINE('',#2922,#1508);
#1403=LINE('',#2926,#1509);
#1404=LINE('',#3004,#1510);
#1405=LINE('',#3011,#1511);
#1406=LINE('',#3089,#1512);
#1407=LINE('',#3093,#1513);
#1408=LINE('',#3114,#1514);
#1409=LINE('',#3116,#1515);
#1410=LINE('',#3149,#1516);
#1411=LINE('',#3150,#1517);
#1412=LINE('',#3154,#1518);
#1413=LINE('',#3156,#1519);
#1414=LINE('',#3158,#1520);
#1415=LINE('',#3159,#1521);
#1416=LINE('',#3161,#1522);
#1417=LINE('',#3162,#1523);
#1418=LINE('',#3164,#1524);
#1419=LINE('',#3203,#1525);
#1420=LINE('',#3310,#1526);
#1421=LINE('',#3340,#1527);
#1422=LINE('',#3341,#1528);
#1423=LINE('',#3350,#1529);
#1424=LINE('',#3373,#1530);
#1425=LINE('',#3505,#1531);
#1426=LINE('',#3574,#1532);
#1427=LINE('',#4632,#1533);
#1428=LINE('',#4635,#1534);
#1429=LINE('',#4636,#1535);
#1430=LINE('',#4638,#1536);
#1431=LINE('',#4640,#1537);
#1432=LINE('',#4642,#1538);
#1433=LINE('',#4644,#1539);
#1434=LINE('',#4646,#1540);
#1435=LINE('',#4648,#1541);
#1436=LINE('',#4650,#1542);
#1437=LINE('',#4652,#1543);
#1438=LINE('',#4655,#1544);
#1439=LINE('',#4657,#1545);
#1440=LINE('',#4661,#1546);
#1441=LINE('',#4663,#1547);
#1442=LINE('',#4665,#1548);
#1443=LINE('',#4669,#1549);
#1444=LINE('',#4671,#1550);
#1445=LINE('',#4673,#1551);
#1446=LINE('',#4675,#1552);
#1447=LINE('',#4677,#1553);
#1448=LINE('',#4679,#1554);
#1449=LINE('',#4685,#1555);
#1450=LINE('',#4687,#1556);
#1451=LINE('',#4696,#1557);
#1452=LINE('',#4698,#1558);
#1453=LINE('',#4700,#1559);
#1454=LINE('',#4702,#1560);
#1455=LINE('',#4711,#1561);
#1456=LINE('',#4713,#1562);
#1457=LINE('',#4919,#1563);
#1458=LINE('',#4938,#1564);
#1459=LINE('',#5053,#1565);
#1460=LINE('',#5082,#1566);
#1461=LINE('',#5098,#1567);
#1462=LINE('',#5176,#1568);
#1463=LINE('',#5180,#1569);
#1464=LINE('',#5181,#1570);
#1465=LINE('',#5214,#1571);
#1466=LINE('',#5231,#1572);
#1467=LINE('',#5353,#1573);
#1468=LINE('',#5360,#1574);
#1469=LINE('',#5366,#1575);
#1470=LINE('',#5370,#1576);
#1471=LINE('',#5378,#1577);
#1472=LINE('',#5383,#1578);
#1473=LINE('',#5622,#1579);
#1474=LINE('',#5670,#1580);
#1475=LINE('',#5748,#1581);
#1476=LINE('',#5843,#1582);
#1477=LINE('',#5896,#1583);
#1478=LINE('',#5912,#1584);
#1479=LINE('',#5915,#1585);
#1480=LINE('',#5916,#1586);
#1481=LINE('',#5917,#1587);
#1482=LINE('',#5921,#1588);
#1483=LINE('',#5923,#1589);
#1484=LINE('',#6044,#1590);
#1485=LINE('',#6096,#1591);
#1486=LINE('',#6098,#1592);
#1487=LINE('',#6100,#1593);
#1488=LINE('',#6104,#1594);
#1489=LINE('',#6106,#1595);
#1490=LINE('',#6108,#1596);
#1491=LINE('',#6110,#1597);
#1492=LINE('',#6112,#1598);
#1493=VECTOR('',#2166,1.);
#1494=VECTOR('',#2167,1.);
#1495=VECTOR('',#2168,1.);
#1496=VECTOR('',#2169,1.);
#1497=VECTOR('',#2172,1.);
#1498=VECTOR('',#2173,1.);
#1499=VECTOR('',#2174,1.);
#1500=VECTOR('',#2177,1.);
#1501=VECTOR('',#2180,1.);
#1502=VECTOR('',#2183,1.);
#1503=VECTOR('',#2186,1.);
#1504=VECTOR('',#2189,1.);
#1505=VECTOR('',#2190,1.);
#1506=VECTOR('',#2191,1.);
#1507=VECTOR('',#2192,1.);
#1508=VECTOR('',#2193,1.);
#1509=VECTOR('',#2196,1.);
#1510=VECTOR('',#2197,1.);
#1511=VECTOR('',#2198,1.);
#1512=VECTOR('',#2199,1.);
#1513=VECTOR('',#2204,1.);
#1514=VECTOR('',#2205,1.);
#1515=VECTOR('',#2206,1.);
#1516=VECTOR('',#2211,1.);
#1517=VECTOR('',#2212,1.);
#1518=VECTOR('',#2215,1.);
#1519=VECTOR('',#2216,1.);
#1520=VECTOR('',#2217,1.);
#1521=VECTOR('',#2218,1.);
#1522=VECTOR('',#2221,1.);
#1523=VECTOR('',#2222,1.);
#1524=VECTOR('',#2225,1.);
#1525=VECTOR('',#2228,1.);
#1526=VECTOR('',#2229,1.);
#1527=VECTOR('',#2232,1.);
#1528=VECTOR('',#2233,1.);
#1529=VECTOR('',#2236,1.);
#1530=VECTOR('',#2237,1.);
#1531=VECTOR('',#2238,1.);
#1532=VECTOR('',#2239,1.);
#1533=VECTOR('',#2242,1.);
#1534=VECTOR('',#2243,1.);
#1535=VECTOR('',#2244,1.);
#1536=VECTOR('',#2245,1.);
#1537=VECTOR('',#2246,1.);
#1538=VECTOR('',#2249,1.);
#1539=VECTOR('',#2250,1.);
#1540=VECTOR('',#2251,1.);
#1541=VECTOR('',#2252,1.);
#1542=VECTOR('',#2253,1.);
#1543=VECTOR('',#2256,1.);
#1544=VECTOR('',#2257,1.);
#1545=VECTOR('',#2258,1.);
#1546=VECTOR('',#2261,1.);
#1547=VECTOR('',#2262,1.);
#1548=VECTOR('',#2263,1.);
#1549=VECTOR('',#2268,1.);
#1550=VECTOR('',#2269,1.);
#1551=VECTOR('',#2270,1.);
#1552=VECTOR('',#2273,1.);
#1553=VECTOR('',#2274,1.);
#1554=VECTOR('',#2275,1.);
#1555=VECTOR('',#2286,1.);
#1556=VECTOR('',#2289,1.);
#1557=VECTOR('',#2296,1.);
#1558=VECTOR('',#2297,1.);
#1559=VECTOR('',#2300,1.);
#1560=VECTOR('',#2301,1.);
#1561=VECTOR('',#2308,1.);
#1562=VECTOR('',#2311,1.);
#1563=VECTOR('',#2386,1.);
#1564=VECTOR('',#2387,1.);
#1565=VECTOR('',#2388,1.);
#1566=VECTOR('',#2389,1.);
#1567=VECTOR('',#2392,1.);
#1568=VECTOR('',#2393,1.);
#1569=VECTOR('',#2396,1.);
#1570=VECTOR('',#2397,1.);
#1571=VECTOR('',#2400,1.);
#1572=VECTOR('',#2401,1.);
#1573=VECTOR('',#2408,1.);
#1574=VECTOR('',#2409,1.);
#1575=VECTOR('',#2412,1.);
#1576=VECTOR('',#2415,1.);
#1577=VECTOR('',#2418,1.);
#1578=VECTOR('',#2425,1.);
#1579=VECTOR('',#2434,1.);
#1580=VECTOR('',#2435,1.);
#1581=VECTOR('',#2436,1.);
#1582=VECTOR('',#2437,1.);
#1583=VECTOR('',#2438,1.);
#1584=VECTOR('',#2441,1.);
#1585=VECTOR('',#2442,1.);
#1586=VECTOR('',#2443,1.);
#1587=VECTOR('',#2444,1.);
#1588=VECTOR('',#2447,1.);
#1589=VECTOR('',#2448,1.);
#1590=VECTOR('',#2455,1.);
#1591=VECTOR('',#2460,1.);
#1592=VECTOR('',#2461,1.);
#1593=VECTOR('',#2462,1.);
#1594=VECTOR('',#2465,1.);
#1595=VECTOR('',#2468,1.);
#1596=VECTOR('',#2471,1.);
#1597=VECTOR('',#2474,1.);
#1598=VECTOR('',#2477,1.);
#1599=EDGE_LOOP('',(#296,#297,#298,#299,#300,#301,#302,#303,#304,#305,#306,
#307,#308,#309,#310,#311,#312,#313,#314,#315,#316,#317));
#1600=EDGE_LOOP('',(#318,#319,#320,#321,#322,#323));
#1601=EDGE_LOOP('',(#324,#325,#326,#327,#328,#329,#330,#331,#332,#333));
#1602=EDGE_LOOP('',(#334,#335,#336,#337,#338,#339,#340,#341,#342,#343,#344,
#345,#346,#347,#348,#349,#350));
#1603=EDGE_LOOP('',(#351,#352,#353,#354,#355,#356,#357));
#1604=EDGE_LOOP('',(#358,#359,#360,#361));
#1605=EDGE_LOOP('',(#362,#363,#364,#365));
#1606=EDGE_LOOP('',(#366,#367,#368,#369,#370,#371,#372,#373,#374,#375,#376,
#377));
#1607=EDGE_LOOP('',(#378,#379,#380,#381));
#1608=EDGE_LOOP('',(#382,#383,#384,#385,#386));
#1609=EDGE_LOOP('',(#387,#388,#389,#390));
#1610=EDGE_LOOP('',(#391,#392,#393,#394));
#1611=EDGE_LOOP('',(#395,#396,#397,#398));
#1612=EDGE_LOOP('',(#399,#400,#401,#402));
#1613=EDGE_LOOP('',(#403,#404,#405,#406,#407,#408));
#1614=EDGE_LOOP('',(#409,#410,#411,#412,#413,#414));
#1615=EDGE_LOOP('',(#415,#416,#417,#418));
#1616=EDGE_LOOP('',(#419,#420,#421,#422));
#1617=EDGE_LOOP('',(#423,#424,#425,#426));
#1618=EDGE_LOOP('',(#427,#428,#429,#430));
#1619=EDGE_LOOP('',(#431,#432,#433,#434,#435,#436,#437,#438,#439,#440));
#1620=EDGE_LOOP('',(#441,#442,#443,#444));
#1621=EDGE_LOOP('',(#445,#446,#447,#448));
#1622=EDGE_LOOP('',(#449,#450,#451,#452));
#1623=EDGE_LOOP('',(#453,#454,#455,#456,#457,#458));
#1624=EDGE_LOOP('',(#459,#460,#461,#462));
#1625=EDGE_LOOP('',(#463,#464,#465,#466));
#1626=EDGE_LOOP('',(#467,#468,#469,#470));
#1627=EDGE_LOOP('',(#471,#472,#473,#474));
#1628=EDGE_LOOP('',(#475,#476,#477,#478));
#1629=EDGE_LOOP('',(#479,#480,#481,#482,#483,#484));
#1630=EDGE_LOOP('',(#485,#486,#487,#488,#489,#490,#491));
#1631=EDGE_LOOP('',(#492,#493,#494,#495));
#1632=EDGE_LOOP('',(#496,#497,#498,#499));
#1633=EDGE_LOOP('',(#500,#501,#502,#503));
#1634=EDGE_LOOP('',(#504,#505,#506,#507));
#1635=EDGE_LOOP('',(#508,#509,#510,#511));
#1636=EDGE_LOOP('',(#512,#513,#514,#515));
#1637=EDGE_LOOP('',(#516,#517,#518,#519));
#1638=EDGE_LOOP('',(#520,#521,#522,#523,#524,#525,#526));
#1639=EDGE_LOOP('',(#527,#528,#529,#530,#531,#532));
#1640=EDGE_LOOP('',(#533,#534,#535,#536,#537,#538));
#1641=EDGE_LOOP('',(#539,#540,#541,#542,#543,#544,#545,#546));
#1642=EDGE_LOOP('',(#547,#548,#549,#550));
#1643=EDGE_LOOP('',(#551,#552,#553,#554));
#1644=EDGE_LOOP('',(#555,#556,#557,#558));
#1645=EDGE_LOOP('',(#559,#560,#561,#562,#563,#564));
#1646=EDGE_LOOP('',(#565,#566,#567,#568));
#1647=EDGE_LOOP('',(#569,#570,#571,#572,#573,#574));
#1648=EDGE_LOOP('',(#575,#576,#577,#578,#579));
#1649=EDGE_LOOP('',(#580,#581,#582,#583,#584));
#1650=EDGE_LOOP('',(#585,#586,#587,#588));
#1651=EDGE_LOOP('',(#589,#590,#591,#592,#593));
#1652=EDGE_LOOP('',(#594,#595,#596,#597));
#1653=EDGE_LOOP('',(#598,#599,#600,#601));
#1654=EDGE_LOOP('',(#602,#603,#604,#605));
#1655=EDGE_LOOP('',(#606,#607,#608,#609));
#1656=EDGE_LOOP('',(#610,#611,#612,#613));
#1657=EDGE_LOOP('',(#614,#615,#616,#617));
#1658=EDGE_LOOP('',(#618,#619,#620,#621));
#1659=EDGE_LOOP('',(#622,#623,#624,#625));
#1660=EDGE_LOOP('',(#626,#627,#628,#629));
#1661=EDGE_LOOP('',(#630,#631,#632,#633));
#1662=EDGE_LOOP('',(#634,#635,#636,#637,#638));
#1663=EDGE_LOOP('',(#639,#640,#641));
#1664=EDGE_LOOP('',(#642,#643,#644,#645));
#1665=EDGE_LOOP('',(#646,#647,#648,#649,#650));
#1666=EDGE_LOOP('',(#651,#652,#653));
#1667=EDGE_LOOP('',(#654,#655,#656,#657));
#1668=EDGE_LOOP('',(#658,#659,#660,#661));
#1669=EDGE_LOOP('',(#662,#663,#664,#665));
#1670=EDGE_LOOP('',(#666,#667,#668,#669));
#1671=EDGE_LOOP('',(#670,#671,#672,#673));
#1672=EDGE_LOOP('',(#674,#675,#676,#677));
#1673=EDGE_LOOP('',(#678,#679,#680,#681));
#1674=EDGE_LOOP('',(#682,#683,#684,#685));
#1675=EDGE_LOOP('',(#686,#687,#688,#689));
#1676=EDGE_LOOP('',(#690,#691,#692,#693));
#1677=EDGE_LOOP('',(#694,#695,#696,#697,#698,#699,#700,#701));
#1678=EDGE_LOOP('',(#702));
#1679=EDGE_LOOP('',(#703,#704,#705,#706));
#1680=EDGE_LOOP('',(#707,#708,#709,#710,#711,#712));
#1681=EDGE_LOOP('',(#713,#714,#715,#716,#717,#718));
#1682=EDGE_LOOP('',(#719,#720,#721,#722));
#1683=EDGE_LOOP('',(#723,#724,#725,#726));
#1684=EDGE_LOOP('',(#727,#728,#729,#730));
#1685=EDGE_LOOP('',(#731,#732,#733,#734,#735,#736));
#1686=EDGE_LOOP('',(#737));
#1687=EDGE_LOOP('',(#738));
#1688=EDGE_LOOP('',(#739,#740,#741,#742,#743,#744));
#1689=EDGE_LOOP('',(#745));
#1690=EDGE_LOOP('',(#746,#747,#748,#749));
#1691=EDGE_LOOP('',(#750,#751,#752,#753,#754,#755));
#1692=EDGE_LOOP('',(#756,#757,#758,#759));
#1693=EDGE_LOOP('',(#760));
#1694=EDGE_LOOP('',(#761));
#1695=EDGE_LOOP('',(#762,#763,#764,#765));
#1696=EDGE_LOOP('',(#766,#767,#768,#769,#770,#771,#772,#773,#774,#775));
#1697=EDGE_LOOP('',(#776,#777,#778,#779,#780,#781,#782,#783));
#1698=EDGE_LOOP('',(#784,#785,#786,#787,#788,#789,#790,#791,#792));
#1699=EDGE_LOOP('',(#793));
#1700=EDGE_LOOP('',(#794,#795,#796,#797));
#1701=EDGE_LOOP('',(#798,#799,#800,#801,#802,#803));
#1702=EDGE_LOOP('',(#804,#805,#806,#807,#808,#809,#810));
#1703=EDGE_LOOP('',(#811,#812,#813,#814));
#1704=EDGE_LOOP('',(#815,#816,#817,#818));
#1705=EDGE_LOOP('',(#819));
#1706=EDGE_LOOP('',(#820,#821,#822,#823,#824,#825));
#1707=EDGE_LOOP('',(#826,#827,#828,#829));
#1708=EDGE_LOOP('',(#830,#831,#832,#833));
#1709=EDGE_LOOP('',(#834,#835,#836,#837));
#1710=EDGE_LOOP('',(#838,#839,#840,#841));
#1711=EDGE_LOOP('',(#842,#843,#844,#845));
#1712=EDGE_LOOP('',(#846));
#1713=EDGE_LOOP('',(#847));
#1714=EDGE_LOOP('',(#848,#849,#850,#851));
#1715=EDGE_LOOP('',(#852,#853,#854,#855));
#1716=EDGE_LOOP('',(#856,#857,#858,#859));
#1717=EDGE_LOOP('',(#860,#861,#862,#863));
#1718=EDGE_LOOP('',(#864,#865,#866,#867));
#1719=EDGE_LOOP('',(#868,#869,#870,#871));
#1720=EDGE_LOOP('',(#872,#873,#874,#875));
#1721=EDGE_LOOP('',(#876,#877,#878,#879));
#1722=EDGE_LOOP('',(#880,#881,#882,#883));
#1723=EDGE_LOOP('',(#884,#885,#886,#887));
#1724=EDGE_LOOP('',(#888,#889,#890,#891));
#1725=EDGE_LOOP('',(#892,#893,#894,#895));
#1726=EDGE_LOOP('',(#896));
#1727=EDGE_LOOP('',(#897));
#1728=FACE_BOUND('',#1599,.T.);
#1729=FACE_BOUND('',#1600,.T.);
#1730=FACE_BOUND('',#1601,.T.);
#1731=FACE_BOUND('',#1602,.T.);
#1732=FACE_BOUND('',#1603,.T.);
#1733=FACE_BOUND('',#1604,.T.);
#1734=FACE_BOUND('',#1605,.T.);
#1735=FACE_BOUND('',#1606,.T.);
#1736=FACE_BOUND('',#1607,.T.);
#1737=FACE_BOUND('',#1608,.T.);
#1738=FACE_BOUND('',#1609,.T.);
#1739=FACE_BOUND('',#1610,.T.);
#1740=FACE_BOUND('',#1611,.T.);
#1741=FACE_BOUND('',#1612,.T.);
#1742=FACE_BOUND('',#1613,.T.);
#1743=FACE_BOUND('',#1614,.T.);
#1744=FACE_BOUND('',#1615,.T.);
#1745=FACE_BOUND('',#1616,.T.);
#1746=FACE_BOUND('',#1617,.T.);
#1747=FACE_BOUND('',#1618,.T.);
#1748=FACE_BOUND('',#1619,.T.);
#1749=FACE_BOUND('',#1620,.T.);
#1750=FACE_BOUND('',#1621,.T.);
#1751=FACE_BOUND('',#1622,.T.);
#1752=FACE_BOUND('',#1623,.T.);
#1753=FACE_BOUND('',#1624,.T.);
#1754=FACE_BOUND('',#1625,.T.);
#1755=FACE_BOUND('',#1626,.T.);
#1756=FACE_BOUND('',#1627,.T.);
#1757=FACE_BOUND('',#1628,.T.);
#1758=FACE_BOUND('',#1629,.T.);
#1759=FACE_BOUND('',#1630,.T.);
#1760=FACE_BOUND('',#1631,.T.);
#1761=FACE_BOUND('',#1632,.T.);
#1762=FACE_BOUND('',#1633,.T.);
#1763=FACE_BOUND('',#1634,.T.);
#1764=FACE_BOUND('',#1635,.T.);
#1765=FACE_BOUND('',#1636,.T.);
#1766=FACE_BOUND('',#1637,.T.);
#1767=FACE_BOUND('',#1638,.T.);
#1768=FACE_BOUND('',#1639,.T.);
#1769=FACE_BOUND('',#1640,.T.);
#1770=FACE_BOUND('',#1641,.T.);
#1771=FACE_BOUND('',#1642,.T.);
#1772=FACE_BOUND('',#1643,.T.);
#1773=FACE_BOUND('',#1644,.T.);
#1774=FACE_BOUND('',#1645,.T.);
#1775=FACE_BOUND('',#1646,.T.);
#1776=FACE_BOUND('',#1647,.T.);
#1777=FACE_BOUND('',#1648,.T.);
#1778=FACE_BOUND('',#1649,.T.);
#1779=FACE_BOUND('',#1650,.T.);
#1780=FACE_BOUND('',#1651,.T.);
#1781=FACE_BOUND('',#1652,.T.);
#1782=FACE_BOUND('',#1653,.T.);
#1783=FACE_BOUND('',#1654,.T.);
#1784=FACE_BOUND('',#1655,.T.);
#1785=FACE_BOUND('',#1656,.T.);
#1786=FACE_BOUND('',#1657,.T.);
#1787=FACE_BOUND('',#1658,.T.);
#1788=FACE_BOUND('',#1659,.T.);
#1789=FACE_BOUND('',#1660,.T.);
#1790=FACE_BOUND('',#1661,.T.);
#1791=FACE_BOUND('',#1662,.T.);
#1792=FACE_BOUND('',#1663,.T.);
#1793=FACE_BOUND('',#1664,.T.);
#1794=FACE_BOUND('',#1665,.T.);
#1795=FACE_BOUND('',#1666,.T.);
#1796=FACE_BOUND('',#1667,.T.);
#1797=FACE_BOUND('',#1668,.T.);
#1798=FACE_BOUND('',#1669,.T.);
#1799=FACE_BOUND('',#1670,.T.);
#1800=FACE_BOUND('',#1671,.T.);
#1801=FACE_BOUND('',#1672,.T.);
#1802=FACE_BOUND('',#1673,.T.);
#1803=FACE_BOUND('',#1674,.T.);
#1804=FACE_BOUND('',#1675,.T.);
#1805=FACE_BOUND('',#1676,.T.);
#1806=FACE_BOUND('',#1677,.T.);
#1807=FACE_BOUND('',#1678,.T.);
#1808=FACE_BOUND('',#1679,.T.);
#1809=FACE_BOUND('',#1680,.T.);
#1810=FACE_BOUND('',#1681,.T.);
#1811=FACE_BOUND('',#1682,.T.);
#1812=FACE_BOUND('',#1683,.T.);
#1813=FACE_BOUND('',#1684,.T.);
#1814=FACE_BOUND('',#1685,.T.);
#1815=FACE_BOUND('',#1686,.T.);
#1816=FACE_BOUND('',#1687,.T.);
#1817=FACE_BOUND('',#1688,.T.);
#1818=FACE_BOUND('',#1689,.T.);
#1819=FACE_BOUND('',#1690,.T.);
#1820=FACE_BOUND('',#1691,.T.);
#1821=FACE_BOUND('',#1692,.T.);
#1822=FACE_BOUND('',#1693,.T.);
#1823=FACE_BOUND('',#1694,.T.);
#1824=FACE_BOUND('',#1695,.T.);
#1825=FACE_BOUND('',#1696,.T.);
#1826=FACE_BOUND('',#1697,.T.);
#1827=FACE_BOUND('',#1698,.T.);
#1828=FACE_BOUND('',#1699,.T.);
#1829=FACE_BOUND('',#1700,.T.);
#1830=FACE_BOUND('',#1701,.T.);
#1831=FACE_BOUND('',#1702,.T.);
#1832=FACE_BOUND('',#1703,.T.);
#1833=FACE_BOUND('',#1704,.T.);
#1834=FACE_BOUND('',#1705,.T.);
#1835=FACE_BOUND('',#1706,.T.);
#1836=FACE_BOUND('',#1707,.T.);
#1837=FACE_BOUND('',#1708,.T.);
#1838=FACE_BOUND('',#1709,.T.);
#1839=FACE_BOUND('',#1710,.T.);
#1840=FACE_BOUND('',#1711,.T.);
#1841=FACE_BOUND('',#1712,.T.);
#1842=FACE_BOUND('',#1713,.T.);
#1843=FACE_BOUND('',#1714,.T.);
#1844=FACE_BOUND('',#1715,.T.);
#1845=FACE_BOUND('',#1716,.T.);
#1846=FACE_BOUND('',#1717,.T.);
#1847=FACE_BOUND('',#1718,.T.);
#1848=FACE_BOUND('',#1719,.T.);
#1849=FACE_BOUND('',#1720,.T.);
#1850=FACE_BOUND('',#1721,.T.);
#1851=FACE_BOUND('',#1722,.T.);
#1852=FACE_BOUND('',#1723,.T.);
#1853=FACE_BOUND('',#1724,.T.);
#1854=FACE_BOUND('',#1725,.T.);
#1855=FACE_BOUND('',#1726,.T.);
#1856=FACE_BOUND('',#1727,.T.);
#1857=B_SPLINE_SURFACE_WITH_KNOTS('',3,1,((#2503,#2504),(#2505,#2506),(#2507,
#2508),(#2509,#2510),(#2511,#2512),(#2513,#2514),(#2515,#2516),(#2517,#2518),
(#2519,#2520),(#2521,#2522),(#2523,#2524),(#2525,#2526),(#2527,#2528),(#2529,
#2530),(#2531,#2532),(#2533,#2534),(#2535,#2536),(#2537,#2538),(#2539,#2540),
(#2541,#2542),(#2543,#2544),(#2545,#2546),(#2547,#2548),(#2549,#2550),(#2551,
#2552),(#2553,#2554),(#2555,#2556),(#2557,#2558),(#2559,#2560),(#2561,#2562),
(#2563,#2564),(#2565,#2566),(#2567,#2568),(#2569,#2570),(#2571,#2572),(#2573,
#2574),(#2575,#2576),(#2577,#2578),(#2579,#2580),(#2581,#2582),(#2583,#2584),
(#2585,#2586),(#2587,#2588),(#2589,#2590),(#2591,#2592),(#2593,#2594),(#2595,
#2596)),.SURF_OF_LINEAR_EXTRUSION.,.F.,.F.,.F.,(4,1,1,1,1,1,1,1,1,1,1,1,
1,1,1,1,1,1,1,1,1,1,1,1,1,1,1,1,1,1,1,1,1,1,1,1,1,1,1,1,1,1,1,1,4),(2,2),
(0.0361332205246115,0.0651248942419389,0.0941165679592662,0.10861240481793,
0.123108241676594,0.137604078535257,0.152099915393921,0.181091589111248,
0.210083262828575,0.239074936545903,0.26806661026323,0.297058283980557,
0.311554120839221,0.326049957697885,0.355041631415212,0.384033305132539,
0.398529141991203,0.413024978849867,0.42752081570853,0.442016652567194,
0.471008326284521,0.485504163143185,0.500000000001849,0.514495836860512,
0.528991673719176,0.557983347436503,0.572479184295167,0.586975021153831,
0.601470858012494,0.615966694871158,0.644958368588485,0.673950042305813,
0.688445879164476,0.70294171602314,0.731933389740467,0.760925063457795,
0.789916737175122,0.818908410892449,0.847900084609777,0.86239592146844,
0.876891758327104,0.891387595185768,0.905883432044431,0.934875105761759,
0.963866779479086),(0.,1.),.UNSPECIFIED.);
#1858=B_SPLINE_SURFACE_WITH_KNOTS('',3,1,((#3117,#3118),(#3119,#3120),(#3121,
#3122),(#3123,#3124)),.SURF_OF_LINEAR_EXTRUSION.,.F.,.F.,.F.,(4,4),(2,2),
(0.126162787643819,0.208871302643014),(0.,1.),.PIECEWISE_BEZIER_KNOTS.);
#1859=B_SPLINE_SURFACE_WITH_KNOTS('',3,1,((#3133,#3134),(#3135,#3136),(#3137,
#3138),(#3139,#3140)),.SURF_OF_LINEAR_EXTRUSION.,.F.,.F.,.F.,(4,4),(2,2),
(0.333880525303018,0.377991241870989),(0.,1.),.PIECEWISE_BEZIER_KNOTS.);
#1860=B_SPLINE_SURFACE_WITH_KNOTS('',3,1,((#3280,#3281),(#3282,#3283),(#3284,
#3285),(#3286,#3287),(#3288,#3289),(#3290,#3291),(#3292,#3293),(#3294,#3295),
(#3296,#3297),(#3298,#3299),(#3300,#3301),(#3302,#3303),(#3304,#3305),(#3306,
#3307),(#3308,#3309)),.SURF_OF_LINEAR_EXTRUSION.,.F.,.F.,.F.,(4,1,1,1,1,
1,1,1,1,1,1,1,4),(2,2),(0.0239115720849513,0.0657854666354306,0.0867224139106703,
0.10765936118591,0.12859630846115,0.149533255736389,0.191407150286869,0.233281044837348,
0.275154939387827,0.296091886663067,0.317028833938306,0.337965781213546,
0.358902728488786),(0.,1.),.UNSPECIFIED.);
#1861=B_SPLINE_SURFACE_WITH_KNOTS('',3,1,((#3374,#3375),(#3376,#3377),(#3378,
#3379),(#3380,#3381)),.SURF_OF_LINEAR_EXTRUSION.,.F.,.F.,.F.,(4,4),(2,2),
(0.126162787643625,0.208871302675465),(0.,1.),.PIECEWISE_BEZIER_KNOTS.);
#1862=B_SPLINE_SURFACE_WITH_KNOTS('',3,1,((#3390,#3391),(#3392,#3393),(#3394,
#3395),(#3396,#3397)),.SURF_OF_LINEAR_EXTRUSION.,.F.,.F.,.F.,(4,4),(2,2),
(0.622008758128989,0.666119474662657),(0.,1.),.PIECEWISE_BEZIER_KNOTS.);
#1863=B_SPLINE_SURFACE_WITH_KNOTS('',3,1,((#3439,#3440),(#3441,#3442),(#3443,
#3444),(#3445,#3446),(#3447,#3448),(#3449,#3450),(#3451,#3452),(#3453,#3454),
(#3455,#3456),(#3457,#3458),(#3459,#3460)),.SURF_OF_LINEAR_EXTRUSION.,.F.,
 .F.,.F.,(4,1,1,1,1,1,1,1,4),(2,2),(0.394819748501794,0.421114811379231,
0.447409874256668,0.473704937134105,0.500000000011543,0.52629506288898,
0.552590125766417,0.578885188643854,0.605180251521291),(0.,1.),
 .UNSPECIFIED.);
#1864=B_SPLINE_SURFACE_WITH_KNOTS('',1,3,((#3506,#3507,#3508,#3509),(#3510,
#3511,#3512,#3513)),.RULED_SURF.,.F.,.F.,.F.,(2,2),(4,4),(0.,0.107859135453862),
(0.,0.00332061196499307),.PIECEWISE_BEZIER_KNOTS.);
#1865=B_SPLINE_SURFACE_WITH_KNOTS('',3,1,((#3528,#3529),(#3530,#3531),(#3532,
#3533),(#3534,#3535),(#3536,#3537),(#3538,#3539),(#3540,#3541),(#3542,#3543),
(#3544,#3545),(#3546,#3547),(#3548,#3549),(#3550,#3551),(#3552,#3553),(#3554,
#3555),(#3556,#3557)),.SURF_OF_LINEAR_EXTRUSION.,.F.,.F.,.F.,(4,1,1,1,1,
1,1,1,1,1,1,1,4),(2,2),(0.641097271511214,0.662034218599714,0.682971165688214,
0.703908112776713,0.724845059865213,0.766718954042212,0.808592848219211,
0.85046674239621,0.87140368948471,0.89234063657321,0.913277583661709,0.934214530750209,
0.976088424927208),(0.,1.),.UNSPECIFIED.);
#1866=B_SPLINE_SURFACE_WITH_KNOTS('',1,3,((#3575,#3576,#3577,#3578),(#3579,
#3580,#3581,#3582)),.RULED_SURF.,.F.,.F.,.F.,(2,2),(4,4),(0.,0.107859131741907),
(0.,0.00332496196632378),.PIECEWISE_BEZIER_KNOTS.);
#1867=B_SPLINE_SURFACE_WITH_KNOTS('',1,3,((#3597,#3598,#3599,#3600,#3601,
#3602,#3603,#3604,#3605,#3606,#3607,#3608,#3609,#3610,#3611,#3612,#3613,
#3614,#3615,#3616,#3617,#3618,#3619,#3620,#3621,#3622,#3623,#3624,#3625,
#3626,#3627,#3628,#3629,#3630,#3631,#3632,#3633,#3634,#3635,#3636,#3637,
#3638,#3639,#3640,#3641,#3642,#3643,#3644,#3645,#3646,#3647,#3648,#3649,
#3650),(#3651,#3652,#3653,#3654,#3655,#3656,#3657,#3658,#3659,#3660,#3661,
#3662,#3663,#3664,#3665,#3666,#3667,#3668,#3669,#3670,#3671,#3672,#3673,
#3674,#3675,#3676,#3677,#3678,#3679,#3680,#3681,#3682,#3683,#3684,#3685,
#3686,#3687,#3688,#3689,#3690,#3691,#3692,#3693,#3694,#3695,#3696,#3697,
#3698,#3699,#3700,#3701,#3702,#3703,#3704)),.RULED_SURF.,.F.,.F.,.F.,(2,
2),(4,2,2,2,2,2,2,2,2,2,2,2,2,2,2,2,2,2,2,2,2,2,2,2,2,2,4),(0.,0.110673328148963),
(0.,0.00231585379450634,0.00347378069175951,0.00463170758901268,0.00578963448626585,
0.00694756138351902,0.00926341517802536,0.0104213420752785,0.0115792689725317,
0.013895122767038,0.0162109765615444,0.0173689034587976,0.0185268303560507,
0.0196847572533039,0.0202637207019305,0.020842684150557,0.0231585379450634,
0.0243164648423166,0.0254743917395698,0.026632318636823,0.0272112820854495,
0.0277902455340761,0.0301060993285825,0.0312640262258356,0.0324219531230888,
0.0347378069175951,0.0370536607121014),.UNSPECIFIED.);
#1868=B_SPLINE_SURFACE_WITH_KNOTS('',1,3,((#3783,#3784,#3785,#3786,#3787,
#3788,#3789,#3790,#3791,#3792,#3793,#3794,#3795,#3796,#3797,#3798,#3799,
#3800,#3801,#3802),(#3803,#3804,#3805,#3806,#3807,#3808,#3809,#3810,#3811,
#3812,#3813,#3814,#3815,#3816,#3817,#3818,#3819,#3820,#3821,#3822)),
 .RULED_SURF.,.F.,.F.,.F.,(2,2),(4,2,2,2,2,2,2,2,2,4),(0.,0.109975248157388),
(0.,0.00041641661645144,0.000832833232902879,0.0010410415411286,0.00124924984935432,
0.00166566646580575,0.00208208308225719,0.00249849969870863,0.00291491631516008,
0.00333133293161152),.UNSPECIFIED.);
#1869=B_SPLINE_SURFACE_WITH_KNOTS('',1,3,((#3842,#3843,#3844,#3845,#3846,
#3847,#3848,#3849,#3850,#3851,#3852,#3853,#3854,#3855,#3856,#3857,#3858,
#3859,#3860,#3861,#3862,#3863,#3864,#3865,#3866,#3867,#3868,#3869,#3870,
#3871,#3872,#3873,#3874,#3875,#3876,#3877,#3878,#3879,#3880,#3881,#3882,
#3883,#3884,#3885,#3886,#3887,#3888,#3889),(#3890,#3891,#3892,#3893,#3894,
#3895,#3896,#3897,#3898,#3899,#3900,#3901,#3902,#3903,#3904,#3905,#3906,
#3907,#3908,#3909,#3910,#3911,#3912,#3913,#3914,#3915,#3916,#3917,#3918,
#3919,#3920,#3921,#3922,#3923,#3924,#3925,#3926,#3927,#3928,#3929,#3930,
#3931,#3932,#3933,#3934,#3935,#3936,#3937)),.RULED_SURF.,.F.,.F.,.F.,(2,
2),(4,2,2,2,2,2,2,2,2,2,2,2,2,2,2,2,2,2,2,2,2,2,2,4),(0.,0.109346529859912),
(0.,0.00283462276314397,0.00566924552628793,0.00708655690785991,0.0085038682894319,
0.00921252398021789,0.00956685182561088,0.00992117967100388,0.0102755075163969,
0.0106298353617899,0.0109841632071829,0.0113384910525759,0.0116928188979689,
0.0118699828206654,0.0120471467433618,0.0124014745887548,0.0127558024341478,
0.0131101302795408,0.0134644581249338,0.0141731138157198,0.0155904251972918,
0.0170077365788638,0.0198423593420078,0.0226769821051517),.UNSPECIFIED.);
#1870=B_SPLINE_SURFACE_WITH_KNOTS('',1,3,((#3982,#3983,#3984,#3985,#3986,
#3987,#3988,#3989,#3990,#3991,#3992,#3993,#3994,#3995,#3996,#3997),(#3998,
#3999,#4000,#4001,#4002,#4003,#4004,#4005,#4006,#4007,#4008,#4009,#4010,
#4011,#4012,#4013)),.RULED_SURF.,.F.,.F.,.F.,(2,2),(4,2,2,2,2,2,2,4),(0.,
0.11166918524266),(0.,0.000836319753209354,0.00125447962981403,0.00167263950641871,
0.00209079938302339,0.00250895925962806,0.00292711913623273,0.00334527901283742),
 .UNSPECIFIED.);
#1871=B_SPLINE_SURFACE_WITH_KNOTS('',1,3,((#4028,#4029,#4030,#4031,#4032,
#4033,#4034,#4035),(#4036,#4037,#4038,#4039,#4040,#4041,#4042,#4043)),
 .RULED_SURF.,.F.,.F.,.F.,(2,2),(4,2,2,4),(0.,0.108503543654793),(5.94927329886726E-16,
0.00209824653907009,0.00314736980860484,0.00419649307813959),
 .UNSPECIFIED.);
#1872=B_SPLINE_SURFACE_WITH_KNOTS('',1,3,((#4048,#4049,#4050,#4051,#4052,
#4053,#4054,#4055),(#4056,#4057,#4058,#4059,#4060,#4061,#4062,#4063)),
 .RULED_SURF.,.F.,.F.,.F.,(2,2),(4,2,2,4),(0.,0.108304068934217),(0.,0.00104919361775464,
0.00209838723550928,0.00419677447101854),.UNSPECIFIED.);
#1873=B_SPLINE_SURFACE_WITH_KNOTS('',1,3,((#4068,#4069,#4070,#4071,#4072,
#4073,#4074,#4075,#4076,#4077,#4078,#4079,#4080,#4081,#4082,#4083,#4084,
#4085,#4086,#4087,#4088,#4089,#4090,#4091,#4092,#4093,#4094,#4095,#4096,
#4097,#4098,#4099,#4100,#4101,#4102,#4103,#4104,#4105,#4106,#4107,#4108,
#4109,#4110,#4111,#4112,#4113,#4114,#4115,#4116,#4117),(#4118,#4119,#4120,
#4121,#4122,#4123,#4124,#4125,#4126,#4127,#4128,#4129,#4130,#4131,#4132,
#4133,#4134,#4135,#4136,#4137,#4138,#4139,#4140,#4141,#4142,#4143,#4144,
#4145,#4146,#4147,#4148,#4149,#4150,#4151,#4152,#4153,#4154,#4155,#4156,
#4157,#4158,#4159,#4160,#4161,#4162,#4163,#4164,#4165,#4166,#4167)),
 .RULED_SURF.,.F.,.F.,.F.,(2,2),(4,2,2,2,2,2,2,2,2,2,2,2,2,2,2,2,2,2,2,
2,2,2,2,2,4),(0.,0.110080188653541),(4.85635837099707E-15,0.0022983572519569,
0.00459671450390895,0.00574589312988497,0.00689507175586099,0.00919342900781304,
0.0103426076337891,0.0114917862597651,0.0126409648857411,0.0137901435117171,
0.0160885007636692,0.0172376793896452,0.0183868580156212,0.0206852152675733,
0.0218343938935493,0.0229835725195253,0.0252819297714773,0.0275802870234294,
0.0287294656494054,0.0298786442753814,0.0321770015273335,0.0333261801533095,
0.0344753587792856,0.0356245374052616,0.0367737160312376),.UNSPECIFIED.);
#1874=B_SPLINE_SURFACE_WITH_KNOTS('',1,3,((#4247,#4248,#4249,#4250,#4251,
#4252,#4253,#4254,#4255,#4256,#4257,#4258,#4259,#4260,#4261,#4262,#4263,
#4264,#4265,#4266,#4267,#4268,#4269,#4270,#4271,#4272,#4273,#4274),(#4275,
#4276,#4277,#4278,#4279,#4280,#4281,#4282,#4283,#4284,#4285,#4286,#4287,
#4288,#4289,#4290,#4291,#4292,#4293,#4294,#4295,#4296,#4297,#4298,#4299,
#4300,#4301,#4302),(#4303,#4304,#4305,#4306,#4307,#4308,#4309,#4310,#4311,
#4312,#4313,#4314,#4315,#4316,#4317,#4318,#4319,#4320,#4321,#4322,#4323,
#4324,#4325,#4326,#4327,#4328,#4329,#4330),(#4331,#4332,#4333,#4334,#4335,
#4336,#4337,#4338,#4339,#4340,#4341,#4342,#4343,#4344,#4345,#4346,#4347,
#4348,#4349,#4350,#4351,#4352,#4353,#4354,#4355,#4356,#4357,#4358)),
 .RULED_SURF.,.F.,.F.,.F.,(2,1,1,2),(4,2,2,2,2,2,2,2,2,2,2,2,2,4),(-0.277730304738617,
0.,1.,1.01277730304739),(0.,0.00495713805539108,0.00743570708308662,0.00991427611078216,
0.0123928451384777,0.0148714141661732,0.0173499831938688,0.0198285522215643,
0.0223071212492598,0.0247856902769554,0.0297428283323464,0.032221397360042,
0.0346999663877376,0.0396571044431287),.UNSPECIFIED.);
#1875=B_SPLINE_SURFACE_WITH_KNOTS('',1,3,((#4379,#4380,#4381,#4382),(#4383,
#4384,#4385,#4386)),.RULED_SURF.,.F.,.F.,.F.,(2,2),(4,4),(0.,1.),(0.,0.00324294838843034),
 .PIECEWISE_BEZIER_KNOTS.);
#1876=B_SPLINE_SURFACE_WITH_KNOTS('',1,3,((#4391,#4392,#4393,#4394),(#4395,
#4396,#4397,#4398)),.RULED_SURF.,.F.,.F.,.F.,(2,2),(4,4),(0.,1.),(0.,0.00410493280471943),
 .PIECEWISE_BEZIER_KNOTS.);
#1877=B_SPLINE_SURFACE_WITH_KNOTS('',1,3,((#4403,#4404,#4405,#4406,#4407,
#4408,#4409,#4410,#4411,#4412),(#4413,#4414,#4415,#4416,#4417,#4418,#4419,
#4420,#4421,#4422)),.RULED_SURF.,.F.,.F.,.F.,(2,2),(4,2,2,2,4),(0.,1.),
(0.,0.00030237924098046,0.00060475848196092,0.000907137722941379,0.00120951696392184),
 .UNSPECIFIED.);
#1878=B_SPLINE_SURFACE_WITH_KNOTS('',1,3,((#4427,#4428,#4429,#4430,#4431,
#4432,#4433,#4434,#4435,#4436,#4437,#4438,#4439,#4440,#4441,#4442,#4443,
#4444,#4445,#4446,#4447,#4448,#4449,#4450,#4451,#4452),(#4453,#4454,#4455,
#4456,#4457,#4458,#4459,#4460,#4461,#4462,#4463,#4464,#4465,#4466,#4467,
#4468,#4469,#4470,#4471,#4472,#4473,#4474,#4475,#4476,#4477,#4478)),
 .RULED_SURF.,.F.,.F.,.F.,(2,2),(4,2,2,2,2,2,2,2,2,2,2,2,4),(0.,1.),(0.,
0.00333903644171938,0.00667807288343876,0.00834759110429845,0.0100171093251581,
0.0116866275460178,0.0133561457668775,0.0150256639877372,0.0166951822085969,
0.0183647004294566,0.0200342186503163,0.0233732550920356,0.026712291533755),
 .UNSPECIFIED.);
#1879=B_SPLINE_SURFACE_WITH_KNOTS('',1,3,((#4483,#4484,#4485,#4486,#4487,
#4488,#4489,#4490,#4491,#4492),(#4493,#4494,#4495,#4496,#4497,#4498,#4499,
#4500,#4501,#4502)),.RULED_SURF.,.F.,.F.,.F.,(2,2),(4,2,2,2,4),(0.,1.),
(0.,0.000302389704656713,0.000604779409313426,0.00090716911397014,0.00120955881862685),
 .UNSPECIFIED.);
#1880=B_SPLINE_SURFACE_WITH_KNOTS('',1,3,((#4507,#4508,#4509,#4510),(#4511,
#4512,#4513,#4514)),.RULED_SURF.,.F.,.F.,.F.,(2,2),(4,4),(0.,1.),(0.,0.0041057659511958),
 .PIECEWISE_BEZIER_KNOTS.);
#1881=B_SPLINE_SURFACE_WITH_KNOTS('',1,3,((#4519,#4520,#4521,#4522),(#4523,
#4524,#4525,#4526)),.RULED_SURF.,.F.,.F.,.F.,(2,2),(4,4),(0.,1.),(0.,0.00324233112128479),
 .PIECEWISE_BEZIER_KNOTS.);
#1882=B_SPLINE_SURFACE_WITH_KNOTS('',1,3,((#4531,#4532,#4533,#4534,#4535,
#4536,#4537,#4538,#4539,#4540,#4541,#4542,#4543,#4544,#4545,#4546,#4547,
#4548,#4549,#4550,#4551,#4552,#4553,#4554,#4555,#4556,#4557,#4558),(#4559,
#4560,#4561,#4562,#4563,#4564,#4565,#4566,#4567,#4568,#4569,#4570,#4571,
#4572,#4573,#4574,#4575,#4576,#4577,#4578,#4579,#4580,#4581,#4582,#4583,
#4584,#4585,#4586),(#4587,#4588,#4589,#4590,#4591,#4592,#4593,#4594,#4595,
#4596,#4597,#4598,#4599,#4600,#4601,#4602,#4603,#4604,#4605,#4606,#4607,
#4608,#4609,#4610,#4611,#4612,#4613,#4614)),.RULED_SURF.,.F.,.F.,.F.,(2,
1,2),(4,2,2,2,2,2,2,2,2,2,2,2,2,4),(-0.277730239283622,0.,1.),(0.,0.00495712818476854,
0.00743569227715282,0.00991425636953709,0.0148713845543056,0.0173499486466899,
0.0198285127390742,0.0223070768314584,0.0247856409238427,0.027264205016227,
0.0297427691086113,0.0322213332009956,0.0346998972933798,0.0396570254781483),
 .UNSPECIFIED.);
#1883=B_SPLINE_SURFACE_WITH_KNOTS('',3,1,((#4889,#4890),(#4891,#4892),(#4893,
#4894),(#4895,#4896),(#4897,#4898),(#4899,#4900),(#4901,#4902),(#4903,#4904),
(#4905,#4906),(#4907,#4908),(#4909,#4910),(#4911,#4912),(#4913,#4914),(#4915,
#4916),(#4917,#4918)),.SURF_OF_LINEAR_EXTRUSION.,.F.,.F.,.F.,(4,1,1,1,1,
1,1,1,1,1,1,1,4),(2,2),(0.641097271511214,0.662034218599714,0.682971165688214,
0.703908112776713,0.724845059865213,0.766718954042212,0.808592848219211,
0.85046674239621,0.87140368948471,0.89234063657321,0.913277583661709,0.934214530750209,
0.976088424927208),(0.,1.),.UNSPECIFIED.);
#1884=B_SPLINE_SURFACE_WITH_KNOTS('',3,1,((#5015,#5016),(#5017,#5018),(#5019,
#5020),(#5021,#5022),(#5023,#5024),(#5025,#5026),(#5027,#5028),(#5029,#5030),
(#5031,#5032),(#5033,#5034),(#5035,#5036),(#5037,#5038),(#5039,#5040),(#5041,
#5042),(#5043,#5044),(#5045,#5046),(#5047,#5048),(#5049,#5050),(#5051,#5052)),
 .SURF_OF_LINEAR_EXTRUSION.,.F.,.F.,.F.,(4,1,1,1,1,1,1,1,1,1,1,1,1,1,1,
1,4),(2,2),(0.666119474679566,0.707854540343541,0.749589606007517,0.791324671671492,
0.833059737335467,0.874794802999443,0.916529868663418,0.958264934327393,
0.999999999991369,1.04173506565534,1.08347013131932,1.12520519698329,1.16694026264727,
1.20867532831125,1.25041039397522,1.2921454596392,1.33388052530317),(0.,
1.),.UNSPECIFIED.);
#1885=B_SPLINE_SURFACE_WITH_KNOTS('',3,1,((#5184,#5185),(#5186,#5187),(#5188,
#5189),(#5190,#5191),(#5192,#5193),(#5194,#5195),(#5196,#5197),(#5198,#5199),
(#5200,#5201),(#5202,#5203),(#5204,#5205),(#5206,#5207),(#5208,#5209),(#5210,
#5211),(#5212,#5213)),.SURF_OF_LINEAR_EXTRUSION.,.F.,.F.,.F.,(4,1,1,1,1,
1,1,1,1,1,1,1,4),(2,2),(0.0239115720261809,0.0657854665840065,0.0867224138629193,
0.107659361141832,0.128596308420745,0.149533255699658,0.191407150257483,
0.233281044815309,0.275154939373134,0.296091886652047,0.31702883393096,
0.337965781209873,0.358902728488786),(0.,1.),.UNSPECIFIED.);
#1886=B_SPLINE_SURFACE_WITH_KNOTS('',3,1,((#5274,#5275),(#5276,#5277),(#5278,
#5279),(#5280,#5281),(#5282,#5283),(#5284,#5285),(#5286,#5287),(#5288,#5289),
(#5290,#5291),(#5292,#5293),(#5294,#5295)),.SURF_OF_LINEAR_EXTRUSION.,.F.,
 .F.,.F.,(4,1,1,1,1,1,1,1,4),(2,2),(0.181300415346753,0.378765471665955,
0.477497999825557,0.576230527985158,0.674963056144759,0.72432932022456,
0.773695584304361,0.872428112463962,0.971160640623564),(0.,1.),
 .UNSPECIFIED.);
#1887=B_SPLINE_SURFACE_WITH_KNOTS('',3,1,((#5600,#5601),(#5602,#5603),(#5604,
#5605),(#5606,#5607),(#5608,#5609),(#5610,#5611),(#5612,#5613),(#5614,#5615),
(#5616,#5617),(#5618,#5619),(#5620,#5621)),.SURF_OF_LINEAR_EXTRUSION.,.F.,
 .F.,.F.,(4,1,1,1,1,1,1,1,4),(2,2),(0.394819748501794,0.421114811379229,
0.447409874256664,0.473704937134099,0.500000000011534,0.526295062888969,
0.552590125766404,0.578885188643839,0.605180251521274),(0.,1.),
 .UNSPECIFIED.);
#1888=B_SPLINE_SURFACE_WITH_KNOTS('',3,1,((#5825,#5826),(#5827,#5828),(#5829,
#5830),(#5831,#5832),(#5833,#5834),(#5835,#5836),(#5837,#5838),(#5839,#5840),
(#5841,#5842)),.SURF_OF_LINEAR_EXTRUSION.,.F.,.F.,.F.,(4,1,1,1,1,1,4),(2,
2),(0.377991241871039,0.408493431403282,0.438995620935525,0.500000000000012,
0.561004379064498,0.591506568596742,0.622008758128985),(0.,1.),
 .UNSPECIFIED.);
#1889=B_SPLINE_SURFACE_WITH_KNOTS('',3,1,((#5926,#5927),(#5928,#5929),(#5930,
#5931),(#5932,#5933),(#5934,#5935)),.SURF_OF_LINEAR_EXTRUSION.,.F.,.F.,
 .F.,(4,1,4),(2,2),(0.106376308200893,0.500903977081068,0.895431645961243),
(0.,1.),.UNSPECIFIED.);
#1890=B_SPLINE_SURFACE_WITH_KNOTS('',3,1,((#6045,#6046),(#6047,#6048),(#6049,
#6050),(#6051,#6052)),.SURF_OF_LINEAR_EXTRUSION.,.F.,.F.,.F.,(4,4),(2,2),
(0.0670718583404635,0.146105642717035),(0.,1.),.PIECEWISE_BEZIER_KNOTS.);
#1891=B_SPLINE_SURFACE_WITH_KNOTS('',3,1,((#6069,#6070),(#6071,#6072),(#6073,
#6074),(#6075,#6076)),.SURF_OF_LINEAR_EXTRUSION.,.F.,.F.,.F.,(4,4),(2,2),
(0.0670690504216599,0.146105659555155),(0.,1.),.PIECEWISE_BEZIER_KNOTS.);
#1892=ADVANCED_FACE('',(#1728),#1857,.F.);
#1893=ADVANCED_FACE('',(#1729),#118,.F.);
#1894=ADVANCED_FACE('',(#1730,#1731),#119,.T.);
#1895=ADVANCED_FACE('',(#1732),#120,.T.);
#1896=ADVANCED_FACE('',(#1733),#1858,.F.);
#1897=ADVANCED_FACE('',(#1734),#1859,.T.);
#1898=ADVANCED_FACE('',(#1735),#121,.T.);
#1899=ADVANCED_FACE('',(#1736),#122,.T.);
#1900=ADVANCED_FACE('',(#1737),#123,.T.);
#1901=ADVANCED_FACE('',(#1738),#48,.T.);
#1902=ADVANCED_FACE('',(#1739),#49,.T.);
#1903=ADVANCED_FACE('',(#1740),#124,.F.);
#1904=ADVANCED_FACE('',(#1741),#1860,.T.);
#1905=ADVANCED_FACE('',(#1742),#125,.F.);
#1906=ADVANCED_FACE('',(#1743),#126,.T.);
#1907=ADVANCED_FACE('',(#1744),#1861,.F.);
#1908=ADVANCED_FACE('',(#1745),#1862,.T.);
#1909=ADVANCED_FACE('',(#1746),#50,.T.);
#1910=ADVANCED_FACE('',(#1747),#51,.T.);
#1911=ADVANCED_FACE('',(#1748),#1863,.T.);
#1912=ADVANCED_FACE('',(#1749),#1864,.F.);
#1913=ADVANCED_FACE('',(#1750),#1865,.T.);
#1914=ADVANCED_FACE('',(#1751),#1866,.F.);
#1915=ADVANCED_FACE('',(#1752),#1867,.F.);
#1916=ADVANCED_FACE('',(#1753),#1868,.F.);
#1917=ADVANCED_FACE('',(#1754),#1869,.F.);
#1918=ADVANCED_FACE('',(#1755),#1870,.F.);
#1919=ADVANCED_FACE('',(#1756),#1871,.F.);
#1920=ADVANCED_FACE('',(#1757),#1872,.F.);
#1921=ADVANCED_FACE('',(#1758),#1873,.F.);
#1922=ADVANCED_FACE('',(#1759),#1874,.T.);
#1923=ADVANCED_FACE('',(#1760),#1875,.T.);
#1924=ADVANCED_FACE('',(#1761),#1876,.T.);
#1925=ADVANCED_FACE('',(#1762),#1877,.T.);
#1926=ADVANCED_FACE('',(#1763),#1878,.T.);
#1927=ADVANCED_FACE('',(#1764),#1879,.T.);
#1928=ADVANCED_FACE('',(#1765),#1880,.T.);
#1929=ADVANCED_FACE('',(#1766),#1881,.T.);
#1930=ADVANCED_FACE('',(#1767),#1882,.T.);
#1931=ADVANCED_FACE('',(#1768),#127,.T.);
#1932=ADVANCED_FACE('',(#1769),#128,.F.);
#1933=ADVANCED_FACE('',(#1770),#129,.T.);
#1934=ADVANCED_FACE('',(#1771),#130,.T.);
#1935=ADVANCED_FACE('',(#1772),#131,.T.);
#1936=ADVANCED_FACE('',(#1773),#27,.T.);
#1937=ADVANCED_FACE('',(#1774),#132,.T.);
#1938=ADVANCED_FACE('',(#1775),#28,.F.);
#1939=ADVANCED_FACE('',(#1776),#133,.F.);
#1940=ADVANCED_FACE('',(#1777),#134,.F.);
#1941=ADVANCED_FACE('',(#1778),#135,.T.);
#1942=ADVANCED_FACE('',(#1779),#29,.T.);
#1943=ADVANCED_FACE('',(#1780),#136,.T.);
#1944=ADVANCED_FACE('',(#1781),#30,.F.);
#1945=ADVANCED_FACE('',(#1782),#137,.F.);
#1946=ADVANCED_FACE('',(#1783),#31,.T.);
#1947=ADVANCED_FACE('',(#1784),#20,.T.);
#1948=ADVANCED_FACE('',(#1785),#32,.T.);
#1949=ADVANCED_FACE('',(#1786),#33,.F.);
#1950=ADVANCED_FACE('',(#1787),#34,.T.);
#1951=ADVANCED_FACE('',(#1788),#21,.T.);
#1952=ADVANCED_FACE('',(#1789),#35,.T.);
#1953=ADVANCED_FACE('',(#1790),#36,.F.);
#1954=ADVANCED_FACE('',(#1791),#37,.T.);
#1955=ADVANCED_FACE('',(#1792),#52,.T.);
#1956=ADVANCED_FACE('',(#1793),#38,.T.);
#1957=ADVANCED_FACE('',(#1794),#39,.T.);
#1958=ADVANCED_FACE('',(#1795),#53,.T.);
#1959=ADVANCED_FACE('',(#1796),#40,.T.);
#1960=ADVANCED_FACE('',(#1797),#54,.T.);
#1961=ADVANCED_FACE('',(#1798),#22,.T.);
#1962=ADVANCED_FACE('',(#1799),#41,.T.);
#1963=ADVANCED_FACE('',(#1800),#23,.T.);
#1964=ADVANCED_FACE('',(#1801),#42,.T.);
#1965=ADVANCED_FACE('',(#1802),#24,.T.);
#1966=ADVANCED_FACE('',(#1803),#55,.T.);
#1967=ADVANCED_FACE('',(#1804),#1883,.F.);
#1968=ADVANCED_FACE('',(#1805),#1884,.T.);
#1969=ADVANCED_FACE('',(#1806,#1807),#138,.T.);
#1970=ADVANCED_FACE('',(#1808),#1885,.F.);
#1971=ADVANCED_FACE('',(#1809),#139,.F.);
#1972=ADVANCED_FACE('',(#1810),#140,.T.);
#1973=ADVANCED_FACE('',(#1811),#1886,.F.);
#1974=ADVANCED_FACE('',(#1812),#43,.F.);
#1975=ADVANCED_FACE('',(#1813),#44,.T.);
#1976=ADVANCED_FACE('',(#1814),#141,.F.);
#1977=ADVANCED_FACE('',(#1815,#1816),#45,.F.);
#1978=ADVANCED_FACE('',(#1817),#142,.T.);
#1979=ADVANCED_FACE('',(#1818,#1819),#143,.T.);
#1980=ADVANCED_FACE('',(#1820),#56,.T.);
#1981=ADVANCED_FACE('',(#1821),#57,.T.);
#1982=ADVANCED_FACE('',(#1822,#1823),#25,.T.);
#1983=ADVANCED_FACE('',(#1824),#58,.T.);
#1984=ADVANCED_FACE('',(#1825),#1887,.F.);
#1985=ADVANCED_FACE('',(#1826),#1888,.T.);
#1986=ADVANCED_FACE('',(#1827,#1828),#144,.T.);
#1987=ADVANCED_FACE('',(#1829),#1889,.T.);
#1988=ADVANCED_FACE('',(#1830),#145,.T.);
#1989=ADVANCED_FACE('',(#1831),#146,.F.);
#1990=ADVANCED_FACE('',(#1832),#1890,.F.);
#1991=ADVANCED_FACE('',(#1833),#1891,.F.);
#1992=ADVANCED_FACE('',(#1834,#1835),#147,.T.);
#1993=ADVANCED_FACE('',(#1836),#148,.F.);
#1994=ADVANCED_FACE('',(#1837),#149,.F.);
#1995=ADVANCED_FACE('',(#1838),#150,.F.);
#1996=ADVANCED_FACE('',(#1839),#151,.T.);
#1997=ADVANCED_FACE('',(#1840),#46,.T.);
#1998=ADVANCED_FACE('',(#1841,#1842),#47,.F.);
#1999=ADVANCED_FACE('',(#1843),#59,.T.);
#2000=ADVANCED_FACE('',(#1844),#60,.T.);
#2001=ADVANCED_FACE('',(#1845),#61,.T.);
#2002=ADVANCED_FACE('',(#1846),#62,.T.);
#2003=ADVANCED_FACE('',(#1847),#63,.T.);
#2004=ADVANCED_FACE('',(#1848),#64,.T.);
#2005=ADVANCED_FACE('',(#1849),#65,.T.);
#2006=ADVANCED_FACE('',(#1850),#66,.T.);
#2007=ADVANCED_FACE('',(#1851),#67,.T.);
#2008=ADVANCED_FACE('',(#1852),#68,.T.);
#2009=ADVANCED_FACE('',(#1853),#69,.T.);
#2010=ADVANCED_FACE('',(#1854),#70,.T.);
#2011=ADVANCED_FACE('',(#1855,#1856),#26,.T.);
#2012=CLOSED_SHELL('',(#1892,#1893,#1894,#1895,#1896,#1897,#1898,#1899,
#1900,#1901,#1902,#1903,#1904,#1905,#1906,#1907,#1908,#1909,#1910,#1911,
#1912,#1913,#1914,#1915,#1916,#1917,#1918,#1919,#1920,#1921,#1922,#1923,
#1924,#1925,#1926,#1927,#1928,#1929,#1930,#1931,#1932,#1933,#1934,#1935,
#1936,#1937,#1938,#1939,#1940,#1941,#1942,#1943,#1944,#1945,#1946,#1947,
#1948,#1949,#1950,#1951,#1952,#1953,#1954,#1955,#1956,#1957,#1958,#1959,
#1960,#1961,#1962,#1963,#1964,#1965,#1966));
#2013=CLOSED_SHELL('',(#1967,#1968,#1969,#1970,#1971,#1972,#1973,#1974,
#1975,#1976,#1977,#1978,#1979,#1980,#1981,#1982,#1983));
#2014=CLOSED_SHELL('',(#1984,#1985,#1986,#1987,#1988,#1989,#1990,#1991,
#1992,#1993,#1994,#1995,#1996,#1997,#1998,#1999,#2000,#2001,#2002,#2003,
#2004,#2005,#2006,#2007,#2008,#2009,#2010,#2011));
#2015=STYLED_ITEM('',(#2018),#2039);
#2016=STYLED_ITEM('',(#2019),#2040);
#2017=STYLED_ITEM('',(#2020),#2041);
#2018=PRESENTATION_STYLE_ASSIGNMENT((#2021));
#2019=PRESENTATION_STYLE_ASSIGNMENT((#2022));
#2020=PRESENTATION_STYLE_ASSIGNMENT((#2023));
#2021=SURFACE_STYLE_USAGE(.BOTH.,#2024);
#2022=SURFACE_STYLE_USAGE(.BOTH.,#2025);
#2023=SURFACE_STYLE_USAGE(.BOTH.,#2026);
#2024=SURFACE_SIDE_STYLE('',(#2027));
#2025=SURFACE_SIDE_STYLE('',(#2028));
#2026=SURFACE_SIDE_STYLE('',(#2029));
#2027=SURFACE_STYLE_FILL_AREA(#2030);
#2028=SURFACE_STYLE_FILL_AREA(#2031);
#2029=SURFACE_STYLE_FILL_AREA(#2032);
#2030=FILL_AREA_STYLE('',(#2033));
#2031=FILL_AREA_STYLE('',(#2034));
#2032=FILL_AREA_STYLE('',(#2035));
#2033=FILL_AREA_STYLE_COLOUR('',#2036);
#2034=FILL_AREA_STYLE_COLOUR('',#2037);
#2035=FILL_AREA_STYLE_COLOUR('',#2038);
#2036=COLOUR_RGB('',0.909803921568627,0.572549019607843,0.164705882352941);
#2037=COLOUR_RGB('',0.262745098039216,0.282352941176471,0.301960784313725);
#2038=COLOUR_RGB('',0.541176470588235,0.682352941176471,0.83921568627451);
#2039=MANIFOLD_SOLID_BREP('Insulation',#2012);
#2040=MANIFOLD_SOLID_BREP('Corona',#2013);
#2041=MANIFOLD_SOLID_BREP('Frenulum',#2014);
#2042=SHAPE_DEFINITION_REPRESENTATION(#6471,#2045);
#2043=SHAPE_DEFINITION_REPRESENTATION(#6472,#2046);
#2044=SHAPE_DEFINITION_REPRESENTATION(#6473,#2047);
#2045=SHAPE_REPRESENTATION('Insulation',(#2048),#6456);
#2046=SHAPE_REPRESENTATION('Corona',(#2123),#6457);
#2047=SHAPE_REPRESENTATION('Frenulum',(#2139),#6458);
#2048=AXIS2_PLACEMENT_3D('',#2502,#2164,#2165);
#2049=AXIS2_PLACEMENT_3D('',#2754,#2170,#2171);
#2050=AXIS2_PLACEMENT_3D('',#2782,#2175,#2176);
#2051=AXIS2_PLACEMENT_3D('',#2806,#2178,#2179);
#2052=AXIS2_PLACEMENT_3D('',#2824,#2181,#2182);
#2053=AXIS2_PLACEMENT_3D('',#2828,#2184,#2185);
#2054=AXIS2_PLACEMENT_3D('',#2832,#2187,#2188);
#2055=AXIS2_PLACEMENT_3D('',#2924,#2194,#2195);
#2056=AXIS2_PLACEMENT_3D('',#3091,#2200,#2201);
#2057=AXIS2_PLACEMENT_3D('',#3092,#2202,#2203);
#2058=AXIS2_PLACEMENT_3D('',#3145,#2207,#2208);
#2059=AXIS2_PLACEMENT_3D('',#3146,#2209,#2210);
#2060=AXIS2_PLACEMENT_3D('',#3152,#2213,#2214);
#2061=AXIS2_PLACEMENT_3D('',#3160,#2219,#2220);
#2062=AXIS2_PLACEMENT_3D('',#3163,#2223,#2224);
#2063=AXIS2_PLACEMENT_3D('',#3202,#2226,#2227);
#2064=AXIS2_PLACEMENT_3D('',#3326,#2230,#2231);
#2065=AXIS2_PLACEMENT_3D('',#3349,#2234,#2235);
#2066=AXIS2_PLACEMENT_3D('',#4631,#2240,#2241);
#2067=AXIS2_PLACEMENT_3D('',#4641,#2247,#2248);
#2068=AXIS2_PLACEMENT_3D('',#4651,#2254,#2255);
#2069=AXIS2_PLACEMENT_3D('',#4659,#2259,#2260);
#2070=AXIS2_PLACEMENT_3D('',#4667,#2264,#2265);
#2071=AXIS2_PLACEMENT_3D('',#4668,#2266,#2267);
#2072=AXIS2_PLACEMENT_3D('',#4674,#2271,#2272);
#2073=AXIS2_PLACEMENT_3D('',#4680,#2276,#2277);
#2074=AXIS2_PLACEMENT_3D('',#4681,#2278,#2279);
#2075=AXIS2_PLACEMENT_3D('',#4682,#2280,#2281);
#2076=AXIS2_PLACEMENT_3D('',#4683,#2282,#2283);
#2077=AXIS2_PLACEMENT_3D('',#4684,#2284,#2285);
#2078=AXIS2_PLACEMENT_3D('',#4686,#2287,#2288);
#2079=AXIS2_PLACEMENT_3D('',#4688,#2290,#2291);
#2080=AXIS2_PLACEMENT_3D('',#4689,#2292,#2293);
#2081=AXIS2_PLACEMENT_3D('',#4690,#2294,#2295);
#2082=AXIS2_PLACEMENT_3D('',#4699,#2298,#2299);
#2083=AXIS2_PLACEMENT_3D('',#4708,#2302,#2303);
#2084=AXIS2_PLACEMENT_3D('',#4709,#2304,#2305);
#2085=AXIS2_PLACEMENT_3D('',#4710,#2306,#2307);
#2086=AXIS2_PLACEMENT_3D('',#4712,#2309,#2310);
#2087=AXIS2_PLACEMENT_3D('',#4714,#2312,#2313);
#2088=AXIS2_PLACEMENT_3D('',#4715,#2314,#2315);
#2089=AXIS2_PLACEMENT_3D('',#4716,#2316,#2317);
#2090=AXIS2_PLACEMENT_3D('',#4717,#2318,#2319);
#2091=AXIS2_PLACEMENT_3D('',#4718,#2320,#2321);
#2092=AXIS2_PLACEMENT_3D('',#4719,#2322,#2323);
#2093=AXIS2_PLACEMENT_3D('',#4720,#2324,#2325);
#2094=AXIS2_PLACEMENT_3D('',#4721,#2326,#2327);
#2095=AXIS2_PLACEMENT_3D('',#4722,#2328,#2329);
#2096=AXIS2_PLACEMENT_3D('',#4723,#2330,#2331);
#2097=AXIS2_PLACEMENT_3D('',#4724,#2332,#2333);
#2098=AXIS2_PLACEMENT_3D('',#4725,#2334,#2335);
#2099=AXIS2_PLACEMENT_3D('',#4726,#2336,#2337);
#2100=AXIS2_PLACEMENT_3D('',#4727,#2338,#2339);
#2101=AXIS2_PLACEMENT_3D('',#4728,#2340,#2341);
#2102=AXIS2_PLACEMENT_3D('',#4729,#2342,#2343);
#2103=AXIS2_PLACEMENT_3D('',#4730,#2344,#2345);
#2104=AXIS2_PLACEMENT_3D('',#4731,#2346,#2347);
#2105=AXIS2_PLACEMENT_3D('',#4732,#2348,#2349);
#2106=AXIS2_PLACEMENT_3D('',#4751,#2350,#2351);
#2107=AXIS2_PLACEMENT_3D('',#4752,#2352,#2353);
#2108=AXIS2_PLACEMENT_3D('',#4753,#2354,#2355);
#2109=AXIS2_PLACEMENT_3D('',#4754,#2356,#2357);
#2110=AXIS2_PLACEMENT_3D('',#4773,#2358,#2359);
#2111=AXIS2_PLACEMENT_3D('',#4774,#2360,#2361);
#2112=AXIS2_PLACEMENT_3D('',#4820,#2362,#2363);
#2113=AXIS2_PLACEMENT_3D('',#4821,#2364,#2365);
#2114=AXIS2_PLACEMENT_3D('',#4822,#2366,#2367);
#2115=AXIS2_PLACEMENT_3D('',#4823,#2368,#2369);
#2116=AXIS2_PLACEMENT_3D('',#4824,#2370,#2371);
#2117=AXIS2_PLACEMENT_3D('',#4825,#2372,#2373);
#2118=AXIS2_PLACEMENT_3D('',#4826,#2374,#2375);
#2119=AXIS2_PLACEMENT_3D('',#4827,#2376,#2377);
#2120=AXIS2_PLACEMENT_3D('',#4828,#2378,#2379);
#2121=AXIS2_PLACEMENT_3D('',#4829,#2380,#2381);
#2122=AXIS2_PLACEMENT_3D('',#4830,#2382,#2383);
#2123=AXIS2_PLACEMENT_3D('',#4888,#2384,#2385);
#2124=AXIS2_PLACEMENT_3D('',#5097,#2390,#2391);
#2125=AXIS2_PLACEMENT_3D('',#5178,#2394,#2395);
#2126=AXIS2_PLACEMENT_3D('',#5182,#2398,#2399);
#2127=AXIS2_PLACEMENT_3D('',#5232,#2402,#2403);
#2128=AXIS2_PLACEMENT_3D('',#5253,#2404,#2405);
#2129=AXIS2_PLACEMENT_3D('',#5352,#2406,#2407);
#2130=AXIS2_PLACEMENT_3D('',#5365,#2410,#2411);
#2131=AXIS2_PLACEMENT_3D('',#5368,#2413,#2414);
#2132=AXIS2_PLACEMENT_3D('',#5371,#2416,#2417);
#2133=AXIS2_PLACEMENT_3D('',#5379,#2419,#2420);
#2134=AXIS2_PLACEMENT_3D('',#5380,#2421,#2422);
#2135=AXIS2_PLACEMENT_3D('',#5382,#2423,#2424);
#2136=AXIS2_PLACEMENT_3D('',#5390,#2426,#2427);
#2137=AXIS2_PLACEMENT_3D('',#5391,#2428,#2429);
#2138=AXIS2_PLACEMENT_3D('',#5577,#2430,#2431);
#2139=AXIS2_PLACEMENT_3D('',#5599,#2432,#2433);
#2140=AXIS2_PLACEMENT_3D('',#5911,#2439,#2440);
#2141=AXIS2_PLACEMENT_3D('',#5919,#2445,#2446);
#2142=AXIS2_PLACEMENT_3D('',#5924,#2449,#2450);
#2143=AXIS2_PLACEMENT_3D('',#6006,#2451,#2452);
#2144=AXIS2_PLACEMENT_3D('',#6025,#2453,#2454);
#2145=AXIS2_PLACEMENT_3D('',#6093,#2456,#2457);
#2146=AXIS2_PLACEMENT_3D('',#6094,#2458,#2459);
#2147=AXIS2_PLACEMENT_3D('',#6102,#2463,#2464);
#2148=AXIS2_PLACEMENT_3D('',#6105,#2466,#2467);
#2149=AXIS2_PLACEMENT_3D('',#6107,#2469,#2470);
#2150=AXIS2_PLACEMENT_3D('',#6109,#2472,#2473);
#2151=AXIS2_PLACEMENT_3D('',#6111,#2475,#2476);
#2152=AXIS2_PLACEMENT_3D('',#6113,#2478,#2479);
#2153=AXIS2_PLACEMENT_3D('',#6114,#2480,#2481);
#2154=AXIS2_PLACEMENT_3D('',#6115,#2482,#2483);
#2155=AXIS2_PLACEMENT_3D('',#6180,#2484,#2485);
#2156=AXIS2_PLACEMENT_3D('',#6205,#2486,#2487);
#2157=AXIS2_PLACEMENT_3D('',#6269,#2488,#2489);
#2158=AXIS2_PLACEMENT_3D('',#6297,#2490,#2491);
#2159=AXIS2_PLACEMENT_3D('',#6328,#2492,#2493);
#2160=AXIS2_PLACEMENT_3D('',#6350,#2494,#2495);
#2161=AXIS2_PLACEMENT_3D('',#6414,#2496,#2497);
#2162=AXIS2_PLACEMENT_3D('',#6436,#2498,#2499);
#2163=AXIS2_PLACEMENT_3D('',#6452,#2500,#2501);
#2164=DIRECTION('',(0.,0.,1.));
#2165=DIRECTION('',(1.,0.,0.));
#2166=DIRECTION('',(0.,0.,-1.));
#2167=DIRECTION('',(0.,0.,-1.));
#2168=DIRECTION('',(0.,0.,-1.));
#2169=DIRECTION('',(0.,0.,-1.));
#2170=DIRECTION('',(1.,0.,1.5770213417971E-16));
#2171=DIRECTION('',(1.5770213417971E-16,0.,-1.));
#2172=DIRECTION('',(0.,0.,-1.));
#2173=DIRECTION('',(0.,1.,0.));
#2174=DIRECTION('',(0.,0.,-1.));
#2175=DIRECTION('',(0.,0.,-1.));
#2176=DIRECTION('',(-1.,0.,0.));
#2177=DIRECTION('',(-0.42019507877924,-0.90743379690736,0.));
#2178=DIRECTION('',(0.,0.,-1.));
#2179=DIRECTION('',(-1.,0.,0.));
#2180=DIRECTION('',(-0.42019507877924,-0.90743379690736,0.));
#2181=DIRECTION('',(0.,0.,-1.));
#2182=DIRECTION('',(-1.,0.,0.));
#2183=DIRECTION('',(0.,-1.,0.));
#2184=DIRECTION('',(0.,0.,-1.));
#2185=DIRECTION('',(-1.,0.,0.));
#2186=DIRECTION('',(2.60208521396521E-16,-1.,0.));
#2187=DIRECTION('',(0.,0.,-1.));
#2188=DIRECTION('',(-1.,0.,0.));
#2189=DIRECTION('',(0.,-1.,0.));
#2190=DIRECTION('',(0.,1.,0.));
#2191=DIRECTION('',(-0.42019507877924,-0.90743379690736,0.));
#2192=DIRECTION('',(-0.90743379690736,0.42019507877924,0.));
#2193=DIRECTION('',(0.42019507877924,0.90743379690736,0.));
#2194=DIRECTION('',(0.,0.,1.));
#2195=DIRECTION('',(1.,0.,0.));
#2196=DIRECTION('',(0.42019507877924,0.90743379690736,0.));
#2197=DIRECTION('',(0.,1.,0.));
#2198=DIRECTION('',(0.,1.,0.));
#2199=DIRECTION('',(2.60208521396521E-16,-1.,0.));
#2200=DIRECTION('',(0.,0.,1.));
#2201=DIRECTION('',(1.,0.,0.));
#2202=DIRECTION('',(1.,0.,1.5770213417971E-16));
#2203=DIRECTION('',(1.5770213417971E-16,0.,-1.));
#2204=DIRECTION('',(0.,0.,-1.));
#2205=DIRECTION('',(0.,0.,-1.));
#2206=DIRECTION('',(0.,0.,-1.));
#2207=DIRECTION('',(0.,0.,1.));
#2208=DIRECTION('',(1.,0.,0.));
#2209=DIRECTION('',(0.,0.,1.));
#2210=DIRECTION('',(1.,0.,0.));
#2211=DIRECTION('',(0.42019507877924,0.90743379690736,0.));
#2212=DIRECTION('',(0.42019507877924,0.90743379690736,0.));
#2213=DIRECTION('',(0.,0.,1.));
#2214=DIRECTION('',(1.,0.,0.));
#2215=DIRECTION('',(0.42019507877924,0.90743379690736,0.));
#2216=DIRECTION('',(-0.90743379690736,0.42019507877924,0.));
#2217=DIRECTION('',(-0.42019507877924,-0.90743379690736,0.));
#2218=DIRECTION('',(0.42019507877924,0.90743379690736,0.));
#2219=DIRECTION('',(-0.42019507877924,-0.90743379690736,0.));
#2220=DIRECTION('',(0.90743379690736,-0.42019507877924,0.));
#2221=DIRECTION('',(0.,0.,-1.));
#2222=DIRECTION('',(0.,0.,-1.));
#2223=DIRECTION('',(0.90743379690736,-0.42019507877924,0.));
#2224=DIRECTION('',(0.42019507877924,0.90743379690736,0.));
#2225=DIRECTION('',(-0.42019507877924,-0.90743379690736,0.));
#2226=DIRECTION('',(0.,0.,1.));
#2227=DIRECTION('',(1.,0.,0.));
#2228=DIRECTION('',(0.42019507877924,0.90743379690736,0.));
#2229=DIRECTION('',(0.,0.,-1.));
#2230=DIRECTION('',(1.,0.,-1.5770213417971E-16));
#2231=DIRECTION('',(-1.5770213417971E-16,0.,-1.));
#2232=DIRECTION('',(0.,0.,-1.));
#2233=DIRECTION('',(0.,0.,-1.));
#2234=DIRECTION('',(1.,0.,-1.5770213417971E-16));
#2235=DIRECTION('',(-1.5770213417971E-16,0.,-1.));
#2236=DIRECTION('',(0.,0.,-1.));
#2237=DIRECTION('',(0.,0.,-1.));
#2238=DIRECTION('',(0.,0.,-1.));
#2239=DIRECTION('',(0.,0.,-1.));
#2240=DIRECTION('',(1.,2.60208521396521E-16,0.));
#2241=DIRECTION('',(-2.60208521396521E-16,1.,0.));
#2242=DIRECTION('',(2.60208521396521E-16,-1.,0.));
#2243=DIRECTION('',(0.,0.,-1.));
#2244=DIRECTION('',(0.,0.,-1.));
#2245=DIRECTION('',(2.60208521396521E-16,-1.,0.));
#2246=DIRECTION('',(0.,0.,-1.));
#2247=DIRECTION('',(1.,0.,0.));
#2248=DIRECTION('',(0.,0.,-1.));
#2249=DIRECTION('',(0.,0.,-1.));
#2250=DIRECTION('',(0.,-1.,0.));
#2251=DIRECTION('',(0.,0.,-1.));
#2252=DIRECTION('',(0.,-1.,0.));
#2253=DIRECTION('',(0.,0.,1.));
#2254=DIRECTION('',(0.,0.,1.));
#2255=DIRECTION('',(2.60208521396521E-16,-1.,0.));
#2256=DIRECTION('',(0.,-1.,0.));
#2257=DIRECTION('',(-1.,0.,0.));
#2258=DIRECTION('',(0.,-1.,0.));
#2259=DIRECTION('',(0.,0.,1.));
#2260=DIRECTION('',(1.,0.,0.));
#2261=DIRECTION('',(2.60208521396521E-16,-1.,0.));
#2262=DIRECTION('',(1.,2.60208521396521E-16,0.));
#2263=DIRECTION('',(2.60208521396521E-16,-1.,0.));
#2264=DIRECTION('',(0.,0.,1.));
#2265=DIRECTION('',(1.,0.,0.));
#2266=DIRECTION('',(2.60208521396521E-16,-1.,0.));
#2267=DIRECTION('',(0.,0.,-1.));
#2268=DIRECTION('',(0.,0.,-1.));
#2269=DIRECTION('',(1.,2.60208521396521E-16,0.));
#2270=DIRECTION('',(0.,0.,-1.));
#2271=DIRECTION('',(0.,-1.,0.));
#2272=DIRECTION('',(0.,0.,-1.));
#2273=DIRECTION('',(0.,0.,-1.));
#2274=DIRECTION('',(-1.,0.,0.));
#2275=DIRECTION('',(0.,0.,-1.));
#2276=DIRECTION('',(0.,0.,-1.));
#2277=DIRECTION('',(-1.,0.,0.));
#2278=DIRECTION('',(0.,0.,-1.));
#2279=DIRECTION('',(-1.,0.,0.));
#2280=DIRECTION('',(0.,0.,1.));
#2281=DIRECTION('',(1.,0.,0.));
#2282=DIRECTION('',(1.,0.,0.));
#2283=DIRECTION('',(0.,0.,-1.));
#2284=DIRECTION('',(1.,0.,0.));
#2285=DIRECTION('',(0.,0.,-1.));
#2286=DIRECTION('',(0.,0.,-1.));
#2287=DIRECTION('',(0.,0.,-1.));
#2288=DIRECTION('',(-1.,0.,0.));
#2289=DIRECTION('',(0.,0.,-1.));
#2290=DIRECTION('',(1.,2.60208521396521E-16,0.));
#2291=DIRECTION('',(-2.60208521396521E-16,1.,0.));
#2292=DIRECTION('',(1.,2.60208521396521E-16,0.));
#2293=DIRECTION('',(-2.60208521396521E-16,1.,0.));
#2294=DIRECTION('',(-0.90743379690736,0.42019507877924,0.));
#2295=DIRECTION('',(-0.42019507877924,-0.90743379690736,0.));
#2296=DIRECTION('',(0.42019507877924,0.90743379690736,0.));
#2297=DIRECTION('',(0.,0.,1.));
#2298=DIRECTION('',(-0.90743379690736,0.42019507877924,0.));
#2299=DIRECTION('',(-0.42019507877924,-0.90743379690736,0.));
#2300=DIRECTION('',(0.,0.,-1.));
#2301=DIRECTION('',(0.42019507877924,0.90743379690736,0.));
#2302=DIRECTION('',(0.,0.,-1.));
#2303=DIRECTION('',(-1.,0.,0.));
#2304=DIRECTION('',(0.,0.,1.));
#2305=DIRECTION('',(1.,0.,0.));
#2306=DIRECTION('',(-0.90743379690736,0.42019507877924,0.));
#2307=DIRECTION('',(-0.42019507877924,-0.90743379690736,0.));
#2308=DIRECTION('',(0.,0.,-1.));
#2309=DIRECTION('',(0.,0.,-1.));
#2310=DIRECTION('',(-1.,0.,0.));
#2311=DIRECTION('',(0.,0.,-1.));
#2312=DIRECTION('',(-0.90743379690736,0.42019507877924,0.));
#2313=DIRECTION('',(-0.42019507877924,-0.90743379690736,0.));
#2314=DIRECTION('',(0.42019507877924,0.90743379690736,0.));
#2315=DIRECTION('',(-0.90743379690736,0.42019507877924,0.));
#2316=DIRECTION('',(-0.42019507877924,-0.90743379690736,0.));
#2317=DIRECTION('',(0.90743379690736,-0.42019507877924,0.));
#2318=DIRECTION('',(0.,0.,1.));
#2319=DIRECTION('',(1.,0.,0.));
#2320=DIRECTION('',(0.42019507877924,0.90743379690736,0.));
#2321=DIRECTION('',(-0.90743379690736,0.42019507877924,0.));
#2322=DIRECTION('',(-0.42019507877924,-0.90743379690736,0.));
#2323=DIRECTION('',(0.90743379690736,-0.42019507877924,0.));
#2324=DIRECTION('',(0.,0.,-1.));
#2325=DIRECTION('',(-1.,0.,0.));
#2326=DIRECTION('',(0.,0.,-1.));
#2327=DIRECTION('',(-1.,0.,0.));
#2328=DIRECTION('',(0.,1.,0.));
#2329=DIRECTION('',(0.,0.,1.));
#2330=DIRECTION('',(0.,1.,0.));
#2331=DIRECTION('',(0.,0.,1.));
#2332=DIRECTION('',(0.,1.,0.));
#2333=DIRECTION('',(0.,0.,1.));
#2334=DIRECTION('',(0.,0.,1.));
#2335=DIRECTION('',(1.,0.,0.));
#2336=DIRECTION('',(0.,-1.,0.));
#2337=DIRECTION('',(0.,0.,-1.));
#2338=DIRECTION('',(2.60208521396521E-16,-1.,0.));
#2339=DIRECTION('',(1.,2.60208521396521E-16,0.));
#2340=DIRECTION('',(0.,1.,0.));
#2341=DIRECTION('',(0.,0.,1.));
#2342=DIRECTION('',(0.,0.,-1.));
#2343=DIRECTION('',(-1.,0.,0.));
#2344=DIRECTION('',(0.,0.,-1.));
#2345=DIRECTION('',(-1.,0.,0.));
#2346=DIRECTION('',(0.,0.,1.));
#2347=DIRECTION('',(1.,0.,0.));
#2348=DIRECTION('',(-0.514495755427526,0.,-0.857492925712544));
#2349=DIRECTION('',(-0.857492925712544,0.,0.514495755427527));
#2350=DIRECTION('',(-0.857492925712544,0.,-0.514495755427526));
#2351=DIRECTION('',(-0.514495755427526,0.,0.857492925712545));
#2352=DIRECTION('',(-1.,0.,0.));
#2353=DIRECTION('',(0.,0.,1.));
#2354=DIRECTION('',(0.,0.,-1.));
#2355=DIRECTION('',(-1.,0.,0.));
#2356=DIRECTION('',(-0.514495755427526,-1.33876179784583E-16,0.857492925712544));
#2357=DIRECTION('',(0.857492925712544,0.,0.514495755427527));
#2358=DIRECTION('',(-0.857492925712544,-2.23126966307638E-16,0.514495755427526));
#2359=DIRECTION('',(0.514495755427526,0.,0.857492925712544));
#2360=DIRECTION('',(1.,2.60208521396521E-16,0.));
#2361=DIRECTION('',(-2.60208521396521E-16,1.,0.));
#2362=DIRECTION('',(0.986694729763205,0.162583856078998,0.));
#2363=DIRECTION('',(-0.162583856078998,0.986694729763205,0.));
#2364=DIRECTION('',(0.,0.,-1.));
#2365=DIRECTION('',(-1.,0.,0.));
#2366=DIRECTION('',(0.,1.,0.));
#2367=DIRECTION('',(0.,0.,1.));
#2368=DIRECTION('',(0.,1.,0.));
#2369=DIRECTION('',(0.,0.,1.));
#2370=DIRECTION('',(0.,1.,0.));
#2371=DIRECTION('',(0.,0.,1.));
#2372=DIRECTION('',(0.,0.,-1.));
#2373=DIRECTION('',(-1.,0.,0.));
#2374=DIRECTION('',(0.,-1.,0.));
#2375=DIRECTION('',(0.,0.,-1.));
#2376=DIRECTION('',(2.60208521396521E-16,-1.,0.));
#2377=DIRECTION('',(1.,2.60208521396521E-16,0.));
#2378=DIRECTION('',(0.,-1.,0.));
#2379=DIRECTION('',(0.,0.,-1.));
#2380=DIRECTION('',(0.,0.,-1.));
#2381=DIRECTION('',(-1.,0.,0.));
#2382=DIRECTION('',(0.986694729763204,-0.162583856079,0.));
#2383=DIRECTION('',(0.162583856079,0.986694729763204,0.));
#2384=DIRECTION('',(0.,0.,1.));
#2385=DIRECTION('',(1.,0.,0.));
#2386=DIRECTION('',(0.,0.,-1.));
#2387=DIRECTION('',(0.,0.,-1.));
#2388=DIRECTION('',(0.,0.,-1.));
#2389=DIRECTION('',(0.,0.,-1.));
#2390=DIRECTION('',(0.,0.,-1.));
#2391=DIRECTION('',(-1.,0.,0.));
#2392=DIRECTION('',(0.,1.,0.));
#2393=DIRECTION('',(0.,-1.,0.));
#2394=DIRECTION('',(0.,0.,1.));
#2395=DIRECTION('',(1.,0.,0.));
#2396=DIRECTION('',(2.60208521396521E-16,-1.,0.));
#2397=DIRECTION('',(0.,1.,0.));
#2398=DIRECTION('',(0.,0.,1.));
#2399=DIRECTION('',(1.,0.,0.));
#2400=DIRECTION('',(0.,0.,-1.));
#2401=DIRECTION('',(0.,0.,-1.));
#2402=DIRECTION('',(1.,0.,-1.5770213417971E-16));
#2403=DIRECTION('',(-1.5770213417971E-16,0.,-1.));
#2404=DIRECTION('',(1.,0.,1.5770213417971E-16));
#2405=DIRECTION('',(1.5770213417971E-16,0.,-1.));
#2406=DIRECTION('',(0.,0.,-1.));
#2407=DIRECTION('',(-0.000393856598474587,0.999999922438487,0.));
#2408=DIRECTION('',(0.,0.,-1.));
#2409=DIRECTION('',(0.,0.,-1.));
#2410=DIRECTION('',(0.,0.,-1.));
#2411=DIRECTION('',(-1.,0.,0.));
#2412=DIRECTION('',(0.,0.,-1.));
#2413=DIRECTION('',(0.,0.,1.));
#2414=DIRECTION('',(1.,0.,0.));
#2415=DIRECTION('',(0.,0.,-1.));
#2416=DIRECTION('',(1.,0.,0.));
#2417=DIRECTION('',(0.,0.,-1.));
#2418=DIRECTION('',(0.,-1.,0.));
#2419=DIRECTION('',(0.,0.,-1.));
#2420=DIRECTION('',(-1.,0.,0.));
#2421=DIRECTION('',(0.,0.,1.));
#2422=DIRECTION('',(1.,0.,0.));
#2423=DIRECTION('',(1.,2.60208521396521E-16,0.));
#2424=DIRECTION('',(-2.60208521396521E-16,1.,0.));
#2425=DIRECTION('',(2.60208521396521E-16,-1.,0.));
#2426=DIRECTION('',(0.,0.,1.));
#2427=DIRECTION('',(1.,0.,0.));
#2428=DIRECTION('',(0.,0.,1.));
#2429=DIRECTION('',(1.,0.,0.));
#2430=DIRECTION('',(0.,0.,1.));
#2431=DIRECTION('',(1.,0.,0.));
#2432=DIRECTION('',(0.,0.,1.));
#2433=DIRECTION('',(1.,0.,0.));
#2434=DIRECTION('',(0.,0.,-1.));
#2435=DIRECTION('',(0.,0.,-1.));
#2436=DIRECTION('',(0.,0.,-1.));
#2437=DIRECTION('',(0.,0.,-1.));
#2438=DIRECTION('',(0.,0.,-1.));
#2439=DIRECTION('',(0.,0.,-1.));
#2440=DIRECTION('',(-1.,0.,0.));
#2441=DIRECTION('',(-0.42019507877924,-0.90743379690736,0.));
#2442=DIRECTION('',(0.,1.,0.));
#2443=DIRECTION('',(0.,1.,0.));
#2444=DIRECTION('',(0.42019507877924,0.90743379690736,0.));
#2445=DIRECTION('',(0.,0.,1.));
#2446=DIRECTION('',(1.,0.,0.));
#2447=DIRECTION('',(0.42019507877924,0.90743379690736,0.));
#2448=DIRECTION('',(-0.90743379690736,0.42019507877924,0.));
#2449=DIRECTION('',(0.,0.,1.));
#2450=DIRECTION('',(1.,0.,0.));
#2451=DIRECTION('',(1.,0.,-1.5770213417971E-16));
#2452=DIRECTION('',(-1.5770213417971E-16,0.,-1.));
#2453=DIRECTION('',(1.,0.,1.5770213417971E-16));
#2454=DIRECTION('',(1.5770213417971E-16,0.,-1.));
#2455=DIRECTION('',(0.,0.,-1.));
#2456=DIRECTION('',(0.,0.,1.));
#2457=DIRECTION('',(1.,0.,0.));
#2458=DIRECTION('',(0.,0.,1.));
#2459=DIRECTION('',(1.,0.,0.));
#2460=DIRECTION('',(-0.42019507877924,-0.90743379690736,0.));
#2461=DIRECTION('',(-0.90743379690736,0.42019507877924,0.));
#2462=DIRECTION('',(0.42019507877924,0.90743379690736,0.));
#2463=DIRECTION('',(0.,0.,1.));
#2464=DIRECTION('',(1.,0.,0.));
#2465=DIRECTION('',(0.42019507877924,0.90743379690736,0.));
#2466=DIRECTION('',(-0.90743379690736,0.42019507877924,0.));
#2467=DIRECTION('',(-0.42019507877924,-0.90743379690736,0.));
#2468=DIRECTION('',(0.,0.,-1.));
#2469=DIRECTION('',(0.90743379690736,-0.42019507877924,0.));
#2470=DIRECTION('',(0.42019507877924,0.90743379690736,0.));
#2471=DIRECTION('',(0.,0.,-1.));
#2472=DIRECTION('',(-0.42019507877924,-0.90743379690736,0.));
#2473=DIRECTION('',(0.90743379690736,-0.42019507877924,0.));
#2474=DIRECTION('',(0.,0.,-1.));
#2475=DIRECTION('',(-0.90743379690736,0.42019507877924,0.));
#2476=DIRECTION('',(-0.42019507877924,-0.90743379690736,0.));
#2477=DIRECTION('',(0.,0.,-1.));
#2478=DIRECTION('',(0.,0.,-1.));
#2479=DIRECTION('',(-1.,0.,0.));
#2480=DIRECTION('',(0.,0.,-1.));
#2481=DIRECTION('',(-1.,0.,0.));
#2482=DIRECTION('',(0.,0.,1.));
#2483=DIRECTION('',(1.,0.,0.));
#2484=DIRECTION('',(0.92167184634612,-0.335582359838034,0.194693316316892));
#2485=DIRECTION('',(0.342129289043201,0.939652887814854,0.));
#2486=DIRECTION('',(0.0415316603978396,-0.009292635899475,-0.999093973609409));
#2487=DIRECTION('',(-0.999137113825292,0.,-0.0415334537074209));
#2488=DIRECTION('',(0.0406611132717487,0.009097459418183,0.999131577971409));
#2489=DIRECTION('',(0.999172926485038,0.,-0.0406627960096717));
#2490=DIRECTION('',(0.921677641656262,0.335571031184212,-0.194685407519197));
#2491=DIRECTION('',(-0.342117191844889,0.939657292338099,0.));
#2492=DIRECTION('',(-0.916630154890489,-0.342340439761676,0.206378735457945));
#2493=DIRECTION('',(0.349872428546128,-0.936797354684157,0.));
#2494=DIRECTION('',(-0.0438482337581291,-0.0101631207162013,-0.998986508103888));
#2495=DIRECTION('',(-0.999038104270963,0.,0.0438504984541751));
#2496=DIRECTION('',(-0.044794465162093,0.0103818847959644,0.998942276790269));
#2497=DIRECTION('',(0.998996115905922,0.,0.0447968794100896));
#2498=DIRECTION('',(-0.916630162584047,0.34234042541695,-0.206378725082033));
#2499=DIRECTION('',(-0.349872413103263,-0.936797360451715,0.));
#2500=DIRECTION('',(0.,0.,1.));
#2501=DIRECTION('',(1.,0.,0.));
#2502=CARTESIAN_POINT('',(0.,0.,0.));
#2503=CARTESIAN_POINT('',(-0.0047349661301377,0.0189444466829937,0.0182900019898999));
#2504=CARTESIAN_POINT('',(-0.0047349661301377,0.0189444466829937,0.001));
#2505=CARTESIAN_POINT('',(-0.00597963232290786,0.0187393552725482,0.0182900019898999));
#2506=CARTESIAN_POINT('',(-0.00597963232290786,0.0187393552725482,0.000999999999999997));
#2507=CARTESIAN_POINT('',(-0.00841727684141098,0.0181608561605548,0.0182900019898999));
#2508=CARTESIAN_POINT('',(-0.00841727684141098,0.0181608561605548,0.00100000000000001));
#2509=CARTESIAN_POINT('',(-0.0112465872477578,0.0169652144672307,0.0182900019898999));
#2510=CARTESIAN_POINT('',(-0.0112465872477578,0.0169652144672307,0.000999999999999994));
#2511=CARTESIAN_POINT('',(-0.0133082315661442,0.015648241781231,0.0182900019898999));
#2512=CARTESIAN_POINT('',(-0.0133082315661442,0.015648241781231,0.001));
#2513=CARTESIAN_POINT('',(-0.014736181358747,0.0144338892995038,0.0182900019898999));
#2514=CARTESIAN_POINT('',(-0.014736181358747,0.0144338892995038,0.000999999999999997));
#2515=CARTESIAN_POINT('',(-0.0159440852035615,0.0130075955790426,0.0182900019898999));
#2516=CARTESIAN_POINT('',(-0.0159440852035615,0.0130075955790426,0.00100000000000001));
#2517=CARTESIAN_POINT('',(-0.0171769730649754,0.0109665290964368,0.0182900019898999));
#2518=CARTESIAN_POINT('',(-0.0171769730649754,0.0109665290964368,0.000999999999999997));
#2519=CARTESIAN_POINT('',(-0.0180783642353682,0.00827319051231392,0.0182900019898999));
#2520=CARTESIAN_POINT('',(-0.0180783642353682,0.00827319051231392,0.001));
#2521=CARTESIAN_POINT('',(-0.0183895849082246,0.00510669412267932,0.0182900019898999));
#2522=CARTESIAN_POINT('',(-0.0183895849082246,0.00510669412267932,0.001));
#2523=CARTESIAN_POINT('',(-0.0182137551021195,0.00209720089768242,0.0182900019898999));
#2524=CARTESIAN_POINT('',(-0.0182137551021195,0.00209720089768242,0.001));
#2525=CARTESIAN_POINT('',(-0.0175898270296391,-0.000912843585184105,0.0182900019898999));
#2526=CARTESIAN_POINT('',(-0.0175898270296391,-0.000912843585184105,0.000999999999999997));
#2527=CARTESIAN_POINT('',(-0.0166303272987419,-0.00332207054942853,0.0182900019898999));
#2528=CARTESIAN_POINT('',(-0.0166303272987419,-0.00332207054942853,0.000999999999999997));
#2529=CARTESIAN_POINT('',(-0.0155529662623143,-0.00513491042074962,0.0182900019898999));
#2530=CARTESIAN_POINT('',(-0.0155529662623143,-0.00513491042074962,0.00100000000000001));
#2531=CARTESIAN_POINT('',(-0.0142310438930797,-0.00684416367279631,0.0182900019898998));
#2532=CARTESIAN_POINT('',(-0.0142310438930797,-0.00684416367279631,0.00099999999999999));
#2533=CARTESIAN_POINT('',(-0.0123425542311975,-0.00852539521935498,0.0182900019898999));
#2534=CARTESIAN_POINT('',(-0.0123425542311975,-0.00852539521935498,0.00100000000000001));
#2535=CARTESIAN_POINT('',(-0.0103820279465296,-0.00975504392594082,0.0182900019898999));
#2536=CARTESIAN_POINT('',(-0.0103820279465296,-0.00975504392594082,0.000999999999999994));
#2537=CARTESIAN_POINT('',(-0.00884086517643497,-0.0105642911557051,0.0182900019898999));
#2538=CARTESIAN_POINT('',(-0.00884086517643497,-0.0105642911557051,0.001));
#2539=CARTESIAN_POINT('',(-0.00773623914422479,-0.0110939531569925,0.0182900019898998));
#2540=CARTESIAN_POINT('',(-0.00773623914422479,-0.0110939531569925,0.00099999999999999));
#2541=CARTESIAN_POINT('',(-0.00661819180320856,-0.0115979285779355,0.0182900019898999));
#2542=CARTESIAN_POINT('',(-0.00661819180320856,-0.0115979285779355,0.00100000000000001));
#2543=CARTESIAN_POINT('',(-0.0050406218465085,-0.012236137633978,0.0182900019898998));
#2544=CARTESIAN_POINT('',(-0.0050406218465085,-0.012236137633978,0.00099999999999999));
#2545=CARTESIAN_POINT('',(-0.00333787242183447,-0.0127726165567996,0.0182900019898999));
#2546=CARTESIAN_POINT('',(-0.00333787242183447,-0.0127726165567996,0.001));
#2547=CARTESIAN_POINT('',(-0.00148425767979307,-0.0130940024821689,0.0182900019898999));
#2548=CARTESIAN_POINT('',(-0.00148425767979307,-0.0130940024821689,0.001));
#2549=CARTESIAN_POINT('',(1.95557877048141E-13,-0.0131877487589268,0.0182900019898999));
#2550=CARTESIAN_POINT('',(1.95557877048141E-13,-0.0131877487589268,0.000999999999999997));
#2551=CARTESIAN_POINT('',(0.00148425768015643,-0.0130940024821241,0.0182900019898999));
#2552=CARTESIAN_POINT('',(0.00148425768015643,-0.0130940024821241,0.00100000000000001));
#2553=CARTESIAN_POINT('',(0.00333787242217462,-0.0127726165567122,0.0182900019898999));
#2554=CARTESIAN_POINT('',(0.00333787242217462,-0.0127726165567122,0.001));
#2555=CARTESIAN_POINT('',(0.00504062184682139,-0.0122361376338655,0.0182900019898999));
#2556=CARTESIAN_POINT('',(0.00504062184682139,-0.0122361376338655,0.000999999999999994));
#2557=CARTESIAN_POINT('',(0.00661819180350397,-0.0115979285778081,0.0182900019898999));
#2558=CARTESIAN_POINT('',(0.00661819180350397,-0.0115979285778081,0.00100000000000001));
#2559=CARTESIAN_POINT('',(0.00773623914450033,-0.0110939531568642,0.0182900019898999));
#2560=CARTESIAN_POINT('',(0.00773623914450033,-0.0110939531568642,0.000999999999999997));
#2561=CARTESIAN_POINT('',(0.00884086517672622,-0.0105642911555602,0.0182900019898999));
#2562=CARTESIAN_POINT('',(0.00884086517672622,-0.0105642911555602,0.001));
#2563=CARTESIAN_POINT('',(0.010382027946828,-0.0097550439257692,0.0182900019898999));
#2564=CARTESIAN_POINT('',(0.010382027946828,-0.0097550439257692,0.001));
#2565=CARTESIAN_POINT('',(0.0123425542314953,-0.00852539521913806,0.0182900019898999));
#2566=CARTESIAN_POINT('',(0.0123425542314953,-0.00852539521913806,0.000999999999999994));
#2567=CARTESIAN_POINT('',(0.0142310438933608,-0.00684416367250439,0.0182900019898999));
#2568=CARTESIAN_POINT('',(0.0142310438933608,-0.00684416367250439,0.001));
#2569=CARTESIAN_POINT('',(0.0155529662625445,-0.00513491042040881,0.0182900019898999));
#2570=CARTESIAN_POINT('',(0.0155529662625445,-0.00513491042040881,0.001));
#2571=CARTESIAN_POINT('',(0.0166303272989122,-0.0033220705490699,0.0182900019898999));
#2572=CARTESIAN_POINT('',(0.0166303272989122,-0.0033220705490699,0.001));
#2573=CARTESIAN_POINT('',(0.0175898270297513,-0.000912843584805084,0.0182900019898998));
#2574=CARTESIAN_POINT('',(0.0175898270297513,-0.000912843584805084,0.00099999999999999));
#2575=CARTESIAN_POINT('',(0.0182137551021683,0.00209720089806733,0.0182900019898999));
#2576=CARTESIAN_POINT('',(0.0182137551021683,0.00209720089806733,0.00100000000000001));
#2577=CARTESIAN_POINT('',(0.0183895849082208,0.00510669412307063,0.0182900019898999));
#2578=CARTESIAN_POINT('',(0.0183895849082208,0.00510669412307063,0.000999999999999997));
#2579=CARTESIAN_POINT('',(0.018078364235286,0.00827319051272616,0.0182900019898999));
#2580=CARTESIAN_POINT('',(0.018078364235286,0.00827319051272616,0.001));
#2581=CARTESIAN_POINT('',(0.017176973064795,0.0109665290968443,0.0182900019898999));
#2582=CARTESIAN_POINT('',(0.017176973064795,0.0109665290968443,0.000999999999999997));
#2583=CARTESIAN_POINT('',(0.0159440852032917,0.0130075955794211,0.0182900019898999));
#2584=CARTESIAN_POINT('',(0.0159440852032917,0.0130075955794211,0.001));
#2585=CARTESIAN_POINT('',(0.0147361813584022,0.0144338892998474,0.0182900019898999));
#2586=CARTESIAN_POINT('',(0.0147361813584022,0.0144338892998474,0.001));
#2587=CARTESIAN_POINT('',(0.0133082315657654,0.0156482417815078,0.0182900019898999));
#2588=CARTESIAN_POINT('',(0.0133082315657654,0.0156482417815078,0.000999999999999997));
#2589=CARTESIAN_POINT('',(0.0112465872473391,0.0169652144674427,0.0182900019898999));
#2590=CARTESIAN_POINT('',(0.0112465872473391,0.0169652144674427,0.001));
#2591=CARTESIAN_POINT('',(0.00841727684095981,0.0181608561606991,0.0182900019898999));
#2592=CARTESIAN_POINT('',(0.00841727684095981,0.0181608561606991,0.001));
#2593=CARTESIAN_POINT('',(0.00597963232243797,0.0187393552726483,0.0182900019898999));
#2594=CARTESIAN_POINT('',(0.00597963232243797,0.0187393552726483,0.001));
#2595=CARTESIAN_POINT('',(0.00473496612966146,0.0189444466830722,0.0182900019898999));
#2596=CARTESIAN_POINT('',(0.00473496612966146,0.0189444466830722,0.001));
#2597=CARTESIAN_POINT('',(-0.00505989071968312,-0.012200688807265,0.00914800099494993));
#2598=CARTESIAN_POINT('',(-0.00505989071968312,-0.012200688807265,0.001));
#2599=CARTESIAN_POINT('',(-0.00505989071968312,-0.012200688807265,0.0126));
#2600=CARTESIAN_POINT('',(-0.00505989071968312,-0.012200688807265,0.001));
#2601=CARTESIAN_POINT('',(-0.00396102106591243,-0.0125895371910198,0.001));
#2602=CARTESIAN_POINT('',(-0.00169376761460525,-0.0131974469869181,0.001));
#2603=CARTESIAN_POINT('',(0.00179428233701479,-0.013183523919118,0.001));
#2604=CARTESIAN_POINT('',(0.00518384045890756,-0.0122465818555565,0.001));
#2605=CARTESIAN_POINT('',(0.00830476308372839,-0.0108651616894871,0.001));
#2606=CARTESIAN_POINT('',(0.011357214218013,-0.00924221986724139,0.001));
#2607=CARTESIAN_POINT('',(0.0140937569861879,-0.00709144334058677,0.001));
#2608=CARTESIAN_POINT('',(0.0162068705046733,-0.00429986477324853,0.001));
#2609=CARTESIAN_POINT('',(0.0175596845922179,-0.00108673988488537,0.001));
#2610=CARTESIAN_POINT('',(0.018259868728479,0.00229076788657827,0.001));
#2611=CARTESIAN_POINT('',(0.018393921802595,0.0057653209401493,0.001));
#2612=CARTESIAN_POINT('',(0.0178744427247311,0.00919016646586984,0.001));
#2613=CARTESIAN_POINT('',(0.0164955568909389,0.0124110765939433,0.001));
#2614=CARTESIAN_POINT('',(0.014220058909958,0.0150759607893077,0.001));
#2615=CARTESIAN_POINT('',(0.011282559977763,0.0169862978079361,0.001));
#2616=CARTESIAN_POINT('',(0.00810366795622392,0.0182417308547905,0.001));
#2617=CARTESIAN_POINT('',(0.00587431314411576,0.0187567093561823,0.001));
#2618=CARTESIAN_POINT('',(0.0047349664575684,0.0189444466290409,0.001));
#2619=CARTESIAN_POINT('',(0.0047349664575684,0.0189444466290409,0.001));
#2620=CARTESIAN_POINT('',(0.0047349664575684,0.0189444466290409,0.));
#2621=CARTESIAN_POINT('',(0.00473501913558967,0.0189447009206375,0.00924885139018049));
#2622=CARTESIAN_POINT('',(0.0116365633870076,-0.00893226378782289,0.0161899820937919));
#2623=CARTESIAN_POINT('',(0.0128874531683443,-0.00808096391166819,0.0156643709261933));
#2624=CARTESIAN_POINT('',(0.0151800787982579,-0.00602478936750243,0.014406566531964));
#2625=CARTESIAN_POINT('',(0.0172732657356475,-0.00215510211479928,0.0122636496718981));
#2626=CARTESIAN_POINT('',(0.0181503699321916,0.001487232881914,0.0108214233379667));
#2627=CARTESIAN_POINT('',(0.0183535551701161,0.0045181824351993,0.00991102002983579));
#2628=CARTESIAN_POINT('',(0.0182175429661903,0.00761745922058803,0.00918512664675991));
#2629=CARTESIAN_POINT('',(0.0173369787763525,0.0108730139646293,0.00874182681178251));
#2630=CARTESIAN_POINT('',(0.0154607499447318,0.0137087482254936,0.00869386096296776));
#2631=CARTESIAN_POINT('',(0.0136054121067566,0.0154703565049809,0.00880618903987601));
#2632=CARTESIAN_POINT('',(0.0115390464304737,0.0167874924325147,0.00895624711089537));
#2633=CARTESIAN_POINT('',(0.00857176995030897,0.0181171746710378,0.00913383309133836));
#2634=CARTESIAN_POINT('',(0.0062853323477894,0.0186891230194984,0.00921524777113015));
#2635=CARTESIAN_POINT('',(0.00473507214151787,0.0189449551582027,0.00924935367394117));
#2636=CARTESIAN_POINT('',(0.0116365633870076,-0.00893226378782289,0.0161899820937919));
#2637=CARTESIAN_POINT('',(0.00882572933846796,-0.0105632972713693,0.0171939403040469));
#2638=CARTESIAN_POINT('',(0.00979023978899855,-0.0100799436440122,0.0168990028114628));
#2639=CARTESIAN_POINT('',(0.0107405294994032,-0.00954525323228795,0.0165685197160768));
#2640=CARTESIAN_POINT('',(0.0116365636337596,-0.00893226361907733,0.0161899819895823));
#2641=CARTESIAN_POINT('',(0.00882572933846796,-0.0105632972713693,0.0171939403040469));
#2642=CARTESIAN_POINT('',(0.00502216267702863,-0.0122140007796952,0.018154051039923));
#2643=CARTESIAN_POINT('',(0.00637205542919767,-0.0117353702598346,0.017901179817793));
#2644=CARTESIAN_POINT('',(0.00760663417076891,-0.0111669523816384,0.0175646918872304));
#2645=CARTESIAN_POINT('',(0.00882572958242609,-0.0105632971490276,0.0171939402294173));
#2646=CARTESIAN_POINT('',(0.00502216267702864,-0.0122140007796952,0.018154051039923));
#2647=CARTESIAN_POINT('',(0.00424520993123092,-0.0124703620623263,0.0174348248498613));
#2648=CARTESIAN_POINT('',(0.00425476212840049,-0.0124674163472079,0.017638417822475));
#2649=CARTESIAN_POINT('',(0.00437805247260341,-0.012431125277898,0.0180710439258622));
#2650=CARTESIAN_POINT('',(0.00482017764578227,-0.0122850719629308,0.0181919264913603));
#2651=CARTESIAN_POINT('',(0.00502216344178035,-0.0122140005106429,0.0181540508962355));
#2652=CARTESIAN_POINT('',(0.00424520993123092,-0.0124703620623263,0.0174348248498613));
#2653=CARTESIAN_POINT('',(-0.00424529026873542,-0.0124703373685499,0.0174353470085477));
#2654=CARTESIAN_POINT('',(-0.00419266856682969,-0.0124864961762919,0.0163228508999492));
#2655=CARTESIAN_POINT('',(-0.0040794547707379,-0.012520770698419,0.0146576759064023));
#2656=CARTESIAN_POINT('',(-0.00385554334120921,-0.0125863179748641,0.0124396554316029));
#2657=CARTESIAN_POINT('',(-0.00362772151388957,-0.0126490596804389,0.0107840167795086));
#2658=CARTESIAN_POINT('',(-0.00331987828363994,-0.0127294421819133,0.00914390621735211));
#2659=CARTESIAN_POINT('',(-0.00288220894559543,-0.0128340949859774,0.00751287103610354));
#2660=CARTESIAN_POINT('',(-0.00183033620556626,-0.0130503048292876,0.00610130192548027));
#2661=CARTESIAN_POINT('',(4.43507394996714E-5,-0.0132124117224323,0.00557049334718684));
#2662=CARTESIAN_POINT('',(0.00190048270163004,-0.0130386213030373,0.006138016861945));
#2663=CARTESIAN_POINT('',(0.00292153589755789,-0.0128250970085946,0.00757628555189603));
#2664=CARTESIAN_POINT('',(0.00334419621365129,-0.0127233121212337,0.0091966631579736));
#2665=CARTESIAN_POINT('',(0.00364435400491275,-0.0126445436533242,0.0108240351340166));
#2666=CARTESIAN_POINT('',(0.00386642270096821,-0.0125831894146223,0.0124710297230558));
#2667=CARTESIAN_POINT('',(0.0040841274687664,-0.0125193620706641,0.0146741480970243));
#2668=CARTESIAN_POINT('',(0.00419401683174116,-0.0124860821299774,0.0163293321974522));
#2669=CARTESIAN_POINT('',(0.00424520993143504,-0.0124703620622636,0.0174348248500923));
#2670=CARTESIAN_POINT('',(-0.00424529026873541,-0.0124703373685499,0.0174353470085477));
#2671=CARTESIAN_POINT('',(-0.00502243278616377,-0.0122139057488584,0.0181540002871785));
#2672=CARTESIAN_POINT('',(-0.00482242254319975,-0.0122842901348273,0.0181916232230201));
#2673=CARTESIAN_POINT('',(-0.00437802249651098,-0.0124311640841054,0.0180712588507274));
#2674=CARTESIAN_POINT('',(-0.00425514392745451,-0.0124672992408565,0.0176397104632833));
#2675=CARTESIAN_POINT('',(-0.0042452902689977,-0.0124703373684692,0.0174353470100018));
#2676=CARTESIAN_POINT('',(-0.00502243278616377,-0.0122139057488584,0.0181540002871785));
#2677=CARTESIAN_POINT('',(-0.0088257295819935,-0.0105632971492445,0.0171939402295497));
#2678=CARTESIAN_POINT('',(-0.00760675721215516,-0.0111668913903967,0.0175646535314717));
#2679=CARTESIAN_POINT('',(-0.00637230451115258,-0.0117352596721385,0.0179011167799743));
#2680=CARTESIAN_POINT('',(-0.00502243202120123,-0.012213906017996,0.0181540004309206));
#2681=CARTESIAN_POINT('',(-0.0088257295819935,-0.0105632971492445,0.0171939402295497));
#2682=CARTESIAN_POINT('',(-0.011636563633757,-0.00893226361907909,0.0161899819895837));
#2683=CARTESIAN_POINT('',(-0.0107410226084422,-0.00954493425944236,0.0165683224518052));
#2684=CARTESIAN_POINT('',(-0.00979085246264944,-0.0100796255649783,0.0168988076986557));
#2685=CARTESIAN_POINT('',(-0.00882572933846802,-0.0105632972713693,0.0171939403040469));
#2686=CARTESIAN_POINT('',(-0.011636563633757,-0.00893226361907909,0.0161899819895837));
#2687=CARTESIAN_POINT('',(-0.0047350721360868,0.0189449551980304,0.00924935349349868));
#2688=CARTESIAN_POINT('',(-0.00628533416904449,0.0186891227916165,0.0092152476160303));
#2689=CARTESIAN_POINT('',(-0.00857176718808873,0.0181171756492102,0.00913383263499959));
#2690=CARTESIAN_POINT('',(-0.0115390467046355,0.0167874922720323,0.00895624986073699));
#2691=CARTESIAN_POINT('',(-0.0136054090473993,0.0154703586871282,0.00880618555415444));
#2692=CARTESIAN_POINT('',(-0.0154607495155876,0.013708749398658,0.00869386519139985));
#2693=CARTESIAN_POINT('',(-0.0173369752922389,0.0108730167420352,0.0087418189824099));
#2694=CARTESIAN_POINT('',(-0.0182175406444985,0.0076174887623142,0.00918521100723914));
#2695=CARTESIAN_POINT('',(-0.0183535556010608,0.00451818778239506,0.00991103888143931));
#2696=CARTESIAN_POINT('',(-0.0181503693243058,0.00148719434508116,0.01082128118948));
#2697=CARTESIAN_POINT('',(-0.0172732643109791,-0.0021550877376712,0.0122636864275767));
#2698=CARTESIAN_POINT('',(-0.0151800939702831,-0.00602479110812218,0.0144065968562966));
#2699=CARTESIAN_POINT('',(-0.0128874106065273,-0.00808099413712061,0.0156642585060487));
#2700=CARTESIAN_POINT('',(-0.0116365636867512,-0.00893226358283811,0.0161899819672025));
#2701=CARTESIAN_POINT('',(-0.00473501913311225,0.018944700940512,0.00924885149244764));
#2702=CARTESIAN_POINT('',(-0.0047349664575684,0.0189444466290409,0.00924834948393281));
#2703=CARTESIAN_POINT('',(-0.0047349664575684,0.0189444466290409,0.001));
#2704=CARTESIAN_POINT('',(-0.0047349664575684,0.0189444466290409,0.001));
#2705=CARTESIAN_POINT('',(-0.00622256375626634,0.0186993259267411,0.001));
#2706=CARTESIAN_POINT('',(-0.00839402645802971,0.0181553570485056,0.001));
#2707=CARTESIAN_POINT('',(-0.0111292488105068,0.0169909048332694,0.001));
#2708=CARTESIAN_POINT('',(-0.0130953852646696,0.0158260340048154,0.001));
#2709=CARTESIAN_POINT('',(-0.014821743039095,0.0143801237576051,0.001));
#2710=CARTESIAN_POINT('',(-0.0167357510046133,0.0120038693566416,0.001));
#2711=CARTESIAN_POINT('',(-0.0181553866478688,0.00846223273049365,0.001));
#2712=CARTESIAN_POINT('',(-0.0184565376823306,0.00390770354202245,0.001));
#2713=CARTESIAN_POINT('',(-0.0177922411657204,-0.000543782918061463,0.001));
#2714=CARTESIAN_POINT('',(-0.0160556778525883,-0.00477304246859512,0.001));
#2715=CARTESIAN_POINT('',(-0.0140076990973701,-0.00707474996162525,0.001));
#2716=CARTESIAN_POINT('',(-0.0128306852342989,-0.00803948246069115,0.001));
#2717=CARTESIAN_POINT('',(-0.0128306852342989,-0.00803948246069115,0.001));
#2718=CARTESIAN_POINT('',(-0.0128306852342989,-0.00803948246069115,0.00914800099494993));
#2719=CARTESIAN_POINT('',(-0.0128306852342989,-0.00803948246069115,0.0126));
#2720=CARTESIAN_POINT('',(-0.0128306852342989,-0.00803948246069115,0.0126));
#2721=CARTESIAN_POINT('',(-0.0128306852342989,-0.00803948246069115,0.0128144171710516));
#2722=CARTESIAN_POINT('',(-0.0126779691203851,-0.0081648822647681,0.013));
#2723=CARTESIAN_POINT('',(-0.0125088698479584,-0.00829644368542389,0.013));
#2724=CARTESIAN_POINT('',(-0.0125088698479584,-0.00829644368542388,0.013));
#2725=CARTESIAN_POINT('',(-0.0125088698479584,-0.00829644368542386,0.013));
#2726=CARTESIAN_POINT('',(-0.0123082141826156,-0.00845255638783997,0.013));
#2727=CARTESIAN_POINT('',(-0.0121046095064187,-0.00860354325327391,0.013));
#2728=CARTESIAN_POINT('',(-0.0118983469349527,-0.00874991028563851,0.013));
#2729=CARTESIAN_POINT('',(-0.0118983469349527,-0.00874991028563851,0.013));
#2730=CARTESIAN_POINT('',(-0.0118983469349527,-0.00874991028563851,0.013));
#2731=CARTESIAN_POINT('',(-0.0109609379729442,-0.00941510982671834,0.013));
#2732=CARTESIAN_POINT('',(-0.0100098987313552,-0.00995769287612349,0.013));
#2733=CARTESIAN_POINT('',(-0.00908876780336331,-0.0104299380101717,0.013));
#2734=CARTESIAN_POINT('',(-0.00908876780336331,-0.0104299380101717,0.013));
#2735=CARTESIAN_POINT('',(-0.00908876780336331,-0.0104299380101717,0.013));
#2736=CARTESIAN_POINT('',(-0.00816868657612171,-0.0109016449839471,0.013));
#2737=CARTESIAN_POINT('',(-0.00730713054778885,-0.0113029709481363,0.013));
#2738=CARTESIAN_POINT('',(-0.00636835330578225,-0.0116945980933931,0.013));
#2739=CARTESIAN_POINT('',(-0.00636835330578224,-0.0116945980933931,0.013));
#2740=CARTESIAN_POINT('',(-0.00636835330578223,-0.0116945980933931,0.013));
#2741=CARTESIAN_POINT('',(-0.00635097998963517,-0.0117018456723734,0.013));
#2742=CARTESIAN_POINT('',(-0.00633358771101461,-0.0117090819001437,0.013));
#2743=CARTESIAN_POINT('',(-0.00631617642062388,-0.0117163064491369,0.013));
#2744=CARTESIAN_POINT('',(-0.00631617642062387,-0.0117163064491369,0.013));
#2745=CARTESIAN_POINT('',(-0.00631617642062388,-0.0117163064491369,0.013));
#2746=CARTESIAN_POINT('',(-0.00602516149147636,-0.0118370586487847,0.013));
#2747=CARTESIAN_POINT('',(-0.00573229105924306,-0.0119531284361887,0.013));
#2748=CARTESIAN_POINT('',(-0.00543713189074994,-0.0120634225357117,0.013));
#2749=CARTESIAN_POINT('',(-0.00543713189074994,-0.0120634225357117,0.013));
#2750=CARTESIAN_POINT('',(-0.00543713189074994,-0.0120634225357117,0.013));
#2751=CARTESIAN_POINT('',(-0.00523886679006542,-0.012137509581215,0.013));
#2752=CARTESIAN_POINT('',(-0.00505989071968311,-0.012200688807265,0.0128116750326122));
#2753=CARTESIAN_POINT('',(-0.00505989071968311,-0.012200688807265,0.0126));
#2754=CARTESIAN_POINT('',(-0.0112,-0.0117585000000012,0.011));
#2755=CARTESIAN_POINT('',(-0.0112,-0.0117565,0.0215));
#2756=CARTESIAN_POINT('',(-0.0112,-0.0070065,0.01925));
#2757=CARTESIAN_POINT('',(-0.0112,-0.00115889457878654,0.0135899341359451));
#2758=CARTESIAN_POINT('',(-0.0112,0.0110892249190886,0.0103028365843795));
#2759=CARTESIAN_POINT('',(-0.0112,0.014576,0.01125));
#2760=CARTESIAN_POINT('',(-0.0112,0.017926,0.0117));
#2761=CARTESIAN_POINT('',(-0.0112,-0.00570280101883706,0.0178728594262041));
#2762=CARTESIAN_POINT('',(-0.0112,-0.00505107648985899,0.0174199485078078));
#2763=CARTESIAN_POINT('',(-0.0112000000000018,-0.0050510764898573,0.0174199485078066));
#2764=CARTESIAN_POINT('',(-0.0112000000000018,-0.0048364538668724,0.0172704299374481));
#2765=CARTESIAN_POINT('',(-0.0111999999999991,-0.00446980588592469,0.0169003661808711));
#2766=CARTESIAN_POINT('',(-0.0112,-0.00425934978634115,0.0164034912883551));
#2767=CARTESIAN_POINT('',(-0.0112,-0.00425934978634363,0.0161400730259866));
#2768=CARTESIAN_POINT('',(-0.0112000000000076,-0.00425934978633592,0.0161400730259891));
#2769=CARTESIAN_POINT('',(-0.0112000000000076,-0.00425934978633592,0.0209346230573846));
#2770=CARTESIAN_POINT('',(-0.0112000000000076,-0.00425934978633592,0.));
#2771=CARTESIAN_POINT('',(-0.0112,-0.0117585000000012,0.));
#2772=CARTESIAN_POINT('',(-0.0112,-0.00752809463345772,0.));
#2773=CARTESIAN_POINT('',(-0.0112,-0.00752809463712462,0.022));
#2774=CARTESIAN_POINT('',(-0.0112,-0.00752809463712462,0.0173576212699108));
#2775=CARTESIAN_POINT('',(-0.0112,-0.00752809463712462,0.0173576212699108));
#2776=CARTESIAN_POINT('',(-0.0112,-0.00752809463712462,0.0175560910542268));
#2777=CARTESIAN_POINT('',(-0.0112,-0.00738726944201146,0.0179533558253011));
#2778=CARTESIAN_POINT('',(-0.0112,-0.00681798073846386,0.0182223423872797));
#2779=CARTESIAN_POINT('',(-0.0112,-0.00622172776659533,0.0181593289613028));
#2780=CARTESIAN_POINT('',(-0.0112,-0.00586504911842545,0.0179851673700151));
#2781=CARTESIAN_POINT('',(-0.0112,-0.00570280101883707,0.0178728594262041));
#2782=CARTESIAN_POINT('',(-0.00985,-0.0117585000000012,0.));
#2783=CARTESIAN_POINT('',(0.0045723826014894,0.0179577518992777,0.));
#2784=CARTESIAN_POINT('',(0.0056415031674565,0.0177815862231217,0.));
#2785=CARTESIAN_POINT('',(0.00773515823830289,0.0173015284000403,1.90485858861058E-18));
#2786=CARTESIAN_POINT('',(0.0107223036425951,0.0161394845015185,1.13925058175861E-18));
#2787=CARTESIAN_POINT('',(0.0134958697741544,0.014370214787439,1.34439472625062E-18));
#2788=CARTESIAN_POINT('',(0.0156437185866671,0.0118762358718207,1.28942615513455E-18));
#2789=CARTESIAN_POINT('',(0.016924503651673,0.00884467605636414,1.30415629510683E-18));
#2790=CARTESIAN_POINT('',(0.017391412967598,0.00562636181270341,1.30020430633378E-18));
#2791=CARTESIAN_POINT('',(0.0172548196446492,0.00236728282834984,1.3012821214537E-18));
#2792=CARTESIAN_POINT('',(0.0165930011771324,-0.000802580640466729,1.30092284974706E-18));
#2793=CARTESIAN_POINT('',(0.0153220250493692,-0.00381853059148523,1.3012821214537E-18));
#2794=CARTESIAN_POINT('',(0.0133282933391178,-0.00643201856688332,1.30020430633378E-18));
#2795=CARTESIAN_POINT('',(0.0107465043348452,-0.00843603189140417,1.30415629510683E-18));
#2796=CARTESIAN_POINT('',(0.00788088261215121,-0.0099545977026035,1.28942615513455E-18));
#2797=CARTESIAN_POINT('',(0.00495339918364661,-0.0112570821768185,1.34439472625062E-18));
#2798=CARTESIAN_POINT('',(0.0017827454557176,-0.0121629222610934,1.13925058175861E-18));
#2799=CARTESIAN_POINT('',(-0.00146074483392774,-0.0122126492867426,1.90485858861058E-18));
#2800=CARTESIAN_POINT('',(-0.00360287058579293,-0.0116500603612572,0.));
#2801=CARTESIAN_POINT('',(-0.00463776152118862,-0.0112890781751554,0.));
#2802=CARTESIAN_POINT('',(0.0045723826014894,0.0179577518992777,0.));
#2803=CARTESIAN_POINT('',(-0.00463776152118862,-0.0112890781751554,0.));
#2804=CARTESIAN_POINT('',(-0.00538221616054636,-0.0128967678748546,0.));
#2805=CARTESIAN_POINT('',(-0.00660826668750381,-0.0155444897094594,0.));
#2806=CARTESIAN_POINT('',(-0.0106009753938962,-0.0136956313628307,0.));
#2807=CARTESIAN_POINT('',(-0.0145936841002886,-0.011846773016202,0.));
#2808=CARTESIAN_POINT('',(-0.0142080237308896,-0.011013918775412,0.));
#2809=CARTESIAN_POINT('',(-0.0123956920780726,-0.00710009142229544,0.));
#2810=CARTESIAN_POINT('',(-0.0123956920780726,-0.00710009142229544,0.));
#2811=CARTESIAN_POINT('',(-0.0134735180719867,-0.00618438026089765,0.));
#2812=CARTESIAN_POINT('',(-0.0153198674014616,-0.00401443909019081,1.90487997475789E-18));
#2813=CARTESIAN_POINT('',(-0.0168706118541865,-5.22126449631977E-5,1.13917573024301E-18));
#2814=CARTESIAN_POINT('',(-0.0174481521177063,0.00408769347348293,1.3446727461657E-18));
#2815=CARTESIAN_POINT('',(-0.0171461973505666,0.00832035773064359,1.2883889269898E-18));
#2816=CARTESIAN_POINT('',(-0.0158016798543084,0.0116053999362399,1.30475414430723E-18));
#2817=CARTESIAN_POINT('',(-0.013990665643672,0.0137909639946774,1.29689257579685E-18));
#2818=CARTESIAN_POINT('',(-0.0123642776865155,0.0151101992875305,1.31589658652861E-18));
#2819=CARTESIAN_POINT('',(-0.0105245813051718,0.0161695937230198,1.24577671998434E-18));
#2820=CARTESIAN_POINT('',(-0.00797545908489059,0.0172298223776562,1.59441066057808E-18));
#2821=CARTESIAN_POINT('',(-0.00595488867624853,0.0177299477346189,0.));
#2822=CARTESIAN_POINT('',(-0.0045723826014894,0.0179577518992777,0.));
#2823=CARTESIAN_POINT('',(-0.0045723826014894,0.0179577518992777,0.));
#2824=CARTESIAN_POINT('',(-0.0048,0.0193391245209462,0.));
#2825=CARTESIAN_POINT('',(-0.0034,0.0193391245209462,0.));
#2826=CARTESIAN_POINT('',(-0.0034,0.0227672390880041,0.));
#2827=CARTESIAN_POINT('',(-0.0034,0.0227672390880041,0.));
#2828=CARTESIAN_POINT('',(4.33680868994202E-19,0.0227672390880041,0.));
#2829=CARTESIAN_POINT('',(0.0034,0.0227672390880041,0.));
#2830=CARTESIAN_POINT('',(0.0034,-0.0117585000000012,0.));
#2831=CARTESIAN_POINT('',(0.0034,0.0193391245209462,0.));
#2832=CARTESIAN_POINT('',(0.0048,0.0193391245209462,0.));
#2833=CARTESIAN_POINT('',(-0.003,0.0202672408454612,0.));
#2834=CARTESIAN_POINT('',(-0.003,0.0227672390880041,0.));
#2835=CARTESIAN_POINT('',(-0.003,0.0177672408631605,0.));
#2836=CARTESIAN_POINT('',(0.00393822493619097,0.0177455895979403,0.));
#2837=CARTESIAN_POINT('',(1.0842021724855E-18,0.0180162052010298,0.));
#2838=CARTESIAN_POINT('',(-0.00393822493619097,0.0177455895979403,0.));
#2839=CARTESIAN_POINT('',(-0.0070703773951023,0.0170654865162215,0.));
#2840=CARTESIAN_POINT('',(-0.00940296973816677,0.0162260271340434,0.));
#2841=CARTESIAN_POINT('',(-0.0110441815717505,0.0154361473784104,0.));
#2842=CARTESIAN_POINT('',(-0.0123019815297926,0.0146283659097557,0.));
#2843=CARTESIAN_POINT('',(-0.0132241786083646,0.0138809019151017,0.));
#2844=CARTESIAN_POINT('',(-0.0138705721994578,0.0132626767621054,0.));
#2845=CARTESIAN_POINT('',(-0.0144507944296437,0.0126001992161842,0.));
#2846=CARTESIAN_POINT('',(-0.0151321768429665,0.0116720042650132,0.));
#2847=CARTESIAN_POINT('',(-0.0158144019867437,0.0104423738634676,0.));
#2848=CARTESIAN_POINT('',(-0.0163829595051468,0.0089065654145266,0.));
#2849=CARTESIAN_POINT('',(-0.0167350493848075,0.00734724279081228,0.));
#2850=CARTESIAN_POINT('',(-0.01690559655622,0.00578886818344128,0.));
#2851=CARTESIAN_POINT('',(-0.01692274116333,0.00450572069090667,0.));
#2852=CARTESIAN_POINT('',(-0.0168757036233251,0.00349439037893858,0.));
#2853=CARTESIAN_POINT('',(-0.0167885112713142,0.0024815477988343,0.));
#2854=CARTESIAN_POINT('',(-0.0166026276150444,0.00122185612794249,0.));
#2855=CARTESIAN_POINT('',(-0.0162512265527756,-0.000266636179534451,0.));
#2856=CARTESIAN_POINT('',(-0.0157640590807939,-0.00171615322799474,0.));
#2857=CARTESIAN_POINT('',(-0.0151307405055408,-0.0031105586156053,0.));
#2858=CARTESIAN_POINT('',(-0.0144728292504667,-0.0042080921364305,0.));
#2859=CARTESIAN_POINT('',(-0.0138580935520099,-0.00503910833351401,0.));
#2860=CARTESIAN_POINT('',(-0.0131967399113893,-0.00581722801915938,0.));
#2861=CARTESIAN_POINT('',(-0.0123065626462012,-0.00668307084916042,0.));
#2862=CARTESIAN_POINT('',(-0.011171244277247,-0.00757397441398507,0.));
#2863=CARTESIAN_POINT('',(-0.00999935243109201,-0.00834020409101042,0.));
#2864=CARTESIAN_POINT('',(-0.00881561377751418,-0.00900581629973155,0.));
#2865=CARTESIAN_POINT('',(-0.00783429834629444,-0.00949595263148904,0.));
#2866=CARTESIAN_POINT('',(-0.00706810320771216,-0.00985683791979282,0.));
#2867=CARTESIAN_POINT('',(-0.00629223571260415,-0.0102097567251686,0.));
#2868=CARTESIAN_POINT('',(-0.00529654299496859,-0.0106305818966563,0.));
#2869=CARTESIAN_POINT('',(-0.00405677436863108,-0.011078779764561,0.));
#2870=CARTESIAN_POINT('',(-0.00276504716640049,-0.0114432777016192,0.));
#2871=CARTESIAN_POINT('',(-0.00164000725120193,-0.0116507879439482,0.));
#2872=CARTESIAN_POINT('',(-0.000712218415227807,-0.0117404607680789,0.));
#2873=CARTESIAN_POINT('',(-9.44105341310326E-18,-0.0117645196159606,0.));
#2874=CARTESIAN_POINT('',(0.000712218415227787,-0.0117404607680788,0.));
#2875=CARTESIAN_POINT('',(0.00164000725120192,-0.0116507879439482,0.));
#2876=CARTESIAN_POINT('',(0.00276504716640047,-0.0114432777016192,0.));
#2877=CARTESIAN_POINT('',(0.00405677436863107,-0.011078779764561,0.));
#2878=CARTESIAN_POINT('',(0.00529654299496858,-0.0106305818966563,0.));
#2879=CARTESIAN_POINT('',(0.00629223571260414,-0.0102097567251686,0.));
#2880=CARTESIAN_POINT('',(0.00706810320771215,-0.00985683791979282,0.));
#2881=CARTESIAN_POINT('',(0.00783429834629443,-0.00949595263148905,0.));
#2882=CARTESIAN_POINT('',(0.00881561377751416,-0.00900581629973156,0.));
#2883=CARTESIAN_POINT('',(0.00999935243109199,-0.00834020409101043,0.));
#2884=CARTESIAN_POINT('',(0.011171244277247,-0.00757397441398508,0.));
#2885=CARTESIAN_POINT('',(0.0123065626462012,-0.00668307084916043,0.));
#2886=CARTESIAN_POINT('',(0.0131967399113892,-0.00581722801915939,0.));
#2887=CARTESIAN_POINT('',(0.0138580935520099,-0.00503910833351402,0.));
#2888=CARTESIAN_POINT('',(0.0144728292504667,-0.00420809213643051,0.));
#2889=CARTESIAN_POINT('',(0.0151307405055408,-0.00311055861560531,0.));
#2890=CARTESIAN_POINT('',(0.0157640590807939,-0.00171615322799476,0.));
#2891=CARTESIAN_POINT('',(0.0162512265527756,-0.000266636179534462,0.));
#2892=CARTESIAN_POINT('',(0.0166026276150444,0.00122185612794248,0.));
#2893=CARTESIAN_POINT('',(0.0167885112713142,0.0024815477988343,0.));
#2894=CARTESIAN_POINT('',(0.0168757036233251,0.00349439037893857,0.));
#2895=CARTESIAN_POINT('',(0.01692274116333,0.00450572069090666,0.));
#2896=CARTESIAN_POINT('',(0.01690559655622,0.00578886818344128,0.));
#2897=CARTESIAN_POINT('',(0.0167350493848075,0.00734724279081228,0.));
#2898=CARTESIAN_POINT('',(0.0163829595051467,0.00890656541452659,0.));
#2899=CARTESIAN_POINT('',(0.0158144019867437,0.0104423738634676,0.));
#2900=CARTESIAN_POINT('',(0.0151321768429665,0.0116720042650132,0.));
#2901=CARTESIAN_POINT('',(0.0144507944296437,0.0126001992161842,0.));
#2902=CARTESIAN_POINT('',(0.0138705721994578,0.0132626767621054,0.));
#2903=CARTESIAN_POINT('',(0.0132241786083646,0.0138809019151017,0.));
#2904=CARTESIAN_POINT('',(0.0123019815297926,0.0146283659097557,0.));
#2905=CARTESIAN_POINT('',(0.0110441815717505,0.0154361473784104,0.));
#2906=CARTESIAN_POINT('',(0.00940296973816677,0.0162260271340434,0.));
#2907=CARTESIAN_POINT('',(0.00707037739510231,0.0170654865162215,0.));
#2908=CARTESIAN_POINT('',(0.00393822493619097,0.0177455895979403,0.));
#2909=CARTESIAN_POINT('',(1.0842021724855E-18,0.0180162052010298,0.));
#2910=CARTESIAN_POINT('',(-0.00393822493619097,0.0177455895979403,0.));
#2911=CARTESIAN_POINT('',(-0.0112000000000076,-0.00425934978633592,0.));
#2912=CARTESIAN_POINT('',(-0.0104059038895727,-0.00506141784342014,0.));
#2913=CARTESIAN_POINT('',(-0.00948167432895509,-0.00572629649210993,0.));
#2914=CARTESIAN_POINT('',(-0.00850000000000412,-0.0063062731051614,0.));
#2915=CARTESIAN_POINT('',(-0.00850000000000412,-0.0063062731051614,0.));
#2916=CARTESIAN_POINT('',(-0.0085,-0.0117585000000012,0.));
#2917=CARTESIAN_POINT('',(-0.0085,-0.00915846237829389,0.));
#2918=CARTESIAN_POINT('',(-0.00916482732754913,-0.0105941926297722,0.));
#2919=CARTESIAN_POINT('',(-0.00982965465509825,-0.0120299228812506,0.));
#2920=CARTESIAN_POINT('',(-0.0111908053504593,-0.0113996302630817,0.));
#2921=CARTESIAN_POINT('',(-0.0125519560458203,-0.0107693376449128,0.));
#2922=CARTESIAN_POINT('',(-0.0129376164152193,-0.0116021918857029,0.));
#2923=CARTESIAN_POINT('',(-0.0133232767846183,-0.012435046126493,0.));
#2924=CARTESIAN_POINT('',(-0.0106009753938962,-0.0136956313628307,0.));
#2925=CARTESIAN_POINT('',(-0.00787867400317412,-0.0149562165991684,0.));
#2926=CARTESIAN_POINT('',(-0.00665262347621667,-0.0123084947645636,0.));
#2927=CARTESIAN_POINT('',(-0.00577962374593981,-0.0104232050504487,0.));
#2928=CARTESIAN_POINT('',(0.00393822493619097,0.0177455895979403,0.));
#2929=CARTESIAN_POINT('',(1.0842021724855E-18,0.0180162052010298,0.));
#2930=CARTESIAN_POINT('',(-0.00393822493619097,0.0177455895979403,0.));
#2931=CARTESIAN_POINT('',(-0.0070703773951023,0.0170654865162215,0.));
#2932=CARTESIAN_POINT('',(-0.00940296973816677,0.0162260271340434,0.));
#2933=CARTESIAN_POINT('',(-0.0110441815717505,0.0154361473784104,0.));
#2934=CARTESIAN_POINT('',(-0.0123019815297926,0.0146283659097557,0.));
#2935=CARTESIAN_POINT('',(-0.0132241786083646,0.0138809019151017,0.));
#2936=CARTESIAN_POINT('',(-0.0138705721994578,0.0132626767621054,0.));
#2937=CARTESIAN_POINT('',(-0.0144507944296437,0.0126001992161842,0.));
#2938=CARTESIAN_POINT('',(-0.0151321768429665,0.0116720042650132,0.));
#2939=CARTESIAN_POINT('',(-0.0158144019867437,0.0104423738634676,0.));
#2940=CARTESIAN_POINT('',(-0.0163829595051468,0.0089065654145266,0.));
#2941=CARTESIAN_POINT('',(-0.0167350493848075,0.00734724279081228,0.));
#2942=CARTESIAN_POINT('',(-0.01690559655622,0.00578886818344128,0.));
#2943=CARTESIAN_POINT('',(-0.01692274116333,0.00450572069090667,0.));
#2944=CARTESIAN_POINT('',(-0.0168757036233251,0.00349439037893858,0.));
#2945=CARTESIAN_POINT('',(-0.0167885112713142,0.0024815477988343,0.));
#2946=CARTESIAN_POINT('',(-0.0166026276150444,0.00122185612794249,0.));
#2947=CARTESIAN_POINT('',(-0.0162512265527756,-0.000266636179534451,0.));
#2948=CARTESIAN_POINT('',(-0.0157640590807939,-0.00171615322799474,0.));
#2949=CARTESIAN_POINT('',(-0.0151307405055408,-0.0031105586156053,0.));
#2950=CARTESIAN_POINT('',(-0.0144728292504667,-0.0042080921364305,0.));
#2951=CARTESIAN_POINT('',(-0.0138580935520099,-0.00503910833351401,0.));
#2952=CARTESIAN_POINT('',(-0.0131967399113893,-0.00581722801915938,0.));
#2953=CARTESIAN_POINT('',(-0.0123065626462012,-0.00668307084916042,0.));
#2954=CARTESIAN_POINT('',(-0.011171244277247,-0.00757397441398507,0.));
#2955=CARTESIAN_POINT('',(-0.00999935243109201,-0.00834020409101042,0.));
#2956=CARTESIAN_POINT('',(-0.00881561377751418,-0.00900581629973155,0.));
#2957=CARTESIAN_POINT('',(-0.00783429834629444,-0.00949595263148904,0.));
#2958=CARTESIAN_POINT('',(-0.00706810320771216,-0.00985683791979282,0.));
#2959=CARTESIAN_POINT('',(-0.00629223571260415,-0.0102097567251686,0.));
#2960=CARTESIAN_POINT('',(-0.00529654299496859,-0.0106305818966563,0.));
#2961=CARTESIAN_POINT('',(-0.00405677436863108,-0.011078779764561,0.));
#2962=CARTESIAN_POINT('',(-0.00276504716640049,-0.0114432777016192,0.));
#2963=CARTESIAN_POINT('',(-0.00164000725120193,-0.0116507879439482,0.));
#2964=CARTESIAN_POINT('',(-0.000712218415227807,-0.0117404607680789,0.));
#2965=CARTESIAN_POINT('',(-9.44105341310326E-18,-0.0117645196159606,0.));
#2966=CARTESIAN_POINT('',(0.000712218415227787,-0.0117404607680788,0.));
#2967=CARTESIAN_POINT('',(0.00164000725120192,-0.0116507879439482,0.));
#2968=CARTESIAN_POINT('',(0.00276504716640047,-0.0114432777016192,0.));
#2969=CARTESIAN_POINT('',(0.00405677436863107,-0.011078779764561,0.));
#2970=CARTESIAN_POINT('',(0.00529654299496858,-0.0106305818966563,0.));
#2971=CARTESIAN_POINT('',(0.00629223571260414,-0.0102097567251686,0.));
#2972=CARTESIAN_POINT('',(0.00706810320771215,-0.00985683791979282,0.));
#2973=CARTESIAN_POINT('',(0.00783429834629443,-0.00949595263148905,0.));
#2974=CARTESIAN_POINT('',(0.00881561377751416,-0.00900581629973156,0.));
#2975=CARTESIAN_POINT('',(0.00999935243109199,-0.00834020409101043,0.));
#2976=CARTESIAN_POINT('',(0.011171244277247,-0.00757397441398508,0.));
#2977=CARTESIAN_POINT('',(0.0123065626462012,-0.00668307084916043,0.));
#2978=CARTESIAN_POINT('',(0.0131967399113892,-0.00581722801915939,0.));
#2979=CARTESIAN_POINT('',(0.0138580935520099,-0.00503910833351402,0.));
#2980=CARTESIAN_POINT('',(0.0144728292504667,-0.00420809213643051,0.));
#2981=CARTESIAN_POINT('',(0.0151307405055408,-0.00311055861560531,0.));
#2982=CARTESIAN_POINT('',(0.0157640590807939,-0.00171615322799476,0.));
#2983=CARTESIAN_POINT('',(0.0162512265527756,-0.000266636179534462,0.));
#2984=CARTESIAN_POINT('',(0.0166026276150444,0.00122185612794248,0.));
#2985=CARTESIAN_POINT('',(0.0167885112713142,0.0024815477988343,0.));
#2986=CARTESIAN_POINT('',(0.0168757036233251,0.00349439037893857,0.));
#2987=CARTESIAN_POINT('',(0.01692274116333,0.00450572069090666,0.));
#2988=CARTESIAN_POINT('',(0.01690559655622,0.00578886818344128,0.));
#2989=CARTESIAN_POINT('',(0.0167350493848075,0.00734724279081228,0.));
#2990=CARTESIAN_POINT('',(0.0163829595051467,0.00890656541452659,0.));
#2991=CARTESIAN_POINT('',(0.0158144019867437,0.0104423738634676,0.));
#2992=CARTESIAN_POINT('',(0.0151321768429665,0.0116720042650132,0.));
#2993=CARTESIAN_POINT('',(0.0144507944296437,0.0126001992161842,0.));
#2994=CARTESIAN_POINT('',(0.0138705721994578,0.0132626767621054,0.));
#2995=CARTESIAN_POINT('',(0.0132241786083646,0.0138809019151017,0.));
#2996=CARTESIAN_POINT('',(0.0123019815297926,0.0146283659097557,0.));
#2997=CARTESIAN_POINT('',(0.0110441815717505,0.0154361473784104,0.));
#2998=CARTESIAN_POINT('',(0.00940296973816677,0.0162260271340434,0.));
#2999=CARTESIAN_POINT('',(0.00707037739510231,0.0170654865162215,0.));
#3000=CARTESIAN_POINT('',(0.00393822493619097,0.0177455895979403,0.));
#3001=CARTESIAN_POINT('',(1.0842021724855E-18,0.0180162052010298,0.));
#3002=CARTESIAN_POINT('',(-0.00393822493619097,0.0177455895979403,0.));
#3003=CARTESIAN_POINT('',(0.00850000000174021,-0.00915846237513773,0.));
#3004=CARTESIAN_POINT('',(0.0085,-0.0117584999999991,0.));
#3005=CARTESIAN_POINT('',(0.00850000000000262,-0.00630627310516228,0.));
#3006=CARTESIAN_POINT('',(0.00850000000000262,-0.00630627310516228,0.));
#3007=CARTESIAN_POINT('',(0.00948167432819024,-0.00572629649256192,0.));
#3008=CARTESIAN_POINT('',(0.0104059038881339,-0.00506141784445531,0.));
#3009=CARTESIAN_POINT('',(0.0111999999981538,-0.00425934978820834,0.));
#3010=CARTESIAN_POINT('',(0.0111999999981538,-0.00425934978820834,0.));
#3011=CARTESIAN_POINT('',(0.0112,-0.0117584999999991,0.));
#3012=CARTESIAN_POINT('',(0.0112,-0.00752809463712461,0.));
#3013=CARTESIAN_POINT('',(0.00393822493619097,0.0177455895979403,0.));
#3014=CARTESIAN_POINT('',(1.0842021724855E-18,0.0180162052010298,0.));
#3015=CARTESIAN_POINT('',(-0.00393822493619097,0.0177455895979403,0.));
#3016=CARTESIAN_POINT('',(-0.0070703773951023,0.0170654865162215,0.));
#3017=CARTESIAN_POINT('',(-0.00940296973816677,0.0162260271340434,0.));
#3018=CARTESIAN_POINT('',(-0.0110441815717505,0.0154361473784104,0.));
#3019=CARTESIAN_POINT('',(-0.0123019815297926,0.0146283659097557,0.));
#3020=CARTESIAN_POINT('',(-0.0132241786083646,0.0138809019151017,0.));
#3021=CARTESIAN_POINT('',(-0.0138705721994578,0.0132626767621054,0.));
#3022=CARTESIAN_POINT('',(-0.0144507944296437,0.0126001992161842,0.));
#3023=CARTESIAN_POINT('',(-0.0151321768429665,0.0116720042650132,0.));
#3024=CARTESIAN_POINT('',(-0.0158144019867437,0.0104423738634676,0.));
#3025=CARTESIAN_POINT('',(-0.0163829595051468,0.0089065654145266,0.));
#3026=CARTESIAN_POINT('',(-0.0167350493848075,0.00734724279081228,0.));
#3027=CARTESIAN_POINT('',(-0.01690559655622,0.00578886818344128,0.));
#3028=CARTESIAN_POINT('',(-0.01692274116333,0.00450572069090667,0.));
#3029=CARTESIAN_POINT('',(-0.0168757036233251,0.00349439037893858,0.));
#3030=CARTESIAN_POINT('',(-0.0167885112713142,0.0024815477988343,0.));
#3031=CARTESIAN_POINT('',(-0.0166026276150444,0.00122185612794249,0.));
#3032=CARTESIAN_POINT('',(-0.0162512265527756,-0.000266636179534451,0.));
#3033=CARTESIAN_POINT('',(-0.0157640590807939,-0.00171615322799474,0.));
#3034=CARTESIAN_POINT('',(-0.0151307405055408,-0.0031105586156053,0.));
#3035=CARTESIAN_POINT('',(-0.0144728292504667,-0.0042080921364305,0.));
#3036=CARTESIAN_POINT('',(-0.0138580935520099,-0.00503910833351401,0.));
#3037=CARTESIAN_POINT('',(-0.0131967399113893,-0.00581722801915938,0.));
#3038=CARTESIAN_POINT('',(-0.0123065626462012,-0.00668307084916042,0.));
#3039=CARTESIAN_POINT('',(-0.011171244277247,-0.00757397441398507,0.));
#3040=CARTESIAN_POINT('',(-0.00999935243109201,-0.00834020409101042,0.));
#3041=CARTESIAN_POINT('',(-0.00881561377751418,-0.00900581629973155,0.));
#3042=CARTESIAN_POINT('',(-0.00783429834629444,-0.00949595263148904,0.));
#3043=CARTESIAN_POINT('',(-0.00706810320771216,-0.00985683791979282,0.));
#3044=CARTESIAN_POINT('',(-0.00629223571260415,-0.0102097567251686,0.));
#3045=CARTESIAN_POINT('',(-0.00529654299496859,-0.0106305818966563,0.));
#3046=CARTESIAN_POINT('',(-0.00405677436863108,-0.011078779764561,0.));
#3047=CARTESIAN_POINT('',(-0.00276504716640049,-0.0114432777016192,0.));
#3048=CARTESIAN_POINT('',(-0.00164000725120193,-0.0116507879439482,0.));
#3049=CARTESIAN_POINT('',(-0.000712218415227807,-0.0117404607680789,0.));
#3050=CARTESIAN_POINT('',(-9.44105341310326E-18,-0.0117645196159606,0.));
#3051=CARTESIAN_POINT('',(0.000712218415227787,-0.0117404607680788,0.));
#3052=CARTESIAN_POINT('',(0.00164000725120192,-0.0116507879439482,0.));
#3053=CARTESIAN_POINT('',(0.00276504716640047,-0.0114432777016192,0.));
#3054=CARTESIAN_POINT('',(0.00405677436863107,-0.011078779764561,0.));
#3055=CARTESIAN_POINT('',(0.00529654299496858,-0.0106305818966563,0.));
#3056=CARTESIAN_POINT('',(0.00629223571260414,-0.0102097567251686,0.));
#3057=CARTESIAN_POINT('',(0.00706810320771215,-0.00985683791979282,0.));
#3058=CARTESIAN_POINT('',(0.00783429834629443,-0.00949595263148905,0.));
#3059=CARTESIAN_POINT('',(0.00881561377751416,-0.00900581629973156,0.));
#3060=CARTESIAN_POINT('',(0.00999935243109199,-0.00834020409101043,0.));
#3061=CARTESIAN_POINT('',(0.011171244277247,-0.00757397441398508,0.));
#3062=CARTESIAN_POINT('',(0.0123065626462012,-0.00668307084916043,0.));
#3063=CARTESIAN_POINT('',(0.0131967399113892,-0.00581722801915939,0.));
#3064=CARTESIAN_POINT('',(0.0138580935520099,-0.00503910833351402,0.));
#3065=CARTESIAN_POINT('',(0.0144728292504667,-0.00420809213643051,0.));
#3066=CARTESIAN_POINT('',(0.0151307405055408,-0.00311055861560531,0.));
#3067=CARTESIAN_POINT('',(0.0157640590807939,-0.00171615322799476,0.));
#3068=CARTESIAN_POINT('',(0.0162512265527756,-0.000266636179534462,0.));
#3069=CARTESIAN_POINT('',(0.0166026276150444,0.00122185612794248,0.));
#3070=CARTESIAN_POINT('',(0.0167885112713142,0.0024815477988343,0.));
#3071=CARTESIAN_POINT('',(0.0168757036233251,0.00349439037893857,0.));
#3072=CARTESIAN_POINT('',(0.01692274116333,0.00450572069090666,0.));
#3073=CARTESIAN_POINT('',(0.01690559655622,0.00578886818344128,0.));
#3074=CARTESIAN_POINT('',(0.0167350493848075,0.00734724279081228,0.));
#3075=CARTESIAN_POINT('',(0.0163829595051467,0.00890656541452659,0.));
#3076=CARTESIAN_POINT('',(0.0158144019867437,0.0104423738634676,0.));
#3077=CARTESIAN_POINT('',(0.0151321768429665,0.0116720042650132,0.));
#3078=CARTESIAN_POINT('',(0.0144507944296437,0.0126001992161842,0.));
#3079=CARTESIAN_POINT('',(0.0138705721994578,0.0132626767621054,0.));
#3080=CARTESIAN_POINT('',(0.0132241786083646,0.0138809019151017,0.));
#3081=CARTESIAN_POINT('',(0.0123019815297926,0.0146283659097557,0.));
#3082=CARTESIAN_POINT('',(0.0110441815717505,0.0154361473784104,0.));
#3083=CARTESIAN_POINT('',(0.00940296973816677,0.0162260271340434,0.));
#3084=CARTESIAN_POINT('',(0.00707037739510231,0.0170654865162215,0.));
#3085=CARTESIAN_POINT('',(0.00393822493619097,0.0177455895979403,0.));
#3086=CARTESIAN_POINT('',(1.0842021724855E-18,0.0180162052010298,0.));
#3087=CARTESIAN_POINT('',(-0.00393822493619097,0.0177455895979403,0.));
#3088=CARTESIAN_POINT('',(0.00299999999976926,0.0177672390858457,0.));
#3089=CARTESIAN_POINT('',(0.003,0.0202672390880041,0.));
#3090=CARTESIAN_POINT('',(0.003,0.0227672390880041,0.));
#3091=CARTESIAN_POINT('',(4.33680868994202E-19,0.0227672390880041,0.));
#3092=CARTESIAN_POINT('',(-0.0085,-0.0117585000000012,0.011));
#3093=CARTESIAN_POINT('',(-0.00850000000000412,-0.0063062731051614,0.0209346230573846));
#3094=CARTESIAN_POINT('',(-0.00850000000000412,-0.0063062731051614,0.0176640746217497));
#3095=CARTESIAN_POINT('',(-0.00850000000000412,-0.0063062731051614,0.0176640746217497));
#3096=CARTESIAN_POINT('',(-0.00850000000000412,-0.0063062731051614,0.0180835797071954));
#3097=CARTESIAN_POINT('',(-0.0085,-0.00656441008318957,0.0184650865405514));
#3098=CARTESIAN_POINT('',(-0.0085,-0.00691175581483135,0.0186974371005427));
#3099=CARTESIAN_POINT('',(-0.0085,-0.00691175581483722,0.0186974371005466));
#3100=CARTESIAN_POINT('',(-0.0085,-0.0117565,0.0215));
#3101=CARTESIAN_POINT('',(-0.0085,-0.0070065,0.01925));
#3102=CARTESIAN_POINT('',(-0.0085,-0.00115889457878654,0.0135899341359451));
#3103=CARTESIAN_POINT('',(-0.0085,0.0110892249190886,0.0103028365843795));
#3104=CARTESIAN_POINT('',(-0.0085,0.014576,0.01125));
#3105=CARTESIAN_POINT('',(-0.0085,0.017926,0.0117));
#3106=CARTESIAN_POINT('',(-0.0085,-0.00748179688273358,0.0190741728121786));
#3107=CARTESIAN_POINT('',(-0.00850000000000178,-0.00748179688273358,0.0190741728121786));
#3108=CARTESIAN_POINT('',(-0.00850000000000178,-0.00779560201060485,0.0192788787654248));
#3109=CARTESIAN_POINT('',(-0.00849999999999959,-0.00839573423972235,0.0194012029527153));
#3110=CARTESIAN_POINT('',(-0.00850000000000008,-0.00904342030114785,0.0189548581365907));
#3111=CARTESIAN_POINT('',(-0.0085,-0.00915846237603399,0.0185812929088033));
#3112=CARTESIAN_POINT('',(-0.0085,-0.00915846237603399,0.0183930589907336));
#3113=CARTESIAN_POINT('',(-0.0085,-0.00915846237603399,0.0183930589907336));
#3114=CARTESIAN_POINT('',(-0.0085,-0.00915846237603399,0.022));
#3115=CARTESIAN_POINT('',(-0.0085,-0.00915846237829389,0.013));
#3116=CARTESIAN_POINT('',(-0.0085,-0.00915846237829389,0.013002));
#3117=CARTESIAN_POINT('',(-0.0112000000000019,-0.00749692742514661,0.0190840393489794));
#3118=CARTESIAN_POINT('',(-0.00849999999999999,-0.00749692742514661,0.0190840393489794));
#3119=CARTESIAN_POINT('',(-0.0112000000000019,-0.006646021386871,0.0185293735656548));
#3120=CARTESIAN_POINT('',(-0.00849999999999999,-0.006646021386871,0.0185293735656548));
#3121=CARTESIAN_POINT('',(-0.0112000000000019,-0.00583451918098242,0.0179657619051407));
#3122=CARTESIAN_POINT('',(-0.00849999999999999,-0.00583451918098242,0.0179657619051407));
#3123=CARTESIAN_POINT('',(-0.0112000000000019,-0.00503688790422136,0.0174100637169444));
#3124=CARTESIAN_POINT('',(-0.00849999999999999,-0.00503688790422136,0.0174100637169444));
#3125=CARTESIAN_POINT('',(-0.0085,-0.00691175581483135,0.0186974371005427));
#3126=CARTESIAN_POINT('',(-0.00945319953912121,-0.00633996595932475,0.0183149487581333));
#3127=CARTESIAN_POINT('',(-0.0103866642983139,-0.00574791922746437,0.0179054095856867));
#3128=CARTESIAN_POINT('',(-0.0112000000000019,-0.00505107648985733,0.0174199485078066));
#3129=CARTESIAN_POINT('',(-0.0112,-0.00570280101883706,0.0178728594262041));
#3130=CARTESIAN_POINT('',(-0.0103763140222079,-0.00636806286538499,0.0183333528943745));
#3131=CARTESIAN_POINT('',(-0.00946437656954452,-0.00695149862944304,0.0187282408951922));
#3132=CARTESIAN_POINT('',(-0.00850000000000178,-0.00748179688273359,0.0190741728121786));
#3133=CARTESIAN_POINT('',(-0.0112000000000076,-0.00425934978633592,0.0177700590694802));
#3134=CARTESIAN_POINT('',(-0.0112000000000076,-0.00425934978633592,3.46944695195361E-18));
#3135=CARTESIAN_POINT('',(-0.0104059038895727,-0.00506141784342014,0.0177700590694802));
#3136=CARTESIAN_POINT('',(-0.0104059038895727,-0.00506141784342014,3.46944695195361E-18));
#3137=CARTESIAN_POINT('',(-0.00948167432895509,-0.00572629649210993,0.0177700590694802));
#3138=CARTESIAN_POINT('',(-0.00948167432895509,-0.00572629649210993,3.46944695195361E-18));
#3139=CARTESIAN_POINT('',(-0.00850000000000412,-0.0063062731051614,0.0177700590694802));
#3140=CARTESIAN_POINT('',(-0.00850000000000412,-0.0063062731051614,3.46944695195361E-18));
#3141=CARTESIAN_POINT('',(-0.0112000000000076,-0.00425934978633592,0.0161400730259891));
#3142=CARTESIAN_POINT('',(-0.0104323498429709,-0.00503470227393216,0.0167319707422411));
#3143=CARTESIAN_POINT('',(-0.00950484746556822,-0.00571260352393094,0.0172414173736211));
#3144=CARTESIAN_POINT('',(-0.00850000000000412,-0.0063062731051614,0.0176640746217497));
#3145=CARTESIAN_POINT('',(-0.0053004876969481,0.0045358038625867,0.013));
#3146=CARTESIAN_POINT('',(-0.0106009753938962,-0.0136956313628307,0.013));
#3147=CARTESIAN_POINT('',(-0.0142307105815256,-0.0120148510477137,0.013));
#3148=CARTESIAN_POINT('',(-0.00697124020626676,-0.0153764116779476,0.013));
#3149=CARTESIAN_POINT('',(-0.00542286423844606,-0.0120326107757533,0.013));
#3150=CARTESIAN_POINT('',(-0.00665262347621667,-0.0123084947645636,0.013));
#3151=CARTESIAN_POINT('',(-0.00787867400317412,-0.0149562165991684,0.013));
#3152=CARTESIAN_POINT('',(-0.0106009753938962,-0.0136956313628307,0.013));
#3153=CARTESIAN_POINT('',(-0.0133232767846183,-0.012435046126493,0.013));
#3154=CARTESIAN_POINT('',(-0.0129376164152193,-0.0116021918857029,0.013));
#3155=CARTESIAN_POINT('',(-0.0125519560458203,-0.0107693376449128,0.013));
#3156=CARTESIAN_POINT('',(-0.0111908053504593,-0.0113996302630817,0.013));
#3157=CARTESIAN_POINT('',(-0.00982965465509825,-0.0120299228812506,0.013));
#3158=CARTESIAN_POINT('',(-0.00916482732754913,-0.0105941926297722,0.013));
#3159=CARTESIAN_POINT('',(-0.00634320382546092,0.00501864259667185,0.013));
#3160=CARTESIAN_POINT('',(-0.0111908053504593,-0.0113996302630817,0.013002));
#3161=CARTESIAN_POINT('',(-0.00982965465509825,-0.0120299228812506,0.013002));
#3162=CARTESIAN_POINT('',(-0.0125519560458203,-0.0107693376449128,0.013002));
#3163=CARTESIAN_POINT('',(-0.00916482732754913,-0.0105941926297722,0.013002));
#3164=CARTESIAN_POINT('',(-0.00916482732754913,-0.0105941926297722,0.013));
#3165=CARTESIAN_POINT('',(-0.0119280108884351,-0.00437491275574403,0.0169492125596316));
#3166=CARTESIAN_POINT('',(-0.011420906551568,-0.00403622554951002,0.0167139814700266));
#3167=CARTESIAN_POINT('',(-0.011217381367712,-0.00424179392673539,0.0161278785443607));
#3168=CARTESIAN_POINT('',(-0.0118058561333741,-0.00449772322529402,0.0170345090811282));
#3169=CARTESIAN_POINT('',(-0.0112989145444214,-0.00415944223684516,0.0167992113798731));
#3170=CARTESIAN_POINT('',(-0.0110952266126482,-0.00436517499581529,0.0162135713690944));
#3171=CARTESIAN_POINT('',(-0.0115561657498395,-0.00473950746352421,0.0172028110346489));
#3172=CARTESIAN_POINT('',(-0.0110828694481996,-0.00438880012699004,0.0169584179830182));
#3173=CARTESIAN_POINT('',(-0.0108811803050042,-0.00457256051460375,0.0163823791046221));
#3174=CARTESIAN_POINT('',(-0.0110306151582898,-0.0052040885393671,0.0175266492553905));
#3175=CARTESIAN_POINT('',(-0.0105886458941028,-0.00484316401519552,0.0172751238674008));
#3176=CARTESIAN_POINT('',(-0.0103922562847772,-0.00500566196628716,0.0167062114414137));
#3177=CARTESIAN_POINT('',(-0.0100491198640342,-0.00597640246300381,0.018063770878711));
#3178=CARTESIAN_POINT('',(-0.0096737305509348,-0.00559002081622357,0.0177967660555976));
#3179=CARTESIAN_POINT('',(-0.00948690331057162,-0.00571434597404777,0.0172409531986163));
#3180=CARTESIAN_POINT('',(-0.00910864667053241,-0.00654661741110736,0.0184533165402336));
#3181=CARTESIAN_POINT('',(-0.00876470835993765,-0.00614988248404291,0.0181840466275526));
#3182=CARTESIAN_POINT('',(-0.00859998475273639,-0.00624720176496611,0.0176258452833978));
#3183=CARTESIAN_POINT('',(-0.00847755053528593,-0.00692522303872845,0.0187064433636214));
#3184=CARTESIAN_POINT('',(-0.00813351697526906,-0.00652279255276052,0.0184373877999534));
#3185=CARTESIAN_POINT('',(-0.00796888861750172,-0.00662005555998631,0.0178751265670383));
#3186=CARTESIAN_POINT('',(-0.00795678319937104,-0.00777252922142031,0.0192624509427412));
#3187=CARTESIAN_POINT('',(-0.008834236475201,-0.00898787965269803,0.0200436161215876));
#3188=CARTESIAN_POINT('',(-0.00841174987755995,-0.00920373085682255,0.0184212310590314));
#3189=CARTESIAN_POINT('',(-0.00912718428600452,-0.00716215854054558,0.018870135845945));
#3190=CARTESIAN_POINT('',(-0.0100809226800376,-0.0083274546316212,0.0196444598634532));
#3191=CARTESIAN_POINT('',(-0.00962139753726265,-0.0085857138466473,0.0180368892689569));
#3192=CARTESIAN_POINT('',(-0.0102435653884151,-0.00647778560024214,0.018409427909709));
#3193=CARTESIAN_POINT('',(-0.0112730441188738,-0.00757417784267886,0.0191598611881616));
#3194=CARTESIAN_POINT('',(-0.0107996105457703,-0.00787821505552003,0.0175838220820536));
#3195=CARTESIAN_POINT('',(-0.0112173338373803,-0.0056887786128985,0.0178631520087571));
#3196=CARTESIAN_POINT('',(-0.0123440401732021,-0.00663468820547878,0.0185180608032223));
#3197=CARTESIAN_POINT('',(-0.0118444807579371,-0.00703691795751088,0.0170409794680263));
#3198=CARTESIAN_POINT('',(-0.0085,-0.00915846237603399,0.0183930589907336));
#3199=CARTESIAN_POINT('',(-0.00944778286420942,-0.00867032647066401,0.0180890632554182));
#3200=CARTESIAN_POINT('',(-0.010358732299652,-0.00813567310383763,0.017748743365286));
#3201=CARTESIAN_POINT('',(-0.0112,-0.00752809463712462,0.0173576212699108));
#3202=CARTESIAN_POINT('',(-2.62521486031157E-18,0.00183248590445855,0.013));
#3203=CARTESIAN_POINT('',(-0.00665262347621667,-0.0123084947645636,0.013));
#3204=CARTESIAN_POINT('',(-0.00577962374561552,-0.0104232050497483,0.013));
#3205=CARTESIAN_POINT('',(0.00393822493619097,0.0177455895979403,0.013));
#3206=CARTESIAN_POINT('',(1.0842021724855E-18,0.0180162052010298,0.013));
#3207=CARTESIAN_POINT('',(-0.00393822493619097,0.0177455895979403,0.013));
#3208=CARTESIAN_POINT('',(-0.0070703773951023,0.0170654865162215,0.013));
#3209=CARTESIAN_POINT('',(-0.00940296973816677,0.0162260271340434,0.013));
#3210=CARTESIAN_POINT('',(-0.0110441815717505,0.0154361473784104,0.013));
#3211=CARTESIAN_POINT('',(-0.0123019815297926,0.0146283659097557,0.013));
#3212=CARTESIAN_POINT('',(-0.0132241786083646,0.0138809019151017,0.013));
#3213=CARTESIAN_POINT('',(-0.0138705721994578,0.0132626767621054,0.013));
#3214=CARTESIAN_POINT('',(-0.0144507944296437,0.0126001992161842,0.013));
#3215=CARTESIAN_POINT('',(-0.0151321768429665,0.0116720042650132,0.013));
#3216=CARTESIAN_POINT('',(-0.0158144019867437,0.0104423738634676,0.013));
#3217=CARTESIAN_POINT('',(-0.0163829595051468,0.0089065654145266,0.013));
#3218=CARTESIAN_POINT('',(-0.0167350493848075,0.00734724279081228,0.013));
#3219=CARTESIAN_POINT('',(-0.01690559655622,0.00578886818344128,0.013));
#3220=CARTESIAN_POINT('',(-0.01692274116333,0.00450572069090667,0.013));
#3221=CARTESIAN_POINT('',(-0.0168757036233251,0.00349439037893858,0.013));
#3222=CARTESIAN_POINT('',(-0.0167885112713142,0.0024815477988343,0.013));
#3223=CARTESIAN_POINT('',(-0.0166026276150444,0.00122185612794249,0.013));
#3224=CARTESIAN_POINT('',(-0.0162512265527756,-0.000266636179534451,0.013));
#3225=CARTESIAN_POINT('',(-0.0157640590807939,-0.00171615322799474,0.013));
#3226=CARTESIAN_POINT('',(-0.0151307405055408,-0.0031105586156053,0.013));
#3227=CARTESIAN_POINT('',(-0.0144728292504667,-0.0042080921364305,0.013));
#3228=CARTESIAN_POINT('',(-0.0138580935520099,-0.00503910833351401,0.013));
#3229=CARTESIAN_POINT('',(-0.0131967399113893,-0.00581722801915938,0.013));
#3230=CARTESIAN_POINT('',(-0.0123065626462012,-0.00668307084916042,0.013));
#3231=CARTESIAN_POINT('',(-0.011171244277247,-0.00757397441398507,0.013));
#3232=CARTESIAN_POINT('',(-0.00999935243109201,-0.00834020409101042,0.013));
#3233=CARTESIAN_POINT('',(-0.00881561377751418,-0.00900581629973155,0.013));
#3234=CARTESIAN_POINT('',(-0.00783429834629444,-0.00949595263148904,0.013));
#3235=CARTESIAN_POINT('',(-0.00706810320771216,-0.00985683791979282,0.013));
#3236=CARTESIAN_POINT('',(-0.00629223571260415,-0.0102097567251686,0.013));
#3237=CARTESIAN_POINT('',(-0.00529654299496859,-0.0106305818966563,0.013));
#3238=CARTESIAN_POINT('',(-0.00405677436863108,-0.011078779764561,0.013));
#3239=CARTESIAN_POINT('',(-0.00276504716640049,-0.0114432777016192,0.013));
#3240=CARTESIAN_POINT('',(-0.00164000725120193,-0.0116507879439482,0.013));
#3241=CARTESIAN_POINT('',(-0.000712218415227807,-0.0117404607680789,0.013));
#3242=CARTESIAN_POINT('',(-9.44105341310326E-18,-0.0117645196159606,0.013));
#3243=CARTESIAN_POINT('',(0.000712218415227787,-0.0117404607680788,0.013));
#3244=CARTESIAN_POINT('',(0.00164000725120192,-0.0116507879439482,0.013));
#3245=CARTESIAN_POINT('',(0.00276504716640047,-0.0114432777016192,0.013));
#3246=CARTESIAN_POINT('',(0.00405677436863107,-0.011078779764561,0.013));
#3247=CARTESIAN_POINT('',(0.00529654299496858,-0.0106305818966563,0.013));
#3248=CARTESIAN_POINT('',(0.00629223571260414,-0.0102097567251686,0.013));
#3249=CARTESIAN_POINT('',(0.00706810320771215,-0.00985683791979282,0.013));
#3250=CARTESIAN_POINT('',(0.00783429834629443,-0.00949595263148905,0.013));
#3251=CARTESIAN_POINT('',(0.00881561377751416,-0.00900581629973156,0.013));
#3252=CARTESIAN_POINT('',(0.00999935243109199,-0.00834020409101043,0.013));
#3253=CARTESIAN_POINT('',(0.011171244277247,-0.00757397441398508,0.013));
#3254=CARTESIAN_POINT('',(0.0123065626462012,-0.00668307084916043,0.013));
#3255=CARTESIAN_POINT('',(0.0131967399113892,-0.00581722801915939,0.013));
#3256=CARTESIAN_POINT('',(0.0138580935520099,-0.00503910833351402,0.013));
#3257=CARTESIAN_POINT('',(0.0144728292504667,-0.00420809213643051,0.013));
#3258=CARTESIAN_POINT('',(0.0151307405055408,-0.00311055861560531,0.013));
#3259=CARTESIAN_POINT('',(0.0157640590807939,-0.00171615322799476,0.013));
#3260=CARTESIAN_POINT('',(0.0162512265527756,-0.000266636179534462,0.013));
#3261=CARTESIAN_POINT('',(0.0166026276150444,0.00122185612794248,0.013));
#3262=CARTESIAN_POINT('',(0.0167885112713142,0.0024815477988343,0.013));
#3263=CARTESIAN_POINT('',(0.0168757036233251,0.00349439037893857,0.013));
#3264=CARTESIAN_POINT('',(0.01692274116333,0.00450572069090666,0.013));
#3265=CARTESIAN_POINT('',(0.01690559655622,0.00578886818344128,0.013));
#3266=CARTESIAN_POINT('',(0.0167350493848075,0.00734724279081228,0.013));
#3267=CARTESIAN_POINT('',(0.0163829595051467,0.00890656541452659,0.013));
#3268=CARTESIAN_POINT('',(0.0158144019867437,0.0104423738634676,0.013));
#3269=CARTESIAN_POINT('',(0.0151321768429665,0.0116720042650132,0.013));
#3270=CARTESIAN_POINT('',(0.0144507944296437,0.0126001992161842,0.013));
#3271=CARTESIAN_POINT('',(0.0138705721994578,0.0132626767621054,0.013));
#3272=CARTESIAN_POINT('',(0.0132241786083646,0.0138809019151017,0.013));
#3273=CARTESIAN_POINT('',(0.0123019815297926,0.0146283659097557,0.013));
#3274=CARTESIAN_POINT('',(0.0110441815717505,0.0154361473784104,0.013));
#3275=CARTESIAN_POINT('',(0.00940296973816677,0.0162260271340434,0.013));
#3276=CARTESIAN_POINT('',(0.00707037739510231,0.0170654865162215,0.013));
#3277=CARTESIAN_POINT('',(0.00393822493619097,0.0177455895979403,0.013));
#3278=CARTESIAN_POINT('',(1.0842021724855E-18,0.0180162052010298,0.013));
#3279=CARTESIAN_POINT('',(-0.00393822493619097,0.0177455895979403,0.013));
#3280=CARTESIAN_POINT('',(-0.0029999996280294,0.0177672391234027,0.0174617669975303));
#3281=CARTESIAN_POINT('',(-0.0029999996280294,0.0177672391234027,0.));
#3282=CARTESIAN_POINT('',(-0.00473553790790395,0.0175817049072708,0.0174617669975303));
#3283=CARTESIAN_POINT('',(-0.00473553790790395,0.0175817049072708,-6.93889390390723E-18));
#3284=CARTESIAN_POINT('',(-0.00727587499035083,0.0170630855119504,0.0174617669975303));
#3285=CARTESIAN_POINT('',(-0.00727587499035083,0.0170630855119504,-3.46944695195361E-18));
#3286=CARTESIAN_POINT('',(-0.010337350553773,0.0158335507300248,0.0174617669975303));
#3287=CARTESIAN_POINT('',(-0.010337350553773,0.0158335507300248,6.93889390390723E-18));
#3288=CARTESIAN_POINT('',(-0.0124136682760393,0.0146140648591387,0.0174617669975303));
#3289=CARTESIAN_POINT('',(-0.0124136682760393,0.0146140648591387,-6.93889390390723E-18));
#3290=CARTESIAN_POINT('',(-0.0142161017751746,0.0130065785409524,0.0174617669975303));
#3291=CARTESIAN_POINT('',(-0.0142161017751746,0.0130065785409524,0.));
#3292=CARTESIAN_POINT('',(-0.0159689820298278,0.010458743360231,0.0174617669975303));
#3293=CARTESIAN_POINT('',(-0.0159689820298278,0.010458743360231,-3.46944695195361E-18));
#3294=CARTESIAN_POINT('',(-0.0169661019685994,0.00693856150103556,0.0174617669975303));
#3295=CARTESIAN_POINT('',(-0.0169661019685994,0.00693856150103556,3.46944695195361E-18));
#3296=CARTESIAN_POINT('',(-0.0169532944707846,0.00282902099261895,0.0174617669975303));
#3297=CARTESIAN_POINT('',(-0.0169532944707846,0.00282902099261895,-3.46944695195361E-18));
#3298=CARTESIAN_POINT('',(-0.016257110361905,-0.000533720694486325,0.0174617669975303));
#3299=CARTESIAN_POINT('',(-0.016257110361905,-0.000533720694486325,0.));
#3300=CARTESIAN_POINT('',(-0.0151882189457364,-0.00304985812997899,0.0174617669975303));
#3301=CARTESIAN_POINT('',(-0.0151882189457364,-0.00304985812997899,0.));
#3302=CARTESIAN_POINT('',(-0.0140982600060311,-0.0048155318589864,0.0174617669975303));
#3303=CARTESIAN_POINT('',(-0.0140982600060311,-0.0048155318589864,-3.46944695195361E-18));
#3304=CARTESIAN_POINT('',(-0.0127199152493697,-0.00634141384373001,0.0174617669975303));
#3305=CARTESIAN_POINT('',(-0.0127199152493697,-0.00634141384373001,3.46944695195361E-18));
#3306=CARTESIAN_POINT('',(-0.0117147633625254,-0.00715632339904199,0.0174617669975303));
#3307=CARTESIAN_POINT('',(-0.0117147633625254,-0.00715632339904199,0.));
#3308=CARTESIAN_POINT('',(-0.0111999999998803,-0.00752809463721106,0.0174617669975303));
#3309=CARTESIAN_POINT('',(-0.0111999999998803,-0.00752809463721106,0.));
#3310=CARTESIAN_POINT('',(-0.003,0.0177672426029183,0.013));
#3311=CARTESIAN_POINT('',(-0.003,0.0177672426029183,0.0105262669352907));
#3312=CARTESIAN_POINT('',(-0.0112,-0.00752809463712462,0.0173576212699108));
#3313=CARTESIAN_POINT('',(-0.0123712025661618,-0.00668223135359307,0.0168131058896238));
#3314=CARTESIAN_POINT('',(-0.0138709576832985,-0.00523544073073933,0.0158699492573992));
#3315=CARTESIAN_POINT('',(-0.0152743532756233,-0.00287584928195552,0.0144272408522141));
#3316=CARTESIAN_POINT('',(-0.0160481222434917,-0.000993757154537975,0.0133869424062014));
#3317=CARTESIAN_POINT('',(-0.0165929530378087,0.00106039721517595,0.0124452981511663));
#3318=CARTESIAN_POINT('',(-0.0169831136804087,0.00388464803867329,0.0113763991568961));
#3319=CARTESIAN_POINT('',(-0.0169123000349077,0.00763156648739104,0.0103524988886913));
#3320=CARTESIAN_POINT('',(-0.0155665674958937,0.011293291423721,0.00990950752534439));
#3321=CARTESIAN_POINT('',(-0.0135666751261604,0.0136680861855642,0.00998878107514773));
#3322=CARTESIAN_POINT('',(-0.0111030996364309,0.0155326249792835,0.0101923718008823));
#3323=CARTESIAN_POINT('',(-0.00755489466662425,0.0170246663268574,0.0104217548998258));
#3324=CARTESIAN_POINT('',(-0.00453159263902831,0.0176035073073598,0.010502801953531));
#3325=CARTESIAN_POINT('',(-0.00299999887279973,0.017767239204139,0.0105262669468613));
#3326=CARTESIAN_POINT('',(0.0085,-0.0117584999999991,0.011));
#3327=CARTESIAN_POINT('',(0.0085,-0.0117565,0.0215));
#3328=CARTESIAN_POINT('',(0.0085,-0.0070065,0.01925));
#3329=CARTESIAN_POINT('',(0.0085,-0.00115889457878654,0.0135899341359451));
#3330=CARTESIAN_POINT('',(0.0085,0.0110892249190886,0.0103028365843795));
#3331=CARTESIAN_POINT('',(0.0085,0.014576,0.01125));
#3332=CARTESIAN_POINT('',(0.0085,0.017926,0.0117));
#3333=CARTESIAN_POINT('',(0.0085,-0.0074817968827336,0.0190741728121786));
#3334=CARTESIAN_POINT('',(0.0085,-0.00691175581483132,0.0186974371005427));
#3335=CARTESIAN_POINT('',(0.0085,-0.00691175581483131,0.0186974371005427));
#3336=CARTESIAN_POINT('',(0.0085,-0.0065637106475197,0.0184646186658815));
#3337=CARTESIAN_POINT('',(0.0085,-0.00630627310515946,0.018084725436806));
#3338=CARTESIAN_POINT('',(0.0085,-0.00630627310516383,0.0176640746217499));
#3339=CARTESIAN_POINT('',(0.00850000000000262,-0.00630627310516228,0.0176640746217503));
#3340=CARTESIAN_POINT('',(0.00850000000000262,-0.00630627310516228,0.0209346230573846));
#3341=CARTESIAN_POINT('',(0.0085,-0.00915846237603399,0.022));
#3342=CARTESIAN_POINT('',(0.0085,-0.00915846237603399,0.0183930589907336));
#3343=CARTESIAN_POINT('',(0.0085,-0.00915846237603398,0.0183930589907336));
#3344=CARTESIAN_POINT('',(0.0085,-0.00915846237603399,0.0185805553341612));
#3345=CARTESIAN_POINT('',(0.0085,-0.00904463674314568,0.018952184869839));
#3346=CARTESIAN_POINT('',(0.0085,-0.00840058725101493,0.0194010227398936));
#3347=CARTESIAN_POINT('',(0.0085,-0.00779504537679061,0.0192785156539096));
#3348=CARTESIAN_POINT('',(0.0085,-0.00748179688273359,0.0190741728121786));
#3349=CARTESIAN_POINT('',(0.0112,-0.0117584999999991,0.011));
#3350=CARTESIAN_POINT('',(0.0111999999981538,-0.00425934978820834,0.0209346230573846));
#3351=CARTESIAN_POINT('',(0.0111999999981538,-0.00425934978820834,0.0161400730274185));
#3352=CARTESIAN_POINT('',(0.0111999999981538,-0.00425934978820834,0.0161400730274185));
#3353=CARTESIAN_POINT('',(0.0111999999981538,-0.00425934978820833,0.0164037037456043));
#3354=CARTESIAN_POINT('',(0.0112000000009231,-0.00446801746086802,0.0168976038292667));
#3355=CARTESIAN_POINT('',(0.0112,-0.00483656406569081,0.0172705067083381));
#3356=CARTESIAN_POINT('',(0.0112,-0.00505107648985886,0.0174199485078077));
#3357=CARTESIAN_POINT('',(0.0112,-0.00505107648986005,0.0174199485078085));
#3358=CARTESIAN_POINT('',(0.0112,-0.0117565,0.0215));
#3359=CARTESIAN_POINT('',(0.0112,-0.0070065,0.01925));
#3360=CARTESIAN_POINT('',(0.0112,-0.00115889457878654,0.0135899341359451));
#3361=CARTESIAN_POINT('',(0.0112,0.0110892249190886,0.0103028365843795));
#3362=CARTESIAN_POINT('',(0.0112,0.014576,0.01125));
#3363=CARTESIAN_POINT('',(0.0112,0.017926,0.0117));
#3364=CARTESIAN_POINT('',(0.0112,-0.00570280101883707,0.0178728594262041));
#3365=CARTESIAN_POINT('',(0.0112,-0.00570280101883707,0.0178728594262041));
#3366=CARTESIAN_POINT('',(0.0112,-0.0058650447972167,0.0179851643788795));
#3367=CARTESIAN_POINT('',(0.0112,-0.00622066328171572,0.0181591169659192));
#3368=CARTESIAN_POINT('',(0.0112,-0.00681833679521545,0.0182221283242945));
#3369=CARTESIAN_POINT('',(0.0112,-0.00738603888663017,0.0179545700518672));
#3370=CARTESIAN_POINT('',(0.0112,-0.00752809463712498,0.0175563106794901));
#3371=CARTESIAN_POINT('',(0.0112,-0.00752809463712498,0.0173576212699109));
#3372=CARTESIAN_POINT('',(0.0112,-0.00752809463712461,0.0173576212699108));
#3373=CARTESIAN_POINT('',(0.0112,-0.00752809463712461,0.022));
#3374=CARTESIAN_POINT('',(0.0085,-0.0074969274251526,0.0190840393489833));
#3375=CARTESIAN_POINT('',(0.0112,-0.0074969274251526,0.0190840393489833));
#3376=CARTESIAN_POINT('',(0.0085,-0.00664602138654096,0.0185293735654398));
#3377=CARTESIAN_POINT('',(0.0112,-0.00664602138654096,0.0185293735654398));
#3378=CARTESIAN_POINT('',(0.0085,-0.00583451918034751,0.0179657619046998));
#3379=CARTESIAN_POINT('',(0.0112,-0.00583451918034751,0.0179657619046998));
#3380=CARTESIAN_POINT('',(0.0085,-0.00503688790328252,0.0174100637162903));
#3381=CARTESIAN_POINT('',(0.0112,-0.00503688790328252,0.0174100637162903));
#3382=CARTESIAN_POINT('',(0.0112,-0.00505107648985886,0.0174199485078077));
#3383=CARTESIAN_POINT('',(0.0103865893627627,-0.00574798343009284,0.0179054543129637));
#3384=CARTESIAN_POINT('',(0.00945307731972056,-0.00634003927430305,0.0183149978008855));
#3385=CARTESIAN_POINT('',(0.0085,-0.00691175581483131,0.0186974371005427));
#3386=CARTESIAN_POINT('',(0.00850000000000174,-0.0074817968827336,0.0190741728121786));
#3387=CARTESIAN_POINT('',(0.00946437656953641,-0.00695149862945717,0.0187282408951566));
#3388=CARTESIAN_POINT('',(0.0103763140222118,-0.00636806286538989,0.0183333528943669));
#3389=CARTESIAN_POINT('',(0.0112,-0.00570280101883707,0.0178728594262041));
#3390=CARTESIAN_POINT('',(0.00850000000000262,-0.00630627310516228,0.0177700590694808));
#3391=CARTESIAN_POINT('',(0.00850000000000262,-0.00630627310516228,3.46944695195361E-18));
#3392=CARTESIAN_POINT('',(0.00948167432819024,-0.00572629649256192,0.0177700590694808));
#3393=CARTESIAN_POINT('',(0.00948167432819024,-0.00572629649256192,3.46944695195361E-18));
#3394=CARTESIAN_POINT('',(0.0104059038881339,-0.00506141784445532,0.0177700590694808));
#3395=CARTESIAN_POINT('',(0.0104059038881339,-0.00506141784445532,3.46944695195361E-18));
#3396=CARTESIAN_POINT('',(0.0111999999981538,-0.00425934978820834,0.0177700590694808));
#3397=CARTESIAN_POINT('',(0.0111999999981538,-0.00425934978820834,3.46944695195361E-18));
#3398=CARTESIAN_POINT('',(0.00850000000000262,-0.00630627310516228,0.0176640746217503));
#3399=CARTESIAN_POINT('',(0.00950533608530813,-0.00571231484462394,0.0172412118512137));
#3400=CARTESIAN_POINT('',(0.0104319765614124,-0.00503507930063173,0.016732258561315));
#3401=CARTESIAN_POINT('',(0.0111999999981538,-0.00425934978820834,0.0161400730274185));
#3402=CARTESIAN_POINT('',(0.00847755820782949,-0.00692521843583514,0.0187064402862349));
#3403=CARTESIAN_POINT('',(0.00813352466182172,-0.00652278801151838,0.0184373847148029));
#3404=CARTESIAN_POINT('',(0.00796889629004536,-0.00662005102702072,0.0178751235364039));
#3405=CARTESIAN_POINT('',(0.00910843800143011,-0.00654674260693809,0.0184534001971562));
#3406=CARTESIAN_POINT('',(0.00876450003358652,-0.00615000556398156,0.0181841302061074));
#3407=CARTESIAN_POINT('',(0.00859977608364165,-0.00624732504739415,0.0176259276617629));
#3408=CARTESIAN_POINT('',(0.0100492590696414,-0.0059762510542412,0.0180636642941657));
#3409=CARTESIAN_POINT('',(0.00967384904378687,-0.00558988049970791,0.0177966677625062));
#3410=CARTESIAN_POINT('',(0.00948703012379086,-0.00571420718167492,0.0172408461337235));
#3411=CARTESIAN_POINT('',(0.0110298110213408,-0.00520474760635085,0.0175271084600303));
#3412=CARTESIAN_POINT('',(0.0105878919831236,-0.00484380667208885,0.0172755728117598));
#3413=CARTESIAN_POINT('',(0.0103915144631371,-0.00500626839536176,0.0167066693619602));
#3414=CARTESIAN_POINT('',(0.0115557365479501,-0.00473992157598738,0.0172030994435249));
#3415=CARTESIAN_POINT('',(0.011082476590797,-0.00438920056761373,0.0169586960991077));
#3416=CARTESIAN_POINT('',(0.0108807881850708,-0.00457294014438356,0.0163826683633782));
#3417=CARTESIAN_POINT('',(0.011805874245166,-0.00449770501946703,0.017034496439624));
#3418=CARTESIAN_POINT('',(0.0112989326278691,-0.00415942397190598,0.0167991987510045));
#3419=CARTESIAN_POINT('',(0.0110952447246265,-0.00436515670195531,0.0162135586665903));
#3420=CARTESIAN_POINT('',(0.0119280078628781,-0.004374915797551,0.0169492146722818));
#3421=CARTESIAN_POINT('',(0.0114209035297783,-0.00403622860175181,0.0167139835812851));
#3422=CARTESIAN_POINT('',(0.0112173783423384,-0.00424179698248991,0.0161278806668266));
#3423=CARTESIAN_POINT('',(0.00841169355409827,-0.00920375963277972,0.0184212489546521));
#3424=CARTESIAN_POINT('',(0.00883417843864162,-0.00898791039715103,0.0200436347032989));
#3425=CARTESIAN_POINT('',(0.0079567287032868,-0.00777255764136209,0.0192624692096144));
#3426=CARTESIAN_POINT('',(0.00962136097628522,-0.00858573565607298,0.0180369031777947));
#3427=CARTESIAN_POINT('',(0.0100808852573565,-0.00832747827601807,0.0196444750470438));
#3428=CARTESIAN_POINT('',(0.00912714962545632,-0.00716217960926032,0.0188701499800657));
#3429=CARTESIAN_POINT('',(0.010799594544919,-0.00787822798256965,0.0175838304233574));
#3430=CARTESIAN_POINT('',(0.0112730272723398,-0.00757419267397444,0.0191598713249862));
#3431=CARTESIAN_POINT('',(0.0102435504794748,-0.00647779771992432,0.0184094363028322));
#3432=CARTESIAN_POINT('',(0.0118444810481026,-0.0070369177238786,0.0170409793172762));
#3433=CARTESIAN_POINT('',(0.0123440404629483,-0.0066346879513102,0.0185180606295903));
#3434=CARTESIAN_POINT('',(0.0112173341078005,-0.00568877839378743,0.0178631518570536));
#3435=CARTESIAN_POINT('',(0.0112,-0.00752809463712461,0.0173576212699108));
#3436=CARTESIAN_POINT('',(0.0103587322996467,-0.00813567310382993,0.0177487433652818));
#3437=CARTESIAN_POINT('',(0.00944778286420879,-0.00867032647066427,0.0180890632554184));
#3438=CARTESIAN_POINT('',(0.0085,-0.00915846237603399,0.0183930589907336));
#3439=CARTESIAN_POINT('',(-0.00850000000000002,-0.00915846237603398,0.0195328651604948));
#3440=CARTESIAN_POINT('',(-0.00850000000000002,-0.00915846237603398,-6.93889390390723E-18));
#3441=CARTESIAN_POINT('',(-0.00783926175070076,-0.00949876190635239,0.0195328651604948));
#3442=CARTESIAN_POINT('',(-0.00783926175070076,-0.00949876190635239,-1.38777878078145E-17));
#3443=CARTESIAN_POINT('',(-0.00656028366511409,-0.0101070558725848,0.0195328651604948));
#3444=CARTESIAN_POINT('',(-0.00656028366511409,-0.0101070558725848,-6.93889390390723E-18));
#3445=CARTESIAN_POINT('',(-0.00452944317413847,-0.0109458064465763,0.0195328651604948));
#3446=CARTESIAN_POINT('',(-0.00452944317413847,-0.0109458064465763,0.));
#3447=CARTESIAN_POINT('',(-0.00236794168396537,-0.0115746455368681,0.0195328651604948));
#3448=CARTESIAN_POINT('',(-0.00236794168396537,-0.0115746455368681,-1.38777878078145E-17));
#3449=CARTESIAN_POINT('',(1.08791381552713E-12,-0.0118474272316732,0.0195328651604948));
#3450=CARTESIAN_POINT('',(1.08791381552713E-12,-0.0118474272316732,-3.46944695195361E-18));
#3451=CARTESIAN_POINT('',(0.00236794168592718,-0.0115746455364393,0.0195328651604948));
#3452=CARTESIAN_POINT('',(0.00236794168592718,-0.0115746455364393,-3.46944695195361E-18));
#3453=CARTESIAN_POINT('',(0.00452944317598709,-0.0109458064459133,0.0195328651604948));
#3454=CARTESIAN_POINT('',(0.00452944317598709,-0.0109458064459133,-1.04083408558608E-17));
#3455=CARTESIAN_POINT('',(0.00656028366681406,-0.0101070558718081,0.0195328651604948));
#3456=CARTESIAN_POINT('',(0.00656028366681406,-0.0101070558718081,-3.46944695195361E-18));
#3457=CARTESIAN_POINT('',(0.00783926175242884,-0.00949876190551698,0.0195328651604948));
#3458=CARTESIAN_POINT('',(0.00783926175242884,-0.00949876190551698,-6.93889390390723E-18));
#3459=CARTESIAN_POINT('',(0.00850000000174022,-0.00915846237513772,0.0195328651604948));
#3460=CARTESIAN_POINT('',(0.00850000000174022,-0.00915846237513772,-6.93889390390723E-18));
#3461=CARTESIAN_POINT('',(-0.00477302146612398,-0.0108162053082923,0.019378996886064));
#3462=CARTESIAN_POINT('',(-0.00606910502795913,-0.0103442989762006,0.0191179158182522));
#3463=CARTESIAN_POINT('',(-0.00730126880576488,-0.00977584401363234,0.0187775449153035));
#3464=CARTESIAN_POINT('',(-0.0085,-0.00915846237603399,0.0183930589907336));
#3465=CARTESIAN_POINT('',(-0.00477302146612604,-0.0108162053082915,0.0193789968860756));
#3466=CARTESIAN_POINT('',(-0.00264131730019446,-0.0114500243402933,0.017492757833439));
#3467=CARTESIAN_POINT('',(-0.00266627750968153,-0.0114444395373132,0.018051406917275));
#3468=CARTESIAN_POINT('',(-0.0030048080852403,-0.0113749905174064,0.0188865790531542));
#3469=CARTESIAN_POINT('',(-0.00397863296007148,-0.0110938379331666,0.0194235841496065));
#3470=CARTESIAN_POINT('',(-0.00451468420895756,-0.0109102663634691,0.0194310359435096));
#3471=CARTESIAN_POINT('',(-0.00477302146612741,-0.010816205308291,0.0193789968860634));
#3472=CARTESIAN_POINT('',(-0.00264131730019447,-0.0114500243402933,0.017492757833439));
#3473=CARTESIAN_POINT('',(0.0026411882352099,-0.0114500532177325,0.0174910326035207));
#3474=CARTESIAN_POINT('',(0.00259984005532827,-0.0114593044005287,0.0165457471556158));
#3475=CARTESIAN_POINT('',(0.00251584865972268,-0.0114778808780528,0.0151300229104599));
#3476=CARTESIAN_POINT('',(0.00235128234771047,-0.0115119750852814,0.0132477142421232));
#3477=CARTESIAN_POINT('',(0.00219608416320935,-0.011542509788115,0.011839020882103));
#3478=CARTESIAN_POINT('',(0.00199730412676418,-0.0115788430241483,0.010435168033482));
#3479=CARTESIAN_POINT('',(0.0017772980243728,-0.0116154842298521,0.00926909232850696));
#3480=CARTESIAN_POINT('',(0.00152402955271083,-0.0116520296675732,0.00836248724252287));
#3481=CARTESIAN_POINT('',(0.00125498087066299,-0.0116865199412052,0.00769533641144171));
#3482=CARTESIAN_POINT('',(0.000762790535893902,-0.0117353264498228,0.00714967897434499));
#3483=CARTESIAN_POINT('',(4.7256131735605E-5,-0.0117654180439376,0.00693605955351281));
#3484=CARTESIAN_POINT('',(-0.000677882172606762,-0.0117414094736231,0.00710828313517035));
#3485=CARTESIAN_POINT('',(-0.0012011900431209,-0.0116927590115769,0.00762648280826559));
#3486=CARTESIAN_POINT('',(-0.00148629983249447,-0.011657119107723,0.00829005055817856));
#3487=CARTESIAN_POINT('',(-0.00175147715051957,-0.0116195795337483,0.00920783954646066));
#3488=CARTESIAN_POINT('',(-0.00197694877317768,-0.0115823880153955,0.010377004682748));
#3489=CARTESIAN_POINT('',(-0.00218214132759063,-0.0115451776826069,0.0117929705801566));
#3490=CARTESIAN_POINT('',(-0.00234216508644811,-0.0115138247155585,0.0132142387596423));
#3491=CARTESIAN_POINT('',(-0.00251199521174899,-0.0114787319033137,0.0151125268342771));
#3492=CARTESIAN_POINT('',(-0.00259874311379666,-0.0114595502395499,0.0165398800074933));
#3493=CARTESIAN_POINT('',(-0.00264131730019446,-0.0114500243402933,0.017492757833439));
#3494=CARTESIAN_POINT('',(0.0026411882352099,-0.0114500532177325,0.0174910326035207));
#3495=CARTESIAN_POINT('',(0.00477276074130212,-0.0108163002367632,0.0193790494047575));
#3496=CARTESIAN_POINT('',(0.00425432448662932,-0.0110050562408044,0.0194834771870967));
#3497=CARTESIAN_POINT('',(0.00311808554719364,-0.0113546577233355,0.0191740535686896));
#3498=CARTESIAN_POINT('',(0.0026656752378714,-0.0114445745307279,0.0180508446033492));
#3499=CARTESIAN_POINT('',(0.00264118823520991,-0.0114500532177325,0.0174910326035207));
#3500=CARTESIAN_POINT('',(0.00477276074130212,-0.0108163002367632,0.0193790494047575));
#3501=CARTESIAN_POINT('',(0.0085,-0.00915846237603399,0.0183930589907336));
#3502=CARTESIAN_POINT('',(0.00730118795962629,-0.00977588565175905,0.0187775708462232));
#3503=CARTESIAN_POINT('',(0.00606894034645003,-0.0103443778345687,0.0191179620281587));
#3504=CARTESIAN_POINT('',(0.00477276074130212,-0.0108163002367632,0.0193790494047575));
#3505=CARTESIAN_POINT('',(-0.00577962374593982,-0.0104232050504487,0.022));
#3506=CARTESIAN_POINT('',(0.0112,-0.00752809463712461,0.0173576212699108));
#3507=CARTESIAN_POINT('',(0.0103591127964547,-0.00813539830228092,0.0177485664647437));
#3508=CARTESIAN_POINT('',(0.00944813922809978,-0.00867014293283389,0.0180889489538129));
#3509=CARTESIAN_POINT('',(0.0085,-0.00915846237603399,0.0183930589907336));
#3510=CARTESIAN_POINT('',(0.0112884103472357,-0.007650509721895,0.0173576212699108));
#3511=CARTESIAN_POINT('',(0.0104397490900376,-0.00826342794659807,0.0177485701608665));
#3512=CARTESIAN_POINT('',(0.00952207032636503,-0.00880191956827434,0.0180889446707564));
#3513=CARTESIAN_POINT('',(0.00856913975199286,-0.00929270669499029,0.0183930589907336));
#3514=CARTESIAN_POINT('',(0.0085,-0.00915846237603399,0.0183930589907336));
#3515=CARTESIAN_POINT('',(0.00852280482832596,-0.00920274108053166,0.0183930589907336));
#3516=CARTESIAN_POINT('',(0.00854560965665192,-0.00924701978502933,0.0183930589907336));
#3517=CARTESIAN_POINT('',(0.00856841448497789,-0.009291298489527,0.0183930589907336));
#3518=CARTESIAN_POINT('',(0.00856841448497788,-0.00929129848952701,0.0183930589907336));
#3519=CARTESIAN_POINT('',(0.00856872805073857,-0.00929190569154686,0.0183930587791174));
#3520=CARTESIAN_POINT('',(0.00952105001190428,-0.00880001023356909,0.0180889448786258));
#3521=CARTESIAN_POINT('',(0.0104379814447291,-0.00826047507637977,0.0177485707169044));
#3522=CARTESIAN_POINT('',(0.0112856600894873,-0.00764670764829101,0.0173576225820129));
#3523=CARTESIAN_POINT('',(0.0112876036479681,-0.00764939274676237,0.0173576212699108));
#3524=CARTESIAN_POINT('',(0.0112876036479675,-0.00764939274676277,0.0173576212699108));
#3525=CARTESIAN_POINT('',(0.0112584024319784,-0.00760896004355005,0.0173576212699108));
#3526=CARTESIAN_POINT('',(0.0112292012159892,-0.00756852734033733,0.0173576212699108));
#3527=CARTESIAN_POINT('',(0.0112,-0.00752809463712461,0.0173576212699108));
#3528=CARTESIAN_POINT('',(0.0111999999998803,-0.00752809463721107,0.0174617669975303));
#3529=CARTESIAN_POINT('',(0.0111999999998803,-0.00752809463721107,0.));
#3530=CARTESIAN_POINT('',(0.0117147633579342,-0.00715632340235788,0.0174617669975303));
#3531=CARTESIAN_POINT('',(0.0117147633579342,-0.00715632340235788,0.));
#3532=CARTESIAN_POINT('',(0.0127199152360107,-0.0063414138548134,0.0174617669975303));
#3533=CARTESIAN_POINT('',(0.0127199152360107,-0.0063414138548134,-3.46944695195361E-18));
#3534=CARTESIAN_POINT('',(0.0140982599826197,-0.00481553188845954,0.0174617669975303));
#3535=CARTESIAN_POINT('',(0.0140982599826197,-0.00481553188845954,0.));
#3536=CARTESIAN_POINT('',(0.0151882189199308,-0.00304985817845872,0.0174617669975303));
#3537=CARTESIAN_POINT('',(0.0151882189199308,-0.00304985817845872,-3.46944695195361E-18));
#3538=CARTESIAN_POINT('',(0.0162571103375388,-0.000533720770440082,0.0174617669975303));
#3539=CARTESIAN_POINT('',(0.0162571103375388,-0.000533720770440082,-3.46944695195361E-18));
#3540=CARTESIAN_POINT('',(0.0169532944576836,0.00282902088440369,0.0174617669975303));
#3541=CARTESIAN_POINT('',(0.0169532944576836,0.00282902088440369,3.46944695195361E-18));
#3542=CARTESIAN_POINT('',(0.0169661019818182,0.00693856135055528,0.0174617669975303));
#3543=CARTESIAN_POINT('',(0.0169661019818182,0.00693856135055528,-3.46944695195361E-18));
#3544=CARTESIAN_POINT('',(0.0159689821025803,0.0104587431820937,0.0174617669975303));
#3545=CARTESIAN_POINT('',(0.0159689821025803,0.0104587431820937,-3.46944695195361E-18));
#3546=CARTESIAN_POINT('',(0.0142161019295132,0.013006578362815,0.0174617669975303));
#3547=CARTESIAN_POINT('',(0.0142161019295132,0.013006578362815,3.46944695195361E-18));
#3548=CARTESIAN_POINT('',(0.0124136684845206,0.0146140647092531,0.0174617669975303));
#3549=CARTESIAN_POINT('',(0.0124136684845206,0.0146140647092531,0.));
#3550=CARTESIAN_POINT('',(0.0103373508076851,0.0158335506054871,0.0174617669975303));
#3551=CARTESIAN_POINT('',(0.0103373508076851,0.0158335506054871,0.));
#3552=CARTESIAN_POINT('',(0.00727587530226876,0.0170630854221214,0.0174617669975303));
#3553=CARTESIAN_POINT('',(0.00727587530226876,0.0170630854221214,0.));
#3554=CARTESIAN_POINT('',(0.00473553825806352,0.0175817048459571,0.0174617669975303));
#3555=CARTESIAN_POINT('',(0.00473553825806352,0.0175817048459571,0.));
#3556=CARTESIAN_POINT('',(0.00299999999953862,0.0177672390836873,0.0174617669975303));
#3557=CARTESIAN_POINT('',(0.00299999999953862,0.0177672390836873,0.));
#3558=CARTESIAN_POINT('',(0.00299999999952879,0.0177672390836883,0.010526266929599));
#3559=CARTESIAN_POINT('',(0.00453297025480231,0.0176033599721623,0.0105027808382768));
#3560=CARTESIAN_POINT('',(0.00754597527987043,0.0170289378574992,0.010422273890746));
#3561=CARTESIAN_POINT('',(0.0111210236544381,0.0155225415281667,0.0101911869459706));
#3562=CARTESIAN_POINT('',(0.0135752958752445,0.0136606025549901,0.00998781147443615));
#3563=CARTESIAN_POINT('',(0.0150730502394016,0.0118726585052979,0.00993075093667935));
#3564=CARTESIAN_POINT('',(0.0161125381630102,0.00982969961857487,0.0100835561069913));
#3565=CARTESIAN_POINT('',(0.016725116615217,0.00759459234164226,0.0104455098196197));
#3566=CARTESIAN_POINT('',(0.0169478989076658,0.00538833137685322,0.0109645193618913));
#3567=CARTESIAN_POINT('',(0.0168664354373053,0.00243213159026647,0.0118736749215405));
#3568=CARTESIAN_POINT('',(0.0163175529853845,-0.000333347446665747,0.0130239409654797));
#3569=CARTESIAN_POINT('',(0.0152696543361907,-0.00288386581713788,0.0144316709898676));
#3570=CARTESIAN_POINT('',(0.0139033561538759,-0.0051889250750093,0.0158413217025578));
#3571=CARTESIAN_POINT('',(0.0123757746580785,-0.00667892930763453,0.0168109802330962));
#3572=CARTESIAN_POINT('',(0.0112,-0.00752809463712461,0.0173576212699108));
#3573=CARTESIAN_POINT('',(0.0029999999997644,0.0177672390858462,0.010526266929599));
#3574=CARTESIAN_POINT('',(0.003,0.0177672390880041,0.013));
#3575=CARTESIAN_POINT('',(-0.0085,-0.00915846237603399,0.0183930589907336));
#3576=CARTESIAN_POINT('',(-0.00944813922809935,-0.00867014293283417,0.018088948953813));
#3577=CARTESIAN_POINT('',(-0.0103591127964619,-0.00813539830228723,0.0177485664647472));
#3578=CARTESIAN_POINT('',(-0.0112,-0.00752809463712462,0.0173576212699108));
#3579=CARTESIAN_POINT('',(-0.00856913974961342,-0.0092927066903703,0.0183930589907336));
#3580=CARTESIAN_POINT('',(-0.00952207032382086,-0.00880191956373925,0.0180889446707565));
#3581=CARTESIAN_POINT('',(-0.0104397490872688,-0.0082634279421991,0.0177485701608707));
#3582=CARTESIAN_POINT('',(-0.0112884103441941,-0.00765050971768132,0.0173576212699108));
#3583=CARTESIAN_POINT('',(-0.0112,-0.00752809463712462,0.0173576212699108));
#3584=CARTESIAN_POINT('',(-0.0112285543114896,-0.00756763162086898,0.0173576212699108));
#3585=CARTESIAN_POINT('',(-0.0112571086229791,-0.00760716860461334,0.0173576212699108));
#3586=CARTESIAN_POINT('',(-0.0112856629344687,-0.00764670558835769,0.0173576212699108));
#3587=CARTESIAN_POINT('',(-0.0112856629344682,-0.00764670558835807,0.0173576212699108));
#3588=CARTESIAN_POINT('',(-0.0112856629344687,-0.0076467055883577,0.0173576212699108));
#3589=CARTESIAN_POINT('',(-0.0104379846511375,-0.00826047303302948,0.0177485694227331));
#3590=CARTESIAN_POINT('',(-0.00952105357563454,-0.0088000082132368,0.0180889436110033));
#3591=CARTESIAN_POINT('',(-0.00856873194285234,-0.00929190368118329,0.0183930575362119));
#3592=CARTESIAN_POINT('',(-0.0085665769542977,-0.00928773067148294,0.0183930589907336));
#3593=CARTESIAN_POINT('',(-0.0085665769542977,-0.00928773067148294,0.0183930589907336));
#3594=CARTESIAN_POINT('',(-0.00854438463619847,-0.00924464123966663,0.0183930589907336));
#3595=CARTESIAN_POINT('',(-0.00852219231809923,-0.00920155180785031,0.0183930589907336));
#3596=CARTESIAN_POINT('',(-0.0085,-0.00915846237603399,0.0183930589907336));
#3597=CARTESIAN_POINT('',(-0.0112,-0.00752809463712462,0.0173576212699108));
#3598=CARTESIAN_POINT('',(-0.0117864995802731,-0.0071045142291808,0.0170849459435263));
#3599=CARTESIAN_POINT('',(-0.0123300458926293,-0.00665236785805162,0.0167921685147119));
#3600=CARTESIAN_POINT('',(-0.0130745563048429,-0.00592499476428047,0.0163248277378504));
#3601=CARTESIAN_POINT('',(-0.0133109820650759,-0.00567434469653393,0.016164379784397));
#3602=CARTESIAN_POINT('',(-0.0137597972920009,-0.00515547572782015,0.0158351943115998));
#3603=CARTESIAN_POINT('',(-0.0139720128256864,-0.00488696597103199,0.0156666546798091));
#3604=CARTESIAN_POINT('',(-0.0143722207368883,-0.00433236348350705,0.0153210285516322));
#3605=CARTESIAN_POINT('',(-0.0145611942740311,-0.00404498933623566,0.0151438226234006));
#3606=CARTESIAN_POINT('',(-0.0149131080398172,-0.00345911248286909,0.0147886017386961));
#3607=CARTESIAN_POINT('',(-0.0150761345623285,-0.00316086255158783,0.0146107173270047));
#3608=CARTESIAN_POINT('',(-0.0155314019232294,-0.00224962330373724,0.0140811542336253));
#3609=CARTESIAN_POINT('',(-0.0157900937535087,-0.00162017371867893,0.0137337171788742));
#3610=CARTESIAN_POINT('',(-0.016119901985762,-0.000637533190730156,0.0132382185065125));
#3611=CARTESIAN_POINT('',(-0.0162200383786722,-0.000303470423928677,0.0130774483788866));
#3612=CARTESIAN_POINT('',(-0.0164008942254713,0.000377700546909187,0.012764867830383));
#3613=CARTESIAN_POINT('',(-0.0164811313688319,0.000723290439988975,0.0126137399507197));
#3614=CARTESIAN_POINT('',(-0.016690491284116,0.00176662796112301,0.0121783994225278));
#3615=CARTESIAN_POINT('',(-0.0167893170061436,0.00247413615670648,0.0119107869742752));
#3616=CARTESIAN_POINT('',(-0.01690736146204,0.0039119154307296,0.0114180905421428));
#3617=CARTESIAN_POINT('',(-0.0169281243743727,0.00464212067786348,0.0111932465727955));
#3618=CARTESIAN_POINT('',(-0.0168868811564368,0.00575696034128375,0.0108913450379609));
#3619=CARTESIAN_POINT('',(-0.0168606438208416,0.00613130369477006,0.0107967240977445));
#3620=CARTESIAN_POINT('',(-0.0167805605148852,0.00687486776452441,0.0106222115683274));
#3621=CARTESIAN_POINT('',(-0.0167266839684155,0.0072454435804051,0.0105419061839806));
#3622=CARTESIAN_POINT('',(-0.0165879484755682,0.00798361235349772,0.0103954550831132));
#3623=CARTESIAN_POINT('',(-0.0165030658844803,0.00835120223240038,0.0103293161679127));
#3624=CARTESIAN_POINT('',(-0.016349249780412,0.00889983125412845,0.0102411903549821));
#3625=CARTESIAN_POINT('',(-0.0162935605177407,0.00908224863221997,0.0102136656030517));
#3626=CARTESIAN_POINT('',(-0.0161727033636788,0.00944607458153879,0.0101624673871102));
#3627=CARTESIAN_POINT('',(-0.0161076350212744,0.00962708320375917,0.0101388603229807));
#3628=CARTESIAN_POINT('',(-0.0157612068333725,0.0105191908950596,0.0100319311103428));
#3629=CARTESIAN_POINT('',(-0.0154144652920963,0.0111990858176798,0.0099812230935889));
#3630=CARTESIAN_POINT('',(-0.0147772454703982,0.0121616194107401,0.00995758564517202));
#3631=CARTESIAN_POINT('',(-0.0145439105236681,0.0124739619370437,0.00995831433393005));
#3632=CARTESIAN_POINT('',(-0.0140489958948888,0.0130628274172874,0.00997298430209791));
#3633=CARTESIAN_POINT('',(-0.0137861355205122,0.013341129795684,0.00998669811269527));
#3634=CARTESIAN_POINT('',(-0.0132312935755322,0.0138674789403677,0.0100219433554853));
#3635=CARTESIAN_POINT('',(-0.0129394596067112,0.0141156806805134,0.0100434065637094));
#3636=CARTESIAN_POINT('',(-0.0124819315792987,0.0144675833492875,0.0100783092945184));
#3637=CARTESIAN_POINT('',(-0.0123257612264792,0.0145817766217446,0.0100904347518161));
#3638=CARTESIAN_POINT('',(-0.0120096109441484,0.0148020246602763,0.0101149736086449));
#3639=CARTESIAN_POINT('',(-0.0118495826205756,0.0149081472278362,0.0101273931711878));
#3640=CARTESIAN_POINT('',(-0.0110403906621494,0.0154203192025639,0.010189429568209));
#3641=CARTESIAN_POINT('',(-0.0103644620042071,0.0157719083059813,0.0102382934401696));
#3642=CARTESIAN_POINT('',(-0.00931706033866232,0.0162320679199608,0.010303424091638));
#3643=CARTESIAN_POINT('',(-0.00896230208525616,0.0163741529412635,0.0103239002330195));
#3644=CARTESIAN_POINT('',(-0.00824251618147469,0.0166377544867664,0.0103620965213711));
#3645=CARTESIAN_POINT('',(-0.00787662055774423,0.0167594999698707,0.0103798634903366));
#3646=CARTESIAN_POINT('',(-0.00677288839291146,0.0170939052562972,0.0104286931918632));
#3647=CARTESIAN_POINT('',(-0.00602845647822723,0.0172763112136452,0.0104553218077575));
#3648=CARTESIAN_POINT('',(-0.00452490340145409,0.0175720152128357,0.0104982187947842));
#3649=CARTESIAN_POINT('',(-0.00376578215503596,0.0176853747097234,0.0105145346585703));
#3650=CARTESIAN_POINT('',(-0.00299999887279973,0.017767239204139,0.0105262669468613));
#3651=CARTESIAN_POINT('',(-0.0112907170943862,-0.00765370369926078,0.0173576212699108));
#3652=CARTESIAN_POINT('',(-0.0118827817604292,-0.00722610408758691,0.017084942703891));
#3653=CARTESIAN_POINT('',(-0.0124323328256223,-0.00676905017995873,0.0167921685147119));
#3654=CARTESIAN_POINT('',(-0.0131858298895147,-0.00603289729140299,0.0163248277378504));
#3655=CARTESIAN_POINT('',(-0.0134252413935724,-0.00577909222276279,0.016164379784397));
#3656=CARTESIAN_POINT('',(-0.013879909572545,-0.00525345673854177,0.0158351943115998));
#3657=CARTESIAN_POINT('',(-0.0140950525353563,-0.00498124365886533,0.0156666546798091));
#3658=CARTESIAN_POINT('',(-0.0145004713599192,-0.00441941996098594,0.0153210285516322));
#3659=CARTESIAN_POINT('',(-0.0146918587258884,-0.00412836564824398,0.0151438226234006));
#3660=CARTESIAN_POINT('',(-0.0150480904800284,-0.00353530007515226,0.0147886017386961));
#3661=CARTESIAN_POINT('',(-0.0152130246987191,-0.00323354723713104,0.0146107173270047));
#3662=CARTESIAN_POINT('',(-0.0156734407116542,-0.00231200271767524,0.0140811542336253));
#3663=CARTESIAN_POINT('',(-0.0159348180396343,-0.00167592697684023,0.0137337171788742));
#3664=CARTESIAN_POINT('',(-0.0162678745206454,-0.000683608519227767,0.0132382185065125));
#3665=CARTESIAN_POINT('',(-0.0163689583441845,-0.000346373088821476,0.0130774483788866));
#3666=CARTESIAN_POINT('',(-0.0165514825585645,0.000341081580248905,0.012764867830383));
#3667=CARTESIAN_POINT('',(-0.0166324364749295,0.00068977056231289,0.0126137399507197));
#3668=CARTESIAN_POINT('',(-0.0168436241478916,0.00174221664733998,0.0121783994225278));
#3669=CARTESIAN_POINT('',(-0.0169432626563461,0.00245564274002244,0.0119107869742752));
#3670=CARTESIAN_POINT('',(-0.017062261955113,0.00390505198242238,0.0114180905421428));
#3671=CARTESIAN_POINT('',(-0.0170832138686776,0.00464101665703966,0.0111932465727955));
#3672=CARTESIAN_POINT('',(-0.0170415915192037,0.00576610457211034,0.0108913450379609));
#3673=CARTESIAN_POINT('',(-0.0170151069923461,0.00614407544026186,0.0107967240977445));
#3674=CARTESIAN_POINT('',(-0.0169342008584308,0.00689527937076471,0.0106222115683274));
#3675=CARTESIAN_POINT('',(-0.0168797506138824,0.00726985930023511,0.0105419061839806));
#3676=CARTESIAN_POINT('',(-0.0167394348876677,0.00801643600775093,0.0103954550831132));
#3677=CARTESIAN_POINT('',(-0.0166535429255927,0.00838843951376615,0.0103293161679127));
#3678=CARTESIAN_POINT('',(-0.0164977963769108,0.00894395401699994,0.0102411903549821));
#3679=CARTESIAN_POINT('',(-0.0164413945642774,0.0091287097207734,0.0102136656030517));
#3680=CARTESIAN_POINT('',(-0.0163189535875141,0.00949730357814313,0.0101624673871102));
#3681=CARTESIAN_POINT('',(-0.0162530154260786,0.00968073569760994,0.0101388603229807));
#3682=CARTESIAN_POINT('',(-0.0159018589729729,0.0105850194239504,0.0100319311103428));
#3683=CARTESIAN_POINT('',(-0.0155501006485787,0.0112748904430917,0.0099812230935889));
#3684=CARTESIAN_POINT('',(-0.0149032222216519,0.0122520135571906,0.00995758564517202));
#3685=CARTESIAN_POINT('',(-0.0146663145094271,0.0125691417397593,0.00995831433393005));
#3686=CARTESIAN_POINT('',(-0.0141638194988155,0.0131670266042129,0.00997298430209791));
#3687=CARTESIAN_POINT('',(-0.0138968290586461,0.0134496905491909,0.00998669811269527));
#3688=CARTESIAN_POINT('',(-0.0133338734454654,0.0139837367008446,0.0100219433554853));
#3689=CARTESIAN_POINT('',(-0.013037906266529,0.0142354335043217,0.0100434065637094));
#3690=CARTESIAN_POINT('',(-0.0125744029428076,0.0145919320067756,0.0100783092945184));
#3691=CARTESIAN_POINT('',(-0.0124162666661197,0.0147075604328487,0.0100904347518161));
#3692=CARTESIAN_POINT('',(-0.0120962419929671,0.0149305075895743,0.0101149736086449));
#3693=CARTESIAN_POINT('',(-0.0119343113501943,0.0150378897828158,0.0101273931711878));
#3694=CARTESIAN_POINT('',(-0.0111158050858723,0.0155559571775291,0.010189429568209));
#3695=CARTESIAN_POINT('',(-0.0104330661017826,0.0159110046154791,0.0102382934401696));
#3696=CARTESIAN_POINT('',(-0.00937624171148378,0.01637530395687,0.010303424091638));
#3697=CARTESIAN_POINT('',(-0.00901848319914182,0.0165185843697535,0.0103239002330195));
#3698=CARTESIAN_POINT('',(-0.00829290050380452,0.0167843088287576,0.0103620965213711));
#3699=CARTESIAN_POINT('',(-0.00792421973699811,0.0169069765454724,0.0103798634903366));
#3700=CARTESIAN_POINT('',(-0.00681247180335788,0.0172438104242235,0.0104286931918632));
#3701=CARTESIAN_POINT('',(-0.00606306197742065,0.0174274161008172,0.0104553218077575));
#3702=CARTESIAN_POINT('',(-0.00455009756435604,0.0177249710288656,0.0104982187947842));
#3703=CARTESIAN_POINT('',(-0.00378656507147524,0.0178389784598676,0.0105145347662504));
#3704=CARTESIAN_POINT('',(-0.00301646885655533,0.0179213040195242,0.0105262669468613));
#3705=CARTESIAN_POINT('',(-0.0034,0.0177672426029183,0.0105198039769978));
#3706=CARTESIAN_POINT('',(-0.00326666886554035,0.0177672426029183,0.0105220933362958));
#3707=CARTESIAN_POINT('',(-0.00313333492801161,0.0177672426029183,0.0105242472408283));
#3708=CARTESIAN_POINT('',(-0.00299999943644239,0.0177672426029183,0.0105262669438272));
#3709=CARTESIAN_POINT('',(-0.0034,0.0177672426029183,0.0105198039769978));
#3710=CARTESIAN_POINT('',(-0.0034,0.0177672426029183,0.0105198039769978));
#3711=CARTESIAN_POINT('',(-0.00351929454402141,0.0177672426029183,0.0105177556326657));
#3712=CARTESIAN_POINT('',(-0.00363762512724964,0.0177885875700437,0.0105156569309493));
#3713=CARTESIAN_POINT('',(-0.00374940163150866,0.0178302695510512,0.0105136540994702));
#3714=CARTESIAN_POINT('',(-0.00374938401514965,0.017830262982086,0.0105125342393351));
#3715=CARTESIAN_POINT('',(-0.00419546577631275,0.01776653955146,0.010503527541545));
#3716=CARTESIAN_POINT('',(-0.00404699788520189,0.0177890392999047,0.0105066735251739));
#3717=CARTESIAN_POINT('',(-0.00389828621647918,0.0178102754072762,0.0105096671754504));
#3718=CARTESIAN_POINT('',(-0.00374938401514964,0.017830262982086,0.0105125342393351));
#3719=CARTESIAN_POINT('',(-0.00419555534592238,0.0177670607017985,0.0105040273723503));
#3720=CARTESIAN_POINT('',(-0.00419551418352926,0.0177667166640908,0.0105045289863302));
#3721=CARTESIAN_POINT('',(-0.00575127495532949,0.0175313062996653,0.0104707356585373));
#3722=CARTESIAN_POINT('',(-0.00803378817615083,0.0169738187802353,0.0103891626711949));
#3723=CARTESIAN_POINT('',(-0.0108049485419771,0.0157609934862583,0.0102157215660535));
#3724=CARTESIAN_POINT('',(-0.0127273654918859,0.0145591053106405,0.0100648891948021));
#3725=CARTESIAN_POINT('',(-0.0143671001576857,0.0130465287991324,0.00994613967070518));
#3726=CARTESIAN_POINT('',(-0.015423220288869,0.011516003698527,0.00996223435009868));
#3727=CARTESIAN_POINT('',(-0.016048707254965,0.010225510291334,0.0100703260039143));
#3728=CARTESIAN_POINT('',(-0.0163622324810639,0.00938219376862284,0.0101747142680755));
#3729=CARTESIAN_POINT('',(-0.0165638816270948,0.00870506720920392,0.0102774372419777));
#3730=CARTESIAN_POINT('',(-0.0166713522044274,0.00827884010779184,0.0103496684602588));
#3731=CARTESIAN_POINT('',(-0.0167359817020592,0.00798723428125387,0.0104026971724302));
#3732=CARTESIAN_POINT('',(-0.0167722583787263,0.00781009620005951,0.0104361519801963));
#3733=CARTESIAN_POINT('',(-0.0167927524461038,0.00770699042334212,0.0104558842570045));
#3734=CARTESIAN_POINT('',(-0.0168336522959472,0.00748586537967233,0.0104995036676213));
#3735=CARTESIAN_POINT('',(-0.0168757085736919,0.00723508160061868,0.0105508484084143));
#3736=CARTESIAN_POINT('',(-0.0169425768849241,0.00678284839693987,0.0106474053210034));
#3737=CARTESIAN_POINT('',(-0.017008597689191,0.00616437430480179,0.0107911068276631));
#3738=CARTESIAN_POINT('',(-0.0170662882461814,0.00520713424547038,0.0110355992460579));
#3739=CARTESIAN_POINT('',(-0.0170633536696887,0.00410953002670842,0.0113542651055546));
#3740=CARTESIAN_POINT('',(-0.0169839919996019,0.00293834600676722,0.0117413717559315));
#3741=CARTESIAN_POINT('',(-0.0168545978635998,0.00190483121561206,0.0121197934863693));
#3742=CARTESIAN_POINT('',(-0.0166928471944575,0.00100483769126108,0.0124798502695545));
#3743=CARTESIAN_POINT('',(-0.0165150499876065,0.00023062453620607,0.0128139477491662));
#3744=CARTESIAN_POINT('',(-0.0163823684928701,-0.000251659562385981,0.013035993250625));
#3745=CARTESIAN_POINT('',(-0.0162970198135805,-0.000537402421285678,0.0131718589313778));
#3746=CARTESIAN_POINT('',(-0.0162642362300764,-0.000644084190429298,0.0132231652459432));
#3747=CARTESIAN_POINT('',(-0.0162340712885182,-0.000739488720376271,0.0132695829419813));
#3748=CARTESIAN_POINT('',(-0.0162241818666655,-0.000771076652151797,0.0132848889288117));
#3749=CARTESIAN_POINT('',(-0.0161663261829058,-0.000948861030820312,0.0133724250162184));
#3750=CARTESIAN_POINT('',(-0.0161046728316592,-0.00113079166663704,0.0134635617277968));
#3751=CARTESIAN_POINT('',(-0.0160202184542653,-0.00137008732922168,0.0135854882609397));
#3752=CARTESIAN_POINT('',(-0.0158847976847547,-0.0017308169068197,0.013773890138842));
#3753=CARTESIAN_POINT('',(-0.0157085484193845,-0.00216288606634544,0.014006830176048));
#3754=CARTESIAN_POINT('',(-0.0154898632370732,-0.00264630072302814,0.0142768168367154));
#3755=CARTESIAN_POINT('',(-0.01519080974153,-0.00324855549411372,0.0146228846031005));
#3756=CARTESIAN_POINT('',(-0.0148828255078225,-0.00379126271370218,0.0149456236746913));
#3757=CARTESIAN_POINT('',(-0.0146332556470972,-0.00418347063352025,0.0151831596749393));
#3758=CARTESIAN_POINT('',(-0.0145170575281239,-0.00435790685356911,0.015289507926351));
#3759=CARTESIAN_POINT('',(-0.0144717380241722,-0.00442489607983275,0.0153304372189794));
#3760=CARTESIAN_POINT('',(-0.0144287940005358,-0.00448727070846263,0.0153686344600614));
#3761=CARTESIAN_POINT('',(-0.0144153580333185,-0.00450695967965168,0.0153806790191593));
#3762=CARTESIAN_POINT('',(-0.0143292472722454,-0.00462979306991011,0.0154560731730338));
#3763=CARTESIAN_POINT('',(-0.0142417056523173,-0.00475129313463747,0.0155309109161259));
#3764=CARTESIAN_POINT('',(-0.0141263354854193,-0.00490706166148642,0.0156270272124236));
#3765=CARTESIAN_POINT('',(-0.0139536518252694,-0.0051308491623498,0.0157655894197967));
#3766=CARTESIAN_POINT('',(-0.0136698926447315,-0.00547899107997308,0.0159823052135235));
#3767=CARTESIAN_POINT('',(-0.0133354199777507,-0.00585043820050486,0.0162162923741119));
#3768=CARTESIAN_POINT('',(-0.0131221291187385,-0.00607005587206949,0.0163553718570091));
#3769=CARTESIAN_POINT('',(-0.0130346957991033,-0.00615797154003608,0.0164111098094763));
#3770=CARTESIAN_POINT('',(-0.0130196440612881,-0.00617304213395113,0.0164206679435598));
#3771=CARTESIAN_POINT('',(-0.0130059800198439,-0.00618669220364052,0.0164293117310279));
#3772=CARTESIAN_POINT('',(-0.0130181769309422,-0.00617452977260455,0.0164216128164625));
#3773=CARTESIAN_POINT('',(-0.012958076320579,-0.00623451044498637,0.0164595814114395));
#3774=CARTESIAN_POINT('',(-0.0128760520197882,-0.00631528735852864,0.0165107506155442));
#3775=CARTESIAN_POINT('',(-0.012740404827008,-0.0064460599648335,0.0165936711632521));
#3776=CARTESIAN_POINT('',(-0.0125205524399427,-0.00665010894063162,0.0167232526955779));
#3777=CARTESIAN_POINT('',(-0.0122614698587305,-0.00687903819476214,0.016868862463081));
#3778=CARTESIAN_POINT('',(-0.0119885713477439,-0.00710710735307758,0.0170140695081825));
#3779=CARTESIAN_POINT('',(-0.0116776119124729,-0.00735548185789929,0.0171722369139093));
#3780=CARTESIAN_POINT('',(-0.0113976710246425,-0.00756586499848472,0.0173061426530684));
#3781=CARTESIAN_POINT('',(-0.0113010014421484,-0.00763566624144211,0.01735056173875));
#3782=CARTESIAN_POINT('',(-0.0112856629353705,-0.00764670558960852,0.0173576212699108));
#3783=CARTESIAN_POINT('',(0.00477276074130212,-0.0108163002367632,0.0193790494047575));
#3784=CARTESIAN_POINT('',(0.00464315885555856,-0.0108634866243831,0.0194051549045044));
#3785=CARTESIAN_POINT('',(0.00451260723503326,-0.0109096101441363,0.0194171726631547));
#3786=CARTESIAN_POINT('',(0.00424947182854876,-0.0109994491504699,0.0194109493712644));
#3787=CARTESIAN_POINT('',(0.00411604943245941,-0.0110433913304886,0.0193921301742548));
#3788=CARTESIAN_POINT('',(0.00392401338859248,-0.0111043147562861,0.0193404785589748));
#3789=CARTESIAN_POINT('',(0.0038609738060405,-0.0111239248069732,0.0193193761797858));
#3790=CARTESIAN_POINT('',(0.00373690939099545,-0.0111617769971834,0.0192692014820509));
#3791=CARTESIAN_POINT('',(0.00367545177453555,-0.0111801444470269,0.0192398725128523));
#3792=CARTESIAN_POINT('',(0.00349795292472836,-0.0112321570949228,0.0191413700566925));
#3793=CARTESIAN_POINT('',(0.00338901105808978,-0.0112626810632282,0.0190623024490429));
#3794=CARTESIAN_POINT('',(0.00318907435135547,-0.0113167920458731,0.0188789120148708));
#3795=CARTESIAN_POINT('',(0.00309747492761703,-0.0113405108819887,0.0187731739000055));
#3796=CARTESIAN_POINT('',(0.00294106700764145,-0.0113798477128678,0.0185475834206642));
#3797=CARTESIAN_POINT('',(0.00287495519915454,-0.0113958304820714,0.0184269079011836));
#3798=CARTESIAN_POINT('',(0.00276579592164745,-0.0114217044710786,0.0181706673006678));
#3799=CARTESIAN_POINT('',(0.00272407004568547,-0.011431285336345,0.0180378177675851));
#3800=CARTESIAN_POINT('',(0.00266497487580387,-0.0114447425975121,0.0177683662470368));
#3801=CARTESIAN_POINT('',(0.00264730969651204,-0.011448683610723,0.0176309789881719));
#3802=CARTESIAN_POINT('',(0.00264118823520991,-0.0114500532177325,0.0174910326035207));
#3803=CARTESIAN_POINT('',(0.00482543493362152,-0.0109609748982274,0.0193790494047575));
#3804=CARTESIAN_POINT('',(0.00469490706078428,-0.0110084984258949,0.0194051549265645));
#3805=CARTESIAN_POINT('',(0.00456337996726878,-0.0110549670591709,0.0194171726631547));
#3806=CARTESIAN_POINT('',(0.00429819299841644,-0.0111455065045941,0.0194109493712645));
#3807=CARTESIAN_POINT('',(0.00416368839020882,-0.0111898056140386,0.0193921301742548));
#3808=CARTESIAN_POINT('',(0.00397003189127652,-0.0112512431291286,0.0193404785589748));
#3809=CARTESIAN_POINT('',(0.00390644899998394,-0.0112710222558689,0.0193193761797858));
#3810=CARTESIAN_POINT('',(0.00378129482756511,-0.0113092069322588,0.0192692014820509));
#3811=CARTESIAN_POINT('',(0.00371928678003677,-0.0113277389453609,0.0192398725128523));
#3812=CARTESIAN_POINT('',(0.00354017100125673,-0.0113802254034107,0.0191413700566925));
#3813=CARTESIAN_POINT('',(0.00343020016449763,-0.0114110380281443,0.0190623024490429));
#3814=CARTESIAN_POINT('',(0.0032283297095539,-0.0114656723614911,0.0188789120148708));
#3815=CARTESIAN_POINT('',(0.0031358188677339,-0.0114896273985868,0.0187731739000055));
#3816=CARTESIAN_POINT('',(0.00297782918252569,-0.011529362045839,0.0185475834206642));
#3817=CARTESIAN_POINT('',(0.00291103460625398,-0.0115455099612736,0.0184269079011836));
#3818=CARTESIAN_POINT('',(0.00280073740574372,-0.0115716536718101,0.0181706673006678));
#3819=CARTESIAN_POINT('',(0.00275857014064984,-0.0115813359123976,0.0180378177675851));
#3820=CARTESIAN_POINT('',(0.00269884693722829,-0.0115949361905217,0.0177683662470368));
#3821=CARTESIAN_POINT('',(0.002680992158109,-0.0115989195069247,0.0176309790200973));
#3822=CARTESIAN_POINT('',(0.00267480508454886,-0.011600303793927,0.0174910326035207));
#3823=CARTESIAN_POINT('',(0.00264118823520991,-0.0114500532177325,0.0174910326035207));
#3824=CARTESIAN_POINT('',(0.00264858861047102,-0.0114831292099477,0.0174910326035207));
#3825=CARTESIAN_POINT('',(0.00265598898573212,-0.011516205202163,0.0174910326035207));
#3826=CARTESIAN_POINT('',(0.00266338936099323,-0.0115492811943783,0.0174910326035207));
#3827=CARTESIAN_POINT('',(0.00266338936108522,-0.0115492811943577,0.0174910326035207));
#3828=CARTESIAN_POINT('',(0.00266338936099323,-0.0115492811943783,0.0174910326035207));
#3829=CARTESIAN_POINT('',(0.00267338470825305,-0.0115475199623137,0.0177156379933905));
#3830=CARTESIAN_POINT('',(0.00273134903537466,-0.0115385141626385,0.0180613293122809));
#3831=CARTESIAN_POINT('',(0.00295153554448861,-0.0114967000997136,0.0185300732589657));
#3832=CARTESIAN_POINT('',(0.00316506056783326,-0.0114541925843324,0.0188361804264564));
#3833=CARTESIAN_POINT('',(0.00355233861000096,-0.011363705798811,0.0191742612016143));
#3834=CARTESIAN_POINT('',(0.00411153054961195,-0.0112067315357985,0.0194225694372852));
#3835=CARTESIAN_POINT('',(0.00455317930116953,-0.0110582974235236,0.0194333926672786));
#3836=CARTESIAN_POINT('',(0.00482432511542822,-0.0109579266773751,0.0193790494047575));
#3837=CARTESIAN_POINT('',(0.00482432511258436,-0.0109579266695924,0.0193790494047575));
#3838=CARTESIAN_POINT('',(0.00482432511259343,-0.0109579266695891,0.0193790494047575));
#3839=CARTESIAN_POINT('',(0.00480713698882966,-0.0109107178586472,0.0193790494047575));
#3840=CARTESIAN_POINT('',(0.00478994886506589,-0.0108635090477052,0.0193790494047575));
#3841=CARTESIAN_POINT('',(0.00477276074130212,-0.0108163002367632,0.0193790494047575));
#3842=CARTESIAN_POINT('',(0.0026411882352099,-0.0114500532177325,0.0174910326035207));
#3843=CARTESIAN_POINT('',(0.0025998403635758,-0.0114593043315619,0.0165457542026469));
#3844=CARTESIAN_POINT('',(0.00254379060265623,-0.0114716936245351,0.0156019453575729));
#3845=CARTESIAN_POINT('',(0.00239686059669335,-0.0115026694969398,0.0137178334056015));
#3846=CARTESIAN_POINT('',(0.00230670371087122,-0.011521192629736,0.0127774519469454));
#3847=CARTESIAN_POINT('',(0.00212987892639241,-0.0115546180006044,0.0113710154775316));
#3848=CARTESIAN_POINT('',(0.00206395719903134,-0.0115667047556943,0.0109028974031148));
#3849=CARTESIAN_POINT('',(0.00190890862568889,-0.0115935266962061,0.00996895933139945));
#3850=CARTESIAN_POINT('',(0.00182092727959682,-0.0116081707879006,0.00950289397323884));
#3851=CARTESIAN_POINT('',(0.00165084977116893,-0.0116337495491181,0.00881549653364647));
#3852=CARTESIAN_POINT('',(0.00158781247873258,-0.0116428865995546,0.00858812689709426));
#3853=CARTESIAN_POINT('',(0.00147236375762462,-0.0116583715004178,0.0082528681610889));
#3854=CARTESIAN_POINT('',(0.00143031546411514,-0.0116638375610419,0.00814210432857466));
#3855=CARTESIAN_POINT('',(0.00133421064044316,-0.0116756921283487,0.00792390382779902));
#3856=CARTESIAN_POINT('',(0.00128005809815841,-0.0116820958314233,0.00781660607554403));
#3857=CARTESIAN_POINT('',(0.00115552309226053,-0.0116957161293156,0.00761456454533417));
#3858=CARTESIAN_POINT('',(0.00108482722784266,-0.0117029860274843,0.007519196304762));
#3859=CARTESIAN_POINT('',(0.000919269370705629,-0.0117180019057592,0.00734460795264367));
#3860=CARTESIAN_POINT('',(0.000827234608993605,-0.0117254681928674,0.00726848192262516));
#3861=CARTESIAN_POINT('',(0.000623898439664478,-0.011738946401944,0.00714155536481968));
#3862=CARTESIAN_POINT('',(0.000513933896090982,-0.0117448253324606,0.00709176722268249));
#3863=CARTESIAN_POINT('',(0.000284948364444919,-0.0117532934440762,0.00702291614198724));
#3864=CARTESIAN_POINT('',(0.000164903801659161,-0.0117558865661867,0.00700370431515257));
#3865=CARTESIAN_POINT('',(-7.35928382492671E-5,-0.0117569161335454,0.00699702912603628));
#3866=CARTESIAN_POINT('',(-0.000194967118896106,-0.0117553275585138,0.00700956469527579));
#3867=CARTESIAN_POINT('',(-0.000368568904267678,-0.0117503106131227,0.00705117437970801));
#3868=CARTESIAN_POINT('',(-0.000425361307812977,-0.0117482105034766,0.00706880454109274));
#3869=CARTESIAN_POINT('',(-0.000536768575522739,-0.0117432679100598,0.00711169729707392));
#3870=CARTESIAN_POINT('',(-0.000591754476861534,-0.0117404003726641,0.0071371978565707));
#3871=CARTESIAN_POINT('',(-0.00074922234718306,-0.0117311067296753,0.00722344173808844));
#3872=CARTESIAN_POINT('',(-0.000845045974585746,-0.0117239874514955,0.00729391423535932));
#3873=CARTESIAN_POINT('',(-0.00101944936121837,-0.0117092357219793,0.00745942299051135));
#3874=CARTESIAN_POINT('',(-0.00109510178244863,-0.0117018671542102,0.00755187037156358));
#3875=CARTESIAN_POINT('',(-0.00122787894341297,-0.0116879877216744,0.00774955127057345));
#3876=CARTESIAN_POINT('',(-0.00128552021393072,-0.0116814116450584,0.00785555766513692));
#3877=CARTESIAN_POINT('',(-0.00138705198340606,-0.0116692821149184,0.00807156540600511));
#3878=CARTESIAN_POINT('',(-0.00143140883502082,-0.0116636698004906,0.00818211075634828));
#3879=CARTESIAN_POINT('',(-0.00155296842701435,-0.0116477603338742,0.00851831715748832));
#3880=CARTESIAN_POINT('',(-0.0016191317786896,-0.0116383416968449,0.0087487708113292));
#3881=CARTESIAN_POINT('',(-0.00179608490068598,-0.0116121564778592,0.00944202105569882));
#3882=CARTESIAN_POINT('',(-0.00188626722309629,-0.0115972966009778,0.0099095811851508));
#3883=CARTESIAN_POINT('',(-0.00204583919233347,-0.0115699525928914,0.0108487507582997));
#3884=CARTESIAN_POINT('',(-0.00211381572184769,-0.011557578671675,0.01132083900793));
#3885=CARTESIAN_POINT('',(-0.00229620814129869,-0.0115233043873408,0.0127398848656483));
#3886=CARTESIAN_POINT('',(-0.0023891979996095,-0.0115042531775946,0.0136883765247623));
#3887=CARTESIAN_POINT('',(-0.00254084965192069,-0.0114723432452484,0.01558834135475));
#3888=CARTESIAN_POINT('',(-0.00259874336125578,-0.0114595501841814,0.0165398855460209));
#3889=CARTESIAN_POINT('',(-0.00264131730019446,-0.0114500243402933,0.017492757833439));
#3890=CARTESIAN_POINT('',(0.00267461290041493,-0.0115994448252513,0.0174910326035207));
#3891=CARTESIAN_POINT('',(0.00263282438270235,-0.0116087945286058,0.0165457540554111));
#3892=CARTESIAN_POINT('',(0.00257617382278413,-0.0116213166930015,0.0156019453575729));
#3893=CARTESIAN_POINT('',(0.00242763608371764,-0.0116526315086681,0.0137178334056015));
#3894=CARTESIAN_POINT('',(0.00233648184121691,-0.0116713598500254,0.0127774519469454));
#3895=CARTESIAN_POINT('',(0.00215764128633825,-0.0117051662640456,0.0113710154775316));
#3896=CARTESIAN_POINT('',(0.00209096036724922,-0.0117173923117091,0.0109028974031148));
#3897=CARTESIAN_POINT('',(0.00193409488122918,-0.011744528560974,0.00996895933139945));
#3898=CARTESIAN_POINT('',(0.00184507106467079,-0.0117593464349126,0.00950289397323884));
#3899=CARTESIAN_POINT('',(0.00167292861590733,-0.0117852357522775,0.00881549653364647));
#3900=CARTESIAN_POINT('',(0.0016091196882685,-0.0117944847351836,0.00858812689709426));
#3901=CARTESIAN_POINT('',(0.00149223628508741,-0.0118101620670192,0.0082528681610889));
#3902=CARTESIAN_POINT('',(0.00144966274993345,-0.0118156964305774,0.00814210432857466));
#3903=CARTESIAN_POINT('',(0.00135234550304442,-0.0118277005507587,0.00792390382779902));
#3904=CARTESIAN_POINT('',(0.00129750408427892,-0.0118341857712678,0.00781660607554403));
#3905=CARTESIAN_POINT('',(0.00117136422261791,-0.0118479815910021,0.00761456454533417));
#3906=CARTESIAN_POINT('',(0.00109974853285128,-0.0118553461953589,0.007519196304762));
#3907=CARTESIAN_POINT('',(0.000932003786287321,-0.0118705604216072,0.00734460795264367));
#3908=CARTESIAN_POINT('',(0.00083873879127611,-0.0118781267160572,0.00726848192262516));
#3909=CARTESIAN_POINT('',(0.000632644423377815,-0.0118917877532903,0.00714155536481968));
#3910=CARTESIAN_POINT('',(0.000521178382882395,-0.0118977472093377,0.00709176722268249));
#3911=CARTESIAN_POINT('',(0.000289018623452341,-0.0119063327070387,0.00702291614198724));
#3912=CARTESIAN_POINT('',(0.000167285236706135,-0.0119089628539769,0.00700370431515257));
#3913=CARTESIAN_POINT('',(-7.4652577555899E-5,-0.0119100072765587,0.00699702912603628));
#3914=CARTESIAN_POINT('',(-0.000197771435159625,-0.0119083955699927,0.00700956469527579));
#3915=CARTESIAN_POINT('',(-0.000373800024291701,-0.0119033084920168,0.00705117437970801));
#3916=CARTESIAN_POINT('',(-0.00043137927974472,-0.0119011792391284,0.00706880454109274));
#3917=CARTESIAN_POINT('',(-0.000544320527981063,-0.0118961685905263,0.00711169729707392));
#3918=CARTESIAN_POINT('',(-0.000600058584975427,-0.0118932617990801,0.0071371978565707));
#3919=CARTESIAN_POINT('',(-0.000759671979225522,-0.0118838415287775,0.00722344173808844));
#3920=CARTESIAN_POINT('',(-0.000856788214778665,-0.0118766260318492,0.00729391423535932));
#3921=CARTESIAN_POINT('',(-0.0010335120712635,-0.0118616780277979,0.00745942299051135));
#3922=CARTESIAN_POINT('',(-0.00111015595982774,-0.0118542127561978,0.00755187037156358));
#3923=CARTESIAN_POINT('',(-0.00124465585485923,-0.0118401532432088,0.00774955127057345));
#3924=CARTESIAN_POINT('',(-0.00130303506074041,-0.0118334929126795,0.00785555766513692));
#3925=CARTESIAN_POINT('',(-0.00140585563186545,-0.011821209415377,0.00807156540600511));
#3926=CARTESIAN_POINT('',(-0.00145076909999192,-0.0118155266441824,0.00818211075634828));
#3927=CARTESIAN_POINT('',(-0.00157384603028478,-0.0117994185914847,0.00851831715748832));
#3928=CARTESIAN_POINT('',(-0.00164082232772898,-0.0117898841284163,0.0087487708113292));
#3929=CARTESIAN_POINT('',(-0.00181993155515086,-0.011763379852654,0.00944202105569882));
#3930=CARTESIAN_POINT('',(-0.0019111853199242,-0.0117483431294429,0.0099095811851508));
#3931=CARTESIAN_POINT('',(-0.00207263224311819,-0.0117206778321201,0.0108487507582997));
#3932=CARTESIAN_POINT('',(-0.00214139342553315,-0.0117081609754234,0.01132083900793));
#3933=CARTESIAN_POINT('',(-0.00232586921830687,-0.0116734951938446,0.0127398848656483));
#3934=CARTESIAN_POINT('',(-0.0024198889533145,-0.0116542326629698,0.0136883765247623));
#3935=CARTESIAN_POINT('',(-0.00257320133306829,-0.0116219732870169,0.01558834135475));
#3936=CARTESIAN_POINT('',(-0.00263171569795379,-0.011609042999414,0.0165398853859297));
#3937=CARTESIAN_POINT('',(-0.00267474334053759,-0.011599415640134,0.017492757833439));
#3938=CARTESIAN_POINT('',(-0.00264131730019446,-0.0114500243402933,0.017492757833439));
#3939=CARTESIAN_POINT('',(-0.00264871836839448,-0.011483102000323,0.017492757833439));
#3940=CARTESIAN_POINT('',(-0.00265611943659451,-0.0115161796603528,0.017492757833439));
#3941=CARTESIAN_POINT('',(-0.00266352050479454,-0.0115492573203826,0.017492757833439));
#3942=CARTESIAN_POINT('',(-0.00266352050488657,-0.011549257320362,0.017492757833439));
#3943=CARTESIAN_POINT('',(-0.00266352050479454,-0.0115492573203826,0.017492757833439));
#3944=CARTESIAN_POINT('',(-0.0026568909669098,-0.0115506924012735,0.0173456497773439));
#3945=CARTESIAN_POINT('',(-0.00263422282281352,-0.0115555357006264,0.0168523231182561));
#3946=CARTESIAN_POINT('',(-0.00256981995724383,-0.0115691354603852,0.0157396296014193));
#3947=CARTESIAN_POINT('',(-0.00248066677386051,-0.0115874367313363,0.0145520469163615));
#3948=CARTESIAN_POINT('',(-0.00238989722848577,-0.0116057136877725,0.0135160581554113));
#3949=CARTESIAN_POINT('',(-0.00228455714768409,-0.0116260898055896,0.0125224073936262));
#3950=CARTESIAN_POINT('',(-0.00217879788107884,-0.0116457194874444,0.0116722965190338));
#3951=CARTESIAN_POINT('',(-0.0020769369581414,-0.0116639349011614,0.0109503058125315));
#3952=CARTESIAN_POINT('',(-0.00198434933299402,-0.0116798258130698,0.010379676518775));
#3953=CARTESIAN_POINT('',(-0.00185687247967211,-0.011701181505161,0.00967401616533135));
#3954=CARTESIAN_POINT('',(-0.00169713321384595,-0.0117263608429516,0.00896365955369796));
#3955=CARTESIAN_POINT('',(-0.00154600370139554,-0.0117485709565249,0.00845864989363381));
#3956=CARTESIAN_POINT('',(-0.00145888657235944,-0.0117608949146517,0.00822203602796152));
#3957=CARTESIAN_POINT('',(-0.00141411595081363,-0.0117672722879531,0.00811159282141205));
#3958=CARTESIAN_POINT('',(-0.0013858023540068,-0.0117712697507804,0.00804369808708707));
#3959=CARTESIAN_POINT('',(-0.00128896918795726,-0.0117859746146338,0.00783592241643803));
#3960=CARTESIAN_POINT('',(-0.00113169380846399,-0.0118106708801412,0.00757087955277813));
#3961=CARTESIAN_POINT('',(-0.000813944057861542,-0.0118592754913532,0.00722361770071707));
#3962=CARTESIAN_POINT('',(-0.000359756880777028,-0.0119022213535314,0.0070254913121522));
#3963=CARTESIAN_POINT('',(2.53491793010039E-5,-0.0119120515777459,0.00698571147154512));
#3964=CARTESIAN_POINT('',(0.000398120135386853,-0.0119001485092449,0.00703120246202788));
#3965=CARTESIAN_POINT('',(0.000858933682617879,-0.0118541486479771,0.00724786805763149));
#3966=CARTESIAN_POINT('',(0.00115632938737533,-0.0118074882438324,0.00758224949026039));
#3967=CARTESIAN_POINT('',(0.00130156910405681,-0.0117847571127988,0.00783694139034698));
#3968=CARTESIAN_POINT('',(0.00137149481177863,-0.0117738959381847,0.00797940017700887));
#3969=CARTESIAN_POINT('',(0.00142738836706496,-0.0117655662521933,0.00810812802066408));
#3970=CARTESIAN_POINT('',(0.00144578655052452,-0.0117629471445715,0.00815397042024998));
#3971=CARTESIAN_POINT('',(0.00149079899473134,-0.0117564769884537,0.00826897416501647));
#3972=CARTESIAN_POINT('',(0.00157523703467655,-0.0117443802249634,0.00850674351091914));
#3973=CARTESIAN_POINT('',(0.0017221711782683,-0.0117225496938855,0.00901133357496864));
#3974=CARTESIAN_POINT('',(0.00190795551715669,-0.0116929740329867,0.0098555649723727));
#3975=CARTESIAN_POINT('',(0.00209915169050135,-0.011660275356937,0.0109984841061735));
#3976=CARTESIAN_POINT('',(0.00225910972768018,-0.0116310104634393,0.0122269845240197));
#3977=CARTESIAN_POINT('',(0.00241187268836643,-0.0116015642291085,0.0136561388824493));
#3978=CARTESIAN_POINT('',(0.00253663203124029,-0.0115760962295378,0.0151959336176053));
#3979=CARTESIAN_POINT('',(0.00262217316854114,-0.0115581514284236,0.0165979201218145));
#3980=CARTESIAN_POINT('',(0.00265241728971631,-0.0115516559117407,0.0172423443143747));
#3981=CARTESIAN_POINT('',(0.00266338936167791,-0.011549281196575,0.0174910326035207));
#3982=CARTESIAN_POINT('',(-0.00264131730019446,-0.0114500243402933,0.017492757833439));
#3983=CARTESIAN_POINT('',(-0.0026538116807404,-0.0114472287446175,0.0177724018904612));
#3984=CARTESIAN_POINT('',(-0.00271319768482418,-0.0114341832895473,0.0180477757281151));
#3985=CARTESIAN_POINT('',(-0.002876135253084,-0.0113955449213132,0.018428536213681));
#3986=CARTESIAN_POINT('',(-0.00294356016529771,-0.0113792354135669,0.0185512585771795));
#3987=CARTESIAN_POINT('',(-0.00310029400717976,-0.0113397866375051,0.0187762336005263));
#3988=CARTESIAN_POINT('',(-0.00319108195315098,-0.0113162678483755,0.018880754271548));
#3989=CARTESIAN_POINT('',(-0.00339252178375813,-0.0112617112458127,0.0190648134244208));
#3990=CARTESIAN_POINT('',(-0.00350193664399319,-0.011231020573608,0.0191437127401845));
#3991=CARTESIAN_POINT('',(-0.00373855425586045,-0.0111616215888977,0.0192742530316165));
#3992=CARTESIAN_POINT('',(-0.00386330249231885,-0.0111235983734452,0.0193242161259353));
#3993=CARTESIAN_POINT('',(-0.00411853283355772,-0.0110425798540997,0.0193924267961158));
#3994=CARTESIAN_POINT('',(-0.00425152185354075,-0.0109987616795832,0.0194110298579027));
#3995=CARTESIAN_POINT('',(-0.00451375397042518,-0.0109092060327765,0.0194170360758137));
#3996=CARTESIAN_POINT('',(-0.00464385991395752,-0.0108632332593447,0.0194050149893243));
#3997=CARTESIAN_POINT('',(-0.00477302146612741,-0.010816205308291,0.0193789968860634));
#3998=CARTESIAN_POINT('',(-0.00267545335121253,-0.0116025888958398,0.017492757833439));
#3999=CARTESIAN_POINT('',(-0.00268808370530339,-0.0115997628763225,0.017772401829347));
#4000=CARTESIAN_POINT('',(-0.00274812086014747,-0.0115865741724462,0.0180477757281151));
#4001=CARTESIAN_POINT('',(-0.00291278275424175,-0.0115475269044277,0.018428536213681));
#4002=CARTESIAN_POINT('',(-0.0029809145176283,-0.0115310463288566,0.0185512585771795));
#4003=CARTESIAN_POINT('',(-0.00313925716049061,-0.011491192629207,0.0187762336005263));
#4004=CARTESIAN_POINT('',(-0.00323096213976922,-0.0114674360774472,0.018880754271548));
#4005=CARTESIAN_POINT('',(-0.00343437932061487,-0.011412343942707,0.0190648134244208));
#4006=CARTESIAN_POINT('',(-0.00354484267362462,-0.0113813588082963,0.0191437127401845));
#4007=CARTESIAN_POINT('',(-0.00378364728273082,-0.0113113183861768,0.0192742530316165));
#4008=CARTESIAN_POINT('',(-0.00390951031159365,-0.0112729548779682,0.0193242161259353));
#4009=CARTESIAN_POINT('',(-0.00416692614662011,-0.0111912426108893,0.0193924267961158));
#4010=CARTESIAN_POINT('',(-0.00430101004408066,-0.011147063179586,0.0194110298579026));
#4011=CARTESIAN_POINT('',(-0.00456531747956204,-0.0110567987847377,0.0194170360758137));
#4012=CARTESIAN_POINT('',(-0.00469641033661133,-0.0110104768025642,0.0194050150114114));
#4013=CARTESIAN_POINT('',(-0.00482650888466458,-0.0109631076896415,0.0193789968860634));
#4014=CARTESIAN_POINT('',(-0.00477302146612741,-0.010816205308291,0.0193789968860634));
#4015=CARTESIAN_POINT('',(-0.00479024185590508,-0.0108635008468552,0.0193789968860634));
#4016=CARTESIAN_POINT('',(-0.00480746224568276,-0.0109107963854194,0.0193789968860634));
#4017=CARTESIAN_POINT('',(-0.00482468263546043,-0.0109580919239836,0.0193789968860634));
#4018=CARTESIAN_POINT('',(-0.0048246826354678,-0.0109580919239809,0.0193789968860637));
#4019=CARTESIAN_POINT('',(-0.0048245862968171,-0.0109578315530829,0.0193789971575584));
#4020=CARTESIAN_POINT('',(-0.00455281247462778,-0.0110584461472066,0.0194334693041745));
#4021=CARTESIAN_POINT('',(-0.00411112389369496,-0.0112068481007924,0.0194218945640534));
#4022=CARTESIAN_POINT('',(-0.00355471939829456,-0.0113630673484297,0.019175319141693));
#4023=CARTESIAN_POINT('',(-0.00316666084804028,-0.0114538712021273,0.0188377916370888));
#4024=CARTESIAN_POINT('',(-0.00295364401302337,-0.011496235087223,0.0185326073775104));
#4025=CARTESIAN_POINT('',(-0.00273288696488903,-0.011538241430292,0.0180662897724189));
#4026=CARTESIAN_POINT('',(-0.00267373270392491,-0.0115474654043449,0.0177173816351061));
#4027=CARTESIAN_POINT('',(-0.00266352050547847,-0.0115492573225755,0.017492757833439));
#4028=CARTESIAN_POINT('',(-0.00477302146612398,-0.0108162053082923,0.019378996886064));
#4029=CARTESIAN_POINT('',(-0.0054210545812094,-0.0105802552974913,0.0192484580977899));
#4030=CARTESIAN_POINT('',(-0.00605109664425899,-0.0103160423486855,0.0190973520129402));
#4031=CARTESIAN_POINT('',(-0.00698017748911933,-0.00989743982378925,0.0188478040467032));
#4032=CARTESIAN_POINT('',(-0.0072873972060457,-0.00975456341462736,0.0187608893106577));
#4033=CARTESIAN_POINT('',(-0.00789752968604183,-0.00946234272466032,0.0185816539645334));
#4034=CARTESIAN_POINT('',(-0.00820031779209792,-0.0093128074812281,0.0184891802824265));
#4035=CARTESIAN_POINT('',(-0.0085,-0.00915846237603399,0.0183930589907336));
#4036=CARTESIAN_POINT('',(-0.00482499260249127,-0.0109589432436724,0.019378996886064));
#4037=CARTESIAN_POINT('',(-0.00547755203391361,-0.0107213451930356,0.0192484658470196));
#4038=CARTESIAN_POINT('',(-0.00611105809450262,-0.0104556378276974,0.0190973520129402));
#4039=CARTESIAN_POINT('',(-0.00704379737568392,-0.0100353869740367,0.0188478040467032));
#4040=CARTESIAN_POINT('',(-0.00735190196874857,-0.00989209803816195,0.0187608893106577));
#4041=CARTESIAN_POINT('',(-0.00796425821173909,-0.00959881228515065,0.0185816539645334));
#4042=CARTESIAN_POINT('',(-0.00826834077534176,-0.00944864176336799,0.018489183598818));
#4043=CARTESIAN_POINT('',(-0.00856955282987455,-0.0092935087423987,0.0183930589907337));
#4044=CARTESIAN_POINT('',(-0.0085687273893635,-0.00929190603634248,0.0183930589907337));
#4045=CARTESIAN_POINT('',(-0.00736404629225478,-0.00991258419621107,0.0187775572656375));
#4046=CARTESIAN_POINT('',(-0.00612956536409481,-0.0104824666957794,0.0191179346872128));
#4047=CARTESIAN_POINT('',(-0.00482458764852357,-0.0109578310437607,0.019378996886064));
#4048=CARTESIAN_POINT('',(0.0085,-0.00915846237603399,0.0183930589907336));
#4049=CARTESIAN_POINT('',(0.00820029758179388,-0.00931281789012597,0.0184891867647617));
#4050=CARTESIAN_POINT('',(0.00789748888721955,-0.00946236288001408,0.0185816664620004));
#4051=CARTESIAN_POINT('',(0.00728731474071425,-0.00975460229605893,0.0187609130237365));
#4052=CARTESIAN_POINT('',(0.00698007400837585,-0.00989748777127148,0.0188478330642346));
#4053=CARTESIAN_POINT('',(0.0060509286825764,-0.0103161153766321,0.0190973946802298));
#4054=CARTESIAN_POINT('',(0.00542084187123771,-0.0105803421932626,0.0192485074633737));
#4055=CARTESIAN_POINT('',(0.00477276074130212,-0.0108163002367632,0.0193790494047575));
#4056=CARTESIAN_POINT('',(0.00856942496279447,-0.00929326047091108,0.0183930589907336));
#4057=CARTESIAN_POINT('',(0.00826819539616072,-0.00944840251112471,0.0184891900787454));
#4058=CARTESIAN_POINT('',(0.007964094579353,-0.00959858163085395,0.0185816664620004));
#4059=CARTESIAN_POINT('',(0.00735170062708381,-0.00989188421016765,0.0187609130237365));
#4060=CARTESIAN_POINT('',(0.00704357660087339,-0.0100351814729644,0.0188478330642346));
#4061=CARTESIAN_POINT('',(0.00611077909344674,-0.0104554545733907,0.0190973946802298));
#4062=CARTESIAN_POINT('',(0.00547723425738869,-0.0107211732098423,0.0192485151956162));
#4063=CARTESIAN_POINT('',(0.00482463449880293,-0.0109587764281927,0.0193790494047576));
#4064=CARTESIAN_POINT('',(0.00482432511257528,-0.0109579266695957,0.0193790494047576));
#4065=CARTESIAN_POINT('',(0.00612940011798261,-0.0104825459157368,0.0191179808942413));
#4066=CARTESIAN_POINT('',(0.00736396500390533,-0.00991262607546107,0.0187775832095866));
#4067=CARTESIAN_POINT('',(0.0085687273893658,-0.00929190603634696,0.0183930589907336));
#4068=CARTESIAN_POINT('',(0.00299999999952879,0.0177672390836883,0.010526266929599));
#4069=CARTESIAN_POINT('',(0.00376646917041639,0.0176853012337496,0.0105145241284056));
#4070=CARTESIAN_POINT('',(0.00452586717180212,0.0175718517113299,0.0104981951669402));
#4071=CARTESIAN_POINT('',(0.00602911400364282,0.0172761558265773,0.0104552991751923));
#4072=CARTESIAN_POINT('',(0.00677296323431203,0.0170938442060869,0.010428684323578));
#4073=CARTESIAN_POINT('',(0.0078751189306255,0.0167599740774024,0.0103799326962212));
#4074=CARTESIAN_POINT('',(0.00824088431132608,0.0166383557335947,0.0103621836034443));
#4075=CARTESIAN_POINT('',(0.00896425287191244,0.0163734348985479,0.0103237962270517));
#4076=CARTESIAN_POINT('',(0.0093206909390041,0.0162306096649825,0.0103032138601964));
#4077=CARTESIAN_POINT('',(0.0103727745052061,0.0157679796931165,0.0102377451350521));
#4078=CARTESIAN_POINT('',(0.0110513513983648,0.0154144155761616,0.0101886202817311));
#4079=CARTESIAN_POINT('',(0.0120254910554258,0.0147962746505113,0.0101138912368003));
#4080=CARTESIAN_POINT('',(0.0123432434889229,0.0145748826879963,0.010088866026423));
#4081=CARTESIAN_POINT('',(0.0129505610805465,0.0141064868634214,0.0100425837993379));
#4082=CARTESIAN_POINT('',(0.0132413930695918,0.0138585331274762,0.0100212344596986));
#4083=CARTESIAN_POINT('',(0.0137948820804195,0.0133321753758963,0.00998621217780468));
#4084=CARTESIAN_POINT('',(0.0140573815959072,0.0130535997885871,0.00997260360029988));
#4085=CARTESIAN_POINT('',(0.0145521028864753,0.0124634389080941,0.00995820813492385));
#4086=CARTESIAN_POINT('',(0.0147850639504147,0.0121506612979058,0.00995767741887071));
#4087=CARTESIAN_POINT('',(0.0154198895971062,0.0111891455015592,0.00998183082633116));
#4088=CARTESIAN_POINT('',(0.0157653061129659,0.0105101872127908,0.0100327895069801));
#4089=CARTESIAN_POINT('',(0.0161794268201833,0.00944141872391076,0.0101612265425764));
#4090=CARTESIAN_POINT('',(0.0163002524659755,0.00907575909382699,0.0102128035185673));
#4091=CARTESIAN_POINT('',(0.0165063350931366,0.00833834500691172,0.0103315125871958));
#4092=CARTESIAN_POINT('',(0.016591194975736,0.00796859050251261,0.0103982530847539));
#4093=CARTESIAN_POINT('',(0.0167980618143015,0.00686101917596642,0.0106185512041742));
#4094=CARTESIAN_POINT('',(0.0168732884030032,0.00612299890393459,0.0107922487422139));
#4095=CARTESIAN_POINT('',(0.0169142341861925,0.00501827539452175,0.0110913689535971));
#4096=CARTESIAN_POINT('',(0.0169157794427443,0.00465041678882347,0.0111975456907238));
#4097=CARTESIAN_POINT('',(0.0168975412166152,0.00391582560724293,0.0114231622429648));
#4098=CARTESIAN_POINT('',(0.0168776562517702,0.00354873536763768,0.0115424747116768));
#4099=CARTESIAN_POINT('',(0.0167882366657555,0.00246375406287266,0.0119144862926053));
#4100=CARTESIAN_POINT('',(0.0166887291318836,0.0017569550425235,0.0121823216238127));
#4101=CARTESIAN_POINT('',(0.016411361086653,0.000376489705079109,0.0127585598163249));
#4102=CARTESIAN_POINT('',(0.016233542280132,-0.000297183482960745,0.0130669666854106));
#4103=CARTESIAN_POINT('',(0.0159042193199035,-0.00128100373413924,0.0135625098622165));
#4104=CARTESIAN_POINT('',(0.0157834255586822,-0.00160572663865114,0.0137336749889053));
#4105=CARTESIAN_POINT('',(0.0155216666629301,-0.00224065766824998,0.014080592067313));
#4106=CARTESIAN_POINT('',(0.0153809699374957,-0.00255047564467083,0.0142560332921668));
#4107=CARTESIAN_POINT('',(0.0149276233086594,-0.00345859899484865,0.0147836666433835));
#4108=CARTESIAN_POINT('',(0.0145839491732056,-0.00403607473136421,0.0151365909865406));
#4109=CARTESIAN_POINT('',(0.0139916118194018,-0.00486115465666754,0.0156504714593113));
#4110=CARTESIAN_POINT('',(0.0137810562794685,-0.0051293870002051,0.0158187462571453));
#4111=CARTESIAN_POINT('',(0.0133322589011358,-0.00565112184287183,0.0161495524399689));
#4112=CARTESIAN_POINT('',(0.0130942461204643,-0.00590486969890539,0.0163119266205468));
#4113=CARTESIAN_POINT('',(0.0125905380100613,-0.00639870562204844,0.0166291617477424));
#4114=CARTESIAN_POINT('',(0.0123263007773367,-0.0066372615496409,0.0167830846803297));
#4115=CARTESIAN_POINT('',(0.0117783165492298,-0.00709552102699886,0.0170787961593392));
#4116=CARTESIAN_POINT('',(0.0114939442438354,-0.00731580288635999,0.0172209607413717));
#4117=CARTESIAN_POINT('',(0.0112,-0.00752809463712461,0.0173576212699108));
#4118=CARTESIAN_POINT('',(0.00301638172084622,0.0179204782077961,0.010526266929599));
#4119=CARTESIAN_POINT('',(0.00378714448916575,0.0178380813594326,0.0105145242365234));
#4120=CARTESIAN_POINT('',(0.00455093208214947,0.0177239868072037,0.0104981951669402));
#4121=CARTESIAN_POINT('',(0.00606353836096999,0.0174264498741968,0.0104552991751923));
#4122=CARTESIAN_POINT('',(0.00681233542039083,0.0172429454212424,0.010428684323578));
#4123=CARTESIAN_POINT('',(0.00792245197294909,0.0169066637529653,0.0103799326962212));
#4124=CARTESIAN_POINT('',(0.00829098548815457,0.0167841294692061,0.0103621836034443));
#4125=CARTESIAN_POINT('',(0.00902014856217078,0.0165170864969526,0.0103237962270517));
#4126=CARTESIAN_POINT('',(0.00937958570072433,0.0163730658437673,0.0103032138601964));
#4127=CARTESIAN_POINT('',(0.0104410891977962,0.0159062936701852,0.0102377451350521));
#4128=CARTESIAN_POINT('',(0.0111264743693182,0.0155492671283374,0.0101886202817311));
#4129=CARTESIAN_POINT('',(0.0121117862346414,0.0149240368709812,0.0101138912368003));
#4130=CARTESIAN_POINT('',(0.0124334095490974,0.0146999650241709,0.010088866026423));
#4131=CARTESIAN_POINT('',(0.0130486328396284,0.01422547190156,0.0100425837993379));
#4132=CARTESIAN_POINT('',(0.0133435656546354,0.0139740419044321,0.0100212344596986));
#4133=CARTESIAN_POINT('',(0.0139051141606936,0.0134400197228357,0.00998621217780468));
#4134=CARTESIAN_POINT('',(0.014171717781819,0.0131570997016379,0.00997260360029988));
#4135=CARTESIAN_POINT('',(0.0146739754498881,0.0125579485567949,0.00995820813492385));
#4136=CARTESIAN_POINT('',(0.0149104847573016,0.012240403753879,0.00995767741887071));
#4137=CARTESIAN_POINT('',(0.0155548770653245,0.0112643981585832,0.00998183082633116));
#4138=CARTESIAN_POINT('',(0.0159052621829223,0.0105755353246746,0.0100327895069801));
#4139=CARTESIAN_POINT('',(0.0163250016234021,0.00949226593073583,0.0101612265425764));
#4140=CARTESIAN_POINT('',(0.0164473922965484,0.00912183797276455,0.0102128035185673));
#4141=CARTESIAN_POINT('',(0.0166560454668824,0.00837522585313373,0.0103315125871958));
#4142=CARTESIAN_POINT('',(0.0167419074148963,0.00800106206678414,0.0103982530847539));
#4143=CARTESIAN_POINT('',(0.0169511144659142,0.00688096117180591,0.0106185512041742));
#4144=CARTESIAN_POINT('',(0.0170270453039518,0.00613544170663035,0.0107922487422139));
#4145=CARTESIAN_POINT('',(0.0170683655102434,0.00502061620449797,0.0110913689535971));
#4146=CARTESIAN_POINT('',(0.0170699183507608,0.00464957710652462,0.0111975456907238));
#4147=CARTESIAN_POINT('',(0.0170515318834879,0.00390901513391127,0.0114231622429648));
#4148=CARTESIAN_POINT('',(0.0170314876246389,0.00353898725206702,0.0115424747116768));
#4149=CARTESIAN_POINT('',(0.0169413484869297,0.00244527519634325,0.0119144862926053));
#4150=CARTESIAN_POINT('',(0.016841026266265,0.00173259189805701,0.0121823216238127));
#4151=CARTESIAN_POINT('',(0.0165612491773878,0.000340136710636082,0.0127585598163249));
#4152=CARTESIAN_POINT('',(0.0163818332070938,-0.00033968315355612,0.0130669666854106));
#4153=CARTESIAN_POINT('',(0.0160492868385875,-0.00133313302284348,0.0135625098622165));
#4154=CARTESIAN_POINT('',(0.0159272756642918,-0.00166114030253387,0.0137336749889053));
#4155=CARTESIAN_POINT('',(0.0156627749591182,-0.00230272195569207,0.014080592067313));
#4156=CARTESIAN_POINT('',(0.0155205548467601,-0.00261590589594791,0.0142560332921668));
#4157=CARTESIAN_POINT('',(0.0150621102900209,-0.00353424118346393,0.0147836666433835));
#4158=CARTESIAN_POINT('',(0.0147142478788718,-0.00411883669544824,0.0151365909865406));
#4159=CARTESIAN_POINT('',(0.0141142490301872,-0.00495458848803013,0.0156504714593113));
#4160=CARTESIAN_POINT('',(0.0139008080853864,-0.00522649577760711,0.0158187462571453));
#4161=CARTESIAN_POINT('',(0.0134461750283933,-0.00575501469931417,0.0161495524399689));
#4162=CARTESIAN_POINT('',(0.0132051658611992,-0.00601194631832915,0.0163119266205468));
#4163=CARTESIAN_POINT('',(0.0126953984394381,-0.00651172279624263,0.0166291617477424));
#4164=CARTESIAN_POINT('',(0.0124281280977655,-0.00675300567749904,0.0167830846803297));
#4165=CARTESIAN_POINT('',(0.0118742184142435,-0.00721622039984821,0.0170787961593392));
#4166=CARTESIAN_POINT('',(0.0115869454222428,-0.00743873802421724,0.0172209608024619));
#4167=CARTESIAN_POINT('',(0.011290230907765,-0.00765303051361548,0.0173576212699108));
#4168=CARTESIAN_POINT('',(0.00299999999952879,0.0177672390858462,0.010526266929599));
#4169=CARTESIAN_POINT('',(0.00313333549084402,0.0177672390858462,0.010524247225705));
#4170=CARTESIAN_POINT('',(0.00326666886602795,0.0177672390880041,0.0105220933165901));
#4171=CARTESIAN_POINT('',(0.0034,0.0177672390880041,0.0105198039425418));
#4172=CARTESIAN_POINT('',(0.0034,0.0177672390880041,0.0105198039425418));
#4173=CARTESIAN_POINT('',(0.0112856666845368,-0.00764670288023868,0.0173576195419451));
#4174=CARTESIAN_POINT('',(0.0112998116604046,-0.00763652131514734,0.0173511090571704));
#4175=CARTESIAN_POINT('',(0.0113940365368485,-0.00756848171587839,0.0173078178483182));
#4176=CARTESIAN_POINT('',(0.0116715595350285,-0.00736010070220013,0.0171752347012564));
#4177=CARTESIAN_POINT('',(0.0119819325278024,-0.00711248015340505,0.0170176015693513));
#4178=CARTESIAN_POINT('',(0.0122552898273493,-0.00688428717118921,0.016872329211889));
#4179=CARTESIAN_POINT('',(0.0125161282204357,-0.00665399113512934,0.0167258124999245));
#4180=CARTESIAN_POINT('',(0.0127379300272829,-0.0064482522454958,0.0165951255270886));
#4181=CARTESIAN_POINT('',(0.0128749614844589,-0.00631618518403587,0.0165113739108773));
#4182=CARTESIAN_POINT('',(0.0129576987711097,-0.00623471382469398,0.0164597658983637));
#4183=CARTESIAN_POINT('',(0.0130185327255572,-0.00617399712931927,0.0164213321678261));
#4184=CARTESIAN_POINT('',(0.0130054394313064,-0.00618705707923574,0.0164295989706806));
#4185=CARTESIAN_POINT('',(0.0130144099486048,-0.00617809850793408,0.0164239258998646));
#4186=CARTESIAN_POINT('',(0.0130185483264599,-0.00617395787532947,0.0164212991990143));
#4187=CARTESIAN_POINT('',(0.0130409385871087,-0.00615155366900762,0.0164070952157299));
#4188=CARTESIAN_POINT('',(0.0131137061472798,-0.0060784272788234,0.0163607183461516));
#4189=CARTESIAN_POINT('',(0.0133309983164269,-0.00585520106732083,0.0162193233217571));
#4190=CARTESIAN_POINT('',(0.0136674133012676,-0.00548189656287705,0.0159841389140764));
#4191=CARTESIAN_POINT('',(0.0139530676437078,-0.0051315615243195,0.015766019509027));
#4192=CARTESIAN_POINT('',(0.0141263104230308,-0.00490705591803178,0.0156270105761393));
#4193=CARTESIAN_POINT('',(0.014241998200193,-0.00475084467689199,0.0155306352496019));
#4194=CARTESIAN_POINT('',(0.0143293049320404,-0.00462968248740952,0.015456014889225));
#4195=CARTESIAN_POINT('',(0.0144160238275666,-0.0045059996136724,0.0153800755907329));
#4196=CARTESIAN_POINT('',(0.0144264787435002,-0.00449062333257894,0.0153706692658065));
#4197=CARTESIAN_POINT('',(0.0144666995115853,-0.00443229246176011,0.0153349272801007));
#4198=CARTESIAN_POINT('',(0.0145083919765992,-0.00437080660198191,0.0152973304208884));
#4199=CARTESIAN_POINT('',(0.0146167877093946,-0.00420868675089005,0.0151983880216676));
#4200=CARTESIAN_POINT('',(0.0148523881886176,-0.00384100241771553,0.0149753283981491));
#4201=CARTESIAN_POINT('',(0.0151548759716002,-0.00331541697178042,0.0146621509261816));
#4202=CARTESIAN_POINT('',(0.0154577139265128,-0.00271402859785501,0.014315246376783));
#4203=CARTESIAN_POINT('',(0.0156829874116265,-0.00222245336027408,0.0140395083681776));
#4204=CARTESIAN_POINT('',(0.0158675403097107,-0.00177489995570472,0.0137972587751936));
#4205=CARTESIAN_POINT('',(0.016010143060269,-0.00139787712701633,0.0135998014743362));
#4206=CARTESIAN_POINT('',(0.0160990139435674,-0.00114731825494786,0.0134718893602549));
#4207=CARTESIAN_POINT('',(0.0161638853115567,-0.000956293531255058,0.0133760990467355));
#4208=CARTESIAN_POINT('',(0.0162241700825361,-0.000771159805966355,0.013284921514912));
#4209=CARTESIAN_POINT('',(0.0162360366751976,-0.000733303589372892,0.0132665714198468));
#4210=CARTESIAN_POINT('',(0.0162686998204318,-0.000629785931379624,0.0132162543659452));
#4211=CARTESIAN_POINT('',(0.016304275127441,-0.000513544386226188,0.0131604528088211));
#4212=CARTESIAN_POINT('',(0.0163953324468838,-0.000206662236612549,0.0130149506198306));
#4213=CARTESIAN_POINT('',(0.0165325305541089,0.000299223108702294,0.0127832842073849));
#4214=CARTESIAN_POINT('',(0.016710538919512,0.00109182543900368,0.0124437288444853));
#4215=CARTESIAN_POINT('',(0.0168694187546341,0.00200399606859512,0.0120819816785365));
#4216=CARTESIAN_POINT('',(0.01699378050267,0.00304154964124622,0.0117055943525313));
#4217=CARTESIAN_POINT('',(0.0170661972528232,0.00421774746567576,0.0113209227327816));
#4218=CARTESIAN_POINT('',(0.0170631412764456,0.00529530555350088,0.0110119980184422));
#4219=CARTESIAN_POINT('',(0.0170038774285263,0.0062162336280993,0.0107786687498294));
#4220=CARTESIAN_POINT('',(0.0169386262598553,0.00681272031818886,0.01064081131443));
#4221=CARTESIAN_POINT('',(0.0168734631945523,0.00724919242517042,0.0105479071765163));
#4222=CARTESIAN_POINT('',(0.0168324927332233,0.00749224921987885,0.0104982389290172));
#4223=CARTESIAN_POINT('',(0.0167932506163939,0.00770434720469145,0.0104564048887719));
#4224=CARTESIAN_POINT('',(0.0167720604415352,0.00781117249964658,0.0104359421382035));
#4225=CARTESIAN_POINT('',(0.0167356440734714,0.00798880911851417,0.0104024087809232));
#4226=CARTESIAN_POINT('',(0.0166702109043183,0.00828383636507976,0.0103487757407567));
#4227=CARTESIAN_POINT('',(0.0165612447099105,0.00871508285282926,0.0102757845676646));
#4228=CARTESIAN_POINT('',(0.0163561926938233,0.00940031669854219,0.0101722081206952));
#4229=CARTESIAN_POINT('',(0.0160413712175583,0.010242599248006,0.010068566607525));
#4230=CARTESIAN_POINT('',(0.0154126112481046,0.011534400169647,0.00996128397511187));
#4231=CARTESIAN_POINT('',(0.0143500307121576,0.0130659885939239,0.00994697023777185));
#4232=CARTESIAN_POINT('',(0.0127109022619006,0.0145710681238269,0.0100662564901197));
#4233=CARTESIAN_POINT('',(0.0107844684715341,0.0157722173661563,0.0102172345315717));
#4234=CARTESIAN_POINT('',(0.00800026099244422,0.0169845375629459,0.0103907638080024));
#4235=CARTESIAN_POINT('',(0.0057361954060958,0.0175339530494528,0.0104711165461805));
#4236=CARTESIAN_POINT('',(0.00418948452639555,0.0177676278857861,0.0105046597743414));
#4237=CARTESIAN_POINT('',(0.00418939171890168,0.0177670585583746,0.0105043464809773));
#4238=CARTESIAN_POINT('',(0.00418948452639556,0.0177676278857861,0.0105046597743414));
#4239=CARTESIAN_POINT('',(0.00404328418350878,0.0177897156215383,0.0105078303937008));
#4240=CARTESIAN_POINT('',(0.00389664288977665,0.0178106109106573,0.0105108266918764));
#4241=CARTESIAN_POINT('',(0.00374956239192739,0.0178303260001726,0.0105136511481915));
#4242=CARTESIAN_POINT('',(0.00374956239192739,0.0178303260001725,0.0105136511481915));
#4243=CARTESIAN_POINT('',(0.00374956239192739,0.0178303260001726,0.0105136511481915));
#4244=CARTESIAN_POINT('',(0.00363773902511637,0.0177886046878294,0.0105156548468581));
#4245=CARTESIAN_POINT('',(0.00351935219574328,0.0177672390879996,0.0105177545950908));
#4246=CARTESIAN_POINT('',(0.00340000000000066,0.0177672390879995,0.0105198039425418));
#4247=CARTESIAN_POINT('',(0.00117229746193018,0.0196499715127069,0.00896245621208312));
#4248=CARTESIAN_POINT('',(0.00291647157019668,0.019581571672492,0.00893739020853331));
#4249=CARTESIAN_POINT('',(0.0046505072593326,0.0193678885709641,0.00891553231638974));
#4250=CARTESIAN_POINT('',(0.00719329111839166,0.0187907240356011,0.00883576153650968));
#4251=CARTESIAN_POINT('',(0.00803765307955131,0.0185540953611733,0.00880344607177429));
#4252=CARTESIAN_POINT('',(0.00970756541713995,0.0179739549572778,0.00872522861587136));
#4253=CARTESIAN_POINT('',(0.0105442625732841,0.0176252281359221,0.0086783236110234));
#4254=CARTESIAN_POINT('',(0.0121526633635075,0.0167997842462109,0.00857711893152504));
#4255=CARTESIAN_POINT('',(0.0129304244166615,0.0163225444915733,0.0085221502004184));
#4256=CARTESIAN_POINT('',(0.0144176105622138,0.0151861072809292,0.00842396312671554));
#4257=CARTESIAN_POINT('',(0.0151261890459364,0.0145138585817355,0.00838272491223196));
#4258=CARTESIAN_POINT('',(0.0163329449048094,0.0130390382113416,0.00835860846541958));
#4259=CARTESIAN_POINT('',(0.0168563213900494,0.0122139719566548,0.00837812021434557));
#4260=CARTESIAN_POINT('',(0.0176866549593113,0.010485681085278,0.00850026395532839));
#4261=CARTESIAN_POINT('',(0.017991288138843,0.00960384967161121,0.00859718564565818));
#4262=CARTESIAN_POINT('',(0.0184304072992732,0.00779670143987344,0.00886218218786299));
#4263=CARTESIAN_POINT('',(0.0185582935980411,0.00689246807511694,0.00902807812534338));
#4264=CARTESIAN_POINT('',(0.0186780396264512,0.00513479727519056,0.00941210451476658));
#4265=CARTESIAN_POINT('',(0.0186721022470073,0.0042723536546272,0.00963211435513407));
#4266=CARTESIAN_POINT('',(0.0185115504522005,0.00172165567841977,0.0103740077808407));
#4267=CARTESIAN_POINT('',(0.0181945187330618,4.0106247778952E-5,0.0109760911355129));
#4268=CARTESIAN_POINT('',(0.0174065272767108,-0.00231020465820905,0.0119962468152871));
#4269=CARTESIAN_POINT('',(0.0170878592733449,-0.00307694534412988,0.0123644458772386));
#4270=CARTESIAN_POINT('',(0.0163343509716815,-0.00454235180427094,0.0131161516678204));
#4271=CARTESIAN_POINT('',(0.0159022597133086,-0.00523708589350099,0.0134951864474957));
#4272=CARTESIAN_POINT('',(0.0144059373685496,-0.00721241987887461,0.0145996867823579));
#4273=CARTESIAN_POINT('',(0.0131228832300657,-0.00835828750378954,0.0152958061106052));
#4274=CARTESIAN_POINT('',(0.0117340190777886,-0.00928930225993197,0.0158656933095838));
#4275=CARTESIAN_POINT('',(0.00116410157967746,0.0193034142887188,0.00930859291101493));
#4276=CARTESIAN_POINT('',(0.00288674637305726,0.0192356686878503,0.00928354765005551));
#4277=CARTESIAN_POINT('',(0.00460462303265469,0.019023600238201,0.00926163637784423));
#4278=CARTESIAN_POINT('',(0.00711736928226956,0.0184521239909888,0.00918170416356943));
#4279=CARTESIAN_POINT('',(0.00795118600989167,0.0182178408668167,0.00914931204908086));
#4280=CARTESIAN_POINT('',(0.00959711877954298,0.0176446024591018,0.00907092499629449));
#4281=CARTESIAN_POINT('',(0.0104204155980306,0.0173002910411215,0.00902390430404935));
#4282=CARTESIAN_POINT('',(0.0119972098464615,0.0164885836807967,0.00892257598973564));
#4283=CARTESIAN_POINT('',(0.0127569415765419,0.0160204262534541,0.00886759018517532));
#4284=CARTESIAN_POINT('',(0.0142012225614744,0.0149132475058649,0.00876966616787723));
#4285=CARTESIAN_POINT('',(0.0148840375363848,0.0142630610109977,0.00872873255724788));
#4286=CARTESIAN_POINT('',(0.0160448528683734,0.0128431388062608,0.00870488390569166));
#4287=CARTESIAN_POINT('',(0.0165475192383628,0.0120517733516541,0.00872416954386007));
#4288=CARTESIAN_POINT('',(0.0173491192091822,0.0103911892683197,0.00884475764870375));
#4289=CARTESIAN_POINT('',(0.0176451886438587,0.00954252799173339,0.00894049893742395));
#4290=CARTESIAN_POINT('',(0.0180756145051047,0.00779779824282044,0.00920252601251222));
#4291=CARTESIAN_POINT('',(0.018203303489544,0.00692213319365829,0.00936665438553999));
#4292=CARTESIAN_POINT('',(0.018326978138194,0.00521546636057146,0.00974684230988793));
#4293=CARTESIAN_POINT('',(0.018325142158343,0.00437558926157133,0.00996468034408904));
#4294=CARTESIAN_POINT('',(0.0181798007795554,0.00188726958550416,0.0106998061795222));
#4295=CARTESIAN_POINT('',(0.0178796202210858,0.000245555160636765,0.0112971998186595));
#4296=CARTESIAN_POINT('',(0.0171299048073499,-0.00204566332956441,0.0123086634632225));
#4297=CARTESIAN_POINT('',(0.0168263805404823,-0.00279378480029975,0.0126742293438739));
#4298=CARTESIAN_POINT('',(0.0161058944189758,-0.00422834489416361,0.0134234179627026));
#4299=CARTESIAN_POINT('',(0.0156917292502647,-0.00491032306525143,0.0138024090748271));
#4300=CARTESIAN_POINT('',(0.0142528557966721,-0.00685716668386943,0.0149114991007667));
#4301=CARTESIAN_POINT('',(0.0130064228460104,-0.00799999844742476,0.0156143810772715));
#4302=CARTESIAN_POINT('',(0.0116365633870076,-0.00893226378782289,0.0161899820937919));
#4303=CARTESIAN_POINT('',(0.00113459136018436,0.0180555950263797,0.0105548980243787));
#4304=CARTESIAN_POINT('',(0.00277971737178421,0.0179902050897481,0.0105299274495087));
#4305=CARTESIAN_POINT('',(0.00443941158149131,0.017783950380447,0.010507823976206));
#4306=CARTESIAN_POINT('',(0.00684400395329131,0.017232955470899,0.0104273104987705));
#4307=CARTESIAN_POINT('',(0.00763985135110815,0.0170071177709953,0.0103946423980036));
#4308=CARTESIAN_POINT('',(0.00919944292022,0.0164587307967138,0.0103156446920745));
#4309=CARTESIAN_POINT('',(0.00997449027716917,0.0161303175479288,0.0102682074540106));
#4310=CARTESIAN_POINT('',(0.0114374815258799,0.0153680701462472,0.0101664339782822));
#4311=CARTESIAN_POINT('',(0.0121322965984475,0.0149326146860286,0.0101113866987824));
#4312=CARTESIAN_POINT('',(0.0134220926032114,0.0139307844098008,0.0100144098464147));
#4313=CARTESIAN_POINT('',(0.0140121430926742,0.0133600354266132,0.00997457299710036));
#4314=CARTESIAN_POINT('',(0.0150075442581116,0.0121377804001437,0.00995168857325567));
#4315=CARTESIAN_POINT('',(0.0154356414691103,0.0114677585638069,0.00997016007355819));
#4316=CARTESIAN_POINT('',(0.0161337828041514,0.0100509605811866,0.0100851469310313));
#4317=CARTESIAN_POINT('',(0.0163990174875998,0.00932173220952473,0.0101766380475901));
#4318=CARTESIAN_POINT('',(0.016798142122311,0.00780174740835365,0.0104279732137802));
#4319=CARTESIAN_POINT('',(0.016925120653749,0.0070289458750085,0.0105857372670975));
#4320=CARTESIAN_POINT('',(0.0170629407527613,0.00550592470812855,0.010952104355153));
#4321=CARTESIAN_POINT('',(0.0170758723352643,0.00474730097319493,0.0111621225507217));
#4322=CARTESIAN_POINT('',(0.0169852978139632,0.00248358156247853,0.0118728808966949));
#4323=CARTESIAN_POINT('',(0.0167457918033612,0.000985297671095496,0.012453388674063));
#4324=CARTESIAN_POINT('',(0.0161338936964224,-0.00109315175941504,0.0134335556431715));
#4325=CARTESIAN_POINT('',(0.0158848961997342,-0.00177423259804145,0.0137896404507993));
#4326=CARTESIAN_POINT('',(0.015283310247181,-0.0030977267918184,0.0145297657023611));
#4327=CARTESIAN_POINT('',(0.014933690032175,-0.00373377580816659,0.0149085995844315));
#4328=CARTESIAN_POINT('',(0.0137016679382871,-0.00557803657475322,0.0160342153225424));
#4329=CARTESIAN_POINT('',(0.0125870937988441,-0.00670993736927926,0.016761446994209));
#4330=CARTESIAN_POINT('',(0.0112856629302758,-0.00764670558255212,0.0173576212699108));
#4331=CARTESIAN_POINT('',(0.0011342142991669,0.0180396512615165,0.0105708224425016));
#4332=CARTESIAN_POINT('',(0.00277834982980008,0.0179742914239206,0.0105458528219185));
#4333=CARTESIAN_POINT('',(0.0044373006247129,0.0177681109985419,0.0105237468928041));
#4334=CARTESIAN_POINT('',(0.00684051108164031,0.017217377785252,0.0104432259883931));
#4335=CARTESIAN_POINT('',(0.00763587333382372,0.0169916479950936,0.0104105543612659));
#4336=CARTESIAN_POINT('',(0.0091943616952508,0.0164435785551081,0.0103315488528365));
#4337=CARTESIAN_POINT('',(0.00996879255420802,0.0161153684420489,0.0102841062924405));
#4338=CARTESIAN_POINT('',(0.0114303297075036,0.0153537530052475,0.0101823271287498));
#4339=CARTESIAN_POINT('',(0.0121243153202654,0.0149187153879732,0.010127279063766));
#4340=CARTESIAN_POINT('',(0.0134121374236214,0.0139182311810895,0.0100303143136117));
#4341=CARTESIAN_POINT('',(0.0140010026331416,0.013348497195062,0.00999049147794904));
#4342=CARTESIAN_POINT('',(0.0149942902516446,0.0121287678220317,0.00996761937433403));
#4343=CARTESIAN_POINT('',(0.0154214346699008,0.0114602964298784,0.00998608047215032));
#4344=CARTESIAN_POINT('',(0.0161182540825998,0.0100466133761456,0.0101009957607884));
#4345=CARTESIAN_POINT('',(0.0163830947810874,0.00931891103490387,0.0101924325716094));
#4346=CARTESIAN_POINT('',(0.0167818194705414,0.00780179786803846,0.0104436311240393));
#4347=CARTESIAN_POINT('',(0.0169087889243061,0.00703031065300742,0.0106013138585151));
#4348=CARTESIAN_POINT('',(0.0170467897640244,0.00550963598245793,0.0109675043535568));
#4349=CARTESIAN_POINT('',(0.0170599100361469,0.00475205044638061,0.0111774226326776));
#4350=CARTESIAN_POINT('',(0.0169700352875808,0.00249120082131912,0.0118878696278535));
#4351=CARTESIAN_POINT('',(0.0167313045340643,0.000994749585328661,0.0124681616494485));
#4352=CARTESIAN_POINT('',(0.0161211673606194,-0.0010809812304271,0.0134479287314503));
#4353=CARTESIAN_POINT('',(0.015872866568998,-0.00176120547058056,0.0138038923965349));
#4354=CARTESIAN_POINT('',(0.015272799839936,-0.00308328054169387,0.0145439018427066));
#4355=CARTESIAN_POINT('',(0.0149240043353637,-0.00371874270731324,0.0149227337158008));
#4356=CARTESIAN_POINT('',(0.0136946252439845,-0.00556169274171201,0.0160485606079443));
#4357=CARTESIAN_POINT('',(0.0125817359045318,-0.00669345386793416,0.016776103403045));
#4358=CARTESIAN_POINT('',(0.0112811793688007,-0.00763027961577832,0.017372540549514));
#4359=CARTESIAN_POINT('',(0.0044,0.0187672390880041,0.00948366111893251));
#4360=CARTESIAN_POINT('',(0.0044,0.0189578965955505,0.00929604831974635));
#4361=CARTESIAN_POINT('',(0.0044,0.019148524467418,0.00910840539994105));
#4362=CARTESIAN_POINT('',(0.0044,0.0193391245209462,0.00892073422743297));
#4363=CARTESIAN_POINT('',(0.0044,0.0187672390880041,0.00948366111893251));
#4364=CARTESIAN_POINT('',(0.0044,0.0193391245209462,0.00892073422743296));
#4365=CARTESIAN_POINT('',(0.0044,0.0187672390880041,0.00948366111893251));
#4366=CARTESIAN_POINT('',(0.0044,0.0185758844756705,0.00967195989047894));
#4367=CARTESIAN_POINT('',(0.00429485105822549,0.0182089574266291,0.0100512520986187));
#4368=CARTESIAN_POINT('',(0.00397686288303557,0.0179150088558933,0.0103943400988082));
#4369=CARTESIAN_POINT('',(0.00374911771441568,0.0178301602111313,0.0105126764678691));
#4370=CARTESIAN_POINT('',(0.0112861252019734,-0.00764839916021039,0.0173560830372478));
#4371=CARTESIAN_POINT('',(0.0114029379303181,-0.00807635403608122,0.0169673827227625));
#4372=CARTESIAN_POINT('',(0.0115197506586628,-0.00850430891195206,0.0165786824082772));
#4373=CARTESIAN_POINT('',(0.0116365633870076,-0.00893226378782289,0.016189982093792));
#4374=CARTESIAN_POINT('',(0.00473499955935057,0.0189444411760793,0.00924987170244312));
#4375=CARTESIAN_POINT('',(0.00462344515308057,0.0189628130827184,0.00925236271928632));
#4376=CARTESIAN_POINT('',(0.00444229563491604,0.0190953047620308,0.00915384806982106));
#4377=CARTESIAN_POINT('',(0.00439999999999927,0.0192592375060172,0.00899939364794403));
#4378=CARTESIAN_POINT('',(0.00439999999999927,0.0193391245209462,0.00892073422743303));
#4379=CARTESIAN_POINT('',(0.0116365636337596,-0.00893226361907733,0.0161899819895823));
#4380=CARTESIAN_POINT('',(0.0107405294994032,-0.00954525323228795,0.0165685197160768));
#4381=CARTESIAN_POINT('',(0.00979023978899855,-0.0100799436440122,0.0168990028114628));
#4382=CARTESIAN_POINT('',(0.00882572933846796,-0.0105632972713693,0.0171939403040469));
#4383=CARTESIAN_POINT('',(0.0112856629344698,-0.00764670558836182,0.0173576212699111));
#4384=CARTESIAN_POINT('',(0.0104359556842012,-0.00826280305498123,0.0177497164554198));
#4385=CARTESIAN_POINT('',(0.00951645484072798,-0.00880323971537335,0.0180905591342415));
#4386=CARTESIAN_POINT('',(0.00856872738806957,-0.00929190603383012,0.0183930589907336));
#4387=CARTESIAN_POINT('',(0.00856872738806957,-0.00929190603383012,0.0183930589907336));
#4388=CARTESIAN_POINT('',(0.00865439470486903,-0.00971570311300985,0.0179933527618381));
#4389=CARTESIAN_POINT('',(0.0087400620216685,-0.0101395001921896,0.0175936465329425));
#4390=CARTESIAN_POINT('',(0.00882572933846796,-0.0105632972713693,0.0171939403040469));
#4391=CARTESIAN_POINT('',(0.00882572958242609,-0.0105632971490276,0.0171939402294173));
#4392=CARTESIAN_POINT('',(0.00760663417076891,-0.0111669523816384,0.0175646918872304));
#4393=CARTESIAN_POINT('',(0.00637205542919767,-0.0117353702598346,0.017901179817793));
#4394=CARTESIAN_POINT('',(0.00502216267702863,-0.0122140007796952,0.018154051039923));
#4395=CARTESIAN_POINT('',(0.0085687273893658,-0.00929190603634696,0.0183930589907336));
#4396=CARTESIAN_POINT('',(0.00737025328211312,-0.00990171644078688,0.018771585139334));
#4397=CARTESIAN_POINT('',(0.00613689430155543,-0.0104745040778636,0.0191158593428919));
#4398=CARTESIAN_POINT('',(0.00482432511257529,-0.0109579266695957,0.0193790494047575));
#4399=CARTESIAN_POINT('',(0.00482432511257529,-0.0109579266695957,0.0193790494047575));
#4400=CARTESIAN_POINT('',(0.00489027096739307,-0.0113766180396289,0.0189707166164794));
#4401=CARTESIAN_POINT('',(0.00495621682221085,-0.0117953094096621,0.0185623838282012));
#4402=CARTESIAN_POINT('',(0.00502216267702863,-0.0122140007796952,0.018154051039923));
#4403=CARTESIAN_POINT('',(0.00502216344178035,-0.0122140005106429,0.0181540508962355));
#4404=CARTESIAN_POINT('',(0.00492117054378131,-0.0122495362367869,0.0181729886937979));
#4405=CARTESIAN_POINT('',(0.00481758118227744,-0.0122851018362385,0.0181739303648353));
#4406=CARTESIAN_POINT('',(0.00461841490138076,-0.0123518189513977,0.0181230570794226));
#4407=CARTESIAN_POINT('',(0.00452798155742976,-0.0123812278937166,0.0180679502825107));
#4408=CARTESIAN_POINT('',(0.00438754080226504,-0.0124261415392508,0.0179182658002691));
#4409=CARTESIAN_POINT('',(0.00433638269543035,-0.0124421227786122,0.0178282265359725));
#4410=CARTESIAN_POINT('',(0.00426756551076965,-0.0124635126492499,0.0176359163393248));
#4411=CARTESIAN_POINT('',(0.0042499860298157,-0.0124688892047671,0.0175366213361681));
#4412=CARTESIAN_POINT('',(0.00424520993123092,-0.0124703620623263,0.0174348248498613));
#4413=CARTESIAN_POINT('',(0.00482432511542822,-0.0109579266773751,0.0193790494047575));
#4414=CARTESIAN_POINT('',(0.00459618110849197,-0.0110423779775337,0.0194234679541776));
#4415=CARTESIAN_POINT('',(0.00432650998395977,-0.011137060912222,0.0194346966667048));
#4416=CARTESIAN_POINT('',(0.00371135272351014,-0.0113245363516189,0.0192729656794047));
#4417=CARTESIAN_POINT('',(0.00339700042011937,-0.011402260690509,0.019069364527648));
#4418=CARTESIAN_POINT('',(0.00299103838848808,-0.0114901313881091,0.0186136541944871));
#4419=CARTESIAN_POINT('',(0.00286368965527216,-0.0115133739666987,0.018370608176988));
#4420=CARTESIAN_POINT('',(0.00270756111614682,-0.0115419012186641,0.0179164608963315));
#4421=CARTESIAN_POINT('',(0.00267309000623546,-0.0115475524169066,0.0176997908996036));
#4422=CARTESIAN_POINT('',(0.00266338936099323,-0.0115492811943783,0.0174910326035207));
#4423=CARTESIAN_POINT('',(0.00266338936099323,-0.0115492811943783,0.0174910326035207));
#4424=CARTESIAN_POINT('',(0.00319066288440579,-0.011856308150361,0.0174722966856342));
#4425=CARTESIAN_POINT('',(0.00371793640781835,-0.0121633351063436,0.0174535607677478));
#4426=CARTESIAN_POINT('',(0.00424520993123092,-0.0124703620623263,0.0174348248498613));
#4427=CARTESIAN_POINT('',(0.00424520993143504,-0.0124703620622636,0.0174348248500923));
#4428=CARTESIAN_POINT('',(0.00419401683174117,-0.0124860821299774,0.0163293321974522));
#4429=CARTESIAN_POINT('',(0.00412189536420057,-0.0125081269345911,0.0152252193857392));
#4430=CARTESIAN_POINT('',(0.00392564291990561,-0.0125657532270011,0.0130221499146477));
#4431=CARTESIAN_POINT('',(0.00380698590777386,-0.0126006159459882,0.0119193078031255));
#4432=CARTESIAN_POINT('',(0.0035435157796807,-0.0126708610642941,0.0102813044527112));
#4433=CARTESIAN_POINT('',(0.00344891614004807,-0.0126960756795201,0.00973636010762996));
#4434=CARTESIAN_POINT('',(0.00319864211231054,-0.0127582207027645,0.0086592976649724));
#4435=CARTESIAN_POINT('',(0.0030507074004271,-0.0127945994168674,0.00811920773131481));
#4436=CARTESIAN_POINT('',(0.00259290010141054,-0.0128928410693491,0.00709406634451944));
#4437=CARTESIAN_POINT('',(0.00224838508425715,-0.0129634833033905,0.00661880723489765));
#4438=CARTESIAN_POINT('',(0.00127422073026877,-0.0131005146776682,0.00594747488072332));
#4439=CARTESIAN_POINT('',(0.000664175693445319,-0.0131542387439566,0.00575998074436274));
#4440=CARTESIAN_POINT('',(-0.000581659208757812,-0.0131586189300614,0.0057471166476948));
#4441=CARTESIAN_POINT('',(-0.0011961013147685,-0.0131086670597291,0.00592081084328976));
#4442=CARTESIAN_POINT('',(-0.00219029969468507,-0.0129739082821242,0.00657537985178071));
#4443=CARTESIAN_POINT('',(-0.00254198263176473,-0.0129030004706812,0.00703867216277218));
#4444=CARTESIAN_POINT('',(-0.0030177007920979,-0.0128023751810222,0.00806022526630998));
#4445=CARTESIAN_POINT('',(-0.00316917223798473,-0.0127653169765401,0.00860228230997922));
#4446=CARTESIAN_POINT('',(-0.00342730896003019,-0.0127016574881497,0.00968855525169431));
#4447=CARTESIAN_POINT('',(-0.00352435718551355,-0.0126758969139876,0.0102377101463799));
#4448=CARTESIAN_POINT('',(-0.00379443946917661,-0.0126042056112913,0.0118843940907348));
#4449=CARTESIAN_POINT('',(-0.00391646525453552,-0.0125684079908689,0.0129948678220879));
#4450=CARTESIAN_POINT('',(-0.00411832862194155,-0.0125092150297931,0.0152118425616385));
#4451=CARTESIAN_POINT('',(-0.00419266856682969,-0.0124864961762919,0.0163228508999491));
#4452=CARTESIAN_POINT('',(-0.00424529026873542,-0.0124703373685499,0.0174353470085477));
#4453=CARTESIAN_POINT('',(0.00266338936167791,-0.011549281196575,0.0174910326035207));
#4454=CARTESIAN_POINT('',(0.00261530520733989,-0.0115596880888996,0.0164008946705204));
#4455=CARTESIAN_POINT('',(0.00254753476438467,-0.0115742136712408,0.0153128198010177));
#4456=CARTESIAN_POINT('',(0.00236463056132397,-0.0116110517346751,0.0131483988093403));
#4457=CARTESIAN_POINT('',(0.00225087770785004,-0.0116332289294436,0.0120624760121826));
#4458=CARTESIAN_POINT('',(0.00201547914778555,-0.0116746570163217,0.0104878834741804));
#4459=CARTESIAN_POINT('',(0.00192744560467231,-0.0116894006307677,0.00996257957383129));
#4460=CARTESIAN_POINT('',(0.00171169795829937,-0.0117235607007175,0.00896668074724701));
#4461=CARTESIAN_POINT('',(0.00158279249104277,-0.0117428432967463,0.00847966912030185));
#4462=CARTESIAN_POINT('',(0.00125948578581163,-0.0117901927337634,0.00770895843967006));
#4463=CARTESIAN_POINT('',(0.00107504499058204,-0.0118217529605432,0.00745646513339022));
#4464=CARTESIAN_POINT('',(0.000608176140813017,-0.0118832134608424,0.0071008016897231));
#4465=CARTESIAN_POINT('',(0.000320654643449972,-0.0119074378989334,0.00700335848282378));
#4466=CARTESIAN_POINT('',(-0.000274067986178682,-0.0119094208256533,0.00699648807062974));
#4467=CARTESIAN_POINT('',(-0.000563942013278346,-0.0118869312002603,0.00708661646229239));
#4468=CARTESIAN_POINT('',(-0.00103965027699087,-0.011826493225354,0.00743348155044454));
#4469=CARTESIAN_POINT('',(-0.00122401765356105,-0.01179493233127,0.00767552764860951));
#4470=CARTESIAN_POINT('',(-0.00155355169685053,-0.0117469028435864,0.00842942825902813));
#4471=CARTESIAN_POINT('',(-0.00168595900697213,-0.0117273893400602,0.00891696282761737));
#4472=CARTESIAN_POINT('',(-0.00190777968662846,-0.0116925999854491,0.00991885045998781));
#4473=CARTESIAN_POINT('',(-0.00199819474650272,-0.011677597677813,0.0104481674682197));
#4474=CARTESIAN_POINT('',(-0.00223905803031379,-0.011635447096954,0.0120302632075279));
#4475=CARTESIAN_POINT('',(-0.0023561932629229,-0.0116127179949306,0.0131237323363637));
#4476=CARTESIAN_POINT('',(-0.00254427668183699,-0.0115749176662323,0.015301482986295));
#4477=CARTESIAN_POINT('',(-0.00261411131257918,-0.0115599527196809,0.016396086702414));
#4478=CARTESIAN_POINT('',(-0.00266352050479454,-0.0115492573203826,0.017492757833439));
#4479=CARTESIAN_POINT('',(-0.00266352050479454,-0.0115492573203826,0.017492757833439));
#4480=CARTESIAN_POINT('',(-0.00319077709277483,-0.011856284003105,0.0174736208918086));
#4481=CARTESIAN_POINT('',(-0.00371803368075512,-0.0121633106858274,0.0174544839501781));
#4482=CARTESIAN_POINT('',(-0.00424529026873542,-0.0124703373685499,0.0174353470085477));
#4483=CARTESIAN_POINT('',(-0.0042452902689977,-0.0124703373684692,0.0174353470100018));
#4484=CARTESIAN_POINT('',(-0.0042502170982261,-0.0124688183046629,0.0175375287366426));
#4485=CARTESIAN_POINT('',(-0.00426794818925517,-0.0124633949468684,0.0176369631207223));
#4486=CARTESIAN_POINT('',(-0.00433687429234383,-0.0124419687697544,0.0178284242788183));
#4487=CARTESIAN_POINT('',(-0.00438809728931652,-0.0124259663207633,0.0179187114020636));
#4488=CARTESIAN_POINT('',(-0.00452870844252159,-0.012380992451184,0.0180682142918154));
#4489=CARTESIAN_POINT('',(-0.00461944054129417,-0.0123514815069974,0.018123284794014));
#4490=CARTESIAN_POINT('',(-0.00481906282079674,-0.0122845994242962,0.0181740475900263));
#4491=CARTESIAN_POINT('',(-0.00492242766468176,-0.0122490979418428,0.0181728117550993));
#4492=CARTESIAN_POINT('',(-0.00502243278616377,-0.0122139057488584,0.0181540002871785));
#4493=CARTESIAN_POINT('',(-0.00266352050547847,-0.0115492573225755,0.017492757833439));
#4494=CARTESIAN_POINT('',(-0.0026735428085426,-0.0115474765780367,0.0177030932418356));
#4495=CARTESIAN_POINT('',(-0.00270729342701266,-0.0115419580102224,0.0179172611909929));
#4496=CARTESIAN_POINT('',(-0.00286580132307219,-0.011512982171015,0.0183739576352689));
#4497=CARTESIAN_POINT('',(-0.00299127355706948,-0.0114900455086489,0.0186135636556622));
#4498=CARTESIAN_POINT('',(-0.00340039628274806,-0.0114015500430741,0.0190728016934803));
#4499=CARTESIAN_POINT('',(-0.00371379919248153,-0.011323852184143,0.0192737765952593));
#4500=CARTESIAN_POINT('',(-0.00432962261473599,-0.0111360475139318,0.0194351047391527));
#4501=CARTESIAN_POINT('',(-0.00459851619552431,-0.0110415247134679,0.0194230799077067));
#4502=CARTESIAN_POINT('',(-0.00482458765136474,-0.0109578310516097,0.0193789968860634));
#4503=CARTESIAN_POINT('',(-0.00482460963925522,-0.0109579706478293,0.0193788607437666));
#4504=CARTESIAN_POINT('',(-0.00489055068822474,-0.0113766156815057,0.0189705739249039));
#4505=CARTESIAN_POINT('',(-0.00495649173719425,-0.011795260715182,0.0185622871060412));
#4506=CARTESIAN_POINT('',(-0.00502243278616377,-0.0122139057488584,0.0181540002871785));
#4507=CARTESIAN_POINT('',(-0.00502243202120123,-0.012213906017996,0.0181540004309206));
#4508=CARTESIAN_POINT('',(-0.00637230451115258,-0.0117352596721385,0.0179011167799743));
#4509=CARTESIAN_POINT('',(-0.00760675721215516,-0.0111668913903967,0.0175646535314717));
#4510=CARTESIAN_POINT('',(-0.0088257295819935,-0.0105632971492445,0.0171939402295497));
#4511=CARTESIAN_POINT('',(-0.00482458764852358,-0.0109578310437607,0.0193789968860641));
#4512=CARTESIAN_POINT('',(-0.00613714049672273,-0.0104743923990969,0.0191157943212237));
#4513=CARTESIAN_POINT('',(-0.00737037544848717,-0.00990165494342397,0.0187715462144739));
#4514=CARTESIAN_POINT('',(-0.00856872738936351,-0.00929190603634248,0.0183930589907336));
#4515=CARTESIAN_POINT('',(-0.00856872738936351,-0.00929190603634248,0.0183930589907336));
#4516=CARTESIAN_POINT('',(-0.00865439478690684,-0.0097157030739765,0.0179933527370057));
#4517=CARTESIAN_POINT('',(-0.00874006218445017,-0.0101395001116105,0.0175936464832777));
#4518=CARTESIAN_POINT('',(-0.0088257295819935,-0.0105632971492445,0.0171939402295497));
#4519=CARTESIAN_POINT('',(-0.00882572933846802,-0.0105632972713693,0.0171939403040469));
#4520=CARTESIAN_POINT('',(-0.00979085246264944,-0.0100796255649783,0.0168988076986557));
#4521=CARTESIAN_POINT('',(-0.0107410226084422,-0.00954493425944236,0.0165683224518052));
#4522=CARTESIAN_POINT('',(-0.011636563633757,-0.00893226361907909,0.0161899819895837));
#4523=CARTESIAN_POINT('',(-0.00856872738806959,-0.00929190603383017,0.0183930589907337));
#4524=CARTESIAN_POINT('',(-0.00951705373699478,-0.0088029181570779,0.0180903586267261));
#4525=CARTESIAN_POINT('',(-0.0104364260419058,-0.00826248178235683,0.0177495123067789));
#4526=CARTESIAN_POINT('',(-0.0112856629344687,-0.00764670558835769,0.0173576212699108));
#4527=CARTESIAN_POINT('',(-0.0112856629344687,-0.00764670558835769,0.0173576212699108));
#4528=CARTESIAN_POINT('',(-0.0114026298342315,-0.00807522493193149,0.0169684081764684));
#4529=CARTESIAN_POINT('',(-0.0115195967339942,-0.00850374427550529,0.0165791950830261));
#4530=CARTESIAN_POINT('',(-0.011636563633757,-0.00893226361907909,0.0161899819895837));
#4531=CARTESIAN_POINT('',(-0.0117340194363969,-0.00928930191191074,0.0158656932242644));
#4532=CARTESIAN_POINT('',(-0.0131228592354377,-0.00835827422902376,0.0152956579815591));
#4533=CARTESIAN_POINT('',(-0.0144059218220414,-0.0072123664115058,0.014599459383461));
#4534=CARTESIAN_POINT('',(-0.0159023458820127,-0.00523702187666267,0.0134953199702638));
#4535=CARTESIAN_POINT('',(-0.0163343161924694,-0.00454238858066971,0.0131161139714554));
#4536=CARTESIAN_POINT('',(-0.0170878995218479,-0.00307688810603424,0.0123644930333741));
#4537=CARTESIAN_POINT('',(-0.0174065198035075,-0.00231021774537736,0.0119962251762394));
#4538=CARTESIAN_POINT('',(-0.0181945052098429,4.00733561987431E-5,0.0109760922764002));
#4539=CARTESIAN_POINT('',(-0.0185115116034521,0.00172165075267773,0.0103738495072881));
#4540=CARTESIAN_POINT('',(-0.0186721184069184,0.0042723833316564,0.00963214318936383));
#4541=CARTESIAN_POINT('',(-0.0186780231175979,0.00513481977709022,0.0094120811780269));
#4542=CARTESIAN_POINT('',(-0.0185583028492282,0.00689248393163489,0.00902817857701458));
#4543=CARTESIAN_POINT('',(-0.0184304042931761,0.00779671443367314,0.0088621726476997));
#4544=CARTESIAN_POINT('',(-0.017991287482929,0.00960385027722171,0.00859719121439452));
#4545=CARTESIAN_POINT('',(-0.0176866505772684,0.0104856930515879,0.00850026218569328));
#4546=CARTESIAN_POINT('',(-0.016856320037752,0.0122139713513077,0.0083781280502548));
#4547=CARTESIAN_POINT('',(-0.0163329442112265,0.0130390385835575,0.00835860397543457));
#4548=CARTESIAN_POINT('',(-0.0151261876451586,0.0145138605145748,0.00838273122736507));
#4549=CARTESIAN_POINT('',(-0.0144176063947617,0.0151861091872282,0.00842395324753237));
#4550=CARTESIAN_POINT('',(-0.0129304243389622,0.0163225456803248,0.00852216019225874));
#4551=CARTESIAN_POINT('',(-0.0121526652439254,0.0167997823486546,0.00857711818975554));
#4552=CARTESIAN_POINT('',(-0.0105442615104091,0.0176252293464043,0.0086783275665972));
#4553=CARTESIAN_POINT('',(-0.00970756484562997,0.0179739550668896,0.00872522954110666));
#4554=CARTESIAN_POINT('',(-0.00803765516260995,0.0185540945527288,0.0088034445001783));
#4555=CARTESIAN_POINT('',(-0.00719329345045723,0.0187907231973455,0.00883576194326085));
#4556=CARTESIAN_POINT('',(-0.00465050823555005,0.0193678887132081,0.00891553190312028));
#4557=CARTESIAN_POINT('',(-0.00291646823069666,0.0195815719410514,0.00893739038670184));
#4558=CARTESIAN_POINT('',(-0.00117229680568584,0.0196499714561289,0.00896245629174559));
#4559=CARTESIAN_POINT('',(-0.0116365636867512,-0.00893226358283811,0.0161899819672025));
#4560=CARTESIAN_POINT('',(-0.0130063761881493,-0.00800003158037156,0.0156142579853298));
#4561=CARTESIAN_POINT('',(-0.014252806908393,-0.00685725136700506,0.0149113424725178));
#4562=CARTESIAN_POINT('',(-0.0156917724447992,-0.0049102553956952,0.0138025510397144));
#4563=CARTESIAN_POINT('',(-0.0161058787866273,-0.00422836773644343,0.0134233687814425));
#4564=CARTESIAN_POINT('',(-0.0168264007124883,-0.00279375291904978,0.0126742931703677));
#4565=CARTESIAN_POINT('',(-0.0171298988991446,-0.00204567312650479,0.0123086410626586));
#4566=CARTESIAN_POINT('',(-0.017879623628873,0.000245549031490601,0.011297185403041));
#4567=CARTESIAN_POINT('',(-0.0181797992630006,0.00188723009137507,0.0106996576005077));
#4568=CARTESIAN_POINT('',(-0.0183251423405523,0.00437559928892603,0.00996471579368155));
#4569=CARTESIAN_POINT('',(-0.0183269782126039,0.00521546257028173,0.00974682442118819));
#4570=CARTESIAN_POINT('',(-0.0182033014469303,0.00692216406510115,0.00936675189504634));
#4571=CARTESIAN_POINT('',(-0.0180756134474673,0.00779780167698826,0.00920251824442169));
#4572=CARTESIAN_POINT('',(-0.0176451875789092,0.00954253316291579,0.00894050336912117));
#4573=CARTESIAN_POINT('',(-0.0173491187694781,0.010391191366432,0.00884475690743813));
#4574=CARTESIAN_POINT('',(-0.0165475160222504,0.0120517788205982,0.0087241764835661));
#4575=CARTESIAN_POINT('',(-0.0160448518688318,0.0128431397764944,0.00870487934602504));
#4576=CARTESIAN_POINT('',(-0.0148840365737538,0.0142630624384496,0.00872873878003191));
#4577=CARTESIAN_POINT('',(-0.0142012186393303,0.014913250771939,0.00876965623153398));
#4578=CARTESIAN_POINT('',(-0.0127569426134852,0.0160204252026236,0.00886759998072991));
#4579=CARTESIAN_POINT('',(-0.0119972103971812,0.0164885835455346,0.00892257529344216));
#4580=CARTESIAN_POINT('',(-0.0104204136321816,0.0173002919044399,0.00902390821523988));
#4581=CARTESIAN_POINT('',(-0.0095971172571397,0.0176446029834885,0.00907092588970449));
#4582=CARTESIAN_POINT('',(-0.00795118768993965,0.0182178402874928,0.00914931041713162));
#4583=CARTESIAN_POINT('',(-0.00711737135705801,0.0184521233458727,0.00918170450283703));
#4584=CARTESIAN_POINT('',(-0.00460462435048798,0.0190236002861363,0.00926163585969085));
#4585=CARTESIAN_POINT('',(-0.00288674302912519,0.0192356690437765,0.00928354774799229));
#4586=CARTESIAN_POINT('',(-0.00116410093084032,0.0193034143139344,0.00930859290913205));
#4587=CARTESIAN_POINT('',(-0.0112856629353705,-0.00764670558960851,0.0173576212699108));
#4588=CARTESIAN_POINT('',(-0.0125869654405515,-0.00671013729454857,0.0167614143216098));
#4589=CARTESIAN_POINT('',(-0.0137014988691841,-0.00557861838337057,0.0160343137768354));
#4590=CARTESIAN_POINT('',(-0.0149335783145644,-0.00373369470928836,0.0149087722068549));
#4591=CARTESIAN_POINT('',(-0.0152833633614744,-0.00309769919622158,0.0145296754291435));
#4592=CARTESIAN_POINT('',(-0.0158848438620925,-0.00177429177677455,0.0137897645637337));
#4593=CARTESIAN_POINT('',(-0.0161338931884365,-0.00109314948502111,0.013433530765793));
#4594=CARTESIAN_POINT('',(-0.016745855905984,0.000985388077544293,0.012453318517926));
#4595=CARTESIAN_POINT('',(-0.0169854304347913,0.00248341774139273,0.0118727675004596));
#4596=CARTESIAN_POINT('',(-0.0170758146934765,0.00474724033721757,0.0111621821019077));
#4597=CARTESIAN_POINT('',(-0.0170630002392313,0.00550582631821037,0.0109521063668082));
#4598=CARTESIAN_POINT('',(-0.0169250776452528,0.00702903083460675,0.0105858244703088));
#4599=CARTESIAN_POINT('',(-0.016798147779257,0.00780171642288672,0.0104279721150548));
#4600=CARTESIAN_POINT('',(-0.0163990146561748,0.00932175376754248,0.010176638676577));
#4601=CARTESIAN_POINT('',(-0.0161337962728678,0.010050927067522,0.0100851501848625));
#4602=CARTESIAN_POINT('',(-0.0154356312800699,0.0114677857663024,0.00997016408003342));
#4603=CARTESIAN_POINT('',(-0.0150075419124586,0.0121377833573719,0.00995168405653714));
#4604=CARTESIAN_POINT('',(-0.0140121435021556,0.0133600348215356,0.00997457918098838));
#4605=CARTESIAN_POINT('',(-0.013422089380703,0.0139307923403579,0.010014399997619));
#4606=CARTESIAN_POINT('',(-0.012132301501576,0.0149326053149496,0.0101113960807232));
#4607=CARTESIAN_POINT('',(-0.0114374771569506,0.0153680760922494,0.0101664337388808));
#4608=CARTESIAN_POINT('',(-0.00997448495496227,0.0161303168855058,0.0102682114986492));
#4609=CARTESIAN_POINT('',(-0.00919943788029127,0.0164587325350611,0.0103156457642472));
#4610=CARTESIAN_POINT('',(-0.00763985150669456,0.0170071177313053,0.0103946408422429));
#4611=CARTESIAN_POINT('',(-0.0068440050372973,0.0172329552338727,0.0104273108886181));
#4612=CARTESIAN_POINT('',(-0.00443941409041538,0.0177839497966547,0.0105078233741052));
#4613=CARTESIAN_POINT('',(-0.00277971398666965,0.0179902054667205,0.0105299275523065));
#4614=CARTESIAN_POINT('',(-0.0011345907310628,0.0180555950520194,0.0105548980226094));
#4615=CARTESIAN_POINT('',(-0.00374938401525785,0.0178302629820715,0.0105125342393331));
#4616=CARTESIAN_POINT('',(-0.00397670234388844,0.0179150261814321,0.0103943448539591));
#4617=CARTESIAN_POINT('',(-0.0042939290086192,0.0182072243790907,0.0100531163490612));
#4618=CARTESIAN_POINT('',(-0.0044,0.0185762262848492,0.00967162331584568));
#4619=CARTESIAN_POINT('',(-0.0044,0.0187672426029183,0.00948365746675831));
#4620=CARTESIAN_POINT('',(-0.0044,0.0187672426029183,0.00948365746675831));
#4621=CARTESIAN_POINT('',(-0.0044,0.0187672426029183,0.00948365746675831));
#4622=CARTESIAN_POINT('',(-0.0044,0.018957898938344,0.00929604585150762));
#4623=CARTESIAN_POINT('',(-0.0044,0.0191485256386104,0.00910840411616));
#4624=CARTESIAN_POINT('',(-0.0044,0.0193391245209462,0.0089207341285202));
#4625=CARTESIAN_POINT('',(-0.0044,0.0193391245209462,0.0089207341285202));
#4626=CARTESIAN_POINT('',(-0.0044,0.0193391245209462,0.0089207341285202));
#4627=CARTESIAN_POINT('',(-0.0044,0.0192592712203441,0.0089993603395102));
#4628=CARTESIAN_POINT('',(-0.0044417370152124,0.0190960016656639,0.00915325920508598));
#4629=CARTESIAN_POINT('',(-0.00462353103875638,0.0189627989415611,0.0092523606486317));
#4630=CARTESIAN_POINT('',(-0.00473499954775138,0.0189444411779883,0.00924987156028219));
#4631=CARTESIAN_POINT('',(0.0044,0.0202672390880041,0.013));
#4632=CARTESIAN_POINT('',(0.0044,0.0202672390880041,0.0126));
#4633=CARTESIAN_POINT('',(0.0044,0.0227672390880041,0.0126));
#4634=CARTESIAN_POINT('',(0.0044,0.0187672390880041,0.0126));
#4635=CARTESIAN_POINT('',(0.0044,0.0187672390880041,0.013));
#4636=CARTESIAN_POINT('',(0.0044,0.0193391245209462,0.013));
#4637=CARTESIAN_POINT('',(0.0044,0.0193391245209462,0.001));
#4638=CARTESIAN_POINT('',(0.0044,0.0202672390880041,0.001));
#4639=CARTESIAN_POINT('',(0.0044,0.0227672390880041,0.001));
#4640=CARTESIAN_POINT('',(0.0044,0.0227672390880041,0.013));
#4641=CARTESIAN_POINT('',(-0.0044,0.0202672408454612,0.013));
#4642=CARTESIAN_POINT('',(-0.0044,0.0187672426029183,0.0126));
#4643=CARTESIAN_POINT('',(-0.0044,0.0187672426029183,0.0126));
#4644=CARTESIAN_POINT('',(-0.0044,0.0227672390880041,0.0126));
#4645=CARTESIAN_POINT('',(-0.0044,0.0227672390880041,0.0126));
#4646=CARTESIAN_POINT('',(-0.0044,0.0227672390880041,0.013));
#4647=CARTESIAN_POINT('',(-0.0044,0.0227672390880041,0.001));
#4648=CARTESIAN_POINT('',(-0.0044,0.0193391245209462,0.001));
#4649=CARTESIAN_POINT('',(-0.0044,0.0193391245209462,0.001));
#4650=CARTESIAN_POINT('',(-0.0044,0.0193391245209462,0.00925573108640049));
#4651=CARTESIAN_POINT('',(0.003,0.0202672390880041,0.013));
#4652=CARTESIAN_POINT('',(-0.004,0.0177672426029183,0.013));
#4653=CARTESIAN_POINT('',(-0.004,0.0227672390880041,0.013));
#4654=CARTESIAN_POINT('',(-0.004,0.0187672426029183,0.013));
#4655=CARTESIAN_POINT('',(0.003,0.0187672426029183,0.013));
#4656=CARTESIAN_POINT('',(-0.003,0.0187672426029183,0.013));
#4657=CARTESIAN_POINT('',(-0.003,0.0202672408454612,0.013));
#4658=CARTESIAN_POINT('',(-0.003,0.0227672390880041,0.013));
#4659=CARTESIAN_POINT('',(4.33680868994202E-19,0.0227672390880041,0.013));
#4660=CARTESIAN_POINT('',(0.003,0.0227672390880041,0.013));
#4661=CARTESIAN_POINT('',(0.003,0.0202672390880041,0.013));
#4662=CARTESIAN_POINT('',(0.003,0.0187672390880041,0.013));
#4663=CARTESIAN_POINT('',(0.003,0.0187672390880041,0.013));
#4664=CARTESIAN_POINT('',(0.004,0.0187672390880041,0.013));
#4665=CARTESIAN_POINT('',(0.004,0.0202672390880041,0.013));
#4666=CARTESIAN_POINT('',(0.004,0.0227672390880041,0.013));
#4667=CARTESIAN_POINT('',(4.33680868994202E-19,0.0227672390880041,0.013));
#4668=CARTESIAN_POINT('',(0.003,0.0177672390880041,0.013));
#4669=CARTESIAN_POINT('',(0.0034,0.0177672390880041,0.013));
#4670=CARTESIAN_POINT('',(0.0034,0.0177672390880041,0.012));
#4671=CARTESIAN_POINT('',(0.003,0.0177672390880041,0.012));
#4672=CARTESIAN_POINT('',(0.003,0.0177672390880041,0.012));
#4673=CARTESIAN_POINT('',(0.003,0.0177672390880041,0.013));
#4674=CARTESIAN_POINT('',(-0.003,0.0177672426029183,0.013));
#4675=CARTESIAN_POINT('',(-0.003,0.0177672426029183,0.013));
#4676=CARTESIAN_POINT('',(-0.003,0.0177672426029183,0.012));
#4677=CARTESIAN_POINT('',(-0.003,0.0177672426029183,0.012));
#4678=CARTESIAN_POINT('',(-0.0034,0.0177672426029183,0.012));
#4679=CARTESIAN_POINT('',(-0.0034,0.0177672426029183,0.0104671229034797));
#4680=CARTESIAN_POINT('',(4.33680868994202E-19,0.0227672390880041,0.013));
#4681=CARTESIAN_POINT('',(4.33680868994202E-19,0.0227672390880041,0.001));
#4682=CARTESIAN_POINT('',(4.33680868994202E-19,0.0227672390880041,0.0126));
#4683=CARTESIAN_POINT('',(-0.003,0.0202672408454612,0.013));
#4684=CARTESIAN_POINT('',(-0.003,0.0187672426029183,0.012));
#4685=CARTESIAN_POINT('',(-0.003,0.0227672390880041,0.013));
#4686=CARTESIAN_POINT('',(4.33680868994202E-19,0.0227672390880041,0.013));
#4687=CARTESIAN_POINT('',(0.003,0.0227672390880041,0.013));
#4688=CARTESIAN_POINT('',(0.003,0.0202672390880041,0.013));
#4689=CARTESIAN_POINT('',(0.003,0.0187672390880041,0.012));
#4690=CARTESIAN_POINT('',(-0.00538221616054636,-0.0128967678748546,0.013));
#4691=CARTESIAN_POINT('',(-0.00463776152118862,-0.0112890781751554,0.));
#4692=CARTESIAN_POINT('',(-0.00474899280698814,-0.0115292880993201,2.98257557451549E-18));
#4693=CARTESIAN_POINT('',(-0.0049671786050962,-0.012000472026042,0.000215982503179366));
#4694=CARTESIAN_POINT('',(-0.00505989071968312,-0.012200688807265,0.000735251378131411));
#4695=CARTESIAN_POINT('',(-0.00505989071968312,-0.012200688807265,0.001));
#4696=CARTESIAN_POINT('',(-0.00660826668750382,-0.0155444897094594,0.0126));
#4697=CARTESIAN_POINT('',(-0.00660826668750382,-0.0155444897094594,0.0126));
#4698=CARTESIAN_POINT('',(-0.00660826668750382,-0.0155444897094594,0.013));
#4699=CARTESIAN_POINT('',(-0.0142080237308896,-0.011013918775412,0.013));
#4700=CARTESIAN_POINT('',(-0.0145936841002886,-0.011846773016202,0.013));
#4701=CARTESIAN_POINT('',(-0.0145936841002886,-0.011846773016202,0.0126));
#4702=CARTESIAN_POINT('',(-0.0142080237308896,-0.011013918775412,0.0126));
#4703=CARTESIAN_POINT('',(-0.0128306852342989,-0.00803948246069115,0.001));
#4704=CARTESIAN_POINT('',(-0.0128306852342989,-0.00803948246069115,0.00073111796455337));
#4705=CARTESIAN_POINT('',(-0.0127319916945473,-0.0078263484711945,0.00020800653374984));
#4706=CARTESIAN_POINT('',(-0.0125085690238876,-0.00734385523747805,3.69274835285891E-18));
#4707=CARTESIAN_POINT('',(-0.0123956920780726,-0.00710009142229544,7.63950900509686E-19));
#4708=CARTESIAN_POINT('',(-0.0106009753938962,-0.0136956313628307,0.013));
#4709=CARTESIAN_POINT('',(-0.0106009753938962,-0.0136956313628307,0.0126));
#4710=CARTESIAN_POINT('',(-0.00665262347621667,-0.0123084947645636,0.013));
#4711=CARTESIAN_POINT('',(-0.00787867400317412,-0.0149562165991684,0.013));
#4712=CARTESIAN_POINT('',(-0.0106009753938962,-0.0136956313628307,0.013));
#4713=CARTESIAN_POINT('',(-0.0133232767846183,-0.012435046126493,0.013));
#4714=CARTESIAN_POINT('',(-0.0129376164152193,-0.0116021918857029,0.013));
#4715=CARTESIAN_POINT('',(-0.0138450502121267,-0.0111819968069237,0.0126));
#4716=CARTESIAN_POINT('',(-0.0142307105815256,-0.0120148510477137,0.0126));
#4717=CARTESIAN_POINT('',(-0.0106009753938962,-0.0136956313628307,0.0126));
#4718=CARTESIAN_POINT('',(-0.00697124020626676,-0.0153764116779476,0.0126));
#4719=CARTESIAN_POINT('',(0.000916266549797975,0.00165708196643793,0.0126));
#4720=CARTESIAN_POINT('',(0.0048,0.0193391245209462,0.00462786544309097));
#4721=CARTESIAN_POINT('',(0.0048,0.0193391245209462,0.001));
#4722=CARTESIAN_POINT('',(-0.004,0.0202672390880041,0.0126));
#4723=CARTESIAN_POINT('',(-0.004,0.0187672426029183,0.0126));
#4724=CARTESIAN_POINT('',(-0.004,0.0227672390880041,0.0126));
#4725=CARTESIAN_POINT('',(4.33680868994202E-19,0.0227672390880041,0.0126));
#4726=CARTESIAN_POINT('',(0.004,0.0227672390880041,0.0126));
#4727=CARTESIAN_POINT('',(0.004,0.0202672390880041,0.0126));
#4728=CARTESIAN_POINT('',(0.004,0.0187672390880041,0.0126));
#4729=CARTESIAN_POINT('',(-0.0048,0.0193391245209462,0.00462786554320024));
#4730=CARTESIAN_POINT('',(-0.0048,0.0193391245209462,0.001));
#4731=CARTESIAN_POINT('',(-0.0034,0.0187672426029183,0.013));
#4732=CARTESIAN_POINT('',(-0.0034,0.0187672426029183,0.012));
#4733=CARTESIAN_POINT('',(-0.0044,0.0187672426029183,0.0126));
#4734=CARTESIAN_POINT('',(-0.0044,0.0187672426029183,0.013));
#4735=CARTESIAN_POINT('',(-0.004,0.0187672426029183,0.013));
#4736=CARTESIAN_POINT('',(-0.0044,0.0186363427878154,0.0125999999999091));
#4737=CARTESIAN_POINT('',(-0.00439999999881832,0.0185839827892511,0.0129999999988183));
#4738=CARTESIAN_POINT('',(-0.00399999999990913,0.0186363427878154,0.013));
#4739=CARTESIAN_POINT('',(-0.00434786453539887,0.018374770870514,0.0125687187212806));
#4740=CARTESIAN_POINT('',(-0.00430817262399904,0.018249640013138,0.0129081726239991));
#4741=CARTESIAN_POINT('',(-0.00396871872128063,0.018374770870514,0.0129478645353989));
#4742=CARTESIAN_POINT('',(-0.00405171358309598,0.0179299334362251,0.0123910281498327));
#4743=CARTESIAN_POINT('',(-0.00395621095867804,0.0178699421393233,0.012556210958678));
#4744=CARTESIAN_POINT('',(-0.00379102814983279,0.0179299334362251,0.0126517135830958));
#4745=CARTESIAN_POINT('',(-0.00366179950900247,0.0177672426029183,0.0121570797054018));
#4746=CARTESIAN_POINT('',(-0.00360943960722964,0.0177673660165082,0.0122094396072299));
#4747=CARTESIAN_POINT('',(-0.00355707970540152,0.0177672426029183,0.0122617995090032));
#4748=CARTESIAN_POINT('',(-0.0034,0.0177672426029183,0.012));
#4749=CARTESIAN_POINT('',(-0.0034,0.0177672426029183,0.012));
#4750=CARTESIAN_POINT('',(-0.0034,0.0177672426029183,0.012));
#4751=CARTESIAN_POINT('',(-0.0034,0.0187672426029183,0.012));
#4752=CARTESIAN_POINT('',(-0.003,0.0187672426029183,0.012));
#4753=CARTESIAN_POINT('',(0.0034,0.0187672390880041,0.013));
#4754=CARTESIAN_POINT('',(0.0034,0.0187672390880041,0.012));
#4755=CARTESIAN_POINT('',(0.004,0.0187672390880041,0.013));
#4756=CARTESIAN_POINT('',(0.0044,0.0187672390880041,0.013));
#4757=CARTESIAN_POINT('',(0.0044,0.0187672390880041,0.0126));
#4758=CARTESIAN_POINT('',(0.00399999999990913,0.0186363392729012,0.013));
#4759=CARTESIAN_POINT('',(0.00439999999881832,0.0185839792743369,0.0129999999988183));
#4760=CARTESIAN_POINT('',(0.0044,0.0186363392729012,0.0125999999999091));
#4761=CARTESIAN_POINT('',(0.00396871872128063,0.0183747673555998,0.0129478645353989));
#4762=CARTESIAN_POINT('',(0.00430817262399904,0.0182496364982237,0.0129081726239991));
#4763=CARTESIAN_POINT('',(0.00434786453539887,0.0183747673555998,0.0125687187212806));
#4764=CARTESIAN_POINT('',(0.00379102814983279,0.0179299299213109,0.0126517135830958));
#4765=CARTESIAN_POINT('',(0.00395621095867804,0.0178699386244094,0.012556210958678));
#4766=CARTESIAN_POINT('',(0.00405171358309598,0.0179299299213109,0.0123910281498327));
#4767=CARTESIAN_POINT('',(0.00355707970540152,0.0177672390880041,0.0122617995090032));
#4768=CARTESIAN_POINT('',(0.00360943960722964,0.0177673625015928,0.0122094396072299));
#4769=CARTESIAN_POINT('',(0.00366179950900247,0.0177672390880041,0.0121570797054018));
#4770=CARTESIAN_POINT('',(0.0034,0.0177672390880041,0.012));
#4771=CARTESIAN_POINT('',(0.0034,0.0177672390880041,0.012));
#4772=CARTESIAN_POINT('',(0.0034,0.0177672390880041,0.012));
#4773=CARTESIAN_POINT('',(0.0034,0.0187672390880041,0.012));
#4774=CARTESIAN_POINT('',(0.003,0.0187672390880041,0.012));
#4775=CARTESIAN_POINT('',(-0.0045723826014894,0.0179577518992777,0.));
#4776=CARTESIAN_POINT('',(-0.0047349664575684,0.0189444466290409,4.23704587765192E-32));
#4777=CARTESIAN_POINT('',(-0.0047349664575684,0.0189444466290409,0.00100000000000001));
#4778=CARTESIAN_POINT('',(-0.00597475664771492,0.0177266739654709,0.));
#4779=CARTESIAN_POINT('',(-0.00619070549398988,0.0187045754125404,2.7737277747975E-15));
#4780=CARTESIAN_POINT('',(-0.00619070549384245,0.0187045754117101,0.000999999999991223));
#4781=CARTESIAN_POINT('',(-0.00802341752351761,0.0172173469581259,1.5943989165061E-18));
#4782=CARTESIAN_POINT('',(-0.00832504446933584,0.0181753788709146,-6.23925113230677E-16));
#4783=CARTESIAN_POINT('',(-0.00832504446936909,0.0181753788711018,0.00100000000000198));
#4784=CARTESIAN_POINT('',(-0.0106060651377724,0.0161310786069168,1.24579629343764E-18));
#4785=CARTESIAN_POINT('',(-0.011050357037762,0.0170300341506707,1.19202391606248E-16));
#4786=CARTESIAN_POINT('',(-0.0110503570377558,0.0170300341506354,0.000999999999999629));
#4787=CARTESIAN_POINT('',(-0.0124655092981927,0.0150428898948302,1.31582220740607E-18));
#4788=CARTESIAN_POINT('',(-0.0130367826833244,0.0158691410463534,-3.08600737616511E-17));
#4789=CARTESIAN_POINT('',(-0.0130367826833261,0.0158691410463628,0.0010000000000001));
#4790=CARTESIAN_POINT('',(-0.0140999298290087,0.0136852070439803,1.29717051883373E-18));
#4791=CARTESIAN_POINT('',(-0.0148148580891655,0.0143941587731881,1.20441590822517E-17));
#4792=CARTESIAN_POINT('',(-0.014814858089165,0.0143941587731857,0.000999999999999976));
#4793=CARTESIAN_POINT('',(-0.0159003987854403,0.0114391818306792,1.30327830592831E-18));
#4794=CARTESIAN_POINT('',(-0.0167920764798006,0.0119287862678118,-6.28678807217004E-18));
#4795=CARTESIAN_POINT('',(-0.0167920764798011,0.0119287862678129,0.00100000000000002));
#4796=CARTESIAN_POINT('',(-0.0172012681758232,0.00808255469093459,1.30028175721567E-18));
#4797=CARTESIAN_POINT('',(-0.0181989256187953,0.00827417895084782,2.86551027318474E-18));
#4798=CARTESIAN_POINT('',(-0.0181989256187932,0.00827417895084989,0.000999999999999997));
#4799=CARTESIAN_POINT('',(-0.0174360543573349,0.00378268515972408,1.30125099736212E-18));
#4800=CARTESIAN_POINT('',(-0.018441131773601,0.00372707788425574,4.46146229039765E-18));
#4801=CARTESIAN_POINT('',(-0.0184411317736085,0.00372707788424652,0.001));
#4802=CARTESIAN_POINT('',(-0.0168970646141476,0.000297665672607217,1.30101674558659E-18));
#4803=CARTESIAN_POINT('',(-0.0178769147973199,6.87149820605714E-5,-1.00106761123335E-17));
#4804=CARTESIAN_POINT('',(-0.0178769147972981,6.87149820880244E-5,0.001));
#4805=CARTESIAN_POINT('',(-0.0159361063431155,-0.0024079968988157,1.30104747941954E-18));
#4806=CARTESIAN_POINT('',(-0.0168560566743764,-0.00280849240560736,2.10300523650686E-17));
#4807=CARTESIAN_POINT('',(-0.0168560566744143,-0.00280849240565493,0.001));
#4808=CARTESIAN_POINT('',(-0.0149506044718496,-0.0042824133813314,1.30104129517266E-18));
#4809=CARTESIAN_POINT('',(-0.0158006784773445,-0.0048185148701138,-7.40634598253951E-17));
#4810=CARTESIAN_POINT('',(-0.0158006784771999,-0.00481851486993221,0.001));
#4811=CARTESIAN_POINT('',(-0.013634419463056,-0.00599858520567666,1.30104298178545E-18));
#4812=CARTESIAN_POINT('',(-0.0143715868620454,-0.00668208367851511,2.83030042578409E-16));
#4813=CARTESIAN_POINT('',(-0.0143715868625856,-0.00668208367919391,0.001));
#4814=CARTESIAN_POINT('',(-0.012593332501847,-0.00695162380740254,1.30104260698261E-18));
#4815=CARTESIAN_POINT('',(-0.0132531856452745,-0.00770446102773838,-6.13629878013326E-16));
#4816=CARTESIAN_POINT('',(-0.0132531856441103,-0.00770446102627558,0.001));
#4817=CARTESIAN_POINT('',(-0.0120390060480598,-0.0073936153305107,1.30104260698261E-18));
#4818=CARTESIAN_POINT('',(-0.0126624362965324,-0.00817549430150901,1.30104260698261E-18));
#4819=CARTESIAN_POINT('',(-0.0126624362965324,-0.00817549430150901,0.001));
#4820=CARTESIAN_POINT('',(-0.0045723826014894,0.0179577518992777,0.001));
#4821=CARTESIAN_POINT('',(-0.0048,0.0193391245209462,0.001));
#4822=CARTESIAN_POINT('',(-0.0034,0.0193391245209462,0.001));
#4823=CARTESIAN_POINT('',(-0.0034,0.0202672408454612,0.001));
#4824=CARTESIAN_POINT('',(-0.0034,0.0227672390880041,0.001));
#4825=CARTESIAN_POINT('',(4.33680868994202E-19,0.0227672390880041,0.001));
#4826=CARTESIAN_POINT('',(0.0034,0.0227672390880041,0.001));
#4827=CARTESIAN_POINT('',(0.0034,-0.0117585000000012,0.001));
#4828=CARTESIAN_POINT('',(0.0034,0.0193391245209462,0.001));
#4829=CARTESIAN_POINT('',(0.0048,0.0193391245209462,0.001));
#4830=CARTESIAN_POINT('',(0.0045723826014894,0.0179577518992777,0.001));
#4831=CARTESIAN_POINT('',(0.00473496645756852,0.0189444466290409,0.00100000000000001));
#4832=CARTESIAN_POINT('',(0.00473496645756852,0.0189444466290409,0.));
#4833=CARTESIAN_POINT('',(0.0045723826014894,0.0179577518992777,0.));
#4834=CARTESIAN_POINT('',(0.00585408037988481,0.0187600432351708,0.000999999999993254));
#4835=CARTESIAN_POINT('',(0.0058540803799978,0.0187600432358122,2.13233092788996E-15));
#4836=CARTESIAN_POINT('',(0.00565047165494119,0.0177801084299055,0.));
#4837=CARTESIAN_POINT('',(0.00805181845847205,0.0182555573452416,0.00100000000000313));
#4838=CARTESIAN_POINT('',(0.00805181845841961,0.0182555573449439,-9.877133655537E-16));
#4839=CARTESIAN_POINT('',(0.00776115524830053,0.0172950408924617,1.90485858224627E-18));
#4840=CARTESIAN_POINT('',(0.0112196942646359,0.017018053103147,0.000999999999999163));
#4841=CARTESIAN_POINT('',(0.0112196942646499,0.0170180531032267,2.66306643244918E-16));
#4842=CARTESIAN_POINT('',(0.0107720147245873,0.0161169071716637,1.1392506040337E-18));
#4843=CARTESIAN_POINT('',(0.0142182301291669,0.0150923106195888,0.00100000000000023));
#4844=CARTESIAN_POINT('',(0.0142182301291631,0.0150923106195675,-6.97069517840763E-17));
#4845=CARTESIAN_POINT('',(0.0135608528811103,0.0143189464844735,1.34439464351458E-18));
#4846=CARTESIAN_POINT('',(0.0165774080179518,0.0123037106869303,0.000999999999999942));
#4847=CARTESIAN_POINT('',(0.0165774080179528,0.012303710686936,2.03274195332824E-17));
#4848=CARTESIAN_POINT('',(0.0157031416087435,0.0117832269088209,1.28942646380362E-18));
#4849=CARTESIAN_POINT('',(0.0179408199593623,0.00896317390932959,0.00100000000000002));
#4850=CARTESIAN_POINT('',(0.017940819959362,0.00896317390932806,-3.79647070715759E-18));
#4851=CARTESIAN_POINT('',(0.0169617462422931,0.00871250997335772,1.30415514316658E-18));
#4852=CARTESIAN_POINT('',(0.0184035963266556,0.00548997337500436,0.000999999999999998));
#4853=CARTESIAN_POINT('',(0.0184035963266556,0.00548997337500476,2.66471893724361E-18));
#4854=CARTESIAN_POINT('',(0.0173986030224377,0.00546019722301786,1.30020860542569E-18));
#4855=CARTESIAN_POINT('',(0.0182292279221953,0.00205175740477885,0.001));
#4856=CARTESIAN_POINT('',(0.0182292279221953,0.00205175740477878,9.43850600078806E-19));
#4857=CARTESIAN_POINT('',(0.017233123214623,0.00218036874837802,1.30126607702628E-18));
#4858=CARTESIAN_POINT('',(0.0174863620806925,-0.00132271788268247,0.001));
#4859=CARTESIAN_POINT('',(0.0174863620806925,-0.00132271788268262,1.36613430433681E-18));
#4860=CARTESIAN_POINT('',(0.016528278997134,-0.0010153639797458,1.30098272836483E-18));
#4861=CARTESIAN_POINT('',(0.0160737559626503,-0.00454536173544741,0.001));
#4862=CARTESIAN_POINT('',(0.0160737559626506,-0.00454536173544676,1.39786782446958E-18));
#4863=CARTESIAN_POINT('',(0.0152009299307316,-0.00403373648672453,1.30105865141003E-18));
#4864=CARTESIAN_POINT('',(0.0138256747854573,-0.0073611716454383,0.001));
#4865=CARTESIAN_POINT('',(0.0138256747854564,-0.00736117164544076,8.48650039680482E-19));
#4866=CARTESIAN_POINT('',(0.0131327960319328,-0.00662357045467436,1.30103830789069E-18));
#4867=CARTESIAN_POINT('',(0.0110056913815202,-0.00945599671404302,0.001));
#4868=CARTESIAN_POINT('',(0.0110056913815236,-0.00945599671403384,-4.79246798319151E-18));
#4869=CARTESIAN_POINT('',(0.0104883065249184,-0.00859598582926916,1.30104375892285E-18));
#4870=CARTESIAN_POINT('',(0.00801363860518733,-0.0109984569987414,0.001));
#4871=CARTESIAN_POINT('',(0.00801363860517466,-0.0109984569987756,2.61274775349812E-17));
#4872=CARTESIAN_POINT('',(0.00758906246507517,-0.0100924940328784,1.30104229831353E-18));
#4873=CARTESIAN_POINT('',(0.00497328773107975,-0.0123240005362567,0.001));
#4874=CARTESIAN_POINT('',(0.00497328773112703,-0.0123240005361289,-9.19111865148376E-17));
#4875=CARTESIAN_POINT('',(0.00462349569072042,-0.0113839988971948,1.30104268971865E-18));
#4876=CARTESIAN_POINT('',(0.00153894935485483,-0.013229175531108,0.001));
#4877=CARTESIAN_POINT('',(0.00153894935467836,-0.0132291755315851,3.49323524166265E-16));
#4878=CARTESIAN_POINT('',(0.0014031450440848,-0.0122241513805051,1.30104258470752E-18));
#4879=CARTESIAN_POINT('',(-0.00205708161743287,-0.0131451366035009,0.001));
#4880=CARTESIAN_POINT('',(-0.00205708161677425,-0.0131451366017204,-1.30798499536418E-15));
#4881=CARTESIAN_POINT('',(-0.00188010030517636,-0.0121481127256551,1.30104261334692E-18));
#4882=CARTESIAN_POINT('',(-0.00430222181657244,-0.0124834808860629,0.001));
#4883=CARTESIAN_POINT('',(-0.00430222181799157,-0.0124834808898993,2.82428681016684E-15));
#4884=CARTESIAN_POINT('',(-0.00400041599149622,-0.0115288935158604,1.30104260698261E-18));
#4885=CARTESIAN_POINT('',(-0.00536553485747595,-0.0120900456438193,0.001));
#4886=CARTESIAN_POINT('',(-0.00536553485747595,-0.0120900456438192,-4.33680868994202E-19));
#4887=CARTESIAN_POINT('',(-0.00501851866982639,-0.0111521865043377,1.30104260698261E-18));
#4888=CARTESIAN_POINT('',(0.,0.,0.));
#4889=CARTESIAN_POINT('',(0.0111999999998803,-0.00752809463721107,0.0174617669975303));
#4890=CARTESIAN_POINT('',(0.0111999999998803,-0.00752809463721107,0.));
#4891=CARTESIAN_POINT('',(0.0117147633579342,-0.00715632340235788,0.0174617669975303));
#4892=CARTESIAN_POINT('',(0.0117147633579342,-0.00715632340235788,0.));
#4893=CARTESIAN_POINT('',(0.0127199152360107,-0.0063414138548134,0.0174617669975303));
#4894=CARTESIAN_POINT('',(0.0127199152360107,-0.0063414138548134,-3.46944695195361E-18));
#4895=CARTESIAN_POINT('',(0.0140982599826197,-0.00481553188845954,0.0174617669975303));
#4896=CARTESIAN_POINT('',(0.0140982599826197,-0.00481553188845954,0.));
#4897=CARTESIAN_POINT('',(0.0151882189199308,-0.00304985817845872,0.0174617669975303));
#4898=CARTESIAN_POINT('',(0.0151882189199308,-0.00304985817845872,-3.46944695195361E-18));
#4899=CARTESIAN_POINT('',(0.0162571103375388,-0.000533720770440082,0.0174617669975303));
#4900=CARTESIAN_POINT('',(0.0162571103375388,-0.000533720770440082,-3.46944695195361E-18));
#4901=CARTESIAN_POINT('',(0.0169532944576836,0.00282902088440369,0.0174617669975303));
#4902=CARTESIAN_POINT('',(0.0169532944576836,0.00282902088440369,3.46944695195361E-18));
#4903=CARTESIAN_POINT('',(0.0169661019818182,0.00693856135055528,0.0174617669975303));
#4904=CARTESIAN_POINT('',(0.0169661019818182,0.00693856135055528,-3.46944695195361E-18));
#4905=CARTESIAN_POINT('',(0.0159689821025803,0.0104587431820937,0.0174617669975303));
#4906=CARTESIAN_POINT('',(0.0159689821025803,0.0104587431820937,-3.46944695195361E-18));
#4907=CARTESIAN_POINT('',(0.0142161019295132,0.013006578362815,0.0174617669975303));
#4908=CARTESIAN_POINT('',(0.0142161019295132,0.013006578362815,3.46944695195361E-18));
#4909=CARTESIAN_POINT('',(0.0124136684845206,0.0146140647092531,0.0174617669975303));
#4910=CARTESIAN_POINT('',(0.0124136684845206,0.0146140647092531,0.));
#4911=CARTESIAN_POINT('',(0.0103373508076851,0.0158335506054871,0.0174617669975303));
#4912=CARTESIAN_POINT('',(0.0103373508076851,0.0158335506054871,0.));
#4913=CARTESIAN_POINT('',(0.00727587530226876,0.0170630854221214,0.0174617669975303));
#4914=CARTESIAN_POINT('',(0.00727587530226876,0.0170630854221214,0.));
#4915=CARTESIAN_POINT('',(0.00473553825806352,0.0175817048459571,0.0174617669975303));
#4916=CARTESIAN_POINT('',(0.00473553825806352,0.0175817048459571,0.));
#4917=CARTESIAN_POINT('',(0.00299999999953862,0.0177672390836873,0.0174617669975303));
#4918=CARTESIAN_POINT('',(0.00299999999953862,0.0177672390836873,0.));
#4919=CARTESIAN_POINT('',(0.003,0.0177672390880041,0.013));
#4920=CARTESIAN_POINT('',(0.003,0.0177672390880041,0.010526266929599));
#4921=CARTESIAN_POINT('',(0.003,0.0177672390880041,0.));
#4922=CARTESIAN_POINT('',(0.00299999999952879,0.0177672390836883,0.010526266929599));
#4923=CARTESIAN_POINT('',(0.0045329702548019,0.0176033599721623,0.0105027808382768));
#4924=CARTESIAN_POINT('',(0.0075459752798832,0.017028937857496,0.0104222738907455));
#4925=CARTESIAN_POINT('',(0.0111210236544442,0.0155225415281631,0.0101911869459701));
#4926=CARTESIAN_POINT('',(0.0135752958752494,0.0136606025549855,0.00998781147443579));
#4927=CARTESIAN_POINT('',(0.0150730502394049,0.0118726585052928,0.00993075093667947));
#4928=CARTESIAN_POINT('',(0.0161125381630121,0.00982969961856978,0.0100835561069919));
#4929=CARTESIAN_POINT('',(0.0167251166152178,0.00759459234163761,0.0104455098196207));
#4930=CARTESIAN_POINT('',(0.0169478989076659,0.00538833137684919,0.0109645193618924));
#4931=CARTESIAN_POINT('',(0.0168664354373048,0.0024321315902633,0.0118736749215417));
#4932=CARTESIAN_POINT('',(0.0163175529853838,-0.000333347446667967,0.0130239409654808));
#4933=CARTESIAN_POINT('',(0.01526965433619,-0.00288386581713924,0.0144316709898684));
#4934=CARTESIAN_POINT('',(0.0139033561538754,-0.00518892507500985,0.0158413217025582));
#4935=CARTESIAN_POINT('',(0.0123757746580782,-0.00667892930763476,0.0168109802330964));
#4936=CARTESIAN_POINT('',(0.0112,-0.00752809463712461,0.0173576212699108));
#4937=CARTESIAN_POINT('',(0.0112,-0.00752809463712461,0.0173576212699108));
#4938=CARTESIAN_POINT('',(0.0112,-0.00752809463712461,0.022));
#4939=CARTESIAN_POINT('',(0.0112,-0.00752809463712461,0.));
#4940=CARTESIAN_POINT('',(0.00393822493619097,0.0177455895979403,0.));
#4941=CARTESIAN_POINT('',(1.0842021724855E-18,0.0180162052010298,0.));
#4942=CARTESIAN_POINT('',(-0.00393822493619097,0.0177455895979403,0.));
#4943=CARTESIAN_POINT('',(-0.0070703773951023,0.0170654865162215,0.));
#4944=CARTESIAN_POINT('',(-0.00940296973816677,0.0162260271340434,0.));
#4945=CARTESIAN_POINT('',(-0.0110441815717505,0.0154361473784104,0.));
#4946=CARTESIAN_POINT('',(-0.0123019815297926,0.0146283659097557,0.));
#4947=CARTESIAN_POINT('',(-0.0132241786083646,0.0138809019151017,0.));
#4948=CARTESIAN_POINT('',(-0.0138705721994578,0.0132626767621054,0.));
#4949=CARTESIAN_POINT('',(-0.0144507944296437,0.0126001992161842,0.));
#4950=CARTESIAN_POINT('',(-0.0151321768429665,0.0116720042650132,0.));
#4951=CARTESIAN_POINT('',(-0.0158144019867437,0.0104423738634676,0.));
#4952=CARTESIAN_POINT('',(-0.0163829595051468,0.0089065654145266,0.));
#4953=CARTESIAN_POINT('',(-0.0167350493848075,0.00734724279081228,0.));
#4954=CARTESIAN_POINT('',(-0.01690559655622,0.00578886818344128,0.));
#4955=CARTESIAN_POINT('',(-0.01692274116333,0.00450572069090667,0.));
#4956=CARTESIAN_POINT('',(-0.0168757036233251,0.00349439037893858,0.));
#4957=CARTESIAN_POINT('',(-0.0167885112713142,0.0024815477988343,0.));
#4958=CARTESIAN_POINT('',(-0.0166026276150444,0.00122185612794249,0.));
#4959=CARTESIAN_POINT('',(-0.0162512265527756,-0.000266636179534451,0.));
#4960=CARTESIAN_POINT('',(-0.0157640590807939,-0.00171615322799474,0.));
#4961=CARTESIAN_POINT('',(-0.0151307405055408,-0.0031105586156053,0.));
#4962=CARTESIAN_POINT('',(-0.0144728292504667,-0.0042080921364305,0.));
#4963=CARTESIAN_POINT('',(-0.0138580935520099,-0.00503910833351401,0.));
#4964=CARTESIAN_POINT('',(-0.0131967399113893,-0.00581722801915938,0.));
#4965=CARTESIAN_POINT('',(-0.0123065626462012,-0.00668307084916042,0.));
#4966=CARTESIAN_POINT('',(-0.011171244277247,-0.00757397441398507,0.));
#4967=CARTESIAN_POINT('',(-0.00999935243109201,-0.00834020409101042,0.));
#4968=CARTESIAN_POINT('',(-0.00881561377751418,-0.00900581629973155,0.));
#4969=CARTESIAN_POINT('',(-0.00783429834629444,-0.00949595263148904,0.));
#4970=CARTESIAN_POINT('',(-0.00706810320771216,-0.00985683791979282,0.));
#4971=CARTESIAN_POINT('',(-0.00629223571260415,-0.0102097567251686,0.));
#4972=CARTESIAN_POINT('',(-0.00529654299496859,-0.0106305818966563,0.));
#4973=CARTESIAN_POINT('',(-0.00405677436863108,-0.011078779764561,0.));
#4974=CARTESIAN_POINT('',(-0.00276504716640049,-0.0114432777016192,0.));
#4975=CARTESIAN_POINT('',(-0.00164000725120193,-0.0116507879439482,0.));
#4976=CARTESIAN_POINT('',(-0.000712218415227807,-0.0117404607680789,0.));
#4977=CARTESIAN_POINT('',(-9.44105341310326E-18,-0.0117645196159606,0.));
#4978=CARTESIAN_POINT('',(0.000712218415227787,-0.0117404607680788,0.));
#4979=CARTESIAN_POINT('',(0.00164000725120192,-0.0116507879439482,0.));
#4980=CARTESIAN_POINT('',(0.00276504716640047,-0.0114432777016192,0.));
#4981=CARTESIAN_POINT('',(0.00405677436863107,-0.011078779764561,0.));
#4982=CARTESIAN_POINT('',(0.00529654299496858,-0.0106305818966563,0.));
#4983=CARTESIAN_POINT('',(0.00629223571260414,-0.0102097567251686,0.));
#4984=CARTESIAN_POINT('',(0.00706810320771215,-0.00985683791979282,0.));
#4985=CARTESIAN_POINT('',(0.00783429834629443,-0.00949595263148905,0.));
#4986=CARTESIAN_POINT('',(0.00881561377751416,-0.00900581629973156,0.));
#4987=CARTESIAN_POINT('',(0.00999935243109199,-0.00834020409101043,0.));
#4988=CARTESIAN_POINT('',(0.011171244277247,-0.00757397441398508,0.));
#4989=CARTESIAN_POINT('',(0.0123065626462012,-0.00668307084916043,0.));
#4990=CARTESIAN_POINT('',(0.0131967399113892,-0.00581722801915939,0.));
#4991=CARTESIAN_POINT('',(0.0138580935520099,-0.00503910833351402,0.));
#4992=CARTESIAN_POINT('',(0.0144728292504667,-0.00420809213643051,0.));
#4993=CARTESIAN_POINT('',(0.0151307405055408,-0.00311055861560531,0.));
#4994=CARTESIAN_POINT('',(0.0157640590807939,-0.00171615322799476,0.));
#4995=CARTESIAN_POINT('',(0.0162512265527756,-0.000266636179534462,0.));
#4996=CARTESIAN_POINT('',(0.0166026276150444,0.00122185612794248,0.));
#4997=CARTESIAN_POINT('',(0.0167885112713142,0.0024815477988343,0.));
#4998=CARTESIAN_POINT('',(0.0168757036233251,0.00349439037893857,0.));
#4999=CARTESIAN_POINT('',(0.01692274116333,0.00450572069090666,0.));
#5000=CARTESIAN_POINT('',(0.01690559655622,0.00578886818344128,0.));
#5001=CARTESIAN_POINT('',(0.0167350493848075,0.00734724279081228,0.));
#5002=CARTESIAN_POINT('',(0.0163829595051467,0.00890656541452659,0.));
#5003=CARTESIAN_POINT('',(0.0158144019867437,0.0104423738634676,0.));
#5004=CARTESIAN_POINT('',(0.0151321768429665,0.0116720042650132,0.));
#5005=CARTESIAN_POINT('',(0.0144507944296437,0.0126001992161842,0.));
#5006=CARTESIAN_POINT('',(0.0138705721994578,0.0132626767621054,0.));
#5007=CARTESIAN_POINT('',(0.0132241786083646,0.0138809019151017,0.));
#5008=CARTESIAN_POINT('',(0.0123019815297926,0.0146283659097557,0.));
#5009=CARTESIAN_POINT('',(0.0110441815717505,0.0154361473784104,0.));
#5010=CARTESIAN_POINT('',(0.00940296973816677,0.0162260271340434,0.));
#5011=CARTESIAN_POINT('',(0.00707037739510231,0.0170654865162215,0.));
#5012=CARTESIAN_POINT('',(0.00393822493619097,0.0177455895979403,0.));
#5013=CARTESIAN_POINT('',(1.0842021724855E-18,0.0180162052010298,0.));
#5014=CARTESIAN_POINT('',(-0.00393822493619097,0.0177455895979403,0.));
#5015=CARTESIAN_POINT('',(0.011199999999067,-0.00425934978728597,0.016236913464151));
#5016=CARTESIAN_POINT('',(0.011199999999067,-0.00425934978728597,0.));
#5017=CARTESIAN_POINT('',(0.0119513288346739,-0.00350047834675327,0.016236913464151));
#5018=CARTESIAN_POINT('',(0.0119513288346739,-0.00350047834675327,0.));
#5019=CARTESIAN_POINT('',(0.0131990014225886,-0.00170214503535382,0.016236913464151));
#5020=CARTESIAN_POINT('',(0.0131990014225886,-0.00170214503535382,-3.46944695195361E-18));
#5021=CARTESIAN_POINT('',(0.0142436015034232,0.00162128424083806,0.016236913464151));
#5022=CARTESIAN_POINT('',(0.0142436015034232,0.00162128424083806,0.));
#5023=CARTESIAN_POINT('',(0.0145424552160531,0.0051886786328022,0.016236913464151));
#5024=CARTESIAN_POINT('',(0.0145424552160531,0.0051886786328022,0.));
#5025=CARTESIAN_POINT('',(0.014024582329313,0.00865239019280048,0.016236913464151));
#5026=CARTESIAN_POINT('',(0.014024582329313,0.00865239019280048,0.));
#5027=CARTESIAN_POINT('',(0.0123216707691027,0.011652393943261,0.016236913464151));
#5028=CARTESIAN_POINT('',(0.0123216707691027,0.011652393943261,0.));
#5029=CARTESIAN_POINT('',(0.00908374832730218,0.0138204996072101,0.016236913464151));
#5030=CARTESIAN_POINT('',(0.00908374832730218,0.0138204996072101,0.));
#5031=CARTESIAN_POINT('',(0.00480081145061639,0.0151312902516271,0.016236913464151));
#5032=CARTESIAN_POINT('',(0.00480081145061639,0.0151312902516271,0.));
#5033=CARTESIAN_POINT('',(-7.08317939133876E-13,0.0155733548740952,0.016236913464151));
#5034=CARTESIAN_POINT('',(-7.08317939133876E-13,0.0155733548740952,0.));
#5035=CARTESIAN_POINT('',(-0.00480081144778311,0.0151312902519919,0.016236913464151));
#5036=CARTESIAN_POINT('',(-0.00480081144778311,0.0151312902519919,0.));
#5037=CARTESIAN_POINT('',(-0.00908374832594822,0.0138204996079265,0.016236913464151));
#5038=CARTESIAN_POINT('',(-0.00908374832594822,0.0138204996079265,0.));
#5039=CARTESIAN_POINT('',(-0.0123216707680153,0.0116523939443455,0.016236913464151));
#5040=CARTESIAN_POINT('',(-0.0123216707680153,0.0116523939443455,0.));
#5041=CARTESIAN_POINT('',(-0.0140245823289005,0.00865239019416432,0.016236913464151));
#5042=CARTESIAN_POINT('',(-0.0140245823289005,0.00865239019416432,-3.46944695195361E-18));
#5043=CARTESIAN_POINT('',(-0.0145424552160258,0.00518867863428121,0.016236913464151));
#5044=CARTESIAN_POINT('',(-0.0145424552160258,0.00518867863428121,3.46944695195361E-18));
#5045=CARTESIAN_POINT('',(-0.014243601503695,0.001621284242285,0.016236913464151));
#5046=CARTESIAN_POINT('',(-0.014243601503695,0.001621284242285,-3.46944695195361E-18));
#5047=CARTESIAN_POINT('',(-0.0131990014231844,-0.00170214503407486,0.016236913464151));
#5048=CARTESIAN_POINT('',(-0.0131990014231844,-0.00170214503407486,3.46944695195361E-18));
#5049=CARTESIAN_POINT('',(-0.0119513288355098,-0.00350047834570999,0.016236913464151));
#5050=CARTESIAN_POINT('',(-0.0119513288355098,-0.00350047834570999,0.));
#5051=CARTESIAN_POINT('',(-0.0111999999999993,-0.00425934978634429,0.016236913464151));
#5052=CARTESIAN_POINT('',(-0.0111999999999993,-0.00425934978634429,0.));
#5053=CARTESIAN_POINT('',(0.0112,-0.00425934978634361,0.022));
#5054=CARTESIAN_POINT('',(0.0112,-0.00425934978634361,0.016140073025995));
#5055=CARTESIAN_POINT('',(0.0112,-0.00425934978820835,0.));
#5056=CARTESIAN_POINT('',(0.0112,-0.00425934978634361,0.016140073025995));
#5057=CARTESIAN_POINT('',(0.0120187371309277,-0.00343239333707367,0.0155087814191672));
#5058=CARTESIAN_POINT('',(0.0132592233238927,-0.0015710180262581,0.0140703951753131));
#5059=CARTESIAN_POINT('',(0.0142776817254694,0.00178854752487929,0.0122120818188345));
#5060=CARTESIAN_POINT('',(0.0145070270790939,0.00487518514908195,0.0110796491361379));
#5061=CARTESIAN_POINT('',(0.0142092729395101,0.0074062866101587,0.0104049431991225));
#5062=CARTESIAN_POINT('',(0.0136327302181714,0.00928126103858232,0.0100534344547365));
#5063=CARTESIAN_POINT('',(0.0126267326531574,0.0109992012953992,0.0099236321568095));
#5064=CARTESIAN_POINT('',(0.0112055969968294,0.0123853196198097,0.0100150057250578));
#5065=CARTESIAN_POINT('',(0.00952273376038964,0.0134308674327901,0.0101572882167775));
#5066=CARTESIAN_POINT('',(0.00712087339271951,0.0144644845543237,0.0103196978899475));
#5067=CARTESIAN_POINT('',(0.00391836524974209,0.0152319162919922,0.0104443700457369));
#5068=CARTESIAN_POINT('',(1.71760483584229E-5,0.015524207034318,0.0104893096487796));
#5069=CARTESIAN_POINT('',(-0.0039509191670146,0.0152272513951686,0.0104436243498401));
#5070=CARTESIAN_POINT('',(-0.00709278719789321,0.0144719917385672,0.0103209025084451));
#5071=CARTESIAN_POINT('',(-0.00950250687919769,0.0134416163861725,0.0101589707047275));
#5072=CARTESIAN_POINT('',(-0.0111913010756573,0.0123973288908324,0.0100161016611666));
#5073=CARTESIAN_POINT('',(-0.0126255394052817,0.011001659276863,0.00992348827428992));
#5074=CARTESIAN_POINT('',(-0.0136279084787217,0.00929002006651461,0.0100525907746001));
#5075=CARTESIAN_POINT('',(-0.0142065957029897,0.00742132996421907,0.0104013612506718));
#5076=CARTESIAN_POINT('',(-0.0145084172899699,0.00487321364627733,0.0110795635251518));
#5077=CARTESIAN_POINT('',(-0.0142757920196179,0.00178346036432936,0.0122150253744129));
#5078=CARTESIAN_POINT('',(-0.0132620874551197,-0.00156392972322243,0.0140659210050782));
#5079=CARTESIAN_POINT('',(-0.0120201117394627,-0.00343100492881605,0.0155077215199661));
#5080=CARTESIAN_POINT('',(-0.0112,-0.00425934978634363,0.016140073025995));
#5081=CARTESIAN_POINT('',(-0.0112,-0.00425934978634362,0.016140073025995));
#5082=CARTESIAN_POINT('',(-0.0112,-0.00425934978634362,0.022));
#5083=CARTESIAN_POINT('',(-0.0112000000000076,-0.00425934978633593,0.));
#5084=CARTESIAN_POINT('',(8.67361737988404E-19,0.015426,0.));
#5085=CARTESIAN_POINT('',(-0.00472778225432261,0.015426,0.));
#5086=CARTESIAN_POINT('',(-0.0132098393790402,0.0131196439023312,0.));
#5087=CARTESIAN_POINT('',(-0.0150821980872447,0.00411063431923771,0.));
#5088=CARTESIAN_POINT('',(-0.0127542971958464,-0.00402110188659257,0.));
#5089=CARTESIAN_POINT('',(-0.0062855484681201,-0.00765328212724107,0.));
#5090=CARTESIAN_POINT('',(1.90969276745302E-19,-0.0100380136633489,0.));
#5091=CARTESIAN_POINT('',(0.0062855484681201,-0.00765328212724106,0.));
#5092=CARTESIAN_POINT('',(0.0127542971958464,-0.00402110188659256,0.));
#5093=CARTESIAN_POINT('',(0.0150821980872447,0.00411063431923771,0.));
#5094=CARTESIAN_POINT('',(0.0132098393790402,0.0131196439023312,0.));
#5095=CARTESIAN_POINT('',(0.00472778225432261,0.015426,0.));
#5096=CARTESIAN_POINT('',(8.67361737988404E-19,0.015426,0.));
#5097=CARTESIAN_POINT('',(-9.71716197090133E-18,-0.0117565,0.));
#5098=CARTESIAN_POINT('',(-0.0112,-0.0117585000000012,0.));
#5099=CARTESIAN_POINT('',(-0.0112,-0.00752809463345772,0.));
#5100=CARTESIAN_POINT('',(0.00393822493619097,0.0177455895979403,0.));
#5101=CARTESIAN_POINT('',(1.0842021724855E-18,0.0180162052010298,0.));
#5102=CARTESIAN_POINT('',(-0.00393822493619097,0.0177455895979403,0.));
#5103=CARTESIAN_POINT('',(-0.0070703773951023,0.0170654865162215,0.));
#5104=CARTESIAN_POINT('',(-0.00940296973816677,0.0162260271340434,0.));
#5105=CARTESIAN_POINT('',(-0.0110441815717505,0.0154361473784104,0.));
#5106=CARTESIAN_POINT('',(-0.0123019815297926,0.0146283659097557,0.));
#5107=CARTESIAN_POINT('',(-0.0132241786083646,0.0138809019151017,0.));
#5108=CARTESIAN_POINT('',(-0.0138705721994578,0.0132626767621054,0.));
#5109=CARTESIAN_POINT('',(-0.0144507944296437,0.0126001992161842,0.));
#5110=CARTESIAN_POINT('',(-0.0151321768429665,0.0116720042650132,0.));
#5111=CARTESIAN_POINT('',(-0.0158144019867437,0.0104423738634676,0.));
#5112=CARTESIAN_POINT('',(-0.0163829595051468,0.0089065654145266,0.));
#5113=CARTESIAN_POINT('',(-0.0167350493848075,0.00734724279081228,0.));
#5114=CARTESIAN_POINT('',(-0.01690559655622,0.00578886818344128,0.));
#5115=CARTESIAN_POINT('',(-0.01692274116333,0.00450572069090667,0.));
#5116=CARTESIAN_POINT('',(-0.0168757036233251,0.00349439037893858,0.));
#5117=CARTESIAN_POINT('',(-0.0167885112713142,0.0024815477988343,0.));
#5118=CARTESIAN_POINT('',(-0.0166026276150444,0.00122185612794249,0.));
#5119=CARTESIAN_POINT('',(-0.0162512265527756,-0.000266636179534451,0.));
#5120=CARTESIAN_POINT('',(-0.0157640590807939,-0.00171615322799474,0.));
#5121=CARTESIAN_POINT('',(-0.0151307405055408,-0.0031105586156053,0.));
#5122=CARTESIAN_POINT('',(-0.0144728292504667,-0.0042080921364305,0.));
#5123=CARTESIAN_POINT('',(-0.0138580935520099,-0.00503910833351401,0.));
#5124=CARTESIAN_POINT('',(-0.0131967399113893,-0.00581722801915938,0.));
#5125=CARTESIAN_POINT('',(-0.0123065626462012,-0.00668307084916042,0.));
#5126=CARTESIAN_POINT('',(-0.011171244277247,-0.00757397441398507,0.));
#5127=CARTESIAN_POINT('',(-0.00999935243109201,-0.00834020409101042,0.));
#5128=CARTESIAN_POINT('',(-0.00881561377751418,-0.00900581629973155,0.));
#5129=CARTESIAN_POINT('',(-0.00783429834629444,-0.00949595263148904,0.));
#5130=CARTESIAN_POINT('',(-0.00706810320771216,-0.00985683791979282,0.));
#5131=CARTESIAN_POINT('',(-0.00629223571260415,-0.0102097567251686,0.));
#5132=CARTESIAN_POINT('',(-0.00529654299496859,-0.0106305818966563,0.));
#5133=CARTESIAN_POINT('',(-0.00405677436863108,-0.011078779764561,0.));
#5134=CARTESIAN_POINT('',(-0.00276504716640049,-0.0114432777016192,0.));
#5135=CARTESIAN_POINT('',(-0.00164000725120193,-0.0116507879439482,0.));
#5136=CARTESIAN_POINT('',(-0.000712218415227807,-0.0117404607680789,0.));
#5137=CARTESIAN_POINT('',(-9.44105341310326E-18,-0.0117645196159606,0.));
#5138=CARTESIAN_POINT('',(0.000712218415227787,-0.0117404607680788,0.));
#5139=CARTESIAN_POINT('',(0.00164000725120192,-0.0116507879439482,0.));
#5140=CARTESIAN_POINT('',(0.00276504716640047,-0.0114432777016192,0.));
#5141=CARTESIAN_POINT('',(0.00405677436863107,-0.011078779764561,0.));
#5142=CARTESIAN_POINT('',(0.00529654299496858,-0.0106305818966563,0.));
#5143=CARTESIAN_POINT('',(0.00629223571260414,-0.0102097567251686,0.));
#5144=CARTESIAN_POINT('',(0.00706810320771215,-0.00985683791979282,0.));
#5145=CARTESIAN_POINT('',(0.00783429834629443,-0.00949595263148905,0.));
#5146=CARTESIAN_POINT('',(0.00881561377751416,-0.00900581629973156,0.));
#5147=CARTESIAN_POINT('',(0.00999935243109199,-0.00834020409101043,0.));
#5148=CARTESIAN_POINT('',(0.011171244277247,-0.00757397441398508,0.));
#5149=CARTESIAN_POINT('',(0.0123065626462012,-0.00668307084916043,0.));
#5150=CARTESIAN_POINT('',(0.0131967399113892,-0.00581722801915939,0.));
#5151=CARTESIAN_POINT('',(0.0138580935520099,-0.00503910833351402,0.));
#5152=CARTESIAN_POINT('',(0.0144728292504667,-0.00420809213643051,0.));
#5153=CARTESIAN_POINT('',(0.0151307405055408,-0.00311055861560531,0.));
#5154=CARTESIAN_POINT('',(0.0157640590807939,-0.00171615322799476,0.));
#5155=CARTESIAN_POINT('',(0.0162512265527756,-0.000266636179534462,0.));
#5156=CARTESIAN_POINT('',(0.0166026276150444,0.00122185612794248,0.));
#5157=CARTESIAN_POINT('',(0.0167885112713142,0.0024815477988343,0.));
#5158=CARTESIAN_POINT('',(0.0168757036233251,0.00349439037893857,0.));
#5159=CARTESIAN_POINT('',(0.01692274116333,0.00450572069090666,0.));
#5160=CARTESIAN_POINT('',(0.01690559655622,0.00578886818344128,0.));
#5161=CARTESIAN_POINT('',(0.0167350493848075,0.00734724279081228,0.));
#5162=CARTESIAN_POINT('',(0.0163829595051467,0.00890656541452659,0.));
#5163=CARTESIAN_POINT('',(0.0158144019867437,0.0104423738634676,0.));
#5164=CARTESIAN_POINT('',(0.0151321768429665,0.0116720042650132,0.));
#5165=CARTESIAN_POINT('',(0.0144507944296437,0.0126001992161842,0.));
#5166=CARTESIAN_POINT('',(0.0138705721994578,0.0132626767621054,0.));
#5167=CARTESIAN_POINT('',(0.0132241786083646,0.0138809019151017,0.));
#5168=CARTESIAN_POINT('',(0.0123019815297926,0.0146283659097557,0.));
#5169=CARTESIAN_POINT('',(0.0110441815717505,0.0154361473784104,0.));
#5170=CARTESIAN_POINT('',(0.00940296973816677,0.0162260271340434,0.));
#5171=CARTESIAN_POINT('',(0.00707037739510231,0.0170654865162215,0.));
#5172=CARTESIAN_POINT('',(0.00393822493619097,0.0177455895979403,0.));
#5173=CARTESIAN_POINT('',(1.0842021724855E-18,0.0180162052010298,0.));
#5174=CARTESIAN_POINT('',(-0.00393822493619097,0.0177455895979403,0.));
#5175=CARTESIAN_POINT('',(-0.0029999996280294,0.0177672391234027,0.));
#5176=CARTESIAN_POINT('',(-0.003,0.0202672408454612,0.));
#5177=CARTESIAN_POINT('',(-0.003,0.0227672390880041,0.));
#5178=CARTESIAN_POINT('',(4.33680868994202E-19,0.0227672390880041,0.));
#5179=CARTESIAN_POINT('',(0.003,0.0227672390880041,0.));
#5180=CARTESIAN_POINT('',(0.003,0.0202672390880041,0.));
#5181=CARTESIAN_POINT('',(0.0112,-0.0117584999999991,0.));
#5182=CARTESIAN_POINT('',(4.33680868994202E-19,0.0227672390880041,0.));
#5183=CARTESIAN_POINT('',(0.00119,0.0227672390880041,0.));
#5184=CARTESIAN_POINT('',(-0.00299999962072187,0.0177672391241839,0.0174617669975303));
#5185=CARTESIAN_POINT('',(-0.00299999962072187,0.0177672391241839,3.46944695195361E-18));
#5186=CARTESIAN_POINT('',(-0.00473553790101636,0.0175817049084768,0.0174617669975303));
#5187=CARTESIAN_POINT('',(-0.00473553790101636,0.0175817049084768,3.46944695195361E-18));
#5188=CARTESIAN_POINT('',(-0.00727587498421543,0.0170630855137174,0.0174617669975303));
#5189=CARTESIAN_POINT('',(-0.00727587498421543,0.0170630855137174,0.));
#5190=CARTESIAN_POINT('',(-0.0103373505487786,0.0158335507324745,0.0174617669975303));
#5191=CARTESIAN_POINT('',(-0.0103373505487786,0.0158335507324745,1.04083408558608E-17));
#5192=CARTESIAN_POINT('',(-0.0124136682719385,0.014614064862087,0.0174617669975303));
#5193=CARTESIAN_POINT('',(-0.0124136682719385,0.014614064862087,3.46944695195361E-18));
#5194=CARTESIAN_POINT('',(-0.0142161017721388,0.0130065785444563,0.0174617669975303));
#5195=CARTESIAN_POINT('',(-0.0142161017721388,0.0130065785444563,0.));
#5196=CARTESIAN_POINT('',(-0.0159689820283968,0.010458743363735,0.0174617669975303));
#5197=CARTESIAN_POINT('',(-0.0159689820283968,0.010458743363735,3.46944695195361E-18));
#5198=CARTESIAN_POINT('',(-0.0169661019683394,0.0069385615039955,0.0174617669975303));
#5199=CARTESIAN_POINT('',(-0.0169661019683394,0.0069385615039955,-6.93889390390723E-18));
#5200=CARTESIAN_POINT('',(-0.0169532944710423,0.00282902099474752,0.0174617669975303));
#5201=CARTESIAN_POINT('',(-0.0169532944710423,0.00282902099474752,3.46944695195361E-18));
#5202=CARTESIAN_POINT('',(-0.0162571103623843,-0.000533720692992271,0.0174617669975303));
#5203=CARTESIAN_POINT('',(-0.0162571103623843,-0.000533720692992271,6.93889390390723E-18));
#5204=CARTESIAN_POINT('',(-0.015188218946244,-0.00304985812902544,0.0174617669975303));
#5205=CARTESIAN_POINT('',(-0.015188218946244,-0.00304985812902544,0.));
#5206=CARTESIAN_POINT('',(-0.0140982600064916,-0.0048155318584066,0.0174617669975303));
#5207=CARTESIAN_POINT('',(-0.0140982600064916,-0.0048155318584066,-3.46944695195361E-18));
#5208=CARTESIAN_POINT('',(-0.0127199152496325,-0.00634141384351203,0.0174617669975303));
#5209=CARTESIAN_POINT('',(-0.0127199152496325,-0.00634141384351203,0.));
#5210=CARTESIAN_POINT('',(-0.0117147633626158,-0.00715632339897676,0.0174617669975303));
#5211=CARTESIAN_POINT('',(-0.0117147633626158,-0.00715632339897676,0.));
#5212=CARTESIAN_POINT('',(-0.0111999999998803,-0.00752809463721105,0.0174617669975303));
#5213=CARTESIAN_POINT('',(-0.0111999999998803,-0.00752809463721105,0.));
#5214=CARTESIAN_POINT('',(-0.0112,-0.00752809463712462,0.022));
#5215=CARTESIAN_POINT('',(-0.0112,-0.00752809463712462,0.0173576212699108));
#5216=CARTESIAN_POINT('',(-0.0112,-0.00752809463712462,0.0173576212699108));
#5217=CARTESIAN_POINT('',(-0.0123712025664115,-0.00668223135341273,0.0168131058895077));
#5218=CARTESIAN_POINT('',(-0.0138709576838131,-0.00523544073019253,0.0158699492570411));
#5219=CARTESIAN_POINT('',(-0.0152743532762184,-0.00287584928079857,0.0144272408515233));
#5220=CARTESIAN_POINT('',(-0.016048122244071,-0.000993757152871031,0.013386942405341));
#5221=CARTESIAN_POINT('',(-0.0165929530382716,0.00106039721740742,0.0124452981502277));
#5222=CARTESIAN_POINT('',(-0.0169831136805839,0.00388464804160122,0.0113763991559361));
#5223=CARTESIAN_POINT('',(-0.0169123000344141,0.00763156649126541,0.0103524988878424));
#5224=CARTESIAN_POINT('',(-0.01556656749365,0.0112932914280556,0.00990950752510431));
#5225=CARTESIAN_POINT('',(-0.0135666751221464,0.0136680861892998,0.00998878107544728));
#5226=CARTESIAN_POINT('',(-0.0111030996315294,0.0155326249821608,0.0101923718013089));
#5227=CARTESIAN_POINT('',(-0.00755489465627825,0.0170246663294567,0.010421754900203));
#5228=CARTESIAN_POINT('',(-0.00453159263935485,0.0176035073073249,0.010502801953526));
#5229=CARTESIAN_POINT('',(-0.00299999887279973,0.017767239204139,0.0105262669468613));
#5230=CARTESIAN_POINT('',(-0.003,0.0177672426029183,0.0105262674527954));
#5231=CARTESIAN_POINT('',(-0.003,0.0177672426029183,0.013));
#5232=CARTESIAN_POINT('',(0.0112,-0.0117584999999991,0.011));
#5233=CARTESIAN_POINT('',(0.0112,-0.00752809463712461,0.0173576212699108));
#5234=CARTESIAN_POINT('',(0.0112,-0.00752809463712461,0.0175560910542268));
#5235=CARTESIAN_POINT('',(0.0112,-0.00738726944201145,0.0179533558253011));
#5236=CARTESIAN_POINT('',(0.0112,-0.00681798073846386,0.0182223423872797));
#5237=CARTESIAN_POINT('',(0.0112,-0.00622172776659532,0.0181593289613028));
#5238=CARTESIAN_POINT('',(0.0112,-0.00586504911842545,0.0179851673700151));
#5239=CARTESIAN_POINT('',(0.0112,-0.00570280101883707,0.0178728594262041));
#5240=CARTESIAN_POINT('',(0.0112,-0.00570280101883706,0.0178728594262041));
#5241=CARTESIAN_POINT('',(0.0112,-0.0117565,0.0215));
#5242=CARTESIAN_POINT('',(0.0112,-0.0070065,0.01925));
#5243=CARTESIAN_POINT('',(0.0112,-0.00115889457878654,0.0135899341359451));
#5244=CARTESIAN_POINT('',(0.0112,0.0110892249190886,0.0103028365843795));
#5245=CARTESIAN_POINT('',(0.0112,0.014576,0.01125));
#5246=CARTESIAN_POINT('',(0.0112,0.017926,0.0117));
#5247=CARTESIAN_POINT('',(0.0112,-0.00505107648985899,0.0174199485078078));
#5248=CARTESIAN_POINT('',(0.0112000000000018,-0.00505107648985729,0.0174199485078066));
#5249=CARTESIAN_POINT('',(0.0112000000000018,-0.00483645386687307,0.0172704299374486));
#5250=CARTESIAN_POINT('',(0.0111999999999991,-0.0044698058859198,0.0169003661808755));
#5251=CARTESIAN_POINT('',(0.0112,-0.00425934978635572,0.0164034912883542));
#5252=CARTESIAN_POINT('',(0.0112,-0.00425934978635895,0.01614007302599));
#5253=CARTESIAN_POINT('',(-0.0112,-0.0117585000000012,0.011));
#5254=CARTESIAN_POINT('',(-0.0112,-0.0117565,0.0215));
#5255=CARTESIAN_POINT('',(-0.0112,-0.0070065,0.01925));
#5256=CARTESIAN_POINT('',(-0.0112,-0.00115889457878654,0.0135899341359451));
#5257=CARTESIAN_POINT('',(-0.0112,0.0110892249190886,0.0103028365843795));
#5258=CARTESIAN_POINT('',(-0.0112,0.014576,0.01125));
#5259=CARTESIAN_POINT('',(-0.0112,0.017926,0.0117));
#5260=CARTESIAN_POINT('',(-0.0112,-0.00570280101883689,0.017872859426204));
#5261=CARTESIAN_POINT('',(-0.0112,-0.00505107648986006,0.0174199485078085));
#5262=CARTESIAN_POINT('',(-0.0112000000000002,-0.00570280101883689,0.017872859426204));
#5263=CARTESIAN_POINT('',(-0.0112000000000002,-0.00586504479721647,0.0179851643788793));
#5264=CARTESIAN_POINT('',(-0.0111999999999999,-0.00622066328171513,0.0181591169659188));
#5265=CARTESIAN_POINT('',(-0.0112,-0.00681833679521567,0.0182221283242954));
#5266=CARTESIAN_POINT('',(-0.0112,-0.00738603888662661,0.0179545700518643));
#5267=CARTESIAN_POINT('',(-0.0112,-0.00752809463712462,0.0175563106794899));
#5268=CARTESIAN_POINT('',(-0.0112,-0.00752809463712462,0.0173576212699108));
#5269=CARTESIAN_POINT('',(-0.0112,-0.00425934978634362,0.016140073025995));
#5270=CARTESIAN_POINT('',(-0.0112,-0.00425934978634362,0.016403703744801));
#5271=CARTESIAN_POINT('',(-0.0112,-0.0044680174610855,0.0168976038285035));
#5272=CARTESIAN_POINT('',(-0.0112,-0.00483656406548405,0.0172705067081941));
#5273=CARTESIAN_POINT('',(-0.0112,-0.00505107648985886,0.0174199485078077));
#5274=CARTESIAN_POINT('',(-0.0161782427390427,-0.00584012908513585,0.0179678033414195));
#5275=CARTESIAN_POINT('',(0.0161527975894778,-0.00584012908513585,0.0179678033414195));
#5276=CARTESIAN_POINT('',(-0.0161782427390427,-0.00390694633085515,0.0166329608316806));
#5277=CARTESIAN_POINT('',(0.0161527975894778,-0.00390694633085515,0.0166329608316806));
#5278=CARTESIAN_POINT('',(-0.0161782427390427,-0.00120090828879694,0.0146496670535137));
#5279=CARTESIAN_POINT('',(0.0161527975894778,-0.00120090828879694,0.0146496670535137));
#5280=CARTESIAN_POINT('',(-0.0161782427390427,0.0030762769728629,0.0127353555690173));
#5281=CARTESIAN_POINT('',(0.0161527975894778,0.0030762769728629,0.0127353555690173));
#5282=CARTESIAN_POINT('',(-0.0161782427390427,0.00635152306392901,0.011692971996576));
#5283=CARTESIAN_POINT('',(0.0161527975894778,0.00635152306392901,0.011692971996576));
#5284=CARTESIAN_POINT('',(-0.0161782427390427,0.00890325765564895,0.0111724003431756));
#5285=CARTESIAN_POINT('',(0.0161527975894778,0.00890325765564895,0.0111724003431756));
#5286=CARTESIAN_POINT('',(-0.0161782427390427,0.0106983291914542,0.0109777454432835));
#5287=CARTESIAN_POINT('',(0.0161527975894778,0.0106983291914542,0.0109777454432835));
#5288=CARTESIAN_POINT('',(-0.0161782427390427,0.0122864941690972,0.0109344557359739));
#5289=CARTESIAN_POINT('',(0.0161527975894778,0.0122864941690972,0.0109344557359739));
#5290=CARTESIAN_POINT('',(-0.0161782427390427,0.0141104625760787,0.0111145126806475));
#5291=CARTESIAN_POINT('',(0.0161527975894778,0.0141104625760787,0.0111145126806475));
#5292=CARTESIAN_POINT('',(-0.0161782427390427,0.0158665122322725,0.0114051064587484));
#5293=CARTESIAN_POINT('',(0.0161527975894778,0.0158665122322725,0.0114051064587484));
#5294=CARTESIAN_POINT('',(-0.0161782427390427,0.016936419467081,0.0115611515246153));
#5295=CARTESIAN_POINT('',(0.0161527975894778,0.016936419467081,0.0115611515246153));
#5296=CARTESIAN_POINT('',(0.0112,-0.00570280101883707,0.0178728594262041));
#5297=CARTESIAN_POINT('',(0.011739726588258,-0.00526688306415989,0.0175711175303944));
#5298=CARTESIAN_POINT('',(0.0127387999812137,-0.00432716113002576,0.0169137990466497));
#5299=CARTESIAN_POINT('',(0.0142789342596012,-0.00224511940469878,0.0154766230757035));
#5300=CARTESIAN_POINT('',(0.0153024917353451,0.00021182900562978,0.0139987498359243));
#5301=CARTESIAN_POINT('',(0.0158187338733359,0.00289252262640123,0.0128483638675803));
#5302=CARTESIAN_POINT('',(0.0159587144926185,0.005031019635302,0.0121025996975326));
#5303=CARTESIAN_POINT('',(0.0158208035502766,0.0071745954730265,0.0115213464241623));
#5304=CARTESIAN_POINT('',(0.0152845655910942,0.00935956592687715,0.0111030508515821));
#5305=CARTESIAN_POINT('',(0.0142540289231223,0.0113555825602515,0.0109227136077234));
#5306=CARTESIAN_POINT('',(0.012697610977211,0.0130241885325879,0.0109991508165656));
#5307=CARTESIAN_POINT('',(0.0108296173335183,0.0142954868835736,0.011162251402638));
#5308=CARTESIAN_POINT('',(0.00811642127264462,0.0155821293920887,0.0113559172751325));
#5309=CARTESIAN_POINT('',(0.00448775267222089,0.0165376730638577,0.0115035224333121));
#5310=CARTESIAN_POINT('',(1.83032002299149E-5,0.0168997134935972,0.0115553567116776));
#5311=CARTESIAN_POINT('',(-0.00445132082669188,0.0165447268437139,0.0115045440378426));
#5312=CARTESIAN_POINT('',(-0.00809576472475113,0.0155881756911164,0.0113569511863916));
#5313=CARTESIAN_POINT('',(-0.0107950818381022,0.0143147115493566,0.0111649744489687));
#5314=CARTESIAN_POINT('',(-0.0126708251908361,0.0130462020965239,0.0110016358641888));
#5315=CARTESIAN_POINT('',(-0.0142328423144055,0.0113870215393485,0.0109216424152527));
#5316=CARTESIAN_POINT('',(-0.0152758436694941,0.00938169346321265,0.0111002165444156));
#5317=CARTESIAN_POINT('',(-0.0158149818988703,0.00721903550064544,0.0115103129456628));
#5318=CARTESIAN_POINT('',(-0.0160062111679319,0.00431078605707589,0.0122990401170533));
#5319=CARTESIAN_POINT('',(-0.0155551313499542,0.000828557133038728,0.0136323446875216));
#5320=CARTESIAN_POINT('',(-0.0142911165807489,-0.00223092474466526,0.0154663087299615));
#5321=CARTESIAN_POINT('',(-0.0127214691815356,-0.00434683093098774,0.0169275422686627));
#5322=CARTESIAN_POINT('',(-0.0117382421320975,-0.00526808200655857,0.0175719474369208));
#5323=CARTESIAN_POINT('',(-0.0112000000000002,-0.00570280101883689,0.017872859426204));
#5324=CARTESIAN_POINT('',(-0.0112,-0.00505107648985886,0.0174199485078077));
#5325=CARTESIAN_POINT('',(-0.0116969085056398,-0.00462533951226321,0.0171233554303691));
#5326=CARTESIAN_POINT('',(-0.0125985050403112,-0.00372468365908843,0.0164944309432571));
#5327=CARTESIAN_POINT('',(-0.0140187289708448,-0.00165620353863241,0.0150987573418554));
#5328=CARTESIAN_POINT('',(-0.0149217007332804,0.000693824516342617,0.0137649673200895));
#5329=CARTESIAN_POINT('',(-0.0153624779105676,0.00332599133640746,0.0126861174108523));
#5330=CARTESIAN_POINT('',(-0.0154551756409689,0.00533434860304443,0.0120129793174095));
#5331=CARTESIAN_POINT('',(-0.0152724311395773,0.0074205197945838,0.0114676382150225));
#5332=CARTESIAN_POINT('',(-0.0147095827783419,0.00945644821904348,0.0110931866133334));
#5333=CARTESIAN_POINT('',(-0.0136549108548323,0.0113423936669261,0.0109285447847064));
#5334=CARTESIAN_POINT('',(-0.0121172819530528,0.0128657985889075,0.0109889947771493));
#5335=CARTESIAN_POINT('',(-0.0103042024844796,0.0140216118557031,0.0111248252652578));
#5336=CARTESIAN_POINT('',(-0.0076939687965061,0.0151879211306531,0.011294624713417));
#5337=CARTESIAN_POINT('',(-0.00429550268784995,0.0160482715814693,0.0114292293757081));
#5338=CARTESIAN_POINT('',(1.34186421669634E-5,0.0163885614006122,0.0114795213791076));
#5339=CARTESIAN_POINT('',(0.00424802428482924,0.0160560212036865,0.0114304192942128));
#5340=CARTESIAN_POINT('',(0.00771961972221364,0.015180236128089,0.0112934328951823));
#5341=CARTESIAN_POINT('',(0.010309249537091,0.0140180598310703,0.0111243817286757));
#5342=CARTESIAN_POINT('',(0.0121244949138019,0.0128607753511261,0.0109884391904354));
#5343=CARTESIAN_POINT('',(0.0136582740125235,0.0113363491957572,0.0109290208148179));
#5344=CARTESIAN_POINT('',(0.014708178881309,0.00946030259601613,0.0110925915358339));
#5345=CARTESIAN_POINT('',(0.0152747221016686,0.00741105291575479,0.0114695554773148));
#5346=CARTESIAN_POINT('',(0.015512441035811,0.00464638253527394,0.0121938451622404));
#5347=CARTESIAN_POINT('',(0.0152254628883554,0.0019883779353478,0.0131793481921056));
#5348=CARTESIAN_POINT('',(0.0144649504143937,-0.000483338887400334,0.0144226930126431));
#5349=CARTESIAN_POINT('',(0.0134020708687754,-0.00273524565592028,0.0157931919035777));
#5350=CARTESIAN_POINT('',(0.0121923485760932,-0.00420086064787564,0.0168276388275816));
#5351=CARTESIAN_POINT('',(0.0112000000000018,-0.00505107648985729,0.0174199485078066));
#5352=CARTESIAN_POINT('',(-9.07809144835216E-9,-0.01050977393355,0.0130000000000001));
#5353=CARTESIAN_POINT('',(0.00300000000014004,0.0177674278049531,0.012));
#5354=CARTESIAN_POINT('',(0.003,0.0177672390880041,0.012));
#5355=CARTESIAN_POINT('',(0.003,0.0177672390880041,0.012));
#5356=CARTESIAN_POINT('',(0.00100712669184838,0.0179802813716622,0.012));
#5357=CARTESIAN_POINT('',(-0.00100695068090646,0.0179802991512967,0.012));
#5358=CARTESIAN_POINT('',(-0.003,0.0177672426029183,0.012));
#5359=CARTESIAN_POINT('',(-0.003,0.0177672426029183,0.012));
#5360=CARTESIAN_POINT('',(-0.003,0.0177674297310625,0.012));
#5361=CARTESIAN_POINT('',(-0.00299999961989605,0.0177672391242722,0.0105262669354153));
#5362=CARTESIAN_POINT('',(-0.00101392082112688,0.0179795568681909,0.0105566949372962));
#5363=CARTESIAN_POINT('',(0.00101562900563867,0.0179793742860762,0.0105566687708683));
#5364=CARTESIAN_POINT('',(0.00299999999952904,0.0177672390836883,0.010526266929599));
#5365=CARTESIAN_POINT('',(4.33680868994202E-19,0.0227672390880041,0.013));
#5366=CARTESIAN_POINT('',(-0.003,0.0227672390880041,0.013));
#5367=CARTESIAN_POINT('',(-0.003,0.0227672390880041,0.013));
#5368=CARTESIAN_POINT('',(4.33680868994202E-19,0.0227672390880041,0.013));
#5369=CARTESIAN_POINT('',(0.003,0.0227672390880041,0.013));
#5370=CARTESIAN_POINT('',(0.003,0.0227672390880041,0.013));
#5371=CARTESIAN_POINT('',(-0.003,0.0202672408454612,0.013));
#5372=CARTESIAN_POINT('',(-0.003,0.0177672426029183,0.012));
#5373=CARTESIAN_POINT('',(-0.003,0.0177672426029183,0.0122648393533332));
#5374=CARTESIAN_POINT('',(-0.003,0.0179873846794185,0.0127831868315012));
#5375=CARTESIAN_POINT('',(-0.003,0.0185079395371916,0.013));
#5376=CARTESIAN_POINT('',(-0.003,0.01877273836203,0.013));
#5377=CARTESIAN_POINT('',(-0.003,0.01877273836203,0.013));
#5378=CARTESIAN_POINT('',(-0.003,0.0202672408454612,0.013));
#5379=CARTESIAN_POINT('',(4.33680868994202E-19,0.0227672390880041,0.013));
#5380=CARTESIAN_POINT('',(4.33680868994202E-19,0.0227672390880041,0.0126));
#5381=CARTESIAN_POINT('',(0.00119,0.0227672390880041,0.0126));
#5382=CARTESIAN_POINT('',(0.003,0.0202672390880041,0.013));
#5383=CARTESIAN_POINT('',(0.003,0.0202672390880041,0.013));
#5384=CARTESIAN_POINT('',(0.003,0.0187727353520095,0.013));
#5385=CARTESIAN_POINT('',(0.003,0.0187727353520095,0.013));
#5386=CARTESIAN_POINT('',(0.003,0.0185079110649965,0.013));
#5387=CARTESIAN_POINT('',(0.003,0.0179884095387098,0.0127841813179253));
#5388=CARTESIAN_POINT('',(0.003,0.0177672390880041,0.0122648650109734));
#5389=CARTESIAN_POINT('',(0.003,0.0177672390880041,0.012));
#5390=CARTESIAN_POINT('',(-0.0053004876969481,0.0045358038625867,0.013));
#5391=CARTESIAN_POINT('',(4.33680868994202E-19,0.0227672390880041,0.013));
#5392=CARTESIAN_POINT('',(0.00159,0.0227672390880041,0.013));
#5393=CARTESIAN_POINT('',(-0.003,0.01877273836203,0.013));
#5394=CARTESIAN_POINT('',(-0.00100642742791084,0.0189782864826696,0.013));
#5395=CARTESIAN_POINT('',(0.00100641740234335,0.0189782965888304,0.013));
#5396=CARTESIAN_POINT('',(0.003,0.0187727353520095,0.013));
#5397=CARTESIAN_POINT('',(-0.010196256125764,-0.00644701150070955,0.0183838955088152));
#5398=CARTESIAN_POINT('',(-0.0112438874331735,-0.00750878789574884,0.0191058755138629));
#5399=CARTESIAN_POINT('',(-0.0107555662132809,-0.00783826515910807,0.0175569588872661));
#5400=CARTESIAN_POINT('',(-0.0108129713799615,-0.00602587867338698,0.0180975362695095));
#5401=CARTESIAN_POINT('',(-0.0119044591018047,-0.00703163636881812,0.0187907761289098));
#5402=CARTESIAN_POINT('',(-0.0114093133682113,-0.0073971726676069,0.0172740173911915));
#5403=CARTESIAN_POINT('',(-0.0119759488034971,-0.00511075517388224,0.0174631350063095));
#5404=CARTESIAN_POINT('',(-0.0131296624543648,-0.0059995617468642,0.0180874966779325));
#5405=CARTESIAN_POINT('',(-0.0126558760074533,-0.00642636515194555,0.0166446665034838));
#5406=CARTESIAN_POINT('',(-0.0133757803171941,-0.00355315880630662,0.0163730426296524));
#5407=CARTESIAN_POINT('',(-0.0145675658465741,-0.00419497561181756,0.0168133121045131));
#5408=CARTESIAN_POINT('',(-0.0141901339069834,-0.00471235948886653,0.0155497010517603));
#5409=CARTESIAN_POINT('',(-0.0144371816720855,-0.00178962140958864,0.0152007612077003));
#5410=CARTESIAN_POINT('',(-0.0155913873284639,-0.00223440628703877,0.0154774046709481));
#5411=CARTESIAN_POINT('',(-0.0153422511577567,-0.00275933885552305,0.0143547972691337));
#5412=CARTESIAN_POINT('',(-0.0151967353432848,7.10976271530538E-5,0.0141170163200107));
#5413=CARTESIAN_POINT('',(-0.0162927744566353,-0.000233827750822492,0.0142717800056338));
#5414=CARTESIAN_POINT('',(-0.0161546732413502,-0.000691194841591926,0.0132298275347496));
#5415=CARTESIAN_POINT('',(-0.0157040209984053,0.0021177088710107,0.0131594606332503));
#5416=CARTESIAN_POINT('',(-0.0167532572887349,0.00194296172112319,0.0132291611883216));
#5417=CARTESIAN_POINT('',(-0.0166927178531362,0.00156424977066143,0.0122362097828345));
#5418=CARTESIAN_POINT('',(-0.015938380932568,0.00423980801182608,0.0123573754818609));
#5419=CARTESIAN_POINT('',(-0.0169516926838061,0.00417976261604988,0.0123747215300436));
#5420=CARTESIAN_POINT('',(-0.0169395795180559,0.00387154921710605,0.011409177225079));
#5421=CARTESIAN_POINT('',(-0.0159061399473879,0.00646532472331468,0.0116938603882858));
#5422=CARTESIAN_POINT('',(-0.016882383009057,0.0065312255489548,0.0116730893312554));
#5423=CARTESIAN_POINT('',(-0.0169064628604843,0.00630116631212768,0.0107248149241859));
#5424=CARTESIAN_POINT('',(-0.0155056747120772,0.00868035315242777,0.0112121094711324));
#5425=CARTESIAN_POINT('',(-0.0164308592846115,0.00891982866102205,0.0111638669887375));
#5426=CARTESIAN_POINT('',(-0.0164764553331775,0.00877336014791617,0.01022639593729));
#5427=CARTESIAN_POINT('',(-0.0146189609184821,0.0107938426481765,0.0109453312174221));
#5428=CARTESIAN_POINT('',(-0.0154589658121921,0.0112722903287839,0.0109003802368945));
#5429=CARTESIAN_POINT('',(-0.0155058546439582,0.0112078262283915,0.00994496088268942));
#5430=CARTESIAN_POINT('',(-0.0131909198502894,0.0125908593496198,0.0109585274867101));
#5431=CARTESIAN_POINT('',(-0.0139204038656743,0.0133519290412258,0.0110020903065288));
#5432=CARTESIAN_POINT('',(-0.0139144708845281,0.013366825960437,0.00995869964727093));
#5433=CARTESIAN_POINT('',(-0.0113160966779824,0.0140153732144313,0.0111217124643133));
#5434=CARTESIAN_POINT('',(-0.0119069575756898,0.014968076494264,0.0112516546854717));
#5435=CARTESIAN_POINT('',(-0.0118543005592815,0.0150015558727245,0.0101310048368814));
#5436=CARTESIAN_POINT('',(-0.00851993439054227,0.0154511628969899,0.0113350485539183));
#5437=CARTESIAN_POINT('',(-0.00891388524014132,0.0165390752955387,0.0115065377563398));
#5438=CARTESIAN_POINT('',(-0.00886567444768682,0.0165537567522088,0.0103472338989951));
#5439=CARTESIAN_POINT('',(-0.00468080098903764,0.016521633632781,0.0115014737872036));
#5440=CARTESIAN_POINT('',(-0.00488361669946329,0.017656148621566,0.0116714117869606));
#5441=CARTESIAN_POINT('',(-0.0048490267876664,0.0176607544569094,0.0105124832326778));
#5442=CARTESIAN_POINT('',(3.15891537809619E-5,0.016913103544376,0.0115573648139323));
#5443=CARTESIAN_POINT('',(3.42674009167468E-5,0.0180639239439135,0.0117254131902338));
#5444=CARTESIAN_POINT('',(3.26810707953033E-5,0.0180620741625245,0.0105678645655402));
#5445=CARTESIAN_POINT('',(0.00397233914728137,0.016574778539048,0.011508349668341));
#5446=CARTESIAN_POINT('',(0.00414056633475974,0.0177135534297337,0.0116787321179375));
#5447=CARTESIAN_POINT('',(0.00411527833867611,0.0177160259774759,0.0105193445254416));
#5448=CARTESIAN_POINT('',(0.00702533234371357,0.0158663804101466,0.0114007724174699));
#5449=CARTESIAN_POINT('',(0.00734850100799955,0.0169690251495785,0.0115703636236736));
#5450=CARTESIAN_POINT('',(0.0073022424345453,0.0169815204849067,0.0104123948459194));
#5451=CARTESIAN_POINT('',(0.0092789335974729,0.0150681961387744,0.0112776892363491));
#5452=CARTESIAN_POINT('',(0.00973565808274214,0.0161157050775927,0.0114378289504356));
#5453=CARTESIAN_POINT('',(0.00967624247476986,0.0161406111683265,0.0102891661931738));
#5454=CARTESIAN_POINT('',(0.0113797701012886,0.0139754886285401,0.0111162564018314));
#5455=CARTESIAN_POINT('',(0.0119751020917914,0.0149238985348175,0.0112444079020783));
#5456=CARTESIAN_POINT('',(0.0119231144848378,0.0149574594621124,0.0101253766545118));
#5457=CARTESIAN_POINT('',(0.0132367762215449,0.0125460133672433,0.0109552110026948));
#5458=CARTESIAN_POINT('',(0.0139702104330177,0.0132993723475844,0.0109956404646649));
#5459=CARTESIAN_POINT('',(0.0139659506750501,0.0133130401517798,0.00995510278526118));
#5460=CARTESIAN_POINT('',(0.0146501242335978,0.0107400365429,0.0109489820100266));
#5461=CARTESIAN_POINT('',(0.0154926064768776,0.0112112197725456,0.0109029051453987));
#5462=CARTESIAN_POINT('',(0.015540161649436,0.01114415611631,0.00994892980907182));
#5463=CARTESIAN_POINT('',(0.0155219431326051,0.00862261842802431,0.0112222998279434));
#5464=CARTESIAN_POINT('',(0.0164489423732512,0.00885672164434954,0.0111745529366925));
#5465=CARTESIAN_POINT('',(0.01649409987724,0.00870834208109233,0.0102369626346975));
#5466=CARTESIAN_POINT('',(0.0159108257200779,0.00640609693808279,0.0117093426926738));
#5467=CARTESIAN_POINT('',(0.0168880174382401,0.00646802528731075,0.0116897346294372));
#5468=CARTESIAN_POINT('',(0.016911409170338,0.00623539554182546,0.010740902101797));
#5469=CARTESIAN_POINT('',(0.015943991218602,0.00346014611041247,0.0125937869772393));
#5470=CARTESIAN_POINT('',(0.0169713986302691,0.00333880120430423,0.0126288425513838));
#5471=CARTESIAN_POINT('',(0.0169451598963536,0.0030236042789608,0.0116524324090837));
#5472=CARTESIAN_POINT('',(0.0154491823367976,0.000680664327047237,0.0137606821293274));
#5473=CARTESIAN_POINT('',(0.0165086834554632,0.000373762987445994,0.0139040787315465));
#5474=CARTESIAN_POINT('',(0.0164248028563246,-1.15313380795411E-5,0.0128596910179736));
#5475=CARTESIAN_POINT('',(0.01441503474549,-0.00183241669155332,0.0152276476025253));
#5476=CARTESIAN_POINT('',(0.0155706582249384,-0.00228127728618228,0.0155076494821714));
#5477=CARTESIAN_POINT('',(0.0153183737352048,-0.00280713042202432,0.0143824726092611));
#5478=CARTESIAN_POINT('',(0.0133770607510759,-0.00354895923320595,0.0163707527579223));
#5479=CARTESIAN_POINT('',(0.014569250775325,-0.00418916781627969,0.0168099308156764));
#5480=CARTESIAN_POINT('',(0.0141914304287371,-0.0047076432055484,0.0155472817416639));
#5481=CARTESIAN_POINT('',(0.0119658401413628,-0.00512137121470691,0.0174703670525229));
#5482=CARTESIAN_POINT('',(0.0131187114041944,-0.00601254281631031,0.0180963546108136));
#5483=CARTESIAN_POINT('',(0.0126449326887053,-0.00643791493941252,0.01665193241288));
#5484=CARTESIAN_POINT('',(0.0108107085110878,-0.00602719715636754,0.0180984112206827));
#5485=CARTESIAN_POINT('',(0.011902108468288,-0.00703304214124169,0.0187916635381758));
#5486=CARTESIAN_POINT('',(0.0114069415935254,-0.00739852776192054,0.0172748769794075));
#5487=CARTESIAN_POINT('',(0.0101998350038206,-0.00644456695051288,0.0183822332159817));
#5488=CARTESIAN_POINT('',(0.0112477562795076,-0.00750599244632971,0.0191040293457205));
#5489=CARTESIAN_POINT('',(0.0107593600710167,-0.00783570467346535,0.017555316419797));
#5490=CARTESIAN_POINT('',(0.0109066141373623,-0.0052951604023239,0.0175898942065378));
#5491=CARTESIAN_POINT('',(0.0104723748362698,-0.00493194753434829,0.0173372023589307));
#5492=CARTESIAN_POINT('',(0.0102792550557873,-0.00508752832762566,0.0167690123422347));
#5493=CARTESIAN_POINT('',(0.0114308331682735,-0.00487150876484896,0.0172951543323368));
#5494=CARTESIAN_POINT('',(0.010966873997133,-0.00451723155859743,0.0170477997299169));
#5495=CARTESIAN_POINT('',(0.0107637596944397,-0.00469720261453823,0.016475198664274));
#5496=CARTESIAN_POINT('',(0.0123873600018642,-0.00397335135121436,0.0166669132132207));
#5497=CARTESIAN_POINT('',(0.0118580776937564,-0.00363082983513102,0.0164289802040855));
#5498=CARTESIAN_POINT('',(0.0116347983869516,-0.00387597614469906,0.0158458292139599));
#5499=CARTESIAN_POINT('',(0.0139011710325227,-0.0018997759864312,0.0152531786924219));
#5500=CARTESIAN_POINT('',(0.01321084343982,-0.00158038738158042,0.0150496283851993));
#5501=CARTESIAN_POINT('',(0.0129960586732309,-0.00198677991750488,0.0144119868340624));
#5502=CARTESIAN_POINT('',(0.0150763874076195,0.00102222899497379,0.0135559455592635));
#5503=CARTESIAN_POINT('',(0.0141950547394142,0.00129123931088693,0.0134401088562989));
#5504=CARTESIAN_POINT('',(0.0140951502442952,0.000832051200096785,0.0126441810993059));
#5505=CARTESIAN_POINT('',(0.0154996485155362,0.00434075232207359,0.0122948637669332));
#5506=CARTESIAN_POINT('',(0.0145041445472417,0.00441947736130513,0.0122769623931339));
#5507=CARTESIAN_POINT('',(0.0144947350259007,0.00407479540053887,0.0113449167409907));
#5508=CARTESIAN_POINT('',(0.0153226241663479,0.00710538877905892,0.0115395849526167));
#5509=CARTESIAN_POINT('',(0.0142893347519201,0.00698204591360898,0.0115725695362419));
#5510=CARTESIAN_POINT('',(0.0143277159894994,0.00673606654945156,0.0105654344204445));
#5511=CARTESIAN_POINT('',(0.014821424397425,0.00915562341197822,0.0111384291170467));
#5512=CARTESIAN_POINT('',(0.0138089929388068,0.00881925662406756,0.0111984978054289));
#5513=CARTESIAN_POINT('',(0.013868980579812,0.00867112960337537,0.0101493813495384));
#5514=CARTESIAN_POINT('',(0.0138638760899143,0.0110480218151108,0.0109392946785215));
#5515=CARTESIAN_POINT('',(0.0129931140048488,0.0104599662428232,0.0109786456367797));
#5516=CARTESIAN_POINT('',(0.0130122537360171,0.0104496211920782,0.00993815103106218));
#5517=CARTESIAN_POINT('',(0.0124154803269947,0.0126280740611468,0.0109683544257221));
#5518=CARTESIAN_POINT('',(0.0117981302768146,0.0118884226905969,0.0109209458495653));
#5519=CARTESIAN_POINT('',(0.0117420399551783,0.0119446110911931,0.00996919708793654));
#5520=CARTESIAN_POINT('',(0.0106026534268593,0.0138608560834738,0.0111028564389322));
#5521=CARTESIAN_POINT('',(0.0101633664945252,0.0130849050568886,0.0110019704106431));
#5522=CARTESIAN_POINT('',(0.010099251845057,0.0131204797698035,0.010111163762301));
#5523=CARTESIAN_POINT('',(0.00796729553285369,0.0151034589625305,0.0112811284644536));
#5524=CARTESIAN_POINT('',(0.00769420313565801,0.014287507467492,0.0111544675693321));
#5525=CARTESIAN_POINT('',(0.00764126684311905,0.0143050738235956,0.0102929723117536));
#5526=CARTESIAN_POINT('',(0.00438781338193812,0.0160415584126866,0.0114284141469868));
#5527=CARTESIAN_POINT('',(0.00424583120465154,0.0152000017377316,0.011299795890496));
#5528=CARTESIAN_POINT('',(0.00422671245680247,0.0152007488882946,0.0104398824287999));
#5529=CARTESIAN_POINT('',(2.32249458421163E-5,0.0163954564044394,0.0114804740341753));
#5530=CARTESIAN_POINT('',(2.22945046204844E-5,0.0155405469873625,0.0113517890482483));
#5531=CARTESIAN_POINT('',(2.22759469818608E-5,0.0155401515642423,0.0104916164238034));
#5532=CARTESIAN_POINT('',(-0.00442136613107123,0.0160351435742962,0.0114274222714447));
#5533=CARTESIAN_POINT('',(-0.00427773451364106,0.0151938448391249,0.0112988815092447));
#5534=CARTESIAN_POINT('',(-0.00425866064406013,0.0151946344169556,0.0104388838830194));
#5535=CARTESIAN_POINT('',(-0.00791540221655704,0.0151211074522827,0.0112838618813977));
#5536=CARTESIAN_POINT('',(-0.00764491919965776,0.0143045644140754,0.0111569844682257));
#5537=CARTESIAN_POINT('',(-0.00759222665098872,0.0143218880281875,0.0102957279358613));
#5538=CARTESIAN_POINT('',(-0.0105876083684351,0.0138707199009417,0.0111040719411539));
#5539=CARTESIAN_POINT('',(-0.0101496001059328,0.0130944726766325,0.0110028892644782));
#5540=CARTESIAN_POINT('',(-0.0100854814125925,0.0131299079275374,0.0101124247640309));
#5541=CARTESIAN_POINT('',(-0.0123972755994558,0.0126419924125413,0.0109696640481067));
#5542=CARTESIAN_POINT('',(-0.0117822971301007,0.0119017587359059,0.0109214102415139));
#5543=CARTESIAN_POINT('',(-0.0117258716364088,0.0119578081786091,0.00997060165034834));
#5544=CARTESIAN_POINT('',(-0.0138499232752531,0.0110697922789407,0.0109380618054907));
#5545=CARTESIAN_POINT('',(-0.0129817017988094,0.0104789335164166,0.0109767033175297));
#5546=CARTESIAN_POINT('',(-0.0129999267656331,0.010470193899907,0.00993682517506387));
#5547=CARTESIAN_POINT('',(-0.0148181764069582,0.00916583356774718,0.0111366594056771));
#5548=CARTESIAN_POINT('',(-0.0138060363262013,0.00882821906660362,0.0111968289534969));
#5549=CARTESIAN_POINT('',(-0.0138660086568393,0.00868075720989436,0.0101475277580615));
#5550=CARTESIAN_POINT('',(-0.0153195466119978,0.00712385377482849,0.0115355630217767));
#5551=CARTESIAN_POINT('',(-0.014286025787433,0.00699832266369582,0.011569102297568));
#5552=CARTESIAN_POINT('',(-0.0143248746918255,0.00675326316423833,0.0105612983890029));
#5553=CARTESIAN_POINT('',(-0.0154561726914946,0.00504331135480298,0.0121015502114307));
#5554=CARTESIAN_POINT('',(-0.0144525715557321,0.00506242252909099,0.0120984951442724));
#5555=CARTESIAN_POINT('',(-0.0144536977969184,0.00475270066885099,0.0111453267293093));
#5556=CARTESIAN_POINT('',(-0.0153302328727888,0.00303848699292934,0.0127937662211576));
#5557=CARTESIAN_POINT('',(-0.0143745697027311,0.00315344306350901,0.0127520755174283));
#5558=CARTESIAN_POINT('',(-0.0143348087062341,0.00279657086561682,0.0118592430833153));
#5559=CARTESIAN_POINT('',(-0.0149648193836823,0.0010758060866874,0.0136253507872239));
#5560=CARTESIAN_POINT('',(-0.0140838390785526,0.00127861039706603,0.0135335522194547));
#5561=CARTESIAN_POINT('',(-0.0139908541491274,0.000891852158806987,0.0127180140508366));
#5562=CARTESIAN_POINT('',(-0.014369897342171,-0.000719133841071129,0.0145576071138075));
#5563=CARTESIAN_POINT('',(-0.0135892585822174,-0.000459310673440746,0.0144107460989327));
#5564=CARTESIAN_POINT('',(-0.0134364771890822,-0.000849997492340824,0.013689528960415));
#5565=CARTESIAN_POINT('',(-0.013525792927333,-0.00241581605279053,0.0156076255814696));
#5566=CARTESIAN_POINT('',(-0.012861221640011,-0.00211308817889,0.0154104726710173));
#5567=CARTESIAN_POINT('',(-0.012658024763536,-0.00245635207915659,0.0147709979433805));
#5568=CARTESIAN_POINT('',(-0.012395171278553,-0.00396376887291915,0.0166595573815702));
#5569=CARTESIAN_POINT('',(-0.0118653241863486,-0.00362093442112444,0.0164215351432913));
#5570=CARTESIAN_POINT('',(-0.0116419729654693,-0.00386741401289317,0.0158385362292953));
#5571=CARTESIAN_POINT('',(-0.0114335232789066,-0.00486957392544905,0.0172938139596363));
#5572=CARTESIAN_POINT('',(-0.0109694830379048,-0.00451530072326181,0.0170464523891366));
#5573=CARTESIAN_POINT('',(-0.0107662680743192,-0.00469540976240273,0.0164738681917361));
#5574=CARTESIAN_POINT('',(-0.0109037028567665,-0.00529751251700207,0.0175915305871201));
#5575=CARTESIAN_POINT('',(-0.0104696449111551,-0.00493423630493165,0.0173387995391671));
#5576=CARTESIAN_POINT('',(-0.0102765642705493,-0.00508969544484939,0.0167706435649459));
#5577=CARTESIAN_POINT('',(4.33680868994202E-19,0.0227672390880041,0.0126));
#5578=CARTESIAN_POINT('',(0.00314343529132505,0.0187576033112385,0.013));
#5579=CARTESIAN_POINT('',(0.00303713778922018,0.0177632689403922,0.013));
#5580=CARTESIAN_POINT('',(0.00303713778922018,0.0177632689403922,0.012));
#5581=CARTESIAN_POINT('',(0.0026214430317344,0.0188134059415581,0.013));
#5582=CARTESIAN_POINT('',(0.00251514552962881,0.0178190715707156,0.013));
#5583=CARTESIAN_POINT('',(0.00251514552962976,0.017819071570714,0.012));
#5584=CARTESIAN_POINT('',(0.00157447613367224,0.0188985000858928,0.013));
#5585=CARTESIAN_POINT('',(0.00152864955270562,0.0178985111941485,0.013));
#5586=CARTESIAN_POINT('',(0.00152864955270517,0.0178985111941492,0.012));
#5587=CARTESIAN_POINT('',(5.45535212918321E-7,0.0189397496685273,0.013));
#5588=CARTESIAN_POINT('',(5.27829953309694E-7,0.0179397441197603,0.013));
#5589=CARTESIAN_POINT('',(5.27829953441917E-7,0.0179397441197601,0.012));
#5590=CARTESIAN_POINT('',(-0.00157471774911448,0.0188985012884697,0.013));
#5591=CARTESIAN_POINT('',(-0.00152888287768008,0.0178985123756079,0.013));
#5592=CARTESIAN_POINT('',(-0.00152888287768016,0.0178985123756081,0.012));
#5593=CARTESIAN_POINT('',(-0.00262134593778693,0.0188134181928684,0.013));
#5594=CARTESIAN_POINT('',(-0.00251505176692558,0.0178190834659073,0.013));
#5595=CARTESIAN_POINT('',(-0.00251505176692546,0.0178190834659071,0.012));
#5596=CARTESIAN_POINT('',(-0.00314343914190587,0.0187576065403739,0.013));
#5597=CARTESIAN_POINT('',(-0.00303714497104441,0.0177632718134128,0.013));
#5598=CARTESIAN_POINT('',(-0.00303714497104441,0.0177632718134128,0.012));
#5599=CARTESIAN_POINT('',(0.,0.,0.));
#5600=CARTESIAN_POINT('',(-0.00850000000000002,-0.00915846237603398,0.0195414637253056));
#5601=CARTESIAN_POINT('',(-0.00850000000000002,-0.00915846237603398,-1.38777878078145E-17));
#5602=CARTESIAN_POINT('',(-0.00783926175070082,-0.00949876190635236,0.0195414637253056));
#5603=CARTESIAN_POINT('',(-0.00783926175070082,-0.00949876190635236,-2.08166817117217E-17));
#5604=CARTESIAN_POINT('',(-0.00656028366511425,-0.0101070558725847,0.0195414637253056));
#5605=CARTESIAN_POINT('',(-0.00656028366511425,-0.0101070558725847,-1.38777878078145E-17));
#5606=CARTESIAN_POINT('',(-0.00452944317413883,-0.0109458064465762,0.0195414637253056));
#5607=CARTESIAN_POINT('',(-0.00452944317413883,-0.0109458064465762,-1.04083408558608E-17));
#5608=CARTESIAN_POINT('',(-0.0023679416839659,-0.011574645536868,0.0195414637253056));
#5609=CARTESIAN_POINT('',(-0.0023679416839659,-0.011574645536868,-1.38777878078145E-17));
#5610=CARTESIAN_POINT('',(1.08710422828728E-12,-0.0118474272316731,0.0195414637253056));
#5611=CARTESIAN_POINT('',(1.08710422828728E-12,-0.0118474272316731,-1.04083408558608E-17));
#5612=CARTESIAN_POINT('',(0.00236794168592633,-0.0115746455364395,0.0195414637253056));
#5613=CARTESIAN_POINT('',(0.00236794168592633,-0.0115746455364395,-1.38777878078145E-17));
#5614=CARTESIAN_POINT('',(0.00452944317598601,-0.0109458064459137,0.0195414637253056));
#5615=CARTESIAN_POINT('',(0.00452944317598601,-0.0109458064459137,-1.04083408558608E-17));
#5616=CARTESIAN_POINT('',(0.00656028366681303,-0.0101070558718086,0.0195414637253056));
#5617=CARTESIAN_POINT('',(0.00656028366681303,-0.0101070558718086,-1.38777878078145E-17));
#5618=CARTESIAN_POINT('',(0.00783926175242763,-0.00949876190551757,0.0195414637253056));
#5619=CARTESIAN_POINT('',(0.00783926175242763,-0.00949876190551757,-1.38777878078145E-17));
#5620=CARTESIAN_POINT('',(0.00850000000173895,-0.00915846237513838,0.0195414637253056));
#5621=CARTESIAN_POINT('',(0.00850000000173895,-0.00915846237513838,-1.38777878078145E-17));
#5622=CARTESIAN_POINT('',(0.0085,-0.00915846237603399,0.022));
#5623=CARTESIAN_POINT('',(0.0085,-0.00915846237175887,0.));
#5624=CARTESIAN_POINT('',(0.0085,-0.00915846237603399,0.0183930589907336));
#5625=CARTESIAN_POINT('',(0.0085,-0.00915846237603399,0.0183930589907336));
#5626=CARTESIAN_POINT('',(0.00730118795962628,-0.00977588565175905,0.0187775708462232));
#5627=CARTESIAN_POINT('',(0.00606894034645003,-0.0103443778345687,0.0191179620281587));
#5628=CARTESIAN_POINT('',(0.00477276074130212,-0.0108163002367632,0.0193790494047575));
#5629=CARTESIAN_POINT('',(0.00477276074130212,-0.0108163002367632,0.0193790494047575));
#5630=CARTESIAN_POINT('',(0.00477276074130212,-0.0108163002367632,0.0193790494047576));
#5631=CARTESIAN_POINT('',(0.00425432448662932,-0.0110050562408044,0.0194834771870967));
#5632=CARTESIAN_POINT('',(0.00311808554719491,-0.0113546577233351,0.0191740535686908));
#5633=CARTESIAN_POINT('',(0.00266567523787139,-0.0114445745307279,0.0180508446033491));
#5634=CARTESIAN_POINT('',(0.00264118823520991,-0.0114500532177325,0.0174910326035207));
#5635=CARTESIAN_POINT('',(0.0026411882352099,-0.0114500532177325,0.0174910326035207));
#5636=CARTESIAN_POINT('',(0.0026411882352099,-0.0114500532177325,0.0174910326035207));
#5637=CARTESIAN_POINT('',(0.00259984005532826,-0.0114593044005287,0.0165457471556158));
#5638=CARTESIAN_POINT('',(0.00251584865972269,-0.0114778808780528,0.0151300229104599));
#5639=CARTESIAN_POINT('',(0.00235128234771047,-0.0115119750852814,0.0132477142421232));
#5640=CARTESIAN_POINT('',(0.00219608416320937,-0.011542509788115,0.011839020882103));
#5641=CARTESIAN_POINT('',(0.00199730412676421,-0.0115788430241483,0.010435168033482));
#5642=CARTESIAN_POINT('',(0.00177729802437279,-0.0116154842298521,0.00926909232850698));
#5643=CARTESIAN_POINT('',(0.00152402955271084,-0.0116520296675732,0.00836248724252291));
#5644=CARTESIAN_POINT('',(0.00125498087066302,-0.0116865199412052,0.00769533641144174));
#5645=CARTESIAN_POINT('',(0.000762790535893923,-0.0117353264498228,0.00714967897434503));
#5646=CARTESIAN_POINT('',(4.72561317356528E-5,-0.0117654180439376,0.0069360595535128));
#5647=CARTESIAN_POINT('',(-0.000677882172606732,-0.0117414094736231,0.00710828313517033));
#5648=CARTESIAN_POINT('',(-0.00120119004312087,-0.0116927590115769,0.00762648280826554));
#5649=CARTESIAN_POINT('',(-0.00148629983249445,-0.011657119107723,0.00829005055817851));
#5650=CARTESIAN_POINT('',(-0.00175147715051956,-0.0116195795337483,0.0092078395464606));
#5651=CARTESIAN_POINT('',(-0.00197694877317766,-0.0115823880153955,0.010377004682748));
#5652=CARTESIAN_POINT('',(-0.0021821413275906,-0.0115451776826069,0.0117929705801566));
#5653=CARTESIAN_POINT('',(-0.0023421650864481,-0.0115138247155585,0.0132142387596422));
#5654=CARTESIAN_POINT('',(-0.00251199521174898,-0.0114787319033137,0.015112526834277));
#5655=CARTESIAN_POINT('',(-0.00259874311379666,-0.01145955023955,0.0165398800074933));
#5656=CARTESIAN_POINT('',(-0.00264131730019446,-0.0114500243402933,0.017492757833439));
#5657=CARTESIAN_POINT('',(-0.00264131730019447,-0.0114500243402933,0.017492757833439));
#5658=CARTESIAN_POINT('',(-0.00264131730019446,-0.0114500243402933,0.017492757833439));
#5659=CARTESIAN_POINT('',(-0.00266627750968152,-0.0114444395373132,0.0180514069172748));
#5660=CARTESIAN_POINT('',(-0.00300480808523972,-0.0113749905174065,0.0188865790531534));
#5661=CARTESIAN_POINT('',(-0.00397863296007099,-0.0110938379331667,0.0194235841496065));
#5662=CARTESIAN_POINT('',(-0.00451468420895752,-0.0109102663634691,0.0194310359435095));
#5663=CARTESIAN_POINT('',(-0.00477302146612741,-0.010816205308291,0.0193789968860634));
#5664=CARTESIAN_POINT('',(-0.00477302146612604,-0.0108162053082915,0.0193789968860756));
#5665=CARTESIAN_POINT('',(-0.00477302146612398,-0.0108162053082923,0.019378996886064));
#5666=CARTESIAN_POINT('',(-0.00606910502795895,-0.0103442989762007,0.0191179158182522));
#5667=CARTESIAN_POINT('',(-0.00730126880576506,-0.00977584401363225,0.0187775449153035));
#5668=CARTESIAN_POINT('',(-0.0085,-0.00915846237603399,0.0183930589907336));
#5669=CARTESIAN_POINT('',(-0.0085,-0.00915846237603399,0.0183930589907336));
#5670=CARTESIAN_POINT('',(-0.0085,-0.00915846237603399,0.022));
#5671=CARTESIAN_POINT('',(-0.0085,-0.00915846237829389,0.013));
#5672=CARTESIAN_POINT('',(0.00393822493619097,0.0177455895979403,0.013));
#5673=CARTESIAN_POINT('',(1.0842021724855E-18,0.0180162052010298,0.013));
#5674=CARTESIAN_POINT('',(-0.00393822493619097,0.0177455895979403,0.013));
#5675=CARTESIAN_POINT('',(-0.0070703773951023,0.0170654865162215,0.013));
#5676=CARTESIAN_POINT('',(-0.00940296973816677,0.0162260271340434,0.013));
#5677=CARTESIAN_POINT('',(-0.0110441815717505,0.0154361473784104,0.013));
#5678=CARTESIAN_POINT('',(-0.0123019815297926,0.0146283659097557,0.013));
#5679=CARTESIAN_POINT('',(-0.0132241786083646,0.0138809019151017,0.013));
#5680=CARTESIAN_POINT('',(-0.0138705721994578,0.0132626767621054,0.013));
#5681=CARTESIAN_POINT('',(-0.0144507944296437,0.0126001992161842,0.013));
#5682=CARTESIAN_POINT('',(-0.0151321768429665,0.0116720042650132,0.013));
#5683=CARTESIAN_POINT('',(-0.0158144019867437,0.0104423738634676,0.013));
#5684=CARTESIAN_POINT('',(-0.0163829595051468,0.0089065654145266,0.013));
#5685=CARTESIAN_POINT('',(-0.0167350493848075,0.00734724279081228,0.013));
#5686=CARTESIAN_POINT('',(-0.01690559655622,0.00578886818344128,0.013));
#5687=CARTESIAN_POINT('',(-0.01692274116333,0.00450572069090667,0.013));
#5688=CARTESIAN_POINT('',(-0.0168757036233251,0.00349439037893858,0.013));
#5689=CARTESIAN_POINT('',(-0.0167885112713142,0.0024815477988343,0.013));
#5690=CARTESIAN_POINT('',(-0.0166026276150444,0.00122185612794249,0.013));
#5691=CARTESIAN_POINT('',(-0.0162512265527756,-0.000266636179534451,0.013));
#5692=CARTESIAN_POINT('',(-0.0157640590807939,-0.00171615322799474,0.013));
#5693=CARTESIAN_POINT('',(-0.0151307405055408,-0.0031105586156053,0.013));
#5694=CARTESIAN_POINT('',(-0.0144728292504667,-0.0042080921364305,0.013));
#5695=CARTESIAN_POINT('',(-0.0138580935520099,-0.00503910833351401,0.013));
#5696=CARTESIAN_POINT('',(-0.0131967399113893,-0.00581722801915938,0.013));
#5697=CARTESIAN_POINT('',(-0.0123065626462012,-0.00668307084916042,0.013));
#5698=CARTESIAN_POINT('',(-0.011171244277247,-0.00757397441398507,0.013));
#5699=CARTESIAN_POINT('',(-0.00999935243109201,-0.00834020409101042,0.013));
#5700=CARTESIAN_POINT('',(-0.00881561377751418,-0.00900581629973155,0.013));
#5701=CARTESIAN_POINT('',(-0.00783429834629444,-0.00949595263148904,0.013));
#5702=CARTESIAN_POINT('',(-0.00706810320771216,-0.00985683791979282,0.013));
#5703=CARTESIAN_POINT('',(-0.00629223571260415,-0.0102097567251686,0.013));
#5704=CARTESIAN_POINT('',(-0.00529654299496859,-0.0106305818966563,0.013));
#5705=CARTESIAN_POINT('',(-0.00405677436863108,-0.011078779764561,0.013));
#5706=CARTESIAN_POINT('',(-0.00276504716640049,-0.0114432777016192,0.013));
#5707=CARTESIAN_POINT('',(-0.00164000725120193,-0.0116507879439482,0.013));
#5708=CARTESIAN_POINT('',(-0.000712218415227807,-0.0117404607680789,0.013));
#5709=CARTESIAN_POINT('',(-9.44105341310326E-18,-0.0117645196159606,0.013));
#5710=CARTESIAN_POINT('',(0.000712218415227787,-0.0117404607680788,0.013));
#5711=CARTESIAN_POINT('',(0.00164000725120192,-0.0116507879439482,0.013));
#5712=CARTESIAN_POINT('',(0.00276504716640047,-0.0114432777016192,0.013));
#5713=CARTESIAN_POINT('',(0.00405677436863107,-0.011078779764561,0.013));
#5714=CARTESIAN_POINT('',(0.00529654299496858,-0.0106305818966563,0.013));
#5715=CARTESIAN_POINT('',(0.00629223571260414,-0.0102097567251686,0.013));
#5716=CARTESIAN_POINT('',(0.00706810320771215,-0.00985683791979282,0.013));
#5717=CARTESIAN_POINT('',(0.00783429834629443,-0.00949595263148905,0.013));
#5718=CARTESIAN_POINT('',(0.00881561377751416,-0.00900581629973156,0.013));
#5719=CARTESIAN_POINT('',(0.00999935243109199,-0.00834020409101043,0.013));
#5720=CARTESIAN_POINT('',(0.011171244277247,-0.00757397441398508,0.013));
#5721=CARTESIAN_POINT('',(0.0123065626462012,-0.00668307084916043,0.013));
#5722=CARTESIAN_POINT('',(0.0131967399113892,-0.00581722801915939,0.013));
#5723=CARTESIAN_POINT('',(0.0138580935520099,-0.00503910833351402,0.013));
#5724=CARTESIAN_POINT('',(0.0144728292504667,-0.00420809213643051,0.013));
#5725=CARTESIAN_POINT('',(0.0151307405055408,-0.00311055861560531,0.013));
#5726=CARTESIAN_POINT('',(0.0157640590807939,-0.00171615322799476,0.013));
#5727=CARTESIAN_POINT('',(0.0162512265527756,-0.000266636179534462,0.013));
#5728=CARTESIAN_POINT('',(0.0166026276150444,0.00122185612794248,0.013));
#5729=CARTESIAN_POINT('',(0.0167885112713142,0.0024815477988343,0.013));
#5730=CARTESIAN_POINT('',(0.0168757036233251,0.00349439037893857,0.013));
#5731=CARTESIAN_POINT('',(0.01692274116333,0.00450572069090666,0.013));
#5732=CARTESIAN_POINT('',(0.01690559655622,0.00578886818344128,0.013));
#5733=CARTESIAN_POINT('',(0.0167350493848075,0.00734724279081228,0.013));
#5734=CARTESIAN_POINT('',(0.0163829595051467,0.00890656541452659,0.013));
#5735=CARTESIAN_POINT('',(0.0158144019867437,0.0104423738634676,0.013));
#5736=CARTESIAN_POINT('',(0.0151321768429665,0.0116720042650132,0.013));
#5737=CARTESIAN_POINT('',(0.0144507944296437,0.0126001992161842,0.013));
#5738=CARTESIAN_POINT('',(0.0138705721994578,0.0132626767621054,0.013));
#5739=CARTESIAN_POINT('',(0.0132241786083646,0.0138809019151017,0.013));
#5740=CARTESIAN_POINT('',(0.0123019815297926,0.0146283659097557,0.013));
#5741=CARTESIAN_POINT('',(0.0110441815717505,0.0154361473784104,0.013));
#5742=CARTESIAN_POINT('',(0.00940296973816677,0.0162260271340434,0.013));
#5743=CARTESIAN_POINT('',(0.00707037739510231,0.0170654865162215,0.013));
#5744=CARTESIAN_POINT('',(0.00393822493619097,0.0177455895979403,0.013));
#5745=CARTESIAN_POINT('',(1.0842021724855E-18,0.0180162052010298,0.013));
#5746=CARTESIAN_POINT('',(-0.00393822493619097,0.0177455895979403,0.013));
#5747=CARTESIAN_POINT('',(-0.00577962374561552,-0.0104232050497483,0.013));
#5748=CARTESIAN_POINT('',(-0.00577962374593982,-0.0104232050504487,0.022));
#5749=CARTESIAN_POINT('',(-0.00577962374593981,-0.0104232050504487,0.));
#5750=CARTESIAN_POINT('',(0.00393822493619097,0.0177455895979403,0.));
#5751=CARTESIAN_POINT('',(1.0842021724855E-18,0.0180162052010298,0.));
#5752=CARTESIAN_POINT('',(-0.00393822493619097,0.0177455895979403,0.));
#5753=CARTESIAN_POINT('',(-0.0070703773951023,0.0170654865162215,0.));
#5754=CARTESIAN_POINT('',(-0.00940296973816677,0.0162260271340434,0.));
#5755=CARTESIAN_POINT('',(-0.0110441815717505,0.0154361473784104,0.));
#5756=CARTESIAN_POINT('',(-0.0123019815297926,0.0146283659097557,0.));
#5757=CARTESIAN_POINT('',(-0.0132241786083646,0.0138809019151017,0.));
#5758=CARTESIAN_POINT('',(-0.0138705721994578,0.0132626767621054,0.));
#5759=CARTESIAN_POINT('',(-0.0144507944296437,0.0126001992161842,0.));
#5760=CARTESIAN_POINT('',(-0.0151321768429665,0.0116720042650132,0.));
#5761=CARTESIAN_POINT('',(-0.0158144019867437,0.0104423738634676,0.));
#5762=CARTESIAN_POINT('',(-0.0163829595051468,0.0089065654145266,0.));
#5763=CARTESIAN_POINT('',(-0.0167350493848075,0.00734724279081228,0.));
#5764=CARTESIAN_POINT('',(-0.01690559655622,0.00578886818344128,0.));
#5765=CARTESIAN_POINT('',(-0.01692274116333,0.00450572069090667,0.));
#5766=CARTESIAN_POINT('',(-0.0168757036233251,0.00349439037893858,0.));
#5767=CARTESIAN_POINT('',(-0.0167885112713142,0.0024815477988343,0.));
#5768=CARTESIAN_POINT('',(-0.0166026276150444,0.00122185612794249,0.));
#5769=CARTESIAN_POINT('',(-0.0162512265527756,-0.000266636179534451,0.));
#5770=CARTESIAN_POINT('',(-0.0157640590807939,-0.00171615322799474,0.));
#5771=CARTESIAN_POINT('',(-0.0151307405055408,-0.0031105586156053,0.));
#5772=CARTESIAN_POINT('',(-0.0144728292504667,-0.0042080921364305,0.));
#5773=CARTESIAN_POINT('',(-0.0138580935520099,-0.00503910833351401,0.));
#5774=CARTESIAN_POINT('',(-0.0131967399113893,-0.00581722801915938,0.));
#5775=CARTESIAN_POINT('',(-0.0123065626462012,-0.00668307084916042,0.));
#5776=CARTESIAN_POINT('',(-0.011171244277247,-0.00757397441398507,0.));
#5777=CARTESIAN_POINT('',(-0.00999935243109201,-0.00834020409101042,0.));
#5778=CARTESIAN_POINT('',(-0.00881561377751418,-0.00900581629973155,0.));
#5779=CARTESIAN_POINT('',(-0.00783429834629444,-0.00949595263148904,0.));
#5780=CARTESIAN_POINT('',(-0.00706810320771216,-0.00985683791979282,0.));
#5781=CARTESIAN_POINT('',(-0.00629223571260415,-0.0102097567251686,0.));
#5782=CARTESIAN_POINT('',(-0.00529654299496859,-0.0106305818966563,0.));
#5783=CARTESIAN_POINT('',(-0.00405677436863108,-0.011078779764561,0.));
#5784=CARTESIAN_POINT('',(-0.00276504716640049,-0.0114432777016192,0.));
#5785=CARTESIAN_POINT('',(-0.00164000725120193,-0.0116507879439482,0.));
#5786=CARTESIAN_POINT('',(-0.000712218415227807,-0.0117404607680789,0.));
#5787=CARTESIAN_POINT('',(-9.44105341310326E-18,-0.0117645196159606,0.));
#5788=CARTESIAN_POINT('',(0.000712218415227787,-0.0117404607680788,0.));
#5789=CARTESIAN_POINT('',(0.00164000725120192,-0.0116507879439482,0.));
#5790=CARTESIAN_POINT('',(0.00276504716640047,-0.0114432777016192,0.));
#5791=CARTESIAN_POINT('',(0.00405677436863107,-0.011078779764561,0.));
#5792=CARTESIAN_POINT('',(0.00529654299496858,-0.0106305818966563,0.));
#5793=CARTESIAN_POINT('',(0.00629223571260414,-0.0102097567251686,0.));
#5794=CARTESIAN_POINT('',(0.00706810320771215,-0.00985683791979282,0.));
#5795=CARTESIAN_POINT('',(0.00783429834629443,-0.00949595263148905,0.));
#5796=CARTESIAN_POINT('',(0.00881561377751416,-0.00900581629973156,0.));
#5797=CARTESIAN_POINT('',(0.00999935243109199,-0.00834020409101043,0.));
#5798=CARTESIAN_POINT('',(0.011171244277247,-0.00757397441398508,0.));
#5799=CARTESIAN_POINT('',(0.0123065626462012,-0.00668307084916043,0.));
#5800=CARTESIAN_POINT('',(0.0131967399113892,-0.00581722801915939,0.));
#5801=CARTESIAN_POINT('',(0.0138580935520099,-0.00503910833351402,0.));
#5802=CARTESIAN_POINT('',(0.0144728292504667,-0.00420809213643051,0.));
#5803=CARTESIAN_POINT('',(0.0151307405055408,-0.00311055861560531,0.));
#5804=CARTESIAN_POINT('',(0.0157640590807939,-0.00171615322799476,0.));
#5805=CARTESIAN_POINT('',(0.0162512265527756,-0.000266636179534462,0.));
#5806=CARTESIAN_POINT('',(0.0166026276150444,0.00122185612794248,0.));
#5807=CARTESIAN_POINT('',(0.0167885112713142,0.0024815477988343,0.));
#5808=CARTESIAN_POINT('',(0.0168757036233251,0.00349439037893857,0.));
#5809=CARTESIAN_POINT('',(0.01692274116333,0.00450572069090666,0.));
#5810=CARTESIAN_POINT('',(0.01690559655622,0.00578886818344128,0.));
#5811=CARTESIAN_POINT('',(0.0167350493848075,0.00734724279081228,0.));
#5812=CARTESIAN_POINT('',(0.0163829595051467,0.00890656541452659,0.));
#5813=CARTESIAN_POINT('',(0.0158144019867437,0.0104423738634676,0.));
#5814=CARTESIAN_POINT('',(0.0151321768429665,0.0116720042650132,0.));
#5815=CARTESIAN_POINT('',(0.0144507944296437,0.0126001992161842,0.));
#5816=CARTESIAN_POINT('',(0.0138705721994578,0.0132626767621054,0.));
#5817=CARTESIAN_POINT('',(0.0132241786083646,0.0138809019151017,0.));
#5818=CARTESIAN_POINT('',(0.0123019815297926,0.0146283659097557,0.));
#5819=CARTESIAN_POINT('',(0.0110441815717505,0.0154361473784104,0.));
#5820=CARTESIAN_POINT('',(0.00940296973816677,0.0162260271340434,0.));
#5821=CARTESIAN_POINT('',(0.00707037739510231,0.0170654865162215,0.));
#5822=CARTESIAN_POINT('',(0.00393822493619097,0.0177455895979403,0.));
#5823=CARTESIAN_POINT('',(1.0842021724855E-18,0.0180162052010298,0.));
#5824=CARTESIAN_POINT('',(-0.00393822493619097,0.0177455895979403,0.));
#5825=CARTESIAN_POINT('',(-0.0085000000000008,-0.00630627310516337,0.0192318521935893));
#5826=CARTESIAN_POINT('',(-0.0085000000000008,-0.00630627310516337,0.));
#5827=CARTESIAN_POINT('',(-0.00782118045748749,-0.00670732205544054,0.0192318521935893));
#5828=CARTESIAN_POINT('',(-0.00782118045748749,-0.00670732205544054,0.));
#5829=CARTESIAN_POINT('',(-0.0064074242376389,-0.00742615082742997,0.0192318521935893));
#5830=CARTESIAN_POINT('',(-0.0064074242376389,-0.00742615082742997,0.));
#5831=CARTESIAN_POINT('',(-0.00356189369226273,-0.00869394603022157,0.0192318521935893));
#5832=CARTESIAN_POINT('',(-0.00356189369226273,-0.00869394603022157,0.));
#5833=CARTESIAN_POINT('',(8.10983225019157E-16,-0.0096315359798525,0.0192318521935893));
#5834=CARTESIAN_POINT('',(8.10983225019157E-16,-0.0096315359798525,0.));
#5835=CARTESIAN_POINT('',(0.00356189369226442,-0.00869394603022092,0.0192318521935893));
#5836=CARTESIAN_POINT('',(0.00356189369226442,-0.00869394603022092,-3.46944695195361E-18));
#5837=CARTESIAN_POINT('',(0.00640742423764054,-0.0074261508274292,0.0192318521935893));
#5838=CARTESIAN_POINT('',(0.00640742423764054,-0.0074261508274292,6.93889390390723E-18));
#5839=CARTESIAN_POINT('',(0.00782118045748909,-0.00670732205543967,0.0192318521935893));
#5840=CARTESIAN_POINT('',(0.00782118045748909,-0.00670732205543967,0.));
#5841=CARTESIAN_POINT('',(0.00850000000000235,-0.00630627310516244,0.0192318521935893));
#5842=CARTESIAN_POINT('',(0.00850000000000235,-0.00630627310516244,0.));
#5843=CARTESIAN_POINT('',(-0.0085,-0.00630627310516383,0.022));
#5844=CARTESIAN_POINT('',(-0.0085,-0.00630627310516383,0.0176640746217514));
#5845=CARTESIAN_POINT('',(-0.0085,-0.00630627310516139,0.));
#5846=CARTESIAN_POINT('',(-0.0085,-0.00630627310516383,0.0176640746217514));
#5847=CARTESIAN_POINT('',(-0.00780744142383332,-0.00671543912438114,0.0179553764044978));
#5848=CARTESIAN_POINT('',(-0.00635723599374894,-0.00745124298977793,0.0184561946943164));
#5849=CARTESIAN_POINT('',(-0.0048509148477555,-0.00811923896851908,0.0188814827900046));
#5850=CARTESIAN_POINT('',(-0.00406901757073451,-0.00841125973913525,0.0190663357616463));
#5851=CARTESIAN_POINT('',(-0.00406901757073682,-0.00841125973913439,0.0190663357616574));
#5852=CARTESIAN_POINT('',(-0.00406901757073682,-0.00841125973913439,0.0190663357616574));
#5853=CARTESIAN_POINT('',(-0.00382778402706622,-0.00850135495674329,0.0191233672141484));
#5854=CARTESIAN_POINT('',(-0.00331900624144137,-0.00867979361928994,0.0191179746118942));
#5855=CARTESIAN_POINT('',(-0.00266511982869344,-0.00887236715751806,0.0186724986525054));
#5856=CARTESIAN_POINT('',(-0.00228549807403666,-0.00896692123053991,0.0179713186362168));
#5857=CARTESIAN_POINT('',(-0.0021949229527353,-0.00898764832792575,0.0174512692973757));
#5858=CARTESIAN_POINT('',(-0.00218403643766432,-0.00899017146432033,0.0171884074092466));
#5859=CARTESIAN_POINT('',(-0.00218403643766432,-0.00899017146432033,0.0171884074092466));
#5860=CARTESIAN_POINT('',(-0.00218403643766432,-0.00899017146432033,0.0171884074092466));
#5861=CARTESIAN_POINT('',(-0.00214658817912796,-0.00899885073986462,0.0162841951904955));
#5862=CARTESIAN_POINT('',(-0.00207264542089097,-0.00901576315206207,0.0149293180287515));
#5863=CARTESIAN_POINT('',(-0.00193199206541993,-0.00904591380137152,0.0131261103127344));
#5864=CARTESIAN_POINT('',(-0.00180134306875969,-0.00907251431334548,0.0117758416904023));
#5865=CARTESIAN_POINT('',(-0.00163635226454446,-0.00910379673917262,0.0104277475468475));
#5866=CARTESIAN_POINT('',(-0.00145784368807745,-0.00913461082892951,0.00931247090460536));
#5867=CARTESIAN_POINT('',(-0.00125620297304537,-0.00916522407764676,0.0084318589509285));
#5868=CARTESIAN_POINT('',(-0.00104770677852255,-0.00919296388557636,0.00778192446563888));
#5869=CARTESIAN_POINT('',(-0.000675371252753154,-0.00923461924478824,0.00719231545298763));
#5870=CARTESIAN_POINT('',(8.52216359163594E-7,-0.00926752313342411,0.0069052480346124));
#5871=CARTESIAN_POINT('',(0.000681043522603897,-0.00923428737772115,0.00718573153400448));
#5872=CARTESIAN_POINT('',(0.00105822570643501,-0.00919170596412221,0.00777719495462174));
#5873=CARTESIAN_POINT('',(0.00126650582744127,-0.00916374617422633,0.00842698571593014));
#5874=CARTESIAN_POINT('',(0.00146744230405534,-0.0091330399832041,0.00930609413584828));
#5875=CARTESIAN_POINT('',(0.0016452920356536,-0.00910216959258576,0.0104259348390387));
#5876=CARTESIAN_POINT('',(0.00180818954781691,-0.0090711568748023,0.0117730542774662));
#5877=CARTESIAN_POINT('',(0.00193693841447887,-0.00904487360165228,0.0131234229798492));
#5878=CARTESIAN_POINT('',(0.00207512832028573,-0.00901519970554348,0.0149267347349834));
#5879=CARTESIAN_POINT('',(0.00214750647984118,-0.00899863835971437,0.0162819794938524));
#5880=CARTESIAN_POINT('',(0.00218417437301936,-0.00899013949458712,0.017186493165264));
#5881=CARTESIAN_POINT('',(0.00218417437301936,-0.00899013949458712,0.017186493165264));
#5882=CARTESIAN_POINT('',(0.00218417437301937,-0.00899013949458712,0.017186493165264));
#5883=CARTESIAN_POINT('',(0.00219483737250179,-0.00898766803013717,0.017449525152501));
#5884=CARTESIAN_POINT('',(0.00228430118296812,-0.00896718346152392,0.0179663579744985));
#5885=CARTESIAN_POINT('',(0.00266176417869973,-0.00887329414091628,0.0186694639913754));
#5886=CARTESIAN_POINT('',(0.00331824380750889,-0.00868007960743149,0.0191182742842872));
#5887=CARTESIAN_POINT('',(0.0038273883481984,-0.00850150273830013,0.0191234607620144));
#5888=CARTESIAN_POINT('',(0.00406901787934099,-0.00841125962387778,0.0190663356886868));
#5889=CARTESIAN_POINT('',(0.00406901787934099,-0.00841125962387778,0.0190663356886868));
#5890=CARTESIAN_POINT('',(0.00406901787934099,-0.00841125962387778,0.0190663356886868));
#5891=CARTESIAN_POINT('',(0.0048509150973776,-0.00811923886060452,0.0188814827209864));
#5892=CARTESIAN_POINT('',(0.00635723613940233,-0.00745124291851167,0.018456194647303));
#5893=CARTESIAN_POINT('',(0.00780744146991002,-0.00671543909715884,0.0179553763851171));
#5894=CARTESIAN_POINT('',(0.0085,-0.00630627310516383,0.0176640746217514));
#5895=CARTESIAN_POINT('',(0.0085,-0.00630627310516383,0.0176640746217514));
#5896=CARTESIAN_POINT('',(0.0085,-0.00630627310516383,0.022));
#5897=CARTESIAN_POINT('',(0.00850000000000262,-0.00630627310516228,0.));
#5898=CARTESIAN_POINT('',(8.67361737988404E-19,0.015426,0.));
#5899=CARTESIAN_POINT('',(-0.00472778225432261,0.015426,0.));
#5900=CARTESIAN_POINT('',(-0.0132098393790402,0.0131196439023312,0.));
#5901=CARTESIAN_POINT('',(-0.0150821980872447,0.00411063431923771,0.));
#5902=CARTESIAN_POINT('',(-0.0127542971958464,-0.00402110188659257,0.));
#5903=CARTESIAN_POINT('',(-0.0062855484681201,-0.00765328212724107,0.));
#5904=CARTESIAN_POINT('',(1.90969276745302E-19,-0.0100380136633489,0.));
#5905=CARTESIAN_POINT('',(0.0062855484681201,-0.00765328212724106,0.));
#5906=CARTESIAN_POINT('',(0.0127542971958464,-0.00402110188659256,0.));
#5907=CARTESIAN_POINT('',(0.0150821980872447,0.00411063431923771,0.));
#5908=CARTESIAN_POINT('',(0.0132098393790402,0.0131196439023312,0.));
#5909=CARTESIAN_POINT('',(0.00472778225432261,0.015426,0.));
#5910=CARTESIAN_POINT('',(8.67361737988404E-19,0.015426,0.));
#5911=CARTESIAN_POINT('',(-9.71716197090133E-18,-0.0117565,0.));
#5912=CARTESIAN_POINT('',(-0.00916482732754913,-0.0105941926297722,0.));
#5913=CARTESIAN_POINT('',(-0.0085,-0.00915846237829389,0.));
#5914=CARTESIAN_POINT('',(-0.00982965465509825,-0.0120299228812506,0.));
#5915=CARTESIAN_POINT('',(-0.0085,-0.0117585000000012,0.));
#5916=CARTESIAN_POINT('',(0.0085,-0.0117584999999991,0.));
#5917=CARTESIAN_POINT('',(-0.00665262347621667,-0.0123084947645636,0.));
#5918=CARTESIAN_POINT('',(-0.00787867400317412,-0.0149562165991684,0.));
#5919=CARTESIAN_POINT('',(-0.0106009753938962,-0.0136956313628307,0.));
#5920=CARTESIAN_POINT('',(-0.0133232767846183,-0.012435046126493,0.));
#5921=CARTESIAN_POINT('',(-0.0129376164152193,-0.0116021918857029,0.));
#5922=CARTESIAN_POINT('',(-0.0125519560458203,-0.0107693376449128,0.));
#5923=CARTESIAN_POINT('',(-0.0111908053504593,-0.0113996302630817,0.));
#5924=CARTESIAN_POINT('',(-0.0106009753938962,-0.0136956313628307,0.));
#5925=CARTESIAN_POINT('',(-0.0094109753938962,-0.0136956313628307,0.));
#5926=CARTESIAN_POINT('',(-0.00143132165564892,-0.0107617140307176,0.0177189313949338));
#5927=CARTESIAN_POINT('',(-0.00143132165564892,-0.00995955875093145,0.0177189313949338));
#5928=CARTESIAN_POINT('',(-0.00122559899432967,-0.0107617140307176,0.0125201335578268));
#5929=CARTESIAN_POINT('',(-0.00122559899432967,-0.00995955875093145,0.0125201335578268));
#5930=CARTESIAN_POINT('',(7.55539070896303E-6,-0.0107617140307176,0.00351089447514942));
#5931=CARTESIAN_POINT('',(7.55539070896303E-6,-0.00995955875093145,0.00351089447514942));
#5932=CARTESIAN_POINT('',(0.00122734946941103,-0.0107617140307176,0.012457481912814));
#5933=CARTESIAN_POINT('',(0.00122734946941103,-0.00995955875093145,0.012457481912814));
#5934=CARTESIAN_POINT('',(0.00143109341003633,-0.0107617140307176,0.0177185062326934));
#5935=CARTESIAN_POINT('',(0.00143109341003633,-0.00995955875093145,0.0177185062326934));
#5936=CARTESIAN_POINT('',(-0.00141082270958786,-0.00996434922702383,0.0172332042886478));
#5937=CARTESIAN_POINT('',(-0.00141538180792781,-0.010133518049902,0.0173348747977014));
#5938=CARTESIAN_POINT('',(-0.00141971524860894,-0.0103034246673559,0.0174352857446001));
#5939=CARTESIAN_POINT('',(-0.00142383084201573,-0.0104741536706754,0.0175342912871466));
#5940=CARTESIAN_POINT('',(-0.00141082270958786,-0.00996434922702384,0.0172332042886478));
#5941=CARTESIAN_POINT('',(-0.00142383084201573,-0.0104741536706754,0.0175342912871466));
#5942=CARTESIAN_POINT('',(-0.00142383084201572,-0.0104741536706754,0.0175342912871464));
#5943=CARTESIAN_POINT('',(-0.00138989106915851,-0.0104818297197542,0.0167178292911286));
#5944=CARTESIAN_POINT('',(-0.00132307027382694,-0.0104967646356678,0.0154944422127434));
#5945=CARTESIAN_POINT('',(-0.0011979235326318,-0.0105233281656672,0.0138661040241058));
#5946=CARTESIAN_POINT('',(-0.00108321708714192,-0.0105467159781389,0.012646679016551));
#5947=CARTESIAN_POINT('',(-0.000966257931410976,-0.0105693981532396,0.0116317136053472));
#5948=CARTESIAN_POINT('',(-0.000854941013767116,-0.0105899027242806,0.0108224897778777));
#5949=CARTESIAN_POINT('',(-0.000760269347946673,-0.0106067234861963,0.0102176369910467));
#5950=CARTESIAN_POINT('',(-0.000650388924658442,-0.010625378500421,0.00961547793553232));
#5951=CARTESIAN_POINT('',(-0.000540617481327068,-0.0106434392738689,0.00911698650661547));
#5952=CARTESIAN_POINT('',(-0.000431680090753764,-0.0106603824125582,0.00872188649064487));
#5953=CARTESIAN_POINT('',(-0.000335157571457218,-0.0106770057225194,0.00843133591171118));
#5954=CARTESIAN_POINT('',(-0.00022749898681583,-0.0106919380485171,0.00819876397785357));
#5955=CARTESIAN_POINT('',(-0.000109528595294153,-0.0107269333459099,0.00803025252744186));
#5956=CARTESIAN_POINT('',(5.03176302445133E-5,-0.0107690998811698,0.00797721500389061));
#5957=CARTESIAN_POINT('',(0.000168599462191819,-0.010703616352888,0.00809199907337677));
#5958=CARTESIAN_POINT('',(0.000274518440193189,-0.0106902314547582,0.00826113537775437));
#5959=CARTESIAN_POINT('',(0.000372623879135024,-0.010669337536074,0.00850012180607739));
#5960=CARTESIAN_POINT('',(0.00046405219848091,-0.0106559869158903,0.00878834937680238));
#5961=CARTESIAN_POINT('',(0.000567305835427796,-0.0106389449666062,0.0091792095483368));
#5962=CARTESIAN_POINT('',(0.00067314739076574,-0.0106217260124747,0.00967296468300067));
#5963=CARTESIAN_POINT('',(0.000779639580940937,-0.0106033345927624,0.0102711158119037));
#5964=CARTESIAN_POINT('',(0.000871628891621862,-0.0105868847945039,0.0108720333646303));
#5965=CARTESIAN_POINT('',(0.000979733486336204,-0.010566818742262,0.0116751651173578));
#5966=CARTESIAN_POINT('',(0.00109324155821597,-0.0105446978287803,0.0126814084589105));
#5967=CARTESIAN_POINT('',(0.00120462839377149,-0.0105219098250186,0.0138919402873976));
#5968=CARTESIAN_POINT('',(0.0013260037582039,-0.0104960977731596,0.015508113080348));
#5969=CARTESIAN_POINT('',(0.00139071728259582,-0.0104816321465782,0.0167218541875264));
#5970=CARTESIAN_POINT('',(0.00142367494901261,-0.0104741805378604,0.017531695399526));
#5971=CARTESIAN_POINT('',(0.00142367494901218,-0.0104741805378601,0.0175316953995155));
#5972=CARTESIAN_POINT('',(0.00142367494901218,-0.0104741805378601,0.0175316953995154));
#5973=CARTESIAN_POINT('',(0.00141964213135468,-0.010303431397553,0.0174326003392582));
#5974=CARTESIAN_POINT('',(0.00141539647945245,-0.0101335043320217,0.0173321011060709));
#5975=CARTESIAN_POINT('',(0.0014109300686624,-0.00996431461227406,0.0172303436637182));
#5976=CARTESIAN_POINT('',(0.0014109300686624,-0.00996431461227406,0.0172303436637182));
#5977=CARTESIAN_POINT('',(0.0014109300686624,-0.00996431461227407,0.0172303436637182));
#5978=CARTESIAN_POINT('',(0.00137631443325649,-0.00997242302692101,0.016441701804205));
#5979=CARTESIAN_POINT('',(0.00130980755888894,-0.00998781012331747,0.0152601396526146));
#5980=CARTESIAN_POINT('',(0.00118720429751074,-0.0100147968284604,0.0136879500048305));
#5981=CARTESIAN_POINT('',(0.0010754267260773,-0.0100384678424507,0.0125107104628007));
#5982=CARTESIAN_POINT('',(0.00096187641819478,-0.010061385634574,0.0115315476399023));
#5983=CARTESIAN_POINT('',(0.000853834490817692,-0.0100821603474439,0.0107499791250137));
#5984=CARTESIAN_POINT('',(0.000761778533847184,-0.0100992420467794,0.0101644654051829));
#5985=CARTESIAN_POINT('',(0.000655027690989116,-0.0101183151472602,0.0095818244913743));
#5986=CARTESIAN_POINT('',(0.000548771321559081,-0.0101364632335927,0.00910114472290986));
#5987=CARTESIAN_POINT('',(0.000444171580016441,-0.0101541181379019,0.00872133409619998));
#5988=CARTESIAN_POINT('',(0.000351497034838091,-0.0101695207623794,0.00844112851689625));
#5989=CARTESIAN_POINT('',(0.000248030426024783,-0.0101892570184393,0.00821162004729852));
#5990=CARTESIAN_POINT('',(0.000136621434132863,-0.0102142301046676,0.00804837832759819));
#5991=CARTESIAN_POINT('',(-8.2248529845246E-6,-0.0102783784111472,0.00797136588306497));
#5992=CARTESIAN_POINT('',(-0.000138417171620938,-0.0102077638893928,0.00806876267928274));
#5993=CARTESIAN_POINT('',(-0.000245914935577961,-0.0101907735841042,0.00823212483214131));
#5994=CARTESIAN_POINT('',(-0.0003450727377289,-0.010169461538232,0.0084601831815331));
#5995=CARTESIAN_POINT('',(-0.000437690992099048,-0.0101551153682704,0.00874222118122042));
#5996=CARTESIAN_POINT('',(-0.000541273008265081,-0.0101374910785553,0.00912155339120055));
#5997=CARTESIAN_POINT('',(-0.000647276526989906,-0.0101196319593533,0.00960101245061068));
#5998=CARTESIAN_POINT('',(-0.000753818477984594,-0.0101006463832715,0.0101805953533073));
#5999=CARTESIAN_POINT('',(-0.000846079147787115,-0.0100836137711237,0.0107631924151581));
#6000=CARTESIAN_POINT('',(-0.000954922793299976,-0.0100627608203495,0.0115431534998166));
#6001=CARTESIAN_POINT('',(-0.00106974050861791,-0.0100396581252184,0.0125210767186193));
#6002=CARTESIAN_POINT('',(-0.00118311526080077,-0.0100156968860629,0.0136971187556588));
#6003=CARTESIAN_POINT('',(-0.00130772434141761,-0.00998830268128319,0.0152669498950886));
#6004=CARTESIAN_POINT('',(-0.00137553482982839,-0.00997261672000361,0.0164462643213446));
#6005=CARTESIAN_POINT('',(-0.00141082270958814,-0.00996434922702378,0.017233204288654));
#6006=CARTESIAN_POINT('',(0.0085,-0.0117584999999991,0.011));
#6007=CARTESIAN_POINT('',(0.0085,-0.0117565,0.0215));
#6008=CARTESIAN_POINT('',(0.0085,-0.0070065,0.01925));
#6009=CARTESIAN_POINT('',(0.0085,-0.00115889457878654,0.0135899341359451));
#6010=CARTESIAN_POINT('',(0.0085,0.0110892249190886,0.0103028365843795));
#6011=CARTESIAN_POINT('',(0.0085,0.014576,0.01125));
#6012=CARTESIAN_POINT('',(0.0085,0.017926,0.0117));
#6013=CARTESIAN_POINT('',(0.0085,-0.00748179688273358,0.0190741728121786));
#6014=CARTESIAN_POINT('',(0.0085,-0.00690209313194135,0.0186909721996102));
#6015=CARTESIAN_POINT('',(0.00850000000000178,-0.00748179688273358,0.0190741728121785));
#6016=CARTESIAN_POINT('',(0.00850000000000178,-0.00779560201060483,0.0192788787654247));
#6017=CARTESIAN_POINT('',(0.0084999999999996,-0.00839573423972281,0.0194012029527153));
#6018=CARTESIAN_POINT('',(0.00850000000000008,-0.00904342030114701,0.0189548581365911));
#6019=CARTESIAN_POINT('',(0.0085,-0.00915846237603473,0.0185812929088037));
#6020=CARTESIAN_POINT('',(0.0085,-0.00915846237603475,0.0183930589907339));
#6021=CARTESIAN_POINT('',(0.0085,-0.00630627310516383,0.0176640746217514));
#6022=CARTESIAN_POINT('',(0.0085,-0.00630627310516384,0.0180799213142482));
#6023=CARTESIAN_POINT('',(0.0085,-0.00655771805008831,0.018460521444755));
#6024=CARTESIAN_POINT('',(0.0085,-0.006902093131936,0.0186909721996066));
#6025=CARTESIAN_POINT('',(-0.0085,-0.0117585000000012,0.011));
#6026=CARTESIAN_POINT('',(-0.0085,-0.00915846237603399,0.0183930589907336));
#6027=CARTESIAN_POINT('',(-0.0085,-0.00915846237603399,0.0185805553341613));
#6028=CARTESIAN_POINT('',(-0.0085,-0.00904463674314633,0.0189521848698379));
#6029=CARTESIAN_POINT('',(-0.0085,-0.00840058725101514,0.019401022739894));
#6030=CARTESIAN_POINT('',(-0.0085,-0.00779504537679071,0.0192785156539097));
#6031=CARTESIAN_POINT('',(-0.0085,-0.0074817968827336,0.0190741728121786));
#6032=CARTESIAN_POINT('',(-0.0085,-0.00748179688273361,0.0190741728121786));
#6033=CARTESIAN_POINT('',(-0.0085,-0.0117565,0.0215));
#6034=CARTESIAN_POINT('',(-0.0085,-0.0070065,0.01925));
#6035=CARTESIAN_POINT('',(-0.0085,-0.00115889457878654,0.0135899341359451));
#6036=CARTESIAN_POINT('',(-0.0085,0.0110892249190886,0.0103028365843795));
#6037=CARTESIAN_POINT('',(-0.0085,0.014576,0.01125));
#6038=CARTESIAN_POINT('',(-0.0085,0.017926,0.0117));
#6039=CARTESIAN_POINT('',(-0.0085,-0.00690209313193595,0.0186909721996066));
#6040=CARTESIAN_POINT('',(-0.00850000000000011,-0.00690209313193594,0.0186909721996066));
#6041=CARTESIAN_POINT('',(-0.00850000000000011,-0.00655706088047184,0.0184600816764884));
#6042=CARTESIAN_POINT('',(-0.0085,-0.00630627310516384,0.0180808525751539));
#6043=CARTESIAN_POINT('',(-0.0085,-0.00630627310516383,0.0176640746217514));
#6044=CARTESIAN_POINT('',(-0.0085,-0.00915846237829389,0.013));
#6045=CARTESIAN_POINT('',(-0.00850000000000175,-0.00939036238416666,0.0202530316953808));
#6046=CARTESIAN_POINT('',(-0.00439440332374088,-0.00939036238416666,0.0202530316953808));
#6047=CARTESIAN_POINT('',(-0.00850000000000175,-0.0085110057574227,0.0197434477167761));
#6048=CARTESIAN_POINT('',(-0.00439440332374088,-0.0085110057574227,0.0197434477167761));
#6049=CARTESIAN_POINT('',(-0.00850000000000175,-0.00768428629682333,0.0192146965529381));
#6050=CARTESIAN_POINT('',(-0.00439440332374088,-0.00768428629682333,0.0192146965529381));
#6051=CARTESIAN_POINT('',(-0.00850000000000175,-0.00688792540405479,0.0186814887391976));
#6052=CARTESIAN_POINT('',(-0.00439440332374088,-0.00688792540405479,0.0186814887391976));
#6053=CARTESIAN_POINT('',(-0.00850000000000174,-0.00748179688273361,0.0190741728121786));
#6054=CARTESIAN_POINT('',(-0.00785169659835028,-0.00783829057238726,0.0193067259927824));
#6055=CARTESIAN_POINT('',(-0.00651922287256379,-0.0085015647325299,0.0197275145046869));
#6056=CARTESIAN_POINT('',(-0.00514329481103841,-0.00910795589785125,0.0200891944178136));
#6057=CARTESIAN_POINT('',(-0.00443089217708078,-0.00937472719980397,0.0202439659305368));
#6058=CARTESIAN_POINT('',(-0.00443089217708076,-0.00937472719980393,0.0202439659305367));
#6059=CARTESIAN_POINT('',(-0.0044308921770808,-0.00937472719980403,0.0202439659305368));
#6060=CARTESIAN_POINT('',(-0.00442711251358429,-0.00919283771114162,0.0201384399196703));
#6061=CARTESIAN_POINT('',(-0.00442311685829785,-0.00901187569435444,0.0200313274192867));
#6062=CARTESIAN_POINT('',(-0.00441888998383787,-0.00883176998191848,0.0199227513220663));
#6063=CARTESIAN_POINT('',(-0.00441888998383786,-0.00883176998191848,0.0199227513220664));
#6064=CARTESIAN_POINT('',(-0.00441888998383789,-0.00883176998191848,0.0199227513220664));
#6065=CARTESIAN_POINT('',(-0.00513371766782251,-0.00855780309725458,0.0197575913462742));
#6066=CARTESIAN_POINT('',(-0.00651447560820266,-0.00793975752366032,0.0193751007946828));
#6067=CARTESIAN_POINT('',(-0.00785196499970407,-0.00726691124629829,0.0189351031320359));
#6068=CARTESIAN_POINT('',(-0.00850000000000011,-0.00690209313193594,0.0186909721996066));
#6069=CARTESIAN_POINT('',(0.00439440364973441,-0.00939045610993006,0.020253086008933));
#6070=CARTESIAN_POINT('',(0.0085000000000018,-0.00939045610993006,0.020253086008933));
#6071=CARTESIAN_POINT('',(0.00439440364973441,-0.00851106431362784,0.0197434851792339));
#6072=CARTESIAN_POINT('',(0.0085000000000018,-0.00851106431362784,0.0197434851792339));
#6073=CARTESIAN_POINT('',(0.00439440364973441,-0.0076843142377337,0.0192147152714888));
#6074=CARTESIAN_POINT('',(0.0085000000000018,-0.0076843142377337,0.0192147152714888));
#6075=CARTESIAN_POINT('',(0.00439440364973441,-0.00688792489506156,0.0186814883983983));
#6076=CARTESIAN_POINT('',(0.0085000000000018,-0.00688792489506156,0.0186814883983983));
#6077=CARTESIAN_POINT('',(0.00441889030789427,-0.00883176985771964,0.0199227512471935));
#6078=CARTESIAN_POINT('',(0.00442302896247845,-0.00901190648368101,0.0200313459814337));
#6079=CARTESIAN_POINT('',(0.00442694166351463,-0.00919289956260239,0.0201384765280108));
#6080=CARTESIAN_POINT('',(0.0044306435494572,-0.00937482030080507,0.0202440199443426));
#6081=CARTESIAN_POINT('',(0.00441889030789427,-0.00883176985771965,0.0199227512471935));
#6082=CARTESIAN_POINT('',(0.00443064354945722,-0.00937482030080506,0.0202440199443427));
#6083=CARTESIAN_POINT('',(0.00443064354945724,-0.00937482030080496,0.0202440199443426));
#6084=CARTESIAN_POINT('',(0.00514309292262347,-0.00910804208747842,0.0200892454842332));
#6085=CARTESIAN_POINT('',(0.00651910580465664,-0.00850162259677488,0.019727550844299));
#6086=CARTESIAN_POINT('',(0.00785165860297644,-0.00783831146556041,0.0193067396220928));
#6087=CARTESIAN_POINT('',(0.00850000000000178,-0.00748179688273358,0.0190741728121786));
#6088=CARTESIAN_POINT('',(0.0085,-0.006902093131936,0.0186909721996066));
#6089=CARTESIAN_POINT('',(0.00785196504905016,-0.00726691121851097,0.0189351031134672));
#6090=CARTESIAN_POINT('',(0.00651447576112226,-0.00793975744787733,0.0193751007455147));
#6091=CARTESIAN_POINT('',(0.00513371793084657,-0.00855780298281631,0.0197575912759109));
#6092=CARTESIAN_POINT('',(0.00441889030788711,-0.00883176985772246,0.0199227512471952));
#6093=CARTESIAN_POINT('',(-0.0053004876969481,0.0045358038625867,0.013));
#6094=CARTESIAN_POINT('',(-0.0106009753938962,-0.0136956313628307,0.013));
#6095=CARTESIAN_POINT('',(-0.0090109753938962,-0.0136956313628307,0.013));
#6096=CARTESIAN_POINT('',(-0.00916482732754913,-0.0105941926297722,0.013));
#6097=CARTESIAN_POINT('',(-0.00982965465509825,-0.0120299228812506,0.013));
#6098=CARTESIAN_POINT('',(-0.0111908053504593,-0.0113996302630817,0.013));
#6099=CARTESIAN_POINT('',(-0.0125519560458203,-0.0107693376449128,0.013));
#6100=CARTESIAN_POINT('',(-0.0129376164152193,-0.0116021918857029,0.013));
#6101=CARTESIAN_POINT('',(-0.0133232767846183,-0.012435046126493,0.013));
#6102=CARTESIAN_POINT('',(-0.0106009753938962,-0.0136956313628307,0.013));
#6103=CARTESIAN_POINT('',(-0.00787867400317412,-0.0149562165991684,0.013));
#6104=CARTESIAN_POINT('',(-0.00665262347621667,-0.0123084947645636,0.013));
#6105=CARTESIAN_POINT('',(-0.00665262347621667,-0.0123084947645636,0.013));
#6106=CARTESIAN_POINT('',(-0.00787867400317412,-0.0149562165991684,0.013));
#6107=CARTESIAN_POINT('',(-0.00916482732754913,-0.0105941926297722,0.013));
#6108=CARTESIAN_POINT('',(-0.00982965465509825,-0.0120299228812506,0.013));
#6109=CARTESIAN_POINT('',(-0.0111908053504593,-0.0113996302630817,0.013));
#6110=CARTESIAN_POINT('',(-0.0125519560458203,-0.0107693376449128,0.013));
#6111=CARTESIAN_POINT('',(-0.0129376164152193,-0.0116021918857029,0.013));
#6112=CARTESIAN_POINT('',(-0.0133232767846183,-0.012435046126493,0.013));
#6113=CARTESIAN_POINT('',(-0.0106009753938962,-0.0136956313628307,0.013));
#6114=CARTESIAN_POINT('',(-0.0106009753938962,-0.0136956313628307,0.013));
#6115=CARTESIAN_POINT('',(-0.0106009753938962,-0.0136956313628307,0.0126));
#6116=CARTESIAN_POINT('',(-0.0094109753938962,-0.0136956313628307,0.0126));
#6117=CARTESIAN_POINT('',(0.00443459477323929,-0.0095734292342996,0.0203583975432955));
#6118=CARTESIAN_POINT('',(0.00153035773668735,-0.00961995604379607,0.0203849925367702));
#6119=CARTESIAN_POINT('',(0.00143666661963178,-0.0110621939803136,0.0178653424596336));
#6120=CARTESIAN_POINT('',(0.00442667760077145,-0.00916627438308694,0.0201256654748737));
#6121=CARTESIAN_POINT('',(0.00152726662781986,-0.00921648273720618,0.0201551857711479));
#6122=CARTESIAN_POINT('',(0.00142899060562306,-0.0106897033899034,0.0176589101969282));
#6123=CARTESIAN_POINT('',(0.00441779789363723,-0.00876700689428648,0.0198866130626394));
#6124=CARTESIAN_POINT('',(0.00152333044439295,-0.00882068652386884,0.0199190884518337));
#6125=CARTESIAN_POINT('',(0.00142038234492704,-0.0103218762894882,0.0174454879441708));
#6126=CARTESIAN_POINT('',(0.00440786787097643,-0.00837541596765705,0.0196434853881296));
#6127=CARTESIAN_POINT('',(0.00151850135331499,-0.00843230212065816,0.0196788043834138));
#6128=CARTESIAN_POINT('',(0.00141075900935393,-0.00995783924707666,0.0172264482913157));
#6129=CARTESIAN_POINT('',(0.00142367494901261,-0.0104741805378587,0.017531695399526));
#6130=CARTESIAN_POINT('',(0.00145546079138824,-0.0103417711674962,0.01831274235796));
#6131=CARTESIAN_POINT('',(0.0019277328229734,-0.0100912846455507,0.0194562533821791));
#6132=CARTESIAN_POINT('',(0.00327467336538482,-0.00967990848794879,0.020248485027746));
#6133=CARTESIAN_POINT('',(0.00404964530805021,-0.00947169895797243,0.0203002252156498));
#6134=CARTESIAN_POINT('',(0.00443064354945725,-0.00937482030080497,0.0202440199443426));
#6135=CARTESIAN_POINT('',(0.00441889030788683,-0.00883176985772165,0.0199227512471947));
#6136=CARTESIAN_POINT('',(0.00403894316844998,-0.00893078172942269,0.0199824402073737));
#6137=CARTESIAN_POINT('',(0.00326495172267427,-0.0091446116322391,0.0199378179007781));
#6138=CARTESIAN_POINT('',(0.00191694265651703,-0.00956989298596936,0.019152799028881));
#6139=CARTESIAN_POINT('',(0.00144518141459347,-0.00982844349825296,0.0180106859839651));
#6140=CARTESIAN_POINT('',(0.0014109300686624,-0.00996431461227407,0.0172303436637182));
#6141=CARTESIAN_POINT('',(-0.0014370845714057,-0.0110620162921367,0.0178675813186509));
#6142=CARTESIAN_POINT('',(-0.00153267686938612,-0.00962070786226837,0.0203854226796128));
#6143=CARTESIAN_POINT('',(-0.00443492478329162,-0.00957323501053524,0.0203582865230502));
#6144=CARTESIAN_POINT('',(-0.00142925526845663,-0.0106895969029684,0.0176613623741424));
#6145=CARTESIAN_POINT('',(-0.00152955443894423,-0.00921740450976783,0.0201557261650046));
#6146=CARTESIAN_POINT('',(-0.00442684257876003,-0.00916615886916016,0.020125596016751));
#6147=CARTESIAN_POINT('',(-0.00142047045975318,-0.0103218408849823,0.0174481493639538));
#6148=CARTESIAN_POINT('',(-0.00152555306493592,-0.00882176401304388,0.0199197391951248));
#6149=CARTESIAN_POINT('',(-0.00441777352421194,-0.00876696904551393,0.0198865889853528));
#6150=CARTESIAN_POINT('',(-0.00141064811290813,-0.0099578751297578,0.0172293125242705));
#6151=CARTESIAN_POINT('',(-0.00152062596466158,-0.0084335233756072,0.0196795625401337));
#6152=CARTESIAN_POINT('',(-0.00440763076541486,-0.00837545456630202,0.0196435093529026));
#6153=CARTESIAN_POINT('',(-0.00443089217708078,-0.00937472719980398,0.0202439659305368));
#6154=CARTESIAN_POINT('',(-0.00405107802811801,-0.0094713463019699,0.020300021002768));
#6155=CARTESIAN_POINT('',(-0.00327926185493335,-0.00967876725934253,0.0202492440778152));
#6156=CARTESIAN_POINT('',(-0.0019310581189977,-0.0100902417681094,0.0194610856016307));
#6157=CARTESIAN_POINT('',(-0.0014562252240762,-0.0103418950954623,0.0183135770557731));
#6158=CARTESIAN_POINT('',(-0.00142383084201572,-0.0104741536706754,0.0175342912871464));
#6159=CARTESIAN_POINT('',(-0.00141082270958814,-0.00996434922702277,0.017233204288654));
#6160=CARTESIAN_POINT('',(-0.00144573173687357,-0.00982863560352889,0.0180116956283626));
#6161=CARTESIAN_POINT('',(-0.00192007013147242,-0.00956889059936591,0.0191576973098503));
#6162=CARTESIAN_POINT('',(-0.00326929393080964,-0.00914352880784062,0.0199386028862251));
#6163=CARTESIAN_POINT('',(-0.00404018659845465,-0.00893049969839169,0.019982270185472));
#6164=CARTESIAN_POINT('',(-0.00441888998383568,-0.00883176998191926,0.0199227513220824));
#6165=CARTESIAN_POINT('',(-0.0044308921770773,-0.00937472719980527,0.0202439659305375));
#6166=CARTESIAN_POINT('',(-0.00507830214504389,-0.0107050520696955,0.0210157745584485));
#6167=CARTESIAN_POINT('',(-0.00477302146612034,-0.0108162053082936,0.0193789968860648));
#6168=CARTESIAN_POINT('',(-0.00514987807386092,-0.00910549067930062,0.0200877641829964));
#6169=CARTESIAN_POINT('',(-0.00586468708628623,-0.0104058486823772,0.0208575158460242));
#6170=CARTESIAN_POINT('',(-0.0055269891224076,-0.010541684342571,0.0192271188062883));
#6171=CARTESIAN_POINT('',(-0.00653551962467067,-0.00849403406917079,0.0197229551655529));
#6172=CARTESIAN_POINT('',(-0.00734741708384409,-0.00974614568970346,0.0204963940667822));
#6173=CARTESIAN_POINT('',(-0.00695677103855027,-0.00992662349895279,0.0188719313430102));
#6174=CARTESIAN_POINT('',(-0.00787378866758915,-0.00782700346828999,0.0192995056998319));
#6175=CARTESIAN_POINT('',(-0.0087419743329703,-0.00905114547829926,0.0200850716141399));
#6176=CARTESIAN_POINT('',(-0.00832353150617041,-0.00926060172857099,0.0184577698284204));
#6177=CARTESIAN_POINT('',(-0.00852324989229097,-0.00746899639627817,0.0190658200128776));
#6178=CARTESIAN_POINT('',(-0.00943963283746891,-0.0086567978162184,0.019841146011954));
#6179=CARTESIAN_POINT('',(-0.0089990754208711,-0.00889513665185819,0.0182284265439822));
#6180=CARTESIAN_POINT('',(-0.00443089217708078,-0.00987655242047744,0.019378996886064));
#6181=CARTESIAN_POINT('',(-0.00477302146612398,-0.0108162053082923,0.019378996886064));
#6182=CARTESIAN_POINT('',(-0.00507830214504767,-0.010705052069694,0.0210157745584477));
#6183=CARTESIAN_POINT('',(-0.00443089217708079,-0.00937472719980396,0.0202439659305367));
#6184=CARTESIAN_POINT('',(-0.00451062125133609,-0.0109117456935711,0.0194318543833853));
#6185=CARTESIAN_POINT('',(-0.00459814702142707,-0.0108845379882559,0.0212081964469965));
#6186=CARTESIAN_POINT('',(-0.00405462580369177,-0.00947044380370482,0.0202994974043872));
#6187=CARTESIAN_POINT('',(-0.00409910872032499,-0.011052244629929,0.0194239473916519));
#6188=CARTESIAN_POINT('',(-0.00376156143565593,-0.0111707220725188,0.0213025678643939));
#6189=CARTESIAN_POINT('',(-0.00346769528151185,-0.00962780644008498,0.0202632205866872));
#6190=CARTESIAN_POINT('',(-0.00359056138785252,-0.0112064448612296,0.0192116783850708));
#6191=CARTESIAN_POINT('',(-0.00268577762530139,-0.0114733900639897,0.0208269062418601));
#6192=CARTESIAN_POINT('',(-0.00274853520255802,-0.00984089041636134,0.019942001860018));
#6193=CARTESIAN_POINT('',(-0.00314934670125732,-0.0113294350035907,0.0188823546345024));
#6194=CARTESIAN_POINT('',(-0.00185716882443874,-0.0116714109339257,0.0200550565393151));
#6195=CARTESIAN_POINT('',(-0.00212812870319714,-0.0100435754992965,0.0194649402250795));
#6196=CARTESIAN_POINT('',(-0.00276387191532752,-0.0114231162192014,0.0182985035530469));
#6197=CARTESIAN_POINT('',(-0.00136886717062463,-0.0117486976007617,0.0188704593778705));
#6198=CARTESIAN_POINT('',(-0.00159071519154434,-0.0102684017890283,0.0186431690532109));
#6199=CARTESIAN_POINT('',(-0.00265341717487706,-0.0114473170146343,0.0177635722960539));
#6200=CARTESIAN_POINT('',(-0.0013644901830824,-0.0117368583485989,0.0179643490124731));
#6201=CARTESIAN_POINT('',(-0.00143924499505198,-0.0104112213425496,0.0179050972520255));
#6202=CARTESIAN_POINT('',(-0.00264131730019445,-0.0114500243402933,0.017492757833439));
#6203=CARTESIAN_POINT('',(-0.00142431260188211,-0.0117223269990622,0.017545880599362));
#6204=CARTESIAN_POINT('',(-0.00142383084201572,-0.0104741536706754,0.0175342912871463));
#6205=CARTESIAN_POINT('',(-0.00242296795584101,-0.0104741536706753,0.017492757833439));
#6206=CARTESIAN_POINT('',(-0.00264131730018461,-0.0114500243402955,0.0174927578332177));
#6207=CARTESIAN_POINT('',(-0.001424312601873,-0.0117223269990634,0.0175458805991438));
#6208=CARTESIAN_POINT('',(-0.00142383084200662,-0.0104741536706775,0.0175342912869275));
#6209=CARTESIAN_POINT('',(-0.00259918474316131,-0.0114594514257571,0.0165497643729387));
#6210=CARTESIAN_POINT('',(-0.00138583215599911,-0.0117271035442125,0.0166173740327889));
#6211=CARTESIAN_POINT('',(-0.00138505042709204,-0.010482924512222,0.0166013818279298));
#6212=CARTESIAN_POINT('',(-0.00251355017790331,-0.0114783867596533,0.0151369442998853));
#6213=CARTESIAN_POINT('',(-0.00130779431736256,-0.0117365735152888,0.0152274887502029));
#6214=CARTESIAN_POINT('',(-0.00130621790527365,-0.010500533297423,0.0152038333551599));
#6215=CARTESIAN_POINT('',(-0.00234634973729812,-0.0115129754741299,0.0132572039947303));
#6216=CARTESIAN_POINT('',(-0.00115552625617211,-0.0117527075015484,0.0133747211623405));
#6217=CARTESIAN_POINT('',(-0.00115318922178354,-0.0105326298220164,0.0133491483053236));
#6218=CARTESIAN_POINT('',(-0.00218913523537895,-0.0115438380611872,0.0118495546235902));
#6219=CARTESIAN_POINT('',(-0.00101310570028621,-0.0117661632427423,0.0119949756245494));
#6220=CARTESIAN_POINT('',(-0.0010096590693318,-0.010561223067038,0.0119647412124656));
#6221=CARTESIAN_POINT('',(-0.00198803482866895,-0.0115804568563589,0.0104458492147746));
#6222=CARTESIAN_POINT('',(-0.000834235541058556,-0.0117802669619399,0.0106300007850809));
#6223=CARTESIAN_POINT('',(-0.000828961284407724,-0.0105950801521863,0.0105949340292464));
#6224=CARTESIAN_POINT('',(-0.0017683377458283,-0.0116168808460633,0.00928546016387201));
#6225=CARTESIAN_POINT('',(-0.00063904000860705,-0.0117921193251364,0.00952125105980631));
#6226=CARTESIAN_POINT('',(-0.000631341518686243,-0.010628679055612,0.00948078144528523));
#6227=CARTESIAN_POINT('',(-0.00151236921803272,-0.0116536390827336,0.00836976672835455));
#6228=CARTESIAN_POINT('',(-0.000435340973341175,-0.0117982257673516,0.00869921037827207));
#6229=CARTESIAN_POINT('',(-0.000422054607927683,-0.010662487766116,0.00865538818683363));
#6230=CARTESIAN_POINT('',(-0.00124431870152484,-0.0116875796863766,0.00770205879492979));
#6231=CARTESIAN_POINT('',(-0.000242127512010478,-0.0117982487059898,0.00820801665061585));
#6232=CARTESIAN_POINT('',(-0.000217227579142849,-0.0106936508094889,0.00814849076485679));
#6233=CARTESIAN_POINT('',(-0.000742967179327671,-0.011737546593033,0.00713695757218096));
#6234=CARTESIAN_POINT('',(-0.000131232549901509,-0.0117691624811441,0.00804350162042366));
#6235=CARTESIAN_POINT('',(-6.55116205491056E-5,-0.0107392998209113,0.00800610677085425));
#6236=CARTESIAN_POINT('',(4.55705038124482E-5,-0.0117673450248503,0.00692162095753419));
#6237=CARTESIAN_POINT('',(1.59448815333155E-5,-0.0117496109177291,0.00797633786320343));
#6238=CARTESIAN_POINT('',(9.66167961013908E-6,-0.01076634619638,0.00799610044693563));
#6239=CARTESIAN_POINT('',(0.000818716729330724,-0.0117315480649895,0.00717832924052053));
#6240=CARTESIAN_POINT('',(0.000153388011935165,-0.0117723396353333,0.00805376738629223));
#6241=CARTESIAN_POINT('',(8.79622925524199E-5,-0.0107338397734024,0.00800878096384997));
#6242=CARTESIAN_POINT('',(0.00128970900107694,-0.0116821984329037,0.00776221321107245));
#6243=CARTESIAN_POINT('',(0.00027244787214792,-0.0117988725355397,0.00823974719400476));
#6244=CARTESIAN_POINT('',(0.00025014644259323,-0.0106887168555921,0.00818164985077169));
#6245=CARTESIAN_POINT('',(0.00154584558231572,-0.0116490639012983,0.0084312151633228));
#6246=CARTESIAN_POINT('',(0.000463300334272268,-0.0117973680386262,0.00875255061567486));
#6247=CARTESIAN_POINT('',(0.000450326220793009,-0.0106582829709981,0.0087089444750812));
#6248=CARTESIAN_POINT('',(0.00179166681571967,-0.0116131559663673,0.00933698549364443));
#6249=CARTESIAN_POINT('',(0.000659541885395768,-0.0117910347422291,0.00956776616710315));
#6250=CARTESIAN_POINT('',(0.00065222005872091,-0.0106252462790705,0.00952783036166135));
#6251=CARTESIAN_POINT('',(0.00200674586492611,-0.011577184396304,0.0104950577474149));
#6252=CARTESIAN_POINT('',(0.000850908044585582,-0.011779062358382,0.0106759644332169));
#6253=CARTESIAN_POINT('',(0.00084575932107859,-0.0105920574990237,0.0106412837807645));
#6254=CARTESIAN_POINT('',(0.0022020203211969,-0.0115413668846066,0.0118880902021253));
#6255=CARTESIAN_POINT('',(0.00102464704928153,-0.0117651400148752,0.0120306413723372));
#6256=CARTESIAN_POINT('',(0.00102134212008343,-0.0105589352181993,0.0120009320699985));
#6257=CARTESIAN_POINT('',(0.00235485846920039,-0.0115112472370553,0.0132852302979699));
#6258=CARTESIAN_POINT('',(0.00116314635505589,-0.0117519398003864,0.0134003112395755));
#6259=CARTESIAN_POINT('',(0.00116090057632582,-0.0105310270076858,0.013375230314431));
#6260=CARTESIAN_POINT('',(0.00251717989567009,-0.0114775852988123,0.0151514342111672));
#6261=CARTESIAN_POINT('',(0.00131099506285859,-0.011736195706237,0.0152398337287565));
#6262=CARTESIAN_POINT('',(0.00130949797022898,-0.0104997880872957,0.0152167819049104));
#6263=CARTESIAN_POINT('',(0.00260022066864959,-0.0114592192425673,0.0165544485806778));
#6264=CARTESIAN_POINT('',(0.00138670288470652,-0.0117270021869569,0.0166204870278824));
#6265=CARTESIAN_POINT('',(0.00138595678037169,-0.0104827084788737,0.0166048783421676));
#6266=CARTESIAN_POINT('',(0.00264118823520547,-0.0114500532177335,0.0174910326034197));
#6267=CARTESIAN_POINT('',(0.00142413670281812,-0.0117223545894698,0.0175430416901513));
#6268=CARTESIAN_POINT('',(0.00142367494900871,-0.0104741805378613,0.0175316953994304));
#6269=CARTESIAN_POINT('',(0.00242284787549764,-0.0104741805378604,0.0174910326035163));
#6270=CARTESIAN_POINT('',(0.00264118823520988,-0.0114500532177325,0.0174910326035207));
#6271=CARTESIAN_POINT('',(0.00142413670282261,-0.0117223545894692,0.0175430416902606));
#6272=CARTESIAN_POINT('',(0.0014236749490131,-0.0104741805378603,0.0175316953995379));
#6273=CARTESIAN_POINT('',(0.00265305460139524,-0.011447398253909,0.0177623166845925));
#6274=CARTESIAN_POINT('',(0.0013638381614624,-0.0117369698914518,0.0179621645060723));
#6275=CARTESIAN_POINT('',(0.00143879140482584,-0.0104112103511552,0.0179031394435259));
#6276=CARTESIAN_POINT('',(0.00276201999486093,-0.0114235546397739,0.0182944658884918));
#6277=CARTESIAN_POINT('',(0.00136668778792636,-0.0117490358625856,0.0188630050907482));
#6278=CARTESIAN_POINT('',(0.00158824470908282,-0.0102694138086756,0.0186373466398061));
#6279=CARTESIAN_POINT('',(0.00314776913301975,-0.0113298122437672,0.0188806938788873));
#6280=CARTESIAN_POINT('',(0.0018545178581797,-0.0116718503138584,0.0200514604095553));
#6281=CARTESIAN_POINT('',(0.00212607250083726,-0.0100440754715526,0.0194624322415238));
#6282=CARTESIAN_POINT('',(0.00358595594730572,-0.0112077825964206,0.0192091555279932));
#6283=CARTESIAN_POINT('',(0.0026766148622123,-0.0114757629668432,0.0208211617607259));
#6284=CARTESIAN_POINT('',(0.00274220751559277,-0.00984269475861193,0.0199381717917876));
#6285=CARTESIAN_POINT('',(0.00396816662936664,-0.0110919918099325,0.0193703002518383));
#6286=CARTESIAN_POINT('',(0.00348325198795747,-0.0112491768537608,0.0211825003988144));
#6287=CARTESIAN_POINT('',(0.00328265291839772,-0.00968238591207797,0.0201818195669513));
#6288=CARTESIAN_POINT('',(0.00437496705470076,-0.0109582447258331,0.0194298781571414));
#6289=CARTESIAN_POINT('',(0.00433222189000731,-0.0109761253638355,0.0212404193421414));
#6290=CARTESIAN_POINT('',(0.00386130134878237,-0.0095223569822301,0.0202883649486571));
#6291=CARTESIAN_POINT('',(0.00464109577846209,-0.0108642377643262,0.0194055704688029));
#6292=CARTESIAN_POINT('',(0.00484188616762499,-0.0107934250512521,0.0211105039148123));
#6293=CARTESIAN_POINT('',(0.00424185356816481,-0.00942282503817474,0.0202718704468865));
#6294=CARTESIAN_POINT('',(0.00477276074130211,-0.0108163002367633,0.0193790494047575));
#6295=CARTESIAN_POINT('',(0.00507803036715473,-0.0107051554736631,0.0210158292520501));
#6296=CARTESIAN_POINT('',(0.00443064354945725,-0.00937482030080497,0.0202440199443426));
#6297=CARTESIAN_POINT('',(0.00443064354945723,-0.00987664294442515,0.0193790494047575));
#6298=CARTESIAN_POINT('',(0.00477276074129846,-0.0108163002367646,0.0193790494047583));
#6299=CARTESIAN_POINT('',(0.00507803036715089,-0.0107051554736646,0.0210158292520509));
#6300=CARTESIAN_POINT('',(0.00443064354945375,-0.00937482030080627,0.0202440199443433));
#6301=CARTESIAN_POINT('',(0.00552678010140187,-0.0105417714397462,0.0192271684943206));
#6302=CARTESIAN_POINT('',(0.00586447058469742,-0.010405942393466,0.0208575667269603));
#6303=CARTESIAN_POINT('',(0.00514967657585676,-0.0091055768205942,0.0200878152311951));
#6304=CARTESIAN_POINT('',(0.00695665395036243,-0.00992668012885694,0.018871966644795));
#6305=CARTESIAN_POINT('',(0.00734729858485979,-0.009746203591944,0.0204964278238735));
#6306=CARTESIAN_POINT('',(0.00653540344830177,-0.00849409155665328,0.0197229913003481));
#6307=CARTESIAN_POINT('',(0.00832349329283896,-0.0092606224561389,0.018457782840556));
#6308=CARTESIAN_POINT('',(0.00874193478956488,-0.00905116789615623,0.0200850854943459));
#6309=CARTESIAN_POINT('',(0.00787375193979926,-0.00782702376568773,0.0192995189572828));
#6310=CARTESIAN_POINT('',(0.00899907683968276,-0.0088951358842898,0.0182284260623037));
#6311=CARTESIAN_POINT('',(0.00943963430010007,-0.00865679698947404,0.0198411455005674));
#6312=CARTESIAN_POINT('',(0.00852325125632243,-0.00746899564437347,0.019065819522079));
#6313=CARTESIAN_POINT('',(0.0044188903078791,-0.00883176985772553,0.0199227512471971));
#6314=CARTESIAN_POINT('',(0.0041830726169304,-0.00836866278281283,0.0196435687685842));
#6315=CARTESIAN_POINT('',(0.00406901787933334,-0.00841125962388063,0.0190663356886886));
#6316=CARTESIAN_POINT('',(0.00523595653488083,-0.00851861871932881,0.0197339691798652));
#6317=CARTESIAN_POINT('',(0.00497389630597749,-0.00806790624082445,0.0194563638105817));
#6318=CARTESIAN_POINT('',(0.00484714635366226,-0.0081206464003561,0.0188823737103288));
#6319=CARTESIAN_POINT('',(0.00680558531861009,-0.00780594540041909,0.0192912809390949));
#6320=CARTESIAN_POINT('',(0.00651810360546885,-0.00737749909818514,0.0190153642119158));
#6321=CARTESIAN_POINT('',(0.00638078575226781,-0.00744152184172175,0.018450189787781));
#6322=CARTESIAN_POINT('',(0.00831388822514543,-0.00702425174929915,0.0187748049652037));
#6323=CARTESIAN_POINT('',(0.00799757297423367,-0.0066135520803897,0.0185007592861512));
#6324=CARTESIAN_POINT('',(0.00784009564156073,-0.00669750784625856,0.0179428572499049));
#6325=CARTESIAN_POINT('',(0.00903446179696476,-0.00659147298212531,0.0184818993635595));
#6326=CARTESIAN_POINT('',(0.00869039727291717,-0.00619342509091144,0.0182124996935605));
#6327=CARTESIAN_POINT('',(0.00852450944058,-0.00629176807006071,0.0176537434066715));
#6328=CARTESIAN_POINT('',(0.00441889030788712,-0.00934805697856194,0.0190663356886868));
#6329=CARTESIAN_POINT('',(0.0014109300686624,-0.00996431461227409,0.0172303436637182));
#6330=CARTESIAN_POINT('',(0.00141057580988667,-0.0091694437654583,0.0172222726490619));
#6331=CARTESIAN_POINT('',(0.00218417437301939,-0.00899013949458711,0.017186493165264));
#6332=CARTESIAN_POINT('',(0.00142717721469848,-0.00989986407009637,0.0176004995011181));
#6333=CARTESIAN_POINT('',(0.00147271210198111,-0.009155786192032,0.0175641849380967));
#6334=CARTESIAN_POINT('',(0.00219518959628409,-0.00898758639189265,0.0174582137182662));
#6335=CARTESIAN_POINT('',(0.00157794279881266,-0.00975413497861373,0.0183318470911024));
#6336=CARTESIAN_POINT('',(0.0016797476122593,-0.00911440885822351,0.0182226182899379));
#6337=CARTESIAN_POINT('',(0.00228972785167973,-0.00896603747361857,0.0179909703587297));
#6338=CARTESIAN_POINT('',(0.00221716069177243,-0.0094763914599051,0.0193200070559938));
#6339=CARTESIAN_POINT('',(0.00229864519562332,-0.00897682818679557,0.0190964725007313));
#6340=CARTESIAN_POINT('',(0.00268652504050807,-0.00886659870681839,0.0186963728280191));
#6341=CARTESIAN_POINT('',(0.00325379774451068,-0.00914728277703972,0.0199402606152541));
#6342=CARTESIAN_POINT('',(0.00320246967833172,-0.00872198571032408,0.0196387080157701));
#6343=CARTESIAN_POINT('',(0.00333356953625476,-0.00867477515998314,0.0191183541789381));
#6344=CARTESIAN_POINT('',(0.00404253407083579,-0.00892984596579956,0.0199818760855494));
#6345=CARTESIAN_POINT('',(0.0038670515240804,-0.00848832050881137,0.019684819658011));
#6346=CARTESIAN_POINT('',(0.0038307356384242,-0.00850025260180637,0.0191226694138787));
#6347=CARTESIAN_POINT('',(0.00441889030788403,-0.00883176985772353,0.0199227512471958));
#6348=CARTESIAN_POINT('',(0.0041830726169362,-0.00836866278281061,0.0196435687685827));
#6349=CARTESIAN_POINT('',(0.00406901787934132,-0.00841125962387765,0.0190663356886867));
#6350=CARTESIAN_POINT('',(0.00240996817293336,-0.00996431461227405,0.017186493165264));
#6351=CARTESIAN_POINT('',(-0.00141082270957234,-0.00996434922702748,0.0172332042883016));
#6352=CARTESIAN_POINT('',(-0.00141045300695861,-0.00916946267877451,0.0172249597078757));
#6353=CARTESIAN_POINT('',(-0.00218403643764945,-0.00899017146432377,0.0171884074088877));
#6354=CARTESIAN_POINT('',(-0.00137028630213728,-0.00997384638207015,0.0163292191422328));
#6355=CARTESIAN_POINT('',(-0.00136970486716627,-0.00917628326502933,0.0163180677368453));
#6356=CARTESIAN_POINT('',(-0.00214619052623028,-0.00899894290273773,0.016274593604705));
#6357=CARTESIAN_POINT('',(-0.00128998300987582,-0.00999240647900037,0.0149752413134744));
#6358=CARTESIAN_POINT('',(-0.00128885881571221,-0.00918952113232997,0.01495899675267));
#6359=CARTESIAN_POINT('',(-0.00207129624407868,-0.00901607338244695,0.0149056026779056));
#6360=CARTESIAN_POINT('',(-0.00113694459595427,-0.0100256396067905,0.0131788547368715));
#6361=CARTESIAN_POINT('',(-0.00113525078331655,-0.00921200955406454,0.0131608630657507));
#6362=CARTESIAN_POINT('',(-0.001928430623224,-0.00904666197325504,0.0130843026162331));
#6363=CARTESIAN_POINT('',(-0.000994459556561368,-0.010055049369223,0.0118387064114589));
#6364=CARTESIAN_POINT('',(-0.000991941027197556,-0.00923112359959637,0.0118170142028554));
#6365=CARTESIAN_POINT('',(-0.00179552171974738,-0.00907367518662229,0.0117209008437476));
#6366=CARTESIAN_POINT('',(-0.000815819092802246,-0.0100897686203609,0.0105122366294472));
#6367=CARTESIAN_POINT('',(-0.000811813646324303,-0.00925200132409816,0.0104863142063254));
#6368=CARTESIAN_POINT('',(-0.00162702319053185,-0.00910548010152079,0.0103603572482677));
#6369=CARTESIAN_POINT('',(-0.000621344265002288,-0.0101241595043117,0.00943553952801034));
#6370=CARTESIAN_POINT('',(-0.000615456047543412,-0.00927075434687942,0.00940450657306206));
#6371=CARTESIAN_POINT('',(-0.00144440050463742,-0.00913688518400962,0.0092369572565018));
#6372=CARTESIAN_POINT('',(-0.000417126921503055,-0.0101585936426151,0.00864216878635215));
#6373=CARTESIAN_POINT('',(-0.000406121159195296,-0.00928421706344966,0.00860674163113734));
#6374=CARTESIAN_POINT('',(-0.00123485718145247,-0.00916820764458229,0.00835323575420937));
#6375=CARTESIAN_POINT('',(-0.000218313691719257,-0.0101904765914579,0.00815244612180525));
#6376=CARTESIAN_POINT('',(-0.000197902165390791,-0.00929256589501506,0.00810244920942707));
#6377=CARTESIAN_POINT('',(-0.00101603019725608,-0.00919713191475583,0.00770482176221443));
#6378=CARTESIAN_POINT('',(-6.86717979648515E-5,-0.010236906410249,0.0080080922685568));
#6379=CARTESIAN_POINT('',(-4.91178021009631E-6,-0.00927514927438401,0.00796875509709512));
#6380=CARTESIAN_POINT('',(-0.000615110183670932,-0.00923901759296831,0.00715102060103402));
#6381=CARTESIAN_POINT('',(6.35838354616645E-6,-0.0102665127736403,0.00799570410668848));
#6382=CARTESIAN_POINT('',(5.65684414278099E-6,-0.0092469498784137,0.00801597334218678));
#6383=CARTESIAN_POINT('',(4.79375278929373E-6,-0.00926543464322988,0.00692449302543862));
#6384=CARTESIAN_POINT('',(8.19709726143456E-5,-0.0102360319558812,0.00800806785707217));
#6385=CARTESIAN_POINT('',(1.72759090664532E-5,-0.00927500949954065,0.00796807162063976));
#6386=CARTESIAN_POINT('',(0.000626226652118828,-0.00923823444697114,0.00714998570840614));
#6387=CARTESIAN_POINT('',(0.000231699884706959,-0.0101888533312368,0.00815226006990004));
#6388=CARTESIAN_POINT('',(0.00021117059587221,-0.00929210562582516,0.00810178686834253));
#6389=CARTESIAN_POINT('',(0.00102854332221862,-0.00919566353452849,0.00770510753163976));
#6390=CARTESIAN_POINT('',(0.000430325786957757,-0.010156678804815,0.00864307712847511));
#6391=CARTESIAN_POINT('',(0.000419339542489936,-0.00928340965422518,0.00860754975702182));
#6392=CARTESIAN_POINT('',(0.00124716831697235,-0.00916646827251382,0.00835539568389099));
#6393=CARTESIAN_POINT('',(0.000632540180952731,-0.0101222889995003,0.00943280095474258));
#6394=CARTESIAN_POINT('',(0.000626709300802869,-0.00926978701361683,0.00940181454472128));
#6395=CARTESIAN_POINT('',(0.00145484464161071,-0.00913517976636032,0.0092354207127362));
#6396=CARTESIAN_POINT('',(0.000826298419515583,-0.0100878253751082,0.0105141135527611));
#6397=CARTESIAN_POINT('',(0.000822365364431452,-0.00925087580236755,0.0104883661683502));
#6398=CARTESIAN_POINT('',(0.00163685248598172,-0.00910370262327387,0.0103639617874133));
#6399=CARTESIAN_POINT('',(0.00100228539411545,-0.010053462364081,0.0118385361873482));
#6400=CARTESIAN_POINT('',(0.00099983426369716,-0.00923012216795158,0.0118171061429744));
#6401=CARTESIAN_POINT('',(0.00180287551864547,-0.0090722189757825,0.011722339775804));
#6402=CARTESIAN_POINT('',(0.00114252718200385,-0.0100244363807382,0.0131777144355619));
#6403=CARTESIAN_POINT('',(0.00114088704668585,-0.00921121517100245,0.0131599933128532));
#6404=CARTESIAN_POINT('',(0.00193370133613744,-0.00904555537638194,0.0130847382754944));
#6405=CARTESIAN_POINT('',(0.00129270979179766,-0.00999176567835611,0.0149729511975186));
#6406=CARTESIAN_POINT('',(0.00129163138930237,-0.00918907507555961,0.0149570302370221));
#6407=CARTESIAN_POINT('',(0.00207389939448492,-0.00901548216343951,0.0149047126762121));
#6408=CARTESIAN_POINT('',(0.0013712578085835,-0.00997360749773483,0.0163264976209829));
#6409=CARTESIAN_POINT('',(0.0013707009856783,-0.00917611908123782,0.0163155843475265));
#6410=CARTESIAN_POINT('',(0.00214714435324868,-0.0089987222932268,0.016273046651393));
#6411=CARTESIAN_POINT('',(0.00141093006865511,-0.00996431461227577,0.0172303436635522));
#6412=CARTESIAN_POINT('',(0.00141057580987938,-0.00916944376545952,0.0172222726488956));
#6413=CARTESIAN_POINT('',(0.0021841743730126,-0.00899013949458869,0.0171864931650962));
#6414=CARTESIAN_POINT('',(-0.00240981882549406,-0.00996434922702378,0.0171884074092439));
#6415=CARTESIAN_POINT('',(-0.00441888998383789,-0.00883176998191848,0.0199227513220664));
#6416=CARTESIAN_POINT('',(-0.00418307230329864,-0.00836866290208947,0.0196435688428276));
#6417=CARTESIAN_POINT('',(-0.00406901757073452,-0.00841125973913524,0.0190663357616463));
#6418=CARTESIAN_POINT('',(-0.00404390885472713,-0.00892952929293744,0.0199816851799314));
#6419=CARTESIAN_POINT('',(-0.00386818365677157,-0.00848789173208316,0.0196847022547821));
#6420=CARTESIAN_POINT('',(-0.00383161939240986,-0.00849992253540609,0.019122460477567));
#6421=CARTESIAN_POINT('',(-0.00325916259217738,-0.00914585787759022,0.0199416479843995));
#6422=CARTESIAN_POINT('',(-0.00320697828281122,-0.00872051708222818,0.0196399533584789));
#6423=CARTESIAN_POINT('',(-0.00333696919212162,-0.00867365054195709,0.0191191349254851));
#6424=CARTESIAN_POINT('',(-0.00222017050707692,-0.00947562841118155,0.0193229334404165));
#6425=CARTESIAN_POINT('',(-0.00230126508685987,-0.00897620977663142,0.0190991012933367));
#6426=CARTESIAN_POINT('',(-0.00268841411195369,-0.00886610479992808,0.0186983083986724));
#6427=CARTESIAN_POINT('',(-0.00158002743388548,-0.00975318207300567,0.018337953621999));
#6428=CARTESIAN_POINT('',(-0.00168186438468373,-0.00911397608144706,0.0182280473934996));
#6429=CARTESIAN_POINT('',(-0.00229100866560575,-0.0089657322128454,0.0179952273736407));
#6430=CARTESIAN_POINT('',(-0.00142739128770917,-0.00989993661209103,0.0176026930879991));
#6431=CARTESIAN_POINT('',(-0.00147280253747425,-0.0091557711919756,0.0175662312082128));
#6432=CARTESIAN_POINT('',(-0.00219526936455504,-0.00898756804105119,0.0174596337041357));
#6433=CARTESIAN_POINT('',(-0.00141082270958841,-0.00996434922702173,0.0172332042886599));
#6434=CARTESIAN_POINT('',(-0.00141045300697629,-0.00916946267877145,0.0172249597082341));
#6435=CARTESIAN_POINT('',(-0.0021840364376643,-0.00899017146432033,0.0171884074092466));
#6436=CARTESIAN_POINT('',(-0.00441888998383788,-0.00934805709958692,0.0190663357616463));
#6437=CARTESIAN_POINT('',(-0.00406901757072655,-0.00841125973913823,0.0190663357616482));
#6438=CARTESIAN_POINT('',(-0.00418307230329053,-0.00836866290209258,0.0196435688428295));
#6439=CARTESIAN_POINT('',(-0.0044188899838295,-0.0088317699819217,0.0199227513220683));
#6440=CARTESIAN_POINT('',(-0.00484714610075538,-0.00812064650942743,0.0188823737800774));
#6441=CARTESIAN_POINT('',(-0.00497389605024577,-0.00806790635275754,0.0194563638816317));
#6442=CARTESIAN_POINT('',(-0.00523595627310506,-0.00851861883525437,0.0197339692513314));
#6443=CARTESIAN_POINT('',(-0.00638078560184468,-0.00744152191561185,0.018450189836602));
#6444=CARTESIAN_POINT('',(-0.00651810345382392,-0.00737749917290277,0.0190153642619009));
#6445=CARTESIAN_POINT('',(-0.00680558516668625,-0.00780594547639008,0.0192912809888772));
#6446=CARTESIAN_POINT('',(-0.00784009559683238,-0.0066975078728692,0.0179428572688828));
#6447=CARTESIAN_POINT('',(-0.00799757292908657,-0.00661355210788581,0.0185007593050063));
#6448=CARTESIAN_POINT('',(-0.00831388817805145,-0.00702425177768391,0.018774804984425));
#6449=CARTESIAN_POINT('',(-0.00852450944224199,-0.00629176806907544,0.0176537434059694));
#6450=CARTESIAN_POINT('',(-0.00869039727460367,-0.00619342508988875,0.0182124996928588));
#6451=CARTESIAN_POINT('',(-0.00903446179871455,-0.00659147298107438,0.0184818993628482));
#6452=CARTESIAN_POINT('',(-0.0106009753938962,-0.0136956313628307,0.0126));
#6453=MECHANICAL_DESIGN_GEOMETRIC_PRESENTATION_REPRESENTATION('',(#2015),
#6456);
#6454=MECHANICAL_DESIGN_GEOMETRIC_PRESENTATION_REPRESENTATION('',(#2016),
#6457);
#6455=MECHANICAL_DESIGN_GEOMETRIC_PRESENTATION_REPRESENTATION('',(#2017),
#6458);
#6456=(
GEOMETRIC_REPRESENTATION_CONTEXT(3)
GLOBAL_UNCERTAINTY_ASSIGNED_CONTEXT((#6459))
GLOBAL_UNIT_ASSIGNED_CONTEXT((#6468,#6465,#6462))
REPRESENTATION_CONTEXT('Insulation','TOP_LEVEL_ASSEMBLY_PART')
);
#6457=(
GEOMETRIC_REPRESENTATION_CONTEXT(3)
GLOBAL_UNCERTAINTY_ASSIGNED_CONTEXT((#6460))
GLOBAL_UNIT_ASSIGNED_CONTEXT((#6469,#6466,#6463))
REPRESENTATION_CONTEXT('Corona','TOP_LEVEL_ASSEMBLY_PART')
);
#6458=(
GEOMETRIC_REPRESENTATION_CONTEXT(3)
GLOBAL_UNCERTAINTY_ASSIGNED_CONTEXT((#6461))
GLOBAL_UNIT_ASSIGNED_CONTEXT((#6470,#6467,#6464))
REPRESENTATION_CONTEXT('Frenulum','TOP_LEVEL_ASSEMBLY_PART')
);
#6459=UNCERTAINTY_MEASURE_WITH_UNIT(LENGTH_MEASURE(4.93290723598898E-5),
#6468,'DISTANCE_ACCURACY_VALUE','Maximum Tolerance applied to model');
#6460=UNCERTAINTY_MEASURE_WITH_UNIT(LENGTH_MEASURE(2.E-5),#6469,
'DISTANCE_ACCURACY_VALUE','Maximum Tolerance applied to model');
#6461=UNCERTAINTY_MEASURE_WITH_UNIT(LENGTH_MEASURE(2.E-5),#6470,
'DISTANCE_ACCURACY_VALUE','Maximum Tolerance applied to model');
#6462=(
NAMED_UNIT(*)
SI_UNIT($,.STERADIAN.)
SOLID_ANGLE_UNIT()
);
#6463=(
NAMED_UNIT(*)
SI_UNIT($,.STERADIAN.)
SOLID_ANGLE_UNIT()
);
#6464=(
NAMED_UNIT(*)
SI_UNIT($,.STERADIAN.)
SOLID_ANGLE_UNIT()
);
#6465=(
NAMED_UNIT(*)
PLANE_ANGLE_UNIT()
SI_UNIT($,.RADIAN.)
);
#6466=(
NAMED_UNIT(*)
PLANE_ANGLE_UNIT()
SI_UNIT($,.RADIAN.)
);
#6467=(
NAMED_UNIT(*)
PLANE_ANGLE_UNIT()
SI_UNIT($,.RADIAN.)
);
#6468=(
LENGTH_UNIT()
NAMED_UNIT(*)
SI_UNIT($,.METRE.)
);
#6469=(
LENGTH_UNIT()
NAMED_UNIT(*)
SI_UNIT($,.METRE.)
);
#6470=(
LENGTH_UNIT()
NAMED_UNIT(*)
SI_UNIT($,.METRE.)
);
#6471=PRODUCT_DEFINITION_SHAPE('','',#6474);
#6472=PRODUCT_DEFINITION_SHAPE('','',#6475);
#6473=PRODUCT_DEFINITION_SHAPE('','',#6476);
#6474=PRODUCT_DEFINITION('','',#6480,#6477);
#6475=PRODUCT_DEFINITION('','',#6481,#6478);
#6476=PRODUCT_DEFINITION('','',#6482,#6479);
#6477=PRODUCT_DEFINITION_CONTEXT('',#6498,'design');
#6478=PRODUCT_DEFINITION_CONTEXT('',#6499,'design');
#6479=PRODUCT_DEFINITION_CONTEXT('',#6500,'design');
#6480=PRODUCT_DEFINITION_FORMATION_WITH_SPECIFIED_SOURCE('','',#6486,
 .NOT_KNOWN.);
#6481=PRODUCT_DEFINITION_FORMATION_WITH_SPECIFIED_SOURCE('','',#6487,
 .NOT_KNOWN.);
#6482=PRODUCT_DEFINITION_FORMATION_WITH_SPECIFIED_SOURCE('','',#6488,
 .NOT_KNOWN.);
#6483=PRODUCT_RELATED_PRODUCT_CATEGORY('','',(#6486));
#6484=PRODUCT_RELATED_PRODUCT_CATEGORY('','',(#6487));
#6485=PRODUCT_RELATED_PRODUCT_CATEGORY('','',(#6488));
#6486=PRODUCT('Insulation','Insulation','Insulation',(#6492));
#6487=PRODUCT('Corona','Corona','Corona',(#6493));
#6488=PRODUCT('Frenulum','Frenulum','Frenulum',(#6494));
#6489=PRODUCT_CATEGORY('','');
#6490=PRODUCT_CATEGORY('','');
#6491=PRODUCT_CATEGORY('','');
#6492=PRODUCT_CONTEXT('',#6498,'mechanical');
#6493=PRODUCT_CONTEXT('',#6499,'mechanical');
#6494=PRODUCT_CONTEXT('',#6500,'mechanical');
#6495=APPLICATION_PROTOCOL_DEFINITION('international standard',
'ap242_managed_model_based_3d_engineering',2020,#6498);
#6496=APPLICATION_PROTOCOL_DEFINITION('international standard',
'ap242_managed_model_based_3d_engineering',2020,#6499);
#6497=APPLICATION_PROTOCOL_DEFINITION('international standard',
'ap242_managed_model_based_3d_engineering',2020,#6500);
#6498=APPLICATION_CONTEXT('managed model based 3d engineering');
#6499=APPLICATION_CONTEXT('managed model based 3d engineering');
#6500=APPLICATION_CONTEXT('managed model based 3d engineering');
ENDSEC;
END-ISO-10303-21;
