ISO-10303-21;
HEADER;
/* Generated by software containing ST-Developer
 * from STEP Tools, Inc. (www.steptools.com) 
 */
/* OPTION: using custom renumber hook */

FILE_DESCRIPTION(
/* description */ ('STEP AP242 Edition 2',
'CAx-IF Rec.Pracs.---Representation and Presentation of Product Manufa
cturing Information (PMI)---4.0---2014-10-13',
'CAx-IF Rec.Pracs.---3D Tessellated Geometry---0.4---2014-09-14','2;1',
'CAx-IF Rec.Pracs.---User Defined Attributes---1.5---2016-08-15'),
/* implementation_level */ '2;1');

FILE_NAME(
/* name */ '698f393c99e566b54ace5cd5',
/* time_stamp */ '2026-02-13T14:46:20Z',
/* author */ (''),
/* organization */ (''),
/* preprocessor_version */ 'ST-DEVELOPER v20',
/* originating_system */ 'ONSHAPE BY PTC INC, 1.210',
/* authorisation */ '  ');

FILE_SCHEMA (('AP242_MANAGED_MODEL_BASED_3D_ENGINEERING_MIM_LF { 1 0 10303 442 3 1 4 }'));
ENDSEC;

DATA;
#10=ELLIPSE('',#2146,0.00116619037896906,0.001);
#11=ELLIPSE('',#2147,0.00116619037896906,0.001);
#12=ELLIPSE('',#2150,0.00116619037896906,0.001);
#13=ELLIPSE('',#2151,0.00116619037896906,0.001);
#14=SHAPE_REPRESENTATION_RELATIONSHIP('','',#2045,#17);
#15=SHAPE_REPRESENTATION_RELATIONSHIP('','',#2046,#18);
#16=SHAPE_REPRESENTATION_RELATIONSHIP('','',#2047,#19);
#17=ADVANCED_BREP_SHAPE_REPRESENTATION('',(#2039),#6550);
#18=ADVANCED_BREP_SHAPE_REPRESENTATION('',(#2040),#6551);
#19=ADVANCED_BREP_SHAPE_REPRESENTATION('',(#2041),#6552);
#20=TOROIDAL_SURFACE('',#2072,0.00159,0.0004);
#21=TOROIDAL_SURFACE('',#2088,0.00159,0.0004);
#22=TOROIDAL_SURFACE('',#2131,0.004,0.0004);
#23=TOROIDAL_SURFACE('',#2139,0.004,0.0004);
#24=TOROIDAL_SURFACE('',#2154,0.0014,0.001);
#25=TOROIDAL_SURFACE('',#2158,0.0034,0.001);
#26=TOROIDAL_SURFACE('',#2162,0.0014,0.001);
#27=(
BOUNDED_SURFACE()
B_SPLINE_SURFACE(3,2,((#3002,#3003,#3004),(#3005,#3006,#3007),(#3008,#3009,
#3010),(#3011,#3012,#3013)),.UNSPECIFIED.,.F.,.F.,.F.)
B_SPLINE_SURFACE_WITH_KNOTS((4,4),(3,3),(0.0151545388424049,0.0163979145205583),
(0.,1.),.PIECEWISE_BEZIER_KNOTS.)
GEOMETRIC_REPRESENTATION_ITEM()
RATIONAL_B_SPLINE_SURFACE(((1.,0.718445731981238,1.),(1.,0.719010271157006,
1.),(1.,0.719587006195356,1.),(1.,0.720178141171596,1.)))
REPRESENTATION_ITEM('')
SURFACE()
);
#28=(
BOUNDED_SURFACE()
B_SPLINE_SURFACE(3,2,((#3025,#3026,#3027),(#3028,#3029,#3030),(#3031,#3032,
#3033),(#3034,#3035,#3036)),.UNSPECIFIED.,.F.,.F.,.F.)
B_SPLINE_SURFACE_WITH_KNOTS((4,4),(3,3),(0.0123969913966591,0.0136455625855723),
(0.,1.),.PIECEWISE_BEZIER_KNOTS.)
GEOMETRIC_REPRESENTATION_ITEM()
RATIONAL_B_SPLINE_SURFACE(((1.,0.720457149793833,1.),(1.,0.719849890259887,
1.),(1.,0.719256195394327,1.),(1.,0.71867378878714,1.)))
REPRESENTATION_ITEM('')
SURFACE()
);
#29=(
BOUNDED_SURFACE()
B_SPLINE_SURFACE(3,2,((#3047,#3048,#3049),(#3050,#3051,#3052),(#3053,#3054,
#3055),(#3056,#3057,#3058)),.UNSPECIFIED.,.F.,.F.,.F.)
B_SPLINE_SURFACE_WITH_KNOTS((4,4),(3,3),(1.73472347597681E-18,0.00449548500817785),
(0.,1.),.PIECEWISE_BEZIER_KNOTS.)
GEOMETRIC_REPRESENTATION_ITEM()
RATIONAL_B_SPLINE_SURFACE(((1.,0.524323234670451,1.),(1.,0.525946120710954,
1.),(1.,0.526080232485801,1.),(1.,0.526659957656026,1.)))
REPRESENTATION_ITEM('')
SURFACE()
);
#30=(
BOUNDED_SURFACE()
B_SPLINE_SURFACE(3,2,((#3060,#3061,#3062),(#3063,#3064,#3065),(#3066,#3067,
#3068),(#3069,#3070,#3071),(#3072,#3073,#3074),(#3075,#3076,#3077),(#3078,
#3079,#3080)),.UNSPECIFIED.,.F.,.F.,.F.)
B_SPLINE_SURFACE_WITH_KNOTS((4,1,1,1,4),(3,3),(-4.11996825544492E-18,0.000798790645897281,
0.00159758129179457,0.00239637193769185,0.00319516258358914),(0.,1.),
 .UNSPECIFIED.)
GEOMETRIC_REPRESENTATION_ITEM()
RATIONAL_B_SPLINE_SURFACE(((1.,0.524323234670447,1.),(1.,0.506449832771413,
1.),(1.,0.482810336101744,1.),(1.,0.507127044777758,1.),(1.,0.569600924930583,
1.),(1.,0.615074358236025,1.),(1.,0.637072608213224,1.)))
REPRESENTATION_ITEM('')
SURFACE()
);
#31=(
BOUNDED_SURFACE()
B_SPLINE_SURFACE(3,2,((#3082,#3083,#3084),(#3085,#3086,#3087),(#3088,#3089,
#3090),(#3091,#3092,#3093),(#3094,#3095,#3096),(#3097,#3098,#3099),(#3100,
#3101,#3102),(#3103,#3104,#3105),(#3106,#3107,#3108),(#3109,#3110,#3111),
(#3112,#3113,#3114),(#3115,#3116,#3117),(#3118,#3119,#3120),(#3121,#3122,
#3123),(#3124,#3125,#3126),(#3127,#3128,#3129),(#3130,#3131,#3132),(#3133,
#3134,#3135),(#3136,#3137,#3138),(#3139,#3140,#3141),(#3142,#3143,#3144)),
 .UNSPECIFIED.,.F.,.F.,.F.)
B_SPLINE_SURFACE_WITH_KNOTS((4,1,1,1,1,1,1,1,1,1,1,1,1,1,1,1,1,1,4),(3,
3),(-1.93322788333283E-13,0.0028555655454854,0.00428334831832476,0.00571113109116411,
0.00713891386400347,0.00856669663684283,0.00928058802326251,0.00999447940968219,
0.0107083707961019,0.0114222621825216,0.0121361535689412,0.0128500449553609,
0.0135639363417806,0.0142778277282003,0.0157056105010396,0.017133393273879,
0.0185611760467184,0.0199889588195577,0.0228445243652364),(0.,1.),
 .UNSPECIFIED.)
GEOMETRIC_REPRESENTATION_ITEM()
RATIONAL_B_SPLINE_SURFACE(((1.,0.63707260821342,1.),(1.,0.638119054003228,
1.),(1.,0.640265645156085,1.),(1.,0.644552470434031,1.),(1.,0.648637807969276,
1.),(1.,0.654009159979582,1.),(1.,0.659977172025254,1.),(1.,0.667667652310678,
1.),(1.,0.676258161874702,1.),(1.,0.698087262875058,1.),(1.,0.712464225087076,
1.),(1.,0.694273539931309,1.),(1.,0.674174963090987,1.),(1.,0.666492511387491,
1.),(1.,0.659138966922267,1.),(1.,0.653424035209785,1.),(1.,0.648242362110844,
1.),(1.,0.644302412812869,1.),(1.,0.640161857609239,1.),(1.,0.638088642581344,
1.),(1.,0.637075058996596,1.)))
REPRESENTATION_ITEM('')
SURFACE()
);
#32=(
BOUNDED_SURFACE()
B_SPLINE_SURFACE(3,2,((#3146,#3147,#3148),(#3149,#3150,#3151),(#3152,#3153,
#3154),(#3155,#3156,#3157),(#3158,#3159,#3160),(#3161,#3162,#3163),(#3164,
#3165,#3166),(#3167,#3168,#3169)),.UNSPECIFIED.,.F.,.F.,.F.)
B_SPLINE_SURFACE_WITH_KNOTS((4,1,1,1,1,4),(3,3),(-3.90312782094782E-18,
0.00079879111895112,0.00159758223790224,0.00199697779737781,0.00239637335685337,
0.00319516447580449),(0.,1.),.UNSPECIFIED.)
GEOMETRIC_REPRESENTATION_ITEM()
RATIONAL_B_SPLINE_SURFACE(((1.,0.637075058996537,1.),(1.,0.615041663224954,
1.),(1.,0.569605114333205,1.),(1.,0.517985800359221,1.),(1.,0.494760934917243,
1.),(1.,0.488710803717075,1.),(1.,0.506354542942228,1.),(1.,0.524322883855931,
1.)))
REPRESENTATION_ITEM('')
SURFACE()
);
#33=(
BOUNDED_SURFACE()
B_SPLINE_SURFACE(3,2,((#3171,#3172,#3173),(#3174,#3175,#3176),(#3177,#3178,
#3179),(#3180,#3181,#3182)),.UNSPECIFIED.,.F.,.F.,.F.)
B_SPLINE_SURFACE_WITH_KNOTS((4,4),(3,3),(4.33680868994202E-18,0.00449582033045959),
(0.,1.),.PIECEWISE_BEZIER_KNOTS.)
GEOMETRIC_REPRESENTATION_ITEM()
RATIONAL_B_SPLINE_SURFACE(((1.,0.524322883855956,1.),(1.,0.525946009220926,
1.),(1.,0.526080188430001,1.),(1.,0.526659958422934,1.)))
REPRESENTATION_ITEM('')
SURFACE()
);
#34=(
BOUNDED_SURFACE()
B_SPLINE_SURFACE(3,2,((#3183,#3184,#3185),(#3186,#3187,#3188),(#3189,#3190,
#3191),(#3192,#3193,#3194)),.UNSPECIFIED.,.F.,.F.,.F.)
B_SPLINE_SURFACE_WITH_KNOTS((4,4),(3,3),(2.60208521396521E-18,0.00504835405309815),
(0.,1.),.PIECEWISE_BEZIER_KNOTS.)
GEOMETRIC_REPRESENTATION_ITEM()
RATIONAL_B_SPLINE_SURFACE(((1.,0.853376009558018,1.),(1.,0.851861371100544,
1.),(1.,0.852126432473756,1.),(1.,0.850472102300473,1.)))
REPRESENTATION_ITEM('')
SURFACE()
);
#35=(
BOUNDED_SURFACE()
B_SPLINE_SURFACE(3,2,((#3196,#3197,#3198),(#3199,#3200,#3201),(#3202,#3203,
#3204),(#3205,#3206,#3207),(#3208,#3209,#3210),(#3211,#3212,#3213),(#3214,
#3215,#3216)),.UNSPECIFIED.,.F.,.F.,.F.)
B_SPLINE_SURFACE_WITH_KNOTS((4,1,1,1,4),(3,3),(3.75133951679985E-17,0.000798430133365808,
0.00159686026673158,0.00239529040009735,0.00319372053346312),(0.,1.),
 .UNSPECIFIED.)
GEOMETRIC_REPRESENTATION_ITEM()
RATIONAL_B_SPLINE_SURFACE(((1.,0.772642860302173,1.),(1.,0.790970219611112,
1.),(1.,0.825501087632836,1.),(1.,0.864796057505018,1.),(1.,0.878270413048892,
1.),(1.,0.864646470777269,1.),(1.,0.853376009557928,1.)))
REPRESENTATION_ITEM('')
SURFACE()
);
#36=(
BOUNDED_SURFACE()
B_SPLINE_SURFACE(3,2,((#3218,#3219,#3220),(#3221,#3222,#3223),(#3224,#3225,
#3226),(#3227,#3228,#3229),(#3230,#3231,#3232),(#3233,#3234,#3235),(#3236,
#3237,#3238),(#3239,#3240,#3241),(#3242,#3243,#3244),(#3245,#3246,#3247),
(#3248,#3249,#3250),(#3251,#3252,#3253),(#3254,#3255,#3256),(#3257,#3258,
#3259),(#3260,#3261,#3262),(#3263,#3264,#3265),(#3266,#3267,#3268),(#3269,
#3270,#3271),(#3272,#3273,#3274),(#3275,#3276,#3277),(#3278,#3279,#3280)),
 .UNSPECIFIED.,.F.,.F.,.F.)
B_SPLINE_SURFACE_WITH_KNOTS((4,1,1,1,1,1,1,1,1,1,1,1,1,1,1,1,1,1,4),(3,
3),(-3.00344818460196E-13,0.00277444343387975,0.0041616651509698,0.00554888686805985,
0.0069361085851499,0.00832333030223995,0.00901694116078497,0.00971055201932999,
0.010404162877875,0.01109777373642,0.0117913845949651,0.0124849954535101,
0.0131786063120551,0.0138722171706001,0.0152594388876902,0.0166466606047802,
0.0180338823218703,0.0194211040389603,0.0221955474731404),(0.,1.),
 .UNSPECIFIED.)
GEOMETRIC_REPRESENTATION_ITEM()
RATIONAL_B_SPLINE_SURFACE(((1.,0.772639349895377,1.),(1.,0.771720569751317,
1.),(1.,0.769875109465593,1.),(1.,0.766197825734063,1.),(1.,0.762675650048112,
1.),(1.,0.758000017189883,1.),(1.,0.752723061160233,1.),(1.,0.745799883852435,
1.),(1.,0.737980650366455,1.),(1.,0.717802530352207,1.),(1.,0.701621133374081,
1.),(1.,0.718362359620148,1.),(1.,0.738580031409011,1.),(1.,0.746268437979401,
1.),(1.,0.753102501348886,1.),(1.,0.758295744877049,1.),(1.,0.762898518750667,
1.),(1.,0.766347366571415,1.),(1.,0.769945723726945,1.),(1.,0.771745607851824,
1.),(1.,0.772642860302079,1.)))
REPRESENTATION_ITEM('')
SURFACE()
);
#37=(
BOUNDED_SURFACE()
B_SPLINE_SURFACE(3,2,((#3282,#3283,#3284),(#3285,#3286,#3287),(#3288,#3289,
#3290),(#3291,#3292,#3293),(#3294,#3295,#3296),(#3297,#3298,#3299),(#3300,
#3301,#3302)),.UNSPECIFIED.,.F.,.F.,.F.)
B_SPLINE_SURFACE_WITH_KNOTS((4,1,1,1,4),(3,3),(-7.91467585914418E-18,0.000798720543814552,
0.00159744108762911,0.00239616163144367,0.00319488217525823),(0.,1.),
 .UNSPECIFIED.)
GEOMETRIC_REPRESENTATION_ITEM()
RATIONAL_B_SPLINE_SURFACE(((1.,0.853375929333846,1.),(1.,0.864594828305868,
1.),(1.,0.878141590353342,1.),(1.,0.865018789386791,1.),(1.,0.825576642250691,
1.),(1.,0.790943686672047,1.),(1.,0.772639349895653,1.)))
REPRESENTATION_ITEM('')
SURFACE()
);
#38=(
BOUNDED_SURFACE()
B_SPLINE_SURFACE(3,2,((#3304,#3305,#3306),(#3307,#3308,#3309),(#3310,#3311,
#3312),(#3313,#3314,#3315)),.UNSPECIFIED.,.F.,.F.,.F.)
B_SPLINE_SURFACE_WITH_KNOTS((4,4),(3,3),(-2.60208521396521E-18,0.00504826387107757),
(0.,1.),.PIECEWISE_BEZIER_KNOTS.)
GEOMETRIC_REPRESENTATION_ITEM()
RATIONAL_B_SPLINE_SURFACE(((1.,0.85337592933385,1.),(1.,0.85186133733599,
1.),(1.,0.852126402751261,1.),(1.,0.850472102829922,1.)))
REPRESENTATION_ITEM('')
SURFACE()
);
#39=(
BOUNDED_SURFACE()
B_SPLINE_SURFACE(3,2,((#3840,#3841,#3842),(#3843,#3844,#3845),(#3846,#3847,
#3848),(#3849,#3850,#3851),(#3852,#3853,#3854),(#3855,#3856,#3857),(#3858,
#3859,#3860),(#3861,#3862,#3863),(#3864,#3865,#3866),(#3867,#3868,#3869),
(#3870,#3871,#3872),(#3873,#3874,#3875),(#3876,#3877,#3878),(#3879,#3880,
#3881),(#3882,#3883,#3884),(#3885,#3886,#3887),(#3888,#3889,#3890),(#3891,
#3892,#3893),(#3894,#3895,#3896),(#3897,#3898,#3899),(#3900,#3901,#3902),
(#3903,#3904,#3905),(#3906,#3907,#3908),(#3909,#3910,#3911),(#3912,#3913,
#3914),(#3915,#3916,#3917),(#3918,#3919,#3920),(#3921,#3922,#3923),(#3924,
#3925,#3926),(#3927,#3928,#3929),(#3930,#3931,#3932),(#3933,#3934,#3935),
(#3936,#3937,#3938),(#3939,#3940,#3941)),.UNSPECIFIED.,.F.,.F.,.F.)
B_SPLINE_SURFACE_WITH_KNOTS((4,1,1,1,1,1,1,1,1,1,1,1,1,1,1,1,1,1,1,1,1,
1,1,1,1,1,1,1,1,1,1,4),(3,3),(0.109231633479318,0.112142398301173,0.115053163123029,
0.117963927944884,0.12087469276674,0.123785457588595,0.126696222410451,
0.129606987232306,0.132517752054162,0.135428516876017,0.138339281697872,
0.141250046519728,0.144160811341583,0.147071576163439,0.149982340985294,
0.15289310580715,0.155803870629005,0.161625400272716,0.164536165094572,
0.167446929916427,0.170357694738282,0.173268459560138,0.176179224381993,
0.179089989203849,0.182000754025704,0.18491151884756,0.187822283669415,
0.190733048491271,0.193643813313126,0.196554578134982,0.199465342956837,
0.202376107778692),(0.,1.),.UNSPECIFIED.)
GEOMETRIC_REPRESENTATION_ITEM()
RATIONAL_B_SPLINE_SURFACE(((1.,0.531447210458082,1.),(1.,0.534803926222419,
1.),(1.,0.545496417029976,1.),(1.,0.576334503532127,1.),(1.,0.620232463217017,
1.),(1.,0.655683104178324,1.),(1.,0.683186379677282,1.),(1.,0.699978218014773,
1.),(1.,0.711796454542581,1.),(1.,0.721263888634694,1.),(1.,0.725285198717909,
1.),(1.,0.711675727996937,1.),(1.,0.676473922913094,1.),(1.,0.659561271968807,
1.),(1.,0.655093342847263,1.),(1.,0.654385918118552,1.),(1.,0.654569841011543,
1.),(1.,0.654787464354541,1.),(1.,0.654149176227501,1.),(1.,0.655170828813788,
1.),(1.,0.659779355984477,1.),(1.,0.677640292755963,1.),(1.,0.712712496193133,
1.),(1.,0.725282487217152,1.),(1.,0.721049849471262,1.),(1.,0.711508693834895,
1.),(1.,0.699744146026159,1.),(1.,0.682951087991676,1.),(1.,0.655396284490162,
1.),(1.,0.620416280992785,1.),(1.,0.576567457938198,1.),(1.,0.54544381090198,
1.),(1.,0.534809843286661,1.),(1.,0.531429017040523,1.)))
REPRESENTATION_ITEM('')
SURFACE()
);
#40=(
BOUNDED_SURFACE()
B_SPLINE_SURFACE(3,2,((#3942,#3943,#3944),(#3945,#3946,#3947),(#3948,#3949,
#3950),(#3951,#3952,#3953),(#3954,#3955,#3956),(#3957,#3958,#3959),(#3960,
#3961,#3962),(#3963,#3964,#3965),(#3966,#3967,#3968),(#3969,#3970,#3971),
(#3972,#3973,#3974),(#3975,#3976,#3977),(#3978,#3979,#3980),(#3981,#3982,
#3983),(#3984,#3985,#3986),(#3987,#3988,#3989),(#3990,#3991,#3992),(#3993,
#3994,#3995),(#3996,#3997,#3998),(#3999,#4000,#4001),(#4002,#4003,#4004),
(#4005,#4006,#4007),(#4008,#4009,#4010),(#4011,#4012,#4013),(#4014,#4015,
#4016),(#4017,#4018,#4019),(#4020,#4021,#4022),(#4023,#4024,#4025),(#4026,
#4027,#4028),(#4029,#4030,#4031),(#4032,#4033,#4034)),.UNSPECIFIED.,.F.,
 .F.,.F.)
B_SPLINE_SURFACE_WITH_KNOTS((4,1,1,1,1,1,1,1,1,1,1,1,1,1,1,1,1,1,1,1,1,
1,1,1,1,1,1,1,4),(3,3),(0.0131827799022972,0.0186954517330892,0.0214517876484852,
0.0242081235638812,0.0297207953946732,0.0324771313100692,0.0352334672254652,
0.0379898031408612,0.0407461390562572,0.0435024749716532,0.0462588108870492,
0.0490151468024452,0.0517714827178412,0.0545278186332372,0.0572841545486332,
0.0627968263794252,0.0655531622948212,0.0683094982102172,0.0710658341256132,
0.0738221700410092,0.0765785059564052,0.0793348418718012,0.0820911777871972,
0.0848475137025932,0.0903601855333852,0.0931165214487812,0.0958728573641772,
0.0986291932795731,0.101385529194969),(0.,1.),.UNSPECIFIED.)
GEOMETRIC_REPRESENTATION_ITEM()
RATIONAL_B_SPLINE_SURFACE(((1.,0.844342473049374,1.),(1.,0.837898703411007,
1.),(1.,0.817665340193166,1.),(1.,0.774508458788235,1.),(1.,0.737418786802116,
1.),(1.,0.714758001975424,1.),(1.,0.700263751235585,1.),(1.,0.691186469175356,
1.),(1.,0.688137668974234,1.),(1.,0.703409736180878,1.),(1.,0.734374056720018,
1.),(1.,0.749835344823165,1.),(1.,0.755133215136094,1.),(1.,0.756535870613097,
1.),(1.,0.756801115368308,1.),(1.,0.756773745801145,1.),(1.,0.756977962891849,
1.),(1.,0.755160591205942,1.),(1.,0.750057828553568,1.),(1.,0.734698621147574,
1.),(1.,0.703718357408289,1.),(1.,0.68814022943585,1.),(1.,0.691152303159207,
1.),(1.,0.700183377310023,1.),(1.,0.714768492040243,1.),(1.,0.736921451094302,
1.),(1.,0.774473051983181,1.),(1.,0.806205175235637,1.),(1.,0.832223410719119,
1.),(1.,0.841112783580942,1.),(1.,0.84434085941626,1.)))
REPRESENTATION_ITEM('')
SURFACE()
);
#41=(
BOUNDED_SURFACE()
B_SPLINE_SURFACE(3,2,((#4036,#4037,#4038),(#4039,#4040,#4041),(#4042,#4043,
#4044),(#4045,#4046,#4047),(#4048,#4049,#4050),(#4051,#4052,#4053),(#4054,
#4055,#4056)),.UNSPECIFIED.,.F.,.F.,.F.)
B_SPLINE_SURFACE_WITH_KNOTS((4,1,1,1,4),(3,3),(0.00622495944789737,0.0077896261765537,
0.00935429290521003,0.0109189596338664,0.0124836263625227),(0.,1.),
 .UNSPECIFIED.)
GEOMETRIC_REPRESENTATION_ITEM()
RATIONAL_B_SPLINE_SURFACE(((1.,0.707106781186547,1.),(1.,0.707106781186547,
1.),(1.,0.707106781186547,1.),(1.,0.707106781186546,1.),(1.,0.707106781186549,
1.),(1.,0.707106781186547,1.),(1.,0.707106781186547,1.)))
REPRESENTATION_ITEM('')
SURFACE()
);
#42=(
BOUNDED_SURFACE()
B_SPLINE_SURFACE(3,2,((#4929,#4930,#4931),(#4932,#4933,#4934),(#4935,#4936,
#4937),(#4938,#4939,#4940),(#4941,#4942,#4943),(#4944,#4945,#4946)),
 .UNSPECIFIED.,.F.,.F.,.F.)
B_SPLINE_SURFACE_WITH_KNOTS((4,1,1,4),(3,3),(0.008246123977271,0.00942615388927566,
0.0106061838012803,0.0129662436252896),(0.,1.),.UNSPECIFIED.)
GEOMETRIC_REPRESENTATION_ITEM()
RATIONAL_B_SPLINE_SURFACE(((1.,0.839017369626063,1.),(1.,0.83919904504961,
1.),(1.,0.844949526415658,1.),(1.,0.848340800816975,1.),(1.,0.850713277851653,
1.),(1.,0.850138744828671,1.)))
REPRESENTATION_ITEM('')
SURFACE()
);
#43=(
BOUNDED_SURFACE()
B_SPLINE_SURFACE(3,2,((#4947,#4948,#4949),(#4950,#4951,#4952),(#4953,#4954,
#4955),(#4956,#4957,#4958)),.UNSPECIFIED.,.F.,.F.,.F.)
B_SPLINE_SURFACE_WITH_KNOTS((4,4),(3,3),(0.00461012277952212,0.00909983606763919),
(0.,1.),.PIECEWISE_BEZIER_KNOTS.)
GEOMETRIC_REPRESENTATION_ITEM()
RATIONAL_B_SPLINE_SURFACE(((1.,0.526555576068553,1.),(1.,0.526484485676166,
1.),(1.,0.529105209437457,1.),(1.,0.537028059758425,1.)))
REPRESENTATION_ITEM('')
SURFACE()
);
#44=(
BOUNDED_SURFACE()
B_SPLINE_SURFACE(3,2,((#5161,#5162,#5163),(#5164,#5165,#5166),(#5167,#5168,
#5169),(#5170,#5171,#5172),(#5173,#5174,#5175),(#5176,#5177,#5178)),
 .UNSPECIFIED.,.F.,.F.,.F.)
B_SPLINE_SURFACE_WITH_KNOTS((4,1,1,4),(3,3),(0.00761713220907657,0.00997739067673056,
0.0111575199105575,0.0123376491443845),(0.,1.),.UNSPECIFIED.)
GEOMETRIC_REPRESENTATION_ITEM()
RATIONAL_B_SPLINE_SURFACE(((1.,0.850138747468725,1.),(1.,0.850713205542063,
1.),(1.,0.848339722185037,1.),(1.,0.844952405292134,1.),(1.,0.8391991055666,
1.),(1.,0.839017364967314,1.)))
REPRESENTATION_ITEM('')
SURFACE()
);
#45=(
BOUNDED_SURFACE()
B_SPLINE_SURFACE(3,2,((#5179,#5180,#5181),(#5182,#5183,#5184),(#5185,#5186,
#5187),(#5188,#5189,#5190)),.UNSPECIFIED.,.F.,.F.,.F.)
B_SPLINE_SURFACE_WITH_KNOTS((4,4),(3,3),(0.00462231452149757,0.00906898339277713),
(0.,1.),.PIECEWISE_BEZIER_KNOTS.)
GEOMETRIC_REPRESENTATION_ITEM()
RATIONAL_B_SPLINE_SURFACE(((1.,0.537028603775875,1.),(1.,0.529075169332343,
1.),(1.,0.526485473684614,1.),(1.,0.526555546620977,1.)))
REPRESENTATION_ITEM('')
SURFACE()
);
#46=(
BOUNDED_SURFACE()
B_SPLINE_SURFACE(3,2,((#6371,#6372,#6373),(#6374,#6375,#6376),(#6377,#6378,
#6379),(#6380,#6381,#6382),(#6383,#6384,#6385),(#6386,#6387,#6388)),
 .UNSPECIFIED.,.F.,.F.,.F.)
B_SPLINE_SURFACE_WITH_KNOTS((4,1,1,4),(3,3),(6.28318530717959,6.67588438887831,
7.06858347057703,7.85398163397448),(0.,1.),.UNSPECIFIED.)
GEOMETRIC_REPRESENTATION_ITEM()
RATIONAL_B_SPLINE_SURFACE(((1.,0.707106781186548,1.),(1.,0.707106781936492,
1.),(1.,0.746332197290242,1.),(1.,0.911046408464624,1.),(1.,0.999999999866105,
1.),(1.,1.,1.)))
REPRESENTATION_ITEM('')
SURFACE()
);
#47=(
BOUNDED_SURFACE()
B_SPLINE_SURFACE(3,2,((#6393,#6394,#6395),(#6396,#6397,#6398),(#6399,#6400,
#6401),(#6402,#6403,#6404),(#6405,#6406,#6407),(#6408,#6409,#6410)),
 .UNSPECIFIED.,.F.,.F.,.F.)
B_SPLINE_SURFACE_WITH_KNOTS((4,1,1,4),(3,3),(6.28318530717959,6.67588438887831,
7.06858347057703,7.85398163397448),(0.,1.),.UNSPECIFIED.)
GEOMETRIC_REPRESENTATION_ITEM()
RATIONAL_B_SPLINE_SURFACE(((1.,0.707106781186548,1.),(1.,0.707106781936492,
1.),(1.,0.746332197290242,1.),(1.,0.911046408464624,1.),(1.,0.999999999866105,
1.),(1.,1.,1.)))
REPRESENTATION_ITEM('')
SURFACE()
);
#48=(
BOUNDED_SURFACE()
B_SPLINE_SURFACE(3,2,((#6413,#6414,#6415),(#6416,#6417,#6418),(#6419,#6420,
#6421),(#6422,#6423,#6424),(#6425,#6426,#6427),(#6428,#6429,#6430),(#6431,
#6432,#6433),(#6434,#6435,#6436),(#6437,#6438,#6439),(#6440,#6441,#6442),
(#6443,#6444,#6445),(#6446,#6447,#6448),(#6449,#6450,#6451),(#6452,#6453,
#6454),(#6455,#6456,#6457),(#6458,#6459,#6460),(#6461,#6462,#6463)),
 .UNSPECIFIED.,.F.,.F.,.F.)
B_SPLINE_SURFACE_WITH_KNOTS((4,1,1,1,1,1,1,1,1,1,1,1,1,1,4),(3,3),(0.0635368969864799,
0.0688936539981446,0.071572032503977,0.0742504110098093,0.0769287895156417,
0.0796071680214741,0.0822855465273064,0.0849639250331388,0.0876423035389711,
0.0903206820448035,0.0929990605506358,0.0956774390564682,0.0983558175623006,
0.101034196068133,0.106390953079798),(0.,1.),.UNSPECIFIED.)
GEOMETRIC_REPRESENTATION_ITEM()
RATIONAL_B_SPLINE_SURFACE(((1.,0.707106781186545,1.),(1.,0.707106781186545,
1.),(1.,0.707106781186547,1.),(1.,0.707106781186547,1.),(1.,0.707106781186547,
1.),(1.,0.707106781186547,1.),(1.,0.707106781186548,1.),(1.,0.707106781186547,
1.),(1.,0.707106781186547,1.),(1.,0.707106781186547,1.),(1.,0.707106781186547,
1.),(1.,0.707106781186547,1.),(1.,0.707106781186547,1.),(1.,0.707106781186547,
1.),(1.,0.707106781186547,1.),(1.,0.707106781186547,1.),(1.,0.707106781186547,
1.)))
REPRESENTATION_ITEM('')
SURFACE()
);
#49=(
BOUNDED_SURFACE()
B_SPLINE_SURFACE(3,2,((#6475,#6476,#6477),(#6478,#6479,#6480),(#6481,#6482,
#6483),(#6484,#6485,#6486),(#6487,#6488,#6489),(#6490,#6491,#6492),(#6493,
#6494,#6495),(#6496,#6497,#6498),(#6499,#6500,#6501),(#6502,#6503,#6504),
(#6505,#6506,#6507),(#6508,#6509,#6510),(#6511,#6512,#6513),(#6514,#6515,
#6516),(#6517,#6518,#6519),(#6520,#6521,#6522),(#6523,#6524,#6525),(#6526,
#6527,#6528),(#6529,#6530,#6531),(#6532,#6533,#6534),(#6535,#6536,#6537),
(#6538,#6539,#6540),(#6541,#6542,#6543),(#6544,#6545,#6546)),
 .UNSPECIFIED.,.F.,.F.,.F.)
B_SPLINE_SURFACE_WITH_KNOTS((4,1,1,1,1,1,1,1,1,1,1,1,1,1,1,1,1,1,1,1,1,
4),(3,3),(0.0635368969864806,0.0673326709623382,0.0711284449381959,0.0749242189140535,
0.0768221059019824,0.0787199928899112,0.08061787987784,0.0825157668657688,
0.0863115408416265,0.0901073148174841,0.0939030887933418,0.0958009757812706,
0.0976988627691995,0.101494636745057,0.105290410720915,0.109086184696772,
0.11288195867263,0.116677732648488,0.118575619636417,0.120473506624345,
0.122371393612274,0.124269280600203),(0.,1.),.UNSPECIFIED.)
GEOMETRIC_REPRESENTATION_ITEM()
RATIONAL_B_SPLINE_SURFACE(((1.,0.707106781186545,1.),(1.,0.707106781186545,
1.),(1.,0.707106781186548,1.),(1.,0.707106781186547,1.),(1.,0.707106781186547,
1.),(1.,0.707106781186547,1.),(1.,0.707106781186547,1.),(1.,0.707106781186548,
1.),(1.,0.707106781186547,1.),(1.,0.707106781186547,1.),(1.,0.707106781186547,
1.),(1.,0.707106781186547,1.),(1.,0.707106781186547,1.),(1.,0.707106781186547,
1.),(1.,0.707106781186548,1.),(1.,0.707106781186547,1.),(1.,0.707106781186547,
1.),(1.,0.707106781186547,1.),(1.,0.707106781186547,1.),(1.,0.707106781186548,
1.),(1.,0.707106781186548,1.),(1.,0.707106781186547,1.),(1.,0.707106781186547,
1.),(1.,0.707106781186547,1.)))
REPRESENTATION_ITEM('')
SURFACE()
);
#50=CYLINDRICAL_SURFACE('',#2061,0.003);
#51=CYLINDRICAL_SURFACE('',#2062,0.00119);
#52=CYLINDRICAL_SURFACE('',#2079,0.0342724152242426);
#53=CYLINDRICAL_SURFACE('',#2080,0.003);
#54=CYLINDRICAL_SURFACE('',#2083,0.00119);
#55=CYLINDRICAL_SURFACE('',#2114,0.0044);
#56=CYLINDRICAL_SURFACE('',#2119,0.003);
#57=CYLINDRICAL_SURFACE('',#2124,0.0044);
#58=CYLINDRICAL_SURFACE('',#2127,0.003);
#59=CYLINDRICAL_SURFACE('',#2129,0.0004);
#60=CYLINDRICAL_SURFACE('',#2133,0.0004);
#61=CYLINDRICAL_SURFACE('',#2134,0.0004);
#62=CYLINDRICAL_SURFACE('',#2136,0.0004);
#63=CYLINDRICAL_SURFACE('',#2141,0.0004);
#64=CYLINDRICAL_SURFACE('',#2143,0.0004);
#65=CYLINDRICAL_SURFACE('',#2145,0.001);
#66=CYLINDRICAL_SURFACE('',#2148,0.001);
#67=CYLINDRICAL_SURFACE('',#2149,0.001);
#68=CYLINDRICAL_SURFACE('',#2152,0.001);
#69=CYLINDRICAL_SURFACE('',#2156,0.001);
#70=CYLINDRICAL_SURFACE('',#2160,0.001);
#71=CIRCLE('',#2050,0.003);
#72=CIRCLE('',#2051,0.00119);
#73=CIRCLE('',#2055,0.00159);
#74=CIRCLE('',#2056,0.003);
#75=CIRCLE('',#2063,0.00119);
#76=CIRCLE('',#2064,0.001);
#77=CIRCLE('',#2065,0.001);
#78=CIRCLE('',#2066,0.001);
#79=CIRCLE('',#2067,0.001);
#80=CIRCLE('',#2068,0.001);
#81=CIRCLE('',#2069,0.001);
#82=CIRCLE('',#2070,0.001);
#83=CIRCLE('',#2071,0.001);
#84=CIRCLE('',#2075,0.003);
#85=CIRCLE('',#2076,0.00119);
#86=CIRCLE('',#2081,0.003);
#87=CIRCLE('',#2084,0.00119);
#88=CIRCLE('',#2087,0.00159);
#89=CIRCLE('',#2092,0.0044);
#90=CIRCLE('',#2093,0.0014);
#91=CIRCLE('',#2094,0.0034);
#92=CIRCLE('',#2095,0.0014);
#93=CIRCLE('',#2096,0.003);
#94=CIRCLE('',#2097,0.003);
#95=CIRCLE('',#2100,0.004);
#96=CIRCLE('',#2101,0.003);
#97=CIRCLE('',#2110,0.003);
#98=CIRCLE('',#2111,0.004);
#99=CIRCLE('',#2115,0.0044);
#100=CIRCLE('',#2116,0.0044);
#101=CIRCLE('',#2118,0.001);
#102=CIRCLE('',#2121,0.001);
#103=CIRCLE('',#2125,0.0044);
#104=CIRCLE('',#2130,0.0004);
#105=CIRCLE('',#2132,0.0004);
#106=CIRCLE('',#2135,0.0004);
#107=CIRCLE('',#2137,0.0004);
#108=CIRCLE('',#2138,0.0004);
#109=CIRCLE('',#2140,0.0004);
#110=CIRCLE('',#2142,0.0004);
#111=CIRCLE('',#2144,0.0004);
#112=CIRCLE('',#2153,0.001);
#113=CIRCLE('',#2155,0.001);
#114=CIRCLE('',#2157,0.001);
#115=CIRCLE('',#2159,0.001);
#116=CIRCLE('',#2161,0.001);
#117=CIRCLE('',#2163,0.001);
#118=PLANE('',#2049);
#119=PLANE('',#2052);
#120=PLANE('',#2053);
#121=PLANE('',#2054);
#122=PLANE('',#2057);
#123=PLANE('',#2058);
#124=PLANE('',#2059);
#125=PLANE('',#2060);
#126=PLANE('',#2074);
#127=PLANE('',#2077);
#128=PLANE('',#2078);
#129=PLANE('',#2082);
#130=PLANE('',#2085);
#131=PLANE('',#2086);
#132=PLANE('',#2090);
#133=PLANE('',#2091);
#134=PLANE('',#2098);
#135=PLANE('',#2099);
#136=PLANE('',#2102);
#137=PLANE('',#2103);
#138=PLANE('',#2104);
#139=PLANE('',#2105);
#140=PLANE('',#2106);
#141=PLANE('',#2107);
#142=PLANE('',#2108);
#143=PLANE('',#2109);
#144=PLANE('',#2112);
#145=PLANE('',#2113);
#146=PLANE('',#2117);
#147=PLANE('',#2120);
#148=PLANE('',#2122);
#149=PLANE('',#2123);
#150=PLANE('',#2126);
#151=PLANE('',#2128);
#152=B_SPLINE_CURVE_WITH_KNOTS('',3,(#2524,#2525,#2526,#2527),
 .UNSPECIFIED.,.F.,.F.,(4,4),(0.,0.00413402296824924),.UNSPECIFIED.);
#153=B_SPLINE_CURVE_WITH_KNOTS('',3,(#2529,#2530,#2531,#2532,#2533),
 .UNSPECIFIED.,.F.,.F.,(4,1,4),(0.,0.00165971599085424,0.00331943198170848),
 .UNSPECIFIED.);
#154=B_SPLINE_CURVE_WITH_KNOTS('',3,(#2535,#2536,#2537,#2538,#2539,#2540,
#2541,#2542,#2543,#2544,#2545,#2546,#2547,#2548,#2549,#2550,#2551,#2552,
#2553,#2554,#2555),.UNSPECIFIED.,.F.,.F.,(4,1,1,1,1,1,1,1,1,1,1,1,1,1,1,
1,1,1,4),(0.,0.00284985159301199,0.00427477738951799,0.00569970318602398,
0.00712462898252997,0.00854955477903597,0.00926201767728897,0.00997448057554197,
0.010686943473795,0.011399406372048,0.012111869270301,0.012824332168554,
0.013536795066807,0.0142492579650599,0.0156741837615659,0.0170991095580719,
0.0185240353545779,0.0199489611510839,0.0227988127440959),.UNSPECIFIED.);
#155=B_SPLINE_CURVE_WITH_KNOTS('',3,(#2557,#2558,#2559,#2560,#2561),
 .UNSPECIFIED.,.F.,.F.,(4,1,4),(0.,0.00166008783069959,0.00332017566139917),
 .UNSPECIFIED.);
#156=B_SPLINE_CURVE_WITH_KNOTS('',3,(#2563,#2564,#2565,#2566),
 .UNSPECIFIED.,.F.,.F.,(4,4),(0.,0.00413367935123908),.UNSPECIFIED.);
#157=B_SPLINE_CURVE_WITH_KNOTS('',3,(#2570,#2571,#2572,#2573,#2574,#2575,
#2576,#2577,#2578,#2579,#2580,#2581,#2582,#2583,#2584,#2585,#2586,#2587,
#2588,#2589,#2590,#2591,#2592,#2593,#2594,#2595,#2596,#2597,#2598,#2599,
#2600,#2601,#2602,#2603,#2604,#2605,#2606,#2607,#2608,#2609,#2610,#2611,
#2612,#2613,#2614,#2615,#2616,#2617,#2618,#2619,#2620,#2621,#2622,#2623,
#2624,#2625,#2626,#2627,#2628,#2629,#2630,#2631,#2632,#2633,#2634,#2635,
#2636,#2637,#2638,#2639,#2640,#2641,#2642,#2643,#2644),.UNSPECIFIED.,.T.,
 .F.,(1,1,1,1,1,1,1,1,1,1,1,1,1,1,1,1,1,1,1,1,1,1,1,1,1,1,1,1,1,1,1,1,1,
1,1,1,1,1,1,1,1,1,1,1,1,1,1,1,1,1,1,1,1,1,1,1,1,1,1,1,1,1,1,1,1,1,1,1,1,
1,1,1,1,1,1,1,1,1,1),(-0.078125,-0.0625,-0.03125,0.,0.03125,0.0625,0.078125,
0.09375,0.109375,0.1171875,0.125,0.1328125,0.140625,0.15625,0.171875,0.1875,
0.203125,0.21875,0.2265625,0.234375,0.25,0.265625,0.28125,0.296875,0.3125,
0.3203125,0.328125,0.34375,0.359375,0.375,0.390625,0.40625,0.4140625,0.421875,
0.4375,0.453125,0.46875,0.484375,0.4921875,0.5,0.5078125,0.515625,0.53125,
0.546875,0.5625,0.578125,0.5859375,0.59375,0.609375,0.625,0.640625,0.65625,
0.671875,0.6796875,0.6875,0.703125,0.71875,0.734375,0.75,0.765625,0.7734375,
0.78125,0.796875,0.8125,0.828125,0.84375,0.859375,0.8671875,0.875,0.8828125,
0.890625,0.90625,0.921875,0.9375,0.96875,1.,1.03125,1.0625,1.078125),
 .UNSPECIFIED.);
#158=B_SPLINE_CURVE_WITH_KNOTS('',3,(#2648,#2649,#2650,#2651,#2652,#2653,
#2654,#2655,#2656,#2657,#2658,#2659,#2660,#2661,#2662,#2663,#2664,#2665,
#2666,#2667,#2668,#2669,#2670,#2671,#2672,#2673,#2674,#2675,#2676,#2677,
#2678,#2679,#2680,#2681,#2682,#2683,#2684,#2685,#2686,#2687,#2688,#2689,
#2690,#2691,#2692,#2693,#2694,#2695,#2696,#2697,#2698,#2699,#2700,#2701,
#2702,#2703,#2704,#2705,#2706,#2707,#2708,#2709,#2710,#2711,#2712,#2713,
#2714,#2715,#2716,#2717,#2718,#2719,#2720,#2721,#2722),.UNSPECIFIED.,.T.,
 .F.,(1,1,1,1,1,1,1,1,1,1,1,1,1,1,1,1,1,1,1,1,1,1,1,1,1,1,1,1,1,1,1,1,1,
1,1,1,1,1,1,1,1,1,1,1,1,1,1,1,1,1,1,1,1,1,1,1,1,1,1,1,1,1,1,1,1,1,1,1,1,
1,1,1,1,1,1,1,1,1,1),(-0.078125,-0.0625,-0.03125,0.,0.03125,0.0625,0.078125,
0.09375,0.109375,0.1171875,0.125,0.1328125,0.140625,0.15625,0.171875,0.1875,
0.203125,0.21875,0.2265625,0.234375,0.25,0.265625,0.28125,0.296875,0.3125,
0.3203125,0.328125,0.34375,0.359375,0.375,0.390625,0.40625,0.4140625,0.421875,
0.4375,0.453125,0.46875,0.484375,0.4921875,0.5,0.5078125,0.515625,0.53125,
0.546875,0.5625,0.578125,0.5859375,0.59375,0.609375,0.625,0.640625,0.65625,
0.671875,0.6796875,0.6875,0.703125,0.71875,0.734375,0.75,0.765625,0.7734375,
0.78125,0.796875,0.8125,0.828125,0.84375,0.859375,0.8671875,0.875,0.8828125,
0.890625,0.90625,0.921875,0.9375,0.96875,1.,1.03125,1.0625,1.078125),
 .UNSPECIFIED.);
#159=B_SPLINE_CURVE_WITH_KNOTS('',3,(#2740,#2741,#2742,#2743),
 .UNSPECIFIED.,.F.,.F.,(4,4),(0.,0.00488501751587333),.UNSPECIFIED.);
#160=B_SPLINE_CURVE_WITH_KNOTS('',3,(#2745,#2746,#2747,#2748,#2749,#2750),
 .UNSPECIFIED.,.F.,.F.,(4,1,1,4),(0.,0.000775130455492949,0.0015502609109859,
0.00310052182197179),.UNSPECIFIED.);
#161=B_SPLINE_CURVE_WITH_KNOTS('',3,(#2752,#2753,#2754,#2755,#2756,#2757,
#2758,#2759,#2760,#2761,#2762,#2763,#2764,#2765,#2766,#2767,#2768,#2769,
#2770,#2771,#2772),.UNSPECIFIED.,.F.,.F.,(4,1,1,1,1,1,1,1,1,1,1,1,1,1,1,
1,1,1,4),(0.,0.00274891542271929,0.00412337313407894,0.00549783084543858,
0.00687228855679823,0.00824674626815787,0.00893397512383769,0.00962120397951752,
0.0103084328351973,0.0109956616908772,0.011682890546557,0.0123701194022368,
0.0130573482579166,0.0137445771135965,0.0151190348249561,0.0164934925363157,
0.0178679502476754,0.019242407959035,0.0219913233817543),.UNSPECIFIED.);
#162=B_SPLINE_CURVE_WITH_KNOTS('',3,(#2774,#2775,#2776,#2777,#2778,#2779),
 .UNSPECIFIED.,.F.,.F.,(4,1,1,4),(0.,0.00155203495431734,0.00232805243147601,
0.00310406990863467),.UNSPECIFIED.);
#163=B_SPLINE_CURVE_WITH_KNOTS('',3,(#2781,#2782,#2783,#2784),
 .UNSPECIFIED.,.F.,.F.,(4,4),(0.,0.00488510309867653),.UNSPECIFIED.);
#164=B_SPLINE_CURVE_WITH_KNOTS('',3,(#2788,#2789,#2790,#2791,#2792,#2793,
#2794,#2795,#2796,#2797,#2798,#2799,#2800),.UNSPECIFIED.,.T.,.F.,(1,3,1,
1,1,1,1,1,1,1,1,3,1),(-0.123293985334321,0.,0.123293985334321,0.221200252144362,
0.319106518954403,0.411820639321714,0.5,0.588179360678286,0.680893481045598,
0.778799747855639,0.876706014665679,1.,1.12329398533432),.UNSPECIFIED.);
#165=B_SPLINE_CURVE_WITH_KNOTS('',3,(#2826,#2827,#2828,#2829),
 .UNSPECIFIED.,.F.,.F.,(4,4),(0.000962490412536268,0.00153745894340644),
 .UNSPECIFIED.);
#166=B_SPLINE_CURVE_WITH_KNOTS('',3,(#2832,#2833,#2834,#2835,#2836,#2837,
#2838,#2839,#2840,#2841,#2842,#2843,#2844,#2845,#2846,#2847,#2848,#2849,
#2850,#2851,#2852,#2853,#2854,#2855,#2856,#2857,#2858,#2859,#2860),
 .UNSPECIFIED.,.F.,.F.,(4,1,1,1,1,1,1,1,1,1,1,1,1,1,1,1,1,1,1,1,1,1,1,1,
1,1,4),(0.,0.00247331534446764,0.00370997301670146,0.00494663068893529,
0.00618328836116911,0.00680161719728602,0.00741994603340293,0.00803827486951984,
0.00865660370563675,0.00896576812369521,0.00927493254175366,0.00958409695981212,
0.00973867916884134,0.00989326137787057,0.0100478435868998,0.010202425795929,
0.0105115902139875,0.0108207546320459,0.0111299190501044,0.0117482478862213,
0.0123665767223382,0.0129849055584551,0.013603234394572,0.0148398920668059,
0.0160765497390397,0.0173132074112735,0.0197865227557411),.UNSPECIFIED.);
#167=B_SPLINE_CURVE_WITH_KNOTS('',3,(#2862,#2863,#2864,#2865),
 .UNSPECIFIED.,.F.,.F.,(4,4),(0.0013045308991065,0.00187964555176852),
 .UNSPECIFIED.);
#168=B_SPLINE_CURVE_WITH_KNOTS('',3,(#2867,#2868,#2869,#2870,#2871,#2872,
#2873,#2874,#2875,#2876,#2877,#2878,#2879,#2880,#2881,#2882,#2883,#2884,
#2885,#2886,#2887,#2888,#2889,#2890,#2891,#2892,#2893,#2894,#2895),
 .UNSPECIFIED.,.F.,.F.,(4,1,1,1,1,1,1,1,1,1,1,1,1,1,1,1,1,1,1,1,1,1,1,1,
1,1,4),(0.,0.00239788219813785,0.00359682329720677,0.0047957643962757,0.00599470549534462,
0.00659417604487909,0.00719364659441355,0.00779311714394801,0.00839258769348247,
0.0086923229682497,0.00899205824301694,0.00929179351778417,0.00944166115516778,
0.0095915287925514,0.00974139642993501,0.00989126406731863,0.0101909993420859,
0.0104907346168531,0.0107904698916203,0.0113899404411548,0.0119894109906892,
0.0125888815402237,0.0131883520897582,0.0143872931888271,0.015586234287896,
0.0167851753869649,0.0191830575851028),.UNSPECIFIED.);
#169=B_SPLINE_CURVE_WITH_KNOTS('',3,(#2897,#2898,#2899,#2900,#2901,#2902),
 .UNSPECIFIED.,.F.,.F.,(4,1,1,4),(0.,0.378023172313099,0.741043746996746,
1.),.UNSPECIFIED.);
#170=B_SPLINE_CURVE_WITH_KNOTS('',3,(#2905,#2906,#2907,#2908,#2909,#2910),
 .UNSPECIFIED.,.F.,.F.,(4,1,1,4),(1.52764887779735E-14,0.00106777368303293,
0.00160166052454175,0.00213554736605058),.UNSPECIFIED.);
#171=B_SPLINE_CURVE_WITH_KNOTS('',3,(#2911,#2912,#2913,#2914),
 .UNSPECIFIED.,.F.,.F.,(4,4),(0.,0.00121436248761106),.UNSPECIFIED.);
#172=B_SPLINE_CURVE_WITH_KNOTS('',3,(#2916,#2917,#2918,#2919,#2920),
 .UNSPECIFIED.,.F.,.F.,(4,1,4),(0.,0.00106871831544134,0.00213743663088268),
 .UNSPECIFIED.);
#173=B_SPLINE_CURVE_WITH_KNOTS('',3,(#2922,#2923,#2924,#2925,#2926,#2927),
 .UNSPECIFIED.,.F.,.F.,(4,1,1,4),(0.,0.378023172313099,0.741043746996746,
1.),.UNSPECIFIED.);
#174=B_SPLINE_CURVE_WITH_KNOTS('',3,(#2929,#2930,#2931,#2932),
 .UNSPECIFIED.,.F.,.F.,(4,4),(1.03043579089128E-14,0.00121609807476017),
 .UNSPECIFIED.);
#175=B_SPLINE_CURVE_WITH_KNOTS('',3,(#2942,#2943,#2944,#2945),
 .UNSPECIFIED.,.F.,.F.,(4,4),(6.62438292973862E-15,0.0044981426297484),
 .UNSPECIFIED.);
#176=B_SPLINE_CURVE_WITH_KNOTS('',3,(#2947,#2948,#2949,#2950),
 .UNSPECIFIED.,.F.,.F.,(4,4),(0.00170236842331826,0.00230498986399284),
 .UNSPECIFIED.);
#177=B_SPLINE_CURVE_WITH_KNOTS('',3,(#2952,#2953,#2954,#2955),
 .UNSPECIFIED.,.F.,.F.,(4,4),(4.67088590647017E-18,0.00452546827891105),
 .UNSPECIFIED.);
#178=B_SPLINE_CURVE_WITH_KNOTS('',3,(#2964,#2965,#2966,#2967),
 .UNSPECIFIED.,.F.,.F.,(4,4),(0.000651642595536367,0.00125425284373553),
 .UNSPECIFIED.);
#179=B_SPLINE_CURVE_WITH_KNOTS('',3,(#2970,#2971,#2972,#2973),
 .UNSPECIFIED.,.F.,.F.,(4,4),(1.36592263090745E-17,0.00449847133845829),
 .UNSPECIFIED.);
#180=B_SPLINE_CURVE_WITH_KNOTS('',3,(#2974,#2975,#2976,#2977),
 .UNSPECIFIED.,.F.,.F.,(4,4),(0.,0.00452555824215631),.UNSPECIFIED.);
#181=B_SPLINE_CURVE_WITH_KNOTS('',3,(#3014,#3015,#3016,#3017,#3018),
 .UNSPECIFIED.,.F.,.F.,(4,1,4),(3.52990653115862E-18,0.00233808691608304,
0.00467617383216608),.UNSPECIFIED.);
#182=B_SPLINE_CURVE_WITH_KNOTS('',3,(#3019,#3020,#3021,#3022,#3023,#3024),
 .UNSPECIFIED.,.F.,.F.,(4,1,1,4),(0.,0.00117582196903291,0.00235164393806582,
0.00470328787613164),.UNSPECIFIED.);
#183=B_SPLINE_CURVE_WITH_KNOTS('',3,(#3037,#3038,#3039,#3040,#3041),
 .UNSPECIFIED.,.F.,.F.,(4,1,4),(0.,0.00234106658484027,0.00468213316968055),
 .UNSPECIFIED.);
#184=B_SPLINE_CURVE_WITH_KNOTS('',3,(#3042,#3043,#3044,#3045,#3046),
 .UNSPECIFIED.,.F.,.F.,(4,1,4),(0.,0.00235879329549978,0.00471758659099956),
 .UNSPECIFIED.);
#185=B_SPLINE_CURVE_WITH_KNOTS('',3,(#3349,#3350,#3351,#3352,#3353,#3354,
#3355,#3356,#3357,#3358,#3359,#3360,#3361,#3362,#3363,#3364,#3365,#3366),
 .UNSPECIFIED.,.F.,.F.,(4,1,1,1,1,1,1,1,1,1,1,1,1,1,1,4),(5.60562801167013E-15,
0.00570798535596083,0.00856197803393844,0.011415970711916,0.0142699633898937,
0.0171239560678713,0.0199779487458489,0.0228319414238265,0.0256859341018041,
0.0285399267797817,0.0313939194577593,0.0342479121357369,0.0371019048137145,
0.0399558974916921,0.0428098901696698,0.0456638828476474),.UNSPECIFIED.);
#186=B_SPLINE_CURVE_WITH_KNOTS('',3,(#3370,#3371,#3372,#3373,#3374,#3375,
#3376,#3377,#3378,#3379,#3380,#3381,#3382,#3383,#3384,#3385,#3386,#3387,
#3388,#3389,#3390,#3391,#3392,#3393,#3394,#3395,#3396,#3397,#3398,#3399,
#3400,#3401,#3402,#3403,#3404,#3405,#3406,#3407,#3408,#3409,#3410,#3411,
#3412,#3413,#3414,#3415,#3416,#3417,#3418,#3419,#3420,#3421,#3422,#3423,
#3424,#3425,#3426,#3427,#3428,#3429,#3430,#3431,#3432,#3433,#3434,#3435,
#3436,#3437,#3438,#3439,#3440,#3441,#3442,#3443,#3444),.UNSPECIFIED.,.T.,
 .F.,(1,1,1,1,1,1,1,1,1,1,1,1,1,1,1,1,1,1,1,1,1,1,1,1,1,1,1,1,1,1,1,1,1,
1,1,1,1,1,1,1,1,1,1,1,1,1,1,1,1,1,1,1,1,1,1,1,1,1,1,1,1,1,1,1,1,1,1,1,1,
1,1,1,1,1,1,1,1,1,1),(-0.078125,-0.0625,-0.03125,0.,0.03125,0.0625,0.078125,
0.09375,0.109375,0.1171875,0.125,0.1328125,0.140625,0.15625,0.171875,0.1875,
0.203125,0.21875,0.2265625,0.234375,0.25,0.265625,0.28125,0.296875,0.3125,
0.3203125,0.328125,0.34375,0.359375,0.375,0.390625,0.40625,0.4140625,0.421875,
0.4375,0.453125,0.46875,0.484375,0.4921875,0.5,0.5078125,0.515625,0.53125,
0.546875,0.5625,0.578125,0.5859375,0.59375,0.609375,0.625,0.640625,0.65625,
0.671875,0.6796875,0.6875,0.703125,0.71875,0.734375,0.75,0.765625,0.7734375,
0.78125,0.796875,0.8125,0.828125,0.84375,0.859375,0.8671875,0.875,0.8828125,
0.890625,0.90625,0.921875,0.9375,0.96875,1.,1.03125,1.0625,1.078125),
 .UNSPECIFIED.);
#187=B_SPLINE_CURVE_WITH_KNOTS('',3,(#3490,#3491,#3492,#3493,#3494,#3495,
#3496,#3497,#3498,#3499,#3500,#3501,#3502,#3503,#3504,#3505,#3506,#3507,
#3508,#3509,#3510,#3511,#3512,#3513,#3514,#3515,#3516,#3517,#3518,#3519,
#3520),.UNSPECIFIED.,.F.,.F.,(4,1,1,1,1,1,1,1,1,1,1,1,1,1,1,1,1,1,1,1,1,
1,1,1,1,1,1,1,4),(8.98413020245657E-16,0.00252888602808532,0.00505777205616974,
0.00758665808425416,0.0101155441123386,0.0151733161685074,0.0177022021965919,
0.0202310882246763,0.0227599742527607,0.0252888602808451,0.0278177463089295,
0.030346632337014,0.0328755183650984,0.0354044043931828,0.0404621764493517,
0.0455199485055205,0.0505777205616893,0.0531066065897738,0.0556354926178582,
0.0581643786459426,0.060693264674027,0.0632221507021115,0.0657510367301959,
0.0682799227582803,0.0708088087863647,0.0733376948144491,0.0758665808425336,
0.078395466870618,0.0809243528987024),.UNSPECIFIED.);
#188=B_SPLINE_CURVE_WITH_KNOTS('',3,(#3524,#3525,#3526,#3527,#3528,#3529,
#3530,#3531,#3532,#3533,#3534,#3535,#3536),.UNSPECIFIED.,.T.,.F.,(1,3,1,
1,1,1,1,1,1,1,1,3,1),(-0.123293985334321,0.,0.123293985334321,0.221200252144362,
0.319106518954403,0.411820639321714,0.5,0.588179360678286,0.680893481045598,
0.778799747855639,0.876706014665679,1.,1.12329398533432),.UNSPECIFIED.);
#189=B_SPLINE_CURVE_WITH_KNOTS('',3,(#3540,#3541,#3542,#3543,#3544,#3545,
#3546,#3547,#3548,#3549,#3550,#3551,#3552,#3553,#3554,#3555,#3556,#3557,
#3558,#3559,#3560,#3561,#3562,#3563,#3564,#3565,#3566,#3567,#3568,#3569,
#3570,#3571,#3572,#3573,#3574,#3575,#3576,#3577,#3578,#3579,#3580,#3581,
#3582,#3583,#3584,#3585,#3586,#3587,#3588,#3589,#3590,#3591,#3592,#3593,
#3594,#3595,#3596,#3597,#3598,#3599,#3600,#3601,#3602,#3603,#3604,#3605,
#3606,#3607,#3608,#3609,#3610,#3611,#3612,#3613,#3614),.UNSPECIFIED.,.T.,
 .F.,(1,1,1,1,1,1,1,1,1,1,1,1,1,1,1,1,1,1,1,1,1,1,1,1,1,1,1,1,1,1,1,1,1,
1,1,1,1,1,1,1,1,1,1,1,1,1,1,1,1,1,1,1,1,1,1,1,1,1,1,1,1,1,1,1,1,1,1,1,1,
1,1,1,1,1,1,1,1,1,1),(-0.078125,-0.0625,-0.03125,0.,0.03125,0.0625,0.078125,
0.09375,0.109375,0.1171875,0.125,0.1328125,0.140625,0.15625,0.171875,0.1875,
0.203125,0.21875,0.2265625,0.234375,0.25,0.265625,0.28125,0.296875,0.3125,
0.3203125,0.328125,0.34375,0.359375,0.375,0.390625,0.40625,0.4140625,0.421875,
0.4375,0.453125,0.46875,0.484375,0.4921875,0.5,0.5078125,0.515625,0.53125,
0.546875,0.5625,0.578125,0.5859375,0.59375,0.609375,0.625,0.640625,0.65625,
0.671875,0.6796875,0.6875,0.703125,0.71875,0.734375,0.75,0.765625,0.7734375,
0.78125,0.796875,0.8125,0.828125,0.84375,0.859375,0.8671875,0.875,0.8828125,
0.890625,0.90625,0.921875,0.9375,0.96875,1.,1.03125,1.0625,1.078125),
 .UNSPECIFIED.);
#190=B_SPLINE_CURVE_WITH_KNOTS('',3,(#3654,#3655,#3656,#3657,#3658,#3659,
#3660,#3661,#3662,#3663,#3664,#3665,#3666,#3667,#3668,#3669,#3670),
 .UNSPECIFIED.,.F.,.F.,(4,1,1,1,1,1,1,1,1,1,1,1,1,1,4),(0.,0.00572927224570309,
0.00859390836855463,0.0114585444914062,0.0143231806142577,0.0171878167371093,
0.0200524528599608,0.0229170889828124,0.0257817251056639,0.0286463612285154,
0.031510997351367,0.0343756334742185,0.0372402695970701,0.0401049057199216,
0.0458341779656247),.UNSPECIFIED.);
#191=B_SPLINE_CURVE_WITH_KNOTS('',3,(#3674,#3675,#3676,#3677,#3678,#3679),
 .UNSPECIFIED.,.F.,.F.,(4,1,1,4),(0.,0.000549124481868911,0.00109824896373782,
0.00219649792747565),.UNSPECIFIED.);
#192=B_SPLINE_CURVE_WITH_KNOTS('',3,(#3681,#3682,#3683,#3684,#3685,#3686),
 .UNSPECIFIED.,.F.,.F.,(4,1,1,4),(0.,0.378023172313099,0.741043746996746,
1.),.UNSPECIFIED.);
#193=B_SPLINE_CURVE_WITH_KNOTS('',3,(#3688,#3689,#3690,#3691),
 .UNSPECIFIED.,.F.,.F.,(4,4),(6.9928938926747E-18,0.00135640383081345),
 .UNSPECIFIED.);
#194=B_SPLINE_CURVE_WITH_KNOTS('',3,(#3693,#3694,#3695,#3696,#3697,#3698),
 .UNSPECIFIED.,.F.,.F.,(4,1,1,4),(0.,0.378023172313099,0.741043746996746,
1.),.UNSPECIFIED.);
#195=B_SPLINE_CURVE_WITH_KNOTS('',3,(#3701,#3702,#3703,#3704,#3705,#3706),
 .UNSPECIFIED.,.F.,.F.,(4,1,1,4),(2.48107911698674E-16,0.0010948352189643,
0.00164225282844633,0.00218967043792836),.UNSPECIFIED.);
#196=B_SPLINE_CURVE_WITH_KNOTS('',3,(#3707,#3708,#3709,#3710),
 .UNSPECIFIED.,.F.,.F.,(4,4),(0.,0.00135351492634504),.UNSPECIFIED.);
#197=B_SPLINE_CURVE_WITH_KNOTS('',3,(#3735,#3736,#3737,#3738,#3739,#3740,
#3741,#3742,#3743,#3744,#3745,#3746,#3747,#3748,#3749,#3750,#3751,#3752,
#3753,#3754,#3755,#3756,#3757,#3758,#3759,#3760,#3761,#3762,#3763,#3764),
 .UNSPECIFIED.,.F.,.F.,(4,1,1,1,1,1,1,1,1,1,1,1,1,1,1,1,1,1,1,1,1,1,1,1,
1,1,1,4),(1.62379754418082E-16,0.002800465455228,0.00560093091045584,0.0112018618209115,
0.0140023272761394,0.0168027927313672,0.0196032581865951,0.0224037236418229,
0.0252041890970507,0.0280046545522786,0.0308051200075064,0.0336055854627343,
0.0392065163731899,0.0448074472836456,0.0476079127388735,0.0504083781941013,
0.0532088436493292,0.056009309104557,0.0588097745597848,0.0616102400150127,
0.0644107054702405,0.0672111709254684,0.0700116363806962,0.072812101835924,
0.0784130327463797,0.0812134982016076,0.0840139636568354,0.0896148945672911),
 .UNSPECIFIED.);
#198=B_SPLINE_CURVE_WITH_KNOTS('',3,(#3765,#3766,#3767,#3768,#3769,#3770,
#3771,#3772,#3773,#3774,#3775,#3776,#3777,#3778,#3779,#3780,#3781,#3782,
#3783,#3784,#3785,#3786,#3787,#3788,#3789,#3790,#3791,#3792,#3793,#3794),
 .UNSPECIFIED.,.F.,.F.,(4,1,1,1,1,1,1,1,1,1,1,1,1,1,1,1,1,1,1,1,1,1,1,1,
1,1,1,4),(0.,0.00270526744001323,0.00541053488002645,0.00811580232003968,
0.0108210697600529,0.0162316046400794,0.0189368720800926,0.0216421395201058,
0.024347406960119,0.0270526744001323,0.0297579418401455,0.0324632092801587,
0.0378737441601852,0.0432842790402116,0.0459895464802248,0.0486948139202381,
0.0514000813602513,0.0541053488002645,0.0568106162402777,0.059515883680291,
0.0622211511203042,0.0649264185603174,0.0676316860003306,0.0703369534403439,
0.0757474883203703,0.0811580232003968,0.08386329064041,0.0865685580804232),
 .UNSPECIFIED.);
#199=B_SPLINE_CURVE_WITH_KNOTS('',3,(#3798,#3799,#3800,#3801),
 .UNSPECIFIED.,.F.,.F.,(4,4),(-5.99999999999914E-8,0.00600868327722209),
 .UNSPECIFIED.);
#200=B_SPLINE_CURVE_WITH_KNOTS('',3,(#3804,#3805,#3806,#3807),
 .UNSPECIFIED.,.F.,.F.,(4,4),(0.,1.),.UNSPECIFIED.);
#201=B_SPLINE_CURVE_WITH_KNOTS('',3,(#3815,#3816,#3817,#3818,#3819),
 .UNSPECIFIED.,.F.,.F.,(4,1,4),(1.73472347597681E-18,0.000782549380261076,
0.00156509876052215),.UNSPECIFIED.);
#202=B_SPLINE_CURVE_WITH_KNOTS('',3,(#3828,#3829,#3830,#3831,#3832),
 .UNSPECIFIED.,.F.,.F.,(4,1,4),(0.,0.000782551297264743,0.00156510259452949),
 .UNSPECIFIED.);
#203=B_SPLINE_CURVE_WITH_KNOTS('',3,(#3836,#3837,#3838,#3839),
 .UNSPECIFIED.,.F.,.F.,(4,4),(0.,0.00600729737139959),.UNSPECIFIED.);
#204=B_SPLINE_CURVE_WITH_KNOTS('',3,(#4151,#4152,#4153,#4154,#4155,#4156,
#4157,#4158,#4159,#4160,#4161,#4162,#4163,#4164,#4165,#4166,#4167,#4168,
#4169),.UNSPECIFIED.,.F.,.F.,(4,1,1,1,1,1,1,1,1,1,1,1,1,1,1,1,4),(0.,0.00405960891488461,
0.00811921782976922,0.0121788267446538,0.0162384356595384,0.020298044574423,
0.0243576534893077,0.0284172624041923,0.0324768713190769,0.0365364802339615,
0.0405960891488461,0.0446556980637307,0.0487153069786153,0.0527749158934999,
0.0568345248083845,0.0608941337232691,0.0649537426381537),.UNSPECIFIED.);
#205=B_SPLINE_CURVE_WITH_KNOTS('',3,(#4173,#4174,#4175,#4176,#4177,#4178,
#4179,#4180,#4181,#4182,#4183,#4184,#4185,#4186,#4187,#4188,#4189),
 .UNSPECIFIED.,.F.,.F.,(4,1,1,1,1,1,1,1,1,1,1,1,1,1,4),(0.,0.120710872317991,
0.181066308476987,0.241421744635983,0.301777180794978,0.362132616953974,
0.422488053112969,0.482843489271965,0.543198925430961,0.603554361589956,
0.663909797748952,0.724265233907948,0.784620670066943,0.844976106225939,
0.96568697854393),.UNSPECIFIED.);
#206=B_SPLINE_CURVE_WITH_KNOTS('',3,(#4191,#4192,#4193,#4194),
 .UNSPECIFIED.,.F.,.F.,(4,4),(0.,1.),.UNSPECIFIED.);
#207=B_SPLINE_CURVE_WITH_KNOTS('',3,(#4196,#4197,#4198,#4199),
 .UNSPECIFIED.,.F.,.F.,(4,4),(0.,1.),.UNSPECIFIED.);
#208=B_SPLINE_CURVE_WITH_KNOTS('',3,(#4201,#4202,#4203,#4204,#4205),
 .UNSPECIFIED.,.F.,.F.,(4,1,4),(0.,0.5,1.),.UNSPECIFIED.);
#209=B_SPLINE_CURVE_WITH_KNOTS('',3,(#4207,#4208,#4209,#4210,#4211,#4212,
#4213,#4214,#4215,#4216,#4217,#4218,#4219,#4220,#4221,#4222,#4223),
 .UNSPECIFIED.,.F.,.F.,(4,1,1,1,1,1,1,1,1,1,1,1,1,1,4),(0.,0.125,0.1875,
0.25,0.3125,0.375,0.4375,0.5,0.5625,0.625,0.6875,0.75,0.8125,0.875,1.),
 .UNSPECIFIED.);
#210=B_SPLINE_CURVE_WITH_KNOTS('',3,(#4225,#4226,#4227,#4228,#4229),
 .UNSPECIFIED.,.F.,.F.,(4,1,4),(0.,0.5,1.),.UNSPECIFIED.);
#211=B_SPLINE_CURVE_WITH_KNOTS('',3,(#4231,#4232,#4233,#4234),
 .UNSPECIFIED.,.F.,.F.,(4,4),(0.,1.),.UNSPECIFIED.);
#212=B_SPLINE_CURVE_WITH_KNOTS('',3,(#4236,#4237,#4238,#4239),
 .UNSPECIFIED.,.F.,.F.,(4,4),(0.,1.),.UNSPECIFIED.);
#213=B_SPLINE_CURVE_WITH_KNOTS('',3,(#4241,#4242,#4243,#4244,#4245,#4246,
#4247,#4248,#4249,#4250,#4251,#4252,#4253,#4254,#4255,#4256,#4257),
 .UNSPECIFIED.,.F.,.F.,(4,1,1,1,1,1,1,1,1,1,1,1,1,1,4),(0.0343128439179321,
0.155023738428191,0.21537918568332,0.275734632938449,0.336090080193578,
0.396445527448708,0.456800974703837,0.517156421958966,0.577511869214095,
0.637867316469225,0.698222763724354,0.758578210979483,0.818933658234612,
0.879289105489741,1.),.UNSPECIFIED.);
#214=B_SPLINE_CURVE_WITH_KNOTS('',3,(#4261,#4262,#4263,#4264,#4265,#4266,
#4267,#4268,#4269,#4270,#4271,#4272,#4273,#4274,#4275,#4276),
 .UNSPECIFIED.,.F.,.F.,(4,1,1,1,1,1,1,1,1,1,1,1,1,4),(0.,0.00564477780841665,
0.00846716671262497,0.0112895556168333,0.0141119445210416,0.0169343334252499,
0.0197567223294583,0.0225791112336666,0.0282238890420832,0.0310462779462916,
0.0338686668504999,0.0366910557547082,0.0395134446589165,0.0451582224673332),
 .UNSPECIFIED.);
#215=B_SPLINE_CURVE_WITH_KNOTS('',3,(#4280,#4281,#4282,#4283),
 .UNSPECIFIED.,.F.,.F.,(4,4),(0.,0.000629162170374588),.UNSPECIFIED.);
#216=B_SPLINE_CURVE_WITH_KNOTS('',3,(#4285,#4286,#4287,#4288),
 .UNSPECIFIED.,.F.,.F.,(4,4),(0.000402710854411338,0.00122818965315083),
 .UNSPECIFIED.);
#217=B_SPLINE_CURVE_WITH_KNOTS('',3,(#4290,#4291,#4292,#4293),
 .UNSPECIFIED.,.F.,.F.,(4,4),(0.383248471430262,0.41368679386035),
 .UNSPECIFIED.);
#218=B_SPLINE_CURVE_WITH_KNOTS('',3,(#4295,#4296,#4297,#4298),
 .UNSPECIFIED.,.F.,.F.,(4,4),(0.41368679386035,0.442674435383607),
 .UNSPECIFIED.);
#219=B_SPLINE_CURVE_WITH_KNOTS('',3,(#4300,#4301,#4302,#4303),
 .UNSPECIFIED.,.F.,.F.,(4,4),(0.442674435383607,0.443097100180288),
 .UNSPECIFIED.);
#220=B_SPLINE_CURVE_WITH_KNOTS('',3,(#4305,#4306,#4307,#4308),
 .UNSPECIFIED.,.F.,.F.,(4,4),(0.00745980533348073,0.00841168198051804),
 .UNSPECIFIED.);
#221=B_SPLINE_CURVE_WITH_KNOTS('',3,(#4310,#4311,#4312,#4313),
 .UNSPECIFIED.,.F.,.F.,(4,4),(2.51433192766013E-16,0.000625787252136314),
 .UNSPECIFIED.);
#222=B_SPLINE_CURVE_WITH_KNOTS('',3,(#4418,#4419,#4420,#4421,#4422,#4423,
#4424,#4425,#4426,#4427,#4428,#4429,#4430,#4431,#4432,#4433),
 .UNSPECIFIED.,.F.,.F.,(4,1,1,1,1,1,1,1,1,1,1,1,1,4),(0.,0.121216816668493,
0.242433633336986,0.303042041671232,0.363650450005478,0.424258858339725,
0.484867266673971,0.545475675008217,0.606084083342464,0.66669249167671,
0.727300900010957,0.787909308345203,0.84851771667945,0.969734533347942),
 .UNSPECIFIED.);
#223=B_SPLINE_CURVE_WITH_KNOTS('',3,(#4436,#4437,#4438,#4439,#4440,#4441,
#4442,#4443,#4444,#4445,#4446,#4447,#4448,#4449,#4450,#4451,#4452,#4453,
#4454,#4455,#4456,#4457,#4458,#4459,#4460,#4461,#4462,#4463,#4464,#4465,
#4466,#4467,#4468,#4469,#4470,#4471,#4472,#4473,#4474,#4475,#4476,#4477,
#4478,#4479,#4480,#4481,#4482,#4483,#4484,#4485,#4486,#4487,#4488,#4489,
#4490,#4491,#4492,#4493,#4494,#4495),.UNSPECIFIED.,.F.,.F.,(4,3,2,2,2,2,
2,2,2,2,2,2,2,2,2,2,2,2,2,2,2,2,2,2,2,2,2,3,4),(-0.183336711862501,0.,0.00286463612285156,
0.00572927224570313,0.00644543127641603,0.00716159030712892,0.0085939083685547,
0.0114585444914063,0.012890862552832,0.0143231806142578,0.0171878167371094,
0.0186201347985352,0.0200524528599609,0.0229170889828125,0.0243494070442383,
0.0250655660749512,0.0257817251056641,0.0286463612285157,0.0293625202592285,
0.0300786792899414,0.0315109973513673,0.0329433154127931,0.0343756334742188,
0.0372402695970704,0.0386725876584962,0.040104905719922,0.0429695418427735,
0.0458341779656251,0.229170889828126),.UNSPECIFIED.);
#224=B_SPLINE_CURVE_WITH_KNOTS('',3,(#4497,#4498,#4499,#4500,#4501),
 .UNSPECIFIED.,.F.,.F.,(4,1,4),(0.,0.000775868771514943,0.00155173754302989),
 .UNSPECIFIED.);
#225=B_SPLINE_CURVE_WITH_KNOTS('',3,(#4503,#4504,#4505,#4506),
 .UNSPECIFIED.,.F.,.F.,(4,4),(0.00140614739664281,0.00226227455913581),
 .UNSPECIFIED.);
#226=B_SPLINE_CURVE_WITH_KNOTS('',3,(#4508,#4509,#4510,#4511,#4512),
 .UNSPECIFIED.,.F.,.F.,(4,1,4),(0.,0.00034105914801174,0.000682118296023479),
 .UNSPECIFIED.);
#227=B_SPLINE_CURVE_WITH_KNOTS('',3,(#4513,#4514,#4515,#4516),
 .UNSPECIFIED.,.F.,.F.,(4,4),(0.,1.),.UNSPECIFIED.);
#228=B_SPLINE_CURVE_WITH_KNOTS('',3,(#4518,#4519,#4520,#4521,#4522,#4523),
 .UNSPECIFIED.,.F.,.F.,(4,1,1,4),(0.,0.378023172313099,0.741043746996746,
1.),.UNSPECIFIED.);
#229=B_SPLINE_CURVE_WITH_KNOTS('',3,(#4526,#4527,#4528,#4529),
 .UNSPECIFIED.,.F.,.F.,(4,4),(0.,0.00135640383081208),.UNSPECIFIED.);
#230=B_SPLINE_CURVE_WITH_KNOTS('',3,(#4537,#4538,#4539,#4540,#4541,#4542),
 .UNSPECIFIED.,.F.,.F.,(4,1,1,4),(0.,0.00054912448186893,0.00109824896373786,
0.00219649792747572),.UNSPECIFIED.);
#231=B_SPLINE_CURVE_WITH_KNOTS('',3,(#4544,#4545,#4546,#4547,#4548,#4549,
#4550,#4551,#4552,#4553,#4554,#4555,#4556,#4557,#4558,#4559,#4560,#4561,
#4562),.UNSPECIFIED.,.F.,.F.,(4,1,1,1,1,1,1,1,1,1,1,1,1,1,1,1,4),(0.,0.0037762260852067,
0.0075524521704134,0.0113286782556201,0.0151049043408268,0.0188811304260335,
0.0226573565112402,0.0264335825964469,0.0302098086816536,0.0339860347668603,
0.037762260852067,0.0415384869372737,0.0453147130224804,0.0490909391076871,
0.0528671651928938,0.0566433912781005,0.0604196173633072),.UNSPECIFIED.);
#232=B_SPLINE_CURVE_WITH_KNOTS('',3,(#4571,#4572,#4573,#4574,#4575,#4576,
#4577,#4578,#4579,#4580,#4581,#4582,#4583,#4584,#4585,#4586),
 .UNSPECIFIED.,.F.,.F.,(4,1,1,1,1,1,1,1,1,1,1,1,1,4),(0.,0.00543916101978026,
0.00815874152967039,0.0108783220395605,0.0135979025494507,0.0163174830593408,
0.0217566440791211,0.0244762245890112,0.0271958050989013,0.0299153856087915,
0.0326349661186816,0.0353545466285717,0.0380741271384618,0.0435132881582421),
 .UNSPECIFIED.);
#233=B_SPLINE_CURVE_WITH_KNOTS('',3,(#4600,#4601,#4602,#4603,#4604,#4605,
#4606,#4607,#4608,#4609,#4610,#4611,#4612,#4613,#4614,#4615,#4616,#4617,
#4618,#4619,#4620,#4621,#4622,#4623,#4624,#4625,#4626,#4627,#4628,#4629,
#4630,#4631,#4632,#4633,#4634,#4635,#4636,#4637,#4638,#4639,#4640,#4641,
#4642,#4643,#4644,#4645,#4646,#4647,#4648,#4649,#4650,#4651,#4652,#4653,
#4654,#4655,#4656,#4657,#4658,#4659,#4660,#4661,#4662,#4663,#4664,#4665,
#4666,#4667,#4668,#4669,#4670,#4671,#4672,#4673,#4674),.UNSPECIFIED.,.T.,
 .F.,(1,1,1,1,1,1,1,1,1,1,1,1,1,1,1,1,1,1,1,1,1,1,1,1,1,1,1,1,1,1,1,1,1,
1,1,1,1,1,1,1,1,1,1,1,1,1,1,1,1,1,1,1,1,1,1,1,1,1,1,1,1,1,1,1,1,1,1,1,1,
1,1,1,1,1,1,1,1,1,1),(-0.078125,-0.0625,-0.03125,0.,0.03125,0.0625,0.078125,
0.09375,0.109375,0.1171875,0.125,0.1328125,0.140625,0.15625,0.171875,0.1875,
0.203125,0.21875,0.2265625,0.234375,0.25,0.265625,0.28125,0.296875,0.3125,
0.3203125,0.328125,0.34375,0.359375,0.375,0.390625,0.40625,0.4140625,0.421875,
0.4375,0.453125,0.46875,0.484375,0.4921875,0.5,0.5078125,0.515625,0.53125,
0.546875,0.5625,0.578125,0.5859375,0.59375,0.609375,0.625,0.640625,0.65625,
0.671875,0.6796875,0.6875,0.703125,0.71875,0.734375,0.75,0.765625,0.7734375,
0.78125,0.796875,0.8125,0.828125,0.84375,0.859375,0.8671875,0.875,0.8828125,
0.890625,0.90625,0.921875,0.9375,0.96875,1.,1.03125,1.0625,1.078125),
 .UNSPECIFIED.);
#234=B_SPLINE_CURVE_WITH_KNOTS('',3,(#4675,#4676,#4677,#4678),
 .UNSPECIFIED.,.F.,.F.,(4,4),(0.360207500723568,0.400607344903407),
 .PIECEWISE_BEZIER_KNOTS.);
#235=B_SPLINE_CURVE_WITH_KNOTS('',3,(#4692,#4693,#4694,#4695,#4696,#4697,
#4698,#4699,#4700,#4701,#4702,#4703,#4704,#4705,#4706,#4707,#4708,#4709,
#4710,#4711,#4712,#4713,#4714,#4715,#4716,#4717,#4718,#4719,#4720,#4721,
#4722,#4723,#4724,#4725,#4726,#4727,#4728,#4729,#4730,#4731,#4732,#4733,
#4734,#4735,#4736,#4737,#4738,#4739,#4740,#4741,#4742,#4743,#4744,#4745,
#4746,#4747,#4748,#4749,#4750,#4751,#4752,#4753,#4754,#4755,#4756,#4757,
#4758,#4759,#4760,#4761,#4762,#4763,#4764,#4765,#4766),.UNSPECIFIED.,.T.,
 .F.,(1,1,1,1,1,1,1,1,1,1,1,1,1,1,1,1,1,1,1,1,1,1,1,1,1,1,1,1,1,1,1,1,1,
1,1,1,1,1,1,1,1,1,1,1,1,1,1,1,1,1,1,1,1,1,1,1,1,1,1,1,1,1,1,1,1,1,1,1,1,
1,1,1,1,1,1,1,1,1,1),(-0.078125,-0.0625,-0.03125,0.,0.03125,0.0625,0.078125,
0.09375,0.109375,0.1171875,0.125,0.1328125,0.140625,0.15625,0.171875,0.1875,
0.203125,0.21875,0.2265625,0.234375,0.25,0.265625,0.28125,0.296875,0.3125,
0.3203125,0.328125,0.34375,0.359375,0.375,0.390625,0.40625,0.4140625,0.421875,
0.4375,0.453125,0.46875,0.484375,0.4921875,0.5,0.5078125,0.515625,0.53125,
0.546875,0.5625,0.578125,0.5859375,0.59375,0.609375,0.625,0.640625,0.65625,
0.671875,0.6796875,0.6875,0.703125,0.71875,0.734375,0.75,0.765625,0.7734375,
0.78125,0.796875,0.8125,0.828125,0.84375,0.859375,0.8671875,0.875,0.8828125,
0.890625,0.90625,0.921875,0.9375,0.96875,1.,1.03125,1.0625,1.078125),
 .UNSPECIFIED.);
#236=B_SPLINE_CURVE_WITH_KNOTS('',3,(#4770,#4771,#4772,#4773),
 .UNSPECIFIED.,.F.,.F.,(4,4),(0.599392655083886,0.639792499492864),
 .PIECEWISE_BEZIER_KNOTS.);
#237=B_SPLINE_CURVE_WITH_KNOTS('',3,(#4777,#4778,#4779,#4780,#4781,#4782,
#4783,#4784,#4785,#4786,#4787,#4788,#4789,#4790,#4791,#4792,#4793,#4794,
#4795,#4796,#4797,#4798,#4799,#4800,#4801,#4802,#4803,#4804,#4805,#4806,
#4807,#4808,#4809,#4810,#4811,#4812,#4813,#4814,#4815,#4816,#4817,#4818,
#4819,#4820,#4821,#4822,#4823,#4824,#4825,#4826,#4827,#4828,#4829,#4830,
#4831,#4832,#4833,#4834,#4835,#4836,#4837,#4838,#4839,#4840,#4841,#4842,
#4843,#4844,#4845,#4846,#4847,#4848,#4849,#4850,#4851),.UNSPECIFIED.,.T.,
 .F.,(1,1,1,1,1,1,1,1,1,1,1,1,1,1,1,1,1,1,1,1,1,1,1,1,1,1,1,1,1,1,1,1,1,
1,1,1,1,1,1,1,1,1,1,1,1,1,1,1,1,1,1,1,1,1,1,1,1,1,1,1,1,1,1,1,1,1,1,1,1,
1,1,1,1,1,1,1,1,1,1),(-0.078125,-0.0625,-0.03125,0.,0.03125,0.0625,0.078125,
0.09375,0.109375,0.1171875,0.125,0.1328125,0.140625,0.15625,0.171875,0.1875,
0.203125,0.21875,0.2265625,0.234375,0.25,0.265625,0.28125,0.296875,0.3125,
0.3203125,0.328125,0.34375,0.359375,0.375,0.390625,0.40625,0.4140625,0.421875,
0.4375,0.453125,0.46875,0.484375,0.4921875,0.5,0.5078125,0.515625,0.53125,
0.546875,0.5625,0.578125,0.5859375,0.59375,0.609375,0.625,0.640625,0.65625,
0.671875,0.6796875,0.6875,0.703125,0.71875,0.734375,0.75,0.765625,0.7734375,
0.78125,0.796875,0.8125,0.828125,0.84375,0.859375,0.8671875,0.875,0.8828125,
0.890625,0.90625,0.921875,0.9375,0.96875,1.,1.03125,1.0625,1.078125),
 .UNSPECIFIED.);
#238=B_SPLINE_CURVE_WITH_KNOTS('',3,(#4859,#4860,#4861,#4862),
 .UNSPECIFIED.,.F.,.F.,(4,4),(0.,0.00121782373055202),.UNSPECIFIED.);
#239=B_SPLINE_CURVE_WITH_KNOTS('',3,(#4864,#4865,#4866,#4867,#4868,#4869),
 .UNSPECIFIED.,.F.,.F.,(4,1,1,4),(0.,0.378023172313099,0.741043746996746,
1.),.UNSPECIFIED.);
#240=B_SPLINE_CURVE_WITH_KNOTS('',3,(#4871,#4872,#4873,#4874,#4875,#4876),
 .UNSPECIFIED.,.F.,.F.,(4,1,1,4),(1.52764887779735E-14,0.00106777368303283,
0.00160166052454161,0.00213554736605039),.UNSPECIFIED.);
#241=B_SPLINE_CURVE_WITH_KNOTS('',3,(#4889,#4890,#4891,#4892),
 .UNSPECIFIED.,.F.,.F.,(4,4),(0.,0.00392815303839509),.UNSPECIFIED.);
#242=B_SPLINE_CURVE_WITH_KNOTS('',3,(#4893,#4894,#4895,#4896),
 .UNSPECIFIED.,.F.,.F.,(4,4),(1.40416194955085E-16,0.00389858079481149),
 .UNSPECIFIED.);
#243=B_SPLINE_CURVE_WITH_KNOTS('',3,(#4905,#4906,#4907,#4908),
 .UNSPECIFIED.,.F.,.F.,(4,4),(-6.00000000001924E-8,0.00399941111044749),
 .UNSPECIFIED.);
#244=B_SPLINE_CURVE_WITH_KNOTS('',3,(#4959,#4960,#4961,#4962),
 .UNSPECIFIED.,.F.,.F.,(4,4),(0.,0.0038453518377967),.UNSPECIFIED.);
#245=B_SPLINE_CURVE_WITH_KNOTS('',3,(#4966,#4967,#4968,#4969,#4970,#4971,
#4972,#4973,#4974,#4975,#4976,#4977,#4978,#4979,#4980,#4981,#4982,#4983,
#4984,#4985,#4986,#4987,#4988,#4989,#4990,#4991,#4992,#4993,#4994,#4995,
#4996,#4997,#4998,#4999,#5000,#5001,#5002,#5003,#5004,#5005,#5006,#5007,
#5008,#5009,#5010,#5011,#5012,#5013,#5014,#5015,#5016,#5017,#5018,#5019,
#5020,#5021,#5022,#5023,#5024,#5025,#5026,#5027,#5028,#5029,#5030,#5031,
#5032,#5033,#5034,#5035,#5036,#5037,#5038,#5039,#5040),.UNSPECIFIED.,.T.,
 .F.,(1,1,1,1,1,1,1,1,1,1,1,1,1,1,1,1,1,1,1,1,1,1,1,1,1,1,1,1,1,1,1,1,1,
1,1,1,1,1,1,1,1,1,1,1,1,1,1,1,1,1,1,1,1,1,1,1,1,1,1,1,1,1,1,1,1,1,1,1,1,
1,1,1,1,1,1,1,1,1,1),(-0.078125,-0.0625,-0.03125,0.,0.03125,0.0625,0.078125,
0.09375,0.109375,0.1171875,0.125,0.1328125,0.140625,0.15625,0.171875,0.1875,
0.203125,0.21875,0.2265625,0.234375,0.25,0.265625,0.28125,0.296875,0.3125,
0.3203125,0.328125,0.34375,0.359375,0.375,0.390625,0.40625,0.4140625,0.421875,
0.4375,0.453125,0.46875,0.484375,0.4921875,0.5,0.5078125,0.515625,0.53125,
0.546875,0.5625,0.578125,0.5859375,0.59375,0.609375,0.625,0.640625,0.65625,
0.671875,0.6796875,0.6875,0.703125,0.71875,0.734375,0.75,0.765625,0.7734375,
0.78125,0.796875,0.8125,0.828125,0.84375,0.859375,0.8671875,0.875,0.8828125,
0.890625,0.90625,0.921875,0.9375,0.96875,1.,1.03125,1.0625,1.078125),
 .UNSPECIFIED.);
#246=B_SPLINE_CURVE_WITH_KNOTS('',3,(#5071,#5072,#5073,#5074,#5075,#5076,
#5077,#5078,#5079,#5080,#5081,#5082,#5083,#5084,#5085,#5086,#5087),
 .UNSPECIFIED.,.F.,.F.,(4,1,1,1,1,1,1,1,1,1,1,1,1,1,4),(0.,0.00572927224570314,
0.00859390836855471,0.0114585444914063,0.0143231806142578,0.0171878167371094,
0.020052452859961,0.0229170889828126,0.0257817251056641,0.0286463612285157,
0.0315109973513673,0.0343756334742188,0.0372402695970704,0.040104905719922,
0.0458341779656251),.UNSPECIFIED.);
#247=B_SPLINE_CURVE_WITH_KNOTS('',3,(#5089,#5090,#5091,#5092,#5093,#5094),
 .UNSPECIFIED.,.F.,.F.,(4,1,1,4),(0.,0.378023172313099,0.741043746996746,
1.),.UNSPECIFIED.);
#248=B_SPLINE_CURVE_WITH_KNOTS('',3,(#5097,#5098,#5099,#5100),
 .UNSPECIFIED.,.F.,.F.,(4,4),(1.03037901711245E-14,0.00121389768308625),
 .UNSPECIFIED.);
#249=B_SPLINE_CURVE_WITH_KNOTS('',3,(#5105,#5106,#5107,#5108,#5109),
 .UNSPECIFIED.,.F.,.F.,(4,1,4),(0.,0.00106871831544135,0.0021374366308827),
 .UNSPECIFIED.);
#250=B_SPLINE_CURVE_WITH_KNOTS('',3,(#5113,#5114,#5115,#5116),
 .UNSPECIFIED.,.F.,.F.,(4,4),(0.,0.00135351494072781),.UNSPECIFIED.);
#251=B_SPLINE_CURVE_WITH_KNOTS('',3,(#5118,#5119,#5120,#5121,#5122,#5123),
 .UNSPECIFIED.,.F.,.F.,(4,1,1,4),(0.,0.378023172313099,0.741043746996746,
1.),.UNSPECIFIED.);
#252=B_SPLINE_CURVE_WITH_KNOTS('',3,(#5125,#5126,#5127,#5128,#5129,#5130),
 .UNSPECIFIED.,.F.,.F.,(4,1,1,4),(2.37143742013377E-16,0.00109483521896432,
0.00164225282844636,0.0021896704379284),.UNSPECIFIED.);
#253=B_SPLINE_CURVE_WITH_KNOTS('',3,(#5141,#5142,#5143,#5144),
 .UNSPECIFIED.,.F.,.F.,(4,4),(4.33680868994202E-18,0.00392698584133499),
 .UNSPECIFIED.);
#254=B_SPLINE_CURVE_WITH_KNOTS('',3,(#5145,#5146,#5147,#5148),
 .UNSPECIFIED.,.F.,.F.,(4,4),(7.64195289653891E-15,0.00390148407135698),
 .UNSPECIFIED.);
#255=B_SPLINE_CURVE_WITH_KNOTS('',3,(#5157,#5158,#5159,#5160),
 .UNSPECIFIED.,.F.,.F.,(4,4),(-5.99999999919228E-8,0.00400041881056195),
 .UNSPECIFIED.);
#256=B_SPLINE_CURVE_WITH_KNOTS('',3,(#5191,#5192,#5193,#5194),
 .UNSPECIFIED.,.F.,.F.,(4,4),(0.,0.00384626764714781),.UNSPECIFIED.);
#257=B_SPLINE_CURVE_WITH_KNOTS('',3,(#5213,#5214,#5215,#5216),
 .UNSPECIFIED.,.F.,.F.,(4,4),(0.,0.00413367935123907),.UNSPECIFIED.);
#258=B_SPLINE_CURVE_WITH_KNOTS('',3,(#5218,#5219,#5220,#5221,#5222),
 .UNSPECIFIED.,.F.,.F.,(4,1,4),(0.,0.00166008783069958,0.00332017566139916),
 .UNSPECIFIED.);
#259=B_SPLINE_CURVE_WITH_KNOTS('',3,(#5224,#5225,#5226,#5227,#5228,#5229,
#5230,#5231,#5232,#5233,#5234,#5235,#5236,#5237,#5238,#5239,#5240,#5241,
#5242,#5243,#5244),.UNSPECIFIED.,.F.,.F.,(4,1,1,1,1,1,1,1,1,1,1,1,1,1,1,
1,1,1,4),(0.,0.002849851593012,0.004274777389518,0.005699703186024,0.00712462898253,
0.008549554779036,0.009262017677289,0.009974480575542,0.010686943473795,
0.011399406372048,0.012111869270301,0.012824332168554,0.013536795066807,
0.01424925796506,0.015674183761566,0.017099109558072,0.018524035354578,
0.019948961151084,0.022798812744096),.UNSPECIFIED.);
#260=B_SPLINE_CURVE_WITH_KNOTS('',3,(#5246,#5247,#5248,#5249,#5250),
 .UNSPECIFIED.,.F.,.F.,(4,1,4),(0.,0.00165971599085424,0.00331943198170848),
 .UNSPECIFIED.);
#261=B_SPLINE_CURVE_WITH_KNOTS('',3,(#5252,#5253,#5254,#5255),
 .UNSPECIFIED.,.F.,.F.,(4,4),(0.,0.00413402296824924),.UNSPECIFIED.);
#262=B_SPLINE_CURVE_WITH_KNOTS('',3,(#5265,#5266,#5267,#5268),
 .UNSPECIFIED.,.F.,.F.,(4,4),(0.,1.),.UNSPECIFIED.);
#263=B_SPLINE_CURVE_WITH_KNOTS('',3,(#5270,#5271,#5272,#5273,#5274,#5275,
#5276,#5277,#5278,#5279),.UNSPECIFIED.,.F.,.F.,(4,1,1,1,1,1,1,4),(0.,0.25,
0.375,0.5,0.5625,0.625,0.75,1.),.UNSPECIFIED.);
#264=B_SPLINE_CURVE_WITH_KNOTS('',3,(#5281,#5282,#5283,#5284),
 .UNSPECIFIED.,.F.,.F.,(4,4),(0.,1.),.UNSPECIFIED.);
#265=B_SPLINE_CURVE_WITH_KNOTS('',3,(#5313,#5314,#5315,#5316,#5317,#5318,
#5319,#5320,#5321,#5322,#5323,#5324,#5325,#5326,#5327,#5328,#5329,#5330),
 .UNSPECIFIED.,.F.,.F.,(4,1,1,1,1,1,1,1,1,1,1,1,1,1,1,4),(0.,0.00570798535595594,
0.00856197803393391,0.0114159707119119,0.0142699633898898,0.0171239560678678,
0.0199779487458458,0.0228319414238237,0.0256859341018017,0.0285399267797797,
0.0313939194577577,0.0342479121357356,0.0371019048137136,0.0399558974916916,
0.0428098901696695,0.0456638828476475),.UNSPECIFIED.);
#266=B_SPLINE_CURVE_WITH_KNOTS('',3,(#5341,#5342,#5343,#5344),
 .UNSPECIFIED.,.F.,.F.,(4,4),(0.,1.),.UNSPECIFIED.);
#267=B_SPLINE_CURVE_WITH_KNOTS('',3,(#5345,#5346,#5347,#5348,#5349,#5350,
#5351,#5352),.UNSPECIFIED.,.F.,.F.,(4,1,1,1,1,4),(0.,0.25,0.375,0.5,0.75,
1.),.UNSPECIFIED.);
#268=B_SPLINE_CURVE_WITH_KNOTS('',3,(#5354,#5355,#5356,#5357),
 .UNSPECIFIED.,.F.,.F.,(4,4),(0.,1.),.UNSPECIFIED.);
#269=B_SPLINE_CURVE_WITH_KNOTS('',3,(#5520,#5521,#5522,#5523),
 .UNSPECIFIED.,.F.,.F.,(4,4),(0.,0.00040003466047419),.UNSPECIFIED.);
#270=B_SPLINE_CURVE_WITH_KNOTS('',3,(#5525,#5526,#5527,#5528),
 .UNSPECIFIED.,.F.,.F.,(4,4),(0.,0.000385034829885434),.UNSPECIFIED.);
#271=B_SPLINE_CURVE_WITH_KNOTS('',3,(#5565,#5566,#5567,#5568),
 .UNSPECIFIED.,.F.,.F.,(4,4),(0.,1.),.UNSPECIFIED.);
#272=B_SPLINE_CURVE_WITH_KNOTS('',3,(#5570,#5571,#5572,#5573,#5574,#5575,
#5576,#5577,#5578,#5579),.UNSPECIFIED.,.F.,.F.,(4,1,1,1,1,1,1,4),(0.,0.25,
0.375,0.5,0.5625,0.625,0.75,1.),.UNSPECIFIED.);
#273=B_SPLINE_CURVE_WITH_KNOTS('',3,(#5581,#5582,#5583,#5584),
 .UNSPECIFIED.,.F.,.F.,(4,4),(0.,1.),.UNSPECIFIED.);
#274=B_SPLINE_CURVE_WITH_KNOTS('',3,(#5685,#5686,#5687,#5688),
 .UNSPECIFIED.,.F.,.F.,(4,4),(0.,1.),.UNSPECIFIED.);
#275=B_SPLINE_CURVE_WITH_KNOTS('',3,(#5690,#5691,#5692,#5693,#5694,#5695,
#5696,#5697,#5698,#5699,#5700,#5701,#5702,#5703,#5704,#5705,#5706,#5707,
#5708,#5709,#5710,#5711,#5712,#5713,#5714,#5715,#5716,#5717,#5718,#5719,
#5720,#5721,#5722,#5723,#5724,#5725,#5726,#5727,#5728,#5729,#5730,#5731,
#5732,#5733,#5734,#5735),.UNSPECIFIED.,.F.,.F.,(4,1,1,1,1,1,1,1,1,1,1,1,
1,1,1,1,1,1,1,1,1,1,1,1,1,1,1,1,1,1,1,1,1,1,1,1,1,1,1,1,1,1,1,4),(0.,0.125,
0.15625,0.1875,0.21875,0.234375,0.2421875,0.25,0.2578125,0.265625,0.28125,
0.296875,0.3125,0.34375,0.359375,0.375,0.390625,0.40625,0.4375,0.46875,
0.5,0.53125,0.5625,0.59375,0.609375,0.6171875,0.625,0.6328125,0.640625,
0.65625,0.6875,0.71875,0.734375,0.7421875,0.75,0.7578125,0.765625,0.78125,
0.796875,0.8125,0.84375,0.875,0.9375,1.),.UNSPECIFIED.);
#276=B_SPLINE_CURVE_WITH_KNOTS('',3,(#5768,#5769,#5770,#5771),
 .UNSPECIFIED.,.F.,.F.,(4,4),(0.,1.),.UNSPECIFIED.);
#277=B_SPLINE_CURVE_WITH_KNOTS('',3,(#5773,#5774,#5775,#5776,#5777,#5778,
#5779,#5780,#5781),.UNSPECIFIED.,.F.,.F.,(4,1,1,1,1,1,4),(0.,0.25,0.375,
0.5,0.625,0.75,1.),.UNSPECIFIED.);
#278=B_SPLINE_CURVE_WITH_KNOTS('',3,(#5794,#5795,#5796,#5797),
 .UNSPECIFIED.,.F.,.F.,(4,4),(0.,1.),.UNSPECIFIED.);
#279=B_SPLINE_CURVE_WITH_KNOTS('',3,(#5810,#5811,#5812,#5813),
 .UNSPECIFIED.,.F.,.F.,(4,4),(0.,1.),.UNSPECIFIED.);
#280=B_SPLINE_CURVE_WITH_KNOTS('',3,(#5938,#5939,#5940,#5941),
 .UNSPECIFIED.,.F.,.F.,(4,4),(0.,0.000400034670678037),.UNSPECIFIED.);
#281=B_SPLINE_CURVE_WITH_KNOTS('',3,(#5943,#5944,#5945,#5946,#5947,#5948,
#5949,#5950,#5951,#5952,#5953,#5954,#5955,#5956,#5957,#5958),
 .UNSPECIFIED.,.F.,.F.,(4,1,1,1,1,1,1,1,1,1,1,1,1,4),(0.00138392374499462,
0.00691891863282623,0.00968641607674203,0.0124539135206578,0.0152214109645736,
0.0179889084084894,0.0207564058524053,0.0235239032963211,0.0262914007402369,
0.0290588981841527,0.0345938930719843,0.0373613905159001,0.0401288879598159,
0.0456638828476475),.UNSPECIFIED.);
#282=B_SPLINE_CURVE_WITH_KNOTS('',3,(#5960,#5961,#5962,#5963,#5964,#5965,
#5966,#5967,#5968,#5969,#5970,#5971,#5972,#5973,#5974,#5975,#5976,#5977,
#5978,#5979,#5980,#5981,#5982,#5983,#5984,#5985,#5986,#5987,#5988,#5989,
#5990,#5991),.UNSPECIFIED.,.F.,.F.,(4,3,2,2,2,2,2,2,2,2,2,2,2,3,4),(-0.195432038258,
0.,0.00610725119556251,0.012214502391125,0.0152681279889063,0.0183217535866875,
0.0213753791844688,0.0244290047822501,0.0274826303800313,0.0305362559778126,
0.036643507173375,0.0396971327711563,0.0427507583689375,0.0488580095645001,
0.244290047822501),.UNSPECIFIED.);
#283=B_SPLINE_CURVE_WITH_KNOTS('',3,(#5993,#5994,#5995,#5996),
 .UNSPECIFIED.,.F.,.F.,(4,4),(0.,0.000386406721228444),.UNSPECIFIED.);
#284=B_SPLINE_CURVE_WITH_KNOTS('',3,(#6101,#6102,#6103,#6104),
 .UNSPECIFIED.,.F.,.F.,(4,4),(0.0014061498870209,0.0022622784901728),
 .UNSPECIFIED.);
#285=B_SPLINE_CURVE_WITH_KNOTS('',3,(#6107,#6108,#6109,#6110,#6111),
 .UNSPECIFIED.,.F.,.F.,(4,1,4),(1.73472347597681E-18,0.000772703240488961,
0.00154540648097792),.UNSPECIFIED.);
#286=B_SPLINE_CURVE_WITH_KNOTS('',3,(#6112,#6113,#6114,#6115),
 .UNSPECIFIED.,.F.,.F.,(4,4),(0.,1.),.UNSPECIFIED.);
#287=B_SPLINE_CURVE_WITH_KNOTS('',3,(#6116,#6117,#6118,#6119,#6120),
 .UNSPECIFIED.,.F.,.F.,(4,1,4),(0.,0.00034131416096792,0.00068262832193584),
 .UNSPECIFIED.);
#288=B_SPLINE_CURVE_WITH_KNOTS('',3,(#6129,#6130,#6131,#6132),
 .UNSPECIFIED.,.F.,.F.,(4,4),(0.,1.),.UNSPECIFIED.);
#289=B_SPLINE_CURVE_WITH_KNOTS('',3,(#6141,#6142,#6143,#6144),
 .UNSPECIFIED.,.F.,.F.,(4,4),(0.,1.),.UNSPECIFIED.);
#290=B_SPLINE_CURVE_WITH_KNOTS('',3,(#6165,#6166,#6167,#6168),
 .UNSPECIFIED.,.F.,.F.,(4,4),(0.,1.),.UNSPECIFIED.);
#291=B_SPLINE_CURVE_WITH_KNOTS('',3,(#6221,#6222,#6223,#6224),
 .UNSPECIFIED.,.F.,.F.,(4,4),(0.,1.),.UNSPECIFIED.);
#292=B_SPLINE_CURVE_WITH_KNOTS('',3,(#6245,#6246,#6247,#6248),
 .UNSPECIFIED.,.F.,.F.,(4,4),(0.,1.),.UNSPECIFIED.);
#293=B_SPLINE_CURVE_WITH_KNOTS('',3,(#6257,#6258,#6259,#6260),
 .UNSPECIFIED.,.F.,.F.,(4,4),(0.,1.),.UNSPECIFIED.);
#294=B_SPLINE_CURVE_WITH_KNOTS('',3,(#6329,#6330,#6331,#6332,#6333),
 .UNSPECIFIED.,.F.,.F.,(4,1,4),(0.,0.000782636983169675,0.00156527396633935),
 .UNSPECIFIED.);
#295=B_SPLINE_CURVE_WITH_KNOTS('',3,(#6341,#6342,#6343,#6344,#6345),
 .UNSPECIFIED.,.F.,.F.,(4,1,4),(0.,0.000787378423573602,0.0015747568471472),
 .UNSPECIFIED.);
#296=ORIENTED_EDGE('',*,*,#898,.T.);
#297=ORIENTED_EDGE('',*,*,#899,.T.);
#298=ORIENTED_EDGE('',*,*,#900,.T.);
#299=ORIENTED_EDGE('',*,*,#901,.T.);
#300=ORIENTED_EDGE('',*,*,#902,.T.);
#301=ORIENTED_EDGE('',*,*,#903,.T.);
#302=ORIENTED_EDGE('',*,*,#904,.F.);
#303=ORIENTED_EDGE('',*,*,#905,.T.);
#304=ORIENTED_EDGE('',*,*,#906,.F.);
#305=ORIENTED_EDGE('',*,*,#907,.T.);
#306=ORIENTED_EDGE('',*,*,#908,.F.);
#307=ORIENTED_EDGE('',*,*,#909,.T.);
#308=ORIENTED_EDGE('',*,*,#910,.T.);
#309=ORIENTED_EDGE('',*,*,#911,.T.);
#310=ORIENTED_EDGE('',*,*,#912,.T.);
#311=ORIENTED_EDGE('',*,*,#913,.T.);
#312=ORIENTED_EDGE('',*,*,#914,.T.);
#313=ORIENTED_EDGE('',*,*,#915,.F.);
#314=ORIENTED_EDGE('',*,*,#916,.F.);
#315=ORIENTED_EDGE('',*,*,#917,.T.);
#316=ORIENTED_EDGE('',*,*,#915,.T.);
#317=ORIENTED_EDGE('',*,*,#918,.F.);
#318=ORIENTED_EDGE('',*,*,#907,.F.);
#319=ORIENTED_EDGE('',*,*,#919,.F.);
#320=ORIENTED_EDGE('',*,*,#920,.F.);
#321=ORIENTED_EDGE('',*,*,#921,.T.);
#322=ORIENTED_EDGE('',*,*,#922,.F.);
#323=ORIENTED_EDGE('',*,*,#923,.T.);
#324=ORIENTED_EDGE('',*,*,#924,.T.);
#325=ORIENTED_EDGE('',*,*,#925,.T.);
#326=ORIENTED_EDGE('',*,*,#926,.T.);
#327=ORIENTED_EDGE('',*,*,#927,.T.);
#328=ORIENTED_EDGE('',*,*,#928,.F.);
#329=ORIENTED_EDGE('',*,*,#929,.T.);
#330=ORIENTED_EDGE('',*,*,#898,.F.);
#331=ORIENTED_EDGE('',*,*,#918,.T.);
#332=ORIENTED_EDGE('',*,*,#914,.F.);
#333=ORIENTED_EDGE('',*,*,#930,.T.);
#334=ORIENTED_EDGE('',*,*,#904,.T.);
#335=ORIENTED_EDGE('',*,*,#931,.T.);
#336=ORIENTED_EDGE('',*,*,#932,.T.);
#337=ORIENTED_EDGE('',*,*,#933,.T.);
#338=ORIENTED_EDGE('',*,*,#908,.T.);
#339=ORIENTED_EDGE('',*,*,#917,.F.);
#340=ORIENTED_EDGE('',*,*,#934,.F.);
#341=ORIENTED_EDGE('',*,*,#932,.F.);
#342=ORIENTED_EDGE('',*,*,#935,.T.);
#343=ORIENTED_EDGE('',*,*,#936,.T.);
#344=ORIENTED_EDGE('',*,*,#937,.T.);
#345=ORIENTED_EDGE('',*,*,#938,.T.);
#346=ORIENTED_EDGE('',*,*,#939,.T.);
#347=ORIENTED_EDGE('',*,*,#928,.T.);
#348=ORIENTED_EDGE('',*,*,#940,.T.);
#349=ORIENTED_EDGE('',*,*,#941,.T.);
#350=ORIENTED_EDGE('',*,*,#905,.F.);
#351=ORIENTED_EDGE('',*,*,#942,.T.);
#352=ORIENTED_EDGE('',*,*,#943,.T.);
#353=ORIENTED_EDGE('',*,*,#944,.F.);
#354=ORIENTED_EDGE('',*,*,#945,.T.);
#355=ORIENTED_EDGE('',*,*,#946,.T.);
#356=ORIENTED_EDGE('',*,*,#919,.T.);
#357=ORIENTED_EDGE('',*,*,#906,.T.);
#358=ORIENTED_EDGE('',*,*,#946,.F.);
#359=ORIENTED_EDGE('',*,*,#947,.T.);
#360=ORIENTED_EDGE('',*,*,#916,.T.);
#361=ORIENTED_EDGE('',*,*,#948,.F.);
#362=ORIENTED_EDGE('',*,*,#942,.F.);
#363=ORIENTED_EDGE('',*,*,#934,.T.);
#364=ORIENTED_EDGE('',*,*,#922,.T.);
#365=ORIENTED_EDGE('',*,*,#949,.F.);
#366=ORIENTED_EDGE('',*,*,#943,.F.);
#367=ORIENTED_EDGE('',*,*,#948,.T.);
#368=ORIENTED_EDGE('',*,*,#921,.F.);
#369=ORIENTED_EDGE('',*,*,#950,.F.);
#370=ORIENTED_EDGE('',*,*,#944,.T.);
#371=ORIENTED_EDGE('',*,*,#949,.T.);
#372=ORIENTED_EDGE('',*,*,#920,.T.);
#373=ORIENTED_EDGE('',*,*,#947,.F.);
#374=ORIENTED_EDGE('',*,*,#945,.F.);
#375=ORIENTED_EDGE('',*,*,#950,.T.);
#376=ORIENTED_EDGE('',*,*,#951,.T.);
#377=ORIENTED_EDGE('',*,*,#923,.F.);
#378=ORIENTED_EDGE('',*,*,#926,.F.);
#379=ORIENTED_EDGE('',*,*,#952,.T.);
#380=ORIENTED_EDGE('',*,*,#938,.F.);
#381=ORIENTED_EDGE('',*,*,#953,.T.);
#382=ORIENTED_EDGE('',*,*,#936,.F.);
#383=ORIENTED_EDGE('',*,*,#954,.T.);
#384=ORIENTED_EDGE('',*,*,#924,.F.);
#385=ORIENTED_EDGE('',*,*,#955,.T.);
#386=ORIENTED_EDGE('',*,*,#931,.F.);
#387=ORIENTED_EDGE('',*,*,#903,.F.);
#388=ORIENTED_EDGE('',*,*,#956,.F.);
#389=ORIENTED_EDGE('',*,*,#935,.F.);
#390=ORIENTED_EDGE('',*,*,#956,.T.);
#391=ORIENTED_EDGE('',*,*,#902,.F.);
#392=ORIENTED_EDGE('',*,*,#957,.F.);
#393=ORIENTED_EDGE('',*,*,#954,.F.);
#394=ORIENTED_EDGE('',*,*,#957,.T.);
#395=ORIENTED_EDGE('',*,*,#901,.F.);
#396=ORIENTED_EDGE('',*,*,#958,.F.);
#397=ORIENTED_EDGE('',*,*,#925,.F.);
#398=ORIENTED_EDGE('',*,*,#958,.T.);
#399=ORIENTED_EDGE('',*,*,#900,.F.);
#400=ORIENTED_EDGE('',*,*,#959,.F.);
#401=ORIENTED_EDGE('',*,*,#952,.F.);
#402=ORIENTED_EDGE('',*,*,#929,.F.);
#403=ORIENTED_EDGE('',*,*,#939,.F.);
#404=ORIENTED_EDGE('',*,*,#959,.T.);
#405=ORIENTED_EDGE('',*,*,#899,.F.);
#406=ORIENTED_EDGE('',*,*,#930,.F.);
#407=ORIENTED_EDGE('',*,*,#913,.F.);
#408=ORIENTED_EDGE('',*,*,#960,.F.);
#409=ORIENTED_EDGE('',*,*,#940,.F.);
#410=ORIENTED_EDGE('',*,*,#960,.T.);
#411=ORIENTED_EDGE('',*,*,#912,.F.);
#412=ORIENTED_EDGE('',*,*,#961,.F.);
#413=ORIENTED_EDGE('',*,*,#953,.F.);
#414=ORIENTED_EDGE('',*,*,#961,.T.);
#415=ORIENTED_EDGE('',*,*,#911,.F.);
#416=ORIENTED_EDGE('',*,*,#962,.F.);
#417=ORIENTED_EDGE('',*,*,#927,.F.);
#418=ORIENTED_EDGE('',*,*,#962,.T.);
#419=ORIENTED_EDGE('',*,*,#910,.F.);
#420=ORIENTED_EDGE('',*,*,#963,.F.);
#421=ORIENTED_EDGE('',*,*,#955,.F.);
#422=ORIENTED_EDGE('',*,*,#963,.T.);
#423=ORIENTED_EDGE('',*,*,#909,.F.);
#424=ORIENTED_EDGE('',*,*,#933,.F.);
#425=ORIENTED_EDGE('',*,*,#937,.F.);
#426=ORIENTED_EDGE('',*,*,#941,.F.);
#427=ORIENTED_EDGE('',*,*,#951,.F.);
#428=ORIENTED_EDGE('',*,*,#964,.F.);
#429=ORIENTED_EDGE('',*,*,#965,.T.);
#430=ORIENTED_EDGE('',*,*,#966,.F.);
#431=ORIENTED_EDGE('',*,*,#967,.T.);
#432=ORIENTED_EDGE('',*,*,#968,.F.);
#433=ORIENTED_EDGE('',*,*,#969,.T.);
#434=ORIENTED_EDGE('',*,*,#970,.T.);
#435=ORIENTED_EDGE('',*,*,#971,.F.);
#436=ORIENTED_EDGE('',*,*,#972,.F.);
#437=ORIENTED_EDGE('',*,*,#973,.F.);
#438=ORIENTED_EDGE('',*,*,#974,.F.);
#439=ORIENTED_EDGE('',*,*,#975,.F.);
#440=ORIENTED_EDGE('',*,*,#976,.T.);
#441=ORIENTED_EDGE('',*,*,#967,.F.);
#442=ORIENTED_EDGE('',*,*,#977,.T.);
#443=ORIENTED_EDGE('',*,*,#971,.T.);
#444=ORIENTED_EDGE('',*,*,#978,.T.);
#445=ORIENTED_EDGE('',*,*,#979,.T.);
#446=ORIENTED_EDGE('',*,*,#980,.T.);
#447=ORIENTED_EDGE('',*,*,#981,.T.);
#448=ORIENTED_EDGE('',*,*,#973,.T.);
#449=ORIENTED_EDGE('',*,*,#966,.T.);
#450=ORIENTED_EDGE('',*,*,#982,.T.);
#451=ORIENTED_EDGE('',*,*,#983,.T.);
#452=ORIENTED_EDGE('',*,*,#984,.T.);
#453=ORIENTED_EDGE('',*,*,#968,.T.);
#454=ORIENTED_EDGE('',*,*,#977,.F.);
#455=ORIENTED_EDGE('',*,*,#985,.F.);
#456=ORIENTED_EDGE('',*,*,#986,.T.);
#457=ORIENTED_EDGE('',*,*,#979,.F.);
#458=ORIENTED_EDGE('',*,*,#972,.T.);
#459=ORIENTED_EDGE('',*,*,#970,.F.);
#460=ORIENTED_EDGE('',*,*,#987,.T.);
#461=ORIENTED_EDGE('',*,*,#983,.F.);
#462=ORIENTED_EDGE('',*,*,#988,.T.);
#463=ORIENTED_EDGE('',*,*,#985,.T.);
#464=ORIENTED_EDGE('',*,*,#989,.T.);
#465=ORIENTED_EDGE('',*,*,#990,.F.);
#466=ORIENTED_EDGE('',*,*,#991,.T.);
#467=ORIENTED_EDGE('',*,*,#992,.T.);
#468=ORIENTED_EDGE('',*,*,#993,.T.);
#469=ORIENTED_EDGE('',*,*,#975,.T.);
#470=ORIENTED_EDGE('',*,*,#994,.F.);
#471=ORIENTED_EDGE('',*,*,#995,.F.);
#472=ORIENTED_EDGE('',*,*,#996,.T.);
#473=ORIENTED_EDGE('',*,*,#992,.F.);
#474=ORIENTED_EDGE('',*,*,#997,.T.);
#475=ORIENTED_EDGE('',*,*,#998,.F.);
#476=ORIENTED_EDGE('',*,*,#994,.T.);
#477=ORIENTED_EDGE('',*,*,#974,.T.);
#478=ORIENTED_EDGE('',*,*,#981,.F.);
#479=ORIENTED_EDGE('',*,*,#999,.T.);
#480=ORIENTED_EDGE('',*,*,#978,.F.);
#481=ORIENTED_EDGE('',*,*,#1000,.T.);
#482=ORIENTED_EDGE('',*,*,#1001,.T.);
#483=ORIENTED_EDGE('',*,*,#990,.T.);
#484=ORIENTED_EDGE('',*,*,#964,.T.);
#485=ORIENTED_EDGE('',*,*,#976,.F.);
#486=ORIENTED_EDGE('',*,*,#996,.F.);
#487=ORIENTED_EDGE('',*,*,#1002,.T.);
#488=ORIENTED_EDGE('',*,*,#998,.T.);
#489=ORIENTED_EDGE('',*,*,#1003,.T.);
#490=ORIENTED_EDGE('',*,*,#1000,.F.);
#491=ORIENTED_EDGE('',*,*,#995,.T.);
#492=ORIENTED_EDGE('',*,*,#986,.F.);
#493=ORIENTED_EDGE('',*,*,#988,.F.);
#494=ORIENTED_EDGE('',*,*,#982,.F.);
#495=ORIENTED_EDGE('',*,*,#965,.F.);
#496=ORIENTED_EDGE('',*,*,#993,.F.);
#497=ORIENTED_EDGE('',*,*,#980,.F.);
#498=ORIENTED_EDGE('',*,*,#987,.F.);
#499=ORIENTED_EDGE('',*,*,#969,.F.);
#500=ORIENTED_EDGE('',*,*,#984,.F.);
#501=ORIENTED_EDGE('',*,*,#989,.F.);
#502=ORIENTED_EDGE('',*,*,#1002,.F.);
#503=ORIENTED_EDGE('',*,*,#999,.F.);
#504=ORIENTED_EDGE('',*,*,#997,.F.);
#505=ORIENTED_EDGE('',*,*,#991,.F.);
#506=ORIENTED_EDGE('',*,*,#1001,.F.);
#507=ORIENTED_EDGE('',*,*,#1003,.F.);
#508=ORIENTED_EDGE('',*,*,#1004,.F.);
#509=ORIENTED_EDGE('',*,*,#1005,.T.);
#510=ORIENTED_EDGE('',*,*,#1006,.T.);
#511=ORIENTED_EDGE('',*,*,#1007,.T.);
#512=ORIENTED_EDGE('',*,*,#1008,.T.);
#513=ORIENTED_EDGE('',*,*,#1009,.T.);
#514=ORIENTED_EDGE('',*,*,#1010,.T.);
#515=ORIENTED_EDGE('',*,*,#1011,.T.);
#516=ORIENTED_EDGE('',*,*,#1012,.T.);
#517=ORIENTED_EDGE('',*,*,#1013,.T.);
#518=ORIENTED_EDGE('',*,*,#1014,.T.);
#519=ORIENTED_EDGE('',*,*,#1015,.T.);
#520=ORIENTED_EDGE('',*,*,#1016,.T.);
#521=ORIENTED_EDGE('',*,*,#1017,.T.);
#522=ORIENTED_EDGE('',*,*,#1018,.T.);
#523=ORIENTED_EDGE('',*,*,#1019,.T.);
#524=ORIENTED_EDGE('',*,*,#1020,.T.);
#525=ORIENTED_EDGE('',*,*,#1021,.T.);
#526=ORIENTED_EDGE('',*,*,#1022,.T.);
#527=ORIENTED_EDGE('',*,*,#1023,.T.);
#528=ORIENTED_EDGE('',*,*,#1024,.T.);
#529=ORIENTED_EDGE('',*,*,#1025,.T.);
#530=ORIENTED_EDGE('',*,*,#1026,.F.);
#531=ORIENTED_EDGE('',*,*,#1027,.T.);
#532=ORIENTED_EDGE('',*,*,#1028,.T.);
#533=ORIENTED_EDGE('',*,*,#1029,.T.);
#534=ORIENTED_EDGE('',*,*,#1030,.T.);
#535=ORIENTED_EDGE('',*,*,#1015,.F.);
#536=ORIENTED_EDGE('',*,*,#1031,.T.);
#537=ORIENTED_EDGE('',*,*,#1032,.T.);
#538=ORIENTED_EDGE('',*,*,#1033,.T.);
#539=ORIENTED_EDGE('',*,*,#1034,.T.);
#540=ORIENTED_EDGE('',*,*,#1035,.F.);
#541=ORIENTED_EDGE('',*,*,#1036,.T.);
#542=ORIENTED_EDGE('',*,*,#1037,.T.);
#543=ORIENTED_EDGE('',*,*,#1038,.T.);
#544=ORIENTED_EDGE('',*,*,#1039,.F.);
#545=ORIENTED_EDGE('',*,*,#1040,.F.);
#546=ORIENTED_EDGE('',*,*,#1041,.T.);
#547=ORIENTED_EDGE('',*,*,#1042,.T.);
#548=ORIENTED_EDGE('',*,*,#1043,.T.);
#549=ORIENTED_EDGE('',*,*,#1044,.T.);
#550=ORIENTED_EDGE('',*,*,#1045,.T.);
#551=ORIENTED_EDGE('',*,*,#1046,.T.);
#552=ORIENTED_EDGE('',*,*,#1047,.T.);
#553=ORIENTED_EDGE('',*,*,#1048,.T.);
#554=ORIENTED_EDGE('',*,*,#1049,.T.);
#555=ORIENTED_EDGE('',*,*,#1035,.T.);
#556=ORIENTED_EDGE('',*,*,#1050,.T.);
#557=ORIENTED_EDGE('',*,*,#1051,.F.);
#558=ORIENTED_EDGE('',*,*,#1052,.T.);
#559=ORIENTED_EDGE('',*,*,#1053,.T.);
#560=ORIENTED_EDGE('',*,*,#1054,.F.);
#561=ORIENTED_EDGE('',*,*,#1055,.T.);
#562=ORIENTED_EDGE('',*,*,#1056,.T.);
#563=ORIENTED_EDGE('',*,*,#1057,.F.);
#564=ORIENTED_EDGE('',*,*,#1058,.T.);
#565=ORIENTED_EDGE('',*,*,#1059,.T.);
#566=ORIENTED_EDGE('',*,*,#1060,.F.);
#567=ORIENTED_EDGE('',*,*,#1061,.F.);
#568=ORIENTED_EDGE('',*,*,#1062,.F.);
#569=ORIENTED_EDGE('',*,*,#1063,.T.);
#570=ORIENTED_EDGE('',*,*,#1064,.F.);
#571=ORIENTED_EDGE('',*,*,#1065,.T.);
#572=ORIENTED_EDGE('',*,*,#1066,.F.);
#573=ORIENTED_EDGE('',*,*,#1067,.T.);
#574=ORIENTED_EDGE('',*,*,#1068,.F.);
#575=ORIENTED_EDGE('',*,*,#1069,.T.);
#576=ORIENTED_EDGE('',*,*,#1051,.T.);
#577=ORIENTED_EDGE('',*,*,#1066,.T.);
#578=ORIENTED_EDGE('',*,*,#1070,.T.);
#579=ORIENTED_EDGE('',*,*,#1032,.F.);
#580=ORIENTED_EDGE('',*,*,#1071,.T.);
#581=ORIENTED_EDGE('',*,*,#1034,.F.);
#582=ORIENTED_EDGE('',*,*,#1072,.T.);
#583=ORIENTED_EDGE('',*,*,#1064,.T.);
#584=ORIENTED_EDGE('',*,*,#1050,.F.);
#585=ORIENTED_EDGE('',*,*,#1073,.T.);
#586=ORIENTED_EDGE('',*,*,#1074,.T.);
#587=ORIENTED_EDGE('',*,*,#1024,.F.);
#588=ORIENTED_EDGE('',*,*,#1023,.F.);
#589=ORIENTED_EDGE('',*,*,#1075,.F.);
#590=ORIENTED_EDGE('',*,*,#1076,.F.);
#591=ORIENTED_EDGE('',*,*,#1077,.T.);
#592=ORIENTED_EDGE('',*,*,#1078,.F.);
#593=ORIENTED_EDGE('',*,*,#1079,.F.);
#594=ORIENTED_EDGE('',*,*,#1021,.F.);
#595=ORIENTED_EDGE('',*,*,#1020,.F.);
#596=ORIENTED_EDGE('',*,*,#1080,.T.);
#597=ORIENTED_EDGE('',*,*,#1081,.F.);
#598=ORIENTED_EDGE('',*,*,#1078,.T.);
#599=ORIENTED_EDGE('',*,*,#1082,.T.);
#600=ORIENTED_EDGE('',*,*,#1053,.F.);
#601=ORIENTED_EDGE('',*,*,#1069,.F.);
#602=ORIENTED_EDGE('',*,*,#1083,.T.);
#603=ORIENTED_EDGE('',*,*,#1079,.T.);
#604=ORIENTED_EDGE('',*,*,#1081,.T.);
#605=ORIENTED_EDGE('',*,*,#1052,.F.);
#606=ORIENTED_EDGE('',*,*,#1065,.F.);
#607=ORIENTED_EDGE('',*,*,#1072,.F.);
#608=ORIENTED_EDGE('',*,*,#1033,.F.);
#609=ORIENTED_EDGE('',*,*,#1070,.F.);
#610=ORIENTED_EDGE('',*,*,#1067,.F.);
#611=ORIENTED_EDGE('',*,*,#1071,.F.);
#612=ORIENTED_EDGE('',*,*,#1037,.F.);
#613=ORIENTED_EDGE('',*,*,#1084,.F.);
#614=ORIENTED_EDGE('',*,*,#1085,.F.);
#615=ORIENTED_EDGE('',*,*,#1022,.F.);
#616=ORIENTED_EDGE('',*,*,#1083,.F.);
#617=ORIENTED_EDGE('',*,*,#1086,.T.);
#618=ORIENTED_EDGE('',*,*,#1036,.F.);
#619=ORIENTED_EDGE('',*,*,#1049,.F.);
#620=ORIENTED_EDGE('',*,*,#1087,.F.);
#621=ORIENTED_EDGE('',*,*,#1088,.F.);
#622=ORIENTED_EDGE('',*,*,#1089,.T.);
#623=ORIENTED_EDGE('',*,*,#1090,.T.);
#624=ORIENTED_EDGE('',*,*,#1091,.T.);
#625=ORIENTED_EDGE('',*,*,#1058,.F.);
#626=ORIENTED_EDGE('',*,*,#1092,.T.);
#627=ORIENTED_EDGE('',*,*,#1093,.T.);
#628=ORIENTED_EDGE('',*,*,#1094,.F.);
#629=ORIENTED_EDGE('',*,*,#1095,.T.);
#630=ORIENTED_EDGE('',*,*,#1096,.F.);
#631=ORIENTED_EDGE('',*,*,#1097,.T.);
#632=ORIENTED_EDGE('',*,*,#1098,.F.);
#633=ORIENTED_EDGE('',*,*,#1060,.T.);
#634=ORIENTED_EDGE('',*,*,#1096,.T.);
#635=ORIENTED_EDGE('',*,*,#1099,.T.);
#636=ORIENTED_EDGE('',*,*,#1089,.F.);
#637=ORIENTED_EDGE('',*,*,#1100,.T.);
#638=ORIENTED_EDGE('',*,*,#1091,.F.);
#639=ORIENTED_EDGE('',*,*,#1101,.T.);
#640=ORIENTED_EDGE('',*,*,#1094,.T.);
#641=ORIENTED_EDGE('',*,*,#1059,.F.);
#642=ORIENTED_EDGE('',*,*,#1095,.F.);
#643=ORIENTED_EDGE('',*,*,#1101,.F.);
#644=ORIENTED_EDGE('',*,*,#1090,.F.);
#645=ORIENTED_EDGE('',*,*,#1099,.F.);
#646=ORIENTED_EDGE('',*,*,#1097,.F.);
#647=ORIENTED_EDGE('',*,*,#1100,.F.);
#648=ORIENTED_EDGE('',*,*,#1093,.F.);
#649=ORIENTED_EDGE('',*,*,#1102,.F.);
#650=ORIENTED_EDGE('',*,*,#1086,.F.);
#651=ORIENTED_EDGE('',*,*,#1068,.T.);
#652=ORIENTED_EDGE('',*,*,#1103,.F.);
#653=ORIENTED_EDGE('',*,*,#1104,.F.);
#654=ORIENTED_EDGE('',*,*,#1105,.F.);
#655=ORIENTED_EDGE('',*,*,#1106,.F.);
#656=ORIENTED_EDGE('',*,*,#1107,.F.);
#657=ORIENTED_EDGE('',*,*,#1092,.F.);
#658=ORIENTED_EDGE('',*,*,#1057,.T.);
#659=ORIENTED_EDGE('',*,*,#1108,.T.);
#660=ORIENTED_EDGE('',*,*,#1109,.T.);
#661=ORIENTED_EDGE('',*,*,#1110,.T.);
#662=ORIENTED_EDGE('',*,*,#1111,.F.);
#663=ORIENTED_EDGE('',*,*,#1102,.T.);
#664=ORIENTED_EDGE('',*,*,#1061,.T.);
#665=ORIENTED_EDGE('',*,*,#1098,.T.);
#666=ORIENTED_EDGE('',*,*,#1112,.F.);
#667=ORIENTED_EDGE('',*,*,#1113,.T.);
#668=ORIENTED_EDGE('',*,*,#1114,.T.);
#669=ORIENTED_EDGE('',*,*,#1115,.T.);
#670=ORIENTED_EDGE('',*,*,#1116,.F.);
#671=ORIENTED_EDGE('',*,*,#1084,.T.);
#672=ORIENTED_EDGE('',*,*,#1117,.F.);
#673=ORIENTED_EDGE('',*,*,#1118,.T.);
#674=ORIENTED_EDGE('',*,*,#1027,.F.);
#675=ORIENTED_EDGE('',*,*,#1026,.T.);
#676=ORIENTED_EDGE('',*,*,#1114,.F.);
#677=ORIENTED_EDGE('',*,*,#1088,.T.);
#678=ORIENTED_EDGE('',*,*,#1119,.T.);
#679=ORIENTED_EDGE('',*,*,#1120,.T.);
#680=ORIENTED_EDGE('',*,*,#1121,.F.);
#681=ORIENTED_EDGE('',*,*,#1106,.T.);
#682=ORIENTED_EDGE('',*,*,#1122,.T.);
#683=ORIENTED_EDGE('',*,*,#1123,.T.);
#684=ORIENTED_EDGE('',*,*,#1119,.F.);
#685=ORIENTED_EDGE('',*,*,#1105,.T.);
#686=ORIENTED_EDGE('',*,*,#1124,.T.);
#687=ORIENTED_EDGE('',*,*,#1125,.T.);
#688=ORIENTED_EDGE('',*,*,#1122,.F.);
#689=ORIENTED_EDGE('',*,*,#1104,.T.);
#690=ORIENTED_EDGE('',*,*,#1116,.T.);
#691=ORIENTED_EDGE('',*,*,#1126,.T.);
#692=ORIENTED_EDGE('',*,*,#1124,.F.);
#693=ORIENTED_EDGE('',*,*,#1103,.T.);
#694=ORIENTED_EDGE('',*,*,#1121,.T.);
#695=ORIENTED_EDGE('',*,*,#1127,.T.);
#696=ORIENTED_EDGE('',*,*,#1109,.F.);
#697=ORIENTED_EDGE('',*,*,#1107,.T.);
#698=ORIENTED_EDGE('',*,*,#1128,.F.);
#699=ORIENTED_EDGE('',*,*,#1112,.T.);
#700=ORIENTED_EDGE('',*,*,#1111,.T.);
#701=ORIENTED_EDGE('',*,*,#1129,.T.);
#702=ORIENTED_EDGE('',*,*,#1130,.T.);
#703=ORIENTED_EDGE('',*,*,#1131,.T.);
#704=ORIENTED_EDGE('',*,*,#1132,.F.);
#705=ORIENTED_EDGE('',*,*,#1133,.T.);
#706=ORIENTED_EDGE('',*,*,#1130,.F.);
#707=ORIENTED_EDGE('',*,*,#1129,.F.);
#708=ORIENTED_EDGE('',*,*,#1134,.F.);
#709=ORIENTED_EDGE('',*,*,#1007,.F.);
#710=ORIENTED_EDGE('',*,*,#1135,.T.);
#711=ORIENTED_EDGE('',*,*,#1134,.T.);
#712=ORIENTED_EDGE('',*,*,#1110,.F.);
#713=ORIENTED_EDGE('',*,*,#1136,.F.);
#714=ORIENTED_EDGE('',*,*,#1008,.F.);
#715=ORIENTED_EDGE('',*,*,#1136,.T.);
#716=ORIENTED_EDGE('',*,*,#1127,.F.);
#717=ORIENTED_EDGE('',*,*,#1137,.F.);
#718=ORIENTED_EDGE('',*,*,#1009,.F.);
#719=ORIENTED_EDGE('',*,*,#1137,.T.);
#720=ORIENTED_EDGE('',*,*,#1120,.F.);
#721=ORIENTED_EDGE('',*,*,#1138,.F.);
#722=ORIENTED_EDGE('',*,*,#1010,.F.);
#723=ORIENTED_EDGE('',*,*,#1138,.T.);
#724=ORIENTED_EDGE('',*,*,#1123,.F.);
#725=ORIENTED_EDGE('',*,*,#1139,.F.);
#726=ORIENTED_EDGE('',*,*,#1011,.F.);
#727=ORIENTED_EDGE('',*,*,#1139,.T.);
#728=ORIENTED_EDGE('',*,*,#1125,.F.);
#729=ORIENTED_EDGE('',*,*,#1140,.F.);
#730=ORIENTED_EDGE('',*,*,#1012,.F.);
#731=ORIENTED_EDGE('',*,*,#1140,.T.);
#732=ORIENTED_EDGE('',*,*,#1126,.F.);
#733=ORIENTED_EDGE('',*,*,#1141,.F.);
#734=ORIENTED_EDGE('',*,*,#1013,.F.);
#735=ORIENTED_EDGE('',*,*,#1141,.T.);
#736=ORIENTED_EDGE('',*,*,#1115,.F.);
#737=ORIENTED_EDGE('',*,*,#1031,.F.);
#738=ORIENTED_EDGE('',*,*,#1014,.F.);
#739=ORIENTED_EDGE('',*,*,#1142,.T.);
#740=ORIENTED_EDGE('',*,*,#1143,.T.);
#741=ORIENTED_EDGE('',*,*,#1132,.T.);
#742=ORIENTED_EDGE('',*,*,#1144,.T.);
#743=ORIENTED_EDGE('',*,*,#1145,.T.);
#744=ORIENTED_EDGE('',*,*,#1146,.F.);
#745=ORIENTED_EDGE('',*,*,#1029,.F.);
#746=ORIENTED_EDGE('',*,*,#1147,.T.);
#747=ORIENTED_EDGE('',*,*,#1148,.T.);
#748=ORIENTED_EDGE('',*,*,#1149,.T.);
#749=ORIENTED_EDGE('',*,*,#1150,.T.);
#750=ORIENTED_EDGE('',*,*,#1151,.T.);
#751=ORIENTED_EDGE('',*,*,#1152,.T.);
#752=ORIENTED_EDGE('',*,*,#1153,.T.);
#753=ORIENTED_EDGE('',*,*,#1154,.F.);
#754=ORIENTED_EDGE('',*,*,#1155,.F.);
#755=ORIENTED_EDGE('',*,*,#1156,.T.);
#756=ORIENTED_EDGE('',*,*,#1157,.T.);
#757=ORIENTED_EDGE('',*,*,#1158,.T.);
#758=ORIENTED_EDGE('',*,*,#1159,.T.);
#759=ORIENTED_EDGE('',*,*,#1160,.T.);
#760=ORIENTED_EDGE('',*,*,#1161,.T.);
#761=ORIENTED_EDGE('',*,*,#1162,.T.);
#762=ORIENTED_EDGE('',*,*,#1128,.T.);
#763=ORIENTED_EDGE('',*,*,#1163,.F.);
#764=ORIENTED_EDGE('',*,*,#1164,.T.);
#765=ORIENTED_EDGE('',*,*,#1165,.T.);
#766=ORIENTED_EDGE('',*,*,#1117,.T.);
#767=ORIENTED_EDGE('',*,*,#1146,.T.);
#768=ORIENTED_EDGE('',*,*,#1166,.T.);
#769=ORIENTED_EDGE('',*,*,#1149,.F.);
#770=ORIENTED_EDGE('',*,*,#1167,.T.);
#771=ORIENTED_EDGE('',*,*,#1154,.T.);
#772=ORIENTED_EDGE('',*,*,#1168,.T.);
#773=ORIENTED_EDGE('',*,*,#1163,.T.);
#774=ORIENTED_EDGE('',*,*,#1087,.T.);
#775=ORIENTED_EDGE('',*,*,#1048,.F.);
#776=ORIENTED_EDGE('',*,*,#1169,.F.);
#777=ORIENTED_EDGE('',*,*,#1063,.F.);
#778=ORIENTED_EDGE('',*,*,#1170,.F.);
#779=ORIENTED_EDGE('',*,*,#1155,.T.);
#780=ORIENTED_EDGE('',*,*,#1169,.T.);
#781=ORIENTED_EDGE('',*,*,#1162,.F.);
#782=ORIENTED_EDGE('',*,*,#1171,.T.);
#783=ORIENTED_EDGE('',*,*,#1156,.F.);
#784=ORIENTED_EDGE('',*,*,#1170,.T.);
#785=ORIENTED_EDGE('',*,*,#1062,.T.);
#786=ORIENTED_EDGE('',*,*,#1113,.F.);
#787=ORIENTED_EDGE('',*,*,#1039,.T.);
#788=ORIENTED_EDGE('',*,*,#1172,.T.);
#789=ORIENTED_EDGE('',*,*,#1004,.T.);
#790=ORIENTED_EDGE('',*,*,#1173,.T.);
#791=ORIENTED_EDGE('',*,*,#1174,.T.);
#792=ORIENTED_EDGE('',*,*,#1175,.F.);
#793=ORIENTED_EDGE('',*,*,#1176,.T.);
#794=ORIENTED_EDGE('',*,*,#1018,.F.);
#795=ORIENTED_EDGE('',*,*,#1177,.T.);
#796=ORIENTED_EDGE('',*,*,#1041,.F.);
#797=ORIENTED_EDGE('',*,*,#1174,.F.);
#798=ORIENTED_EDGE('',*,*,#1178,.T.);
#799=ORIENTED_EDGE('',*,*,#1175,.T.);
#800=ORIENTED_EDGE('',*,*,#1040,.T.);
#801=ORIENTED_EDGE('',*,*,#1056,.F.);
#802=ORIENTED_EDGE('',*,*,#1179,.F.);
#803=ORIENTED_EDGE('',*,*,#1075,.T.);
#804=ORIENTED_EDGE('',*,*,#1085,.T.);
#805=ORIENTED_EDGE('',*,*,#1108,.F.);
#806=ORIENTED_EDGE('',*,*,#1055,.F.);
#807=ORIENTED_EDGE('',*,*,#1180,.F.);
#808=ORIENTED_EDGE('',*,*,#1076,.T.);
#809=ORIENTED_EDGE('',*,*,#1179,.T.);
#810=ORIENTED_EDGE('',*,*,#1082,.F.);
#811=ORIENTED_EDGE('',*,*,#1077,.F.);
#812=ORIENTED_EDGE('',*,*,#1180,.T.);
#813=ORIENTED_EDGE('',*,*,#1054,.T.);
#814=ORIENTED_EDGE('',*,*,#1019,.F.);
#815=ORIENTED_EDGE('',*,*,#1176,.F.);
#816=ORIENTED_EDGE('',*,*,#1181,.F.);
#817=ORIENTED_EDGE('',*,*,#1080,.F.);
#818=ORIENTED_EDGE('',*,*,#1181,.T.);
#819=ORIENTED_EDGE('',*,*,#1178,.F.);
#820=ORIENTED_EDGE('',*,*,#1182,.F.);
#821=ORIENTED_EDGE('',*,*,#1073,.F.);
#822=ORIENTED_EDGE('',*,*,#1182,.T.);
#823=ORIENTED_EDGE('',*,*,#1173,.F.);
#824=ORIENTED_EDGE('',*,*,#1025,.F.);
#825=ORIENTED_EDGE('',*,*,#1074,.F.);
#826=ORIENTED_EDGE('',*,*,#1006,.F.);
#827=ORIENTED_EDGE('',*,*,#1183,.T.);
#828=ORIENTED_EDGE('',*,*,#1144,.F.);
#829=ORIENTED_EDGE('',*,*,#1135,.F.);
#830=ORIENTED_EDGE('',*,*,#1148,.F.);
#831=ORIENTED_EDGE('',*,*,#1184,.T.);
#832=ORIENTED_EDGE('',*,*,#1152,.F.);
#833=ORIENTED_EDGE('',*,*,#1185,.F.);
#834=ORIENTED_EDGE('',*,*,#1185,.T.);
#835=ORIENTED_EDGE('',*,*,#1159,.F.);
#836=ORIENTED_EDGE('',*,*,#1186,.F.);
#837=ORIENTED_EDGE('',*,*,#1167,.F.);
#838=ORIENTED_EDGE('',*,*,#1158,.F.);
#839=ORIENTED_EDGE('',*,*,#1187,.T.);
#840=ORIENTED_EDGE('',*,*,#1142,.F.);
#841=ORIENTED_EDGE('',*,*,#1186,.T.);
#842=ORIENTED_EDGE('',*,*,#1151,.F.);
#843=ORIENTED_EDGE('',*,*,#1188,.T.);
#844=ORIENTED_EDGE('',*,*,#1016,.F.);
#845=ORIENTED_EDGE('',*,*,#1030,.F.);
#846=ORIENTED_EDGE('',*,*,#1118,.F.);
#847=ORIENTED_EDGE('',*,*,#1165,.F.);
#848=ORIENTED_EDGE('',*,*,#1189,.F.);
#849=ORIENTED_EDGE('',*,*,#1147,.F.);
#850=ORIENTED_EDGE('',*,*,#1028,.F.);
#851=ORIENTED_EDGE('',*,*,#1184,.F.);
#852=ORIENTED_EDGE('',*,*,#1189,.T.);
#853=ORIENTED_EDGE('',*,*,#1190,.F.);
#854=ORIENTED_EDGE('',*,*,#1168,.F.);
#855=ORIENTED_EDGE('',*,*,#1153,.F.);
#856=ORIENTED_EDGE('',*,*,#1190,.T.);
#857=ORIENTED_EDGE('',*,*,#1164,.F.);
#858=ORIENTED_EDGE('',*,*,#1133,.F.);
#859=ORIENTED_EDGE('',*,*,#1143,.F.);
#860=ORIENTED_EDGE('',*,*,#1191,.F.);
#861=ORIENTED_EDGE('',*,*,#1160,.F.);
#862=ORIENTED_EDGE('',*,*,#1131,.F.);
#863=ORIENTED_EDGE('',*,*,#1191,.T.);
#864=ORIENTED_EDGE('',*,*,#1187,.F.);
#865=ORIENTED_EDGE('',*,*,#1192,.F.);
#866=ORIENTED_EDGE('',*,*,#1171,.F.);
#867=ORIENTED_EDGE('',*,*,#1161,.F.);
#868=ORIENTED_EDGE('',*,*,#1192,.T.);
#869=ORIENTED_EDGE('',*,*,#1157,.F.);
#870=ORIENTED_EDGE('',*,*,#1177,.F.);
#871=ORIENTED_EDGE('',*,*,#1017,.F.);
#872=ORIENTED_EDGE('',*,*,#1193,.F.);
#873=ORIENTED_EDGE('',*,*,#1042,.F.);
#874=ORIENTED_EDGE('',*,*,#1193,.T.);
#875=ORIENTED_EDGE('',*,*,#1188,.F.);
#876=ORIENTED_EDGE('',*,*,#1194,.F.);
#877=ORIENTED_EDGE('',*,*,#1043,.F.);
#878=ORIENTED_EDGE('',*,*,#1194,.T.);
#879=ORIENTED_EDGE('',*,*,#1150,.F.);
#880=ORIENTED_EDGE('',*,*,#1195,.F.);
#881=ORIENTED_EDGE('',*,*,#1044,.F.);
#882=ORIENTED_EDGE('',*,*,#1195,.T.);
#883=ORIENTED_EDGE('',*,*,#1166,.F.);
#884=ORIENTED_EDGE('',*,*,#1196,.F.);
#885=ORIENTED_EDGE('',*,*,#1045,.F.);
#886=ORIENTED_EDGE('',*,*,#1196,.T.);
#887=ORIENTED_EDGE('',*,*,#1145,.F.);
#888=ORIENTED_EDGE('',*,*,#1197,.F.);
#889=ORIENTED_EDGE('',*,*,#1046,.F.);
#890=ORIENTED_EDGE('',*,*,#1197,.T.);
#891=ORIENTED_EDGE('',*,*,#1183,.F.);
#892=ORIENTED_EDGE('',*,*,#1198,.F.);
#893=ORIENTED_EDGE('',*,*,#1047,.F.);
#894=ORIENTED_EDGE('',*,*,#1198,.T.);
#895=ORIENTED_EDGE('',*,*,#1005,.F.);
#896=ORIENTED_EDGE('',*,*,#1172,.F.);
#897=ORIENTED_EDGE('',*,*,#1038,.F.);
#898=EDGE_CURVE('',#1199,#1200,#1387,.F.);
#899=EDGE_CURVE('',#1200,#1201,#152,.T.);
#900=EDGE_CURVE('',#1201,#1202,#153,.T.);
#901=EDGE_CURVE('',#1202,#1203,#154,.T.);
#902=EDGE_CURVE('',#1203,#1204,#155,.T.);
#903=EDGE_CURVE('',#1204,#1205,#156,.T.);
#904=EDGE_CURVE('',#1206,#1205,#1388,.F.);
#905=EDGE_CURVE('',#1206,#1207,#157,.T.);
#906=EDGE_CURVE('',#1208,#1207,#1389,.F.);
#907=EDGE_CURVE('',#1208,#1199,#158,.T.);
#908=EDGE_CURVE('',#1209,#1210,#1390,.T.);
#909=EDGE_CURVE('',#1209,#1211,#159,.T.);
#910=EDGE_CURVE('',#1211,#1212,#160,.T.);
#911=EDGE_CURVE('',#1212,#1213,#161,.T.);
#912=EDGE_CURVE('',#1213,#1214,#162,.T.);
#913=EDGE_CURVE('',#1214,#1215,#163,.T.);
#914=EDGE_CURVE('',#1215,#1216,#1391,.T.);
#915=EDGE_CURVE('',#1210,#1216,#164,.T.);
#916=EDGE_CURVE('',#1217,#1218,#1392,.T.);
#917=EDGE_CURVE('',#1217,#1210,#1393,.T.);
#918=EDGE_CURVE('',#1199,#1216,#1394,.T.);
#919=EDGE_CURVE('',#1219,#1208,#1395,.T.);
#920=EDGE_CURVE('',#1220,#1219,#71,.T.);
#921=EDGE_CURVE('',#1220,#1221,#1396,.T.);
#922=EDGE_CURVE('',#1218,#1221,#1397,.T.);
#923=EDGE_CURVE('',#1222,#1222,#72,.T.);
#924=EDGE_CURVE('',#1223,#1224,#165,.T.);
#925=EDGE_CURVE('',#1224,#1225,#166,.T.);
#926=EDGE_CURVE('',#1225,#1226,#167,.T.);
#927=EDGE_CURVE('',#1226,#1223,#168,.T.);
#928=EDGE_CURVE('',#1227,#1228,#169,.T.);
#929=EDGE_CURVE('',#1227,#1200,#170,.T.);
#930=EDGE_CURVE('',#1215,#1228,#171,.T.);
#931=EDGE_CURVE('',#1205,#1229,#172,.T.);
#932=EDGE_CURVE('',#1229,#1230,#173,.T.);
#933=EDGE_CURVE('',#1230,#1209,#174,.T.);
#934=EDGE_CURVE('',#1206,#1217,#1398,.T.);
#935=EDGE_CURVE('',#1229,#1231,#175,.T.);
#936=EDGE_CURVE('',#1231,#1232,#176,.T.);
#937=EDGE_CURVE('',#1232,#1230,#177,.T.);
#938=EDGE_CURVE('',#1233,#1234,#178,.T.);
#939=EDGE_CURVE('',#1234,#1227,#179,.T.);
#940=EDGE_CURVE('',#1228,#1233,#180,.T.);
#941=EDGE_CURVE('',#1235,#1235,#73,.F.);
#942=EDGE_CURVE('',#1206,#1236,#1399,.T.);
#943=EDGE_CURVE('',#1236,#1237,#1400,.T.);
#944=EDGE_CURVE('',#1238,#1237,#1401,.T.);
#945=EDGE_CURVE('',#1238,#1239,#74,.T.);
#946=EDGE_CURVE('',#1239,#1207,#1402,.T.);
#947=EDGE_CURVE('',#1239,#1219,#1403,.T.);
#948=EDGE_CURVE('',#1236,#1218,#1404,.T.);
#949=EDGE_CURVE('',#1237,#1221,#1405,.T.);
#950=EDGE_CURVE('',#1238,#1220,#1406,.T.);
#951=EDGE_CURVE('',#1240,#1240,#75,.T.);
#952=EDGE_CURVE('',#1225,#1234,#181,.T.);
#953=EDGE_CURVE('',#1233,#1226,#182,.T.);
#954=EDGE_CURVE('',#1231,#1224,#183,.T.);
#955=EDGE_CURVE('',#1223,#1232,#184,.T.);
#956=EDGE_CURVE('',#1231,#1204,#76,.T.);
#957=EDGE_CURVE('',#1224,#1203,#77,.T.);
#958=EDGE_CURVE('',#1225,#1202,#78,.T.);
#959=EDGE_CURVE('',#1234,#1201,#79,.T.);
#960=EDGE_CURVE('',#1233,#1214,#80,.T.);
#961=EDGE_CURVE('',#1226,#1213,#81,.T.);
#962=EDGE_CURVE('',#1223,#1212,#82,.T.);
#963=EDGE_CURVE('',#1232,#1211,#83,.T.);
#964=EDGE_CURVE('',#1241,#1242,#1407,.T.);
#965=EDGE_CURVE('',#1241,#1243,#185,.T.);
#966=EDGE_CURVE('',#1244,#1243,#1408,.F.);
#967=EDGE_CURVE('',#1244,#1242,#186,.T.);
#968=EDGE_CURVE('',#1245,#1246,#1409,.T.);
#969=EDGE_CURVE('',#1245,#1247,#187,.T.);
#970=EDGE_CURVE('',#1247,#1248,#1410,.T.);
#971=EDGE_CURVE('',#1246,#1248,#188,.T.);
#972=EDGE_CURVE('',#1249,#1248,#1411,.T.);
#973=EDGE_CURVE('',#1250,#1249,#189,.T.);
#974=EDGE_CURVE('',#1251,#1250,#1412,.T.);
#975=EDGE_CURVE('',#1252,#1251,#84,.T.);
#976=EDGE_CURVE('',#1252,#1242,#1413,.T.);
#977=EDGE_CURVE('',#1244,#1246,#1414,.T.);
#978=EDGE_CURVE('',#1253,#1253,#85,.T.);
#979=EDGE_CURVE('',#1249,#1254,#1415,.F.);
#980=EDGE_CURVE('',#1254,#1255,#190,.T.);
#981=EDGE_CURVE('',#1255,#1250,#1416,.T.);
#982=EDGE_CURVE('',#1243,#1256,#191,.T.);
#983=EDGE_CURVE('',#1256,#1257,#192,.T.);
#984=EDGE_CURVE('',#1257,#1245,#193,.T.);
#985=EDGE_CURVE('',#1258,#1259,#194,.T.);
#986=EDGE_CURVE('',#1258,#1254,#195,.T.);
#987=EDGE_CURVE('',#1247,#1259,#196,.T.);
#988=EDGE_CURVE('',#1256,#1258,#197,.T.);
#989=EDGE_CURVE('',#1259,#1257,#198,.T.);
#990=EDGE_CURVE('',#1260,#1241,#1417,.T.);
#991=EDGE_CURVE('',#1260,#1261,#199,.T.);
#992=EDGE_CURVE('',#1261,#1255,#1418,.T.);
#993=EDGE_CURVE('',#1255,#1241,#200,.T.);
#994=EDGE_CURVE('',#1262,#1251,#1419,.T.);
#995=EDGE_CURVE('',#1263,#1262,#86,.T.);
#996=EDGE_CURVE('',#1263,#1252,#1420,.T.);
#997=EDGE_CURVE('',#1261,#1264,#201,.T.);
#998=EDGE_CURVE('',#1262,#1264,#1421,.T.);
#999=EDGE_CURVE('',#1265,#1265,#87,.T.);
#1000=EDGE_CURVE('',#1263,#1266,#1422,.T.);
#1001=EDGE_CURVE('',#1266,#1260,#202,.T.);
#1002=EDGE_CURVE('',#1267,#1267,#88,.F.);
#1003=EDGE_CURVE('',#1264,#1266,#203,.T.);
#1004=EDGE_CURVE('',#1268,#1269,#1423,.F.);
#1005=EDGE_CURVE('',#1268,#1270,#204,.T.);
#1006=EDGE_CURVE('',#1270,#1271,#1424,.F.);
#1007=EDGE_CURVE('',#1271,#1272,#205,.F.);
#1008=EDGE_CURVE('',#1272,#1273,#206,.F.);
#1009=EDGE_CURVE('',#1273,#1274,#207,.F.);
#1010=EDGE_CURVE('',#1274,#1275,#208,.F.);
#1011=EDGE_CURVE('',#1275,#1276,#209,.F.);
#1012=EDGE_CURVE('',#1276,#1277,#210,.F.);
#1013=EDGE_CURVE('',#1277,#1278,#211,.F.);
#1014=EDGE_CURVE('',#1278,#1279,#212,.F.);
#1015=EDGE_CURVE('',#1279,#1280,#213,.F.);
#1016=EDGE_CURVE('',#1280,#1281,#1425,.T.);
#1017=EDGE_CURVE('',#1281,#1282,#214,.T.);
#1018=EDGE_CURVE('',#1282,#1283,#1426,.F.);
#1019=EDGE_CURVE('',#1283,#1284,#215,.T.);
#1020=EDGE_CURVE('',#1284,#1285,#216,.T.);
#1021=EDGE_CURVE('',#1285,#1286,#217,.T.);
#1022=EDGE_CURVE('',#1286,#1287,#218,.T.);
#1023=EDGE_CURVE('',#1287,#1288,#219,.T.);
#1024=EDGE_CURVE('',#1288,#1289,#220,.T.);
#1025=EDGE_CURVE('',#1289,#1269,#221,.T.);
#1026=EDGE_CURVE('',#1290,#1291,#222,.F.);
#1027=EDGE_CURVE('',#1290,#1292,#223,.T.);
#1028=EDGE_CURVE('',#1292,#1293,#224,.T.);
#1029=EDGE_CURVE('',#1293,#1294,#225,.T.);
#1030=EDGE_CURVE('',#1294,#1280,#226,.T.);
#1031=EDGE_CURVE('',#1279,#1291,#227,.T.);
#1032=EDGE_CURVE('',#1295,#1296,#228,.T.);
#1033=EDGE_CURVE('',#1296,#1297,#229,.T.);
#1034=EDGE_CURVE('',#1297,#1298,#1427,.T.);
#1035=EDGE_CURVE('',#1299,#1298,#1428,.T.);
#1036=EDGE_CURVE('',#1299,#1300,#1429,.F.);
#1037=EDGE_CURVE('',#1300,#1295,#230,.T.);
#1038=EDGE_CURVE('',#1301,#1302,#231,.T.);
#1039=EDGE_CURVE('',#1303,#1302,#1430,.F.);
#1040=EDGE_CURVE('',#1304,#1303,#89,.F.);
#1041=EDGE_CURVE('',#1304,#1305,#1431,.F.);
#1042=EDGE_CURVE('',#1305,#1306,#232,.T.);
#1043=EDGE_CURVE('',#1306,#1307,#90,.F.);
#1044=EDGE_CURVE('',#1307,#1308,#1432,.F.);
#1045=EDGE_CURVE('',#1308,#1309,#91,.T.);
#1046=EDGE_CURVE('',#1309,#1310,#1433,.T.);
#1047=EDGE_CURVE('',#1310,#1301,#92,.F.);
#1048=EDGE_CURVE('',#1311,#1312,#1434,.T.);
#1049=EDGE_CURVE('',#1312,#1299,#233,.T.);
#1050=EDGE_CURVE('',#1298,#1313,#234,.T.);
#1051=EDGE_CURVE('',#1314,#1313,#1435,.T.);
#1052=EDGE_CURVE('',#1314,#1315,#1436,.T.);
#1053=EDGE_CURVE('',#1315,#1316,#1437,.T.);
#1054=EDGE_CURVE('',#1317,#1316,#1438,.T.);
#1055=EDGE_CURVE('',#1317,#1318,#93,.T.);
#1056=EDGE_CURVE('',#1318,#1319,#1439,.T.);
#1057=EDGE_CURVE('',#1320,#1319,#235,.F.);
#1058=EDGE_CURVE('',#1320,#1321,#1440,.T.);
#1059=EDGE_CURVE('',#1321,#1322,#236,.T.);
#1060=EDGE_CURVE('',#1323,#1322,#1441,.T.);
#1061=EDGE_CURVE('',#1324,#1323,#237,.F.);
#1062=EDGE_CURVE('',#1325,#1324,#1442,.T.);
#1063=EDGE_CURVE('',#1325,#1311,#94,.T.);
#1064=EDGE_CURVE('',#1326,#1313,#1443,.T.);
#1065=EDGE_CURVE('',#1326,#1327,#238,.T.);
#1066=EDGE_CURVE('',#1328,#1327,#239,.T.);
#1067=EDGE_CURVE('',#1328,#1329,#240,.T.);
#1068=EDGE_CURVE('',#1330,#1329,#1444,.F.);
#1069=EDGE_CURVE('',#1330,#1314,#1445,.T.);
#1070=EDGE_CURVE('',#1327,#1296,#241,.T.);
#1071=EDGE_CURVE('',#1295,#1328,#242,.T.);
#1072=EDGE_CURVE('',#1297,#1326,#243,.T.);
#1073=EDGE_CURVE('',#1331,#1332,#95,.T.);
#1074=EDGE_CURVE('',#1332,#1289,#1446,.T.);
#1075=EDGE_CURVE('',#1333,#1287,#1447,.T.);
#1076=EDGE_CURVE('',#1334,#1333,#96,.T.);
#1077=EDGE_CURVE('',#1334,#1335,#1448,.T.);
#1078=EDGE_CURVE('',#1336,#1335,#1449,.T.);
#1079=EDGE_CURVE('',#1286,#1336,#1450,.T.);
#1080=EDGE_CURVE('',#1284,#1331,#1451,.F.);
#1081=EDGE_CURVE('',#1336,#1315,#1452,.T.);
#1082=EDGE_CURVE('',#1335,#1316,#1453,.T.);
#1083=EDGE_CURVE('',#1330,#1286,#1454,.T.);
#1084=EDGE_CURVE('',#1329,#1300,#244,.T.);
#1085=EDGE_CURVE('',#1287,#1337,#1455,.T.);
#1086=EDGE_CURVE('',#1330,#1337,#245,.T.);
#1087=EDGE_CURVE('',#1338,#1312,#1456,.T.);
#1088=EDGE_CURVE('',#1300,#1338,#246,.T.);
#1089=EDGE_CURVE('',#1339,#1340,#247,.T.);
#1090=EDGE_CURVE('',#1340,#1341,#248,.T.);
#1091=EDGE_CURVE('',#1341,#1321,#1457,.T.);
#1092=EDGE_CURVE('',#1320,#1342,#1458,.F.);
#1093=EDGE_CURVE('',#1342,#1339,#249,.T.);
#1094=EDGE_CURVE('',#1343,#1322,#1459,.T.);
#1095=EDGE_CURVE('',#1343,#1344,#250,.T.);
#1096=EDGE_CURVE('',#1345,#1344,#251,.T.);
#1097=EDGE_CURVE('',#1345,#1346,#252,.T.);
#1098=EDGE_CURVE('',#1323,#1346,#1460,.F.);
#1099=EDGE_CURVE('',#1344,#1340,#253,.T.);
#1100=EDGE_CURVE('',#1339,#1345,#254,.T.);
#1101=EDGE_CURVE('',#1341,#1343,#255,.T.);
#1102=EDGE_CURVE('',#1346,#1342,#256,.T.);
#1103=EDGE_CURVE('',#1347,#1329,#257,.T.);
#1104=EDGE_CURVE('',#1348,#1347,#258,.T.);
#1105=EDGE_CURVE('',#1349,#1348,#259,.T.);
#1106=EDGE_CURVE('',#1350,#1349,#260,.T.);
#1107=EDGE_CURVE('',#1342,#1350,#261,.T.);
#1108=EDGE_CURVE('',#1319,#1337,#1461,.F.);
#1109=EDGE_CURVE('',#1342,#1351,#262,.T.);
#1110=EDGE_CURVE('',#1351,#1352,#263,.T.);
#1111=EDGE_CURVE('',#1346,#1352,#264,.F.);
#1112=EDGE_CURVE('',#1353,#1346,#265,.T.);
#1113=EDGE_CURVE('',#1353,#1324,#1462,.T.);
#1114=EDGE_CURVE('',#1300,#1291,#266,.T.);
#1115=EDGE_CURVE('',#1291,#1354,#267,.T.);
#1116=EDGE_CURVE('',#1329,#1354,#268,.F.);
#1117=EDGE_CURVE('',#1355,#1338,#269,.T.);
#1118=EDGE_CURVE('',#1355,#1292,#270,.T.);
#1119=EDGE_CURVE('',#1349,#1356,#271,.T.);
#1120=EDGE_CURVE('',#1356,#1357,#272,.T.);
#1121=EDGE_CURVE('',#1350,#1357,#273,.F.);
#1122=EDGE_CURVE('',#1348,#1358,#274,.T.);
#1123=EDGE_CURVE('',#1358,#1356,#275,.T.);
#1124=EDGE_CURVE('',#1347,#1359,#276,.T.);
#1125=EDGE_CURVE('',#1359,#1358,#277,.T.);
#1126=EDGE_CURVE('',#1354,#1359,#278,.T.);
#1127=EDGE_CURVE('',#1357,#1351,#279,.T.);
#1128=EDGE_CURVE('',#1353,#1360,#280,.T.);
#1129=EDGE_CURVE('',#1352,#1361,#281,.F.);
#1130=EDGE_CURVE('',#1361,#1362,#282,.F.);
#1131=EDGE_CURVE('',#1362,#1360,#283,.T.);
#1132=EDGE_CURVE('',#1363,#1364,#284,.T.);
#1133=EDGE_CURVE('',#1363,#1362,#285,.T.);
#1134=EDGE_CURVE('',#1272,#1352,#286,.F.);
#1135=EDGE_CURVE('',#1271,#1364,#287,.T.);
#1136=EDGE_CURVE('',#1273,#1351,#288,.F.);
#1137=EDGE_CURVE('',#1274,#1357,#289,.F.);
#1138=EDGE_CURVE('',#1275,#1356,#290,.F.);
#1139=EDGE_CURVE('',#1276,#1358,#291,.F.);
#1140=EDGE_CURVE('',#1277,#1359,#292,.F.);
#1141=EDGE_CURVE('',#1278,#1354,#293,.F.);
#1142=EDGE_CURVE('',#1365,#1366,#1463,.T.);
#1143=EDGE_CURVE('',#1366,#1363,#1464,.T.);
#1144=EDGE_CURVE('',#1364,#1367,#1465,.T.);
#1145=EDGE_CURVE('',#1367,#1368,#1466,.F.);
#1146=EDGE_CURVE('',#1365,#1368,#1467,.T.);
#1147=EDGE_CURVE('',#1293,#1369,#1468,.F.);
#1148=EDGE_CURVE('',#1369,#1370,#1469,.F.);
#1149=EDGE_CURVE('',#1370,#1371,#1470,.T.);
#1150=EDGE_CURVE('',#1371,#1372,#1471,.T.);
#1151=EDGE_CURVE('',#1372,#1294,#1472,.T.);
#1152=EDGE_CURVE('',#1373,#1374,#1473,.T.);
#1153=EDGE_CURVE('',#1374,#1375,#1474,.F.);
#1154=EDGE_CURVE('',#1376,#1375,#1475,.T.);
#1155=EDGE_CURVE('',#1377,#1376,#97,.T.);
#1156=EDGE_CURVE('',#1377,#1378,#1476,.T.);
#1157=EDGE_CURVE('',#1378,#1379,#1477,.T.);
#1158=EDGE_CURVE('',#1379,#1380,#1478,.F.);
#1159=EDGE_CURVE('',#1380,#1373,#98,.T.);
#1160=EDGE_CURVE('',#1360,#1381,#1479,.F.);
#1161=EDGE_CURVE('',#1381,#1382,#1480,.F.);
#1162=EDGE_CURVE('',#1382,#1353,#1481,.T.);
#1163=EDGE_CURVE('',#1383,#1338,#1482,.T.);
#1164=EDGE_CURVE('',#1383,#1384,#1483,.T.);
#1165=EDGE_CURVE('',#1384,#1355,#1484,.T.);
#1166=EDGE_CURVE('',#1368,#1371,#99,.F.);
#1167=EDGE_CURVE('',#1370,#1365,#100,.F.);
#1168=EDGE_CURVE('',#1375,#1383,#101,.T.);
#1169=EDGE_CURVE('',#1376,#1311,#1485,.T.);
#1170=EDGE_CURVE('',#1377,#1325,#1486,.T.);
#1171=EDGE_CURVE('',#1382,#1378,#102,.F.);
#1172=EDGE_CURVE('',#1302,#1268,#294,.T.);
#1173=EDGE_CURVE('',#1269,#1385,#1487,.F.);
#1174=EDGE_CURVE('',#1385,#1303,#1488,.F.);
#1175=EDGE_CURVE('',#1386,#1304,#1489,.T.);
#1176=EDGE_CURVE('',#1386,#1283,#1490,.T.);
#1177=EDGE_CURVE('',#1282,#1305,#295,.T.);
#1178=EDGE_CURVE('',#1385,#1386,#103,.F.);
#1179=EDGE_CURVE('',#1333,#1318,#1491,.T.);
#1180=EDGE_CURVE('',#1334,#1317,#1492,.T.);
#1181=EDGE_CURVE('',#1331,#1386,#104,.T.);
#1182=EDGE_CURVE('',#1332,#1385,#105,.T.);
#1183=EDGE_CURVE('',#1270,#1367,#106,.T.);
#1184=EDGE_CURVE('',#1369,#1374,#107,.T.);
#1185=EDGE_CURVE('',#1370,#1373,#108,.T.);
#1186=EDGE_CURVE('',#1365,#1380,#109,.T.);
#1187=EDGE_CURVE('',#1379,#1366,#110,.T.);
#1188=EDGE_CURVE('',#1372,#1281,#111,.T.);
#1189=EDGE_CURVE('',#1369,#1384,#10,.F.);
#1190=EDGE_CURVE('',#1374,#1384,#11,.F.);
#1191=EDGE_CURVE('',#1381,#1366,#12,.T.);
#1192=EDGE_CURVE('',#1381,#1379,#13,.T.);
#1193=EDGE_CURVE('',#1306,#1281,#112,.T.);
#1194=EDGE_CURVE('',#1307,#1372,#113,.T.);
#1195=EDGE_CURVE('',#1308,#1371,#114,.T.);
#1196=EDGE_CURVE('',#1309,#1368,#115,.T.);
#1197=EDGE_CURVE('',#1310,#1367,#116,.T.);
#1198=EDGE_CURVE('',#1301,#1270,#117,.T.);
#1199=VERTEX_POINT('',#2522);
#1200=VERTEX_POINT('',#2523);
#1201=VERTEX_POINT('',#2528);
#1202=VERTEX_POINT('',#2534);
#1203=VERTEX_POINT('',#2556);
#1204=VERTEX_POINT('',#2562);
#1205=VERTEX_POINT('',#2567);
#1206=VERTEX_POINT('',#2569);
#1207=VERTEX_POINT('',#2645);
#1208=VERTEX_POINT('',#2647);
#1209=VERTEX_POINT('',#2738);
#1210=VERTEX_POINT('',#2739);
#1211=VERTEX_POINT('',#2744);
#1212=VERTEX_POINT('',#2751);
#1213=VERTEX_POINT('',#2773);
#1214=VERTEX_POINT('',#2780);
#1215=VERTEX_POINT('',#2785);
#1216=VERTEX_POINT('',#2787);
#1217=VERTEX_POINT('',#2803);
#1218=VERTEX_POINT('',#2804);
#1219=VERTEX_POINT('',#2808);
#1220=VERTEX_POINT('',#2810);
#1221=VERTEX_POINT('',#2812);
#1222=VERTEX_POINT('',#2815);
#1223=VERTEX_POINT('',#2830);
#1224=VERTEX_POINT('',#2831);
#1225=VERTEX_POINT('',#2861);
#1226=VERTEX_POINT('',#2866);
#1227=VERTEX_POINT('',#2903);
#1228=VERTEX_POINT('',#2904);
#1229=VERTEX_POINT('',#2921);
#1230=VERTEX_POINT('',#2928);
#1231=VERTEX_POINT('',#2946);
#1232=VERTEX_POINT('',#2951);
#1233=VERTEX_POINT('',#2968);
#1234=VERTEX_POINT('',#2969);
#1235=VERTEX_POINT('',#2980);
#1236=VERTEX_POINT('',#2982);
#1237=VERTEX_POINT('',#2984);
#1238=VERTEX_POINT('',#2986);
#1239=VERTEX_POINT('',#2988);
#1240=VERTEX_POINT('',#3001);
#1241=VERTEX_POINT('',#3347);
#1242=VERTEX_POINT('',#3348);
#1243=VERTEX_POINT('',#3367);
#1244=VERTEX_POINT('',#3369);
#1245=VERTEX_POINT('',#3488);
#1246=VERTEX_POINT('',#3489);
#1247=VERTEX_POINT('',#3521);
#1248=VERTEX_POINT('',#3523);
#1249=VERTEX_POINT('',#3539);
#1250=VERTEX_POINT('',#3615);
#1251=VERTEX_POINT('',#3617);
#1252=VERTEX_POINT('',#3619);
#1253=VERTEX_POINT('',#3623);
#1254=VERTEX_POINT('',#3653);
#1255=VERTEX_POINT('',#3671);
#1256=VERTEX_POINT('',#3680);
#1257=VERTEX_POINT('',#3687);
#1258=VERTEX_POINT('',#3699);
#1259=VERTEX_POINT('',#3700);
#1260=VERTEX_POINT('',#3797);
#1261=VERTEX_POINT('',#3802);
#1262=VERTEX_POINT('',#3810);
#1263=VERTEX_POINT('',#3812);
#1264=VERTEX_POINT('',#3820);
#1265=VERTEX_POINT('',#3824);
#1266=VERTEX_POINT('',#3827);
#1267=VERTEX_POINT('',#3835);
#1268=VERTEX_POINT('',#4149);
#1269=VERTEX_POINT('',#4150);
#1270=VERTEX_POINT('',#4170);
#1271=VERTEX_POINT('',#4172);
#1272=VERTEX_POINT('',#4190);
#1273=VERTEX_POINT('',#4195);
#1274=VERTEX_POINT('',#4200);
#1275=VERTEX_POINT('',#4206);
#1276=VERTEX_POINT('',#4224);
#1277=VERTEX_POINT('',#4230);
#1278=VERTEX_POINT('',#4235);
#1279=VERTEX_POINT('',#4240);
#1280=VERTEX_POINT('',#4258);
#1281=VERTEX_POINT('',#4260);
#1282=VERTEX_POINT('',#4277);
#1283=VERTEX_POINT('',#4279);
#1284=VERTEX_POINT('',#4284);
#1285=VERTEX_POINT('',#4289);
#1286=VERTEX_POINT('',#4294);
#1287=VERTEX_POINT('',#4299);
#1288=VERTEX_POINT('',#4304);
#1289=VERTEX_POINT('',#4309);
#1290=VERTEX_POINT('',#4434);
#1291=VERTEX_POINT('',#4435);
#1292=VERTEX_POINT('',#4496);
#1293=VERTEX_POINT('',#4502);
#1294=VERTEX_POINT('',#4507);
#1295=VERTEX_POINT('',#4524);
#1296=VERTEX_POINT('',#4525);
#1297=VERTEX_POINT('',#4530);
#1298=VERTEX_POINT('',#4532);
#1299=VERTEX_POINT('',#4534);
#1300=VERTEX_POINT('',#4536);
#1301=VERTEX_POINT('',#4563);
#1302=VERTEX_POINT('',#4564);
#1303=VERTEX_POINT('',#4566);
#1304=VERTEX_POINT('',#4568);
#1305=VERTEX_POINT('',#4570);
#1306=VERTEX_POINT('',#4587);
#1307=VERTEX_POINT('',#4589);
#1308=VERTEX_POINT('',#4591);
#1309=VERTEX_POINT('',#4593);
#1310=VERTEX_POINT('',#4595);
#1311=VERTEX_POINT('',#4598);
#1312=VERTEX_POINT('',#4599);
#1313=VERTEX_POINT('',#4679);
#1314=VERTEX_POINT('',#4681);
#1315=VERTEX_POINT('',#4683);
#1316=VERTEX_POINT('',#4685);
#1317=VERTEX_POINT('',#4687);
#1318=VERTEX_POINT('',#4689);
#1319=VERTEX_POINT('',#4691);
#1320=VERTEX_POINT('',#4767);
#1321=VERTEX_POINT('',#4769);
#1322=VERTEX_POINT('',#4774);
#1323=VERTEX_POINT('',#4776);
#1324=VERTEX_POINT('',#4852);
#1325=VERTEX_POINT('',#4854);
#1326=VERTEX_POINT('',#4858);
#1327=VERTEX_POINT('',#4863);
#1328=VERTEX_POINT('',#4870);
#1329=VERTEX_POINT('',#4877);
#1330=VERTEX_POINT('',#4879);
#1331=VERTEX_POINT('',#4911);
#1332=VERTEX_POINT('',#4912);
#1333=VERTEX_POINT('',#4915);
#1334=VERTEX_POINT('',#4917);
#1335=VERTEX_POINT('',#4919);
#1336=VERTEX_POINT('',#4921);
#1337=VERTEX_POINT('',#4965);
#1338=VERTEX_POINT('',#5070);
#1339=VERTEX_POINT('',#5095);
#1340=VERTEX_POINT('',#5096);
#1341=VERTEX_POINT('',#5101);
#1342=VERTEX_POINT('',#5104);
#1343=VERTEX_POINT('',#5112);
#1344=VERTEX_POINT('',#5117);
#1345=VERTEX_POINT('',#5124);
#1346=VERTEX_POINT('',#5131);
#1347=VERTEX_POINT('',#5217);
#1348=VERTEX_POINT('',#5223);
#1349=VERTEX_POINT('',#5245);
#1350=VERTEX_POINT('',#5251);
#1351=VERTEX_POINT('',#5269);
#1352=VERTEX_POINT('',#5280);
#1353=VERTEX_POINT('',#5331);
#1354=VERTEX_POINT('',#5353);
#1355=VERTEX_POINT('',#5524);
#1356=VERTEX_POINT('',#5569);
#1357=VERTEX_POINT('',#5580);
#1358=VERTEX_POINT('',#5689);
#1359=VERTEX_POINT('',#5772);
#1360=VERTEX_POINT('',#5942);
#1361=VERTEX_POINT('',#5959);
#1362=VERTEX_POINT('',#5992);
#1363=VERTEX_POINT('',#6105);
#1364=VERTEX_POINT('',#6106);
#1365=VERTEX_POINT('',#6271);
#1366=VERTEX_POINT('',#6272);
#1367=VERTEX_POINT('',#6275);
#1368=VERTEX_POINT('',#6277);
#1369=VERTEX_POINT('',#6281);
#1370=VERTEX_POINT('',#6283);
#1371=VERTEX_POINT('',#6285);
#1372=VERTEX_POINT('',#6287);
#1373=VERTEX_POINT('',#6291);
#1374=VERTEX_POINT('',#6292);
#1375=VERTEX_POINT('',#6294);
#1376=VERTEX_POINT('',#6296);
#1377=VERTEX_POINT('',#6298);
#1378=VERTEX_POINT('',#6300);
#1379=VERTEX_POINT('',#6302);
#1380=VERTEX_POINT('',#6304);
#1381=VERTEX_POINT('',#6308);
#1382=VERTEX_POINT('',#6310);
#1383=VERTEX_POINT('',#6314);
#1384=VERTEX_POINT('',#6316);
#1385=VERTEX_POINT('',#6335);
#1386=VERTEX_POINT('',#6339);
#1387=LINE('',#2521,#1493);
#1388=LINE('',#2568,#1494);
#1389=LINE('',#2646,#1495);
#1390=LINE('',#2737,#1496);
#1391=LINE('',#2786,#1497);
#1392=LINE('',#2802,#1498);
#1393=LINE('',#2805,#1499);
#1394=LINE('',#2806,#1500);
#1395=LINE('',#2807,#1501);
#1396=LINE('',#2811,#1502);
#1397=LINE('',#2813,#1503);
#1398=LINE('',#2933,#1504);
#1399=LINE('',#2981,#1505);
#1400=LINE('',#2983,#1506);
#1401=LINE('',#2985,#1507);
#1402=LINE('',#2989,#1508);
#1403=LINE('',#2991,#1509);
#1404=LINE('',#2993,#1510);
#1405=LINE('',#2995,#1511);
#1406=LINE('',#2997,#1512);
#1407=LINE('',#3346,#1513);
#1408=LINE('',#3368,#1514);
#1409=LINE('',#3487,#1515);
#1410=LINE('',#3522,#1516);
#1411=LINE('',#3538,#1517);
#1412=LINE('',#3616,#1518);
#1413=LINE('',#3620,#1519);
#1414=LINE('',#3621,#1520);
#1415=LINE('',#3652,#1521);
#1416=LINE('',#3672,#1522);
#1417=LINE('',#3796,#1523);
#1418=LINE('',#3803,#1524);
#1419=LINE('',#3809,#1525);
#1420=LINE('',#3813,#1526);
#1421=LINE('',#3821,#1527);
#1422=LINE('',#3826,#1528);
#1423=LINE('',#4148,#1529);
#1424=LINE('',#4171,#1530);
#1425=LINE('',#4259,#1531);
#1426=LINE('',#4278,#1532);
#1427=LINE('',#4531,#1533);
#1428=LINE('',#4533,#1534);
#1429=LINE('',#4535,#1535);
#1430=LINE('',#4565,#1536);
#1431=LINE('',#4569,#1537);
#1432=LINE('',#4590,#1538);
#1433=LINE('',#4594,#1539);
#1434=LINE('',#4597,#1540);
#1435=LINE('',#4680,#1541);
#1436=LINE('',#4682,#1542);
#1437=LINE('',#4684,#1543);
#1438=LINE('',#4686,#1544);
#1439=LINE('',#4690,#1545);
#1440=LINE('',#4768,#1546);
#1441=LINE('',#4775,#1547);
#1442=LINE('',#4853,#1548);
#1443=LINE('',#4857,#1549);
#1444=LINE('',#4878,#1550);
#1445=LINE('',#4880,#1551);
#1446=LINE('',#4913,#1552);
#1447=LINE('',#4914,#1553);
#1448=LINE('',#4918,#1554);
#1449=LINE('',#4920,#1555);
#1450=LINE('',#4922,#1556);
#1451=LINE('',#4923,#1557);
#1452=LINE('',#4925,#1558);
#1453=LINE('',#4926,#1559);
#1454=LINE('',#4928,#1560);
#1455=LINE('',#4964,#1561);
#1456=LINE('',#5069,#1562);
#1457=LINE('',#5102,#1563);
#1458=LINE('',#5103,#1564);
#1459=LINE('',#5111,#1565);
#1460=LINE('',#5132,#1566);
#1461=LINE('',#5256,#1567);
#1462=LINE('',#5332,#1568);
#1463=LINE('',#6270,#1569);
#1464=LINE('',#6273,#1570);
#1465=LINE('',#6274,#1571);
#1466=LINE('',#6276,#1572);
#1467=LINE('',#6278,#1573);
#1468=LINE('',#6280,#1574);
#1469=LINE('',#6282,#1575);
#1470=LINE('',#6284,#1576);
#1471=LINE('',#6286,#1577);
#1472=LINE('',#6288,#1578);
#1473=LINE('',#6290,#1579);
#1474=LINE('',#6293,#1580);
#1475=LINE('',#6295,#1581);
#1476=LINE('',#6299,#1582);
#1477=LINE('',#6301,#1583);
#1478=LINE('',#6303,#1584);
#1479=LINE('',#6307,#1585);
#1480=LINE('',#6309,#1586);
#1481=LINE('',#6311,#1587);
#1482=LINE('',#6313,#1588);
#1483=LINE('',#6315,#1589);
#1484=LINE('',#6317,#1590);
#1485=LINE('',#6323,#1591);
#1486=LINE('',#6325,#1592);
#1487=LINE('',#6334,#1593);
#1488=LINE('',#6336,#1594);
#1489=LINE('',#6338,#1595);
#1490=LINE('',#6340,#1596);
#1491=LINE('',#6349,#1597);
#1492=LINE('',#6351,#1598);
#1493=VECTOR('',#2166,1.);
#1494=VECTOR('',#2167,1.);
#1495=VECTOR('',#2168,1.);
#1496=VECTOR('',#2169,1.);
#1497=VECTOR('',#2170,1.);
#1498=VECTOR('',#2173,1.);
#1499=VECTOR('',#2174,1.);
#1500=VECTOR('',#2175,1.);
#1501=VECTOR('',#2176,1.);
#1502=VECTOR('',#2179,1.);
#1503=VECTOR('',#2180,1.);
#1504=VECTOR('',#2187,1.);
#1505=VECTOR('',#2192,1.);
#1506=VECTOR('',#2193,1.);
#1507=VECTOR('',#2194,1.);
#1508=VECTOR('',#2197,1.);
#1509=VECTOR('',#2200,1.);
#1510=VECTOR('',#2203,1.);
#1511=VECTOR('',#2206,1.);
#1512=VECTOR('',#2209,1.);
#1513=VECTOR('',#2236,1.);
#1514=VECTOR('',#2237,1.);
#1515=VECTOR('',#2238,1.);
#1516=VECTOR('',#2239,1.);
#1517=VECTOR('',#2242,1.);
#1518=VECTOR('',#2243,1.);
#1519=VECTOR('',#2246,1.);
#1520=VECTOR('',#2247,1.);
#1521=VECTOR('',#2250,1.);
#1522=VECTOR('',#2251,1.);
#1523=VECTOR('',#2258,1.);
#1524=VECTOR('',#2259,1.);
#1525=VECTOR('',#2262,1.);
#1526=VECTOR('',#2265,1.);
#1527=VECTOR('',#2268,1.);
#1528=VECTOR('',#2275,1.);
#1529=VECTOR('',#2284,1.);
#1530=VECTOR('',#2285,1.);
#1531=VECTOR('',#2286,1.);
#1532=VECTOR('',#2287,1.);
#1533=VECTOR('',#2290,1.);
#1534=VECTOR('',#2291,1.);
#1535=VECTOR('',#2292,1.);
#1536=VECTOR('',#2295,1.);
#1537=VECTOR('',#2298,1.);
#1538=VECTOR('',#2301,1.);
#1539=VECTOR('',#2304,1.);
#1540=VECTOR('',#2307,1.);
#1541=VECTOR('',#2308,1.);
#1542=VECTOR('',#2309,1.);
#1543=VECTOR('',#2310,1.);
#1544=VECTOR('',#2311,1.);
#1545=VECTOR('',#2314,1.);
#1546=VECTOR('',#2315,1.);
#1547=VECTOR('',#2316,1.);
#1548=VECTOR('',#2317,1.);
#1549=VECTOR('',#2322,1.);
#1550=VECTOR('',#2323,1.);
#1551=VECTOR('',#2324,1.);
#1552=VECTOR('',#2329,1.);
#1553=VECTOR('',#2330,1.);
#1554=VECTOR('',#2333,1.);
#1555=VECTOR('',#2334,1.);
#1556=VECTOR('',#2335,1.);
#1557=VECTOR('',#2336,1.);
#1558=VECTOR('',#2339,1.);
#1559=VECTOR('',#2340,1.);
#1560=VECTOR('',#2343,1.);
#1561=VECTOR('',#2346,1.);
#1562=VECTOR('',#2347,1.);
#1563=VECTOR('',#2350,1.);
#1564=VECTOR('',#2351,1.);
#1565=VECTOR('',#2354,1.);
#1566=VECTOR('',#2355,1.);
#1567=VECTOR('',#2356,1.);
#1568=VECTOR('',#2357,1.);
#1569=VECTOR('',#2360,1.);
#1570=VECTOR('',#2361,1.);
#1571=VECTOR('',#2362,1.);
#1572=VECTOR('',#2363,1.);
#1573=VECTOR('',#2364,1.);
#1574=VECTOR('',#2367,1.);
#1575=VECTOR('',#2368,1.);
#1576=VECTOR('',#2369,1.);
#1577=VECTOR('',#2370,1.);
#1578=VECTOR('',#2371,1.);
#1579=VECTOR('',#2374,1.);
#1580=VECTOR('',#2375,1.);
#1581=VECTOR('',#2376,1.);
#1582=VECTOR('',#2379,1.);
#1583=VECTOR('',#2380,1.);
#1584=VECTOR('',#2381,1.);
#1585=VECTOR('',#2386,1.);
#1586=VECTOR('',#2387,1.);
#1587=VECTOR('',#2388,1.);
#1588=VECTOR('',#2391,1.);
#1589=VECTOR('',#2392,1.);
#1590=VECTOR('',#2393,1.);
#1591=VECTOR('',#2404,1.);
#1592=VECTOR('',#2407,1.);
#1593=VECTOR('',#2414,1.);
#1594=VECTOR('',#2415,1.);
#1595=VECTOR('',#2418,1.);
#1596=VECTOR('',#2419,1.);
#1597=VECTOR('',#2426,1.);
#1598=VECTOR('',#2429,1.);
#1599=EDGE_LOOP('',(#296,#297,#298,#299,#300,#301,#302,#303,#304,#305));
#1600=EDGE_LOOP('',(#306,#307,#308,#309,#310,#311,#312,#313));
#1601=EDGE_LOOP('',(#314,#315,#316,#317,#318,#319,#320,#321,#322));
#1602=EDGE_LOOP('',(#323));
#1603=EDGE_LOOP('',(#324,#325,#326,#327));
#1604=EDGE_LOOP('',(#328,#329,#330,#331,#332,#333));
#1605=EDGE_LOOP('',(#334,#335,#336,#337,#338,#339,#340));
#1606=EDGE_LOOP('',(#341,#342,#343,#344));
#1607=EDGE_LOOP('',(#345,#346,#347,#348));
#1608=EDGE_LOOP('',(#349));
#1609=EDGE_LOOP('',(#350,#351,#352,#353,#354,#355));
#1610=EDGE_LOOP('',(#356,#357,#358,#359));
#1611=EDGE_LOOP('',(#360,#361,#362,#363));
#1612=EDGE_LOOP('',(#364,#365,#366,#367));
#1613=EDGE_LOOP('',(#368,#369,#370,#371));
#1614=EDGE_LOOP('',(#372,#373,#374,#375));
#1615=EDGE_LOOP('',(#376));
#1616=EDGE_LOOP('',(#377));
#1617=EDGE_LOOP('',(#378,#379,#380,#381));
#1618=EDGE_LOOP('',(#382,#383,#384,#385));
#1619=EDGE_LOOP('',(#386,#387,#388,#389));
#1620=EDGE_LOOP('',(#390,#391,#392,#393));
#1621=EDGE_LOOP('',(#394,#395,#396,#397));
#1622=EDGE_LOOP('',(#398,#399,#400,#401));
#1623=EDGE_LOOP('',(#402,#403,#404,#405));
#1624=EDGE_LOOP('',(#406,#407,#408,#409));
#1625=EDGE_LOOP('',(#410,#411,#412,#413));
#1626=EDGE_LOOP('',(#414,#415,#416,#417));
#1627=EDGE_LOOP('',(#418,#419,#420,#421));
#1628=EDGE_LOOP('',(#422,#423,#424,#425));
#1629=EDGE_LOOP('',(#426));
#1630=EDGE_LOOP('',(#427));
#1631=EDGE_LOOP('',(#428,#429,#430,#431));
#1632=EDGE_LOOP('',(#432,#433,#434,#435));
#1633=EDGE_LOOP('',(#436,#437,#438,#439,#440,#441,#442,#443));
#1634=EDGE_LOOP('',(#444));
#1635=EDGE_LOOP('',(#445,#446,#447,#448));
#1636=EDGE_LOOP('',(#449,#450,#451,#452,#453,#454));
#1637=EDGE_LOOP('',(#455,#456,#457,#458,#459,#460));
#1638=EDGE_LOOP('',(#461,#462,#463,#464));
#1639=EDGE_LOOP('',(#465,#466,#467,#468));
#1640=EDGE_LOOP('',(#469,#470,#471,#472));
#1641=EDGE_LOOP('',(#473,#474,#475,#476,#477,#478));
#1642=EDGE_LOOP('',(#479));
#1643=EDGE_LOOP('',(#480));
#1644=EDGE_LOOP('',(#481,#482,#483,#484,#485,#486));
#1645=EDGE_LOOP('',(#487));
#1646=EDGE_LOOP('',(#488,#489,#490,#491));
#1647=EDGE_LOOP('',(#492,#493,#494,#495,#496,#497));
#1648=EDGE_LOOP('',(#498,#499,#500,#501));
#1649=EDGE_LOOP('',(#502));
#1650=EDGE_LOOP('',(#503));
#1651=EDGE_LOOP('',(#504,#505,#506,#507));
#1652=EDGE_LOOP('',(#508,#509,#510,#511,#512,#513,#514,#515,#516,#517,#518,
#519,#520,#521,#522,#523,#524,#525,#526,#527,#528,#529));
#1653=EDGE_LOOP('',(#530,#531,#532,#533,#534,#535,#536));
#1654=EDGE_LOOP('',(#537,#538,#539,#540,#541,#542));
#1655=EDGE_LOOP('',(#543,#544,#545,#546,#547,#548,#549,#550,#551,#552));
#1656=EDGE_LOOP('',(#553,#554,#555,#556,#557,#558,#559,#560,#561,#562,#563,
#564,#565,#566,#567,#568,#569));
#1657=EDGE_LOOP('',(#570,#571,#572,#573,#574,#575,#576));
#1658=EDGE_LOOP('',(#577,#578,#579,#580));
#1659=EDGE_LOOP('',(#581,#582,#583,#584));
#1660=EDGE_LOOP('',(#585,#586,#587,#588,#589,#590,#591,#592,#593,#594,#595,
#596));
#1661=EDGE_LOOP('',(#597,#598,#599,#600));
#1662=EDGE_LOOP('',(#601,#602,#603,#604,#605));
#1663=EDGE_LOOP('',(#606,#607,#608,#609));
#1664=EDGE_LOOP('',(#610,#611,#612,#613));
#1665=EDGE_LOOP('',(#614,#615,#616,#617));
#1666=EDGE_LOOP('',(#618,#619,#620,#621));
#1667=EDGE_LOOP('',(#622,#623,#624,#625,#626,#627));
#1668=EDGE_LOOP('',(#628,#629,#630,#631,#632,#633));
#1669=EDGE_LOOP('',(#634,#635,#636,#637));
#1670=EDGE_LOOP('',(#638,#639,#640,#641));
#1671=EDGE_LOOP('',(#642,#643,#644,#645));
#1672=EDGE_LOOP('',(#646,#647,#648,#649));
#1673=EDGE_LOOP('',(#650,#651,#652,#653,#654,#655,#656,#657,#658,#659));
#1674=EDGE_LOOP('',(#660,#661,#662,#663));
#1675=EDGE_LOOP('',(#664,#665,#666,#667));
#1676=EDGE_LOOP('',(#668,#669,#670,#671));
#1677=EDGE_LOOP('',(#672,#673,#674,#675,#676,#677));
#1678=EDGE_LOOP('',(#678,#679,#680,#681));
#1679=EDGE_LOOP('',(#682,#683,#684,#685));
#1680=EDGE_LOOP('',(#686,#687,#688,#689));
#1681=EDGE_LOOP('',(#690,#691,#692,#693));
#1682=EDGE_LOOP('',(#694,#695,#696,#697));
#1683=EDGE_LOOP('',(#698,#699,#700,#701,#702,#703));
#1684=EDGE_LOOP('',(#704,#705,#706,#707,#708,#709,#710));
#1685=EDGE_LOOP('',(#711,#712,#713,#714));
#1686=EDGE_LOOP('',(#715,#716,#717,#718));
#1687=EDGE_LOOP('',(#719,#720,#721,#722));
#1688=EDGE_LOOP('',(#723,#724,#725,#726));
#1689=EDGE_LOOP('',(#727,#728,#729,#730));
#1690=EDGE_LOOP('',(#731,#732,#733,#734));
#1691=EDGE_LOOP('',(#735,#736,#737,#738));
#1692=EDGE_LOOP('',(#739,#740,#741,#742,#743,#744));
#1693=EDGE_LOOP('',(#745,#746,#747,#748,#749,#750));
#1694=EDGE_LOOP('',(#751,#752,#753,#754,#755,#756,#757,#758));
#1695=EDGE_LOOP('',(#759,#760,#761,#762));
#1696=EDGE_LOOP('',(#763,#764,#765,#766));
#1697=EDGE_LOOP('',(#767,#768,#769,#770));
#1698=EDGE_LOOP('',(#771,#772,#773,#774,#775,#776));
#1699=EDGE_LOOP('',(#777,#778,#779,#780));
#1700=EDGE_LOOP('',(#781,#782,#783,#784,#785,#786));
#1701=EDGE_LOOP('',(#787,#788,#789,#790,#791));
#1702=EDGE_LOOP('',(#792,#793,#794,#795,#796));
#1703=EDGE_LOOP('',(#797,#798,#799,#800));
#1704=EDGE_LOOP('',(#801,#802,#803,#804,#805));
#1705=EDGE_LOOP('',(#806,#807,#808,#809));
#1706=EDGE_LOOP('',(#810,#811,#812,#813));
#1707=EDGE_LOOP('',(#814,#815,#816,#817));
#1708=EDGE_LOOP('',(#818,#819,#820,#821));
#1709=EDGE_LOOP('',(#822,#823,#824,#825));
#1710=EDGE_LOOP('',(#826,#827,#828,#829));
#1711=EDGE_LOOP('',(#830,#831,#832,#833));
#1712=EDGE_LOOP('',(#834,#835,#836,#837));
#1713=EDGE_LOOP('',(#838,#839,#840,#841));
#1714=EDGE_LOOP('',(#842,#843,#844,#845));
#1715=EDGE_LOOP('',(#846,#847,#848,#849,#850));
#1716=EDGE_LOOP('',(#851,#852,#853));
#1717=EDGE_LOOP('',(#854,#855,#856,#857));
#1718=EDGE_LOOP('',(#858,#859,#860,#861,#862));
#1719=EDGE_LOOP('',(#863,#864,#865));
#1720=EDGE_LOOP('',(#866,#867,#868,#869));
#1721=EDGE_LOOP('',(#870,#871,#872,#873));
#1722=EDGE_LOOP('',(#874,#875,#876,#877));
#1723=EDGE_LOOP('',(#878,#879,#880,#881));
#1724=EDGE_LOOP('',(#882,#883,#884,#885));
#1725=EDGE_LOOP('',(#886,#887,#888,#889));
#1726=EDGE_LOOP('',(#890,#891,#892,#893));
#1727=EDGE_LOOP('',(#894,#895,#896,#897));
#1728=FACE_BOUND('',#1599,.T.);
#1729=FACE_BOUND('',#1600,.T.);
#1730=FACE_BOUND('',#1601,.T.);
#1731=FACE_BOUND('',#1602,.T.);
#1732=FACE_BOUND('',#1603,.T.);
#1733=FACE_BOUND('',#1604,.T.);
#1734=FACE_BOUND('',#1605,.T.);
#1735=FACE_BOUND('',#1606,.T.);
#1736=FACE_BOUND('',#1607,.T.);
#1737=FACE_BOUND('',#1608,.T.);
#1738=FACE_BOUND('',#1609,.T.);
#1739=FACE_BOUND('',#1610,.T.);
#1740=FACE_BOUND('',#1611,.T.);
#1741=FACE_BOUND('',#1612,.T.);
#1742=FACE_BOUND('',#1613,.T.);
#1743=FACE_BOUND('',#1614,.T.);
#1744=FACE_BOUND('',#1615,.T.);
#1745=FACE_BOUND('',#1616,.T.);
#1746=FACE_BOUND('',#1617,.T.);
#1747=FACE_BOUND('',#1618,.T.);
#1748=FACE_BOUND('',#1619,.T.);
#1749=FACE_BOUND('',#1620,.T.);
#1750=FACE_BOUND('',#1621,.T.);
#1751=FACE_BOUND('',#1622,.T.);
#1752=FACE_BOUND('',#1623,.T.);
#1753=FACE_BOUND('',#1624,.T.);
#1754=FACE_BOUND('',#1625,.T.);
#1755=FACE_BOUND('',#1626,.T.);
#1756=FACE_BOUND('',#1627,.T.);
#1757=FACE_BOUND('',#1628,.T.);
#1758=FACE_BOUND('',#1629,.T.);
#1759=FACE_BOUND('',#1630,.T.);
#1760=FACE_BOUND('',#1631,.T.);
#1761=FACE_BOUND('',#1632,.T.);
#1762=FACE_BOUND('',#1633,.T.);
#1763=FACE_BOUND('',#1634,.T.);
#1764=FACE_BOUND('',#1635,.T.);
#1765=FACE_BOUND('',#1636,.T.);
#1766=FACE_BOUND('',#1637,.T.);
#1767=FACE_BOUND('',#1638,.T.);
#1768=FACE_BOUND('',#1639,.T.);
#1769=FACE_BOUND('',#1640,.T.);
#1770=FACE_BOUND('',#1641,.T.);
#1771=FACE_BOUND('',#1642,.T.);
#1772=FACE_BOUND('',#1643,.T.);
#1773=FACE_BOUND('',#1644,.T.);
#1774=FACE_BOUND('',#1645,.T.);
#1775=FACE_BOUND('',#1646,.T.);
#1776=FACE_BOUND('',#1647,.T.);
#1777=FACE_BOUND('',#1648,.T.);
#1778=FACE_BOUND('',#1649,.T.);
#1779=FACE_BOUND('',#1650,.T.);
#1780=FACE_BOUND('',#1651,.T.);
#1781=FACE_BOUND('',#1652,.T.);
#1782=FACE_BOUND('',#1653,.T.);
#1783=FACE_BOUND('',#1654,.T.);
#1784=FACE_BOUND('',#1655,.T.);
#1785=FACE_BOUND('',#1656,.T.);
#1786=FACE_BOUND('',#1657,.T.);
#1787=FACE_BOUND('',#1658,.T.);
#1788=FACE_BOUND('',#1659,.T.);
#1789=FACE_BOUND('',#1660,.T.);
#1790=FACE_BOUND('',#1661,.T.);
#1791=FACE_BOUND('',#1662,.T.);
#1792=FACE_BOUND('',#1663,.T.);
#1793=FACE_BOUND('',#1664,.T.);
#1794=FACE_BOUND('',#1665,.T.);
#1795=FACE_BOUND('',#1666,.T.);
#1796=FACE_BOUND('',#1667,.T.);
#1797=FACE_BOUND('',#1668,.T.);
#1798=FACE_BOUND('',#1669,.T.);
#1799=FACE_BOUND('',#1670,.T.);
#1800=FACE_BOUND('',#1671,.T.);
#1801=FACE_BOUND('',#1672,.T.);
#1802=FACE_BOUND('',#1673,.T.);
#1803=FACE_BOUND('',#1674,.T.);
#1804=FACE_BOUND('',#1675,.T.);
#1805=FACE_BOUND('',#1676,.T.);
#1806=FACE_BOUND('',#1677,.T.);
#1807=FACE_BOUND('',#1678,.T.);
#1808=FACE_BOUND('',#1679,.T.);
#1809=FACE_BOUND('',#1680,.T.);
#1810=FACE_BOUND('',#1681,.T.);
#1811=FACE_BOUND('',#1682,.T.);
#1812=FACE_BOUND('',#1683,.T.);
#1813=FACE_BOUND('',#1684,.T.);
#1814=FACE_BOUND('',#1685,.T.);
#1815=FACE_BOUND('',#1686,.T.);
#1816=FACE_BOUND('',#1687,.T.);
#1817=FACE_BOUND('',#1688,.T.);
#1818=FACE_BOUND('',#1689,.T.);
#1819=FACE_BOUND('',#1690,.T.);
#1820=FACE_BOUND('',#1691,.T.);
#1821=FACE_BOUND('',#1692,.T.);
#1822=FACE_BOUND('',#1693,.T.);
#1823=FACE_BOUND('',#1694,.T.);
#1824=FACE_BOUND('',#1695,.T.);
#1825=FACE_BOUND('',#1696,.T.);
#1826=FACE_BOUND('',#1697,.T.);
#1827=FACE_BOUND('',#1698,.T.);
#1828=FACE_BOUND('',#1699,.T.);
#1829=FACE_BOUND('',#1700,.T.);
#1830=FACE_BOUND('',#1701,.T.);
#1831=FACE_BOUND('',#1702,.T.);
#1832=FACE_BOUND('',#1703,.T.);
#1833=FACE_BOUND('',#1704,.T.);
#1834=FACE_BOUND('',#1705,.T.);
#1835=FACE_BOUND('',#1706,.T.);
#1836=FACE_BOUND('',#1707,.T.);
#1837=FACE_BOUND('',#1708,.T.);
#1838=FACE_BOUND('',#1709,.T.);
#1839=FACE_BOUND('',#1710,.T.);
#1840=FACE_BOUND('',#1711,.T.);
#1841=FACE_BOUND('',#1712,.T.);
#1842=FACE_BOUND('',#1713,.T.);
#1843=FACE_BOUND('',#1714,.T.);
#1844=FACE_BOUND('',#1715,.T.);
#1845=FACE_BOUND('',#1716,.T.);
#1846=FACE_BOUND('',#1717,.T.);
#1847=FACE_BOUND('',#1718,.T.);
#1848=FACE_BOUND('',#1719,.T.);
#1849=FACE_BOUND('',#1720,.T.);
#1850=FACE_BOUND('',#1721,.T.);
#1851=FACE_BOUND('',#1722,.T.);
#1852=FACE_BOUND('',#1723,.T.);
#1853=FACE_BOUND('',#1724,.T.);
#1854=FACE_BOUND('',#1725,.T.);
#1855=FACE_BOUND('',#1726,.T.);
#1856=FACE_BOUND('',#1727,.T.);
#1857=B_SPLINE_SURFACE_WITH_KNOTS('',3,1,((#2503,#2504),(#2505,#2506),(#2507,
#2508),(#2509,#2510),(#2511,#2512),(#2513,#2514),(#2515,#2516),(#2517,#2518),
(#2519,#2520)),.SURF_OF_LINEAR_EXTRUSION.,.F.,.F.,.F.,(4,1,1,1,1,1,4),(2,
2),(0.412987860915634,0.456493930457745,0.478246965228801,0.499999999999856,
0.521753034770912,0.543506069541967,0.587012139084078),(0.,1.),
 .UNSPECIFIED.);
#1858=B_SPLINE_SURFACE_WITH_KNOTS('',3,1,((#2723,#2724),(#2725,#2726),(#2727,
#2728),(#2729,#2730),(#2731,#2732),(#2733,#2734),(#2735,#2736)),
 .SURF_OF_LINEAR_EXTRUSION.,.F.,.F.,.F.,(4,1,1,1,4),(2,2),(0.400607344317168,
0.450303672157353,0.499999999997539,0.549696327837724,0.599392655677909),
(0.,1.),.UNSPECIFIED.);
#1859=B_SPLINE_SURFACE_WITH_KNOTS('',3,1,((#2816,#2817),(#2818,#2819),(#2820,
#2821),(#2822,#2823),(#2824,#2825)),.SURF_OF_LINEAR_EXTRUSION.,.F.,.F.,
 .F.,(4,1,4),(2,2),(0.10427077199003,0.500892882472782,0.897514992955534),
(0.,1.),.UNSPECIFIED.);
#1860=B_SPLINE_SURFACE_WITH_KNOTS('',3,1,((#2934,#2935),(#2936,#2937),(#2938,
#2939),(#2940,#2941)),.SURF_OF_LINEAR_EXTRUSION.,.F.,.F.,.F.,(4,4),(2,2),
(0.0600542779828686,0.123412427574089),(0.,1.),.PIECEWISE_BEZIER_KNOTS.);
#1861=B_SPLINE_SURFACE_WITH_KNOTS('',3,1,((#2956,#2957),(#2958,#2959),(#2960,
#2961),(#2962,#2963)),.SURF_OF_LINEAR_EXTRUSION.,.F.,.F.,.F.,(4,4),(2,2),
(0.0600514934556753,0.123412444181614),(0.,1.),.PIECEWISE_BEZIER_KNOTS.);
#1862=B_SPLINE_SURFACE_WITH_KNOTS('',3,1,((#3318,#3319),(#3320,#3321),(#3322,
#3323),(#3324,#3325),(#3326,#3327),(#3328,#3329),(#3330,#3331),(#3332,#3333),
(#3334,#3335),(#3336,#3337),(#3338,#3339),(#3340,#3341),(#3342,#3343),(#3344,
#3345)),.SURF_OF_LINEAR_EXTRUSION.,.F.,.F.,.F.,(4,1,1,1,1,1,1,1,1,1,1,4),
(2,2),(0.623552922053399,0.668126938418407,0.69041394660091,0.712700954783414,
0.757274971148422,0.80184898751343,0.846423003878438,0.868710012060942,
0.890997020243445,0.913284028425949,0.935571036608453,0.980145052973461),
(0.,1.),.UNSPECIFIED.);
#1863=B_SPLINE_SURFACE_WITH_KNOTS('',3,1,((#3445,#3446),(#3447,#3448),(#3449,
#3450),(#3451,#3452),(#3453,#3454),(#3455,#3456),(#3457,#3458),(#3459,#3460),
(#3461,#3462),(#3463,#3464),(#3465,#3466),(#3467,#3468),(#3469,#3470),(#3471,
#3472),(#3473,#3474),(#3475,#3476),(#3477,#3478),(#3479,#3480),(#3481,#3482),
(#3483,#3484),(#3485,#3486)),.SURF_OF_LINEAR_EXTRUSION.,.F.,.F.,.F.,(4,
1,1,1,1,1,1,1,1,1,1,1,1,1,1,1,1,1,4),(2,2),(0.639792499276473,0.684818436866916,
0.72984437445736,0.774870312047803,0.819896249638247,0.86492218722869,0.887435156023912,
0.909948124819134,0.954974062409577,1.00000000000002,1.04502593759046,1.09005187518091,
1.11256484397613,1.13507781277135,1.18010375036179,1.22512968795224,1.27015562554268,
1.31518156313313,1.36020750072357),(0.,1.),.UNSPECIFIED.);
#1864=B_SPLINE_SURFACE_WITH_KNOTS('',3,1,((#3624,#3625),(#3626,#3627),(#3628,
#3629),(#3630,#3631),(#3632,#3633),(#3634,#3635),(#3636,#3637),(#3638,#3639),
(#3640,#3641),(#3642,#3643),(#3644,#3645),(#3646,#3647),(#3648,#3649),(#3650,
#3651)),.SURF_OF_LINEAR_EXTRUSION.,.F.,.F.,.F.,(4,1,1,1,1,1,1,1,1,1,1,4),
(2,2),(0.0198549470505573,0.0644289634125636,0.0867159715935667,0.10900297977457,
0.131289987955573,0.153576996136576,0.198151012498582,0.242725028860589,
0.287299045222595,0.309586053403598,0.331873061584601,0.376447077946608),
(0.,1.),.UNSPECIFIED.);
#1865=B_SPLINE_SURFACE_WITH_KNOTS('',3,1,((#3711,#3712),(#3713,#3714),(#3715,
#3716),(#3717,#3718),(#3719,#3720),(#3721,#3722),(#3723,#3724),(#3725,#3726),
(#3727,#3728),(#3729,#3730),(#3731,#3732),(#3733,#3734)),
 .SURF_OF_LINEAR_EXTRUSION.,.F.,.F.,.F.,(4,1,1,1,1,1,1,1,1,4),(2,2),(0.153156392588442,
0.256733906639203,0.360311420689964,0.463888934740725,0.567466448791487,
0.671043962842248,0.722832719867629,0.774621476893009,0.87819899094377,
0.981776504994532),(0.,1.),.UNSPECIFIED.);
#1866=B_SPLINE_SURFACE_WITH_KNOTS('',3,1,((#4058,#4059),(#4060,#4061),(#4062,
#4063),(#4064,#4065),(#4066,#4067),(#4068,#4069),(#4070,#4071),(#4072,#4073),
(#4074,#4075),(#4076,#4077),(#4078,#4079),(#4080,#4081),(#4082,#4083),(#4084,
#4085),(#4086,#4087),(#4088,#4089),(#4090,#4091),(#4092,#4093),(#4094,#4095),
(#4096,#4097),(#4098,#4099),(#4100,#4101),(#4102,#4103),(#4104,#4105),(#4106,
#4107),(#4108,#4109),(#4110,#4111),(#4112,#4113),(#4114,#4115),(#4116,#4117),
(#4118,#4119),(#4120,#4121),(#4122,#4123),(#4124,#4125),(#4126,#4127),(#4128,
#4129),(#4130,#4131),(#4132,#4133),(#4134,#4135),(#4136,#4137),(#4138,#4139),
(#4140,#4141),(#4142,#4143),(#4144,#4145),(#4146,#4147)),
 .SURF_OF_LINEAR_EXTRUSION.,.F.,.F.,.F.,(4,1,1,1,1,1,1,1,1,1,1,1,1,1,1,
1,1,1,1,1,1,1,1,1,1,1,1,1,1,1,1,1,1,1,1,1,1,1,1,1,1,1,4),(2,2),(0.0302857427573793,
0.0596428838345319,0.0890000249116845,0.118357165988837,0.133035736527413,
0.14771430706599,0.177071448143142,0.206428589220295,0.235785730297448,
0.2651428713746,0.294500012451753,0.309178582990329,0.323857153528906,0.353214294606058,
0.382571435683211,0.397250006221787,0.411928576760364,0.42660714729894,
0.441285717837516,0.470642858914669,0.485321429453245,0.499999999991821,
0.514678570530398,0.529357141068974,0.558714282146127,0.573392852684703,
0.588071423223279,0.602749993761856,0.617428564300432,0.646785705377585,
0.676142846454737,0.690821416993314,0.70549998753189,0.734857128609043,
0.764214269686195,0.793571410763348,0.8229285518405,0.852285692917653,0.866964263456229,
0.881642833994806,0.910999975071958,0.940357116149111,0.969714257226264),
(0.,1.),.UNSPECIFIED.);
#1867=B_SPLINE_SURFACE_WITH_KNOTS('',1,3,((#4314,#4315,#4316,#4317,#4318,
#4319,#4320,#4321,#4322,#4323,#4324,#4325,#4326,#4327,#4328,#4329,#4330,
#4331,#4332,#4333,#4334,#4335,#4336,#4337,#4338,#4339),(#4340,#4341,#4342,
#4343,#4344,#4345,#4346,#4347,#4348,#4349,#4350,#4351,#4352,#4353,#4354,
#4355,#4356,#4357,#4358,#4359,#4360,#4361,#4362,#4363,#4364,#4365),(#4366,
#4367,#4368,#4369,#4370,#4371,#4372,#4373,#4374,#4375,#4376,#4377,#4378,
#4379,#4380,#4381,#4382,#4383,#4384,#4385,#4386,#4387,#4388,#4389,#4390,
#4391),(#4392,#4393,#4394,#4395,#4396,#4397,#4398,#4399,#4400,#4401,#4402,
#4403,#4404,#4405,#4406,#4407,#4408,#4409,#4410,#4411,#4412,#4413,#4414,
#4415,#4416,#4417)),.RULED_SURF.,.F.,.F.,.F.,(2,1,1,2),(4,2,2,2,2,2,2,2,
2,2,2,2,4),(-0.285664828070285,0.,1.,1.0128566482807),(0.,0.00610723069741797,
0.00916084604612696,0.0122144613948359,0.0183216920922539,0.0213753074409629,
0.0244289227896719,0.0274825381383808,0.0305361534870898,0.0335897688357989,
0.0366433841845079,0.0427506148819258,0.0488578455793438),.UNSPECIFIED.);
#1868=B_SPLINE_SURFACE_WITH_KNOTS('',3,1,((#4881,#4882),(#4883,#4884),(#4885,
#4886),(#4887,#4888)),.SURF_OF_LINEAR_EXTRUSION.,.F.,.F.,.F.,(4,4),(2,2),
(0.106914310805666,0.175302608587359),(0.,1.),.PIECEWISE_BEZIER_KNOTS.);
#1869=B_SPLINE_SURFACE_WITH_KNOTS('',3,1,((#4897,#4898),(#4899,#4900),(#4901,
#4902),(#4903,#4904)),.SURF_OF_LINEAR_EXTRUSION.,.F.,.F.,.F.,(4,4),(2,2),
(0.360207500723568,0.400607344903407),(0.,1.),.PIECEWISE_BEZIER_KNOTS.);
#1870=B_SPLINE_SURFACE_WITH_KNOTS('',3,1,((#5041,#5042),(#5043,#5044),(#5045,
#5046),(#5047,#5048),(#5049,#5050),(#5051,#5052),(#5053,#5054),(#5055,#5056),
(#5057,#5058),(#5059,#5060),(#5061,#5062),(#5063,#5064),(#5065,#5066),(#5067,
#5068)),.SURF_OF_LINEAR_EXTRUSION.,.F.,.F.,.F.,(4,1,1,1,1,1,1,1,1,1,1,4),
(2,2),(0.0198549470505573,0.0644289634125628,0.0867159715935656,0.109002979774568,
0.131289987955571,0.153576996136574,0.198151012498579,0.242725028860585,
0.28729904522259,0.309586053403593,0.331873061584596,0.376447077946602),
(0.,1.),.UNSPECIFIED.);
#1871=B_SPLINE_SURFACE_WITH_KNOTS('',3,1,((#5133,#5134),(#5135,#5136),(#5137,
#5138),(#5139,#5140)),.SURF_OF_LINEAR_EXTRUSION.,.F.,.F.,.F.,(4,4),(2,2),
(0.106914310805666,0.17530260858736),(0.,1.),.PIECEWISE_BEZIER_KNOTS.);
#1872=B_SPLINE_SURFACE_WITH_KNOTS('',3,1,((#5149,#5150),(#5151,#5152),(#5153,
#5154),(#5155,#5156)),.SURF_OF_LINEAR_EXTRUSION.,.F.,.F.,.F.,(4,4),(2,2),
(0.599392655083886,0.639792499492864),(0.,1.),.PIECEWISE_BEZIER_KNOTS.);
#1873=B_SPLINE_SURFACE_WITH_KNOTS('',3,1,((#5195,#5196),(#5197,#5198),(#5199,
#5200),(#5201,#5202),(#5203,#5204),(#5205,#5206),(#5207,#5208),(#5209,#5210),
(#5211,#5212)),.SURF_OF_LINEAR_EXTRUSION.,.F.,.F.,.F.,(4,1,1,1,1,1,4),(2,
2),(0.412987860915634,0.456493930457745,0.478246965228801,0.499999999999856,
0.521753034770912,0.543506069541967,0.587012139084078),(0.,1.),
 .UNSPECIFIED.);
#1874=B_SPLINE_SURFACE_WITH_KNOTS('',1,3,((#5257,#5258,#5259,#5260),(#5261,
#5262,#5263,#5264)),.RULED_SURF.,.F.,.F.,.F.,(2,2),(4,4),(0.,0.108222488675936),
(0.,0.00384626764714781),.PIECEWISE_BEZIER_KNOTS.);
#1875=B_SPLINE_SURFACE_WITH_KNOTS('',3,1,((#5285,#5286),(#5287,#5288),(#5289,
#5290),(#5291,#5292),(#5293,#5294),(#5295,#5296),(#5297,#5298),(#5299,#5300),
(#5301,#5302),(#5303,#5304),(#5305,#5306),(#5307,#5308),(#5309,#5310),(#5311,
#5312)),.SURF_OF_LINEAR_EXTRUSION.,.F.,.F.,.F.,(4,1,1,1,1,1,1,1,1,1,1,4),
(2,2),(0.6235529220534,0.668126938418408,0.690413946600912,0.712700954783416,
0.757274971148423,0.801848987513431,0.846423003878438,0.868710012060942,
0.890997020243446,0.91328402842595,0.935571036608453,0.980145052973461),
(0.,1.),.UNSPECIFIED.);
#1876=B_SPLINE_SURFACE_WITH_KNOTS('',1,3,((#5333,#5334,#5335,#5336),(#5337,
#5338,#5339,#5340)),.RULED_SURF.,.F.,.F.,.F.,(2,2),(4,4),(0.,0.108222488673659),
(0.,0.0038453518377967),.PIECEWISE_BEZIER_KNOTS.);
#1877=B_SPLINE_SURFACE_WITH_KNOTS('',1,3,((#5358,#5359,#5360,#5361,#5362,
#5363,#5364,#5365,#5366,#5367,#5368,#5369,#5370,#5371,#5372,#5373,#5374,
#5375,#5376,#5377,#5378,#5379,#5380,#5381,#5382,#5383,#5384,#5385,#5386,
#5387,#5388,#5389,#5390,#5391,#5392,#5393,#5394,#5395,#5396,#5397,#5398,
#5399,#5400,#5401,#5402,#5403,#5404,#5405,#5406,#5407,#5408,#5409,#5410,
#5411),(#5412,#5413,#5414,#5415,#5416,#5417,#5418,#5419,#5420,#5421,#5422,
#5423,#5424,#5425,#5426,#5427,#5428,#5429,#5430,#5431,#5432,#5433,#5434,
#5435,#5436,#5437,#5438,#5439,#5440,#5441,#5442,#5443,#5444,#5445,#5446,
#5447,#5448,#5449,#5450,#5451,#5452,#5453,#5454,#5455,#5456,#5457,#5458,
#5459,#5460,#5461,#5462,#5463,#5464,#5465),(#5466,#5467,#5468,#5469,#5470,
#5471,#5472,#5473,#5474,#5475,#5476,#5477,#5478,#5479,#5480,#5481,#5482,
#5483,#5484,#5485,#5486,#5487,#5488,#5489,#5490,#5491,#5492,#5493,#5494,
#5495,#5496,#5497,#5498,#5499,#5500,#5501,#5502,#5503,#5504,#5505,#5506,
#5507,#5508,#5509,#5510,#5511,#5512,#5513,#5514,#5515,#5516,#5517,#5518,
#5519)),.RULED_SURF.,.F.,.F.,.F.,(2,1,2),(4,2,2,2,2,2,2,2,2,2,2,2,2,2,2,
2,2,2,2,2,2,2,2,2,2,2,4),(-0.000592573024722656,0.,0.107740550139254),(0.,
0.00286463612285156,0.00572927224570313,0.00644543127641603,0.00716159030712892,
0.0085939083685547,0.0114585444914063,0.012890862552832,0.0143231806142578,
0.0171878167371094,0.0186201347985352,0.0200524528599609,0.0229170889828125,
0.0243494070442383,0.0250655660749512,0.0257817251056641,0.0286463612285157,
0.0293625202592285,0.0300786792899414,0.0315109973513673,0.0329433154127931,
0.0343756334742188,0.0372402695970704,0.0386725876584962,0.040104905719922,
0.0429695418427735,0.0458341779656251),.UNSPECIFIED.);
#1878=B_SPLINE_SURFACE_WITH_KNOTS('',1,3,((#5529,#5530,#5531,#5532,#5533,
#5534,#5535,#5536,#5537,#5538,#5539,#5540,#5541,#5542,#5543,#5544,#5545,
#5546),(#5547,#5548,#5549,#5550,#5551,#5552,#5553,#5554,#5555,#5556,#5557,
#5558,#5559,#5560,#5561,#5562,#5563,#5564)),.RULED_SURF.,.F.,.F.,.F.,(2,
2),(4,2,2,2,2,2,2,2,4),(0.,0.109562050192146),(0.,0.000414928997713559,
0.000829857995427119,0.00124478699314068,0.00165971599085424,0.00186718048971102,
0.0020746449885678,0.00248957398628136,0.00331943198170847),
 .UNSPECIFIED.);
#1879=B_SPLINE_SURFACE_WITH_KNOTS('',1,3,((#5585,#5586,#5587,#5588,#5589,
#5590,#5591,#5592,#5593,#5594,#5595,#5596,#5597,#5598,#5599,#5600,#5601,
#5602,#5603,#5604,#5605,#5606,#5607,#5608,#5609,#5610,#5611,#5612,#5613,
#5614,#5615,#5616,#5617,#5618,#5619,#5620,#5621,#5622,#5623,#5624,#5625,
#5626,#5627,#5628,#5629,#5630,#5631,#5632,#5633,#5634),(#5635,#5636,#5637,
#5638,#5639,#5640,#5641,#5642,#5643,#5644,#5645,#5646,#5647,#5648,#5649,
#5650,#5651,#5652,#5653,#5654,#5655,#5656,#5657,#5658,#5659,#5660,#5661,
#5662,#5663,#5664,#5665,#5666,#5667,#5668,#5669,#5670,#5671,#5672,#5673,
#5674,#5675,#5676,#5677,#5678,#5679,#5680,#5681,#5682,#5683,#5684)),
 .RULED_SURF.,.F.,.F.,.F.,(2,2),(4,2,2,2,2,2,2,2,2,2,2,2,2,2,2,2,2,2,2,
2,2,2,2,2,4),(0.,0.108840127805176),(0.,0.002849851593012,0.005699703186024,
0.00712462898253,0.008549554779036,0.009262017677289,0.00961824912641549,
0.009974480575542,0.0103307120246685,0.010686943473795,0.0110431749229215,
0.0112212906474847,0.011399406372048,0.0117556378211745,0.012111869270301,
0.0124681007194275,0.012824332168554,0.0131805636176805,0.013536795066807,
0.01424925796506,0.014961720863313,0.015674183761566,0.017099109558072,
0.019948961151084,0.022798812744096),.UNSPECIFIED.);
#1880=B_SPLINE_SURFACE_WITH_KNOTS('',1,3,((#5736,#5737,#5738,#5739,#5740,
#5741,#5742,#5743,#5744,#5745,#5746,#5747,#5748,#5749,#5750,#5751),(#5752,
#5753,#5754,#5755,#5756,#5757,#5758,#5759,#5760,#5761,#5762,#5763,#5764,
#5765,#5766,#5767)),.RULED_SURF.,.F.,.F.,.F.,(2,2),(4,2,2,2,2,2,2,4),(0.,
0.109549816598405),(0.,0.000830043915349791,0.00124506587302469,0.00166008783069958,
0.00207510978837448,0.00249013174604938,0.00290515370372427,0.00332017566139916),
 .UNSPECIFIED.);
#1881=B_SPLINE_SURFACE_WITH_KNOTS('',1,3,((#5782,#5783,#5784,#5785,#5786,
#5787),(#5788,#5789,#5790,#5791,#5792,#5793)),.RULED_SURF.,.F.,.F.,.F.,
(2,2),(4,2,4),(0.,0.108222488228486),(8.67361737988404E-19,0.00206683967561954,
0.00413367935123908),.UNSPECIFIED.);
#1882=B_SPLINE_SURFACE_WITH_KNOTS('',1,3,((#5798,#5799,#5800,#5801,#5802,
#5803),(#5804,#5805,#5806,#5807,#5808,#5809)),.RULED_SURF.,.F.,.F.,.F.,
(2,2),(4,2,4),(0.,0.108222488675937),(0.,0.00206701148412462,0.00413402296824924),
 .UNSPECIFIED.);
#1883=B_SPLINE_SURFACE_WITH_KNOTS('',1,3,((#5814,#5815,#5816,#5817,#5818,
#5819,#5820,#5821,#5822,#5823,#5824,#5825,#5826,#5827,#5828,#5829,#5830,
#5831,#5832,#5833,#5834,#5835,#5836,#5837,#5838,#5839,#5840,#5841,#5842,
#5843,#5844,#5845,#5846,#5847,#5848,#5849,#5850,#5851,#5852,#5853,#5854,
#5855,#5856,#5857,#5858,#5859,#5860,#5861,#5862,#5863,#5864,#5865,#5866,
#5867,#5868,#5869,#5870,#5871,#5872,#5873,#5874,#5875),(#5876,#5877,#5878,
#5879,#5880,#5881,#5882,#5883,#5884,#5885,#5886,#5887,#5888,#5889,#5890,
#5891,#5892,#5893,#5894,#5895,#5896,#5897,#5898,#5899,#5900,#5901,#5902,
#5903,#5904,#5905,#5906,#5907,#5908,#5909,#5910,#5911,#5912,#5913,#5914,
#5915,#5916,#5917,#5918,#5919,#5920,#5921,#5922,#5923,#5924,#5925,#5926,
#5927,#5928,#5929,#5930,#5931,#5932,#5933,#5934,#5935,#5936,#5937)),
 .RULED_SURF.,.F.,.F.,.F.,(2,2),(4,2,2,2,2,2,2,2,2,2,2,2,2,2,2,2,2,2,2,
2,2,2,2,2,2,2,2,2,2,2,4),(0.,0.109109192293058),(-2.81458883977237E-15,
0.00285399267797533,0.00570798535595347,0.00713498169494254,0.00856197803393162,
0.00998897437292069,0.0107024725424152,0.0114159707119098,0.0128429670508988,
0.0142699633898879,0.0149834615593824,0.015696959728877,0.0171239560678661,
0.0185509524068551,0.0192644505763497,0.0199779487458442,0.0228319414238224,
0.0242589377628114,0.0249724359323059,0.0256859341018004,0.0271129304407895,
0.0285399267797786,0.0313939194577567,0.0328209157967458,0.0342479121357349,
0.0371019048137131,0.0385289011527021,0.0392423993221966,0.0399558974916912,
0.0428098901696693,0.0456638828476475),.UNSPECIFIED.);
#1884=B_SPLINE_SURFACE_WITH_KNOTS('',1,3,((#5997,#5998,#5999,#6000,#6001,
#6002,#6003,#6004,#6005,#6006,#6007,#6008,#6009,#6010,#6011,#6012,#6013,
#6014,#6015,#6016,#6017,#6018,#6019,#6020,#6021,#6022),(#6023,#6024,#6025,
#6026,#6027,#6028,#6029,#6030,#6031,#6032,#6033,#6034,#6035,#6036,#6037,
#6038,#6039,#6040,#6041,#6042,#6043,#6044,#6045,#6046,#6047,#6048),(#6049,
#6050,#6051,#6052,#6053,#6054,#6055,#6056,#6057,#6058,#6059,#6060,#6061,
#6062,#6063,#6064,#6065,#6066,#6067,#6068,#6069,#6070,#6071,#6072,#6073,
#6074),(#6075,#6076,#6077,#6078,#6079,#6080,#6081,#6082,#6083,#6084,#6085,
#6086,#6087,#6088,#6089,#6090,#6091,#6092,#6093,#6094,#6095,#6096,#6097,
#6098,#6099,#6100)),.RULED_SURF.,.F.,.F.,.F.,(2,1,1,2),(4,2,2,2,2,2,2,2,
2,2,2,2,4),(-0.285665731426798,0.,1.,1.01285665731427),(0.,0.00610725119556251,
0.012214502391125,0.0152681279889063,0.0183217535866875,0.0213753791844688,
0.0244290047822501,0.0274826303800313,0.0305362559778126,0.036643507173375,
0.0396971327711563,0.0427507583689375,0.0488580095645001),.UNSPECIFIED.);
#1885=B_SPLINE_SURFACE_WITH_KNOTS('',1,3,((#6121,#6122,#6123,#6124),(#6125,
#6126,#6127,#6128)),.RULED_SURF.,.F.,.F.,.F.,(2,2),(4,4),(0.,1.),(0.,0.00379999004840024),
 .PIECEWISE_BEZIER_KNOTS.);
#1886=B_SPLINE_SURFACE_WITH_KNOTS('',1,3,((#6133,#6134,#6135,#6136),(#6137,
#6138,#6139,#6140)),.RULED_SURF.,.F.,.F.,.F.,(2,2),(4,4),(0.,1.),(0.,0.00406079846728976),
 .PIECEWISE_BEZIER_KNOTS.);
#1887=B_SPLINE_SURFACE_WITH_KNOTS('',1,3,((#6145,#6146,#6147,#6148,#6149,
#6150,#6151,#6152,#6153,#6154),(#6155,#6156,#6157,#6158,#6159,#6160,#6161,
#6162,#6163,#6164)),.RULED_SURF.,.F.,.F.,.F.,(2,2),(4,2,2,2,4),(0.,1.),
(0.,0.000303055013561568,0.000606110027123136,0.000909165040684704,0.00121222005424627),
 .UNSPECIFIED.);
#1888=B_SPLINE_SURFACE_WITH_KNOTS('',1,3,((#6169,#6170,#6171,#6172,#6173,
#6174,#6175,#6176,#6177,#6178,#6179,#6180,#6181,#6182,#6183,#6184,#6185,
#6186,#6187,#6188,#6189,#6190,#6191,#6192,#6193,#6194),(#6195,#6196,#6197,
#6198,#6199,#6200,#6201,#6202,#6203,#6204,#6205,#6206,#6207,#6208,#6209,
#6210,#6211,#6212,#6213,#6214,#6215,#6216,#6217,#6218,#6219,#6220)),
 .RULED_SURF.,.F.,.F.,.F.,(2,2),(4,2,2,2,2,2,2,2,2,2,2,2,4),(0.,1.),(0.,
0.00335426448022965,0.00670852896045931,0.00838566120057414,0.010062793440689,
0.0117399256808038,0.0134170579209186,0.0150941901610334,0.0167713224011483,
0.0184484546412631,0.020125586881378,0.0234798513616076,0.0268341158418372),
 .UNSPECIFIED.);
#1889=B_SPLINE_SURFACE_WITH_KNOTS('',1,3,((#6225,#6226,#6227,#6228,#6229,
#6230,#6231,#6232,#6233,#6234),(#6235,#6236,#6237,#6238,#6239,#6240,#6241,
#6242,#6243,#6244)),.RULED_SURF.,.F.,.F.,.F.,(2,2),(4,2,2,2,4),(0.,1.),
(0.,0.000304412296582887,0.000608824593165774,0.000913236889748661,0.00121764918633155),
 .UNSPECIFIED.);
#1890=B_SPLINE_SURFACE_WITH_KNOTS('',1,3,((#6249,#6250,#6251,#6252),(#6253,
#6254,#6255,#6256)),.RULED_SURF.,.F.,.F.,.F.,(2,2),(4,4),(0.,1.),(0.,0.00406147607408884),
 .PIECEWISE_BEZIER_KNOTS.);
#1891=B_SPLINE_SURFACE_WITH_KNOTS('',1,3,((#6261,#6262,#6263,#6264),(#6265,
#6266,#6267,#6268)),.RULED_SURF.,.F.,.F.,.F.,(2,2),(4,4),(0.,1.),(0.,0.0037995191462865),
 .PIECEWISE_BEZIER_KNOTS.);
#1892=ADVANCED_FACE('',(#1728),#1857,.F.);
#1893=ADVANCED_FACE('',(#1729),#1858,.T.);
#1894=ADVANCED_FACE('',(#1730,#1731),#118,.T.);
#1895=ADVANCED_FACE('',(#1732),#1859,.T.);
#1896=ADVANCED_FACE('',(#1733),#119,.T.);
#1897=ADVANCED_FACE('',(#1734),#120,.F.);
#1898=ADVANCED_FACE('',(#1735),#1860,.F.);
#1899=ADVANCED_FACE('',(#1736),#1861,.F.);
#1900=ADVANCED_FACE('',(#1737,#1738),#121,.T.);
#1901=ADVANCED_FACE('',(#1739),#122,.F.);
#1902=ADVANCED_FACE('',(#1740),#123,.F.);
#1903=ADVANCED_FACE('',(#1741),#124,.F.);
#1904=ADVANCED_FACE('',(#1742),#125,.T.);
#1905=ADVANCED_FACE('',(#1743),#50,.T.);
#1906=ADVANCED_FACE('',(#1744,#1745),#51,.F.);
#1907=ADVANCED_FACE('',(#1746),#27,.T.);
#1908=ADVANCED_FACE('',(#1747),#28,.T.);
#1909=ADVANCED_FACE('',(#1748),#29,.T.);
#1910=ADVANCED_FACE('',(#1749),#30,.T.);
#1911=ADVANCED_FACE('',(#1750),#31,.T.);
#1912=ADVANCED_FACE('',(#1751),#32,.T.);
#1913=ADVANCED_FACE('',(#1752),#33,.T.);
#1914=ADVANCED_FACE('',(#1753),#34,.T.);
#1915=ADVANCED_FACE('',(#1754),#35,.T.);
#1916=ADVANCED_FACE('',(#1755),#36,.T.);
#1917=ADVANCED_FACE('',(#1756),#37,.T.);
#1918=ADVANCED_FACE('',(#1757),#38,.T.);
#1919=ADVANCED_FACE('',(#1758,#1759),#20,.T.);
#1920=ADVANCED_FACE('',(#1760),#1862,.F.);
#1921=ADVANCED_FACE('',(#1761),#1863,.T.);
#1922=ADVANCED_FACE('',(#1762,#1763),#126,.T.);
#1923=ADVANCED_FACE('',(#1764),#1864,.F.);
#1924=ADVANCED_FACE('',(#1765),#127,.F.);
#1925=ADVANCED_FACE('',(#1766),#128,.T.);
#1926=ADVANCED_FACE('',(#1767),#1865,.F.);
#1927=ADVANCED_FACE('',(#1768),#52,.F.);
#1928=ADVANCED_FACE('',(#1769),#53,.T.);
#1929=ADVANCED_FACE('',(#1770),#129,.F.);
#1930=ADVANCED_FACE('',(#1771,#1772),#54,.F.);
#1931=ADVANCED_FACE('',(#1773),#130,.T.);
#1932=ADVANCED_FACE('',(#1774,#1775),#131,.T.);
#1933=ADVANCED_FACE('',(#1776),#39,.T.);
#1934=ADVANCED_FACE('',(#1777),#40,.T.);
#1935=ADVANCED_FACE('',(#1778,#1779),#21,.T.);
#1936=ADVANCED_FACE('',(#1780),#41,.T.);
#1937=ADVANCED_FACE('',(#1781),#1866,.F.);
#1938=ADVANCED_FACE('',(#1782),#1867,.T.);
#1939=ADVANCED_FACE('',(#1783),#132,.F.);
#1940=ADVANCED_FACE('',(#1784,#1785),#133,.T.);
#1941=ADVANCED_FACE('',(#1786),#134,.T.);
#1942=ADVANCED_FACE('',(#1787),#1868,.F.);
#1943=ADVANCED_FACE('',(#1788),#1869,.T.);
#1944=ADVANCED_FACE('',(#1789),#135,.T.);
#1945=ADVANCED_FACE('',(#1790),#136,.T.);
#1946=ADVANCED_FACE('',(#1791),#137,.T.);
#1947=ADVANCED_FACE('',(#1792),#42,.T.);
#1948=ADVANCED_FACE('',(#1793),#43,.T.);
#1949=ADVANCED_FACE('',(#1794),#138,.F.);
#1950=ADVANCED_FACE('',(#1795),#1870,.T.);
#1951=ADVANCED_FACE('',(#1796),#139,.F.);
#1952=ADVANCED_FACE('',(#1797),#140,.T.);
#1953=ADVANCED_FACE('',(#1798),#1871,.F.);
#1954=ADVANCED_FACE('',(#1799),#1872,.T.);
#1955=ADVANCED_FACE('',(#1800),#44,.T.);
#1956=ADVANCED_FACE('',(#1801),#45,.T.);
#1957=ADVANCED_FACE('',(#1802),#1873,.T.);
#1958=ADVANCED_FACE('',(#1803),#1874,.F.);
#1959=ADVANCED_FACE('',(#1804),#1875,.T.);
#1960=ADVANCED_FACE('',(#1805),#1876,.F.);
#1961=ADVANCED_FACE('',(#1806),#1877,.F.);
#1962=ADVANCED_FACE('',(#1807),#1878,.F.);
#1963=ADVANCED_FACE('',(#1808),#1879,.F.);
#1964=ADVANCED_FACE('',(#1809),#1880,.F.);
#1965=ADVANCED_FACE('',(#1810),#1881,.F.);
#1966=ADVANCED_FACE('',(#1811),#1882,.F.);
#1967=ADVANCED_FACE('',(#1812),#1883,.F.);
#1968=ADVANCED_FACE('',(#1813),#1884,.T.);
#1969=ADVANCED_FACE('',(#1814),#1885,.T.);
#1970=ADVANCED_FACE('',(#1815),#1886,.T.);
#1971=ADVANCED_FACE('',(#1816),#1887,.T.);
#1972=ADVANCED_FACE('',(#1817),#1888,.T.);
#1973=ADVANCED_FACE('',(#1818),#1889,.T.);
#1974=ADVANCED_FACE('',(#1819),#1890,.T.);
#1975=ADVANCED_FACE('',(#1820),#1891,.T.);
#1976=ADVANCED_FACE('',(#1821),#141,.T.);
#1977=ADVANCED_FACE('',(#1822),#142,.F.);
#1978=ADVANCED_FACE('',(#1823),#143,.T.);
#1979=ADVANCED_FACE('',(#1824),#144,.T.);
#1980=ADVANCED_FACE('',(#1825),#145,.T.);
#1981=ADVANCED_FACE('',(#1826),#55,.T.);
#1982=ADVANCED_FACE('',(#1827),#146,.T.);
#1983=ADVANCED_FACE('',(#1828),#56,.F.);
#1984=ADVANCED_FACE('',(#1829),#147,.F.);
#1985=ADVANCED_FACE('',(#1830),#148,.F.);
#1986=ADVANCED_FACE('',(#1831),#149,.T.);
#1987=ADVANCED_FACE('',(#1832),#57,.T.);
#1988=ADVANCED_FACE('',(#1833),#150,.T.);
#1989=ADVANCED_FACE('',(#1834),#58,.F.);
#1990=ADVANCED_FACE('',(#1835),#151,.F.);
#1991=ADVANCED_FACE('',(#1836),#59,.T.);
#1992=ADVANCED_FACE('',(#1837),#22,.T.);
#1993=ADVANCED_FACE('',(#1838),#60,.T.);
#1994=ADVANCED_FACE('',(#1839),#61,.F.);
#1995=ADVANCED_FACE('',(#1840),#62,.T.);
#1996=ADVANCED_FACE('',(#1841),#23,.T.);
#1997=ADVANCED_FACE('',(#1842),#63,.T.);
#1998=ADVANCED_FACE('',(#1843),#64,.F.);
#1999=ADVANCED_FACE('',(#1844),#65,.T.);
#2000=ADVANCED_FACE('',(#1845),#46,.T.);
#2001=ADVANCED_FACE('',(#1846),#66,.T.);
#2002=ADVANCED_FACE('',(#1847),#67,.T.);
#2003=ADVANCED_FACE('',(#1848),#47,.T.);
#2004=ADVANCED_FACE('',(#1849),#68,.T.);
#2005=ADVANCED_FACE('',(#1850),#48,.T.);
#2006=ADVANCED_FACE('',(#1851),#24,.T.);
#2007=ADVANCED_FACE('',(#1852),#69,.T.);
#2008=ADVANCED_FACE('',(#1853),#25,.T.);
#2009=ADVANCED_FACE('',(#1854),#70,.T.);
#2010=ADVANCED_FACE('',(#1855),#26,.T.);
#2011=ADVANCED_FACE('',(#1856),#49,.T.);
#2012=CLOSED_SHELL('',(#1892,#1893,#1894,#1895,#1896,#1897,#1898,#1899,
#1900,#1901,#1902,#1903,#1904,#1905,#1906,#1907,#1908,#1909,#1910,#1911,
#1912,#1913,#1914,#1915,#1916,#1917,#1918,#1919));
#2013=CLOSED_SHELL('',(#1920,#1921,#1922,#1923,#1924,#1925,#1926,#1927,
#1928,#1929,#1930,#1931,#1932,#1933,#1934,#1935,#1936));
#2014=CLOSED_SHELL('',(#1937,#1938,#1939,#1940,#1941,#1942,#1943,#1944,
#1945,#1946,#1947,#1948,#1949,#1950,#1951,#1952,#1953,#1954,#1955,#1956,
#1957,#1958,#1959,#1960,#1961,#1962,#1963,#1964,#1965,#1966,#1967,#1968,
#1969,#1970,#1971,#1972,#1973,#1974,#1975,#1976,#1977,#1978,#1979,#1980,
#1981,#1982,#1983,#1984,#1985,#1986,#1987,#1988,#1989,#1990,#1991,#1992,
#1993,#1994,#1995,#1996,#1997,#1998,#1999,#2000,#2001,#2002,#2003,#2004,
#2005,#2006,#2007,#2008,#2009,#2010,#2011));
#2015=STYLED_ITEM('',(#2018),#2039);
#2016=STYLED_ITEM('',(#2019),#2040);
#2017=STYLED_ITEM('',(#2020),#2041);
#2018=PRESENTATION_STYLE_ASSIGNMENT((#2021));
#2019=PRESENTATION_STYLE_ASSIGNMENT((#2022));
#2020=PRESENTATION_STYLE_ASSIGNMENT((#2023));
#2021=SURFACE_STYLE_USAGE(.BOTH.,#2024);
#2022=SURFACE_STYLE_USAGE(.BOTH.,#2025);
#2023=SURFACE_STYLE_USAGE(.BOTH.,#2026);
#2024=SURFACE_SIDE_STYLE('',(#2027));
#2025=SURFACE_SIDE_STYLE('',(#2028));
#2026=SURFACE_SIDE_STYLE('',(#2029));
#2027=SURFACE_STYLE_FILL_AREA(#2030);
#2028=SURFACE_STYLE_FILL_AREA(#2031);
#2029=SURFACE_STYLE_FILL_AREA(#2032);
#2030=FILL_AREA_STYLE('',(#2033));
#2031=FILL_AREA_STYLE('',(#2034));
#2032=FILL_AREA_STYLE('',(#2035));
#2033=FILL_AREA_STYLE_COLOUR('',#2036);
#2034=FILL_AREA_STYLE_COLOUR('',#2037);
#2035=FILL_AREA_STYLE_COLOUR('',#2038);
#2036=COLOUR_RGB('',0.541176470588235,0.682352941176471,0.83921568627451);
#2037=COLOUR_RGB('',0.262745098039216,0.282352941176471,0.301960784313725);
#2038=COLOUR_RGB('',0.909803921568627,0.572549019607843,0.164705882352941);
#2039=MANIFOLD_SOLID_BREP('Frenulum',#2012);
#2040=MANIFOLD_SOLID_BREP('Corona',#2013);
#2041=MANIFOLD_SOLID_BREP('Insulation',#2014);
#2042=SHAPE_DEFINITION_REPRESENTATION(#6565,#2045);
#2043=SHAPE_DEFINITION_REPRESENTATION(#6566,#2046);
#2044=SHAPE_DEFINITION_REPRESENTATION(#6567,#2047);
#2045=SHAPE_REPRESENTATION('Frenulum',(#2048),#6550);
#2046=SHAPE_REPRESENTATION('Corona',(#2073),#6551);
#2047=SHAPE_REPRESENTATION('Insulation',(#2089),#6552);
#2048=AXIS2_PLACEMENT_3D('',#2502,#2164,#2165);
#2049=AXIS2_PLACEMENT_3D('',#2801,#2171,#2172);
#2050=AXIS2_PLACEMENT_3D('',#2809,#2177,#2178);
#2051=AXIS2_PLACEMENT_3D('',#2814,#2181,#2182);
#2052=AXIS2_PLACEMENT_3D('',#2896,#2183,#2184);
#2053=AXIS2_PLACEMENT_3D('',#2915,#2185,#2186);
#2054=AXIS2_PLACEMENT_3D('',#2978,#2188,#2189);
#2055=AXIS2_PLACEMENT_3D('',#2979,#2190,#2191);
#2056=AXIS2_PLACEMENT_3D('',#2987,#2195,#2196);
#2057=AXIS2_PLACEMENT_3D('',#2990,#2198,#2199);
#2058=AXIS2_PLACEMENT_3D('',#2992,#2201,#2202);
#2059=AXIS2_PLACEMENT_3D('',#2994,#2204,#2205);
#2060=AXIS2_PLACEMENT_3D('',#2996,#2207,#2208);
#2061=AXIS2_PLACEMENT_3D('',#2998,#2210,#2211);
#2062=AXIS2_PLACEMENT_3D('',#2999,#2212,#2213);
#2063=AXIS2_PLACEMENT_3D('',#3000,#2214,#2215);
#2064=AXIS2_PLACEMENT_3D('',#3059,#2216,#2217);
#2065=AXIS2_PLACEMENT_3D('',#3081,#2218,#2219);
#2066=AXIS2_PLACEMENT_3D('',#3145,#2220,#2221);
#2067=AXIS2_PLACEMENT_3D('',#3170,#2222,#2223);
#2068=AXIS2_PLACEMENT_3D('',#3195,#2224,#2225);
#2069=AXIS2_PLACEMENT_3D('',#3217,#2226,#2227);
#2070=AXIS2_PLACEMENT_3D('',#3281,#2228,#2229);
#2071=AXIS2_PLACEMENT_3D('',#3303,#2230,#2231);
#2072=AXIS2_PLACEMENT_3D('',#3316,#2232,#2233);
#2073=AXIS2_PLACEMENT_3D('',#3317,#2234,#2235);
#2074=AXIS2_PLACEMENT_3D('',#3537,#2240,#2241);
#2075=AXIS2_PLACEMENT_3D('',#3618,#2244,#2245);
#2076=AXIS2_PLACEMENT_3D('',#3622,#2248,#2249);
#2077=AXIS2_PLACEMENT_3D('',#3673,#2252,#2253);
#2078=AXIS2_PLACEMENT_3D('',#3692,#2254,#2255);
#2079=AXIS2_PLACEMENT_3D('',#3795,#2256,#2257);
#2080=AXIS2_PLACEMENT_3D('',#3808,#2260,#2261);
#2081=AXIS2_PLACEMENT_3D('',#3811,#2263,#2264);
#2082=AXIS2_PLACEMENT_3D('',#3814,#2266,#2267);
#2083=AXIS2_PLACEMENT_3D('',#3822,#2269,#2270);
#2084=AXIS2_PLACEMENT_3D('',#3823,#2271,#2272);
#2085=AXIS2_PLACEMENT_3D('',#3825,#2273,#2274);
#2086=AXIS2_PLACEMENT_3D('',#3833,#2276,#2277);
#2087=AXIS2_PLACEMENT_3D('',#3834,#2278,#2279);
#2088=AXIS2_PLACEMENT_3D('',#4035,#2280,#2281);
#2089=AXIS2_PLACEMENT_3D('',#4057,#2282,#2283);
#2090=AXIS2_PLACEMENT_3D('',#4517,#2288,#2289);
#2091=AXIS2_PLACEMENT_3D('',#4543,#2293,#2294);
#2092=AXIS2_PLACEMENT_3D('',#4567,#2296,#2297);
#2093=AXIS2_PLACEMENT_3D('',#4588,#2299,#2300);
#2094=AXIS2_PLACEMENT_3D('',#4592,#2302,#2303);
#2095=AXIS2_PLACEMENT_3D('',#4596,#2305,#2306);
#2096=AXIS2_PLACEMENT_3D('',#4688,#2312,#2313);
#2097=AXIS2_PLACEMENT_3D('',#4855,#2318,#2319);
#2098=AXIS2_PLACEMENT_3D('',#4856,#2320,#2321);
#2099=AXIS2_PLACEMENT_3D('',#4909,#2325,#2326);
#2100=AXIS2_PLACEMENT_3D('',#4910,#2327,#2328);
#2101=AXIS2_PLACEMENT_3D('',#4916,#2331,#2332);
#2102=AXIS2_PLACEMENT_3D('',#4924,#2337,#2338);
#2103=AXIS2_PLACEMENT_3D('',#4927,#2341,#2342);
#2104=AXIS2_PLACEMENT_3D('',#4963,#2344,#2345);
#2105=AXIS2_PLACEMENT_3D('',#5088,#2348,#2349);
#2106=AXIS2_PLACEMENT_3D('',#5110,#2352,#2353);
#2107=AXIS2_PLACEMENT_3D('',#6269,#2358,#2359);
#2108=AXIS2_PLACEMENT_3D('',#6279,#2365,#2366);
#2109=AXIS2_PLACEMENT_3D('',#6289,#2372,#2373);
#2110=AXIS2_PLACEMENT_3D('',#6297,#2377,#2378);
#2111=AXIS2_PLACEMENT_3D('',#6305,#2382,#2383);
#2112=AXIS2_PLACEMENT_3D('',#6306,#2384,#2385);
#2113=AXIS2_PLACEMENT_3D('',#6312,#2389,#2390);
#2114=AXIS2_PLACEMENT_3D('',#6318,#2394,#2395);
#2115=AXIS2_PLACEMENT_3D('',#6319,#2396,#2397);
#2116=AXIS2_PLACEMENT_3D('',#6320,#2398,#2399);
#2117=AXIS2_PLACEMENT_3D('',#6321,#2400,#2401);
#2118=AXIS2_PLACEMENT_3D('',#6322,#2402,#2403);
#2119=AXIS2_PLACEMENT_3D('',#6324,#2405,#2406);
#2120=AXIS2_PLACEMENT_3D('',#6326,#2408,#2409);
#2121=AXIS2_PLACEMENT_3D('',#6327,#2410,#2411);
#2122=AXIS2_PLACEMENT_3D('',#6328,#2412,#2413);
#2123=AXIS2_PLACEMENT_3D('',#6337,#2416,#2417);
#2124=AXIS2_PLACEMENT_3D('',#6346,#2420,#2421);
#2125=AXIS2_PLACEMENT_3D('',#6347,#2422,#2423);
#2126=AXIS2_PLACEMENT_3D('',#6348,#2424,#2425);
#2127=AXIS2_PLACEMENT_3D('',#6350,#2427,#2428);
#2128=AXIS2_PLACEMENT_3D('',#6352,#2430,#2431);
#2129=AXIS2_PLACEMENT_3D('',#6353,#2432,#2433);
#2130=AXIS2_PLACEMENT_3D('',#6354,#2434,#2435);
#2131=AXIS2_PLACEMENT_3D('',#6355,#2436,#2437);
#2132=AXIS2_PLACEMENT_3D('',#6356,#2438,#2439);
#2133=AXIS2_PLACEMENT_3D('',#6357,#2440,#2441);
#2134=AXIS2_PLACEMENT_3D('',#6358,#2442,#2443);
#2135=AXIS2_PLACEMENT_3D('',#6359,#2444,#2445);
#2136=AXIS2_PLACEMENT_3D('',#6360,#2446,#2447);
#2137=AXIS2_PLACEMENT_3D('',#6361,#2448,#2449);
#2138=AXIS2_PLACEMENT_3D('',#6362,#2450,#2451);
#2139=AXIS2_PLACEMENT_3D('',#6363,#2452,#2453);
#2140=AXIS2_PLACEMENT_3D('',#6364,#2454,#2455);
#2141=AXIS2_PLACEMENT_3D('',#6365,#2456,#2457);
#2142=AXIS2_PLACEMENT_3D('',#6366,#2458,#2459);
#2143=AXIS2_PLACEMENT_3D('',#6367,#2460,#2461);
#2144=AXIS2_PLACEMENT_3D('',#6368,#2462,#2463);
#2145=AXIS2_PLACEMENT_3D('',#6369,#2464,#2465);
#2146=AXIS2_PLACEMENT_3D('',#6370,#2466,#2467);
#2147=AXIS2_PLACEMENT_3D('',#6389,#2468,#2469);
#2148=AXIS2_PLACEMENT_3D('',#6390,#2470,#2471);
#2149=AXIS2_PLACEMENT_3D('',#6391,#2472,#2473);
#2150=AXIS2_PLACEMENT_3D('',#6392,#2474,#2475);
#2151=AXIS2_PLACEMENT_3D('',#6411,#2476,#2477);
#2152=AXIS2_PLACEMENT_3D('',#6412,#2478,#2479);
#2153=AXIS2_PLACEMENT_3D('',#6464,#2480,#2481);
#2154=AXIS2_PLACEMENT_3D('',#6465,#2482,#2483);
#2155=AXIS2_PLACEMENT_3D('',#6466,#2484,#2485);
#2156=AXIS2_PLACEMENT_3D('',#6467,#2486,#2487);
#2157=AXIS2_PLACEMENT_3D('',#6468,#2488,#2489);
#2158=AXIS2_PLACEMENT_3D('',#6469,#2490,#2491);
#2159=AXIS2_PLACEMENT_3D('',#6470,#2492,#2493);
#2160=AXIS2_PLACEMENT_3D('',#6471,#2494,#2495);
#2161=AXIS2_PLACEMENT_3D('',#6472,#2496,#2497);
#2162=AXIS2_PLACEMENT_3D('',#6473,#2498,#2499);
#2163=AXIS2_PLACEMENT_3D('',#6474,#2500,#2501);
#2164=DIRECTION('',(0.,0.,1.));
#2165=DIRECTION('',(1.,0.,0.));
#2166=DIRECTION('',(0.,0.,-1.));
#2167=DIRECTION('',(0.,0.,-1.));
#2168=DIRECTION('',(0.,0.,-1.));
#2169=DIRECTION('',(0.,0.,-1.));
#2170=DIRECTION('',(0.,0.,-1.));
#2171=DIRECTION('',(0.,0.,-1.));
#2172=DIRECTION('',(-1.,0.,0.));
#2173=DIRECTION('',(-0.375521931577134,-0.926813508158237,0.));
#2174=DIRECTION('',(0.,1.,0.));
#2175=DIRECTION('',(0.,1.,0.));
#2176=DIRECTION('',(0.375521931577134,0.926813508158237,0.));
#2177=DIRECTION('',(0.,0.,1.));
#2178=DIRECTION('',(1.,0.,0.));
#2179=DIRECTION('',(0.375521931577134,0.926813508158237,0.));
#2180=DIRECTION('',(-0.926813508158237,0.375521931577134,0.));
#2181=DIRECTION('',(0.,0.,1.));
#2182=DIRECTION('',(1.,0.,0.));
#2183=DIRECTION('',(1.,0.,-1.5770213417971E-16));
#2184=DIRECTION('',(-1.5770213417971E-16,0.,-1.));
#2185=DIRECTION('',(1.,0.,1.5770213417971E-16));
#2186=DIRECTION('',(1.5770213417971E-16,0.,-1.));
#2187=DIRECTION('',(0.,0.,-1.));
#2188=DIRECTION('',(0.,0.,1.));
#2189=DIRECTION('',(1.,0.,0.));
#2190=DIRECTION('',(0.,0.,1.));
#2191=DIRECTION('',(1.,0.,0.));
#2192=DIRECTION('',(-0.375521931577134,-0.926813508158237,0.));
#2193=DIRECTION('',(-0.926813508158237,0.375521931577134,0.));
#2194=DIRECTION('',(0.375521931577134,0.926813508158237,0.));
#2195=DIRECTION('',(0.,0.,1.));
#2196=DIRECTION('',(1.,0.,0.));
#2197=DIRECTION('',(0.375521931577134,0.926813508158237,0.));
#2198=DIRECTION('',(-0.926813508158237,0.375521931577134,0.));
#2199=DIRECTION('',(-0.375521931577134,-0.926813508158237,0.));
#2200=DIRECTION('',(0.,0.,-1.));
#2201=DIRECTION('',(0.926813508158237,-0.375521931577134,0.));
#2202=DIRECTION('',(0.375521931577134,0.926813508158237,0.));
#2203=DIRECTION('',(0.,0.,-1.));
#2204=DIRECTION('',(-0.375521931577134,-0.926813508158237,0.));
#2205=DIRECTION('',(0.926813508158237,-0.375521931577134,0.));
#2206=DIRECTION('',(0.,0.,-1.));
#2207=DIRECTION('',(-0.926813508158237,0.375521931577134,0.));
#2208=DIRECTION('',(-0.375521931577134,-0.926813508158237,0.));
#2209=DIRECTION('',(0.,0.,-1.));
#2210=DIRECTION('',(0.,0.,-1.));
#2211=DIRECTION('',(-1.,0.,0.));
#2212=DIRECTION('',(0.,0.,-1.));
#2213=DIRECTION('',(-1.,0.,0.));
#2214=DIRECTION('',(0.,0.,1.));
#2215=DIRECTION('',(1.,0.,0.));
#2216=DIRECTION('',(0.940330646242935,-0.299881900844469,0.160776619202706));
#2217=DIRECTION('',(0.303834539060485,0.952724814872533,0.));
#2218=DIRECTION('',(0.0406458978865464,-0.00779872225290298,-0.999143178386471));
#2219=DIRECTION('',(-0.999173563750922,0.,-0.0406471339860839));
#2220=DIRECTION('',(0.0397970600823044,0.0076353225075977,0.999178610589223));
#2221=DIRECTION('',(0.999207736994897,0.,-0.0397982201805133));
#2222=DIRECTION('',(0.940336612715066,0.299867656144991,-0.160768291605236));
#2223=DIRECTION('',(-0.303819689044818,0.952729550580179,0.));
#2224=DIRECTION('',(-0.937062057183837,-0.306259143976981,0.167690302990014));
#2225=DIRECTION('',(0.310658148971506,-0.95052170647366,0.));
#2226=DIRECTION('',(-0.0426553195279257,-0.00844129613955529,-0.999054186836457));
#2227=DIRECTION('',(-0.999089782781845,0.,0.0426568393217912));
#2228=DIRECTION('',(-0.0435740316534659,0.00862295954254069,0.999012987069833));
#2229=DIRECTION('',(0.999050130161939,0.,0.0435756517267704));
#2230=DIRECTION('',(-0.937060383736977,0.306263010573737,-0.167692592516844));
#2231=DIRECTION('',(-0.310662193831629,-0.950520384486161,0.));
#2232=DIRECTION('',(0.,0.,1.));
#2233=DIRECTION('',(1.,0.,0.));
#2234=DIRECTION('',(0.,0.,1.));
#2235=DIRECTION('',(1.,0.,0.));
#2236=DIRECTION('',(0.,0.,-1.));
#2237=DIRECTION('',(0.,0.,-1.));
#2238=DIRECTION('',(0.,0.,-1.));
#2239=DIRECTION('',(0.,0.,-1.));
#2240=DIRECTION('',(0.,0.,-1.));
#2241=DIRECTION('',(-1.,0.,0.));
#2242=DIRECTION('',(0.,1.,0.));
#2243=DIRECTION('',(0.,-1.,0.));
#2244=DIRECTION('',(0.,0.,1.));
#2245=DIRECTION('',(1.,0.,0.));
#2246=DIRECTION('',(3.46944695195362E-16,-1.,0.));
#2247=DIRECTION('',(0.,1.,0.));
#2248=DIRECTION('',(0.,0.,1.));
#2249=DIRECTION('',(1.,0.,0.));
#2250=DIRECTION('',(0.,0.,-1.));
#2251=DIRECTION('',(0.,0.,-1.));
#2252=DIRECTION('',(1.,0.,-1.5770213417971E-16));
#2253=DIRECTION('',(-1.5770213417971E-16,0.,-1.));
#2254=DIRECTION('',(1.,0.,1.5770213417971E-16));
#2255=DIRECTION('',(1.5770213417971E-16,0.,-1.));
#2256=DIRECTION('',(0.,0.,-1.));
#2257=DIRECTION('',(0.000260349678756713,0.999999966109022,0.));
#2258=DIRECTION('',(0.,0.,-1.));
#2259=DIRECTION('',(0.,0.,-1.));
#2260=DIRECTION('',(0.,0.,-1.));
#2261=DIRECTION('',(-1.,0.,0.));
#2262=DIRECTION('',(0.,0.,-1.));
#2263=DIRECTION('',(0.,0.,1.));
#2264=DIRECTION('',(1.,0.,0.));
#2265=DIRECTION('',(0.,0.,-1.));
#2266=DIRECTION('',(1.,0.,0.));
#2267=DIRECTION('',(0.,0.,-1.));
#2268=DIRECTION('',(0.,-1.,0.));
#2269=DIRECTION('',(0.,0.,-1.));
#2270=DIRECTION('',(-1.,0.,0.));
#2271=DIRECTION('',(0.,0.,1.));
#2272=DIRECTION('',(1.,0.,0.));
#2273=DIRECTION('',(1.,3.46944695195362E-16,0.));
#2274=DIRECTION('',(-3.46944695195362E-16,1.,0.));
#2275=DIRECTION('',(3.46944695195362E-16,-1.,0.));
#2276=DIRECTION('',(0.,0.,1.));
#2277=DIRECTION('',(1.,0.,0.));
#2278=DIRECTION('',(0.,0.,1.));
#2279=DIRECTION('',(1.,0.,0.));
#2280=DIRECTION('',(0.,0.,1.));
#2281=DIRECTION('',(1.,0.,0.));
#2282=DIRECTION('',(0.,0.,1.));
#2283=DIRECTION('',(1.,0.,0.));
#2284=DIRECTION('',(0.,0.,-1.));
#2285=DIRECTION('',(0.,0.,-1.));
#2286=DIRECTION('',(0.,0.,-1.));
#2287=DIRECTION('',(0.,0.,-1.));
#2288=DIRECTION('',(1.,0.,1.5770213417971E-16));
#2289=DIRECTION('',(1.5770213417971E-16,0.,-1.));
#2290=DIRECTION('',(0.,0.,-1.));
#2291=DIRECTION('',(0.,1.,0.));
#2292=DIRECTION('',(0.,0.,-1.));
#2293=DIRECTION('',(0.,0.,-1.));
#2294=DIRECTION('',(-1.,0.,0.));
#2295=DIRECTION('',(-0.375521931577134,-0.926813508158237,0.));
#2296=DIRECTION('',(0.,0.,-1.));
#2297=DIRECTION('',(-1.,0.,0.));
#2298=DIRECTION('',(-0.375521931577134,-0.926813508158237,0.));
#2299=DIRECTION('',(0.,0.,-1.));
#2300=DIRECTION('',(-1.,0.,0.));
#2301=DIRECTION('',(0.,-1.,0.));
#2302=DIRECTION('',(0.,0.,-1.));
#2303=DIRECTION('',(-1.,0.,0.));
#2304=DIRECTION('',(3.46944695195362E-16,-1.,0.));
#2305=DIRECTION('',(0.,0.,-1.));
#2306=DIRECTION('',(-1.,0.,0.));
#2307=DIRECTION('',(0.,-1.,0.));
#2308=DIRECTION('',(0.,1.,0.));
#2309=DIRECTION('',(-0.375521931577134,-0.926813508158237,0.));
#2310=DIRECTION('',(-0.926813508158237,0.375521931577134,0.));
#2311=DIRECTION('',(0.375521931577134,0.926813508158237,0.));
#2312=DIRECTION('',(0.,0.,1.));
#2313=DIRECTION('',(1.,0.,0.));
#2314=DIRECTION('',(0.375521931577134,0.926813508158237,0.));
#2315=DIRECTION('',(0.,1.,0.));
#2316=DIRECTION('',(0.,1.,0.));
#2317=DIRECTION('',(3.46944695195362E-16,-1.,0.));
#2318=DIRECTION('',(0.,0.,1.));
#2319=DIRECTION('',(1.,0.,0.));
#2320=DIRECTION('',(1.,0.,1.5770213417971E-16));
#2321=DIRECTION('',(1.5770213417971E-16,0.,-1.));
#2322=DIRECTION('',(0.,0.,-1.));
#2323=DIRECTION('',(0.,0.,-1.));
#2324=DIRECTION('',(0.,0.,-1.));
#2325=DIRECTION('',(0.,0.,1.));
#2326=DIRECTION('',(1.,0.,0.));
#2327=DIRECTION('',(0.,0.,1.));
#2328=DIRECTION('',(1.,0.,0.));
#2329=DIRECTION('',(0.375521931577134,0.926813508158237,0.));
#2330=DIRECTION('',(0.375521931577134,0.926813508158237,0.));
#2331=DIRECTION('',(0.,0.,1.));
#2332=DIRECTION('',(1.,0.,0.));
#2333=DIRECTION('',(0.375521931577134,0.926813508158237,0.));
#2334=DIRECTION('',(-0.926813508158237,0.375521931577134,0.));
#2335=DIRECTION('',(-0.375521931577134,-0.926813508158237,0.));
#2336=DIRECTION('',(0.375521931577134,0.926813508158237,0.));
#2337=DIRECTION('',(-0.375521931577134,-0.926813508158237,0.));
#2338=DIRECTION('',(0.926813508158237,-0.375521931577134,0.));
#2339=DIRECTION('',(0.,0.,-1.));
#2340=DIRECTION('',(0.,0.,-1.));
#2341=DIRECTION('',(0.926813508158237,-0.375521931577134,0.));
#2342=DIRECTION('',(0.375521931577134,0.926813508158237,0.));
#2343=DIRECTION('',(-0.375521931577134,-0.926813508158237,0.));
#2344=DIRECTION('',(0.,0.,1.));
#2345=DIRECTION('',(1.,0.,0.));
#2346=DIRECTION('',(0.375521931577134,0.926813508158237,0.));
#2347=DIRECTION('',(0.,0.,-1.));
#2348=DIRECTION('',(1.,0.,-1.5770213417971E-16));
#2349=DIRECTION('',(-1.5770213417971E-16,0.,-1.));
#2350=DIRECTION('',(0.,0.,-1.));
#2351=DIRECTION('',(0.,0.,-1.));
#2352=DIRECTION('',(1.,0.,-1.5770213417971E-16));
#2353=DIRECTION('',(-1.5770213417971E-16,0.,-1.));
#2354=DIRECTION('',(0.,0.,-1.));
#2355=DIRECTION('',(0.,0.,-1.));
#2356=DIRECTION('',(0.,0.,-1.));
#2357=DIRECTION('',(0.,0.,-1.));
#2358=DIRECTION('',(1.,3.46944695195362E-16,0.));
#2359=DIRECTION('',(-3.46944695195362E-16,1.,0.));
#2360=DIRECTION('',(3.46944695195362E-16,-1.,0.));
#2361=DIRECTION('',(0.,0.,-1.));
#2362=DIRECTION('',(0.,0.,-1.));
#2363=DIRECTION('',(3.46944695195362E-16,-1.,0.));
#2364=DIRECTION('',(0.,0.,-1.));
#2365=DIRECTION('',(1.,0.,0.));
#2366=DIRECTION('',(0.,0.,-1.));
#2367=DIRECTION('',(0.,0.,-1.));
#2368=DIRECTION('',(0.,-1.,0.));
#2369=DIRECTION('',(0.,0.,-1.));
#2370=DIRECTION('',(0.,-1.,0.));
#2371=DIRECTION('',(0.,0.,1.));
#2372=DIRECTION('',(0.,0.,1.));
#2373=DIRECTION('',(3.46944695195362E-16,-1.,0.));
#2374=DIRECTION('',(0.,-1.,0.));
#2375=DIRECTION('',(-1.,0.,0.));
#2376=DIRECTION('',(0.,-1.,0.));
#2377=DIRECTION('',(0.,0.,1.));
#2378=DIRECTION('',(1.,0.,0.));
#2379=DIRECTION('',(3.46944695195362E-16,-1.,0.));
#2380=DIRECTION('',(1.,3.46944695195362E-16,0.));
#2381=DIRECTION('',(3.46944695195362E-16,-1.,0.));
#2382=DIRECTION('',(0.,0.,1.));
#2383=DIRECTION('',(1.,0.,0.));
#2384=DIRECTION('',(3.46944695195362E-16,-1.,0.));
#2385=DIRECTION('',(0.,0.,-1.));
#2386=DIRECTION('',(0.,0.,-1.));
#2387=DIRECTION('',(1.,3.46944695195362E-16,0.));
#2388=DIRECTION('',(0.,0.,-1.));
#2389=DIRECTION('',(0.,-1.,0.));
#2390=DIRECTION('',(0.,0.,-1.));
#2391=DIRECTION('',(0.,0.,-1.));
#2392=DIRECTION('',(-1.,0.,0.));
#2393=DIRECTION('',(0.,0.,-1.));
#2394=DIRECTION('',(0.,0.,-1.));
#2395=DIRECTION('',(-1.,0.,0.));
#2396=DIRECTION('',(0.,0.,-1.));
#2397=DIRECTION('',(-1.,0.,0.));
#2398=DIRECTION('',(0.,0.,1.));
#2399=DIRECTION('',(1.,0.,0.));
#2400=DIRECTION('',(1.,0.,0.));
#2401=DIRECTION('',(0.,0.,-1.));
#2402=DIRECTION('',(1.,0.,0.));
#2403=DIRECTION('',(0.,0.,-1.));
#2404=DIRECTION('',(0.,0.,-1.));
#2405=DIRECTION('',(0.,0.,-1.));
#2406=DIRECTION('',(-1.,0.,0.));
#2407=DIRECTION('',(0.,0.,-1.));
#2408=DIRECTION('',(1.,3.46944695195362E-16,0.));
#2409=DIRECTION('',(-3.46944695195362E-16,1.,0.));
#2410=DIRECTION('',(1.,3.46944695195362E-16,0.));
#2411=DIRECTION('',(-3.46944695195362E-16,1.,0.));
#2412=DIRECTION('',(-0.926813508158237,0.375521931577134,0.));
#2413=DIRECTION('',(-0.375521931577134,-0.926813508158237,0.));
#2414=DIRECTION('',(0.375521931577134,0.926813508158237,0.));
#2415=DIRECTION('',(0.,0.,1.));
#2416=DIRECTION('',(-0.926813508158237,0.375521931577134,0.));
#2417=DIRECTION('',(-0.375521931577134,-0.926813508158237,0.));
#2418=DIRECTION('',(0.,0.,-1.));
#2419=DIRECTION('',(0.375521931577134,0.926813508158237,0.));
#2420=DIRECTION('',(0.,0.,-1.));
#2421=DIRECTION('',(-1.,0.,0.));
#2422=DIRECTION('',(0.,0.,1.));
#2423=DIRECTION('',(1.,0.,0.));
#2424=DIRECTION('',(-0.926813508158237,0.375521931577134,0.));
#2425=DIRECTION('',(-0.375521931577134,-0.926813508158237,0.));
#2426=DIRECTION('',(0.,0.,-1.));
#2427=DIRECTION('',(0.,0.,-1.));
#2428=DIRECTION('',(-1.,0.,0.));
#2429=DIRECTION('',(0.,0.,-1.));
#2430=DIRECTION('',(-0.926813508158237,0.375521931577134,0.));
#2431=DIRECTION('',(-0.375521931577134,-0.926813508158237,0.));
#2432=DIRECTION('',(0.375521931577134,0.926813508158237,0.));
#2433=DIRECTION('',(-0.926813508158237,0.375521931577134,0.));
#2434=DIRECTION('',(-0.375521931577135,-0.926813508158237,0.));
#2435=DIRECTION('',(0.926813508158237,-0.375521931577135,0.));
#2436=DIRECTION('',(0.,0.,1.));
#2437=DIRECTION('',(1.,0.,0.));
#2438=DIRECTION('',(0.375521931577135,0.926813508158237,0.));
#2439=DIRECTION('',(-0.926813508158237,0.375521931577135,0.));
#2440=DIRECTION('',(-0.375521931577134,-0.926813508158237,0.));
#2441=DIRECTION('',(0.926813508158237,-0.375521931577134,0.));
#2442=DIRECTION('',(0.,0.,-1.));
#2443=DIRECTION('',(-1.,0.,0.));
#2444=DIRECTION('',(0.,0.,-1.));
#2445=DIRECTION('',(-1.,0.,0.));
#2446=DIRECTION('',(0.,1.,0.));
#2447=DIRECTION('',(0.,0.,1.));
#2448=DIRECTION('',(0.,1.,0.));
#2449=DIRECTION('',(0.,0.,1.));
#2450=DIRECTION('',(0.,1.,0.));
#2451=DIRECTION('',(0.,0.,1.));
#2452=DIRECTION('',(0.,0.,1.));
#2453=DIRECTION('',(1.,0.,0.));
#2454=DIRECTION('',(0.,-1.,0.));
#2455=DIRECTION('',(0.,0.,-1.));
#2456=DIRECTION('',(3.46944695195362E-16,-1.,0.));
#2457=DIRECTION('',(1.,3.46944695195362E-16,0.));
#2458=DIRECTION('',(0.,1.,0.));
#2459=DIRECTION('',(0.,0.,1.));
#2460=DIRECTION('',(0.,0.,-1.));
#2461=DIRECTION('',(-1.,0.,0.));
#2462=DIRECTION('',(0.,0.,-1.));
#2463=DIRECTION('',(-1.,0.,0.));
#2464=DIRECTION('',(0.,0.,1.));
#2465=DIRECTION('',(1.,0.,0.));
#2466=DIRECTION('',(-0.514495755427526,0.,-0.857492925712544));
#2467=DIRECTION('',(-0.857492925712544,0.,0.514495755427527));
#2468=DIRECTION('',(-0.857492925712544,0.,-0.514495755427526));
#2469=DIRECTION('',(-0.514495755427526,0.,0.857492925712545));
#2470=DIRECTION('',(-1.,0.,0.));
#2471=DIRECTION('',(0.,0.,1.));
#2472=DIRECTION('',(0.,0.,-1.));
#2473=DIRECTION('',(-1.,0.,0.));
#2474=DIRECTION('',(-0.514495755427526,-1.7850157304611E-16,0.857492925712544));
#2475=DIRECTION('',(0.857492925712544,0.,0.514495755427526));
#2476=DIRECTION('',(-0.857492925712544,-2.97502621743517E-16,0.514495755427526));
#2477=DIRECTION('',(0.514495755427526,0.,0.857492925712544));
#2478=DIRECTION('',(1.,3.46944695195362E-16,0.));
#2479=DIRECTION('',(-3.46944695195362E-16,1.,0.));
#2480=DIRECTION('',(0.990793934914919,0.135378648744223,0.));
#2481=DIRECTION('',(-0.135378648744223,0.990793934914919,0.));
#2482=DIRECTION('',(0.,0.,-1.));
#2483=DIRECTION('',(-1.,0.,0.));
#2484=DIRECTION('',(0.,1.,0.));
#2485=DIRECTION('',(0.,0.,1.));
#2486=DIRECTION('',(0.,1.,0.));
#2487=DIRECTION('',(0.,0.,1.));
#2488=DIRECTION('',(0.,1.,0.));
#2489=DIRECTION('',(0.,0.,1.));
#2490=DIRECTION('',(0.,0.,-1.));
#2491=DIRECTION('',(-1.,0.,0.));
#2492=DIRECTION('',(0.,-1.,0.));
#2493=DIRECTION('',(0.,0.,-1.));
#2494=DIRECTION('',(3.46944695195362E-16,-1.,0.));
#2495=DIRECTION('',(1.,3.46944695195362E-16,0.));
#2496=DIRECTION('',(0.,-1.,0.));
#2497=DIRECTION('',(0.,0.,-1.));
#2498=DIRECTION('',(0.,0.,-1.));
#2499=DIRECTION('',(-1.,0.,0.));
#2500=DIRECTION('',(0.990793934914919,-0.135378648744221,0.));
#2501=DIRECTION('',(0.135378648744221,0.990793934914919,0.));
#2502=CARTESIAN_POINT('',(0.,0.,0.));
#2503=CARTESIAN_POINT('',(-0.00850000000002358,-0.0114972951853467,0.0196377732320511));
#2504=CARTESIAN_POINT('',(-0.00850000000002358,-0.0114972951853467,0.));
#2505=CARTESIAN_POINT('',(-0.00720298435872073,-0.0121005991127619,0.0196377732320511));
#2506=CARTESIAN_POINT('',(-0.00720298435872073,-0.0121005991127619,-2.08166817117217E-17));
#2507=CARTESIAN_POINT('',(-0.00518952580258441,-0.0129530914121844,0.0196377732320511));
#2508=CARTESIAN_POINT('',(-0.00518952580258441,-0.0129530914121844,1.38777878078145E-17));
#2509=CARTESIAN_POINT('',(-0.00230381733451682,-0.0136680736173416,0.0196377732320511));
#2510=CARTESIAN_POINT('',(-0.00230381733451682,-0.0136680736173416,-1.04083408558608E-17));
#2511=CARTESIAN_POINT('',(-1.56747093664497E-14,-0.0138862131913279,0.0196377732320511));
#2512=CARTESIAN_POINT('',(-1.56747093664497E-14,-0.0138862131913279,1.04083408558608E-17));
#2513=CARTESIAN_POINT('',(0.00230381733448754,-0.0136680736173469,0.0196377732320511));
#2514=CARTESIAN_POINT('',(0.00230381733448754,-0.0136680736173469,-3.46944695195361E-18));
#2515=CARTESIAN_POINT('',(0.00518952580255677,-0.0129530914121943,0.0196377732320511));
#2516=CARTESIAN_POINT('',(0.00518952580255677,-0.0129530914121943,-3.46944695195361E-18));
#2517=CARTESIAN_POINT('',(0.0072029843586947,-0.0121005991127731,0.0196377732320511));
#2518=CARTESIAN_POINT('',(0.0072029843586947,-0.0121005991127731,0.));
#2519=CARTESIAN_POINT('',(0.00849999999999788,-0.0114972951853586,0.0196377732320511));
#2520=CARTESIAN_POINT('',(0.00849999999999788,-0.0114972951853586,0.));
#2521=CARTESIAN_POINT('',(0.0085,-0.0114972951853576,0.022));
#2522=CARTESIAN_POINT('',(0.0085,-0.0114972951854841,0.));
#2523=CARTESIAN_POINT('',(0.0085,-0.0114972951853576,0.0186811933463966));
#2524=CARTESIAN_POINT('',(0.0085,-0.0114972951853576,0.0186811933463966));
#2525=CARTESIAN_POINT('',(0.00728098424665422,-0.0120643176391769,0.0189953710337076));
#2526=CARTESIAN_POINT('',(0.00603917909182195,-0.0125925379106688,0.0192759202261319));
#2527=CARTESIAN_POINT('',(0.00473736134567593,-0.0130076797130683,0.0194883084791075));
#2528=CARTESIAN_POINT('',(0.00473736134567593,-0.0130076797130683,0.0194883084791075));
#2529=CARTESIAN_POINT('',(0.00473736134567593,-0.0130076797130683,0.0194883084791075));
#2530=CARTESIAN_POINT('',(0.00421353415894701,-0.0131747250334761,0.0195737695518149));
#2531=CARTESIAN_POINT('',(0.00309006640098775,-0.0134731931494019,0.0192340911332181));
#2532=CARTESIAN_POINT('',(0.00263818292639293,-0.0135501761333474,0.0181287508471946));
#2533=CARTESIAN_POINT('',(0.00261460895100139,-0.0135546989524835,0.0175740135162919));
#2534=CARTESIAN_POINT('',(0.00261460895100142,-0.0135546989524835,0.0175740135162919));
#2535=CARTESIAN_POINT('',(0.00261460895100142,-0.0135546989524835,0.0175740135162919));
#2536=CARTESIAN_POINT('',(0.00257427511988569,-0.0135624372579817,0.0166248871408258));
#2537=CARTESIAN_POINT('',(0.00249173872486054,-0.0135780920625314,0.0152017433466535));
#2538=CARTESIAN_POINT('',(0.00232953123841663,-0.0136068837531981,0.0133108060767229));
#2539=CARTESIAN_POINT('',(0.00217660772421213,-0.0136326486229158,0.0118963611392111));
#2540=CARTESIAN_POINT('',(0.00198095776181111,-0.0136632439155466,0.0104884319404703));
#2541=CARTESIAN_POINT('',(0.00176569841679531,-0.013693934213257,0.00931850158046434));
#2542=CARTESIAN_POINT('',(0.00151596254225415,-0.0137247730999002,0.00839983947662122));
#2543=CARTESIAN_POINT('',(0.00125812704030389,-0.0137530568672954,0.00773274359943864));
#2544=CARTESIAN_POINT('',(0.000780817395835728,-0.0137941584103721,0.00716572935809792));
#2545=CARTESIAN_POINT('',(6.46498057863508E-5,-0.0138211248748834,0.00693425349722521));
#2546=CARTESIAN_POINT('',(-0.000663539050409427,-0.0138013911763698,0.00710317550437351));
#2547=CARTESIAN_POINT('',(-0.00118852615323268,-0.0137600220399518,0.0076305459416489));
#2548=CARTESIAN_POINT('',(-0.00146940620202275,-0.013730123544107,0.00829798967899863));
#2549=CARTESIAN_POINT('',(-0.00173246215720862,-0.0136984326291298,0.00922122164429699));
#2550=CARTESIAN_POINT('',(-0.00195686013057809,-0.0136668445184104,0.0104032310239791));
#2551=CARTESIAN_POINT('',(-0.00216046251230032,-0.0136352909470687,0.0118301360888008));
#2552=CARTESIAN_POINT('',(-0.00231929990950444,-0.0136086628731308,0.0132632982010806));
#2553=CARTESIAN_POINT('',(-0.00248757207716776,-0.0135788816796574,0.0151768623586734));
#2554=CARTESIAN_POINT('',(-0.00257313314194121,-0.0135626569110233,0.0166154448975099));
#2555=CARTESIAN_POINT('',(-0.00261481130863439,-0.0135546601275112,0.0175756914801965));
#2556=CARTESIAN_POINT('',(-0.00261481130863438,-0.0135546601275112,0.0175756914801965));
#2557=CARTESIAN_POINT('',(-0.00261481130863438,-0.0135546601275112,0.0175756914801965));
#2558=CARTESIAN_POINT('',(-0.00263884703789746,-0.0135500483957842,0.0181294640840522));
#2559=CARTESIAN_POINT('',(-0.00309446607024484,-0.0134722301828161,0.0192384011024559));
#2560=CARTESIAN_POINT('',(-0.00421544382150195,-0.0131741250187483,0.0195734631957906));
#2561=CARTESIAN_POINT('',(-0.00473768596296894,-0.0130075761917905,0.0194882555170053));
#2562=CARTESIAN_POINT('',(-0.00473768596296894,-0.0130075761917905,0.0194882555170053));
#2563=CARTESIAN_POINT('',(-0.00473768596296894,-0.0130075761917905,0.0194882555170053));
#2564=CARTESIAN_POINT('',(-0.00603938615244073,-0.0125924495245494,0.0192758734764695));
#2565=CARTESIAN_POINT('',(-0.00728108609567366,-0.0120642702643332,0.0189953447840966));
#2566=CARTESIAN_POINT('',(-0.0085,-0.0114972951853576,0.0186811933463966));
#2567=CARTESIAN_POINT('',(-0.0085,-0.0114972951853576,0.0186811933463966));
#2568=CARTESIAN_POINT('',(-0.0085,-0.0114972951853576,0.022));
#2569=CARTESIAN_POINT('',(-0.0085,-0.011497295185296,0.013));
#2570=CARTESIAN_POINT('',(0.00473709160298742,0.0211368853135106,0.013));
#2571=CARTESIAN_POINT('',(-3.79470760369927E-18,0.0214625573432447,0.013));
#2572=CARTESIAN_POINT('',(-0.00473709160298741,0.0211368853135106,0.013));
#2573=CARTESIAN_POINT('',(-0.00849458622659791,0.0203202612871745,0.013));
#2574=CARTESIAN_POINT('',(-0.0112789949867082,0.0193178722871993,0.013));
#2575=CARTESIAN_POINT('',(-0.0132287861138816,0.0183791079600722,0.013));
#2576=CARTESIAN_POINT('',(-0.0147134429147902,0.0174251528378125,0.013));
#2577=CARTESIAN_POINT('',(-0.0157959420517809,0.0165475803325772,0.013));
#2578=CARTESIAN_POINT('',(-0.0165511606695403,0.0158251887629525,0.013));
#2579=CARTESIAN_POINT('',(-0.0172282767718812,0.0150520724832548,0.013));
#2580=CARTESIAN_POINT('',(-0.0180237487605827,0.0139684893721872,0.013));
#2581=CARTESIAN_POINT('',(-0.0188214277724343,0.0125311505916836,0.013));
#2582=CARTESIAN_POINT('',(-0.0194890300866743,0.0107287383490174,0.013));
#2583=CARTESIAN_POINT('',(-0.0199045865568636,0.00888965032819773,0.013));
#2584=CARTESIAN_POINT('',(-0.0201069651548433,0.00704254408882537,0.013));
#2585=CARTESIAN_POINT('',(-0.0201275140754395,0.00551480974795862,0.013));
#2586=CARTESIAN_POINT('',(-0.0200713688729572,0.00430752231150176,0.013));
#2587=CARTESIAN_POINT('',(-0.0199673409066004,0.00309922119094959,0.013));
#2588=CARTESIAN_POINT('',(-0.0197456934636773,0.00159742616607075,0.013));
#2589=CARTESIAN_POINT('',(-0.0193274275988207,-0.000173919871949641,0.013));
#2590=CARTESIAN_POINT('',(-0.0187490127352458,-0.0018945043733378,0.013));
#2591=CARTESIAN_POINT('',(-0.0179996354676266,-0.00354406774873136,0.013));
#2592=CARTESIAN_POINT('',(-0.0172239873144778,-0.00483756089903801,0.013));
#2593=CARTESIAN_POINT('',(-0.0165022104988727,-0.00581324426141341,0.013));
#2594=CARTESIAN_POINT('',(-0.015725265566553,-0.00672741313340592,0.013));
#2595=CARTESIAN_POINT('',(-0.0146760163995511,-0.00774828348320223,0.013));
#2596=CARTESIAN_POINT('',(-0.013330755112653,-0.00880421604814517,0.013));
#2597=CARTESIAN_POINT('',(-0.0119341782122319,-0.00971757939484429,0.013));
#2598=CARTESIAN_POINT('',(-0.0105153240216449,-0.0105155363576202,0.013));
#2599=CARTESIAN_POINT('',(-0.00933295720841057,-0.011106183515144,0.013));
#2600=CARTESIAN_POINT('',(-0.00840504609160159,-0.0115432398226017,0.013));
#2601=CARTESIAN_POINT('',(-0.00746742934805913,-0.011969722418987,0.013));
#2602=CARTESIAN_POINT('',(-0.00626937247912694,-0.012475984354941,0.013));
#2603=CARTESIAN_POINT('',(-0.00478657416967097,-0.0130118813447591,0.013));
#2604=CARTESIAN_POINT('',(-0.00325166391302865,-0.0134447645328828,0.013));
#2605=CARTESIAN_POINT('',(-0.00192388807304848,-0.0136894475814144,0.013));
#2606=CARTESIAN_POINT('',(-0.000833885212860879,-0.013794734296469,0.013));
#2607=CARTESIAN_POINT('',(-5.30787351060835E-18,-0.0138228828517655,0.013));
#2608=CARTESIAN_POINT('',(0.000833885212860862,-0.013794734296469,0.013));
#2609=CARTESIAN_POINT('',(0.00192388807304847,-0.0136894475814144,0.013));
#2610=CARTESIAN_POINT('',(0.00325166391302864,-0.0134447645328828,0.013));
#2611=CARTESIAN_POINT('',(0.00478657416967096,-0.0130118813447591,0.013));
#2612=CARTESIAN_POINT('',(0.00626937247912694,-0.012475984354941,0.013));
#2613=CARTESIAN_POINT('',(0.00746742934805913,-0.011969722418987,0.013));
#2614=CARTESIAN_POINT('',(0.00840504609160159,-0.0115432398226017,0.013));
#2615=CARTESIAN_POINT('',(0.00933295720841057,-0.011106183515144,0.013));
#2616=CARTESIAN_POINT('',(0.0105153240216449,-0.0105155363576202,0.013));
#2617=CARTESIAN_POINT('',(0.0119341782122319,-0.00971757939484428,0.013));
#2618=CARTESIAN_POINT('',(0.013330755112653,-0.00880421604814516,0.013));
#2619=CARTESIAN_POINT('',(0.014676016399551,-0.00774828348320221,0.013));
#2620=CARTESIAN_POINT('',(0.015725265566553,-0.00672741313340592,0.013));
#2621=CARTESIAN_POINT('',(0.0165022104988727,-0.00581324426141339,0.013));
#2622=CARTESIAN_POINT('',(0.0172239873144778,-0.00483756089903801,0.013));
#2623=CARTESIAN_POINT('',(0.0179996354676266,-0.00354406774873135,0.013));
#2624=CARTESIAN_POINT('',(0.0187490127352458,-0.00189450437333779,0.013));
#2625=CARTESIAN_POINT('',(0.0193274275988207,-0.00017391987194965,0.013));
#2626=CARTESIAN_POINT('',(0.0197456934636773,0.00159742616607075,0.013));
#2627=CARTESIAN_POINT('',(0.0199673409066004,0.00309922119094959,0.013));
#2628=CARTESIAN_POINT('',(0.0200713688729572,0.00430752231150175,0.013));
#2629=CARTESIAN_POINT('',(0.0201275140754395,0.00551480974795862,0.013));
#2630=CARTESIAN_POINT('',(0.0201069651548433,0.00704254408882536,0.013));
#2631=CARTESIAN_POINT('',(0.0199045865568636,0.00888965032819773,0.013));
#2632=CARTESIAN_POINT('',(0.0194890300866743,0.0107287383490174,0.013));
#2633=CARTESIAN_POINT('',(0.0188214277724343,0.0125311505916837,0.013));
#2634=CARTESIAN_POINT('',(0.0180237487605827,0.0139684893721872,0.013));
#2635=CARTESIAN_POINT('',(0.0172282767718812,0.0150520724832548,0.013));
#2636=CARTESIAN_POINT('',(0.0165511606695403,0.0158251887629525,0.013));
#2637=CARTESIAN_POINT('',(0.0157959420517809,0.0165475803325772,0.013));
#2638=CARTESIAN_POINT('',(0.0147134429147901,0.0174251528378125,0.013));
#2639=CARTESIAN_POINT('',(0.0132287861138815,0.0183791079600722,0.013));
#2640=CARTESIAN_POINT('',(0.0112789949867082,0.0193178722871993,0.013));
#2641=CARTESIAN_POINT('',(0.00849458622659791,0.0203202612871745,0.013));
#2642=CARTESIAN_POINT('',(0.00473709160298742,0.0211368853135106,0.013));
#2643=CARTESIAN_POINT('',(-3.79470760369927E-18,0.0214625573432447,0.013));
#2644=CARTESIAN_POINT('',(-0.00473709160298741,0.0211368853135106,0.013));
#2645=CARTESIAN_POINT('',(-0.00573582521854624,-0.0126640059331829,0.013));
#2646=CARTESIAN_POINT('',(-0.00573582521869179,-0.0126640059335422,0.022));
#2647=CARTESIAN_POINT('',(-0.00573582521869179,-0.0126640059335422,0.));
#2648=CARTESIAN_POINT('',(0.00473709160298742,0.0211368853135106,0.));
#2649=CARTESIAN_POINT('',(-3.79470760369927E-18,0.0214625573432447,0.));
#2650=CARTESIAN_POINT('',(-0.00473709160298741,0.0211368853135106,0.));
#2651=CARTESIAN_POINT('',(-0.00849458622659791,0.0203202612871745,0.));
#2652=CARTESIAN_POINT('',(-0.0112789949867082,0.0193178722871993,0.));
#2653=CARTESIAN_POINT('',(-0.0132287861138816,0.0183791079600722,0.));
#2654=CARTESIAN_POINT('',(-0.0147134429147902,0.0174251528378125,0.));
#2655=CARTESIAN_POINT('',(-0.0157959420517809,0.0165475803325772,0.));
#2656=CARTESIAN_POINT('',(-0.0165511606695403,0.0158251887629525,0.));
#2657=CARTESIAN_POINT('',(-0.0172282767718812,0.0150520724832548,0.));
#2658=CARTESIAN_POINT('',(-0.0180237487605827,0.0139684893721872,0.));
#2659=CARTESIAN_POINT('',(-0.0188214277724343,0.0125311505916836,0.));
#2660=CARTESIAN_POINT('',(-0.0194890300866743,0.0107287383490174,0.));
#2661=CARTESIAN_POINT('',(-0.0199045865568636,0.00888965032819773,0.));
#2662=CARTESIAN_POINT('',(-0.0201069651548433,0.00704254408882537,0.));
#2663=CARTESIAN_POINT('',(-0.0201275140754395,0.00551480974795862,0.));
#2664=CARTESIAN_POINT('',(-0.0200713688729572,0.00430752231150176,0.));
#2665=CARTESIAN_POINT('',(-0.0199673409066004,0.00309922119094959,0.));
#2666=CARTESIAN_POINT('',(-0.0197456934636773,0.00159742616607075,0.));
#2667=CARTESIAN_POINT('',(-0.0193274275988207,-0.000173919871949641,0.));
#2668=CARTESIAN_POINT('',(-0.0187490127352458,-0.0018945043733378,0.));
#2669=CARTESIAN_POINT('',(-0.0179996354676266,-0.00354406774873136,0.));
#2670=CARTESIAN_POINT('',(-0.0172239873144778,-0.00483756089903801,0.));
#2671=CARTESIAN_POINT('',(-0.0165022104988727,-0.00581324426141341,0.));
#2672=CARTESIAN_POINT('',(-0.015725265566553,-0.00672741313340592,0.));
#2673=CARTESIAN_POINT('',(-0.0146760163995511,-0.00774828348320223,0.));
#2674=CARTESIAN_POINT('',(-0.013330755112653,-0.00880421604814517,0.));
#2675=CARTESIAN_POINT('',(-0.0119341782122319,-0.00971757939484429,0.));
#2676=CARTESIAN_POINT('',(-0.0105153240216449,-0.0105155363576202,0.));
#2677=CARTESIAN_POINT('',(-0.00933295720841057,-0.011106183515144,0.));
#2678=CARTESIAN_POINT('',(-0.00840504609160159,-0.0115432398226017,0.));
#2679=CARTESIAN_POINT('',(-0.00746742934805913,-0.011969722418987,0.));
#2680=CARTESIAN_POINT('',(-0.00626937247912694,-0.012475984354941,0.));
#2681=CARTESIAN_POINT('',(-0.00478657416967097,-0.0130118813447591,0.));
#2682=CARTESIAN_POINT('',(-0.00325166391302865,-0.0134447645328828,0.));
#2683=CARTESIAN_POINT('',(-0.00192388807304848,-0.0136894475814144,0.));
#2684=CARTESIAN_POINT('',(-0.000833885212860879,-0.013794734296469,0.));
#2685=CARTESIAN_POINT('',(-5.30787351060835E-18,-0.0138228828517655,0.));
#2686=CARTESIAN_POINT('',(0.000833885212860862,-0.013794734296469,0.));
#2687=CARTESIAN_POINT('',(0.00192388807304847,-0.0136894475814144,0.));
#2688=CARTESIAN_POINT('',(0.00325166391302864,-0.0134447645328828,0.));
#2689=CARTESIAN_POINT('',(0.00478657416967096,-0.0130118813447591,0.));
#2690=CARTESIAN_POINT('',(0.00626937247912694,-0.012475984354941,0.));
#2691=CARTESIAN_POINT('',(0.00746742934805913,-0.011969722418987,0.));
#2692=CARTESIAN_POINT('',(0.00840504609160159,-0.0115432398226017,0.));
#2693=CARTESIAN_POINT('',(0.00933295720841057,-0.011106183515144,0.));
#2694=CARTESIAN_POINT('',(0.0105153240216449,-0.0105155363576202,0.));
#2695=CARTESIAN_POINT('',(0.0119341782122319,-0.00971757939484428,0.));
#2696=CARTESIAN_POINT('',(0.013330755112653,-0.00880421604814516,0.));
#2697=CARTESIAN_POINT('',(0.014676016399551,-0.00774828348320221,0.));
#2698=CARTESIAN_POINT('',(0.015725265566553,-0.00672741313340592,0.));
#2699=CARTESIAN_POINT('',(0.0165022104988727,-0.00581324426141339,0.));
#2700=CARTESIAN_POINT('',(0.0172239873144778,-0.00483756089903801,0.));
#2701=CARTESIAN_POINT('',(0.0179996354676266,-0.00354406774873135,0.));
#2702=CARTESIAN_POINT('',(0.0187490127352458,-0.00189450437333779,0.));
#2703=CARTESIAN_POINT('',(0.0193274275988207,-0.00017391987194965,0.));
#2704=CARTESIAN_POINT('',(0.0197456934636773,0.00159742616607075,0.));
#2705=CARTESIAN_POINT('',(0.0199673409066004,0.00309922119094959,0.));
#2706=CARTESIAN_POINT('',(0.0200713688729572,0.00430752231150175,0.));
#2707=CARTESIAN_POINT('',(0.0201275140754395,0.00551480974795862,0.));
#2708=CARTESIAN_POINT('',(0.0201069651548433,0.00704254408882536,0.));
#2709=CARTESIAN_POINT('',(0.0199045865568636,0.00888965032819773,0.));
#2710=CARTESIAN_POINT('',(0.0194890300866743,0.0107287383490174,0.));
#2711=CARTESIAN_POINT('',(0.0188214277724343,0.0125311505916837,0.));
#2712=CARTESIAN_POINT('',(0.0180237487605827,0.0139684893721872,0.));
#2713=CARTESIAN_POINT('',(0.0172282767718812,0.0150520724832548,0.));
#2714=CARTESIAN_POINT('',(0.0165511606695403,0.0158251887629525,0.));
#2715=CARTESIAN_POINT('',(0.0157959420517809,0.0165475803325772,0.));
#2716=CARTESIAN_POINT('',(0.0147134429147901,0.0174251528378125,0.));
#2717=CARTESIAN_POINT('',(0.0132287861138815,0.0183791079600722,0.));
#2718=CARTESIAN_POINT('',(0.0112789949867082,0.0193178722871993,0.));
#2719=CARTESIAN_POINT('',(0.00849458622659791,0.0203202612871745,0.));
#2720=CARTESIAN_POINT('',(0.00473709160298742,0.0211368853135106,0.));
#2721=CARTESIAN_POINT('',(-3.79470760369927E-18,0.0214625573432447,0.));
#2722=CARTESIAN_POINT('',(-0.00473709160298741,0.0211368853135106,0.));
#2723=CARTESIAN_POINT('',(-0.00850000005189426,-0.00872476979572432,0.0193560361189071));
#2724=CARTESIAN_POINT('',(-0.00850000005189426,-0.00872476979572432,0.));
#2725=CARTESIAN_POINT('',(-0.00709344518468046,-0.00942243620948896,0.0193560361189071));
#2726=CARTESIAN_POINT('',(-0.00709344518468046,-0.00942243620948896,3.46944695195361E-18));
#2727=CARTESIAN_POINT('',(-0.00425453932303094,-0.0107023199446391,0.0193560361189071));
#2728=CARTESIAN_POINT('',(-0.00425453932303094,-0.0107023199446391,0.));
#2729=CARTESIAN_POINT('',(-2.11397205830154E-13,-0.0116190900276403,0.0193560361189071));
#2730=CARTESIAN_POINT('',(-2.11397205830154E-13,-0.0116190900276403,0.));
#2731=CARTESIAN_POINT('',(0.00425453932261139,-0.0107023199447999,0.0193560361189071));
#2732=CARTESIAN_POINT('',(0.00425453932261139,-0.0107023199447999,3.46944695195361E-18));
#2733=CARTESIAN_POINT('',(0.00709344518425621,-0.00942243620967845,0.0193560361189071));
#2734=CARTESIAN_POINT('',(0.00709344518425621,-0.00942243620967845,3.46944695195361E-18));
#2735=CARTESIAN_POINT('',(0.00850000005147621,-0.00872476979593167,0.0193560361189071));
#2736=CARTESIAN_POINT('',(0.00850000005147621,-0.00872476979593167,3.46944695195361E-18));
#2737=CARTESIAN_POINT('',(-0.0085,-0.00872476982146443,0.022));
#2738=CARTESIAN_POINT('',(-0.0085,-0.00872476982146443,0.0181281322773379));
#2739=CARTESIAN_POINT('',(-0.0085,-0.00872476982041425,0.));
#2740=CARTESIAN_POINT('',(-0.0085,-0.00872476982146443,0.0181281322773379));
#2741=CARTESIAN_POINT('',(-0.00708571602508271,-0.00942626995615186,0.0185420027232692));
#2742=CARTESIAN_POINT('',(-0.00564278498852793,-0.0100822191979163,0.0189177430647771));
#2743=CARTESIAN_POINT('',(-0.00411229472546523,-0.0105824351538508,0.0192054057185119));
#2744=CARTESIAN_POINT('',(-0.00411229472546523,-0.0105824351538508,0.0192054057185119));
#2745=CARTESIAN_POINT('',(-0.00411229472546523,-0.0105824351538508,0.0192054057185119));
#2746=CARTESIAN_POINT('',(-0.0038671268144116,-0.0106625643150425,0.0192514861501261));
#2747=CARTESIAN_POINT('',(-0.00335687661311585,-0.010817977600125,0.0192228006899069));
#2748=CARTESIAN_POINT('',(-0.00249442351327704,-0.0110358304360333,0.0186173420253091));
#2749=CARTESIAN_POINT('',(-0.00224193673654794,-0.011080250327627,0.0178242556079049));
#2750=CARTESIAN_POINT('',(-0.00222071943638106,-0.0110844490651319,0.0173020909926182));
#2751=CARTESIAN_POINT('',(-0.00222071943638109,-0.0110844490651319,0.0173020909926182));
#2752=CARTESIAN_POINT('',(-0.00222071943638109,-0.0110844490651319,0.0173020909926182));
#2753=CARTESIAN_POINT('',(-0.0021835012695301,-0.011091814248816,0.0163861398761894));
#2754=CARTESIAN_POINT('',(-0.0021092959948473,-0.01110630750926,0.0150135027012573));
#2755=CARTESIAN_POINT('',(-0.00196705958670001,-0.0111323019621467,0.0131867224500865));
#2756=CARTESIAN_POINT('',(-0.00183437630644407,-0.0111553032174077,0.0118179261462155));
#2757=CARTESIAN_POINT('',(-0.0016667060042841,-0.0111823241485262,0.0104539815465509));
#2758=CARTESIAN_POINT('',(-0.00148417331539553,-0.0112090548154253,0.00932143630387405));
#2759=CARTESIAN_POINT('',(-0.00127746351668417,-0.0112355682721901,0.00842981747392004));
#2760=CARTESIAN_POINT('',(-0.00106377793451232,-0.0112595545075907,0.00777429940021718));
#2761=CARTESIAN_POINT('',(-0.000680292440111024,-0.0112954259817844,0.00718550036953615));
#2762=CARTESIAN_POINT('',(5.58548313871355E-6,-0.0113227192974757,0.00690729330733202));
#2763=CARTESIAN_POINT('',(0.000691690648263514,-0.0112946872993844,0.00718430307714319));
#2764=CARTESIAN_POINT('',(0.00107796470326464,-0.0112581241057753,0.00777742754148511));
#2765=CARTESIAN_POINT('',(0.00129073776216846,-0.0112339558722148,0.00843546045884572));
#2766=CARTESIAN_POINT('',(0.00149573414084672,-0.0112074458367822,0.00932559371409517));
#2767=CARTESIAN_POINT('',(0.00167640387254424,-0.0111808220592368,0.0104574680061968));
#2768=CARTESIAN_POINT('',(0.00184193035229554,-0.0111540295912362,0.0118215740220915));
#2769=CARTESIAN_POINT('',(0.00197230318016045,-0.0111313612437642,0.0131881826561852));
#2770=CARTESIAN_POINT('',(0.00211183209911895,-0.011105815919838,0.0150133453645477));
#2771=CARTESIAN_POINT('',(0.00218435353486789,-0.0110916457137683,0.0163848784259992));
#2772=CARTESIAN_POINT('',(0.0022207623934057,-0.0110844405642014,0.0173002482948426));
#2773=CARTESIAN_POINT('',(0.00222076239340571,-0.0110844405642014,0.0173002482948426));
#2774=CARTESIAN_POINT('',(0.00222076239340571,-0.0110844405642014,0.0173002482948426));
#2775=CARTESIAN_POINT('',(0.00224155418428819,-0.0110803259621765,0.0178229831362453));
#2776=CARTESIAN_POINT('',(0.0024888949088586,-0.0110370242644833,0.0186092899824506));
#2777=CARTESIAN_POINT('',(0.00335335470243139,-0.0108190211773176,0.019222696874764));
#2778=CARTESIAN_POINT('',(0.00386614441404406,-0.0106628842375215,0.0192516701227685));
#2779=CARTESIAN_POINT('',(0.00411221428535403,-0.010582461444209,0.019205420837489));
#2780=CARTESIAN_POINT('',(0.00411221428535403,-0.010582461444209,0.019205420837489));
#2781=CARTESIAN_POINT('',(0.00411221428535403,-0.010582461444209,0.019205420837489));
#2782=CARTESIAN_POINT('',(0.00564273456566217,-0.0100822428863347,0.0189177567334166));
#2783=CARTESIAN_POINT('',(0.00708569108770972,-0.00942628232276647,0.0185420100191325));
#2784=CARTESIAN_POINT('',(0.0085,-0.00872476982146443,0.0181281322773379));
#2785=CARTESIAN_POINT('',(0.0085,-0.00872476982146443,0.0181281322773379));
#2786=CARTESIAN_POINT('',(0.0085,-0.00872476982146443,0.022));
#2787=CARTESIAN_POINT('',(0.00850000000103828,-0.00872476982094943,0.));
#2788=CARTESIAN_POINT('',(4.33680868994202E-19,0.018854,0.));
#2789=CARTESIAN_POINT('',(-0.00577840053306097,0.018854,0.));
#2790=CARTESIAN_POINT('',(-0.0161453592410492,0.0160351203250714,0.));
#2791=CARTESIAN_POINT('',(-0.018433797662188,0.00502410861240165,0.));
#2792=CARTESIAN_POINT('',(-0.01558858546159,-0.00491468008361314,0.));
#2793=CARTESIAN_POINT('',(-0.00768233701659122,-0.0093540114888502,0.));
#2794=CARTESIAN_POINT('',(-1.69531342106229E-18,-0.0122686833663153,0.));
#2795=CARTESIAN_POINT('',(0.00768233701659123,-0.00935401148885019,0.));
#2796=CARTESIAN_POINT('',(0.01558858546159,-0.00491468008361311,0.));
#2797=CARTESIAN_POINT('',(0.018433797662188,0.00502410861240164,0.));
#2798=CARTESIAN_POINT('',(0.0161453592410491,0.0160351203250715,0.));
#2799=CARTESIAN_POINT('',(0.00577840053306096,0.018854,0.));
#2800=CARTESIAN_POINT('',(4.33680868994202E-19,0.018854,0.));
#2801=CARTESIAN_POINT('',(-6.45100292628875E-18,-0.0138135,0.));
#2802=CARTESIAN_POINT('',(-0.0091124869117384,-0.0130089542806388,0.));
#2803=CARTESIAN_POINT('',(-0.0085,-0.011497295185296,0.));
#2804=CARTESIAN_POINT('',(-0.0097249738234768,-0.0145206133759816,0.));
#2805=CARTESIAN_POINT('',(-0.0085,-0.0138155000000007,0.));
#2806=CARTESIAN_POINT('',(0.0085,-0.0138154999999995,0.));
#2807=CARTESIAN_POINT('',(-0.00651980735305226,-0.0145989268294493,0.));
#2808=CARTESIAN_POINT('',(-0.00759716913341096,-0.0172579285208186,0.));
#2809=CARTESIAN_POINT('',(-0.0103776096578857,-0.0161313627260872,0.));
#2810=CARTESIAN_POINT('',(-0.0131580501823604,-0.0150047969313558,0.));
#2811=CARTESIAN_POINT('',(-0.0128317322651559,-0.014199422256303,0.));
#2812=CARTESIAN_POINT('',(-0.0125054143479515,-0.0133940475812502,0.));
#2813=CARTESIAN_POINT('',(-0.0111151940857141,-0.0139573304786159,0.));
#2814=CARTESIAN_POINT('',(-0.0103776096578857,-0.0161313627260872,0.));
#2815=CARTESIAN_POINT('',(-0.00918760965788566,-0.0161313627260872,0.));
#2816=CARTESIAN_POINT('',(-0.00143458022111504,-0.0128182675656772,0.017802225423316));
#2817=CARTESIAN_POINT('',(-0.00143458022111504,-0.0120609260743198,0.017802225423316));
#2818=CARTESIAN_POINT('',(-0.00123218598506104,-0.0128182675656772,0.0125685350858036));
#2819=CARTESIAN_POINT('',(-0.00123218598506104,-0.0120609260743198,0.0125685350858036));
#2820=CARTESIAN_POINT('',(7.52760485064408E-6,-0.0128182675656772,0.00346310812427385));
#2821=CARTESIAN_POINT('',(7.52760485064408E-6,-0.0120609260743198,0.00346310812427385));
#2822=CARTESIAN_POINT('',(0.0012337850941411,-0.0128182675656772,0.0125046569722517));
#2823=CARTESIAN_POINT('',(0.0012337850941411,-0.0120609260743198,0.0125046569722517));
#2824=CARTESIAN_POINT('',(0.00143428705086782,-0.0128182675656772,0.0178019162069203));
#2825=CARTESIAN_POINT('',(0.00143428705086782,-0.0120609260743198,0.0178019162069203));
#2826=CARTESIAN_POINT('',(-0.00141579683211508,-0.0120654253664203,0.0173456666443449));
#2827=CARTESIAN_POINT('',(-0.00141975904600096,-0.0122341450512012,0.0174365075185846));
#2828=CARTESIAN_POINT('',(-0.00142356131185503,-0.0124031742875368,0.0175267699283789));
#2829=CARTESIAN_POINT('',(-0.00142720503353152,-0.0125725740247216,0.0176163386141826));
#2830=CARTESIAN_POINT('',(-0.00141579683211508,-0.0120654253664203,0.017345666644345));
#2831=CARTESIAN_POINT('',(-0.00142720503353152,-0.0125725740247216,0.0176163386141826));
#2832=CARTESIAN_POINT('',(-0.00142720503353152,-0.0125725740247216,0.0176163386141826));
#2833=CARTESIAN_POINT('',(-0.00139367769806484,-0.0125790763601097,0.0167921814395781));
#2834=CARTESIAN_POINT('',(-0.00132718904252571,-0.0125918196717888,0.0155571586924027));
#2835=CARTESIAN_POINT('',(-0.00120197667104896,-0.0126145838629369,0.0139131906535029));
#2836=CARTESIAN_POINT('',(-0.00108693072582681,-0.0126346565388415,0.0126817805321761));
#2837=CARTESIAN_POINT('',(-0.00096947979435013,-0.0126541270827641,0.0116572249437668));
#2838=CARTESIAN_POINT('',(-0.000857565444862523,-0.0126717239885982,0.0108401890613413));
#2839=CARTESIAN_POINT('',(-0.000762190038623633,-0.0126861864993805,0.0102288141266839));
#2840=CARTESIAN_POINT('',(-0.000651496786192353,-0.012702166117881,0.0096205460449004));
#2841=CARTESIAN_POINT('',(-0.000540535565935591,-0.0127178009745185,0.00911657161485369));
#2842=CARTESIAN_POINT('',(-0.000431198892265453,-0.0127320440512285,0.00872003287791562));
#2843=CARTESIAN_POINT('',(-0.000332931427942128,-0.0127470477878883,0.00842532942540493));
#2844=CARTESIAN_POINT('',(-0.000224914216142865,-0.0127577987900472,0.00819387884276524));
#2845=CARTESIAN_POINT('',(-0.000102931954457648,-0.012792590956087,0.0080222884683011));
#2846=CARTESIAN_POINT('',(6.24893773453286E-5,-0.0128197370022802,0.00798159269478843));
#2847=CARTESIAN_POINT('',(0.00017675830313917,-0.0127672318760972,0.0081034747224563));
#2848=CARTESIAN_POINT('',(0.000282269601638214,-0.0127562113571586,0.00827690479522305));
#2849=CARTESIAN_POINT('',(0.000378328660261842,-0.012738960908747,0.00851664341981989));
#2850=CARTESIAN_POINT('',(0.000469613559123471,-0.0127276132047154,0.00880756518348391));
#2851=CARTESIAN_POINT('',(0.000572931796329798,-0.0127131173977468,0.00920325800516038));
#2852=CARTESIAN_POINT('',(0.00067923867510086,-0.012698363650039,0.00970414113538697));
#2853=CARTESIAN_POINT('',(0.000785475424685867,-0.0126827024010098,0.01030669136737));
#2854=CARTESIAN_POINT('',(0.000877236919789637,-0.0126686840519159,0.0109112360071177));
#2855=CARTESIAN_POINT('',(0.000985061589524465,-0.0126515766676508,0.0117189207562992));
#2856=CARTESIAN_POINT('',(0.00109831689702297,-0.0126326958816552,0.0127311187934453));
#2857=CARTESIAN_POINT('',(0.00120936024370508,-0.0126132468926344,0.0139486843032217));
#2858=CARTESIAN_POINT('',(0.001330272171636,-0.0125912187104103,0.0155754230972863));
#2859=CARTESIAN_POINT('',(0.00139450028526607,-0.0125789076401203,0.0167983185171652));
#2860=CARTESIAN_POINT('',(0.00142698119738884,-0.0125726104140422,0.0176138117364725));
#2861=CARTESIAN_POINT('',(0.00142698119738884,-0.0125726104140422,0.0176138117364725));
#2862=CARTESIAN_POINT('',(0.00142698119738885,-0.0125726104140422,0.0176138117364726));
#2863=CARTESIAN_POINT('',(0.00142341052423501,-0.0124031961424883,0.0175241633998032));
#2864=CARTESIAN_POINT('',(0.00141968508291743,-0.0122341517571065,0.0174338227652335));
#2865=CARTESIAN_POINT('',(0.00141580329086343,-0.0120654162412646,0.0173429051341644));
#2866=CARTESIAN_POINT('',(0.00141580329086342,-0.0120654162412647,0.0173429051341643));
#2867=CARTESIAN_POINT('',(0.00141580329086342,-0.0120654162412647,0.0173429051341643));
#2868=CARTESIAN_POINT('',(0.00138167395719221,-0.0120722417934227,0.0165435428514707));
#2869=CARTESIAN_POINT('',(0.00131554257654424,-0.0120853049995877,0.015345855534694));
#2870=CARTESIAN_POINT('',(0.00119277655986824,-0.0121083453659143,0.0137520605033188));
#2871=CARTESIAN_POINT('',(0.00108051889260309,-0.0121285922445872,0.0125585395291502));
#2872=CARTESIAN_POINT('',(0.000966227743624919,-0.0121482133663577,0.0115657795328861));
#2873=CARTESIAN_POINT('',(0.00085728876159177,-0.0121659984967091,0.0107731923310373));
#2874=CARTESIAN_POINT('',(0.000764390797592609,-0.0121806316319405,0.0101796140370201));
#2875=CARTESIAN_POINT('',(0.000656704747991319,-0.0121968863512042,0.00958977320906994));
#2876=CARTESIAN_POINT('',(0.000549140152476094,-0.0122125579036068,0.00910222256208519));
#2877=CARTESIAN_POINT('',(0.000443040032415929,-0.012227403300906,0.00871728900763354));
#2878=CARTESIAN_POINT('',(0.000348031871902682,-0.0122415774359137,0.00843123155163369));
#2879=CARTESIAN_POINT('',(0.000242749072152846,-0.0122559512807337,0.00820226433892416));
#2880=CARTESIAN_POINT('',(0.00012698192888835,-0.0122837045488388,0.00803557303216119));
#2881=CARTESIAN_POINT('',(-2.86936623196997E-5,-0.0123277495065556,0.00797469849745026));
#2882=CARTESIAN_POINT('',(-0.000150468546868266,-0.0122691194256918,0.00808546521832274));
#2883=CARTESIAN_POINT('',(-0.000254522008137235,-0.0122574797785654,0.00824866464959723));
#2884=CARTESIAN_POINT('',(-0.000353016753095632,-0.0122390489914989,0.00848199811679115));
#2885=CARTESIAN_POINT('',(-0.000444163903035863,-0.0122273984344969,0.0087641432167591));
#2886=CARTESIAN_POINT('',(-0.000547624191115061,-0.0122124494179617,0.00914780784773205));
#2887=CARTESIAN_POINT('',(-0.000653911150459315,-0.0121973135566282,0.00963394986402058));
#2888=CARTESIAN_POINT('',(-0.00076063883028035,-0.0121811633932403,0.0102206907238586));
#2889=CARTESIAN_POINT('',(-0.000852970121189318,-0.0121666851674859,0.0108096903936324));
#2890=CARTESIAN_POINT('',(-0.000961780703310928,-0.0121489589526832,0.0115972795083766));
#2891=CARTESIAN_POINT('',(-0.00107658609323502,-0.012129296351286,0.0125852137663934));
#2892=CARTESIAN_POINT('',(-0.00118978146185759,-0.0121089100979402,0.0137730974086674));
#2893=CARTESIAN_POINT('',(-0.00131397521786695,-0.0120856242017863,0.0153594648439566));
#2894=CARTESIAN_POINT('',(-0.00138112569551883,-0.0120723609286522,0.0165507685267784));
#2895=CARTESIAN_POINT('',(-0.00141579683211508,-0.0120654253664203,0.017345666644345));
#2896=CARTESIAN_POINT('',(0.0085,-0.0138154999999995,0.011));
#2897=CARTESIAN_POINT('',(0.0085,-0.0138135,0.0215));
#2898=CARTESIAN_POINT('',(0.0085,-0.0090635,0.01925));
#2899=CARTESIAN_POINT('',(0.0085,-0.00112260911805861,0.013344964371868));
#2900=CARTESIAN_POINT('',(0.0085,0.0145810401341444,0.0103871862270398));
#2901=CARTESIAN_POINT('',(0.0085,0.018004,0.01125));
#2902=CARTESIAN_POINT('',(0.0085,0.021354,0.0117));
#2903=CARTESIAN_POINT('',(0.0085,-0.00989901130776162,0.019438927875384));
#2904=CARTESIAN_POINT('',(0.0085,-0.00934042036295836,0.0191203907484213));
#2905=CARTESIAN_POINT('',(0.0085,-0.00989901130774815,0.0194389278753763));
#2906=CARTESIAN_POINT('',(0.0085,-0.0102129564271799,0.0196168957293783));
#2907=CARTESIAN_POINT('',(0.0085,-0.0107995368846711,0.0196838016197786));
#2908=CARTESIAN_POINT('',(0.0085,-0.0113905770517693,0.0192214376062369));
#2909=CARTESIAN_POINT('',(0.0085,-0.0114972951853576,0.0188623575698335));
#2910=CARTESIAN_POINT('',(0.0085,-0.0114972951853576,0.0186811933463966));
#2911=CARTESIAN_POINT('',(0.0085,-0.00872476982146443,0.0181281322773379));
#2912=CARTESIAN_POINT('',(0.0085,-0.00872476982146443,0.01853942058057));
#2913=CARTESIAN_POINT('',(0.0085,-0.00898460374436588,0.0189164032602103));
#2914=CARTESIAN_POINT('',(0.0085,-0.00934042036295836,0.0191203907484213));
#2915=CARTESIAN_POINT('',(-0.0085,-0.0138155000000007,0.011));
#2916=CARTESIAN_POINT('',(-0.0085,-0.0114972951853576,0.0186811933463966));
#2917=CARTESIAN_POINT('',(-0.0085,-0.0114972951853576,0.0190422780797727));
#2918=CARTESIAN_POINT('',(-0.0085,-0.0110124151290333,0.0197131547626581));
#2919=CARTESIAN_POINT('',(-0.0085,-0.010212422891621,0.0196165932810439));
#2920=CARTESIAN_POINT('',(-0.0085,-0.00989901130774817,0.0194389278753763));
#2921=CARTESIAN_POINT('',(-0.0085,-0.00989901130776164,0.019438927875384));
#2922=CARTESIAN_POINT('',(-0.0085,-0.0138135,0.0215));
#2923=CARTESIAN_POINT('',(-0.0085,-0.0090635,0.01925));
#2924=CARTESIAN_POINT('',(-0.0085,-0.00112260911805861,0.013344964371868));
#2925=CARTESIAN_POINT('',(-0.0085,0.0145810401341444,0.0103871862270398));
#2926=CARTESIAN_POINT('',(-0.0085,0.018004,0.01125));
#2927=CARTESIAN_POINT('',(-0.0085,0.021354,0.0117));
#2928=CARTESIAN_POINT('',(-0.0085,-0.00934042036296743,0.0191203907484265));
#2929=CARTESIAN_POINT('',(-0.0085,-0.00934042036295837,0.0191203907484213));
#2930=CARTESIAN_POINT('',(-0.0085,-0.00898381697301792,0.0189159522090218));
#2931=CARTESIAN_POINT('',(-0.0085,-0.00872476982146443,0.0185405617167483));
#2932=CARTESIAN_POINT('',(-0.0085,-0.00872476982146443,0.0181281322773379));
#2933=CARTESIAN_POINT('',(-0.0085,-0.011497295185296,0.013));
#2934=CARTESIAN_POINT('',(-0.00850000000000001,-0.0115959648224316,0.0203768826752664));
#2935=CARTESIAN_POINT('',(-0.00439849466081263,-0.0115959648224316,0.0203768826752664));
#2936=CARTESIAN_POINT('',(-0.00850000000000001,-0.0108300530111582,0.0199664917356041));
#2937=CARTESIAN_POINT('',(-0.00439849466081263,-0.0108300530111582,0.0199664917356041));
#2938=CARTESIAN_POINT('',(-0.00850000000000001,-0.0100763691351924,0.0195424011643036));
#2939=CARTESIAN_POINT('',(-0.00439849466081263,-0.0100763691351924,0.0195424011643036));
#2940=CARTESIAN_POINT('',(-0.00850000000000001,-0.00932709284794361,0.0191127493075032));
#2941=CARTESIAN_POINT('',(-0.00439849466081263,-0.00932709284794361,0.0191127493075032));
#2942=CARTESIAN_POINT('',(-0.0085,-0.00989901130774817,0.0194389278753763));
#2943=CARTESIAN_POINT('',(-0.00718473051362307,-0.0105305866046395,0.0197969525531667));
#2944=CARTESIAN_POINT('',(-0.00584682702716967,-0.0111245387482381,0.0201241376740224));
#2945=CARTESIAN_POINT('',(-0.00443385142390846,-0.0115823431729308,0.0203695817886917));
#2946=CARTESIAN_POINT('',(-0.00443385142390846,-0.0115823431729308,0.0203695817886917));
#2947=CARTESIAN_POINT('',(-0.00443385142390846,-0.0115823431729308,0.0203695817886918));
#2948=CARTESIAN_POINT('',(-0.00443039209818337,-0.0114053600528261,0.0202746952762805));
#2949=CARTESIAN_POINT('',(-0.0044267625507671,-0.0112288298150141,0.0201789732313059));
#2950=CARTESIAN_POINT('',(-0.00442295691929686,-0.0110526912946831,0.0200825295730886));
#2951=CARTESIAN_POINT('',(-0.00442295691929686,-0.0110526912946831,0.0200825295730886));
#2952=CARTESIAN_POINT('',(-0.00442295691929686,-0.0110526912946831,0.0200825295730886));
#2953=CARTESIAN_POINT('',(-0.00583958611298022,-0.010583319670842,0.0198255277748358));
#2954=CARTESIAN_POINT('',(-0.00718077227138352,-0.00998006824724243,0.0194870969628935));
#2955=CARTESIAN_POINT('',(-0.0085,-0.00934042036295837,0.0191203907484213));
#2956=CARTESIAN_POINT('',(0.00439840966893147,-0.0115960658056725,0.0203769367839988));
#2957=CARTESIAN_POINT('',(0.0085,-0.0115960658056725,0.0203769367839988));
#2958=CARTESIAN_POINT('',(0.00439840966893147,-0.010830119057707,0.0199665289047328));
#2959=CARTESIAN_POINT('',(0.0085,-0.010830119057707,0.0199665289047328));
#2960=CARTESIAN_POINT('',(0.00439840966893147,-0.0100764016700211,0.019542419824746));
#2961=CARTESIAN_POINT('',(0.0085,-0.0100764016700211,0.019542419824746));
#2962=CARTESIAN_POINT('',(0.00439840966893147,-0.00932709225873964,0.0191127489696404));
#2963=CARTESIAN_POINT('',(0.0085,-0.00932709225873964,0.0191127489696404));
#2964=CARTESIAN_POINT('',(0.00442287243432554,-0.0110527192868811,0.0200825449000516));
#2965=CARTESIAN_POINT('',(0.00442659880455965,-0.0112288819286875,0.0201790016666854));
#2966=CARTESIAN_POINT('',(0.00443015323445155,-0.0114054362816144,0.0202747365525596));
#2967=CARTESIAN_POINT('',(0.00443354165663113,-0.0115824435349191,0.0203696355959621));
#2968=CARTESIAN_POINT('',(0.00442287243432553,-0.0110527192868811,0.0200825449000516));
#2969=CARTESIAN_POINT('',(0.00443354165663112,-0.0115824435349191,0.0203696355959622));
#2970=CARTESIAN_POINT('',(0.00443354165663111,-0.0115824435349191,0.0203696355959622));
#2971=CARTESIAN_POINT('',(0.00584663107169536,-0.011124626702433,0.0201241858833352));
#2972=CARTESIAN_POINT('',(0.00718463385581273,-0.0105306330184625,0.0197969788640344));
#2973=CARTESIAN_POINT('',(0.0085,-0.00989901130774816,0.0194389278753763));
#2974=CARTESIAN_POINT('',(0.0085,-0.00934042036295836,0.0191203907484213));
#2975=CARTESIAN_POINT('',(0.00718074590533797,-0.00998008103122572,0.0194871042918728));
#2976=CARTESIAN_POINT('',(0.00583953274148177,-0.0105833440639327,0.0198255413953395));
#2977=CARTESIAN_POINT('',(0.00442287243432553,-0.0110527192868811,0.0200825449000516));
#2978=CARTESIAN_POINT('',(-0.00518880482894283,0.00504552228146033,0.013));
#2979=CARTESIAN_POINT('',(-0.0103776096578857,-0.0161313627260872,0.013));
#2980=CARTESIAN_POINT('',(-0.00878760965788566,-0.0161313627260872,0.013));
#2981=CARTESIAN_POINT('',(-0.0091124869117384,-0.0130089542806388,0.013));
#2982=CARTESIAN_POINT('',(-0.0097249738234768,-0.0145206133759816,0.013));
#2983=CARTESIAN_POINT('',(-0.0111151940857141,-0.0139573304786159,0.013));
#2984=CARTESIAN_POINT('',(-0.0125054143479515,-0.0133940475812502,0.013));
#2985=CARTESIAN_POINT('',(-0.0128317322651559,-0.014199422256303,0.013));
#2986=CARTESIAN_POINT('',(-0.0131580501823604,-0.0150047969313558,0.013));
#2987=CARTESIAN_POINT('',(-0.0103776096578857,-0.0161313627260872,0.013));
#2988=CARTESIAN_POINT('',(-0.00759716913341096,-0.0172579285208186,0.013));
#2989=CARTESIAN_POINT('',(-0.00651980735305226,-0.0145989268294493,0.013));
#2990=CARTESIAN_POINT('',(-0.00651980735305226,-0.0145989268294493,0.013));
#2991=CARTESIAN_POINT('',(-0.00759716913341096,-0.0172579285208186,0.013));
#2992=CARTESIAN_POINT('',(-0.0091124869117384,-0.0130089542806388,0.013));
#2993=CARTESIAN_POINT('',(-0.0097249738234768,-0.0145206133759816,0.013));
#2994=CARTESIAN_POINT('',(-0.0111151940857141,-0.0139573304786159,0.013));
#2995=CARTESIAN_POINT('',(-0.0125054143479515,-0.0133940475812502,0.013));
#2996=CARTESIAN_POINT('',(-0.0128317322651559,-0.014199422256303,0.013));
#2997=CARTESIAN_POINT('',(-0.0131580501823604,-0.0150047969313558,0.013));
#2998=CARTESIAN_POINT('',(-0.0103776096578857,-0.0161313627260872,0.013));
#2999=CARTESIAN_POINT('',(-0.0103776096578857,-0.0161313627260872,0.013));
#3000=CARTESIAN_POINT('',(-0.0103776096578857,-0.0161313627260872,0.0126));
#3001=CARTESIAN_POINT('',(-0.00918760965788566,-0.0161313627260872,0.0126));
#3002=CARTESIAN_POINT('',(0.00443653460028982,-0.011741227117936,0.0204544717010683));
#3003=CARTESIAN_POINT('',(0.00153243275203757,-0.0117853793525622,0.0204779793700143));
#3004=CARTESIAN_POINT('',(0.00143854738042197,-0.0131511148657303,0.0179162882058784));
#3005=CARTESIAN_POINT('',(0.00442939386666645,-0.0113564250271519,0.0202495941849819));
#3006=CARTESIAN_POINT('',(0.00153006838439859,-0.0114036141341999,0.0202751219960516));
#3007=CARTESIAN_POINT('',(0.00143162400023933,-0.0127851707262109,0.0177273816538287));
#3008=CARTESIAN_POINT('',(0.00442152964537772,-0.0109765923847792,0.0200420915474772));
#3009=CARTESIAN_POINT('',(0.00152708337347899,-0.0110265597307294,0.0200695303326938));
#3010=CARTESIAN_POINT('',(0.00142399991989816,-0.0124213261399656,0.0175347158218537));
#3011=CARTESIAN_POINT('',(0.00441291957412377,-0.0106010531665424,0.0198332732397718));
#3012=CARTESIAN_POINT('',(0.00152346931370818,-0.010653495817897,0.0198624339377114));
#3013=CARTESIAN_POINT('',(0.00141565493817824,-0.0120589710327619,0.0173394319824543));
#3014=CARTESIAN_POINT('',(0.00142698119738886,-0.0125726104140422,0.0176138117364725));
#3015=CARTESIAN_POINT('',(0.00145805047261954,-0.0124487884474833,0.01839386320743));
#3016=CARTESIAN_POINT('',(0.00208970592553282,-0.0121404791130056,0.0199200288336253));
#3017=CARTESIAN_POINT('',(0.00366514676085866,-0.0117519668761614,0.0204605222834733));
#3018=CARTESIAN_POINT('',(0.00443354165663116,-0.0115824435349194,0.0203696355959623));
#3019=CARTESIAN_POINT('',(0.00442287243432553,-0.0110527192868811,0.0200825449000516));
#3020=CARTESIAN_POINT('',(0.00403990446086493,-0.0111392390513482,0.0201299182627852));
#3021=CARTESIAN_POINT('',(0.00326471174735582,-0.0113260832617156,0.020061849233501));
#3022=CARTESIAN_POINT('',(0.00192112923415812,-0.0117035899534671,0.0192524469917899));
#3023=CARTESIAN_POINT('',(0.00144904836021121,-0.0119398059516771,0.0181215565682917));
#3024=CARTESIAN_POINT('',(0.00141580329086343,-0.0120654162412647,0.0173429051341643));
#3025=CARTESIAN_POINT('',(-0.00441279024999177,-0.0106010368250856,0.0198332641531144));
#3026=CARTESIAN_POINT('',(-0.00152569234423975,-0.0106545678724964,0.0198630300682198));
#3027=CARTESIAN_POINT('',(-0.00141564480629068,-0.0120589552650053,0.0173421826925761));
#3028=CARTESIAN_POINT('',(-0.00442162014891995,-0.0109780263430099,0.0200428890068941));
#3029=CARTESIAN_POINT('',(-0.00152939034631616,-0.0110290195922038,0.0200708897205443));
#3030=CARTESIAN_POINT('',(-0.00142419643304015,-0.0124227098331745,0.0175380739069606));
#3031=CARTESIAN_POINT('',(-0.00442968083096615,-0.0113593434978598,0.0202511886205753));
#3032=CARTESIAN_POINT('',(-0.00153242863480605,-0.0114074829548195,0.0202772271946388));
#3033=CARTESIAN_POINT('',(-0.00143200463746095,-0.0127879663301698,0.017731318132033));
#3034=CARTESIAN_POINT('',(-0.00443699327846695,-0.0117456722028799,0.0204568381321672));
#3035=CARTESIAN_POINT('',(-0.0015348139221668,-0.0117906841183519,0.0204807987602861));
#3036=CARTESIAN_POINT('',(-0.00143908835301452,-0.0131553419942696,0.0179207615149564));
#3037=CARTESIAN_POINT('',(-0.00443385142390846,-0.0115823431729308,0.0203695817886917));
#3038=CARTESIAN_POINT('',(-0.00366827638894942,-0.0117513285613105,0.0204601804522384));
#3039=CARTESIAN_POINT('',(-0.00209837720604428,-0.0121378846089141,0.0199294759414843));
#3040=CARTESIAN_POINT('',(-0.00145885892556355,-0.0124489395425396,0.0183944434645531));
#3041=CARTESIAN_POINT('',(-0.00142720503353152,-0.0125725740247216,0.0176163386141826));
#3042=CARTESIAN_POINT('',(-0.00141579683211507,-0.0120654253664203,0.017345666644345));
#3043=CARTESIAN_POINT('',(-0.00144968450394121,-0.0119399582946955,0.0181226024240107));
#3044=CARTESIAN_POINT('',(-0.00209039923816832,-0.0116220797403786,0.01965457605585));
#3045=CARTESIAN_POINT('',(-0.00365945404228748,-0.0112252667108965,0.0201770222736445));
#3046=CARTESIAN_POINT('',(-0.00442295691929686,-0.0110526912946831,0.0200825295730886));
#3047=CARTESIAN_POINT('',(-0.00443385142390845,-0.0115823431729308,0.0203695817886917));
#3048=CARTESIAN_POINT('',(-0.00498644895398126,-0.0129282429073734,0.0210911632128462));
#3049=CARTESIAN_POINT('',(-0.00473768596296888,-0.0130075761917905,0.0194882555170053));
#3050=CARTESIAN_POINT('',(-0.00586689912832689,-0.011118035376942,0.0201206510012773));
#3051=CARTESIAN_POINT('',(-0.00653622144259387,-0.0124143026208004,0.020829917108699));
#3052=CARTESIAN_POINT('',(-0.00623943073629606,-0.0125286530821292,0.0192432347164987));
#3053=CARTESIAN_POINT('',(-0.00720882517581994,-0.0105198243398297,0.0197909453814917));
#3054=CARTESIAN_POINT('',(-0.00793726965535242,-0.0117805129916941,0.0204955063737511));
#3055=CARTESIAN_POINT('',(-0.00761280788252624,-0.0119228125179011,0.0189179440164905));
#3056=CARTESIAN_POINT('',(-0.00852352751292889,-0.00988770641569091,0.0194325185608251));
#3057=CARTESIAN_POINT('',(-0.00929912796035501,-0.0111190601291794,0.0201307272016305));
#3058=CARTESIAN_POINT('',(-0.00895378520803518,-0.0112836611831277,0.018562630200701));
#3059=CARTESIAN_POINT('',(-0.00443385142390846,-0.012054851376918,0.0194882555170053));
#3060=CARTESIAN_POINT('',(-0.00473768596296888,-0.0130075761917905,0.0194882555170053));
#3061=CARTESIAN_POINT('',(-0.00498644895398126,-0.0129282429073734,0.0210911632128462));
#3062=CARTESIAN_POINT('',(-0.00443385142390845,-0.0115823431729308,0.0203695817886917));
#3063=CARTESIAN_POINT('',(-0.00447192864666153,-0.0130923291555442,0.0195316157955895));
#3064=CARTESIAN_POINT('',(-0.00449981994648174,-0.0130870548555701,0.021252481093452));
#3065=CARTESIAN_POINT('',(-0.00405268833025076,-0.0116664773095603,0.0204146888858815));
#3066=CARTESIAN_POINT('',(-0.00392044672436055,-0.0132562007191396,0.0195015773268766));
#3067=CARTESIAN_POINT('',(-0.00338551518413072,-0.013416449351666,0.0213076251944464));
#3068=CARTESIAN_POINT('',(-0.00326526256495954,-0.0118514023932096,0.0203437055920125));
#3069=CARTESIAN_POINT('',(-0.00319662511295429,-0.0134358059944823,0.0190701455850876));
#3070=CARTESIAN_POINT('',(-0.00198605604260353,-0.0137203917346992,0.0203155901209464));
#3071=CARTESIAN_POINT('',(-0.00224074392528876,-0.0121334028109753,0.0197112752385701));
#3072=CARTESIAN_POINT('',(-0.0027384828604538,-0.0135313230307048,0.0183749176639283));
#3073=CARTESIAN_POINT('',(-0.00139651988942493,-0.0138002473763948,0.0189278453921851));
#3074=CARTESIAN_POINT('',(-0.00159751374290097,-0.0123794816235023,0.0187280956605231));
#3075=CARTESIAN_POINT('',(-0.00262648656221931,-0.0135524199983795,0.0178446842564118));
#3076=CARTESIAN_POINT('',(-0.00137380559179461,-0.0137937225512717,0.0180405075699289));
#3077=CARTESIAN_POINT('',(-0.00144237358771411,-0.0125133283462846,0.0179892066826855));
#3078=CARTESIAN_POINT('',(-0.00261481130863442,-0.0135546601275112,0.0175756914801965));
#3079=CARTESIAN_POINT('',(-0.00142758857143935,-0.013782452373744,0.0176257666082529));
#3080=CARTESIAN_POINT('',(-0.00142720503353152,-0.0125725740247216,0.0176163386141826));
#3081=CARTESIAN_POINT('',(-0.00242637859728245,-0.0125725740247216,0.0175756914801965));
#3082=CARTESIAN_POINT('',(-0.00261481130862599,-0.0135546601275129,0.0175756914800032));
#3083=CARTESIAN_POINT('',(-0.0014275885714315,-0.0137824523737447,0.0176257666080621));
#3084=CARTESIAN_POINT('',(-0.00142720503352375,-0.012572574024723,0.0176163386139914));
#3085=CARTESIAN_POINT('',(-0.0025735114021147,-0.0135625843343012,0.016624159843652));
#3086=CARTESIAN_POINT('',(-0.00138954075216377,-0.0137865105630412,0.01668813112673));
#3087=CARTESIAN_POINT('',(-0.00138890945527723,-0.0125800011195304,0.0166749701671135));
#3088=CARTESIAN_POINT('',(-0.00248891540661268,-0.013578625916719,0.0151984022083808));
#3089=CARTESIAN_POINT('',(-0.0013117417290045,-0.013794629641274,0.0152842769650825));
#3090=CARTESIAN_POINT('',(-0.00131044156715558,-0.0125950315063613,0.0152645696948578));
#3091=CARTESIAN_POINT('',(-0.00232293942234613,-0.01360803049785,0.0133012790070356));
#3092=CARTESIAN_POINT('',(-0.00115920571043809,-0.0138085488468669,0.0134138120964356));
#3093=CARTESIAN_POINT('',(-0.00115727844229957,-0.0126225413575087,0.0133925663400094));
#3094=CARTESIAN_POINT('',(-0.00216655464860125,-0.0136342930765722,0.0118801613893197));
#3095=CARTESIAN_POINT('',(-0.00101608906933203,-0.0138202061089271,0.0120199083162304));
#3096=CARTESIAN_POINT('',(-0.00101323533337219,-0.0126470843387156,0.0119947402282093));
#3097=CARTESIAN_POINT('',(-0.00196652988491276,-0.0136654061226906,0.0104641964241287));
#3098=CARTESIAN_POINT('',(-0.000836219539696571,-0.0138324653954349,0.010641896163431));
#3099=CARTESIAN_POINT('',(-0.000831841911899334,-0.0126761186116321,0.0106126532732782));
#3100=CARTESIAN_POINT('',(-0.00174724834687241,-0.0136964148199604,0.00929026233789815));
#3101=CARTESIAN_POINT('',(-0.000638844396584882,-0.0138428659819537,0.00951898104574482));
#3102=CARTESIAN_POINT('',(-0.000632424842536612,-0.0127050087504313,0.00948518418609511));
#3103=CARTESIAN_POINT('',(-0.00149221678068311,-0.0137275362847456,0.00836860202315408));
#3104=CARTESIAN_POINT('',(-0.000432943111557086,-0.0138483429399643,0.00869071656482975));
#3105=CARTESIAN_POINT('',(-0.00042186852231155,-0.0127339432441791,0.00865418767740054));
#3106=CARTESIAN_POINT('',(-0.0012261196541314,-0.0137561855876846,0.00769733790625956));
#3107=CARTESIAN_POINT('',(-0.000236583036269874,-0.0138486024822303,0.00819528980464652));
#3108=CARTESIAN_POINT('',(-0.000215612022696995,-0.0127605369354068,0.0081452450883868));
#3109=CARTESIAN_POINT('',(-0.000720810601501853,-0.0137985505297372,0.00712836091083601));
#3110=CARTESIAN_POINT('',(-0.000119168812506275,-0.0138239183717333,0.00803551197331737));
#3111=CARTESIAN_POINT('',(-6.35632430486078E-5,-0.0127997360522939,0.00800504534725659));
#3112=CARTESIAN_POINT('',(6.18131615283898E-5,-0.0138225263175247,0.00692161934112705));
#3113=CARTESIAN_POINT('',(1.85311172333506E-5,-0.013807496304554,0.00797974975355006));
#3114=CARTESIAN_POINT('',(1.10785646557439E-5,-0.0128218152242893,0.00799647422188246));
#3115=CARTESIAN_POINT('',(0.000825772328308951,-0.0137915091216616,0.0071901286191873));
#3116=CARTESIAN_POINT('',(0.000145185331179313,-0.0138280365040146,0.00804827574757705));
#3117=CARTESIAN_POINT('',(9.04720236231427E-5,-0.0127932352770927,0.0080087062495013));
#3118=CARTESIAN_POINT('',(0.0012853992902856,-0.0137501420145832,0.00778819940815704));
#3119=CARTESIAN_POINT('',(0.000276172272460737,-0.0138493661892873,0.0082444360371384));
#3120=CARTESIAN_POINT('',(0.000258492766464756,-0.0127549315447678,0.00819654183666873));
#3121=CARTESIAN_POINT('',(0.00153342661204496,-0.013722746340835,0.00845615903797127));
#3122=CARTESIAN_POINT('',(0.000467405385771443,-0.0138474369500287,0.00876737274310068));
#3123=CARTESIAN_POINT('',(0.000456688647757218,-0.0127294930205365,0.00873116302744232));
#3124=CARTESIAN_POINT('',(0.00177720733985133,-0.0136923372240138,0.00937437259098706));
#3125=CARTESIAN_POINT('',(0.000665402771155153,-0.0138416619395013,0.00959581102788438));
#3126=CARTESIAN_POINT('',(0.000659441239381146,-0.0127012117491068,0.00956267568482015));
#3127=CARTESIAN_POINT('',(0.00198847064266717,-0.0136621158101494,0.0105369535211556));
#3128=CARTESIAN_POINT('',(0.000855980503702863,-0.0138312135779491,0.0107108905764076));
#3129=CARTESIAN_POINT('',(0.000851729346838625,-0.0126730502133351,0.010682115593639));
#3130=CARTESIAN_POINT('',(0.00218141592489209,-0.0136318565065412,0.0119367900368067));
#3131=CARTESIAN_POINT('',(0.0010295544205762,-0.0138191767053117,0.0120733043855334));
#3132=CARTESIAN_POINT('',(0.00102683812839112,-0.0126448083882649,0.0120486455863079));
#3133=CARTESIAN_POINT('',(0.00233243056431117,-0.0136063782884987,0.0133417842829421));
#3134=CARTESIAN_POINT('',(0.0011678057354225,-0.0138077986104561,0.0134517529697702));
#3135=CARTESIAN_POINT('',(0.00116596150307471,-0.0126209961951094,0.0134309732809891));
#3136=CARTESIAN_POINT('',(0.00249282248116178,-0.0135778857856067,0.0152195269755561));
#3137=CARTESIAN_POINT('',(0.00131523469650439,-0.0137942736755174,0.0153032384547614));
#3138=CARTESIAN_POINT('',(0.00131400523307152,-0.0125943380785982,0.0152840831726149));
#3139=CARTESIAN_POINT('',(0.00257457841688661,-0.0135623790684893,0.0166320242549401));
#3140=CARTESIAN_POINT('',(0.00139045401303444,-0.0137864182576572,0.0166944549986602));
#3141=CARTESIAN_POINT('',(0.00138985254892786,-0.0125798087186236,0.0166816285223183));
#3142=CARTESIAN_POINT('',(0.0026146089509977,-0.0135546989524843,0.0175740135162041));
#3143=CARTESIAN_POINT('',(0.00142734885463714,-0.0137824824550191,0.0176230424499443));
#3144=CARTESIAN_POINT('',(0.00142698119738538,-0.0125726104140428,0.0176138117363856));
#3145=CARTESIAN_POINT('',(0.00242618893438374,-0.0125726104140422,0.017574013516292));
#3146=CARTESIAN_POINT('',(0.00261460895100146,-0.0135546989524835,0.017574013516292));
#3147=CARTESIAN_POINT('',(0.00142734885464072,-0.0137824824550187,0.0176230424500309));
#3148=CARTESIAN_POINT('',(0.00142698119738886,-0.0125726104140422,0.0176138117364725));
#3149=CARTESIAN_POINT('',(0.00262606094534196,-0.01355250181355,0.017843499144835));
#3150=CARTESIAN_POINT('',(0.00137310735909905,-0.0137938217969183,0.0180384851565356));
#3151=CARTESIAN_POINT('',(0.00144185950359269,-0.0125133151417051,0.0179873590610717));
#3152=CARTESIAN_POINT('',(0.00273728450245491,-0.0135316124357307,0.0183727532473278));
#3153=CARTESIAN_POINT('',(0.00139424454210941,-0.0138007844435458,0.0189239652630513));
#3154=CARTESIAN_POINT('',(0.00159595894705299,-0.0123799325852856,0.018724876096631));
#3155=CARTESIAN_POINT('',(0.00311770817293975,-0.0134521248773257,0.0189498661710465));
#3156=CARTESIAN_POINT('',(0.00187604487471459,-0.0137346291518062,0.0200512102240188));
#3157=CARTESIAN_POINT('',(0.00213012305288477,-0.012175501447024,0.0195410728617131));
#3158=CARTESIAN_POINT('',(0.00355027080006976,-0.0133482692417461,0.0192828373625003));
#3159=CARTESIAN_POINT('',(0.00265004108667358,-0.0135770869720515,0.0207940970950293));
#3160=CARTESIAN_POINT('',(0.00274146557181106,-0.0119952974954377,0.0200227984432859));
#3161=CARTESIAN_POINT('',(0.00405549186431929,-0.0132159952075053,0.0195086806398061));
#3162=CARTESIAN_POINT('',(0.00366980360475908,-0.0133321387797333,0.021292361009993));
#3163=CARTESIAN_POINT('',(0.00345826845709715,-0.0118059819643664,0.0203606865965119));
#3164=CARTESIAN_POINT('',(0.00447042306348628,-0.0130928047161079,0.0195318587857396));
#3165=CARTESIAN_POINT('',(0.00449728981641345,-0.0130878743884197,0.0212533393454882));
#3166=CARTESIAN_POINT('',(0.00405070089694974,-0.0116669058962731,0.0204149184707956));
#3167=CARTESIAN_POINT('',(0.00473736134567598,-0.0130076797130683,0.0194883084791075));
#3168=CARTESIAN_POINT('',(0.00498611291774249,-0.0129283543418455,0.0210912198570469));
#3169=CARTESIAN_POINT('',(0.00443354165663111,-0.0115824435349191,0.0203696355959622));
#3170=CARTESIAN_POINT('',(0.00443354165663111,-0.0120549501624881,0.0194883084791075));
#3171=CARTESIAN_POINT('',(0.00473736134567598,-0.0130076797130683,0.0194883084791075));
#3172=CARTESIAN_POINT('',(0.00498611291774245,-0.0129283543418455,0.0210912198570468));
#3173=CARTESIAN_POINT('',(0.0044335416566311,-0.0115824435349191,0.0203696355959621));
#3174=CARTESIAN_POINT('',(0.00623923064330547,-0.012528742681343,0.0192432823220041));
#3175=CARTESIAN_POINT('',(0.00653601671763264,-0.0124143971703797,0.0208299666967293));
#3176=CARTESIAN_POINT('',(0.00586670401529103,-0.0111181234056992,0.0201206992655414));
#3177=CARTESIAN_POINT('',(0.00761271052943122,-0.0119228589827712,0.0189179698519065));
#3178=CARTESIAN_POINT('',(0.00793717066834762,-0.0117805611390253,0.0204955329379684));
#3179=CARTESIAN_POINT('',(0.00720872973763706,-0.0105198702875504,0.0197909714419842));
#3180=CARTESIAN_POINT('',(0.00895378698198997,-0.0112836603376058,0.0185626297306627));
#3181=CARTESIAN_POINT('',(0.00929912975994978,-0.0111190592551184,0.0201307267196019));
#3182=CARTESIAN_POINT('',(0.00852352925212498,-0.00988770557947342,0.0194325180866687));
#3183=CARTESIAN_POINT('',(0.00442287243432549,-0.011052719286881,0.0200825449000516));
#3184=CARTESIAN_POINT('',(0.00420958174624918,-0.0105506389250958,0.019807633898539));
#3185=CARTESIAN_POINT('',(0.00411221428535398,-0.010582461444209,0.019205420837489));
#3186=CARTESIAN_POINT('',(0.00601794660709092,-0.0105242310524682,0.0197931744309629));
#3187=CARTESIAN_POINT('',(0.00575420814389919,-0.0100371363013895,0.0195211233537961));
#3188=CARTESIAN_POINT('',(0.00563092094191819,-0.0100861039222863,0.0189199771230217));
#3189=CARTESIAN_POINT('',(0.00751047304909455,-0.00983833615812517,0.0194071052517819));
#3190=CARTESIAN_POINT('',(0.00723222936438108,-0.00936177949828206,0.0191356804841545));
#3191=CARTESIAN_POINT('',(0.00710220724922964,-0.00941937554963178,0.0185381004845505));
#3192=CARTESIAN_POINT('',(0.00897048169053462,-0.00910894259669762,0.0189874398108505));
#3193=CARTESIAN_POINT('',(0.00866286006870378,-0.00864385268084561,0.0187198446812379));
#3194=CARTESIAN_POINT('',(0.00852547453168712,-0.0087121225897372,0.0181206691817421));
#3195=CARTESIAN_POINT('',(0.00442287243432553,-0.0115329831506827,0.019205420837489));
#3196=CARTESIAN_POINT('',(0.00141580329086343,-0.0120654162412647,0.0173429051341644));
#3197=CARTESIAN_POINT('',(0.00141550743244238,-0.01124379690401,0.0173359756679798));
#3198=CARTESIAN_POINT('',(0.0022207623934057,-0.0110844405642014,0.0173002482948426));
#3199=CARTESIAN_POINT('',(0.0014317062857502,-0.0120053297431828,0.0177153781058991));
#3200=CARTESIAN_POINT('',(0.00147601251157232,-0.0112324786559874,0.0176817938495073));
#3201=CARTESIAN_POINT('',(0.00223147458853176,-0.0110823206689019,0.0175695678927506));
#3202=CARTESIAN_POINT('',(0.00158793189408026,-0.0118694560272618,0.0184506606639751));
#3203=CARTESIAN_POINT('',(0.00168790395981204,-0.0111967189954515,0.0183463174124955));
#3204=CARTESIAN_POINT('',(0.00232995275236932,-0.0110631395434381,0.0180984212325946));
#3205=CARTESIAN_POINT('',(0.00222275645719648,-0.0116200447394907,0.0194260487956679));
#3206=CARTESIAN_POINT('',(0.00230764615410704,-0.0110800303303699,0.0192107211228906));
#3207=CARTESIAN_POINT('',(0.00272677270687447,-0.0109779626635172,0.0187897012621329));
#3208=CARTESIAN_POINT('',(0.00325184362847757,-0.0113288493953265,0.0200629719418636));
#3209=CARTESIAN_POINT('',(0.00321428112691708,-0.0108620280790525,0.0197687569206524));
#3210=CARTESIAN_POINT('',(0.00337214831514676,-0.0108133781273656,0.0192246387877207));
#3211=CARTESIAN_POINT('',(0.0040416472100446,-0.0111388453334265,0.0201297026849686));
#3212=CARTESIAN_POINT('',(0.00388659602136324,-0.010657558645986,0.0198379278205386));
#3213=CARTESIAN_POINT('',(0.00387076669708287,-0.0106613735409398,0.019250801359427));
#3214=CARTESIAN_POINT('',(0.00442287243432553,-0.0110527192868814,0.0200825449000518));
#3215=CARTESIAN_POINT('',(0.00420958174624915,-0.0105506389250958,0.0198076338985392));
#3216=CARTESIAN_POINT('',(0.00411221428535398,-0.010582461444209,0.019205420837489));
#3217=CARTESIAN_POINT('',(0.00241489307364527,-0.0120654162412647,0.0173002482948426));
#3218=CARTESIAN_POINT('',(-0.00141579683210212,-0.0120654253664228,0.0173456666440479));
#3219=CARTESIAN_POINT('',(-0.0014154880932671,-0.0112437980404399,0.0173385882513872));
#3220=CARTESIAN_POINT('',(-0.00222071943636891,-0.0110844490651343,0.017302090992318));
#3221=CARTESIAN_POINT('',(-0.00137590949549402,-0.012073404369652,0.0164311777667031));
#3222=CARTESIAN_POINT('',(-0.00137541620959763,-0.0112493724452844,0.016421484447423));
#3223=CARTESIAN_POINT('',(-0.00218315766201201,-0.0110918822460527,0.0163776835833099));
#3224=CARTESIAN_POINT('',(-0.00129614816947363,-0.0120891450315803,0.0150611800513757));
#3225=CARTESIAN_POINT('',(-0.00129517284362187,-0.0112602931102273,0.0150468863066702));
#3226=CARTESIAN_POINT('',(-0.00210811292292143,-0.0111065395969306,0.0149925787916421));
#3227=CARTESIAN_POINT('',(-0.00114316250146223,-0.0121174684641657,0.0132433963729183));
#3228=CARTESIAN_POINT('',(-0.00114169673898901,-0.0112789137135195,0.0132276569675774));
#3229=CARTESIAN_POINT('',(-0.00196392483763806,-0.0111328635709223,0.0131498455525786));
#3230=CARTESIAN_POINT('',(-0.00100018268257532,-0.012142594139908,0.0118860590811489));
#3231=CARTESIAN_POINT('',(-0.000998000760187922,-0.0112947493458266,0.0118671104846083));
#3232=CARTESIAN_POINT('',(-0.00182919178764915,-0.0111561820271791,0.0117692358232039));
#3233=CARTESIAN_POINT('',(-0.000821168841436083,-0.012172171981452,0.010545562545489));
#3234=CARTESIAN_POINT('',(-0.000817705857074028,-0.0113119530237394,0.0105229614011782));
#3235=CARTESIAN_POINT('',(-0.00165851520080921,-0.0111835822037551,0.0103948445888577));
#3236=CARTESIAN_POINT('',(-0.000624848867451686,-0.0122016134900517,0.0094512830040721));
#3237=CARTESIAN_POINT('',(-0.000619762500990586,-0.0113274010049849,0.00942436869554262));
#3238=CARTESIAN_POINT('',(-0.00147198793436419,-0.0112107970486808,0.00925384745574353));
#3239=CARTESIAN_POINT('',(-0.00041920783304446,-0.0122309162016821,0.00864813210937651));
#3240=CARTESIAN_POINT('',(-0.000409783452660847,-0.0113382286676729,0.00861763011569895));
#3241=CARTESIAN_POINT('',(-0.00125849717817107,-0.011237811502085,0.00836053602649891));
#3242=CARTESIAN_POINT('',(-0.000218721350522918,-0.0122579848301805,0.00815259916054003));
#3243=CARTESIAN_POINT('',(-0.000201238517946786,-0.0113446330740187,0.00810970676987669));
#3244=CARTESIAN_POINT('',(-0.00103509400309653,-0.0112627206909877,0.00770616388761402));
#3245=CARTESIAN_POINT('',(-6.85495094959999E-5,-0.0122971761873122,0.00800792014058369));
#3246=CARTESIAN_POINT('',(-1.45343611191713E-5,-0.0113288281793871,0.00797483041613337));
#3247=CARTESIAN_POINT('',(-0.000627358213090903,-0.0112986479547281,0.0071503058600898));
#3248=CARTESIAN_POINT('',(6.98977422276944E-6,-0.0123219835274965,0.0079957506833513));
#3249=CARTESIAN_POINT('',(5.58592525525327E-6,-0.0113055698985055,0.0080129358946427));
#3250=CARTESIAN_POINT('',(1.04969478309665E-5,-0.0113212195369779,0.00692341106145159));
#3251=CARTESIAN_POINT('',(8.2986742061125E-5,-0.0122958558257408,0.00800805966934624));
#3252=CARTESIAN_POINT('',(2.843759048782E-5,-0.0113291589562599,0.00797358641982568));
#3253=CARTESIAN_POINT('',(0.000646021114720343,-0.0112974431112002,0.00715508182547761));
#3254=CARTESIAN_POINT('',(0.000235862543720646,-0.0122559998436648,0.00815836102048386));
#3255=CARTESIAN_POINT('',(0.000218700920469572,-0.0113442740996082,0.008115347409117));
#3256=CARTESIAN_POINT('',(0.00105340587177078,-0.0112608971144864,0.00771809492068253));
#3257=CARTESIAN_POINT('',(0.000435744921750855,-0.0122288422680884,0.00866018605115977));
#3258=CARTESIAN_POINT('',(0.000426401257560818,-0.0113374207795193,0.00862969232950865));
#3259=CARTESIAN_POINT('',(0.00127440098729632,-0.011235901281656,0.00837539966860974));
#3260=CARTESIAN_POINT('',(0.000638769132820712,-0.0121996208378407,0.00946220975362474));
#3261=CARTESIAN_POINT('',(0.000633783519730133,-0.0113264211651149,0.00943542254461566));
#3262=CARTESIAN_POINT('',(0.00148527052066345,-0.0112089569744759,0.00926691989131584));
#3263=CARTESIAN_POINT('',(0.000832534046675844,-0.0121703766737153,0.0105543343148486));
#3264=CARTESIAN_POINT('',(0.000829139897651976,-0.0113109425872172,0.0105319297816681));
#3265=CARTESIAN_POINT('',(0.00166927871989913,-0.0111819206480768,0.010405465355072));
#3266=CARTESIAN_POINT('',(0.00100891798904752,-0.0121410883449375,0.0118942108577915));
#3267=CARTESIAN_POINT('',(0.00100680044786437,-0.0112938309096559,0.0118755056136495));
#3268=CARTESIAN_POINT('',(0.00183749117382897,-0.0111547855429187,0.0117791890784984));
#3269=CARTESIAN_POINT('',(0.00114911688851568,-0.0121163741562174,0.0132477142454029));
#3270=CARTESIAN_POINT('',(0.00114770096934316,-0.0112782113377112,0.0132322352207169));
#3271=CARTESIAN_POINT('',(0.00196959619116293,-0.0111318470363148,0.0131558065704659));
#3272=CARTESIAN_POINT('',(0.00129895439794289,-0.0120885823818642,0.0150620952467137));
#3273=CARTESIAN_POINT('',(0.00129802028607699,-0.0112599127773599,0.0150480993186005));
#3274=CARTESIAN_POINT('',(0.00211081457873965,-0.0111060158012546,0.0149949238540372));
#3275=CARTESIAN_POINT('',(0.00137681450590351,-0.0120732136390393,0.0164297269119965));
#3276=CARTESIAN_POINT('',(0.00137634246903314,-0.0112492456268962,0.0164202463869509));
#3277=CARTESIAN_POINT('',(0.00218405614170411,-0.0110917045665396,0.0163774015407183));
#3278=CARTESIAN_POINT('',(0.00141580329085755,-0.0120654162412657,0.0173429051340269));
#3279=CARTESIAN_POINT('',(0.00141550743243657,-0.0112437969040109,0.017335975667842));
#3280=CARTESIAN_POINT('',(0.00222076239340014,-0.0110844405642025,0.0173002482947036));
#3281=CARTESIAN_POINT('',(-0.00241484696227702,-0.0120654253664203,0.0173020909926182));
#3282=CARTESIAN_POINT('',(-0.00442295691929686,-0.0110526912946832,0.0200825295730886));
#3283=CARTESIAN_POINT('',(-0.00420966341401072,-0.0105506117749021,0.0198076187499893));
#3284=CARTESIAN_POINT('',(-0.00411229472546524,-0.0105824351538508,0.0192054057185118));
#3285=CARTESIAN_POINT('',(-0.00404309032693656,-0.0111385529706737,0.0201295426518725));
#3286=CARTESIAN_POINT('',(-0.00388780698978333,-0.0106571591010179,0.0198378378022219));
#3287=CARTESIAN_POINT('',(-0.00387171815541787,-0.0106610637095928,0.0192506231884803));
#3288=CARTESIAN_POINT('',(-0.00325686014793351,-0.0113278136713164,0.0200632199165594));
#3289=CARTESIAN_POINT('',(-0.00321853192094357,-0.0108607525647846,0.0197690999097253));
#3290=CARTESIAN_POINT('',(-0.00337536305221949,-0.0108124111844933,0.0192246240878399));
#3291=CARTESIAN_POINT('',(-0.00223145650346444,-0.0116174904301706,0.0194347783185549));
#3292=CARTESIAN_POINT('',(-0.00231549160934953,-0.0110783814180158,0.0192183604428892));
#3293=CARTESIAN_POINT('',(-0.00273225611887274,-0.0109766910563753,0.018795708538013));
#3294=CARTESIAN_POINT('',(-0.00158824907554514,-0.0118692447654716,0.0184544037307227));
#3295=CARTESIAN_POINT('',(-0.00168826674044611,-0.011196725856851,0.0183495899933846));
#3296=CARTESIAN_POINT('',(-0.00233015895321826,-0.0110631304887609,0.0181009887956707));
#3297=CARTESIAN_POINT('',(-0.0014320187558297,-0.012005364668295,0.0177175833996054));
#3298=CARTESIAN_POINT('',(-0.00147622034472025,-0.0112324481769891,0.01768386420507));
#3299=CARTESIAN_POINT('',(-0.00223164630649227,-0.0110822867231286,0.0175710048805834));
#3300=CARTESIAN_POINT('',(-0.00141579683211507,-0.0120654253664203,0.0173456666443449));
#3301=CARTESIAN_POINT('',(-0.00141548809328001,-0.0112437980404382,0.0173385882516846));
#3302=CARTESIAN_POINT('',(-0.00222071943638107,-0.0110844490651319,0.0173020909926182));
#3303=CARTESIAN_POINT('',(-0.00442295691929686,-0.011532955538337,0.0192054057185119));
#3304=CARTESIAN_POINT('',(-0.00411229472546524,-0.0105824351538508,0.0192054057185118));
#3305=CARTESIAN_POINT('',(-0.00420966341401071,-0.0105506117749021,0.0198076187499893));
#3306=CARTESIAN_POINT('',(-0.00442295691929684,-0.0110526912946831,0.0200825295730886));
#3307=CARTESIAN_POINT('',(-0.00563097217302881,-0.0100860800253517,0.0189199633348377));
#3308=CARTESIAN_POINT('',(-0.00575425957407927,-0.0100371119376844,0.0195211095236035));
#3309=CARTESIAN_POINT('',(-0.00601799902954576,-0.0105242061287889,0.0197931604866636));
#3310=CARTESIAN_POINT('',(-0.00710223223501555,-0.00941936311034043,0.0185380931396762));
#3311=CARTESIAN_POINT('',(-0.00723225442893853,-0.00936176689546908,0.0191356731835654));
#3312=CARTESIAN_POINT('',(-0.00751049868550152,-0.00983832332739293,0.0194070978680724));
#3313=CARTESIAN_POINT('',(-0.00852547407618881,-0.00871212281608437,0.0181206693153356));
#3314=CARTESIAN_POINT('',(-0.00866285960995829,-0.00864385291105576,0.0187198448145796));
#3315=CARTESIAN_POINT('',(-0.0089704812232777,-0.00910894283013061,0.018987439945159));
#3316=CARTESIAN_POINT('',(-0.0103776096578857,-0.0161313627260872,0.0126));
#3317=CARTESIAN_POINT('',(0.,0.,0.));
#3318=CARTESIAN_POINT('',(0.0117999999999992,-0.00977709878396426,0.0178294406018267));
#3319=CARTESIAN_POINT('',(0.0117999999999992,-0.00977709878396426,0.));
#3320=CARTESIAN_POINT('',(0.0131404850812735,-0.00897349749968104,0.0178294406018267));
#3321=CARTESIAN_POINT('',(0.0131404850812735,-0.00897349749968104,0.));
#3322=CARTESIAN_POINT('',(0.0151188235492465,-0.00754718317807613,0.0178294406018267));
#3323=CARTESIAN_POINT('',(0.0151188235492465,-0.00754718317807613,0.));
#3324=CARTESIAN_POINT('',(0.017293038542051,-0.00483751260162195,0.0178294406018267));
#3325=CARTESIAN_POINT('',(0.017293038542051,-0.00483751260162195,3.46944695195361E-18));
#3326=CARTESIAN_POINT('',(0.0189155300657657,-0.00179633347782112,0.0178294406018267));
#3327=CARTESIAN_POINT('',(0.0189155300657657,-0.00179633347782112,0.));
#3328=CARTESIAN_POINT('',(0.0200538333817558,0.00241284194564891,0.0178294406018267));
#3329=CARTESIAN_POINT('',(0.0200538333817558,0.00241284194564891,-3.46944695195361E-18));
#3330=CARTESIAN_POINT('',(0.0202759513552443,0.00761192297372809,0.0178294406018267));
#3331=CARTESIAN_POINT('',(0.0202759513552443,0.00761192297372809,3.46944695195361E-18));
#3332=CARTESIAN_POINT('',(0.0192413564987308,0.0120410243981004,0.0178294406018267));
#3333=CARTESIAN_POINT('',(0.0192413564987308,0.0120410243981004,-3.46944695195361E-18));
#3334=CARTESIAN_POINT('',(0.0172001271502502,0.0152599898955135,0.0178294406018267));
#3335=CARTESIAN_POINT('',(0.0172001271502502,0.0152599898955135,3.46944695195361E-18));
#3336=CARTESIAN_POINT('',(0.0150037617134264,0.0173096789225685,0.0178294406018267));
#3337=CARTESIAN_POINT('',(0.0150037617134264,0.0173096789225685,0.));
#3338=CARTESIAN_POINT('',(0.0123967837331436,0.0188581371487106,0.0178294406018267));
#3339=CARTESIAN_POINT('',(0.0123967837331436,0.0188581371487106,3.46944695195361E-18));
#3340=CARTESIAN_POINT('',(0.0085006839668625,0.0204030081907256,0.0178294406018267));
#3341=CARTESIAN_POINT('',(0.0085006839668625,0.0204030081907256,0.));
#3342=CARTESIAN_POINT('',(0.00523038976800115,0.0210253645590926,0.0178294406018267));
#3343=CARTESIAN_POINT('',(0.00523038976800115,0.0210253645590926,0.));
#3344=CARTESIAN_POINT('',(0.0030000000002774,0.0212224072921477,0.0178294406018267));
#3345=CARTESIAN_POINT('',(0.0030000000002774,0.0212224072921477,0.));
#3346=CARTESIAN_POINT('',(0.003,0.0212224072890078,0.013));
#3347=CARTESIAN_POINT('',(0.003,0.0212224072890078,0.0105322122540533));
#3348=CARTESIAN_POINT('',(0.003,0.0212224072890078,0.));
#3349=CARTESIAN_POINT('',(0.00300000000028301,0.0212224072921472,0.0105322122540533));
#3350=CARTESIAN_POINT('',(0.00490424592311024,0.0210541775833749,0.010508523358235));
#3351=CARTESIAN_POINT('',(0.00772561879627695,0.0205662471621904,0.010438836387406));
#3352=CARTESIAN_POINT('',(0.0113344493654407,0.0193239335301449,0.0102624900119734));
#3353=CARTESIAN_POINT('',(0.0138962753597326,0.0180316563974961,0.0100963326633388));
#3354=CARTESIAN_POINT('',(0.0161840426856971,0.0163260607186717,0.00996078262885153));
#3355=CARTESIAN_POINT('',(0.01803846674635,0.0141044112015794,0.00999305809063427));
#3356=CARTESIAN_POINT('',(0.0192934464721265,0.0115034724032939,0.0102367638576371));
#3357=CARTESIAN_POINT('',(0.019962688759822,0.00880059341927549,0.0106423315122123));
#3358=CARTESIAN_POINT('',(0.020174454353294,0.00598916025943306,0.0112144715714864));
#3359=CARTESIAN_POINT('',(0.0200244241827059,0.00325340737602327,0.0119251621801122));
#3360=CARTESIAN_POINT('',(0.019560778922454,0.000582825742657808,0.0127692302186625));
#3361=CARTESIAN_POINT('',(0.0187496869779324,-0.00198342144169958,0.0137662663471739));
#3362=CARTESIAN_POINT('',(0.0176175369133577,-0.00431382391322153,0.014838014205156));
#3363=CARTESIAN_POINT('',(0.0160481744932498,-0.00647134026829942,0.0159216379723687));
#3364=CARTESIAN_POINT('',(0.0140859158420827,-0.00828847522831059,0.0168970295876645));
#3365=CARTESIAN_POINT('',(0.0125882043935905,-0.00930458172889526,0.0174601889998077));
#3366=CARTESIAN_POINT('',(0.0118000000000002,-0.00977709878396369,0.0177231019898873));
#3367=CARTESIAN_POINT('',(0.0118000000000002,-0.00977709878396369,0.0177231019898874));
#3368=CARTESIAN_POINT('',(0.0118000000000002,-0.00977709878396369,0.022));
#3369=CARTESIAN_POINT('',(0.0118,-0.00977709878396369,0.));
#3370=CARTESIAN_POINT('',(0.00473709160298742,0.0211368853135106,0.));
#3371=CARTESIAN_POINT('',(-3.79470760369927E-18,0.0214625573432447,0.));
#3372=CARTESIAN_POINT('',(-0.00473709160298741,0.0211368853135106,0.));
#3373=CARTESIAN_POINT('',(-0.00849458622659791,0.0203202612871745,0.));
#3374=CARTESIAN_POINT('',(-0.0112789949867082,0.0193178722871993,0.));
#3375=CARTESIAN_POINT('',(-0.0132287861138816,0.0183791079600722,0.));
#3376=CARTESIAN_POINT('',(-0.0147134429147902,0.0174251528378125,0.));
#3377=CARTESIAN_POINT('',(-0.0157959420517809,0.0165475803325772,0.));
#3378=CARTESIAN_POINT('',(-0.0165511606695403,0.0158251887629525,0.));
#3379=CARTESIAN_POINT('',(-0.0172282767718812,0.0150520724832548,0.));
#3380=CARTESIAN_POINT('',(-0.0180237487605827,0.0139684893721872,0.));
#3381=CARTESIAN_POINT('',(-0.0188214277724343,0.0125311505916836,0.));
#3382=CARTESIAN_POINT('',(-0.0194890300866743,0.0107287383490174,0.));
#3383=CARTESIAN_POINT('',(-0.0199045865568636,0.00888965032819773,0.));
#3384=CARTESIAN_POINT('',(-0.0201069651548433,0.00704254408882537,0.));
#3385=CARTESIAN_POINT('',(-0.0201275140754395,0.00551480974795862,0.));
#3386=CARTESIAN_POINT('',(-0.0200713688729572,0.00430752231150176,0.));
#3387=CARTESIAN_POINT('',(-0.0199673409066004,0.00309922119094959,0.));
#3388=CARTESIAN_POINT('',(-0.0197456934636773,0.00159742616607075,0.));
#3389=CARTESIAN_POINT('',(-0.0193274275988207,-0.000173919871949641,0.));
#3390=CARTESIAN_POINT('',(-0.0187490127352458,-0.0018945043733378,0.));
#3391=CARTESIAN_POINT('',(-0.0179996354676266,-0.00354406774873136,0.));
#3392=CARTESIAN_POINT('',(-0.0172239873144778,-0.00483756089903801,0.));
#3393=CARTESIAN_POINT('',(-0.0165022104988727,-0.00581324426141341,0.));
#3394=CARTESIAN_POINT('',(-0.015725265566553,-0.00672741313340592,0.));
#3395=CARTESIAN_POINT('',(-0.0146760163995511,-0.00774828348320223,0.));
#3396=CARTESIAN_POINT('',(-0.013330755112653,-0.00880421604814517,0.));
#3397=CARTESIAN_POINT('',(-0.0119341782122319,-0.00971757939484429,0.));
#3398=CARTESIAN_POINT('',(-0.0105153240216449,-0.0105155363576202,0.));
#3399=CARTESIAN_POINT('',(-0.00933295720841057,-0.011106183515144,0.));
#3400=CARTESIAN_POINT('',(-0.00840504609160159,-0.0115432398226017,0.));
#3401=CARTESIAN_POINT('',(-0.00746742934805913,-0.011969722418987,0.));
#3402=CARTESIAN_POINT('',(-0.00626937247912694,-0.012475984354941,0.));
#3403=CARTESIAN_POINT('',(-0.00478657416967097,-0.0130118813447591,0.));
#3404=CARTESIAN_POINT('',(-0.00325166391302865,-0.0134447645328828,0.));
#3405=CARTESIAN_POINT('',(-0.00192388807304848,-0.0136894475814144,0.));
#3406=CARTESIAN_POINT('',(-0.000833885212860879,-0.013794734296469,0.));
#3407=CARTESIAN_POINT('',(-5.30787351060835E-18,-0.0138228828517655,0.));
#3408=CARTESIAN_POINT('',(0.000833885212860862,-0.013794734296469,0.));
#3409=CARTESIAN_POINT('',(0.00192388807304847,-0.0136894475814144,0.));
#3410=CARTESIAN_POINT('',(0.00325166391302864,-0.0134447645328828,0.));
#3411=CARTESIAN_POINT('',(0.00478657416967096,-0.0130118813447591,0.));
#3412=CARTESIAN_POINT('',(0.00626937247912694,-0.012475984354941,0.));
#3413=CARTESIAN_POINT('',(0.00746742934805913,-0.011969722418987,0.));
#3414=CARTESIAN_POINT('',(0.00840504609160159,-0.0115432398226017,0.));
#3415=CARTESIAN_POINT('',(0.00933295720841057,-0.011106183515144,0.));
#3416=CARTESIAN_POINT('',(0.0105153240216449,-0.0105155363576202,0.));
#3417=CARTESIAN_POINT('',(0.0119341782122319,-0.00971757939484428,0.));
#3418=CARTESIAN_POINT('',(0.013330755112653,-0.00880421604814516,0.));
#3419=CARTESIAN_POINT('',(0.014676016399551,-0.00774828348320221,0.));
#3420=CARTESIAN_POINT('',(0.015725265566553,-0.00672741313340592,0.));
#3421=CARTESIAN_POINT('',(0.0165022104988727,-0.00581324426141339,0.));
#3422=CARTESIAN_POINT('',(0.0172239873144778,-0.00483756089903801,0.));
#3423=CARTESIAN_POINT('',(0.0179996354676266,-0.00354406774873135,0.));
#3424=CARTESIAN_POINT('',(0.0187490127352458,-0.00189450437333779,0.));
#3425=CARTESIAN_POINT('',(0.0193274275988207,-0.00017391987194965,0.));
#3426=CARTESIAN_POINT('',(0.0197456934636773,0.00159742616607075,0.));
#3427=CARTESIAN_POINT('',(0.0199673409066004,0.00309922119094959,0.));
#3428=CARTESIAN_POINT('',(0.0200713688729572,0.00430752231150175,0.));
#3429=CARTESIAN_POINT('',(0.0201275140754395,0.00551480974795862,0.));
#3430=CARTESIAN_POINT('',(0.0201069651548433,0.00704254408882536,0.));
#3431=CARTESIAN_POINT('',(0.0199045865568636,0.00888965032819773,0.));
#3432=CARTESIAN_POINT('',(0.0194890300866743,0.0107287383490174,0.));
#3433=CARTESIAN_POINT('',(0.0188214277724343,0.0125311505916837,0.));
#3434=CARTESIAN_POINT('',(0.0180237487605827,0.0139684893721872,0.));
#3435=CARTESIAN_POINT('',(0.0172282767718812,0.0150520724832548,0.));
#3436=CARTESIAN_POINT('',(0.0165511606695403,0.0158251887629525,0.));
#3437=CARTESIAN_POINT('',(0.0157959420517809,0.0165475803325772,0.));
#3438=CARTESIAN_POINT('',(0.0147134429147901,0.0174251528378125,0.));
#3439=CARTESIAN_POINT('',(0.0132287861138815,0.0183791079600722,0.));
#3440=CARTESIAN_POINT('',(0.0112789949867082,0.0193178722871993,0.));
#3441=CARTESIAN_POINT('',(0.00849458622659791,0.0203202612871745,0.));
#3442=CARTESIAN_POINT('',(0.00473709160298742,0.0211368853135106,0.));
#3443=CARTESIAN_POINT('',(-3.79470760369927E-18,0.0214625573432447,0.));
#3444=CARTESIAN_POINT('',(-0.00473709160298741,0.0211368853135106,0.));
#3445=CARTESIAN_POINT('',(0.0118000000000002,-0.00679552421215768,0.0170658866486469));
#3446=CARTESIAN_POINT('',(0.0118000000000002,-0.00679552421215768,3.46944695195361E-18));
#3447=CARTESIAN_POINT('',(0.0129521918280971,-0.00597594592020246,0.0170658866486469));
#3448=CARTESIAN_POINT('',(0.0129521918280971,-0.00597594592020246,3.46944695195361E-18));
#3449=CARTESIAN_POINT('',(0.0150299030885946,-0.00405849452271325,0.0170658866486469));
#3450=CARTESIAN_POINT('',(0.0150299030885946,-0.00405849452271325,0.));
#3451=CARTESIAN_POINT('',(0.0169514752559001,-1.55409815458807E-5,0.0170658866486469));
#3452=CARTESIAN_POINT('',(0.0169514752559001,-1.55409815458807E-5,6.93889390390723E-18));
#3453=CARTESIAN_POINT('',(0.0177543755983233,0.00461188116631021,0.0170658866486469));
#3454=CARTESIAN_POINT('',(0.0177543755983233,0.00461188116631021,-3.46944695195361E-18));
#3455=CARTESIAN_POINT('',(0.0175116856778903,0.00929196238949378,0.0170658866486469));
#3456=CARTESIAN_POINT('',(0.0175116856778903,0.00929196238949378,0.));
#3457=CARTESIAN_POINT('',(0.016048653520072,0.0127778420840459,0.0170658866486469));
#3458=CARTESIAN_POINT('',(0.016048653520072,0.0127778420840459,1.04083408558608E-17));
#3459=CARTESIAN_POINT('',(0.0138360687570547,0.0150336644274831,0.0170658866486469));
#3460=CARTESIAN_POINT('',(0.0138360687570547,0.0150336644274831,-3.46944695195361E-18));
#3461=CARTESIAN_POINT('',(0.0109405816811,0.0168812074567782,0.0170658866486469));
#3462=CARTESIAN_POINT('',(0.0109405816811,0.0168812074567782,6.93889390390723E-18));
#3463=CARTESIAN_POINT('',(0.00633109391370557,0.0184351130536731,0.0170658866486469));
#3464=CARTESIAN_POINT('',(0.00633109391370557,0.0184351130536731,0.));
#3465=CARTESIAN_POINT('',(2.12467936880176E-15,0.0190634434731637,0.0170658866486469));
#3466=CARTESIAN_POINT('',(2.12467936880176E-15,0.0190634434731637,3.46944695195361E-18));
#3467=CARTESIAN_POINT('',(-0.00633109391371404,0.0184351130536719,0.0170658866486469));
#3468=CARTESIAN_POINT('',(-0.00633109391371404,0.0184351130536719,3.46944695195361E-18));
#3469=CARTESIAN_POINT('',(-0.0109405816811043,0.0168812074567762,0.0170658866486469));
#3470=CARTESIAN_POINT('',(-0.0109405816811043,0.0168812074567762,-3.46944695195361E-18));
#3471=CARTESIAN_POINT('',(-0.0138360687570585,0.0150336644274802,0.0170658866486469));
#3472=CARTESIAN_POINT('',(-0.0138360687570585,0.0150336644274802,3.46944695195361E-18));
#3473=CARTESIAN_POINT('',(-0.0160486535200741,0.0127778420840424,0.0170658866486469));
#3474=CARTESIAN_POINT('',(-0.0160486535200741,0.0127778420840424,-1.04083408558608E-17));
#3475=CARTESIAN_POINT('',(-0.0175116856778911,0.00929196238948971,0.0170658866486469));
#3476=CARTESIAN_POINT('',(-0.0175116856778911,0.00929196238948971,6.93889390390723E-18));
#3477=CARTESIAN_POINT('',(-0.017754375598323,0.0046118811663058,0.0170658866486469));
#3478=CARTESIAN_POINT('',(-0.017754375598323,0.0046118811663058,0.));
#3479=CARTESIAN_POINT('',(-0.0169514752558989,-1.55409815499033E-5,0.0170658866486469));
#3480=CARTESIAN_POINT('',(-0.0169514752558989,-1.55409815499033E-5,0.));
#3481=CARTESIAN_POINT('',(-0.0150299030885923,-0.00405849452271647,0.0170658866486469));
#3482=CARTESIAN_POINT('',(-0.0150299030885923,-0.00405849452271647,0.));
#3483=CARTESIAN_POINT('',(-0.0129521918280941,-0.00597594592020498,0.0170658866486469));
#3484=CARTESIAN_POINT('',(-0.0129521918280941,-0.00597594592020498,0.));
#3485=CARTESIAN_POINT('',(-0.011799999999997,-0.00679552421215996,0.0170658866486469));
#3486=CARTESIAN_POINT('',(-0.011799999999997,-0.00679552421215996,0.));
#3487=CARTESIAN_POINT('',(0.0118,-0.0067955242121578,0.022));
#3488=CARTESIAN_POINT('',(0.0118,-0.0067955242121578,0.0169641020364283));
#3489=CARTESIAN_POINT('',(0.0118,-0.00679552420034117,0.));
#3490=CARTESIAN_POINT('',(0.0117999999999992,-0.00679552421215837,0.0169641020364283));
#3491=CARTESIAN_POINT('',(0.0124537476527658,-0.00633049975046857,0.0166795703750151));
#3492=CARTESIAN_POINT('',(0.0136672541527847,-0.00533401509981837,0.0160671946499234));
#3493=CARTESIAN_POINT('',(0.0151504579809342,-0.00353781372413959,0.0149882322647763));
#3494=CARTESIAN_POINT('',(0.0162258697964304,-0.00152705089669684,0.0139103428267981));
#3495=CARTESIAN_POINT('',(0.0172581507567769,0.00143212933592764,0.0125833451520591));
#3496=CARTESIAN_POINT('',(0.0176963540640943,0.00464574535838616,0.0115479863729666));
#3497=CARTESIAN_POINT('',(0.0175541853318293,0.00792669324320209,0.0107585918576886));
#3498=CARTESIAN_POINT('',(0.0170289015420757,0.0103893569568064,0.0102993115184846));
#3499=CARTESIAN_POINT('',(0.015965860812792,0.0126999782286007,0.0100127825332979));
#3500=CARTESIAN_POINT('',(0.0143113672752321,0.0146499445730526,0.00995314100054652));
#3501=CARTESIAN_POINT('',(0.012208473975043,0.0161160606132359,0.0100774250560013));
#3502=CARTESIAN_POINT('',(0.00992699418121708,0.0171867227200834,0.0102237108261299));
#3503=CARTESIAN_POINT('',(0.00749935747287651,0.0179651735083705,0.0103417509950078));
#3504=CARTESIAN_POINT('',(0.00422962793143945,0.0186542930123277,0.0104476593876872));
#3505=CARTESIAN_POINT('',(2.58904823214547E-6,0.0189868232096558,0.010497510481953));
#3506=CARTESIAN_POINT('',(-0.00504127785084568,0.018588915101114,0.0104390165835658));
#3507=CARTESIAN_POINT('',(-0.00908865313377529,0.0175693706547316,0.0102770869156231));
#3508=CARTESIAN_POINT('',(-0.0121802197227325,0.0161339884087336,0.0100793859945935));
#3509=CARTESIAN_POINT('',(-0.0142856714037035,0.0146722211993717,0.00995390994666073));
#3510=CARTESIAN_POINT('',(-0.0159521728394954,0.0127234726236498,0.0100105842038161));
#3511=CARTESIAN_POINT('',(-0.0170233721391533,0.0104078366044383,0.0102962821580986));
#3512=CARTESIAN_POINT('',(-0.017551633811112,0.00794424355003909,0.0107550033488493));
#3513=CARTESIAN_POINT('',(-0.0176627684295257,0.00548414794811115,0.011345208626755));
#3514=CARTESIAN_POINT('',(-0.0174735209858651,0.003042729438186,0.012065859697437));
#3515=CARTESIAN_POINT('',(-0.0170090018751853,0.000724254269767563,0.0129023784448294));
#3516=CARTESIAN_POINT('',(-0.0162351635482753,-0.00150693217354321,0.0139000483039971));
#3517=CARTESIAN_POINT('',(-0.0151601650876017,-0.00352279934339927,0.0149796155877741));
#3518=CARTESIAN_POINT('',(-0.0136805283748478,-0.00532209375804294,0.016059829943299));
#3519=CARTESIAN_POINT('',(-0.012455974248121,-0.00632891592633997,0.0166786012902726));
#3520=CARTESIAN_POINT('',(-0.0118,-0.0067955242121578,0.0169641020364279));
#3521=CARTESIAN_POINT('',(-0.0118,-0.0067955242121578,0.0169641020364279));
#3522=CARTESIAN_POINT('',(-0.0118,-0.0067955242121578,0.022));
#3523=CARTESIAN_POINT('',(-0.011799999999997,-0.00679552421215995,0.));
#3524=CARTESIAN_POINT('',(4.33680868994202E-19,0.018854,0.));
#3525=CARTESIAN_POINT('',(-0.00577840053306097,0.018854,0.));
#3526=CARTESIAN_POINT('',(-0.0161453592410492,0.0160351203250714,0.));
#3527=CARTESIAN_POINT('',(-0.018433797662188,0.00502410861240165,0.));
#3528=CARTESIAN_POINT('',(-0.01558858546159,-0.00491468008361314,0.));
#3529=CARTESIAN_POINT('',(-0.00768233701659122,-0.0093540114888502,0.));
#3530=CARTESIAN_POINT('',(-1.69531342106229E-18,-0.0122686833663153,0.));
#3531=CARTESIAN_POINT('',(0.00768233701659123,-0.00935401148885019,0.));
#3532=CARTESIAN_POINT('',(0.01558858546159,-0.00491468008361311,0.));
#3533=CARTESIAN_POINT('',(0.018433797662188,0.00502410861240164,0.));
#3534=CARTESIAN_POINT('',(0.0161453592410491,0.0160351203250715,0.));
#3535=CARTESIAN_POINT('',(0.00577840053306096,0.018854,0.));
#3536=CARTESIAN_POINT('',(4.33680868994202E-19,0.018854,0.));
#3537=CARTESIAN_POINT('',(-6.45100292628875E-18,-0.0138135,0.));
#3538=CARTESIAN_POINT('',(-0.0118,-0.0138155000000007,0.));
#3539=CARTESIAN_POINT('',(-0.0118,-0.00977709878396507,0.));
#3540=CARTESIAN_POINT('',(0.00473709160298742,0.0211368853135106,0.));
#3541=CARTESIAN_POINT('',(-3.79470760369927E-18,0.0214625573432447,0.));
#3542=CARTESIAN_POINT('',(-0.00473709160298741,0.0211368853135106,0.));
#3543=CARTESIAN_POINT('',(-0.00849458622659791,0.0203202612871745,0.));
#3544=CARTESIAN_POINT('',(-0.0112789949867082,0.0193178722871993,0.));
#3545=CARTESIAN_POINT('',(-0.0132287861138816,0.0183791079600722,0.));
#3546=CARTESIAN_POINT('',(-0.0147134429147902,0.0174251528378125,0.));
#3547=CARTESIAN_POINT('',(-0.0157959420517809,0.0165475803325772,0.));
#3548=CARTESIAN_POINT('',(-0.0165511606695403,0.0158251887629525,0.));
#3549=CARTESIAN_POINT('',(-0.0172282767718812,0.0150520724832548,0.));
#3550=CARTESIAN_POINT('',(-0.0180237487605827,0.0139684893721872,0.));
#3551=CARTESIAN_POINT('',(-0.0188214277724343,0.0125311505916836,0.));
#3552=CARTESIAN_POINT('',(-0.0194890300866743,0.0107287383490174,0.));
#3553=CARTESIAN_POINT('',(-0.0199045865568636,0.00888965032819773,0.));
#3554=CARTESIAN_POINT('',(-0.0201069651548433,0.00704254408882537,0.));
#3555=CARTESIAN_POINT('',(-0.0201275140754395,0.00551480974795862,0.));
#3556=CARTESIAN_POINT('',(-0.0200713688729572,0.00430752231150176,0.));
#3557=CARTESIAN_POINT('',(-0.0199673409066004,0.00309922119094959,0.));
#3558=CARTESIAN_POINT('',(-0.0197456934636773,0.00159742616607075,0.));
#3559=CARTESIAN_POINT('',(-0.0193274275988207,-0.000173919871949641,0.));
#3560=CARTESIAN_POINT('',(-0.0187490127352458,-0.0018945043733378,0.));
#3561=CARTESIAN_POINT('',(-0.0179996354676266,-0.00354406774873136,0.));
#3562=CARTESIAN_POINT('',(-0.0172239873144778,-0.00483756089903801,0.));
#3563=CARTESIAN_POINT('',(-0.0165022104988727,-0.00581324426141341,0.));
#3564=CARTESIAN_POINT('',(-0.015725265566553,-0.00672741313340592,0.));
#3565=CARTESIAN_POINT('',(-0.0146760163995511,-0.00774828348320223,0.));
#3566=CARTESIAN_POINT('',(-0.013330755112653,-0.00880421604814517,0.));
#3567=CARTESIAN_POINT('',(-0.0119341782122319,-0.00971757939484429,0.));
#3568=CARTESIAN_POINT('',(-0.0105153240216449,-0.0105155363576202,0.));
#3569=CARTESIAN_POINT('',(-0.00933295720841057,-0.011106183515144,0.));
#3570=CARTESIAN_POINT('',(-0.00840504609160159,-0.0115432398226017,0.));
#3571=CARTESIAN_POINT('',(-0.00746742934805913,-0.011969722418987,0.));
#3572=CARTESIAN_POINT('',(-0.00626937247912694,-0.012475984354941,0.));
#3573=CARTESIAN_POINT('',(-0.00478657416967097,-0.0130118813447591,0.));
#3574=CARTESIAN_POINT('',(-0.00325166391302865,-0.0134447645328828,0.));
#3575=CARTESIAN_POINT('',(-0.00192388807304848,-0.0136894475814144,0.));
#3576=CARTESIAN_POINT('',(-0.000833885212860879,-0.013794734296469,0.));
#3577=CARTESIAN_POINT('',(-5.30787351060835E-18,-0.0138228828517655,0.));
#3578=CARTESIAN_POINT('',(0.000833885212860862,-0.013794734296469,0.));
#3579=CARTESIAN_POINT('',(0.00192388807304847,-0.0136894475814144,0.));
#3580=CARTESIAN_POINT('',(0.00325166391302864,-0.0134447645328828,0.));
#3581=CARTESIAN_POINT('',(0.00478657416967096,-0.0130118813447591,0.));
#3582=CARTESIAN_POINT('',(0.00626937247912694,-0.012475984354941,0.));
#3583=CARTESIAN_POINT('',(0.00746742934805913,-0.011969722418987,0.));
#3584=CARTESIAN_POINT('',(0.00840504609160159,-0.0115432398226017,0.));
#3585=CARTESIAN_POINT('',(0.00933295720841057,-0.011106183515144,0.));
#3586=CARTESIAN_POINT('',(0.0105153240216449,-0.0105155363576202,0.));
#3587=CARTESIAN_POINT('',(0.0119341782122319,-0.00971757939484428,0.));
#3588=CARTESIAN_POINT('',(0.013330755112653,-0.00880421604814516,0.));
#3589=CARTESIAN_POINT('',(0.014676016399551,-0.00774828348320221,0.));
#3590=CARTESIAN_POINT('',(0.015725265566553,-0.00672741313340592,0.));
#3591=CARTESIAN_POINT('',(0.0165022104988727,-0.00581324426141339,0.));
#3592=CARTESIAN_POINT('',(0.0172239873144778,-0.00483756089903801,0.));
#3593=CARTESIAN_POINT('',(0.0179996354676266,-0.00354406774873135,0.));
#3594=CARTESIAN_POINT('',(0.0187490127352458,-0.00189450437333779,0.));
#3595=CARTESIAN_POINT('',(0.0193274275988207,-0.00017391987194965,0.));
#3596=CARTESIAN_POINT('',(0.0197456934636773,0.00159742616607075,0.));
#3597=CARTESIAN_POINT('',(0.0199673409066004,0.00309922119094959,0.));
#3598=CARTESIAN_POINT('',(0.0200713688729572,0.00430752231150175,0.));
#3599=CARTESIAN_POINT('',(0.0201275140754395,0.00551480974795862,0.));
#3600=CARTESIAN_POINT('',(0.0201069651548433,0.00704254408882536,0.));
#3601=CARTESIAN_POINT('',(0.0199045865568636,0.00888965032819773,0.));
#3602=CARTESIAN_POINT('',(0.0194890300866743,0.0107287383490174,0.));
#3603=CARTESIAN_POINT('',(0.0188214277724343,0.0125311505916837,0.));
#3604=CARTESIAN_POINT('',(0.0180237487605827,0.0139684893721872,0.));
#3605=CARTESIAN_POINT('',(0.0172282767718812,0.0150520724832548,0.));
#3606=CARTESIAN_POINT('',(0.0165511606695403,0.0158251887629525,0.));
#3607=CARTESIAN_POINT('',(0.0157959420517809,0.0165475803325772,0.));
#3608=CARTESIAN_POINT('',(0.0147134429147901,0.0174251528378125,0.));
#3609=CARTESIAN_POINT('',(0.0132287861138815,0.0183791079600722,0.));
#3610=CARTESIAN_POINT('',(0.0112789949867082,0.0193178722871993,0.));
#3611=CARTESIAN_POINT('',(0.00849458622659791,0.0203202612871745,0.));
#3612=CARTESIAN_POINT('',(0.00473709160298742,0.0211368853135106,0.));
#3613=CARTESIAN_POINT('',(-3.79470760369927E-18,0.0214625573432447,0.));
#3614=CARTESIAN_POINT('',(-0.00473709160298741,0.0211368853135106,0.));
#3615=CARTESIAN_POINT('',(-0.0030000000038829,0.0212224072918292,0.));
#3616=CARTESIAN_POINT('',(-0.003,0.0237224072684426,0.));
#3617=CARTESIAN_POINT('',(-0.003,0.0262224072890078,0.));
#3618=CARTESIAN_POINT('',(-2.16840434497101E-18,0.0262224072890078,0.));
#3619=CARTESIAN_POINT('',(0.003,0.0262224072890078,0.));
#3620=CARTESIAN_POINT('',(0.003,0.0237224072890078,0.));
#3621=CARTESIAN_POINT('',(0.0118,-0.0138154999999995,0.));
#3622=CARTESIAN_POINT('',(-2.16840434497101E-18,0.0262224072890078,0.));
#3623=CARTESIAN_POINT('',(0.00119,0.0262224072890078,0.));
#3624=CARTESIAN_POINT('',(-0.0030000000038829,0.0212224072918292,0.0178294406018267));
#3625=CARTESIAN_POINT('',(-0.0030000000038829,0.0212224072918292,3.46944695195361E-18));
#3626=CARTESIAN_POINT('',(-0.0052303897714035,0.0210253645585486,0.0178294406018267));
#3627=CARTESIAN_POINT('',(-0.0052303897714035,0.0210253645585486,3.46944695195361E-18));
#3628=CARTESIAN_POINT('',(-0.00850068396988399,0.0204030081898863,0.0178294406018267));
#3629=CARTESIAN_POINT('',(-0.00850068396988399,0.0204030081898863,6.93889390390723E-18));
#3630=CARTESIAN_POINT('',(-0.012396783735568,0.018858137147522,0.0178294406018267));
#3631=CARTESIAN_POINT('',(-0.012396783735568,0.018858137147522,0.));
#3632=CARTESIAN_POINT('',(-0.0150037617153833,0.0173096789211231,0.0178294406018267));
#3633=CARTESIAN_POINT('',(-0.0150037617153833,0.0173096789211231,3.46944695195361E-18));
#3634=CARTESIAN_POINT('',(-0.0172001271516298,0.0152599898938104,0.0178294406018267));
#3635=CARTESIAN_POINT('',(-0.0172001271516298,0.0152599898938104,0.));
#3636=CARTESIAN_POINT('',(-0.0192413564993385,0.0120410243964033,0.0178294406018267));
#3637=CARTESIAN_POINT('',(-0.0192413564993385,0.0120410243964033,6.93889390390723E-18));
#3638=CARTESIAN_POINT('',(-0.0202759513553069,0.00761192297230018,0.0178294406018267));
#3639=CARTESIAN_POINT('',(-0.0202759513553069,0.00761192297230018,3.46944695195361E-18));
#3640=CARTESIAN_POINT('',(-0.0200538333815815,0.00241284194460816,0.0178294406018267));
#3641=CARTESIAN_POINT('',(-0.0200538333815815,0.00241284194460816,0.));
#3642=CARTESIAN_POINT('',(-0.0189155300654818,-0.0017963334785237,0.0178294406018267));
#3643=CARTESIAN_POINT('',(-0.0189155300654818,-0.0017963334785237,3.46944695195361E-18));
#3644=CARTESIAN_POINT('',(-0.0172930385417537,-0.00483751260205949,0.0178294406018267));
#3645=CARTESIAN_POINT('',(-0.0172930385417537,-0.00483751260205949,6.93889390390723E-18));
#3646=CARTESIAN_POINT('',(-0.0151188235490183,-0.00754718317824506,0.0178294406018267));
#3647=CARTESIAN_POINT('',(-0.0151188235490183,-0.00754718317824506,-6.93889390390723E-18));
#3648=CARTESIAN_POINT('',(-0.0131404850811827,-0.00897349749973556,0.0178294406018267));
#3649=CARTESIAN_POINT('',(-0.0131404850811827,-0.00897349749973556,3.46944695195361E-18));
#3650=CARTESIAN_POINT('',(-0.0117999999999986,-0.00977709878396462,0.0178294406018267));
#3651=CARTESIAN_POINT('',(-0.0117999999999986,-0.00977709878396462,3.46944695195361E-18));
#3652=CARTESIAN_POINT('',(-0.0118,-0.0097770987839638,0.022));
#3653=CARTESIAN_POINT('',(-0.0118,-0.0097770987839638,0.0177231019898874));
#3654=CARTESIAN_POINT('',(-0.0118,-0.0097770987839638,0.0177231019898874));
#3655=CARTESIAN_POINT('',(-0.0133751449986162,-0.00883282229666643,0.0171976975582923));
#3656=CARTESIAN_POINT('',(-0.015520216095502,-0.00719399250872965,0.0162856764357714));
#3657=CARTESIAN_POINT('',(-0.0176185435496397,-0.0043141914363216,0.0148378336951133));
#3658=CARTESIAN_POINT('',(-0.0187589805566901,-0.00196264765813215,0.0137569395525105));
#3659=CARTESIAN_POINT('',(-0.0195675915534885,0.000613248532015254,0.0127588264944097));
#3660=CARTESIAN_POINT('',(-0.0200286084687981,0.00327903320127891,0.0119172233154197));
#3661=CARTESIAN_POINT('',(-0.0201733636315324,0.00605676679699025,0.0111990256222727));
#3662=CARTESIAN_POINT('',(-0.0199592834560651,0.00883018325265907,0.0106368798949907));
#3663=CARTESIAN_POINT('',(-0.0192629939465997,0.0115955453621417,0.0102249016987442));
#3664=CARTESIAN_POINT('',(-0.0179987748987824,0.0141585982520247,0.00999095573896866));
#3665=CARTESIAN_POINT('',(-0.0161545065407147,0.0163546579294153,0.00996176864446029));
#3666=CARTESIAN_POINT('',(-0.0138379227408715,0.0180666006857182,0.0101002268990625));
#3667=CARTESIAN_POINT('',(-0.0113100446841592,0.0193327050252159,0.0102638494239852));
#3668=CARTESIAN_POINT('',(-0.00769292872229382,0.0205746875106669,0.010439968710974));
#3669=CARTESIAN_POINT('',(-0.00489855018738118,0.0210546807696087,0.0105085942132948));
#3670=CARTESIAN_POINT('',(-0.00300000001539671,0.021222407290812,0.0105322122538653));
#3671=CARTESIAN_POINT('',(-0.003,0.0212224072478774,0.0105322122476287));
#3672=CARTESIAN_POINT('',(-0.003,0.0212224072478774,0.013));
#3673=CARTESIAN_POINT('',(0.0118,-0.0138154999999995,0.011));
#3674=CARTESIAN_POINT('',(0.0118000000000002,-0.00977709878396369,0.0177231019898874));
#3675=CARTESIAN_POINT('',(0.0118000000000002,-0.00977709878396369,0.0179085504326275));
#3676=CARTESIAN_POINT('',(0.0117999999999999,-0.00966010416943692,0.0182763063750941));
#3677=CARTESIAN_POINT('',(0.0118,-0.00901240053457599,0.0187032104844954));
#3678=CARTESIAN_POINT('',(0.0118,-0.00841996017217434,0.0185895560963114));
#3679=CARTESIAN_POINT('',(0.0118,-0.00810021309639772,0.0184040342293523));
#3680=CARTESIAN_POINT('',(0.0118,-0.00810021309639751,0.0184040342293522));
#3681=CARTESIAN_POINT('',(0.0118,-0.0138135,0.0215));
#3682=CARTESIAN_POINT('',(0.0118,-0.0090635,0.01925));
#3683=CARTESIAN_POINT('',(0.0118,-0.00112260911805861,0.013344964371868));
#3684=CARTESIAN_POINT('',(0.0118,0.0145810401341444,0.0103871862270398));
#3685=CARTESIAN_POINT('',(0.0118,0.018004,0.01125));
#3686=CARTESIAN_POINT('',(0.0118,0.021354,0.0117));
#3687=CARTESIAN_POINT('',(0.0118,-0.00750504624171074,0.0180586965518477));
#3688=CARTESIAN_POINT('',(0.0118,-0.00750504624171075,0.0180586965518477));
#3689=CARTESIAN_POINT('',(0.0118,-0.00710873768202362,0.017828893004329));
#3690=CARTESIAN_POINT('',(0.0118,-0.00679552421215896,0.0174250146011561));
#3691=CARTESIAN_POINT('',(0.0118,-0.00679552421215903,0.0169641020364281));
#3692=CARTESIAN_POINT('',(-0.0118,-0.0138155000000007,0.011));
#3693=CARTESIAN_POINT('',(-0.0118,-0.0138135,0.0215));
#3694=CARTESIAN_POINT('',(-0.0118,-0.0090635,0.01925));
#3695=CARTESIAN_POINT('',(-0.0118,-0.00112260911805861,0.013344964371868));
#3696=CARTESIAN_POINT('',(-0.0118,0.0145810401341444,0.0103871862270398));
#3697=CARTESIAN_POINT('',(-0.0118,0.018004,0.01125));
#3698=CARTESIAN_POINT('',(-0.0118,0.021354,0.0117));
#3699=CARTESIAN_POINT('',(-0.0118,-0.00810021309639753,0.0184040342293522));
#3700=CARTESIAN_POINT('',(-0.0118,-0.00750504624171077,0.0180586965518478));
#3701=CARTESIAN_POINT('',(-0.0118,-0.00810021309639774,0.0184040342293523));
#3702=CARTESIAN_POINT('',(-0.0118,-0.00842046771965139,0.0185898505826809));
#3703=CARTESIAN_POINT('',(-0.0118,-0.00901015103662932,0.0187030165973475));
#3704=CARTESIAN_POINT('',(-0.0118,-0.00965908825846114,0.0182780261245329));
#3705=CARTESIAN_POINT('',(-0.0118,-0.0097770987839638,0.0179091949939828));
#3706=CARTESIAN_POINT('',(-0.0118,-0.0097770987839638,0.0177231019898874));
#3707=CARTESIAN_POINT('',(-0.0118,-0.0067955242121578,0.016964102036428));
#3708=CARTESIAN_POINT('',(-0.0118,-0.0067955242121578,0.0174230884115497));
#3709=CARTESIAN_POINT('',(-0.0118,-0.00710984412203719,0.0178295345848198));
#3710=CARTESIAN_POINT('',(-0.0118,-0.00750504624171077,0.0180586965518478));
#3711=CARTESIAN_POINT('',(-0.0193759297663764,-0.00827393754654905,0.0185048043786199));
#3712=CARTESIAN_POINT('',(0.0194420573196216,-0.00827393754654905,0.0185048043786199));
#3713=CARTESIAN_POINT('',(-0.0193759297663764,-0.00705297300820657,0.0177968081494338));
#3714=CARTESIAN_POINT('',(0.0194420573196216,-0.00705297300820657,0.0177968081494338));
#3715=CARTESIAN_POINT('',(-0.0193759297663764,-0.00461312220705352,0.0163721335426943));
#3716=CARTESIAN_POINT('',(0.0194420573196216,-0.00461312220705352,0.0163721335426943));
#3717=CARTESIAN_POINT('',(-0.0193759297663764,-0.000771289331914872,0.0144168196770971));
#3718=CARTESIAN_POINT('',(0.0194420573196216,-0.000771289331914872,0.0144168196770971));
#3719=CARTESIAN_POINT('',(-0.0193759297663764,0.00350774910238384,0.0128733384671212));
#3720=CARTESIAN_POINT('',(0.0194420573196216,0.00350774910238384,0.0128733384671212));
#3721=CARTESIAN_POINT('',(-0.0193759297663764,0.00788631570046075,0.0117742572673792));
#3722=CARTESIAN_POINT('',(0.0194420573196216,0.00788631570046075,0.0117742572673792));
#3723=CARTESIAN_POINT('',(-0.0193759297663764,0.0112418318365733,0.0112262769995318));
#3724=CARTESIAN_POINT('',(0.0194420573196216,0.0112418318365733,0.0112262769995318));
#3725=CARTESIAN_POINT('',(-0.0193759297663764,0.0135491791880269,0.0110110177102567));
#3726=CARTESIAN_POINT('',(0.0194420573196216,0.0135491791880269,0.0110110177102567));
#3727=CARTESIAN_POINT('',(-0.0193759297663764,0.0155061775959374,0.0109475424956651));
#3728=CARTESIAN_POINT('',(0.0194420573196216,0.0155061775959374,0.0109475424956651));
#3729=CARTESIAN_POINT('',(-0.0193759297663764,0.0175078663652839,0.0111217717508412));
#3730=CARTESIAN_POINT('',(0.0194420573196216,0.0175078663652839,0.0111217717508412));
#3731=CARTESIAN_POINT('',(-0.0193759297663764,0.0194367314060548,0.0114323437623821));
#3732=CARTESIAN_POINT('',(0.0194420573196216,0.0194367314060548,0.0114323437623821));
#3733=CARTESIAN_POINT('',(-0.0193759297663764,0.0206742963969615,0.0116064768630046));
#3734=CARTESIAN_POINT('',(0.0194420573196216,0.0206742963969615,0.0116064768630046));
#3735=CARTESIAN_POINT('',(0.0118,-0.00810021309639772,0.0184040342293523));
#3736=CARTESIAN_POINT('',(0.0125595839675542,-0.00761681787655162,0.018123561347944));
#3737=CARTESIAN_POINT('',(0.0139900609478409,-0.00658082657156839,0.0175206461675307));
#3738=CARTESIAN_POINT('',(0.0164408102267789,-0.00406774226665137,0.016094457026296));
#3739=CARTESIAN_POINT('',(0.0179832411551963,-0.00104133478161601,0.0145465068585308));
#3740=CARTESIAN_POINT('',(0.0188554114129432,0.00240735794312823,0.0132724562476585));
#3741=CARTESIAN_POINT('',(0.0191478432857039,0.00505293815813613,0.012482830129188));
#3742=CARTESIAN_POINT('',(0.0191065939809489,0.00780644428311337,0.0118259548444089));
#3743=CARTESIAN_POINT('',(0.0186109441623718,0.01052879076115,0.0113335792492475));
#3744=CARTESIAN_POINT('',(0.0175113474320572,0.0131539674835385,0.0110202628833554));
#3745=CARTESIAN_POINT('',(0.0157307953483753,0.015373800258727,0.0109488791195942));
#3746=CARTESIAN_POINT('',(0.0134537666601547,0.0170193945230479,0.0110843616780008));
#3747=CARTESIAN_POINT('',(0.0100860024846522,0.0186825629463569,0.0113111161619738));
#3748=CARTESIAN_POINT('',(0.00554587432309997,0.0199079928835589,0.0114985669398551));
#3749=CARTESIAN_POINT('',(0.00092913844622078,0.0202893581878314,0.0115514806112055));
#3750=CARTESIAN_POINT('',(-0.00282243549598099,0.0201310405294285,0.0115289526373211));
#3751=CARTESIAN_POINT('',(-0.00558101911838431,0.0197736259383633,0.0114768953439629));
#3752=CARTESIAN_POINT('',(-0.00829539708712247,0.0191640633647991,0.0113867409272128));
#3753=CARTESIAN_POINT('',(-0.0109677399540279,0.0182503916567555,0.0112516107860999));
#3754=CARTESIAN_POINT('',(-0.0134665878518903,0.017011493545431,0.0110834514440515));
#3755=CARTESIAN_POINT('',(-0.0157607356785723,0.0153485798774871,0.0109476585841245));
#3756=CARTESIAN_POINT('',(-0.0175263057381443,0.0131226116852645,0.0110235649350368));
#3757=CARTESIAN_POINT('',(-0.018609864576022,0.0105292145380245,0.0113337207794596));
#3758=CARTESIAN_POINT('',(-0.0191071528944157,0.0077984570657855,0.0118277627582925));
#3759=CARTESIAN_POINT('',(-0.0191630629603821,0.0041473055240788,0.0126981700237164));
#3760=CARTESIAN_POINT('',(-0.0185359246666225,0.000609590659712459,0.0138656622577807));
#3761=CARTESIAN_POINT('',(-0.0171991819360954,-0.00256083055951206,0.0153234704267008));
#3762=CARTESIAN_POINT('',(-0.0153327552783214,-0.00546132834839022,0.0168574308371098));
#3763=CARTESIAN_POINT('',(-0.0133135687374875,-0.00713698595645977,0.0178451559444677));
#3764=CARTESIAN_POINT('',(-0.0118,-0.00810021309639775,0.0184040342293523));
#3765=CARTESIAN_POINT('',(-0.0118,-0.00750504624171077,0.0180586965518478));
#3766=CARTESIAN_POINT('',(-0.0125234932294563,-0.00703006421402459,0.0177832733940535));
#3767=CARTESIAN_POINT('',(-0.0138860133935327,-0.0060088494610125,0.0171919430620604));
#3768=CARTESIAN_POINT('',(-0.0156183655813698,-0.0041539602288575,0.0161561393169922));
#3769=CARTESIAN_POINT('',(-0.0168956185628886,-0.00205150116657438,0.0150754114112386));
#3770=CARTESIAN_POINT('',(-0.0181397736491179,0.00107629809466794,0.0136939846741724));
#3771=CARTESIAN_POINT('',(-0.0186802534630646,0.00446342765876698,0.0126143316868888));
#3772=CARTESIAN_POINT('',(-0.0185845182485519,0.00797893782479199,0.0117919563858111));
#3773=CARTESIAN_POINT('',(-0.018063056134542,0.0106056815334232,0.0113241321187313));
#3774=CARTESIAN_POINT('',(-0.0169653415280289,0.0130879517524285,0.0110299898927916));
#3775=CARTESIAN_POINT('',(-0.0152129092146559,0.0151852515445742,0.010949991494855));
#3776=CARTESIAN_POINT('',(-0.012967861574353,0.0167394928139036,0.0110554670825366));
#3777=CARTESIAN_POINT('',(-0.00968818326187501,0.0182863693742652,0.011251952538219));
#3778=CARTESIAN_POINT('',(-0.00537305394126897,0.0194157240988328,0.0114257501320249));
#3779=CARTESIAN_POINT('',(-0.00090381613136112,0.0197824958747849,0.0114778184779358));
#3780=CARTESIAN_POINT('',(0.00270976568789663,0.0196338858402724,0.011456229110918));
#3781=CARTESIAN_POINT('',(0.00536939755398464,0.0192989196750387,0.0114067230955863));
#3782=CARTESIAN_POINT('',(0.00798408002600659,0.0187294699807872,0.011322314194549));
#3783=CARTESIAN_POINT('',(0.0105643682330275,0.0178785031467925,0.0111993442003714));
#3784=CARTESIAN_POINT('',(0.0129904628643689,0.0167249840838657,0.0110541863620753));
#3785=CARTESIAN_POINT('',(0.0152336148898231,0.0151674086357518,0.0109496269096745));
#3786=CARTESIAN_POINT('',(0.0169765135567308,0.0130677173233067,0.011031891471824));
#3787=CARTESIAN_POINT('',(0.0180672900363326,0.0105918453392632,0.0113262071139792));
#3788=CARTESIAN_POINT('',(0.0185859628585834,0.00796105989791813,0.0117957045669324));
#3789=CARTESIAN_POINT('',(0.0186809220755405,0.00445408653966521,0.012616940838603));
#3790=CARTESIAN_POINT('',(0.0179836011872032,0.000178711168988764,0.0139804605837382));
#3791=CARTESIAN_POINT('',(0.0161688590963613,-0.0035693725583812,0.0158273177138038));
#3792=CARTESIAN_POINT('',(0.0138758283790792,-0.00601625303018484,0.0171966802776872));
#3793=CARTESIAN_POINT('',(0.0125211542144275,-0.00703159980559056,0.017784163822435));
#3794=CARTESIAN_POINT('',(0.0118,-0.00750504624171074,0.0180586965518477));
#3795=CARTESIAN_POINT('',(2.86220906339102E-9,-0.0129183445950134,0.0130000000000001));
#3796=CARTESIAN_POINT('',(0.003,0.0212225174690315,0.012));
#3797=CARTESIAN_POINT('',(0.003,0.0212224072890078,0.012));
#3798=CARTESIAN_POINT('',(0.003,0.0212224072890078,0.012));
#3799=CARTESIAN_POINT('',(0.00100485612045019,0.0213986658965568,0.012));
#3800=CARTESIAN_POINT('',(-0.0010047459430964,0.0213986748827332,0.012));
#3801=CARTESIAN_POINT('',(-0.0029999999999999,0.0212224072478774,0.012));
#3802=CARTESIAN_POINT('',(-0.003,0.0212224072478774,0.012));
#3803=CARTESIAN_POINT('',(-0.003,0.0212225169660198,0.012));
#3804=CARTESIAN_POINT('',(-0.00300000000396385,0.021222407291822,0.0105322122540075));
#3805=CARTESIAN_POINT('',(-0.00100775354284172,0.0213984113668924,0.0105569958800889));
#3806=CARTESIAN_POINT('',(0.00101446341188882,0.0213978185864513,0.0105569124090167));
#3807=CARTESIAN_POINT('',(0.00300000000028328,0.0212224072921472,0.0105322122540533));
#3808=CARTESIAN_POINT('',(-2.16840434497101E-18,0.0262224072890078,0.013));
#3809=CARTESIAN_POINT('',(-0.003,0.0262224072890078,0.013));
#3810=CARTESIAN_POINT('',(-0.003,0.0262224072890078,0.013));
#3811=CARTESIAN_POINT('',(-2.16840434497101E-18,0.0262224072890078,0.013));
#3812=CARTESIAN_POINT('',(0.003,0.0262224072890078,0.013));
#3813=CARTESIAN_POINT('',(0.003,0.0262224072890078,0.013));
#3814=CARTESIAN_POINT('',(-0.003,0.0237224072684426,0.013));
#3815=CARTESIAN_POINT('',(-0.0029999999999999,0.0212224072478774,0.012));
#3816=CARTESIAN_POINT('',(-0.0029999999999999,0.0212224072478774,0.0122646115945279));
#3817=CARTESIAN_POINT('',(-0.00300000000000005,0.0214416671810098,0.0127827148666162));
#3818=CARTESIAN_POINT('',(-0.003,0.0219616046424893,0.013));
#3819=CARTESIAN_POINT('',(-0.003,0.0222261882761988,0.013));
#3820=CARTESIAN_POINT('',(-0.003,0.0222261882761988,0.013));
#3821=CARTESIAN_POINT('',(-0.003,0.0237224072684426,0.013));
#3822=CARTESIAN_POINT('',(-2.16840434497101E-18,0.0262224072890078,0.013));
#3823=CARTESIAN_POINT('',(-2.16840434497101E-18,0.0262224072890078,0.0126));
#3824=CARTESIAN_POINT('',(0.00119,0.0262224072890078,0.0126));
#3825=CARTESIAN_POINT('',(0.003,0.0237224072890078,0.013));
#3826=CARTESIAN_POINT('',(0.003,0.0237224072890078,0.013));
#3827=CARTESIAN_POINT('',(0.003,0.0222261884248044,0.013));
#3828=CARTESIAN_POINT('',(0.003,0.0222261884248044,0.013));
#3829=CARTESIAN_POINT('',(0.003,0.021961587300437,0.013));
#3830=CARTESIAN_POINT('',(0.003,0.0214426904828432,0.0127837148611393));
#3831=CARTESIAN_POINT('',(0.003,0.0212224072890078,0.0122646291305698));
#3832=CARTESIAN_POINT('',(0.003,0.0212224072890078,0.012));
#3833=CARTESIAN_POINT('',(-0.00518880482894283,0.00504552228146033,0.013));
#3834=CARTESIAN_POINT('',(-2.16840434497101E-18,0.0262224072890078,0.013));
#3835=CARTESIAN_POINT('',(0.00159,0.0262224072890078,0.013));
#3836=CARTESIAN_POINT('',(-0.003,0.0222261882761988,0.013));
#3837=CARTESIAN_POINT('',(-0.00100445073196836,0.0223973285757258,0.013));
#3838=CARTESIAN_POINT('',(0.00100444580689023,0.0223973314368232,0.013));
#3839=CARTESIAN_POINT('',(0.003,0.0222261884248044,0.013));
#3840=CARTESIAN_POINT('',(-0.0107733768237353,-0.00871794692816768,0.0187619167488604));
#3841=CARTESIAN_POINT('',(-0.0116479066008415,-0.00987166111897711,0.0194288235218836));
#3842=CARTESIAN_POINT('',(-0.0112673744484909,-0.0100878657474675,0.017896154526741));
#3843=CARTESIAN_POINT('',(-0.0115817853027609,-0.00825697002971286,0.018495448139706));
#3844=CARTESIAN_POINT('',(-0.0124933858396766,-0.00937391758507189,0.0191440494710011));
#3845=CARTESIAN_POINT('',(-0.0121059800568109,-0.00961140032167665,0.0176306503355171));
#3846=CARTESIAN_POINT('',(-0.0131562432219684,-0.00724552879588484,0.0179068328037867));
#3847=CARTESIAN_POINT('',(-0.0141338704730224,-0.00827680630274706,0.0185069001388751));
#3848=CARTESIAN_POINT('',(-0.0137552245750822,-0.00855414621935461,0.0170425336546653));
#3849=CARTESIAN_POINT('',(-0.0151702118965996,-0.00546958601801419,0.0168830343059891));
#3850=CARTESIAN_POINT('',(-0.0162410489205748,-0.00629535696960883,0.0173472754230996));
#3851=CARTESIAN_POINT('',(-0.0159075379160408,-0.00664818109626224,0.0160123088675771));
#3852=CARTESIAN_POINT('',(-0.0167805699391588,-0.00332277771333013,0.0157117039874491));
#3853=CARTESIAN_POINT('',(-0.0178808195714344,-0.00389247372141928,0.0160037525814358));
#3854=CARTESIAN_POINT('',(-0.0176498198132233,-0.00429171022598212,0.0148239195339645));
#3855=CARTESIAN_POINT('',(-0.0179197076850728,-0.00097023843056236,0.0145679229403805));
#3856=CARTESIAN_POINT('',(-0.0189976312818401,-0.00135515058441651,0.0147345066467502));
#3857=CARTESIAN_POINT('',(-0.0188589407987149,-0.00173148027068298,0.0136534860790542));
#3858=CARTESIAN_POINT('',(-0.018697976264318,0.00160393062130593,0.0135452329438033));
#3859=CARTESIAN_POINT('',(-0.0197425239069062,0.00137326065142158,0.0136227533489875));
#3860=CARTESIAN_POINT('',(-0.0196789223120409,0.00106102905161392,0.0126010456213172));
#3861=CARTESIAN_POINT('',(-0.0191000063859903,0.00429251228947878,0.0126916984356088));
#3862=CARTESIAN_POINT('',(-0.020118331062957,0.00419761923197245,0.012716297817179));
#3863=CARTESIAN_POINT('',(-0.0200991489902344,0.00393691859350963,0.0117294829871993));
#3864=CARTESIAN_POINT('',(-0.0191580109257265,0.00709633839711761,0.0119788840405281));
#3865=CARTESIAN_POINT('',(-0.0201479908137671,0.0071266691246575,0.0119692520562946));
#3866=CARTESIAN_POINT('',(-0.0201605370254666,0.00692489356776446,0.0110026252633504));
#3867=CARTESIAN_POINT('',(-0.0187816698969662,0.00988462712633384,0.0114346900347073));
#3868=CARTESIAN_POINT('',(-0.0197273157246891,0.0100842041822141,0.0113980127575304));
#3869=CARTESIAN_POINT('',(-0.019763124959794,0.00994526995279531,0.0104477327667691));
#3870=CARTESIAN_POINT('',(-0.0178164356672451,0.0125939370655721,0.0110708799785758));
#3871=CARTESIAN_POINT('',(-0.0186797008577873,0.013015343804327,0.0110208328671492));
#3872=CARTESIAN_POINT('',(-0.0187244719750974,0.0129359210191676,0.010075297476952));
#3873=CARTESIAN_POINT('',(-0.016165588469796,0.0149556596755166,0.0109400186104076));
#3874=CARTESIAN_POINT('',(-0.0168837248451854,0.0156532965301529,0.0109267468741413));
#3875=CARTESIAN_POINT('',(-0.0169178185004765,0.0156275990707849,0.00993781722198152));
#3876=CARTESIAN_POINT('',(-0.0139060833879514,0.0167496249172173,0.0110515337495213));
#3877=CARTESIAN_POINT('',(-0.0144787780090487,0.0176817371075876,0.0111457233908037));
#3878=CARTESIAN_POINT('',(-0.0144608637644613,0.017695617529862,0.010055972695594));
#3879=CARTESIAN_POINT('',(-0.0113449780744407,0.0180961285992612,0.011229226243206));
#3880=CARTESIAN_POINT('',(-0.0117986224339162,0.0191340647418525,0.0113778038653649));
#3881=CARTESIAN_POINT('',(-0.0117491002671739,0.0191558659958968,0.010239413009793));
#3882=CARTESIAN_POINT('',(-0.00857620034376556,0.0190887487068641,0.0113754965394531));
#3883=CARTESIAN_POINT('',(-0.00889983983310976,0.020186616880641,0.0115388722613753));
#3884=CARTESIAN_POINT('',(-0.00885611641432626,0.0201985345963526,0.0103863683314545));
#3885=CARTESIAN_POINT('',(-0.00574875331795922,0.0197476105595603,0.0114731202523976));
#3886=CARTESIAN_POINT('',(-0.00595527646157395,0.020874129851432,0.0116389575080447));
#3887=CARTESIAN_POINT('',(-0.00592566354877655,0.0208789666934202,0.0104837851293589));
#3888=CARTESIAN_POINT('',(-0.0028755932223137,0.0201299673798736,0.0115287667460763));
#3889=CARTESIAN_POINT('',(-0.00297655089888607,0.0212702259636295,0.0116940026751729));
#3890=CARTESIAN_POINT('',(-0.00296168199785019,0.021271023389673,0.0105391017551993));
#3891=CARTESIAN_POINT('',(0.00103490312562814,0.020293828932322,0.0115523001062303));
#3892=CARTESIAN_POINT('',(0.00107166873726428,0.0214390491774957,0.0117167918875287));
#3893=CARTESIAN_POINT('',(0.00106603613986652,0.0214383334945761,0.0105624576543476));
#3894=CARTESIAN_POINT('',(0.00488320234603737,0.0199568066977084,0.0115040908744846));
#3895=CARTESIAN_POINT('',(0.00505232029112944,0.0210928798895601,0.0116708073025709));
#3896=CARTESIAN_POINT('',(0.00502831496487664,0.0210950706307158,0.0105146919152203));
#3897=CARTESIAN_POINT('',(0.00867630171769077,0.0190593600493241,0.0113711722606598));
#3898=CARTESIAN_POINT('',(0.00900449222613393,0.0201556280859274,0.0115342677967905));
#3899=CARTESIAN_POINT('',(0.00896017918916911,0.0201679649768511,0.0103820393657544));
#3900=CARTESIAN_POINT('',(0.0114262769736233,0.0180612597796443,0.0112240468086306));
#3901=CARTESIAN_POINT('',(0.0118834210384306,0.0190972010719951,0.0113719588139381));
#3902=CARTESIAN_POINT('',(0.0118345198326365,0.0191189624811922,0.0102341818478924));
#3903=CARTESIAN_POINT('',(0.0140058040280363,0.0166862196883502,0.0110446859156107));
#3904=CARTESIAN_POINT('',(0.0145835472921899,0.0176117882013115,0.0111351425057938));
#3905=CARTESIAN_POINT('',(0.0145675741199378,0.017624870094289,0.010048746046168));
#3906=CARTESIAN_POINT('',(0.0162313651148128,0.0148860798983445,0.0109398133841761));
#3907=CARTESIAN_POINT('',(0.0169552263799023,0.0155736389266881,0.0109235614348418));
#3908=CARTESIAN_POINT('',(0.0169903876113895,0.0155461653083877,0.00993766122831097));
#3909=CARTESIAN_POINT('',(0.0178658083153308,0.0124935099479902,0.0110812223616609));
#3910=CARTESIAN_POINT('',(0.0187333070170437,0.0129055251754857,0.0110312797203744));
#3911=CARTESIAN_POINT('',(0.0187779214317626,0.0128240058295822,0.0100859612750525));
#3912=CARTESIAN_POINT('',(0.0187973468295369,0.00980816744881272,0.0114478644553263));
#3913=CARTESIAN_POINT('',(0.0197443933661616,0.010002662536408,0.0114117958681446));
#3914=CARTESIAN_POINT('',(0.0197797798824648,0.00986181794632184,0.0104611720848827));
#3915=CARTESIAN_POINT('',(0.0191609991197642,0.00702385083362446,0.0119954072605985));
#3916=CARTESIAN_POINT('',(0.0201518569670809,0.00705062973605148,0.0119865687453551));
#3917=CARTESIAN_POINT('',(0.020163641637476,0.00684719293249786,0.011019467275258));
#3918=CARTESIAN_POINT('',(0.0190949498653644,0.00424767725468232,0.0127050778339317));
#3919=CARTESIAN_POINT('',(0.0201137203758711,0.00415122416636945,0.0127302623334155));
#3920=CARTESIAN_POINT('',(0.0200938693161467,0.00388921322823653,0.0117431347759783));
#3921=CARTESIAN_POINT('',(0.0186915371993442,0.00157586235352562,0.0135552849957974));
#3922=CARTESIAN_POINT('',(0.0197363871775675,0.00134364929153834,0.0136335617969427));
#3923=CARTESIAN_POINT('',(0.0196721751704315,0.00103074837214974,0.0126113554505805));
#3924=CARTESIAN_POINT('',(0.0179110026631223,-0.000989287863323167,0.0145770340075476));
#3925=CARTESIAN_POINT('',(0.0189894525382948,-0.00137483546097345,0.0147442234283164));
#3926=CARTESIAN_POINT('',(0.0188496952630752,-0.00175226221429395,0.0136628369638197));
#3927=CARTESIAN_POINT('',(0.0167855664363316,-0.0033111502385531,0.0157060924473104));
#3928=CARTESIAN_POINT('',(0.0178861797078076,-0.00387900929010484,0.0159970317504412));
#3929=CARTESIAN_POINT('',(0.0176551425315268,-0.00427899589597826,0.0148181654724713));
#3930=CARTESIAN_POINT('',(0.015182711193128,-0.00545787469687274,0.016876237687232));
#3931=CARTESIAN_POINT('',(0.0162536920631382,-0.00628262418001594,0.0173397341143643));
#3932=CARTESIAN_POINT('',(0.0159209784075169,-0.00663548294698832,0.0160054625944528));
#3933=CARTESIAN_POINT('',(0.013152837076119,-0.00724841268253968,0.0179085039148967));
#3934=CARTESIAN_POINT('',(0.0141300619679598,-0.00828028959453909,0.0185089525414272));
#3935=CARTESIAN_POINT('',(0.0137515984128979,-0.0085572562646249,0.0170442142313089));
#3936=CARTESIAN_POINT('',(0.0115849872481599,-0.00825534258044278,0.0184945138685711));
#3937=CARTESIAN_POINT('',(0.0124966474932422,-0.00937223396235618,0.0191431028698472));
#3938=CARTESIAN_POINT('',(0.0121092732975356,-0.00960973952440929,0.0176297223744515));
#3939=CARTESIAN_POINT('',(0.0107689904560578,-0.00872044762171609,0.0187633622622628));
#3940=CARTESIAN_POINT('',(0.0116432901671056,-0.00987437822591955,0.0194303780153548));
#3941=CARTESIAN_POINT('',(0.0112628243095948,-0.0100904504052015,0.0178975948005663));
#3942=CARTESIAN_POINT('',(0.0113759530923659,-0.00777632342199396,0.0182160727691382));
#3943=CARTESIAN_POINT('',(0.011004682170486,-0.00733120791939467,0.0179577640231773));
#3944=CARTESIAN_POINT('',(0.0108465844590971,-0.00742985568750386,0.0173511611482844));
#3945=CARTESIAN_POINT('',(0.0128776505351592,-0.00683978254934857,0.0176725808059478));
#3946=CARTESIAN_POINT('',(0.0124640045383581,-0.00640284085055813,0.0174193405286916));
#3947=CARTESIAN_POINT('',(0.0122800626660393,-0.00653541246941012,0.0168073970742493));
#3948=CARTESIAN_POINT('',(0.0149012107719439,-0.0051966530383524,0.0167089381248756));
#3949=CARTESIAN_POINT('',(0.0143916882902019,-0.00474236250639846,0.0164560547693595));
#3950=CARTESIAN_POINT('',(0.0141531562495314,-0.00499893834632134,0.0158379403185625));
#3951=CARTESIAN_POINT('',(0.0167317999936523,-0.00237624715821478,0.0152339247543905));
#3952=CARTESIAN_POINT('',(0.0160021343779698,-0.00203571374305874,0.0150682912103431));
#3953=CARTESIAN_POINT('',(0.0158358476447414,-0.00236149922707808,0.0143363133855428));
#3954=CARTESIAN_POINT('',(0.0180316767263635,0.000682048043255151,0.0138439312773434));
#3955=CARTESIAN_POINT('',(0.0171598097951073,0.000961550642411372,0.0137408262338799));
#3956=CARTESIAN_POINT('',(0.0170584120070605,0.0005852096735455,0.0129082158494022));
#3957=CARTESIAN_POINT('',(0.0186495123643572,0.00409252142680273,0.0127180370415904));
#3958=CARTESIAN_POINT('',(0.0176701549964929,0.00421723912500406,0.0126887734659492));
#3959=CARTESIAN_POINT('',(0.0176484165943589,0.00391215478429169,0.011755802488652));
#3960=CARTESIAN_POINT('',(0.0186174663355875,0.00762361294723049,0.0118664332916267));
#3961=CARTESIAN_POINT('',(0.017596138720298,0.00756035257210453,0.011882693444272));
#3962=CARTESIAN_POINT('',(0.0176166392596879,0.00733470836504529,0.0108881053304638));
#3963=CARTESIAN_POINT('',(0.0181617516595227,0.010269491931871,0.0113753664268621));
#3964=CARTESIAN_POINT('',(0.0171409343310527,0.0100124034087927,0.0114199023582516));
#3965=CARTESIAN_POINT('',(0.0171895069940474,0.00985062437787794,0.0103870985161522));
#3966=CARTESIAN_POINT('',(0.0171408706755712,0.0127859735144509,0.0110568081180265));
#3967=CARTESIAN_POINT('',(0.0162049156383565,0.01227269976644,0.0111134231440549));
#3968=CARTESIAN_POINT('',(0.0162526127803362,0.0122041062238353,0.0100606363813711));
#3969=CARTESIAN_POINT('',(0.0154753841995379,0.0149456635961564,0.0109471204751281));
#3970=CARTESIAN_POINT('',(0.0147768258722868,0.0141963580239604,0.0109572106858619));
#3971=CARTESIAN_POINT('',(0.0147565017084612,0.0142270915225005,0.00994530360515084));
#3972=CARTESIAN_POINT('',(0.0132659159374423,0.0165681171271449,0.0110373232684665));
#3973=CARTESIAN_POINT('',(0.0128047669588081,0.0157630701991574,0.0109624916319899));
#3974=CARTESIAN_POINT('',(0.0127361673113054,0.0158068867952853,0.0100408199467659));
#3975=CARTESIAN_POINT('',(0.0108157665826989,0.0177797380807275,0.0111855356180012));
#3976=CARTESIAN_POINT('',(0.0104809708981458,0.016968646501176,0.0110752647423686));
#3977=CARTESIAN_POINT('',(0.0104279755523755,0.0169895382449943,0.0101946947886663));
#3978=CARTESIAN_POINT('',(0.00818064151280391,0.0186781760747375,0.0113147042388952));
#3979=CARTESIAN_POINT('',(0.00794764900028173,0.0178488274600258,0.0111927270985357));
#3980=CARTESIAN_POINT('',(0.00791101485667035,0.0178586333317192,0.0103253350726184));
#3981=CARTESIAN_POINT('',(0.00550439506101773,0.0192776445589447,0.01140358951682));
#3982=CARTESIAN_POINT('',(0.0053547562568184,0.0184343434911843,0.0112785429974879));
#3983=CARTESIAN_POINT('',(0.00533232857035936,0.018437814414731,0.0104144088606304));
#3984=CARTESIAN_POINT('',(0.00278058985811912,0.0196298405609152,0.0114555966678768));
#3985=CARTESIAN_POINT('',(0.00270688554255301,0.0187773805560093,0.0113299360811417));
#3986=CARTESIAN_POINT('',(0.00269618625273528,0.0187779962359896,0.010466286347186));
#3987=CARTESIAN_POINT('',(-0.000921190285569875,0.0197861886714628,0.0114785623132637));
#3988=CARTESIAN_POINT('',(-0.000896334560201518,0.0189296650939495,0.0113529622571347));
#3989=CARTESIAN_POINT('',(-0.000893169742876071,0.0189290389734617,0.010489142317375));
#3990=CARTESIAN_POINT('',(-0.00459162698088504,0.0194794027548415,0.011433485661405));
#3991=CARTESIAN_POINT('',(-0.00447216977903889,0.0186308850003531,0.0113074038344616));
#3992=CARTESIAN_POINT('',(-0.0044526626818431,0.018632733898431,0.0104443540278267));
#3993=CARTESIAN_POINT('',(-0.00813823466064833,0.0186888334530486,0.0113163136954605));
#3994=CARTESIAN_POINT('',(-0.00790649201594176,0.0178592955279236,0.0111942836896572));
#3995=CARTESIAN_POINT('',(-0.00787021433141206,0.0178689261734649,0.0103269487172823));
#3996=CARTESIAN_POINT('',(-0.0107558206249071,0.0178047570589408,0.0111889383295393));
#3997=CARTESIAN_POINT('',(-0.0104238164216048,0.0169932193704328,0.011078167988925));
#3998=CARTESIAN_POINT('',(-0.0103711073065612,0.0170138034041013,0.0101981722900713));
#3999=CARTESIAN_POINT('',(-0.0132394450808357,0.016585197837204,0.0110388695132655));
#4000=CARTESIAN_POINT('',(-0.0127806532634763,0.0157799661045118,0.0109632118630071));
#4001=CARTESIAN_POINT('',(-0.0127116235943747,0.0158237158263721,0.0100424679281909));
#4002=CARTESIAN_POINT('',(-0.0154536621447871,0.0149660490865736,0.0109472006662735));
#4003=CARTESIAN_POINT('',(-0.0147582721517892,0.0142149390282037,0.0109563774358134));
#4004=CARTESIAN_POINT('',(-0.0147370511049098,0.0142464492429355,0.00994537075687201));
#4005=CARTESIAN_POINT('',(-0.0171293420592496,0.0128085504998514,0.0110544750070228));
#4006=CARTESIAN_POINT('',(-0.0161946934609897,0.0122927172595089,0.0111110892205782));
#4007=CARTESIAN_POINT('',(-0.0162421108467895,0.0122251205512084,0.0100582291841659));
#4008=CARTESIAN_POINT('',(-0.0181580265708772,0.0102833344369018,0.0113732026399634));
#4009=CARTESIAN_POINT('',(-0.0171373145908038,0.0100250209799721,0.0114178811670655));
#4010=CARTESIAN_POINT('',(-0.0171860418144913,0.00986368582073116,0.0103848912229607));
#4011=CARTESIAN_POINT('',(-0.0186163586940108,0.00764171190309,0.0118623788282791));
#4012=CARTESIAN_POINT('',(-0.017594900959384,0.00757758890202208,0.011878789294355));
#4013=CARTESIAN_POINT('',(-0.0176155788756424,0.00735207756479187,0.0108839672706536));
#4014=CARTESIAN_POINT('',(-0.0186492246586563,0.00409843508893677,0.012716827242387));
#4015=CARTESIAN_POINT('',(-0.0176696943443697,0.00422239297991611,0.012687839381712));
#4016=CARTESIAN_POINT('',(-0.0176481961851924,0.00391808751874688,0.0117545927487257));
#4017=CARTESIAN_POINT('',(-0.0180463512712148,0.000726484646641117,0.0138258935861275));
#4018=CARTESIAN_POINT('',(-0.0171729239384759,0.00100580954216793,0.0137231916774964));
#4019=CARTESIAN_POINT('',(-0.0170720432919234,0.000628119705977992,0.0128896471470345));
#4020=CARTESIAN_POINT('',(-0.0167352520824468,-0.00236944011494323,0.0152305498820294));
#4021=CARTESIAN_POINT('',(-0.0160053910251111,-0.00202949834013072,0.0150653054481472));
#4022=CARTESIAN_POINT('',(-0.0158394318277222,-0.00235467756800556,0.0143328624671253));
#4023=CARTESIAN_POINT('',(-0.0153808110600511,-0.00446410456325666,0.0163243891670644));
#4024=CARTESIAN_POINT('',(-0.0147964453126737,-0.00406520838202828,0.0161076172282551));
#4025=CARTESIAN_POINT('',(-0.0145926928974663,-0.00431543714314412,0.0154464937384223));
#4026=CARTESIAN_POINT('',(-0.0135486978018209,-0.00630037251079223,0.0173592646224917));
#4027=CARTESIAN_POINT('',(-0.0131017475692819,-0.00586718222218199,0.0171103995748047));
#4028=CARTESIAN_POINT('',(-0.0129059137255482,-0.00602586133332312,0.0164923411472723));
#4029=CARTESIAN_POINT('',(-0.0121285022400338,-0.00730697195011805,0.0179436995278872));
#4030=CARTESIAN_POINT('',(-0.0117331960458374,-0.00686773264618772,0.0176889634601393));
#4031=CARTESIAN_POINT('',(-0.0115649441766958,-0.00698160277738704,0.0170786512583149));
#4032=CARTESIAN_POINT('',(-0.0113763291141883,-0.00777608890902801,0.0182159366769547));
#4033=CARTESIAN_POINT('',(-0.0110050447923598,-0.00733097722735105,0.0179576302292025));
#4034=CARTESIAN_POINT('',(-0.0108469433983285,-0.00742963171621737,0.0173510249878938));
#4035=CARTESIAN_POINT('',(-2.16840434497101E-18,0.0262224072890078,0.0126));
#4036=CARTESIAN_POINT('',(0.00312496471935461,0.0222152621261557,0.013));
#4037=CARTESIAN_POINT('',(0.00303696275794345,0.0212191418247925,0.013));
#4038=CARTESIAN_POINT('',(0.00303696275794345,0.0212191418247925,0.012));
#4039=CARTESIAN_POINT('',(0.00260543262159628,0.0222611600398485,0.013));
#4040=CARTESIAN_POINT('',(0.00251743066018494,0.0212650397384851,0.013));
#4041=CARTESIAN_POINT('',(0.00251743066018504,0.0212650397384845,0.012));
#4042=CARTESIAN_POINT('',(0.00156438715300538,0.0223312801147768,0.013));
#4043=CARTESIAN_POINT('',(0.0015262532346166,0.0213312989829701,0.013));
#4044=CARTESIAN_POINT('',(0.00152625323461652,0.0213312989829703,0.012));
#4045=CARTESIAN_POINT('',(3.58389129878213E-7,0.0223653595776156,0.013));
#4046=CARTESIAN_POINT('',(3.49802155580749E-7,0.0213653501817578,0.013));
#4047=CARTESIAN_POINT('',(3.4980215573041E-7,0.0213653501817578,0.012));
#4048=CARTESIAN_POINT('',(-0.00156453555827638,0.0223312815298061,0.013));
#4049=CARTESIAN_POINT('',(-0.00152640071478003,0.0213313002451372,0.013));
#4050=CARTESIAN_POINT('',(-0.00152640071478055,0.0213313002451369,0.012));
#4051=CARTESIAN_POINT('',(-0.00260535964989248,0.0222611658380556,0.013));
#4052=CARTESIAN_POINT('',(-0.00251735893223363,0.0212650454268121,0.013));
#4053=CARTESIAN_POINT('',(-0.00251735893223252,0.0212650454268127,0.012));
#4054=CARTESIAN_POINT('',(-0.00312496896965919,0.0222152617560512,0.013));
#4055=CARTESIAN_POINT('',(-0.00303696825199939,0.0212191413448099,0.013));
#4056=CARTESIAN_POINT('',(-0.00303696825199939,0.0212191413448099,0.012));
#4057=CARTESIAN_POINT('',(0.,0.,0.));
#4058=CARTESIAN_POINT('',(-0.00474584821190701,0.0224347825041495,0.0183858439407334));
#4059=CARTESIAN_POINT('',(-0.00474584821190701,0.0224347825041495,0.001));
#4060=CARTESIAN_POINT('',(-0.00625872074672067,0.0222280688604766,0.0183858439407334));
#4061=CARTESIAN_POINT('',(-0.00625872074672067,0.0222280688604766,0.001));
#4062=CARTESIAN_POINT('',(-0.00922759453463023,0.0216124981196489,0.0183858439407334));
#4063=CARTESIAN_POINT('',(-0.00922759453463023,0.0216124981196489,0.001));
#4064=CARTESIAN_POINT('',(-0.0133435336317899,0.0200315088854444,0.0183858439407334));
#4065=CARTESIAN_POINT('',(-0.0133435336317899,0.0200315088854444,0.00100000000000001));
#4066=CARTESIAN_POINT('',(-0.0163739513860021,0.0180483914137243,0.0183858439407334));
#4067=CARTESIAN_POINT('',(-0.0163739513860021,0.0180483914137243,0.000999999999999997));
#4068=CARTESIAN_POINT('',(-0.0183826659960945,0.0159220661769132,0.0183858439407334));
#4069=CARTESIAN_POINT('',(-0.0183826659960945,0.0159220661769132,0.00100000000000001));
#4070=CARTESIAN_POINT('',(-0.0199435338585156,0.0135937725965859,0.0183858439407334));
#4071=CARTESIAN_POINT('',(-0.0199435338585156,0.0135937725965859,0.001));
#4072=CARTESIAN_POINT('',(-0.0211305033331144,0.0104570288215635,0.0183858439407334));
#4073=CARTESIAN_POINT('',(-0.0211305033331144,0.0104570288215635,0.001));
#4074=CARTESIAN_POINT('',(-0.0215994971607346,0.00668815443808305,0.0183858439407334));
#4075=CARTESIAN_POINT('',(-0.0215994971607346,0.00668815443808305,0.000999999999999997));
#4076=CARTESIAN_POINT('',(-0.0214487529661751,0.00307732089505623,0.0183858439407334));
#4077=CARTESIAN_POINT('',(-0.0214487529661751,0.00307732089505623,0.00100000000000001));
#4078=CARTESIAN_POINT('',(-0.0207669750650194,-0.000516685505468529,0.0183858439407334));
#4079=CARTESIAN_POINT('',(-0.0207669750650194,-0.000516685505468529,0.001));
#4080=CARTESIAN_POINT('',(-0.0196807676541515,-0.0033881197011154,0.0183858439407334));
#4081=CARTESIAN_POINT('',(-0.0196807676541515,-0.0033881197011154,0.00100000000000001));
#4082=CARTESIAN_POINT('',(-0.0184582291752879,-0.00553570841573684,0.0183858439407334));
#4083=CARTESIAN_POINT('',(-0.0184582291752879,-0.00553570841573684,0.000999999999999987));
#4084=CARTESIAN_POINT('',(-0.0169516832284074,-0.00756650349339289,0.0183858439407334));
#4085=CARTESIAN_POINT('',(-0.0169516832284074,-0.00756650349339289,0.00100000000000001));
#4086=CARTESIAN_POINT('',(-0.0147408001621128,-0.00959546512929708,0.0183858439407334));
#4087=CARTESIAN_POINT('',(-0.0147408001621128,-0.00959546512929708,0.000999999999999994));
#4088=CARTESIAN_POINT('',(-0.0124013581048461,-0.0110878482925197,0.0183858439407334));
#4089=CARTESIAN_POINT('',(-0.0124013581048461,-0.0110878482925197,0.00100000000000001));
#4090=CARTESIAN_POINT('',(-0.0105393793390685,-0.0120761109552537,0.0183858439407334));
#4091=CARTESIAN_POINT('',(-0.0105393793390685,-0.0120761109552537,0.000999999999999987));
#4092=CARTESIAN_POINT('',(-0.00918808158208047,-0.0127277414922898,0.0183858439407334));
#4093=CARTESIAN_POINT('',(-0.00918808158208047,-0.0127277414922898,0.001));
#4094=CARTESIAN_POINT('',(-0.00783352579265332,-0.0133414501496358,0.0183858439407334));
#4095=CARTESIAN_POINT('',(-0.00783352579265332,-0.0133414501496358,0.000999999999999997));
#4096=CARTESIAN_POINT('',(-0.00593570673841652,-0.0141150293808084,0.0183858439407334));
#4097=CARTESIAN_POINT('',(-0.00593570673841652,-0.0141150293808084,0.00100000000000001));
#4098=CARTESIAN_POINT('',(-0.00391103196009791,-0.0147581119713113,0.0183858439407334));
#4099=CARTESIAN_POINT('',(-0.00391103196009791,-0.0147581119713113,0.001));
#4100=CARTESIAN_POINT('',(-0.00173127400088138,-0.0151398006306009,0.0183858439407334));
#4101=CARTESIAN_POINT('',(-0.00173127400088138,-0.0151398006306009,0.000999999999999997));
#4102=CARTESIAN_POINT('',(-9.92517375085531E-13,-0.0152503496846417,0.0183858439407334));
#4103=CARTESIAN_POINT('',(-9.92517375085531E-13,-0.0152503496846417,0.001));
#4104=CARTESIAN_POINT('',(0.00173127399902004,-0.0151398006308325,0.0183858439407334));
#4105=CARTESIAN_POINT('',(0.00173127399902004,-0.0151398006308325,0.001));
#4106=CARTESIAN_POINT('',(0.00391103195834161,-0.0147581119717668,0.0183858439407334));
#4107=CARTESIAN_POINT('',(0.00391103195834161,-0.0147581119717668,0.00100000000000001));
#4108=CARTESIAN_POINT('',(0.0059357067367805,-0.0141150293814014,0.0183858439407334));
#4109=CARTESIAN_POINT('',(0.0059357067367805,-0.0141150293814014,0.001));
#4110=CARTESIAN_POINT('',(0.00783352579109729,-0.0133414501503113,0.0183858439407334));
#4111=CARTESIAN_POINT('',(0.00783352579109729,-0.0133414501503113,0.000999999999999997));
#4112=CARTESIAN_POINT('',(0.00918808158060734,-0.0127277414929781,0.0183858439407334));
#4113=CARTESIAN_POINT('',(0.00918808158060734,-0.0127277414929781,0.00100000000000001));
#4114=CARTESIAN_POINT('',(0.0105393793375227,-0.0120761109560294,0.0183858439407334));
#4115=CARTESIAN_POINT('',(0.0105393793375227,-0.0120761109560294,0.000999999999999997));
#4116=CARTESIAN_POINT('',(0.0124013581032813,-0.0110878482934328,0.0183858439407334));
#4117=CARTESIAN_POINT('',(0.0124013581032813,-0.0110878482934328,0.00100000000000001));
#4118=CARTESIAN_POINT('',(0.0147408001605756,-0.00959546513044023,0.0183858439407334));
#4119=CARTESIAN_POINT('',(0.0147408001605756,-0.00959546513044023,0.000999999999999994));
#4120=CARTESIAN_POINT('',(0.0169516832269812,-0.00756650349493229,0.0183858439407334));
#4121=CARTESIAN_POINT('',(0.0169516832269812,-0.00756650349493229,0.00100000000000001));
#4122=CARTESIAN_POINT('',(0.0184582291741516,-0.00553570841749356,0.0183858439407334));
#4123=CARTESIAN_POINT('',(0.0184582291741516,-0.00553570841749356,0.000999999999999997));
#4124=CARTESIAN_POINT('',(0.0196807676533028,-0.00338811970298279,0.0183858439407334));
#4125=CARTESIAN_POINT('',(0.0196807676533028,-0.00338811970298279,0.00100000000000001));
#4126=CARTESIAN_POINT('',(0.0207669750644723,-0.000516685507444318,0.0183858439407334));
#4127=CARTESIAN_POINT('',(0.0207669750644723,-0.000516685507444318,0.000999999999999994));
#4128=CARTESIAN_POINT('',(0.0214487529659532,0.00307732089304781,0.0183858439407334));
#4129=CARTESIAN_POINT('',(0.0214487529659532,0.00307732089304781,0.001));
#4130=CARTESIAN_POINT('',(0.021599497160795,0.00668815443602826,0.0183858439407334));
#4131=CARTESIAN_POINT('',(0.021599497160795,0.00668815443602826,0.001));
#4132=CARTESIAN_POINT('',(0.0211305033336107,0.010457028819441,0.0183858439407334));
#4133=CARTESIAN_POINT('',(0.0211305033336107,0.010457028819441,0.000999999999999997));
#4134=CARTESIAN_POINT('',(0.0199435338595267,0.0135937725945357,0.0183858439407334));
#4135=CARTESIAN_POINT('',(0.0199435338595267,0.0135937725945357,0.00100000000000001));
#4136=CARTESIAN_POINT('',(0.0183826659975848,0.0159220661750338,0.0183858439407334));
#4137=CARTESIAN_POINT('',(0.0183826659975848,0.0159220661750338,0.000999999999999997));
#4138=CARTESIAN_POINT('',(0.0163739513879373,0.018048391412175,0.0183858439407334));
#4139=CARTESIAN_POINT('',(0.0163739513879373,0.018048391412175,0.00100000000000001));
#4140=CARTESIAN_POINT('',(0.0133435336339519,0.0200315088843737,0.0183858439407334));
#4141=CARTESIAN_POINT('',(0.0133435336339519,0.0200315088843737,0.000999999999999994));
#4142=CARTESIAN_POINT('',(0.00922759453703568,0.0216124981189543,0.0183858439407334));
#4143=CARTESIAN_POINT('',(0.00922759453703568,0.0216124981189543,0.001));
#4144=CARTESIAN_POINT('',(0.00625872074921605,0.0222280688600185,0.0183858439407334));
#4145=CARTESIAN_POINT('',(0.00625872074921605,0.0222280688600185,0.001));
#4146=CARTESIAN_POINT('',(0.00474584821443579,0.022434782503804,0.0183858439407334));
#4147=CARTESIAN_POINT('',(0.00474584821443579,0.022434782503804,0.001));
#4148=CARTESIAN_POINT('',(-0.00493397521632014,-0.0144131303682366,0.00919592197036671));
#4149=CARTESIAN_POINT('',(-0.00493397521632014,-0.0144131303682366,0.001));
#4150=CARTESIAN_POINT('',(-0.00493397521632014,-0.0144131303682366,0.0126));
#4151=CARTESIAN_POINT('',(-0.00493397521632014,-0.0144131303682366,0.001));
#4152=CARTESIAN_POINT('',(-0.00363587188749728,-0.0148121233345444,0.001));
#4153=CARTESIAN_POINT('',(-0.000963615993874698,-0.0153776222413292,0.001));
#4154=CARTESIAN_POINT('',(0.00311941507815199,-0.0150484906659216,0.001));
#4155=CARTESIAN_POINT('',(0.00698911414334512,-0.0137619635282257,0.001));
#4156=CARTESIAN_POINT('',(0.010619990072194,-0.0120901605053807,0.001));
#4157=CARTESIAN_POINT('',(0.0141446010131323,-0.0100758552136857,0.001));
#4158=CARTESIAN_POINT('',(0.0172078522961937,-0.00741722042565308,0.001));
#4159=CARTESIAN_POINT('',(0.019476372221012,-0.00401036545256452,0.001));
#4160=CARTESIAN_POINT('',(0.0208785631415555,-0.000179505070102599,0.001));
#4161=CARTESIAN_POINT('',(0.0215388936640671,0.00378496284504776,0.001));
#4162=CARTESIAN_POINT('',(0.0215550155142247,0.00785903536481271,0.001));
#4163=CARTESIAN_POINT('',(0.0207503853390629,0.0118334107224847,0.001));
#4164=CARTESIAN_POINT('',(0.0189057623730013,0.0154872797073317,0.001));
#4165=CARTESIAN_POINT('',(0.016017186814798,0.0183938575747426,0.001));
#4166=CARTESIAN_POINT('',(0.0124641037506426,0.0204208208228679,0.001));
#4167=CARTESIAN_POINT('',(0.00870571204237989,0.0217305688180233,0.001));
#4168=CARTESIAN_POINT('',(0.00608217587918982,0.0222521913239847,0.001));
#4169=CARTESIAN_POINT('',(0.00474584854050236,0.0224347824592514,0.001));
#4170=CARTESIAN_POINT('',(0.00474584854050232,0.0224347824592514,0.001));
#4171=CARTESIAN_POINT('',(0.00474584854050232,0.0224347824592514,0.));
#4172=CARTESIAN_POINT('',(0.00474591639987901,0.0224352157047042,0.00925819828830214));
#4173=CARTESIAN_POINT('',(0.0122118337094421,-0.0111597446777857,0.0165230951151956));
#4174=CARTESIAN_POINT('',(0.0138407919730115,-0.0102159102434314,0.0160139727284521));
#4175=CARTESIAN_POINT('',(0.0161624525663964,-0.00851576103634835,0.0151052729035461));
#4176=CARTESIAN_POINT('',(0.0184995222519829,-0.00555944144873909,0.0137243889729103));
#4177=CARTESIAN_POINT('',(0.0198189067349125,-0.00306970536517513,0.0126534331647471));
#4178=CARTESIAN_POINT('',(0.0207404489641236,-0.000444911794153682,0.0116857576225174));
#4179=CARTESIAN_POINT('',(0.0213224597839884,0.00234495518009785,0.0108355390843462));
#4180=CARTESIAN_POINT('',(0.0215628458126495,0.00515553149993577,0.0101217992018695));
#4181=CARTESIAN_POINT('',(0.021468496341641,0.00808643413872067,0.00953314670609819));
#4182=CARTESIAN_POINT('',(0.0209224979417975,0.0110037432008905,0.00909598327235554));
#4183=CARTESIAN_POINT('',(0.0197982973896651,0.0138640126298333,0.00881040374881109));
#4184=CARTESIAN_POINT('',(0.0180308810434791,0.0164429731315882,0.00870253463281496));
#4185=CARTESIAN_POINT('',(0.0157316488638143,0.0185010503192579,0.00877928035289235));
#4186=CARTESIAN_POINT('',(0.0131334808632431,0.0200448136426607,0.00894055202381077));
#4187=CARTESIAN_POINT('',(0.00951015717511757,0.0215398627929362,0.00913187103095087));
#4188=CARTESIAN_POINT('',(0.00664535276327216,0.0221756675504278,0.00922441077846736));
#4189=CARTESIAN_POINT('',(0.00474598458532217,0.0224356489056043,0.00925869085154147));
#4190=CARTESIAN_POINT('',(0.0122118337094421,-0.0111597446777857,0.0165230951151956));
#4191=CARTESIAN_POINT('',(0.00882769874686604,-0.0128881165234081,0.0174661611179416));
#4192=CARTESIAN_POINT('',(0.00997108434511298,-0.0123622584151247,0.0171787207302187));
#4193=CARTESIAN_POINT('',(0.0111081610933091,-0.011801606333596,0.0168696718187103));
#4194=CARTESIAN_POINT('',(0.0122118344845783,-0.0111597442268374,0.0165230948715761));
#4195=CARTESIAN_POINT('',(0.00882769874686606,-0.0128881165234081,0.0174661611179416));
#4196=CARTESIAN_POINT('',(0.00497063957555029,-0.0144018267090455,0.0182553179625699));
#4197=CARTESIAN_POINT('',(0.00632417724918573,-0.0139827073146684,0.0180488321814694));
#4198=CARTESIAN_POINT('',(0.00760110942385635,-0.013450875659202,0.0177736726411328));
#4199=CARTESIAN_POINT('',(0.00882769863195436,-0.0128881165761581,0.0174661611467401));
#4200=CARTESIAN_POINT('',(0.00497063957555028,-0.0144018267090455,0.0182553179625699));
#4201=CARTESIAN_POINT('',(0.00418110052458083,-0.0146296734172101,0.0175197235845086));
#4202=CARTESIAN_POINT('',(0.00419033806146135,-0.0146271935362763,0.0177242941722308));
#4203=CARTESIAN_POINT('',(0.00432284279039864,-0.0145932118108632,0.0181509227690683));
#4204=CARTESIAN_POINT('',(0.0047651812784947,-0.0144653826528027,0.0182868062247016));
#4205=CARTESIAN_POINT('',(0.00497063937147878,-0.0144018267721515,0.0182553179937198));
#4206=CARTESIAN_POINT('',(0.00418110052458084,-0.0146296734172101,0.0175197235845086));
#4207=CARTESIAN_POINT('',(-0.004181262059096,-0.0146296302254281,0.0175202438413347));
#4208=CARTESIAN_POINT('',(-0.00412993120651169,-0.0146433416371697,0.0164025950771372));
#4209=CARTESIAN_POINT('',(-0.00401875931433926,-0.0146726183973931,0.014729552515244));
#4210=CARTESIAN_POINT('',(-0.00379807300590067,-0.0147287094121394,0.0125011021529462));
#4211=CARTESIAN_POINT('',(-0.00357419003071252,-0.0147821970345666,0.010837136997708));
#4212=CARTESIAN_POINT('',(-0.00327080442428681,-0.014850854427193,0.00918784793545309));
#4213=CARTESIAN_POINT('',(-0.0028442068590987,-0.0149390126417107,0.00754776465824972));
#4214=CARTESIAN_POINT('',(-0.00181839207403186,-0.0151218607835639,0.00611485158799915));
#4215=CARTESIAN_POINT('',(3.84046574868585E-5,-0.0152614351066404,0.00556326314775679));
#4216=CARTESIAN_POINT('',(0.00187943881618361,-0.0151131198553579,0.00614616891381878));
#4217=CARTESIAN_POINT('',(0.00288069553129995,-0.0149318288716077,0.00760564064829758));
#4218=CARTESIAN_POINT('',(0.00329408274769796,-0.0148457668449074,0.0092354879749861));
#4219=CARTESIAN_POINT('',(0.00358970024120391,-0.0147785451414786,0.0108730132517193));
#4220=CARTESIAN_POINT('',(0.00380842071828873,-0.0147261300856629,0.0125292439767005));
#4221=CARTESIAN_POINT('',(0.00402310688061831,-0.0146714757228244,0.0147442853199694));
#4222=CARTESIAN_POINT('',(0.00413111808964839,-0.0146430243181525,0.0164083695135693));
#4223=CARTESIAN_POINT('',(0.00418110052472543,-0.0146296734171714,0.0175197235872756));
#4224=CARTESIAN_POINT('',(-0.00418126205909601,-0.0146296302254281,0.0175202438413347));
#4225=CARTESIAN_POINT('',(-0.00497097572816713,-0.0144017227561422,0.018255266653394));
#4226=CARTESIAN_POINT('',(-0.00476705036222619,-0.0144648090602544,0.0182867269869413));
#4227=CARTESIAN_POINT('',(-0.00432373717450776,-0.0145929848866335,0.018151440673856));
#4228=CARTESIAN_POINT('',(-0.00419078618719713,-0.0146270739576243,0.0177256311454206));
#4229=CARTESIAN_POINT('',(-0.00418126205903777,-0.0146296302254437,0.0175202438396297));
#4230=CARTESIAN_POINT('',(-0.00497097572816713,-0.0144017227561422,0.018255266653394));
#4231=CARTESIAN_POINT('',(-0.00882769863193348,-0.0128881165761677,0.0174661611467453));
#4232=CARTESIAN_POINT('',(-0.00760128137595783,-0.0134507964014432,0.017773629430813));
#4233=CARTESIAN_POINT('',(-0.00632447884507096,-0.0139825883127804,0.0180487713650909));
#4234=CARTESIAN_POINT('',(-0.00497097593356806,-0.0144017226926216,0.0182552666220437));
#4235=CARTESIAN_POINT('',(-0.00882769863193349,-0.0128881165761677,0.0174661611467453));
#4236=CARTESIAN_POINT('',(-0.0122118344855352,-0.0111597442262807,0.0165230948712753));
#4237=CARTESIAN_POINT('',(-0.0111082368532524,-0.0118015644074734,0.0168696471923948));
#4238=CARTESIAN_POINT('',(-0.00997115243282178,-0.0123622272153067,0.017178701981727));
#4239=CARTESIAN_POINT('',(-0.00882769874656264,-0.0128881165235474,0.0174661611180176));
#4240=CARTESIAN_POINT('',(-0.0122118344855352,-0.0111597442262807,0.0165230948712753));
#4241=CARTESIAN_POINT('',(-0.00474598462279768,0.0224356488306737,0.00925870826394394));
#4242=CARTESIAN_POINT('',(-0.00664535400201041,0.0221756672671792,0.00922442960666093));
#4243=CARTESIAN_POINT('',(-0.00951016063558652,0.0215398628157795,0.00913178635600565));
#4244=CARTESIAN_POINT('',(-0.013133472644512,0.0200448176185984,0.00894028793648604));
#4245=CARTESIAN_POINT('',(-0.0157316603431823,0.0185010435258864,0.00877934292441301));
#4246=CARTESIAN_POINT('',(-0.0180308931484942,0.0164429599760542,0.00870256680044295));
#4247=CARTESIAN_POINT('',(-0.0197983039979131,0.0138639955405434,0.00881020090942344));
#4248=CARTESIAN_POINT('',(-0.020922492459902,0.0110037653566832,0.00909610925509665));
#4249=CARTESIAN_POINT('',(-0.0214684975424029,0.00808642332500861,0.00953308192496093));
#4250=CARTESIAN_POINT('',(-0.0215628452240579,0.00515554133508541,0.0101218148363699));
#4251=CARTESIAN_POINT('',(-0.0213224632077242,0.0023449754991462,0.0108355146651165));
#4252=CARTESIAN_POINT('',(-0.0207404539616023,-0.000444894608774251,0.0116857451356878));
#4253=CARTESIAN_POINT('',(-0.0198189182008106,-0.0030696795196519,0.012653428478317));
#4254=CARTESIAN_POINT('',(-0.0184995243487183,-0.00555943645789978,0.0137243800362395));
#4255=CARTESIAN_POINT('',(-0.0161624935068034,-0.00851572187592684,0.0151052751047107));
#4256=CARTESIAN_POINT('',(-0.0138407609036776,-0.0102159318885739,0.0160139209295473));
#4257=CARTESIAN_POINT('',(-0.0122118336692338,-0.0111597447011776,0.0165230951278327));
#4258=CARTESIAN_POINT('',(-0.00474591641735233,0.0224352156674116,0.00925821428682975));
#4259=CARTESIAN_POINT('',(-0.00474584854050231,0.0224347824592514,0.00925772030349338));
#4260=CARTESIAN_POINT('',(-0.00474584854050231,0.0224347824592514,0.001));
#4261=CARTESIAN_POINT('',(-0.00474584854050231,0.0224347824592514,0.001));
#4262=CARTESIAN_POINT('',(-0.00663919029386598,0.0221760828052175,0.001));
#4263=CARTESIAN_POINT('',(-0.00940646951770528,0.0215572895698238,0.001));
#4264=CARTESIAN_POINT('',(-0.0129034024017984,0.0201516942730786,0.001));
#4265=CARTESIAN_POINT('',(-0.0154163210166605,0.0187096106942611,0.001));
#4266=CARTESIAN_POINT('',(-0.0176141927048214,0.0168680375158158,0.001));
#4267=CARTESIAN_POINT('',(-0.0193784612574452,0.0145744781543746,0.001));
#4268=CARTESIAN_POINT('',(-0.0206085785905652,0.0119663465736025,0.001));
#4269=CARTESIAN_POINT('',(-0.0215509179813388,0.00825967794224809,0.001));
#4270=CARTESIAN_POINT('',(-0.0215992604081799,0.0043895174755817,0.001));
#4271=CARTESIAN_POINT('',(-0.0210168591929798,0.000653434428748204,0.001));
#4272=CARTESIAN_POINT('',(-0.0202010740409112,-0.00212758023423034,0.001));
#4273=CARTESIAN_POINT('',(-0.0190096564333047,-0.00471678315026304,0.001));
#4274=CARTESIAN_POINT('',(-0.0168079034308796,-0.00790333938587381,0.001));
#4275=CARTESIAN_POINT('',(-0.0145651516264148,-0.00970404455418005,0.001));
#4276=CARTESIAN_POINT('',(-0.0129341970133363,-0.0107241677437488,0.001));
#4277=CARTESIAN_POINT('',(-0.0129341970133362,-0.0107241677437489,0.001));
#4278=CARTESIAN_POINT('',(-0.0129341970133362,-0.0107241677437489,0.00919592197036671));
#4279=CARTESIAN_POINT('',(-0.0129341970133362,-0.0107241677437489,0.0126));
#4280=CARTESIAN_POINT('',(-0.0129341970133362,-0.0107241677437489,0.0126));
#4281=CARTESIAN_POINT('',(-0.0129341970133362,-0.0107241677437489,0.0128127606932162));
#4282=CARTESIAN_POINT('',(-0.0127707137913856,-0.0108265711563406,0.013));
#4283=CARTESIAN_POINT('',(-0.012588633782261,-0.0109364784580175,0.013));
#4284=CARTESIAN_POINT('',(-0.012588633782261,-0.0109364784580175,0.013));
#4285=CARTESIAN_POINT('',(-0.012588633782261,-0.0109364784580175,0.013));
#4286=CARTESIAN_POINT('',(-0.0123516041358994,-0.0110795545099919,0.013));
#4287=CARTESIAN_POINT('',(-0.0121127318876599,-0.011218634526981,0.013));
#4288=CARTESIAN_POINT('',(-0.0118722381615259,-0.0113541980586827,0.013));
#4289=CARTESIAN_POINT('',(-0.0118722381615259,-0.0113541980586827,0.013));
#4290=CARTESIAN_POINT('',(-0.0118722381615259,-0.0113541980586827,0.013));
#4291=CARTESIAN_POINT('',(-0.0109069098867995,-0.0118983424414785,0.013));
#4292=CARTESIAN_POINT('',(-0.00995665075363207,-0.0123651050120261,0.013));
#4293=CARTESIAN_POINT('',(-0.00902638349025437,-0.0127964452168009,0.013));
#4294=CARTESIAN_POINT('',(-0.00902638349025437,-0.0127964452168009,0.013));
#4295=CARTESIAN_POINT('',(-0.00902638349025438,-0.0127964452168009,0.013));
#4296=CARTESIAN_POINT('',(-0.00814045247307852,-0.0132072278826097,0.013));
#4297=CARTESIAN_POINT('',(-0.007222491007164,-0.0136065236267955,0.013));
#4298=CARTESIAN_POINT('',(-0.00626181175203202,-0.0139621762485532,0.013));
#4299=CARTESIAN_POINT('',(-0.00626181175203203,-0.0139621762485532,0.013));
#4300=CARTESIAN_POINT('',(-0.00626181175203203,-0.0139621762485532,0.013));
#4301=CARTESIAN_POINT('',(-0.00624780422052175,-0.013967361970301,0.013));
#4302=CARTESIAN_POINT('',(-0.00623378764491386,-0.0139725382548535,0.013));
#4303=CARTESIAN_POINT('',(-0.0062197619998721,-0.0139777049827238,0.013));
#4304=CARTESIAN_POINT('',(-0.00621976199987211,-0.0139777049827238,0.013));
#4305=CARTESIAN_POINT('',(-0.00621976199987211,-0.0139777049827238,0.013));
#4306=CARTESIAN_POINT('',(-0.0059210949173226,-0.014087727126787,0.013));
#4307=CARTESIAN_POINT('',(-0.00562012244166751,-0.0141927495844745,0.013));
#4308=CARTESIAN_POINT('',(-0.00531643927198407,-0.0142918933831302,0.013));
#4309=CARTESIAN_POINT('',(-0.00531643927198408,-0.0142918933831302,0.013));
#4310=CARTESIAN_POINT('',(-0.00531643927198321,-0.0142918933831283,0.013));
#4311=CARTESIAN_POINT('',(-0.00511528883345096,-0.0143575632014397,0.013));
#4312=CARTESIAN_POINT('',(-0.00493397521632014,-0.0144131303682366,0.0128116153596069));
#4313=CARTESIAN_POINT('',(-0.00493397521632014,-0.0144131303682366,0.0126));
#4314=CARTESIAN_POINT('',(-0.0123075873850425,-0.0115181988928921,0.0161802953739008));
#4315=CARTESIAN_POINT('',(-0.014095937540185,-0.010490600516882,0.0156295331757677));
#4316=CARTESIAN_POINT('',(-0.0158014576460626,-0.00923108825559247,0.0149624695415563));
#4317=CARTESIAN_POINT('',(-0.0179013428079283,-0.00692464858626291,0.0138775701735896));
#4318=CARTESIAN_POINT('',(-0.018524273306315,-0.00607980410229641,0.0134953034826513));
#4319=CARTESIAN_POINT('',(-0.0195969742848387,-0.00428390489106318,0.0127234217953034));
#4320=CARTESIAN_POINT('',(-0.0200421794620296,-0.00335225333693646,0.0123446353063292));
#4321=CARTESIAN_POINT('',(-0.0211523438094012,-0.000462515125644899,0.0112697897807809));
#4322=CARTESIAN_POINT('',(-0.0216056552885285,0.001624267875283,0.0106389073520078));
#4323=CARTESIAN_POINT('',(-0.021871536231608,0.00475051547078717,0.00986186170506969));
#4324=CARTESIAN_POINT('',(-0.0218996669120373,0.00581423317264376,0.00962651752527789));
#4325=CARTESIAN_POINT('',(-0.0217919755965759,0.0079877191556333,0.0092101730550058));
#4326=CARTESIAN_POINT('',(-0.0216544489337727,0.009074713861365,0.00903230392784623));
#4327=CARTESIAN_POINT('',(-0.0211660330134764,0.0112379724519579,0.00873520858183089));
#4328=CARTESIAN_POINT('',(-0.0208027794920674,0.0123352617730166,0.00861447071954317));
#4329=CARTESIAN_POINT('',(-0.0198285079794054,0.0144002329221711,0.00844516407639609));
#4330=CARTESIAN_POINT('',(-0.0192140340317508,0.0153844916377144,0.00839411316971243));
#4331=CARTESIAN_POINT('',(-0.017723359183695,0.0171909740341246,0.00836630823736908));
#4332=CARTESIAN_POINT('',(-0.0168807406769934,0.0179690382693154,0.00839014192022453));
#4333=CARTESIAN_POINT('',(-0.0150594479788782,0.0193228287550403,0.00847596433303012));
#4334=CARTESIAN_POINT('',(-0.0140919809703328,0.0198931613690731,0.00853454932492736));
#4335=CARTESIAN_POINT('',(-0.0111623185571319,0.021328634605964,0.00869932254592588));
#4336=CARTESIAN_POINT('',(-0.00908316069726423,0.0219777731531897,0.00879271134779596));
#4337=CARTESIAN_POINT('',(-0.00492611754688486,0.022840884619946,0.00891120627749376));
#4338=CARTESIAN_POINT('',(-0.00284243985211468,0.0230590054683761,0.00893182454103299));
#4339=CARTESIAN_POINT('',(-0.000731686344018565,0.0231033067562585,0.00895674066484089));
#4340=CARTESIAN_POINT('',(-0.0122118336692338,-0.0111597447011776,0.0165230951278327));
#4341=CARTESIAN_POINT('',(-0.0139835880198478,-0.010133176772582,0.0159692756680331));
#4342=CARTESIAN_POINT('',(-0.0156592732713369,-0.00887629418845206,0.0152976440413855));
#4343=CARTESIAN_POINT('',(-0.0176977334702131,-0.00659711805814138,0.0142082784253138));
#4344=CARTESIAN_POINT('',(-0.0182998724979038,-0.00576531806278449,0.0138250372353822));
#4345=CARTESIAN_POINT('',(-0.0193354527885313,-0.00400087301740089,0.013053686497441));
#4346=CARTESIAN_POINT('',(-0.0197642465670672,-0.00308721081745109,0.0126760620154128));
#4347=CARTESIAN_POINT('',(-0.0208321698588995,-0.000257870819824621,0.0116071673319402));
#4348=CARTESIAN_POINT('',(-0.0212669387405367,0.00178539007086877,0.0109803336577315));
#4349=CARTESIAN_POINT('',(-0.021516971841211,0.00485021347789097,0.0102079696041369));
#4350=CARTESIAN_POINT('',(-0.0215409886293393,0.00589236907033823,0.00997415800160861));
#4351=CARTESIAN_POINT('',(-0.021428698607802,0.0080159164365729,0.0095605198265184));
#4352=CARTESIAN_POINT('',(-0.0212909850967675,0.00907559953806139,0.00938383562909268));
#4353=CARTESIAN_POINT('',(-0.0208096701057068,0.0111787140976287,0.00908882298063566));
#4354=CARTESIAN_POINT('',(-0.0204541418966047,0.0122426295513408,0.0089689695514649));
#4355=CARTESIAN_POINT('',(-0.0195066097942264,0.0142408067399923,0.00880098247841901));
#4356=CARTESIAN_POINT('',(-0.018911276178461,0.0151915417878781,0.0087503585939898));
#4357=CARTESIAN_POINT('',(-0.0174700719368799,0.0169368432264533,0.00872278749126361));
#4358=CARTESIAN_POINT('',(-0.0166554027581441,0.0176906430890727,0.00874640212954606));
#4359=CARTESIAN_POINT('',(-0.0148822695561942,0.0190113287729323,0.00883187162351196));
#4360=CARTESIAN_POINT('',(-0.0139355279443046,0.0195713604299886,0.00889036356727713));
#4361=CARTESIAN_POINT('',(-0.0110555055487959,0.0209859089694967,0.00905527734129184));
#4362=CARTESIAN_POINT('',(-0.00899981633864374,0.0216300907730998,0.00914886213423561));
#4363=CARTESIAN_POINT('',(-0.00488441876250364,0.0224858675419113,0.00926754325721803));
#4364=CARTESIAN_POINT('',(-0.00281724564487322,0.0227026165275968,0.00928820827179379));
#4365=CARTESIAN_POINT('',(-0.000728844772928478,0.0227465874296122,0.0093131074896791));
#4366=CARTESIAN_POINT('',(-0.0118766376408827,-0.00990493782090483,0.0177231019898874));
#4367=CARTESIAN_POINT('',(-0.0135902966192366,-0.0088819770826711,0.0171585802616731));
#4368=CARTESIAN_POINT('',(-0.0151615418016064,-0.00763429996208159,0.0164709578934737));
#4369=CARTESIAN_POINT('',(-0.0169849774088856,-0.00545056273897924,0.0153659577026618));
#4370=CARTESIAN_POINT('',(-0.0175143336903193,-0.00466442635820776,0.0149793051757454));
#4371=CARTESIAN_POINT('',(-0.0184199690796196,-0.00301008995329663,0.0142098130824625));
#4372=CARTESIAN_POINT('',(-0.0187913130181951,-0.00215940139381367,0.013836256328876));
#4373=CARTESIAN_POINT('',(-0.0197113670192062,0.000458508257021086,0.0127881931986467));
#4374=CARTESIAN_POINT('',(-0.0200812255735361,0.00234941538919088,0.012175532618801));
#4375=CARTESIAN_POINT('',(-0.0202757816226177,0.00519921691586154,0.0114195569787718));
#4376=CARTESIAN_POINT('',(-0.0202853972948337,0.00616589205957806,0.0111911103253479));
#4377=CARTESIAN_POINT('',(-0.020157009015394,0.00811462400631496,0.0107869458233037));
#4378=CARTESIAN_POINT('',(-0.0200186414223276,0.00907869994318432,0.0106144095979677));
#4379=CARTESIAN_POINT('',(-0.0195621839864775,0.0109712739492232,0.0103266876529984));
#4380=CARTESIAN_POINT('',(-0.0192336990516878,0.0119183606439587,0.0102099302756689));
#4381=CARTESIAN_POINT('',(-0.0183797710883433,0.0136827184963128,0.0100465624975853));
#4382=CARTESIAN_POINT('',(-0.017851440232485,0.014516100393361,0.00999743344980553));
#4383=CARTESIAN_POINT('',(-0.0165834130908251,0.0160472314062375,0.00997068089243101));
#4384=CARTESIAN_POINT('',(-0.0158665834961738,0.0167160912615926,0.00999352874197547));
#4385=CARTESIAN_POINT('',(-0.0142620377135808,0.0179208900787038,0.0100777628061474));
#4386=CARTESIAN_POINT('',(-0.0133878475487688,0.0184448621443639,0.0101359290250668));
#4387=CARTESIAN_POINT('',(-0.0106815952950988,0.0197861615634808,0.0103013348198078));
#4388=CARTESIAN_POINT('',(-0.00870806058003849,0.0204129917608115,0.0103956057002725));
#4389=CARTESIAN_POINT('',(-0.00473844774933096,0.0212430926422751,0.0105149386125769));
#4390=CARTESIAN_POINT('',(-0.0027290506528203,0.0214550392770586,0.0105357672841098));
#4391=CARTESIAN_POINT('',(-0.000718897552231822,0.021497853628339,0.0105606073210217));
#4392=CARTESIAN_POINT('',(-0.0118723281434411,-0.00988880521018496,0.0177385300560472));
#4393=CARTESIAN_POINT('',(-0.0135852402100272,-0.00886589084832899,0.0171738707325321));
#4394=CARTESIAN_POINT('',(-0.0151551426431619,-0.00761833207914648,0.0164860427769929));
#4395=CARTESIAN_POINT('',(-0.0169758137548952,-0.0054358218805064,0.0153808415779525));
#4396=CARTESIAN_POINT('',(-0.0175042342941593,-0.00465027258076687,0.0149941451926763));
#4397=CARTESIAN_POINT('',(-0.0184081990275674,-0.00299735180391896,0.014224676995334));
#4398=CARTESIAN_POINT('',(-0.0187788043537567,-0.00214747287438244,0.0138511725391015));
#4399=CARTESIAN_POINT('',(-0.0196969572513042,0.000467718490847746,0.0128033772328254));
#4400=CARTESIAN_POINT('',(-0.0200659812763862,0.00235666686432996,0.0121908988714689));
#4401=CARTESIAN_POINT('',(-0.0202598240765278,0.00520370393031229,0.0114351339315089));
#4402=CARTESIAN_POINT('',(-0.0202692545986617,0.00616940864844741,0.0112067562533486));
#4403=CARTESIAN_POINT('',(-0.0201406593495822,0.00811589305482177,0.0108027135509867));
#4404=CARTESIAN_POINT('',(-0.0200022833472131,0.00907873980400251,0.0106302306546689));
#4405=CARTESIAN_POINT('',(-0.0195461454962075,0.0109686069641959,0.01034260244371));
#4406=CARTESIAN_POINT('',(-0.019218008247284,0.0119141916326681,0.0102258848712302));
#4407=CARTESIAN_POINT('',(-0.0183652837194327,0.0136755433520542,0.0100625764817972));
#4408=CARTESIAN_POINT('',(-0.0178378142944923,0.0145074164809175,0.0100134666526065));
#4409=CARTESIAN_POINT('',(-0.0165720136298964,0.0160357939799586,0.00998672461898163));
#4410=CARTESIAN_POINT('',(-0.0158564419243656,0.0167035617915155,0.010009562610193));
#4411=CARTESIAN_POINT('',(-0.0142540636109278,0.0179068706919404,0.0100937807908786));
#4412=CARTESIAN_POINT('',(-0.0133808062145532,0.0184303791521168,0.0101519428220682));
#4413=CARTESIAN_POINT('',(-0.0106767880624785,0.019770736833056,0.0103173549425466));
#4414=CARTESIAN_POINT('',(-0.00870430957886623,0.0203973439468876,0.0104116346437972));
#4415=CARTESIAN_POINT('',(-0.00473657105135542,0.0212271147224983,0.0105309759359278));
#4416=CARTESIAN_POINT('',(-0.00272791676082737,0.0214389996151454,0.0105518067115406));
#4417=CARTESIAN_POINT('',(-0.000718769664313955,0.0214817990970598,0.0105766459875836));
#4418=CARTESIAN_POINT('',(-0.0118766376408827,-0.00990493782090483,0.0177231019898874));
#4419=CARTESIAN_POINT('',(-0.0134593412289852,-0.00896015029238171,0.0172017202120118));
#4420=CARTESIAN_POINT('',(-0.0163789756163193,-0.0067014218998284,0.015962176497134));
#4421=CARTESIAN_POINT('',(-0.018595348941069,-0.00291378859444965,0.0141132839603992));
#4422=CARTESIAN_POINT('',(-0.0196470444421089,0.000342717455120325,0.0128446949393511));
#4423=CARTESIAN_POINT('',(-0.0201347907973103,0.00293998932255572,0.0120127083104434));
#4424=CARTESIAN_POINT('',(-0.0203166926529863,0.005571381133334,0.011314683589392));
#4425=CARTESIAN_POINT('',(-0.0201806521262536,0.00828204167854096,0.0107417295408978));
#4426=CARTESIAN_POINT('',(-0.0196316375252744,0.0109277769479213,0.0103188809196595));
#4427=CARTESIAN_POINT('',(-0.0185769795641341,0.0134644873420535,0.0100465297668526));
#4428=CARTESIAN_POINT('',(-0.0169867370609901,0.01571171659469,0.00995059576860724));
#4429=CARTESIAN_POINT('',(-0.0149236330493983,0.0175316504569545,0.0100332062537316));
#4430=CARTESIAN_POINT('',(-0.0124975686522735,0.0189626465822177,0.0101952829012194));
#4431=CARTESIAN_POINT('',(-0.00902634091850575,0.0203754698783059,0.0103863104864791));
#4432=CARTESIAN_POINT('',(-0.00624677605587268,0.0209796664037167,0.0104765538204752));
#4433=CARTESIAN_POINT('',(-0.00439931712745585,0.0212219298467905,0.0105097566651707));
#4434=CARTESIAN_POINT('',(-0.00439937527119054,0.0212223222434233,0.0105101287658918));
#4435=CARTESIAN_POINT('',(-0.011876637646976,-0.00990493783106909,0.0177231019898874));
#4436=CARTESIAN_POINT('',(0.140428289379209,-0.101207938388298,0.0682293523588755));
#4437=CARTESIAN_POINT('',(0.0896602133831464,-0.0707732161814382,0.0513939355692128));
#4438=CARTESIAN_POINT('',(0.0388921373870837,-0.0403384939745783,0.0345585187795501));
#4439=CARTESIAN_POINT('',(-0.011875938608979,-0.0099037717677183,0.0177231019898874));
#4440=CARTESIAN_POINT('',(-0.0126691897964175,-0.00942822923323612,0.0174600486025489));
#4441=CARTESIAN_POINT('',(-0.013429338740971,-0.00891267216237498,0.0171762807484697));
#4442=CARTESIAN_POINT('',(-0.0148423129262421,-0.00778927747729636,0.0165695689109493));
#4443=CARTESIAN_POINT('',(-0.0154972790268076,-0.00718062433857627,0.0162460670108783));
#4444=CARTESIAN_POINT('',(-0.0162400922968336,-0.00634792724865493,0.0158189805837372));
#4445=CARTESIAN_POINT('',(-0.0163848732100996,-0.00617779328676011,0.0157324532461506));
#4446=CARTESIAN_POINT('',(-0.0166665450113919,-0.00582983596002343,0.0155573796425053));
#4447=CARTESIAN_POINT('',(-0.0168035796825908,-0.00565168078726297,0.0154685158478697));
#4448=CARTESIAN_POINT('',(-0.0172008297721622,-0.00510876183770771,0.0151996541530782));
#4449=CARTESIAN_POINT('',(-0.017445744881927,-0.00473769465513411,0.0150191150292385));
#4450=CARTESIAN_POINT('',(-0.0181276199916401,-0.00359896332099189,0.0144777649833082));
#4451=CARTESIAN_POINT('',(-0.0185128527290585,-0.00280622603915836,0.0141174332430261));
#4452=CARTESIAN_POINT('',(-0.0190049936507708,-0.00156651058337047,0.0135973879783781));
#4453=CARTESIAN_POINT('',(-0.0191545588037112,-0.00114474954664703,0.0134274238014104));
#4454=CARTESIAN_POINT('',(-0.0194259493688819,-0.000283477862749909,0.0130971383689723));
#4455=CARTESIAN_POINT('',(-0.0195469155856395,0.000153455353675645,0.0129378033460728));
#4456=CARTESIAN_POINT('',(-0.0198658337544587,0.00147374596643111,0.0124791277306388));
#4457=CARTESIAN_POINT('',(-0.0200213086028126,0.00237001972467149,0.0121975466159863));
#4458=CARTESIAN_POINT('',(-0.0201733718657917,0.00373703503713142,0.0118079130365971));
#4459=CARTESIAN_POINT('',(-0.0202105027416421,0.0041964153856082,0.0116834428153512));
#4460=CARTESIAN_POINT('',(-0.020257306124531,0.00512300041983293,0.0114455096536583));
#4461=CARTESIAN_POINT('',(-0.0202669781269992,0.00559112589276849,0.0113317738540005));
#4462=CARTESIAN_POINT('',(-0.0202497573361441,0.00699133885332473,0.0110115551417495));
#4463=CARTESIAN_POINT('',(-0.020176925032696,0.00792367762768704,0.0108241598802696));
#4464=CARTESIAN_POINT('',(-0.0199485306248299,0.00931725238408823,0.0105807817851101));
#4465=CARTESIAN_POINT('',(-0.0198524653261918,0.00978097642491939,0.010506002943822));
#4466=CARTESIAN_POINT('',(-0.0196735398259086,0.0104748338848361,0.0104035911377543));
#4467=CARTESIAN_POINT('',(-0.01960796456468,0.0107060980729371,0.0103710543043128));
#4468=CARTESIAN_POINT('',(-0.0194659260626801,0.0111629130271299,0.010309967457718));
#4469=CARTESIAN_POINT('',(-0.0193893238975187,0.0113890602448443,0.0102813263197889));
#4470=CARTESIAN_POINT('',(-0.0189773872286103,0.0125080143457361,0.0101475634116246));
#4471=CARTESIAN_POINT('',(-0.0185557880088145,0.0133656369415225,0.0100702514292613));
#4472=CARTESIAN_POINT('',(-0.0178933035769007,0.0143812444688904,0.0100137899133261));
#4473=CARTESIAN_POINT('',(-0.0177546754675821,0.0145803586913718,0.0100046175545352));
#4474=CARTESIAN_POINT('',(-0.0174674291376666,0.0149675407379529,0.00999065314508159));
#4475=CARTESIAN_POINT('',(-0.0173184950234989,0.0151561020494243,0.00998583681359816));
#4476=CARTESIAN_POINT('',(-0.0168559759951652,0.015706875647848,0.00997756676355011));
#4477=CARTESIAN_POINT('',(-0.0165263056064953,0.0160540030412681,0.00998033482576121));
#4478=CARTESIAN_POINT('',(-0.0158273106803892,0.0167094167869236,0.00999908424619621));
#4479=CARTESIAN_POINT('',(-0.0154575232370434,0.0170183589994927,0.0100150412646855));
#4480=CARTESIAN_POINT('',(-0.0146843948966986,0.0175998079001786,0.010055335469255));
#4481=CARTESIAN_POINT('',(-0.0142868418025714,0.0178683091783713,0.0100792432632904));
#4482=CARTESIAN_POINT('',(-0.0130662959007882,0.0186178305540736,0.0101547763057669));
#4483=CARTESIAN_POINT('',(-0.0122157644534501,0.0190437265735029,0.0102094283056143));
#4484=CARTESIAN_POINT('',(-0.0108967409119446,0.0195977889635646,0.0102831767182503));
#4485=CARTESIAN_POINT('',(-0.0104493228044139,0.0197683577829043,0.0103066123920072));
#4486=CARTESIAN_POINT('',(-0.00954305822266626,0.0200828051781181,0.0103503132205721));
#4487=CARTESIAN_POINT('',(-0.00908707949430226,0.020225768363396,0.0103704651071691));
#4488=CARTESIAN_POINT('',(-0.00771140951509412,0.0206167370064593,0.0104257317990352));
#4489=CARTESIAN_POINT('',(-0.00678401738237894,0.0208268927916258,0.010455638659723));
#4490=CARTESIAN_POINT('',(-0.00491152635428088,0.0211611094820434,0.0105029336658252));
#4491=CARTESIAN_POINT('',(-0.00396645399820399,0.02128529288571,0.0105204033877769));
#4492=CARTESIAN_POINT('',(-0.0030129971118845,0.0213695255854929,0.0105322122538653));
#4493=CARTESIAN_POINT('',(0.0580082436125629,0.0267604183716036,0.0112879796835187));
#4494=CARTESIAN_POINT('',(0.11902948433701,0.0321513111577142,0.0120437471131722));
#4495=CARTESIAN_POINT('',(0.180050725061458,0.0375422039438248,0.0127995145428256));
#4496=CARTESIAN_POINT('',(-0.00377658301651441,0.0212932684108782,0.0105215066930814));
#4497=CARTESIAN_POINT('',(-0.00377690496571062,0.0212961553130223,0.0105215066964138));
#4498=CARTESIAN_POINT('',(-0.00399578194685685,0.0213852194412249,0.0104055753595019));
#4499=CARTESIAN_POINT('',(-0.00430009020990626,0.0216771168057646,0.0100742576608623));
#4500=CARTESIAN_POINT('',(-0.0044,0.0220365440871395,0.00970442033887989));
#4501=CARTESIAN_POINT('',(-0.0044,0.0222224072478774,0.00952062430617783));
#4502=CARTESIAN_POINT('',(-0.0044,0.0222224072478774,0.00952062430617783));
#4503=CARTESIAN_POINT('',(-0.0044,0.0222224072478774,0.00952062430617783));
#4504=CARTESIAN_POINT('',(-0.0044,0.0224253235944776,0.00931996474928951));
#4505=CARTESIAN_POINT('',(-0.0044,0.0226282208594811,0.00911928589466803));
#4506=CARTESIAN_POINT('',(-0.0044,0.0228311000332174,0.00891858875194958));
#4507=CARTESIAN_POINT('',(-0.0044,0.0228311000332173,0.00891858875194958));
#4508=CARTESIAN_POINT('',(-0.0044,0.0228311000332173,0.00891858875194958));
#4509=CARTESIAN_POINT('',(-0.0044,0.0227495457700553,0.00899926587267962));
#4510=CARTESIAN_POINT('',(-0.00444344848881826,0.0225834263374592,0.0091576482456314));
#4511=CARTESIAN_POINT('',(-0.00463128864875905,0.022450425627407,0.00926168921445949));
#4512=CARTESIAN_POINT('',(-0.00474588215166434,0.0224347778681906,0.00925958391627941));
#4513=CARTESIAN_POINT('',(-0.0122118336692338,-0.0111597447011776,0.0165230951278327));
#4514=CARTESIAN_POINT('',(-0.0121001016597834,-0.0107414757410867,0.0169230974151843));
#4515=CARTESIAN_POINT('',(-0.0119883696503331,-0.0103232067809957,0.0173230997025358));
#4516=CARTESIAN_POINT('',(-0.0118766376408827,-0.00990493782090483,0.0177231019898874));
#4517=CARTESIAN_POINT('',(-0.0118,-0.0138155000000007,0.011));
#4518=CARTESIAN_POINT('',(-0.0118,-0.0138135,0.0215));
#4519=CARTESIAN_POINT('',(-0.0118,-0.0090635,0.01925));
#4520=CARTESIAN_POINT('',(-0.0118,-0.00112260911805861,0.013344964371868));
#4521=CARTESIAN_POINT('',(-0.0118,0.0145810401341444,0.0103871862270398));
#4522=CARTESIAN_POINT('',(-0.0118,0.018004,0.01125));
#4523=CARTESIAN_POINT('',(-0.0118,0.021354,0.0117));
#4524=CARTESIAN_POINT('',(-0.0118,-0.00810021309639754,0.0184040342293522));
#4525=CARTESIAN_POINT('',(-0.0118,-0.00750504624171078,0.0180586965518478));
#4526=CARTESIAN_POINT('',(-0.0118,-0.00750504624171078,0.0180586965518478));
#4527=CARTESIAN_POINT('',(-0.0118,-0.00710873768202405,0.0178288930043293));
#4528=CARTESIAN_POINT('',(-0.0118,-0.00679552421215884,0.0174250146011581));
#4529=CARTESIAN_POINT('',(-0.0118,-0.00679552421215783,0.01696410203643));
#4530=CARTESIAN_POINT('',(-0.011799999999997,-0.00679552421215994,0.0169641020364293));
#4531=CARTESIAN_POINT('',(-0.011799999999997,-0.00679552421215994,0.0210715115373538));
#4532=CARTESIAN_POINT('',(-0.011799999999997,-0.00679552421215994,0.));
#4533=CARTESIAN_POINT('',(-0.0118,-0.0138155000000007,0.));
#4534=CARTESIAN_POINT('',(-0.0118,-0.00977709878396507,0.));
#4535=CARTESIAN_POINT('',(-0.0118,-0.0097770987839638,0.022));
#4536=CARTESIAN_POINT('',(-0.0118,-0.0097770987839638,0.0177231019898874));
#4537=CARTESIAN_POINT('',(-0.0118,-0.0097770987839638,0.0177231019898874));
#4538=CARTESIAN_POINT('',(-0.0118,-0.0097770987839638,0.0179085504326275));
#4539=CARTESIAN_POINT('',(-0.0118,-0.00966010416943685,0.0182763063750941));
#4540=CARTESIAN_POINT('',(-0.0118,-0.00901240053457602,0.0187032104844954));
#4541=CARTESIAN_POINT('',(-0.0118,-0.00841996017217437,0.0185895560963114));
#4542=CARTESIAN_POINT('',(-0.0118,-0.00810021309639775,0.0184040342293523));
#4543=CARTESIAN_POINT('',(-0.01015,-0.0138155000000007,0.));
#4544=CARTESIAN_POINT('',(0.0046104698917581,0.0214439885243365,0.));
#4545=CARTESIAN_POINT('',(0.0058768864087358,0.0212709497614069,0.));
#4546=CARTESIAN_POINT('',(0.00836469493358086,0.0207799611900152,1.90485858861058E-18));
#4547=CARTESIAN_POINT('',(0.0119308306665926,0.0195547205633091,1.13925058175861E-18));
#4548=CARTESIAN_POINT('',(0.0153133124999005,0.017661193951226,1.34439472625062E-18));
#4549=CARTESIAN_POINT('',(0.0180727068382736,0.0149241371855824,1.28942615513455E-18));
#4550=CARTESIAN_POINT('',(0.0198158634817997,0.011453455133963,1.30415629510683E-18));
#4551=CARTESIAN_POINT('',(0.0205587464118944,0.00768217912517596,1.30020430633378E-18));
#4552=CARTESIAN_POINT('',(0.0205314793490196,0.00382139656134846,1.3012821214537E-18));
#4553=CARTESIAN_POINT('',(0.0199010826789316,6.39626762789499E-5,1.30092284974706E-18));
#4554=CARTESIAN_POINT('',(0.0185716556794745,-0.0035676119397623,1.3012821214537E-18));
#4555=CARTESIAN_POINT('',(0.0164145914381512,-0.00679385125564324,1.30020430633378E-18));
#4556=CARTESIAN_POINT('',(0.0134956088478763,-0.0092990642414946,1.30415629510683E-18));
#4557=CARTESIAN_POINT('',(0.0101520147087312,-0.0112004625792516,1.28942615513455E-18));
#4558=CARTESIAN_POINT('',(0.00671394060869877,-0.0127881709286988,1.34439472625062E-18));
#4559=CARTESIAN_POINT('',(0.00304497198460255,-0.0140281666399534,1.13925058175861E-18));
#4560=CARTESIAN_POINT('',(-0.000760137399406195,-0.0143806323740118,1.90485858861058E-18));
#4561=CARTESIAN_POINT('',(-0.00332051152461234,-0.0138571698786518,0.));
#4562=CARTESIAN_POINT('',(-0.00455696864170653,-0.0134826526607194,0.));
#4563=CARTESIAN_POINT('',(0.0046104698917581,0.0214439885243365,0.));
#4564=CARTESIAN_POINT('',(-0.00455696864170653,-0.0134826526607194,0.));
#4565=CARTESIAN_POINT('',(-0.00522226844163072,-0.0151246575336573,-6.93889390390723E-18));
#4566=CARTESIAN_POINT('',(-0.00629963022198943,-0.0177836592250265,0.));
#4567=CARTESIAN_POINT('',(-0.0103776096578857,-0.0161313627260872,0.));
#4568=CARTESIAN_POINT('',(-0.0144555890937819,-0.0144790662271478,0.));
#4569=CARTESIAN_POINT('',(-0.0141292711765775,-0.013673691552095,0.));
#4570=CARTESIAN_POINT('',(-0.0125526696199086,-0.009782532349839,0.));
#4571=CARTESIAN_POINT('',(-0.0125526696199086,-0.009782532349839,0.));
#4572=CARTESIAN_POINT('',(-0.0140829042227571,-0.00880942653553296,0.));
#4573=CARTESIAN_POINT('',(-0.016183504752574,-0.00709430187548614,6.89808614231442E-18));
#4574=CARTESIAN_POINT('',(-0.0182220030812947,-0.00406550262466421,-7.59368241624288E-18));
#4575=CARTESIAN_POINT('',(-0.0193203044236141,-0.00161184666614087,3.68081873660952E-18));
#4576=CARTESIAN_POINT('',(-0.020067544044697,0.00101460735212246,6.76663111700413E-19));
#4577=CARTESIAN_POINT('',(-0.0205965762890951,0.00453883631255859,1.66615824074581E-18));
#4578=CARTESIAN_POINT('',(-0.0205428145532082,0.00818667403283711,1.24275115176896E-18));
#4579=CARTESIAN_POINT('',(-0.0196440534330061,0.0116807234617593,1.31177374516568E-18));
#4580=CARTESIAN_POINT('',(-0.018472140677497,0.0141323422289148,1.29915386111478E-18));
#4581=CARTESIAN_POINT('',(-0.0167845011309627,0.0162805113388625,1.29786645227083E-18));
#4582=CARTESIAN_POINT('',(-0.0146902882798741,0.0179880271095746,1.31563597169755E-18));
#4583=CARTESIAN_POINT('',(-0.0123080104694385,0.0193221938373432,1.24584530283462E-18));
#4584=CARTESIAN_POINT('',(-0.00900553021971174,0.0206227514683011,1.59436951086792E-18));
#4585=CARTESIAN_POINT('',(-0.00639484096140762,0.0212001782467855,0.));
#4586=CARTESIAN_POINT('',(-0.00461046989175809,0.0214439885243364,0.));
#4587=CARTESIAN_POINT('',(-0.00461046989175809,0.0214439885243364,0.));
#4588=CARTESIAN_POINT('',(-0.0048,0.0228311000332173,0.));
#4589=CARTESIAN_POINT('',(-0.0034,0.0228311000332173,0.));
#4590=CARTESIAN_POINT('',(-0.0034,0.0262224072890078,0.));
#4591=CARTESIAN_POINT('',(-0.0034,0.0262224072890078,0.));
#4592=CARTESIAN_POINT('',(-2.16840434497101E-18,0.0262224072890078,0.));
#4593=CARTESIAN_POINT('',(0.0034,0.0262224072890078,0.));
#4594=CARTESIAN_POINT('',(0.0034,-0.0138155000000007,0.));
#4595=CARTESIAN_POINT('',(0.0034,0.0228311000332173,0.));
#4596=CARTESIAN_POINT('',(0.0048,0.0228311000332173,0.));
#4597=CARTESIAN_POINT('',(-0.003,0.0237224072684426,0.));
#4598=CARTESIAN_POINT('',(-0.003,0.0262224072890078,0.));
#4599=CARTESIAN_POINT('',(-0.003,0.0212224072698532,0.));
#4600=CARTESIAN_POINT('',(0.00473709160298742,0.0211368853135106,0.));
#4601=CARTESIAN_POINT('',(-3.79470760369927E-18,0.0214625573432447,0.));
#4602=CARTESIAN_POINT('',(-0.00473709160298741,0.0211368853135106,0.));
#4603=CARTESIAN_POINT('',(-0.00849458622659791,0.0203202612871745,0.));
#4604=CARTESIAN_POINT('',(-0.0112789949867082,0.0193178722871993,0.));
#4605=CARTESIAN_POINT('',(-0.0132287861138816,0.0183791079600722,0.));
#4606=CARTESIAN_POINT('',(-0.0147134429147902,0.0174251528378125,0.));
#4607=CARTESIAN_POINT('',(-0.0157959420517809,0.0165475803325772,0.));
#4608=CARTESIAN_POINT('',(-0.0165511606695403,0.0158251887629525,0.));
#4609=CARTESIAN_POINT('',(-0.0172282767718812,0.0150520724832548,0.));
#4610=CARTESIAN_POINT('',(-0.0180237487605827,0.0139684893721872,0.));
#4611=CARTESIAN_POINT('',(-0.0188214277724343,0.0125311505916836,0.));
#4612=CARTESIAN_POINT('',(-0.0194890300866743,0.0107287383490174,0.));
#4613=CARTESIAN_POINT('',(-0.0199045865568636,0.00888965032819773,0.));
#4614=CARTESIAN_POINT('',(-0.0201069651548433,0.00704254408882537,0.));
#4615=CARTESIAN_POINT('',(-0.0201275140754395,0.00551480974795862,0.));
#4616=CARTESIAN_POINT('',(-0.0200713688729572,0.00430752231150176,0.));
#4617=CARTESIAN_POINT('',(-0.0199673409066004,0.00309922119094959,0.));
#4618=CARTESIAN_POINT('',(-0.0197456934636773,0.00159742616607075,0.));
#4619=CARTESIAN_POINT('',(-0.0193274275988207,-0.000173919871949641,0.));
#4620=CARTESIAN_POINT('',(-0.0187490127352458,-0.0018945043733378,0.));
#4621=CARTESIAN_POINT('',(-0.0179996354676266,-0.00354406774873136,0.));
#4622=CARTESIAN_POINT('',(-0.0172239873144778,-0.00483756089903801,0.));
#4623=CARTESIAN_POINT('',(-0.0165022104988727,-0.00581324426141341,0.));
#4624=CARTESIAN_POINT('',(-0.015725265566553,-0.00672741313340592,0.));
#4625=CARTESIAN_POINT('',(-0.0146760163995511,-0.00774828348320223,0.));
#4626=CARTESIAN_POINT('',(-0.013330755112653,-0.00880421604814517,0.));
#4627=CARTESIAN_POINT('',(-0.0119341782122319,-0.00971757939484429,0.));
#4628=CARTESIAN_POINT('',(-0.0105153240216449,-0.0105155363576202,0.));
#4629=CARTESIAN_POINT('',(-0.00933295720841057,-0.011106183515144,0.));
#4630=CARTESIAN_POINT('',(-0.00840504609160159,-0.0115432398226017,0.));
#4631=CARTESIAN_POINT('',(-0.00746742934805913,-0.011969722418987,0.));
#4632=CARTESIAN_POINT('',(-0.00626937247912694,-0.012475984354941,0.));
#4633=CARTESIAN_POINT('',(-0.00478657416967097,-0.0130118813447591,0.));
#4634=CARTESIAN_POINT('',(-0.00325166391302865,-0.0134447645328828,0.));
#4635=CARTESIAN_POINT('',(-0.00192388807304848,-0.0136894475814144,0.));
#4636=CARTESIAN_POINT('',(-0.000833885212860879,-0.013794734296469,0.));
#4637=CARTESIAN_POINT('',(-5.30787351060835E-18,-0.0138228828517655,0.));
#4638=CARTESIAN_POINT('',(0.000833885212860862,-0.013794734296469,0.));
#4639=CARTESIAN_POINT('',(0.00192388807304847,-0.0136894475814144,0.));
#4640=CARTESIAN_POINT('',(0.00325166391302864,-0.0134447645328828,0.));
#4641=CARTESIAN_POINT('',(0.00478657416967096,-0.0130118813447591,0.));
#4642=CARTESIAN_POINT('',(0.00626937247912694,-0.012475984354941,0.));
#4643=CARTESIAN_POINT('',(0.00746742934805913,-0.011969722418987,0.));
#4644=CARTESIAN_POINT('',(0.00840504609160159,-0.0115432398226017,0.));
#4645=CARTESIAN_POINT('',(0.00933295720841057,-0.011106183515144,0.));
#4646=CARTESIAN_POINT('',(0.0105153240216449,-0.0105155363576202,0.));
#4647=CARTESIAN_POINT('',(0.0119341782122319,-0.00971757939484428,0.));
#4648=CARTESIAN_POINT('',(0.013330755112653,-0.00880421604814516,0.));
#4649=CARTESIAN_POINT('',(0.014676016399551,-0.00774828348320221,0.));
#4650=CARTESIAN_POINT('',(0.015725265566553,-0.00672741313340592,0.));
#4651=CARTESIAN_POINT('',(0.0165022104988727,-0.00581324426141339,0.));
#4652=CARTESIAN_POINT('',(0.0172239873144778,-0.00483756089903801,0.));
#4653=CARTESIAN_POINT('',(0.0179996354676266,-0.00354406774873135,0.));
#4654=CARTESIAN_POINT('',(0.0187490127352458,-0.00189450437333779,0.));
#4655=CARTESIAN_POINT('',(0.0193274275988207,-0.00017391987194965,0.));
#4656=CARTESIAN_POINT('',(0.0197456934636773,0.00159742616607075,0.));
#4657=CARTESIAN_POINT('',(0.0199673409066004,0.00309922119094959,0.));
#4658=CARTESIAN_POINT('',(0.0200713688729572,0.00430752231150175,0.));
#4659=CARTESIAN_POINT('',(0.0201275140754395,0.00551480974795862,0.));
#4660=CARTESIAN_POINT('',(0.0201069651548433,0.00704254408882536,0.));
#4661=CARTESIAN_POINT('',(0.0199045865568636,0.00888965032819773,0.));
#4662=CARTESIAN_POINT('',(0.0194890300866743,0.0107287383490174,0.));
#4663=CARTESIAN_POINT('',(0.0188214277724343,0.0125311505916837,0.));
#4664=CARTESIAN_POINT('',(0.0180237487605827,0.0139684893721872,0.));
#4665=CARTESIAN_POINT('',(0.0172282767718812,0.0150520724832548,0.));
#4666=CARTESIAN_POINT('',(0.0165511606695403,0.0158251887629525,0.));
#4667=CARTESIAN_POINT('',(0.0157959420517809,0.0165475803325772,0.));
#4668=CARTESIAN_POINT('',(0.0147134429147901,0.0174251528378125,0.));
#4669=CARTESIAN_POINT('',(0.0132287861138815,0.0183791079600722,0.));
#4670=CARTESIAN_POINT('',(0.0112789949867082,0.0193178722871993,0.));
#4671=CARTESIAN_POINT('',(0.00849458622659791,0.0203202612871745,0.));
#4672=CARTESIAN_POINT('',(0.00473709160298742,0.0211368853135106,0.));
#4673=CARTESIAN_POINT('',(-3.79470760369927E-18,0.0214625573432447,0.));
#4674=CARTESIAN_POINT('',(-0.00473709160298741,0.0211368853135106,0.));
#4675=CARTESIAN_POINT('',(-0.011799999999997,-0.00679552421215994,0.));
#4676=CARTESIAN_POINT('',(-0.0107661876506838,-0.00753089668989347,0.));
#4677=CARTESIAN_POINT('',(-0.00964343654894628,-0.00815761293891716,0.));
#4678=CARTESIAN_POINT('',(-0.00850000000211724,-0.00872476982041426,0.));
#4679=CARTESIAN_POINT('',(-0.00850000000211724,-0.00872476982041426,0.));
#4680=CARTESIAN_POINT('',(-0.0085,-0.0138155000000007,0.));
#4681=CARTESIAN_POINT('',(-0.0085,-0.011497295185296,0.));
#4682=CARTESIAN_POINT('',(-0.0091124869117384,-0.0130089542806388,0.));
#4683=CARTESIAN_POINT('',(-0.0097249738234768,-0.0145206133759816,0.));
#4684=CARTESIAN_POINT('',(-0.0111151940857141,-0.0139573304786159,0.));
#4685=CARTESIAN_POINT('',(-0.0125054143479515,-0.0133940475812502,0.));
#4686=CARTESIAN_POINT('',(-0.0128317322651559,-0.014199422256303,0.));
#4687=CARTESIAN_POINT('',(-0.0131580501823604,-0.0150047969313558,0.));
#4688=CARTESIAN_POINT('',(-0.0103776096578857,-0.0161313627260872,0.));
#4689=CARTESIAN_POINT('',(-0.00759716913341096,-0.0172579285208186,0.));
#4690=CARTESIAN_POINT('',(-0.00651980735305226,-0.0145989268294493,0.));
#4691=CARTESIAN_POINT('',(-0.00573582521869179,-0.0126640059335422,0.));
#4692=CARTESIAN_POINT('',(0.00473709160298742,0.0211368853135106,0.));
#4693=CARTESIAN_POINT('',(-3.79470760369927E-18,0.0214625573432447,0.));
#4694=CARTESIAN_POINT('',(-0.00473709160298741,0.0211368853135106,0.));
#4695=CARTESIAN_POINT('',(-0.00849458622659791,0.0203202612871745,0.));
#4696=CARTESIAN_POINT('',(-0.0112789949867082,0.0193178722871993,0.));
#4697=CARTESIAN_POINT('',(-0.0132287861138816,0.0183791079600722,0.));
#4698=CARTESIAN_POINT('',(-0.0147134429147902,0.0174251528378125,0.));
#4699=CARTESIAN_POINT('',(-0.0157959420517809,0.0165475803325772,0.));
#4700=CARTESIAN_POINT('',(-0.0165511606695403,0.0158251887629525,0.));
#4701=CARTESIAN_POINT('',(-0.0172282767718812,0.0150520724832548,0.));
#4702=CARTESIAN_POINT('',(-0.0180237487605827,0.0139684893721872,0.));
#4703=CARTESIAN_POINT('',(-0.0188214277724343,0.0125311505916836,0.));
#4704=CARTESIAN_POINT('',(-0.0194890300866743,0.0107287383490174,0.));
#4705=CARTESIAN_POINT('',(-0.0199045865568636,0.00888965032819773,0.));
#4706=CARTESIAN_POINT('',(-0.0201069651548433,0.00704254408882537,0.));
#4707=CARTESIAN_POINT('',(-0.0201275140754395,0.00551480974795862,0.));
#4708=CARTESIAN_POINT('',(-0.0200713688729572,0.00430752231150176,0.));
#4709=CARTESIAN_POINT('',(-0.0199673409066004,0.00309922119094959,0.));
#4710=CARTESIAN_POINT('',(-0.0197456934636773,0.00159742616607075,0.));
#4711=CARTESIAN_POINT('',(-0.0193274275988207,-0.000173919871949641,0.));
#4712=CARTESIAN_POINT('',(-0.0187490127352458,-0.0018945043733378,0.));
#4713=CARTESIAN_POINT('',(-0.0179996354676266,-0.00354406774873136,0.));
#4714=CARTESIAN_POINT('',(-0.0172239873144778,-0.00483756089903801,0.));
#4715=CARTESIAN_POINT('',(-0.0165022104988727,-0.00581324426141341,0.));
#4716=CARTESIAN_POINT('',(-0.015725265566553,-0.00672741313340592,0.));
#4717=CARTESIAN_POINT('',(-0.0146760163995511,-0.00774828348320223,0.));
#4718=CARTESIAN_POINT('',(-0.013330755112653,-0.00880421604814517,0.));
#4719=CARTESIAN_POINT('',(-0.0119341782122319,-0.00971757939484429,0.));
#4720=CARTESIAN_POINT('',(-0.0105153240216449,-0.0105155363576202,0.));
#4721=CARTESIAN_POINT('',(-0.00933295720841057,-0.011106183515144,0.));
#4722=CARTESIAN_POINT('',(-0.00840504609160159,-0.0115432398226017,0.));
#4723=CARTESIAN_POINT('',(-0.00746742934805913,-0.011969722418987,0.));
#4724=CARTESIAN_POINT('',(-0.00626937247912694,-0.012475984354941,0.));
#4725=CARTESIAN_POINT('',(-0.00478657416967097,-0.0130118813447591,0.));
#4726=CARTESIAN_POINT('',(-0.00325166391302865,-0.0134447645328828,0.));
#4727=CARTESIAN_POINT('',(-0.00192388807304848,-0.0136894475814144,0.));
#4728=CARTESIAN_POINT('',(-0.000833885212860879,-0.013794734296469,0.));
#4729=CARTESIAN_POINT('',(-5.30787351060835E-18,-0.0138228828517655,0.));
#4730=CARTESIAN_POINT('',(0.000833885212860862,-0.013794734296469,0.));
#4731=CARTESIAN_POINT('',(0.00192388807304847,-0.0136894475814144,0.));
#4732=CARTESIAN_POINT('',(0.00325166391302864,-0.0134447645328828,0.));
#4733=CARTESIAN_POINT('',(0.00478657416967096,-0.0130118813447591,0.));
#4734=CARTESIAN_POINT('',(0.00626937247912694,-0.012475984354941,0.));
#4735=CARTESIAN_POINT('',(0.00746742934805913,-0.011969722418987,0.));
#4736=CARTESIAN_POINT('',(0.00840504609160159,-0.0115432398226017,0.));
#4737=CARTESIAN_POINT('',(0.00933295720841057,-0.011106183515144,0.));
#4738=CARTESIAN_POINT('',(0.0105153240216449,-0.0105155363576202,0.));
#4739=CARTESIAN_POINT('',(0.0119341782122319,-0.00971757939484428,0.));
#4740=CARTESIAN_POINT('',(0.013330755112653,-0.00880421604814516,0.));
#4741=CARTESIAN_POINT('',(0.014676016399551,-0.00774828348320221,0.));
#4742=CARTESIAN_POINT('',(0.015725265566553,-0.00672741313340592,0.));
#4743=CARTESIAN_POINT('',(0.0165022104988727,-0.00581324426141339,0.));
#4744=CARTESIAN_POINT('',(0.0172239873144778,-0.00483756089903801,0.));
#4745=CARTESIAN_POINT('',(0.0179996354676266,-0.00354406774873135,0.));
#4746=CARTESIAN_POINT('',(0.0187490127352458,-0.00189450437333779,0.));
#4747=CARTESIAN_POINT('',(0.0193274275988207,-0.00017391987194965,0.));
#4748=CARTESIAN_POINT('',(0.0197456934636773,0.00159742616607075,0.));
#4749=CARTESIAN_POINT('',(0.0199673409066004,0.00309922119094959,0.));
#4750=CARTESIAN_POINT('',(0.0200713688729572,0.00430752231150175,0.));
#4751=CARTESIAN_POINT('',(0.0201275140754395,0.00551480974795862,0.));
#4752=CARTESIAN_POINT('',(0.0201069651548433,0.00704254408882536,0.));
#4753=CARTESIAN_POINT('',(0.0199045865568636,0.00888965032819773,0.));
#4754=CARTESIAN_POINT('',(0.0194890300866743,0.0107287383490174,0.));
#4755=CARTESIAN_POINT('',(0.0188214277724343,0.0125311505916837,0.));
#4756=CARTESIAN_POINT('',(0.0180237487605827,0.0139684893721872,0.));
#4757=CARTESIAN_POINT('',(0.0172282767718812,0.0150520724832548,0.));
#4758=CARTESIAN_POINT('',(0.0165511606695403,0.0158251887629525,0.));
#4759=CARTESIAN_POINT('',(0.0157959420517809,0.0165475803325772,0.));
#4760=CARTESIAN_POINT('',(0.0147134429147901,0.0174251528378125,0.));
#4761=CARTESIAN_POINT('',(0.0132287861138815,0.0183791079600722,0.));
#4762=CARTESIAN_POINT('',(0.0112789949867082,0.0193178722871993,0.));
#4763=CARTESIAN_POINT('',(0.00849458622659791,0.0203202612871745,0.));
#4764=CARTESIAN_POINT('',(0.00473709160298742,0.0211368853135106,0.));
#4765=CARTESIAN_POINT('',(-3.79470760369927E-18,0.0214625573432447,0.));
#4766=CARTESIAN_POINT('',(-0.00473709160298741,0.0211368853135106,0.));
#4767=CARTESIAN_POINT('',(0.00849999999995164,-0.0114972951853801,0.));
#4768=CARTESIAN_POINT('',(0.0085,-0.0138154999999995,0.));
#4769=CARTESIAN_POINT('',(0.00850000000103828,-0.00872476982094943,0.));
#4770=CARTESIAN_POINT('',(0.00850000000103828,-0.00872476982094943,0.));
#4771=CARTESIAN_POINT('',(0.00964343655436568,-0.008157612936273,0.));
#4772=CARTESIAN_POINT('',(0.0107661876623884,-0.00753089668340978,0.));
#4773=CARTESIAN_POINT('',(0.0118000000166122,-0.00679552420034116,0.));
#4774=CARTESIAN_POINT('',(0.0118000000166122,-0.00679552420034117,0.));
#4775=CARTESIAN_POINT('',(0.0118,-0.0138154999999995,0.));
#4776=CARTESIAN_POINT('',(0.0118,-0.00977709878396377,0.));
#4777=CARTESIAN_POINT('',(0.00473709160298742,0.0211368853135106,0.));
#4778=CARTESIAN_POINT('',(-3.79470760369927E-18,0.0214625573432447,0.));
#4779=CARTESIAN_POINT('',(-0.00473709160298741,0.0211368853135106,0.));
#4780=CARTESIAN_POINT('',(-0.00849458622659791,0.0203202612871745,0.));
#4781=CARTESIAN_POINT('',(-0.0112789949867082,0.0193178722871993,0.));
#4782=CARTESIAN_POINT('',(-0.0132287861138816,0.0183791079600722,0.));
#4783=CARTESIAN_POINT('',(-0.0147134429147902,0.0174251528378125,0.));
#4784=CARTESIAN_POINT('',(-0.0157959420517809,0.0165475803325772,0.));
#4785=CARTESIAN_POINT('',(-0.0165511606695403,0.0158251887629525,0.));
#4786=CARTESIAN_POINT('',(-0.0172282767718812,0.0150520724832548,0.));
#4787=CARTESIAN_POINT('',(-0.0180237487605827,0.0139684893721872,0.));
#4788=CARTESIAN_POINT('',(-0.0188214277724343,0.0125311505916836,0.));
#4789=CARTESIAN_POINT('',(-0.0194890300866743,0.0107287383490174,0.));
#4790=CARTESIAN_POINT('',(-0.0199045865568636,0.00888965032819773,0.));
#4791=CARTESIAN_POINT('',(-0.0201069651548433,0.00704254408882537,0.));
#4792=CARTESIAN_POINT('',(-0.0201275140754395,0.00551480974795862,0.));
#4793=CARTESIAN_POINT('',(-0.0200713688729572,0.00430752231150176,0.));
#4794=CARTESIAN_POINT('',(-0.0199673409066004,0.00309922119094959,0.));
#4795=CARTESIAN_POINT('',(-0.0197456934636773,0.00159742616607075,0.));
#4796=CARTESIAN_POINT('',(-0.0193274275988207,-0.000173919871949641,0.));
#4797=CARTESIAN_POINT('',(-0.0187490127352458,-0.0018945043733378,0.));
#4798=CARTESIAN_POINT('',(-0.0179996354676266,-0.00354406774873136,0.));
#4799=CARTESIAN_POINT('',(-0.0172239873144778,-0.00483756089903801,0.));
#4800=CARTESIAN_POINT('',(-0.0165022104988727,-0.00581324426141341,0.));
#4801=CARTESIAN_POINT('',(-0.015725265566553,-0.00672741313340592,0.));
#4802=CARTESIAN_POINT('',(-0.0146760163995511,-0.00774828348320223,0.));
#4803=CARTESIAN_POINT('',(-0.013330755112653,-0.00880421604814517,0.));
#4804=CARTESIAN_POINT('',(-0.0119341782122319,-0.00971757939484429,0.));
#4805=CARTESIAN_POINT('',(-0.0105153240216449,-0.0105155363576202,0.));
#4806=CARTESIAN_POINT('',(-0.00933295720841057,-0.011106183515144,0.));
#4807=CARTESIAN_POINT('',(-0.00840504609160159,-0.0115432398226017,0.));
#4808=CARTESIAN_POINT('',(-0.00746742934805913,-0.011969722418987,0.));
#4809=CARTESIAN_POINT('',(-0.00626937247912694,-0.012475984354941,0.));
#4810=CARTESIAN_POINT('',(-0.00478657416967097,-0.0130118813447591,0.));
#4811=CARTESIAN_POINT('',(-0.00325166391302865,-0.0134447645328828,0.));
#4812=CARTESIAN_POINT('',(-0.00192388807304848,-0.0136894475814144,0.));
#4813=CARTESIAN_POINT('',(-0.000833885212860879,-0.013794734296469,0.));
#4814=CARTESIAN_POINT('',(-5.30787351060835E-18,-0.0138228828517655,0.));
#4815=CARTESIAN_POINT('',(0.000833885212860862,-0.013794734296469,0.));
#4816=CARTESIAN_POINT('',(0.00192388807304847,-0.0136894475814144,0.));
#4817=CARTESIAN_POINT('',(0.00325166391302864,-0.0134447645328828,0.));
#4818=CARTESIAN_POINT('',(0.00478657416967096,-0.0130118813447591,0.));
#4819=CARTESIAN_POINT('',(0.00626937247912694,-0.012475984354941,0.));
#4820=CARTESIAN_POINT('',(0.00746742934805913,-0.011969722418987,0.));
#4821=CARTESIAN_POINT('',(0.00840504609160159,-0.0115432398226017,0.));
#4822=CARTESIAN_POINT('',(0.00933295720841057,-0.011106183515144,0.));
#4823=CARTESIAN_POINT('',(0.0105153240216449,-0.0105155363576202,0.));
#4824=CARTESIAN_POINT('',(0.0119341782122319,-0.00971757939484428,0.));
#4825=CARTESIAN_POINT('',(0.013330755112653,-0.00880421604814516,0.));
#4826=CARTESIAN_POINT('',(0.014676016399551,-0.00774828348320221,0.));
#4827=CARTESIAN_POINT('',(0.015725265566553,-0.00672741313340592,0.));
#4828=CARTESIAN_POINT('',(0.0165022104988727,-0.00581324426141339,0.));
#4829=CARTESIAN_POINT('',(0.0172239873144778,-0.00483756089903801,0.));
#4830=CARTESIAN_POINT('',(0.0179996354676266,-0.00354406774873135,0.));
#4831=CARTESIAN_POINT('',(0.0187490127352458,-0.00189450437333779,0.));
#4832=CARTESIAN_POINT('',(0.0193274275988207,-0.00017391987194965,0.));
#4833=CARTESIAN_POINT('',(0.0197456934636773,0.00159742616607075,0.));
#4834=CARTESIAN_POINT('',(0.0199673409066004,0.00309922119094959,0.));
#4835=CARTESIAN_POINT('',(0.0200713688729572,0.00430752231150175,0.));
#4836=CARTESIAN_POINT('',(0.0201275140754395,0.00551480974795862,0.));
#4837=CARTESIAN_POINT('',(0.0201069651548433,0.00704254408882536,0.));
#4838=CARTESIAN_POINT('',(0.0199045865568636,0.00888965032819773,0.));
#4839=CARTESIAN_POINT('',(0.0194890300866743,0.0107287383490174,0.));
#4840=CARTESIAN_POINT('',(0.0188214277724343,0.0125311505916837,0.));
#4841=CARTESIAN_POINT('',(0.0180237487605827,0.0139684893721872,0.));
#4842=CARTESIAN_POINT('',(0.0172282767718812,0.0150520724832548,0.));
#4843=CARTESIAN_POINT('',(0.0165511606695403,0.0158251887629525,0.));
#4844=CARTESIAN_POINT('',(0.0157959420517809,0.0165475803325772,0.));
#4845=CARTESIAN_POINT('',(0.0147134429147901,0.0174251528378125,0.));
#4846=CARTESIAN_POINT('',(0.0132287861138815,0.0183791079600722,0.));
#4847=CARTESIAN_POINT('',(0.0112789949867082,0.0193178722871993,0.));
#4848=CARTESIAN_POINT('',(0.00849458622659791,0.0203202612871745,0.));
#4849=CARTESIAN_POINT('',(0.00473709160298742,0.0211368853135106,0.));
#4850=CARTESIAN_POINT('',(-3.79470760369927E-18,0.0214625573432447,0.));
#4851=CARTESIAN_POINT('',(-0.00473709160298741,0.0211368853135106,0.));
#4852=CARTESIAN_POINT('',(0.0030000000001387,0.0212224072905777,0.));
#4853=CARTESIAN_POINT('',(0.003,0.0237224072890078,0.));
#4854=CARTESIAN_POINT('',(0.003,0.0262224072890078,0.));
#4855=CARTESIAN_POINT('',(-2.16840434497101E-18,0.0262224072890078,0.));
#4856=CARTESIAN_POINT('',(-0.0085,-0.0138155000000007,0.011));
#4857=CARTESIAN_POINT('',(-0.00850000000211724,-0.00872476982041426,0.0210715115373538));
#4858=CARTESIAN_POINT('',(-0.00850000000211724,-0.00872476982041426,0.0181281322767183));
#4859=CARTESIAN_POINT('',(-0.00850000000211724,-0.00872476982041426,0.0181281322767183));
#4860=CARTESIAN_POINT('',(-0.00850000000211724,-0.00872476982041425,0.0185405972960156));
#4861=CARTESIAN_POINT('',(-0.0085,-0.00898688163175418,0.0189177204191703));
#4862=CARTESIAN_POINT('',(-0.0085,-0.0093436878417858,0.0191222639222455));
#4863=CARTESIAN_POINT('',(-0.0085,-0.00934368784178581,0.0191222639222455));
#4864=CARTESIAN_POINT('',(-0.0085,-0.0138135,0.0215));
#4865=CARTESIAN_POINT('',(-0.0085,-0.0090635,0.01925));
#4866=CARTESIAN_POINT('',(-0.0085,-0.00112260911805861,0.013344964371868));
#4867=CARTESIAN_POINT('',(-0.0085,0.0145810401341444,0.0103871862270398));
#4868=CARTESIAN_POINT('',(-0.0085,0.018004,0.01125));
#4869=CARTESIAN_POINT('',(-0.0085,0.021354,0.0117));
#4870=CARTESIAN_POINT('',(-0.0085,-0.00989901130776164,0.019438927875384));
#4871=CARTESIAN_POINT('',(-0.0085,-0.00989901130774817,0.0194389278753763));
#4872=CARTESIAN_POINT('',(-0.0085,-0.0102129564271799,0.0196168957293783));
#4873=CARTESIAN_POINT('',(-0.0085,-0.010799536884671,0.0196838016197783));
#4874=CARTESIAN_POINT('',(-0.0085,-0.0113905770517689,0.0192214376062375));
#4875=CARTESIAN_POINT('',(-0.0085,-0.0114972951853578,0.0188623575698336));
#4876=CARTESIAN_POINT('',(-0.0085,-0.0114972951853576,0.0186811933463966));
#4877=CARTESIAN_POINT('',(-0.0085,-0.0114972951853576,0.0186811933463966));
#4878=CARTESIAN_POINT('',(-0.0085,-0.0114972951853576,0.022));
#4879=CARTESIAN_POINT('',(-0.0085,-0.011497295185296,0.013));
#4880=CARTESIAN_POINT('',(-0.0085,-0.011497295185296,0.013002));
#4881=CARTESIAN_POINT('',(-0.0118,-0.00991344988092858,0.0194471113655438));
#4882=CARTESIAN_POINT('',(-0.0085,-0.00991344988092858,0.0194471113655438));
#4883=CARTESIAN_POINT('',(-0.0118,-0.00910163681520611,0.0189870702975888));
#4884=CARTESIAN_POINT('',(-0.0085,-0.00910163681520611,0.0189870702975888));
#4885=CARTESIAN_POINT('',(-0.0118,-0.0082973315330874,0.0185180808126025));
#4886=CARTESIAN_POINT('',(-0.0085,-0.0082973315330874,0.0185180808126025));
#4887=CARTESIAN_POINT('',(-0.0118,-0.00749069927090074,0.0180503775862504));
#4888=CARTESIAN_POINT('',(-0.0085,-0.00749069927090074,0.0180503775862504));
#4889=CARTESIAN_POINT('',(-0.0085,-0.00934368784178581,0.0191222639222455));
#4890=CARTESIAN_POINT('',(-0.00963492881041971,-0.00877715769112068,0.0187974936173662));
#4891=CARTESIAN_POINT('',(-0.0107567437331853,-0.00818995655853627,0.0184558487623953));
#4892=CARTESIAN_POINT('',(-0.0118,-0.00750504624171077,0.0180586965518478));
#4893=CARTESIAN_POINT('',(-0.0118,-0.00810021309639775,0.0184040342293523));
#4894=CARTESIAN_POINT('',(-0.0107515483722303,-0.0087674421675111,0.0187911701637832));
#4895=CARTESIAN_POINT('',(-0.00963905547976916,-0.00935205168444502,0.0191288697653436));
#4896=CARTESIAN_POINT('',(-0.0085,-0.00989901130774818,0.0194389278753763));
#4897=CARTESIAN_POINT('',(-0.011799999999997,-0.00679552421215994,0.0182369010703786));
#4898=CARTESIAN_POINT('',(-0.011799999999997,-0.00679552421215994,0.));
#4899=CARTESIAN_POINT('',(-0.0107661876506838,-0.00753089668989347,0.0182369010703786));
#4900=CARTESIAN_POINT('',(-0.0107661876506838,-0.00753089668989347,0.));
#4901=CARTESIAN_POINT('',(-0.00964343654894628,-0.00815761293891716,0.0182369010703786));
#4902=CARTESIAN_POINT('',(-0.00964343654894628,-0.00815761293891716,0.));
#4903=CARTESIAN_POINT('',(-0.00850000000211724,-0.00872476982041426,0.0182369010703786));
#4904=CARTESIAN_POINT('',(-0.00850000000211724,-0.00872476982041426,0.));
#4905=CARTESIAN_POINT('',(-0.011799999999997,-0.00679552421215994,0.0169641020364293));
#4906=CARTESIAN_POINT('',(-0.0107761288537153,-0.00752382273146261,0.0174097216358691));
#4907=CARTESIAN_POINT('',(-0.00965527134623426,-0.00815174161706122,0.0177900576038491));
#4908=CARTESIAN_POINT('',(-0.00850000000211724,-0.00872476982041426,0.0181281322767184));
#4909=CARTESIAN_POINT('',(-0.00518880482894283,0.00504552228146033,0.013));
#4910=CARTESIAN_POINT('',(-0.0103776096578857,-0.0161313627260872,0.013));
#4911=CARTESIAN_POINT('',(-0.0140848636905186,-0.0146292749997786,0.013));
#4912=CARTESIAN_POINT('',(-0.00667035562525272,-0.0176334504523957,0.013));
#4913=CARTESIAN_POINT('',(-0.00530470061958343,-0.0142629215956058,0.013));
#4914=CARTESIAN_POINT('',(-0.00651980735305226,-0.0145989268294493,0.013));
#4915=CARTESIAN_POINT('',(-0.00759716913341096,-0.0172579285208186,0.013));
#4916=CARTESIAN_POINT('',(-0.0103776096578857,-0.0161313627260872,0.013));
#4917=CARTESIAN_POINT('',(-0.0131580501823604,-0.0150047969313558,0.013));
#4918=CARTESIAN_POINT('',(-0.0128317322651559,-0.014199422256303,0.013));
#4919=CARTESIAN_POINT('',(-0.0125054143479515,-0.0133940475812502,0.013));
#4920=CARTESIAN_POINT('',(-0.0111151940857141,-0.0139573304786159,0.013));
#4921=CARTESIAN_POINT('',(-0.0097249738234768,-0.0145206133759816,0.013));
#4922=CARTESIAN_POINT('',(-0.0091124869117384,-0.0130089542806388,0.013));
#4923=CARTESIAN_POINT('',(-0.00598277782688269,0.00536722052083855,0.013));
#4924=CARTESIAN_POINT('',(-0.0111151940857141,-0.0139573304786159,0.013002));
#4925=CARTESIAN_POINT('',(-0.0097249738234768,-0.0145206133759816,0.013002));
#4926=CARTESIAN_POINT('',(-0.0125054143479515,-0.0133940475812502,0.013002));
#4927=CARTESIAN_POINT('',(-0.0091124869117384,-0.0130089542806388,0.013002));
#4928=CARTESIAN_POINT('',(-0.0091124869117384,-0.0130089542806388,0.013));
#4929=CARTESIAN_POINT('',(-0.0124012626688599,-0.00709444800025577,0.0178209039380279));
#4930=CARTESIAN_POINT('',(-0.0119895592276272,-0.00666068674480695,0.0175700920738313));
#4931=CARTESIAN_POINT('',(-0.011821625273291,-0.00678014170022297,0.0169552068470769));
#4932=CARTESIAN_POINT('',(-0.0120973053734301,-0.00730991098830098,0.0179454901545655));
#4933=CARTESIAN_POINT('',(-0.0116858459914197,-0.00687672436051608,0.0176945104107368));
#4934=CARTESIAN_POINT('',(-0.0115176679778501,-0.00699635292039466,0.01708022571073));
#4935=CARTESIAN_POINT('',(-0.0114754806873867,-0.00772515827472599,0.0181863208920593));
#4936=CARTESIAN_POINT('',(-0.0111100657961573,-0.0072773118958772,0.0179262745592176));
#4937=CARTESIAN_POINT('',(-0.0109501610745784,-0.00737526702192769,0.0173215449811421));
#4938=CARTESIAN_POINT('',(-0.0101791720805487,-0.00849871420881989,0.0186354304993245));
#4939=CARTESIAN_POINT('',(-0.00984526616801061,-0.00804253165894022,0.0183708567396703));
#4940=CARTESIAN_POINT('',(-0.00969600329587593,-0.00812464386431016,0.0177703760368853));
#4941=CARTESIAN_POINT('',(-0.00915883943642673,-0.00901479275829895,0.0189337604423365));
#4942=CARTESIAN_POINT('',(-0.00885138339924875,-0.00855047985892021,0.0186660855223579));
#4943=CARTESIAN_POINT('',(-0.00871448710892675,-0.00861838189800897,0.0180674090393483));
#4944=CARTESIAN_POINT('',(-0.0084756987049369,-0.00935581880561714,0.0191292174282859));
#4945=CARTESIAN_POINT('',(-0.00816828880844341,-0.00888930215645289,0.0188618362740957));
#4946=CARTESIAN_POINT('',(-0.00803134637745482,-0.00895722708181889,0.0182616160768892));
#4947=CARTESIAN_POINT('',(-0.0080039982860742,-0.0101340753871662,0.019571799993562));
#4948=CARTESIAN_POINT('',(-0.00876217870890495,-0.0113758764634304,0.0202716609708252));
#4949=CARTESIAN_POINT('',(-0.0084244256688502,-0.0115323809577954,0.0187006288001654));
#4950=CARTESIAN_POINT('',(-0.00932706716662602,-0.00951497836474593,0.0192228859400847));
#4951=CARTESIAN_POINT('',(-0.0101277972642628,-0.0107325174670724,0.0199203948681951));
#4952=CARTESIAN_POINT('',(-0.00977087349859902,-0.0109084779523645,0.0183551115401816));
#4953=CARTESIAN_POINT('',(-0.0106262415687069,-0.00884906814419466,0.0188385447663484));
#4954=CARTESIAN_POINT('',(-0.0114715112279664,-0.010034028815388,0.0195249767435713));
#4955=CARTESIAN_POINT('',(-0.0111088378196919,-0.0102285448001593,0.0179732218042864));
#4956=CARTESIAN_POINT('',(-0.0118212656524842,-0.00808666287530468,0.0183961720683215));
#4957=CARTESIAN_POINT('',(-0.0127531670287234,-0.00918038978215052,0.0190307885150185));
#4958=CARTESIAN_POINT('',(-0.0123587847577774,-0.0094317833315902,0.0175312283582135));
#4959=CARTESIAN_POINT('',(-0.0085,-0.0114972951853576,0.0186811933463966));
#4960=CARTESIAN_POINT('',(-0.00963186240179168,-0.0109708119182725,0.0183894777465177));
#4961=CARTESIAN_POINT('',(-0.0107426474013386,-0.0104109662682754,0.0180757918956316));
#4962=CARTESIAN_POINT('',(-0.0118,-0.0097770987839638,0.0177231019898874));
#4963=CARTESIAN_POINT('',(-1.05239890875926E-18,0.00230825043207816,0.013));
#4964=CARTESIAN_POINT('',(-0.00651980735305226,-0.0145989268294493,0.013));
#4965=CARTESIAN_POINT('',(-0.00573582521854624,-0.0126640059331829,0.013));
#4966=CARTESIAN_POINT('',(0.00473709160298742,0.0211368853135106,0.013));
#4967=CARTESIAN_POINT('',(-3.79470760369927E-18,0.0214625573432447,0.013));
#4968=CARTESIAN_POINT('',(-0.00473709160298741,0.0211368853135106,0.013));
#4969=CARTESIAN_POINT('',(-0.00849458622659791,0.0203202612871745,0.013));
#4970=CARTESIAN_POINT('',(-0.0112789949867082,0.0193178722871993,0.013));
#4971=CARTESIAN_POINT('',(-0.0132287861138816,0.0183791079600722,0.013));
#4972=CARTESIAN_POINT('',(-0.0147134429147902,0.0174251528378125,0.013));
#4973=CARTESIAN_POINT('',(-0.0157959420517809,0.0165475803325772,0.013));
#4974=CARTESIAN_POINT('',(-0.0165511606695403,0.0158251887629525,0.013));
#4975=CARTESIAN_POINT('',(-0.0172282767718812,0.0150520724832548,0.013));
#4976=CARTESIAN_POINT('',(-0.0180237487605827,0.0139684893721872,0.013));
#4977=CARTESIAN_POINT('',(-0.0188214277724343,0.0125311505916836,0.013));
#4978=CARTESIAN_POINT('',(-0.0194890300866743,0.0107287383490174,0.013));
#4979=CARTESIAN_POINT('',(-0.0199045865568636,0.00888965032819773,0.013));
#4980=CARTESIAN_POINT('',(-0.0201069651548433,0.00704254408882537,0.013));
#4981=CARTESIAN_POINT('',(-0.0201275140754395,0.00551480974795862,0.013));
#4982=CARTESIAN_POINT('',(-0.0200713688729572,0.00430752231150176,0.013));
#4983=CARTESIAN_POINT('',(-0.0199673409066004,0.00309922119094959,0.013));
#4984=CARTESIAN_POINT('',(-0.0197456934636773,0.00159742616607075,0.013));
#4985=CARTESIAN_POINT('',(-0.0193274275988207,-0.000173919871949641,0.013));
#4986=CARTESIAN_POINT('',(-0.0187490127352458,-0.0018945043733378,0.013));
#4987=CARTESIAN_POINT('',(-0.0179996354676266,-0.00354406774873136,0.013));
#4988=CARTESIAN_POINT('',(-0.0172239873144778,-0.00483756089903801,0.013));
#4989=CARTESIAN_POINT('',(-0.0165022104988727,-0.00581324426141341,0.013));
#4990=CARTESIAN_POINT('',(-0.015725265566553,-0.00672741313340592,0.013));
#4991=CARTESIAN_POINT('',(-0.0146760163995511,-0.00774828348320223,0.013));
#4992=CARTESIAN_POINT('',(-0.013330755112653,-0.00880421604814517,0.013));
#4993=CARTESIAN_POINT('',(-0.0119341782122319,-0.00971757939484429,0.013));
#4994=CARTESIAN_POINT('',(-0.0105153240216449,-0.0105155363576202,0.013));
#4995=CARTESIAN_POINT('',(-0.00933295720841057,-0.011106183515144,0.013));
#4996=CARTESIAN_POINT('',(-0.00840504609160159,-0.0115432398226017,0.013));
#4997=CARTESIAN_POINT('',(-0.00746742934805913,-0.011969722418987,0.013));
#4998=CARTESIAN_POINT('',(-0.00626937247912694,-0.012475984354941,0.013));
#4999=CARTESIAN_POINT('',(-0.00478657416967097,-0.0130118813447591,0.013));
#5000=CARTESIAN_POINT('',(-0.00325166391302865,-0.0134447645328828,0.013));
#5001=CARTESIAN_POINT('',(-0.00192388807304848,-0.0136894475814144,0.013));
#5002=CARTESIAN_POINT('',(-0.000833885212860879,-0.013794734296469,0.013));
#5003=CARTESIAN_POINT('',(-5.30787351060835E-18,-0.0138228828517655,0.013));
#5004=CARTESIAN_POINT('',(0.000833885212860862,-0.013794734296469,0.013));
#5005=CARTESIAN_POINT('',(0.00192388807304847,-0.0136894475814144,0.013));
#5006=CARTESIAN_POINT('',(0.00325166391302864,-0.0134447645328828,0.013));
#5007=CARTESIAN_POINT('',(0.00478657416967096,-0.0130118813447591,0.013));
#5008=CARTESIAN_POINT('',(0.00626937247912694,-0.012475984354941,0.013));
#5009=CARTESIAN_POINT('',(0.00746742934805913,-0.011969722418987,0.013));
#5010=CARTESIAN_POINT('',(0.00840504609160159,-0.0115432398226017,0.013));
#5011=CARTESIAN_POINT('',(0.00933295720841057,-0.011106183515144,0.013));
#5012=CARTESIAN_POINT('',(0.0105153240216449,-0.0105155363576202,0.013));
#5013=CARTESIAN_POINT('',(0.0119341782122319,-0.00971757939484428,0.013));
#5014=CARTESIAN_POINT('',(0.013330755112653,-0.00880421604814516,0.013));
#5015=CARTESIAN_POINT('',(0.014676016399551,-0.00774828348320221,0.013));
#5016=CARTESIAN_POINT('',(0.015725265566553,-0.00672741313340592,0.013));
#5017=CARTESIAN_POINT('',(0.0165022104988727,-0.00581324426141339,0.013));
#5018=CARTESIAN_POINT('',(0.0172239873144778,-0.00483756089903801,0.013));
#5019=CARTESIAN_POINT('',(0.0179996354676266,-0.00354406774873135,0.013));
#5020=CARTESIAN_POINT('',(0.0187490127352458,-0.00189450437333779,0.013));
#5021=CARTESIAN_POINT('',(0.0193274275988207,-0.00017391987194965,0.013));
#5022=CARTESIAN_POINT('',(0.0197456934636773,0.00159742616607075,0.013));
#5023=CARTESIAN_POINT('',(0.0199673409066004,0.00309922119094959,0.013));
#5024=CARTESIAN_POINT('',(0.0200713688729572,0.00430752231150175,0.013));
#5025=CARTESIAN_POINT('',(0.0201275140754395,0.00551480974795862,0.013));
#5026=CARTESIAN_POINT('',(0.0201069651548433,0.00704254408882536,0.013));
#5027=CARTESIAN_POINT('',(0.0199045865568636,0.00888965032819773,0.013));
#5028=CARTESIAN_POINT('',(0.0194890300866743,0.0107287383490174,0.013));
#5029=CARTESIAN_POINT('',(0.0188214277724343,0.0125311505916837,0.013));
#5030=CARTESIAN_POINT('',(0.0180237487605827,0.0139684893721872,0.013));
#5031=CARTESIAN_POINT('',(0.0172282767718812,0.0150520724832548,0.013));
#5032=CARTESIAN_POINT('',(0.0165511606695403,0.0158251887629525,0.013));
#5033=CARTESIAN_POINT('',(0.0157959420517809,0.0165475803325772,0.013));
#5034=CARTESIAN_POINT('',(0.0147134429147901,0.0174251528378125,0.013));
#5035=CARTESIAN_POINT('',(0.0132287861138815,0.0183791079600722,0.013));
#5036=CARTESIAN_POINT('',(0.0112789949867082,0.0193178722871993,0.013));
#5037=CARTESIAN_POINT('',(0.00849458622659791,0.0203202612871745,0.013));
#5038=CARTESIAN_POINT('',(0.00473709160298742,0.0211368853135106,0.013));
#5039=CARTESIAN_POINT('',(-3.79470760369927E-18,0.0214625573432447,0.013));
#5040=CARTESIAN_POINT('',(-0.00473709160298741,0.0211368853135106,0.013));
#5041=CARTESIAN_POINT('',(-0.0030000000038829,0.0212224072918292,0.0178294406018267));
#5042=CARTESIAN_POINT('',(-0.0030000000038829,0.0212224072918292,0.));
#5043=CARTESIAN_POINT('',(-0.00523038977140346,0.0210253645585486,0.0178294406018267));
#5044=CARTESIAN_POINT('',(-0.00523038977140346,0.0210253645585486,0.));
#5045=CARTESIAN_POINT('',(-0.0085006839698839,0.0204030081898863,0.0178294406018267));
#5046=CARTESIAN_POINT('',(-0.0085006839698839,0.0204030081898863,1.04083408558608E-17));
#5047=CARTESIAN_POINT('',(-0.0123967837355678,0.0188581371475221,0.0178294406018267));
#5048=CARTESIAN_POINT('',(-0.0123967837355678,0.0188581371475221,-6.93889390390723E-18));
#5049=CARTESIAN_POINT('',(-0.0150037617153831,0.0173096789211232,0.0178294406018267));
#5050=CARTESIAN_POINT('',(-0.0150037617153831,0.0173096789211232,0.));
#5051=CARTESIAN_POINT('',(-0.0172001271516296,0.0152599898938106,0.0178294406018267));
#5052=CARTESIAN_POINT('',(-0.0172001271516296,0.0152599898938106,-3.46944695195361E-18));
#5053=CARTESIAN_POINT('',(-0.0192413564993383,0.0120410243964036,0.0178294406018267));
#5054=CARTESIAN_POINT('',(-0.0192413564993383,0.0120410243964036,0.));
#5055=CARTESIAN_POINT('',(-0.0202759513553069,0.00761192297230054,0.0178294406018267));
#5056=CARTESIAN_POINT('',(-0.0202759513553069,0.00761192297230054,3.46944695195361E-18));
#5057=CARTESIAN_POINT('',(-0.0200538333815815,0.00241284194460861,0.0178294406018267));
#5058=CARTESIAN_POINT('',(-0.0200538333815815,0.00241284194460861,0.));
#5059=CARTESIAN_POINT('',(-0.018915530065482,-0.00179633347852318,0.0178294406018267));
#5060=CARTESIAN_POINT('',(-0.018915530065482,-0.00179633347852318,-3.46944695195361E-18));
#5061=CARTESIAN_POINT('',(-0.017293038541754,-0.00483751260205906,0.0178294406018267));
#5062=CARTESIAN_POINT('',(-0.017293038541754,-0.00483751260205906,-3.46944695195361E-18));
#5063=CARTESIAN_POINT('',(-0.0151188235490188,-0.00754718317824459,0.0178294406018267));
#5064=CARTESIAN_POINT('',(-0.0151188235490188,-0.00754718317824459,0.));
#5065=CARTESIAN_POINT('',(-0.0131404850811832,-0.00897349749973519,0.0178294406018267));
#5066=CARTESIAN_POINT('',(-0.0131404850811832,-0.00897349749973519,0.));
#5067=CARTESIAN_POINT('',(-0.0117999999999992,-0.00977709878396429,0.0178294406018267));
#5068=CARTESIAN_POINT('',(-0.0117999999999992,-0.00977709878396429,0.));
#5069=CARTESIAN_POINT('',(-0.003,0.0212224072478774,0.013));
#5070=CARTESIAN_POINT('',(-0.003,0.0212224072478774,0.0105322122538653));
#5071=CARTESIAN_POINT('',(-0.0118,-0.0097770987839638,0.0177231019898874));
#5072=CARTESIAN_POINT('',(-0.0133751449986162,-0.00883282229666642,0.0171976975582923));
#5073=CARTESIAN_POINT('',(-0.015520216095502,-0.00719399250872963,0.0162856764357714));
#5074=CARTESIAN_POINT('',(-0.0176185435496398,-0.00431419143632153,0.0148378336951133));
#5075=CARTESIAN_POINT('',(-0.0187589805566902,-0.00196264765813205,0.0137569395525104));
#5076=CARTESIAN_POINT('',(-0.0195675915534885,0.000613248532015379,0.0127588264944096));
#5077=CARTESIAN_POINT('',(-0.0200286084687982,0.00327903320127907,0.0119172233154196));
#5078=CARTESIAN_POINT('',(-0.0201733636315324,0.00605676679699044,0.0111990256222726));
#5079=CARTESIAN_POINT('',(-0.019959283456065,0.00883018325265928,0.0106368798949907));
#5080=CARTESIAN_POINT('',(-0.0192629939465996,0.0115955453621419,0.0102249016987442));
#5081=CARTESIAN_POINT('',(-0.0179987748987822,0.0141585982520249,0.00999095573896864));
#5082=CARTESIAN_POINT('',(-0.0161545065407145,0.0163546579294155,0.00996176864446029));
#5083=CARTESIAN_POINT('',(-0.0138379227408712,0.0180666006857184,0.0101002268990625));
#5084=CARTESIAN_POINT('',(-0.0113100446841589,0.019332705025216,0.0102638494239852));
#5085=CARTESIAN_POINT('',(-0.00769292872229334,0.020574687510667,0.010439968710974));
#5086=CARTESIAN_POINT('',(-0.00489855018738119,0.0210546807696087,0.0105085942132948));
#5087=CARTESIAN_POINT('',(-0.0030000000153967,0.021222407290812,0.0105322122538653));
#5088=CARTESIAN_POINT('',(0.0085,-0.0138154999999995,0.011));
#5089=CARTESIAN_POINT('',(0.0085,-0.0138135,0.0215));
#5090=CARTESIAN_POINT('',(0.0085,-0.0090635,0.01925));
#5091=CARTESIAN_POINT('',(0.0085,-0.00112260911805861,0.013344964371868));
#5092=CARTESIAN_POINT('',(0.0085,0.0145810401341444,0.0103871862270398));
#5093=CARTESIAN_POINT('',(0.0085,0.018004,0.01125));
#5094=CARTESIAN_POINT('',(0.0085,0.021354,0.0117));
#5095=CARTESIAN_POINT('',(0.0085,-0.00989901130776163,0.019438927875384));
#5096=CARTESIAN_POINT('',(0.0085,-0.00934368784177771,0.0191222639222409));
#5097=CARTESIAN_POINT('',(0.0085,-0.00934368784176862,0.0191222639222356));
#5098=CARTESIAN_POINT('',(0.0085,-0.00898580999424566,0.018917106089924));
#5099=CARTESIAN_POINT('',(0.0085,-0.00872476982127359,0.0185420940256647));
#5100=CARTESIAN_POINT('',(0.0085,-0.00872476982146443,0.0181281322768903));
#5101=CARTESIAN_POINT('',(0.00850000000103828,-0.00872476982094943,0.0181281322770341));
#5102=CARTESIAN_POINT('',(0.00850000000103828,-0.00872476982094943,0.0210715115373538));
#5103=CARTESIAN_POINT('',(0.0085,-0.0114972951853576,0.022));
#5104=CARTESIAN_POINT('',(0.0085,-0.0114972951853576,0.0186811933463966));
#5105=CARTESIAN_POINT('',(0.0085,-0.0114972951853576,0.0186811933463966));
#5106=CARTESIAN_POINT('',(0.0085,-0.0114972951853576,0.0190422780797727));
#5107=CARTESIAN_POINT('',(0.0085,-0.0110124151290333,0.0197131547626581));
#5108=CARTESIAN_POINT('',(0.0085,-0.010212422891621,0.0196165932810439));
#5109=CARTESIAN_POINT('',(0.0085,-0.00989901130774816,0.0194389278753763));
#5110=CARTESIAN_POINT('',(0.0118,-0.0138154999999995,0.011));
#5111=CARTESIAN_POINT('',(0.0118000000166122,-0.00679552420034117,0.0210715115373538));
#5112=CARTESIAN_POINT('',(0.0118000000166122,-0.00679552420034117,0.0169641020291978));
#5113=CARTESIAN_POINT('',(0.0118000000166122,-0.00679552420034116,0.0169641020291978));
#5114=CARTESIAN_POINT('',(0.0118000000166122,-0.00679552420034116,0.017423088411497));
#5115=CARTESIAN_POINT('',(0.0118,-0.00710984411984781,0.0178295345835502));
#5116=CARTESIAN_POINT('',(0.0118,-0.00750504624171074,0.0180586965518477));
#5117=CARTESIAN_POINT('',(0.0118,-0.00750504624171075,0.0180586965518477));
#5118=CARTESIAN_POINT('',(0.0118,-0.0138135,0.0215));
#5119=CARTESIAN_POINT('',(0.0118,-0.0090635,0.01925));
#5120=CARTESIAN_POINT('',(0.0118,-0.00112260911805861,0.013344964371868));
#5121=CARTESIAN_POINT('',(0.0118,0.0145810401341444,0.0103871862270398));
#5122=CARTESIAN_POINT('',(0.0118,0.018004,0.01125));
#5123=CARTESIAN_POINT('',(0.0118,0.021354,0.0117));
#5124=CARTESIAN_POINT('',(0.0118,-0.00810021309639751,0.0184040342293522));
#5125=CARTESIAN_POINT('',(0.0118,-0.00810021309639772,0.0184040342293523));
#5126=CARTESIAN_POINT('',(0.0118,-0.00842046771965137,0.0185898505826809));
#5127=CARTESIAN_POINT('',(0.0118,-0.00901015103662928,0.0187030165973475));
#5128=CARTESIAN_POINT('',(0.0118,-0.00965908825846116,0.0182780261245329));
#5129=CARTESIAN_POINT('',(0.0118,-0.0097770987839638,0.0179091949939828));
#5130=CARTESIAN_POINT('',(0.0118,-0.00977709878396379,0.0177231019898874));
#5131=CARTESIAN_POINT('',(0.0118000000000002,-0.00977709878396369,0.0177231019898874));
#5132=CARTESIAN_POINT('',(0.0118000000000002,-0.00977709878396369,0.022));
#5133=CARTESIAN_POINT('',(0.0085,-0.00991344988092857,0.0194471113655438));
#5134=CARTESIAN_POINT('',(0.0118,-0.00991344988092857,0.0194471113655438));
#5135=CARTESIAN_POINT('',(0.0085,-0.00910163681520609,0.0189870702975888));
#5136=CARTESIAN_POINT('',(0.0118,-0.00910163681520609,0.0189870702975888));
#5137=CARTESIAN_POINT('',(0.0085,-0.00829733153308737,0.0185180808126025));
#5138=CARTESIAN_POINT('',(0.0118,-0.00829733153308737,0.0185180808126025));
#5139=CARTESIAN_POINT('',(0.0085,-0.00749069927090071,0.0180503775862504));
#5140=CARTESIAN_POINT('',(0.0118,-0.00749069927090071,0.0180503775862504));
#5141=CARTESIAN_POINT('',(0.0118,-0.00750504624171074,0.0180586965518477));
#5142=CARTESIAN_POINT('',(0.0107566621000566,-0.00819001015166943,0.0184558798389184));
#5143=CARTESIAN_POINT('',(0.0096349074479053,-0.00877716835481934,0.0187974997304612));
#5144=CARTESIAN_POINT('',(0.0085,-0.00934368784176861,0.0191222639222356));
#5145=CARTESIAN_POINT('',(0.0085,-0.00989901130774816,0.0194389278753763));
#5146=CARTESIAN_POINT('',(0.00963863879883024,-0.00935225176921124,0.0191289831885321));
#5147=CARTESIAN_POINT('',(0.0107522246963618,-0.00876701175841052,0.0187909204342127));
#5148=CARTESIAN_POINT('',(0.0118,-0.00810021309639772,0.0184040342293523));
#5149=CARTESIAN_POINT('',(0.00850000000103828,-0.00872476982094943,0.0182369010706963));
#5150=CARTESIAN_POINT('',(0.00850000000103828,-0.00872476982094943,0.));
#5151=CARTESIAN_POINT('',(0.00964343655436568,-0.008157612936273,0.0182369010706963));
#5152=CARTESIAN_POINT('',(0.00964343655436568,-0.008157612936273,0.));
#5153=CARTESIAN_POINT('',(0.0107661876623884,-0.00753089668340978,0.0182369010706963));
#5154=CARTESIAN_POINT('',(0.0107661876623884,-0.00753089668340978,0.));
#5155=CARTESIAN_POINT('',(0.0118000000166122,-0.00679552420034116,0.0182369010706963));
#5156=CARTESIAN_POINT('',(0.0118000000166122,-0.00679552420034116,0.));
#5157=CARTESIAN_POINT('',(0.00850000000103828,-0.00872476982094943,0.0181281322770341));
#5158=CARTESIAN_POINT('',(0.00965556242558588,-0.00815159723862322,0.017789972423588));
#5159=CARTESIAN_POINT('',(0.010775870898604,-0.00752400622169773,0.0174098339069531));
#5160=CARTESIAN_POINT('',(0.0118000000166122,-0.00679552420034116,0.0169641020291978));
#5161=CARTESIAN_POINT('',(0.00847570184164044,-0.00935581723974654,0.0191292165308167));
#5162=CARTESIAN_POINT('',(0.00816829194707534,-0.00888930059964479,0.0188618353746674));
#5163=CARTESIAN_POINT('',(0.00803134951418598,-0.00895722552594834,0.0182616151851594));
#5164=CARTESIAN_POINT('',(0.00915875418635608,-0.00901483531773399,0.0189337848297871));
#5165=CARTESIAN_POINT('',(0.00885129821680239,-0.00855052211034474,0.0186661099290975));
#5166=CARTESIAN_POINT('',(0.00871440185887933,-0.00861842418296181,0.0180674332695079));
#5167=CARTESIAN_POINT('',(0.0101793267056206,-0.00849860573707102,0.0186353675215498));
#5168=CARTESIAN_POINT('',(0.00984540905962372,-0.00804242783753618,0.0183707966818086));
#5169=CARTESIAN_POINT('',(0.00969614827893601,-0.0081245417636556,0.017770312874921));
#5170=CARTESIAN_POINT('',(0.0114748869543329,-0.00772553169994386,0.0181865376435477));
#5171=CARTESIAN_POINT('',(0.0111094962495058,-0.00727767810440094,0.0179264869489467));
#5172=CARTESIAN_POINT('',(0.0109495971516291,-0.00737562176747805,0.0173217618781622));
#5173=CARTESIAN_POINT('',(0.0120972060068123,-0.00730998142070759,0.0179455308741521));
#5174=CARTESIAN_POINT('',(0.011685746730262,-0.00687679496726061,0.017694551064278));
#5175=CARTESIAN_POINT('',(0.0115175686102913,-0.00699642360313335,0.0170802665746479));
#5176=CARTESIAN_POINT('',(0.0124012702920935,-0.00709444259641656,0.0178209008133897));
#5177=CARTESIAN_POINT('',(0.0119895668456039,-0.006660681325642,0.0175700889528779));
#5178=CARTESIAN_POINT('',(0.0118216328955605,-0.00678013627830374,0.0169552037115879));
#5179=CARTESIAN_POINT('',(0.0118213477066544,-0.00808661052587156,0.0183961416934509));
#5180=CARTESIAN_POINT('',(0.0127532537329987,-0.00918033203299089,0.0190307550828951));
#5181=CARTESIAN_POINT('',(0.0123588705831559,-0.00943172862311426,0.0175311980093802));
#5182=CARTESIAN_POINT('',(0.0106217512783766,-0.00885194024944432,0.0188402113096717));
#5183=CARTESIAN_POINT('',(0.011466619501025,-0.0100372959810191,0.0195268685363752));
#5184=CARTESIAN_POINT('',(0.0111041402892304,-0.010231547067546,0.0179748870206331));
#5185=CARTESIAN_POINT('',(0.00932258999408142,-0.00951705667458325,0.0192240549035374));
#5186=CARTESIAN_POINT('',(0.0101231784358424,-0.0107346735498834,0.0199215682372099));
#5187=CARTESIAN_POINT('',(0.00976632119335618,-0.0109105698643372,0.0183562687427616));
#5188=CARTESIAN_POINT('',(0.00800454924338493,-0.0101338175769752,0.0195716546950087));
#5189=CARTESIAN_POINT('',(0.00876274730918599,-0.0113756085849776,0.0202715147116839));
#5190=CARTESIAN_POINT('',(0.00842498636254233,-0.0115321211457238,0.018700484916062));
#5191=CARTESIAN_POINT('',(0.0118000000000002,-0.00977709878396369,0.0177231019898874));
#5192=CARTESIAN_POINT('',(0.0107427741249254,-0.0104108902993306,0.0180757496257871));
#5193=CARTESIAN_POINT('',(0.00963178247437755,-0.0109708490963305,0.0183894983462598));
#5194=CARTESIAN_POINT('',(0.0085,-0.0114972951853576,0.0186811933463967));
#5195=CARTESIAN_POINT('',(-0.00850000000002358,-0.0114972951853467,0.0196321870292802));
#5196=CARTESIAN_POINT('',(-0.00850000000002358,-0.0114972951853467,0.));
#5197=CARTESIAN_POINT('',(-0.00720298435872073,-0.0121005991127619,0.0196321870292802));
#5198=CARTESIAN_POINT('',(-0.00720298435872073,-0.0121005991127619,0.));
#5199=CARTESIAN_POINT('',(-0.00518952580258447,-0.0129530914121844,0.0196321870292802));
#5200=CARTESIAN_POINT('',(-0.00518952580258447,-0.0129530914121844,0.));
#5201=CARTESIAN_POINT('',(-0.00230381733451673,-0.0136680736173416,0.0196321870292802));
#5202=CARTESIAN_POINT('',(-0.00230381733451673,-0.0136680736173416,3.46944695195361E-18));
#5203=CARTESIAN_POINT('',(-1.56991680512338E-14,-0.0138862131913279,0.0196321870292802));
#5204=CARTESIAN_POINT('',(-1.56991680512338E-14,-0.0138862131913279,0.));
#5205=CARTESIAN_POINT('',(0.00230381733448755,-0.0136680736173469,0.0196321870292802));
#5206=CARTESIAN_POINT('',(0.00230381733448755,-0.0136680736173469,3.46944695195361E-18));
#5207=CARTESIAN_POINT('',(0.0051895258025568,-0.0129530914121943,0.0196321870292802));
#5208=CARTESIAN_POINT('',(0.0051895258025568,-0.0129530914121943,0.));
#5209=CARTESIAN_POINT('',(0.00720298435869472,-0.0121005991127731,0.0196321870292802));
#5210=CARTESIAN_POINT('',(0.00720298435869472,-0.0121005991127731,0.));
#5211=CARTESIAN_POINT('',(0.00849999999999791,-0.0114972951853586,0.0196321870292802));
#5212=CARTESIAN_POINT('',(0.00849999999999791,-0.0114972951853586,0.));
#5213=CARTESIAN_POINT('',(-0.00473768596296894,-0.0130075761917905,0.0194882555170053));
#5214=CARTESIAN_POINT('',(-0.00603938615244073,-0.0125924495245494,0.0192758734764695));
#5215=CARTESIAN_POINT('',(-0.00728108609567366,-0.0120642702643332,0.0189953447840966));
#5216=CARTESIAN_POINT('',(-0.0085,-0.0114972951853576,0.0186811933463966));
#5217=CARTESIAN_POINT('',(-0.00473768596296894,-0.0130075761917905,0.0194882555170053));
#5218=CARTESIAN_POINT('',(-0.00261481130863438,-0.0135546601275112,0.0175756914801965));
#5219=CARTESIAN_POINT('',(-0.00263884703789746,-0.0135500483957842,0.0181294640840522));
#5220=CARTESIAN_POINT('',(-0.00309446607024481,-0.0134722301828161,0.0192384011024559));
#5221=CARTESIAN_POINT('',(-0.00421544382150194,-0.0131741250187483,0.0195734631957906));
#5222=CARTESIAN_POINT('',(-0.00473768596296894,-0.0130075761917905,0.0194882555170053));
#5223=CARTESIAN_POINT('',(-0.00261481130863438,-0.0135546601275112,0.0175756914801965));
#5224=CARTESIAN_POINT('',(0.00261460895100142,-0.0135546989524835,0.0175740135162919));
#5225=CARTESIAN_POINT('',(0.00257427511988572,-0.0135624372579817,0.0166248871408258));
#5226=CARTESIAN_POINT('',(0.00249173872486053,-0.0135780920625314,0.0152017433466535));
#5227=CARTESIAN_POINT('',(0.00232953123841663,-0.0136068837531981,0.0133108060767229));
#5228=CARTESIAN_POINT('',(0.00217660772421213,-0.0136326486229158,0.0118963611392111));
#5229=CARTESIAN_POINT('',(0.00198095776181112,-0.0136632439155467,0.0104884319404702));
#5230=CARTESIAN_POINT('',(0.00176569841679528,-0.0136939342132571,0.00931850158046431));
#5231=CARTESIAN_POINT('',(0.00151596254225416,-0.0137247730999002,0.00839983947662119));
#5232=CARTESIAN_POINT('',(0.00125812704030387,-0.0137530568672954,0.0077327435994386));
#5233=CARTESIAN_POINT('',(0.000780817395835712,-0.0137941584103721,0.00716572935809789));
#5234=CARTESIAN_POINT('',(6.46498057862938E-5,-0.0138211248748834,0.00693425349722521));
#5235=CARTESIAN_POINT('',(-0.000663539050409468,-0.0138013911763698,0.00710317550437353));
#5236=CARTESIAN_POINT('',(-0.00118852615323268,-0.0137600220399518,0.00763054594164894));
#5237=CARTESIAN_POINT('',(-0.00146940620202275,-0.013730123544107,0.00829798967899867));
#5238=CARTESIAN_POINT('',(-0.00173246215720864,-0.0136984326291298,0.00922122164429705));
#5239=CARTESIAN_POINT('',(-0.00195686013057809,-0.0136668445184104,0.0104032310239791));
#5240=CARTESIAN_POINT('',(-0.00216046251230033,-0.0136352909470687,0.0118301360888009));
#5241=CARTESIAN_POINT('',(-0.00231929990950444,-0.0136086628731308,0.0132632982010807));
#5242=CARTESIAN_POINT('',(-0.00248757207716776,-0.0135788816796574,0.0151768623586735));
#5243=CARTESIAN_POINT('',(-0.00257313314194121,-0.0135626569110233,0.0166154448975099));
#5244=CARTESIAN_POINT('',(-0.00261481130863439,-0.0135546601275112,0.0175756914801965));
#5245=CARTESIAN_POINT('',(0.00261460895100142,-0.0135546989524835,0.0175740135162919));
#5246=CARTESIAN_POINT('',(0.00473736134567593,-0.0130076797130683,0.0194883084791075));
#5247=CARTESIAN_POINT('',(0.00421353415894701,-0.0131747250334761,0.0195737695518148));
#5248=CARTESIAN_POINT('',(0.00309006640098704,-0.0134731931494021,0.0192340911332174));
#5249=CARTESIAN_POINT('',(0.00263818292639293,-0.0135501761333474,0.0181287508471945));
#5250=CARTESIAN_POINT('',(0.00261460895100139,-0.0135546989524835,0.0175740135162919));
#5251=CARTESIAN_POINT('',(0.00473736134567593,-0.0130076797130683,0.0194883084791075));
#5252=CARTESIAN_POINT('',(0.0085,-0.0114972951853576,0.0186811933463966));
#5253=CARTESIAN_POINT('',(0.00728098424665422,-0.0120643176391769,0.0189953710337076));
#5254=CARTESIAN_POINT('',(0.00603917909182195,-0.0125925379106688,0.0192759202261319));
#5255=CARTESIAN_POINT('',(0.00473736134567593,-0.0130076797130683,0.0194883084791075));
#5256=CARTESIAN_POINT('',(-0.00573582521869179,-0.0126640059335422,0.022));
#5257=CARTESIAN_POINT('',(0.0118000000000002,-0.00977709878396369,0.0177231019898874));
#5258=CARTESIAN_POINT('',(0.0107428027539359,-0.0104108731366557,0.0180757400763113));
#5259=CARTESIAN_POINT('',(0.00963163017396071,-0.0109709199385291,0.0183895375987408));
#5260=CARTESIAN_POINT('',(0.0085,-0.0114972951853576,0.0186811933463966));
#5261=CARTESIAN_POINT('',(0.0118779028428088,-0.00990704830074057,0.0177231019898874));
#5262=CARTESIAN_POINT('',(0.0108142825914954,-0.010544673151539,0.0180757593923848));
#5263=CARTESIAN_POINT('',(0.00969842348267376,-0.0111069514125224,0.0183895753402206));
#5264=CARTESIAN_POINT('',(0.00856390060797176,-0.0116346721926371,0.0186811933463966));
#5265=CARTESIAN_POINT('',(0.0085,-0.0114972951853576,0.0186811933463966));
#5266=CARTESIAN_POINT('',(0.0085211731636752,-0.0115428144057948,0.0186811933463966));
#5267=CARTESIAN_POINT('',(0.0085423463273504,-0.011588333626232,0.0186811933463967));
#5268=CARTESIAN_POINT('',(0.00856351949102561,-0.0116338528466692,0.0186811933463967));
#5269=CARTESIAN_POINT('',(0.0085635194910256,-0.0116338528466692,0.0186811933463966));
#5270=CARTESIAN_POINT('',(0.00856351949102495,-0.0116338528466678,0.0186811933463966));
#5271=CARTESIAN_POINT('',(0.00876615436359736,-0.0115394227305202,0.018629090004781));
#5272=CARTESIAN_POINT('',(0.00912690701133719,-0.0113697267147311,0.0185352722218451));
#5273=CARTESIAN_POINT('',(0.00973440403097794,-0.011071719672003,0.0183700317191501));
#5274=CARTESIAN_POINT('',(0.010136952957955,-0.0108683418163234,0.0182571410355428));
#5275=CARTESIAN_POINT('',(0.0105397019502511,-0.0106577736595122,0.0181402472892111));
#5276=CARTESIAN_POINT('',(0.0108867176623041,-0.0104718293182982,0.0180370540539952));
#5277=CARTESIAN_POINT('',(0.0114192318043307,-0.010176829732588,0.0178734610144228));
#5278=CARTESIAN_POINT('',(0.0117294163340555,-0.00999330248426144,0.0177719356509634));
#5279=CARTESIAN_POINT('',(0.0118766376469691,-0.00990493783105706,0.0177231019898874));
#5280=CARTESIAN_POINT('',(0.011876637641183,-0.00990493782140537,0.0177231019898874));
#5281=CARTESIAN_POINT('',(0.011876637641183,-0.00990493782140537,0.0177231019898874));
#5282=CARTESIAN_POINT('',(0.0118510917607887,-0.00986232480892481,0.0177231019898874));
#5283=CARTESIAN_POINT('',(0.0118255458803944,-0.00981971179644425,0.0177231019898874));
#5284=CARTESIAN_POINT('',(0.0118000000000002,-0.00977709878396369,0.0177231019898874));
#5285=CARTESIAN_POINT('',(0.0117999999999993,-0.00977709878396418,0.0178294406018267));
#5286=CARTESIAN_POINT('',(0.0117999999999993,-0.00977709878396418,0.));
#5287=CARTESIAN_POINT('',(0.0131404850812737,-0.00897349749968095,0.0178294406018267));
#5288=CARTESIAN_POINT('',(0.0131404850812737,-0.00897349749968095,0.));
#5289=CARTESIAN_POINT('',(0.0151188235492466,-0.007547183178076,0.0178294406018267));
#5290=CARTESIAN_POINT('',(0.0151188235492466,-0.007547183178076,-3.46944695195361E-18));
#5291=CARTESIAN_POINT('',(0.0172930385420511,-0.00483751260162182,0.0178294406018267));
#5292=CARTESIAN_POINT('',(0.0172930385420511,-0.00483751260162182,0.));
#5293=CARTESIAN_POINT('',(0.0189155300657657,-0.00179633347782111,0.0178294406018267));
#5294=CARTESIAN_POINT('',(0.0189155300657657,-0.00179633347782111,0.));
#5295=CARTESIAN_POINT('',(0.0200538333817558,0.00241284194564905,0.0178294406018267));
#5296=CARTESIAN_POINT('',(0.0200538333817558,0.00241284194564905,0.));
#5297=CARTESIAN_POINT('',(0.0202759513552443,0.00761192297372829,0.0178294406018267));
#5298=CARTESIAN_POINT('',(0.0202759513552443,0.00761192297372829,3.46944695195361E-18));
#5299=CARTESIAN_POINT('',(0.0192413564987308,0.0120410243981005,0.0178294406018267));
#5300=CARTESIAN_POINT('',(0.0192413564987308,0.0120410243981005,0.));
#5301=CARTESIAN_POINT('',(0.0172001271502501,0.0152599898955135,0.0178294406018267));
#5302=CARTESIAN_POINT('',(0.0172001271502501,0.0152599898955135,0.));
#5303=CARTESIAN_POINT('',(0.0150037617134264,0.0173096789225684,0.0178294406018267));
#5304=CARTESIAN_POINT('',(0.0150037617134264,0.0173096789225684,-3.46944695195361E-18));
#5305=CARTESIAN_POINT('',(0.0123967837331435,0.0188581371487107,0.0178294406018267));
#5306=CARTESIAN_POINT('',(0.0123967837331435,0.0188581371487107,0.));
#5307=CARTESIAN_POINT('',(0.00850068396686246,0.0204030081907256,0.0178294406018267));
#5308=CARTESIAN_POINT('',(0.00850068396686246,0.0204030081907256,0.));
#5309=CARTESIAN_POINT('',(0.00523038976800119,0.0210253645590926,0.0178294406018267));
#5310=CARTESIAN_POINT('',(0.00523038976800119,0.0210253645590926,0.));
#5311=CARTESIAN_POINT('',(0.00300000000027745,0.0212224072921477,0.0178294406018267));
#5312=CARTESIAN_POINT('',(0.00300000000027745,0.0212224072921477,0.));
#5313=CARTESIAN_POINT('',(0.00300000000028301,0.0212224072921472,0.0105322122540533));
#5314=CARTESIAN_POINT('',(0.00490424592311048,0.0210541775833749,0.010508523358235));
#5315=CARTESIAN_POINT('',(0.00772561879627077,0.0205662471621918,0.0104388363874062));
#5316=CARTESIAN_POINT('',(0.0113344493654367,0.0193239335301466,0.0102624900119736));
#5317=CARTESIAN_POINT('',(0.013896275359729,0.0180316563974984,0.010096332663339));
#5318=CARTESIAN_POINT('',(0.0161840426856944,0.0163260607186743,0.00996078262885161));
#5319=CARTESIAN_POINT('',(0.0180384667463481,0.0141044112015824,0.00999305809063409));
#5320=CARTESIAN_POINT('',(0.0192934464721256,0.0115034724032968,0.0102367638576367));
#5321=CARTESIAN_POINT('',(0.0199626887598216,0.00880059341927812,0.0106423315122119));
#5322=CARTESIAN_POINT('',(0.020174454353294,0.0059891602594354,0.0112144715714858));
#5323=CARTESIAN_POINT('',(0.0200244241827062,0.00325340737602517,0.0119251621801116));
#5324=CARTESIAN_POINT('',(0.0195607789224544,0.000582825742659358,0.012769230218662));
#5325=CARTESIAN_POINT('',(0.0187496869779329,-0.00198342144169847,0.0137662663471734));
#5326=CARTESIAN_POINT('',(0.0176175369133582,-0.00431382391322084,0.0148380142051557));
#5327=CARTESIAN_POINT('',(0.0160481744932502,-0.00647134026829899,0.0159216379723685));
#5328=CARTESIAN_POINT('',(0.0140859158420828,-0.00828847522831054,0.0168970295876645));
#5329=CARTESIAN_POINT('',(0.0125882043935906,-0.0093045817288952,0.0174601889998077));
#5330=CARTESIAN_POINT('',(0.0118000000000002,-0.00977709878396369,0.0177231019898873));
#5331=CARTESIAN_POINT('',(0.00300000000014151,0.0212224072905775,0.0105322122540533));
#5332=CARTESIAN_POINT('',(0.003,0.0212224072890078,0.013));
#5333=CARTESIAN_POINT('',(-0.0085,-0.0114972951853576,0.0186811933463966));
#5334=CARTESIAN_POINT('',(-0.00963172241673829,-0.0109708770320073,0.0183895138249525));
#5335=CARTESIAN_POINT('',(-0.010742980053548,-0.0104107668481203,0.0180756809363578));
#5336=CARTESIAN_POINT('',(-0.0118,-0.0097770987839638,0.0177231019898874));
#5337=CARTESIAN_POINT('',(-0.00856390060797041,-0.0116346721926342,0.0186811933463966));
#5338=CARTESIAN_POINT('',(-0.00969851589716743,-0.0111069084261237,0.0183895515856227));
#5339=CARTESIAN_POINT('',(-0.0108144608913705,-0.0105445662633569,0.0180757002734977));
#5340=CARTESIAN_POINT('',(-0.011877902842807,-0.00990704830073794,0.0177231019898874));
#5341=CARTESIAN_POINT('',(-0.0118,-0.0097770987839638,0.0177231019898874));
#5342=CARTESIAN_POINT('',(-0.0118255458823253,-0.00981971179966556,0.0177231019898874));
#5343=CARTESIAN_POINT('',(-0.0118510917646507,-0.00986232481536733,0.0177231019898874));
#5344=CARTESIAN_POINT('',(-0.011876637646976,-0.00990493783106909,0.0177231019898874));
#5345=CARTESIAN_POINT('',(-0.011876637646976,-0.00990493783106908,0.0177231019898874));
#5346=CARTESIAN_POINT('',(-0.011725140602636,-0.00999586910150233,0.0177733539581038));
#5347=CARTESIAN_POINT('',(-0.0114059714392086,-0.0101840320944973,0.0178774551900515));
#5348=CARTESIAN_POINT('',(-0.0108146595514183,-0.0105121123626039,0.0180593876066067));
#5349=CARTESIAN_POINT('',(-0.0100380352378825,-0.0109226444204011,0.0182872892154623));
#5350=CARTESIAN_POINT('',(-0.00925066709352902,-0.0113108897265262,0.0185027464153562));
#5351=CARTESIAN_POINT('',(-0.00876427226354643,-0.011540299748374,0.0186295739415129));
#5352=CARTESIAN_POINT('',(-0.00856351949102426,-0.0116338528466663,0.0186811933463966));
#5353=CARTESIAN_POINT('',(-0.00856351949076298,-0.0116338528461046,0.0186811933463966));
#5354=CARTESIAN_POINT('',(-0.00856351949076298,-0.0116338528461046,0.0186811933463966));
#5355=CARTESIAN_POINT('',(-0.00854234632717532,-0.0115883336258556,0.0186811933463966));
#5356=CARTESIAN_POINT('',(-0.00852117316358766,-0.0115428144056066,0.0186811933463966));
#5357=CARTESIAN_POINT('',(-0.0085,-0.0114972951853576,0.0186811933463966));
#5358=CARTESIAN_POINT('',(-0.011799573442417,-0.00977638724443851,0.0177231019898874));
#5359=CARTESIAN_POINT('',(-0.0125881758082686,-0.00930363161079529,0.017460047585127));
#5360=CARTESIAN_POINT('',(-0.0133428200435727,-0.00879171766162054,0.0171762807484697));
#5361=CARTESIAN_POINT('',(-0.0147439727638443,-0.00767772171226459,0.0165695689109493));
#5362=CARTESIAN_POINT('',(-0.0153926194373408,-0.00707483783811788,0.0162460670108783));
#5363=CARTESIAN_POINT('',(-0.0161277179777213,-0.00625078899558857,0.0158189805837372));
#5364=CARTESIAN_POINT('',(-0.0162709641519784,-0.00608245656796893,0.0157324532461506));
#5365=CARTESIAN_POINT('',(-0.0165495772898981,-0.00573827769660343,0.0155573796425053));
#5366=CARTESIAN_POINT('',(-0.0166851168667085,-0.00556206701325481,0.0154685158478697));
#5367=CARTESIAN_POINT('',(-0.0170781703882566,-0.00502488348418841,0.0151996541530782));
#5368=CARTESIAN_POINT('',(-0.0173205638750011,-0.00465764958007064,0.0150191150292385));
#5369=CARTESIAN_POINT('',(-0.0179957133456997,-0.00353015006210524,0.0144777649833082));
#5370=CARTESIAN_POINT('',(-0.0183775456917571,-0.00274453822589494,0.0141174332430261));
#5371=CARTESIAN_POINT('',(-0.0188655848861295,-0.00151515512524034,0.0135973879783781));
#5372=CARTESIAN_POINT('',(-0.0190139536600669,-0.00109678240266201,0.0134274238014104));
#5373=CARTESIAN_POINT('',(-0.0192832449443362,-0.000242172892874822,0.0130971383689723));
#5374=CARTESIAN_POINT('',(-0.0194033154317904,0.00019151017234426,0.0129378033460728));
#5375=CARTESIAN_POINT('',(-0.0197199275264659,0.00150225385945562,0.0124791277306388));
#5376=CARTESIAN_POINT('',(-0.0198743653029593,0.00239243707777436,0.0121975466159863));
#5377=CARTESIAN_POINT('',(-0.0200254278384788,0.00375045607031982,0.0118079130365971));
#5378=CARTESIAN_POINT('',(-0.0200623225613312,0.0042069092259213,0.0116834428153512));
#5379=CARTESIAN_POINT('',(-0.0201088227376397,0.00512749155986389,0.0114455096536583));
#5380=CARTESIAN_POINT('',(-0.0201184280696666,0.00559258401735587,0.0113317738540005));
#5381=CARTESIAN_POINT('',(-0.0201013284676639,0.00698294317948043,0.0110115551417495));
#5382=CARTESIAN_POINT('',(-0.0200290077190714,0.0079079048489806,0.0108241598802696));
#5383=CARTESIAN_POINT('',(-0.0198026409709024,0.00928910760645803,0.0105807817851101));
#5384=CARTESIAN_POINT('',(-0.0197074676421709,0.00974847232360274,0.010506002943822));
#5385=CARTESIAN_POINT('',(-0.0195303144365547,0.0104354569796211,0.0104035911377543));
#5386=CARTESIAN_POINT('',(-0.0194654032469213,0.010664373938962,0.0103710543043128));
#5387=CARTESIAN_POINT('',(-0.0193248406326787,0.0111164422393337,0.010309967457718));
#5388=CARTESIAN_POINT('',(-0.0192490520509664,0.0113401829740009,0.0102813263197889));
#5389=CARTESIAN_POINT('',(-0.0188415943068671,0.0124469708569739,0.0101475634116246));
#5390=CARTESIAN_POINT('',(-0.018424897245082,0.013294451190038,0.0100702514292613));
#5391=CARTESIAN_POINT('',(-0.0177705321529142,0.0142976115380216,0.0100137899133261));
#5392=CARTESIAN_POINT('',(-0.0176336178247794,0.0144942633411606,0.0100046175545352));
#5393=CARTESIAN_POINT('',(-0.0173499278701092,0.014876651715891,0.00999065314508159));
#5394=CARTESIAN_POINT('',(-0.0172028429210055,0.0150628715825374,0.00998583681359816));
#5395=CARTESIAN_POINT('',(-0.0167460707882307,0.0156068017039302,0.00997756676355011));
#5396=CARTESIAN_POINT('',(-0.0164205954218262,0.0159495246236132,0.00998033482576121));
#5397=CARTESIAN_POINT('',(-0.015729844283147,0.0165972085683872,0.00999908424619621));
#5398=CARTESIAN_POINT('',(-0.0153642503087947,0.0169026710413743,0.0100150412646855));
#5399=CARTESIAN_POINT('',(-0.0145991279611732,0.0174780988516087,0.010055335469255));
#5400=CARTESIAN_POINT('',(-0.0142054358821735,0.0177440101912052,0.0100792432632904));
#5401=CARTESIAN_POINT('',(-0.0129959469493303,0.0184867416259811,0.0101547763057669));
#5402=CARTESIAN_POINT('',(-0.0121521146491609,0.0189093711356175,0.0102094283056143));
#5403=CARTESIAN_POINT('',(-0.0108422880459787,0.0194595703060563,0.0102831767182503));
#5404=CARTESIAN_POINT('',(-0.0103978145925438,0.0196290226153175,0.0103066123920072));
#5405=CARTESIAN_POINT('',(-0.00949719621139856,0.0199415109434906,0.0103503132205721));
#5406=CARTESIAN_POINT('',(-0.00904389204821201,0.020083639816351,0.0103704651071691));
#5407=CARTESIAN_POINT('',(-0.00767597813996556,0.0204724041658081,0.0104257317990352));
#5408=CARTESIAN_POINT('',(-0.00675338202062165,0.0206814927038577,0.010455638659723));
#5409=CARTESIAN_POINT('',(-0.00488996826745345,0.0210140892119944,0.0105029336658252));
#5410=CARTESIAN_POINT('',(-0.00394915801134211,0.0211377215411117,0.0105204034889019));
#5411=CARTESIAN_POINT('',(-0.00299992700892294,0.0212215809071708,0.0105322122538653));
#5412=CARTESIAN_POINT('',(-0.0118,-0.0097770987839638,0.0177231019898874));
#5413=CARTESIAN_POINT('',(-0.0125886283330588,-0.00930432758335805,0.0174600475908101));
#5414=CARTESIAN_POINT('',(-0.0133433033163541,-0.00879239328457561,0.0171762807484697));
#5415=CARTESIAN_POINT('',(-0.014744522068506,-0.0076783448361265,0.0165695689109493));
#5416=CARTESIAN_POINT('',(-0.0153932040408129,-0.00707542873624569,0.0162460670108783));
#5417=CARTESIAN_POINT('',(-0.0161283456738308,-0.00625133158667181,0.0158189805837372));
#5418=CARTESIAN_POINT('',(-0.0162716004207735,-0.00608298909611194,0.0157324532461506));
#5419=CARTESIAN_POINT('',(-0.0165502306436563,-0.00573878911919711,0.0155573796425053));
#5420=CARTESIAN_POINT('',(-0.016685778571707,-0.00556256757439501,0.0154685158478697));
#5421=CARTESIAN_POINT('',(-0.0170788555342818,-0.00502535200863948,0.0151996541530782));
#5422=CARTESIAN_POINT('',(-0.0173212631062103,-0.00465809669274372,0.0150191150292385));
#5423=CARTESIAN_POINT('',(-0.0179964501447222,-0.00353053443653552,0.0144777649833082));
#5424=CARTESIAN_POINT('',(-0.0183783014845537,-0.00274488279928765,0.0141174332430261));
#5425=CARTESIAN_POINT('',(-0.0188663635901954,-0.00151544198456484,0.0135973879783781));
#5426=CARTESIAN_POINT('',(-0.0190147390468202,-0.00109705033567287,0.0134274238014104));
#5427=CARTESIAN_POINT('',(-0.0192840420571713,-0.000242403612572162,0.0130971383689723));
#5428=CARTESIAN_POINT('',(-0.0194041175479555,0.000191297607215364,0.0129378033460728));
#5429=CARTESIAN_POINT('',(-0.0197207425238104,0.00150209462117339,0.0124791277306388));
#5430=CARTESIAN_POINT('',(-0.0198751860931396,0.0023923118597936,0.0121975466159863));
#5431=CARTESIAN_POINT('',(-0.0200262542184836,0.00375038110363362,0.0118079130365971));
#5432=CARTESIAN_POINT('',(-0.0200631502604303,0.00420685060983544,0.0116834428153512));
#5433=CARTESIAN_POINT('',(-0.0201096521303783,0.00512746647342824,0.0114455096536583));
#5434=CARTESIAN_POINT('',(-0.0201192578348104,0.00559257587262015,0.0113317738540005));
#5435=CARTESIAN_POINT('',(-0.0201021575558757,0.00698299007570948,0.0110115551417495));
#5436=CARTESIAN_POINT('',(-0.0200298339498599,0.00790799295195563,0.0108241598802696));
#5437=CARTESIAN_POINT('',(-0.0198034558756681,0.00928926481646439,0.0105807817851101));
#5438=CARTESIAN_POINT('',(-0.0197082775646057,0.00974865388375012,0.010506002943822));
#5439=CARTESIAN_POINT('',(-0.0195311144593748,0.0104356769296097,0.0104035911377543));
#5440=CARTESIAN_POINT('',(-0.0194661995603961,0.0106646070000099,0.0103710543043128));
#5441=CARTESIAN_POINT('',(-0.0193256287021969,0.0111167018140563,0.010309967457718));
#5442=CARTESIAN_POINT('',(-0.0192498355760017,0.011340455990763,0.0102813263197889));
#5443=CARTESIAN_POINT('',(-0.0188423528136981,0.0124473118313239,0.0101475634116246));
#5444=CARTESIAN_POINT('',(-0.0184256283696291,0.0132948488166453,0.0100702514292613));
#5445=CARTESIAN_POINT('',(-0.0177712179247685,0.0142980786916004,0.0100137899133261));
#5446=CARTESIAN_POINT('',(-0.0176342940238613,0.0144947442492257,0.0100046175545352));
#5447=CARTESIAN_POINT('',(-0.0173505842041284,0.0148771594002623,0.00999065314508159));
#5448=CARTESIAN_POINT('',(-0.0172034889260301,0.0150633923456603,0.00998583681359816));
#5449=CARTESIAN_POINT('',(-0.0167466846924693,0.0156073606930814,0.00997756676355011));
#5450=CARTESIAN_POINT('',(-0.0164211858936722,0.0159501082151029,0.00998033482576121));
#5451=CARTESIAN_POINT('',(-0.0157303887071652,0.0165978353366986,0.00999908424619621));
#5452=CARTESIAN_POINT('',(-0.0153647713090967,0.0169033172466799,0.0100150412646855));
#5453=CARTESIAN_POINT('',(-0.0145996042419117,0.0174787786892877,0.010055335469255));
#5454=CARTESIAN_POINT('',(-0.0142058905962036,0.0177447044956626,0.0100792432632904));
#5455=CARTESIAN_POINT('',(-0.0129963399017725,0.0184874738574269,0.0101547763057669));
#5456=CARTESIAN_POINT('',(-0.0121524701817669,0.018910121613007,0.0102094283056143));
#5457=CARTESIAN_POINT('',(-0.0108425922066836,0.019460342362468,0.0102831767182503));
#5458=CARTESIAN_POINT('',(-0.0103981023051142,0.0196298009082879,0.0103066123920072));
#5459=CARTESIAN_POINT('',(-0.00949745238564081,0.0199423001793416,0.0103503132205721));
#5460=CARTESIAN_POINT('',(-0.00904413328297192,0.0200844337124718,0.0103704651071691));
#5461=CARTESIAN_POINT('',(-0.00767617605116537,0.0204732103745867,0.0104257317990352));
#5462=CARTESIAN_POINT('',(-0.00675355314243614,0.0206823048740238,0.010455638659723));
#5463=CARTESIAN_POINT('',(-0.004890088685778,0.0210149104321117,0.0105029336658252));
#5464=CARTESIAN_POINT('',(-0.00394925462259412,0.0211385458393998,0.0105204034883371));
#5465=CARTESIAN_POINT('',(-0.0030000000153967,0.021222407290812,0.0105322122538653));
#5466=CARTESIAN_POINT('',(-0.0118775559243213,-0.0099064696069708,0.0177231019898874));
#5467=CARTESIAN_POINT('',(-0.0126709055677813,-0.00943086804953761,0.0174600486240966));
#5468=CARTESIAN_POINT('',(-0.0134311710949486,-0.00891523382207665,0.0171762807484697));
#5469=CARTESIAN_POINT('',(-0.0148443956435407,-0.00779164008394587,0.0165695689109493));
#5470=CARTESIAN_POINT('',(-0.0154994955813885,-0.00718286475967275,0.0162460670108783));
#5471=CARTESIAN_POINT('',(-0.0162424722393986,-0.00634998451107029,0.0158189805837372));
#5472=CARTESIAN_POINT('',(-0.0163872856564494,-0.00617981239501233,0.0157324532461506));
#5473=CARTESIAN_POINT('',(-0.0166690222362713,-0.00583177504548362,0.0155573796425053));
#5474=CARTESIAN_POINT('',(-0.0168060885716334,-0.00565357869095534,0.0154685158478697));
#5475=CARTESIAN_POINT('',(-0.0172034275390813,-0.00511053827262094,0.0151996541530782));
#5476=CARTESIAN_POINT('',(-0.0174483960535565,-0.00473938990617337,0.0150191150292385));
#5477=CARTESIAN_POINT('',(-0.0181304136035949,-0.00360042069670862,0.0144777649833082));
#5478=CARTESIAN_POINT('',(-0.018515718356899,-0.00280753250716356,0.0141174332430261));
#5479=CARTESIAN_POINT('',(-0.0190079461478851,-0.00156759822547334,0.0135973879783781));
#5480=CARTESIAN_POINT('',(-0.0191575366385836,-0.00114576542864385,0.0134274238014104));
#5481=CARTESIAN_POINT('',(-0.0194289716638055,-0.000284352648525945,0.0130971383689723));
#5482=CARTESIAN_POINT('',(-0.0195499568509498,0.000152649401893532,0.0129378033460728));
#5483=CARTESIAN_POINT('',(-0.0198689238594332,0.0014731422061718,0.0124791277306388));
#5484=CARTESIAN_POINT('',(-0.0200244206716262,0.00236954495416107,0.0121975466159863));
#5485=CARTESIAN_POINT('',(-0.0201765051287171,0.00373675079702743,0.0118079130365971));
#5486=CARTESIAN_POINT('',(-0.0202136410059822,0.00419619313965887,0.0116834428153512));
#5487=CARTESIAN_POINT('',(-0.0202604508103938,0.00512290530330267,0.0114455096536583));
#5488=CARTESIAN_POINT('',(-0.0202701242248557,0.00559109501157786,0.0113317738540005));
#5489=CARTESIAN_POINT('',(-0.0202529008673775,0.00699151666282517,0.0110115551417495));
#5490=CARTESIAN_POINT('',(-0.02018005772986,0.00792401167471583,0.0108241598802696));
#5491=CARTESIAN_POINT('',(-0.0199516203787872,0.00931784845403369,0.0105807817851101));
#5492=CARTESIAN_POINT('',(-0.0198555361893815,0.00978166481969563,0.010506002943822));
#5493=CARTESIAN_POINT('',(-0.0196765731541922,0.0104756678366993,0.0104035911377543));
#5494=CARTESIAN_POINT('',(-0.019610983828787,0.010706981736066,0.0103710543043128));
#5495=CARTESIAN_POINT('',(-0.0194689140693956,0.0111638972182402,0.010309967457718));
#5496=CARTESIAN_POINT('',(-0.0193922946735903,0.0113900954021495,0.0102813263197889));
#5497=CARTESIAN_POINT('',(-0.0189802631468543,0.0125093071677827,0.0101475634116246));
#5498=CARTESIAN_POINT('',(-0.0185585601056995,0.0133671445635603,0.0100702514292613));
#5499=CARTESIAN_POINT('',(-0.0178959037166836,0.0143830157060697,0.0100137899133261));
#5500=CARTESIAN_POINT('',(-0.0177572393116988,0.0145821820794042,0.0100046175545352));
#5501=CARTESIAN_POINT('',(-0.0174699176623607,0.0149694656497477,0.00999065314508159));
#5502=CARTESIAN_POINT('',(-0.0173209443852715,0.0151580765499886,0.00998583681359816));
#5503=CARTESIAN_POINT('',(-0.0168583036451315,0.0157089950843942,0.00997756676355011));
#5504=CARTESIAN_POINT('',(-0.0165285444113222,0.0160562157588647,0.00998033482576121));
#5505=CARTESIAN_POINT('',(-0.0158293748924732,0.0167117932116935,0.00999908424619621));
#5506=CARTESIAN_POINT('',(-0.0154594986368843,0.017020809120641,0.0100150412646855));
#5507=CARTESIAN_POINT('',(-0.0146862007399806,0.0176023855402259,0.010055335469255));
#5508=CARTESIAN_POINT('',(-0.0142885658745527,0.0178709416699644,0.0100792432632904));
#5509=CARTESIAN_POINT('',(-0.013067785800485,0.0186206068478232,0.0101547763057669));
#5510=CARTESIAN_POINT('',(-0.0122171124738847,0.0190465720477001,0.0102094283056143));
#5511=CARTESIAN_POINT('',(-0.0108978941531346,0.0196007162557509,0.0102831767182503));
#5512=CARTESIAN_POINT('',(-0.0104504136816432,0.0197713087213283,0.0103066123920072));
#5513=CARTESIAN_POINT('',(-0.00954402952067807,0.0200857976070453,0.0103503132205721));
#5514=CARTESIAN_POINT('',(-0.00908799414848691,0.0202287784619798,0.0103704651071691));
#5515=CARTESIAN_POINT('',(-0.00771215990573915,0.0206197937891274,0.0104257317990352));
#5516=CARTESIAN_POINT('',(-0.00678466619967115,0.0208299721772057,0.010455638659723));
#5517=CARTESIAN_POINT('',(-0.00491198292664426,0.0211642231809861,0.0105029336658252));
#5518=CARTESIAN_POINT('',(-0.0039668203048091,0.021288418255698,0.0105204033856352));
#5519=CARTESIAN_POINT('',(-0.00301327391974071,0.0213726588622058,0.0105322122538653));
#5520=CARTESIAN_POINT('',(-0.0034,0.0212224072478774,0.0105269457703648));
#5521=CARTESIAN_POINT('',(-0.00326666812999795,0.0212224072478774,0.010528811153493));
#5522=CARTESIAN_POINT('',(-0.00313333477221324,0.0212224072482098,0.0105305664094873));
#5523=CARTESIAN_POINT('',(-0.00300000001163303,0.0212224072482098,0.0105322122538653));
#5524=CARTESIAN_POINT('',(-0.0034,0.0212224072478774,0.0105269457703648));
#5525=CARTESIAN_POINT('',(-0.0034,0.0212224072478773,0.0105269457703648));
#5526=CARTESIAN_POINT('',(-0.00352877713485763,0.0212224072478773,0.0105251441103816));
#5527=CARTESIAN_POINT('',(-0.0036562765029271,0.0212472631341226,0.0105232892491366));
#5528=CARTESIAN_POINT('',(-0.00377562405837293,0.0212956351255239,0.0105215256256528));
#5529=CARTESIAN_POINT('',(0.00473736134567593,-0.0130076797130683,0.0194883084791075));
#5530=CARTESIAN_POINT('',(0.00460640991121538,-0.0130494393331902,0.0195096728724515));
#5531=CARTESIAN_POINT('',(0.0044744328018047,-0.0130901660562953,0.0195171036929823));
#5532=CARTESIAN_POINT('',(0.00420826927951764,-0.0131693162957315,0.0195016861127372));
#5533=CARTESIAN_POINT('',(0.00407761116872587,-0.0132066828239968,0.0194789828246814));
#5534=CARTESIAN_POINT('',(0.0038226914990763,-0.0132767998651173,0.0194032393759738));
#5535=CARTESIAN_POINT('',(0.00369713657365035,-0.0133098556977163,0.0193491931609308));
#5536=CARTESIAN_POINT('',(0.00346539848006205,-0.0133685133223387,0.0192154277419908));
#5537=CARTESIAN_POINT('',(0.003357605871092,-0.0133945809337505,0.0191355325496133));
#5538=CARTESIAN_POINT('',(0.0032081407721973,-0.013429442332735,0.0189962472247355));
#5539=CARTESIAN_POINT('',(0.00316036502371634,-0.0134403499379689,0.0189464501481963));
#5540=CARTESIAN_POINT('',(0.00307149027689427,-0.0134602862858562,0.0188431870848455));
#5541=CARTESIAN_POINT('',(0.00303002135544625,-0.0134694022550865,0.0187894019242407));
#5542=CARTESIAN_POINT('',(0.00291411850458267,-0.013494483068526,0.0186219026782303));
#5543=CARTESIAN_POINT('',(0.00284791979412555,-0.0135082432731296,0.0185016429109661));
#5544=CARTESIAN_POINT('',(0.00268428401163669,-0.0135415600747685,0.0181197141957352));
#5545=CARTESIAN_POINT('',(0.00262635863077318,-0.0135524447006812,0.0178505042603141));
#5546=CARTESIAN_POINT('',(0.00261460895100139,-0.0135546989524835,0.0175740135162919));
#5547=CARTESIAN_POINT('',(0.00478396329691882,-0.0131538159170401,0.0194883084791075));
#5548=CARTESIAN_POINT('',(0.0046520928636357,-0.013195868600326,0.0195096728880429));
#5549=CARTESIAN_POINT('',(0.00451915597834316,-0.0132368918630095,0.0195171036929824));
#5550=CARTESIAN_POINT('',(0.00425098835058735,-0.0133166380722703,0.0195016861127372));
#5551=CARTESIAN_POINT('',(0.00411931248044056,-0.013354296022739,0.0194789828246814));
#5552=CARTESIAN_POINT('',(0.00386234847811563,-0.0134249753686768,0.0194032393759738));
#5553=CARTESIAN_POINT('',(0.0037357556171829,-0.0134583047627344,0.0193491931609308));
#5554=CARTESIAN_POINT('',(0.00350205606225722,-0.0135174588731138,0.0192154277419908));
#5555=CARTESIAN_POINT('',(0.00339332747825296,-0.0135437530372652,0.0191355325496133));
#5556=CARTESIAN_POINT('',(0.0032425414212264,-0.0135789225379324,0.0189962472247355));
#5557=CARTESIAN_POINT('',(0.00319433888714717,-0.0135899276002485,0.0189464501481963));
#5558=CARTESIAN_POINT('',(0.00310466312357083,-0.0136100436318958,0.0188431870848455));
#5559=CARTESIAN_POINT('',(0.00306281680070321,-0.0136192425768717,0.0187894019242407));
#5560=CARTESIAN_POINT('',(0.00294585151596402,-0.0136445532958366,0.0186219026782303));
#5561=CARTESIAN_POINT('',(0.00287903519109345,-0.0136584419358999,0.0185016429109661));
#5562=CARTESIAN_POINT('',(0.00271385991167975,-0.0136920721843466,0.0181197141957352));
#5563=CARTESIAN_POINT('',(0.0026553728645667,-0.0137030624933399,0.0178505045484898));
#5564=CARTESIAN_POINT('',(0.0026435101076464,-0.0137053384397221,0.0175740135162919));
#5565=CARTESIAN_POINT('',(0.00261460895100139,-0.0135546989524835,0.0175740135162919));
#5566=CARTESIAN_POINT('',(0.00262122877213245,-0.0135892029854204,0.0175740135162919));
#5567=CARTESIAN_POINT('',(0.00262784859326351,-0.0136237070183573,0.0175740135162919));
#5568=CARTESIAN_POINT('',(0.00263446841439457,-0.0136582110512943,0.0175740135162919));
#5569=CARTESIAN_POINT('',(0.00263446841440415,-0.0136582110512924,0.0175740135162919));
#5570=CARTESIAN_POINT('',(0.00263446841439457,-0.0136582110512943,0.0175740135162919));
#5571=CARTESIAN_POINT('',(0.00264383074559409,-0.013656764024375,0.0177913679539773));
#5572=CARTESIAN_POINT('',(0.00269800756810255,-0.0136499091717478,0.0181324318691115));
#5573=CARTESIAN_POINT('',(0.00292701783452852,-0.0136127530304262,0.0186140902082018));
#5574=CARTESIAN_POINT('',(0.00310267137135227,-0.0135827820427339,0.0188655319493325));
#5575=CARTESIAN_POINT('',(0.00335792437730186,-0.0135328967839496,0.0191117799416111));
#5576=CARTESIAN_POINT('',(0.00361477865789484,-0.0134772940414523,0.0192951467842983));
#5577=CARTESIAN_POINT('',(0.00411329145309148,-0.0133563136783409,0.0195199361950815));
#5578=CARTESIAN_POINT('',(0.00453183853353976,-0.0132325596826297,0.0195290830308685));
#5579=CARTESIAN_POINT('',(0.004783080032304,-0.013151046141645,0.0194883084791075));
#5580=CARTESIAN_POINT('',(0.00478308003284163,-0.013151046143355,0.0194883084791075));
#5581=CARTESIAN_POINT('',(0.0047830800328486,-0.0131510461433528,0.0194883084791075));
#5582=CARTESIAN_POINT('',(0.00476784047045771,-0.013103257333258,0.0194883084791075));
#5583=CARTESIAN_POINT('',(0.00475260090806682,-0.0130554685231631,0.0194883084791075));
#5584=CARTESIAN_POINT('',(0.00473736134567593,-0.0130076797130683,0.0194883084791075));
#5585=CARTESIAN_POINT('',(0.00261460895100142,-0.0135546989524835,0.0175740135162919));
#5586=CARTESIAN_POINT('',(0.00257428411489399,-0.0135624355322313,0.0166250988092781));
#5587=CARTESIAN_POINT('',(0.00251919915510871,-0.0135728771895787,0.0156761718297617));
#5588=CARTESIAN_POINT('',(0.00237448139143313,-0.0135990225504731,0.0137829441934077));
#5589=CARTESIAN_POINT('',(0.00228554847581676,-0.0136146731660247,0.012838461895334));
#5590=CARTESIAN_POINT('',(0.00211145573636069,-0.0136428439570897,0.0114269396958424));
#5591=CARTESIAN_POINT('',(0.00204659053960136,-0.0136530210093066,0.0109573057908206));
#5592=CARTESIAN_POINT('',(0.00189443790014818,-0.0136755445099939,0.0100208956790312));
#5593=CARTESIAN_POINT('',(0.00180839099805593,-0.0136878034396001,0.00955396200590464));
#5594=CARTESIAN_POINT('',(0.00164101012339598,-0.013709350013636,0.00885843335182318));
#5595=CARTESIAN_POINT('',(0.00157905283556291,-0.0137170326338058,0.00862855004975006));
#5596=CARTESIAN_POINT('',(0.00146678399658868,-0.0137299319835505,0.0082909593652317));
#5597=CARTESIAN_POINT('',(0.00142605399563302,-0.0137344678535615,0.00817963148167863));
#5598=CARTESIAN_POINT('',(0.00133378996415344,-0.0137442339466836,0.00796090065518621));
#5599=CARTESIAN_POINT('',(0.0012823224542383,-0.0137494689418044,0.00785347390808775));
#5600=CARTESIAN_POINT('',(0.00116077357886348,-0.0137609173846802,0.0076453738360701));
#5601=CARTESIAN_POINT('',(0.00109171352080119,-0.0137670332321579,0.0075470616056608));
#5602=CARTESIAN_POINT('',(0.000932572076688099,-0.0137795346674608,0.00736897882943176));
#5603=CARTESIAN_POINT('',(0.000840847239871313,-0.0137860126259303,0.00728806103036032));
#5604=CARTESIAN_POINT('',(0.000641168236606356,-0.0137975925019588,0.00715524381265814));
#5605=CARTESIAN_POINT('',(0.000531264818039556,-0.0138027877260061,0.00710184746051862));
#5606=CARTESIAN_POINT('',(0.000359884118040956,-0.0138084513977382,0.00704610356750184));
#5607=CARTESIAN_POINT('',(0.000301747036545888,-0.0138099922002652,0.00703149239346295));
#5608=CARTESIAN_POINT('',(0.000183455810792456,-0.0138122852078113,0.00701018746309292));
#5609=CARTESIAN_POINT('',(0.000122857005945522,-0.0138130372271355,0.00700349814588607));
#5610=CARTESIAN_POINT('',(-5.77752276053E-5,-0.0138139500888668,0.00699596313391398));
#5611=CARTESIAN_POINT('',(-0.000177046450091611,-0.0138127892057496,0.00700703475679817));
#5612=CARTESIAN_POINT('',(-0.000413224729878406,-0.0138072340231947,0.00706229721219542));
#5613=CARTESIAN_POINT('',(-0.000524798524334163,-0.0138029735414776,0.00710533175722837));
#5614=CARTESIAN_POINT('',(-0.000734545658693897,-0.0137925969986272,0.00722050206156105));
#5615=CARTESIAN_POINT('',(-0.000832770780870449,-0.013786441689507,0.00729351064099044));
#5616=CARTESIAN_POINT('',(-0.00100519331507305,-0.0137741087329858,0.0074591452933034));
#5617=CARTESIAN_POINT('',(-0.00108169127464041,-0.0137678021802329,0.00755377631290467));
#5618=CARTESIAN_POINT('',(-0.0012139920138139,-0.0137560654465284,0.00775400667041795));
#5619=CARTESIAN_POINT('',(-0.00127031130047863,-0.0137506053724722,0.00785943060987554));
#5620=CARTESIAN_POINT('',(-0.00137089393624921,-0.0137403963805702,0.00807679947179887));
#5621=CARTESIAN_POINT('',(-0.00141522492288863,-0.0137356275201061,0.00818900633301083));
#5622=CARTESIAN_POINT('',(-0.00153597471909063,-0.0137221807469147,0.00852844648928632));
#5623=CARTESIAN_POINT('',(-0.00160119474864433,-0.0137142715616559,0.0087593531057622));
#5624=CARTESIAN_POINT('',(-0.00171827865876496,-0.0136995092251592,0.00922520345659054));
#5625=CARTESIAN_POINT('',(-0.00176959571394343,-0.0136926871834253,0.00946011161054764));
#5626=CARTESIAN_POINT('',(-0.00186361997396791,-0.0136797846149337,0.0099312097457639));
#5627=CARTESIAN_POINT('',(-0.00190625893302872,-0.0136737053211799,0.0101676305208109));
#5628=CARTESIAN_POINT('',(-0.00202522493251628,-0.0136562989936323,0.010878678934917));
#5629=CARTESIAN_POINT('',(-0.00209267056011301,-0.0136458059352391,0.0113544272907973));
#5630=CARTESIAN_POINT('',(-0.00227366392441592,-0.0136167237194298,0.0127846822085369));
#5631=CARTESIAN_POINT('',(-0.00236594255016894,-0.0136005345506657,0.0137412672327235));
#5632=CARTESIAN_POINT('',(-0.00251603372900733,-0.0135734774334904,0.0156564330548585));
#5633=CARTESIAN_POINT('',(-0.00257313335076391,-0.0135626568709565,0.0166154497086929));
#5634=CARTESIAN_POINT('',(-0.00261481130863439,-0.0135546601275112,0.0175756914801965));
#5635=CARTESIAN_POINT('',(0.00264331967319466,-0.0137043458513342,0.0175740135162919));
#5636=CARTESIAN_POINT('',(0.00260260935421798,-0.0137121563884553,0.0166250986954259));
#5637=CARTESIAN_POINT('',(0.00254699551076985,-0.0137226983401254,0.0156761718297617));
#5638=CARTESIAN_POINT('',(0.00240086584318865,-0.0137490987819182,0.0137829441934077));
#5639=CARTESIAN_POINT('',(0.00231105785474586,-0.0137649035705361,0.012838461895334));
#5640=CARTESIAN_POINT('',(0.00213521123679372,-0.0137933581651924,0.0114269396958424));
#5641=CARTESIAN_POINT('',(0.00206968727527971,-0.0138036386301661,0.0109573057908206));
#5642=CARTESIAN_POINT('',(0.00191596803114383,-0.0138263940389016,0.0100208956790312));
#5643=CARTESIAN_POINT('',(0.00182902743063448,-0.0138387804497931,0.00955396200590464));
#5644=CARTESIAN_POINT('',(0.00165987369555321,-0.0138605552402749,0.00885843335182318));
#5645=CARTESIAN_POINT('',(0.00159725576999629,-0.013868319835907,0.00862855004975006));
#5646=CARTESIAN_POINT('',(0.00148377222738751,-0.0138813587514223,0.0082909593652317));
#5647=CARTESIAN_POINT('',(0.00144259915010296,-0.0138859439787352,0.00817963148167863));
#5648=CARTESIAN_POINT('',(0.00134932346078152,-0.0138958171552411,0.00796090065518621));
#5649=CARTESIAN_POINT('',(0.00129728824537391,-0.0139011099238395,0.00785347390808775));
#5650=CARTESIAN_POINT('',(0.00117438531520576,-0.0139126859023993,0.0076453738360701));
#5651=CARTESIAN_POINT('',(0.00110455019240793,-0.0139188704509879,0.0075470616056608));
#5652=CARTESIAN_POINT('',(0.000943601851883147,-0.0139315138279373,0.00736897882943176));
#5653=CARTESIAN_POINT('',(0.00085082465159647,-0.0139380662052371,0.00728806103036032));
#5654=CARTESIAN_POINT('',(0.000648834519258958,-0.0139497801093224,0.00715524381265814));
#5655=CARTESIAN_POINT('',(0.000537649731213307,-0.0139550360849121,0.00710184746051862));
#5656=CARTESIAN_POINT('',(0.000364240975229648,-0.0139607667784462,0.00704610356750184));
#5657=CARTESIAN_POINT('',(0.000305411163140996,-0.0139623259776422,0.00703149239346295));
#5658=CARTESIAN_POINT('',(0.000185698024246963,-0.0139646465481587,0.00701018746309292));
#5659=CARTESIAN_POINT('',(0.000124364550727652,-0.0139654077332037,0.00700349814588607));
#5660=CARTESIAN_POINT('',(-5.84801546335236E-5,-0.0139663317761113,0.00699596313391398));
#5661=CARTESIAN_POINT('',(-0.000179217095915653,-0.0139651564733907,0.00700703475679817));
#5662=CARTESIAN_POINT('',(-0.000418220225111205,-0.0139595348471553,0.00706229721219542));
#5663=CARTESIAN_POINT('',(-0.000531105784679925,-0.0139552240420069,0.00710533175722837));
#5664=CARTESIAN_POINT('',(-0.000743296593522808,-0.0139447266064755,0.00722050206156105));
#5665=CARTESIAN_POINT('',(-0.000842655616745653,-0.0139385001257943,0.00729351064099044));
#5666=CARTESIAN_POINT('',(-0.00101705111130477,-0.0139260260483087,0.0074591452933034));
#5667=CARTESIAN_POINT('',(-0.00109441401946861,-0.0139196481108462,0.00755377631290467));
#5668=CARTESIAN_POINT('',(-0.00122819886350314,-0.0139077797184401,0.00775400667041795));
#5669=CARTESIAN_POINT('',(-0.00128514340655072,-0.0139022589893397,0.00785943060987554));
#5670=CARTESIAN_POINT('',(-0.00138683564418755,-0.0138919373744549,0.00807679947179887));
#5671=CARTESIAN_POINT('',(-0.00143165157062065,-0.0138871163289502,0.00818900633301083));
#5672=CARTESIAN_POINT('',(-0.00155371480233624,-0.0138735232907546,0.00852844648928632));
#5673=CARTESIAN_POINT('',(-0.00161963359196172,-0.0138655292967974,0.0087593531057622));
#5674=CARTESIAN_POINT('',(-0.0017379622049025,-0.0138506100239475,0.00922520345659054));
#5675=CARTESIAN_POINT('',(-0.00178981961054723,-0.0138437161225808,0.00946011161054764));
#5676=CARTESIAN_POINT('',(-0.00188482772993115,-0.013830678543053,0.0099312097457639));
#5677=CARTESIAN_POINT('',(-0.00192790937182304,-0.0138245361190272,0.0101676305208109));
#5678=CARTESIAN_POINT('',(-0.00204810349351931,-0.0138069501006644,0.010878678934917));
#5679=CARTESIAN_POINT('',(-0.00211623553623858,-0.0137963501884097,0.0113544272907973));
#5680=CARTESIAN_POINT('',(-0.00229905566394938,-0.013766974446217,0.0127846822085369));
#5681=CARTESIAN_POINT('',(-0.00239224316369077,-0.0137506256293185,0.0137412672327235));
#5682=CARTESIAN_POINT('',(-0.00254379969318002,-0.0137233043516205,0.0156564330548585));
#5683=CARTESIAN_POINT('',(-0.00260144759841872,-0.0137123798413296,0.0166154495742123));
#5684=CARTESIAN_POINT('',(-0.0026435239651751,-0.0137043066552319,0.0175756914801965));
#5685=CARTESIAN_POINT('',(-0.00261481130863439,-0.0135546601275112,0.0175756914801965));
#5686=CARTESIAN_POINT('',(-0.00262143188183401,-0.0135891656700213,0.0175756914801965));
#5687=CARTESIAN_POINT('',(-0.00262805245503362,-0.0136236712125313,0.0175756914801965));
#5688=CARTESIAN_POINT('',(-0.00263467302823323,-0.0136581767550414,0.0175756914801965));
#5689=CARTESIAN_POINT('',(-0.00263467302824278,-0.0136581767550396,0.0175756914801965));
#5690=CARTESIAN_POINT('',(-0.00263467302823322,-0.0136581767550414,0.0175756914801965));
#5691=CARTESIAN_POINT('',(-0.00258546929984929,-0.0136673598188177,0.01645059737348));
#5692=CARTESIAN_POINT('',(-0.00249821757020304,-0.013683445623989,0.0150650588223027));
#5693=CARTESIAN_POINT('',(-0.00235014885802719,-0.0137088636520948,0.0134319560044876));
#5694=CARTESIAN_POINT('',(-0.00226607386979641,-0.0137228276461929,0.0126234409910881));
#5695=CARTESIAN_POINT('',(-0.00218562981158161,-0.0137356921970474,0.0119498854158305));
#5696=CARTESIAN_POINT('',(-0.00212531765396676,-0.0137450622288702,0.0114918869612183));
#5697=CARTESIAN_POINT('',(-0.00208647562110776,-0.0137509757193546,0.0112148986326498));
#5698=CARTESIAN_POINT('',(-0.00206330961071818,-0.0137544715136484,0.0110534196271389));
#5699=CARTESIAN_POINT('',(-0.00201235059893612,-0.0137620431212943,0.010717476898597));
#5700=CARTESIAN_POINT('',(-0.00195340277850151,-0.0137706578098794,0.0103554658468076));
#5701=CARTESIAN_POINT('',(-0.00187584232975797,-0.0137817647525507,0.0099174697346585));
#5702=CARTESIAN_POINT('',(-0.00178397321177864,-0.0137944959589456,0.00946159396002848));
#5703=CARTESIAN_POINT('',(-0.0016613668973182,-0.0138109334537259,0.00892857663213578));
#5704=CARTESIAN_POINT('',(-0.00154610585218562,-0.013825609683821,0.00852297856567787));
#5705=CARTESIAN_POINT('',(-0.0014370370677837,-0.0138390576584861,0.00821785586948928));
#5706=CARTESIAN_POINT('',(-0.0013880886042193,-0.0138449016688429,0.00809213941725426));
#5707=CARTESIAN_POINT('',(-0.00127785300584636,-0.0138592265990512,0.00784983215252258));
#5708=CARTESIAN_POINT('',(-0.00111779522252944,-0.0138808113971337,0.00757376328945512));
#5709=CARTESIAN_POINT('',(-0.000808678817913152,-0.0139217880652917,0.00723018309499299));
#5710=CARTESIAN_POINT('',(-0.000360569875523696,-0.0139592804307371,0.0070264689840613));
#5711=CARTESIAN_POINT('',(2.30378624483327E-5,-0.0139678992641531,0.00698570837148239));
#5712=CARTESIAN_POINT('',(0.000389418285677898,-0.0139578600493496,0.00702997661888505));
#5713=CARTESIAN_POINT('',(0.000849534625135081,-0.0139178764472089,0.00725082338610999));
#5714=CARTESIAN_POINT('',(0.00114109104700561,-0.0138781944290989,0.007584079913411));
#5715=CARTESIAN_POINT('',(0.00128852027388461,-0.013858457842528,0.00784717673944601));
#5716=CARTESIAN_POINT('',(0.00135820613547099,-0.0138491564416519,0.00799268127597964));
#5717=CARTESIAN_POINT('',(0.00141406700580757,-0.0138420327865755,0.00812444736266816));
#5718=CARTESIAN_POINT('',(0.00143375627133662,-0.0138396303250249,0.00817471912570345));
#5719=CARTESIAN_POINT('',(0.00147943654121297,-0.0138339938193284,0.0082947172348277));
#5720=CARTESIAN_POINT('',(0.0015642312011032,-0.0138235404626532,0.00854074092635989));
#5721=CARTESIAN_POINT('',(0.00170983295156357,-0.0138049007423632,0.00905609692438625));
#5722=CARTESIAN_POINT('',(0.00186239317773757,-0.0137839958271207,0.0097678309625591));
#5723=CARTESIAN_POINT('',(0.00196900988005938,-0.0137685078038502,0.0103835605805465));
#5724=CARTESIAN_POINT('',(0.00202744169849794,-0.0137598659577916,0.010748440987384));
#5725=CARTESIAN_POINT('',(0.00207774782161023,-0.0137522902528172,0.0110862148088331));
#5726=CARTESIAN_POINT('',(0.00210114792315179,-0.0137487115083627,0.0112524078078067));
#5727=CARTESIAN_POINT('',(0.00213986989348105,-0.0137427390136645,0.0115341657351109));
#5728=CARTESIAN_POINT('',(0.00218263095895705,-0.0137360126066991,0.0118660975686128));
#5729=CARTESIAN_POINT('',(0.00223183273259072,-0.0137281360353199,0.0122736466154703));
#5730=CARTESIAN_POINT('',(0.00229270600901436,-0.0137182111688492,0.0128144911504709));
#5731=CARTESIAN_POINT('',(0.00236141437907143,-0.0137067094513458,0.0134925275258788));
#5732=CARTESIAN_POINT('',(0.00245711368055876,-0.0136902001518575,0.0145784980513193));
#5733=CARTESIAN_POINT('',(0.00255460005978176,-0.0136728407848504,0.015939018360019));
#5734=CARTESIAN_POINT('',(0.00261111888378177,-0.013662488191279,0.0170290435421479));
#5735=CARTESIAN_POINT('',(0.0026344684144552,-0.0136582110515068,0.0175740135162919));
#5736=CARTESIAN_POINT('',(-0.00261481130863438,-0.0135546601275112,0.0175756914801965));
#5737=CARTESIAN_POINT('',(-0.00262688819424245,-0.0135523429373019,0.0178539375993986));
#5738=CARTESIAN_POINT('',(-0.00268623469651613,-0.0135411726820776,0.0181246086353666));
#5739=CARTESIAN_POINT('',(-0.00284903005107652,-0.0135080122398348,0.0185030380750278));
#5740=CARTESIAN_POINT('',(-0.00291588528507345,-0.0134941113533716,0.0186243487020907));
#5741=CARTESIAN_POINT('',(-0.00307121719109429,-0.0134604767692138,0.018848000047991));
#5742=CARTESIAN_POINT('',(-0.00316138669648017,-0.0134403646832111,0.0189526375063125));
#5743=CARTESIAN_POINT('',(-0.00336022480346434,-0.0133939522068712,0.0191372272360649));
#5744=CARTESIAN_POINT('',(-0.003468435400711,-0.0133677760100436,0.019217329772557));
#5745=CARTESIAN_POINT('',(-0.00370310926910533,-0.0133083112639721,0.0193519286322573));
#5746=CARTESIAN_POINT('',(-0.00382640998067873,-0.0132758013237511,0.0194044197759304));
#5747=CARTESIAN_POINT('',(-0.00408052409546163,-0.0132058567192809,0.0194794294887865));
#5748=CARTESIAN_POINT('',(-0.00421335856770432,-0.0131678275047022,0.0195021302929962));
#5749=CARTESIAN_POINT('',(-0.004476159560493,-0.0130896272815832,0.0195168964058401));
#5750=CARTESIAN_POINT('',(-0.00460713241963595,-0.0130492111686926,0.0195095562958995));
#5751=CARTESIAN_POINT('',(-0.00473768596296894,-0.0130075761917905,0.0194882555170053));
#5752=CARTESIAN_POINT('',(-0.00264371118521985,-0.0137052824209281,0.0175756914801965));
#5753=CARTESIAN_POINT('',(-0.0026559042765828,-0.0137029429343383,0.0178539377943872));
#5754=CARTESIAN_POINT('',(-0.00271582582567476,-0.0136916643044564,0.0181246086353666));
#5755=CARTESIAN_POINT('',(-0.00288015232548313,-0.0136581919770638,0.0185030380750278));
#5756=CARTESIAN_POINT('',(-0.00294763115037161,-0.0136441613729069,0.0186243487020907));
#5757=CARTESIAN_POINT('',(-0.00310438634819362,-0.0136102185981842,0.0188480000479909));
#5758=CARTESIAN_POINT('',(-0.00319537065768498,-0.0135899246439213,0.0189526375063125));
#5759=CARTESIAN_POINT('',(-0.00339596524093399,-0.0135431021736706,0.0191372272360649));
#5760=CARTESIAN_POINT('',(-0.00350511520369801,-0.0135166985346329,0.019217329772557));
#5761=CARTESIAN_POINT('',(-0.00374177391262599,-0.0134567308436058,0.0193519286322573));
#5762=CARTESIAN_POINT('',(-0.00386609285990599,-0.0134239521345559,0.0194044197759304));
#5763=CARTESIAN_POINT('',(-0.00412224358383991,-0.0133534469558663,0.0194794294887865));
#5764=CARTESIAN_POINT('',(-0.00425611174807904,-0.0133151214550796,0.0195021302929962));
#5765=CARTESIAN_POINT('',(-0.00452089016560086,-0.0132363328207308,0.0195168964058401));
#5766=CARTESIAN_POINT('',(-0.00465281540783001,-0.0131956224633282,0.0195095563096824));
#5767=CARTESIAN_POINT('',(-0.00478428498821141,-0.0131536953520238,0.0194882555170053));
#5768=CARTESIAN_POINT('',(-0.00473768596296894,-0.0130075761917905,0.0194882555170053));
#5769=CARTESIAN_POINT('',(-0.00475292626570759,-0.0130553647501624,0.0194882555170053));
#5770=CARTESIAN_POINT('',(-0.00476816656844624,-0.0131031533085342,0.0194882555170053));
#5771=CARTESIAN_POINT('',(-0.00478340687118488,-0.0131509418669061,0.0194882555170053));
#5772=CARTESIAN_POINT('',(-0.00478340687119185,-0.0131509418669039,0.0194882555170053));
#5773=CARTESIAN_POINT('',(-0.00478340687118488,-0.0131509418669061,0.0194882555170053));
#5774=CARTESIAN_POINT('',(-0.00453371136354282,-0.013231954812232,0.0195287815058857));
#5775=CARTESIAN_POINT('',(-0.00411354270210237,-0.0133556986959504,0.0195150534073494));
#5776=CARTESIAN_POINT('',(-0.00355429041450086,-0.0134925449911744,0.0192743717011853));
#5777=CARTESIAN_POINT('',(-0.0031464878191522,-0.0135753382784459,0.0189267934583388));
#5778=CARTESIAN_POINT('',(-0.00292425267249052,-0.0136132962395162,0.0186095630161896));
#5779=CARTESIAN_POINT('',(-0.00270005519132842,-0.0136495979210887,0.01813469671444));
#5780=CARTESIAN_POINT('',(-0.00264420913399189,-0.013656726941003,0.0177923468734703));
#5781=CARTESIAN_POINT('',(-0.00263467302829647,-0.0136581767552678,0.0175756914801965));
#5782=CARTESIAN_POINT('',(-0.00473768596296894,-0.0130075761917905,0.0194882555170053));
#5783=CARTESIAN_POINT('',(-0.00538853327605179,-0.0128000137452701,0.0193820649505847));
#5784=CARTESIAN_POINT('',(-0.00602425492903962,-0.0125638148878793,0.0192589205491627));
#5785=CARTESIAN_POINT('',(-0.00727534131966347,-0.0120543416900912,0.0189871437872401));
#5786=CARTESIAN_POINT('',(-0.00789053504518572,-0.0117807864472607,0.0188382711277748));
#5787=CARTESIAN_POINT('',(-0.0085,-0.0114972951853576,0.0186811933463966));
#5788=CARTESIAN_POINT('',(-0.00478372038474061,-0.0131519249418736,0.0194882555170053));
#5789=CARTESIAN_POINT('',(-0.00543909249652857,-0.0129429194867237,0.0193820628250248));
#5790=CARTESIAN_POINT('',(-0.00607845552905871,-0.0127053356169776,0.0192589205491627));
#5791=CARTESIAN_POINT('',(-0.00733542634798354,-0.0121934661350271,0.0189871437872401));
#5792=CARTESIAN_POINT('',(-0.00795289079418941,-0.0119188820415463,0.0188382475142437));
#5793=CARTESIAN_POINT('',(-0.00856390060770756,-0.0116346721920691,0.0186811933463966));
#5794=CARTESIAN_POINT('',(-0.00856351949076298,-0.0116338528461046,0.0186811933463966));
#5795=CARTESIAN_POINT('',(-0.00734150026746387,-0.0122022252244593,0.018995301963763));
#5796=CARTESIAN_POINT('',(-0.00609410244850802,-0.0127329913286783,0.0192758701619962));
#5797=CARTESIAN_POINT('',(-0.00478340687173568,-0.0131509418685851,0.0194882555170053));
#5798=CARTESIAN_POINT('',(0.0085,-0.0114972951853576,0.0186811933463966));
#5799=CARTESIAN_POINT('',(0.00789048411844182,-0.0117808101357218,0.0188382842531562));
#5800=CARTESIAN_POINT('',(0.0072752385819817,-0.0120543873521781,0.0189871686002697));
#5801=CARTESIAN_POINT('',(0.00602404472499956,-0.0125638966624138,0.0192589637166561));
#5802=CARTESIAN_POINT('',(0.00538826743535443,-0.0128001096994762,0.0193821148067234));
#5803=CARTESIAN_POINT('',(0.00473736134567593,-0.0130076797130683,0.0194883084791075));
#5804=CARTESIAN_POINT('',(0.00856390060797176,-0.0116346721926371,0.0186811933463966));
#5805=CARTESIAN_POINT('',(0.00795283973624601,-0.0119189057917254,0.0188382606382476));
#5806=CARTESIAN_POINT('',(0.00733532323373746,-0.0121935119691269,0.0189871686002697));
#5807=CARTESIAN_POINT('',(0.0060782442301216,-0.0127054178200628,0.0192589637166561));
#5808=CARTESIAN_POINT('',(0.00543882505607881,-0.0129430160294584,0.0193821126861236));
#5809=CARTESIAN_POINT('',(0.00478339351767598,-0.0131520291812667,0.0194883084791075));
#5810=CARTESIAN_POINT('',(0.00478308003283467,-0.0131510461433573,0.0194883084791075));
#5811=CARTESIAN_POINT('',(0.00609389445152971,-0.0127330801976751,0.0192759169220229));
#5812=CARTESIAN_POINT('',(0.00734139815865923,-0.0122022727359092,0.0189953282117875));
#5813=CARTESIAN_POINT('',(0.00856351949076303,-0.0116338528461047,0.0186811933463966));
#5814=CARTESIAN_POINT('',(0.00300000000028301,0.0212224072921472,0.0105322122540533));
#5815=CARTESIAN_POINT('',(0.00395210562604644,0.0211382939692709,0.0105203680218003));
#5816=CARTESIAN_POINT('',(0.00489659312806111,0.0210141008564445,0.0105028193238512));
#5817=CARTESIAN_POINT('',(0.0067690052970777,0.0206791913220436,0.0104551951415364));
#5818=CARTESIAN_POINT('',(0.00769692389415333,0.0204683601040404,0.010425036508125));
#5819=CARTESIAN_POINT('',(0.00907415271971553,0.0200753556121097,0.0103691776344688));
#5820=CARTESIAN_POINT('',(0.00953020761321001,0.0199316288170663,0.0103488073412349));
#5821=CARTESIAN_POINT('',(0.0104291506777857,0.0196182832662191,0.0103050162877534));
#5822=CARTESIAN_POINT('',(0.0108729001268671,0.0194484048425706,0.0102815409562267));
#5823=CARTESIAN_POINT('',(0.0117477329598081,0.0190792815815196,0.0102321398787007));
#5824=CARTESIAN_POINT('',(0.012178815413555,0.0188800361599619,0.0102062017792392));
#5825=CARTESIAN_POINT('',(0.0128146127712563,0.0185558720792081,0.0101667098852337));
#5826=CARTESIAN_POINT('',(0.013024738278109,0.0184435941159919,0.010153458390723));
#5827=CARTESIAN_POINT('',(0.0134411174673533,0.0182099396679413,0.0101271482340719));
#5828=CARTESIAN_POINT('',(0.0136476858732991,0.018088348656556,0.0101140737374622));
#5829=CARTESIAN_POINT('',(0.0142564249984199,0.0177116126062985,0.0100761541721665));
#5830=CARTESIAN_POINT('',(0.014648873379564,0.0174439110207417,0.0100525021279578));
#5831=CARTESIAN_POINT('',(0.015403945633488,0.0168713977063292,0.0100132466295914));
#5832=CARTESIAN_POINT('',(0.0157664713866359,0.0165664621259871,0.0099977041085569));
#5833=CARTESIAN_POINT('',(0.0162844925188936,0.0160768465554529,0.00998427826306649));
#5834=CARTESIAN_POINT('',(0.0164528967860418,0.0159083032495852,0.00998145779151323));
#5835=CARTESIAN_POINT('',(0.0167804248545256,0.0155596002073792,0.00997966794207212));
#5836=CARTESIAN_POINT('',(0.0169400646651801,0.0153788674823447,0.00998072054053839));
#5837=CARTESIAN_POINT('',(0.0173995284146092,0.0148255255069839,0.00999024505773893));
#5838=CARTESIAN_POINT('',(0.0176809957369934,0.0144409168473875,0.0100051010867208));
#5839=CARTESIAN_POINT('',(0.0181961229774089,0.0136414757953824,0.0100514918629539));
#5840=CARTESIAN_POINT('',(0.0184298398812111,0.0132266754161499,0.0100829356609496));
#5841=CARTESIAN_POINT('',(0.0187457832478341,0.0125825905488969,0.0101423600294141));
#5842=CARTESIAN_POINT('',(0.0188450956102539,0.0123645525151431,0.0101642010358587));
#5843=CARTESIAN_POINT('',(0.01902998256851,0.0119273846128288,0.0102113220841128));
#5844=CARTESIAN_POINT('',(0.0191159313702185,0.0117075236803009,0.0102366663106447));
#5845=CARTESIAN_POINT('',(0.0195153923480168,0.0106023171405105,0.0103720389519142));
#5846=CARTESIAN_POINT('',(0.0197388303705103,0.0096994036002469,0.0105077153342208));
#5847=CARTESIAN_POINT('',(0.019960248780921,0.00832404978483978,0.0107512827023817));
#5848=CARTESIAN_POINT('',(0.0200149462151079,0.00786206934225581,0.01083917644838));
#5849=CARTESIAN_POINT('',(0.0200710399247304,0.00716450632197714,0.0109814057638854));
#5850=CARTESIAN_POINT('',(0.0200854291307154,0.00693070582465254,0.0110306666012135));
#5851=CARTESIAN_POINT('',(0.0201058492038493,0.00646499909505896,0.0111319869896233));
#5852=CARTESIAN_POINT('',(0.0201119089043885,0.00623298363120146,0.0111840624914908));
#5853=CARTESIAN_POINT('',(0.0201186473690748,0.00553935365412327,0.0113445650061509));
#5854=CARTESIAN_POINT('',(0.020108090067938,0.00508015805241016,0.0114573520538547));
#5855=CARTESIAN_POINT('',(0.0200602635071746,0.00416771364815669,0.0116939804360496));
#5856=CARTESIAN_POINT('',(0.0200229210071786,0.00371449436474156,0.0118178984778708));
#5857=CARTESIAN_POINT('',(0.0198706229889298,0.00236381902361769,0.0122063782995546));
#5858=CARTESIAN_POINT('',(0.0197155783254837,0.00147537638324883,0.0124878410279879));
#5859=CARTESIAN_POINT('',(0.0193965175498727,0.000162634034617912,0.0129481668364889));
#5860=CARTESIAN_POINT('',(0.0192752557249978,-0.000272437295013007,0.0131084077738048));
#5861=CARTESIAN_POINT('',(0.0190063318786629,-0.00112143880171634,0.0134372086369005));
#5862=CARTESIAN_POINT('',(0.018858315847614,-0.00153704745998382,0.0136063193282944));
#5863=CARTESIAN_POINT('',(0.0183719001785448,-0.00275824704870814,0.014123516249666));
#5864=CARTESIAN_POINT('',(0.0179918758031742,-0.00353853934828045,0.0144815666985022));
#5865=CARTESIAN_POINT('',(0.0173210643795672,-0.00465824466657927,0.0150192069357897));
#5866=CARTESIAN_POINT('',(0.0170803962831146,-0.00502291291387273,0.0151984625731021));
#5867=CARTESIAN_POINT('',(0.0166904758244839,-0.00555631107287033,0.0154653703837259));
#5868=CARTESIAN_POINT('',(0.016555657932478,-0.00573188497397868,0.015553888839558));
#5869=CARTESIAN_POINT('',(0.0162756120061738,-0.00607822651180821,0.0157300105857692));
#5870=CARTESIAN_POINT('',(0.0161307992770097,-0.00624853208509876,0.0158175342800847));
#5871=CARTESIAN_POINT('',(0.0153902618323304,-0.00707892183854284,0.0162478592815723));
#5872=CARTESIAN_POINT('',(0.0147390023638333,-0.00768317771507072,0.0165721745162691));
#5873=CARTESIAN_POINT('',(0.0133380598131424,-0.00879611433850516,0.0171783338266993));
#5874=CARTESIAN_POINT('',(0.0125882223166982,-0.00930457098425322,0.0174601830213865));
#5875=CARTESIAN_POINT('',(0.0118000000000002,-0.00977709878396369,0.0177231019898873));
#5876=CARTESIAN_POINT('',(0.00301344252468399,0.0213745675287063,0.0105322122540533));
#5877=CARTESIAN_POINT('',(0.00396990749068921,0.0212900690819704,0.010520367917606));
#5878=CARTESIAN_POINT('',(0.00491879562885431,0.0211653067272194,0.0105028193238512));
#5879=CARTESIAN_POINT('',(0.00680059348404071,0.020828718419396,0.0104551951415364));
#5880=CARTESIAN_POINT('',(0.0077334770495388,0.0206167798127642,0.010425036508125));
#5881=CARTESIAN_POINT('',(0.00911875040395959,0.0202214797429903,0.0103691776344688));
#5882=CARTESIAN_POINT('',(0.00957758019308254,0.0200768828941763,0.0103488073412349));
#5883=CARTESIAN_POINT('',(0.010482334732993,0.0197615116311213,0.0103050162877534));
#5884=CARTESIAN_POINT('',(0.0109291138316359,0.0195904797750506,0.0102815409562267));
#5885=CARTESIAN_POINT('',(0.0118102840096194,0.019218682561468,0.0102321398787007));
#5886=CARTESIAN_POINT('',(0.0122447007232449,0.0190179056159326,0.0102062017792392));
#5887=CARTESIAN_POINT('',(0.0128857459485655,0.0186910658867789,0.0101667098852337));
#5888=CARTESIAN_POINT('',(0.0130976605888188,0.0185778333882375,0.010153458390723));
#5889=CARTESIAN_POINT('',(0.0135177010652965,0.0183421243801373,0.0101271482340719));
#5890=CARTESIAN_POINT('',(0.0137261537819166,0.01821942617769,0.0101140737374622));
#5891=CARTESIAN_POINT('',(0.0143406482976581,0.0178391282352513,0.0100761541721665));
#5892=CARTESIAN_POINT('',(0.0147370747923684,0.0175687320541922,0.0100525021279578));
#5893=CARTESIAN_POINT('',(0.0155003263375164,0.0169900170112645,0.0100132466295914));
#5894=CARTESIAN_POINT('',(0.0158671432987617,0.0166814963356746,0.0099977041085569));
#5895=CARTESIAN_POINT('',(0.0163915455639922,0.0161858495400288,0.00998427826306649));
#5896=CARTESIAN_POINT('',(0.0165621054739513,0.0160151517172213,0.00998145779151323));
#5897=CARTESIAN_POINT('',(0.016893896645634,0.0156619099584968,0.00997966794207212));
#5898=CARTESIAN_POINT('',(0.0170556041519703,0.0154788358961791,0.00998072054053839));
#5899=CARTESIAN_POINT('',(0.0175210113668423,0.0149183360788498,0.00999024505773893));
#5900=CARTESIAN_POINT('',(0.0178061201621251,0.014528746178705,0.0100051010867208));
#5901=CARTESIAN_POINT('',(0.0183278077882607,0.0137191238719532,0.0100514918629539));
#5902=CARTESIAN_POINT('',(0.0185644293508186,0.0132991509441133,0.0100829356609496));
#5903=CARTESIAN_POINT('',(0.0188842012541751,0.0126472611889144,0.0101423600294141));
#5904=CARTESIAN_POINT('',(0.0189847001631742,0.0124266149777276,0.0101642010358587));
#5905=CARTESIAN_POINT('',(0.0191717546588524,0.0119843219016481,0.0102113220841128));
#5906=CARTESIAN_POINT('',(0.0192586900681993,0.0117619330875837,0.0102366663106447));
#5907=CARTESIAN_POINT('',(0.0196626446058235,0.0106442940149987,0.0103720389519142));
#5908=CARTESIAN_POINT('',(0.0198882863411372,0.00973209968357574,0.0105077153342208));
#5909=CARTESIAN_POINT('',(0.0201117373313481,0.00834412037610543,0.0107512827023817));
#5910=CARTESIAN_POINT('',(0.0201669013928851,0.00787812099635758,0.01083917644838));
#5911=CARTESIAN_POINT('',(0.0202234543943005,0.00717484637361368,0.0109814057638854));
#5912=CARTESIAN_POINT('',(0.0202379566667122,0.00693919215326844,0.0110306666012135));
#5913=CARTESIAN_POINT('',(0.0202585341459864,0.00646989556881381,0.0111319869896233));
#5914=CARTESIAN_POINT('',(0.0202646382739758,0.00623614454919516,0.0111840624914908));
#5915=CARTESIAN_POINT('',(0.0202714256145234,0.00553748349098867,0.0113445650061509));
#5916=CARTESIAN_POINT('',(0.0202607937367363,0.00507521880662667,0.0114573520538547));
#5917=CARTESIAN_POINT('',(0.0202126467628964,0.00415666149954327,0.0116939804360496));
#5918=CARTESIAN_POINT('',(0.0201750581645416,0.0037004490696284,0.0118178984778708));
#5919=CARTESIAN_POINT('',(0.0200217215904689,0.00234056315729758,0.0122063782995546));
#5920=CARTESIAN_POINT('',(0.0198656053946904,0.00144586447866036,0.0124878410279879));
#5921=CARTESIAN_POINT('',(0.0195441514626943,0.000123275737198675,0.0129481668364889));
#5922=CARTESIAN_POINT('',(0.0194219576419724,-0.000315154658202917,0.0131084077738048));
#5923=CARTESIAN_POINT('',(0.0191508742375742,-0.00117097396137341,0.0134372086369005));
#5924=CARTESIAN_POINT('',(0.0190016290802316,-0.00159004874245966,0.0136063193282944));
#5925=CARTESIAN_POINT('',(0.0185110038353289,-0.00282181693043677,0.014123516249666));
#5926=CARTESIAN_POINT('',(0.0181274951391212,-0.00360939374708895,0.0144815666985022));
#5927=CARTESIAN_POINT('',(0.0174498097815156,-0.00474057290167788,0.0150192069357897));
#5928=CARTESIAN_POINT('',(0.0172065667844716,-0.00510915572579028,0.0151984625731021));
#5929=CARTESIAN_POINT('',(0.0168123661444024,-0.00564840902998215,0.0154653703837259));
#5930=CARTESIAN_POINT('',(0.0166760207210852,-0.00582597305541843,0.015553888839558));
#5931=CARTESIAN_POINT('',(0.0163928112326926,-0.00617622706922354,0.0157300105857692));
#5932=CARTESIAN_POINT('',(0.0162464022919665,-0.00634840776757312,0.0158175342800847));
#5933=CARTESIAN_POINT('',(0.0154978710466577,-0.00718776124078778,0.0162478592815723));
#5934=CARTESIAN_POINT('',(0.0148400923584332,-0.0077979575917665,0.0165721745162691));
#5935=CARTESIAN_POINT('',(0.0134270027169305,-0.00892054410571645,0.0171783338266993));
#5936=CARTESIAN_POINT('',(0.0126715446972575,-0.00943271892985187,0.0174601832997024));
#5937=CARTESIAN_POINT('',(0.0118785411272666,-0.00990811302128044,0.0177231019898873));
#5938=CARTESIAN_POINT('',(0.00300000000028301,0.0212224072905775,0.0105322122540533));
#5939=CARTESIAN_POINT('',(0.00313333476493043,0.0212224072905775,0.0105305664096356));
#5940=CARTESIAN_POINT('',(0.00326666812545996,0.0212224072890078,0.0105288111774502));
#5941=CARTESIAN_POINT('',(0.00340000000000017,0.0212224072890078,0.0105269458271067));
#5942=CARTESIAN_POINT('',(0.00340000000000017,0.0212224072890078,0.0105269458271066));
#5943=CARTESIAN_POINT('',(0.00439883659266547,0.0212182404224497,0.0105108944284074));
#5944=CARTESIAN_POINT('',(0.00623908860118803,0.0209771793870086,0.010476939816294));
#5945=CARTESIAN_POINT('',(0.00897922888354493,0.0203817074605307,0.0103909584901654));
#5946=CARTESIAN_POINT('',(0.0124225548917936,0.0189945968215497,0.0101996780042953));
#5947=CARTESIAN_POINT('',(0.0148531181394925,0.0175794494075358,0.010037507816369));
#5948=CARTESIAN_POINT('',(0.0169684212023878,0.0157359810188488,0.00994895285377393));
#5949=CARTESIAN_POINT('',(0.0186073412350251,0.013416485610471,0.0100486235390763));
#5950=CARTESIAN_POINT('',(0.0196662029248793,0.0108120156237097,0.0103338502942237));
#5951=CARTESIAN_POINT('',(0.0201964726478795,0.00814440016673326,0.0107667126444818));
#5952=CARTESIAN_POINT('',(0.0203132327724875,0.00539565602499758,0.0113570353726689));
#5953=CARTESIAN_POINT('',(0.0200425433474655,0.00186395908080142,0.0123027998284378));
#5954=CARTESIAN_POINT('',(0.0191474383146038,-0.00157752197652166,0.01354332088621));
#5955=CARTESIAN_POINT('',(0.0176183024245947,-0.0045933186358418,0.0149375167566799));
#5956=CARTESIAN_POINT('',(0.0155169341968621,-0.00738975765677857,0.0163336129630731));
#5957=CARTESIAN_POINT('',(0.0134137970773834,-0.0089823049582541,0.0172132010134728));
#5958=CARTESIAN_POINT('',(0.011876140121362,-0.00990410790996708,0.0177231019898873));
#5959=CARTESIAN_POINT('',(0.00439936160989972,0.0212223570905114,0.010510122685069));
#5960=CARTESIAN_POINT('',(-0.192256141810383,0.0256080224544073,0.0129452671736571));
#5961=CARTESIAN_POINT('',(-0.127931129522691,0.0242379661963596,0.0121503805663936));
#5962=CARTESIAN_POINT('',(-0.0636061172349989,0.0228679099383119,0.01135549395913));
#5963=CARTESIAN_POINT('',(0.000718895052692927,0.021497853680264,0.0105606073518664));
#5964=CARTESIAN_POINT('',(0.00272905168668329,0.0214550394222001,0.0105357671453894));
#5965=CARTESIAN_POINT('',(0.0047384198717735,0.0212431060609847,0.0105149009616524));
#5966=CARTESIAN_POINT('',(0.0087080824216709,0.0204129796196179,0.0103956436924948));
#5967=CARTESIAN_POINT('',(0.0106808737768543,0.0197865365669286,0.0103015865490732));
#5968=CARTESIAN_POINT('',(0.0133880497070767,0.0184447417870609,0.0101360976747398));
#5969=CARTESIAN_POINT('',(0.0142618830446025,0.0179209813698571,0.0100777320823861));
#5970=CARTESIAN_POINT('',(0.0158667065735772,0.0167160242798521,0.0099935603312981));
#5971=CARTESIAN_POINT('',(0.0165833531693003,0.0160473234514662,0.00997067776891657));
#5972=CARTESIAN_POINT('',(0.0178514803040561,0.0145160322804356,0.00999743585589856));
#5973=CARTESIAN_POINT('',(0.0183796390549555,0.0136829372094944,0.0100466735847843));
#5974=CARTESIAN_POINT('',(0.0192338389123943,0.0119180833403273,0.010210056495607));
#5975=CARTESIAN_POINT('',(0.019562194115393,0.0109712347496355,0.0103266071750965));
#5976=CARTESIAN_POINT('',(0.0200186162573051,0.00907879443369029,0.010614367575768));
#5977=CARTESIAN_POINT('',(0.0201570331378077,0.00811470051304848,0.0107869747287183));
#5978=CARTESIAN_POINT('',(0.020285393780435,0.00616581929354764,0.0111911441745531));
#5979=CARTESIAN_POINT('',(0.0202757886510216,0.00519921489350502,0.0114195438292901));
#5980=CARTESIAN_POINT('',(0.0200812093688015,0.00234935906418694,0.0121755729267625));
#5981=CARTESIAN_POINT('',(0.0197113661028837,0.000458501622695172,0.0127881993045261));
#5982=CARTESIAN_POINT('',(0.018791302852601,-0.00215942684490998,0.013836265191567));
#5983=CARTESIAN_POINT('',(0.0184199664214858,-0.00301009918137814,0.0142098132885281));
#5984=CARTESIAN_POINT('',(0.0175143270710687,-0.00466443546358201,0.0149793112875829));
#5985=CARTESIAN_POINT('',(0.0169849607799148,-0.00545058636919782,0.0153659757944503));
#5986=CARTESIAN_POINT('',(0.0151615127045993,-0.0076343270595164,0.0164709568292534));
#5987=CARTESIAN_POINT('',(0.0135903380613081,-0.00888195401126906,0.0171586330730573));
#5988=CARTESIAN_POINT('',(0.011876637641183,-0.00990493782140537,0.0177231019898873));
#5989=CARTESIAN_POINT('',(-0.0429617758028182,-0.0426404197457673,0.0357861073284487));
#5990=CARTESIAN_POINT('',(-0.0978001892468195,-0.0753759016701292,0.0538491126670099));
#5991=CARTESIAN_POINT('',(-0.15263860269082,-0.108111383594491,0.0719121180055712));
#5992=CARTESIAN_POINT('',(0.00377700374742162,0.0212973989652809,0.0105202510863435));
#5993=CARTESIAN_POINT('',(0.00377688412112001,0.0212961468724685,0.0105215071661113));
#5994=CARTESIAN_POINT('',(0.00365717745414338,0.0212474396826004,0.0105232762471353));
#5995=CARTESIAN_POINT('',(0.00352923597184898,0.0212224072890078,0.0105251377795913));
#5996=CARTESIAN_POINT('',(0.0034,0.0212224072890078,0.0105269458271067));
#5997=CARTESIAN_POINT('',(0.000731683737126739,0.0231033079372397,0.00895673956874958));
#5998=CARTESIAN_POINT('',(0.00284244108433029,0.0230590067451735,0.00893182327598848));
#5999=CARTESIAN_POINT('',(0.00492612844581681,0.0228408813711682,0.00891116532183967));
#6000=CARTESIAN_POINT('',(0.00908314347771046,0.0219777800150413,0.00879275040145996));
#6001=CARTESIAN_POINT('',(0.011162535123599,0.0213285234290328,0.00869951541627596));
#6002=CARTESIAN_POINT('',(0.0140919264603919,0.0198931955004957,0.00853473317709797));
#6003=CARTESIAN_POINT('',(0.0150594769745873,0.019322813615725,0.00847592131415459));
#6004=CARTESIAN_POINT('',(0.0168807020876501,0.0179690631532973,0.00839018236594349));
#6005=CARTESIAN_POINT('',(0.0177233629601614,0.0171909625516817,0.00836631207476441));
#6006=CARTESIAN_POINT('',(0.0192140086042256,0.0153845328915054,0.00839410634282547));
#6007=CARTESIAN_POINT('',(0.0198285413736113,0.0144001791258639,0.00844529717685704));
#6008=CARTESIAN_POINT('',(0.0208027326715747,0.0123353611992458,0.00861456428891865));
#6009=CARTESIAN_POINT('',(0.0211660376446388,0.0112379627984875,0.00873511926591698));
#6010=CARTESIAN_POINT('',(0.0216544600741594,0.00907466780981754,0.00903228500486577));
#6011=CARTESIAN_POINT('',(0.0217919687982545,0.00798770925441006,0.00921022059553771));
#6012=CARTESIAN_POINT('',(0.0218996691403466,0.00581425984982089,0.00962652761939464));
#6013=CARTESIAN_POINT('',(0.0218715350029843,0.00475049350441126,0.00986185222822787));
#6014=CARTESIAN_POINT('',(0.0216056560412526,0.00162425948836731,0.0106389337377876));
#6015=CARTESIAN_POINT('',(0.0211523385601786,-0.000462536492809256,0.0112698001060622));
#6016=CARTESIAN_POINT('',(0.0200421706414848,-0.00335227758198448,0.0123446414425875));
#6017=CARTESIAN_POINT('',(0.0195969655128794,-0.00428392270572749,0.0127234243074747));
#6018=CARTESIAN_POINT('',(0.0185242679411589,-0.00607981413287885,0.0134953080605503));
#6019=CARTESIAN_POINT('',(0.0179013234319563,-0.00692467569041731,0.0138775877512628));
#6020=CARTESIAN_POINT('',(0.0158014368941018,-0.00923110448474644,0.0149624602593135));
#6021=CARTESIAN_POINT('',(0.0140959694854722,-0.0104905779802083,0.0156295894561607));
#6022=CARTESIAN_POINT('',(0.0123075877394527,-0.0115181999962129,0.0161802942736195));
#6023=CARTESIAN_POINT('',(0.000728842182900418,0.0227465874823185,0.00931310752052464));
#6024=CARTESIAN_POINT('',(0.00281724677104723,0.0227026166763541,0.00928820813359176));
#6025=CARTESIAN_POINT('',(0.00488442094301229,0.0224858671233102,0.00926750391231753));
#6026=CARTESIAN_POINT('',(0.00899980759320777,0.0216300925574318,0.00914890182806322));
#6027=CARTESIAN_POINT('',(0.0110555134168252,0.0209859049753819,0.00905548416519826));
#6028=CARTESIAN_POINT('',(0.0139355300793925,0.0195713594436017,0.00889054491674205));
#6029=CARTESIAN_POINT('',(0.0148822573071253,0.0190113365155233,0.00883183221193233));
#6030=CARTESIAN_POINT('',(0.016655399535742,0.0176906468763918,0.00874644148371458));
#6031=CARTESIAN_POINT('',(0.0174700609371087,0.0169368541220444,0.00872279065881084));
#6032=CARTESIAN_POINT('',(0.0189112645596863,0.0151915582665766,0.0087503546948461));
#6033=CARTESIAN_POINT('',(0.0195066056398452,0.0142408131012112,0.00880111156288137));
#6034=CARTESIAN_POINT('',(0.0204541356978109,0.0122426450430457,0.00896907124750699));
#6035=CARTESIAN_POINT('',(0.0208096750819004,0.0111786977334672,0.00908873649823455));
#6036=CARTESIAN_POINT('',(0.021290987276356,0.00907558471613162,0.0093838124382779));
#6037=CARTESIAN_POINT('',(0.0214286977863104,0.00801592580393534,0.00956056408819299));
#6038=CARTESIAN_POINT('',(0.0215409886994347,0.00589237384413319,0.00997417422901206));
#6039=CARTESIAN_POINT('',(0.0215169715751334,0.00485019618815633,0.0102079601625671));
#6040=CARTESIAN_POINT('',(0.0212669348923085,0.00178537142875784,0.0109803639767117));
#6041=CARTESIAN_POINT('',(0.0208321647848986,-0.000257888410103077,0.0116071775495332));
#6042=CARTESIAN_POINT('',(0.0197642367640429,-0.00308723467856103,0.0126760695726606));
#6043=CARTESIAN_POINT('',(0.0193354447317674,-0.0040008882280269,0.0130536893095497));
#6044=CARTESIAN_POINT('',(0.0182998663021482,-0.00576532711426487,0.0138250429651429));
#6045=CARTESIAN_POINT('',(0.0176977142037962,-0.00659714358479972,0.0142082969306482));
#6046=CARTESIAN_POINT('',(0.0156592503154418,-0.00887631195978902,0.0152976374095425));
#6047=CARTESIAN_POINT('',(0.0139836217989115,-0.0101331532379561,0.0159693320132867));
#6048=CARTESIAN_POINT('',(0.0122118337094421,-0.0111597446777857,0.0165230951151956));
#6049=CARTESIAN_POINT('',(0.000718895052692927,0.021497853680264,0.0105606073518664));
#6050=CARTESIAN_POINT('',(0.00272905168668329,0.0214550394222001,0.0105357671453894));
#6051=CARTESIAN_POINT('',(0.0047384198717735,0.0212431060609847,0.0105149009616524));
#6052=CARTESIAN_POINT('',(0.0087080824216709,0.0204129796196179,0.0103956436924948));
#6053=CARTESIAN_POINT('',(0.0106808737768543,0.0197865365669286,0.0103015865490732));
#6054=CARTESIAN_POINT('',(0.0133880497070767,0.0184447417870609,0.0101360976747398));
#6055=CARTESIAN_POINT('',(0.0142618830446025,0.0179209813698571,0.0100777320823861));
#6056=CARTESIAN_POINT('',(0.0158667065735772,0.0167160242798521,0.0099935603312981));
#6057=CARTESIAN_POINT('',(0.0165833531693003,0.0160473234514662,0.00997067776891657));
#6058=CARTESIAN_POINT('',(0.0178514803040561,0.0145160322804356,0.00999743585589856));
#6059=CARTESIAN_POINT('',(0.0183796390549555,0.0136829372094944,0.0100466735847843));
#6060=CARTESIAN_POINT('',(0.0192338389123943,0.0119180833403273,0.010210056495607));
#6061=CARTESIAN_POINT('',(0.019562194115393,0.0109712347496355,0.0103266071750965));
#6062=CARTESIAN_POINT('',(0.0200186162573051,0.00907879443369029,0.010614367575768));
#6063=CARTESIAN_POINT('',(0.0201570331378077,0.00811470051304848,0.0107869747287183));
#6064=CARTESIAN_POINT('',(0.020285393780435,0.00616581929354764,0.0111911441745531));
#6065=CARTESIAN_POINT('',(0.0202757886510216,0.00519921489350502,0.0114195438292901));
#6066=CARTESIAN_POINT('',(0.0200812093688015,0.00234935906418694,0.0121755729267625));
#6067=CARTESIAN_POINT('',(0.0197113661028837,0.000458501622695172,0.0127881993045261));
#6068=CARTESIAN_POINT('',(0.018791302852601,-0.00215942684490998,0.013836265191567));
#6069=CARTESIAN_POINT('',(0.0184199664214858,-0.00301009918137814,0.0142098132885281));
#6070=CARTESIAN_POINT('',(0.0175143270710687,-0.00466443546358201,0.0149793112875829));
#6071=CARTESIAN_POINT('',(0.0169849607799148,-0.00545058636919782,0.0153659757944503));
#6072=CARTESIAN_POINT('',(0.0151615127045993,-0.0076343270595164,0.0164709568292534));
#6073=CARTESIAN_POINT('',(0.0135903380613081,-0.00888195401126906,0.0171586330730573));
#6074=CARTESIAN_POINT('',(0.011876637641183,-0.00990493782140537,0.0177231019898873));
#6075=CARTESIAN_POINT('',(0.000718767165848589,0.0214817991376943,0.0105766460296976));
#6076=CARTESIAN_POINT('',(0.00272791779270683,0.0214389997489703,0.0105518065840834));
#6077=CARTESIAN_POINT('',(0.00473654278603307,0.0212271283078829,0.0105309383180505));
#6078=CARTESIAN_POINT('',(0.0087043318111105,0.0203973316156637,0.0104116726254052));
#6079=CARTESIAN_POINT('',(0.0106760571633868,0.0197711166983075,0.0103176072604011));
#6080=CARTESIAN_POINT('',(0.0133810109395436,0.0184302572499266,0.0101521113197162));
#6081=CARTESIAN_POINT('',(0.0142539071053027,0.0179069630473985,0.0100937501900685));
#6082=CARTESIAN_POINT('',(0.0158565666184365,0.0167034938911176,0.0100095941109516));
#6083=CARTESIAN_POINT('',(0.0165719530713916,0.016035887060464,0.00998672142585809));
#6084=CARTESIAN_POINT('',(0.0178378550210544,0.0145073472743249,0.0100134691510293));
#6085=CARTESIAN_POINT('',(0.0183651500317689,0.0136757647903307,0.0100626873488635));
#6086=CARTESIAN_POINT('',(0.0192181499748026,0.0119139105617381,0.0102260114176738));
#6087=CARTESIAN_POINT('',(0.0195461556801005,0.010968567469147,0.0103425220541883));
#6088=CARTESIAN_POINT('',(0.0200022578191366,0.00907883569992902,0.0106301884014771));
#6089=CARTESIAN_POINT('',(0.0201406837812033,0.00811597042563486,0.0108027422700501));
#6090=CARTESIAN_POINT('',(0.0202692510268359,0.00616933488798491,0.0112067903401047));
#6091=CARTESIAN_POINT('',(0.020259831187502,0.00520370210739596,0.0114351207453007));
#6092=CARTESIAN_POINT('',(0.020065964902077,0.00235661005994515,0.0121909393186522));
#6093=CARTESIAN_POINT('',(0.0196969563783108,0.000467712003850216,0.0128033832965108));
#6094=CARTESIAN_POINT('',(0.0187787941747122,-0.00214749833753923,0.0138511814290568));
#6095=CARTESIAN_POINT('',(0.0184081964305719,-0.00299736094613464,0.0142246771783386));
#6096=CARTESIAN_POINT('',(0.0175042276623678,-0.00465028167688904,0.0149941513198532));
#6097=CARTESIAN_POINT('',(0.0169757971533944,-0.00543584547598562,0.0153808596748822));
#6098=CARTESIAN_POINT('',(0.0151551134627043,-0.0076183592852641,0.0164860417949528));
#6099=CARTESIAN_POINT('',(0.0135852817470664,-0.00886586777157967,0.0171739235092263));
#6100=CARTESIAN_POINT('',(0.0118723281402003,-0.00988880519965729,0.01773853006705));
#6101=CARTESIAN_POINT('',(0.0044,0.0222224072890078,0.00952060840694204));
#6102=CARTESIAN_POINT('',(0.0044,0.0224253236199652,0.00931994815127246));
#6103=CARTESIAN_POINT('',(0.0044,0.0226282208710731,0.00911926859970565));
#6104=CARTESIAN_POINT('',(0.0044,0.0228311000332173,0.00891857076243494));
#6105=CARTESIAN_POINT('',(0.0044,0.0222224072890078,0.00952060840694205));
#6106=CARTESIAN_POINT('',(0.0044,0.0228311000332173,0.00891857076243494));
#6107=CARTESIAN_POINT('',(0.0044,0.0222224072890078,0.00952060840694205));
#6108=CARTESIAN_POINT('',(0.0044,0.0220366234059587,0.00970432669760904));
#6109=CARTESIAN_POINT('',(0.00430090849933165,0.0216785498552476,0.0100727115675662));
#6110=CARTESIAN_POINT('',(0.00399624311766323,0.0213856483667248,0.0104050745919794));
#6111=CARTESIAN_POINT('',(0.00377778018466841,0.021296511975232,0.0105210320594674));
#6112=CARTESIAN_POINT('',(0.011876637641183,-0.00990493782140537,0.0177231019898873));
#6113=CARTESIAN_POINT('',(0.011988369663936,-0.0103232067735321,0.0173230996983234));
#6114=CARTESIAN_POINT('',(0.0121001016866891,-0.0107414757256589,0.0169230974067595));
#6115=CARTESIAN_POINT('',(0.0122118337094421,-0.0111597446777857,0.0165230951151956));
#6116=CARTESIAN_POINT('',(0.00474588210308811,0.0224347778748237,0.00925956657635269));
#6117=CARTESIAN_POINT('',(0.00463120627350822,0.022450436890077,0.00926167345722241));
#6118=CARTESIAN_POINT('',(0.00444398374830665,0.0225827745740181,0.00915819805872719));
#6119=CARTESIAN_POINT('',(0.00439999999999869,0.0227495167233697,0.00899927690135424));
#6120=CARTESIAN_POINT('',(0.00439999999999869,0.0228311000332173,0.00891857076243507));
#6121=CARTESIAN_POINT('',(0.0122118344845783,-0.0111597442268374,0.0165230948715761));
#6122=CARTESIAN_POINT('',(0.0111081610933091,-0.011801606333596,0.0168696718187103));
#6123=CARTESIAN_POINT('',(0.00997108434511298,-0.0123622584151247,0.0171787207302187));
#6124=CARTESIAN_POINT('',(0.00882769874686604,-0.0128881165234081,0.0174661611179416));
#6125=CARTESIAN_POINT('',(0.0118766376469689,-0.00990493783105718,0.0177231019898875));
#6126=CARTESIAN_POINT('',(0.0108109300538596,-0.0105445930544247,0.018076596195551));
#6127=CARTESIAN_POINT('',(0.00969399384136429,-0.0111070391598833,0.0183905129182354));
#6128=CARTESIAN_POINT('',(0.00856351949102495,-0.0116338528466678,0.0186811933463966));
#6129=CARTESIAN_POINT('',(0.00856351949102495,-0.0116338528466678,0.0186811933463966));
#6130=CARTESIAN_POINT('',(0.00865157924297198,-0.0120519407389146,0.0182761826035783));
#6131=CARTESIAN_POINT('',(0.00873963899491901,-0.0124700286311613,0.01787117186076));
#6132=CARTESIAN_POINT('',(0.00882769874686604,-0.0128881165234081,0.0174661611179416));
#6133=CARTESIAN_POINT('',(0.00882769863195436,-0.0128881165761581,0.0174661611467401));
#6134=CARTESIAN_POINT('',(0.00760110942385635,-0.013450875659202,0.0177736726411328));
#6135=CARTESIAN_POINT('',(0.00632417724918573,-0.0139827073146684,0.0180488321814694));
#6136=CARTESIAN_POINT('',(0.00497063957555029,-0.0144018267090455,0.0182553179625699));
#6137=CARTESIAN_POINT('',(0.00856351949076303,-0.0116338528461047,0.0186811933463966));
#6138=CARTESIAN_POINT('',(0.00735072832306943,-0.0121976688891709,0.0189932023869878));
#6139=CARTESIAN_POINT('',(0.00609811741355173,-0.0127309307391388,0.0192753423511458));
#6140=CARTESIAN_POINT('',(0.00478308003283467,-0.0131510461433573,0.0194883084791075));
#6141=CARTESIAN_POINT('',(0.00478308003283467,-0.0131510461433573,0.0194883084791075));
#6142=CARTESIAN_POINT('',(0.00484559988040654,-0.0135679729985867,0.0190773116402616));
#6143=CARTESIAN_POINT('',(0.00490811972797842,-0.0139848998538161,0.0186663148014157));
#6144=CARTESIAN_POINT('',(0.00497063957555029,-0.0144018267090455,0.0182553179625699));
#6145=CARTESIAN_POINT('',(0.00497063937147878,-0.0144018267721515,0.0182553179937198));
#6146=CARTESIAN_POINT('',(0.00486791032498674,-0.0144336047124771,0.0182710621092107));
#6147=CARTESIAN_POINT('',(0.00476170330909966,-0.0144655771963155,0.0182678243974029));
#6148=CARTESIAN_POINT('',(0.00456231455512681,-0.0145240546574944,0.0182095317499679));
#6149=CARTESIAN_POINT('',(0.00447164665527577,-0.0145498316930572,0.0181531937729554));
#6150=CARTESIAN_POINT('',(0.00432895580510089,-0.0145896682123455,0.0180032791945791));
#6151=CARTESIAN_POINT('',(0.00427614902811104,-0.0146040459435897,0.0179135319918272));
#6152=CARTESIAN_POINT('',(0.00420384160960754,-0.0146236157728415,0.017721215296238));
#6153=CARTESIAN_POINT('',(0.00418571929302109,-0.0146284334767432,0.0176220088783697));
#6154=CARTESIAN_POINT('',(0.00418110052458083,-0.0146296734172101,0.0175197235845086));
#6155=CARTESIAN_POINT('',(0.004783080032304,-0.013151046141645,0.0194883084791075));
#6156=CARTESIAN_POINT('',(0.00454561374948066,-0.0132280900670516,0.0195264165522022));
#6157=CARTESIAN_POINT('',(0.0042616503100303,-0.0133137886330444,0.0195231620225968));
#6158=CARTESIAN_POINT('',(0.0036648898520787,-0.013469418521513,0.019343189321587));
#6159=CARTESIAN_POINT('',(0.00337477832047924,-0.0135309820026522,0.0191507276008051));
#6160=CARTESIAN_POINT('',(0.00297731262128157,-0.0136053213753185,0.0187109760605618));
#6161=CARTESIAN_POINT('',(0.00284715503808322,-0.0136257986405889,0.0184729920393496));
#6162=CARTESIAN_POINT('',(0.0026816420450254,-0.0136516166182412,0.0180157710438578));
#6163=CARTESIAN_POINT('',(0.0026433976530042,-0.0136568364996332,0.0177847664852503));
#6164=CARTESIAN_POINT('',(0.00263446841439457,-0.0136582110512942,0.0175740135162919));
#6165=CARTESIAN_POINT('',(0.00263446841439457,-0.0136582110512942,0.0175740135162919));
#6166=CARTESIAN_POINT('',(0.00315001245112333,-0.0139820318399329,0.0175559168723642));
#6167=CARTESIAN_POINT('',(0.00366555648785208,-0.0143058526285715,0.0175378202284364));
#6168=CARTESIAN_POINT('',(0.00418110052458083,-0.0146296734172101,0.0175197235845086));
#6169=CARTESIAN_POINT('',(0.00418110052472543,-0.0146296734171714,0.0175197235872756));
#6170=CARTESIAN_POINT('',(0.00413111808964839,-0.0146430243181525,0.0164083695135693));
#6171=CARTESIAN_POINT('',(0.00406021630101816,-0.0146618739783507,0.0152983601653912));
#6172=CARTESIAN_POINT('',(0.00386687584289431,-0.014711191174819,0.0130833127331683));
#6173=CARTESIAN_POINT('',(0.0037497889778067,-0.01474105134881,0.0119745933494509));
#6174=CARTESIAN_POINT('',(0.00349043161879723,-0.0148009936997161,0.0103268995649155));
#6175=CARTESIAN_POINT('',(0.00339739632605257,-0.0148224777962337,0.00977882453139548));
#6176=CARTESIAN_POINT('',(0.00315151259504599,-0.0148753360013382,0.00869471073525829));
#6177=CARTESIAN_POINT('',(0.0030067221036711,-0.0149061528571846,0.00815156310657646));
#6178=CARTESIAN_POINT('',(0.00255871245935601,-0.0149892478717141,0.00711651005408862));
#6179=CARTESIAN_POINT('',(0.00222108591497323,-0.0150491577561616,0.00663454006816812));
#6180=CARTESIAN_POINT('',(0.00125786590286719,-0.0151660900437317,0.00594998641560838));
#6181=CARTESIAN_POINT('',(0.000652687377810914,-0.015211812521628,0.00575804017273402));
#6182=CARTESIAN_POINT('',(-0.000581132253777846,-0.0152150945001998,0.00574665085821435));
#6183=CARTESIAN_POINT('',(-0.00118942640068803,-0.0151722652849227,0.00592627216367388));
#6184=CARTESIAN_POINT('',(-0.00217036376522507,-0.0150570316759461,0.00659720588899383));
#6185=CARTESIAN_POINT('',(-0.00251240371509046,-0.0149972163253475,0.00706663201904751));
#6186=CARTESIAN_POINT('',(-0.00297627092981404,-0.0149123722671857,0.00809795403310289));
#6187=CARTESIAN_POINT('',(-0.00312422076861655,-0.0148810205184752,0.00864287155430669));
#6188=CARTESIAN_POINT('',(-0.00337631742703626,-0.0148271886098745,0.00973589291161669));
#6189=CARTESIAN_POINT('',(-0.00347247202746331,-0.0148050858011794,0.0102877317653792));
#6190=CARTESIAN_POINT('',(-0.00373787472159214,-0.0147440043864405,0.0119432855088573));
#6191=CARTESIAN_POINT('',(-0.00385821544037347,-0.0147133667314667,0.0130588594977689));
#6192=CARTESIAN_POINT('',(-0.00405688384760654,-0.014662758126434,0.0152863991938303));
#6193=CARTESIAN_POINT('',(-0.00412993120651169,-0.0146433416371697,0.0164025950771373));
#6194=CARTESIAN_POINT('',(-0.004181262059096,-0.0146296302254281,0.0175202438413347));
#6195=CARTESIAN_POINT('',(0.0026344684144552,-0.0136582110515068,0.0175740135162919));
#6196=CARTESIAN_POINT('',(0.00258753912070081,-0.0136669679272435,0.016477894111242));
#6197=CARTESIAN_POINT('',(0.00252092914674345,-0.0136792809837292,0.0153837076206992));
#6198=CARTESIAN_POINT('',(0.00234059459519038,-0.0137105847176811,0.0132067685189523));
#6199=CARTESIAN_POINT('',(0.00222835238814481,-0.0137294562391268,0.0121146605633612));
#6200=CARTESIAN_POINT('',(0.00199571903295026,-0.0137647064997924,0.0105290967259502));
#6201=CARTESIAN_POINT('',(0.0019089083500896,-0.0137772398052966,0.0100002089088369));
#6202=CARTESIAN_POINT('',(0.00169563801789068,-0.013806315111069,0.00899533590818367));
#6203=CARTESIAN_POINT('',(0.00156881055335304,-0.0138226945829245,0.00850361659243869));
#6204=CARTESIAN_POINT('',(0.00124726625665959,-0.0138629447214018,0.00771811335834656));
#6205=CARTESIAN_POINT('',(0.00106344562691566,-0.0138900147906079,0.00746093550597529));
#6206=CARTESIAN_POINT('',(0.000598874078950301,-0.0139431931639462,0.0071003982880901));
#6207=CARTESIAN_POINT('',(0.000314038531591329,-0.0139640418256157,0.00700263133650416));
#6208=CARTESIAN_POINT('',(-0.000273705244942168,-0.013965537353284,0.00699712835978781));
#6209=CARTESIAN_POINT('',(-0.000559792234659656,-0.0139460453756199,0.00708817922551202));
#6210=CARTESIAN_POINT('',(-0.00103184231555001,-0.0138936375428488,0.00744171433861491));
#6211=CARTESIAN_POINT('',(-0.0012143998593697,-0.0138666880077344,0.00768772197032675));
#6212=CARTESIAN_POINT('',(-0.00154134830413271,-0.0138259423032352,0.00845769326001618));
#6213=CARTESIAN_POINT('',(-0.00167106922047652,-0.0138094153088309,0.00894757480909868));
#6214=CARTESIAN_POINT('',(-0.00188972636927952,-0.0137799236125994,0.00996148314890009));
#6215=CARTESIAN_POINT('',(-0.001979426760446,-0.0137670915021169,0.0104935110799135));
#6216=CARTESIAN_POINT('',(-0.00221717881056632,-0.0137312694433874,0.0120860048600744));
#6217=CARTESIAN_POINT('',(-0.00233262350005325,-0.0137119420237788,0.0131848013162213));
#6218=CARTESIAN_POINT('',(-0.00251789168538467,-0.0136798477977127,0.0153737616753355));
#6219=CARTESIAN_POINT('',(-0.00258649255295477,-0.0136671687817495,0.0164737161130035));
#6220=CARTESIAN_POINT('',(-0.00263467302823322,-0.0136581767550414,0.0175756914801965));
#6221=CARTESIAN_POINT('',(-0.00263467302823322,-0.0136581767550414,0.0175756914801965));
#6222=CARTESIAN_POINT('',(-0.00315020270518748,-0.0139819945785036,0.0175572089339092));
#6223=CARTESIAN_POINT('',(-0.00366573238214175,-0.0143058124019659,0.017538726387622));
#6224=CARTESIAN_POINT('',(-0.004181262059096,-0.0146296302254281,0.0175202438413347));
#6225=CARTESIAN_POINT('',(-0.00418126205903777,-0.0146296302254437,0.0175202438396297));
#6226=CARTESIAN_POINT('',(-0.00418602412311745,-0.014628352091534,0.0176229374925251));
#6227=CARTESIAN_POINT('',(-0.00420451361070755,-0.0146234355067412,0.01772244637099));
#6228=CARTESIAN_POINT('',(-0.00427689533444946,-0.0146038423702311,0.0179143915137514));
#6229=CARTESIAN_POINT('',(-0.00432983135991758,-0.0145894282774669,0.0180039921282901));
#6230=CARTESIAN_POINT('',(-0.00447282408930184,-0.0145494981181059,0.0181536276117467));
#6231=CARTESIAN_POINT('',(-0.00456348772046516,-0.0145237176879706,0.0182100306230308));
#6232=CARTESIAN_POINT('',(-0.00476333673626481,-0.0144650909764398,0.0182678118408784));
#6233=CARTESIAN_POINT('',(-0.00486901304519666,-0.0144332659081983,0.0182709968201677));
#6234=CARTESIAN_POINT('',(-0.00497097572816713,-0.0144017227561422,0.018255266653394));
#6235=CARTESIAN_POINT('',(-0.00263467302829647,-0.0136581767552678,0.0175756914801965));
#6236=CARTESIAN_POINT('',(-0.00264419652745364,-0.0136567256340429,0.0177902182846669));
#6237=CARTESIAN_POINT('',(-0.0026825237293551,-0.0136514497721788,0.0180171632796503));
#6238=CARTESIAN_POINT('',(-0.00284828245657645,-0.0136256185768475,0.0184755060551205));
#6239=CARTESIAN_POINT('',(-0.00297788433818713,-0.0136052566170868,0.0187120555368516));
#6240=CARTESIAN_POINT('',(-0.00337694711634627,-0.0135304748310713,0.0191516473133917));
#6241=CARTESIAN_POINT('',(-0.0036683763908898,-0.0134685327903106,0.0193443158456764));
#6242=CARTESIAN_POINT('',(-0.00426775870041179,-0.013312188289069,0.0195246674563698));
#6243=CARTESIAN_POINT('',(-0.00454760482454769,-0.0132274468477203,0.0195261826606708));
#6244=CARTESIAN_POINT('',(-0.00478340687118488,-0.0131509418669061,0.0194882555170053));
#6245=CARTESIAN_POINT('',(-0.00478340682627688,-0.0131509418814763,0.0194882555242284));
#6246=CARTESIAN_POINT('',(-0.00484592978710077,-0.0135678688417007,0.0190772592349489));
#6247=CARTESIAN_POINT('',(-0.00490845274792466,-0.0139847958019251,0.0186662629456694));
#6248=CARTESIAN_POINT('',(-0.00497097570874855,-0.0144017227621495,0.0182552666563898));
#6249=CARTESIAN_POINT('',(-0.00497097593356806,-0.0144017226926216,0.0182552666220437));
#6250=CARTESIAN_POINT('',(-0.00632447884507096,-0.0139825883127804,0.0180487713650909));
#6251=CARTESIAN_POINT('',(-0.00760128137595783,-0.0134507964014432,0.017773629430813));
#6252=CARTESIAN_POINT('',(-0.00882769863193348,-0.0128881165761677,0.0174661611467453));
#6253=CARTESIAN_POINT('',(-0.00478340687173569,-0.0131509418685851,0.0194882555170053));
#6254=CARTESIAN_POINT('',(-0.00609841251497026,-0.0127308114871339,0.0192752799373647));
#6255=CARTESIAN_POINT('',(-0.00735089835787191,-0.0121975894228155,0.0189931584886239));
#6256=CARTESIAN_POINT('',(-0.00856351949076298,-0.0116338528461046,0.0186811933463966));
#6257=CARTESIAN_POINT('',(-0.00856351949076298,-0.0116338528461046,0.0186811933463966));
#6258=CARTESIAN_POINT('',(-0.00865157920448648,-0.0120519407561256,0.0182761826131796));
#6259=CARTESIAN_POINT('',(-0.00873963891820998,-0.0124700286661467,0.0178711718799625));
#6260=CARTESIAN_POINT('',(-0.00882769863193348,-0.0128881165761677,0.0174661611467453));
#6261=CARTESIAN_POINT('',(-0.00882769874656264,-0.0128881165235474,0.0174661611180176));
#6262=CARTESIAN_POINT('',(-0.00997115243282178,-0.0123622272153067,0.0171787019817269));
#6263=CARTESIAN_POINT('',(-0.0111082368532524,-0.0118015644074734,0.0168696471923948));
#6264=CARTESIAN_POINT('',(-0.0122118344855352,-0.0111597442262807,0.0165230948712753));
#6265=CARTESIAN_POINT('',(-0.00856351949102426,-0.0116338528466663,0.0186811933463966));
#6266=CARTESIAN_POINT('',(-0.00969406555041767,-0.0111070053942722,0.0183904927156563));
#6267=CARTESIAN_POINT('',(-0.0108109991766795,-0.0105445533445705,0.0180765724006531));
#6268=CARTESIAN_POINT('',(-0.011876637646976,-0.00990493783106908,0.0177231019898874));
#6269=CARTESIAN_POINT('',(0.0044,0.0237224072890078,0.013));
#6270=CARTESIAN_POINT('',(0.0044,0.0237224072890078,0.0126));
#6271=CARTESIAN_POINT('',(0.0044,0.0262224072890078,0.0126));
#6272=CARTESIAN_POINT('',(0.0044,0.0222224072890078,0.0126));
#6273=CARTESIAN_POINT('',(0.0044,0.0222224072890078,0.013));
#6274=CARTESIAN_POINT('',(0.0044,0.0228311000332173,0.013));
#6275=CARTESIAN_POINT('',(0.0044,0.0228311000332173,0.001));
#6276=CARTESIAN_POINT('',(0.0044,0.0237224072890078,0.001));
#6277=CARTESIAN_POINT('',(0.0044,0.0262224072890078,0.001));
#6278=CARTESIAN_POINT('',(0.0044,0.0262224072890078,0.013));
#6279=CARTESIAN_POINT('',(-0.0044,0.0237224072684426,0.013));
#6280=CARTESIAN_POINT('',(-0.0044,0.0222224072478774,0.0126));
#6281=CARTESIAN_POINT('',(-0.0044,0.0222224072478774,0.0126));
#6282=CARTESIAN_POINT('',(-0.0044,0.0262224072890078,0.0126));
#6283=CARTESIAN_POINT('',(-0.0044,0.0262224072890078,0.0126));
#6284=CARTESIAN_POINT('',(-0.0044,0.0262224072890078,0.013));
#6285=CARTESIAN_POINT('',(-0.0044,0.0262224072890078,0.001));
#6286=CARTESIAN_POINT('',(-0.0044,0.0228311000332173,0.001));
#6287=CARTESIAN_POINT('',(-0.0044,0.0228311000332173,0.001));
#6288=CARTESIAN_POINT('',(-0.0044,0.0228311000332173,0.00926405365662586));
#6289=CARTESIAN_POINT('',(0.003,0.0237224072890078,0.013));
#6290=CARTESIAN_POINT('',(-0.004,0.0212224072478774,0.013));
#6291=CARTESIAN_POINT('',(-0.004,0.0262224072890078,0.013));
#6292=CARTESIAN_POINT('',(-0.004,0.0222224072478774,0.013));
#6293=CARTESIAN_POINT('',(0.003,0.0222224072478774,0.013));
#6294=CARTESIAN_POINT('',(-0.003,0.0222224072478774,0.013));
#6295=CARTESIAN_POINT('',(-0.003,0.0237224072684426,0.013));
#6296=CARTESIAN_POINT('',(-0.003,0.0262224072890078,0.013));
#6297=CARTESIAN_POINT('',(-2.16840434497101E-18,0.0262224072890078,0.013));
#6298=CARTESIAN_POINT('',(0.003,0.0262224072890078,0.013));
#6299=CARTESIAN_POINT('',(0.003,0.0237224072890078,0.013));
#6300=CARTESIAN_POINT('',(0.003,0.0222224072890078,0.013));
#6301=CARTESIAN_POINT('',(0.003,0.0222224072890078,0.013));
#6302=CARTESIAN_POINT('',(0.004,0.0222224072890078,0.013));
#6303=CARTESIAN_POINT('',(0.004,0.0237224072890078,0.013));
#6304=CARTESIAN_POINT('',(0.004,0.0262224072890078,0.013));
#6305=CARTESIAN_POINT('',(-2.16840434497101E-18,0.0262224072890078,0.013));
#6306=CARTESIAN_POINT('',(0.003,0.0212224072890078,0.013));
#6307=CARTESIAN_POINT('',(0.0034,0.0212224072890078,0.013));
#6308=CARTESIAN_POINT('',(0.0034,0.0212224072890078,0.012));
#6309=CARTESIAN_POINT('',(0.003,0.0212224072890078,0.012));
#6310=CARTESIAN_POINT('',(0.003,0.0212224072890078,0.012));
#6311=CARTESIAN_POINT('',(0.003,0.0212224072890078,0.013));
#6312=CARTESIAN_POINT('',(-0.003,0.0212224072478774,0.013));
#6313=CARTESIAN_POINT('',(-0.003,0.0212224072478774,0.013));
#6314=CARTESIAN_POINT('',(-0.003,0.0212224072478774,0.012));
#6315=CARTESIAN_POINT('',(-0.003,0.0212224072478774,0.012));
#6316=CARTESIAN_POINT('',(-0.0034,0.0212224072478774,0.012));
#6317=CARTESIAN_POINT('',(-0.0034,0.0212224072478774,0.0105100335118151));
#6318=CARTESIAN_POINT('',(-2.16840434497101E-18,0.0262224072890078,0.013));
#6319=CARTESIAN_POINT('',(-2.16840434497101E-18,0.0262224072890078,0.001));
#6320=CARTESIAN_POINT('',(-2.16840434497101E-18,0.0262224072890078,0.0126));
#6321=CARTESIAN_POINT('',(-0.003,0.0237224072684426,0.013));
#6322=CARTESIAN_POINT('',(-0.003,0.0222224072478774,0.012));
#6323=CARTESIAN_POINT('',(-0.003,0.0262224072890078,0.013));
#6324=CARTESIAN_POINT('',(-2.16840434497101E-18,0.0262224072890078,0.013));
#6325=CARTESIAN_POINT('',(0.003,0.0262224072890078,0.013));
#6326=CARTESIAN_POINT('',(0.003,0.0237224072890078,0.013));
#6327=CARTESIAN_POINT('',(0.003,0.0222224072890078,0.012));
#6328=CARTESIAN_POINT('',(-0.00522226844163072,-0.0151246575336573,0.013));
#6329=CARTESIAN_POINT('',(-0.00455696864170653,-0.0134826526607194,0.));
#6330=CARTESIAN_POINT('',(-0.0046563422546409,-0.0137279134539712,-2.38587688782784E-18));
#6331=CARTESIAN_POINT('',(-0.00485124136018617,-0.0142089376194272,0.000216173469421294));
#6332=CARTESIAN_POINT('',(-0.00493397521632013,-0.0144131303682366,0.000735341836178535));
#6333=CARTESIAN_POINT('',(-0.00493397521632013,-0.0144131303682366,0.001));
#6334=CARTESIAN_POINT('',(-0.00629963022198943,-0.0177836592250265,0.0126));
#6335=CARTESIAN_POINT('',(-0.00629963022198943,-0.0177836592250265,0.0126));
#6336=CARTESIAN_POINT('',(-0.00629963022198943,-0.0177836592250265,0.013));
#6337=CARTESIAN_POINT('',(-0.0141292711765775,-0.013673691552095,0.013));
#6338=CARTESIAN_POINT('',(-0.0144555890937819,-0.0144790662271478,0.013));
#6339=CARTESIAN_POINT('',(-0.0144555890937819,-0.0144790662271478,0.0126));
#6340=CARTESIAN_POINT('',(-0.0141292711765775,-0.013673691552095,0.0126));
#6341=CARTESIAN_POINT('',(-0.0129341970133362,-0.0107241677437489,0.001));
#6342=CARTESIAN_POINT('',(-0.0129341970133362,-0.0107241677437489,0.000733738497473757));
#6343=CARTESIAN_POINT('',(-0.0128495912365787,-0.0105153549683198,0.000213669117974472));
#6344=CARTESIAN_POINT('',(-0.0126526127605198,-0.0100291987758943,3.52134806408955E-17));
#6345=CARTESIAN_POINT('',(-0.0125526696199074,-0.00978253234983948,8.09548425922125E-19));
#6346=CARTESIAN_POINT('',(-0.0103776096578857,-0.0161313627260872,0.013));
#6347=CARTESIAN_POINT('',(-0.0103776096578857,-0.0161313627260872,0.0126));
#6348=CARTESIAN_POINT('',(-0.00651980735305226,-0.0145989268294493,0.013));
#6349=CARTESIAN_POINT('',(-0.00759716913341096,-0.0172579285208186,0.013));
#6350=CARTESIAN_POINT('',(-0.0103776096578857,-0.0161313627260872,0.013));
#6351=CARTESIAN_POINT('',(-0.0131580501823604,-0.0150047969313558,0.013));
#6352=CARTESIAN_POINT('',(-0.0128317322651559,-0.014199422256303,0.013));
#6353=CARTESIAN_POINT('',(-0.0137585457733142,-0.0138239003247258,0.0126));
#6354=CARTESIAN_POINT('',(-0.0140848636905186,-0.0146292749997786,0.0126));
#6355=CARTESIAN_POINT('',(-0.0103776096578857,-0.0161313627260872,0.0126));
#6356=CARTESIAN_POINT('',(-0.00667035562525272,-0.0176334504523957,0.0126));
#6357=CARTESIAN_POINT('',(0.00143173023838321,0.00236304506822148,0.0126));
#6358=CARTESIAN_POINT('',(0.0048,0.0228311000332173,0.00463201937902729));
#6359=CARTESIAN_POINT('',(0.0048,0.0228311000332173,0.001));
#6360=CARTESIAN_POINT('',(-0.004,0.0237224072890078,0.0126));
#6361=CARTESIAN_POINT('',(-0.004,0.0222224072478774,0.0126));
#6362=CARTESIAN_POINT('',(-0.004,0.0262224072890078,0.0126));
#6363=CARTESIAN_POINT('',(-2.16840434497101E-18,0.0262224072890078,0.0126));
#6364=CARTESIAN_POINT('',(0.004,0.0262224072890078,0.0126));
#6365=CARTESIAN_POINT('',(0.004,0.0237224072890078,0.0126));
#6366=CARTESIAN_POINT('',(0.004,0.0222224072890078,0.0126));
#6367=CARTESIAN_POINT('',(-0.0048,0.0228311000332173,0.00463202682831293));
#6368=CARTESIAN_POINT('',(-0.0048,0.0228311000332173,0.001));
#6369=CARTESIAN_POINT('',(-0.0034,0.0222224072478774,0.013));
#6370=CARTESIAN_POINT('',(-0.0034,0.0222224072478774,0.012));
#6371=CARTESIAN_POINT('',(-0.0044,0.0222224072478774,0.0126));
#6372=CARTESIAN_POINT('',(-0.0044,0.0222224072478774,0.013));
#6373=CARTESIAN_POINT('',(-0.004,0.0222224072478774,0.013));
#6374=CARTESIAN_POINT('',(-0.0044,0.0220915074327745,0.0125999999999091));
#6375=CARTESIAN_POINT('',(-0.00439999999881832,0.0220391474342103,0.0129999999988183));
#6376=CARTESIAN_POINT('',(-0.00399999999990913,0.0220915074327745,0.013));
#6377=CARTESIAN_POINT('',(-0.00434786453539887,0.021829935515473,0.0125687187212806));
#6378=CARTESIAN_POINT('',(-0.00430817262399904,0.021704804658097,0.0129081726239991));
#6379=CARTESIAN_POINT('',(-0.00396871872128063,0.021829935515473,0.0129478645353989));
#6380=CARTESIAN_POINT('',(-0.00405171358309598,0.0213850980811842,0.0123910281498327));
#6381=CARTESIAN_POINT('',(-0.00395621095867804,0.0213251067842824,0.012556210958678));
#6382=CARTESIAN_POINT('',(-0.00379102814983279,0.0213850980811842,0.0126517135830958));
#6383=CARTESIAN_POINT('',(-0.00366179950900247,0.0212224072478773,0.0121570797054018));
#6384=CARTESIAN_POINT('',(-0.00360943960722964,0.0212225306614674,0.0122094396072299));
#6385=CARTESIAN_POINT('',(-0.00355707970540152,0.0212224072478773,0.0122617995090032));
#6386=CARTESIAN_POINT('',(-0.0034,0.0212224072478773,0.012));
#6387=CARTESIAN_POINT('',(-0.0034,0.0212224072478773,0.012));
#6388=CARTESIAN_POINT('',(-0.0034,0.0212224072478773,0.012));
#6389=CARTESIAN_POINT('',(-0.0034,0.0222224072478774,0.012));
#6390=CARTESIAN_POINT('',(-0.003,0.0222224072478774,0.012));
#6391=CARTESIAN_POINT('',(0.0034,0.0222224072890078,0.013));
#6392=CARTESIAN_POINT('',(0.0034,0.0222224072890078,0.012));
#6393=CARTESIAN_POINT('',(0.004,0.0222224072890078,0.013));
#6394=CARTESIAN_POINT('',(0.0044,0.0222224072890078,0.013));
#6395=CARTESIAN_POINT('',(0.0044,0.0222224072890078,0.0126));
#6396=CARTESIAN_POINT('',(0.00399999999990913,0.0220915074739049,0.013));
#6397=CARTESIAN_POINT('',(0.00439999999881832,0.0220391474753402,0.0129999999988183));
#6398=CARTESIAN_POINT('',(0.0044,0.0220915074739049,0.0125999999999091));
#6399=CARTESIAN_POINT('',(0.00396871872128063,0.0218299355566035,0.0129478645353989));
#6400=CARTESIAN_POINT('',(0.00430817262399904,0.0217048046992276,0.0129081726239991));
#6401=CARTESIAN_POINT('',(0.00434786453539887,0.0218299355566035,0.0125687187212806));
#6402=CARTESIAN_POINT('',(0.00379102814983279,0.0213850981223146,0.0126517135830958));
#6403=CARTESIAN_POINT('',(0.00395621095867804,0.0213251068254128,0.012556210958678));
#6404=CARTESIAN_POINT('',(0.00405171358309598,0.0213850981223146,0.0123910281498327));
#6405=CARTESIAN_POINT('',(0.00355707970540152,0.0212224072890078,0.0122617995090032));
#6406=CARTESIAN_POINT('',(0.00360943960722964,0.0212225307025975,0.0122094396072299));
#6407=CARTESIAN_POINT('',(0.00366179950900247,0.0212224072890078,0.0121570797054018));
#6408=CARTESIAN_POINT('',(0.0034,0.0212224072890078,0.012));
#6409=CARTESIAN_POINT('',(0.0034,0.0212224072890078,0.012));
#6410=CARTESIAN_POINT('',(0.0034,0.0212224072890078,0.012));
#6411=CARTESIAN_POINT('',(0.0034,0.0222224072890078,0.012));
#6412=CARTESIAN_POINT('',(0.003,0.0222224072890078,0.012));
#6413=CARTESIAN_POINT('',(-0.00461046989175809,0.0214439885243364,0.));
#6414=CARTESIAN_POINT('',(-0.00474584854050232,0.0224347824592514,4.23704587765192E-32));
#6415=CARTESIAN_POINT('',(-0.00474584854050232,0.0224347824592514,0.00100000000000001));
#6416=CARTESIAN_POINT('',(-0.00641297246558143,0.0211977008211562,0.));
#6417=CARTESIAN_POINT('',(-0.00660363675816343,0.0221809407173836,-9.07320365255298E-15));
#6418=CARTESIAN_POINT('',(-0.00660363675812063,0.0221809407170977,0.000999999999988764));
#6419=CARTESIAN_POINT('',(-0.00904927131031453,0.0206126013349475,1.59440292630273E-18));
#6420=CARTESIAN_POINT('',(-0.00932836158309948,0.0215777800438575,2.04744596350865E-15));
#6421=CARTESIAN_POINT('',(-0.00932836158310913,0.0215777800439219,0.00100000000000254));
#6422=CARTESIAN_POINT('',(-0.0123828504901595,0.0192883450080832,1.24578961044326E-18));
#6423=CARTESIAN_POINT('',(-0.0128114469662174,0.0201951297760106,-3.84105593842481E-16));
#6424=CARTESIAN_POINT('',(-0.0128114469662156,0.0201951297759985,0.000999999999999525));
#6425=CARTESIAN_POINT('',(-0.0147825795338812,0.0179280218567066,1.31584760278471E-18));
#6426=CARTESIAN_POINT('',(-0.0153469680815052,0.0187599904194402,1.04670556840946E-16));
#6427=CARTESIAN_POINT('',(-0.0153469680815057,0.0187599904194434,0.00100000000000013));
#6428=CARTESIAN_POINT('',(-0.0168838720336318,0.0161818723133647,1.29707562031354E-18));
#6429=CARTESIAN_POINT('',(-0.017607909686571,0.016883873666211,-2.67703778794068E-17));
#6430=CARTESIAN_POINT('',(-0.0176079096865709,0.0168838736662101,0.000999999999999968));
#6431=CARTESIAN_POINT('',(-0.0185590093198402,0.0139936053774334,1.30210555785678E-18));
#6432=CARTESIAN_POINT('',(-0.019424632809011,0.0145110725319751,1.02172103185773E-17));
#6433=CARTESIAN_POINT('',(-0.019424632809011,0.0145110725319753,0.00100000000000001));
#6434=CARTESIAN_POINT('',(-0.0197103708752098,0.011495583814148,1.30075779015497E-18));
#6435=CARTESIAN_POINT('',(-0.0206622798614569,0.0118215240766262,-1.08803732507631E-18));
#6436=CARTESIAN_POINT('',(-0.0206622798614568,0.0118215240766262,0.001));
#6437=CARTESIAN_POINT('',(-0.020355295659246,0.00884663305558796,1.30111892341896E-18));
#6438=CARTESIAN_POINT('',(-0.021347824575546,0.0089999535002687,1.94119462362358E-18));
#6439=CARTESIAN_POINT('',(-0.0213478245755461,0.00899995350026848,0.001));
#6440=CARTESIAN_POINT('',(-0.0205704642993187,0.00610795543784181,1.30102215806482E-18));
#6441=CARTESIAN_POINT('',(-0.0215729792765375,0.00611732719188124,1.12951447247762E-18));
#6442=CARTESIAN_POINT('',(-0.021572979276537,0.00611732719188211,0.001));
#6443=CARTESIAN_POINT('',(-0.0204399531604456,0.00338854245279801,1.3010480862174E-18));
#6444=CARTESIAN_POINT('',(-0.021436720134934,0.00328565534821225,1.3470031283616E-18));
#6445=CARTESIAN_POINT('',(-0.021436720134936,0.00328565534820898,0.001));
#6446=CARTESIAN_POINT('',(-0.0200033683047343,0.000719165497258892,1.30104113896121E-18));
#6447=CARTESIAN_POINT('',(-0.0209810714577421,0.000495644584544849,1.28872865597164E-18));
#6448=CARTESIAN_POINT('',(-0.0209810714577347,0.000495644584557033,0.001));
#6449=CARTESIAN_POINT('',(-0.0192063420045847,-0.00192287501810765,1.3010429998334E-18));
#6450=CARTESIAN_POINT('',(-0.0201439056305869,-0.00228026788633163,1.3043378896475E-18));
#6451=CARTESIAN_POINT('',(-0.0201439056306146,-0.0022802678863771,0.001));
#6452=CARTESIAN_POINT('',(-0.0180484359559328,-0.00437857880478806,1.30104250360082E-18));
#6453=CARTESIAN_POINT('',(-0.0189204902784227,-0.00487952119823449,1.30017542733401E-18));
#6454=CARTESIAN_POINT('',(-0.0189204902783191,-0.00487952119806478,0.001));
#6455=CARTESIAN_POINT('',(-0.0159098831450981,-0.00738191472844538,1.30104266901168E-18));
#6456=CARTESIAN_POINT('',(-0.0166256951195676,-0.00810229898389471,1.30156291477147E-18));
#6457=CARTESIAN_POINT('',(-0.0166256951201177,-0.00810229898479574,0.001));
#6458=CARTESIAN_POINT('',(-0.0137327693798357,-0.00906644162171241,1.30104260698261E-18));
#6459=CARTESIAN_POINT('',(-0.0143164112363977,-0.00988174328453779,1.30104260698409E-18));
#6460=CARTESIAN_POINT('',(-0.014316411233958,-0.00988174328054176,0.001));
#6461=CARTESIAN_POINT('',(-0.0121826048300038,-0.010013118739029,1.30104260698261E-18));
#6462=CARTESIAN_POINT('',(-0.0127037960043976,-0.0108665586957536,1.30104260698261E-18));
#6463=CARTESIAN_POINT('',(-0.0127037960043976,-0.0108665586957535,0.001));
#6464=CARTESIAN_POINT('',(-0.00461046989175809,0.0214439885243364,0.001));
#6465=CARTESIAN_POINT('',(-0.0048,0.0228311000332173,0.001));
#6466=CARTESIAN_POINT('',(-0.0034,0.0228311000332173,0.001));
#6467=CARTESIAN_POINT('',(-0.0034,0.0237224072684426,0.001));
#6468=CARTESIAN_POINT('',(-0.0034,0.0262224072890078,0.001));
#6469=CARTESIAN_POINT('',(-2.16840434497101E-18,0.0262224072890078,0.001));
#6470=CARTESIAN_POINT('',(0.0034,0.0262224072890078,0.001));
#6471=CARTESIAN_POINT('',(0.0034,-0.0138155000000007,0.001));
#6472=CARTESIAN_POINT('',(0.0034,0.0228311000332173,0.001));
#6473=CARTESIAN_POINT('',(0.0048,0.0228311000332173,0.001));
#6474=CARTESIAN_POINT('',(0.0046104698917581,0.0214439885243365,0.001));
#6475=CARTESIAN_POINT('',(0.00474584854050247,0.0224347824592514,0.00100000000000001));
#6476=CARTESIAN_POINT('',(0.00474584854050247,0.0224347824592514,0.));
#6477=CARTESIAN_POINT('',(0.0046104698917581,0.0214439885243365,0.));
#6478=CARTESIAN_POINT('',(0.00606226893295298,0.0222549113401122,0.00099999999999204));
#6479=CARTESIAN_POINT('',(0.00606226893299748,0.0222549113403708,4.75204058902389E-15));
#6480=CARTESIAN_POINT('',(0.00588771512541488,0.0212694701632055,0.));
#6481=CARTESIAN_POINT('',(0.0086538281330812,0.0217417705923238,0.0010000000000037));
#6482=CARTESIAN_POINT('',(0.00865382813306051,0.0217417705922035,-2.20759150904631E-15));
#6483=CARTESIAN_POINT('',(0.00839653283541751,0.0207722563193311,1.90597069525901E-18));
#6484=CARTESIAN_POINT('',(0.0123947526303797,0.0204537534801245,0.000999999999998988));
#6485=CARTESIAN_POINT('',(0.0123947526303853,0.0204537534801575,6.06315653768206E-16));
#6486=CARTESIAN_POINT('',(0.0119904048433089,0.0195333749594562,1.1353582084891E-18));
#6487=CARTESIAN_POINT('',(0.0153972319297214,0.0187501021733487,0.00100000000000013));
#6488=CARTESIAN_POINT('',(0.0153972319297207,0.0187501021733446,-7.38347663591483E-17));
#6489=CARTESIAN_POINT('',(0.0148306536403944,0.0179172883998467,1.32160312864837E-18));
#6490=CARTESIAN_POINT('',(0.0174859247182302,0.0169308546823539,0.000999999999999979));
#6491=CARTESIAN_POINT('',(0.0174859247182303,0.0169308546823547,1.55425765137735E-17));
#6492=CARTESIAN_POINT('',(0.0167700039863304,0.0162265590966138,1.29717054768293E-18));
#6493=CARTESIAN_POINT('',(0.0188465916681723,0.0152968386460979,0.00100000000000001));
#6494=CARTESIAN_POINT('',(0.0188465916681722,0.0152968386460977,-2.87361977228038E-18));
#6495=CARTESIAN_POINT('',(0.0180253810885832,0.014718739173776,1.30207846775689E-18));
#6496=CARTESIAN_POINT('',(0.019904207546949,0.0135169955153118,0.001));
#6497=CARTESIAN_POINT('',(0.019904207546949,0.0135169955153119,3.75815821724369E-18));
#6498=CARTESIAN_POINT('',(0.0190051693618357,0.0130707497974179,1.30077122318514E-18));
#6499=CARTESIAN_POINT('',(0.0209632470160515,0.0109187453000323,0.001));
#6500=CARTESIAN_POINT('',(0.0209632470160515,0.0109187453000323,-1.17502108239008E-19));
#6501=CARTESIAN_POINT('',(0.0199915322751099,0.0106521738406212,1.30119930080253E-18));
#6502=CARTESIAN_POINT('',(0.0215784243932284,0.00755811929706668,0.001));
#6503=CARTESIAN_POINT('',(0.0215784243932284,0.0075581192970667,1.78236699267168E-18));
#6504=CARTESIAN_POINT('',(0.0205747339653784,0.0074874785722239,1.30098928159061E-18));
#6505=CARTESIAN_POINT('',(0.0215114940655073,0.00349731838003275,0.001));
#6506=CARTESIAN_POINT('',(0.0215114940655073,0.00349731838003274,1.17426359963006E-18));
#6507=CARTESIAN_POINT('',(0.0205119608303242,0.00359146297401452,1.30105721088828E-18));
#6508=CARTESIAN_POINT('',(0.0209278517609522,0.000210139080323663,0.001));
#6509=CARTESIAN_POINT('',(0.0209278517609522,0.000210139080323666,1.30140580885811E-18));
#6510=CARTESIAN_POINT('',(0.0199520343815093,0.000445585319175107,1.30104079910796E-18));
#6511=CARTESIAN_POINT('',(0.020063302100082,-0.00239113747237172,0.001));
#6512=CARTESIAN_POINT('',(0.0200633021000819,-0.00239113747237173,1.3257446450772E-18));
#6513=CARTESIAN_POINT('',(0.0191303895135417,-0.00202630425909686,1.30104294037584E-18));
#6514=CARTESIAN_POINT('',(0.0189438938710906,-0.00485979952390738,0.001));
#6515=CARTESIAN_POINT('',(0.0189438938710906,-0.00485979952390735,1.15246717653953E-18));
#6516=CARTESIAN_POINT('',(0.0180705368227022,-0.00436065058254092,1.30104241449787E-18));
#6517=CARTESIAN_POINT('',(0.016926286770393,-0.00773784770878204,0.001));
#6518=CARTESIAN_POINT('',(0.016926286770393,-0.00773784770878223,2.5147112904973E-18));
#6519=CARTESIAN_POINT('',(0.0161918884385091,-0.00704049038559145,1.30104267237909E-18));
#6520=CARTESIAN_POINT('',(0.0137433695653117,-0.0103453751906896,0.001));
#6521=CARTESIAN_POINT('',(0.013743369565312,-0.0103453751906889,7.70519947106271E-19));
#6522=CARTESIAN_POINT('',(0.0131914435609672,-0.00950505345034259,1.30104258945766E-18));
#6523=CARTESIAN_POINT('',(0.0102347179488462,-0.0122723533410458,0.001));
#6524=CARTESIAN_POINT('',(0.0102347179488454,-0.0122723533410484,2.20946456297325E-18));
#6525=CARTESIAN_POINT('',(0.0098018562653337,-0.011370189447769,1.30104261168589E-18));
#6526=CARTESIAN_POINT('',(0.00670687811401774,-0.0138807841592406,0.001));
#6527=CARTESIAN_POINT('',(0.00670687811402088,-0.0138807841592309,-1.80212255710363E-18));
#6528=CARTESIAN_POINT('',(0.00632428197094525,-0.0129545768318614,1.30104260569442E-18));
#6529=CARTESIAN_POINT('',(0.00344017722442217,-0.0149099029107302,0.001));
#6530=CARTESIAN_POINT('',(0.00344017722441292,-0.0149099029107586,1.03707139965968E-17));
#6531=CARTESIAN_POINT('',(0.00321099983758415,-0.0139304942474101,1.30104260714247E-18));
#6532=CARTESIAN_POINT('',(0.000729258281995022,-0.0152448928047038,0.001));
#6533=CARTESIAN_POINT('',(0.000729258282011038,-0.0152448928046545,-1.44037328615057E-17));
#6534=CARTESIAN_POINT('',(0.000674642333290752,-0.0142427411005593,1.30104260695249E-18));
#6535=CARTESIAN_POINT('',(-0.00136320526274701,-0.0151970475997475,0.001));
#6536=CARTESIAN_POINT('',(-0.00136320526280814,-0.0151970475999356,7.16524256617083E-17));
#6537=CARTESIAN_POINT('',(-0.00126417556978465,-0.0141985044681343,1.30104260699071E-18));
#6538=CARTESIAN_POINT('',(-0.0033888903506904,-0.014861488435245,0.001));
#6539=CARTESIAN_POINT('',(-0.0033888903504619,-0.0148614884345417,-2.53991373287573E-16));
#6540=CARTESIAN_POINT('',(-0.00316805576862814,-0.0138842227366036,1.30104260698029E-18));
#6541=CARTESIAN_POINT('',(-0.00466685961294517,-0.0145032911314335,0.001));
#6542=CARTESIAN_POINT('',(-0.00466685961343759,-0.014503291132949,5.50082424324456E-16));
#6543=CARTESIAN_POINT('',(-0.00438387721394809,-0.0135437623206542,1.30104260698261E-18));
#6544=CARTESIAN_POINT('',(-0.00529497145727361,-0.0142988907309218,0.001));
#6545=CARTESIAN_POINT('',(-0.00529497145727361,-0.0142988907309218,1.30104260698261E-18));
#6546=CARTESIAN_POINT('',(-0.00498552384297939,-0.0133479742393162,1.30104260698261E-18));
#6547=MECHANICAL_DESIGN_GEOMETRIC_PRESENTATION_REPRESENTATION('',(#2015),
#6550);
#6548=MECHANICAL_DESIGN_GEOMETRIC_PRESENTATION_REPRESENTATION('',(#2016),
#6551);
#6549=MECHANICAL_DESIGN_GEOMETRIC_PRESENTATION_REPRESENTATION('',(#2017),
#6552);
#6550=(
GEOMETRIC_REPRESENTATION_CONTEXT(3)
GLOBAL_UNCERTAINTY_ASSIGNED_CONTEXT((#6553))
GLOBAL_UNIT_ASSIGNED_CONTEXT((#6562,#6559,#6556))
REPRESENTATION_CONTEXT('Frenulum','TOP_LEVEL_ASSEMBLY_PART')
);
#6551=(
GEOMETRIC_REPRESENTATION_CONTEXT(3)
GLOBAL_UNCERTAINTY_ASSIGNED_CONTEXT((#6554))
GLOBAL_UNIT_ASSIGNED_CONTEXT((#6563,#6560,#6557))
REPRESENTATION_CONTEXT('Corona','TOP_LEVEL_ASSEMBLY_PART')
);
#6552=(
GEOMETRIC_REPRESENTATION_CONTEXT(3)
GLOBAL_UNCERTAINTY_ASSIGNED_CONTEXT((#6555))
GLOBAL_UNIT_ASSIGNED_CONTEXT((#6564,#6561,#6558))
REPRESENTATION_CONTEXT('Insulation','TOP_LEVEL_ASSEMBLY_PART')
);
#6553=UNCERTAINTY_MEASURE_WITH_UNIT(LENGTH_MEASURE(2.E-5),#6562,
'DISTANCE_ACCURACY_VALUE','Maximum Tolerance applied to model');
#6554=UNCERTAINTY_MEASURE_WITH_UNIT(LENGTH_MEASURE(2.E-5),#6563,
'DISTANCE_ACCURACY_VALUE','Maximum Tolerance applied to model');
#6555=UNCERTAINTY_MEASURE_WITH_UNIT(LENGTH_MEASURE(2.85141301681342E-5),
#6564,'DISTANCE_ACCURACY_VALUE','Maximum Tolerance applied to model');
#6556=(
NAMED_UNIT(*)
SI_UNIT($,.STERADIAN.)
SOLID_ANGLE_UNIT()
);
#6557=(
NAMED_UNIT(*)
SI_UNIT($,.STERADIAN.)
SOLID_ANGLE_UNIT()
);
#6558=(
NAMED_UNIT(*)
SI_UNIT($,.STERADIAN.)
SOLID_ANGLE_UNIT()
);
#6559=(
NAMED_UNIT(*)
PLANE_ANGLE_UNIT()
SI_UNIT($,.RADIAN.)
);
#6560=(
NAMED_UNIT(*)
PLANE_ANGLE_UNIT()
SI_UNIT($,.RADIAN.)
);
#6561=(
NAMED_UNIT(*)
PLANE_ANGLE_UNIT()
SI_UNIT($,.RADIAN.)
);
#6562=(
LENGTH_UNIT()
NAMED_UNIT(*)
SI_UNIT($,.METRE.)
);
#6563=(
LENGTH_UNIT()
NAMED_UNIT(*)
SI_UNIT($,.METRE.)
);
#6564=(
LENGTH_UNIT()
NAMED_UNIT(*)
SI_UNIT($,.METRE.)
);
#6565=PRODUCT_DEFINITION_SHAPE('','',#6568);
#6566=PRODUCT_DEFINITION_SHAPE('','',#6569);
#6567=PRODUCT_DEFINITION_SHAPE('','',#6570);
#6568=PRODUCT_DEFINITION('','',#6574,#6571);
#6569=PRODUCT_DEFINITION('','',#6575,#6572);
#6570=PRODUCT_DEFINITION('','',#6576,#6573);
#6571=PRODUCT_DEFINITION_CONTEXT('',#6592,'design');
#6572=PRODUCT_DEFINITION_CONTEXT('',#6593,'design');
#6573=PRODUCT_DEFINITION_CONTEXT('',#6594,'design');
#6574=PRODUCT_DEFINITION_FORMATION_WITH_SPECIFIED_SOURCE('','',#6580,
 .NOT_KNOWN.);
#6575=PRODUCT_DEFINITION_FORMATION_WITH_SPECIFIED_SOURCE('','',#6581,
 .NOT_KNOWN.);
#6576=PRODUCT_DEFINITION_FORMATION_WITH_SPECIFIED_SOURCE('','',#6582,
 .NOT_KNOWN.);
#6577=PRODUCT_RELATED_PRODUCT_CATEGORY('','',(#6580));
#6578=PRODUCT_RELATED_PRODUCT_CATEGORY('','',(#6581));
#6579=PRODUCT_RELATED_PRODUCT_CATEGORY('','',(#6582));
#6580=PRODUCT('Frenulum','Frenulum','Frenulum',(#6586));
#6581=PRODUCT('Corona','Corona','Corona',(#6587));
#6582=PRODUCT('Insulation','Insulation','Insulation',(#6588));
#6583=PRODUCT_CATEGORY('','');
#6584=PRODUCT_CATEGORY('','');
#6585=PRODUCT_CATEGORY('','');
#6586=PRODUCT_CONTEXT('',#6592,'mechanical');
#6587=PRODUCT_CONTEXT('',#6593,'mechanical');
#6588=PRODUCT_CONTEXT('',#6594,'mechanical');
#6589=APPLICATION_PROTOCOL_DEFINITION('international standard',
'ap242_managed_model_based_3d_engineering',2020,#6592);
#6590=APPLICATION_PROTOCOL_DEFINITION('international standard',
'ap242_managed_model_based_3d_engineering',2020,#6593);
#6591=APPLICATION_PROTOCOL_DEFINITION('international standard',
'ap242_managed_model_based_3d_engineering',2020,#6594);
#6592=APPLICATION_CONTEXT('managed model based 3d engineering');
#6593=APPLICATION_CONTEXT('managed model based 3d engineering');
#6594=APPLICATION_CONTEXT('managed model based 3d engineering');
ENDSEC;
END-ISO-10303-21;
